pv_power_kW,ghi_Wm2,temperature_C
39.9586,173.4312,-1.9956
51.0491,221.5673,-2.4280
59.5809,258.5975,-1.2236
63.7580,276.7273,-3.3761
69.6057,302.1081,-5.8640
72.5347,314.8207,-4.8320
76.5974,332.4541,-5.7540
85.1683,369.6540,-3.8599
88.2584,383.0659,-4.1218
97.5993,423.6081,-5.5162
95.7171,415.4386,-2.1624
96.0124,416.7204,-4.0298
106.2241,461.0423,-8.5218
108.1138,469.2441,-4.7877
107.4618,466.4141,-6.6533
104.2832,452.6182,-7.1906
111.1644,482.4844,-9.4328
105.9459,459.8346,-8.0814
113.7165,493.5611,-5.9351
103.4892,449.1717,-7.0880
100.0822,434.3844,-8.1022
92.9269,403.3284,-6.8286
95.9378,416.3965,-6.7497
88.6596,384.8073,-7.9035
87.2267,378.5880,-6.2714
86.0993,373.6949,-8.6420
76.7449,333.0940,-11.8889
71.5195,310.4145,-6.8060
60.2909,261.6791,-9.8705
57.2067,248.2930,-9.9868
48.8164,211.8768,-7.7925
39.8049,172.7643,-9.8657
32.8618,142.6295,-8.8966
23.3838,101.4921,-11.4005
14.5468,63.1371,-10.4488
5.9276,25.7274,-6.3628
0.0000,0.0000,-8.7315
0.0000,0.0000,-11.9010
0.0000,0.0000,-8.8172
0.0000,0.0000,-9.0611
0.0000,0.0000,-8.6704
0.0000,0.0000,-6.7313
0.0000,0.0000,-7.0684
0.0000,0.0000,-5.9432
0.0000,0.0000,-6.9434
0.0000,0.0000,-9.0707
0.0000,0.0000,-7.1825
0.0000,0.0000,-9.3920
0.0000,0.0000,-8.3817
0.0000,0.0000,-7.8788
0.0000,0.0000,-7.3765
0.0000,0.0000,-4.6751
0.0000,0.0000,-5.2411
0.0000,0.0000,-7.6749
0.0000,0.0000,-4.5510
0.0000,0.0000,-6.4706
0.0000,0.0000,-3.5053
0.0000,0.0000,-3.5854
0.0000,0.0000,-4.6556
0.0000,0.0000,-2.8731
0.0000,0.0000,-0.1954
0.0000,0.0000,-4.4680
0.0000,0.0000,-3.8368
0.0000,0.0000,-0.3389
0.0000,0.0000,-0.3431
0.0000,0.0000,-0.2773
0.0000,0.0000,-1.6125
0.0000,0.0000,-2.3257
0.0000,0.0000,-0.8683
0.0000,0.0000,-0.1140
0.0000,0.0000,-0.3019
0.0000,0.0000,-0.5278
0.0000,0.0000,0.9804
0.0000,0.0000,-1.4102
0.0000,0.0000,-0.0040
0.0000,0.0000,1.1563
0.0000,0.0000,-0.7288
0.0000,0.0000,-0.0540
0.0000,0.0000,0.9902
0.0000,0.0000,0.9609
0.0000,0.0000,-0.6140
0.0000,0.0000,0.7884
0.0000,0.0000,1.2057
0.0000,0.0000,2.2403
0.0000,0.0000,-1.5251
0.0000,0.0000,1.2190
0.0000,0.0000,1.1038
0.0000,0.0000,1.0525
0.0000,0.0000,1.4729
0.0000,0.0000,-0.6038
0.0000,0.0000,-1.4807
0.0000,0.0000,-1.2570
4.3265,18.7783,-3.5536
11.6832,50.7085,-1.6994
21.9025,95.0630,-2.8610
31.6863,137.5275,-2.6059
39.1039,169.7216,-2.6903
48.7860,211.7446,-5.0391
52.5732,228.1822,-1.0208
61.5586,267.1812,-1.8482
63.9654,277.6276,-3.4205
72.3252,313.9115,-0.5892
75.1069,325.9849,-2.1834
91.7762,398.3340,-6.1649
98.1987,426.2095,-5.2744
100.0630,434.3014,-5.9303
80.4867,349.3347,-6.4021
95.0705,412.6325,-2.7397
102.4333,444.5889,-5.3108
98.0528,425.5762,-4.0753
102.1610,443.4070,-5.4331
105.2646,456.8776,-6.3196
109.9137,477.0562,-5.7197
100.7153,437.1324,-3.7912
106.4768,462.1389,-6.3742
101.7580,441.6581,-7.8218
99.6260,432.4046,-6.4740
96.0943,417.0759,-6.6227
101.1766,439.1345,-7.2352
89.3246,387.6937,-7.2493
87.5113,379.8232,-8.3670
79.4685,344.9152,-7.8766
75.5535,327.9233,-7.1841
73.6055,319.4682,-6.9893
66.0398,286.6310,-9.5079
55.8773,242.5230,-8.9713
46.3762,201.2858,-6.0315
37.8523,164.2896,-7.4650
33.6619,146.1019,-8.2703
22.6158,98.1589,-9.0884
15.8651,68.8591,-9.3907
5.8300,25.3038,-8.4974
0.0000,0.0000,-10.2758
0.0000,0.0000,-8.5801
0.0000,0.0000,-9.5388
0.0000,0.0000,-10.8693
0.0000,0.0000,-9.6206
0.0000,0.0000,-7.9038
0.0000,0.0000,-6.8931
0.0000,0.0000,-8.0006
0.0000,0.0000,-7.7762
0.0000,0.0000,-7.0255
0.0000,0.0000,-6.4776
0.0000,0.0000,-7.1538
0.0000,0.0000,-5.6776
0.0000,0.0000,-6.0882
0.0000,0.0000,-5.9798
0.0000,0.0000,-5.7833
0.0000,0.0000,-3.3302
0.0000,0.0000,-1.9585
0.0000,0.0000,-3.5570
0.0000,0.0000,-1.2552
0.0000,0.0000,-5.4724
0.0000,0.0000,-7.0717
0.0000,0.0000,-4.6989
0.0000,0.0000,-2.7248
0.0000,0.0000,-1.4931
0.0000,0.0000,-3.9533
0.0000,0.0000,-4.2798
0.0000,0.0000,-0.2323
0.0000,0.0000,-4.2826
0.0000,0.0000,-1.6068
0.0000,0.0000,-3.5607
0.0000,0.0000,-0.9083
0.0000,0.0000,-1.3524
0.0000,0.0000,-2.0551
0.0000,0.0000,-0.0656
0.0000,0.0000,1.0119
0.0000,0.0000,-2.1839
0.0000,0.0000,0.7700
0.0000,0.0000,2.7333
0.0000,0.0000,2.2907
0.0000,0.0000,3.7079
0.0000,0.0000,0.3176
0.0000,0.0000,1.7124
0.0000,0.0000,-0.6709
0.0000,0.0000,2.3748
0.0000,0.0000,-0.9984
0.0000,0.0000,0.3403
0.0000,0.0000,2.9446
0.0000,0.0000,3.0597
0.0000,0.0000,-2.0333
0.0000,0.0000,0.9826
0.0000,0.0000,-2.8297
0.0000,0.0000,-1.8394
0.0000,0.0000,0.4944
0.0000,0.0000,-1.0169
0.0000,0.0000,-0.5477
3.7295,16.1871,0.0787
12.4556,54.0607,-1.0767
21.2677,92.3078,-2.9659
30.7014,133.2524,-2.4846
38.9320,168.9755,-1.9632
49.3342,214.1240,-2.7160
54.0181,234.4534,-5.6712
67.1851,291.6020,-0.0571
71.3799,309.8088,-2.3707
80.4020,348.9672,-3.3481
73.6622,319.7145,-3.1739
79.4945,345.0281,-4.7746
100.7117,437.1168,-2.8093
104.2883,452.6403,-4.3427
108.6130,471.4104,-3.9760
101.6904,441.3645,-6.4206
111.1388,482.3732,-2.5617
110.8960,481.3193,-6.7149
104.8799,455.2078,-7.3411
104.0186,451.4694,-5.9375
107.8931,468.2862,-7.9931
113.7058,493.5150,-6.1582
108.3098,470.0946,-6.0484
109.2531,474.1889,-8.4224
98.8017,428.8269,-10.3746
100.7001,437.0666,-7.5013
100.4316,435.9009,-10.5908
86.0061,373.2903,-9.2668
83.4032,361.9929,-9.0387
79.7575,346.1699,-7.3625
79.1457,343.5141,-6.5888
67.1581,291.4848,-8.0008
65.0941,282.5265,-9.8673
55.9959,243.0379,-7.2840
49.8913,216.5423,-9.7067
39.9145,173.2400,-8.5293
33.2129,144.1532,-6.0186
23.5944,102.4061,-7.3192
13.3579,57.9769,-10.6011
5.9815,25.9612,-9.0080
0.0000,0.0000,-8.4709
0.0000,0.0000,-7.6223
0.0000,0.0000,-8.3977
0.0000,0.0000,-10.8340
0.0000,0.0000,-7.9541
0.0000,0.0000,-7.3399
0.0000,0.0000,-7.8257
0.0000,0.0000,-8.5800
0.0000,0.0000,-6.4217
0.0000,0.0000,-7.3211
0.0000,0.0000,-6.4570
0.0000,0.0000,-5.3533
0.0000,0.0000,-7.0365
0.0000,0.0000,-7.0096
0.0000,0.0000,-4.9096
0.0000,0.0000,-4.4345
0.0000,0.0000,-4.8057
0.0000,0.0000,-6.2678
0.0000,0.0000,-7.4524
0.0000,0.0000,-3.4772
0.0000,0.0000,-3.7118
0.0000,0.0000,-0.1361
0.0000,0.0000,-3.3150
0.0000,0.0000,-2.4347
0.0000,0.0000,-4.0233
0.0000,0.0000,0.2985
0.0000,0.0000,0.1715
0.0000,0.0000,-3.4047
0.0000,0.0000,-1.5481
0.0000,0.0000,-3.8926
0.0000,0.0000,-1.3249
0.0000,0.0000,-2.3531
0.0000,0.0000,0.6386
0.0000,0.0000,-2.3075
0.0000,0.0000,-0.6686
0.0000,0.0000,-0.3637
0.0000,0.0000,-0.1702
0.0000,0.0000,-3.6927
0.0000,0.0000,0.1413
0.0000,0.0000,3.3764
0.0000,0.0000,0.2946
0.0000,0.0000,4.6323
0.0000,0.0000,0.8464
0.0000,0.0000,1.1547
0.0000,0.0000,0.0078
0.0000,0.0000,0.8085
0.0000,0.0000,-0.2438
0.0000,0.0000,0.3898
0.0000,0.0000,-3.2785
0.0000,0.0000,2.4721
0.0000,0.0000,-0.0263
0.0000,0.0000,-1.7586
0.0000,0.0000,-1.4674
0.0000,0.0000,1.4292
0.0000,0.0000,0.9176
0.0000,0.0000,-1.1593
3.8266,16.6084,0.4733
12.9441,56.1808,0.2315
21.6914,94.1468,0.6511
31.9393,138.6255,-0.4642
40.1543,174.2807,-3.4215
46.9292,203.6860,-2.6174
52.8448,229.3610,-4.2441
64.6383,280.5482,-4.3582
60.7930,263.8586,-0.2060
75.2446,326.5825,-3.8867
81.4118,353.3500,-1.7372
87.7690,380.9417,-4.2632
93.5377,405.9797,-6.6100
100.4001,435.7642,-4.1155
100.0531,434.2585,-4.1760
98.3868,427.0262,-4.7265
108.2004,469.6198,-7.8928
110.6001,480.0350,-5.2679
119.6022,519.1069,-4.4366
101.3839,440.0341,-7.1935
113.0395,490.6228,-7.6334
104.2910,452.6518,-7.7399
102.0887,443.0934,-9.1161
112.7119,489.2011,-8.7656
106.7176,463.1840,-7.3031
104.8235,454.9629,-8.6674
111.6645,484.6548,-8.1556
89.0166,386.3569,-8.2546
84.8512,368.2777,-5.6562
80.0659,347.5082,-7.5805
79.8101,346.3980,-11.0195
69.6667,302.3727,-8.8911
64.6011,280.3865,-10.8774
58.7734,255.0927,-8.1090
51.5458,223.7233,-8.3132
37.1455,161.2216,-8.3897
33.3832,144.8925,-10.9599
25.7519,111.7703,-9.0934
15.3890,66.7925,-8.9574
6.0954,26.4558,-8.8045
0.0000,0.0000,-9.5262
0.0000,0.0000,-8.4462
0.0000,0.0000,-6.7806
0.0000,0.0000,-8.8095
0.0000,0.0000,-6.2044
0.0000,0.0000,-6.6544
0.0000,0.0000,-7.6110
0.0000,0.0000,-7.6806
0.0000,0.0000,-8.3563
0.0000,0.0000,-3.8932
0.0000,0.0000,-7.7568
0.0000,0.0000,-4.4533
0.0000,0.0000,-7.1751
0.0000,0.0000,-8.2729
0.0000,0.0000,-7.4644
0.0000,0.0000,-5.7040
0.0000,0.0000,-3.0131
0.0000,0.0000,-3.5438
0.0000,0.0000,-4.7716
0.0000,0.0000,-6.0559
0.0000,0.0000,-3.7951
0.0000,0.0000,-3.2840
0.0000,0.0000,-4.3488
0.0000,0.0000,-4.0040
0.0000,0.0000,-3.7068
0.0000,0.0000,-0.3068
0.0000,0.0000,-3.3799
0.0000,0.0000,-2.6617
0.0000,0.0000,-1.2404
0.0000,0.0000,1.0543
0.0000,0.0000,-1.9202
0.0000,0.0000,-0.3193
0.0000,0.0000,0.4786
0.0000,0.0000,-0.5510
0.0000,0.0000,-2.1470
0.0000,0.0000,0.0629
0.0000,0.0000,-0.4911
0.0000,0.0000,0.4149
0.0000,0.0000,4.3650
0.0000,0.0000,-0.0443
0.0000,0.0000,1.8077
0.0000,0.0000,1.7350
0.0000,0.0000,1.7984
0.0000,0.0000,2.1752
0.0000,0.0000,2.5552
0.0000,0.0000,3.0177
0.0000,0.0000,0.6618
0.0000,0.0000,2.6689
0.0000,0.0000,1.3379
0.0000,0.0000,0.7330
0.0000,0.0000,0.8613
0.0000,0.0000,-1.6002
0.0000,0.0000,1.2536
0.0000,0.0000,-0.3491
0.0000,0.0000,0.2961
0.0000,0.0000,-0.4285
4.4533,19.3285,-0.2293
13.5737,58.9135,0.8624
22.5296,97.7848,-2.0512
28.2449,122.5906,-2.1053
43.2694,187.8014,-1.5507
52.9495,229.8154,-3.9127
56.7996,246.5260,-2.7918
65.2702,283.2909,-1.9792
64.2937,279.0526,-1.3493
75.4918,327.6556,-0.2067
74.5169,323.4241,-4.3373
88.5191,384.1977,-3.9869
85.3707,370.5324,-1.7865
102.8122,446.2335,-3.7650
103.5851,449.5882,-3.9332
111.4701,483.8113,-4.6328
105.3939,457.4388,-3.0860
119.3238,517.8985,-5.6195
110.0491,477.6436,-6.8871
105.7079,458.8015,-6.8328
107.0686,464.7077,-10.0879
114.3224,496.1908,-5.5513
102.0871,443.0862,-7.0675
99.1788,430.4634,-4.9937
102.6455,445.5098,-7.4473
88.8440,385.6076,-8.0821
91.6041,397.5873,-8.3405
96.6407,419.4474,-8.9662
95.6402,415.1048,-6.8953
79.9118,346.8394,-7.3891
81.3214,352.9576,-7.6188
68.7179,298.2550,-6.7107
72.0109,312.5475,-9.8155
57.6404,250.1755,-9.8332
48.4405,210.2451,-8.2731
39.9958,173.5930,-8.9779
36.4354,158.1397,-8.2976
24.6322,106.9107,-8.0211
15.3282,66.5288,-11.4122
6.7241,29.1843,-9.5808
0.0000,0.0000,-10.6204
0.0000,0.0000,-8.3501
0.0000,0.0000,-6.0456
0.0000,0.0000,-6.8185
0.0000,0.0000,-8.5412
0.0000,0.0000,-7.1310
0.0000,0.0000,-5.7041
0.0000,0.0000,-8.6497
0.0000,0.0000,-6.7466
0.0000,0.0000,-8.0743
0.0000,0.0000,-7.0342
0.0000,0.0000,-5.9146
0.0000,0.0000,-5.2946
0.0000,0.0000,-4.4404
0.0000,0.0000,-6.4092
0.0000,0.0000,-7.5013
0.0000,0.0000,-5.9478
0.0000,0.0000,-4.9979
0.0000,0.0000,-4.4895
0.0000,0.0000,-2.7847
0.0000,0.0000,-6.2870
0.0000,0.0000,-1.3740
0.0000,0.0000,-3.8225
0.0000,0.0000,-3.4591
0.0000,0.0000,-2.0851
0.0000,0.0000,-0.7995
0.0000,0.0000,-2.4273
0.0000,0.0000,-1.8481
0.0000,0.0000,-0.3607
0.0000,0.0000,-0.0753
0.0000,0.0000,-0.7904
0.0000,0.0000,0.7191
0.0000,0.0000,1.0804
0.0000,0.0000,2.9396
0.0000,0.0000,1.6769
0.0000,0.0000,1.1244
0.0000,0.0000,-0.5576
0.0000,0.0000,0.2462
0.0000,0.0000,1.9724
0.0000,0.0000,1.0082
0.0000,0.0000,4.4826
0.0000,0.0000,1.2535
0.0000,0.0000,2.6634
0.0000,0.0000,1.9953
0.0000,0.0000,3.4980
0.0000,0.0000,1.4911
0.0000,0.0000,0.9089
0.0000,0.0000,1.4339
0.0000,0.0000,3.2981
0.0000,0.0000,0.4163
0.0000,0.0000,2.4515
0.0000,0.0000,1.4284
0.0000,0.0000,-0.0683
0.0000,0.0000,-0.0198
0.0000,0.0000,-0.2450
0.0000,0.0000,-1.8373
4.9099,21.3103,-1.6870
11.8949,51.6273,-1.6138
24.7403,107.3796,0.6064
35.3758,153.5409,0.2984
34.0081,147.6045,2.0827
43.2919,187.8989,-0.1084
60.1500,261.0675,-1.0944
66.0821,286.8148,-1.1081
70.2264,304.8023,-2.6535
74.9568,325.3335,-5.4177
77.3712,335.8124,-4.8565
94.7254,411.1347,-2.1492
87.0706,377.9104,-2.4426
95.4995,414.4944,-3.3556
101.1562,439.0458,-6.5074
105.6494,458.5477,-7.2187
106.1418,460.6849,-4.3191
116.8896,507.3333,-5.2731
110.3290,478.8584,-4.9522
110.5040,479.6179,-7.1181
101.2166,439.3080,-3.7293
105.2771,456.9318,-7.7092
106.6723,462.9873,-5.0259
108.4880,470.8680,-8.4035
97.0260,421.1198,-6.9245
103.7307,450.2202,-7.8908
97.8890,424.8656,-8.0410
105.5675,458.1921,-8.8473
88.2034,382.8274,-4.3143
91.3878,396.6485,-5.8215
80.1294,347.7841,-6.0305
70.3723,305.4352,-9.4609
61.9889,269.0490,-10.5192
54.6467,237.1818,-8.4070
50.5860,219.5574,-7.5606
42.5494,184.6760,-7.0015
36.5840,158.7846,-8.2252
24.6030,106.7836,-8.0055
16.2775,70.6487,-10.1919
6.1269,26.5924,-8.9245
0.0000,0.0000,-9.7866
0.0000,0.0000,-6.9514
0.0000,0.0000,-10.1116
0.0000,0.0000,-6.5184
0.0000,0.0000,-4.7048
0.0000,0.0000,-7.7230
0.0000,0.0000,-7.6202
0.0000,0.0000,-6.5507
0.0000,0.0000,-8.5682
0.0000,0.0000,-9.9047
0.0000,0.0000,-8.5526
0.0000,0.0000,-6.0487
0.0000,0.0000,-6.3628
0.0000,0.0000,-5.9424
0.0000,0.0000,-4.3885
0.0000,0.0000,-5.0598
0.0000,0.0000,-6.1499
0.0000,0.0000,-5.0916
0.0000,0.0000,-3.7016
0.0000,0.0000,-4.1385
0.0000,0.0000,-2.2249
0.0000,0.0000,-3.5642
0.0000,0.0000,-1.1158
0.0000,0.0000,-2.8627
0.0000,0.0000,-4.1573
0.0000,0.0000,-3.1608
0.0000,0.0000,-1.8553
0.0000,0.0000,-1.7480
0.0000,0.0000,-1.2570
0.0000,0.0000,-2.4849
0.0000,0.0000,-2.6244
0.0000,0.0000,1.7391
0.0000,0.0000,-0.6383
0.0000,0.0000,0.1285
0.0000,0.0000,-0.8070
0.0000,0.0000,-0.2786
0.0000,0.0000,0.7173
0.0000,0.0000,1.2861
0.0000,0.0000,2.1900
0.0000,0.0000,-2.9499
0.0000,0.0000,-1.0744
0.0000,0.0000,-0.7050
0.0000,0.0000,1.9157
0.0000,0.0000,0.2708
0.0000,0.0000,0.3269
0.0000,0.0000,-1.0828
0.0000,0.0000,1.0805
0.0000,0.0000,1.2296
0.0000,0.0000,2.7708
0.0000,0.0000,0.8400
0.0000,0.0000,0.1008
0.0000,0.0000,0.3712
0.0000,0.0000,-1.5814
0.0000,0.0000,2.5104
0.0000,0.0000,-0.8906
0.0000,0.0000,-1.0029
4.8783,21.1733,-1.0500
13.3387,57.8936,0.5562
24.5276,106.4567,1.5324
30.0775,130.5446,-0.3859
44.8657,194.7295,-1.0448
48.7152,211.4377,-3.5589
59.8421,259.7314,-2.8215
65.2026,282.9976,-0.3639
74.1921,322.0145,-3.5907
83.2617,361.3788,-3.2582
88.8831,385.7775,-2.2626
99.0516,429.9115,-4.3879
93.0760,403.9758,-3.3467
99.9972,434.0158,-3.2692
98.6987,428.3797,-5.6611
92.0141,399.3666,-1.6408
105.2131,456.6542,-5.4589
113.7529,493.7193,-4.0661
108.8010,472.2264,-5.2392
121.0219,525.2685,-5.2246
114.9572,498.9463,-4.4894
101.6974,441.3951,-5.9279
105.5092,457.9394,-5.9139
107.2066,465.3063,-6.5831
106.1178,460.5808,-3.3826
91.0872,395.3437,-6.3788
105.3845,457.3980,-6.7066
87.0064,377.6320,-8.2205
85.9426,373.0148,-7.1969
85.6055,371.5517,-10.0278
83.3095,361.5862,-9.2837
71.5795,310.6747,-9.6616
64.2735,278.9648,-7.9499
56.0355,243.2098,-7.5700
54.9508,238.5018,-9.3063
44.1881,191.7888,-10.8665
30.5510,132.5998,-6.8557
28.6685,124.4291,-9.5853
17.4560,75.7640,-5.6977
7.3892,32.0714,-7.1174
0.0000,0.0000,-7.4117
0.0000,0.0000,-9.7116
0.0000,0.0000,-8.6243
0.0000,0.0000,-7.1894
0.0000,0.0000,-7.9471
0.0000,0.0000,-9.6195
0.0000,0.0000,-8.7916
0.0000,0.0000,-7.6328
0.0000,0.0000,-5.0150
0.0000,0.0000,-8.5826
0.0000,0.0000,-4.9619
0.0000,0.0000,-6.8672
0.0000,0.0000,-6.8079
0.0000,0.0000,-3.1342
0.0000,0.0000,-6.3963
0.0000,0.0000,-5.1455
0.0000,0.0000,-4.5590
0.0000,0.0000,-5.4241
0.0000,0.0000,-3.6318
0.0000,0.0000,-5.8315
0.0000,0.0000,-3.7909
0.0000,0.0000,-0.9307
0.0000,0.0000,-4.0003
0.0000,0.0000,-4.2717
0.0000,0.0000,-1.3064
0.0000,0.0000,-2.2926
0.0000,0.0000,-3.1532
0.0000,0.0000,-1.8779
0.0000,0.0000,0.1208
0.0000,0.0000,1.2673
0.0000,0.0000,-0.7379
0.0000,0.0000,-4.0892
0.0000,0.0000,0.8912
0.0000,0.0000,0.1101
0.0000,0.0000,-2.1267
0.0000,0.0000,1.5991
0.0000,0.0000,1.0209
0.0000,0.0000,1.4344
0.0000,0.0000,-1.5529
0.0000,0.0000,-0.1169
0.0000,0.0000,1.3809
0.0000,0.0000,-0.3694
0.0000,0.0000,1.8508
0.0000,0.0000,1.5043
0.0000,0.0000,0.0090
0.0000,0.0000,-0.3685
0.0000,0.0000,1.8625
0.0000,0.0000,-2.3901
0.0000,0.0000,2.0087
0.0000,0.0000,1.0162
0.0000,0.0000,0.5954
0.0000,0.0000,-0.2342
0.0000,0.0000,-0.1436
0.0000,0.0000,0.5917
0.0000,0.0000,0.7018
0.0000,0.0000,-0.4281
5.1611,22.4004,-0.3308
16.5163,71.6852,-0.0048
22.4447,97.4162,1.0169
29.0378,126.0319,0.4071
44.8366,194.6035,0.4802
52.1221,226.2246,-1.3266
57.7923,250.8347,-2.9960
67.3533,292.3322,-2.5348
66.4526,288.4228,-1.7104
72.0153,312.5663,-2.6281
82.3888,357.5905,-2.3087
90.4266,392.4767,-3.5936
99.5968,432.2780,0.2445
99.3095,431.0309,-3.6753
103.2226,448.0147,-4.7356
112.4624,488.1181,-6.1251
115.2284,500.1232,-5.1110
105.0226,455.8274,-3.3016
103.7714,450.3965,-6.3104
114.5038,496.9784,-6.2097
108.4563,470.7303,-7.5235
108.3551,470.2912,-4.5920
115.6556,501.9773,-7.3311
107.2775,465.6144,-8.2921
97.7226,424.1431,-5.3939
103.1514,447.7056,-6.9741
101.6949,441.3839,-8.3190
86.6528,376.0973,-7.6076
84.0651,364.8660,-8.9866
84.8793,368.3996,-7.5983
81.0713,351.8719,-6.5947
70.8126,307.3463,-7.3656
64.5308,280.0817,-9.9313
57.3998,249.1310,-11.8028
48.5971,210.9248,-8.7329
42.6397,185.0683,-7.5650
34.8426,151.2266,-9.0292
26.0863,113.2217,-10.0323
15.7364,68.3004,-7.3850
7.8995,34.2859,-8.8790
0.0000,0.0000,-8.4986
0.0000,0.0000,-7.1746
0.0000,0.0000,-9.8398
0.0000,0.0000,-6.6988
0.0000,0.0000,-8.1267
0.0000,0.0000,-7.6921
0.0000,0.0000,-8.9976
0.0000,0.0000,-5.9363
0.0000,0.0000,-6.8910
0.0000,0.0000,-10.9914
0.0000,0.0000,-7.6648
0.0000,0.0000,-5.6509
0.0000,0.0000,-6.3460
0.0000,0.0000,-3.4329
0.0000,0.0000,-3.0933
0.0000,0.0000,-5.1339
0.0000,0.0000,-5.3030
0.0000,0.0000,-1.3589
0.0000,0.0000,-4.1077
0.0000,0.0000,-3.9015
0.0000,0.0000,-4.5738
0.0000,0.0000,-4.4265
0.0000,0.0000,-3.9049
0.0000,0.0000,-3.3084
0.0000,0.0000,-4.4552
0.0000,0.0000,-4.2897
0.0000,0.0000,-1.6028
0.0000,0.0000,-1.8922
0.0000,0.0000,-0.6611
0.0000,0.0000,-3.6748
0.0000,0.0000,-0.8362
0.0000,0.0000,-0.0233
0.0000,0.0000,-0.5829
0.0000,0.0000,1.7334
0.0000,0.0000,3.1787
0.0000,0.0000,-0.5451
0.0000,0.0000,-2.0144
0.0000,0.0000,1.2452
0.0000,0.0000,-1.3922
0.0000,0.0000,0.3702
0.0000,0.0000,3.6081
0.0000,0.0000,0.8613
0.0000,0.0000,-1.9104
0.0000,0.0000,1.0327
0.0000,0.0000,1.1633
0.0000,0.0000,1.0122
0.0000,0.0000,1.5704
0.0000,0.0000,-0.3715
0.0000,0.0000,1.0419
0.0000,0.0000,2.1571
0.0000,0.0000,2.4093
0.0000,0.0000,-0.0741
0.0000,0.0000,-1.0253
0.0000,0.0000,0.4677
0.0000,0.0000,0.1341
0.0000,0.0000,-0.7037
5.1825,22.4936,-1.6458
13.5690,58.8931,1.1111
22.3894,97.1762,2.0669
33.7062,146.2945,0.6389
44.0072,191.0034,-1.3995
49.5207,214.9335,-1.5145
59.1349,256.6619,-4.2338
57.6030,250.0128,-0.3684
66.2015,287.3331,-2.8466
76.1968,330.7154,-3.0111
89.5158,388.5233,-0.7783
87.4742,379.6622,-5.7226
98.7587,428.6401,-1.1011
94.4099,409.7651,-3.8911
96.7547,419.9424,-3.5410
104.6724,454.3071,-3.6805
104.5854,453.9297,-4.9830
106.9183,464.0551,-5.5198
114.2669,495.9500,-5.8811
109.1450,473.7197,-3.9762
110.6933,480.4398,-5.3529
103.4993,449.2158,-8.0932
120.7824,524.2293,-3.2213
110.9797,481.6826,-9.5228
100.4963,436.1818,-7.9913
99.4841,431.7886,-10.2526
92.4618,401.3098,-7.1324
89.3545,387.8233,-11.4772
95.4619,414.3311,-4.9171
86.8007,376.7390,-8.7068
90.6828,393.5886,-10.3983
74.1430,321.8011,-6.6304
66.5417,288.8093,-8.9416
56.9502,247.1797,-7.4960
51.5940,223.9323,-8.5256
42.3313,183.7295,-11.1733
32.2903,140.1490,-9.5051
27.4977,119.3474,-11.7173
17.5265,76.0698,-8.1468
7.4967,32.5376,-7.6467
0.0000,0.0000,-7.5207
0.0000,0.0000,-8.5551
0.0000,0.0000,-8.4362
0.0000,0.0000,-7.1185
0.0000,0.0000,-6.8707
0.0000,0.0000,-7.7099
0.0000,0.0000,-5.8051
0.0000,0.0000,-8.4430
0.0000,0.0000,-8.5175
0.0000,0.0000,-7.7613
0.0000,0.0000,-5.1386
0.0000,0.0000,-5.2147
0.0000,0.0000,-6.9867
0.0000,0.0000,-4.5353
0.0000,0.0000,-3.6545
0.0000,0.0000,-4.6045
0.0000,0.0000,-4.8583
0.0000,0.0000,-4.7445
0.0000,0.0000,-5.1899
0.0000,0.0000,-5.0401
0.0000,0.0000,-6.3649
0.0000,0.0000,-3.1956
0.0000,0.0000,-1.8830
0.0000,0.0000,-4.9603
0.0000,0.0000,-3.3841
0.0000,0.0000,-0.6730
0.0000,0.0000,-2.0078
0.0000,0.0000,-0.3599
0.0000,0.0000,-0.9346
0.0000,0.0000,1.2944
0.0000,0.0000,-5.0099
0.0000,0.0000,2.4730
0.0000,0.0000,0.3256
0.0000,0.0000,1.4454
0.0000,0.0000,1.1568
0.0000,0.0000,2.2232
0.0000,0.0000,1.3943
0.0000,0.0000,0.9215
0.0000,0.0000,0.0529
0.0000,0.0000,0.4241
0.0000,0.0000,0.0715
0.0000,0.0000,1.3798
0.0000,0.0000,0.9409
0.0000,0.0000,2.7025
0.0000,0.0000,0.4884
0.0000,0.0000,-0.5540
0.0000,0.0000,0.7184
0.0000,0.0000,1.7733
0.0000,0.0000,2.5815
0.0000,0.0000,1.7959
0.0000,0.0000,1.4930
0.0000,0.0000,-2.6983
0.0000,0.0000,2.9398
0.0000,0.0000,2.0810
0.0000,0.0000,0.5753
0.0000,0.0000,-0.6917
5.5692,24.1717,1.8169
14.1647,61.4787,-0.2269
21.5434,93.5042,-3.9249
29.9462,129.9747,-1.5088
39.8970,173.1643,1.2752
49.9576,216.8297,-0.2587
60.2958,261.7005,-1.6037
60.1353,261.0038,-4.1269
72.6494,315.3185,-3.4624
82.6475,358.7129,-4.2121
79.0774,343.2180,-1.7932
92.0836,399.6683,-3.8926
94.0720,408.2984,-4.9067
95.2425,413.3788,-4.0734
86.6452,376.0641,-4.3426
109.9999,477.4301,-4.4078
107.8784,468.2224,-3.8769
116.8682,507.2404,-3.9376
113.8872,494.3021,-5.2875
115.6135,501.7946,-6.1460
112.4706,488.1534,-3.5799
101.6588,441.2275,-5.9342
111.1570,482.4523,-6.0813
117.6714,510.7263,-9.1015
105.1268,456.2795,-9.4038
112.7263,489.2635,-7.1313
91.7401,398.1775,-8.2948
93.0670,403.9365,-5.6383
84.1714,365.3271,-7.3638
90.3764,392.2586,-5.5170
75.1065,325.9829,-9.9092
74.4966,323.3358,-6.6571
64.4677,279.8076,-8.0055
65.6171,284.7967,-10.7189
56.8267,246.6436,-8.3505
41.8701,181.7278,-8.6633
29.9350,129.9261,-6.1033
25.3252,109.9186,-9.0366
15.2002,65.9729,-7.6674
7.0191,30.4647,-8.0228
0.0000,0.0000,-7.5943
0.0000,0.0000,-9.1003
0.0000,0.0000,-5.3163
0.0000,0.0000,-6.8082
0.0000,0.0000,-9.1682
0.0000,0.0000,-5.3346
0.0000,0.0000,-7.8398
0.0000,0.0000,-9.0383
0.0000,0.0000,-5.6155
0.0000,0.0000,-7.4053
0.0000,0.0000,-7.1023
0.0000,0.0000,-3.0317
0.0000,0.0000,-6.4410
0.0000,0.0000,-4.4986
0.0000,0.0000,-6.2909
0.0000,0.0000,-2.8813
0.0000,0.0000,-7.4974
0.0000,0.0000,-5.4059
0.0000,0.0000,-7.0112
0.0000,0.0000,-5.5472
0.0000,0.0000,-3.3821
0.0000,0.0000,-3.6870
0.0000,0.0000,-2.5920
0.0000,0.0000,0.5366
0.0000,0.0000,0.3165
0.0000,0.0000,-3.1444
0.0000,0.0000,-1.7737
0.0000,0.0000,-1.3833
0.0000,0.0000,-3.0802
0.0000,0.0000,-2.5042
0.0000,0.0000,0.9707
0.0000,0.0000,-4.0131
0.0000,0.0000,0.7872
0.0000,0.0000,2.2094
0.0000,0.0000,1.5836
0.0000,0.0000,-1.9140
0.0000,0.0000,0.1704
0.0000,0.0000,1.6024
0.0000,0.0000,0.2024
0.0000,0.0000,-0.2997
0.0000,0.0000,2.4452
0.0000,0.0000,2.4999
0.0000,0.0000,-1.0349
0.0000,0.0000,3.3770
0.0000,0.0000,0.8999
0.0000,0.0000,2.7609
0.0000,0.0000,0.6575
0.0000,0.0000,4.1088
0.0000,0.0000,1.5541
0.0000,0.0000,0.0855
0.0000,0.0000,1.8435
0.0000,0.0000,2.0566
0.0000,0.0000,2.5046
0.0000,0.0000,0.1779
0.0000,0.0000,3.5568
0.0000,0.0000,1.2658
5.8047,25.1938,1.4636
16.3762,71.0773,0.2384
24.7491,107.4180,0.2727
31.3716,136.1615,-1.4631
42.3726,183.9088,0.3915
54.2787,235.5846,-1.0739
53.5163,232.2755,-1.9441
67.7403,294.0115,-2.1107
65.0878,282.4991,-2.5184
80.5332,349.5366,-1.5505
83.9101,364.1933,-3.6148
91.5362,397.2924,-2.2119
82.3483,357.4146,-1.6312
93.6196,406.3351,-2.5637
108.7543,472.0238,-3.0040
97.1223,421.5376,-2.4344
105.8181,459.2800,-4.3559
112.7621,489.4190,-6.4282
101.5098,440.5807,-3.5213
122.2513,530.6045,-6.2921
104.8844,455.2276,-3.9232
108.0753,469.0770,-5.8147
117.7032,510.8646,-4.1480
100.1896,434.8505,-7.1938
100.1872,434.8404,-8.2482
102.8357,446.3353,-6.9869
98.1308,425.9151,-8.6300
101.0201,438.4555,-10.2035
82.5031,358.0865,-8.5821
77.8644,337.9532,-9.1441
80.2004,348.0918,-7.7923
73.6377,319.6082,-8.8316
72.5420,314.8524,-6.0958
61.6601,267.6219,-6.9637
53.5869,232.5822,-5.9272
40.7724,176.9635,-6.7397
35.8323,155.5221,-7.7660
24.0010,104.1708,-6.6952
16.8265,73.0317,-8.2993
8.1364,35.3144,-7.3227
0.0000,0.0000,-6.4200
0.0000,0.0000,-7.1646
0.0000,0.0000,-7.9316
0.0000,0.0000,-7.4233
0.0000,0.0000,-7.8042
0.0000,0.0000,-8.0894
0.0000,0.0000,-4.6193
0.0000,0.0000,-8.9745
0.0000,0.0000,-7.5669
0.0000,0.0000,-6.1323
0.0000,0.0000,-7.4964
0.0000,0.0000,-7.4290
0.0000,0.0000,-5.8777
0.0000,0.0000,-4.4653
0.0000,0.0000,-6.0604
0.0000,0.0000,-4.1346
0.0000,0.0000,-4.4571
0.0000,0.0000,-3.5290
0.0000,0.0000,-2.6258
0.0000,0.0000,-4.7489
0.0000,0.0000,-2.2519
0.0000,0.0000,-1.3404
0.0000,0.0000,-3.8033
0.0000,0.0000,-1.8457
0.0000,0.0000,-2.3291
0.0000,0.0000,-3.6776
0.0000,0.0000,-2.2723
0.0000,0.0000,1.9233
0.0000,0.0000,-1.6012
0.0000,0.0000,-1.0798
0.0000,0.0000,-0.1950
0.0000,0.0000,-0.0009
0.0000,0.0000,-0.4811
0.0000,0.0000,-1.4025
0.0000,0.0000,0.2714
0.0000,0.0000,2.0660
0.0000,0.0000,1.9091
0.0000,0.0000,0.7105
0.0000,0.0000,-0.2852
0.0000,0.0000,5.8814
0.0000,0.0000,-0.4739
0.0000,0.0000,2.3498
0.0000,0.0000,2.5036
0.0000,0.0000,1.5242
0.0000,0.0000,1.8519
0.0000,0.0000,1.3677
0.0000,0.0000,1.9431
0.0000,0.0000,2.1782
0.0000,0.0000,2.9354
0.0000,0.0000,2.0879
0.0000,0.0000,4.4273
0.0000,0.0000,1.9179
0.0000,0.0000,1.8865
0.0000,0.0000,0.2544
0.0000,0.0000,2.1536
0.0000,0.0000,-1.3863
5.6489,24.5176,-1.6291
14.8228,64.3349,3.6599
22.1652,96.2031,-1.0803
36.8824,160.0798,-2.8780
46.2111,200.5691,-0.0604
51.3353,222.8094,-4.8870
58.6447,254.5341,0.1550
65.2281,283.1081,-2.9258
68.0639,295.4162,-2.4629
81.2900,352.8212,-0.8817
84.4705,366.6256,-4.6651
89.4821,388.3773,1.1134
102.7957,446.1617,-1.6495
109.2457,474.1568,-2.9137
102.5067,444.9076,-1.9621
102.1330,443.2858,-6.0991
103.5140,449.2795,-4.5342
107.6090,467.0529,-4.8163
117.4752,509.8751,-8.4286
114.0105,494.8373,-3.5562
100.2926,435.2978,-4.7153
104.3003,452.6924,-6.8592
106.9840,464.3401,-9.4970
117.2334,508.8254,-5.4643
105.3718,457.3428,-6.6901
107.6239,467.1178,-8.0053
102.5838,445.2421,-4.9279
100.0870,434.4055,-7.1764
93.0383,403.8122,-8.7666
89.0036,386.3005,-8.2938
81.0201,351.6499,-7.0694
74.6072,323.8158,-5.3295
67.1791,291.5760,-6.5625
60.5444,262.7795,-5.3348
48.9275,212.3587,-9.0802
41.4332,179.8316,-8.6899
35.0681,152.2053,-6.7914
28.6823,124.4890,-7.3679
16.6837,72.4121,-6.8203
8.6069,37.3564,-7.7910
0.0000,0.0000,-9.7378
0.0000,0.0000,-6.9836
0.0000,0.0000,-7.0694
0.0000,0.0000,-6.3569
0.0000,0.0000,-6.6465
0.0000,0.0000,-8.3473
0.0000,0.0000,-6.7209
0.0000,0.0000,-8.4169
0.0000,0.0000,-6.1559
0.0000,0.0000,-6.2985
0.0000,0.0000,-5.1699
0.0000,0.0000,-6.4168
0.0000,0.0000,-5.1422
0.0000,0.0000,-4.6524
0.0000,0.0000,-3.9231
0.0000,0.0000,-6.2770
0.0000,0.0000,-4.4979
0.0000,0.0000,-3.6195
0.0000,0.0000,-2.1748
0.0000,0.0000,-2.5387
0.0000,0.0000,-2.5646
0.0000,0.0000,0.2006
0.0000,0.0000,-2.1182
0.0000,0.0000,-1.9520
0.0000,0.0000,-2.3779
0.0000,0.0000,-2.7653
0.0000,0.0000,-0.4816
0.0000,0.0000,-0.3819
0.0000,0.0000,0.2934
0.0000,0.0000,-1.2555
0.0000,0.0000,2.8302
0.0000,0.0000,-1.4365
0.0000,0.0000,3.3346
0.0000,0.0000,2.1316
0.0000,0.0000,-0.2918
0.0000,0.0000,2.8588
0.0000,0.0000,2.0296
0.0000,0.0000,4.3201
0.0000,0.0000,0.9719
0.0000,0.0000,3.9211
0.0000,0.0000,2.3071
0.0000,0.0000,1.8244
0.0000,0.0000,-1.9819
0.0000,0.0000,2.2065
0.0000,0.0000,2.4347
0.0000,0.0000,4.4777
0.0000,0.0000,1.1137
0.0000,0.0000,1.6482
0.0000,0.0000,1.9773
0.0000,0.0000,-0.1061
0.0000,0.0000,2.4189
0.0000,0.0000,2.6826
0.0000,0.0000,1.5650
0.0000,0.0000,0.9621
0.0000,0.0000,0.0473
0.0000,0.0000,0.3056
6.1088,26.5138,-1.9322
15.1325,65.6792,-0.2324
24.3336,105.6147,0.6181
31.9181,138.5334,-2.1718
40.7994,177.0807,-1.0351
46.3363,201.1124,-1.4800
59.9377,260.1464,-1.9300
61.7512,268.0172,-1.4472
74.6623,324.0553,-4.3920
80.1059,347.6821,-1.7561
86.4430,375.1866,-3.8607
80.8002,350.6952,-2.8011
100.2152,434.9619,-3.8316
95.7867,415.7410,-0.7260
114.3697,496.3961,-2.4387
108.7833,472.1498,-3.3920
107.2922,465.6780,-3.0336
101.9049,442.2957,-4.6931
120.5912,523.3991,-5.0137
110.6632,480.3091,-7.7745
123.5173,536.0995,-5.9182
110.6136,480.0938,-2.9289
125.8606,546.2698,-6.2896
99.8212,433.2519,-4.0886
108.4549,470.7242,-8.1887
98.9256,429.3647,-7.6783
97.1367,421.6003,-5.7240
97.3503,422.5272,-5.3377
87.4553,379.5803,-7.6832
86.9114,377.2198,-8.2884
74.8860,325.0261,-6.6046
72.3493,314.0161,-8.9998
68.9255,299.1560,-5.9934
61.1461,265.3912,-11.0417
51.7603,224.6541,-9.3290
42.0740,182.6128,-7.5583
30.7401,133.4205,-11.1883
27.3786,118.8306,-12.1178
17.1188,74.3002,-5.8820
8.6649,37.6081,-7.6993
0.0000,0.0000,-6.6846
0.0000,0.0000,-6.9795
0.0000,0.0000,-10.7528
0.0000,0.0000,-7.9228
0.0000,0.0000,-7.4057
0.0000,0.0000,-8.0194
0.0000,0.0000,-9.2498
0.0000,0.0000,-7.3907
0.0000,0.0000,-7.2178
0.0000,0.0000,-7.1070
0.0000,0.0000,-7.1475
0.0000,0.0000,-4.7568
0.0000,0.0000,-5.7706
0.0000,0.0000,-5.0716
0.0000,0.0000,-5.9989
0.0000,0.0000,-4.9065
0.0000,0.0000,-4.1637
0.0000,0.0000,-4.1571
0.0000,0.0000,-1.2927
0.0000,0.0000,-2.0305
0.0000,0.0000,-4.3411
0.0000,0.0000,-1.3662
0.0000,0.0000,-3.2606
0.0000,0.0000,-4.4910
0.0000,0.0000,-0.2183
0.0000,0.0000,-0.4393
0.0000,0.0000,-0.6078
0.0000,0.0000,-0.6680
0.0000,0.0000,-0.7876
0.0000,0.0000,1.5796
0.0000,0.0000,0.7366
0.0000,0.0000,-1.1339
0.0000,0.0000,1.9266
0.0000,0.0000,2.4554
0.0000,0.0000,-0.2773
0.0000,0.0000,0.3566
0.0000,0.0000,3.1575
0.0000,0.0000,2.0059
0.0000,0.0000,-1.1188
0.0000,0.0000,-1.1410
0.0000,0.0000,-0.2301
0.0000,0.0000,3.2637
0.0000,0.0000,3.8455
0.0000,0.0000,2.7973
0.0000,0.0000,2.3888
0.0000,0.0000,3.0808
0.0000,0.0000,-0.5324
0.0000,0.0000,1.7126
0.0000,0.0000,0.1271
0.0000,0.0000,4.0020
0.0000,0.0000,1.7202
0.0000,0.0000,0.0492
0.0000,0.0000,1.7095
0.0000,0.0000,1.6514
0.0000,0.0000,-1.9022
0.0000,0.0000,0.1315
6.6746,28.9698,-1.4749
14.2741,61.9534,1.9135
24.6096,106.8124,2.0252
30.7772,133.5815,-1.1048
38.5991,167.5309,-4.6125
52.1573,226.3771,1.1476
56.9124,247.0157,0.7800
64.2114,278.6955,-0.9714
70.4928,305.9582,-1.5185
76.1033,330.3094,-1.2085
85.4472,370.8644,-1.5413
91.5412,397.3141,-3.9813
98.9938,429.6605,-2.6288
101.2739,439.5567,-2.1193
110.8025,480.9134,-4.0213
114.4638,496.8045,-5.8972
107.7130,467.5042,-5.3340
105.9437,459.8249,-5.3048
104.9380,455.4599,-5.3712
111.3746,483.3969,-5.2158
103.5826,449.5771,-4.8819
113.2083,491.3556,-5.3042
103.5688,449.5174,-3.3543
120.5519,523.2287,-7.2605
112.4616,488.1148,-5.5702
102.9869,446.9916,-4.8226
89.2248,387.2605,-8.5068
98.3271,426.7672,-7.1065
81.2743,352.7531,-6.9790
90.2230,391.5931,-7.4903
76.4217,331.6913,-5.5644
76.6339,332.6126,-7.7932
64.4636,279.7898,-6.4105
63.7039,276.4928,-8.8626
48.2873,209.5804,-6.9629
39.3260,170.6856,-9.5962
35.1050,152.3653,-9.6785
27.4022,118.9333,-8.1449
19.0911,82.8608,-5.3384
8.4676,36.7519,-7.0314
0.0000,0.0000,-7.9030
0.0000,0.0000,-10.4629
0.0000,0.0000,-7.3746
0.0000,0.0000,-7.4825
0.0000,0.0000,-9.7912
0.0000,0.0000,-6.9596
0.0000,0.0000,-5.4037
0.0000,0.0000,-5.9132
0.0000,0.0000,-5.1296
0.0000,0.0000,-6.3096
0.0000,0.0000,-5.2597
0.0000,0.0000,-6.7035
0.0000,0.0000,-5.5302
0.0000,0.0000,-3.8127
0.0000,0.0000,-9.1381
0.0000,0.0000,-6.0293
0.0000,0.0000,-6.0145
0.0000,0.0000,-1.8467
0.0000,0.0000,-4.4266
0.0000,0.0000,-3.8799
0.0000,0.0000,-4.5958
0.0000,0.0000,-3.1221
0.0000,0.0000,-2.3565
0.0000,0.0000,-3.3074
0.0000,0.0000,-3.5458
0.0000,0.0000,-2.7604
0.0000,0.0000,-3.1510
0.0000,0.0000,0.8102
0.0000,0.0000,1.1034
0.0000,0.0000,-1.7419
0.0000,0.0000,-0.9907
0.0000,0.0000,-1.3627
0.0000,0.0000,2.0107
0.0000,0.0000,0.2804
0.0000,0.0000,4.5250
0.0000,0.0000,-1.0095
0.0000,0.0000,2.5349
0.0000,0.0000,1.0616
0.0000,0.0000,2.0329
0.0000,0.0000,2.2038
0.0000,0.0000,0.5369
0.0000,0.0000,0.8807
0.0000,0.0000,3.4436
0.0000,0.0000,3.9003
0.0000,0.0000,4.6366
0.0000,0.0000,3.2285
0.0000,0.0000,-0.3920
0.0000,0.0000,0.9367
0.0000,0.0000,0.3902
0.0000,0.0000,3.9262
0.0000,0.0000,2.1808
0.0000,0.0000,0.3498
0.0000,0.0000,2.6349
0.0000,0.0000,0.6662
0.0000,0.0000,-0.5038
0.0000,0.0000,-1.0257
7.1668,31.1060,-1.2111
16.8961,73.3339,0.4512
22.6333,98.2349,1.7677
35.4035,153.6609,0.5756
43.3232,188.0345,-3.0027
51.8135,224.8848,0.4536
59.9937,260.3892,-0.5803
63.3792,275.0835,0.6715
72.0842,312.8655,-1.3527
85.0660,369.2101,-0.7423
81.2204,352.5191,-2.6302
94.5571,410.4039,-2.7123
101.0168,438.4409,-1.6341
108.4180,470.5642,-1.2875
104.7491,454.6404,-2.5374
107.6635,467.2896,-6.9199
100.0225,434.1253,-1.7548
110.6641,480.3131,-5.2646
122.8042,533.0043,-8.3610
116.3617,505.0422,-6.7378
125.3687,544.1351,-6.6341
121.1603,525.8693,-4.9859
113.8195,494.0080,-7.2983
117.4165,509.6202,-5.2145
119.2212,517.4531,-6.2518
107.7687,467.7462,-3.3460
99.1857,430.4933,-6.0579
91.4857,397.0735,-5.1904
93.2866,404.8896,-8.4021
88.1599,382.6385,-5.5444
80.9361,351.2849,-8.2191
78.1866,339.3514,-6.0798
73.9691,321.0466,-6.6844
55.6272,241.4375,-9.6685
54.1918,235.2076,-4.9785
43.9137,190.5978,-9.2447
34.0690,147.8687,-5.2731
29.9052,129.7967,-6.6867
17.7681,77.1186,-8.1844
9.1436,39.6857,-8.5105
0.0000,0.0000,-7.4276
0.0000,0.0000,-6.7632
0.0000,0.0000,-9.0652
0.0000,0.0000,-9.8910
0.0000,0.0000,-8.1095
0.0000,0.0000,-7.6620
0.0000,0.0000,-6.0819
0.0000,0.0000,-6.5912
0.0000,0.0000,-4.0750
0.0000,0.0000,-8.5365
0.0000,0.0000,-6.1794
0.0000,0.0000,-4.7347
0.0000,0.0000,-1.9682
0.0000,0.0000,-4.6084
0.0000,0.0000,-2.9704
0.0000,0.0000,-5.5474
0.0000,0.0000,-2.7175
0.0000,0.0000,-6.0568
0.0000,0.0000,-3.4794
0.0000,0.0000,-0.0840
0.0000,0.0000,-1.9574
0.0000,0.0000,1.0184
0.0000,0.0000,-1.3261
0.0000,0.0000,-1.4472
0.0000,0.0000,-0.7678
0.0000,0.0000,-0.0855
0.0000,0.0000,-1.1361
0.0000,0.0000,-1.5168
0.0000,0.0000,2.7715
0.0000,0.0000,-0.7632
0.0000,0.0000,1.5891
0.0000,0.0000,-1.3580
0.0000,0.0000,-0.0913
0.0000,0.0000,1.6821
0.0000,0.0000,-1.4131
0.0000,0.0000,1.8204
0.0000,0.0000,2.2806
0.0000,0.0000,2.4684
0.0000,0.0000,2.6869
0.0000,0.0000,5.4275
0.0000,0.0000,2.9744
0.0000,0.0000,0.2556
0.0000,0.0000,2.4597
0.0000,0.0000,2.4849
0.0000,0.0000,3.3273
0.0000,0.0000,2.1062
0.0000,0.0000,1.6598
0.0000,0.0000,1.4716
0.0000,0.0000,1.9223
0.0000,0.0000,-2.3754
0.0000,0.0000,3.5367
0.0000,0.0000,1.7968
0.0000,0.0000,4.1579
0.0000,0.0000,1.6766
0.0000,0.0000,1.5139
0.0000,0.0000,0.4256
6.8959,29.9301,0.4917
16.2735,70.6314,0.6593
24.3680,105.7637,-1.5989
30.0250,130.3166,1.7924
42.3886,183.9785,-3.9668
51.1490,222.0007,-1.8665
64.4525,279.7419,0.3488
60.3642,261.9975,-1.4454
75.6948,328.5366,-2.0709
89.1341,386.8669,-0.3634
85.1811,369.7095,-2.4444
88.2494,383.0271,-2.1672
93.7383,406.8504,-4.6208
100.6087,436.6699,-2.1387
112.2600,487.2398,-4.5298
96.9727,420.8883,-2.8854
105.4649,457.7468,-3.2196
98.0030,425.3604,-3.4151
107.5068,466.6096,-2.0317
106.7823,463.4648,-5.0704
102.4373,444.6064,-6.6390
126.5345,549.1950,-5.4951
126.7635,550.1890,-3.2142
105.8142,459.2628,-5.9323
110.7170,480.5424,-3.9211
98.8872,429.1978,-4.2565
105.9317,459.7732,-4.3290
97.3642,422.5878,-7.5166
94.6047,410.6107,-3.1248
87.1717,378.3493,-6.0856
80.8843,351.0605,-9.1303
71.6929,311.1670,-10.5816
71.9411,312.2444,-7.3142
64.6167,280.4546,-7.1295
52.1409,226.3061,-5.5513
45.4591,197.3052,-9.4564
34.7187,150.6889,-8.5195
26.0021,112.8562,-4.3642
20.7716,90.1544,-9.3536
8.7223,37.8570,-8.5095
0.0053,0.0228,-7.9860
0.0000,0.0000,-6.3905
0.0000,0.0000,-9.4006
0.0000,0.0000,-5.3268
0.0000,0.0000,-5.3815
0.0000,0.0000,-7.0606
0.0000,0.0000,-7.6075
0.0000,0.0000,-6.3202
0.0000,0.0000,-7.2839
0.0000,0.0000,-4.2358
0.0000,0.0000,-6.2287
0.0000,0.0000,-5.1728
0.0000,0.0000,-4.4683
0.0000,0.0000,-3.6715
0.0000,0.0000,-4.9017
0.0000,0.0000,-2.8273
0.0000,0.0000,-3.3289
0.0000,0.0000,-3.4671
0.0000,0.0000,-4.6365
0.0000,0.0000,-1.7430
0.0000,0.0000,-3.5112
0.0000,0.0000,-3.1865
0.0000,0.0000,-0.7931
0.0000,0.0000,-1.1864
0.0000,0.0000,-0.7129
0.0000,0.0000,-0.2681
0.0000,0.0000,-0.9225
0.0000,0.0000,-0.4031
0.0000,0.0000,-1.7331
0.0000,0.0000,0.5349
0.0000,0.0000,-0.1649
0.0000,0.0000,1.5609
0.0000,0.0000,-0.2650
0.0000,0.0000,1.7434
0.0000,0.0000,-1.7250
0.0000,0.0000,4.9141
0.0000,0.0000,0.6760
0.0000,0.0000,2.3909
0.0000,0.0000,0.1705
0.0000,0.0000,3.0582
0.0000,0.0000,2.7756
0.0000,0.0000,3.6503
0.0000,0.0000,3.6254
0.0000,0.0000,2.5366
0.0000,0.0000,2.2126
0.0000,0.0000,2.3017
0.0000,0.0000,1.8049
0.0000,0.0000,4.1857
0.0000,0.0000,0.9918
0.0000,0.0000,2.5698
0.0000,0.0000,1.8298
0.0000,0.0000,3.1815
0.0000,0.0000,3.3541
0.0000,0.0000,1.1227
0.0000,0.0000,1.9036
0.0000,0.0000,0.8631
8.0424,34.9063,-0.4010
16.5610,71.8795,1.1961
27.8390,120.8289,1.1179
31.7194,137.6711,-1.7579
38.1416,165.5450,1.6160
60.4568,262.3994,3.2704
59.2407,257.1210,1.0038
60.6315,263.1576,-3.4753
76.5588,332.2866,-0.3636
74.9265,325.2017,-4.9017
82.4183,357.7184,-4.7781
96.3885,418.3529,-2.2590
96.1915,417.4980,-2.9588
97.2673,422.1671,-1.9481
106.3602,461.6328,-4.5483
94.7528,411.2536,-3.1107
101.5932,440.9427,-4.5760
121.4218,527.0042,-4.6825
101.3345,439.8201,-4.1612
117.0742,508.1347,-4.6478
115.2034,500.0146,-6.1225
116.2167,504.4127,-5.1544
122.1285,530.0718,-4.4497
118.1727,512.9025,-6.4461
104.3246,452.7977,-8.5951
94.7337,411.1707,-8.0048
101.8642,442.1190,-6.5952
92.1243,399.8451,-8.3187
90.2460,391.6926,-6.2586
88.7711,385.2913,-4.9324
79.9441,346.9795,-6.6366
75.5255,327.8015,-7.6260
69.4419,301.3973,-8.7226
56.2859,244.2962,-9.7073
53.9973,234.3632,-8.6994
45.4606,197.3116,-10.3450
38.6413,167.7138,-8.8938
26.7078,115.9193,-7.2458
17.0675,74.0775,-7.9344
9.5540,41.4668,-9.0829
0.3364,1.4601,-7.2999
0.0000,0.0000,-8.1428
0.0000,0.0000,-8.7866
0.0000,0.0000,-5.1145
0.0000,0.0000,-7.0369
0.0000,0.0000,-5.0062
0.0000,0.0000,-7.8249
0.0000,0.0000,-4.3057
0.0000,0.0000,-7.3906
0.0000,0.0000,-6.6212
0.0000,0.0000,-3.9784
0.0000,0.0000,-2.7676
0.0000,0.0000,-3.2667
0.0000,0.0000,-4.8393
0.0000,0.0000,-5.1034
0.0000,0.0000,-2.0661
0.0000,0.0000,-4.2453
0.0000,0.0000,-5.4721
0.0000,0.0000,-4.1416
0.0000,0.0000,-3.4079
0.0000,0.0000,-2.4135
0.0000,0.0000,-2.6337
0.0000,0.0000,-1.2710
0.0000,0.0000,-1.2177
0.0000,0.0000,-3.1942
0.0000,0.0000,-2.4418
0.0000,0.0000,-1.5986
0.0000,0.0000,1.2335
0.0000,0.0000,-2.2020
0.0000,0.0000,0.8274
0.0000,0.0000,-2.1249
0.0000,0.0000,0.7976
0.0000,0.0000,-2.1616
0.0000,0.0000,1.5708
0.0000,0.0000,2.6031
0.0000,0.0000,0.5545
0.0000,0.0000,1.3376
0.0000,0.0000,4.1716
0.0000,0.0000,2.8604
0.0000,0.0000,1.4975
0.0000,0.0000,4.9303
0.0000,0.0000,4.9231
0.0000,0.0000,4.5424
0.0000,0.0000,3.4652
0.0000,0.0000,0.4741
0.0000,0.0000,4.1005
0.0000,0.0000,0.3057
0.0000,0.0000,2.3698
0.0000,0.0000,3.8511
0.0000,0.0000,5.1149
0.0000,0.0000,1.6968
0.0000,0.0000,1.6874
0.0000,0.0000,3.3676
0.0000,0.0000,-0.0147
0.0000,0.0000,2.5711
0.0000,0.0000,2.6875
7.7818,33.7754,1.7150
15.7311,68.2774,0.3696
26.7598,116.1452,2.4862
30.1350,130.7943,-0.2434
45.3769,196.9485,0.9037
48.3260,209.7482,0.7458
67.7299,293.9667,0.5306
65.1161,282.6220,-0.7708
79.3915,344.5811,-0.6649
90.0209,390.7156,-1.1892
84.0374,364.7458,-1.0413
82.4432,357.8263,1.1113
95.3776,413.9652,-3.8920
102.5732,445.1960,-2.0321
109.0161,473.1603,-0.7203
102.4385,444.6116,-1.1702
130.3579,565.7896,-5.2179
99.9120,433.6460,-3.0161
127.9906,555.5147,-5.3140
112.6089,488.7539,-7.4133
101.9046,442.2943,-4.6959
113.1331,491.0292,-2.5514
108.3252,470.1615,-5.3292
115.3123,500.4875,-7.5856
92.4256,401.1529,-6.7190
110.5781,479.9396,-5.9639
97.0205,421.0958,-5.9074
95.3102,413.6729,-7.1172
90.9479,394.7392,-6.7009
81.0290,351.6882,-9.5007
79.1660,343.6025,-7.3354
74.8381,324.8180,-4.5755
72.5511,314.8921,-9.1926
51.4985,223.5180,-8.3566
55.5782,241.2250,-7.5281
43.9629,190.8110,-6.9208
33.7945,146.6776,-6.7891
27.8214,120.7527,-6.1769
19.3237,83.8703,-6.6059
10.2465,44.4728,-6.4521
0.6295,2.7323,-6.7587
0.0000,0.0000,-6.3003
0.0000,0.0000,-7.2135
0.0000,0.0000,-6.3041
0.0000,0.0000,-6.0910
0.0000,0.0000,-7.3453
0.0000,0.0000,-5.7595
0.0000,0.0000,-4.4168
0.0000,0.0000,-6.8312
0.0000,0.0000,-5.7527
0.0000,0.0000,-5.1127
0.0000,0.0000,-8.0276
0.0000,0.0000,-5.1970
0.0000,0.0000,-5.4974
0.0000,0.0000,-7.0195
0.0000,0.0000,-4.1823
0.0000,0.0000,-3.4130
0.0000,0.0000,-3.7951
0.0000,0.0000,-0.7605
0.0000,0.0000,-2.2333
0.0000,0.0000,-3.7865
0.0000,0.0000,-2.7964
0.0000,0.0000,-1.4776
0.0000,0.0000,-2.4314
0.0000,0.0000,0.3848
0.0000,0.0000,-0.2667
0.0000,0.0000,1.7097
0.0000,0.0000,0.3206
0.0000,0.0000,-0.9047
0.0000,0.0000,-1.7565
0.0000,0.0000,0.2462
0.0000,0.0000,-1.7769
0.0000,0.0000,-0.2628
0.0000,0.0000,1.3146
0.0000,0.0000,2.0396
0.0000,0.0000,0.2755
0.0000,0.0000,4.7896
0.0000,0.0000,4.7301
0.0000,0.0000,2.3842
0.0000,0.0000,4.4039
0.0000,0.0000,2.0087
0.0000,0.0000,3.1722
0.0000,0.0000,2.7250
0.0000,0.0000,5.2082
0.0000,0.0000,3.2289
0.0000,0.0000,-1.1954
0.0000,0.0000,2.5764
0.0000,0.0000,3.0306
0.0000,0.0000,4.2827
0.0000,0.0000,1.3757
0.0000,0.0000,2.0551
0.0000,0.0000,1.5296
0.0000,0.0000,2.2178
0.0000,0.0000,2.6385
0.0000,0.0000,-1.0264
0.0000,0.0000,2.7113
7.9921,34.6877,2.7765
15.8634,68.8517,0.8172
25.0764,108.8388,0.5421
35.4164,153.7168,0.9997
43.5554,189.0426,0.8485
50.0881,217.3963,-0.7350
61.8264,268.3439,3.3680
66.3710,288.0685,-0.5565
76.2020,330.7381,1.1512
70.2558,304.9295,-1.8374
79.6709,345.7940,-5.9279
94.5340,410.3037,-3.3773
92.6545,402.1464,-1.9032
105.5865,458.2749,-6.6780
99.4849,431.7920,-3.1062
114.8111,498.3121,-5.8335
115.9863,503.4130,-0.5782
116.4864,505.5835,-6.3820
121.3771,526.8102,-3.9908
107.0804,464.7588,-3.5006
119.3153,517.8615,-4.1542
105.2812,456.9495,-2.8135
118.0434,512.3409,-7.4574
122.2505,530.6013,-5.8867
109.8257,476.6743,-8.3674
103.5369,449.3788,-4.7802
94.2025,408.8648,-5.7894
102.0598,442.9680,-6.3127
95.4943,414.4719,-6.0849
90.1237,391.1619,-5.0002
89.8475,389.9630,-6.8260
80.9548,351.3661,-7.2339
68.3955,296.8553,-6.9884
63.2603,274.5671,-9.9663
57.3673,248.9900,-7.2245
42.5917,184.8597,-8.6779
37.5204,162.8489,-7.9667
28.8092,125.0400,-6.5124
18.0867,78.5013,-5.2872
10.0330,43.5460,-6.6681
1.0304,4.4721,-4.6350
0.0000,0.0000,-6.0408
0.0000,0.0000,-8.9145
0.0000,0.0000,-4.7435
0.0000,0.0000,-7.9818
0.0000,0.0000,-7.7034
0.0000,0.0000,-6.6712
0.0000,0.0000,-7.2894
0.0000,0.0000,-7.5656
0.0000,0.0000,-6.3108
0.0000,0.0000,-5.4082
0.0000,0.0000,-4.7804
0.0000,0.0000,-3.8270
0.0000,0.0000,-4.8944
0.0000,0.0000,-5.6737
0.0000,0.0000,-3.4445
0.0000,0.0000,-3.3929
0.0000,0.0000,-1.2141
0.0000,0.0000,-3.8655
0.0000,0.0000,-3.2894
0.0000,0.0000,0.4801
0.0000,0.0000,-0.7200
0.0000,0.0000,-0.2843
0.0000,0.0000,-0.3840
0.0000,0.0000,-3.2666
0.0000,0.0000,-3.5569
0.0000,0.0000,1.2561
0.0000,0.0000,3.0649
0.0000,0.0000,-0.5499
0.0000,0.0000,0.6378
0.0000,0.0000,-0.4358
0.0000,0.0000,-1.8266
0.0000,0.0000,1.0929
0.0000,0.0000,2.2965
0.0000,0.0000,2.2383
0.0000,0.0000,2.9755
0.0000,0.0000,2.7222
0.0000,0.0000,2.8302
0.0000,0.0000,1.6554
0.0000,0.0000,1.8772
0.0000,0.0000,1.7519
0.0000,0.0000,0.2216
0.0000,0.0000,1.2500
0.0000,0.0000,4.4119
0.0000,0.0000,-0.6265
0.0000,0.0000,3.3632
0.0000,0.0000,3.1239
0.0000,0.0000,1.8346
0.0000,0.0000,1.8494
0.0000,0.0000,1.6362
0.0000,0.0000,2.7691
0.0000,0.0000,3.1876
0.0000,0.0000,2.7476
0.0000,0.0000,3.3478
0.0000,0.0000,0.5467
0.0000,0.0000,3.3102
8.7157,37.8285,3.0744
18.1812,78.9117,1.0399
26.8011,116.3241,0.3974
37.6943,163.6037,-0.2937
42.1380,182.8907,-3.1414
55.0522,238.9417,0.7102
59.8091,259.5879,-3.3084
64.2044,278.6647,1.5960
71.6179,310.8416,-2.2994
78.1159,339.0447,-0.7651
79.0810,343.2336,-4.5874
90.7171,393.7375,-2.3969
105.5380,458.0641,-2.3031
106.2316,461.0748,-4.2567
110.5156,479.6685,-1.5266
105.4303,457.5969,-4.1871
116.1090,503.9455,-0.9433
111.6159,484.4439,-1.7770
124.8897,542.0562,-3.3746
107.9398,468.4887,-6.4330
125.1954,543.3827,-1.6203
124.4036,539.9463,-5.5422
120.9999,525.1733,-4.3116
115.9912,503.4338,-4.7063
119.3050,517.8171,-4.6135
111.0550,482.0096,-6.3453
95.6553,415.1707,-4.2802
101.4567,440.3501,-7.3194
94.7241,411.1291,-8.6166
86.4645,375.2801,-5.0569
85.4324,370.8004,-7.9501
74.9843,325.4526,-5.3439
66.8115,289.9807,-5.1087
58.3480,253.2467,-8.2364
49.8421,216.3286,-6.2320
47.7517,207.2556,-5.8479
39.6521,172.1010,-6.9986
31.1580,135.2342,-7.7673
20.0302,86.9368,-8.2207
11.1119,48.2286,-6.2757
1.3419,5.8244,-5.1124
0.0000,0.0000,-3.5164
0.0000,0.0000,-4.7973
0.0000,0.0000,-5.2329
0.0000,0.0000,-7.0509
0.0000,0.0000,-4.6338
0.0000,0.0000,-7.1788
0.0000,0.0000,-6.6099
0.0000,0.0000,-5.8849
0.0000,0.0000,-4.0417
0.0000,0.0000,-2.0203
0.0000,0.0000,-5.5687
0.0000,0.0000,-3.5178
0.0000,0.0000,-4.1918
0.0000,0.0000,-4.1543
0.0000,0.0000,-2.2425
0.0000,0.0000,-4.6376
0.0000,0.0000,-3.3205
0.0000,0.0000,-2.0067
0.0000,0.0000,-1.2382
0.0000,0.0000,0.6843
0.0000,0.0000,-1.2383
0.0000,0.0000,-2.0976
0.0000,0.0000,-2.7626
0.0000,0.0000,-0.5790
0.0000,0.0000,-0.7359
0.0000,0.0000,-0.8576
0.0000,0.0000,-0.0152
0.0000,0.0000,3.3365
0.0000,0.0000,2.1310
0.0000,0.0000,-0.3273
0.0000,0.0000,2.5784
0.0000,0.0000,3.4309
0.0000,0.0000,3.2433
0.0000,0.0000,0.4527
0.0000,0.0000,2.5574
0.0000,0.0000,-0.8215
0.0000,0.0000,2.8272
0.0000,0.0000,4.6620
0.0000,0.0000,4.8056
0.0000,0.0000,4.3415
0.0000,0.0000,4.9772
0.0000,0.0000,2.6824
0.0000,0.0000,3.8289
0.0000,0.0000,1.8474
0.0000,0.0000,0.0651
0.0000,0.0000,2.2944
0.0000,0.0000,2.5451
0.0000,0.0000,-1.3209
0.0000,0.0000,2.6816
0.0000,0.0000,5.3144
0.0000,0.0000,3.7478
0.0000,0.0000,4.3281
0.0000,0.0000,1.1636
0.0000,0.0000,2.7104
0.0000,0.0000,1.0559
9.2857,40.3023,0.6224
18.7744,81.4859,-0.4281
22.8852,99.3282,2.3705
35.8282,155.5045,2.9671
49.6483,215.4872,-1.3036
48.6178,211.0148,0.1529
63.8150,276.9750,0.2673
71.8964,312.0505,3.1251
71.9633,312.3409,-0.0512
89.8486,389.9678,-1.1638
86.3750,374.8914,0.0158
90.8532,394.3281,1.1106
99.5982,432.2838,-0.7360
106.7405,463.2832,-3.6241
101.6686,441.2699,-1.3279
116.5101,505.6862,-2.3129
109.7769,476.4620,-0.8020
108.6157,471.4223,-2.3236
110.4887,479.5515,-5.7933
117.1031,508.2600,-3.5613
121.3473,526.6811,-4.5008
120.6371,523.5984,-2.5834
112.7731,489.4664,-6.2476
118.4914,514.2855,-4.1442
110.7381,480.6342,-3.1396
114.4783,496.8676,-5.5318
108.3328,470.1946,-5.0668
100.8768,437.8333,-5.9286
102.0843,443.0743,-4.9603
95.3321,413.7678,-5.4218
82.5932,358.4775,-6.4552
78.5444,340.9045,-7.1818
70.7132,306.9150,-8.3275
59.3798,257.7250,-5.9083
58.4911,253.8675,-7.8580
43.4536,188.6007,-5.6515
39.7652,172.5922,-6.7120
32.5704,141.3647,-7.1314
19.3538,84.0008,-7.9741
12.0145,52.1462,-7.0028
1.7132,7.4359,-7.3462
0.0000,0.0000,-8.6950
0.0000,0.0000,-7.3320
0.0000,0.0000,-8.1038
0.0000,0.0000,-5.0367
0.0000,0.0000,-7.3634
0.0000,0.0000,-7.4558
0.0000,0.0000,-3.9295
0.0000,0.0000,-5.2272
0.0000,0.0000,-4.0428
0.0000,0.0000,-8.2387
0.0000,0.0000,-4.5286
0.0000,0.0000,-5.8574
0.0000,0.0000,-3.5073
0.0000,0.0000,-6.1639
0.0000,0.0000,0.8112
0.0000,0.0000,-1.9121
0.0000,0.0000,-5.8254
0.0000,0.0000,-2.7655
0.0000,0.0000,-2.2134
0.0000,0.0000,-1.9396
0.0000,0.0000,-0.6582
0.0000,0.0000,-4.1374
0.0000,0.0000,0.0215
0.0000,0.0000,-2.5135
0.0000,0.0000,-0.5014
0.0000,0.0000,-0.9096
0.0000,0.0000,2.6380
0.0000,0.0000,1.9203
0.0000,0.0000,2.0526
0.0000,0.0000,1.7904
0.0000,0.0000,3.5629
0.0000,0.0000,2.7625
0.0000,0.0000,1.8073
0.0000,0.0000,0.9838
0.0000,0.0000,2.3489
0.0000,0.0000,2.7424
0.0000,0.0000,4.1552
0.0000,0.0000,4.2081
0.0000,0.0000,3.9020
0.0000,0.0000,0.2482
0.0000,0.0000,2.4867
0.0000,0.0000,5.2691
0.0000,0.0000,2.0653
0.0000,0.0000,4.3139
0.0000,0.0000,5.0244
0.0000,0.0000,-0.0245
0.0000,0.0000,2.3467
0.0000,0.0000,-0.8220
0.0000,0.0000,3.8167
0.0000,0.0000,4.6773
0.0000,0.0000,4.0760
0.0000,0.0000,2.8117
0.0000,0.0000,1.7292
0.0000,0.0000,1.2218
0.0000,0.0000,1.9309
9.3476,40.5714,1.7666
18.0668,78.4147,6.1976
25.8248,112.0866,1.6787
34.5929,150.1426,-0.9467
44.0582,191.2248,2.4222
58.5002,253.9069,-0.5967
64.3843,279.4458,-0.3274
76.1301,330.4259,0.4189
73.0335,316.9855,-2.0644
82.7013,358.9465,-2.1504
80.6362,349.9833,-2.5570
98.3180,426.7274,-1.7903
94.0457,408.1844,-2.0894
110.1078,477.8985,-2.6013
110.0274,477.5494,-3.4175
120.1950,521.6799,-1.2643
105.8002,459.2023,-2.5065
113.7127,493.5449,-1.1101
128.9850,559.8306,-2.9851
128.0590,555.8115,-3.0699
115.3211,500.5257,-3.6717
116.8462,507.1449,-2.6626
126.9941,551.1897,-2.8898
118.3516,513.6786,-4.8215
118.6325,514.8982,-7.1652
107.7944,467.8577,-5.1645
116.0603,503.7338,-3.9362
93.1942,404.4887,-6.2654
97.4611,423.0082,-3.9800
95.7639,415.6418,-5.5236
83.7009,363.2851,-4.5588
80.4487,349.1697,-6.7423
70.6769,306.7573,-5.8956
62.8888,272.9550,-7.8427
54.9643,238.5602,-4.3076
47.4727,206.0448,-8.0315
35.7803,155.2964,-8.5903
30.4485,132.1548,-5.9344
19.6230,85.1693,-5.1561
11.5981,50.3388,-5.5862
2.1126,9.1694,-6.2551
0.0000,0.0000,-2.6760
0.0000,0.0000,-5.1241
0.0000,0.0000,-5.1637
0.0000,0.0000,-5.9331
0.0000,0.0000,-1.0175
0.0000,0.0000,-6.7684
0.0000,0.0000,-5.9689
0.0000,0.0000,-5.5602
0.0000,0.0000,-6.7376
0.0000,0.0000,-3.8417
0.0000,0.0000,-4.5197
0.0000,0.0000,-2.9292
0.0000,0.0000,-4.0975
0.0000,0.0000,-4.2106
0.0000,0.0000,-0.0735
0.0000,0.0000,-2.2264
0.0000,0.0000,-3.6077
0.0000,0.0000,-4.5813
0.0000,0.0000,-3.7083
0.0000,0.0000,-2.1899
0.0000,0.0000,-1.1808
0.0000,0.0000,1.0046
0.0000,0.0000,0.2536
0.0000,0.0000,3.3561
0.0000,0.0000,-0.9524
0.0000,0.0000,0.9586
0.0000,0.0000,-1.8565
0.0000,0.0000,-0.2488
0.0000,0.0000,2.8549
0.0000,0.0000,1.4812
0.0000,0.0000,1.4872
0.0000,0.0000,2.5328
0.0000,0.0000,1.8227
0.0000,0.0000,0.7549
0.0000,0.0000,2.6570
0.0000,0.0000,2.1648
0.0000,0.0000,4.5252
0.0000,0.0000,1.0783
0.0000,0.0000,2.8978
0.0000,0.0000,5.7115
0.0000,0.0000,3.8082
0.0000,0.0000,3.0982
0.0000,0.0000,1.1267
0.0000,0.0000,3.6217
0.0000,0.0000,5.0155
0.0000,0.0000,5.6448
0.0000,0.0000,3.5783
0.0000,0.0000,1.6962
0.0000,0.0000,6.6921
0.0000,0.0000,3.8474
0.0000,0.0000,1.8845
0.0000,0.0000,1.7419
0.0000,0.0000,5.1840
0.0000,0.0000,1.9184
0.0507,0.2200,1.0794
10.2252,44.3801,2.7585
19.1682,83.1953,2.3676
26.5966,115.4367,1.5834
37.4084,162.3630,0.5273
46.2738,200.8414,-0.9460
56.3523,244.5845,3.3819
56.8968,246.9478,1.7991
68.4098,296.9177,-0.1188
80.3711,348.8328,-1.0710
83.8324,363.8557,-0.1398
92.3000,400.6077,0.5788
98.1323,425.9214,-3.3859
103.4585,449.0386,-0.2462
101.1063,438.8293,-2.5278
115.5442,501.4940,-2.6034
113.0777,490.7885,-2.5015
119.8987,520.3936,-2.1453
111.1492,482.4184,-2.1697
112.3344,487.5627,-3.2693
138.1425,599.5767,-3.8273
120.9814,525.0928,-6.9516
118.6235,514.8588,-2.9256
113.8554,494.1641,-4.6093
107.8533,468.1134,-4.1715
110.1814,478.2181,-6.3679
121.2369,526.2017,-7.0512
105.2468,456.8002,-5.2828
99.0387,429.8557,-5.7979
102.5937,445.2850,-8.6023
92.4084,401.0782,-7.2009
82.1231,356.4370,-6.0209
76.0494,330.0757,-8.8441
76.0439,330.0516,-6.6746
67.7684,294.1339,-6.7397
56.9426,247.1469,-5.1407
50.5232,219.2848,-4.5891
37.2582,161.7109,-6.2461
28.7908,124.9600,-6.5918
21.9866,95.4278,-5.5404
11.7624,51.0523,-7.0144
2.8000,12.1527,-6.1491
0.0000,0.0000,-7.4674
0.0000,0.0000,-7.5690
0.0000,0.0000,-5.2002
0.0000,0.0000,-4.2328
0.0000,0.0000,-4.7377
0.0000,0.0000,-5.6918
0.0000,0.0000,-1.9965
0.0000,0.0000,-3.0713
0.0000,0.0000,-3.3796
0.0000,0.0000,-5.6471
0.0000,0.0000,-3.1358
0.0000,0.0000,-3.8596
0.0000,0.0000,-5.8892
0.0000,0.0000,-2.6172
0.0000,0.0000,-3.7547
0.0000,0.0000,-4.8582
0.0000,0.0000,-4.0158
0.0000,0.0000,-3.1003
0.0000,0.0000,1.3673
0.0000,0.0000,-2.5081
0.0000,0.0000,-0.3864
0.0000,0.0000,-1.9149
0.0000,0.0000,-1.1860
0.0000,0.0000,1.0407
0.0000,0.0000,4.1495
0.0000,0.0000,1.6222
0.0000,0.0000,2.0469
0.0000,0.0000,-0.7338
0.0000,0.0000,1.5567
0.0000,0.0000,2.6928
0.0000,0.0000,2.8565
0.0000,0.0000,2.8197
0.0000,0.0000,4.4647
0.0000,0.0000,3.9928
0.0000,0.0000,3.5028
0.0000,0.0000,1.6132
0.0000,0.0000,2.8911
0.0000,0.0000,4.4180
0.0000,0.0000,3.8132
0.0000,0.0000,3.0210
0.0000,0.0000,4.3947
0.0000,0.0000,5.2408
0.0000,0.0000,2.3722
0.0000,0.0000,2.1923
0.0000,0.0000,5.5003
0.0000,0.0000,3.9003
0.0000,0.0000,3.1739
0.0000,0.0000,3.1592
0.0000,0.0000,4.2055
0.0000,0.0000,1.4822
0.0000,0.0000,3.4602
0.0000,0.0000,2.9767
0.0000,0.0000,3.1444
0.0000,0.0000,0.0068
0.4395,1.9076,2.8038
9.6136,41.7256,1.4490
18.6138,80.7892,1.4363
26.9943,117.1626,2.3459
36.4899,158.3761,0.9440
46.1561,200.3303,-1.9466
55.3558,240.2596,1.9874
63.8275,277.0291,2.5121
74.4401,323.0907,-1.9856
69.7240,302.6216,-0.2629
85.0788,369.2657,-0.0765
89.6563,389.1331,-2.7383
94.5693,410.4571,-1.5510
94.0231,408.0862,-2.8331
105.3829,457.3912,-0.8243
126.0386,547.0424,-5.1715
109.3158,474.4610,-2.9998
109.5268,475.3768,0.0880
117.7928,511.2536,-0.7254
109.8290,476.6884,-6.3251
120.8542,524.5407,-3.2019
110.0041,477.4482,-2.4400
124.2855,539.4334,-6.7617
109.8632,476.8370,-4.7845
116.7200,506.5970,-5.7188
103.5065,449.2468,-2.9549
117.6073,510.4483,-5.6937
101.9639,442.5517,-3.7972
106.1591,460.7599,-5.8758
94.1830,408.7805,-7.2435
85.5708,371.4012,-4.2401
85.0045,368.9433,-4.7803
79.2640,344.0278,-7.0362
69.4673,301.5072,-6.9002
63.5835,275.9700,-5.0168
56.8123,246.5811,-4.3260
48.5660,210.7898,-7.0369
38.1432,165.5520,-6.9562
30.7937,133.6532,-8.1587
22.4025,97.2329,-8.2124
12.6330,54.8307,-3.4918
3.1126,13.5097,-3.8751
0.0000,0.0000,-6.2957
0.0000,0.0000,-6.0693
0.0000,0.0000,-4.6396
0.0000,0.0000,-6.5970
0.0000,0.0000,-5.3339
0.0000,0.0000,-4.7374
0.0000,0.0000,-4.7168
0.0000,0.0000,-4.1077
0.0000,0.0000,-5.1918
0.0000,0.0000,-1.7334
0.0000,0.0000,-3.9523
0.0000,0.0000,-1.9963
0.0000,0.0000,-2.6803
0.0000,0.0000,-3.0030
0.0000,0.0000,-1.6342
0.0000,0.0000,-1.7963
0.0000,0.0000,-2.6969
0.0000,0.0000,-0.2649
0.0000,0.0000,1.6522
0.0000,0.0000,-3.0583
0.0000,0.0000,-1.7952
0.0000,0.0000,1.9071
0.0000,0.0000,0.6305
0.0000,0.0000,-1.9237
0.0000,0.0000,1.7251
0.0000,0.0000,-3.0290
0.0000,0.0000,0.8541
0.0000,0.0000,2.4480
0.0000,0.0000,2.0213
0.0000,0.0000,-0.3794
0.0000,0.0000,3.0918
0.0000,0.0000,0.1365
0.0000,0.0000,1.6222
0.0000,0.0000,1.9002
0.0000,0.0000,2.0952
0.0000,0.0000,3.2050
0.0000,0.0000,3.1746
0.0000,0.0000,2.3509
0.0000,0.0000,3.9057
0.0000,0.0000,7.4362
0.0000,0.0000,3.2287
0.0000,0.0000,5.2412
0.0000,0.0000,6.3494
0.0000,0.0000,3.5588
0.0000,0.0000,1.3378
0.0000,0.0000,4.5160
0.0000,0.0000,5.7513
0.0000,0.0000,4.2948
0.0000,0.0000,4.5479
0.0000,0.0000,1.2983
0.0000,0.0000,4.9129
0.0000,0.0000,4.3481
0.0000,0.0000,2.9732
0.0000,0.0000,3.9425
0.8835,3.8347,4.2460
10.6584,46.2606,0.8935
19.3579,84.0186,1.6359
27.5693,119.6583,-1.0369
38.6467,167.7375,-0.3891
52.6588,228.5540,3.0896
57.0691,247.6958,3.0177
61.4135,266.5515,-3.1403
77.7327,337.3814,-0.1675
75.0735,325.8401,0.9231
76.5637,332.3079,0.6446
91.9069,398.9013,0.3962
96.3484,418.1790,-0.9388
104.4707,453.4317,-0.6141
104.1565,452.0682,0.0760
114.6027,497.4077,1.0522
114.2869,496.0368,-2.6869
115.1999,499.9997,-2.7281
117.3025,509.1252,-3.0327
113.2187,491.4007,-2.1434
119.7797,519.8772,-2.6647
114.8724,498.5780,-2.8947
125.9516,546.6649,-3.4957
113.3311,491.8886,-2.9282
110.0085,477.4673,-4.7513
119.5056,518.6875,-5.3198
119.8960,520.3819,-3.5634
103.6063,449.6799,-2.5595
108.6157,471.4224,-5.3665
97.3288,422.4340,-3.5827
88.2494,383.0269,-3.9139
93.4328,405.5244,-6.5716
75.7075,328.5916,-5.6686
70.8882,307.6747,-7.9290
68.1813,295.9256,-8.4443
65.8866,285.9663,-5.8332
57.0550,247.6347,-7.9127
41.0629,178.2244,-3.9272
30.7757,133.5749,-7.3610
21.1564,91.8245,-5.8305
11.8737,51.5353,-3.9662
3.1193,13.5385,-6.0270
0.0000,0.0000,-8.2993
0.0000,0.0000,-7.1351
0.0000,0.0000,-4.6434
0.0000,0.0000,-6.3928
0.0000,0.0000,-4.1831
0.0000,0.0000,-5.2375
0.0000,0.0000,-5.6100
0.0000,0.0000,-7.6092
0.0000,0.0000,-3.7935
0.0000,0.0000,-1.1407
0.0000,0.0000,-5.2770
0.0000,0.0000,-2.8479
0.0000,0.0000,-3.7950
0.0000,0.0000,-3.2510
0.0000,0.0000,-5.4096
0.0000,0.0000,0.3442
0.0000,0.0000,-2.8262
0.0000,0.0000,-3.4198
0.0000,0.0000,-1.6179
0.0000,0.0000,-1.0237
0.0000,0.0000,-0.5534
0.0000,0.0000,-0.5780
0.0000,0.0000,-0.3912
0.0000,0.0000,2.4672
0.0000,0.0000,0.8106
0.0000,0.0000,-0.5204
0.0000,0.0000,-0.9320
0.0000,0.0000,2.1052
0.0000,0.0000,2.1363
0.0000,0.0000,0.6342
0.0000,0.0000,0.5021
0.0000,0.0000,0.5566
0.0000,0.0000,1.2508
0.0000,0.0000,2.5247
0.0000,0.0000,4.4922
0.0000,0.0000,4.1601
0.0000,0.0000,1.4322
0.0000,0.0000,3.1962
0.0000,0.0000,3.6698
0.0000,0.0000,1.4496
0.0000,0.0000,3.7126
0.0000,0.0000,2.7581
0.0000,0.0000,2.0901
0.0000,0.0000,3.5211
0.0000,0.0000,5.0913
0.0000,0.0000,2.9855
0.0000,0.0000,7.1063
0.0000,0.0000,4.7714
0.0000,0.0000,6.7031
0.0000,0.0000,3.8164
0.0000,0.0000,-0.2205
0.0000,0.0000,3.5944
0.0000,0.0000,3.0531
0.0000,0.0000,2.6345
1.2169,5.2819,3.2571
10.6728,46.3228,5.3189
20.6030,89.4229,-1.1046
34.3706,149.1778,1.7529
41.9656,182.1423,2.1613
41.2339,178.9667,2.7859
56.9536,247.1945,-0.4036
64.5140,280.0087,1.5759
76.9659,334.0532,-0.0285
78.6355,341.3000,0.6053
92.5659,401.7619,-0.1196
86.1100,373.7415,1.1431
95.2435,413.3832,-3.2704
95.4063,414.0898,-1.6273
99.7840,433.0902,-3.3076
115.7402,502.3448,-2.2108
107.8259,467.9942,-3.0980
118.7162,515.2612,-2.7398
112.3602,487.6746,-4.4199
104.9905,455.6880,-3.4309
116.7822,506.8674,-1.0867
118.9307,516.1921,-5.9312
116.5068,505.6717,-4.5039
114.9391,498.8676,-4.3640
118.9791,516.4022,-3.4965
123.4867,535.9667,-5.7460
114.3356,496.2481,-5.7257
93.0729,403.9624,-2.6184
94.7203,411.1126,-7.1159
94.5490,410.3691,-6.3218
91.3492,396.4809,-5.5663
80.1316,347.7934,-7.6402
85.3097,370.2680,-7.8317
73.7272,319.9966,-3.9323
56.4307,244.9249,-5.8722
55.1381,239.3148,-6.2795
41.4791,180.0310,-3.2226
42.3774,183.9298,-5.8704
32.9556,143.0364,-6.0820
24.0091,104.2060,-8.5077
12.6008,54.6911,-3.7659
3.9399,17.1004,-5.4470
0.0000,0.0000,-6.7661
0.0000,0.0000,-5.1098
0.0000,0.0000,-4.6198
0.0000,0.0000,-6.2646
0.0000,0.0000,-8.3688
0.0000,0.0000,-4.0445
0.0000,0.0000,-6.8705
0.0000,0.0000,-0.9286
0.0000,0.0000,-2.8800
0.0000,0.0000,-6.1008
0.0000,0.0000,-2.2678
0.0000,0.0000,-1.4915
0.0000,0.0000,-5.1939
0.0000,0.0000,-2.6157
0.0000,0.0000,-1.1332
0.0000,0.0000,-0.7472
0.0000,0.0000,-0.8119
0.0000,0.0000,1.6877
0.0000,0.0000,2.0906
0.0000,0.0000,-2.8036
0.0000,0.0000,-0.2245
0.0000,0.0000,1.7481
0.0000,0.0000,-0.6533
0.0000,0.0000,0.5549
0.0000,0.0000,-2.3638
0.0000,0.0000,0.2152
0.0000,0.0000,2.4057
0.0000,0.0000,2.4891
0.0000,0.0000,4.4724
0.0000,0.0000,2.8928
0.0000,0.0000,1.7026
0.0000,0.0000,2.8566
0.0000,0.0000,2.4279
0.0000,0.0000,3.6860
0.0000,0.0000,4.1952
0.0000,0.0000,3.8470
0.0000,0.0000,1.9179
0.0000,0.0000,2.1236
0.0000,0.0000,3.0479
0.0000,0.0000,3.2673
0.0000,0.0000,5.4193
0.0000,0.0000,1.8384
0.0000,0.0000,2.9933
0.0000,0.0000,4.9294
0.0000,0.0000,5.8902
0.0000,0.0000,2.9249
0.0000,0.0000,4.4551
0.0000,0.0000,5.5352
0.0000,0.0000,4.5931
0.0000,0.0000,3.4664
0.0000,0.0000,3.9189
0.0000,0.0000,1.3300
0.0000,0.0000,2.5363
0.0000,0.0000,2.5892
1.6038,6.9610,0.8786
11.9527,51.8783,0.2527
21.9088,95.0901,3.9875
34.0718,147.8809,1.7693
38.3151,166.2981,2.0405
44.7862,194.3848,0.6774
60.3239,261.8224,1.1358
66.2802,287.6743,3.6328
76.9167,333.8398,5.0392
80.0131,347.2792,1.8468
98.4021,427.0923,0.7146
88.1920,382.7780,1.7675
95.4928,414.4654,0.6607
104.5166,453.6312,0.1481
103.1252,447.5921,-2.7755
103.2157,447.9848,0.8214
117.2807,509.0307,0.3255
117.1790,508.5895,-2.3246
109.1478,473.7316,-1.7418
126.4632,548.8852,-2.3041
115.8385,502.7712,-2.6342
113.9882,494.7404,-2.8998
116.4221,505.3042,-4.1906
112.3468,487.6165,-3.0499
125.5816,545.0589,-0.3210
119.3544,518.0314,-5.1566
104.3865,453.0663,-3.5693
107.5261,466.6930,-6.0443
99.3901,431.3806,-3.8604
98.8075,428.8521,-4.6395
95.0715,412.6367,-2.7198
93.8025,407.1290,-2.9032
74.4444,323.1093,-4.8127
82.2102,356.8151,-5.3084
62.2640,270.2430,-3.8001
58.8852,255.5781,-4.0545
50.2709,218.1898,-5.5451
43.1439,187.2567,-5.8612
32.0198,138.9749,-7.7367
26.0095,112.8885,-6.8138
13.2259,57.4040,-4.3480
4.2033,18.2434,-6.7376
0.0000,0.0000,-7.6126
0.0000,0.0000,-3.8431
0.0000,0.0000,-7.3141
0.0000,0.0000,-5.7788
0.0000,0.0000,-4.9193
0.0000,0.0000,-3.8401
0.0000,0.0000,-4.0914
0.0000,0.0000,-6.0473
0.0000,0.0000,-4.2227
0.0000,0.0000,-5.3900
0.0000,0.0000,-1.9938
0.0000,0.0000,-3.4892
0.0000,0.0000,0.1869
0.0000,0.0000,-3.5676
0.0000,0.0000,-0.3875
0.0000,0.0000,0.0928
0.0000,0.0000,-3.1210
0.0000,0.0000,0.2527
0.0000,0.0000,-1.0822
0.0000,0.0000,-1.2458
0.0000,0.0000,-0.7413
0.0000,0.0000,-1.5241
0.0000,0.0000,3.2457
0.0000,0.0000,3.1363
0.0000,0.0000,1.2700
0.0000,0.0000,0.3928
0.0000,0.0000,1.8693
0.0000,0.0000,0.0121
0.0000,0.0000,-0.2152
0.0000,0.0000,0.7178
0.0000,0.0000,4.8209
0.0000,0.0000,2.9561
0.0000,0.0000,6.0480
0.0000,0.0000,2.9441
0.0000,0.0000,4.2172
0.0000,0.0000,2.8517
0.0000,0.0000,3.4080
0.0000,0.0000,0.3567
0.0000,0.0000,5.6577
0.0000,0.0000,4.3774
0.0000,0.0000,4.9136
0.0000,0.0000,3.0174
0.0000,0.0000,5.8517
0.0000,0.0000,5.2157
0.0000,0.0000,5.4218
0.0000,0.0000,5.9361
0.0000,0.0000,3.8362
0.0000,0.0000,4.7515
0.0000,0.0000,0.8957
0.0000,0.0000,2.0706
0.0000,0.0000,3.4564
0.0000,0.0000,4.9590
0.0000,0.0000,4.0888
0.0000,0.0000,3.6453
2.2478,9.7563,4.6790
11.6015,50.3538,4.1173
20.0742,87.1277,2.1608
32.3567,140.4370,2.2375
39.9329,173.3197,2.4171
51.7444,224.5849,3.7115
55.5270,241.0026,0.3342
71.1088,308.6319,1.1239
79.4608,344.8820,2.0486
74.9288,325.2120,1.9953
81.4647,353.5795,0.1384
92.1745,400.0630,-1.8257
105.4763,457.7965,-2.9109
99.2787,430.8972,0.9686
108.8563,472.4664,-0.9216
104.5566,453.8047,-0.0578
120.7069,523.9015,2.1947
125.1478,543.1761,-1.7701
120.5870,523.3810,-2.5059
118.5701,514.6273,-4.3494
127.1427,551.8347,-0.4403
132.1688,573.6494,-4.8542
120.2087,521.7392,-3.2666
125.8164,546.0779,-4.0279
118.7862,515.5650,-5.0025
115.5863,501.6767,-4.1001
113.8687,494.2218,-4.7245
102.1867,443.5185,-5.3651
98.8794,429.1639,-6.5049
88.1881,382.7607,-4.9999
86.2071,374.1627,-7.7742
93.1355,404.2339,-3.2491
85.1733,369.6760,-2.9662
73.7928,320.2813,-8.5987
65.6556,284.9634,-5.6092
63.1745,274.1950,-3.3625
54.2201,235.3305,-4.7697
44.4924,193.1094,-5.2085
30.4998,132.3775,-6.0789
24.5648,106.6182,-3.3722
13.2267,57.4076,-3.9571
4.1713,18.1047,-5.1522
0.0000,0.0000,-6.0485
0.0000,0.0000,-3.7224
0.0000,0.0000,-6.7296
0.0000,0.0000,-6.7977
0.0000,0.0000,-5.6953
0.0000,0.0000,-3.5273
0.0000,0.0000,-2.0706
0.0000,0.0000,-3.3928
0.0000,0.0000,-3.3406
0.0000,0.0000,-3.5082
0.0000,0.0000,-2.5975
0.0000,0.0000,-3.8372
0.0000,0.0000,-0.3145
0.0000,0.0000,-2.5739
0.0000,0.0000,-3.1568
0.0000,0.0000,-1.4045
0.0000,0.0000,-0.5278
0.0000,0.0000,1.2817
0.0000,0.0000,-1.3438
0.0000,0.0000,-4.2441
0.0000,0.0000,-1.9991
0.0000,0.0000,-0.1536
0.0000,0.0000,0.2368
0.0000,0.0000,1.7690
0.0000,0.0000,1.0979
0.0000,0.0000,2.9491
0.0000,0.0000,0.5475
0.0000,0.0000,1.4912
0.0000,0.0000,2.9649
0.0000,0.0000,4.1822
0.0000,0.0000,2.0511
0.0000,0.0000,1.7122
0.0000,0.0000,4.9363
0.0000,0.0000,3.8361
0.0000,0.0000,1.9363
0.0000,0.0000,4.9119
0.0000,0.0000,5.3811
0.0000,0.0000,3.5780
0.0000,0.0000,3.4226
0.0000,0.0000,4.0407
0.0000,0.0000,1.0159
0.0000,0.0000,5.5643
0.0000,0.0000,3.3067
0.0000,0.0000,5.1252
0.0000,0.0000,1.6309
0.0000,0.0000,4.1415
0.0000,0.0000,8.3347
0.0000,0.0000,2.4023
0.0000,0.0000,6.3992
0.0000,0.0000,2.9425
0.0000,0.0000,5.1628
0.0000,0.0000,4.5854
0.0000,0.0000,5.6133
0.0000,0.0000,3.1128
2.3981,10.4085,4.1002
13.0832,56.7846,2.8316
22.5373,97.8181,1.1450
34.0688,147.8681,4.0503
39.6462,172.0756,2.6791
54.5792,236.8889,2.6183
59.3285,257.5023,1.5910
64.8614,281.5163,3.0258
75.1328,326.0972,1.0001
81.2297,352.5596,-0.0077
90.1958,391.4748,3.1880
90.3739,392.2477,1.7849
103.7720,450.3994,-0.5461
106.5899,462.6299,-4.1100
108.3223,470.1490,-0.3015
103.0698,447.3517,-1.9776
120.6140,523.4982,-1.0979
122.1262,530.0617,-2.5134
111.6295,484.5031,-1.8676
127.6793,554.1638,0.0914
133.1438,577.8812,-2.5996
123.4818,535.9454,-1.5373
121.6761,528.1081,-2.5484
120.8632,524.5797,-5.1233
116.6477,506.2833,-3.1568
113.2278,491.4402,-5.1455
102.3660,444.2968,-4.2892
108.6284,471.4775,-6.3801
106.5611,462.5048,-2.1088
95.8144,415.8609,-4.0245
88.8955,385.8312,-2.3778
79.7975,346.3433,-2.7253
79.7413,346.0994,-7.4809
69.9165,303.4572,-4.8401
69.6093,302.1235,-5.0916
57.1733,248.1482,-4.7737
52.1945,226.5385,-4.0648
39.8312,172.8787,-1.8032
33.8045,146.7207,-3.4532
22.4524,97.4498,-5.3933
15.0681,65.3999,-4.4540
4.9694,21.5684,-8.0021
0.0000,0.0000,-2.6497
0.0000,0.0000,-4.0575
0.0000,0.0000,-3.8967
0.0000,0.0000,-5.5719
0.0000,0.0000,-4.8459
0.0000,0.0000,-6.0332
0.0000,0.0000,-3.9196
0.0000,0.0000,-0.9387
0.0000,0.0000,-4.3990
0.0000,0.0000,-0.4442
0.0000,0.0000,-4.2809
0.0000,0.0000,-2.2971
0.0000,0.0000,-2.8263
0.0000,0.0000,-1.5049
0.0000,0.0000,1.0198
0.0000,0.0000,0.9120
0.0000,0.0000,-0.6250
0.0000,0.0000,-1.6962
0.0000,0.0000,-4.4865
0.0000,0.0000,-1.4843
0.0000,0.0000,-0.0936
0.0000,0.0000,1.6085
0.0000,0.0000,-0.1213
0.0000,0.0000,1.3824
0.0000,0.0000,2.6744
0.0000,0.0000,0.4694
0.0000,0.0000,1.2886
0.0000,0.0000,2.8039
0.0000,0.0000,2.6030
0.0000,0.0000,3.1606
0.0000,0.0000,1.8105
0.0000,0.0000,2.3946
0.0000,0.0000,2.6067
0.0000,0.0000,4.5683
0.0000,0.0000,2.4399
0.0000,0.0000,5.9230
0.0000,0.0000,3.1504
0.0000,0.0000,4.3010
0.0000,0.0000,2.5370
0.0000,0.0000,2.9869
0.0000,0.0000,4.8544
0.0000,0.0000,4.4234
0.0000,0.0000,7.0343
0.0000,0.0000,5.3290
0.0000,0.0000,5.5824
0.0000,0.0000,4.7375
0.0000,0.0000,6.0955
0.0000,0.0000,6.3610
0.0000,0.0000,0.8973
0.0000,0.0000,6.3170
0.0000,0.0000,4.0510
0.0000,0.0000,6.9078
0.0000,0.0000,2.7334
0.0000,0.0000,2.8479
3.1278,13.5756,4.8786
14.7580,64.0537,1.8955
21.9255,95.1626,0.8466
29.9808,130.1251,1.5624
42.1494,182.9402,1.9204
52.9302,229.7317,1.4757
60.0622,260.6866,-0.5758
68.2570,296.2545,2.7766
75.2855,326.7598,2.9620
83.2372,361.2727,3.9201
90.6950,393.6414,4.3040
103.8268,450.6371,-0.1660
100.7221,437.1620,-2.8742
99.0034,429.7021,1.3583
112.2774,487.3150,1.0343
122.0669,529.8044,-0.5143
115.7137,502.2295,0.1764
126.9548,551.0190,-2.8672
127.0898,551.6052,-1.6149
129.9824,564.1597,-2.6992
134.3977,583.3232,0.2224
122.4425,531.4344,-0.5288
117.4096,509.5903,-6.1784
116.5233,505.7436,-3.1084
125.5288,544.8298,-3.7350
121.1454,525.8049,-5.5610
101.0232,438.4688,-5.7700
98.5758,427.8464,-6.0633
103.3669,448.6409,-1.0441
96.6121,419.3233,-3.3693
92.8031,402.7912,-6.6025
89.0856,386.6562,-5.1479
79.7408,346.0972,-6.3375
77.8998,338.1068,-6.4694
61.6352,267.5137,-5.6459
58.3911,253.4334,-5.6797
49.6506,215.4972,-1.2023
43.6762,189.5670,-4.1605
32.4068,140.6544,-6.5448
25.0623,108.7772,-7.4207
16.9098,73.3933,-4.5517
5.4416,23.6179,-3.3567
0.0000,0.0000,-1.8399
0.0000,0.0000,-4.1091
0.0000,0.0000,-2.8132
0.0000,0.0000,-5.4140
0.0000,0.0000,-6.0157
0.0000,0.0000,-2.8417
0.0000,0.0000,-4.3168
0.0000,0.0000,-4.7586
0.0000,0.0000,-4.2718
0.0000,0.0000,-5.3596
0.0000,0.0000,-2.7191
0.0000,0.0000,-2.6584
0.0000,0.0000,-3.3086
0.0000,0.0000,0.9201
0.0000,0.0000,-1.6272
0.0000,0.0000,4.1246
0.0000,0.0000,-0.1756
0.0000,0.0000,-1.3357
0.0000,0.0000,-1.8903
0.0000,0.0000,-2.0866
0.0000,0.0000,0.5347
0.0000,0.0000,0.0785
0.0000,0.0000,1.5320
0.0000,0.0000,0.8823
0.0000,0.0000,0.3965
0.0000,0.0000,4.0476
0.0000,0.0000,4.0817
0.0000,0.0000,0.6962
0.0000,0.0000,6.7438
0.0000,0.0000,3.1217
0.0000,0.0000,2.4756
0.0000,0.0000,2.5849
0.0000,0.0000,1.9020
0.0000,0.0000,2.3953
0.0000,0.0000,2.6705
0.0000,0.0000,5.7350
0.0000,0.0000,4.5950
0.0000,0.0000,5.4655
0.0000,0.0000,4.1700
0.0000,0.0000,3.0031
0.0000,0.0000,6.4762
0.0000,0.0000,6.5228
0.0000,0.0000,6.7392
0.0000,0.0000,6.4723
0.0000,0.0000,6.1683
0.0000,0.0000,6.8391
0.0000,0.0000,4.0264
0.0000,0.0000,2.3234
0.0000,0.0000,7.5689
0.0000,0.0000,4.8903
0.0000,0.0000,4.9577
0.0000,0.0000,3.9421
0.0000,0.0000,5.0887
0.0000,0.0000,3.9757
3.6774,15.9609,2.2853
14.7787,64.1435,5.4068
22.9950,99.8048,3.9034
35.2764,153.1092,0.2416
44.6370,193.7369,2.4877
47.2949,205.2729,2.0205
66.6135,289.1211,2.5308
69.8796,303.2969,3.7099
79.9439,346.9787,1.0139
86.2000,374.1318,0.8560
91.3695,396.5688,2.5062
99.5041,431.8752,0.6550
105.8187,459.2826,3.0919
114.6851,497.7654,2.5185
111.2292,482.7656,1.3352
112.9477,490.2243,0.3076
112.5286,488.4055,1.3132
135.2727,587.1212,-3.3793
123.3240,535.2604,0.4519
126.7133,549.9709,-3.2513
127.5509,553.6065,-3.9046
128.9078,559.4957,-3.6205
133.4734,579.3116,-4.7820
107.2503,465.4960,-3.8647
118.6473,514.9621,-2.2525
124.4195,540.0153,-4.0152
115.1459,499.7653,-5.3135
118.1517,512.8113,-3.0153
109.4957,475.2418,-3.5899
100.8714,437.8099,-4.0182
100.6838,436.9956,-1.8273
87.0153,377.6707,-4.0907
79.5264,345.1668,-4.9582
83.9980,364.5746,-7.5977
65.5709,284.5959,-6.6091
63.8361,277.0662,-2.7225
59.0816,256.4307,-3.7982
44.9162,194.9486,-2.7818
33.6382,145.9991,-5.0997
25.7667,111.8348,-7.4334
16.7190,72.5651,-5.2662
5.6175,24.3813,-2.6897
0.0000,0.0000,-6.9557
0.0000,0.0000,-4.3620
0.0000,0.0000,-6.2420
0.0000,0.0000,-4.1682
0.0000,0.0000,-4.2510
0.0000,0.0000,-4.1952
0.0000,0.0000,-3.6302
0.0000,0.0000,-2.6519
0.0000,0.0000,-2.6987
0.0000,0.0000,-4.1139
0.0000,0.0000,-3.0749
0.0000,0.0000,-2.6947
0.0000,0.0000,-0.8276
0.0000,0.0000,-2.8226
0.0000,0.0000,-1.3211
0.0000,0.0000,-3.8422
0.0000,0.0000,0.3149
0.0000,0.0000,1.6652
0.0000,0.0000,-0.2508
0.0000,0.0000,0.5020
0.0000,0.0000,1.4542
0.0000,0.0000,0.0889
0.0000,0.0000,3.3580
0.0000,0.0000,2.2405
0.0000,0.0000,-0.5611
0.0000,0.0000,2.9800
0.0000,0.0000,-1.4133
0.0000,0.0000,1.7464
0.0000,0.0000,4.2425
0.0000,0.0000,4.3875
0.0000,0.0000,0.5427
0.0000,0.0000,2.7260
0.0000,0.0000,3.5076
0.0000,0.0000,4.2339
0.0000,0.0000,2.5011
0.0000,0.0000,4.5091
0.0000,0.0000,4.6666
0.0000,0.0000,5.0302
0.0000,0.0000,4.7176
0.0000,0.0000,6.0881
0.0000,0.0000,5.7964
0.0000,0.0000,3.8630
0.0000,0.0000,4.2558
0.0000,0.0000,4.8146
0.0000,0.0000,3.9458
0.0000,0.0000,6.3405
0.0000,0.0000,8.4394
0.0000,0.0000,2.1451
0.0000,0.0000,5.1378
0.0000,0.0000,6.4592
0.0000,0.0000,5.2842
0.0000,0.0000,4.5266
0.0000,0.0000,2.2915
0.0000,0.0000,4.4173
3.8003,16.4943,1.4967
14.0503,60.9823,6.1229
25.0630,108.7804,7.2008
30.5003,132.3797,2.7863
43.4714,188.6778,2.2438
48.3047,209.6557,0.4765
52.2942,226.9713,2.4905
68.2371,296.1679,0.8175
75.7909,328.9537,2.4335
78.3255,339.9546,4.4107
93.8298,407.2474,0.6185
94.9330,412.0357,1.6542
96.2539,417.7688,1.9446
102.0087,442.7461,-0.3795
107.8086,467.9193,0.0818
103.0875,447.4285,-2.2740
114.1347,495.3763,1.1949
126.9085,550.8184,2.0208
128.5580,557.9774,-1.8985
139.6069,605.9326,-1.3103
135.9182,589.9228,-1.8469
132.4860,575.0260,-1.7971
119.5632,518.9373,-4.7691
130.7557,567.5162,-2.7972
117.4461,509.7485,-4.2935
119.2432,517.5486,-1.7953
125.7396,545.7448,-0.2235
120.8304,524.4375,-4.9662
114.8011,498.2685,-2.2769
85.7669,372.2523,-4.7074
92.1628,400.0121,-3.7157
87.1525,378.2661,-5.6223
90.2473,391.6982,-5.1409
75.5909,328.0853,-3.7359
57.7741,250.7555,-2.7862
58.2012,252.6096,-5.8304
51.1582,222.0409,-4.0681
41.8025,181.4346,-2.1059
38.0679,165.2252,-3.8710
27.0761,117.5176,-4.5484
16.6892,72.4356,-3.6067
7.0805,30.7312,-3.6321
0.0000,0.0000,-4.8598
0.0000,0.0000,-2.9474
0.0000,0.0000,-1.8059
0.0000,0.0000,-3.2927
0.0000,0.0000,-6.1788
0.0000,0.0000,-1.5655
0.0000,0.0000,-2.5560
0.0000,0.0000,-4.3148
0.0000,0.0000,-4.2383
0.0000,0.0000,-4.3899
0.0000,0.0000,-0.0634
0.0000,0.0000,-1.7250
0.0000,0.0000,0.1421
0.0000,0.0000,-0.0320
0.0000,0.0000,-1.3685
0.0000,0.0000,2.2065
0.0000,0.0000,0.6053
0.0000,0.0000,-0.9003
0.0000,0.0000,1.4046
0.0000,0.0000,-0.1187
0.0000,0.0000,0.1541
0.0000,0.0000,1.3252
0.0000,0.0000,-1.3031
0.0000,0.0000,4.8379
0.0000,0.0000,3.1062
0.0000,0.0000,3.0943
0.0000,0.0000,3.3898
0.0000,0.0000,1.8913
0.0000,0.0000,3.8343
0.0000,0.0000,4.1006
0.0000,0.0000,5.1318
0.0000,0.0000,4.2378
0.0000,0.0000,3.8268
0.0000,0.0000,1.7984
0.0000,0.0000,4.9562
0.0000,0.0000,6.9637
0.0000,0.0000,5.9307
0.0000,0.0000,4.9285
0.0000,0.0000,7.8183
0.0000,0.0000,6.4641
0.0000,0.0000,7.2592
0.0000,0.0000,5.6887
0.0000,0.0000,6.1746
0.0000,0.0000,2.9404
0.0000,0.0000,4.2071
0.0000,0.0000,5.1707
0.0000,0.0000,5.4735
0.0000,0.0000,6.9587
0.0000,0.0000,6.1296
0.0000,0.0000,3.4483
0.0000,0.0000,2.7342
0.0000,0.0000,2.7811
0.0000,0.0000,3.3561
0.0000,0.0000,4.9930
4.4733,19.4153,2.0737
15.8031,68.5897,8.3091
25.1461,109.1413,1.2111
35.0164,151.9810,2.9032
42.0954,182.7058,2.6761
49.0721,212.9866,4.8544
57.1575,248.0795,1.6689
66.5505,288.8477,0.7134
76.5968,332.4516,0.6577
94.1895,408.8084,0.8252
88.9355,386.0046,1.1654
102.4120,444.4966,1.0156
110.3989,479.1620,1.0059
94.1879,408.8016,1.1151
110.3981,479.1586,0.1567
112.9332,490.1617,-0.2988
115.7166,502.2420,1.6898
124.5098,540.4072,0.7407
119.2879,517.7427,-1.6892
118.5756,514.6509,-1.8419
142.4109,618.1027,-5.5502
139.5918,605.8669,-1.4953
127.1678,551.9435,-2.9569
126.6517,549.7037,-3.3853
119.7315,519.6680,0.1425
122.1698,530.2507,-3.4107
120.5940,523.4116,-0.2629
98.1229,425.8805,-2.1397
99.2180,430.6336,-3.0707
103.6269,449.7695,-4.6943
96.1572,417.3488,-5.8902
98.9068,429.2829,-2.8725
83.3919,361.9438,-4.7062
76.4184,331.6769,-7.1878
69.4389,301.3842,-3.1672
65.4607,284.1176,-2.1116
55.5901,241.2764,-4.1496
47.2128,204.9169,-1.6584
40.1021,174.0541,-6.4557
28.0043,121.5462,-3.7388
16.9851,73.7202,-5.3839
6.5178,28.2891,-5.7006
0.0000,0.0000,-2.6035
0.0000,0.0000,-6.3791
0.0000,0.0000,-5.4999
0.0000,0.0000,-4.3838
0.0000,0.0000,-3.2907
0.0000,0.0000,-0.9192
0.0000,0.0000,-5.0361
0.0000,0.0000,-2.7598
0.0000,0.0000,-4.6181
0.0000,0.0000,-1.2210
0.0000,0.0000,0.0906
0.0000,0.0000,-2.9123
0.0000,0.0000,-0.1625
0.0000,0.0000,-0.8368
0.0000,0.0000,0.1267
0.0000,0.0000,-0.6251
0.0000,0.0000,-1.1448
0.0000,0.0000,-1.4095
0.0000,0.0000,0.8770
0.0000,0.0000,0.0583
0.0000,0.0000,-0.1247
0.0000,0.0000,0.3777
0.0000,0.0000,0.8412
0.0000,0.0000,2.0428
0.0000,0.0000,-3.1034
0.0000,0.0000,2.1480
0.0000,0.0000,1.4134
0.0000,0.0000,5.5645
0.0000,0.0000,4.1908
0.0000,0.0000,3.1088
0.0000,0.0000,3.0209
0.0000,0.0000,5.6242
0.0000,0.0000,5.3191
0.0000,0.0000,5.3811
0.0000,0.0000,3.6992
0.0000,0.0000,6.2086
0.0000,0.0000,4.6796
0.0000,0.0000,4.8989
0.0000,0.0000,2.8140
0.0000,0.0000,5.7857
0.0000,0.0000,5.7375
0.0000,0.0000,4.9503
0.0000,0.0000,8.8780
0.0000,0.0000,4.2334
0.0000,0.0000,5.2345
0.0000,0.0000,6.5034
0.0000,0.0000,5.2257
0.0000,0.0000,2.4479
0.0000,0.0000,4.2973
0.0000,0.0000,5.6544
0.0000,0.0000,6.3006
0.0000,0.0000,6.1149
0.0000,0.0000,4.2533
0.0000,0.0000,4.7268
4.4178,19.1747,5.0826
14.1723,61.5117,3.2437
19.5499,84.8518,3.0667
35.1606,152.6067,2.6575
47.1682,204.7232,5.0913
51.4051,223.1124,4.3775
60.8141,263.9502,3.8889
75.6489,328.3371,2.7361
83.9224,364.2465,4.2176
86.9530,377.4001,3.6331
85.7995,372.3937,1.0528
93.6801,406.5977,1.2660
103.4312,448.9203,0.2998
110.9876,481.7169,-0.9368
115.6898,502.1259,2.6846
112.7327,489.2913,2.1779
112.3639,487.6904,-0.1706
124.7991,541.6627,-0.2124
115.4259,500.9805,-2.4727
129.8289,563.4935,-0.6008
129.6456,562.6981,-1.7548
128.7998,559.0269,-3.9447
131.1225,569.1080,-1.3999
131.1807,569.3607,-2.1917
128.3883,557.2408,-1.6552
131.4021,570.3215,-2.0326
127.7213,554.3459,-2.6634
119.7419,519.7133,-3.9911
110.7524,480.6963,-4.5285
96.4521,418.6291,-5.2144
103.2820,448.2726,-4.9604
100.8416,437.6807,-3.6019
77.8112,337.7223,-2.6310
83.1274,360.7962,-4.0732
73.2312,317.8439,-2.6174
67.0710,291.1068,-5.4226
51.8586,225.0806,-4.5055
46.2207,200.6108,-0.0268
36.8762,160.0531,-3.7671
27.1924,118.0226,-2.2026
16.7581,72.7349,-5.2286
7.7003,33.4214,-1.9763
0.0000,0.0000,-4.1515
0.0000,0.0000,-6.3070
0.0000,0.0000,-4.4413
0.0000,0.0000,-2.9794
0.0000,0.0000,-3.9274
0.0000,0.0000,-0.3192
0.0000,0.0000,-5.5804
0.0000,0.0000,-2.7396
0.0000,0.0000,-2.8312
0.0000,0.0000,-1.7538
0.0000,0.0000,-3.0595
0.0000,0.0000,-1.0857
0.0000,0.0000,0.1315
0.0000,0.0000,-0.4247
0.0000,0.0000,1.2041
0.0000,0.0000,-0.5626
0.0000,0.0000,-1.6371
0.0000,0.0000,1.5272
0.0000,0.0000,0.3305
0.0000,0.0000,-0.1741
0.0000,0.0000,1.2732
0.0000,0.0000,1.1730
0.0000,0.0000,1.3666
0.0000,0.0000,1.7641
0.0000,0.0000,4.8679
0.0000,0.0000,3.0809
0.0000,0.0000,2.7844
0.0000,0.0000,3.1016
0.0000,0.0000,4.6528
0.0000,0.0000,2.8241
0.0000,0.0000,3.0307
0.0000,0.0000,5.4153
0.0000,0.0000,5.0439
0.0000,0.0000,4.0655
0.0000,0.0000,3.6939
0.0000,0.0000,6.6084
0.0000,0.0000,6.6349
0.0000,0.0000,8.5362
0.0000,0.0000,4.4446
0.0000,0.0000,5.3612
0.0000,0.0000,6.4575
0.0000,0.0000,6.6187
0.0000,0.0000,5.6941
0.0000,0.0000,5.9773
0.0000,0.0000,6.7651
0.0000,0.0000,3.5373
0.0000,0.0000,5.5646
0.0000,0.0000,7.4825
0.0000,0.0000,4.2786
0.0000,0.0000,4.8586
0.0000,0.0000,5.3664
0.0000,0.0000,4.6645
0.0000,0.0000,3.5325
0.0000,0.0000,3.2689
5.4880,23.8196,4.9505
16.1157,69.9467,5.7732
26.0178,112.9243,4.0415
34.0577,147.8198,4.1101
42.8298,185.8933,2.8071
57.6017,250.0076,5.5648
66.7834,289.8587,3.0423
66.7911,289.8920,3.4345
71.6065,310.7920,3.8277
84.7223,367.7184,4.6425
96.9081,420.6080,-1.0443
107.1889,465.2297,1.5338
106.2698,461.2403,-0.5307
112.3477,487.6201,-0.1040
119.6535,519.3292,2.4449
108.8467,472.4250,2.1223
112.1357,486.7001,2.3607
124.2384,539.2290,3.2527
123.8662,537.6138,-1.2447
122.3341,530.9638,0.4976
125.3977,544.2610,0.6421
125.8768,546.3402,0.5073
132.9679,577.1177,-2.4519
127.5562,553.6294,-1.2543
130.1950,565.0825,-1.8603
115.9502,503.2562,-2.9836
132.0410,573.0947,-2.0938
116.7668,506.8003,-3.1868
114.4909,496.9223,-1.0354
115.6141,501.7971,-1.6600
112.6753,489.0421,-2.6857
102.6905,445.7054,-0.1946
84.5951,367.1662,-3.6851
85.6803,371.8764,-2.6658
78.3209,339.9347,-4.0650
62.9666,273.2925,-3.0026
55.3093,240.0576,-4.2472
44.6449,193.7712,-4.8022
39.4631,171.2808,-7.2588
24.9978,108.4973,-5.0751
17.9780,78.0294,-5.3087
7.4419,32.3001,-3.3971
0.0000,0.0000,-1.1736
0.0000,0.0000,-2.1332
0.0000,0.0000,-0.1982
0.0000,0.0000,-5.1273
0.0000,0.0000,0.5318
0.0000,0.0000,-2.9335
0.0000,0.0000,-1.0322
0.0000,0.0000,-1.0438
0.0000,0.0000,-3.0487
0.0000,0.0000,-1.6099
0.0000,0.0000,-3.2358
0.0000,0.0000,-1.9256
0.0000,0.0000,-0.2036
0.0000,0.0000,-1.0375
0.0000,0.0000,-1.7863
0.0000,0.0000,0.2399
0.0000,0.0000,1.8262
0.0000,0.0000,0.7910
0.0000,0.0000,2.3696
0.0000,0.0000,0.7644
0.0000,0.0000,2.6472
0.0000,0.0000,0.7684
0.0000,0.0000,2.5146
0.0000,0.0000,4.3065
0.0000,0.0000,4.9167
0.0000,0.0000,4.9288
0.0000,0.0000,4.6860
0.0000,0.0000,4.1608
0.0000,0.0000,3.6853
0.0000,0.0000,3.5705
0.0000,0.0000,5.8740
0.0000,0.0000,4.1093
0.0000,0.0000,9.0223
0.0000,0.0000,7.0188
0.0000,0.0000,5.7152
0.0000,0.0000,4.6198
0.0000,0.0000,2.9802
0.0000,0.0000,2.9563
0.0000,0.0000,7.2709
0.0000,0.0000,6.7599
0.0000,0.0000,3.3140
0.0000,0.0000,4.3619
0.0000,0.0000,6.0578
0.0000,0.0000,6.8166
0.0000,0.0000,6.3133
0.0000,0.0000,4.4950
0.0000,0.0000,6.1911
0.0000,0.0000,7.4657
0.0000,0.0000,4.6231
0.0000,0.0000,6.3494
0.0000,0.0000,6.6700
0.0000,0.0000,8.3871
0.0000,0.0000,5.2818
0.0000,0.0000,6.1811
6.1575,26.7251,4.1223
14.6732,63.6856,4.1461
25.7580,111.7969,5.5464
35.8808,155.7326,3.5137
43.2428,187.6856,3.3294
57.1493,248.0438,3.4785
59.2136,257.0035,4.4229
70.6026,306.4348,4.7877
78.9028,342.4601,0.5125
94.9556,412.1335,3.9356
92.6393,402.0804,1.7178
101.0864,438.7430,1.0339
112.1355,486.6992,4.2847
115.4102,500.9122,1.1786
117.2313,508.8163,1.2278
119.6723,519.4109,-1.0845
127.1182,551.7285,1.6056
129.7637,563.2104,-0.3516
128.1994,556.4210,0.1119
133.6877,580.2419,2.7601
130.2979,565.5293,-6.4089
125.7883,545.9563,-2.1447
125.8930,546.4106,-0.3019
120.0508,521.0536,-0.9715
130.5575,566.6559,-2.9198
119.7895,519.9199,-1.6182
106.0890,460.4559,-2.5328
105.2675,456.8901,-0.9588
114.5522,497.1885,-1.2183
103.9584,451.2084,0.5060
105.1235,456.2653,-2.9173
83.6369,363.0076,-3.9304
91.8414,398.6173,-1.8060
88.0537,382.1774,-4.7194
72.8615,316.2390,-3.6072
62.1428,269.7172,-5.4241
54.9037,238.2975,1.6343
46.1601,200.3475,-5.0266
35.7975,155.3713,-3.2594
30.3093,131.5506,-3.0561
18.9829,82.3910,-4.1244
8.6537,37.5595,-3.4016
0.0000,0.0000,-3.4703
0.0000,0.0000,-4.6635
0.0000,0.0000,-1.7378
0.0000,0.0000,-1.1859
0.0000,0.0000,-3.1827
0.0000,0.0000,-1.8422
0.0000,0.0000,-1.0294
0.0000,0.0000,-0.2746
0.0000,0.0000,0.3225
0.0000,0.0000,-5.9010
0.0000,0.0000,0.1962
0.0000,0.0000,-2.4781
0.0000,0.0000,-3.5133
0.0000,0.0000,2.9601
0.0000,0.0000,3.2359
0.0000,0.0000,1.8046
0.0000,0.0000,1.1480
0.0000,0.0000,2.4539
0.0000,0.0000,0.5106
0.0000,0.0000,1.7658
0.0000,0.0000,3.0817
0.0000,0.0000,5.0776
0.0000,0.0000,2.1354
0.0000,0.0000,6.8991
0.0000,0.0000,1.8883
0.0000,0.0000,4.6246
0.0000,0.0000,5.0299
0.0000,0.0000,3.3181
0.0000,0.0000,2.3494
0.0000,0.0000,7.0635
0.0000,0.0000,7.3486
0.0000,0.0000,4.7279
0.0000,0.0000,5.1293
0.0000,0.0000,7.2394
0.0000,0.0000,6.7836
0.0000,0.0000,6.4699
0.0000,0.0000,4.0126
0.0000,0.0000,5.9200
0.0000,0.0000,6.2681
0.0000,0.0000,4.3918
0.0000,0.0000,6.9600
0.0000,0.0000,6.9888
0.0000,0.0000,8.4730
0.0000,0.0000,5.7224
0.0000,0.0000,7.7025
0.0000,0.0000,7.9483
0.0000,0.0000,5.1258
0.0000,0.0000,5.4981
0.0000,0.0000,6.6777
0.0000,0.0000,5.5231
0.0000,0.0000,6.5694
0.0000,0.0000,6.4620
0.0000,0.0000,6.0689
0.0000,0.0000,4.1507
5.6626,24.5773,5.0403
15.2761,66.3025,3.7007
26.7447,116.0793,5.0069
36.1718,156.9956,6.4656
41.5296,180.2501,6.7806
53.1473,230.6742,2.4309
63.2343,274.4543,6.3837
68.5106,297.3551,5.0681
80.5506,349.6118,4.4327
88.3340,383.3942,4.8526
93.1665,404.3686,4.8150
112.1666,486.8341,-0.0953
106.0259,460.1817,1.9183
104.8174,454.9366,2.2021
118.1299,512.7167,1.3868
116.4603,505.4699,0.3933
130.2573,565.3528,-0.0619
130.7887,567.6592,0.4681
121.8604,528.9080,-2.4654
124.2440,539.2534,-0.2206
136.1608,590.9755,-0.8327
131.9010,572.4872,-0.3966
133.9015,581.1697,-2.1603
127.1094,551.6902,-3.2001
120.7489,524.0837,-0.4877
118.7171,515.2652,-1.2260
124.1317,538.7662,-3.2768
109.7730,476.4453,-1.0575
112.7315,489.2860,-3.6430
102.8722,446.4941,-5.7622
95.3615,413.8952,-1.1905
98.7719,428.6976,-0.7061
85.8530,372.6260,-3.0372
78.3739,340.1644,-3.9104
71.2507,309.2478,-2.8641
73.7245,319.9850,-5.1678
56.7883,246.4771,-0.3093
53.3509,231.5576,-2.0532
36.5045,158.4397,-2.3216
31.2070,135.4469,-4.6028
18.6984,81.1563,-4.5742
9.5878,41.6138,-1.2051
0.0000,0.0000,-1.3274
0.0000,0.0000,-3.4859
0.0000,0.0000,-3.0681
0.0000,0.0000,-2.9776
0.0000,0.0000,-3.6036
0.0000,0.0000,-1.2655
0.0000,0.0000,-1.0713
0.0000,0.0000,-1.0051
0.0000,0.0000,-1.1381
0.0000,0.0000,0.6998
0.0000,0.0000,0.7264
0.0000,0.0000,-0.3860
0.0000,0.0000,-1.9244
0.0000,0.0000,-1.6854
0.0000,0.0000,0.5216
0.0000,0.0000,-0.1517
0.0000,0.0000,-1.3285
0.0000,0.0000,3.2332
0.0000,0.0000,2.5489
0.0000,0.0000,4.3574
0.0000,0.0000,3.1072
0.0000,0.0000,0.4206
0.0000,0.0000,2.7727
0.0000,0.0000,5.9945
0.0000,0.0000,5.1865
0.0000,0.0000,3.2569
0.0000,0.0000,2.9089
0.0000,0.0000,4.3223
0.0000,0.0000,4.8607
0.0000,0.0000,8.0772
0.0000,0.0000,6.8522
0.0000,0.0000,6.4109
0.0000,0.0000,5.8829
0.0000,0.0000,5.8051
0.0000,0.0000,6.7596
0.0000,0.0000,3.5577
0.0000,0.0000,6.9124
0.0000,0.0000,8.2524
0.0000,0.0000,7.1544
0.0000,0.0000,5.1602
0.0000,0.0000,7.3614
0.0000,0.0000,5.8410
0.0000,0.0000,7.7449
0.0000,0.0000,7.6463
0.0000,0.0000,3.5881
0.0000,0.0000,6.4542
0.0000,0.0000,4.2603
0.0000,0.0000,6.8444
0.0000,0.0000,6.2486
0.0000,0.0000,8.0026
0.0000,0.0000,6.8135
0.0000,0.0000,4.9979
0.0000,0.0000,6.5969
0.0000,0.0000,7.4844
7.8364,34.0123,1.8068
16.6975,72.4717,6.2191
26.7562,116.1292,5.0897
33.5093,145.4399,5.9446
50.1075,217.4803,3.4038
54.8098,237.8896,6.3542
65.1757,282.8804,3.7706
75.3771,327.1576,2.9552
79.2635,344.0256,5.9488
82.4411,357.8175,1.6109
88.7982,385.4088,3.8079
110.6099,480.0775,1.5655
108.2810,469.9695,2.7738
98.3692,426.9499,1.7376
109.6181,475.7732,0.1084
125.0181,542.6133,1.2092
116.2627,504.6124,0.5591
127.8233,554.7885,0.9639
119.1530,517.1571,1.6559
128.4516,557.5158,1.4445
126.4888,548.9965,0.4345
140.0706,607.9454,1.9229
139.9652,607.4880,-1.2228
131.3276,569.9982,-0.3068
116.1970,504.3272,-2.9144
113.2257,491.4311,-0.2202
124.2045,539.0822,-3.3724
131.6707,571.4876,-1.6777
114.7853,498.2000,-1.2933
108.1318,469.3222,-0.9031
94.4672,410.0141,-2.5716
105.0479,455.9373,-3.4325
92.7769,402.6777,-0.0497
83.1804,361.0260,-2.1474
70.7524,307.0853,-3.0032
61.8417,268.4103,-3.3813
59.4695,258.1143,-1.9543
50.0824,217.3714,-4.1324
39.7621,172.5784,-2.5045
29.5101,128.0818,-3.4549
20.9339,90.8589,-2.2157
9.6192,41.7501,-2.9573
0.0000,0.0000,-5.4868
0.0000,0.0000,-3.5062
0.0000,0.0000,-2.7748
0.0000,0.0000,-4.4852
0.0000,0.0000,0.1913
0.0000,0.0000,-0.5710
0.0000,0.0000,-2.7314
0.0000,0.0000,-1.8757
0.0000,0.0000,-1.6938
0.0000,0.0000,-0.1644
0.0000,0.0000,-1.2726
0.0000,0.0000,1.4724
0.0000,0.0000,0.2982
0.0000,0.0000,2.3476
0.0000,0.0000,-1.4816
0.0000,0.0000,1.6428
0.0000,0.0000,0.4103
0.0000,0.0000,1.6970
0.0000,0.0000,2.9112
0.0000,0.0000,4.4213
0.0000,0.0000,3.3809
0.0000,0.0000,0.6552
0.0000,0.0000,4.7573
0.0000,0.0000,3.1053
0.0000,0.0000,5.1096
0.0000,0.0000,2.2349
0.0000,0.0000,4.6178
0.0000,0.0000,4.1199
0.0000,0.0000,3.7811
0.0000,0.0000,4.4764
0.0000,0.0000,4.9515
0.0000,0.0000,2.8806
0.0000,0.0000,7.1742
0.0000,0.0000,7.8168
0.0000,0.0000,4.4953
0.0000,0.0000,7.3513
0.0000,0.0000,3.5318
0.0000,0.0000,6.6434
0.0000,0.0000,7.9541
0.0000,0.0000,7.3943
0.0000,0.0000,8.0008
0.0000,0.0000,7.1243
0.0000,0.0000,7.1797
0.0000,0.0000,7.4697
0.0000,0.0000,9.0719
0.0000,0.0000,6.0522
0.0000,0.0000,4.9231
0.0000,0.0000,7.4019
0.0000,0.0000,4.9356
0.0000,0.0000,5.7788
0.0000,0.0000,7.9683
0.0000,0.0000,6.3699
0.0000,0.0000,4.2014
0.0000,0.0000,6.9234
8.0008,34.7257,5.7224
18.1760,78.8890,4.4918
27.8292,120.7863,4.6160
41.2400,178.9931,3.9808
41.3538,179.4870,4.6206
57.1012,247.8352,5.0288
58.4620,253.7415,4.9853
71.7202,311.2857,1.7576
87.2596,378.7311,4.3541
89.0564,386.5294,1.5748
96.2184,417.6144,0.6531
104.8734,455.1797,2.4830
100.5597,436.4571,3.5068
99.4944,431.8333,1.7730
115.4399,501.0412,4.6099
124.4355,540.0848,1.4847
123.6463,536.6593,0.9011
121.4922,527.3098,-0.5780
145.5173,631.5853,1.5182
123.9418,537.9418,1.3515
134.2063,582.4927,-1.3464
129.4856,562.0035,-1.3185
120.5570,523.2509,0.3992
124.2547,539.3000,-1.9444
130.8646,567.9889,-1.1961
138.7768,602.3300,-1.9672
128.6373,558.3215,1.0957
111.6276,484.4948,-1.8227
118.5718,514.6345,-3.8544
103.0307,447.1817,-1.8100
104.5420,453.7412,-2.1209
100.6580,436.8838,-2.3626
101.8484,442.0502,-1.6901
89.6994,389.3204,0.2630
76.7182,332.9785,-4.0560
66.2406,287.5026,-2.3501
60.2036,261.3002,-2.3029
46.7209,202.7818,-3.4897
42.3914,183.9906,-4.4038
32.0291,139.0151,-3.0771
20.3596,88.3662,-2.1888
10.8453,47.0717,-4.8173
0.2491,1.0812,-1.6042
0.0000,0.0000,-2.8760
0.0000,0.0000,-3.1430
0.0000,0.0000,-0.7740
0.0000,0.0000,-1.3669
0.0000,0.0000,-0.6985
0.0000,0.0000,-1.8901
0.0000,0.0000,-1.3537
0.0000,0.0000,-1.3048
0.0000,0.0000,-1.7314
0.0000,0.0000,1.8388
0.0000,0.0000,2.2315
0.0000,0.0000,-0.1135
0.0000,0.0000,0.3875
0.0000,0.0000,2.4736
0.0000,0.0000,0.0083
0.0000,0.0000,2.5026
0.0000,0.0000,2.4253
0.0000,0.0000,1.7698
0.0000,0.0000,2.0260
0.0000,0.0000,3.1147
0.0000,0.0000,3.4952
0.0000,0.0000,-0.4759
0.0000,0.0000,3.3031
0.0000,0.0000,1.3862
0.0000,0.0000,3.9516
0.0000,0.0000,4.8243
0.0000,0.0000,3.2765
0.0000,0.0000,5.1787
0.0000,0.0000,4.7190
0.0000,0.0000,6.0695
0.0000,0.0000,5.8474
0.0000,0.0000,6.8229
0.0000,0.0000,6.2527
0.0000,0.0000,6.5368
0.0000,0.0000,7.8211
0.0000,0.0000,7.1393
0.0000,0.0000,7.5543
0.0000,0.0000,6.6123
0.0000,0.0000,9.0770
0.0000,0.0000,6.9438
0.0000,0.0000,7.9206
0.0000,0.0000,7.2129
0.0000,0.0000,4.7131
0.0000,0.0000,7.0439
0.0000,0.0000,5.0638
0.0000,0.0000,7.0807
0.0000,0.0000,7.7605
0.0000,0.0000,7.7491
0.0000,0.0000,5.6044
0.0000,0.0000,9.0518
0.0000,0.0000,8.0445
0.0000,0.0000,4.0908
0.0000,0.0000,9.3785
8.1009,35.1603,4.3572
16.5924,72.0155,5.7044
28.0496,121.7430,6.0801
37.0854,160.9610,8.4270
47.0027,204.0047,4.2415
56.0554,243.2958,3.3604
70.4688,305.8543,5.0399
69.1265,300.0284,4.6695
80.6336,349.9721,5.7354
96.6709,419.5787,2.4034
100.7949,437.4777,4.2428
105.5363,458.0568,6.0200
115.5135,501.3607,2.4370
120.1586,521.5215,5.0147
118.4136,513.9481,4.3342
113.1551,491.1247,2.9650
130.8216,567.8022,1.7164
123.3205,535.2452,2.1569
140.4600,609.6354,4.0084
134.8899,585.4597,-1.6030
132.1330,573.4940,1.9593
139.6851,606.2721,0.0928
134.9270,585.6207,-0.7694
119.0576,516.7429,-0.8205
126.0012,546.8801,-0.0762
128.8171,559.1019,0.5528
121.7828,528.5713,-1.8583
123.7981,537.3182,0.7252
111.8075,485.2755,-1.7151
116.8171,507.0188,-0.3265
96.9997,421.0059,-3.3875
99.9812,433.9460,-3.6722
94.4858,410.0946,-3.8663
82.0812,356.2553,-0.3480
71.6274,310.8828,-2.9959
66.2846,287.6937,-2.6860
58.5295,254.0343,-2.4932
51.1724,222.1024,-2.5386
38.5354,167.2545,-5.1065
31.6531,137.3831,-3.8747
22.9839,99.7566,-0.1875
10.7534,46.6727,0.2619
0.7781,3.3773,-2.5636
0.0000,0.0000,-4.5813
0.0000,0.0000,-4.6535
0.0000,0.0000,-0.4050
0.0000,0.0000,-2.9485
0.0000,0.0000,-0.5722
0.0000,0.0000,0.6394
0.0000,0.0000,-0.5367
0.0000,0.0000,-1.3217
0.0000,0.0000,-0.7315
0.0000,0.0000,-2.4773
0.0000,0.0000,0.3665
0.0000,0.0000,-0.5568
0.0000,0.0000,0.7111
0.0000,0.0000,1.9682
0.0000,0.0000,1.1022
0.0000,0.0000,-0.3489
0.0000,0.0000,-0.5641
0.0000,0.0000,0.4492
0.0000,0.0000,2.4971
0.0000,0.0000,1.2621
0.0000,0.0000,2.1027
0.0000,0.0000,2.0840
0.0000,0.0000,1.3759
0.0000,0.0000,6.7182
0.0000,0.0000,2.5363
0.0000,0.0000,4.0936
0.0000,0.0000,3.4514
0.0000,0.0000,4.9957
0.0000,0.0000,7.8796
0.0000,0.0000,4.7423
0.0000,0.0000,7.1410
0.0000,0.0000,3.4655
0.0000,0.0000,5.9110
0.0000,0.0000,8.6702
0.0000,0.0000,8.4751
0.0000,0.0000,4.2795
0.0000,0.0000,7.8111
0.0000,0.0000,6.8693
0.0000,0.0000,7.5846
0.0000,0.0000,8.5522
0.0000,0.0000,3.7700
0.0000,0.0000,8.1723
0.0000,0.0000,8.9328
0.0000,0.0000,8.0893
0.0000,0.0000,8.1631
0.0000,0.0000,6.0069
0.0000,0.0000,6.3598
0.0000,0.0000,5.7353
0.0000,0.0000,8.4849
0.0000,0.0000,4.4270
0.0000,0.0000,8.3314
0.0000,0.0000,7.3118
0.0000,0.0000,8.1106
8.3634,36.2997,7.9716
18.8182,81.6761,3.8260
27.2946,118.4661,5.1962
37.6549,163.4326,5.0299
43.6777,189.5733,3.2048
55.3263,240.1314,6.9761
69.0022,299.4888,7.1918
72.6685,315.4016,6.0853
82.1795,356.6819,6.5587
90.7123,393.7167,4.1902
97.9602,425.1745,5.9349
104.1749,452.1481,3.2743
114.5464,497.1633,4.1052
117.3292,509.2413,3.5842
121.0728,525.4894,-0.7047
128.6489,558.3719,3.3330
129.6998,562.9332,4.0248
130.0547,564.4733,1.7792
121.1780,525.9464,0.7725
141.2063,612.8748,1.5048
134.2219,582.5603,-0.2320
128.5231,557.8258,-1.1743
143.3073,621.9935,-0.5132
132.7465,576.1566,-1.7807
123.3637,535.4327,-1.5172
122.3805,531.1653,1.9485
130.5217,566.5005,-1.0744
119.3840,518.1599,-1.1494
120.8944,524.7152,-0.3377
107.7529,467.6777,-0.5060
102.9774,446.9506,-4.0008
102.4574,444.6936,0.9530
89.8801,390.1047,-2.4545
84.5485,366.9641,-3.3263
75.1043,325.9736,-3.8762
75.2744,326.7118,-1.5166
59.0185,256.1566,-1.6868
51.6323,224.0983,-1.9634
41.4517,179.9119,-3.5919
28.1701,122.2659,0.9473
20.7598,90.1035,-2.4624
12.6526,54.9158,-4.0951
1.3576,5.8924,-0.6301
0.0000,0.0000,-4.3924
0.0000,0.0000,-3.0783
0.0000,0.0000,0.6854
0.0000,0.0000,-2.4934
0.0000,0.0000,-1.6749
0.0000,0.0000,-1.1552
0.0000,0.0000,-1.6099
0.0000,0.0000,0.7343
0.0000,0.0000,0.9925
0.0000,0.0000,1.6546
0.0000,0.0000,0.9362
0.0000,0.0000,0.5085
0.0000,0.0000,1.7561
0.0000,0.0000,3.4076
0.0000,0.0000,0.5430
0.0000,0.0000,2.5074
0.0000,0.0000,-0.5758
0.0000,0.0000,-0.6530
0.0000,0.0000,3.2718
0.0000,0.0000,3.3723
0.0000,0.0000,4.3927
0.0000,0.0000,1.7263
0.0000,0.0000,1.9202
0.0000,0.0000,4.2284
0.0000,0.0000,4.0574
0.0000,0.0000,5.3898
0.0000,0.0000,4.7153
0.0000,0.0000,4.2529
0.0000,0.0000,7.7724
0.0000,0.0000,6.2599
0.0000,0.0000,5.9982
0.0000,0.0000,6.8869
0.0000,0.0000,9.6031
0.0000,0.0000,6.8401
0.0000,0.0000,6.5889
0.0000,0.0000,3.7621
0.0000,0.0000,8.9526
0.0000,0.0000,7.9103
0.0000,0.0000,10.4657
0.0000,0.0000,7.4672
0.0000,0.0000,9.3659
0.0000,0.0000,9.2842
0.0000,0.0000,6.4808
0.0000,0.0000,6.0702
0.0000,0.0000,8.0849
0.0000,0.0000,8.9821
0.0000,0.0000,5.4054
0.0000,0.0000,8.8292
0.0000,0.0000,6.2864
0.0000,0.0000,5.4144
0.0000,0.0000,7.6874
0.0000,0.0000,8.1964
0.0000,0.0000,8.9440
9.7897,42.4899,7.7425
17.3341,75.2348,6.9410
30.5148,132.4427,5.8212
43.7873,190.0489,3.6996
47.2089,204.8997,5.1385
56.0440,243.2464,6.4939
69.3015,300.7876,5.5036
78.1392,339.1460,8.2850
82.1317,356.4745,3.9027
77.2820,335.4255,5.0387
89.5035,388.4700,5.2423
102.9124,446.6686,5.9894
101.2672,439.5280,3.8681
105.8723,459.5151,3.7486
106.8829,463.9013,4.0078
122.8190,533.0688,4.3630
129.2228,560.8630,1.4845
131.0011,568.5810,2.6976
116.8940,507.3525,3.4330
131.9767,572.8157,2.5094
114.2169,495.7333,1.5770
139.5155,605.5362,0.8290
131.2850,569.8134,-2.4506
136.8476,593.9568,1.6164
139.4223,605.1313,-1.1314
125.4285,544.3946,-0.1252
117.1205,508.3355,-1.6420
137.2913,595.8822,-2.1245
130.4908,566.3663,-1.1662
107.6723,467.3275,-1.2953
105.7854,459.1378,0.8981
98.5243,427.6229,-4.0340
94.3646,409.5687,-1.5020
84.1611,365.2827,-0.9397
79.0688,343.1807,-1.4444
72.0119,312.5518,-1.5308
62.0720,269.4097,0.1052
46.1897,200.4763,0.0943
41.9860,182.2309,-1.4302
32.8058,142.3863,-2.7079
22.2825,96.7123,-2.3407
12.4350,53.9713,-1.4119
1.8294,7.9403,-3.9993
0.0000,0.0000,0.7447
0.0000,0.0000,1.0369
0.0000,0.0000,-1.2036
0.0000,0.0000,-3.0970
0.0000,0.0000,-1.9931
0.0000,0.0000,0.8658
0.0000,0.0000,-2.6838
0.0000,0.0000,0.2803
0.0000,0.0000,-0.3594
0.0000,0.0000,0.0174
0.0000,0.0000,-0.5584
0.0000,0.0000,1.8481
0.0000,0.0000,-1.0102
0.0000,0.0000,2.2000
0.0000,0.0000,1.8528
0.0000,0.0000,0.9482
0.0000,0.0000,3.9734
0.0000,0.0000,1.1974
0.0000,0.0000,4.1540
0.0000,0.0000,2.9676
0.0000,0.0000,3.6905
0.0000,0.0000,2.5138
0.0000,0.0000,3.5114
0.0000,0.0000,5.1009
0.0000,0.0000,5.0865
0.0000,0.0000,4.8992
0.0000,0.0000,3.5745
0.0000,0.0000,6.4965
0.0000,0.0000,7.9158
0.0000,0.0000,4.5661
0.0000,0.0000,6.4573
0.0000,0.0000,6.1513
0.0000,0.0000,7.7130
0.0000,0.0000,5.5466
0.0000,0.0000,7.7491
0.0000,0.0000,8.5979
0.0000,0.0000,6.0210
0.0000,0.0000,9.6003
0.0000,0.0000,8.1818
0.0000,0.0000,8.5459
0.0000,0.0000,9.6644
0.0000,0.0000,7.3828
0.0000,0.0000,7.3104
0.0000,0.0000,6.8402
0.0000,0.0000,8.5822
0.0000,0.0000,7.5884
0.0000,0.0000,8.0620
0.0000,0.0000,5.2111
0.0000,0.0000,8.1822
0.0000,0.0000,7.3028
0.0000,0.0000,9.8483
0.0000,0.0000,7.5432
0.0000,0.0000,7.6566
10.6409,46.1847,5.2317
18.4800,80.2084,6.9785
33.1163,143.7338,4.0864
41.8887,181.8087,6.6839
46.8599,203.3848,5.0287
59.3077,257.4117,6.4765
63.7776,276.8126,7.0257
86.3262,374.6797,3.8036
78.5216,340.8057,5.2567
81.5556,353.9740,4.4002
95.4250,414.1711,4.9668
105.0560,455.9720,4.3744
111.8034,485.2578,2.1065
119.0938,516.9000,4.0058
118.7505,515.4103,2.8223
114.0571,495.0393,1.8598
124.7356,541.3873,0.9098
128.9156,559.5297,1.5886
142.4135,618.1140,3.3435
128.2650,556.7059,-0.3335
146.9187,637.6680,0.3813
133.4252,579.1025,0.5556
138.0420,599.1405,-0.6066
129.9686,564.1000,0.1353
128.0289,555.6812,-0.7372
123.8778,537.6641,-0.6992
141.4709,614.0229,0.5624
126.5081,549.0801,-2.1630
118.0294,512.2805,-0.2615
115.4121,500.9207,-1.3838
99.7817,433.0803,-1.5507
102.6037,445.3286,-1.2373
86.6911,376.2636,-2.9853
86.6656,376.1528,-1.7800
80.5103,349.4370,-0.6737
69.6278,302.2040,-2.0470
57.5565,249.8111,0.3021
51.2247,222.3292,-1.9111
40.9578,177.7683,-2.2409
36.0818,156.6049,-0.1238
23.5627,102.2686,-3.1664
13.5726,58.9088,-3.3035
2.8426,12.3377,0.2716
0.0000,0.0000,-0.8784
0.0000,0.0000,-2.1476
0.0000,0.0000,0.0650
0.0000,0.0000,1.2302
0.0000,0.0000,-0.8338
0.0000,0.0000,-1.8901
0.0000,0.0000,-2.7004
0.0000,0.0000,0.1867
0.0000,0.0000,-0.8819
0.0000,0.0000,1.6680
0.0000,0.0000,-0.1448
0.0000,0.0000,2.1874
0.0000,0.0000,1.5900
0.0000,0.0000,2.2744
0.0000,0.0000,0.2250
0.0000,0.0000,1.5869
0.0000,0.0000,5.7941
0.0000,0.0000,2.7970
0.0000,0.0000,-0.1011
0.0000,0.0000,3.4434
0.0000,0.0000,5.3678
0.0000,0.0000,3.0542
0.0000,0.0000,5.0888
0.0000,0.0000,5.6085
0.0000,0.0000,6.3029
0.0000,0.0000,4.0190
0.0000,0.0000,6.9463
0.0000,0.0000,8.5751
0.0000,0.0000,5.7274
0.0000,0.0000,6.8053
0.0000,0.0000,5.5802
0.0000,0.0000,8.4406
0.0000,0.0000,9.6533
0.0000,0.0000,10.0823
0.0000,0.0000,6.2246
0.0000,0.0000,7.2292
0.0000,0.0000,8.8218
0.0000,0.0000,6.3587
0.0000,0.0000,7.6859
0.0000,0.0000,6.8460
0.0000,0.0000,10.5212
0.0000,0.0000,9.3961
0.0000,0.0000,10.2048
0.0000,0.0000,5.4053
0.0000,0.0000,9.1144
0.0000,0.0000,7.2997
0.0000,0.0000,7.3471
0.0000,0.0000,9.9439
0.0000,0.0000,9.5341
0.0000,0.0000,6.6264
0.0000,0.0000,9.1265
0.0000,0.0000,5.5972
0.2897,1.2573,7.4426
10.9229,47.4084,6.1005
22.7092,98.5640,7.8552
31.0542,134.7838,7.8584
41.3118,179.3046,6.0745
50.0407,217.1906,7.4265
61.9766,268.9955,5.3815
67.2219,291.7617,5.4484
80.3092,348.5644,8.5854
84.6081,367.2228,4.9118
88.8804,385.7656,5.1679
101.4521,440.3304,5.3552
96.1783,417.4406,5.3014
105.8263,459.3156,2.3638
116.6604,506.3384,1.1705
112.9721,490.3304,3.5762
133.3475,578.7651,5.7134
130.1352,564.8229,2.3035
134.9547,585.7409,1.8705
126.9982,551.2076,3.5681
144.0004,625.0015,1.3145
129.3835,561.5604,2.0204
152.0865,660.0976,-0.7680
149.2332,647.7137,1.8142
128.4767,557.6245,-1.4230
145.1759,630.1037,-0.2615
113.0895,490.8397,-1.3132
139.3149,604.6655,0.9440
121.0669,525.4640,-1.1481
120.5605,523.2659,-3.6178
108.4832,470.8474,-1.4561
107.4819,466.5014,-0.9062
97.7521,424.2713,1.8704
95.2560,413.4373,-1.4630
89.5032,388.4687,-0.4854
74.3863,322.8571,2.5443
73.7946,320.2892,-3.6752
61.7751,268.1213,-0.5866
53.5535,232.4372,-3.0311
41.0329,178.0942,-2.5791
31.7879,137.9682,-1.9771
21.3066,92.4767,0.3165
13.3660,58.0123,-0.0068
2.9792,12.9304,-0.7018
0.0000,0.0000,-2.6799
0.0000,0.0000,-3.3896
0.0000,0.0000,-0.5854
0.0000,0.0000,-1.1494
0.0000,0.0000,-0.1577
0.0000,0.0000,-1.7115
0.0000,0.0000,0.9117
0.0000,0.0000,-1.8431
0.0000,0.0000,1.0744
0.0000,0.0000,-2.7996
0.0000,0.0000,3.4725
0.0000,0.0000,-0.0646
0.0000,0.0000,4.4349
0.0000,0.0000,3.0463
0.0000,0.0000,1.4077
0.0000,0.0000,2.6011
0.0000,0.0000,5.3042
0.0000,0.0000,1.2374
0.0000,0.0000,4.7986
0.0000,0.0000,3.0766
0.0000,0.0000,2.4305
0.0000,0.0000,5.0193
0.0000,0.0000,3.7333
0.0000,0.0000,6.9166
0.0000,0.0000,5.1050
0.0000,0.0000,6.3137
0.0000,0.0000,8.1307
0.0000,0.0000,6.9089
0.0000,0.0000,7.4710
0.0000,0.0000,6.9893
0.0000,0.0000,9.5032
0.0000,0.0000,7.4677
0.0000,0.0000,7.1938
0.0000,0.0000,8.8550
0.0000,0.0000,5.1536
0.0000,0.0000,9.5226
0.0000,0.0000,10.0940
0.0000,0.0000,10.4024
0.0000,0.0000,5.4310
0.0000,0.0000,10.5094
0.0000,0.0000,7.6566
0.0000,0.0000,7.8835
0.0000,0.0000,10.1265
0.0000,0.0000,7.3420
0.0000,0.0000,6.4153
0.0000,0.0000,10.3396
0.0000,0.0000,6.2645
0.0000,0.0000,10.9567
0.0000,0.0000,7.5950
0.0000,0.0000,10.6106
0.0000,0.0000,6.0249
0.0000,0.0000,9.0494
0.8381,3.6377,9.1518
10.7860,46.8142,7.5263
22.3836,97.1512,6.8356
31.5770,137.0530,7.0507
42.8523,185.9907,6.5027
52.1829,226.4884,5.8314
60.5661,262.8737,7.2348
68.4460,297.0746,9.1415
75.1338,326.1017,6.7467
88.4364,383.8385,5.7901
95.9496,416.4481,5.1778
102.5333,445.0232,5.1345
107.1935,465.2496,4.6433
108.9569,472.9033,2.8060
113.2661,491.6064,3.7155
122.0339,529.6612,0.1163
135.8569,589.6567,3.9929
124.3604,539.7585,5.8329
136.1894,591.0998,0.7720
139.4986,605.4625,2.1376
138.7765,602.3287,1.2798
145.0861,629.7141,0.7848
148.3673,643.9552,-1.0262
154.1882,669.2197,1.5770
144.8724,628.7863,0.5198
124.9856,542.4722,0.8881
136.0522,590.5045,2.0395
125.0315,542.6714,3.0609
126.2657,548.0283,-0.0904
131.1519,569.2355,-0.9720
112.0558,486.3531,-3.3558
103.1843,447.8484,0.4187
107.7765,467.7801,1.4552
94.5472,410.3611,-0.5461
87.5582,380.0270,-2.1434
89.8930,390.1608,-0.1773
70.3940,305.5293,-0.7966
60.4486,262.3638,-0.6445
50.9877,221.3006,-0.0544
45.6475,198.1229,-3.0666
32.9991,143.2252,-1.3158
23.6541,102.6655,-0.7119
14.9036,64.6859,0.3345
3.6991,16.0553,2.7659
0.0000,0.0000,-2.0253
0.0000,0.0000,-1.0102
0.0000,0.0000,-2.1975
0.0000,0.0000,2.5369
0.0000,0.0000,-3.7266
0.0000,0.0000,1.8521
0.0000,0.0000,1.5172
0.0000,0.0000,-0.0252
0.0000,0.0000,0.5255
0.0000,0.0000,1.1041
0.0000,0.0000,3.2744
0.0000,0.0000,1.1331
0.0000,0.0000,2.2446
0.0000,0.0000,4.1022
0.0000,0.0000,2.6872
0.0000,0.0000,1.3954
0.0000,0.0000,3.3296
0.0000,0.0000,5.5585
0.0000,0.0000,5.2592
0.0000,0.0000,5.8883
0.0000,0.0000,4.6496
0.0000,0.0000,3.5207
0.0000,0.0000,5.2107
0.0000,0.0000,7.2438
0.0000,0.0000,5.2566
0.0000,0.0000,6.6616
0.0000,0.0000,6.8534
0.0000,0.0000,4.4797
0.0000,0.0000,9.4455
0.0000,0.0000,6.7962
0.0000,0.0000,7.3819
0.0000,0.0000,8.4662
0.0000,0.0000,9.1040
0.0000,0.0000,7.6237
0.0000,0.0000,8.9905
0.0000,0.0000,9.8347
0.0000,0.0000,7.1130
0.0000,0.0000,7.9136
0.0000,0.0000,8.1617
0.0000,0.0000,6.9809
0.0000,0.0000,7.9042
0.0000,0.0000,8.5643
0.0000,0.0000,7.7479
0.0000,0.0000,10.8019
0.0000,0.0000,9.7201
0.0000,0.0000,8.1353
0.0000,0.0000,9.3510
0.0000,0.0000,7.2206
0.0000,0.0000,11.4472
0.0000,0.0000,10.1209
0.0000,0.0000,6.3005
0.0000,0.0000,8.9882
1.4436,6.2658,9.3870
11.3899,49.4353,6.2239
20.8703,90.5828,6.4860
31.8680,138.3161,5.0425
45.1636,196.0224,7.2239
55.6765,241.6513,7.9213
61.9646,268.9435,7.9094
63.3689,275.0387,7.2131
75.0830,325.8811,6.1774
80.5389,349.5611,6.1191
89.0602,386.5461,7.4665
114.1961,495.6427,4.6222
97.2341,422.0232,4.8231
114.1834,495.5876,3.7461
127.7397,554.4257,4.3099
121.2691,526.3416,3.2845
117.3967,509.5341,1.7908
123.9304,537.8922,0.5596
124.9052,542.1234,3.2458
116.0000,503.4723,2.2555
141.8427,615.6366,3.7055
145.4328,631.2188,1.0182
129.7891,563.3209,-0.4295
127.5220,553.4810,1.8969
137.2023,595.4963,3.2653
140.6301,610.3737,1.0233
148.9874,646.6467,-1.4339
134.6878,584.5826,-0.2148
112.8949,489.9954,-0.4857
124.0294,538.3222,-1.5633
114.7476,498.0366,-0.7855
108.4251,470.5949,-1.8536
100.8063,437.5273,-3.6821
89.7895,389.7115,0.7682
91.1119,395.4509,-1.1210
79.4538,344.8514,-0.7620
74.0635,321.4562,0.0566
67.0047,290.8192,-0.2934
58.2549,252.8426,-1.7339
42.0810,182.6432,-0.4513
36.1272,156.8019,-0.8573
24.1725,104.9156,-0.9452
15.9379,69.1750,-1.5862
4.4171,19.1715,0.0895
0.0000,0.0000,1.5663
0.0000,0.0000,-0.8524
0.0000,0.0000,0.6194
0.0000,0.0000,1.9037
0.0000,0.0000,2.2467
0.0000,0.0000,1.9008
0.0000,0.0000,2.5506
0.0000,0.0000,0.4693
0.0000,0.0000,1.6857
0.0000,0.0000,0.2961
0.0000,0.0000,1.0731
0.0000,0.0000,2.4626
0.0000,0.0000,3.9542
0.0000,0.0000,1.4749
0.0000,0.0000,5.9149
0.0000,0.0000,2.7439
0.0000,0.0000,3.2819
0.0000,0.0000,3.3553
0.0000,0.0000,2.9878
0.0000,0.0000,6.7417
0.0000,0.0000,5.9254
0.0000,0.0000,7.3456
0.0000,0.0000,6.9822
0.0000,0.0000,6.8873
0.0000,0.0000,7.4550
0.0000,0.0000,6.5738
0.0000,0.0000,7.9332
0.0000,0.0000,5.7323
0.0000,0.0000,5.0917
0.0000,0.0000,9.2144
0.0000,0.0000,7.0046
0.0000,0.0000,6.7742
0.0000,0.0000,7.9610
0.0000,0.0000,6.0552
0.0000,0.0000,6.1364
0.0000,0.0000,10.5652
0.0000,0.0000,8.1170
0.0000,0.0000,10.6011
0.0000,0.0000,10.1204
0.0000,0.0000,11.2346
0.0000,0.0000,10.0027
0.0000,0.0000,8.4156
0.0000,0.0000,8.6314
0.0000,0.0000,10.1352
0.0000,0.0000,9.2693
0.0000,0.0000,8.8937
0.0000,0.0000,10.8554
0.0000,0.0000,6.8515
0.0000,0.0000,8.5153
0.0000,0.0000,8.8174
0.0000,0.0000,10.8350
0.0000,0.0000,8.1313
2.0746,9.0043,8.3374
12.0527,52.3122,7.3703
19.9717,86.6829,6.1365
33.6774,146.1691,6.7832
40.6000,176.2153,2.4586
49.6481,215.4866,6.4229
66.1110,286.9403,7.2689
70.1076,304.2866,9.2825
79.4215,344.7113,5.0551
87.5636,380.0504,6.6492
83.9550,364.3882,4.1602
103.1054,447.5060,5.3117
112.2151,487.0446,3.8514
118.5404,514.4984,4.4010
131.6919,571.5795,5.9531
137.0820,594.9741,5.4189
139.1472,603.9373,6.2686
143.7405,623.8736,6.5695
124.5622,540.6346,2.7985
139.2820,604.5228,1.0767
134.3839,583.2632,3.8519
148.1618,643.0632,3.9284
127.3288,552.6422,1.3709
136.5133,592.5057,1.8579
145.6972,632.3665,1.0928
133.3700,578.8629,1.3226
130.1024,564.6807,1.7870
131.3008,569.8818,2.1904
122.8714,533.2960,0.5691
125.7302,545.7040,-0.6734
116.3130,504.8306,0.5460
108.9675,472.9493,0.2134
104.5715,453.8695,2.4924
97.2287,421.9994,-2.5413
84.4433,366.5074,-0.6933
83.3118,361.5964,-1.1794
79.4509,344.8390,0.0234
63.7753,276.8025,2.0325
53.2946,231.3133,-1.4737
44.3154,192.3410,-2.3550
34.2878,148.8184,0.4839
25.5159,110.7461,1.5550
15.2126,66.0268,-1.2222
5.1633,22.4101,-0.4880
0.0000,0.0000,-1.2861
0.0000,0.0000,0.5495
0.0000,0.0000,1.7159
0.0000,0.0000,0.1719
0.0000,0.0000,0.5684
0.0000,0.0000,0.7194
0.0000,0.0000,1.2848
0.0000,0.0000,0.1900
0.0000,0.0000,3.4580
0.0000,0.0000,2.8090
0.0000,0.0000,4.1823
0.0000,0.0000,3.3431
0.0000,0.0000,0.6322
0.0000,0.0000,1.6704
0.0000,0.0000,2.5371
0.0000,0.0000,4.8768
0.0000,0.0000,2.6444
0.0000,0.0000,6.2005
0.0000,0.0000,4.6780
0.0000,0.0000,4.8361
0.0000,0.0000,4.7023
0.0000,0.0000,3.2634
0.0000,0.0000,4.8323
0.0000,0.0000,4.7712
0.0000,0.0000,4.1955
0.0000,0.0000,6.6414
0.0000,0.0000,5.8015
0.0000,0.0000,6.5171
0.0000,0.0000,7.4857
0.0000,0.0000,5.6960
0.0000,0.0000,6.8888
0.0000,0.0000,8.2598
0.0000,0.0000,6.9850
0.0000,0.0000,11.1491
0.0000,0.0000,11.4223
0.0000,0.0000,9.0912
0.0000,0.0000,8.0162
0.0000,0.0000,7.7199
0.0000,0.0000,8.7729
0.0000,0.0000,7.7087
0.0000,0.0000,9.8827
0.0000,0.0000,10.5733
0.0000,0.0000,5.8152
0.0000,0.0000,7.8676
0.0000,0.0000,10.5428
0.0000,0.0000,10.8343
0.0000,0.0000,8.4160
0.0000,0.0000,8.1552
0.0000,0.0000,8.1337
0.0000,0.0000,10.3038
0.0000,0.0000,7.8781
0.0000,0.0000,5.4807
2.7418,11.9001,8.7208
12.2714,53.2614,7.1908
23.9766,104.0649,7.8339
31.8475,138.2269,8.7658
44.6443,193.7687,7.3245
54.8493,238.0610,5.8791
66.2086,287.3639,6.4649
74.0846,321.5479,3.5448
79.2974,344.1726,7.5662
90.2460,391.6927,8.9521
100.3150,435.3949,7.3485
108.6125,471.4082,4.9305
102.6277,445.4328,5.8618
124.4242,540.0356,6.3608
114.1964,495.6442,5.4963
132.3805,574.5680,6.1467
127.8234,554.7889,3.0891
134.1752,582.3575,4.1816
136.6014,592.8879,2.3879
140.3956,609.3558,2.9782
130.8078,567.7424,4.8956
129.2214,560.8566,3.7803
143.1213,621.1861,4.7442
130.3502,565.7560,2.6169
135.4722,587.9871,2.6636
145.7699,632.6816,0.2331
134.5819,584.1227,1.9610
126.5927,549.4476,0.3287
126.4001,548.6117,2.4928
129.2049,560.7850,2.8728
116.7638,506.7875,3.7737
101.6387,441.1402,0.9434
110.4323,479.3069,-0.8898
94.8262,411.5721,-0.7455
84.9932,368.8942,-0.9165
87.5774,380.1102,1.8497
73.1987,317.7027,0.5696
67.0127,290.8539,-1.1886
52.7457,228.9308,-0.0431
47.1185,204.5074,-0.9716
34.2903,148.8294,2.2333
29.0773,126.2034,0.7530
17.3150,75.1518,-0.0322
5.5931,24.2756,-4.3080
0.0000,0.0000,0.9641
0.0000,0.0000,0.2700
0.0000,0.0000,-0.3790
0.0000,0.0000,-1.2710
0.0000,0.0000,1.7226
0.0000,0.0000,1.6441
0.0000,0.0000,-0.1372
0.0000,0.0000,2.5681
0.0000,0.0000,2.5863
0.0000,0.0000,1.7800
0.0000,0.0000,1.0696
0.0000,0.0000,2.6849
0.0000,0.0000,2.7589
0.0000,0.0000,3.9006
0.0000,0.0000,5.1924
0.0000,0.0000,4.4916
0.0000,0.0000,5.1804
0.0000,0.0000,6.1112
0.0000,0.0000,3.3197
0.0000,0.0000,4.1222
0.0000,0.0000,3.1352
0.0000,0.0000,6.3663
0.0000,0.0000,6.4116
0.0000,0.0000,5.0152
0.0000,0.0000,5.9535
0.0000,0.0000,5.3103
0.0000,0.0000,5.3591
0.0000,0.0000,9.4026
0.0000,0.0000,6.8502
0.0000,0.0000,6.2277
0.0000,0.0000,8.2716
0.0000,0.0000,6.7706
0.0000,0.0000,7.2560
0.0000,0.0000,8.4001
0.0000,0.0000,10.1605
0.0000,0.0000,11.3189
0.0000,0.0000,6.5526
0.0000,0.0000,12.9852
0.0000,0.0000,7.7709
0.0000,0.0000,9.5890
0.0000,0.0000,11.1460
0.0000,0.0000,8.0576
0.0000,0.0000,10.8388
0.0000,0.0000,10.2294
0.0000,0.0000,9.2617
0.0000,0.0000,4.6876
0.0000,0.0000,10.8225
0.0000,0.0000,8.8823
0.0000,0.0000,10.9715
0.0000,0.0000,10.5695
0.0000,0.0000,8.9365
0.0000,0.0000,8.5835
3.2528,14.1183,10.0883
15.2388,66.1406,9.3320
25.5230,110.7768,6.2048
34.2844,148.8040,10.1921
45.6084,197.9529,7.0065
59.2425,257.1291,9.1182
66.8093,289.9710,8.5097
77.9537,338.3406,9.0116
84.9624,368.7603,6.4822
88.8612,385.6821,6.6362
102.5834,445.2404,2.2865
113.8521,494.1499,5.7274
113.6045,493.0750,4.9123
116.8486,507.1555,5.3290
114.2671,495.9509,5.2028
129.0230,559.9957,4.4927
129.7127,562.9892,4.8318
135.2579,587.0568,4.4897
148.2606,643.4921,3.4628
140.0991,608.0688,2.2471
139.9863,607.5792,4.1608
143.2200,621.6144,2.2426
138.8532,602.6616,1.7829
131.7937,572.0211,2.8400
143.4944,622.8057,3.3131
148.8202,645.9211,4.6519
131.0862,568.9503,2.7831
138.8691,602.7307,4.2182
132.1245,573.4568,-0.2939
122.0350,529.6656,0.5238
114.7603,498.0915,-0.2808
104.5062,453.5860,-0.5189
110.9215,481.4301,1.9129
109.6367,475.8537,-2.2483
87.8122,381.1292,-0.3908
81.7608,354.8647,0.5685
72.2933,313.7729,-3.0771
64.3510,279.3013,-0.2165
55.5017,240.8928,-1.5530
44.5756,193.4703,-1.1192
37.1285,161.1480,-1.1135
27.8553,120.8995,0.1347
17.1635,74.4943,1.3499
6.8080,29.5488,1.0982
0.0000,0.0000,0.7244
0.0000,0.0000,-0.5361
0.0000,0.0000,1.3374
0.0000,0.0000,1.7475
0.0000,0.0000,-0.9608
0.0000,0.0000,1.7286
0.0000,0.0000,6.6746
0.0000,0.0000,1.7292
0.0000,0.0000,1.3794
0.0000,0.0000,2.5336
0.0000,0.0000,2.2337
0.0000,0.0000,5.0088
0.0000,0.0000,1.2181
0.0000,0.0000,5.8677
0.0000,0.0000,4.9510
0.0000,0.0000,4.2481
0.0000,0.0000,3.4696
0.0000,0.0000,6.8107
0.0000,0.0000,3.8513
0.0000,0.0000,5.1305
0.0000,0.0000,5.1162
0.0000,0.0000,4.1844
0.0000,0.0000,5.2903
0.0000,0.0000,7.1075
0.0000,0.0000,5.3924
0.0000,0.0000,7.3423
0.0000,0.0000,8.5209
0.0000,0.0000,8.6396
0.0000,0.0000,6.0427
0.0000,0.0000,8.1354
0.0000,0.0000,9.9555
0.0000,0.0000,9.8103
0.0000,0.0000,7.0392
0.0000,0.0000,10.0885
0.0000,0.0000,8.2221
0.0000,0.0000,9.8053
0.0000,0.0000,9.7056
0.0000,0.0000,9.6394
0.0000,0.0000,9.0146
0.0000,0.0000,10.6175
0.0000,0.0000,8.9447
0.0000,0.0000,9.6608
0.0000,0.0000,9.1803
0.0000,0.0000,10.7360
0.0000,0.0000,10.1523
0.0000,0.0000,9.9955
0.0000,0.0000,9.5195
0.0000,0.0000,10.1544
0.0000,0.0000,9.4150
0.0000,0.0000,7.8976
0.0000,0.0000,4.4919
0.0000,0.0000,9.1780
3.8946,16.9038,9.6317
14.4945,62.9101,6.3834
24.7476,107.4113,10.5934
35.2988,153.2068,8.4109
43.9066,190.5666,8.8283
56.8099,246.5708,7.3385
68.7257,298.2885,5.4333
70.7843,307.2237,4.9352
91.9465,399.0732,8.2706
95.3458,413.8273,5.9373
102.1023,443.1524,7.3932
97.2066,421.9036,11.3500
110.7095,480.5102,6.2655
119.6402,519.2716,7.7003
116.3085,504.8113,5.2004
139.3772,604.9357,6.8725
123.9492,537.9738,2.9514
139.5133,605.5264,3.9055
135.2465,587.0073,4.1137
133.3621,578.8286,2.8951
137.0491,594.8309,3.8002
154.6875,671.3869,5.1253
140.5796,610.1543,1.9471
140.2938,608.9142,3.4955
147.0832,638.3818,4.2880
141.3423,613.4647,3.7953
146.6796,636.6301,3.4996
134.9278,585.6241,0.6811
129.8611,563.6331,3.7756
130.8807,568.0585,2.5515
128.8279,559.1490,-3.2502
108.3189,470.1339,-0.2711
109.2989,474.3877,1.4145
95.1884,413.1440,-1.1190
89.6233,388.9901,-1.7425
91.3198,396.3534,2.8747
78.8550,342.2528,2.5405
71.3781,309.8007,0.8667
58.4854,253.8427,2.3873
44.2346,191.9906,2.6315
40.8648,177.3648,0.3503
29.7285,129.0298,1.1842
17.9088,77.7294,-2.4075
6.4784,28.1179,0.9650
0.0000,0.0000,-0.9539
0.0000,0.0000,2.5627
0.0000,0.0000,1.3899
0.0000,0.0000,2.1403
0.0000,0.0000,2.9667
0.0000,0.0000,1.0539
0.0000,0.0000,1.0206
0.0000,0.0000,1.3401
0.0000,0.0000,4.2231
0.0000,0.0000,2.4692
0.0000,0.0000,2.2891
0.0000,0.0000,4.0645
0.0000,0.0000,2.6205
0.0000,0.0000,3.3743
0.0000,0.0000,4.9955
0.0000,0.0000,7.9669
0.0000,0.0000,4.8091
0.0000,0.0000,2.6607
0.0000,0.0000,4.5576
0.0000,0.0000,2.9860
0.0000,0.0000,4.4360
0.0000,0.0000,5.6019
0.0000,0.0000,5.5304
0.0000,0.0000,5.1278
0.0000,0.0000,8.3512
0.0000,0.0000,8.3707
0.0000,0.0000,7.3922
0.0000,0.0000,7.6966
0.0000,0.0000,8.8129
0.0000,0.0000,8.2679
0.0000,0.0000,8.7287
0.0000,0.0000,12.4681
0.0000,0.0000,8.3015
0.0000,0.0000,13.3627
0.0000,0.0000,12.0139
0.0000,0.0000,13.5665
0.0000,0.0000,11.5282
0.0000,0.0000,10.1033
0.0000,0.0000,9.9580
0.0000,0.0000,10.8976
0.0000,0.0000,12.6644
0.0000,0.0000,11.1970
0.0000,0.0000,12.1633
0.0000,0.0000,10.7441
0.0000,0.0000,12.6369
0.0000,0.0000,10.7473
0.0000,0.0000,7.0865
0.0000,0.0000,12.3763
0.0000,0.0000,10.8459
0.0000,0.0000,8.6045
0.0000,0.0000,12.0950
0.0000,0.0000,9.7524
4.8148,20.8974,8.6016
13.8031,59.9091,6.7820
23.8386,103.4663,12.1360
34.4219,149.4006,8.7647
43.2463,187.7008,7.0498
54.9356,238.4359,11.1486
70.4420,305.7377,9.0057
63.5613,275.8737,7.5000
81.2315,352.5673,10.3024
89.7242,389.4277,6.5977
96.3843,418.3345,5.1905
98.4693,427.3842,7.6263
103.3243,448.4561,8.7226
124.8541,541.9016,4.9343
133.2006,578.1277,5.5973
130.5885,566.7906,7.1294
138.8605,602.6934,2.5856
132.4636,574.9287,3.5002
139.2990,604.5965,2.9462
132.8680,576.6841,6.2889
148.8936,646.2398,5.8660
149.7269,649.8563,1.9887
153.0600,664.3231,2.9563
143.9766,624.8983,2.4574
133.8180,580.8074,2.9036
140.5804,610.1581,2.2856
145.4567,631.3226,3.1232
112.6279,488.8365,2.4357
135.9317,589.9815,3.9902
124.6671,541.0900,0.6889
121.7618,528.4799,4.0076
116.6887,506.4615,1.3632
98.1492,425.9949,1.2539
105.5380,458.0643,0.7290
93.8674,407.4105,-0.7086
89.1463,386.9199,1.7099
82.6723,358.8209,-0.2095
67.8493,294.4847,0.2347
58.4704,253.7779,-0.1722
47.8108,207.5123,-0.9486
37.5704,163.0660,2.4555
29.7859,129.2793,-1.4852
19.7849,85.8721,0.9438
7.3381,31.8495,-1.7888
0.0000,0.0000,3.7198
0.0000,0.0000,1.2602
0.0000,0.0000,0.6457
0.0000,0.0000,1.6963
0.0000,0.0000,-0.3546
0.0000,0.0000,3.5961
0.0000,0.0000,0.9951
0.0000,0.0000,2.0222
0.0000,0.0000,3.6698
0.0000,0.0000,4.3022
0.0000,0.0000,3.4262
0.0000,0.0000,2.7146
0.0000,0.0000,4.9163
0.0000,0.0000,2.4607
0.0000,0.0000,6.9723
0.0000,0.0000,3.5428
0.0000,0.0000,4.2668
0.0000,0.0000,6.0680
0.0000,0.0000,3.5794
0.0000,0.0000,6.0388
0.0000,0.0000,9.2107
0.0000,0.0000,7.6180
0.0000,0.0000,8.1913
0.0000,0.0000,7.4596
0.0000,0.0000,9.2081
0.0000,0.0000,4.5318
0.0000,0.0000,8.9480
0.0000,0.0000,10.3714
0.0000,0.0000,7.9433
0.0000,0.0000,8.6860
0.0000,0.0000,8.6927
0.0000,0.0000,10.1365
0.0000,0.0000,10.6469
0.0000,0.0000,9.6434
0.0000,0.0000,9.9755
0.0000,0.0000,10.7350
0.0000,0.0000,12.8781
0.0000,0.0000,11.0926
0.0000,0.0000,10.0402
0.0000,0.0000,10.3570
0.0000,0.0000,11.1513
0.0000,0.0000,10.8596
0.0000,0.0000,10.2480
0.0000,0.0000,10.7953
0.0000,0.0000,10.5215
0.0000,0.0000,10.3780
0.0000,0.0000,10.0350
0.0000,0.0000,9.1109
0.0000,0.0000,9.7834
0.0000,0.0000,9.7328
0.0000,0.0000,7.5101
0.0000,0.0000,10.8515
4.5961,19.9482,8.2464
17.6021,76.3979,10.3193
25.4492,110.4568,9.2010
34.1105,148.0492,8.8395
44.0050,190.9941,9.1785
59.2919,257.3433,9.3847
69.6351,302.2359,9.0141
73.5449,319.2053,7.5166
93.6028,406.2621,8.4158
88.8054,385.4402,6.9200
98.6326,428.0931,8.7049
109.6685,475.9915,8.2136
110.7559,480.7115,9.1914
126.2232,547.8438,7.5584
139.5649,605.7502,6.1163
120.8528,524.5347,4.4860
145.1524,630.0019,1.5690
116.2075,504.3730,3.8281
152.9592,663.8853,5.3513
152.7939,663.1682,4.4700
136.1323,590.8518,2.6520
146.9747,637.9111,3.9559
149.7923,650.1403,-0.5109
134.3550,583.1381,1.8237
139.3949,605.0126,0.9439
131.5333,570.8912,3.2888
129.6251,562.6090,2.0882
134.1838,582.3951,3.2554
132.9080,576.8577,3.4176
139.6378,606.0667,1.1094
119.4539,518.4631,0.2999
108.6186,471.4351,1.4569
108.9977,473.0803,0.0116
91.8434,398.6261,0.8241
94.8850,411.8274,1.4916
86.4756,375.3283,0.5945
75.3981,327.2485,2.2746
72.2203,313.4563,1.0897
61.6139,267.4215,-0.0407
50.4088,218.7881,0.1667
40.9669,177.8078,2.8295
30.2533,131.3075,-0.5448
17.4442,75.7129,2.6447
7.7078,33.4540,1.1294
0.0000,0.0000,3.3895
0.0000,0.0000,1.1732
0.0000,0.0000,4.3225
0.0000,0.0000,2.3835
0.0000,0.0000,1.9367
0.0000,0.0000,4.7982
0.0000,0.0000,3.4976
0.0000,0.0000,4.2800
0.0000,0.0000,4.6198
0.0000,0.0000,4.8964
0.0000,0.0000,3.2980
0.0000,0.0000,1.7828
0.0000,0.0000,4.1186
0.0000,0.0000,3.5778
0.0000,0.0000,3.8503
0.0000,0.0000,6.0852
0.0000,0.0000,5.9179
0.0000,0.0000,6.4678
0.0000,0.0000,7.1077
0.0000,0.0000,6.8185
0.0000,0.0000,5.1361
0.0000,0.0000,7.0095
0.0000,0.0000,9.8592
0.0000,0.0000,9.5460
0.0000,0.0000,6.7531
0.0000,0.0000,7.0548
0.0000,0.0000,9.7361
0.0000,0.0000,10.6822
0.0000,0.0000,9.9765
0.0000,0.0000,9.3363
0.0000,0.0000,10.5786
0.0000,0.0000,11.8274
0.0000,0.0000,11.0809
0.0000,0.0000,7.7549
0.0000,0.0000,10.1558
0.0000,0.0000,11.2304
0.0000,0.0000,10.4594
0.0000,0.0000,10.9520
0.0000,0.0000,11.6177
0.0000,0.0000,10.2702
0.0000,0.0000,10.5144
0.0000,0.0000,11.2943
0.0000,0.0000,9.9117
0.0000,0.0000,12.4580
0.0000,0.0000,11.4353
0.0000,0.0000,12.3025
0.0000,0.0000,10.6767
0.0000,0.0000,12.5446
0.0000,0.0000,13.6094
0.0000,0.0000,8.9705
0.0000,0.0000,9.8061
0.0000,0.0000,10.1435
5.6224,24.4030,11.5023
15.6006,67.7108,10.3607
26.6687,115.7498,10.6375
39.2486,170.3499,8.8804
41.8686,181.7214,8.7000
53.9343,234.0898,9.8786
68.2766,296.3394,9.9202
77.7547,337.4769,7.9473
86.8809,377.0871,8.3566
97.4864,423.1181,6.9301
101.4322,440.2438,7.7730
111.3671,483.3643,4.2801
103.5426,449.4038,6.5164
116.1646,504.1867,4.4044
127.5677,553.6794,6.8129
122.3094,530.8569,6.8017
139.8228,606.8698,5.0670
133.3211,578.6507,6.0626
145.3041,630.6602,6.2642
149.5163,648.9422,3.7636
140.1024,608.0834,4.4712
161.4166,700.5931,2.1824
159.8934,693.9818,4.9967
151.9611,659.5533,5.5281
134.7176,584.7117,3.3052
153.5258,666.3444,4.8928
138.1452,599.5887,2.7144
138.5391,601.2981,3.4366
140.3850,609.3099,3.0606
138.1378,599.5563,0.1637
129.8311,563.5032,0.9437
120.7548,524.1094,0.5833
109.6870,476.0721,0.9115
99.1285,430.2451,3.1312
90.0542,390.8603,1.6831
92.0384,399.4723,3.7979
80.0443,347.4146,0.4066
68.8657,298.8962,2.7581
66.5498,288.8448,2.6425
48.6739,211.2583,2.5933
37.7190,163.7111,2.4708
30.0629,130.4813,3.1226
17.9990,78.1207,1.7482
9.2328,40.0730,0.2958
0.0000,0.0000,-1.2924
0.0000,0.0000,1.6327
0.0000,0.0000,2.3190
0.0000,0.0000,1.8778
0.0000,0.0000,2.8017
0.0000,0.0000,5.6841
0.0000,0.0000,3.8071
0.0000,0.0000,2.8523
0.0000,0.0000,3.6834
0.0000,0.0000,3.0822
0.0000,0.0000,3.1659
0.0000,0.0000,5.8367
0.0000,0.0000,5.9121
0.0000,0.0000,4.2343
0.0000,0.0000,3.8965
0.0000,0.0000,5.7236
0.0000,0.0000,7.6486
0.0000,0.0000,4.7735
0.0000,0.0000,7.3815
0.0000,0.0000,7.5130
0.0000,0.0000,9.4636
0.0000,0.0000,6.0761
0.0000,0.0000,7.0715
0.0000,0.0000,10.7056
0.0000,0.0000,10.0250
0.0000,0.0000,9.5041
0.0000,0.0000,5.8891
0.0000,0.0000,10.5609
0.0000,0.0000,7.6075
0.0000,0.0000,9.1065
0.0000,0.0000,8.5681
0.0000,0.0000,10.8772
0.0000,0.0000,6.7914
0.0000,0.0000,10.0589
0.0000,0.0000,11.4224
0.0000,0.0000,10.2677
0.0000,0.0000,9.8854
0.0000,0.0000,9.7124
0.0000,0.0000,11.4999
0.0000,0.0000,10.2773
0.0000,0.0000,10.3442
0.0000,0.0000,7.7942
0.0000,0.0000,12.7450
0.0000,0.0000,10.6035
0.0000,0.0000,10.4814
0.0000,0.0000,13.5726
0.0000,0.0000,11.9693
0.0000,0.0000,12.2180
0.0000,0.0000,10.5993
0.0000,0.0000,11.9535
0.0000,0.0000,11.1308
0.0000,0.0000,11.3228
6.2873,27.2888,10.4178
15.5863,67.6490,10.8004
27.8278,120.7805,13.4557
37.5826,163.1191,9.0626
47.6177,206.6739,7.2921
58.0409,251.9135,10.9792
73.8210,320.4038,8.0061
77.2767,335.4024,11.5574
80.4032,348.9722,7.8308
98.6449,428.1461,7.9760
90.0261,390.7383,8.1190
105.1366,456.3221,6.3901
127.1420,551.8318,6.2415
127.1857,552.0212,9.2642
124.8532,541.8978,6.9287
132.3484,574.4287,4.9098
128.6263,558.2739,7.3131
136.7612,593.5818,4.6197
142.5033,618.5041,4.9653
159.0103,690.1489,2.6469
141.8140,615.5122,4.3833
147.1915,638.8522,4.8034
151.4205,657.2070,3.1989
136.6349,593.0335,2.6104
140.6148,610.3071,1.8353
144.0633,625.2746,3.0790
146.4602,635.6781,2.3386
134.8828,585.4286,4.2220
121.3220,526.5713,2.6299
142.5783,618.8292,1.0633
126.1199,547.3954,1.9060
121.0551,525.4127,4.4741
120.7537,524.1046,0.4798
105.3852,457.4012,2.4611
95.6026,414.9419,1.2312
79.9126,346.8430,1.4099
75.8506,329.2128,3.2975
70.2643,304.9666,2.1196
61.2762,265.9557,3.0734
51.8364,224.9846,0.0456
41.6033,180.5699,0.8979
32.2463,139.9580,1.4883
20.9512,90.9339,0.3126
9.0970,39.4835,1.7267
0.0000,0.0000,2.0422
0.0000,0.0000,-0.1037
0.0000,0.0000,1.1684
0.0000,0.0000,1.9805
0.0000,0.0000,2.4665
0.0000,0.0000,3.6386
0.0000,0.0000,4.4663
0.0000,0.0000,3.3772
0.0000,0.0000,2.2003
0.0000,0.0000,2.7331
0.0000,0.0000,2.5623
0.0000,0.0000,5.5858
0.0000,0.0000,4.7562
0.0000,0.0000,5.4671
0.0000,0.0000,4.3203
0.0000,0.0000,6.7485
0.0000,0.0000,4.3362
0.0000,0.0000,5.0535
0.0000,0.0000,6.1836
0.0000,0.0000,6.0200
0.0000,0.0000,6.9786
0.0000,0.0000,7.1701
0.0000,0.0000,8.7254
0.0000,0.0000,9.0619
0.0000,0.0000,7.9304
0.0000,0.0000,8.8927
0.0000,0.0000,7.4867
0.0000,0.0000,9.3156
0.0000,0.0000,9.0870
0.0000,0.0000,8.3117
0.0000,0.0000,11.0047
0.0000,0.0000,7.9204
0.0000,0.0000,9.0307
0.0000,0.0000,11.3047
0.0000,0.0000,12.1378
0.0000,0.0000,13.4923
0.0000,0.0000,9.4189
0.0000,0.0000,11.9259
0.0000,0.0000,11.3538
0.0000,0.0000,10.5242
0.0000,0.0000,13.7561
0.0000,0.0000,9.2485
0.0000,0.0000,9.9246
0.0000,0.0000,10.4241
0.0000,0.0000,13.8274
0.0000,0.0000,11.6031
0.0000,0.0000,12.6742
0.0000,0.0000,13.2820
0.0000,0.0000,10.7385
0.0000,0.0000,12.4411
0.0000,0.0000,11.4362
0.0000,0.0000,7.7499
7.3640,31.9618,13.1391
19.5913,85.0315,10.5414
31.3471,136.0550,11.0458
39.6596,172.1337,9.2406
47.3856,205.6667,9.6461
60.6129,263.0768,9.2644
70.5199,306.0761,7.3320
78.4511,340.4995,8.9750
87.8089,381.1150,10.9762
100.5353,436.3512,9.4092
95.6362,415.0878,7.9749
117.6173,510.4916,8.4219
125.7450,545.7684,6.9503
133.6246,579.9677,9.3485
140.5107,609.8553,7.5555
146.6477,636.4919,8.6724
142.6236,619.0261,7.2543
142.2070,617.2180,4.6534
142.6431,619.1105,4.7353
145.1721,630.0874,6.1285
148.3858,644.0355,5.2663
148.6944,645.3748,2.3931
155.5209,675.0040,5.2227
151.1986,656.2438,4.9225
153.7681,667.3961,1.5727
158.8157,689.3044,-0.0050
152.5376,662.0557,3.3069
140.8497,611.3270,2.6935
130.6262,566.9539,4.6786
129.9431,563.9893,0.7453
124.1874,539.0080,3.4105
114.3566,496.3392,3.2640
108.8958,472.6378,0.3631
110.0518,477.6554,1.8472
97.1106,421.4870,3.4535
89.9838,390.5545,1.9081
88.5975,384.5380,0.6128
70.8679,307.5865,0.5509
64.5349,280.0995,3.4753
51.4560,223.3334,2.0675
38.1092,165.4046,2.8810
34.8021,151.0507,1.4717
20.2268,87.7899,1.2078
10.8452,47.0712,-0.0761
0.0000,0.0000,4.1528
0.0000,0.0000,2.9580
0.0000,0.0000,5.6111
0.0000,0.0000,3.0440
0.0000,0.0000,0.8660
0.0000,0.0000,1.4508
0.0000,0.0000,0.8358
0.0000,0.0000,4.3186
0.0000,0.0000,4.8188
0.0000,0.0000,5.9446
0.0000,0.0000,3.6022
0.0000,0.0000,5.0461
0.0000,0.0000,5.0905
0.0000,0.0000,5.0101
0.0000,0.0000,7.6352
0.0000,0.0000,7.0588
0.0000,0.0000,6.0990
0.0000,0.0000,5.0276
0.0000,0.0000,2.8079
0.0000,0.0000,9.0207
0.0000,0.0000,8.2347
0.0000,0.0000,7.4046
0.0000,0.0000,8.5735
0.0000,0.0000,7.1249
0.0000,0.0000,9.5692
0.0000,0.0000,11.7178
0.0000,0.0000,13.2372
0.0000,0.0000,8.3162
0.0000,0.0000,6.6411
0.0000,0.0000,12.6712
0.0000,0.0000,10.1761
0.0000,0.0000,9.3010
0.0000,0.0000,10.6336
0.0000,0.0000,10.5571
0.0000,0.0000,13.4568
0.0000,0.0000,11.7224
0.0000,0.0000,12.4330
0.0000,0.0000,11.8616
0.0000,0.0000,10.1195
0.0000,0.0000,14.0337
0.0000,0.0000,12.2301
0.0000,0.0000,11.1532
0.0000,0.0000,12.2272
0.0000,0.0000,12.6604
0.0000,0.0000,13.3484
0.0000,0.0000,11.6444
0.0000,0.0000,12.5566
0.0000,0.0000,10.1946
0.0000,0.0000,12.1937
0.0000,0.0000,10.2021
0.0000,0.0000,11.7349
0.0000,0.0000,14.3755
8.7335,37.9058,9.1936
17.6235,76.4910,12.5253
28.2081,122.4312,9.8271
35.9759,156.1455,11.3567
50.1908,217.8420,7.9261
58.4316,253.6095,10.5607
69.8589,303.2072,10.2351
80.5158,349.4609,10.2513
89.6262,389.0026,9.3821
97.4262,422.8570,6.9955
92.2210,400.2649,9.8185
117.4594,509.8063,8.7337
112.3958,487.8289,8.2063
123.7689,537.1913,8.1785
131.7611,571.8796,6.3395
132.6622,575.7909,4.9751
137.4995,596.7858,8.1365
142.3383,617.7879,4.4496
141.5113,614.1984,5.8540
153.1224,664.5939,3.2485
149.9713,650.9170,3.5656
151.6521,658.2121,5.3347
165.5404,718.4913,9.0620
153.6445,666.8598,4.6664
142.5723,618.8032,2.6268
150.5486,653.4227,3.2218
148.0107,642.4077,3.7052
143.8892,624.5192,1.3209
131.4656,570.5974,2.3937
131.9599,572.7426,4.8413
133.2370,578.2855,4.0494
129.1857,560.7018,2.9539
108.4162,470.5563,4.5916
111.4067,483.5361,3.7943
108.0280,468.8713,2.8158
82.9596,360.0679,5.5708
86.3673,374.8583,0.8487
75.7570,328.8065,3.8501
66.8397,290.1030,3.8656
57.8356,251.0224,0.1235
44.1168,191.4792,1.0605
32.9641,143.0732,2.1135
21.5914,93.7127,2.8158
11.4983,49.9057,3.7425
0.0867,0.3765,1.3609
0.0000,0.0000,2.7062
0.0000,0.0000,4.1539
0.0000,0.0000,0.2868
0.0000,0.0000,1.1416
0.0000,0.0000,4.2217
0.0000,0.0000,2.8779
0.0000,0.0000,0.5441
0.0000,0.0000,3.4378
0.0000,0.0000,3.7292
0.0000,0.0000,2.9516
0.0000,0.0000,5.8778
0.0000,0.0000,4.0048
0.0000,0.0000,4.3609
0.0000,0.0000,5.4792
0.0000,0.0000,5.8086
0.0000,0.0000,5.1488
0.0000,0.0000,9.8606
0.0000,0.0000,5.3317
0.0000,0.0000,9.2378
0.0000,0.0000,7.5702
0.0000,0.0000,9.7930
0.0000,0.0000,12.1083
0.0000,0.0000,10.4980
0.0000,0.0000,9.1568
0.0000,0.0000,10.0075
0.0000,0.0000,8.9392
0.0000,0.0000,11.9302
0.0000,0.0000,11.6234
0.0000,0.0000,9.6508
0.0000,0.0000,12.8414
0.0000,0.0000,10.3289
0.0000,0.0000,9.8022
0.0000,0.0000,13.7474
0.0000,0.0000,12.2764
0.0000,0.0000,11.1247
0.0000,0.0000,14.2872
0.0000,0.0000,15.2832
0.0000,0.0000,12.0982
0.0000,0.0000,10.5743
0.0000,0.0000,12.8813
0.0000,0.0000,15.5431
0.0000,0.0000,14.0233
0.0000,0.0000,14.8045
0.0000,0.0000,13.0519
0.0000,0.0000,11.3788
0.0000,0.0000,12.8125
0.0000,0.0000,12.7230
0.0000,0.0000,10.9632
0.0000,0.0000,14.5649
0.0000,0.0000,12.4303
0.0000,0.0000,10.8988
8.3137,36.0836,11.0769
20.8024,90.2881,10.3443
33.0762,143.5598,10.1566
41.7586,181.2438,8.8898
52.7854,229.1035,12.6795
61.3003,266.0605,10.1350
65.8417,285.7715,10.2825
82.3738,357.5250,6.6347
93.6565,406.4951,8.7094
104.8526,455.0896,9.7148
105.0028,455.7415,12.9297
123.6590,536.7145,8.4996
123.3339,535.3035,8.7410
120.0453,521.0299,7.9062
114.2318,495.7976,9.1959
127.0547,551.4526,8.7008
150.7065,654.1080,7.6205
143.7669,623.9882,7.3648
141.0454,612.1762,7.2370
150.4437,652.9673,7.6431
151.8206,658.9435,4.8033
155.4110,674.5271,6.7559
148.7689,645.6984,6.3044
144.4208,626.8264,6.7982
157.0008,681.4273,2.6746
135.9602,590.1050,6.0478
142.7581,619.6097,4.3588
135.1614,586.6382,2.6333
125.1456,543.1667,2.7731
126.1251,547.4178,5.1806
131.2165,569.5161,4.2676
120.2384,521.8680,6.1152
116.3353,504.9276,3.3647
105.9260,459.7481,3.1238
108.8878,472.6034,1.5286
95.7833,415.7260,2.6915
79.2771,344.0847,1.8820
69.5278,301.7699,0.4032
66.1335,287.0376,3.7952
54.5414,236.7248,4.8179
44.0735,191.2910,3.7796
36.3595,157.8104,2.7551
24.1706,104.9069,4.1590
11.8216,51.3092,0.6253
0.7850,3.4070,3.6626
0.0000,0.0000,2.9511
0.0000,0.0000,4.8712
0.0000,0.0000,4.8062
0.0000,0.0000,5.2160
0.0000,0.0000,4.0297
0.0000,0.0000,3.2012
0.0000,0.0000,1.9123
0.0000,0.0000,5.1429
0.0000,0.0000,6.8036
0.0000,0.0000,1.8722
0.0000,0.0000,6.4630
0.0000,0.0000,3.1075
0.0000,0.0000,4.2588
0.0000,0.0000,6.3177
0.0000,0.0000,10.5787
0.0000,0.0000,8.9042
0.0000,0.0000,6.4941
0.0000,0.0000,6.2540
0.0000,0.0000,7.6163
0.0000,0.0000,11.0515
0.0000,0.0000,9.3109
0.0000,0.0000,9.8292
0.0000,0.0000,8.7423
0.0000,0.0000,11.2648
0.0000,0.0000,9.4670
0.0000,0.0000,9.8243
0.0000,0.0000,9.6838
0.0000,0.0000,12.6720
0.0000,0.0000,11.1159
0.0000,0.0000,10.6879
0.0000,0.0000,10.1317
0.0000,0.0000,10.9392
0.0000,0.0000,11.9558
0.0000,0.0000,11.3483
0.0000,0.0000,13.8770
0.0000,0.0000,11.2427
0.0000,0.0000,14.9122
0.0000,0.0000,13.2671
0.0000,0.0000,14.6801
0.0000,0.0000,13.4236
0.0000,0.0000,10.9830
0.0000,0.0000,12.8518
0.0000,0.0000,11.7896
0.0000,0.0000,9.7791
0.0000,0.0000,11.7927
0.0000,0.0000,14.6879
0.0000,0.0000,11.4683
0.0000,0.0000,13.2047
0.0000,0.0000,13.1243
0.0000,0.0000,15.4459
0.0000,0.0000,11.5617
8.9959,39.0447,10.3443
20.3029,88.1201,12.2233
27.0387,117.3556,13.0700
42.5595,184.7200,9.6703
53.2466,231.1051,14.2369
66.1294,287.0201,10.1061
69.3684,301.0781,9.7042
78.5311,340.8467,9.3075
91.2954,396.2476,10.3937
95.9409,416.4100,6.5988
101.3483,439.8799,9.9298
120.2629,521.9742,10.0475
117.8204,511.3735,7.4686
134.4052,583.3558,8.0016
127.1725,551.9641,6.6362
146.1877,634.4954,7.0876
141.0318,612.1172,7.0497
141.1648,612.6943,7.2873
148.9144,646.3301,7.2615
147.3590,639.5789,8.3996
159.7810,693.4940,7.8624
161.4734,700.8392,3.3562
152.2570,660.8375,7.9531
147.8819,641.8485,5.7180
155.5118,674.9643,3.3645
147.8044,641.5121,5.0636
142.1786,617.0947,6.1618
135.7193,589.0597,4.1000
132.4528,574.8818,4.1275
126.9301,550.9119,6.8604
123.5604,536.2866,4.2338
129.3059,561.2233,3.2615
103.0834,447.4106,1.7328
110.6066,480.0634,1.8343
97.4098,422.7856,2.6915
97.0825,421.3650,1.5371
81.8402,355.2093,2.9393
78.7100,341.6234,3.4684
60.4078,262.1867,4.6875
57.4128,249.1873,4.3488
47.7478,207.2385,2.8847
34.7577,150.8583,7.8125
24.2755,105.3626,1.7378
11.9117,51.7000,4.4351
1.3621,5.9118,3.4389
0.0000,0.0000,3.6791
0.0000,0.0000,3.6477
0.0000,0.0000,3.6997
0.0000,0.0000,4.2748
0.0000,0.0000,2.5166
0.0000,0.0000,6.3774
0.0000,0.0000,4.7265
0.0000,0.0000,5.5715
0.0000,0.0000,2.1229
0.0000,0.0000,6.9439
0.0000,0.0000,6.3275
0.0000,0.0000,4.5289
0.0000,0.0000,6.6310
0.0000,0.0000,5.7053
0.0000,0.0000,7.4898
0.0000,0.0000,8.4829
0.0000,0.0000,7.6634
0.0000,0.0000,7.0411
0.0000,0.0000,9.4028
0.0000,0.0000,8.4691
0.0000,0.0000,9.3100
0.0000,0.0000,11.1601
0.0000,0.0000,9.2398
0.0000,0.0000,10.2048
0.0000,0.0000,10.9550
0.0000,0.0000,12.4631
0.0000,0.0000,10.4737
0.0000,0.0000,13.4821
0.0000,0.0000,10.5237
0.0000,0.0000,11.9799
0.0000,0.0000,9.4231
0.0000,0.0000,11.1561
0.0000,0.0000,11.2399
0.0000,0.0000,10.9546
0.0000,0.0000,11.8618
0.0000,0.0000,13.6164
0.0000,0.0000,13.6089
0.0000,0.0000,13.6162
0.0000,0.0000,14.1456
0.0000,0.0000,14.7087
0.0000,0.0000,14.2817
0.0000,0.0000,14.1011
0.0000,0.0000,12.3754
0.0000,0.0000,13.4960
0.0000,0.0000,14.5073
0.0000,0.0000,14.4524
0.0000,0.0000,14.2288
0.0000,0.0000,13.7022
0.0000,0.0000,12.6754
0.0000,0.0000,13.4085
0.0000,0.0000,11.4673
9.7069,42.1305,12.8664
21.0969,91.5665,11.9514
31.1780,135.3213,10.4501
43.7847,190.0377,9.9426
46.7382,202.8566,10.5392
63.0270,273.5547,9.2878
72.8087,316.0099,13.2673
74.4638,323.1935,8.5733
87.0190,377.6866,5.7201
104.0190,451.4713,10.6479
110.5765,479.9328,8.4968
109.7266,476.2439,11.5091
130.5560,566.6495,8.9702
129.8135,563.4268,9.6863
136.5898,592.8377,6.9232
151.2836,656.6130,9.9537
149.8817,650.5284,8.6558
143.6912,623.6599,5.2511
143.6423,623.4474,5.3826
165.6718,719.0616,6.8562
143.8838,624.4955,3.5802
167.0184,724.9061,6.5492
161.2159,699.7219,4.8722
149.0453,646.8979,7.5907
138.1091,599.4318,4.0934
160.3912,696.1424,4.9254
151.0655,655.6664,3.9179
156.9334,681.1344,4.6610
137.2769,595.8201,2.0225
144.8940,628.8803,3.3911
115.5024,501.3125,1.9520
126.3145,548.2399,6.4049
115.5659,501.5883,4.3493
119.1379,517.0914,5.2481
102.9761,446.9449,5.5969
101.4262,440.2180,0.0648
82.3200,357.2917,5.9366
75.5711,327.9994,5.5734
66.0582,286.7108,6.9671
55.1488,239.3612,4.5687
45.7091,198.3903,5.4162
31.7204,137.6752,3.9063
25.2898,109.7647,4.4739
13.8464,60.0971,5.1599
2.2402,9.7229,6.5925
0.0000,0.0000,6.4745
0.0000,0.0000,2.6511
0.0000,0.0000,5.1757
0.0000,0.0000,2.8498
0.0000,0.0000,3.4717
0.0000,0.0000,3.3306
0.0000,0.0000,5.7449
0.0000,0.0000,3.0056
0.0000,0.0000,3.7163
0.0000,0.0000,4.8251
0.0000,0.0000,7.2473
0.0000,0.0000,5.8719
0.0000,0.0000,8.0719
0.0000,0.0000,6.9733
0.0000,0.0000,9.0978
0.0000,0.0000,6.9266
0.0000,0.0000,6.8768
0.0000,0.0000,9.1024
0.0000,0.0000,9.0092
0.0000,0.0000,9.3198
0.0000,0.0000,11.5016
0.0000,0.0000,11.0855
0.0000,0.0000,10.9140
0.0000,0.0000,10.0337
0.0000,0.0000,10.3622
0.0000,0.0000,9.6614
0.0000,0.0000,10.3211
0.0000,0.0000,7.7367
0.0000,0.0000,14.8864
0.0000,0.0000,11.4904
0.0000,0.0000,11.3869
0.0000,0.0000,12.1705
0.0000,0.0000,14.9409
0.0000,0.0000,13.6669
0.0000,0.0000,15.5948
0.0000,0.0000,12.3388
0.0000,0.0000,13.0537
0.0000,0.0000,11.9386
0.0000,0.0000,11.7787
0.0000,0.0000,13.6667
0.0000,0.0000,13.0427
0.0000,0.0000,13.0149
0.0000,0.0000,12.6303
0.0000,0.0000,12.2614
0.0000,0.0000,16.6247
0.0000,0.0000,12.6116
0.0000,0.0000,11.9628
0.0000,0.0000,9.3223
0.0000,0.0000,13.9711
0.0000,0.0000,11.3581
0.0000,0.0000,13.7761
10.3477,44.9120,12.9103
22.6845,98.4570,14.2433
32.8204,142.4495,9.1912
42.1385,182.8929,12.6755
51.2613,222.4884,9.9200
66.9660,290.6509,13.9525
75.4902,327.6485,10.6832
78.9803,342.7965,10.9214
94.8709,411.7659,10.7524
109.5612,475.5261,10.1346
118.2159,513.0898,11.8380
114.6509,497.6166,9.9039
126.8172,550.4220,9.6483
137.0000,594.6182,7.0993
142.0742,616.6414,8.4780
144.1487,625.6454,10.5382
145.9884,633.6302,7.9585
145.5721,631.8232,7.5642
152.7268,662.8766,8.9954
152.0769,660.0561,9.2034
154.0571,668.6506,7.0556
152.6433,662.5142,6.5415
167.0558,725.0687,8.3961
156.5051,679.2757,6.8175
160.1818,695.2335,5.9765
157.6203,684.1157,3.8956
161.0385,698.9518,4.7374
143.7982,624.1241,1.3540
143.8047,624.1524,3.8484
130.0854,564.6069,5.5729
140.8729,611.4276,2.2373
120.4064,522.5970,3.2262
122.6426,532.3030,5.4034
110.3008,478.7361,4.5457
109.4661,475.1131,1.8278
89.0588,386.5399,3.6036
85.4572,370.9079,2.4271
67.7238,293.9401,3.3979
64.2703,278.9509,5.5678
61.0352,264.9099,6.0304
46.5820,202.1787,3.0272
32.9540,143.0296,4.8424
26.1538,113.5146,4.2398
15.0975,65.5272,7.0717
2.5414,11.0303,0.8173
0.0000,0.0000,4.0290
0.0000,0.0000,1.5678
0.0000,0.0000,3.9834
0.0000,0.0000,4.0193
0.0000,0.0000,3.6479
0.0000,0.0000,5.4156
0.0000,0.0000,3.9389
0.0000,0.0000,4.7555
0.0000,0.0000,6.3296
0.0000,0.0000,7.1267
0.0000,0.0000,7.2257
0.0000,0.0000,7.1924
0.0000,0.0000,9.7211
0.0000,0.0000,7.6696
0.0000,0.0000,8.8455
0.0000,0.0000,7.9910
0.0000,0.0000,8.7971
0.0000,0.0000,8.7057
0.0000,0.0000,8.6502
0.0000,0.0000,10.3409
0.0000,0.0000,8.0435
0.0000,0.0000,10.9833
0.0000,0.0000,9.2264
0.0000,0.0000,10.0011
0.0000,0.0000,11.2950
0.0000,0.0000,11.4312
0.0000,0.0000,10.5074
0.0000,0.0000,11.5221
0.0000,0.0000,10.8988
0.0000,0.0000,13.7812
0.0000,0.0000,10.3490
0.0000,0.0000,10.7947
0.0000,0.0000,10.6325
0.0000,0.0000,13.8415
0.0000,0.0000,12.4900
0.0000,0.0000,13.3641
0.0000,0.0000,13.0023
0.0000,0.0000,14.6275
0.0000,0.0000,12.7424
0.0000,0.0000,11.5430
0.0000,0.0000,16.4261
0.0000,0.0000,16.4629
0.0000,0.0000,11.9930
0.0000,0.0000,13.4455
0.0000,0.0000,14.1640
0.0000,0.0000,13.2136
0.0000,0.0000,11.9466
0.0000,0.0000,14.7452
0.0000,0.0000,15.4943
0.0000,0.0000,11.7553
0.4793,2.0801,14.4177
12.2312,53.0870,9.9760
21.4600,93.1425,14.1801
34.9627,151.7479,12.9233
42.6801,185.2435,13.8214
54.8458,238.0461,10.4539
64.4135,279.5726,10.1875
76.4488,331.8091,10.1436
80.3916,348.9217,11.0053
101.2219,439.3311,9.7352
96.6369,419.4309,12.1432
105.0146,455.7927,9.0876
121.3705,526.7818,10.8909
117.9361,511.8752,8.1883
129.4325,561.7731,7.8124
147.6342,640.7733,8.1536
145.9510,633.4677,7.7454
140.3782,609.2804,11.0062
144.7258,628.1501,7.0522
164.0614,712.0721,5.7135
150.3029,652.3563,7.2799
143.9409,624.7436,6.3975
152.0302,659.8531,7.7294
156.7836,680.4846,6.7565
153.2261,665.0439,7.6401
149.2126,647.6239,9.2834
157.1577,682.1079,7.3223
144.0463,625.2008,4.6702
143.0162,620.7299,1.3264
146.8616,637.4203,7.3468
131.2859,569.8174,0.7334
138.6403,601.7374,3.6629
124.2683,539.3588,4.6468
121.0758,525.5027,1.3223
116.2416,504.5207,6.2150
104.8611,455.1261,4.9268
91.0807,395.3156,0.4188
85.9513,373.0527,3.1034
77.1619,334.9040,1.9426
63.5143,275.6695,7.5002
58.1660,252.4567,3.6489
50.1867,217.8240,3.2176
35.8865,155.7575,6.9170
27.4531,119.1543,3.2044
14.4379,62.6643,4.3411
3.3609,14.5875,4.5962
0.0000,0.0000,5.2063
0.0000,0.0000,7.7099
0.0000,0.0000,6.9417
0.0000,0.0000,7.7952
0.0000,0.0000,3.8482
0.0000,0.0000,2.5596
0.0000,0.0000,4.8815
0.0000,0.0000,8.2552
0.0000,0.0000,5.2205
0.0000,0.0000,7.1151
0.0000,0.0000,6.4323
0.0000,0.0000,5.6208
0.0000,0.0000,7.5841
0.0000,0.0000,9.2938
0.0000,0.0000,7.5972
0.0000,0.0000,7.5960
0.0000,0.0000,8.3021
0.0000,0.0000,9.1829
0.0000,0.0000,9.4861
0.0000,0.0000,9.1418
0.0000,0.0000,9.6956
0.0000,0.0000,11.0965
0.0000,0.0000,13.0825
0.0000,0.0000,10.5945
0.0000,0.0000,10.5323
0.0000,0.0000,10.8685
0.0000,0.0000,13.8380
0.0000,0.0000,13.3374
0.0000,0.0000,13.0343
0.0000,0.0000,14.9977
0.0000,0.0000,12.3191
0.0000,0.0000,13.7961
0.0000,0.0000,12.7651
0.0000,0.0000,13.6994
0.0000,0.0000,14.4838
0.0000,0.0000,13.1234
0.0000,0.0000,13.7441
0.0000,0.0000,13.4693
0.0000,0.0000,13.5412
0.0000,0.0000,14.3776
0.0000,0.0000,13.5055
0.0000,0.0000,15.0998
0.0000,0.0000,14.1171
0.0000,0.0000,15.1398
0.0000,0.0000,13.3308
0.0000,0.0000,15.5834
0.0000,0.0000,13.8337
0.0000,0.0000,13.4082
0.0000,0.0000,14.7574
0.0000,0.0000,12.6709
1.2003,5.2097,13.6374
12.1715,52.8277,14.2992
20.7123,89.8970,14.9320
35.3705,153.5179,10.8310
45.6014,197.9229,9.8309
55.8387,242.3553,11.3604
58.3639,253.3154,12.5785
75.4470,327.4609,13.6570
82.9242,359.9140,10.1758
95.0340,412.4738,11.7978
98.3521,426.8757,13.3755
112.1367,486.7043,9.3982
109.5214,475.3534,9.7126
117.8659,511.5706,9.4719
132.1552,573.5901,9.6071
135.0300,586.0676,8.8930
141.7059,615.0431,10.1494
151.7809,658.7715,10.6685
147.1011,638.4595,10.9088
130.5912,566.8019,7.6408
134.1942,582.4402,9.6330
160.5812,696.9669,6.9869
149.4534,648.6691,5.6253
157.4230,683.2598,5.9565
168.2145,730.0976,8.6578
160.7883,697.8658,6.6303
152.4584,661.7120,4.9168
160.3004,695.7481,4.6600
155.1434,673.3655,6.3152
139.0847,603.6663,8.0593
141.1929,612.8166,4.1084
136.7844,593.6823,5.2355
117.2871,509.0584,2.8501
116.3549,505.0124,4.1116
106.1138,460.5633,3.4142
113.2087,491.3574,7.3998
100.6538,436.8656,3.4649
88.9286,385.9749,5.5618
77.1853,335.0057,6.7446
73.9256,320.8574,4.6223
56.6416,245.8404,4.4045
45.2061,196.2071,6.0842
37.6848,163.5626,4.7796
28.5858,124.0705,2.7340
15.6471,67.9127,4.4233
4.4818,19.4522,5.7352
0.0000,0.0000,5.8162
0.0000,0.0000,2.9883
0.0000,0.0000,6.7894
0.0000,0.0000,4.4261
0.0000,0.0000,4.7070
0.0000,0.0000,4.4348
0.0000,0.0000,7.6526
0.0000,0.0000,4.2856
0.0000,0.0000,5.1081
0.0000,0.0000,6.2222
0.0000,0.0000,10.0323
0.0000,0.0000,6.1135
0.0000,0.0000,9.1978
0.0000,0.0000,6.8013
0.0000,0.0000,8.6298
0.0000,0.0000,11.7849
0.0000,0.0000,7.8500
0.0000,0.0000,7.5362
0.0000,0.0000,10.4282
0.0000,0.0000,11.7114
0.0000,0.0000,8.7976
0.0000,0.0000,9.2243
0.0000,0.0000,12.5447
0.0000,0.0000,11.3777
0.0000,0.0000,12.6549
0.0000,0.0000,8.4447
0.0000,0.0000,13.4989
0.0000,0.0000,11.3228
0.0000,0.0000,13.2778
0.0000,0.0000,12.5862
0.0000,0.0000,11.5783
0.0000,0.0000,13.2538
0.0000,0.0000,13.1279
0.0000,0.0000,13.0219
0.0000,0.0000,13.4769
0.0000,0.0000,14.5964
0.0000,0.0000,12.3896
0.0000,0.0000,15.2039
0.0000,0.0000,12.5200
0.0000,0.0000,14.7246
0.0000,0.0000,13.2025
0.0000,0.0000,16.5300
0.0000,0.0000,11.3010
0.0000,0.0000,14.0309
0.0000,0.0000,15.1214
0.0000,0.0000,10.7565
0.0000,0.0000,17.4502
0.0000,0.0000,14.8729
0.0000,0.0000,13.7493
0.0000,0.0000,14.6465
1.8259,7.9250,13.6548
13.0494,56.6378,11.4534
23.7732,103.1821,11.5830
34.7612,150.8734,13.3782
44.6474,193.7823,14.5387
57.7864,250.8088,12.5136
70.6731,306.7407,13.8525
77.3831,335.8643,12.9022
83.7716,363.5919,11.3036
100.3477,435.5368,12.8560
95.8308,415.9324,11.5463
103.3588,448.6059,8.9681
128.6664,558.4479,10.6036
134.9230,585.6033,7.9057
133.1340,577.8387,10.7459
132.8414,576.5686,9.7805
150.7041,654.0975,8.4812
135.0210,586.0289,10.8913
149.5023,648.8818,10.5761
166.8746,724.2821,7.8952
155.3711,674.3539,6.8787
153.4820,666.1547,4.7889
148.1859,643.1678,7.6648
155.7287,675.9059,7.3437
161.4085,700.5579,7.8124
157.3176,682.8021,1.5317
153.2131,664.9873,4.7979
162.5160,705.3646,5.3202
150.6344,653.7953,3.8072
154.5806,670.9225,5.6963
126.5691,549.3450,5.6556
122.8104,533.0312,5.9142
137.9516,598.7482,5.5823
107.5157,466.6482,8.1000
108.3103,470.0968,4.4523
114.0745,495.1151,4.9283
97.8370,424.6397,3.1092
85.7024,371.9724,6.9159
81.9085,355.5057,7.3239
68.8616,298.8786,3.3566
63.8657,277.1951,3.9210
46.9986,203.9868,6.9200
35.7938,155.3551,4.3531
28.1950,122.3741,4.6631
15.9524,69.2379,3.8375
5.3851,23.3730,5.2881
0.0000,0.0000,4.3051
0.0000,0.0000,8.0078
0.0000,0.0000,4.0299
0.0000,0.0000,5.5563
0.0000,0.0000,4.0781
0.0000,0.0000,3.9216
0.0000,0.0000,9.4412
0.0000,0.0000,5.1390
0.0000,0.0000,7.0759
0.0000,0.0000,8.8841
0.0000,0.0000,6.0386
0.0000,0.0000,8.8599
0.0000,0.0000,11.2289
0.0000,0.0000,6.9259
0.0000,0.0000,7.5819
0.0000,0.0000,7.6676
0.0000,0.0000,12.0790
0.0000,0.0000,8.3715
0.0000,0.0000,8.3202
0.0000,0.0000,11.0873
0.0000,0.0000,12.3759
0.0000,0.0000,11.7579
0.0000,0.0000,10.2685
0.0000,0.0000,10.6589
0.0000,0.0000,12.0146
0.0000,0.0000,13.5189
0.0000,0.0000,9.3682
0.0000,0.0000,11.4541
0.0000,0.0000,10.6984
0.0000,0.0000,13.6484
0.0000,0.0000,14.4734
0.0000,0.0000,16.0144
0.0000,0.0000,15.7667
0.0000,0.0000,13.8825
0.0000,0.0000,13.2088
0.0000,0.0000,16.2673
0.0000,0.0000,10.0770
0.0000,0.0000,13.9679
0.0000,0.0000,15.2665
0.0000,0.0000,16.0125
0.0000,0.0000,11.8579
0.0000,0.0000,18.0259
0.0000,0.0000,15.1108
0.0000,0.0000,15.1501
0.0000,0.0000,14.1144
0.0000,0.0000,16.3217
0.0000,0.0000,11.8347
0.0000,0.0000,12.9834
0.0000,0.0000,12.8029
0.0000,0.0000,15.7881
2.6645,11.5646,14.4367
14.3131,62.1230,9.9084
23.5338,102.1434,15.0733
35.9614,156.0823,10.8477
48.2321,209.3405,13.7019
54.7808,237.7639,12.9490
68.9326,299.1866,9.1063
83.8724,364.0294,13.0612
94.0614,408.2524,8.6095
94.6701,410.8944,13.1029
100.4593,436.0214,13.0061
120.8222,524.4021,9.6471
117.8248,511.3922,12.4615
127.6998,554.2527,11.3148
140.7673,610.9693,10.5457
137.5006,596.7908,9.9405
144.0833,625.3613,9.6038
155.0118,672.7941,9.5210
153.3869,665.7417,6.3189
154.7286,671.5651,9.7222
159.0533,690.3354,9.0653
160.9080,698.3853,7.0480
157.5613,683.8599,6.6245
154.8172,671.9495,6.0476
168.7784,732.5450,4.3318
161.1720,699.5313,7.3438
166.7177,723.6010,7.8431
165.3083,717.4839,7.0449
161.4695,700.8223,7.7946
151.2103,656.2945,4.9388
144.8988,628.9009,3.6694
137.6020,597.2310,4.9174
135.0164,586.0086,5.3717
131.4802,570.6606,5.9924
109.2121,474.0108,6.1738
114.5234,497.0634,5.1426
89.6548,389.1266,6.1016
91.7805,398.3528,5.1161
79.8559,346.5969,3.6146
68.2556,296.2483,4.3436
59.5700,258.5504,6.2959
52.5660,228.1511,7.2515
40.2102,174.5236,5.4883
28.2631,122.6699,6.5492
16.6493,72.2626,6.5111
5.7091,24.7789,4.5683
0.0000,0.0000,6.9123
0.0000,0.0000,6.1019
0.0000,0.0000,7.6522
0.0000,0.0000,4.2621
0.0000,0.0000,5.3481
0.0000,0.0000,3.6721
0.0000,0.0000,4.1731
0.0000,0.0000,7.7405
0.0000,0.0000,6.1466
0.0000,0.0000,6.0931
0.0000,0.0000,8.0898
0.0000,0.0000,7.6222
0.0000,0.0000,9.9942
0.0000,0.0000,9.7972
0.0000,0.0000,7.6887
0.0000,0.0000,6.4071
0.0000,0.0000,9.3506
0.0000,0.0000,8.0447
0.0000,0.0000,13.0154
0.0000,0.0000,9.0383
0.0000,0.0000,7.5373
0.0000,0.0000,12.4275
0.0000,0.0000,11.0829
0.0000,0.0000,12.7214
0.0000,0.0000,12.2466
0.0000,0.0000,10.3994
0.0000,0.0000,15.5924
0.0000,0.0000,12.1757
0.0000,0.0000,13.1955
0.0000,0.0000,13.3261
0.0000,0.0000,13.8303
0.0000,0.0000,11.9538
0.0000,0.0000,16.6320
0.0000,0.0000,13.7347
0.0000,0.0000,14.1488
0.0000,0.0000,14.5155
0.0000,0.0000,13.5047
0.0000,0.0000,15.1442
0.0000,0.0000,14.0533
0.0000,0.0000,15.2827
0.0000,0.0000,14.7005
0.0000,0.0000,14.8451
0.0000,0.0000,14.5906
0.0000,0.0000,18.9062
0.0000,0.0000,15.7738
0.0000,0.0000,14.3374
0.0000,0.0000,14.1999
0.0000,0.0000,14.0200
0.0000,0.0000,14.9344
0.0000,0.0000,15.0355
3.2465,14.0909,11.9117
13.2676,57.5850,13.8834
27.1668,117.9116,14.9382
39.4015,171.0136,14.8076
48.1444,208.9602,12.7428
61.9190,268.7456,14.9141
67.7351,293.9891,12.4647
79.4367,344.7772,14.1561
84.6771,367.5220,14.3021
91.1834,395.7611,11.4215
113.8799,494.2705,13.2302
119.5691,518.9629,12.9492
120.8276,524.4252,9.7263
133.8598,580.9886,11.0903
127.2600,552.3438,11.3131
142.0226,616.4174,11.3463
150.7457,654.2781,8.4691
155.3638,674.3223,12.1991
164.7207,714.9338,9.3254
148.0968,642.7814,8.9653
148.7093,645.4396,6.0875
163.1885,708.2835,8.3127
164.0937,712.2124,9.5844
161.3666,700.3759,9.1279
159.8086,693.6138,7.1563
156.7441,680.3129,4.0795
150.2654,652.1937,9.3182
160.0201,694.5315,5.9670
157.0165,681.4954,7.4734
144.5391,627.3400,5.5485
146.4606,635.6798,7.7020
139.0730,603.6155,4.7559
137.8456,598.2884,3.0570
122.2042,530.4001,5.5122
117.0874,508.1920,1.8781
95.3099,413.6715,6.5045
88.1908,382.7724,4.1105
96.4746,418.7264,5.5735
86.3925,374.9676,5.1022
74.0321,321.3200,3.3061
56.5717,245.5370,6.6225
52.3483,227.2063,8.0714
39.3936,170.9794,6.2475
30.9731,134.4318,5.6944
17.2417,74.8338,4.1017
6.3614,27.6104,4.8849
0.0000,0.0000,8.8997
0.0000,0.0000,6.1256
0.0000,0.0000,7.0236
0.0000,0.0000,5.9079
0.0000,0.0000,6.8763
0.0000,0.0000,4.3574
0.0000,0.0000,5.2192
0.0000,0.0000,7.2418
0.0000,0.0000,10.1286
0.0000,0.0000,8.8977
0.0000,0.0000,9.9683
0.0000,0.0000,6.8096
0.0000,0.0000,9.0955
0.0000,0.0000,7.4712
0.0000,0.0000,9.5018
0.0000,0.0000,8.9701
0.0000,0.0000,9.7553
0.0000,0.0000,11.3380
0.0000,0.0000,10.5952
0.0000,0.0000,12.2280
0.0000,0.0000,11.7975
0.0000,0.0000,10.7632
0.0000,0.0000,14.9811
0.0000,0.0000,10.9982
0.0000,0.0000,11.7037
0.0000,0.0000,9.8976
0.0000,0.0000,15.6696
0.0000,0.0000,13.4001
0.0000,0.0000,14.4807
0.0000,0.0000,14.5312
0.0000,0.0000,15.9444
0.0000,0.0000,11.2638
0.0000,0.0000,12.9430
0.0000,0.0000,14.1773
0.0000,0.0000,15.7631
0.0000,0.0000,14.8507
0.0000,0.0000,11.6986
0.0000,0.0000,16.2574
0.0000,0.0000,14.3374
0.0000,0.0000,15.0680
0.0000,0.0000,17.0741
0.0000,0.0000,16.3724
0.0000,0.0000,16.2195
0.0000,0.0000,16.1026
0.0000,0.0000,15.8188
0.0000,0.0000,14.9511
0.0000,0.0000,14.2639
0.0000,0.0000,16.2641
0.0000,0.0000,17.2240
0.0000,0.0000,13.8351
4.2266,18.3448,14.6623
14.7866,64.1779,12.4917
26.4349,114.7347,14.8093
36.8996,160.1543,13.6589
47.6205,206.6863,13.2278
61.6830,267.7215,13.5706
69.8410,303.1294,12.1873
81.9188,355.5506,14.5563
92.6923,402.3102,13.5860
100.7761,437.3962,10.4972
103.3314,448.4871,12.7145
118.6130,514.8133,12.2961
121.5325,527.4849,12.9271
122.3061,530.8425,8.9273
144.3308,626.4358,12.7204
144.8338,628.6190,13.3227
157.5844,683.9600,11.7422
150.5424,653.3961,9.9706
163.4609,709.4659,10.2087
147.7471,641.2635,5.9959
163.2602,708.5947,9.3887
168.6214,731.8639,9.7321
150.7940,654.4880,8.3594
174.7109,758.2936,8.9162
170.7229,740.9850,7.1146
143.1035,621.1087,7.6808
160.2614,695.5791,3.8253
136.2436,591.3350,8.6675
150.6805,653.9954,7.6560
149.2251,647.6783,7.7965
140.2330,608.6503,6.3798
147.3156,639.3906,4.5551
118.2513,513.2435,8.3521
121.8972,529.0679,5.8730
119.5086,518.7007,9.8083
106.5848,462.6078,4.8994
92.6730,402.2264,5.7270
88.7164,385.0540,4.4028
75.9871,329.8051,2.4801
66.4284,288.3177,6.1504
61.4227,266.5917,7.3112
53.7449,233.2680,7.8808
42.4047,184.0480,5.3044
27.2705,118.3615,3.2732
17.6602,76.6500,5.0614
7.5093,32.5925,5.3402
0.0000,0.0000,5.5594
0.0000,0.0000,4.8399
0.0000,0.0000,6.5180
0.0000,0.0000,8.0537
0.0000,0.0000,5.9988
0.0000,0.0000,5.6261
0.0000,0.0000,5.4506
0.0000,0.0000,9.8482
0.0000,0.0000,7.9937
0.0000,0.0000,8.6092
0.0000,0.0000,10.0839
0.0000,0.0000,6.9634
0.0000,0.0000,9.9653
0.0000,0.0000,7.5951
0.0000,0.0000,10.9097
0.0000,0.0000,11.1110
0.0000,0.0000,11.4156
0.0000,0.0000,11.5389
0.0000,0.0000,10.3711
0.0000,0.0000,10.2509
0.0000,0.0000,11.3661
0.0000,0.0000,10.7914
0.0000,0.0000,13.3083
0.0000,0.0000,15.2560
0.0000,0.0000,13.4822
0.0000,0.0000,13.1000
0.0000,0.0000,14.8756
0.0000,0.0000,14.7655
0.0000,0.0000,14.1613
0.0000,0.0000,15.9314
0.0000,0.0000,13.8428
0.0000,0.0000,14.0069
0.0000,0.0000,14.2534
0.0000,0.0000,13.6735
0.0000,0.0000,13.8918
0.0000,0.0000,15.1666
0.0000,0.0000,17.0884
0.0000,0.0000,16.2805
0.0000,0.0000,15.6440
0.0000,0.0000,14.5345
0.0000,0.0000,18.2823
0.0000,0.0000,18.0531
0.0000,0.0000,14.9797
0.0000,0.0000,16.1838
0.0000,0.0000,16.1809
0.0000,0.0000,12.4172
0.0000,0.0000,16.9481
0.0000,0.0000,15.8237
0.0000,0.0000,16.3079
0.0000,0.0000,17.3586
4.7346,20.5496,13.6551
14.7753,64.1291,15.7020
28.2138,122.4556,14.5376
40.2226,174.5775,13.1960
46.9817,203.9138,14.6947
63.3630,275.0132,15.5993
69.5035,301.6645,13.3739
86.3940,374.9739,10.8796
89.4456,388.2188,11.0183
102.1626,443.4139,12.4032
115.6028,501.7482,12.9143
109.9236,477.0990,12.5930
111.8730,485.5600,10.2779
139.9415,607.3849,12.1112
136.7334,593.4607,11.1050
152.9910,664.0233,12.8595
148.3068,643.6926,10.9971
156.4711,679.1281,11.4861
167.2433,725.8824,9.4382
163.1760,708.2294,12.4394
168.3814,730.8220,10.3442
164.0809,712.1567,7.6093
155.0943,673.1523,8.1109
164.0279,711.9266,7.6293
170.0073,737.8790,10.1675
168.1006,729.6031,5.6506
171.0901,742.5786,9.2940
157.3256,682.8367,7.9169
135.2250,586.9139,7.2969
143.6073,623.2953,6.4090
144.7861,628.4119,5.4245
126.1639,547.5865,7.0443
130.8279,567.8295,7.8022
130.7554,567.5146,8.0220
117.4886,509.9333,1.8595
110.3406,478.9089,2.3544
103.3552,448.5901,4.7304
83.8805,364.0648,4.1068
88.6366,384.7073,6.4170
74.5200,323.4375,6.7685
63.9942,277.7526,6.0799
52.3787,227.3383,6.3610
38.3864,166.6076,3.9864
30.0962,130.6258,6.9553
17.8151,77.3223,4.9078
7.7038,33.4364,8.2293
0.0000,0.0000,9.1969
0.0000,0.0000,2.9589
0.0000,0.0000,4.4861
0.0000,0.0000,5.7790
0.0000,0.0000,9.3080
0.0000,0.0000,7.1813
0.0000,0.0000,8.9062
0.0000,0.0000,6.3267
0.0000,0.0000,8.1232
0.0000,0.0000,9.0496
0.0000,0.0000,9.6689
0.0000,0.0000,10.3300
0.0000,0.0000,8.7624
0.0000,0.0000,8.4956
0.0000,0.0000,9.9767
0.0000,0.0000,13.9497
0.0000,0.0000,11.4611
0.0000,0.0000,11.5558
0.0000,0.0000,10.4434
0.0000,0.0000,11.5025
0.0000,0.0000,12.9694
0.0000,0.0000,11.6318
0.0000,0.0000,10.7646
0.0000,0.0000,13.5403
0.0000,0.0000,14.2873
0.0000,0.0000,13.4727
0.0000,0.0000,12.9629
0.0000,0.0000,14.3053
0.0000,0.0000,14.4873
0.0000,0.0000,15.0221
0.0000,0.0000,14.7400
0.0000,0.0000,13.9990
0.0000,0.0000,13.9614
0.0000,0.0000,14.2500
0.0000,0.0000,15.5670
0.0000,0.0000,16.8784
0.0000,0.0000,12.4835
0.0000,0.0000,18.0284
0.0000,0.0000,16.1667
0.0000,0.0000,12.9425
0.0000,0.0000,15.0869
0.0000,0.0000,14.4695
0.0000,0.0000,15.8806
0.0000,0.0000,16.6803
0.0000,0.0000,19.3823
0.0000,0.0000,16.1021
0.0000,0.0000,16.0831
0.0000,0.0000,14.7573
0.0000,0.0000,13.2950
0.0000,0.0000,16.0717
5.4633,23.7123,14.8585
17.9454,77.8879,13.3475
28.8014,125.0062,13.2441
37.3881,162.2748,16.5299
48.4407,210.2461,12.3682
64.7637,281.0926,14.7658
68.6701,298.0471,15.0471
85.5973,371.5159,12.4371
95.4514,414.2855,14.7531
95.3162,413.6986,12.4892
104.7097,454.4694,14.9095
112.9824,490.3750,11.7756
116.2049,504.3614,13.1593
140.8162,611.1815,14.2164
141.3652,613.5645,11.6718
134.1517,582.2557,11.3969
152.3558,661.2666,9.5802
164.1222,712.3359,12.0002
153.6078,666.7006,11.8843
165.7521,719.4102,10.4999
156.2193,678.0350,9.5155
161.4042,700.5391,10.6725
163.4765,709.5333,11.1176
176.5110,766.1067,9.3971
157.7192,684.5453,8.3356
153.1352,664.6492,7.8757
166.9725,724.7072,9.9086
168.9028,733.0851,7.5175
161.6600,701.6495,6.8170
147.8312,641.6285,6.0540
143.8334,624.2767,4.9336
131.3798,570.2247,5.1859
125.5202,544.7927,3.2869
125.0385,542.7018,6.3000
121.0279,525.2946,5.3822
102.7326,445.8878,7.0836
98.7165,428.4571,4.8064
88.8445,385.6098,5.3787
84.4040,366.3366,3.5609
72.2239,313.4718,5.6418
66.1478,287.0998,9.1982
55.7566,241.9993,7.4032
44.3128,192.3301,7.7434
33.3825,144.8894,4.0781
19.8491,86.1504,9.3986
8.7335,37.9058,8.7746
0.0000,0.0000,4.9939
0.0000,0.0000,8.9719
0.0000,0.0000,9.9845
0.0000,0.0000,6.3119
0.0000,0.0000,6.2069
0.0000,0.0000,14.4290
0.0000,0.0000,9.2408
0.0000,0.0000,10.5565
0.0000,0.0000,11.2905
0.0000,0.0000,6.5273
0.0000,0.0000,7.5288
0.0000,0.0000,9.8176
0.0000,0.0000,12.7476
0.0000,0.0000,9.9421
0.0000,0.0000,12.5026
0.0000,0.0000,7.5794
0.0000,0.0000,9.9519
0.0000,0.0000,11.3797
0.0000,0.0000,12.3584
0.0000,0.0000,12.5156
0.0000,0.0000,12.5213
0.0000,0.0000,10.7034
0.0000,0.0000,12.6753
0.0000,0.0000,14.5090
0.0000,0.0000,12.6242
0.0000,0.0000,15.3840
0.0000,0.0000,14.7138
0.0000,0.0000,14.1775
0.0000,0.0000,17.0496
0.0000,0.0000,14.7562
0.0000,0.0000,13.0740
0.0000,0.0000,14.3056
0.0000,0.0000,14.1844
0.0000,0.0000,14.0101
0.0000,0.0000,15.9442
0.0000,0.0000,16.8722
0.0000,0.0000,14.7696
0.0000,0.0000,15.7706
0.0000,0.0000,15.9253
0.0000,0.0000,15.7482
0.0000,0.0000,15.3869
0.0000,0.0000,17.0133
0.0000,0.0000,16.2091
0.0000,0.0000,15.2305
0.0000,0.0000,15.3241
0.0000,0.0000,17.8576
0.0000,0.0000,15.2382
0.0000,0.0000,15.9883
0.0000,0.0000,14.8170
0.0000,0.0000,15.5137
6.5076,28.2446,16.4009
16.4975,71.6038,15.8142
27.1284,117.7449,14.3622
39.3598,170.8323,17.1296
50.0162,217.0840,16.2827
58.6980,254.7658,17.0779
72.1933,313.3388,12.7404
85.4139,370.7200,15.0290
96.8866,420.5148,15.1643
94.3463,409.4890,14.3706
111.6336,484.5209,12.5215
116.4931,505.6124,14.5402
133.3557,578.8008,15.6511
135.8139,589.4700,16.3610
140.6902,610.6346,13.0949
132.8684,576.6858,13.2836
147.9218,642.0219,13.0693
150.0345,651.1913,12.2514
149.2193,647.6534,11.0215
151.9049,659.3093,11.2465
161.8082,702.2924,9.5410
176.4307,765.7584,9.2476
172.3884,748.2137,10.6927
159.3666,691.6953,8.3914
176.6899,766.8832,8.0813
162.4846,705.2284,8.7071
169.7907,736.9387,6.4265
169.7913,736.9412,8.2625
149.8421,650.3564,8.8812
152.4354,661.6118,11.3314
145.3558,630.8844,6.2043
144.0642,625.2786,6.5219
143.2279,621.6487,8.0504
123.6648,536.7396,8.8493
127.8414,554.8671,7.5624
108.3730,470.3688,6.6142
109.6159,475.7635,5.3526
95.0410,412.5043,7.6220
79.3100,344.2272,7.6068
79.7627,346.1922,6.3513
63.3129,274.7955,7.1646
54.3816,236.0314,7.7381
41.2559,179.0621,6.2328
34.1892,148.3907,3.7257
21.2355,92.1680,8.2365
8.6251,37.4355,7.8425
0.0000,0.0000,5.0184
0.0000,0.0000,8.1564
0.0000,0.0000,8.6015
0.0000,0.0000,6.9870
0.0000,0.0000,7.0588
0.0000,0.0000,6.5988
0.0000,0.0000,9.9011
0.0000,0.0000,10.4633
0.0000,0.0000,9.1689
0.0000,0.0000,6.3743
0.0000,0.0000,10.5583
0.0000,0.0000,12.1769
0.0000,0.0000,8.6155
0.0000,0.0000,14.0065
0.0000,0.0000,11.4021
0.0000,0.0000,11.9929
0.0000,0.0000,10.6788
0.0000,0.0000,14.9170
0.0000,0.0000,13.0895
0.0000,0.0000,12.2667
0.0000,0.0000,13.7560
0.0000,0.0000,12.7148
0.0000,0.0000,15.4874
0.0000,0.0000,12.7246
0.0000,0.0000,12.5780
0.0000,0.0000,12.2675
0.0000,0.0000,12.7414
0.0000,0.0000,14.6548
0.0000,0.0000,16.5941
0.0000,0.0000,17.3119
0.0000,0.0000,13.6062
0.0000,0.0000,12.4217
0.0000,0.0000,15.8458
0.0000,0.0000,15.6451
0.0000,0.0000,15.6134
0.0000,0.0000,16.1247
0.0000,0.0000,15.9136
0.0000,0.0000,16.0090
0.0000,0.0000,18.6366
0.0000,0.0000,14.8757
0.0000,0.0000,18.3045
0.0000,0.0000,17.9473
0.0000,0.0000,15.4134
0.0000,0.0000,17.6114
0.0000,0.0000,15.4600
0.0000,0.0000,16.3090
0.0000,0.0000,17.4683
0.0000,0.0000,12.0290
0.0000,0.0000,14.9572
0.0000,0.0000,15.0371
7.2279,31.3709,14.7518
18.9747,82.3554,13.9912
31.6142,137.2144,16.2136
41.0146,178.0149,15.8795
49.9063,216.6073,15.4311
62.0651,269.3799,14.8700
75.9380,329.5918,15.0937
78.1044,338.9948,13.8710
89.6004,388.8906,13.8247
100.0485,434.2383,14.1064
114.5265,497.0768,12.3275
120.5832,523.3644,12.3538
124.6202,540.8861,15.3954
142.5556,618.7310,12.8798
149.4309,648.5717,10.5537
136.3152,591.6459,10.3548
156.5349,679.4047,11.6481
158.2009,686.6357,12.1599
169.9069,737.4430,13.6802
159.3575,691.6556,11.5518
160.2500,695.5297,11.8175
157.0923,681.8243,7.7775
178.2053,773.4604,11.4070
178.2918,773.8361,9.2683
145.2535,630.4406,8.4767
176.0647,764.1699,7.6364
173.5329,753.1808,8.6457
163.6276,710.1893,9.5322
155.7499,675.9980,6.4331
161.8405,702.4327,7.9532
155.1834,673.5389,7.2369
147.0051,638.0430,9.0458
144.0966,625.4194,6.9962
128.9324,559.6025,7.6140
113.1942,491.2943,7.8620
112.6637,488.9919,6.5564
110.9541,481.5715,5.1656
100.1618,434.7299,7.8713
81.0817,351.9172,5.9125
77.3879,335.8851,9.4812
62.3412,270.5780,6.7734
51.0165,221.4256,9.1488
42.5736,184.7811,4.6214
32.8199,142.4475,7.3520
21.4025,92.8926,6.4611
9.9268,43.0852,5.0049
0.0000,0.0000,5.3961
0.0000,0.0000,4.9374
0.0000,0.0000,7.9150
0.0000,0.0000,9.8511
0.0000,0.0000,7.9417
0.0000,0.0000,10.6386
0.0000,0.0000,6.7594
0.0000,0.0000,9.0979
0.0000,0.0000,10.3055
0.0000,0.0000,9.1399
0.0000,0.0000,11.9626
0.0000,0.0000,10.1207
0.0000,0.0000,10.8344
0.0000,0.0000,6.4997
0.0000,0.0000,10.3251
0.0000,0.0000,9.9119
0.0000,0.0000,13.6866
0.0000,0.0000,13.3739
0.0000,0.0000,13.3907
0.0000,0.0000,13.1062
0.0000,0.0000,13.8635
0.0000,0.0000,11.0899
0.0000,0.0000,10.4675
0.0000,0.0000,13.7575
0.0000,0.0000,13.0997
0.0000,0.0000,15.9395
0.0000,0.0000,13.8408
0.0000,0.0000,11.3373
0.0000,0.0000,16.6244
0.0000,0.0000,14.1550
0.0000,0.0000,15.7172
0.0000,0.0000,16.1246
0.0000,0.0000,17.7957
0.0000,0.0000,15.9258
0.0000,0.0000,16.1147
0.0000,0.0000,15.5409
0.0000,0.0000,17.1960
0.0000,0.0000,17.1618
0.0000,0.0000,13.6444
0.0000,0.0000,17.1055
0.0000,0.0000,15.9054
0.0000,0.0000,17.5278
0.0000,0.0000,16.9316
0.0000,0.0000,16.4004
0.0000,0.0000,18.2806
0.0000,0.0000,17.8214
0.0000,0.0000,17.5558
0.0000,0.0000,18.9752
0.0000,0.0000,16.5057
0.0000,0.0000,16.4892
8.0976,35.1457,18.1138
20.3712,88.4169,13.2534
29.3868,127.5468,12.8239
38.6706,167.8411,15.2190
55.8951,242.6005,12.9609
63.9637,277.6202,16.5127
68.8504,298.8300,12.8772
87.2936,378.8784,16.9824
98.0054,425.3706,12.1933
107.8013,467.8875,12.0082
117.1866,508.6226,9.4735
123.4628,535.8629,14.6362
117.2246,508.7873,14.0436
136.3017,591.5871,14.5510
150.2984,652.3367,12.8248
147.0066,638.0496,12.8905
141.8133,615.5089,11.9528
156.2173,678.0266,13.0109
170.1968,738.7015,10.0769
165.2988,717.4429,8.6746
169.7026,736.5565,13.3368
174.6403,757.9874,12.1003
168.4335,731.0484,13.6937
179.1740,777.6650,11.2126
172.0861,746.9013,9.7093
161.2080,699.6876,7.5478
164.8387,715.4459,10.7478
171.5531,744.5883,10.0218
155.6763,675.6784,8.8227
159.4391,692.0102,9.3810
157.7471,684.6662,6.7528
138.6476,601.7689,6.5255
144.9613,629.1725,8.5147
132.6564,575.7657,7.8522
114.8708,498.5713,7.4141
114.8275,498.3833,8.4515
109.2207,474.0483,7.1462
97.3137,422.3687,10.8209
86.2992,374.5625,5.9285
73.2197,317.7940,5.9476
65.0131,282.1748,7.5581
55.8995,242.6192,10.4285
44.8199,194.5310,6.5541
29.9617,130.0422,5.2727
23.8066,103.3272,7.8711
10.3727,45.0206,10.1571
0.0000,0.0000,6.3682
0.0000,0.0000,9.4535
0.0000,0.0000,6.6846
0.0000,0.0000,8.5000
0.0000,0.0000,9.0547
0.0000,0.0000,6.1308
0.0000,0.0000,7.3253
0.0000,0.0000,8.5108
0.0000,0.0000,8.5743
0.0000,0.0000,9.8277
0.0000,0.0000,11.2350
0.0000,0.0000,12.8858
0.0000,0.0000,11.4408
0.0000,0.0000,10.0314
0.0000,0.0000,11.5917
0.0000,0.0000,15.2953
0.0000,0.0000,15.1860
0.0000,0.0000,13.0929
0.0000,0.0000,13.9184
0.0000,0.0000,9.1050
0.0000,0.0000,11.0592
0.0000,0.0000,16.2846
0.0000,0.0000,15.8118
0.0000,0.0000,11.8258
0.0000,0.0000,13.6082
0.0000,0.0000,12.9238
0.0000,0.0000,14.0160
0.0000,0.0000,14.9856
0.0000,0.0000,15.2438
0.0000,0.0000,15.1772
0.0000,0.0000,16.9014
0.0000,0.0000,14.1109
0.0000,0.0000,15.8956
0.0000,0.0000,16.8369
0.0000,0.0000,14.2318
0.0000,0.0000,20.0173
0.0000,0.0000,15.1487
0.0000,0.0000,17.4070
0.0000,0.0000,16.6619
0.0000,0.0000,15.0712
0.0000,0.0000,16.5321
0.0000,0.0000,17.3703
0.0000,0.0000,17.6734
0.0000,0.0000,16.3089
0.0000,0.0000,15.9246
0.0000,0.0000,15.8960
0.0000,0.0000,17.8262
0.0000,0.0000,17.3767
0.0000,0.0000,15.1158
0.0000,0.0000,17.9374
8.3391,36.1939,17.0491
21.1709,91.8875,17.9741
29.0040,125.8853,18.6957
41.4037,179.7036,16.4124
56.7148,246.1580,13.3569
65.4117,283.9051,16.8691
77.5526,336.5999,15.0026
86.5490,375.6468,14.8258
92.0289,399.4311,15.1880
104.3407,452.8677,14.0377
111.0672,482.0626,13.7563
124.8549,541.9048,13.6326
120.5157,523.0715,17.4810
133.4968,579.4133,14.0375
147.7210,641.1503,12.2723
150.1680,651.7711,12.1412
162.8641,706.8755,12.2490
167.6349,727.5822,13.3988
148.2065,643.2574,12.9916
158.6317,688.5054,11.6926
161.3785,700.4277,11.6660
160.7466,697.6851,10.4825
164.0174,711.8810,9.0792
178.4803,774.6541,11.0750
176.4310,765.7597,8.5776
165.8788,719.9599,11.2500
166.9355,724.5463,8.6876
164.9491,715.9247,7.4712
158.5245,688.0405,6.8235
159.3210,691.4973,8.6569
143.6446,623.4573,10.8173
147.0336,638.1667,7.5474
142.0418,616.5010,6.0696
138.4284,600.8179,10.6322
124.3191,539.5795,11.1917
112.1017,486.5526,6.8512
101.4550,440.3428,9.3370
100.6152,436.6981,7.2670
92.8313,402.9134,7.2500
77.9152,338.1737,7.8989
65.8104,285.6353,6.6930
54.4255,236.2216,5.0185
42.5090,184.5008,9.7477
35.7466,155.1503,8.5845
23.3176,101.2050,9.4415
12.4657,54.1046,8.9212
0.2490,1.0808,7.0338
0.0000,0.0000,7.6716
0.0000,0.0000,8.9317
0.0000,0.0000,9.0844
0.0000,0.0000,10.2198
0.0000,0.0000,6.9612
0.0000,0.0000,10.3792
0.0000,0.0000,12.7770
0.0000,0.0000,9.9048
0.0000,0.0000,10.8545
0.0000,0.0000,13.6452
0.0000,0.0000,12.1724
0.0000,0.0000,11.3103
0.0000,0.0000,12.2049
0.0000,0.0000,10.6588
0.0000,0.0000,11.0516
0.0000,0.0000,9.4008
0.0000,0.0000,10.6709
0.0000,0.0000,9.9218
0.0000,0.0000,15.5281
0.0000,0.0000,11.7873
0.0000,0.0000,15.7504
0.0000,0.0000,17.2687
0.0000,0.0000,15.5467
0.0000,0.0000,15.7619
0.0000,0.0000,15.8891
0.0000,0.0000,15.5794
0.0000,0.0000,12.4325
0.0000,0.0000,13.6525
0.0000,0.0000,16.6444
0.0000,0.0000,15.9439
0.0000,0.0000,17.2826
0.0000,0.0000,19.3669
0.0000,0.0000,17.0356
0.0000,0.0000,17.7476
0.0000,0.0000,16.9403
0.0000,0.0000,16.9052
0.0000,0.0000,18.8079
0.0000,0.0000,17.6900
0.0000,0.0000,16.6487
0.0000,0.0000,21.2719
0.0000,0.0000,18.2931
0.0000,0.0000,16.1377
0.0000,0.0000,14.4429
0.0000,0.0000,14.1681
0.0000,0.0000,15.6718
0.0000,0.0000,19.4088
0.0000,0.0000,15.7807
0.0000,0.0000,15.9455
0.0000,0.0000,17.1988
8.4140,36.5190,16.7145
21.9655,95.3363,17.1083
32.9631,143.0691,14.9706
45.4918,197.4472,17.5182
55.9280,242.7429,18.1276
64.7753,281.1428,15.6433
73.9477,320.9538,17.8350
87.6107,380.2547,16.0349
91.1945,395.8096,13.8964
104.9790,455.6381,15.2342
111.8641,485.5213,14.7733
125.4570,544.5182,15.9180
137.2835,595.8486,15.5568
137.2555,595.7272,12.4468
140.9920,611.9443,14.3770
156.4035,678.8345,11.2120
152.6422,662.5096,10.9755
168.4996,731.3350,11.7183
162.8694,706.8983,11.7541
168.8918,733.0371,13.2718
160.0918,694.8431,10.8288
172.0802,746.8760,13.0348
171.6542,745.0269,13.4075
177.7271,771.3848,13.3897
153.9525,668.1967,11.4237
174.4455,757.1422,7.3381
164.9985,716.1392,8.5006
173.2924,752.1373,8.3461
153.3985,665.7922,8.9091
148.9679,646.5621,7.0182
159.4742,692.1624,8.6766
147.5008,640.1944,8.7056
121.3366,526.6343,6.8645
133.8755,581.0571,8.6119
126.8670,550.6379,6.2668
122.6510,532.3393,6.2356
104.8494,455.0754,8.2569
103.8126,450.5757,9.1222
87.7317,380.7798,8.2364
79.0512,343.1040,6.6233
70.6354,306.5775,8.3342
60.8324,264.0296,7.3626
46.9245,203.6655,7.5222
37.4259,162.4389,6.4092
24.4565,106.1478,8.4485
12.6817,55.0421,9.0535
0.9859,4.2790,8.9169
0.0000,0.0000,8.4234
0.0000,0.0000,9.5018
0.0000,0.0000,9.5776
0.0000,0.0000,6.7871
0.0000,0.0000,9.5123
0.0000,0.0000,8.7652
0.0000,0.0000,10.8456
0.0000,0.0000,10.4315
0.0000,0.0000,10.4434
0.0000,0.0000,9.2889
0.0000,0.0000,10.1344
0.0000,0.0000,11.9610
0.0000,0.0000,9.8526
0.0000,0.0000,11.1854
0.0000,0.0000,15.2091
0.0000,0.0000,12.1748
0.0000,0.0000,11.7036
0.0000,0.0000,14.1289
0.0000,0.0000,12.0419
0.0000,0.0000,15.4077
0.0000,0.0000,14.5691
0.0000,0.0000,12.3645
0.0000,0.0000,14.9290
0.0000,0.0000,14.5851
0.0000,0.0000,16.5225
0.0000,0.0000,16.9267
0.0000,0.0000,16.9181
0.0000,0.0000,16.0921
0.0000,0.0000,18.5022
0.0000,0.0000,17.6559
0.0000,0.0000,14.1569
0.0000,0.0000,12.9731
0.0000,0.0000,18.0736
0.0000,0.0000,16.4805
0.0000,0.0000,13.7748
0.0000,0.0000,18.0618
0.0000,0.0000,17.8134
0.0000,0.0000,17.8131
0.0000,0.0000,21.2042
0.0000,0.0000,16.0144
0.0000,0.0000,17.5985
0.0000,0.0000,14.7029
0.0000,0.0000,15.2688
0.0000,0.0000,17.1477
0.0000,0.0000,16.8748
0.0000,0.0000,18.6167
0.0000,0.0000,18.3990
0.0000,0.0000,16.5793
0.0000,0.0000,18.0344
10.3502,44.9227,17.5736
21.5747,93.6403,13.0701
34.8459,151.2408,16.7311
44.5874,193.5216,17.0202
54.9804,238.6301,16.8866
69.7154,302.5842,19.5068
80.7518,350.4854,14.5444
91.5748,397.4600,15.0302
102.4931,444.8484,14.4424
99.5772,432.1927,18.1194
115.6777,502.0734,14.2996
123.6905,536.8513,14.5177
138.4474,600.9000,14.5709
135.5934,588.5128,13.6744
137.1505,595.2713,16.7691
145.4713,631.3859,14.5213
148.3407,643.8396,11.7648
159.7836,693.5051,8.9812
163.1175,707.9752,9.5468
173.4908,752.9984,12.6084
163.6214,710.1622,11.7593
158.9299,689.7999,12.7113
176.2989,765.1862,11.7251
164.6637,714.6862,10.8529
181.0673,785.8824,11.7117
174.0936,755.6144,10.2700
169.6831,736.4718,7.9974
174.1527,755.8710,10.9952
162.2008,703.9966,8.2856
165.6773,719.0854,10.3091
160.3294,695.8741,9.4451
145.9384,633.4130,7.2750
147.5277,640.3110,8.4505
140.1286,608.1973,9.9465
127.9166,555.1934,8.3103
123.4926,535.9921,10.4447
104.8267,454.9770,10.0636
92.0936,399.7119,9.1381
94.4957,410.1374,8.7514
78.6830,341.5060,10.6827
68.2596,296.2657,7.1160
55.9317,242.7591,9.8825
47.5164,206.2344,9.3077
35.1866,152.7197,9.4572
25.0413,108.6862,9.5395
12.9713,56.2991,10.4732
1.8443,8.0046,11.1057
0.0000,0.0000,10.6465
0.0000,0.0000,10.3300
0.0000,0.0000,7.5156
0.0000,0.0000,9.9217
0.0000,0.0000,9.5689
0.0000,0.0000,10.9844
0.0000,0.0000,12.4408
0.0000,0.0000,10.8868
0.0000,0.0000,11.6824
0.0000,0.0000,12.3211
0.0000,0.0000,10.4301
0.0000,0.0000,11.1881
0.0000,0.0000,14.5857
0.0000,0.0000,12.9985
0.0000,0.0000,12.3481
0.0000,0.0000,15.6061
0.0000,0.0000,11.6200
0.0000,0.0000,10.9427
0.0000,0.0000,13.5787
0.0000,0.0000,15.9401
0.0000,0.0000,13.7283
0.0000,0.0000,17.0775
0.0000,0.0000,14.5338
0.0000,0.0000,16.5896
0.0000,0.0000,17.8417
0.0000,0.0000,15.3158
0.0000,0.0000,17.8982
0.0000,0.0000,16.1611
0.0000,0.0000,16.0641
0.0000,0.0000,19.1777
0.0000,0.0000,16.4104
0.0000,0.0000,21.4507
0.0000,0.0000,17.8146
0.0000,0.0000,17.9563
0.0000,0.0000,16.0508
0.0000,0.0000,20.0147
0.0000,0.0000,19.3659
0.0000,0.0000,17.3595
0.0000,0.0000,17.2181
0.0000,0.0000,17.8255
0.0000,0.0000,17.3704
0.0000,0.0000,19.5589
0.0000,0.0000,16.2137
0.0000,0.0000,18.8333
0.0000,0.0000,20.9269
0.0000,0.0000,14.7051
0.0000,0.0000,18.9814
0.0000,0.0000,16.3093
0.0000,0.0000,18.3203
11.3769,49.3788,16.8160
23.5264,102.1111,15.2458
33.3178,144.6084,18.4519
47.4780,206.0679,13.8075
58.5083,253.9424,14.5669
67.0483,291.0081,20.9472
81.5780,354.0711,15.4830
86.7656,376.5866,16.5571
103.3236,448.4533,17.9852
113.1118,490.9366,16.1412
116.0292,503.5988,14.1833
120.9183,524.8192,13.3930
137.8996,598.5226,14.3349
138.8357,602.5855,13.8394
146.3341,635.1306,14.0951
153.4390,665.9678,10.9001
147.5372,640.3524,11.7500
159.0206,690.1935,13.9847
150.4589,653.0333,12.7904
167.2295,725.8226,12.2555
179.4023,778.6560,9.6714
181.6632,788.4688,13.8525
179.8919,780.7809,13.9114
173.8964,754.7587,9.6867
181.9230,789.5966,8.5090
160.1929,695.2815,10.7842
169.7542,736.7802,7.4190
175.0062,759.5756,9.5294
162.6578,705.9799,10.1531
166.0271,720.6035,11.5237
152.0105,659.7678,10.8360
133.4092,579.0328,9.6502
136.8694,594.0512,8.2886
129.0224,559.9932,10.0617
125.6747,545.4630,7.5482
124.3299,539.6262,8.0315
101.7082,441.4418,7.6241
105.4786,457.8063,5.7193
93.3409,405.1254,7.7274
77.5581,336.6237,8.8717
73.7726,320.1936,7.6371
62.4687,271.1317,7.1416
44.1334,191.5513,7.1051
35.4949,154.0577,7.9944
25.1256,109.0522,10.1405
14.5718,63.2457,10.8829
2.6532,11.5158,10.5234
0.0000,0.0000,11.2505
0.0000,0.0000,8.8915
0.0000,0.0000,11.3426
0.0000,0.0000,12.6153
0.0000,0.0000,10.8901
0.0000,0.0000,10.0746
0.0000,0.0000,11.6420
0.0000,0.0000,11.1174
0.0000,0.0000,12.2216
0.0000,0.0000,13.9727
0.0000,0.0000,13.9106
0.0000,0.0000,13.5376
0.0000,0.0000,12.8658
0.0000,0.0000,13.8790
0.0000,0.0000,14.5405
0.0000,0.0000,13.3059
0.0000,0.0000,15.1334
0.0000,0.0000,13.3778
0.0000,0.0000,13.2895
0.0000,0.0000,14.4893
0.0000,0.0000,13.1430
0.0000,0.0000,15.4578
0.0000,0.0000,13.9966
0.0000,0.0000,14.2632
0.0000,0.0000,18.6669
0.0000,0.0000,17.2993
0.0000,0.0000,16.6484
0.0000,0.0000,15.1976
0.0000,0.0000,20.0637
0.0000,0.0000,21.0347
0.0000,0.0000,18.2083
0.0000,0.0000,17.1097
0.0000,0.0000,15.5534
0.0000,0.0000,17.3317
0.0000,0.0000,16.5911
0.0000,0.0000,17.2032
0.0000,0.0000,18.9198
0.0000,0.0000,18.2769
0.0000,0.0000,19.2405
0.0000,0.0000,18.9525
0.0000,0.0000,21.6351
0.0000,0.0000,18.9466
0.0000,0.0000,20.1113
0.0000,0.0000,18.4968
0.0000,0.0000,18.9633
0.0000,0.0000,15.9921
0.0000,0.0000,17.4179
0.0000,0.0000,19.2496
0.0093,0.0404,16.0868
10.1185,43.9172,17.5538
23.6963,102.8484,15.2615
33.0554,143.4695,16.1814
48.3398,209.8080,17.2535
58.0691,252.0360,18.3462
71.3578,309.7128,15.6117
82.4019,357.6469,18.6480
90.2257,391.6046,18.7127
103.7614,450.3534,15.6455
113.9414,494.5375,16.9924
117.1786,508.5875,16.0584
120.8947,524.7166,14.3587
140.1262,608.1866,14.4489
147.6673,640.9169,14.9683
150.0409,651.2191,14.4077
157.0115,681.4736,13.1693
166.2778,721.6919,11.6514
167.5159,727.0654,13.7582
163.3041,708.7850,14.4417
158.2488,686.8438,11.1952
165.2363,717.1714,14.7938
182.5114,792.1504,12.2597
165.3152,717.5140,13.2681
181.5497,787.9761,14.0184
174.5039,757.3955,11.6981
172.4994,748.6954,11.6815
178.9457,776.6741,8.4228
174.8208,758.7710,9.5971
147.4050,639.7787,9.0339
160.3876,696.1268,11.7636
161.4425,700.7054,8.7523
149.0527,646.9302,8.6583
142.0434,616.5076,9.6612
141.8085,615.4882,11.1964
130.7978,567.6987,7.4078
124.0252,538.3038,11.3424
115.9913,503.4345,7.5340
104.4501,453.3425,10.7701
92.0094,399.3462,10.0273
85.5618,371.3622,7.6672
71.7255,311.3086,11.5443
63.1978,274.2959,9.0908
45.6846,198.2836,5.6929
39.8556,172.9846,9.6725
27.8339,120.8070,9.7444
14.4138,62.5599,12.3998
3.1538,13.6885,7.7448
0.0000,0.0000,8.0996
0.0000,0.0000,5.6939
0.0000,0.0000,10.7495
0.0000,0.0000,9.9635
0.0000,0.0000,11.5110
0.0000,0.0000,8.1108
0.0000,0.0000,10.9405
0.0000,0.0000,11.1250
0.0000,0.0000,11.4998
0.0000,0.0000,14.0134
0.0000,0.0000,10.9903
0.0000,0.0000,12.4734
0.0000,0.0000,13.2892
0.0000,0.0000,13.0591
0.0000,0.0000,13.3787
0.0000,0.0000,14.9543
0.0000,0.0000,13.7295
0.0000,0.0000,13.9946
0.0000,0.0000,13.4802
0.0000,0.0000,16.6694
0.0000,0.0000,15.5306
0.0000,0.0000,16.0761
0.0000,0.0000,13.3856
0.0000,0.0000,16.7909
0.0000,0.0000,15.9535
0.0000,0.0000,13.9956
0.0000,0.0000,19.8746
0.0000,0.0000,16.2236
0.0000,0.0000,17.6043
0.0000,0.0000,18.0337
0.0000,0.0000,16.4264
0.0000,0.0000,16.6268
0.0000,0.0000,18.8476
0.0000,0.0000,20.1622
0.0000,0.0000,19.3544
0.0000,0.0000,19.2123
0.0000,0.0000,17.2734
0.0000,0.0000,16.3295
0.0000,0.0000,15.1127
0.0000,0.0000,17.6595
0.0000,0.0000,20.0181
0.0000,0.0000,20.0692
0.0000,0.0000,18.7021
0.0000,0.0000,18.5780
0.0000,0.0000,16.9668
0.0000,0.0000,19.1403
0.0000,0.0000,19.0237
0.0000,0.0000,18.2013
0.7594,3.2960,17.4393
11.1929,48.5801,19.4584
23.2902,101.0860,18.3450
34.3014,148.8776,16.4714
45.2622,196.4507,19.9231
52.2888,226.9478,18.0991
71.3261,309.5750,16.0425
76.8699,333.6365,16.1334
90.7234,393.7648,14.5771
94.5964,410.5745,16.8530
112.2535,487.2113,17.8671
103.8549,450.7592,14.6872
131.0161,568.6464,13.1499
136.7413,593.4952,15.4341
146.3848,635.3508,15.4918
150.1655,651.7601,15.6555
161.6068,701.4184,11.0246
159.1324,690.6788,15.0132
165.3898,717.8378,14.8673
163.3796,709.1128,12.9046
169.1379,734.1056,11.4895
178.9914,776.8724,12.9215
178.6349,775.3251,13.4744
161.4853,700.8909,10.8384
177.4047,769.9857,10.8262
183.6119,796.9268,11.8327
182.0955,790.3450,8.4887
179.7854,780.3187,10.0699
168.6137,731.8305,10.7048
172.8275,750.1193,9.8541
161.2945,700.0630,11.7263
160.8788,698.2586,8.8667
155.4857,674.8512,11.5727
150.0450,651.2369,8.5374
142.6399,619.0969,12.0515
131.3876,570.2587,8.9502
123.1952,534.7012,11.2131
110.6955,480.4490,10.1997
105.4347,457.6159,11.4688
96.9698,420.8757,7.0334
80.4828,349.3177,7.5048
74.0342,321.3290,7.8432
61.1628,265.4635,7.5680
50.8919,220.8848,7.9786
40.6644,176.4948,9.2789
28.6400,124.3057,7.8153
16.4662,71.4677,10.9934
4.1546,18.0320,8.9726
0.0000,0.0000,11.7005
0.0000,0.0000,10.2407
0.0000,0.0000,10.6516
0.0000,0.0000,12.1086
0.0000,0.0000,11.2688
0.0000,0.0000,12.5120
0.0000,0.0000,12.4654
0.0000,0.0000,13.1006
0.0000,0.0000,10.6593
0.0000,0.0000,11.2343
0.0000,0.0000,12.0067
0.0000,0.0000,11.2505
0.0000,0.0000,15.0895
0.0000,0.0000,15.7917
0.0000,0.0000,12.8766
0.0000,0.0000,13.3874
0.0000,0.0000,11.5691
0.0000,0.0000,12.7300
0.0000,0.0000,18.1576
0.0000,0.0000,15.5989
0.0000,0.0000,16.0458
0.0000,0.0000,15.3949
0.0000,0.0000,14.8047
0.0000,0.0000,13.9305
0.0000,0.0000,14.7258
0.0000,0.0000,16.5784
0.0000,0.0000,18.2441
0.0000,0.0000,16.9709
0.0000,0.0000,14.4392
0.0000,0.0000,20.0291
0.0000,0.0000,15.5048
0.0000,0.0000,17.1036
0.0000,0.0000,18.1053
0.0000,0.0000,18.7115
0.0000,0.0000,19.5875
0.0000,0.0000,20.8137
0.0000,0.0000,17.2681
0.0000,0.0000,19.4390
0.0000,0.0000,18.3385
0.0000,0.0000,20.5907
0.0000,0.0000,20.5071
0.0000,0.0000,20.1742
0.0000,0.0000,19.0255
0.0000,0.0000,18.6747
0.0000,0.0000,17.9549
0.0000,0.0000,18.7117
0.0000,0.0000,20.1475
0.0000,0.0000,18.9645
1.4012,6.0818,17.9999
13.6254,59.1379,18.1822
24.9329,108.2156,18.3186
38.0813,165.2834,17.0769
46.4716,201.6998,17.3686
61.1361,265.3478,15.9314
71.6936,311.1702,16.0154
84.0416,364.7638,16.1891
95.5344,414.6460,16.0768
100.7437,437.2557,15.2555
110.4783,479.5065,17.1313
124.8766,541.9991,17.0181
132.0509,573.1377,18.5551
141.7824,615.3749,15.4135
149.3264,648.1182,17.8942
148.0227,642.4594,13.5889
162.4355,705.0151,14.0965
167.9444,728.9251,15.9680
154.2540,669.5052,12.9636
161.9102,702.7353,16.1022
169.1069,733.9711,16.0588
182.4956,792.0815,13.2869
184.1844,799.4115,14.6801
177.4908,770.3596,13.2368
180.2892,782.5053,10.5131
178.6536,775.4063,13.7926
175.9741,763.7764,14.2537
157.1715,682.1681,8.1072
177.5230,770.4990,10.1893
173.6581,753.7244,9.2677
167.8611,728.5639,9.4192
155.7796,676.1265,9.9441
156.3954,678.7994,11.7348
140.8476,611.3176,12.0674
134.6926,584.6035,9.6496
135.4342,587.8223,10.3432
126.7885,550.2971,9.4346
113.9343,494.5066,10.4683
102.3270,444.1274,10.9905
91.2681,396.1289,7.4857
84.2930,365.8549,9.9933
71.8171,311.7062,7.6261
63.7083,276.5116,9.3255
44.8755,194.7721,11.4532
41.0127,178.0063,4.8436
26.9357,116.9086,9.1809
17.0339,73.9317,11.0168
5.0493,21.9152,10.5721
0.0000,0.0000,8.7108
0.0000,0.0000,11.8629
0.0000,0.0000,11.7960
0.0000,0.0000,12.2836
0.0000,0.0000,12.7575
0.0000,0.0000,13.9066
0.0000,0.0000,14.2783
0.0000,0.0000,11.3300
0.0000,0.0000,11.1314
0.0000,0.0000,11.3592
0.0000,0.0000,13.4940
0.0000,0.0000,11.9176
0.0000,0.0000,12.6270
0.0000,0.0000,12.4327
0.0000,0.0000,14.3153
0.0000,0.0000,17.6923
0.0000,0.0000,15.1799
0.0000,0.0000,16.3909
0.0000,0.0000,15.0880
0.0000,0.0000,15.5029
0.0000,0.0000,15.0024
0.0000,0.0000,17.5167
0.0000,0.0000,16.5819
0.0000,0.0000,20.2484
0.0000,0.0000,15.8254
0.0000,0.0000,17.1586
0.0000,0.0000,17.5994
0.0000,0.0000,18.5096
0.0000,0.0000,18.1739
0.0000,0.0000,19.9607
0.0000,0.0000,18.1472
0.0000,0.0000,18.3602
0.0000,0.0000,21.6260
0.0000,0.0000,19.1681
0.0000,0.0000,19.7078
0.0000,0.0000,17.4220
0.0000,0.0000,20.4416
0.0000,0.0000,20.9345
0.0000,0.0000,18.3171
0.0000,0.0000,19.4306
0.0000,0.0000,20.1815
0.0000,0.0000,18.7432
0.0000,0.0000,19.8566
0.0000,0.0000,19.6074
0.0000,0.0000,19.9473
0.0000,0.0000,18.2833
0.0000,0.0000,22.7736
0.0000,0.0000,17.3886
2.4041,10.4344,18.8701
14.0581,61.0162,19.7315
26.7329,116.0281,20.3909
37.5152,162.8265,19.6803
46.6263,202.3710,17.8127
57.8026,250.8795,20.7195
69.9968,303.8058,17.8584
84.8568,368.3021,19.4134
95.6156,414.9982,15.5627
105.6064,458.3612,15.9994
111.0662,482.0582,17.7241
114.5308,497.0954,19.3883
124.3337,539.6429,16.4263
142.6012,618.9288,15.4933
150.1462,651.6761,15.8333
153.4644,666.0782,15.7198
161.7360,701.9790,13.1414
168.7664,732.4930,12.0636
150.6388,653.8143,11.7734
174.5477,757.5853,16.0354
172.9313,750.5698,14.5982
178.8416,776.2222,11.6166
177.9987,772.5638,11.9031
181.5353,787.9138,14.5747
179.4385,778.8130,11.3826
185.2685,804.1169,13.0069
183.7516,797.5331,9.6840
164.1694,712.5408,11.6760
146.2085,634.5853,13.4715
155.3253,674.1552,11.4152
169.6193,736.1949,12.7048
155.9371,676.8105,9.4786
158.4423,687.6836,14.9634
141.4326,613.8566,10.3244
137.1130,595.1083,10.5902
132.2434,573.9731,9.3097
122.4732,531.5679,10.1820
118.4538,514.1223,8.8584
100.8621,437.7696,10.3464
96.6870,419.6485,11.6891
87.4093,379.3806,9.3327
71.1610,308.8586,11.8281
65.5238,284.3917,11.2556
50.7426,220.2370,11.2477
42.2785,183.5004,9.7080
30.2505,131.2957,9.2290
18.0693,78.4256,11.8305
5.5145,23.9343,10.1889
0.0000,0.0000,10.2742
0.0000,0.0000,10.2254
0.0000,0.0000,11.2895
0.0000,0.0000,9.8105
0.0000,0.0000,10.2405
0.0000,0.0000,13.7119
0.0000,0.0000,12.8111
0.0000,0.0000,13.4075
0.0000,0.0000,15.2296
0.0000,0.0000,14.8260
0.0000,0.0000,14.2127
0.0000,0.0000,14.8096
0.0000,0.0000,13.0630
0.0000,0.0000,14.0391
0.0000,0.0000,12.4158
0.0000,0.0000,15.4259
0.0000,0.0000,15.3084
0.0000,0.0000,15.2204
0.0000,0.0000,14.3001
0.0000,0.0000,18.7804
0.0000,0.0000,14.2283
0.0000,0.0000,16.4801
0.0000,0.0000,16.3229
0.0000,0.0000,18.4617
0.0000,0.0000,17.3422
0.0000,0.0000,19.2060
0.0000,0.0000,18.1758
0.0000,0.0000,18.8376
0.0000,0.0000,19.7908
0.0000,0.0000,18.1650
0.0000,0.0000,17.2904
0.0000,0.0000,19.2749
0.0000,0.0000,17.4049
0.0000,0.0000,19.2002
0.0000,0.0000,17.8351
0.0000,0.0000,20.3570
0.0000,0.0000,21.4002
0.0000,0.0000,17.5130
0.0000,0.0000,20.5591
0.0000,0.0000,17.7925
0.0000,0.0000,23.3398
0.0000,0.0000,22.3661
0.0000,0.0000,20.3035
0.0000,0.0000,19.9143
0.0000,0.0000,20.9418
0.0000,0.0000,20.2085
0.0000,0.0000,19.3577
0.0000,0.0000,19.7097
2.9197,12.6724,16.6142
15.4351,66.9925,18.5853
25.1480,109.1495,19.1891
37.3862,162.2663,21.3178
50.6911,220.0136,19.8310
60.6551,263.2602,16.1764
71.6392,310.9341,18.8728
80.2875,348.4702,17.5045
88.9245,385.9569,21.0609
97.9806,425.2630,17.7789
102.6299,445.4423,17.0709
123.0652,534.1373,17.5491
127.2902,552.4749,16.4405
138.9530,603.0944,15.7613
149.0203,646.7894,13.2906
157.8545,685.1326,14.0669
159.7826,693.5010,14.4646
165.8695,719.9199,17.2221
168.6216,731.8645,16.2319
159.2171,691.0466,14.5419
176.0740,764.2103,9.9627
176.9920,768.1945,11.0182
185.8239,806.5272,12.3570
180.9910,785.5514,12.1913
179.5146,779.1435,11.0690
184.8316,802.2204,12.6540
184.5669,801.0717,13.4217
175.4823,761.6417,12.4025
179.1611,777.6089,11.6679
171.6428,744.9775,11.5826
160.0598,694.7042,10.3887
155.6292,675.4742,10.7745
158.5725,688.2488,11.7953
152.5045,661.9119,8.0974
139.6749,606.2279,8.9912
130.9972,568.5643,11.6754
121.2184,526.1214,11.6392
119.2642,517.6397,9.9398
106.7946,463.5184,8.8911
95.0426,412.5114,9.8713
88.8166,385.4888,9.8174
75.6504,328.3439,11.7829
64.3432,279.2672,9.8502
51.1869,222.1655,9.1412
39.5061,171.4677,10.0607
29.6103,128.5169,11.8775
17.3338,75.2335,8.3574
6.0795,26.3866,12.0054
0.0000,0.0000,13.0149
0.0000,0.0000,8.6819
0.0000,0.0000,12.5619
0.0000,0.0000,12.7752
0.0000,0.0000,14.8148
0.0000,0.0000,10.2468
0.0000,0.0000,10.5198
0.0000,0.0000,11.6007
0.0000,0.0000,12.1630
0.0000,0.0000,10.2922
0.0000,0.0000,15.4044
0.0000,0.0000,11.4440
0.0000,0.0000,11.6055
0.0000,0.0000,13.0370
0.0000,0.0000,15.0891
0.0000,0.0000,13.9813
0.0000,0.0000,11.7253
0.0000,0.0000,15.7615
0.0000,0.0000,14.4958
0.0000,0.0000,17.2460
0.0000,0.0000,15.6390
0.0000,0.0000,17.6160
0.0000,0.0000,18.9733
0.0000,0.0000,17.4092
0.0000,0.0000,17.7901
0.0000,0.0000,15.6658
0.0000,0.0000,16.7040
0.0000,0.0000,20.5316
0.0000,0.0000,19.4138
0.0000,0.0000,17.5621
0.0000,0.0000,18.4521
0.0000,0.0000,20.9723
0.0000,0.0000,20.1030
0.0000,0.0000,19.8493
0.0000,0.0000,19.1186
0.0000,0.0000,20.8276
0.0000,0.0000,21.6517
0.0000,0.0000,18.6853
0.0000,0.0000,19.7099
0.0000,0.0000,19.8048
0.0000,0.0000,22.4863
0.0000,0.0000,22.8524
0.0000,0.0000,18.9955
0.0000,0.0000,22.5609
0.0000,0.0000,21.6808
0.0000,0.0000,19.6497
0.0000,0.0000,19.4601
0.0000,0.0000,21.8676
4.0037,17.3771,17.8519
15.3655,66.6906,17.5998
28.4365,123.4221,19.6535
40.2201,174.5662,19.4201
49.7934,216.1174,21.8456
64.0428,277.9637,19.3831
70.2356,304.8419,17.3144
86.4765,375.3322,20.8563
90.6761,393.5595,19.5546
93.7215,406.7771,18.3571
110.1422,478.0477,17.2528
123.7391,537.0622,17.1987
136.0553,590.5179,15.5341
138.0523,599.1855,16.5280
149.8130,650.2301,17.2174
156.3190,678.4677,16.5066
158.4750,687.8257,17.4584
155.6404,675.5227,16.0226
175.1669,760.2731,13.0317
161.8705,702.5628,14.2617
182.4598,791.9261,12.8052
180.2452,782.3145,14.5170
169.7481,736.7541,15.0175
187.5202,813.8896,14.0054
177.1327,768.8052,14.4500
176.9903,768.1872,11.2377
167.0665,725.1151,10.7130
174.4397,757.1166,10.4138
165.0117,716.1967,13.1432
168.4688,731.2014,14.8759
169.9035,737.4283,10.3292
157.2570,682.5392,11.2155
154.3926,670.1069,11.4567
147.1667,638.7445,11.7864
137.3680,596.2151,9.9465
124.5797,540.7104,8.5947
129.2458,560.9629,12.1920
115.4363,501.0257,9.1580
105.1656,456.4480,11.6457
88.0749,382.2697,9.2751
87.6647,380.4892,8.6065
76.7940,333.3075,8.6202
64.0583,278.0307,10.0251
52.2991,226.9925,10.8319
42.8857,186.1360,10.3147
31.8570,138.2681,12.2393
19.6707,85.3763,11.4535
7.1089,30.8545,9.9140
0.0000,0.0000,12.4310
0.0000,0.0000,11.5019
0.0000,0.0000,12.0623
0.0000,0.0000,10.8466
0.0000,0.0000,12.9345
0.0000,0.0000,11.7757
0.0000,0.0000,12.0494
0.0000,0.0000,11.4764
0.0000,0.0000,11.1079
0.0000,0.0000,10.9841
0.0000,0.0000,14.9514
0.0000,0.0000,14.1511
0.0000,0.0000,13.2204
0.0000,0.0000,16.8931
0.0000,0.0000,14.2889
0.0000,0.0000,14.3463
0.0000,0.0000,17.7430
0.0000,0.0000,17.2859
0.0000,0.0000,16.3084
0.0000,0.0000,15.6038
0.0000,0.0000,14.8741
0.0000,0.0000,18.1338
0.0000,0.0000,15.5309
0.0000,0.0000,20.4695
0.0000,0.0000,16.6580
0.0000,0.0000,18.4215
0.0000,0.0000,18.7918
0.0000,0.0000,18.8756
0.0000,0.0000,18.5598
0.0000,0.0000,18.6102
0.0000,0.0000,21.8776
0.0000,0.0000,21.8603
0.0000,0.0000,20.3171
0.0000,0.0000,19.8061
0.0000,0.0000,18.6348
0.0000,0.0000,21.1888
0.0000,0.0000,18.7936
0.0000,0.0000,22.3608
0.0000,0.0000,20.9285
0.0000,0.0000,21.4639
0.0000,0.0000,20.8502
0.0000,0.0000,21.0496
0.0000,0.0000,21.1892
0.0000,0.0000,24.4609
0.0000,0.0000,17.0673
0.0000,0.0000,20.7291
0.0000,0.0000,20.7618
0.0000,0.0000,21.8928
4.3442,18.8549,18.8202
16.6715,72.3591,19.5334
29.2390,126.9052,22.2659
38.4544,166.9026,19.2532
53.1562,230.7129,19.8328
61.6425,267.5454,19.5889
71.9892,312.4530,18.9766
85.3406,370.4021,17.3226
97.1384,421.6076,17.1579
107.4064,466.1737,19.7016
118.1818,512.9420,19.1344
116.9965,507.7973,17.6057
136.8537,593.9832,16.7124
138.4415,600.8744,16.3337
148.1330,642.9384,15.5837
156.7851,680.4910,17.0411
141.6519,614.8085,13.9046
171.1841,742.9866,12.2206
173.2799,752.0829,17.4488
179.9944,781.2257,15.2133
176.7563,767.1713,15.4767
175.2732,760.7345,14.8171
187.4274,813.4870,17.0795
182.9779,794.1751,15.1702
185.4784,805.0278,12.9745
182.4100,791.7099,13.3456
181.1280,786.1459,15.3700
168.1126,729.6553,12.5371
164.3691,713.4076,12.7342
167.1661,725.5472,12.5319
153.1799,664.8433,13.1005
154.8032,671.8890,9.2039
160.4762,696.5115,11.8993
154.1080,668.8716,10.1799
146.7002,636.7197,13.0354
135.8885,589.7938,11.7366
127.9726,555.4365,11.3382
114.7385,497.9969,13.4298
111.1768,482.5381,8.4927
90.7958,394.0791,9.2575
89.6951,389.3018,11.4612
68.7047,298.1974,13.2882
62.7067,272.1644,11.5161
54.2712,235.5519,11.3798
44.6868,193.9531,9.7360
32.6579,141.7445,13.1322
20.4701,88.8458,10.9555
8.2491,35.8036,13.6326
0.0000,0.0000,13.1126
0.0000,0.0000,14.1555
0.0000,0.0000,15.0622
0.0000,0.0000,14.9981
0.0000,0.0000,13.1330
0.0000,0.0000,14.0302
0.0000,0.0000,16.6127
0.0000,0.0000,14.3693
0.0000,0.0000,14.3730
0.0000,0.0000,14.0233
0.0000,0.0000,13.6191
0.0000,0.0000,13.8908
0.0000,0.0000,16.3819
0.0000,0.0000,15.6061
0.0000,0.0000,16.0435
0.0000,0.0000,15.1364
0.0000,0.0000,12.6271
0.0000,0.0000,17.4572
0.0000,0.0000,16.9779
0.0000,0.0000,18.3387
0.0000,0.0000,17.8038
0.0000,0.0000,16.0275
0.0000,0.0000,17.1278
0.0000,0.0000,17.4637
0.0000,0.0000,20.1037
0.0000,0.0000,20.9124
0.0000,0.0000,20.4160
0.0000,0.0000,19.8917
0.0000,0.0000,20.6368
0.0000,0.0000,20.6989
0.0000,0.0000,19.6381
0.0000,0.0000,21.2593
0.0000,0.0000,23.5916
0.0000,0.0000,18.7104
0.0000,0.0000,20.2632
0.0000,0.0000,19.4687
0.0000,0.0000,20.0838
0.0000,0.0000,20.1821
0.0000,0.0000,20.7252
0.0000,0.0000,20.1619
0.0000,0.0000,22.8380
0.0000,0.0000,19.3491
0.0000,0.0000,21.0997
0.0000,0.0000,23.4039
0.0000,0.0000,23.0358
0.0000,0.0000,17.6551
0.0000,0.0000,19.3850
0.0000,0.0000,20.7798
5.6034,24.3205,21.7505
17.1193,74.3027,20.7372
30.0400,130.3819,21.2729
35.7839,155.3119,20.0121
53.1580,230.7205,18.4650
65.6052,284.7449,18.8232
72.6106,315.1501,21.2286
87.2924,378.8734,18.5189
99.3944,431.3992,19.2646
109.8134,476.6208,16.7395
112.4036,487.8628,16.0665
128.8998,559.4611,17.9818
137.6451,597.4179,17.9116
145.8077,632.8459,17.1973
146.6632,636.5589,20.0562
160.2478,695.5198,15.7699
158.9488,689.8818,16.8430
171.9729,746.4102,15.0960
164.1979,712.6644,13.7356
171.5964,744.7761,15.4204
168.0585,729.4207,14.9971
186.5260,809.5745,15.1472
174.2481,756.2853,14.0051
183.8568,797.9897,13.8250
165.4863,718.2564,15.1335
188.4751,818.0341,12.9730
183.0500,794.4880,14.6442
184.6474,801.4210,11.6005
177.0617,768.4970,14.7107
177.6874,771.2126,10.6260
170.9459,741.9526,13.3701
167.7141,727.9257,12.2688
158.0873,686.1429,11.6068
154.8981,672.3008,11.9968
147.4909,640.1513,13.2856
139.4588,605.2899,11.7140
130.8363,567.8658,14.9463
121.6603,528.0394,14.2089
99.1932,430.5260,12.4348
92.6506,402.1294,11.3001
88.5990,384.5441,10.2264
78.4573,340.5265,8.5232
62.8298,272.6987,12.4380
57.3250,248.8062,10.8890
45.1890,196.1327,10.2780
31.5220,136.8143,10.8369
19.6059,85.0950,9.8908
8.8439,38.3851,12.1754
0.0000,0.0000,12.1626
0.0000,0.0000,12.3955
0.0000,0.0000,9.8181
0.0000,0.0000,12.6476
0.0000,0.0000,12.3526
0.0000,0.0000,12.4299
0.0000,0.0000,13.7427
0.0000,0.0000,11.1515
0.0000,0.0000,13.6618
0.0000,0.0000,15.4792
0.0000,0.0000,15.5019
0.0000,0.0000,13.3138
0.0000,0.0000,14.8753
0.0000,0.0000,16.0476
0.0000,0.0000,13.4192
0.0000,0.0000,15.5930
0.0000,0.0000,17.0502
0.0000,0.0000,18.7515
0.0000,0.0000,17.4973
0.0000,0.0000,18.3140
0.0000,0.0000,20.4317
0.0000,0.0000,19.4429
0.0000,0.0000,19.1213
0.0000,0.0000,18.4097
0.0000,0.0000,19.5293
0.0000,0.0000,19.1238
0.0000,0.0000,18.7650
0.0000,0.0000,19.7364
0.0000,0.0000,19.5431
0.0000,0.0000,19.2876
0.0000,0.0000,21.0444
0.0000,0.0000,20.6252
0.0000,0.0000,20.7333
0.0000,0.0000,23.6597
0.0000,0.0000,21.2663
0.0000,0.0000,19.9387
0.0000,0.0000,20.4490
0.0000,0.0000,23.6651
0.0000,0.0000,21.5165
0.0000,0.0000,22.5174
0.0000,0.0000,20.7797
0.0000,0.0000,22.9406
0.0000,0.0000,20.7505
0.0000,0.0000,19.5138
0.0000,0.0000,18.8166
0.0000,0.0000,21.7331
0.0000,0.0000,19.5945
0.0000,0.0000,20.9713
6.2196,26.9948,20.3026
18.6340,80.8769,23.5201
30.8393,133.8512,18.7618
41.0641,178.2298,17.6708
52.8183,229.2462,18.3596
62.3872,270.7778,18.6629
77.8223,337.7704,18.4510
88.8751,385.7425,19.7789
98.5377,427.6812,21.1812
99.3301,431.1204,19.4079
116.4079,505.2426,18.8549
118.3306,513.5879,16.0337
138.4292,600.8210,14.3108
138.2417,600.0076,17.3043
154.1348,668.9879,15.4950
153.0162,664.1328,16.9357
166.1635,721.1957,16.8076
172.4902,748.6556,17.1243
177.5320,770.5383,17.8871
181.5613,788.0264,16.0345
173.8902,754.7318,15.9378
187.3040,812.9512,16.6176
178.2135,773.4961,18.2565
186.7882,810.7125,13.1000
189.9693,824.5196,13.0902
188.6261,818.6896,14.0406
187.7361,814.8268,13.3116
180.4805,783.3357,12.6294
179.0768,777.2430,11.8697
171.8287,745.7845,11.7301
172.7073,749.5977,12.9099
168.4944,731.3126,14.5522
150.7119,654.1315,12.0183
155.6800,675.6946,15.2488
148.2737,643.5491,12.5091
126.4225,548.7087,11.9066
131.0152,568.6424,11.8331
122.4463,531.4511,12.2749
112.7573,489.3980,11.7499
100.8967,437.9197,11.1566
81.2614,352.6970,9.4305
81.0302,351.6935,12.2851
63.3873,275.1184,12.9717
58.1190,252.2525,12.4330
45.4941,197.4571,12.4979
32.5264,141.1734,10.5722
21.4785,93.2229,14.4118
9.7746,42.4244,11.1667
0.0000,0.0000,12.2430
0.0000,0.0000,11.1231
0.0000,0.0000,11.5144
0.0000,0.0000,11.5873
0.0000,0.0000,12.1483
0.0000,0.0000,15.0668
0.0000,0.0000,14.5921
0.0000,0.0000,17.1503
0.0000,0.0000,13.4952
0.0000,0.0000,16.7947
0.0000,0.0000,15.1250
0.0000,0.0000,14.6301
0.0000,0.0000,15.7423
0.0000,0.0000,15.9851
0.0000,0.0000,16.2395
0.0000,0.0000,16.4311
0.0000,0.0000,15.5815
0.0000,0.0000,16.9000
0.0000,0.0000,18.7793
0.0000,0.0000,18.0228
0.0000,0.0000,17.1333
0.0000,0.0000,19.8634
0.0000,0.0000,19.0054
0.0000,0.0000,21.9168
0.0000,0.0000,16.7504
0.0000,0.0000,19.3577
0.0000,0.0000,18.9776
0.0000,0.0000,20.5807
0.0000,0.0000,20.5316
0.0000,0.0000,22.6092
0.0000,0.0000,18.5335
0.0000,0.0000,21.6545
0.0000,0.0000,21.7884
0.0000,0.0000,21.2675
0.0000,0.0000,20.4843
0.0000,0.0000,19.3684
0.0000,0.0000,22.8978
0.0000,0.0000,21.3198
0.0000,0.0000,22.2972
0.0000,0.0000,21.7894
0.0000,0.0000,20.6457
0.0000,0.0000,23.1196
0.0000,0.0000,22.4261
0.0000,0.0000,21.3282
0.0000,0.0000,23.3270
0.0000,0.0000,20.5843
0.0000,0.0000,23.1195
0.0000,0.0000,19.1426
7.2011,31.2549,23.4126
19.0252,82.5745,22.6273
31.6366,137.3117,22.1569
40.3158,174.9818,19.6399
53.9449,234.1358,21.6767
67.2359,291.8226,20.5552
77.4903,336.3297,20.5041
88.6665,384.8374,18.3764
101.1259,438.9147,21.4398
96.4063,418.4302,19.4228
116.0733,503.7903,20.5430
127.2980,552.5085,19.8385
134.9679,585.7982,19.3965
147.3659,639.6088,19.1133
152.0300,659.8526,19.0619
161.4799,700.8677,16.0497
167.7504,728.0835,20.0709
173.5233,753.1393,16.8727
178.3018,773.8792,16.7599
182.3303,791.3643,14.8850
180.4084,783.0228,17.0348
176.6200,766.5799,16.6247
178.7555,775.8486,15.0105
190.6501,827.4745,15.3152
185.3073,804.2852,14.4138
186.0960,807.7083,16.5603
163.2923,708.7340,15.8197
186.1940,808.1339,10.9339
174.7614,758.5132,12.2999
176.2436,764.9463,13.2831
174.6180,757.8905,8.1280
154.5825,670.9310,13.5402
160.6991,697.4788,9.6492
156.4536,679.0520,14.7269
136.6953,593.2957,14.3668
137.9211,598.6160,9.3249
126.3462,548.3777,12.7867
123.2256,534.8334,12.0051
113.5383,492.7877,11.1525
100.6866,437.0078,10.6040
92.7894,402.7317,14.1277
79.2930,344.1536,10.6269
65.2062,283.0130,11.8138
58.9094,255.6832,8.8843
44.6072,193.6075,14.0482
34.8813,151.3945,12.1703
22.8878,99.3393,12.6596
9.4861,41.1722,12.9834
0.0000,0.0000,10.4047
0.0000,0.0000,13.3183
0.0000,0.0000,11.6444
0.0000,0.0000,10.5832
0.0000,0.0000,11.6118
0.0000,0.0000,13.7479
0.0000,0.0000,12.8649
0.0000,0.0000,11.7716
0.0000,0.0000,15.4916
0.0000,0.0000,14.5433
0.0000,0.0000,16.3037
0.0000,0.0000,13.1072
0.0000,0.0000,17.8164
0.0000,0.0000,14.9167
0.0000,0.0000,17.3019
0.0000,0.0000,14.9107
0.0000,0.0000,20.6071
0.0000,0.0000,17.8035
0.0000,0.0000,18.4847
0.0000,0.0000,18.5223
0.0000,0.0000,17.9011
0.0000,0.0000,19.0514
0.0000,0.0000,19.3524
0.0000,0.0000,19.7773
0.0000,0.0000,18.7256
0.0000,0.0000,18.4327
0.0000,0.0000,16.2177
0.0000,0.0000,21.2274
0.0000,0.0000,19.6318
0.0000,0.0000,19.7635
0.0000,0.0000,22.4771
0.0000,0.0000,21.4920
0.0000,0.0000,20.9344
0.0000,0.0000,21.0046
0.0000,0.0000,20.2079
0.0000,0.0000,22.8204
0.0000,0.0000,20.3772
0.0000,0.0000,22.4930
0.0000,0.0000,22.8232
0.0000,0.0000,22.2006
0.0000,0.0000,20.7184
0.0000,0.0000,21.0653
0.0000,0.0000,21.4352
0.0000,0.0000,21.2980
0.0000,0.0000,23.2805
0.0000,0.0000,22.4135
0.0000,0.0000,22.2840
0.0000,0.0000,19.1516
7.9830,34.6484,20.0225
18.3935,79.8329,20.2732
32.4316,140.7624,20.7165
44.4899,193.0985,21.5285
52.5140,227.9256,21.4171
62.3739,270.7202,18.1185
79.4007,344.6210,23.4608
89.6669,389.1791,19.3705
101.9031,442.2879,22.7520
110.1743,478.1871,18.9782
121.9480,529.2883,17.3871
131.2337,569.5906,18.8356
139.1129,603.7884,20.5614
143.5441,623.0214,18.3093
145.1136,629.8336,16.8738
154.6192,671.0901,16.5415
152.8395,663.3658,14.3347
159.3093,691.4468,15.0001
179.0618,777.1780,17.9723
183.0895,794.6591,13.2733
178.8928,776.4443,15.0264
169.9370,737.5737,13.2077
190.5180,826.9012,15.7333
191.4074,830.7613,16.2506
177.6293,770.9604,14.3037
190.7780,828.0294,14.1739
185.1696,803.6874,14.8101
157.3677,683.0194,15.9340
175.7404,762.7623,12.3061
175.8717,763.3318,15.1757
166.0541,720.7210,11.4972
170.0278,737.9677,14.8751
163.9657,711.6565,10.4959
140.0790,607.9818,11.7717
149.8151,650.2390,12.0029
140.5810,610.1608,13.4782
128.3285,556.9814,10.1943
119.4832,518.5904,10.5867
111.5471,484.1454,12.9441
104.1551,452.0619,10.4767
91.1653,395.6826,15.0543
82.5982,358.4989,14.5779
70.4743,305.8782,14.6150
59.6960,259.0973,15.1990
46.0209,199.7434,13.0916
35.8405,155.5578,15.0511
23.0010,99.8307,13.0837
10.1892,44.2238,12.0870
0.0000,0.0000,15.2678
0.0000,0.0000,11.5453
0.0000,0.0000,10.3614
0.0000,0.0000,11.0783
0.0000,0.0000,12.7521
0.0000,0.0000,15.8152
0.0000,0.0000,12.7899
0.0000,0.0000,14.5068
0.0000,0.0000,13.7768
0.0000,0.0000,15.6282
0.0000,0.0000,14.4601
0.0000,0.0000,14.6091
0.0000,0.0000,16.2757
0.0000,0.0000,19.1155
0.0000,0.0000,18.2959
0.0000,0.0000,16.7572
0.0000,0.0000,17.3534
0.0000,0.0000,16.3296
0.0000,0.0000,19.0757
0.0000,0.0000,19.5355
0.0000,0.0000,19.8865
0.0000,0.0000,20.2302
0.0000,0.0000,17.7096
0.0000,0.0000,19.6270
0.0000,0.0000,17.1266
0.0000,0.0000,19.8084
0.0000,0.0000,22.3522
0.0000,0.0000,19.9708
0.0000,0.0000,20.4727
0.0000,0.0000,23.3715
0.0000,0.0000,22.8454
0.0000,0.0000,19.4999
0.0000,0.0000,19.4776
0.0000,0.0000,21.9736
0.0000,0.0000,21.5081
0.0000,0.0000,20.9419
0.0000,0.0000,22.2741
0.0000,0.0000,24.1105
0.0000,0.0000,22.0395
0.0000,0.0000,22.9767
0.0000,0.0000,22.7480
0.0000,0.0000,21.9717
0.0000,0.0000,23.7509
0.0000,0.0000,20.3990
0.0000,0.0000,17.4723
0.0000,0.0000,22.2327
0.0000,0.0000,25.0312
0.0000,0.0000,22.7216
8.5152,36.9582,21.0417
19.8943,86.3470,18.8868
33.2241,144.2020,21.1940
44.6545,193.8128,22.9519
57.1584,248.0833,19.7072
68.8094,298.6518,23.5773
80.1827,348.0153,20.7126
91.2297,395.9624,16.7790
102.6742,445.6344,17.6050
107.7360,467.6040,19.6127
119.5942,519.0721,20.9369
128.0110,555.6033,17.3689
134.4669,583.6237,17.4490
141.5492,614.3630,17.9720
152.1615,660.4234,21.9055
163.3199,708.8537,15.2000
158.4586,687.7542,16.3539
175.0358,759.7039,17.9754
172.1686,747.2596,18.8033
183.0642,794.5496,18.2191
187.0983,812.0583,14.7446
189.5773,822.8182,17.9970
169.7230,736.6449,15.1247
174.8297,758.8095,13.8087
189.0184,820.3923,16.1772
186.3129,808.6496,16.8004
190.0092,824.6925,13.1405
182.1420,790.5470,12.7714
184.6080,801.2501,14.2397
180.7457,784.4867,12.2517
162.7081,706.1984,12.4699
170.7803,741.2339,12.8106
164.7198,714.9299,16.3174
135.2375,586.9682,13.7470
150.5731,653.5291,14.2559
132.1847,573.7182,11.7215
133.9317,581.3007,11.8070
124.7629,541.5058,15.2609
103.7217,450.1810,13.7986
104.9255,455.4057,11.6147
88.8121,385.4692,15.7905
79.6979,345.9110,12.5585
72.0705,312.8062,11.3065
60.1846,261.2179,14.6921
48.3208,209.7257,12.4833
36.0543,156.4857,10.5654
24.4746,106.2267,11.4214
10.6747,46.3311,14.4568
0.0000,0.0000,12.7730
0.0000,0.0000,12.8541
0.0000,0.0000,13.9616
0.0000,0.0000,11.6672
0.0000,0.0000,15.1538
0.0000,0.0000,16.2968
0.0000,0.0000,15.7263
0.0000,0.0000,16.0887
0.0000,0.0000,15.5857
0.0000,0.0000,14.7887
0.0000,0.0000,14.1708
0.0000,0.0000,14.6731
0.0000,0.0000,16.8159
0.0000,0.0000,16.3620
0.0000,0.0000,15.1688
0.0000,0.0000,17.9798
0.0000,0.0000,18.6903
0.0000,0.0000,18.1119
0.0000,0.0000,19.0403
0.0000,0.0000,17.0027
0.0000,0.0000,22.5878
0.0000,0.0000,19.1484
0.0000,0.0000,19.3853
0.0000,0.0000,20.3755
0.0000,0.0000,17.4509
0.0000,0.0000,20.5952
0.0000,0.0000,18.9052
0.0000,0.0000,19.5969
0.0000,0.0000,23.9685
0.0000,0.0000,19.4910
0.0000,0.0000,21.9800
0.0000,0.0000,18.9402
0.0000,0.0000,22.5970
0.0000,0.0000,22.6644
0.0000,0.0000,21.4116
0.0000,0.0000,24.8150
0.0000,0.0000,21.0840
0.0000,0.0000,21.3893
0.0000,0.0000,19.5333
0.0000,0.0000,23.7406
0.0000,0.0000,21.3167
0.0000,0.0000,22.5596
0.0000,0.0000,22.5310
0.0000,0.0000,22.2077
0.0000,0.0000,21.0199
0.0000,0.0000,22.5646
0.0000,0.0000,23.3246
0.0000,0.0000,20.5597
9.0926,39.4644,21.4851
21.8107,94.6644,21.5035
32.4412,140.8036,21.8860
46.0661,199.9397,22.7423
56.8643,246.8071,23.3972
69.5894,302.0372,20.6225
75.4699,327.5602,19.1804
92.0037,399.3215,20.6030
102.7977,446.1708,22.5145
110.9330,481.4799,17.8503
120.7325,524.0126,21.4566
125.7746,545.8966,19.8232
139.2456,604.3647,17.8705
142.6086,618.9609,18.4889
147.0507,638.2410,21.1119
164.0651,712.0881,21.0439
154.8177,671.9517,18.0455
163.1034,707.9139,18.2381
172.5835,749.0605,17.1705
184.5771,801.1158,16.3496
187.6271,814.3536,17.3637
190.3141,826.0161,16.9211
190.9522,828.7858,16.0076
190.6852,827.6267,16.2791
192.9768,837.5731,15.2792
185.3262,804.3672,15.8206
190.7458,827.8898,16.5860
188.4377,817.8717,14.8817
181.7873,789.0073,15.6359
167.3653,726.4119,13.5884
171.5609,744.6221,10.8315
160.7164,697.5539,14.1690
165.4646,718.1624,16.1035
156.2539,678.1855,12.0776
143.0402,620.8344,11.5492
127.1085,551.6861,15.4492
134.6863,584.5760,11.6273
121.0259,525.2859,14.1624
108.8254,472.3325,14.8937
103.6054,449.6764,13.3034
92.3407,400.7842,13.8943
81.3036,352.8800,12.7280
71.2197,309.1134,13.8063
60.5151,262.6524,13.7497
47.8306,207.5980,12.6234
37.1124,161.0783,13.5875
25.2643,109.6540,13.0743
12.1389,52.6861,12.3433
0.7858,3.4106,10.8724
0.0000,0.0000,14.8583
0.0000,0.0000,16.2169
0.0000,0.0000,13.0204
0.0000,0.0000,17.0045
0.0000,0.0000,16.7226
0.0000,0.0000,13.7021
0.0000,0.0000,13.0656
0.0000,0.0000,15.5217
0.0000,0.0000,17.6756
0.0000,0.0000,16.6629
0.0000,0.0000,16.6141
0.0000,0.0000,18.9984
0.0000,0.0000,16.9407
0.0000,0.0000,17.5985
0.0000,0.0000,17.2970
0.0000,0.0000,17.0040
0.0000,0.0000,20.2139
0.0000,0.0000,19.6225
0.0000,0.0000,18.7063
0.0000,0.0000,18.5009
0.0000,0.0000,17.6703
0.0000,0.0000,22.8941
0.0000,0.0000,19.5323
0.0000,0.0000,22.4974
0.0000,0.0000,20.0517
0.0000,0.0000,21.6399
0.0000,0.0000,20.6627
0.0000,0.0000,22.0653
0.0000,0.0000,23.0195
0.0000,0.0000,21.7750
0.0000,0.0000,23.1381
0.0000,0.0000,22.6111
0.0000,0.0000,22.7168
0.0000,0.0000,21.7879
0.0000,0.0000,19.7881
0.0000,0.0000,23.7028
0.0000,0.0000,24.9304
0.0000,0.0000,20.4824
0.0000,0.0000,23.5578
0.0000,0.0000,23.6679
0.0000,0.0000,21.9073
0.0000,0.0000,19.4236
0.0000,0.0000,21.9761
0.0000,0.0000,22.7209
0.0000,0.0000,19.0390
0.0000,0.0000,23.5820
0.0000,0.0000,23.8812
10.3815,45.0588,21.5001
22.6268,98.2067,24.0288
34.8004,151.0434,23.9956
46.7877,203.0715,21.3475
58.7205,254.8633,21.3809
65.4392,284.0245,21.8008
74.1451,321.8105,22.3493
92.7717,402.6550,20.6320
97.5411,423.3556,19.5171
114.4410,496.7057,22.2730
119.1951,517.3400,19.3042
133.4992,579.4234,19.7090
142.2315,617.3242,19.8976
150.3820,652.6998,21.0348
157.9159,685.3987,18.9053
164.7748,715.1684,17.6683
171.0072,742.2185,21.4829
163.8050,710.9593,16.0142
181.2814,786.8115,13.6053
185.3052,804.2759,18.9692
183.3817,795.9277,18.0278
184.8379,802.2479,16.5122
178.7779,775.9456,16.2280
180.2866,782.4937,17.2287
193.7018,840.7197,14.8189
192.9863,837.6141,14.6970
178.3250,773.9800,15.0142
183.2849,795.5074,13.5396
186.0742,807.6138,11.7565
182.2146,790.8619,10.8110
151.2751,656.5762,14.3913
172.1641,747.2402,16.4016
166.1997,721.3530,15.8812
159.0648,690.3854,12.6836
151.6496,658.2013,13.7242
140.8279,611.2324,12.3382
135.4328,587.8158,11.5367
126.2703,548.0483,14.0060
115.7079,502.2043,11.9694
104.7894,454.8152,13.8886
95.7569,415.6115,15.5002
84.9103,368.5343,15.3192
68.9568,299.2915,14.2907
60.7693,263.7555,14.7239
49.2779,213.8798,12.6664
35.9253,155.9259,13.4764
25.8633,112.2539,13.9844
13.2312,57.4270,12.8660
1.5797,6.8564,15.4829
0.0000,0.0000,13.9199
0.0000,0.0000,15.6207
0.0000,0.0000,15.0379
0.0000,0.0000,14.8958
0.0000,0.0000,14.5745
0.0000,0.0000,16.4192
0.0000,0.0000,16.4580
0.0000,0.0000,15.3849
0.0000,0.0000,16.9812
0.0000,0.0000,15.4589
0.0000,0.0000,18.0429
0.0000,0.0000,16.7249
0.0000,0.0000,16.4131
0.0000,0.0000,13.8817
0.0000,0.0000,18.3803
0.0000,0.0000,16.4279
0.0000,0.0000,18.2344
0.0000,0.0000,17.2969
0.0000,0.0000,18.4659
0.0000,0.0000,19.8685
0.0000,0.0000,20.7949
0.0000,0.0000,20.1852
0.0000,0.0000,20.7988
0.0000,0.0000,19.4873
0.0000,0.0000,19.6661
0.0000,0.0000,20.6263
0.0000,0.0000,22.7768
0.0000,0.0000,22.0031
0.0000,0.0000,21.9672
0.0000,0.0000,20.7992
0.0000,0.0000,23.9824
0.0000,0.0000,23.9503
0.0000,0.0000,24.9467
0.0000,0.0000,23.3031
0.0000,0.0000,25.2992
0.0000,0.0000,25.5123
0.0000,0.0000,24.3089
0.0000,0.0000,21.4659
0.0000,0.0000,23.9274
0.0000,0.0000,23.1803
0.0000,0.0000,25.5424
0.0000,0.0000,23.4422
0.0000,0.0000,24.5907
0.0000,0.0000,24.1995
0.0000,0.0000,25.5517
0.0000,0.0000,23.8112
0.0000,0.0000,22.5331
11.1719,48.4893,24.1787
23.1521,100.4867,22.8386
35.5837,154.4430,18.4023
46.8170,203.1987,23.2341
59.4950,258.2246,20.3885
71.1347,308.7445,19.5561
82.4972,358.0607,21.5168
92.1715,400.0500,21.3745
104.9479,455.5028,20.5983
107.3725,466.0263,20.4035
124.9652,542.3835,19.5960
134.2381,582.6304,22.1625
126.5170,549.1191,23.8732
148.2645,643.5092,19.0043
158.6446,688.5616,20.8910
162.4061,704.8874,22.1853
169.6948,736.5226,17.4000
177.2295,769.2254,19.7973
182.0004,789.9321,20.6673
178.1285,773.1273,14.0180
189.2787,821.5221,15.8845
188.6078,818.6105,17.3617
193.4409,839.5870,17.1210
194.3290,843.4418,14.7047
194.4156,843.8179,18.3971
188.2704,817.1458,16.1606
185.2938,804.2264,14.9382
178.1592,773.2603,16.5326
183.3082,795.6087,13.6114
182.9332,793.9808,14.1123
178.3224,773.9690,10.6829
172.9788,750.7759,13.5036
156.7949,680.5334,17.2216
155.4805,674.8287,13.2337
152.7939,663.1678,16.8771
144.7770,628.3724,14.2006
136.1709,591.0193,16.0269
127.0122,551.2683,15.7267
117.3404,509.2898,16.1234
107.1967,465.2633,13.4855
96.2875,417.9145,14.3188
83.1148,360.7413,13.4180
65.5318,284.4264,11.9967
59.2102,256.9886,16.1735
50.9813,221.2729,13.0261
35.7554,155.1882,17.2907
26.3965,114.5681,13.5490
14.6004,63.3697,15.5114
2.2189,9.6307,14.7537
0.0000,0.0000,15.0612
0.0000,0.0000,16.4589
0.0000,0.0000,13.6208
0.0000,0.0000,16.1869
0.0000,0.0000,13.9928
0.0000,0.0000,17.4344
0.0000,0.0000,15.3146
0.0000,0.0000,17.7894
0.0000,0.0000,16.8395
0.0000,0.0000,16.2348
0.0000,0.0000,15.7393
0.0000,0.0000,18.3806
0.0000,0.0000,17.8246
0.0000,0.0000,18.0375
0.0000,0.0000,18.7256
0.0000,0.0000,16.7914
0.0000,0.0000,18.2218
0.0000,0.0000,20.7365
0.0000,0.0000,19.9261
0.0000,0.0000,22.4053
0.0000,0.0000,19.6474
0.0000,0.0000,20.3741
0.0000,0.0000,22.0935
0.0000,0.0000,20.3626
0.0000,0.0000,20.9372
0.0000,0.0000,19.0168
0.0000,0.0000,24.7850
0.0000,0.0000,21.4727
0.0000,0.0000,23.4899
0.0000,0.0000,24.5497
0.0000,0.0000,23.7195
0.0000,0.0000,23.9070
0.0000,0.0000,22.5893
0.0000,0.0000,25.2863
0.0000,0.0000,21.6747
0.0000,0.0000,25.4560
0.0000,0.0000,23.8949
0.0000,0.0000,25.5525
0.0000,0.0000,25.6965
0.0000,0.0000,23.2744
0.0000,0.0000,23.5672
0.0000,0.0000,25.9162
0.0000,0.0000,24.5241
0.0000,0.0000,21.1100
0.0000,0.0000,24.8675
0.0000,0.0000,26.3042
0.0000,0.0000,21.4843
11.5013,49.9189,23.9320
22.2483,96.5640,24.3071
34.2983,148.8642,20.3451
48.4023,210.0794,25.4463
60.2647,261.5654,22.7809
71.8996,312.0642,22.9978
81.0220,351.6581,22.5894
89.0663,386.5727,19.9166
99.3992,431.4203,21.0157
109.8870,476.9402,20.6078
125.6999,545.5724,20.3173
134.9685,585.8007,22.4698
139.9159,607.2740,19.4230
148.8752,646.1596,19.2745
153.8130,667.5913,20.1040
166.2425,721.5386,20.4947
172.4435,748.4525,19.1793
175.3229,760.9502,18.9198
180.2390,782.2871,16.9828
180.5061,783.4464,17.3407
182.8998,793.8360,18.8479
192.4587,835.3244,19.5044
194.1438,842.6381,16.7327
190.8039,828.1421,16.6127
195.1181,846.8669,17.2878
194.4033,843.7641,17.0252
178.1155,773.0706,14.4929
189.8816,824.1387,15.2200
184.9040,802.5348,16.4542
183.6410,797.0530,15.7628
179.0324,777.0504,15.9599
165.3999,717.8817,18.6810
165.9859,720.4251,15.8395
156.4207,678.9094,13.1702
153.5157,666.3007,12.9763
138.2987,600.2549,12.2456
130.3928,565.9411,13.2858
127.7460,554.4531,15.6461
117.4069,509.5786,13.5360
107.9396,468.4880,13.3103
93.8708,407.4251,13.8956
80.8836,351.0574,10.6368
75.1362,326.1120,13.7311
56.7696,246.3957,12.7365
51.1934,222.1938,17.9561
39.7507,172.5291,14.0365
27.6149,119.8564,14.3694
14.3608,62.3299,14.2049
3.1614,13.7213,12.8802
0.0000,0.0000,12.2740
0.0000,0.0000,15.6532
0.0000,0.0000,16.2772
0.0000,0.0000,16.4879
0.0000,0.0000,14.2843
0.0000,0.0000,15.2890
0.0000,0.0000,18.2559
0.0000,0.0000,16.3580
0.0000,0.0000,16.5364
0.0000,0.0000,20.2084
0.0000,0.0000,17.6912
0.0000,0.0000,20.2270
0.0000,0.0000,19.1962
0.0000,0.0000,18.0339
0.0000,0.0000,17.7485
0.0000,0.0000,16.7915
0.0000,0.0000,21.3744
0.0000,0.0000,20.5667
0.0000,0.0000,22.2047
0.0000,0.0000,21.5453
0.0000,0.0000,22.5830
0.0000,0.0000,20.1673
0.0000,0.0000,21.5887
0.0000,0.0000,18.5844
0.0000,0.0000,22.8572
0.0000,0.0000,22.7421
0.0000,0.0000,23.9456
0.0000,0.0000,22.9683
0.0000,0.0000,21.3417
0.0000,0.0000,22.4511
0.0000,0.0000,23.4825
0.0000,0.0000,21.9209
0.0000,0.0000,22.2786
0.0000,0.0000,26.0844
0.0000,0.0000,20.4225
0.0000,0.0000,19.1630
0.0000,0.0000,25.7340
0.0000,0.0000,24.2360
0.0000,0.0000,22.9655
0.0000,0.0000,23.8057
0.0000,0.0000,23.9717
0.0000,0.0000,21.8063
0.0000,0.0000,26.0255
0.0000,0.0000,24.4903
0.0000,0.0000,23.0433
0.0000,0.0000,23.5740
0.5221,2.2661,25.9859
12.7452,55.3175,23.2156
24.5880,106.7187,21.3746
37.1391,161.1941,23.1467
45.4376,197.2116,21.4458
59.3754,257.7058,22.3618
70.1327,304.3952,20.9977
83.3417,361.7260,23.1245
94.8625,411.7294,22.3524
106.4285,461.9294,21.4135
115.9438,503.2281,19.0474
120.6311,523.5723,21.0507
135.6902,588.9332,19.4794
144.4104,626.7812,21.4818
144.8275,628.5917,19.8988
153.5167,666.3050,17.6329
166.9483,724.6018,19.9079
173.1461,751.5020,18.3451
178.6398,775.3464,20.6079
183.4060,796.0330,20.4428
180.2253,782.2279,18.4476
190.6772,827.5921,19.0996
187.2628,812.7724,16.1523
192.0004,833.3348,18.7575
195.7226,849.4905,19.3111
195.8092,849.8661,15.8408
191.4892,831.1165,18.8787
181.1595,786.2826,16.8313
191.2780,830.1995,18.3992
178.6847,775.5413,15.1294
169.3378,734.9730,16.2374
179.7317,780.0853,16.8863
168.8375,732.8015,15.5901
159.9947,694.4213,14.6539
161.6140,701.4495,17.1838
154.2280,669.3921,12.4593
138.7205,602.0854,14.4830
135.2893,587.1932,16.2542
128.4714,557.6016,12.1872
118.8090,515.6639,16.7943
106.9757,464.3045,16.0542
93.8372,407.2795,12.1671
79.9767,347.1211,14.5905
71.2508,309.2482,14.9215
64.3205,279.1690,12.1721
52.4728,227.7463,14.4277
40.5211,175.8727,15.5222
28.3915,123.2269,17.1394
16.1162,69.9490,15.2306
3.9486,17.1380,12.1739
0.0000,0.0000,15.4995
0.0000,0.0000,17.6713
0.0000,0.0000,15.9665
0.0000,0.0000,13.9623
0.0000,0.0000,14.9535
0.0000,0.0000,15.7598
0.0000,0.0000,17.5397
0.0000,0.0000,17.5144
0.0000,0.0000,20.0617
0.0000,0.0000,20.1221
0.0000,0.0000,18.7413
0.0000,0.0000,17.1442
0.0000,0.0000,20.0799
0.0000,0.0000,18.0263
0.0000,0.0000,20.9630
0.0000,0.0000,18.9627
0.0000,0.0000,19.3994
0.0000,0.0000,18.6588
0.0000,0.0000,21.2769
0.0000,0.0000,19.6307
0.0000,0.0000,23.2562
0.0000,0.0000,19.3602
0.0000,0.0000,21.1613
0.0000,0.0000,22.8846
0.0000,0.0000,20.0344
0.0000,0.0000,24.6748
0.0000,0.0000,23.3272
0.0000,0.0000,23.9416
0.0000,0.0000,23.3180
0.0000,0.0000,22.1461
0.0000,0.0000,23.3322
0.0000,0.0000,22.2836
0.0000,0.0000,25.0674
0.0000,0.0000,24.0034
0.0000,0.0000,24.2615
0.0000,0.0000,24.5551
0.0000,0.0000,22.5188
0.0000,0.0000,24.1129
0.0000,0.0000,23.5623
0.0000,0.0000,24.0407
0.0000,0.0000,23.2046
0.0000,0.0000,24.1176
0.0000,0.0000,22.6057
0.0000,0.0000,26.2378
0.0000,0.0000,23.0239
0.0000,0.0000,22.1319
1.3107,5.6886,23.6994
13.0847,56.7912,20.4560
25.7586,111.7996,27.4049
37.9108,164.5435,20.5059
49.9381,216.7451,21.8234
60.1999,261.2844,23.4783
73.4125,318.6306,25.5112
84.7591,367.8781,23.0682
92.6314,402.0462,25.7742
107.1577,465.0942,22.0121
117.3820,509.4705,21.6425
121.3405,526.6514,22.8054
136.4031,592.0272,21.7898
145.1184,629.8542,19.4762
153.2531,665.1609,22.2844
160.7723,697.7963,23.0569
167.6437,727.6203,21.3278
173.8381,754.5055,20.5794
165.2365,717.1724,20.6950
184.0923,799.0117,18.7106
182.5414,792.2803,18.0973
191.3595,830.5532,20.5276
190.9013,828.5645,15.4998
195.5153,848.5905,16.9610
196.4020,852.4394,20.2054
196.4886,852.8149,17.5992
182.4967,792.0864,15.8403
191.8830,832.8256,15.9920
191.5059,831.1889,19.0866
182.3035,791.2479,16.3325
181.2079,786.4926,14.2995
180.4200,783.0729,16.8958
166.7211,723.6158,14.2466
169.0400,733.6805,13.6100
158.2352,686.7849,16.7584
154.9305,672.4413,17.2188
138.8667,602.7200,13.3241
135.7848,589.3437,14.4242
129.1883,560.7131,14.1908
113.8618,494.1919,16.4111
103.6618,449.9209,16.0677
90.7747,393.9875,16.1127
86.6616,376.1355,15.1214
76.6347,332.6158,14.7982
65.0732,282.4356,14.7487
53.2738,231.2229,13.6154
41.2870,179.1969,17.0447
28.7182,124.6451,13.8103
16.9430,73.5373,18.8015
4.3772,18.9982,14.4110
0.0000,0.0000,14.4398
0.0000,0.0000,16.4175
0.0000,0.0000,17.7086
0.0000,0.0000,13.3634
0.0000,0.0000,16.2963
0.0000,0.0000,18.0785
0.0000,0.0000,17.1284
0.0000,0.0000,16.9476
0.0000,0.0000,19.3075
0.0000,0.0000,17.8714
0.0000,0.0000,20.1696
0.0000,0.0000,21.1999
0.0000,0.0000,17.8734
0.0000,0.0000,20.7230
0.0000,0.0000,17.8641
0.0000,0.0000,23.3468
0.0000,0.0000,19.7850
0.0000,0.0000,20.6053
0.0000,0.0000,20.2316
0.0000,0.0000,21.3630
0.0000,0.0000,24.2460
0.0000,0.0000,22.7305
0.0000,0.0000,21.0514
0.0000,0.0000,24.7891
0.0000,0.0000,22.9136
0.0000,0.0000,23.6924
0.0000,0.0000,24.5978
0.0000,0.0000,24.6535
0.0000,0.0000,23.2082
0.0000,0.0000,22.7960
0.0000,0.0000,22.6196
0.0000,0.0000,23.3993
0.0000,0.0000,24.0782
0.0000,0.0000,24.8596
0.0000,0.0000,23.7015
0.0000,0.0000,24.5005
0.0000,0.0000,26.7503
0.0000,0.0000,26.6368
0.0000,0.0000,24.5606
0.0000,0.0000,25.5616
0.0000,0.0000,26.3156
0.0000,0.0000,24.2912
0.0000,0.0000,24.6009
0.0000,0.0000,25.6527
0.0000,0.0000,25.1421
0.0000,0.0000,23.0149
2.0191,8.7633,25.8466
14.1177,61.2748,27.4747
26.5327,115.1595,24.9634
36.9274,160.2753,24.0889
49.9135,216.6383,24.2866
61.5066,266.9555,23.2841
67.8689,294.5701,24.2953
85.5004,371.0953,21.3938
96.5153,418.9033,22.6093
107.8792,468.2256,20.8123
111.5238,484.0443,20.9689
127.6412,553.9982,21.5517
131.8743,572.3710,23.2824
145.5848,631.8784,20.7435
152.6522,662.5530,19.0420
161.4614,700.7873,21.2723
167.0054,724.8498,19.9517
172.9731,750.7512,19.1770
180.0067,781.2791,19.0750
184.7674,801.9417,21.2642
188.7809,819.3616,21.9761
187.7746,814.9938,19.4612
186.2081,808.1950,18.1323
179.6890,779.9004,16.3779
197.0697,855.3372,15.9190
197.1562,855.7125,17.7699
192.0210,833.4246,16.1742
194.9317,846.0576,15.3447
192.6302,836.0687,15.4834
186.3615,808.8606,16.6266
167.5089,727.0352,14.2136
175.8242,763.1261,17.6950
175.7650,762.8690,13.9452
161.8964,702.6752,18.6904
163.0006,707.4679,13.0923
155.6232,675.4477,15.7530
147.6234,640.7266,15.7616
139.0356,603.4531,14.5986
129.8965,563.7869,15.6791
112.6785,489.0559,17.4568
110.1232,477.9653,15.4413
99.5737,432.1774,15.5487
88.4626,383.9523,16.2337
75.9886,329.8115,13.3002
65.8200,285.6771,14.3561
52.0972,226.1161,16.6651
42.0481,182.5005,14.9160
29.9326,129.9158,15.3597
17.3500,75.3038,17.8342
5.5144,23.9339,16.1637
0.0000,0.0000,16.9764
0.0000,0.0000,15.7562
0.0000,0.0000,17.3408
0.0000,0.0000,16.4398
0.0000,0.0000,13.5437
0.0000,0.0000,15.4141
0.0000,0.0000,17.0232
0.0000,0.0000,17.6533
0.0000,0.0000,20.2853
0.0000,0.0000,20.6807
0.0000,0.0000,18.5155
0.0000,0.0000,17.8514
0.0000,0.0000,18.2892
0.0000,0.0000,18.3711
0.0000,0.0000,17.4371
0.0000,0.0000,17.8913
0.0000,0.0000,22.3197
0.0000,0.0000,21.3810
0.0000,0.0000,20.3459
0.0000,0.0000,20.9177
0.0000,0.0000,22.1528
0.0000,0.0000,20.6802
0.0000,0.0000,23.2887
0.0000,0.0000,21.9359
0.0000,0.0000,23.8858
0.0000,0.0000,25.6136
0.0000,0.0000,22.7068
0.0000,0.0000,21.8055
0.0000,0.0000,21.9750
0.0000,0.0000,23.1613
0.0000,0.0000,25.6853
0.0000,0.0000,22.6976
0.0000,0.0000,23.5583
0.0000,0.0000,26.4775
0.0000,0.0000,23.1983
0.0000,0.0000,23.9446
0.0000,0.0000,23.8329
0.0000,0.0000,23.0775
0.0000,0.0000,26.5037
0.0000,0.0000,25.3772
0.0000,0.0000,27.0613
0.0000,0.0000,24.9450
0.0000,0.0000,26.9421
0.0000,0.0000,24.6259
0.0000,0.0000,26.3850
0.0000,0.0000,27.7072
2.7472,11.9236,22.8035
15.0821,65.4607,24.4875
27.0100,117.2309,22.2724
39.4409,171.1845,23.5661
51.0472,221.5592,23.3040
63.2913,274.7017,24.8905
68.4657,297.1602,24.9503
82.0743,356.2251,23.1461
95.3524,413.8560,22.1367
108.5927,471.3226,22.9982
114.2644,495.9391,22.3374
128.5544,557.9619,22.6019
136.2139,591.2064,23.2103
144.5118,627.2214,22.6925
154.6305,671.1392,20.8609
162.1402,703.7337,23.1330
169.0031,733.5204,20.7529
160.4271,696.2980,20.7677
180.6735,784.1733,21.8501
185.4311,804.8225,16.2140
185.7876,806.3697,18.4742
191.1142,829.4886,18.1317
191.5994,831.5947,19.0455
196.6377,853.4623,16.9444
197.7255,858.1835,15.8848
197.8119,858.5585,15.8825
197.0986,855.4628,16.9826
195.5888,848.9098,15.2872
190.7200,827.7776,17.0044
186.2027,808.1714,18.8776
177.5582,770.6520,17.4730
172.6135,749.1905,16.7205
176.4346,765.7751,15.2951
154.1351,668.9890,16.3815
163.6785,710.4099,15.2497
156.3058,678.4105,16.1733
148.3112,643.7118,12.9965
139.7290,606.4625,16.3878
126.5818,549.4001,14.0881
117.6464,510.6182,15.9277
110.8353,481.0560,15.9828
93.9410,407.7299,15.0885
80.3543,348.7602,14.4422
76.7846,333.2665,16.9980
66.5608,288.8924,16.9691
51.0176,221.4305,16.1444
40.2091,174.5186,15.1468
30.6967,133.2320,16.6524
17.9966,78.1102,15.4468
6.2924,27.3109,17.2083
0.0000,0.0000,15.9539
0.0000,0.0000,18.4735
0.0000,0.0000,19.0753
0.0000,0.0000,20.0046
0.0000,0.0000,15.0575
0.0000,0.0000,17.2047
0.0000,0.0000,17.1588
0.0000,0.0000,18.0108
0.0000,0.0000,16.7846
0.0000,0.0000,18.6841
0.0000,0.0000,16.4507
0.0000,0.0000,18.8174
0.0000,0.0000,19.3117
0.0000,0.0000,22.3557
0.0000,0.0000,19.7941
0.0000,0.0000,21.2133
0.0000,0.0000,21.0658
0.0000,0.0000,21.9158
0.0000,0.0000,20.5706
0.0000,0.0000,23.6427
0.0000,0.0000,23.8446
0.0000,0.0000,21.3534
0.0000,0.0000,21.2900
0.0000,0.0000,21.3115
0.0000,0.0000,21.7195
0.0000,0.0000,23.6212
0.0000,0.0000,23.6994
0.0000,0.0000,24.7794
0.0000,0.0000,25.2314
0.0000,0.0000,23.4378
0.0000,0.0000,25.6712
0.0000,0.0000,24.8624
0.0000,0.0000,22.2311
0.0000,0.0000,23.4999
0.0000,0.0000,24.1576
0.0000,0.0000,24.4444
0.0000,0.0000,22.8223
0.0000,0.0000,24.7669
0.0000,0.0000,22.9792
0.0000,0.0000,27.1325
0.0000,0.0000,22.3182
0.0000,0.0000,26.5618
0.0000,0.0000,22.7905
0.0000,0.0000,24.1720
0.0000,0.0000,24.1827
0.0000,0.0000,24.8519
3.6593,15.8822,24.8440
15.8540,68.8107,22.6373
28.0686,121.8254,26.3911
40.1988,174.4740,25.2646
52.2043,226.5813,22.6618
60.4763,262.4838,24.5955
75.6363,328.2827,21.3675
80.0804,347.5711,21.2271
97.9636,425.1894,23.9135
109.2982,474.3846,23.4338
119.5026,518.6747,21.1082
129.2461,560.9639,21.9929
138.4868,601.0711,21.7405
145.4318,631.2145,24.2781
146.8940,637.5608,19.5439
162.8086,706.6347,22.1405
169.6668,736.4009,23.3520
175.8491,763.2338,18.7274
181.3291,787.0187,19.8898
183.6177,796.9518,19.4951
190.0916,825.0502,19.6508
190.6480,827.4651,18.3854
182.4176,791.7432,19.4440
197.4842,857.1362,19.9490
198.3692,860.9776,18.7919
180.8144,784.7847,18.8107
197.7428,858.2589,18.0792
196.2341,851.7103,18.6569
191.5953,831.5767,15.4632
190.8576,828.3751,17.8316
187.0130,811.6882,18.0317
182.4182,791.7458,18.7995
176.6922,766.8932,13.8203
171.0603,742.4493,20.9063
164.3458,713.3063,17.1714
156.9782,681.3291,16.2686
148.9892,646.6544,14.7458
140.4129,609.4308,14.9465
131.2860,569.8178,16.6437
121.6477,527.9849,15.0267
111.5392,484.1112,14.1922
99.7701,433.0298,19.0359
90.0867,391.0011,16.5963
78.8344,342.1634,15.1322
67.2954,292.0807,16.2667
55.5189,240.9673,16.5008
43.5554,189.0423,15.7006
31.4561,136.5280,15.0512
19.2532,83.5642,18.4131
7.0669,30.6723,16.0594
0.0000,0.0000,16.6054
0.0000,0.0000,16.4253
0.0000,0.0000,16.5171
0.0000,0.0000,21.4147
0.0000,0.0000,19.5091
0.0000,0.0000,19.2101
0.0000,0.0000,18.4882
0.0000,0.0000,21.3213
0.0000,0.0000,18.2437
0.0000,0.0000,18.7615
0.0000,0.0000,21.3204
0.0000,0.0000,20.0250
0.0000,0.0000,21.4570
0.0000,0.0000,22.5390
0.0000,0.0000,22.3537
0.0000,0.0000,20.9433
0.0000,0.0000,24.4539
0.0000,0.0000,22.8044
0.0000,0.0000,21.0511
0.0000,0.0000,20.7606
0.0000,0.0000,23.1033
0.0000,0.0000,22.8076
0.0000,0.0000,22.9219
0.0000,0.0000,21.3235
0.0000,0.0000,25.1663
0.0000,0.0000,24.3897
0.0000,0.0000,24.1620
0.0000,0.0000,25.6406
0.0000,0.0000,22.9977
0.0000,0.0000,25.4641
0.0000,0.0000,24.9902
0.0000,0.0000,24.8532
0.0000,0.0000,24.3171
0.0000,0.0000,24.0614
0.0000,0.0000,25.6825
0.0000,0.0000,23.5297
0.0000,0.0000,25.1671
0.0000,0.0000,26.9640
0.0000,0.0000,26.7466
0.0000,0.0000,27.8217
0.0000,0.0000,26.3545
0.0000,0.0000,24.2679
0.0000,0.0000,24.8188
0.0000,0.0000,21.3426
0.0000,0.0000,27.6346
0.0000,0.0000,24.3775
4.3868,19.0399,23.3203
16.6218,72.1434,25.9220
27.2584,118.3090,25.1444
40.9516,177.7415,25.1907
52.9488,229.8127,21.9010
64.7700,281.1200,22.5121
71.0504,308.3785,19.8632
86.0538,373.4973,24.8462
98.6765,428.2833,22.0923
106.5115,462.2895,21.8308
120.1923,521.6682,22.5207
129.9286,563.9262,22.3305
139.1625,604.0040,23.1742
147.8545,641.7297,23.1473
155.9674,676.9420,20.2162
163.4665,709.4899,22.0347
170.3195,739.2341,23.5563
176.4973,766.0474,22.9247
181.9733,789.8147,20.7766
171.8594,745.9174,18.9994
190.7293,827.8182,19.8767
193.9718,841.8915,20.1061
196.4377,852.5943,20.2915
198.1165,859.8806,17.2116
183.0593,794.5283,20.0773
199.0872,864.0936,16.4547
189.4691,822.3486,19.5522
196.8673,854.4587,17.7192
194.5706,844.4905,17.8904
190.6570,827.5044,17.8252
184.7616,801.9168,16.6024
183.0616,794.5383,15.1483
176.2509,764.9779,16.5242
171.7121,745.2781,17.9701
157.7130,684.5181,13.9158
151.4365,657.2766,14.0525
144.2473,626.0735,15.2748
131.4702,570.6170,14.4542
131.9671,572.7737,14.9237
122.3358,530.9716,16.6055
112.2348,487.1302,16.6131
98.1482,425.9905,16.5655
90.7980,394.0886,19.1008
79.5541,345.2868,12.2057
66.5630,288.9017,15.9026
56.2557,244.1652,16.6333
44.1066,191.4347,14.8032
32.2106,139.8028,19.4322
18.9870,82.4087,17.6519
7.8375,34.0171,16.7245
0.0000,0.0000,15.7917
0.0000,0.0000,17.5590
0.0000,0.0000,20.1284
0.0000,0.0000,17.4956
0.0000,0.0000,17.2704
0.0000,0.0000,14.7438
0.0000,0.0000,16.9713
0.0000,0.0000,17.7525
0.0000,0.0000,17.3703
0.0000,0.0000,19.5844
0.0000,0.0000,20.6800
0.0000,0.0000,19.8568
0.0000,0.0000,18.4933
0.0000,0.0000,23.0904
0.0000,0.0000,20.0395
0.0000,0.0000,21.2759
0.0000,0.0000,20.5867
0.0000,0.0000,24.2751
0.0000,0.0000,21.0342
0.0000,0.0000,23.3011
0.0000,0.0000,23.9960
0.0000,0.0000,22.7434
0.0000,0.0000,23.5528
0.0000,0.0000,24.6629
0.0000,0.0000,25.5182
0.0000,0.0000,24.5808
0.0000,0.0000,21.5205
0.0000,0.0000,24.7825
0.0000,0.0000,24.7960
0.0000,0.0000,24.2731
0.0000,0.0000,26.0360
0.0000,0.0000,24.4521
0.0000,0.0000,25.9626
0.0000,0.0000,25.7026
0.0000,0.0000,26.7302
0.0000,0.0000,26.1366
0.0000,0.0000,27.9288
0.0000,0.0000,25.2443
0.0000,0.0000,25.3416
0.0000,0.0000,26.5908
0.0000,0.0000,25.9772
0.0000,0.0000,26.0144
0.0000,0.0000,24.9117
0.0000,0.0000,26.7499
0.0000,0.0000,29.5703
0.0000,0.0000,25.2586
5.2081,22.6048,26.8751
16.8589,73.1723,26.9271
29.5862,128.4124,24.0014
40.4930,175.7508,26.1666
53.3305,231.4691,28.3412
61.9088,268.7012,25.0248
68.8802,298.9591,25.4316
88.3960,383.6634,24.1194
99.3815,431.3433,22.1821
110.3035,478.7479,24.1689
117.7225,510.9482,24.8498
129.3518,561.4229,24.1715
139.8286,606.8949,24.5684
142.3905,618.0145,22.5751
156.6204,679.7761,22.0532
164.1136,712.2986,21.8773
170.9613,742.0198,22.9291
177.1343,768.8121,21.4974
182.6060,792.5609,20.9531
187.3531,813.1646,17.5764
191.3552,830.5348,19.8666
193.9302,841.7108,17.1897
197.0592,855.2916,19.4830
198.7366,862.5722,20.5654
189.5013,822.4882,20.1505
199.7066,866.7820,20.6115
198.9949,863.6932,20.8316
193.5374,840.0059,18.2587
183.9716,798.4880,17.6140
187.1499,812.2825,19.2725
184.8616,802.3506,18.6477
178.7118,775.6590,16.4625
178.3764,774.2032,16.6112
172.3528,748.0590,15.2802
165.6484,718.9602,16.8716
158.2920,687.0313,17.3943
150.3151,652.4092,18.0271
141.7518,615.2420,16.0772
132.6387,575.6889,16.4670
123.0150,533.9194,19.0240
106.9977,464.3996,16.5394
102.4024,444.4548,14.6549
83.2670,361.4021,18.5719
79.8025,346.3651,14.5580
68.7450,298.3723,14.9336
56.9863,247.3364,16.1477
45.0409,195.4900,14.9253
32.9599,143.0552,16.6330
20.6909,89.8044,16.5708
8.6041,37.3441,15.6138
0.0000,0.0000,18.2679
0.0000,0.0000,15.9018
0.0000,0.0000,16.1501
0.0000,0.0000,16.2773
0.0000,0.0000,18.0810
0.0000,0.0000,18.3006
0.0000,0.0000,16.9324
0.0000,0.0000,17.8711
0.0000,0.0000,18.2602
0.0000,0.0000,18.0026
0.0000,0.0000,20.2616
0.0000,0.0000,19.7807
0.0000,0.0000,19.8785
0.0000,0.0000,20.9973
0.0000,0.0000,21.5522
0.0000,0.0000,22.1195
0.0000,0.0000,21.6816
0.0000,0.0000,22.1555
0.0000,0.0000,24.7284
0.0000,0.0000,24.2560
0.0000,0.0000,22.4299
0.0000,0.0000,23.0582
0.0000,0.0000,22.2217
0.0000,0.0000,25.4141
0.0000,0.0000,24.2240
0.0000,0.0000,24.2439
0.0000,0.0000,24.4462
0.0000,0.0000,24.3188
0.0000,0.0000,23.5078
0.0000,0.0000,27.7906
0.0000,0.0000,24.2856
0.0000,0.0000,24.0480
0.0000,0.0000,27.6368
0.0000,0.0000,29.0884
0.0000,0.0000,25.3171
0.0000,0.0000,26.1024
0.0000,0.0000,26.3669
0.0000,0.0000,26.8792
0.0000,0.0000,25.4127
0.0000,0.0000,23.1093
0.0000,0.0000,23.4082
0.0000,0.0000,24.5167
0.0000,0.0000,27.1813
0.0000,0.0000,26.5030
0.0000,0.0000,27.6639
0.0000,0.0000,26.2229
5.4156,23.5054,25.9928
18.1445,78.7524,26.9195
30.3376,131.6738,26.3303
42.4411,184.2062,27.0177
54.4202,236.1986,22.9889
64.2531,278.8763,27.0996
74.6301,323.9152,25.4632
89.1016,386.7259,24.1355
98.5652,427.8004,26.7887
111.3644,483.3524,25.5185
116.4078,505.2422,24.9887
131.2657,569.7297,24.9519
131.4574,570.5618,23.3010
149.1630,647.4088,22.4981
157.2629,682.5647,22.1546
155.5209,675.0040,21.2314
164.4612,713.8071,24.0229
177.7600,771.5276,26.3254
178.1863,773.3781,22.6196
184.4209,800.4378,19.5698
190.0601,824.9135,20.6991
191.7991,832.4612,20.3428
176.0306,764.0215,20.2455
199.3446,865.2108,24.3280
186.9807,811.5480,19.7912
200.0000,869.4172,21.8272
197.7299,858.2025,20.0661
198.0974,859.7976,16.4462
195.8044,849.8454,18.3793
188.9311,820.0135,18.7677
188.8978,819.8689,16.4870
184.3138,799.9730,16.5734
179.0011,776.9144,20.4516
168.1638,729.8774,16.1732
166.2835,721.7167,15.7226
156.4698,679.1222,17.7121
150.9628,655.2203,16.9260
142.4064,618.0836,15.4871
133.3009,578.5630,18.9364
123.6851,536.8276,18.0072
110.4507,479.3869,15.6725
103.0894,447.4366,17.5896
92.1977,400.1636,14.8568
80.9717,351.4398,17.9548
69.4596,301.4739,16.3891
56.1099,243.5326,15.1004
45.7750,198.6761,16.5125
33.7039,146.2843,17.0137
21.5241,93.4206,19.1331
9.3663,40.6521,18.1766
0.0000,0.0000,17.8343
0.0000,0.0000,19.4811
0.0000,0.0000,19.4297
0.0000,0.0000,19.3061
0.0000,0.0000,16.3363
0.0000,0.0000,19.3315
0.0000,0.0000,21.0394
0.0000,0.0000,17.2697
0.0000,0.0000,19.1534
0.0000,0.0000,21.5328
0.0000,0.0000,23.0689
0.0000,0.0000,17.9357
0.0000,0.0000,22.0357
0.0000,0.0000,19.1795
0.0000,0.0000,19.3048
0.0000,0.0000,21.3164
0.0000,0.0000,20.0786
0.0000,0.0000,22.2054
0.0000,0.0000,24.2426
0.0000,0.0000,24.4448
0.0000,0.0000,21.3793
0.0000,0.0000,25.4085
0.0000,0.0000,23.4834
0.0000,0.0000,25.1184
0.0000,0.0000,23.4860
0.0000,0.0000,25.1919
0.0000,0.0000,23.4818
0.0000,0.0000,25.2201
0.0000,0.0000,24.9492
0.0000,0.0000,26.4294
0.0000,0.0000,24.9975
0.0000,0.0000,25.8429
0.0000,0.0000,24.2465
0.0000,0.0000,27.5534
0.0000,0.0000,31.2670
0.0000,0.0000,28.0455
0.0000,0.0000,24.9519
0.0000,0.0000,24.2374
0.0000,0.0000,23.6142
0.0000,0.0000,26.3448
0.0000,0.0000,25.6941
0.0000,0.0000,28.6366
0.0000,0.0000,26.2040
0.0000,0.0000,26.0706
0.0000,0.0000,27.7007
0.0000,0.0000,28.4582
6.7411,29.2581,25.1696
18.8989,82.0265,23.9047
31.0838,134.9122,24.7568
43.1773,187.4016,25.7721
52.7641,229.0109,24.7193
65.7593,285.4135,25.3720
78.5077,340.7451,27.3833
89.7996,389.7550,23.9007
100.7674,437.3587,23.1248
112.0359,486.2668,24.6892
122.2077,530.4154,25.4631
129.2692,561.0641,22.1746
134.2652,582.7484,23.9104
149.8019,650.1817,22.6438
157.8948,685.3073,21.9826
165.3754,717.7752,23.1122
172.2116,747.4464,22.8369
178.3742,774.1936,23.5594
173.6473,753.6774,21.0948
188.5758,818.4715,22.7406
185.5732,805.4392,22.8855
195.8057,849.8513,20.7981
198.2656,860.5277,19.5861
199.9402,867.7960,21.9478
200.0000,871.6252,19.7755
199.3643,865.2966,19.7826
200.0000,868.9152,19.4770
194.4073,843.7816,18.5475
196.4031,852.4438,18.7419
193.3348,839.1268,21.7560
189.5024,822.4932,19.8389
178.4251,774.4146,17.5992
179.6142,779.5757,18.2369
173.1084,751.3386,19.8819
166.9076,724.4255,19.4628
159.5636,692.5504,18.7637
151.6001,657.9865,16.3249
143.0512,620.8818,13.8024
133.9535,581.3952,18.9848
117.7833,511.2122,17.4499
114.2697,495.9623,17.1958
103.7680,450.3818,16.6314
92.8857,403.1496,16.7478
81.6694,354.4678,18.0335
70.1672,304.5450,17.3804
58.4283,253.5949,17.6192
46.5029,201.8357,17.4615
34.4423,149.4891,16.8774
22.2979,96.7792,18.2897
10.1238,43.9402,16.1821
0.0000,0.0000,16.2302
0.0000,0.0000,17.2456
0.0000,0.0000,19.5519
0.0000,0.0000,17.4046
0.0000,0.0000,19.1789
0.0000,0.0000,21.6048
0.0000,0.0000,19.1190
0.0000,0.0000,17.4120
0.0000,0.0000,19.0094
0.0000,0.0000,18.7419
0.0000,0.0000,21.3183
0.0000,0.0000,23.7627
0.0000,0.0000,21.2658
0.0000,0.0000,20.6754
0.0000,0.0000,21.8166
0.0000,0.0000,21.5662
0.0000,0.0000,20.0539
0.0000,0.0000,22.2035
0.0000,0.0000,22.9666
0.0000,0.0000,23.1295
0.0000,0.0000,26.0472
0.0000,0.0000,23.5110
0.0000,0.0000,23.2546
0.0000,0.0000,24.5007
0.0000,0.0000,24.5067
0.0000,0.0000,25.8004
0.0000,0.0000,24.1385
0.0000,0.0000,25.7570
0.0000,0.0000,26.9584
0.0000,0.0000,26.0611
0.0000,0.0000,25.1640
0.0000,0.0000,24.5573
0.0000,0.0000,28.2987
0.0000,0.0000,28.1124
0.0000,0.0000,26.6232
0.0000,0.0000,26.5309
0.0000,0.0000,25.6285
0.0000,0.0000,27.4242
0.0000,0.0000,28.6014
0.0000,0.0000,28.4146
0.0000,0.0000,28.9686
0.0000,0.0000,25.5326
0.0000,0.0000,25.9410
0.0000,0.0000,26.1248
0.0000,0.0000,29.5828
0.0000,0.0000,28.6687
7.5009,32.5559,24.1572
18.1205,78.6478,26.9551
31.8244,138.1268,25.2090
43.9075,190.5709,25.8059
55.8664,242.4758,26.7064
67.6499,293.6193,26.5517
76.1038,330.3117,25.8649
90.4896,392.7500,25.6751
101.4480,440.3127,24.6530
112.6984,489.1425,24.1830
122.8611,533.2513,25.5404
132.5647,575.3674,24.0892
141.7675,615.3105,25.2398
150.4304,652.9096,23.4113
158.5160,688.0036,21.6026
165.9899,720.4422,21.9904
165.6474,718.9555,21.9974
178.9769,776.8097,23.4520
179.0419,777.0914,21.0331
177.9461,772.3354,21.4644
193.1611,838.3730,19.2705
195.1207,846.8782,24.3951
198.8504,863.0659,20.3570
194.1839,842.8121,22.1802
200.0000,874.1534,21.9761
193.7947,841.1227,21.4457
200.0000,871.4458,22.4323
199.2785,864.9241,21.7894
195.0332,846.4982,17.7495
191.6235,831.6994,19.2993
190.0952,825.0657,17.4584
171.0993,742.6186,18.7295
171.8936,746.0659,19.0466
174.2078,756.1102,18.3866
167.5207,727.0865,19.9869
158.5473,688.1393,18.0075
152.2270,660.7073,17.1145
143.6858,623.6361,17.7328
134.5963,584.1852,14.6036
117.9646,511.9990,18.1451
112.1305,486.6775,16.9460
101.4525,440.3318,17.4974
93.5655,406.1003,18.6562
82.3593,357.4624,15.7079
70.8675,307.5846,16.1401
58.2461,252.8041,18.8081
47.2246,204.9680,15.8216
35.0580,152.1615,18.2244
23.0414,100.0062,17.3360
10.4273,45.2572,16.3831
0.0000,0.0000,18.5029
0.0000,0.0000,18.9733
0.0000,0.0000,20.3072
0.0000,0.0000,19.6185
0.0000,0.0000,19.7455
0.0000,0.0000,20.0254
0.0000,0.0000,20.9217
0.0000,0.0000,17.3239
0.0000,0.0000,21.8707
0.0000,0.0000,20.7035
0.0000,0.0000,20.9699
0.0000,0.0000,19.8710
0.0000,0.0000,22.1710
0.0000,0.0000,22.6947
0.0000,0.0000,22.1418
0.0000,0.0000,20.1805
0.0000,0.0000,22.4301
0.0000,0.0000,23.2533
0.0000,0.0000,24.8429
0.0000,0.0000,23.6765
0.0000,0.0000,22.7177
0.0000,0.0000,22.4809
0.0000,0.0000,28.2631
0.0000,0.0000,27.4546
0.0000,0.0000,24.4694
0.0000,0.0000,27.5275
0.0000,0.0000,25.0101
0.0000,0.0000,26.4463
0.0000,0.0000,27.0106
0.0000,0.0000,26.7134
0.0000,0.0000,27.1187
0.0000,0.0000,28.0810
0.0000,0.0000,28.1454
0.0000,0.0000,27.7409
0.0000,0.0000,25.6979
0.0000,0.0000,28.5735
0.0000,0.0000,24.4721
0.0000,0.0000,27.4714
0.0000,0.0000,26.2343
0.0000,0.0000,29.8508
0.0000,0.0000,27.2124
0.0000,0.0000,28.6063
0.0000,0.0000,30.0248
0.0000,0.0000,29.2764
0.0000,0.0000,27.3004
0.0000,0.0000,28.4495
8.2560,35.8332,26.4931
20.3924,88.5086,25.3169
32.5593,141.3165,27.6255
44.6316,193.7133,27.9568
56.5797,245.5715,27.1465
68.3525,296.6688,24.3535
79.8996,346.7865,24.2920
90.2550,391.7319,23.7253
102.1202,443.2299,24.3409
113.3520,491.9791,25.2177
123.5051,536.0464,24.6226
133.1995,578.1229,24.1260
133.1497,577.9066,23.5605
151.0484,655.5921,23.3888
159.1265,690.6531,21.7701
166.5933,723.0612,22.8945
158.6133,688.4260,22.5348
178.2600,773.6980,21.2215
185.0206,803.0408,20.3849
189.7510,823.5719,22.8900
192.8047,836.8258,21.8717
193.9402,841.7546,19.8872
199.4229,865.5507,21.6660
200.0000,872.8056,20.5059
199.3162,865.0876,18.4690
200.0000,877.0006,17.8968
200.0000,873.9227,20.3598
199.8506,867.4070,17.2852
197.5638,857.4818,20.6822
181.6617,788.4621,19.4090
175.0405,759.7246,21.9583
186.1042,807.7441,17.0863
180.8059,784.7477,19.0244
171.8179,745.7374,18.1469
168.1227,729.6992,17.0422
158.4849,687.8685,17.7885
151.6832,658.3474,19.0425
144.3102,626.3462,19.7144
135.2292,586.9324,20.5877
125.6394,545.3098,16.8878
115.5817,501.6568,15.7682
105.0993,456.1603,17.0309
94.2371,409.0150,20.5888
83.0414,360.4229,18.4470
71.5604,310.5921,18.9007
59.8431,259.7358,18.7791
47.5519,206.3886,20.2048
35.2248,152.8854,17.1785
23.7794,103.2090,19.3317
11.6241,50.4520,18.9662
0.0000,0.0000,17.3563
0.0000,0.0000,20.6912
0.0000,0.0000,19.2710
0.0000,0.0000,18.8389
0.0000,0.0000,18.4846
0.0000,0.0000,20.6969
0.0000,0.0000,22.5706
0.0000,0.0000,19.2170
0.0000,0.0000,21.3320
0.0000,0.0000,20.0995
0.0000,0.0000,17.9548
0.0000,0.0000,21.7443
0.0000,0.0000,22.2319
0.0000,0.0000,20.3618
0.0000,0.0000,23.7312
0.0000,0.0000,22.5035
0.0000,0.0000,22.8274
0.0000,0.0000,24.1844
0.0000,0.0000,23.1921
0.0000,0.0000,23.8945
0.0000,0.0000,25.1731
0.0000,0.0000,23.3360
0.0000,0.0000,25.0671
0.0000,0.0000,25.7352
0.0000,0.0000,23.8154
0.0000,0.0000,27.6203
0.0000,0.0000,25.1226
0.0000,0.0000,23.0489
0.0000,0.0000,28.3181
0.0000,0.0000,29.1629
0.0000,0.0000,25.2906
0.0000,0.0000,27.7576
0.0000,0.0000,26.5502
0.0000,0.0000,29.6910
0.0000,0.0000,24.9714
0.0000,0.0000,27.9900
0.0000,0.0000,27.7998
0.0000,0.0000,26.5518
0.0000,0.0000,30.3080
0.0000,0.0000,27.6851
0.0000,0.0000,25.5550
0.0000,0.0000,28.3281
0.0000,0.0000,29.8957
0.0000,0.0000,24.9937
0.0000,0.0000,25.4565
0.0000,0.0000,28.2916
9.0060,39.0887,26.7495
21.1310,91.7145,28.8065
33.2883,144.4804,27.2769
45.3492,196.8280,27.1363
57.2860,248.6373,27.8254
69.0478,299.6865,24.6035
80.5840,349.7571,28.1215
91.6519,397.7949,23.2041
102.7837,446.1097,26.7733
113.9964,494.7760,25.7487
124.1396,538.8002,26.2145
133.8245,580.8355,24.8430
143.0097,620.7020,25.8930
151.6559,658.2288,25.3108
159.7261,693.2554,25.2682
167.1856,725.6318,25.8430
174.0025,755.2192,23.0046
180.1477,781.8911,23.0670
185.5948,805.5332,23.0672
190.3206,826.0442,23.9260
194.3047,843.3363,21.7763
197.5301,857.3355,21.0005
199.9830,867.9818,19.8347
200.0000,875.2297,21.4520
200.0000,879.0480,18.4602
200.0000,879.4206,22.1936
200.0000,876.3456,20.7714
200.0000,869.8364,20.2550
198.1257,859.9208,21.3346
189.2855,821.5518,20.5192
182.9771,794.1713,19.5842
177.5761,770.7298,17.9824
180.9851,785.5255,16.9756
174.4180,757.0226,19.3551
168.7135,732.2634,18.2843
159.4986,692.2684,17.2829
144.5718,627.4818,18.2661
144.9243,629.0115,16.1547
135.8522,589.6363,15.3608
126.2718,548.0545,18.9358
116.2240,504.4443,16.5134
105.7518,458.9922,16.2778
94.9002,411.8932,18.4162
83.3164,361.6162,19.0960
70.0354,303.9732,15.2961
58.6638,254.6171,19.0837
48.6482,211.1469,17.4865
35.0883,152.2932,19.0674
24.5115,106.3865,17.8039
12.3149,53.4500,19.2034
0.2736,1.1875,18.9411
0.0000,0.0000,20.0618
0.0000,0.0000,17.9846
0.0000,0.0000,20.5448
0.0000,0.0000,20.6348
0.0000,0.0000,17.7593
0.0000,0.0000,21.1525
0.0000,0.0000,20.4581
0.0000,0.0000,24.6102
0.0000,0.0000,22.5178
0.0000,0.0000,20.2329
0.0000,0.0000,19.7383
0.0000,0.0000,22.0759
0.0000,0.0000,23.2287
0.0000,0.0000,20.6172
0.0000,0.0000,26.3857
0.0000,0.0000,24.1030
0.0000,0.0000,23.2492
0.0000,0.0000,24.9295
0.0000,0.0000,22.3792
0.0000,0.0000,25.5576
0.0000,0.0000,25.6981
0.0000,0.0000,24.0927
0.0000,0.0000,26.4003
0.0000,0.0000,26.6634
0.0000,0.0000,28.5384
0.0000,0.0000,26.2402
0.0000,0.0000,26.3666
0.0000,0.0000,28.0248
0.0000,0.0000,27.8689
0.0000,0.0000,26.6097
0.0000,0.0000,28.9073
0.0000,0.0000,25.9906
0.0000,0.0000,28.7168
0.0000,0.0000,28.6671
0.0000,0.0000,24.3075
0.0000,0.0000,28.4124
0.0000,0.0000,32.3797
0.0000,0.0000,28.3318
0.0000,0.0000,27.4598
0.0000,0.0000,28.6526
0.0000,0.0000,27.1428
0.0000,0.0000,27.2736
0.0000,0.0000,27.2844
0.0000,0.0000,27.5079
0.0000,0.0000,26.2760
9.7322,42.2403,25.2987
21.8640,94.8956,25.2641
34.0111,147.6175,30.7292
45.9926,199.6207,25.3385
57.2178,248.3410,26.3251
69.7356,302.6717,28.3947
77.1867,335.0118,27.3293
92.5109,401.5229,26.4732
103.4384,448.9515,25.8876
114.6315,497.5327,26.0863
119.0488,516.7047,27.9614
134.4395,583.5048,24.3389
143.6154,623.3307,25.5971
152.2528,660.8195,26.0060
160.3147,695.8105,24.4918
166.0529,720.7156,24.7315
174.5767,757.7113,24.5651
180.7157,784.3561,22.1592
186.1572,807.9741,24.1572
190.8782,828.4643,23.9326
194.8582,845.7388,22.5711
198.0804,859.7238,21.0126
200.0000,870.3593,18.6873
199.9635,867.8972,20.6735
200.0000,881.4143,21.9916
200.0000,881.7864,17.1947
190.8826,828.4834,21.4258
200.0000,872.2120,21.2178
198.6754,862.3065,20.9031
195.6189,849.0404,19.3656
191.8012,832.4706,19.6619
181.7211,788.7203,18.9679
181.1907,786.4180,20.5606
175.9605,763.7173,20.8593
169.2930,734.7787,18.0694
158.6582,688.6207,18.4067
154.0441,668.5943,18.1625
143.1324,621.2344,19.8949
136.4651,592.2966,18.7817
126.8944,550.7571,18.0246
116.8568,507.1911,18.4782
106.3953,461.7853,19.0663
92.1153,399.8062,19.4403
80.8646,350.9749,18.2110
72.9233,316.5074,17.9985
61.2294,265.7525,19.6905
49.3498,214.1917,18.9462
37.3353,162.0457,21.3717
23.8838,103.6625,16.2425
13.1030,56.8708,19.9368
1.0019,4.3486,20.4008
0.0000,0.0000,19.7230
0.0000,0.0000,18.5463
0.0000,0.0000,21.9022
0.0000,0.0000,18.5071
0.0000,0.0000,20.6695
0.0000,0.0000,18.9090
0.0000,0.0000,18.6464
0.0000,0.0000,21.0672
0.0000,0.0000,19.2075
0.0000,0.0000,19.2770
0.0000,0.0000,19.6302
0.0000,0.0000,20.7039
0.0000,0.0000,23.0914
0.0000,0.0000,23.1727
0.0000,0.0000,26.1833
0.0000,0.0000,24.9755
0.0000,0.0000,22.4457
0.0000,0.0000,23.4317
0.0000,0.0000,25.1921
0.0000,0.0000,22.6329
0.0000,0.0000,24.3577
0.0000,0.0000,25.9010
0.0000,0.0000,26.5663
0.0000,0.0000,26.5157
0.0000,0.0000,26.7741
0.0000,0.0000,25.8850
0.0000,0.0000,26.8981
0.0000,0.0000,27.3923
0.0000,0.0000,27.9313
0.0000,0.0000,27.9514
0.0000,0.0000,27.2173
0.0000,0.0000,28.8848
0.0000,0.0000,27.8753
0.0000,0.0000,27.2653
0.0000,0.0000,28.3781
0.0000,0.0000,30.7308
0.0000,0.0000,28.4625
0.0000,0.0000,28.0327
0.0000,0.0000,28.3118
0.0000,0.0000,29.5137
0.0000,0.0000,28.0892
0.0000,0.0000,29.0697
0.0000,0.0000,27.1281
0.0000,0.0000,28.3461
0.0000,0.0000,27.6208
10.4901,45.5302,25.2802
22.6185,98.1704,27.7387
34.7275,150.7269,28.6148
46.7643,202.9701,28.3006
58.6774,254.6761,27.0531
70.4157,305.6235,27.0635
81.9289,355.5943,24.4925
93.1678,404.3743,27.8498
100.7053,437.0888,26.1295
115.2573,500.2487,28.3737
125.3795,544.1818,27.7581
135.0444,586.1302,26.5146
144.2107,625.9143,26.2830
148.2661,643.5158,26.4808
160.8924,698.3179,23.9085
168.3365,730.6273,22.3848
175.1394,760.1536,22.9370
181.2719,786.7704,22.8457
185.3129,804.3096,22.2044
191.4237,830.8322,21.3821
195.3996,848.0886,21.5409
192.0850,833.7021,20.7933
200.0000,872.6832,23.4495
200.0000,879.9160,21.6510
198.0083,859.4111,21.8870
200.0000,884.0982,19.0621
199.9214,867.7144,19.7471
200.0000,874.5339,19.9382
199.2128,864.6387,19.5327
196.1595,851.3867,20.5522
192.3458,834.8343,20.5874
187.7881,815.0526,21.5671
182.5059,792.1262,15.1124
176.5217,766.1533,19.0561
169.8613,737.2452,17.0984
162.5531,705.5256,18.4322
154.2920,669.6701,19.9216
146.1212,634.2067,20.2400
137.0679,594.9129,16.7487
127.5073,553.4171,18.9934
115.0058,499.1571,20.6461
104.1907,452.2164,16.1069
90.6792,393.5729,18.5326
81.2400,352.6040,18.5194
73.5929,319.4137,18.6286
60.5108,262.6335,18.5245
50.0442,217.2057,18.0907
37.5750,163.0858,19.4742
25.9573,112.6619,17.5160
13.8339,60.0428,20.9421
1.6940,7.3524,19.2686
0.0000,0.0000,20.1549
0.0000,0.0000,19.1185
0.0000,0.0000,19.6280
0.0000,0.0000,21.9140
0.0000,0.0000,20.8953
0.0000,0.0000,22.3963
0.0000,0.0000,22.2996
0.0000,0.0000,19.9712
0.0000,0.0000,20.5737
0.0000,0.0000,22.2584
0.0000,0.0000,23.9657
0.0000,0.0000,22.8283
0.0000,0.0000,22.6113
0.0000,0.0000,25.2058
0.0000,0.0000,23.7754
0.0000,0.0000,25.0955
0.0000,0.0000,25.0906
0.0000,0.0000,24.1123
0.0000,0.0000,25.3282
0.0000,0.0000,25.3822
0.0000,0.0000,25.8639
0.0000,0.0000,24.3113
0.0000,0.0000,26.6531
0.0000,0.0000,27.9641
0.0000,0.0000,25.4938
0.0000,0.0000,26.5854
0.0000,0.0000,27.2867
0.0000,0.0000,27.7808
0.0000,0.0000,28.0839
0.0000,0.0000,27.2121
0.0000,0.0000,25.6645
0.0000,0.0000,28.2560
0.0000,0.0000,30.3356
0.0000,0.0000,30.0815
0.0000,0.0000,26.2881
0.0000,0.0000,27.7312
0.0000,0.0000,28.6743
0.0000,0.0000,26.4954
0.0000,0.0000,25.1253
0.0000,0.0000,29.0915
0.0000,0.0000,30.2038
0.0000,0.0000,27.1345
0.0000,0.0000,30.0773
0.0000,0.0000,26.3986
0.0000,0.0000,27.0956
11.2237,48.7140,27.7694
22.6353,98.2437,26.9551
35.4373,153.8077,29.3081
47.4615,205.9959,24.7241
59.3620,257.6475,28.9491
71.0879,308.5414,26.4855
80.9643,351.4077,28.2630
93.8162,407.1883,27.5617
104.7211,454.5189,27.9625
115.8736,502.9234,24.0656
125.9848,546.8089,24.3097
135.6392,588.7117,26.3332
141.7641,615.2953,25.5951
153.4144,665.8612,24.7009
161.4591,700.7775,22.7828
168.8951,733.0518,26.6137
175.6906,762.5460,22.6005
181.8164,789.1339,23.9405
187.2464,812.7014,22.1188
191.9572,833.1478,22.4923
195.9288,850.3854,23.8232
199.1441,864.3405,21.4352
200.0000,874.9532,19.3575
200.0000,882.1783,22.3850
198.6904,862.3714,21.2596
190.7070,827.7215,22.7514
200.0000,883.2907,21.6714
200.0000,876.8020,21.9624
199.7378,866.9177,21.0027
186.1322,807.8655,21.6704
192.8783,837.1456,20.5392
188.3256,817.3853,20.0222
183.0491,794.4838,20.8310
177.0714,768.5392,20.9115
170.4182,739.6625,19.0066
163.1180,707.9774,21.1253
155.2019,673.6194,19.9852
146.7040,636.7360,19.0010
137.6605,597.4848,19.8812
128.1102,556.0341,20.6960
113.7928,493.8923,16.9669
104.7200,454.5141,17.2976
96.8375,420.3018,18.5347
85.6881,371.9102,16.5057
74.2545,322.2850,20.1607
62.5855,271.6386,18.4569
50.7313,220.1880,17.6208
38.7426,168.1535,18.0451
26.6706,115.7578,20.5804
14.5586,63.1884,22.3047
2.5039,10.8677,21.6739
0.0000,0.0000,20.3632
0.0000,0.0000,23.4249
0.0000,0.0000,19.3130
0.0000,0.0000,19.2996
0.0000,0.0000,20.1166
0.0000,0.0000,22.7427
0.0000,0.0000,21.5922
0.0000,0.0000,21.8758
0.0000,0.0000,22.1517
0.0000,0.0000,22.2724
0.0000,0.0000,21.5198
0.0000,0.0000,21.9919
0.0000,0.0000,25.3470
0.0000,0.0000,22.1265
0.0000,0.0000,23.4830
0.0000,0.0000,22.1673
0.0000,0.0000,22.6757
0.0000,0.0000,23.6249
0.0000,0.0000,24.8614
0.0000,0.0000,25.5250
0.0000,0.0000,26.0018
0.0000,0.0000,25.5027
0.0000,0.0000,24.8910
0.0000,0.0000,26.3880
0.0000,0.0000,25.0041
0.0000,0.0000,26.3108
0.0000,0.0000,26.7688
0.0000,0.0000,26.9235
0.0000,0.0000,27.5080
0.0000,0.0000,27.8228
0.0000,0.0000,31.0838
0.0000,0.0000,28.3476
0.0000,0.0000,29.1635
0.0000,0.0000,29.4649
0.0000,0.0000,28.4245
0.0000,0.0000,28.2827
0.0000,0.0000,28.9789
0.0000,0.0000,28.6336
0.0000,0.0000,28.7109
0.0000,0.0000,27.4287
0.0000,0.0000,28.3960
0.0000,0.0000,31.3997
0.0000,0.0000,28.3412
0.0000,0.0000,28.4498
0.0000,0.0000,29.4003
11.9513,51.8720,30.0853
24.0571,104.4146,29.1280
36.1403,156.8589,28.4490
48.1514,208.9904,31.1617
60.0390,260.5859,26.2805
71.7522,311.4245,27.6869
83.2408,361.2884,27.7661
93.8948,407.5296,26.2788
105.3489,457.2433,26.6967
104.7342,454.5757,25.9826
124.0968,538.6146,30.1979
136.2237,591.2488,26.1722
138.3693,600.5613,27.5442
153.9791,668.3120,26.4314
162.0148,703.1891,23.3103
169.4424,735.4272,24.2334
175.6201,762.2401,24.7164
182.3493,791.4465,25.9605
187.7732,814.9877,23.2620
192.4787,835.4111,25.6419
196.4458,852.6295,24.9608
198.8627,863.1194,24.7717
199.9055,867.6456,21.2132
200.0000,884.3867,20.7654
200.0000,888.1888,23.2193
200.0000,888.5598,21.6422
200.0000,885.4979,18.6947
200.0000,879.0165,18.6781
184.8721,802.3962,23.0735
197.2040,855.9203,22.2617
193.3988,839.4044,20.6590
188.8511,819.6663,21.5727
183.5805,796.7905,19.7084
177.6096,770.8749,18.2357
170.9638,742.0305,20.0528
162.6645,706.0092,20.3140
155.7646,676.0615,18.2526
147.2761,639.2193,19.7203
138.2428,600.0121,19.3851
123.6835,536.8208,18.5766
118.6983,515.1837,17.4382
108.2709,469.9256,17.8231
97.4655,423.0275,20.1336
86.3286,374.6901,18.2097
74.9078,325.1205,19.8277
63.2519,274.5309,17.3695
51.4110,223.1379,20.6221
39.4356,171.1616,19.2583
27.3772,118.8246,22.0760
15.0919,65.5029,20.2254
3.2359,14.0446,19.3717
0.0000,0.0000,22.1117
0.0000,0.0000,19.5263
0.0000,0.0000,21.0735
0.0000,0.0000,20.7572
0.0000,0.0000,21.1352
0.0000,0.0000,22.4479
0.0000,0.0000,21.7096
0.0000,0.0000,22.3376
0.0000,0.0000,21.0179
0.0000,0.0000,21.4113
0.0000,0.0000,24.6712
0.0000,0.0000,22.3209
0.0000,0.0000,24.5487
0.0000,0.0000,20.6512
0.0000,0.0000,25.6428
0.0000,0.0000,22.5108
0.0000,0.0000,27.4987
0.0000,0.0000,26.0729
0.0000,0.0000,25.1831
0.0000,0.0000,26.9885
0.0000,0.0000,25.9671
0.0000,0.0000,29.2220
0.0000,0.0000,27.0798
0.0000,0.0000,25.6415
0.0000,0.0000,27.1932
0.0000,0.0000,27.1819
0.0000,0.0000,28.5463
0.0000,0.0000,26.3304
0.0000,0.0000,27.4058
0.0000,0.0000,29.7997
0.0000,0.0000,27.2061
0.0000,0.0000,27.5654
0.0000,0.0000,28.6987
0.0000,0.0000,29.8846
0.0000,0.0000,29.2696
0.0000,0.0000,28.0458
0.0000,0.0000,27.4059
0.0000,0.0000,27.2611
0.0000,0.0000,29.5195
0.0000,0.0000,29.0963
0.0000,0.0000,27.8556
0.0000,0.0000,29.3280
0.0000,0.0000,31.1956
0.0000,0.0000,28.5718
0.6426,2.7893,29.0712
12.0132,52.1406,30.1614
24.7667,107.4941,27.5868
36.8363,159.8797,25.8770
48.8339,211.9528,29.3074
60.7082,263.4905,28.8090
72.4083,314.2721,28.6129
83.8841,364.0802,27.3839
93.0257,403.7572,27.3455
105.9673,459.9277,26.3419
114.4819,496.8832,25.7338
127.1655,551.9337,25.3321
136.7980,593.7413,24.2496
145.9335,633.3920,23.9123
154.5329,670.7156,25.8350
162.5593,705.5526,23.9562
169.9784,737.7537,24.2040
173.4497,752.8200,24.4052
182.8704,793.7083,24.7703
188.2880,817.2224,25.7751
192.9882,837.6223,22.7633
196.9507,854.8208,24.7193
200.0000,868.7442,21.9781
200.0000,879.3329,21.0037
200.0000,886.5415,23.0783
199.0740,864.0364,23.6022
200.0000,890.7097,23.1343
200.0000,887.6514,23.4683
200.0000,881.1774,20.9937
200.0000,871.3155,21.4628
197.7080,858.1078,19.7001
193.9072,841.6110,19.3670
187.7562,814.9140,23.1304
184.1002,799.0461,22.4274
178.1362,773.1605,19.9788
169.6339,736.2580,17.6422
164.2144,712.7361,19.1768
156.3163,678.4562,19.7157
147.8377,641.6566,19.2119
138.8147,602.4945,21.0859
115.2748,500.3246,20.7497
119.2928,517.7637,20.1007
108.8773,472.5579,20.9673
98.0845,425.7138,17.3526
85.5634,371.3691,21.0501
73.7362,320.0357,18.8338
63.9103,277.3883,18.9797
52.0830,226.0545,22.1840
40.1214,174.1381,23.2136
27.9142,121.1553,20.5879
15.9890,69.3966,18.7786
3.9617,17.1948,22.7489
0.0000,0.0000,19.7596
0.0000,0.0000,22.8290
0.0000,0.0000,19.6178
0.0000,0.0000,21.4442
0.0000,0.0000,21.1775
0.0000,0.0000,22.4861
0.0000,0.0000,21.4661
0.0000,0.0000,25.4171
0.0000,0.0000,23.7078
0.0000,0.0000,22.6451
0.0000,0.0000,22.6045
0.0000,0.0000,23.8948
0.0000,0.0000,24.3361
0.0000,0.0000,24.5602
0.0000,0.0000,25.6176
0.0000,0.0000,25.3007
0.0000,0.0000,22.6193
0.0000,0.0000,24.8652
0.0000,0.0000,26.3501
0.0000,0.0000,27.3100
0.0000,0.0000,28.8520
0.0000,0.0000,28.3521
0.0000,0.0000,26.9813
0.0000,0.0000,24.9258
0.0000,0.0000,26.2974
0.0000,0.0000,27.5626
0.0000,0.0000,30.2743
0.0000,0.0000,27.3598
0.0000,0.0000,29.1231
0.0000,0.0000,30.1456
0.0000,0.0000,29.4728
0.0000,0.0000,26.9673
0.0000,0.0000,29.6796
0.0000,0.0000,28.0356
0.0000,0.0000,29.1653
0.0000,0.0000,28.3626
0.0000,0.0000,32.0219
0.0000,0.0000,28.6570
0.0000,0.0000,29.9800
0.0000,0.0000,28.6886
0.0000,0.0000,31.0449
0.0000,0.0000,29.4877
0.0000,0.0000,29.2584
0.0000,0.0000,28.2892
1.3714,5.9524,29.0126
13.3876,58.1059,28.8965
25.4693,110.5440,26.5994
37.5251,162.8692,28.2075
49.5089,214.8823,31.5807
61.3695,266.3606,29.2064
73.0561,317.0837,29.0884
84.5187,366.8344,27.4752
95.7081,415.3997,29.0144
106.5765,462.5715,27.5243
117.6645,510.6967,27.1221
127.7408,554.4307,23.5948
134.8218,585.1641,28.1949
146.4866,635.7927,27.4155
155.0758,673.0721,27.4770
163.0928,707.8679,24.3095
169.9999,737.8467,24.1395
177.2751,769.4233,27.0373
183.3798,795.9194,25.3100
188.7910,819.4056,26.3399
193.4856,839.7814,25.2511
197.4435,856.9595,24.8010
200.0000,870.8665,22.2886
200.0000,881.4426,22.0604
200.0000,888.6427,21.6557
200.0000,892.4359,21.4129
200.0000,892.8059,24.3712
196.5415,853.0445,22.4381
200.0000,883.2850,26.7720
200.0000,873.4347,18.4630
198.1999,860.2427,20.8461
194.4035,843.7654,20.9637
189.8665,824.0733,21.2800
184.6082,801.2509,21.1005
169.5086,735.7146,21.0276
172.0210,746.6187,18.7347
164.7459,715.0429,22.5194
156.8572,680.8036,18.5447
148.2017,643.2368,19.7605
139.3763,604.9318,20.9472
129.8590,563.6241,23.8373
119.8774,520.3013,18.9331
109.4743,475.1488,19.9684
98.6942,428.3602,19.1109
87.5833,380.1357,20.4776
76.1891,330.6817,17.8995
64.5604,280.2101,22.9538
52.7471,228.9371,18.2186
39.9977,173.6010,23.1904
28.7694,124.8673,19.0686
16.6942,72.4573,22.6370
4.5535,19.7635,24.3011
0.0000,0.0000,20.1397
0.0000,0.0000,21.8563
0.0000,0.0000,19.6102
0.0000,0.0000,20.3363
0.0000,0.0000,22.2355
0.0000,0.0000,22.1561
0.0000,0.0000,22.9325
0.0000,0.0000,22.5371
0.0000,0.0000,23.2038
0.0000,0.0000,22.0435
0.0000,0.0000,24.3305
0.0000,0.0000,25.8372
0.0000,0.0000,25.1232
0.0000,0.0000,23.2625
0.0000,0.0000,25.4177
0.0000,0.0000,26.6140
0.0000,0.0000,26.0509
0.0000,0.0000,25.0462
0.0000,0.0000,25.9752
0.0000,0.0000,23.8983
0.0000,0.0000,25.0753
0.0000,0.0000,27.2866
0.0000,0.0000,30.4277
0.0000,0.0000,28.9040
0.0000,0.0000,27.6892
0.0000,0.0000,30.4773
0.0000,0.0000,31.4563
0.0000,0.0000,27.4365
0.0000,0.0000,27.1778
0.0000,0.0000,28.2712
0.0000,0.0000,33.0185
0.0000,0.0000,28.6122
0.0000,0.0000,27.7998
0.0000,0.0000,28.8462
0.0000,0.0000,32.3810
0.0000,0.0000,31.2767
0.0000,0.0000,30.8486
0.0000,0.0000,30.1495
0.0000,0.0000,27.9093
0.0000,0.0000,31.7193
0.0000,0.0000,29.6320
0.0000,0.0000,29.9075
0.0000,0.0000,31.0097
0.0000,0.0000,28.7998
2.0939,9.0881,30.8301
14.0959,61.1799,31.2280
26.1650,113.5633,29.1176
38.2064,165.8265,29.3302
48.9509,212.4605,27.0245
62.0227,269.1955,27.8750
73.6954,319.8586,26.7566
83.5330,362.5562,27.0055
91.4981,397.1273,30.3057
107.1762,465.1743,28.1032
108.0762,469.0806,32.2302
128.3060,556.8839,24.6057
137.9155,598.5915,29.4614
145.8271,632.9302,29.1673
155.6079,675.3815,27.2585
161.5978,701.3795,25.5052
167.3494,726.3428,25.6847
177.7803,771.6158,26.6341
183.8776,798.0797,23.5503
189.2822,821.5374,25.2140
193.9711,841.8885,25.6542
197.9242,859.0458,25.0166
200.0000,872.9359,23.1552
200.0000,883.4992,23.9628
200.0000,890.6906,25.3427
200.0000,894.4792,23.2266
200.0000,894.8488,22.7134
200.0000,891.7978,24.6990
200.0000,885.3394,24.4062
200.0000,875.5010,23.0715
198.6797,862.3250,21.9639
194.8879,845.8677,20.7806
190.3564,826.1995,17.9146
180.5136,783.4790,22.7751
179.1547,777.5810,19.3685
172.5325,748.8389,22.2993
165.2662,717.3013,21.9511
157.3871,683.1036,18.3665
148.9287,646.3920,22.4658
139.9274,607.3237,21.2265
130.4216,566.0661,22.4694
120.4522,522.7958,20.5307
110.0617,477.6982,18.8135
99.2946,430.9662,20.3781
88.1972,382.8002,20.7399
76.8168,333.4062,19.2767
65.2022,282.9958,20.2196
51.9657,225.5458,20.4215
41.1234,178.4868,20.7005
28.9335,125.5793,22.0223
17.3924,75.4877,21.6137
5.3602,23.2646,20.5601
0.0000,0.0000,19.7302
0.0000,0.0000,22.8327
0.0000,0.0000,20.5175
0.0000,0.0000,19.1294
0.0000,0.0000,20.3041
0.0000,0.0000,22.6902
0.0000,0.0000,22.6860
0.0000,0.0000,24.7837
0.0000,0.0000,21.1568
0.0000,0.0000,21.7916
0.0000,0.0000,22.2337
0.0000,0.0000,25.8724
0.0000,0.0000,27.4732
0.0000,0.0000,23.4486
0.0000,0.0000,24.4451
0.0000,0.0000,25.8484
0.0000,0.0000,24.8194
0.0000,0.0000,27.0940
0.0000,0.0000,24.1848
0.0000,0.0000,26.6903
0.0000,0.0000,27.0290
0.0000,0.0000,28.2848
0.0000,0.0000,26.4737
0.0000,0.0000,29.3167
0.0000,0.0000,29.8462
0.0000,0.0000,30.5213
0.0000,0.0000,28.8333
0.0000,0.0000,31.4189
0.0000,0.0000,30.1512
0.0000,0.0000,30.4965
0.0000,0.0000,31.5733
0.0000,0.0000,31.7566
0.0000,0.0000,30.8909
0.0000,0.0000,31.1504
0.0000,0.0000,29.5406
0.0000,0.0000,31.2426
0.0000,0.0000,31.9040
0.0000,0.0000,28.5310
0.0000,0.0000,34.3231
0.0000,0.0000,30.5707
0.0000,0.0000,32.0650
0.0000,0.0000,29.2013
0.0000,0.0000,29.5987
0.0000,0.0000,31.8634
2.8098,12.1954,33.6935
14.7972,64.2240,31.9835
26.2836,114.0780,29.1512
38.8802,168.7509,27.9305
50.5482,219.3933,30.2146
62.6676,271.9946,29.8336
74.3262,322.5963,26.7748
85.7613,372.2278,29.6609
96.9239,420.6768,27.1303
107.7663,467.7357,25.9267
118.8095,515.6662,24.9906
128.8611,559.2929,25.9733
138.4586,600.9488,25.6004
147.5609,640.4554,28.1776
156.1291,677.6435,25.8608
164.1263,712.3539,26.7514
171.5185,744.4380,24.2191
178.2739,773.7584,27.5155
184.3636,800.1895,27.3804
189.7616,823.6181,24.0819
194.4447,843.9439,21.9445
198.3928,861.0800,23.9342
200.0000,874.9528,21.4127
200.0000,885.5030,22.7513
200.0000,892.6854,26.0319
200.0000,869.2169,21.7528
192.4482,835.2784,22.3814
200.0000,880.6519,21.2560
200.0000,887.3408,21.2145
200.0000,877.5147,22.3682
195.8319,849.9647,24.6037
195.3603,847.9182,21.7099
190.8344,828.2744,18.8758
185.5890,805.5079,20.7554
179.6466,779.7162,21.3866
173.0326,751.0097,19.2159
165.7754,719.5114,20.9539
157.9060,685.3560,21.2205
149.4582,648.6899,20.3960
140.4680,609.6702,20.9268
130.9740,568.4637,22.6464
121.0169,525.2471,21.8311
110.6393,480.2055,19.0112
99.8857,433.5315,19.2520
88.8020,385.4252,23.4723
77.4357,336.0926,19.9185
65.8356,285.7448,20.3511
52.9089,229.6392,20.5014
42.1332,182.8696,18.1854
30.1323,130.7828,20.8327
18.0834,78.4869,21.5296
6.0998,26.4747,21.9539
0.0000,0.0000,21.1633
0.0000,0.0000,20.8711
0.0000,0.0000,20.8838
0.0000,0.0000,22.1961
0.0000,0.0000,24.9539
0.0000,0.0000,22.1363
0.0000,0.0000,23.5994
0.0000,0.0000,25.1451
0.0000,0.0000,24.4979
0.0000,0.0000,22.9730
0.0000,0.0000,25.6183
0.0000,0.0000,24.7650
0.0000,0.0000,26.6582
0.0000,0.0000,24.6517
0.0000,0.0000,27.7159
0.0000,0.0000,26.8280
0.0000,0.0000,28.9143
0.0000,0.0000,28.4606
0.0000,0.0000,25.0159
0.0000,0.0000,27.5958
0.0000,0.0000,28.6454
0.0000,0.0000,24.6838
0.0000,0.0000,26.7708
0.0000,0.0000,30.7021
0.0000,0.0000,27.7751
0.0000,0.0000,28.0629
0.0000,0.0000,28.2214
0.0000,0.0000,29.4963
0.0000,0.0000,28.5548
0.0000,0.0000,29.0978
0.0000,0.0000,30.7144
0.0000,0.0000,31.4389
0.0000,0.0000,31.6979
0.0000,0.0000,31.2894
0.0000,0.0000,28.5479
0.0000,0.0000,32.1529
0.0000,0.0000,29.6529
0.0000,0.0000,32.2048
0.0000,0.0000,31.2523
0.0000,0.0000,30.8541
0.0000,0.0000,30.8833
0.0000,0.0000,31.6285
0.0000,0.0000,29.1031
0.0000,0.0000,30.7001
3.5189,15.2731,31.4316
15.4914,67.2372,29.3942
27.5343,119.5065,29.4270
39.5462,171.6416,29.7893
51.4865,223.4658,30.9458
63.3040,274.7571,28.6925
74.9482,325.2961,28.7076
86.3691,374.8660,29.4083
97.5179,423.2549,29.8754
108.3468,470.2553,30.0794
119.3671,518.0862,28.3200
129.4059,561.6577,28.7359
138.9913,603.2607,26.5655
148.0820,642.7172,27.9905
156.6393,679.8582,24.6339
162.7471,706.3677,26.1024
172.0093,746.5680,26.8875
178.7561,775.8512,25.9719
184.8381,802.2488,25.7924
190.2292,825.6477,25.8659
194.8723,845.7998,25.4694
198.8495,863.0621,23.6893
200.0000,876.9174,25.6688
200.0000,887.4542,23.5060
200.0000,871.4869,24.7457
200.0000,898.4066,24.0925
200.0000,898.7753,24.8801
200.0000,895.7320,24.4256
200.0000,889.2897,23.6483
200.0000,877.7358,21.1096
199.6031,866.3330,19.3732
195.8209,849.9169,21.6914
191.3007,830.2981,21.9269
171.3670,743.7802,20.3556
180.1271,781.8015,22.6889
173.5215,753.1314,20.9532
166.2735,721.6730,22.0148
158.4140,687.5609,22.3966
149.9769,650.9413,23.7381
140.9981,611.9710,21.2678
131.5162,570.8168,21.3855
120.6513,523.6601,21.8920
111.2073,482.6704,20.1551
98.0237,425.4500,20.5854
88.5182,384.1938,21.1931
78.0457,338.7402,23.4698
66.4603,288.4562,20.3444
54.5197,236.6305,22.2872
42.7879,185.7115,21.4363
29.3365,127.3287,20.6704
18.3375,79.5900,19.9259
6.7986,29.5077,21.6918
0.0000,0.0000,21.3424
0.0000,0.0000,23.1052
0.0000,0.0000,21.9631
0.0000,0.0000,22.3184
0.0000,0.0000,25.7444
0.0000,0.0000,21.0528
0.0000,0.0000,22.4735
0.0000,0.0000,26.6570
0.0000,0.0000,24.4282
0.0000,0.0000,23.8223
0.0000,0.0000,25.0741
0.0000,0.0000,23.9408
0.0000,0.0000,27.7999
0.0000,0.0000,28.4314
0.0000,0.0000,27.9450
0.0000,0.0000,27.9747
0.0000,0.0000,25.5415
0.0000,0.0000,27.3102
0.0000,0.0000,23.4311
0.0000,0.0000,25.7371
0.0000,0.0000,27.5176
0.0000,0.0000,32.0668
0.0000,0.0000,29.9748
0.0000,0.0000,29.8721
0.0000,0.0000,27.6029
0.0000,0.0000,26.0987
0.0000,0.0000,26.1698
0.0000,0.0000,30.9313
0.0000,0.0000,31.2649
0.0000,0.0000,29.8330
0.0000,0.0000,30.5401
0.0000,0.0000,29.4587
0.0000,0.0000,32.0729
0.0000,0.0000,30.7074
0.0000,0.0000,31.4112
0.0000,0.0000,30.2906
0.0000,0.0000,34.4140
0.0000,0.0000,31.0896
0.0000,0.0000,28.8778
0.0000,0.0000,31.0346
0.0000,0.0000,29.0681
0.0000,0.0000,30.8923
0.0000,0.0000,29.1443
0.0000,0.0000,31.4339
4.2210,18.3204,31.4026
16.0650,69.7265,31.9297
28.2076,122.4287,27.8645
40.2043,174.4977,27.7858
52.1294,226.2562,30.3384
63.9320,277.4826,27.1210
75.5614,327.9574,28.1277
86.9678,377.4645,29.8983
98.1025,425.7920,27.1224
108.9177,472.7329,28.1016
119.9146,520.4628,27.3009
129.9405,563.9779,29.8657
139.5135,605.5272,29.2418
148.5925,644.9326,30.4034
157.1387,682.0256,29.0018
163.7134,710.5616,27.9475
172.4888,748.6491,24.3544
179.2269,777.8945,23.5261
178.5099,774.7825,25.0947
190.6852,827.6266,26.1113
195.3563,847.9005,25.5034
199.2943,864.9926,23.7218
200.0000,878.8299,24.0718
200.0000,889.3531,24.4253
200.0000,896.5172,25.4535
200.0000,900.2914,24.9606
200.0000,886.8016,25.4576
200.0000,897.6202,25.1153
200.0000,891.1863,21.8373
200.0000,881.3853,22.0207
200.0000,868.2593,22.5094
196.2696,851.8644,22.3489
191.7552,832.2710,20.9378
186.5233,809.5627,21.6116
180.5961,783.8370,22.1331
173.9990,755.2040,22.4313
166.7604,723.7863,22.2832
158.9111,689.7183,19.9884
150.4849,653.1461,22.4704
136.5447,592.6420,22.9124
132.0480,573.1252,20.0947
122.1164,530.0192,21.0099
111.0082,481.8064,20.0702
101.0392,438.5383,21.3463
89.9839,390.5551,19.9387
78.6467,341.3487,21.8575
67.0763,291.1297,21.2465
55.3221,240.1133,21.4162
43.4345,188.5178,20.3928
31.4644,136.5643,20.9083
19.4430,84.3881,20.6880
7.4391,32.2877,23.3907
0.0000,0.0000,18.7052
0.0000,0.0000,21.1412
0.0000,0.0000,23.4956
0.0000,0.0000,24.4557
0.0000,0.0000,23.3265
0.0000,0.0000,23.5734
0.0000,0.0000,24.5629
0.0000,0.0000,25.9521
0.0000,0.0000,26.0681
0.0000,0.0000,24.4508
0.0000,0.0000,23.0457
0.0000,0.0000,24.4813
0.0000,0.0000,25.9127
0.0000,0.0000,23.2402
0.0000,0.0000,25.5036
0.0000,0.0000,28.1094
0.0000,0.0000,27.9747
0.0000,0.0000,26.6852
0.0000,0.0000,27.8754
0.0000,0.0000,29.1642
0.0000,0.0000,27.6517
0.0000,0.0000,27.0176
0.0000,0.0000,30.3937
0.0000,0.0000,30.1680
0.0000,0.0000,30.7060
0.0000,0.0000,30.0208
0.0000,0.0000,27.9217
0.0000,0.0000,28.8921
0.0000,0.0000,32.2448
0.0000,0.0000,31.7471
0.0000,0.0000,33.1597
0.0000,0.0000,30.2119
0.0000,0.0000,33.6897
0.0000,0.0000,30.2233
0.0000,0.0000,32.5172
0.0000,0.0000,31.4133
0.0000,0.0000,31.9954
0.0000,0.0000,29.3111
0.0000,0.0000,32.0164
0.0000,0.0000,30.6055
0.0000,0.0000,31.2365
0.0000,0.0000,31.3439
0.0000,0.0000,32.6263
0.0000,0.0000,32.3970
4.9158,21.3361,31.5663
16.8577,73.1672,30.0957
28.8730,125.3168,31.9776
40.8542,177.3185,33.3113
52.7639,229.0101,30.6320
64.5512,280.1702,27.3766
75.0982,325.9472,28.2758
87.5573,380.0229,30.5274
98.6775,428.2879,28.8694
109.4787,475.1681,25.7088
120.4521,522.7957,27.4628
130.4648,566.2535,26.5768
140.0251,607.7480,25.0416
149.0922,647.1016,26.7541
157.6272,684.1457,26.0395
165.5935,718.7217,28.2551
172.9570,750.6815,27.1981
179.6863,779.8884,25.3272
185.7524,806.2171,26.5150
191.1295,829.5550,26.2168
195.7944,849.8021,23.5500
199.7273,866.8718,26.9063
200.0000,880.6909,26.8791
200.0000,891.2003,28.2411
200.0000,898.3549,25.4087
200.0000,902.1241,23.4081
200.0000,902.4918,24.8635
200.0000,899.4564,23.7353
200.0000,893.0309,23.5603
200.0000,883.2429,22.6813
200.0000,870.1342,21.7402
196.7065,853.7609,22.9555
192.1981,834.1932,23.0759
186.9730,811.5150,21.0874
181.0536,785.8231,20.8510
174.4653,757.2278,23.5560
167.2362,725.8514,23.7532
159.3972,691.8284,22.7784
150.9821,655.3043,20.9876
142.0268,616.4356,22.5730
132.5696,575.3888,21.8099
122.6510,532.3395,23.7073
112.3136,487.4723,22.4802
100.5643,436.4770,19.8080
90.5608,393.0591,21.1249
79.2386,343.9174,23.0358
67.6834,293.7646,19.8537
55.9447,242.8154,21.7561
43.6816,189.5905,20.6385
32.1184,139.4027,21.4964
20.1112,87.2883,23.9801
8.1740,35.4775,23.0369
0.0000,0.0000,22.7156
0.0000,0.0000,23.4334
0.0000,0.0000,24.9136
0.0000,0.0000,22.6004
0.0000,0.0000,23.2562
0.0000,0.0000,23.9596
0.0000,0.0000,24.6473
0.0000,0.0000,25.1577
0.0000,0.0000,22.6138
0.0000,0.0000,22.9829
0.0000,0.0000,23.3331
0.0000,0.0000,22.8111
0.0000,0.0000,23.6344
0.0000,0.0000,25.4933
0.0000,0.0000,29.2585
0.0000,0.0000,26.6481
0.0000,0.0000,25.6566
0.0000,0.0000,26.8501
0.0000,0.0000,27.6064
0.0000,0.0000,30.0407
0.0000,0.0000,28.1226
0.0000,0.0000,30.9448
0.0000,0.0000,28.7211
0.0000,0.0000,29.1323
0.0000,0.0000,29.0814
0.0000,0.0000,29.5180
0.0000,0.0000,30.7549
0.0000,0.0000,30.1339
0.0000,0.0000,28.8862
0.0000,0.0000,30.8055
0.0000,0.0000,30.9838
0.0000,0.0000,29.7831
0.0000,0.0000,32.2680
0.0000,0.0000,31.4255
0.0000,0.0000,32.0345
0.0000,0.0000,32.6720
0.0000,0.0000,31.0370
0.0000,0.0000,32.7253
0.0000,0.0000,30.4260
0.0000,0.0000,32.6174
0.0000,0.0000,30.8984
0.0000,0.0000,31.1259
0.0000,0.0000,32.9341
0.0000,0.0000,30.5489
5.6032,24.3194,32.5029
17.5293,76.0822,31.3602
29.5304,128.1701,31.8445
41.4958,180.1033,30.2982
53.3899,231.7269,32.3213
65.1616,282.8196,30.9557
76.7607,333.1628,26.1657
88.1374,382.5408,27.5589
99.2430,430.7422,25.8441
109.9214,477.0893,27.0034
120.9795,525.0847,29.9653
130.9788,568.4844,28.0784
140.5263,609.9233,26.7414
148.5574,644.7805,30.8163
144.2785,626.2089,27.1746
166.0604,720.7484,27.6640
173.4141,752.6654,26.8547
180.1344,781.8331,28.6165
186.1924,808.1266,26.5667
191.5622,831.4332,25.7047
196.2209,851.6532,26.6033
199.1654,864.4333,24.9980
200.0000,882.5006,27.0209
200.0000,892.9959,28.4527
188.0730,816.2892,24.4242
200.0000,903.9052,23.8729
200.0000,904.2723,22.7610
200.0000,901.2410,24.2604
200.0000,894.8242,23.3089
200.0000,885.0493,22.9237
200.0000,871.9581,24.7375
197.1318,855.6068,23.6556
192.6294,836.0652,22.8211
176.0990,764.3187,25.6780
181.4999,787.7599,22.1927
174.9203,759.2029,22.5069
167.7009,727.8685,23.2587
159.8725,693.8911,19.6594
138.4866,601.0706,20.2085
142.5253,618.5992,22.5881
128.0400,555.7293,20.6929
123.1755,534.6158,21.2465
112.8519,489.8087,21.2497
100.9956,438.3488,20.5115
91.1283,395.5219,21.2865
79.8212,346.4461,20.2509
68.2814,296.3604,22.8600
56.5585,245.4794,21.6947
44.7024,194.0209,21.4960
32.7641,142.2053,22.1165
20.7714,90.1538,21.0415
8.8502,38.4124,22.2931
0.0000,0.0000,21.5612
0.0000,0.0000,25.1076
0.0000,0.0000,23.0334
0.0000,0.0000,25.1078
0.0000,0.0000,23.9571
0.0000,0.0000,22.2981
0.0000,0.0000,21.6002
0.0000,0.0000,21.4134
0.0000,0.0000,25.4823
0.0000,0.0000,26.8180
0.0000,0.0000,24.2371
0.0000,0.0000,26.9472
0.0000,0.0000,26.1320
0.0000,0.0000,28.4904
0.0000,0.0000,27.3375
0.0000,0.0000,29.6132
0.0000,0.0000,27.5342
0.0000,0.0000,29.5354
0.0000,0.0000,29.1966
0.0000,0.0000,28.0377
0.0000,0.0000,29.1925
0.0000,0.0000,27.4887
0.0000,0.0000,30.6223
0.0000,0.0000,26.8732
0.0000,0.0000,30.5394
0.0000,0.0000,31.5718
0.0000,0.0000,28.8184
0.0000,0.0000,30.9890
0.0000,0.0000,30.9430
0.0000,0.0000,29.3477
0.0000,0.0000,30.5683
0.0000,0.0000,32.8436
0.0000,0.0000,30.7592
0.0000,0.0000,32.0289
0.0000,0.0000,29.3703
0.0000,0.0000,32.9690
0.0000,0.0000,31.6218
0.0000,0.0000,30.7881
0.0000,0.0000,33.8502
0.0000,0.0000,30.5396
0.0000,0.0000,30.1549
0.0000,0.0000,33.9305
0.0000,0.0000,30.7027
0.0000,0.0000,32.0298
6.2828,27.2692,33.7072
18.1930,78.9627,30.3884
30.1796,130.9877,32.2911
42.1290,182.8514,30.0419
54.0071,234.4058,28.7772
65.7631,285.4301,32.1444
75.2210,326.4801,32.3980
88.7081,385.0177,31.6994
99.7988,433.1546,29.1303
109.0686,473.3878,30.4069
121.4968,527.3298,31.4669
131.4825,570.6704,26.1390
141.0170,612.0530,27.2056
150.0596,651.3004,29.3160
158.5715,688.2446,28.6097
166.5164,722.7273,28.4471
173.8601,754.6010,28.4979
180.5712,783.7289,26.5255
186.6209,809.9867,25.5800
191.9835,833.2616,27.6465
196.6358,853.4541,25.9780
200.0000,870.4777,26.5454
200.0000,884.2596,24.6458
200.0000,894.7406,25.6740
200.0000,901.8759,26.7759
200.0000,905.6349,24.3641
195.6237,849.0612,22.7818
199.8177,867.2642,25.1680
200.0000,896.5663,23.9768
195.5012,848.5296,21.8376
200.0000,873.7313,23.4211
197.5455,857.4023,24.3303
193.0493,837.8874,22.6171
187.8383,815.2703,21.8836
181.9348,789.6477,21.4820
175.3642,761.1295,24.4014
168.1546,729.8378,21.6852
160.3369,695.9065,21.7683
151.0064,655.4097,21.0666
143.0132,620.7172,24.1236
133.5816,579.7811,22.3676
123.6898,536.8480,18.6643
113.3802,492.1017,19.1024
102.6971,445.7340,20.9672
91.6861,397.9432,21.6002
80.3944,348.9342,21.5129
68.8704,298.9167,21.2788
57.1634,248.1049,22.7880
45.3234,196.7163,23.2316
33.4014,144.9712,21.9501
21.4234,92.9837,22.6555
9.5184,41.3126,22.3159
0.0000,0.0000,25.9366
0.0000,0.0000,24.3226
0.0000,0.0000,21.6218
0.0000,0.0000,22.2377
0.0000,0.0000,24.8976
0.0000,0.0000,24.2231
0.0000,0.0000,23.7663
0.0000,0.0000,23.8762
0.0000,0.0000,26.1982
0.0000,0.0000,22.6989
0.0000,0.0000,25.4314
0.0000,0.0000,27.0479
0.0000,0.0000,27.0636
0.0000,0.0000,28.2567
0.0000,0.0000,23.9107
0.0000,0.0000,27.2135
0.0000,0.0000,30.8561
0.0000,0.0000,31.2327
0.0000,0.0000,29.0158
0.0000,0.0000,30.4822
0.0000,0.0000,30.1854
0.0000,0.0000,28.8292
0.0000,0.0000,29.6765
0.0000,0.0000,31.5206
0.0000,0.0000,27.4914
0.0000,0.0000,31.8325
0.0000,0.0000,31.1768
0.0000,0.0000,32.0401
0.0000,0.0000,35.1578
0.0000,0.0000,30.7291
0.0000,0.0000,36.0732
0.0000,0.0000,31.4464
0.0000,0.0000,31.6604
0.0000,0.0000,32.5241
0.0000,0.0000,34.0281
0.0000,0.0000,32.0377
0.0000,0.0000,28.7702
0.0000,0.0000,30.9865
0.0000,0.0000,31.9837
0.0000,0.0000,31.4642
0.0000,0.0000,30.9135
0.0000,0.0000,29.2172
0.0000,0.0000,32.2673
0.0000,0.0000,32.1016
6.9545,30.1846,33.1517
18.8485,81.8077,32.6054
30.8204,133.7689,31.9041
42.7535,185.5620,29.8951
54.6155,237.0462,30.4344
66.3555,288.0011,32.0817
77.9232,338.2085,28.4679
85.8138,372.4557,29.8091
100.3449,435.5247,32.9743
111.1028,482.2169,27.7555
122.0039,529.5308,30.0064
131.9758,572.8116,30.4667
141.4972,614.1371,28.6401
150.5273,653.3304,27.5807
159.0275,690.2236,29.8207
166.9614,724.6588,28.4955
174.2949,756.4884,27.5650
180.9968,785.5763,27.9687
172.7379,749.7303,27.2538
192.3934,835.0406,27.9188
197.0393,855.2053,27.2677
200.0000,872.2054,25.4815
200.0000,885.9682,27.6250
200.0000,896.4348,25.9988
200.0000,903.5602,25.4010
200.0000,883.7712,23.9619
200.0000,907.6803,23.9988
200.0000,890.4399,26.7356
200.0000,898.2580,24.8909
200.0000,888.5098,22.6580
200.0000,875.4545,21.9987
197.9477,859.1479,24.1828
193.4577,839.6600,24.3427
181.7295,788.7565,24.2574
182.3586,791.4869,22.1745
175.7970,763.0080,22.7415
168.5974,731.7595,21.7241
160.7904,697.8749,22.3729
152.4095,661.4997,22.5970
143.4907,622.7893,23.2478
134.0720,581.9097,23.2816
117.5974,510.4052,24.0781
113.8986,494.3513,23.9363
103.2302,448.0475,21.0690
90.8680,394.3923,21.2168
80.9583,351.3813,21.4301
69.4501,301.4328,21.4631
57.7351,250.5864,21.9625
45.9356,199.3734,19.1280
34.0300,147.6997,21.6771
22.0933,95.8910,25.2895
9.6367,41.8259,21.2194
0.0000,0.0000,23.1808
0.0000,0.0000,24.3179
0.0000,0.0000,23.0553
0.0000,0.0000,26.8543
0.0000,0.0000,27.1182
0.0000,0.0000,24.4513
0.0000,0.0000,25.1268
0.0000,0.0000,24.9726
0.0000,0.0000,22.3324
0.0000,0.0000,25.6416
0.0000,0.0000,26.7530
0.0000,0.0000,27.1923
0.0000,0.0000,28.2013
0.0000,0.0000,26.3768
0.0000,0.0000,26.2407
0.0000,0.0000,27.3375
0.0000,0.0000,26.2614
0.0000,0.0000,27.6486
0.0000,0.0000,29.8644
0.0000,0.0000,30.3756
0.0000,0.0000,29.1626
0.0000,0.0000,27.7754
0.0000,0.0000,27.6524
0.0000,0.0000,29.4569
0.0000,0.0000,32.9604
0.0000,0.0000,29.5421
0.0000,0.0000,30.5898
0.0000,0.0000,28.5965
0.0000,0.0000,29.6255
0.0000,0.0000,32.9684
0.0000,0.0000,32.1682
0.0000,0.0000,32.1170
0.0000,0.0000,31.0645
0.0000,0.0000,31.8410
0.0000,0.0000,33.4314
0.0000,0.0000,29.6534
0.0000,0.0000,32.0492
0.0000,0.0000,29.9687
0.0000,0.0000,32.2225
0.0000,0.0000,31.4280
0.0000,0.0000,34.9534
0.0000,0.0000,32.0352
0.0000,0.0000,30.1359
0.0000,0.0000,31.0798
7.6181,33.0646,34.8577
19.4957,84.6166,33.1119
31.4526,136.5128,34.1198
43.3692,188.2345,32.0890
55.2148,239.6477,31.5407
66.9386,290.5323,31.3297
78.4905,340.6704,30.0963
89.8208,389.8473,28.7185
100.8812,437.8524,31.1305
111.6242,484.4801,30.9092
122.5008,531.6877,32.5908
132.4588,574.9080,30.6157
141.9669,616.1757,31.2601
150.9844,655.3143,28.7311
159.4727,692.1559,29.2143
167.3955,726.5430,29.5685
174.7188,758.3281,29.5189
181.4113,787.3754,26.0539
187.4443,813.5602,26.7418
192.7919,836.7706,27.7822
197.4314,856.9070,25.8419
200.0000,873.8834,26.0162
200.0000,887.6270,25.5976
200.0000,898.0789,28.6862
200.0000,905.1944,23.5391
200.0000,908.9431,24.7360
200.0000,909.3088,21.0837
200.0000,906.2900,24.7496
200.0000,884.8401,22.4788
200.0000,890.1650,26.3390
200.0000,877.1280,24.3849
192.9725,837.5541,23.7763
193.8548,841.3835,24.3823
188.6582,818.8291,24.2828
182.7712,793.2776,21.0129
176.2188,764.8386,27.4705
169.0292,733.6337,22.7223
161.2331,699.7966,22.7475
152.8640,663.4721,23.1031
143.9576,624.8159,21.4273
134.5521,583.9933,25.3129
124.6877,541.1794,23.0210
114.4068,496.5573,22.7753
103.7533,450.3182,23.2309
92.7729,402.6601,21.8728
81.5125,353.7870,22.7702
70.0205,303.9083,20.9437
58.3459,253.2375,24.0418
46.5389,201.9916,21.4600
34.6499,150.3900,21.2860
22.7298,98.6538,25.1378
10.8301,47.0056,23.6408
0.0000,0.0000,22.8961
0.0000,0.0000,25.3060
0.0000,0.0000,24.9417
0.0000,0.0000,28.6340
0.0000,0.0000,25.3326
0.0000,0.0000,26.2446
0.0000,0.0000,24.8095
0.0000,0.0000,23.5272
0.0000,0.0000,27.1968
0.0000,0.0000,26.9699
0.0000,0.0000,25.6968
0.0000,0.0000,27.8576
0.0000,0.0000,28.7637
0.0000,0.0000,25.8035
0.0000,0.0000,27.7599
0.0000,0.0000,29.8489
0.0000,0.0000,26.1071
0.0000,0.0000,24.4642
0.0000,0.0000,28.4640
0.0000,0.0000,29.1181
0.0000,0.0000,29.5139
0.0000,0.0000,31.7757
0.0000,0.0000,28.6627
0.0000,0.0000,31.1649
0.0000,0.0000,31.8329
0.0000,0.0000,30.5651
0.0000,0.0000,27.4943
0.0000,0.0000,32.4299
0.0000,0.0000,29.6399
0.0000,0.0000,31.3104
0.0000,0.0000,35.2401
0.0000,0.0000,33.4045
0.0000,0.0000,32.4240
0.0000,0.0000,30.4766
0.0000,0.0000,33.0385
0.0000,0.0000,32.4533
0.0000,0.0000,32.9607
0.0000,0.0000,30.5526
0.0000,0.0000,33.3804
0.0000,0.0000,32.8717
0.0000,0.0000,32.7411
0.0000,0.0000,30.7342
0.0000,0.0000,29.8804
0.0000,0.0000,34.9839
8.2733,35.9085,30.8742
20.1343,87.3884,30.8199
32.0760,139.2188,34.6253
43.9760,190.8682,31.5426
55.8051,242.2096,33.3463
67.5125,293.0231,30.4874
79.0482,343.0911,33.4149
90.3627,392.1993,31.2756
101.4076,440.1373,31.1294
112.1357,486.6999,32.5878
122.9876,533.8002,29.7863
132.9315,576.9595,30.5910
142.4261,618.1689,28.5981
151.4309,657.2521,27.3196
159.9072,694.0417,27.9236
167.8188,728.3801,29.0489
175.1317,760.1204,29.9518
181.8148,789.1265,29.4343
187.8392,815.2744,27.7649
187.1963,812.4841,30.0491
197.8122,858.5599,29.4555
200.0000,875.5123,26.5441
200.0000,889.2365,24.7775
200.0000,899.6736,25.1527
200.0000,906.7791,24.9119
200.0000,901.3033,25.5770
200.0000,910.8876,26.0194
200.0000,900.3330,28.4767
200.0000,901.4918,23.8403
200.0000,891.7710,26.5485
200.0000,878.7523,24.0867
198.7180,862.4916,24.1805
194.2406,843.0583,22.2876
189.0515,820.5358,20.1096
183.1727,795.0205,24.2915
176.6296,766.6216,24.2129
169.4502,735.4609,25.5557
161.6651,701.6716,22.8012
153.3078,665.3984,21.3950
142.7997,619.7902,25.0542
135.0218,586.0320,22.9528
125.1714,543.2786,23.4136
114.4528,496.7568,21.4299
104.2666,452.5458,24.7636
93.3016,404.9550,22.1803
82.0572,356.1511,21.3568
70.5814,306.3428,23.3221
58.9233,255.7436,23.0707
47.1330,204.5701,23.9190
35.2608,153.0415,21.1306
23.3576,101.3784,22.6274
11.0531,47.9735,25.1755
0.0000,0.0000,25.6321
0.0000,0.0000,22.2783
0.0000,0.0000,26.5571
0.0000,0.0000,24.3201
0.0000,0.0000,26.1131
0.0000,0.0000,27.8198
0.0000,0.0000,26.7478
0.0000,0.0000,26.4004
0.0000,0.0000,25.3830
0.0000,0.0000,26.6996
0.0000,0.0000,26.6717
0.0000,0.0000,25.5401
0.0000,0.0000,28.1491
0.0000,0.0000,30.7269
0.0000,0.0000,29.0248
0.0000,0.0000,27.3300
0.0000,0.0000,26.8977
0.0000,0.0000,29.1531
0.0000,0.0000,30.8258
0.0000,0.0000,28.2976
0.0000,0.0000,28.6905
0.0000,0.0000,27.5272
0.0000,0.0000,27.5046
0.0000,0.0000,32.2278
0.0000,0.0000,30.4816
0.0000,0.0000,32.5328
0.0000,0.0000,30.8494
0.0000,0.0000,29.2827
0.0000,0.0000,31.7026
0.0000,0.0000,30.5283
0.0000,0.0000,33.1314
0.0000,0.0000,31.8674
0.0000,0.0000,31.2126
0.0000,0.0000,32.6548
0.0000,0.0000,33.2410
0.0000,0.0000,31.0296
0.0000,0.0000,34.5227
0.0000,0.0000,32.2474
0.0000,0.0000,31.0496
0.0000,0.0000,35.3956
0.0000,0.0000,32.0407
0.0000,0.0000,32.5492
0.0000,0.0000,36.0209
0.0000,0.0000,32.7502
8.9200,38.7152,29.7391
20.7642,90.1224,31.3429
32.6905,141.8861,32.8652
43.4306,188.5010,33.1233
53.9599,234.2011,32.9883
66.0660,286.7446,33.6224
79.5963,345.4702,32.8936
90.8949,394.5090,30.8673
101.9242,442.3793,31.0887
112.6370,488.8761,31.1223
123.4641,535.8685,30.3665
133.3938,578.9661,28.7168
135.1384,586.5383,29.6489
151.8668,659.1442,30.0152
160.3310,695.8812,30.8941
168.2313,730.1706,29.5808
175.5338,761.8655,27.3930
182.2073,790.8303,27.9604
188.2232,816.9408,28.3528
193.5556,840.0852,28.6382
198.1819,860.1646,26.9559
200.0000,877.0927,27.8475
200.0000,890.7972,25.0028
200.0000,901.2195,26.2210
200.0000,908.3148,28.5601
200.0000,912.0529,25.4202
200.0000,912.4175,25.6890
200.0000,909.4073,27.2439
200.0000,903.0351,24.0794
200.0000,893.3281,23.8999
200.0000,880.3281,25.4266
199.0865,864.0905,22.9998
194.6154,844.6851,24.4244
188.9951,820.2913,20.9306
183.5633,796.7158,23.6048
177.0296,768.3575,26.9272
169.8604,737.2412,23.5655
162.0864,703.5002,24.5468
153.0792,664.4064,23.4273
144.8599,628.7323,22.0919
135.4811,588.0257,23.8472
122.3413,530.9953,21.7819
115.3931,500.8380,22.0783
104.7698,454.7301,24.3304
93.8206,407.2073,22.8483
82.5922,358.4730,24.3525
71.1328,308.7359,22.5655
59.4913,258.2090,22.1856
47.7178,207.1085,24.0471
35.8626,155.6535,21.8079
23.9764,104.0641,23.9654
12.1074,52.5495,24.2176
0.3397,1.4746,23.6382
0.0000,0.0000,22.8755
0.0000,0.0000,24.1055
0.0000,0.0000,22.8548
0.0000,0.0000,28.7396
0.0000,0.0000,27.2041
0.0000,0.0000,28.0484
0.0000,0.0000,26.0810
0.0000,0.0000,24.9115
0.0000,0.0000,26.8336
0.0000,0.0000,25.7555
0.0000,0.0000,25.0925
0.0000,0.0000,29.3471
0.0000,0.0000,28.3190
0.0000,0.0000,26.9099
0.0000,0.0000,27.5711
0.0000,0.0000,27.8791
0.0000,0.0000,29.8916
0.0000,0.0000,30.0091
0.0000,0.0000,28.0456
0.0000,0.0000,29.2577
0.0000,0.0000,31.9101
0.0000,0.0000,31.3697
0.0000,0.0000,29.2475
0.0000,0.0000,31.3828
0.0000,0.0000,29.8366
0.0000,0.0000,31.9427
0.0000,0.0000,31.6329
0.0000,0.0000,33.4277
0.0000,0.0000,31.8822
0.0000,0.0000,30.6432
0.0000,0.0000,32.5315
0.0000,0.0000,32.3150
0.0000,0.0000,34.2554
0.0000,0.0000,35.0360
0.0000,0.0000,33.0034
0.0000,0.0000,35.5407
0.0000,0.0000,33.2550
0.0000,0.0000,35.1243
0.0000,0.0000,33.5052
0.0000,0.0000,33.1431
0.0000,0.0000,31.6393
0.0000,0.0000,33.7118
0.0000,0.0000,33.1661
9.5579,41.4839,30.0061
21.3852,92.8177,30.8736
33.2960,144.5140,33.5306
45.1623,196.0167,31.8923
56.9577,247.2123,33.3255
68.6319,297.8816,29.1170
80.1348,347.8075,32.2146
91.4172,396.7762,31.5899
102.4308,444.5781,30.2399
113.1284,491.0085,29.9027
123.9305,537.8926,32.2209
133.8458,580.9281,30.1978
143.3133,622.0194,28.9966
152.2922,660.9905,29.8172
160.7442,697.6747,30.7094
168.6331,731.9147,28.5187
175.9251,763.5640,29.1716
182.5890,792.4869,28.8668
188.5962,818.5598,26.5392
193.9210,841.6710,28.9093
186.2263,808.2739,33.2929
200.0000,878.6251,25.1205
200.0000,892.3099,27.6182
200.0000,902.7172,25.0220
200.0000,909.8022,25.6937
200.0000,913.5349,23.8333
200.0000,913.8990,26.1092
200.0000,910.8931,28.1651
200.0000,904.5301,26.1763
200.0000,894.8372,25.7672
200.0000,872.2758,22.7874
199.4438,865.6417,24.2804
194.9793,846.2642,25.3160
189.8049,823.8062,23.7461
183.9431,798.3641,22.9021
176.6554,766.7335,22.0526
170.2599,738.9751,24.0740
162.4971,705.2827,23.8635
154.1638,669.1135,25.1084
145.2954,630.6226,24.0982
135.9301,589.9746,25.8492
126.1080,547.3437,22.9395
115.8710,502.9124,25.3762
105.2631,456.8710,24.8969
94.3296,409.4167,20.6485
82.9700,360.1126,22.0067
71.6745,311.0871,24.6680
60.0498,260.6330,24.7059
48.2933,209.6062,25.5458
36.4551,158.2253,24.8619
24.5860,106.7102,27.1624
12.7327,55.2634,24.8963
0.9781,4.2451,24.6105
0.0000,0.0000,23.7849
0.0000,0.0000,21.3006
0.0000,0.0000,26.4941
0.0000,0.0000,23.9492
0.0000,0.0000,27.2778
0.0000,0.0000,26.9224
0.0000,0.0000,27.9822
0.0000,0.0000,24.8378
0.0000,0.0000,26.9452
0.0000,0.0000,27.9777
0.0000,0.0000,25.3785
0.0000,0.0000,27.1730
0.0000,0.0000,29.9846
0.0000,0.0000,29.2079
0.0000,0.0000,28.0838
0.0000,0.0000,27.2650
0.0000,0.0000,29.3191
0.0000,0.0000,29.9565
0.0000,0.0000,29.4193
0.0000,0.0000,26.6306
0.0000,0.0000,27.0909
0.0000,0.0000,32.0513
0.0000,0.0000,29.3513
0.0000,0.0000,31.5473
0.0000,0.0000,31.2868
0.0000,0.0000,30.4832
0.0000,0.0000,32.5758
0.0000,0.0000,31.3240
0.0000,0.0000,34.6743
0.0000,0.0000,32.5485
0.0000,0.0000,35.0705
0.0000,0.0000,32.4116
0.0000,0.0000,31.7136
0.0000,0.0000,31.7281
0.0000,0.0000,34.3478
0.0000,0.0000,36.0804
0.0000,0.0000,33.2778
0.0000,0.0000,34.8490
0.0000,0.0000,30.8064
0.0000,0.0000,34.0935
0.0000,0.0000,32.7875
0.0000,0.0000,32.9814
0.0000,0.0000,32.6408
10.1142,43.8984,33.5333
22.0232,95.5868,30.1937
33.8923,147.1018,33.3432
45.7414,198.5303,30.1504
57.5199,249.6522,32.5535
69.1772,300.2484,31.5918
80.6636,350.1024,32.8201
91.9297,399.0006,30.8551
102.9274,446.7336,29.5529
113.6096,493.0972,29.7471
124.3866,539.8723,31.7046
134.2876,582.8453,33.2848
143.7413,623.8770,30.7224
152.7072,662.7916,30.9217
161.1469,699.4224,34.0644
167.6425,727.6151,31.4649
176.3058,765.2161,28.6248
182.9600,794.0970,29.2990
170.6439,740.6420,29.2463
194.2755,843.2097,27.1289
198.8884,863.2309,27.0046
200.0000,880.1102,25.8821
200.0000,893.7751,28.9542
200.0000,904.1672,28.5463
200.0000,911.2420,27.4866
200.0000,914.9692,28.4481
200.0000,915.3328,26.0674
200.0000,912.3313,25.6209
200.0000,905.9775,26.1243
200.0000,896.2986,24.6159
200.0000,883.3362,25.3223
199.7903,867.1456,26.7863
195.3322,847.7961,24.7011
190.1654,825.3708,22.7928
184.3121,799.9656,25.2446
177.7972,771.6893,24.0592
170.6487,740.6629,21.9697
162.8973,707.0193,21.9607
154.5760,670.9027,22.9899
145.7206,632.4677,26.0323
136.3689,591.8787,22.8465
126.5610,549.3097,24.3218
116.3389,504.9429,21.6649
105.7463,458.9684,20.7425
94.8287,411.5829,24.9867
83.6328,362.9895,22.7016
72.2065,313.3961,20.3866
60.5987,263.0153,24.2211
48.4990,210.4992,23.7098
37.0382,160.7562,24.0018
25.1864,109.3160,22.2723
13.3488,57.9375,24.4345
1.6152,7.0102,25.6532
0.0000,0.0000,24.1072
0.0000,0.0000,24.5036
0.0000,0.0000,25.9441
0.0000,0.0000,27.5630
0.0000,0.0000,26.3994
0.0000,0.0000,24.5149
0.0000,0.0000,28.3229
0.0000,0.0000,26.9529
0.0000,0.0000,28.7748
0.0000,0.0000,30.4127
0.0000,0.0000,28.9879
0.0000,0.0000,27.5038
0.0000,0.0000,28.9460
0.0000,0.0000,28.4920
0.0000,0.0000,28.2938
0.0000,0.0000,30.8061
0.0000,0.0000,28.5198
0.0000,0.0000,31.0487
0.0000,0.0000,30.4514
0.0000,0.0000,32.0135
0.0000,0.0000,31.6075
0.0000,0.0000,31.1720
0.0000,0.0000,31.3500
0.0000,0.0000,29.4094
0.0000,0.0000,28.9482
0.0000,0.0000,32.3003
0.0000,0.0000,30.9300
0.0000,0.0000,34.8390
0.0000,0.0000,30.5063
0.0000,0.0000,31.2116
0.0000,0.0000,34.5389
0.0000,0.0000,31.7879
0.0000,0.0000,32.7444
0.0000,0.0000,36.3991
0.0000,0.0000,32.9918
0.0000,0.0000,34.4917
0.0000,0.0000,32.2996
0.0000,0.0000,32.1099
0.0000,0.0000,35.4967
0.0000,0.0000,33.0804
0.0000,0.0000,31.2526
0.0000,0.0000,34.6590
0.0000,0.0000,33.5436
10.8067,46.9039,32.4439
22.6273,98.2087,34.4238
34.4791,149.6489,33.0661
46.3110,201.0028,34.7563
58.0724,252.0504,30.6182
69.7129,302.5732,32.1726
81.1825,352.3548,33.0972
92.4323,401.1820,30.3505
103.4141,448.8457,31.4129
114.0807,495.1419,31.0475
124.8325,541.8078,31.9899
134.7190,584.7180,29.7661
144.1589,625.6897,29.6857
153.1117,664.5474,29.7713
161.5391,701.1248,29.8707
169.4051,735.2651,29.3283
176.6758,766.8222,31.3553
183.3203,795.6610,29.9883
189.3100,821.6580,28.9764
194.6193,844.7018,29.1521
199.2255,864.6938,30.7479
200.0000,881.5485,26.3215
200.0000,895.1934,28.6470
200.0000,905.5704,26.5521
200.0000,912.6348,28.6513
200.0000,916.3566,25.6518
200.0000,916.7197,24.9317
200.0000,913.7225,26.4238
200.0000,907.3780,23.6960
200.0000,897.7133,27.4769
200.0000,884.7697,27.7736
200.0000,868.6028,26.2125
195.6745,849.2817,25.1106
190.5153,826.8891,25.4581
184.6704,801.5210,24.6232
178.1651,773.2860,24.2958
171.0271,742.3050,24.4050
163.2869,708.7106,27.7693
154.9778,672.6467,22.8468
146.1353,634.2678,23.6582
136.7973,593.7382,24.0922
127.0037,551.2314,22.5003
116.7966,506.9295,26.7879
106.2195,461.0221,25.0665
95.3178,413.7059,22.7135
84.1383,365.1835,22.2312
72.7287,315.6626,21.8635
61.1379,265.3553,24.3290
49.4155,214.4771,24.4128
37.6118,163.2457,22.1519
25.7773,111.8807,25.7393
13.9556,60.5710,25.5619
2.2391,9.7182,23.8940
0.0000,0.0000,27.4686
0.0000,0.0000,26.6923
0.0000,0.0000,22.7926
0.0000,0.0000,25.8736
0.0000,0.0000,27.1340
0.0000,0.0000,26.7663
0.0000,0.0000,26.6669
0.0000,0.0000,24.0267
0.0000,0.0000,25.0368
0.0000,0.0000,28.2189
0.0000,0.0000,27.8022
0.0000,0.0000,27.0434
0.0000,0.0000,31.9121
0.0000,0.0000,27.6205
0.0000,0.0000,29.3980
0.0000,0.0000,28.0755
0.0000,0.0000,31.1716
0.0000,0.0000,33.1544
0.0000,0.0000,31.3564
0.0000,0.0000,31.4425
0.0000,0.0000,31.9082
0.0000,0.0000,31.1630
0.0000,0.0000,32.3146
0.0000,0.0000,35.5699
0.0000,0.0000,31.5416
0.0000,0.0000,33.4154
0.0000,0.0000,32.8871
0.0000,0.0000,30.3660
0.0000,0.0000,33.2944
0.0000,0.0000,32.3928
0.0000,0.0000,31.9634
0.0000,0.0000,32.5465
0.0000,0.0000,33.1930
0.0000,0.0000,32.7168
0.0000,0.0000,35.9319
0.0000,0.0000,35.7560
0.0000,0.0000,30.3915
0.0000,0.0000,33.0477
0.0000,0.0000,32.8041
0.0000,0.0000,31.7332
0.0000,0.0000,35.2033
0.0000,0.0000,31.9527
0.0000,0.0000,34.6360
11.4171,49.5535,31.0861
23.2219,100.7896,32.1953
35.0564,152.1546,31.3410
46.8711,203.4335,34.1785
58.6153,254.4065,33.5026
70.2387,304.8555,31.7456
81.6916,354.5643,31.9735
92.9250,403.3202,32.5266
103.8906,450.9142,33.7643
114.5417,497.1428,32.4797
125.2683,543.6991,32.5455
135.1403,586.5463,30.6867
144.5663,627.4578,29.6484
153.5059,666.2584,35.0808
161.9210,702.7820,29.9468
169.7753,736.8722,28.4976
177.0354,768.3829,30.9506
183.6701,797.1794,29.7008
189.6510,823.1382,26.1303
194.9525,846.1482,26.9197
199.5519,866.1108,29.9001
200.0000,882.9406,27.7725
200.0000,896.5656,29.2342
200.0000,906.9272,25.1327
200.0000,913.9813,28.3704
200.0000,904.8693,25.3755
200.0000,918.0602,28.5073
200.0000,915.0674,26.9014
200.0000,908.7322,26.0269
200.0000,899.0817,26.3024
200.0000,886.1572,27.1451
200.0000,870.0140,26.0601
196.0062,850.7213,23.3771
190.8545,828.3616,24.1972
185.0183,803.0308,24.2895
178.5225,774.8372,27.0856
171.3950,743.9017,25.4414
163.6662,710.3567,24.1309
155.3693,674.3458,23.4338
146.5398,636.0233,23.1640
137.2155,595.5532,22.3614
127.4363,553.1089,23.0261
117.2441,508.8720,23.3589
106.2714,461.2475,23.6682
95.7970,415.7854,23.7197
84.6338,367.3343,23.2534
73.2410,317.8861,23.4350
61.6672,267.6528,24.6620
49.9621,216.8493,22.9605
38.1757,165.6932,25.8958
26.3586,114.4036,24.3286
14.5528,63.1632,25.1929
2.8535,12.3850,27.0549
0.0000,0.0000,24.5634
0.0000,0.0000,24.0953
0.0000,0.0000,28.4853
0.0000,0.0000,26.3525
0.0000,0.0000,26.5126
0.0000,0.0000,27.1179
0.0000,0.0000,25.9202
0.0000,0.0000,22.5284
0.0000,0.0000,27.3534
0.0000,0.0000,24.9588
0.0000,0.0000,27.0475
0.0000,0.0000,29.0271
0.0000,0.0000,26.8115
0.0000,0.0000,27.2310
0.0000,0.0000,31.7466
0.0000,0.0000,26.8682
0.0000,0.0000,30.2263
0.0000,0.0000,31.5866
0.0000,0.0000,29.1130
0.0000,0.0000,32.3746
0.0000,0.0000,31.8419
0.0000,0.0000,34.6747
0.0000,0.0000,33.6923
0.0000,0.0000,34.9139
0.0000,0.0000,32.7617
0.0000,0.0000,30.6910
0.0000,0.0000,34.4819
0.0000,0.0000,34.2589
0.0000,0.0000,32.3116
0.0000,0.0000,33.4901
0.0000,0.0000,34.2478
0.0000,0.0000,32.7774
0.0000,0.0000,34.8963
0.0000,0.0000,33.3984
0.0000,0.0000,34.8644
0.0000,0.0000,36.6544
0.0000,0.0000,33.2593
0.0000,0.0000,35.8724
0.0000,0.0000,36.6748
0.0000,0.0000,35.5037
0.0000,0.0000,33.5541
0.0000,0.0000,35.3595
0.3405,1.4780,34.1625
12.0181,52.1618,35.4616
23.0317,99.9642,33.9449
35.6241,154.6184,35.1711
47.4214,205.8219,31.9538
59.1483,256.7200,34.2000
70.7547,307.0949,32.7215
82.1908,356.7307,31.8869
92.8781,403.1169,31.8331
104.3572,452.9391,30.9416
114.9926,499.0997,32.2826
125.6939,545.5463,31.1730
135.5513,588.3303,31.6838
144.9634,629.1814,31.1215
153.8899,667.9248,30.1955
162.2925,704.3945,28.8529
170.1353,738.4344,29.0539
171.3990,743.9194,28.9461
184.0096,798.6526,26.3372
189.9817,824.5732,29.2539
195.2753,847.5492,26.7709
199.8680,867.4824,26.7906
200.0000,884.2874,32.7315
200.0000,886.2625,24.9065
200.0000,908.2386,27.4012
200.0000,915.2823,26.3190
200.0000,918.9931,26.2986
200.0000,919.3551,27.1125
200.0000,916.3668,27.0015
200.0000,910.0410,27.0823
200.0000,900.4047,22.9695
200.0000,887.4992,27.1246
200.0000,871.3798,25.4903
196.3274,852.1155,26.8360
191.1833,829.7889,25.2321
185.3557,804.4954,23.0112
178.8695,776.3434,26.7277
171.7525,745.4536,27.8598
164.0351,711.9581,25.4542
155.7505,676.0003,25.1899
146.9340,637.7343,23.2932
137.6234,597.3239,24.1375
127.8587,554.9422,25.0043
117.6815,510.7706,23.1154
107.1356,464.9983,24.2173
96.2660,417.8213,25.2157
85.1194,369.4416,25.0089
73.7433,320.0664,24.7696
62.1866,269.9072,26.0865
50.4987,219.1786,23.0832
38.7298,168.0980,24.4724
26.9301,116.8840,24.3632
15.1403,65.7131,27.6909
3.4583,15.0099,23.0963
0.0000,0.0000,27.4536
0.0000,0.0000,26.0203
0.0000,0.0000,24.6858
0.0000,0.0000,27.4650
0.0000,0.0000,27.8276
0.0000,0.0000,25.8925
0.0000,0.0000,26.9307
0.0000,0.0000,25.5119
0.0000,0.0000,26.4532
0.0000,0.0000,30.9164
0.0000,0.0000,29.0409
0.0000,0.0000,29.4334
0.0000,0.0000,29.7413
0.0000,0.0000,30.5930
0.0000,0.0000,29.7599
0.0000,0.0000,30.7067
0.0000,0.0000,30.6464
0.0000,0.0000,28.0617
0.0000,0.0000,29.3355
0.0000,0.0000,30.2196
0.0000,0.0000,31.5218
0.0000,0.0000,33.0517
0.0000,0.0000,32.8162
0.0000,0.0000,33.5186
0.0000,0.0000,32.7962
0.0000,0.0000,33.2020
0.0000,0.0000,33.2200
0.0000,0.0000,33.8684
0.0000,0.0000,33.0895
0.0000,0.0000,34.4584
0.0000,0.0000,33.3498
0.0000,0.0000,35.0654
0.0000,0.0000,34.9586
0.0000,0.0000,35.4500
0.0000,0.0000,33.5568
0.0000,0.0000,34.3429
0.0000,0.0000,34.0384
0.0000,0.0000,32.4853
0.0000,0.0000,33.1025
0.0000,0.0000,34.8829
0.0000,0.0000,31.3841
0.0000,0.0000,32.1128
0.9490,4.1190,36.3922
12.6093,54.7280,31.0783
24.3822,105.8256,31.9656
36.1819,157.0395,33.4348
47.9618,208.1675,33.9569
59.6714,258.9906,32.6036
71.2607,309.2911,35.3530
82.6799,358.8537,34.8895
93.8802,407.4661,32.8403
104.8136,454.9202,32.6131
115.4333,501.0127,33.1913
126.1093,547.3495,32.5139
135.6765,588.8739,30.4320
145.3503,630.8608,31.9826
154.2636,669.5469,30.4434
162.6538,705.9627,30.2978
170.4850,739.9522,30.9727
177.7236,771.3700,31.8305
184.3387,800.0814,29.3049
190.3020,825.9636,29.6930
195.5878,848.9056,27.1416
200.0000,868.8093,28.3684
200.0000,882.2606,27.5804
200.0000,899.1741,28.3563
200.0000,909.5052,25.3693
200.0000,916.5385,26.9426
200.0000,920.2438,29.9397
200.0000,920.6053,26.7967
200.0000,917.6214,28.1788
200.0000,911.3049,26.5052
200.0000,878.7921,25.8794
200.0000,871.5751,25.4435
194.6239,844.7217,25.5224
196.6384,853.4651,26.0876
191.5019,831.1715,25.4678
185.6829,805.9155,24.0932
179.2063,777.8052,23.5809
172.0998,746.9610,26.0331
164.3939,713.5150,23.2708
156.1215,677.6105,23.7181
146.1293,634.2416,25.7874
138.0212,599.0505,25.3152
128.2709,556.7314,21.3136
118.1088,512.6252,23.6280
107.5785,466.9207,23.7324
96.7250,419.8134,26.0623
85.5948,371.5054,23.4276
74.2356,322.2032,23.3125
62.6960,272.1182,28.4250
51.0255,221.4646,26.7526
39.2739,170.4596,22.5804
27.4917,119.3214,24.8918
15.4501,67.0577,26.1980
4.0357,17.5161,26.2657
0.0000,0.0000,28.4360
0.0000,0.0000,27.3094
0.0000,0.0000,26.9804
0.0000,0.0000,26.5775
0.0000,0.0000,25.9648
0.0000,0.0000,27.8257
0.0000,0.0000,27.1283
0.0000,0.0000,30.8405
0.0000,0.0000,31.0327
0.0000,0.0000,29.8283
0.0000,0.0000,31.0464
0.0000,0.0000,28.6845
0.0000,0.0000,28.8119
0.0000,0.0000,29.5598
0.0000,0.0000,29.0526
0.0000,0.0000,29.9852
0.0000,0.0000,29.6688
0.0000,0.0000,30.5570
0.0000,0.0000,32.0564
0.0000,0.0000,34.9718
0.0000,0.0000,32.9902
0.0000,0.0000,31.6063
0.0000,0.0000,30.9270
0.0000,0.0000,32.5577
0.0000,0.0000,36.8746
0.0000,0.0000,36.2121
0.0000,0.0000,32.4754
0.0000,0.0000,32.9896
0.0000,0.0000,32.3678
0.0000,0.0000,34.5445
0.0000,0.0000,34.5395
0.0000,0.0000,35.5856
0.0000,0.0000,36.4971
0.0000,0.0000,35.4899
0.0000,0.0000,33.5672
0.0000,0.0000,35.3295
0.0000,0.0000,32.0402
0.0000,0.0000,33.9886
0.0000,0.0000,31.9055
0.0000,0.0000,33.3031
0.0000,0.0000,34.4752
0.0000,0.0000,34.9024
1.5477,6.7172,35.4621
13.1907,57.2514,34.3109
24.9476,108.2793,35.1684
36.7298,159.4175,34.6466
48.4923,210.4698,31.0178
60.1846,261.2177,31.6303
71.7567,311.4438,30.9533
83.1590,360.9331,32.8606
94.3427,409.4736,32.3807
105.2599,456.8574,35.1233
115.8640,502.8817,33.7680
126.5147,549.1088,31.5501
136.3429,591.7661,29.2890
143.9151,624.6314,30.2470
154.6272,671.1251,33.0595
163.0050,707.4869,30.6526
170.8246,741.4261,30.4876
178.0525,772.7972,29.9643
184.6578,801.4661,28.1841
190.6122,827.3099,29.1005
195.8902,850.2180,29.1256
200.0000,870.0922,29.6114
197.6164,857.7101,29.0883
200.0000,900.4120,29.6927
200.0000,910.7278,27.5203
200.0000,917.7506,29.4705
200.0000,921.4504,28.6349
200.0000,921.8114,27.3215
200.0000,918.8319,28.6336
200.0000,912.5248,26.9461
200.0000,902.9170,27.0999
200.0000,890.0497,24.6260
200.0000,873.9780,25.3289
196.9392,854.7708,27.3063
191.8103,832.5102,26.3848
186.0000,807.2916,25.8207
179.5330,779.2230,23.7224
172.4370,748.4245,25.3634
164.7425,715.0281,23.1420
156.4823,679.1767,24.1926
147.6919,641.0240,24.6115
138.4089,600.7332,22.2668
128.6731,558.4769,24.5230
118.5261,514.4360,26.8012
108.0113,468.7992,24.9554
95.1373,412.9221,23.1329
86.0602,373.5253,25.7806
74.5728,323.6668,25.8643
63.1953,274.2854,26.7817
51.5421,223.7069,23.9626
39.8079,172.7775,24.8785
28.0432,121.7151,26.1762
16.2855,70.6837,23.2087
4.6381,20.1305,25.4649
0.0000,0.0000,28.2966
0.0000,0.0000,27.0237
0.0000,0.0000,24.3414
0.0000,0.0000,26.4511
0.0000,0.0000,27.5109
0.0000,0.0000,29.6927
0.0000,0.0000,28.8738
0.0000,0.0000,30.1988
0.0000,0.0000,29.6781
0.0000,0.0000,27.4882
0.0000,0.0000,27.2392
0.0000,0.0000,26.8768
0.0000,0.0000,31.3971
0.0000,0.0000,32.6735
0.0000,0.0000,30.6778
0.0000,0.0000,32.5499
0.0000,0.0000,32.5997
0.0000,0.0000,33.2125
0.0000,0.0000,31.2113
0.0000,0.0000,33.1721
0.0000,0.0000,33.7312
0.0000,0.0000,29.8252
0.0000,0.0000,34.1202
0.0000,0.0000,33.4846
0.0000,0.0000,34.1369
0.0000,0.0000,34.1700
0.0000,0.0000,33.0270
0.0000,0.0000,37.9425
0.0000,0.0000,33.6985
0.0000,0.0000,33.4014
0.0000,0.0000,35.4742
0.0000,0.0000,36.0749
0.0000,0.0000,34.4072
0.0000,0.0000,35.9904
0.0000,0.0000,34.8533
0.0000,0.0000,35.9903
0.0000,0.0000,34.5501
0.0000,0.0000,36.5179
0.0000,0.0000,35.2885
0.0000,0.0000,34.8164
0.0000,0.0000,33.8922
0.0000,0.0000,35.8180
2.1362,9.2719,33.1173
13.7620,59.7311,33.6024
25.5028,110.6894,36.3480
37.2676,161.7517,37.2901
49.0126,212.7284,33.4728
60.6876,263.4011,31.9547
72.2426,313.5527,34.0938
83.6280,362.9687,34.9560
94.7951,411.4372,34.7938
105.6962,458.7509,32.3599
116.2845,504.7070,33.4688
126.9099,550.8243,32.4437
136.7236,593.4185,33.3768
146.0939,634.0883,33.6234
154.9808,672.6597,29.4613
163.3461,708.9676,34.2363
171.1541,742.8564,31.3668
174.2149,756.1411,31.0917
184.9668,802.8074,30.2962
190.9124,828.6129,29.3334
196.1826,851.4870,29.5329
200.0000,871.3317,30.1247
200.0000,888.0621,29.6452
200.0000,901.6066,28.0082
200.0000,911.9071,28.1996
200.0000,918.9195,29.0568
200.0000,910.9779,26.7299
200.0000,922.9742,27.6027
200.0000,919.9992,29.1137
200.0000,913.7014,27.6247
200.0000,904.1079,28.0617
200.0000,891.2597,26.5962
200.0000,875.2119,24.9198
197.2300,856.0331,26.0753
192.1088,833.8055,24.7150
186.3070,808.6243,27.4634
179.8496,780.5972,24.2216
172.7642,749.8445,26.7956
165.0810,716.4976,23.7630
156.8331,680.6994,24.9498
148.0558,642.6032,24.5967
137.3115,595.9701,26.3403
129.0651,560.1785,24.7320
118.7236,515.2932,26.2499
108.4340,470.6338,22.8714
97.6127,423.6662,25.4182
86.5155,375.5012,27.5750
75.1899,326.3451,26.0032
63.6845,276.4084,26.6617
52.0485,225.9050,24.0194
40.3318,175.0511,24.7748
28.5844,124.0644,27.1800
16.8429,73.1029,26.4541
5.2127,22.6247,24.7962
0.0000,0.0000,26.6882
0.0000,0.0000,27.8037
0.0000,0.0000,25.6921
0.0000,0.0000,28.2327
0.0000,0.0000,27.5577
0.0000,0.0000,30.8156
0.0000,0.0000,28.6185
0.0000,0.0000,27.5199
0.0000,0.0000,30.1953
0.0000,0.0000,28.4070
0.0000,0.0000,29.4471
0.0000,0.0000,29.1670
0.0000,0.0000,30.1513
0.0000,0.0000,31.7948
0.0000,0.0000,29.9794
0.0000,0.0000,32.4568
0.0000,0.0000,31.1713
0.0000,0.0000,29.6250
0.0000,0.0000,33.2078
0.0000,0.0000,29.8261
0.0000,0.0000,31.1054
0.0000,0.0000,34.1103
0.0000,0.0000,34.5702
0.0000,0.0000,34.5211
0.0000,0.0000,33.0631
0.0000,0.0000,33.7241
0.0000,0.0000,33.5744
0.0000,0.0000,32.4807
0.0000,0.0000,32.4370
0.0000,0.0000,35.1801
0.0000,0.0000,34.7396
0.0000,0.0000,33.8114
0.0000,0.0000,34.6508
0.0000,0.0000,34.3869
0.0000,0.0000,33.5609
0.0000,0.0000,36.2397
0.0000,0.0000,31.4252
0.0000,0.0000,36.1793
0.0000,0.0000,34.9757
0.0000,0.0000,33.7537
0.0000,0.0000,33.5381
0.0000,0.0000,36.9788
2.7146,11.7822,36.0325
14.3232,62.1666,36.3755
26.0479,113.0550,37.6971
37.7952,164.0417,35.7439
49.5228,214.9428,31.2407
60.2244,261.3905,34.3615
72.7183,315.6176,34.9797
84.0868,364.9602,34.2593
95.2374,413.3569,35.4245
106.1223,460.6004,32.7354
116.6949,506.4883,34.6287
127.2951,552.4963,33.5954
137.0943,595.0273,33.1332
146.4507,635.6368,32.1921
155.3244,674.1511,27.6240
163.3318,708.9056,32.0375
171.4738,744.2438,31.6713
178.6803,775.5220,30.5603
185.2660,804.1060,33.1315
191.2028,829.8732,34.5114
196.4652,852.7134,30.2763
200.0000,872.5287,32.3642
200.0000,889.2343,29.6698
200.0000,902.7587,30.2859
200.0000,899.3738,29.0482
200.0000,920.0460,27.9964
200.0000,923.7349,29.9126
200.0000,924.0947,26.9708
200.0000,921.1241,28.7776
200.0000,914.8356,27.5413
200.0000,905.2563,26.8388
200.0000,892.4272,26.5058
200.0000,876.4031,29.6430
197.5110,857.2527,28.4222
192.3974,835.0581,27.0901
186.6042,809.9142,29.1654
180.1564,781.9287,26.0006
173.0814,751.2215,25.4705
165.4097,717.9240,26.4715
157.1740,682.1789,26.2333
148.4097,644.1392,26.1324
135.1856,586.7430,27.8428
129.4472,561.8366,24.7627
119.3302,517.9262,25.9870
108.8466,472.4246,28.4041
98.0413,425.5266,25.9696
86.9606,377.4330,26.1939
75.6518,328.3497,25.2665
64.1634,278.4871,25.6768
52.5447,228.0585,26.7656
40.8453,177.2799,25.8530
27.6892,120.1787,25.6224
17.3827,75.4457,25.9077
5.7770,25.0737,25.8146
0.0000,0.0000,24.8164
0.0000,0.0000,30.1902
0.0000,0.0000,28.6041
0.0000,0.0000,26.2949
0.0000,0.0000,29.2537
0.0000,0.0000,28.1768
0.0000,0.0000,31.8679
0.0000,0.0000,27.9988
0.0000,0.0000,27.1966
0.0000,0.0000,31.4967
0.0000,0.0000,32.6808
0.0000,0.0000,29.0861
0.0000,0.0000,30.6560
0.0000,0.0000,28.3314
0.0000,0.0000,32.9447
0.0000,0.0000,33.1603
0.0000,0.0000,32.2265
0.0000,0.0000,30.3093
0.0000,0.0000,29.0098
0.0000,0.0000,29.2106
0.0000,0.0000,33.1790
0.0000,0.0000,32.6002
0.0000,0.0000,32.9744
0.0000,0.0000,30.7506
0.0000,0.0000,34.4851
0.0000,0.0000,33.3941
0.0000,0.0000,33.9338
0.0000,0.0000,34.8259
0.0000,0.0000,33.4086
0.0000,0.0000,35.2794
0.0000,0.0000,38.0950
0.0000,0.0000,35.0366
0.0000,0.0000,34.4545
0.0000,0.0000,35.3407
0.0000,0.0000,35.9051
0.0000,0.0000,36.7315
0.0000,0.0000,34.7603
0.0000,0.0000,33.0615
0.0000,0.0000,34.3257
0.0000,0.0000,34.7159
0.0000,0.0000,37.7467
0.0000,0.0000,39.1647
3.2826,14.2472,36.4606
14.8739,64.5570,36.6877
26.5826,115.3757,34.1218
38.3125,166.2868,37.3435
50.0227,217.1125,31.0104
61.6631,267.6350,33.6109
73.1838,317.6381,36.9690
84.5355,366.9076,33.5885
95.6696,415.2326,33.0951
106.5384,462.4060,32.2105
117.0953,508.2260,34.6087
127.6704,554.1248,35.3711
137.4550,596.5929,32.9071
146.7976,637.1424,31.0424
155.6582,675.5997,33.4277
163.9988,711.8002,32.3680
159.0429,690.2905,30.3622
178.9795,776.8207,31.4080
185.5555,805.3623,28.8046
191.4835,831.0914,31.4230
196.7381,853.8978,32.2695
200.0000,873.6838,29.8645
200.0000,890.3647,30.7479
200.0000,903.8691,31.8227
200.0000,914.1392,30.7565
200.0000,921.1308,29.9247
200.0000,901.2717,27.2964
200.0000,925.1736,26.7288
200.0000,922.2073,29.1688
200.0000,915.9282,27.0653
200.0000,906.3630,25.2690
200.0000,893.5529,24.8234
200.0000,877.5525,23.7639
197.7824,858.4305,26.9618
192.6763,836.2686,27.3598
186.8917,811.1619,27.3325
180.4534,783.2178,25.5299
171.4301,744.0544,25.4133
165.7285,719.3079,26.0383
157.5050,683.6156,24.6035
148.7536,645.6321,25.9843
139.5118,605.5201,24.8903
129.8192,563.4513,26.1716
119.7172,519.6059,25.7706
105.5745,458.2228,26.5463
98.4598,427.3429,24.6339
87.3954,379.3205,24.9037
76.1034,330.3098,26.0802
64.6320,280.5209,27.8822
53.0305,230.1669,26.9454
41.3484,179.4635,25.0148
29.6358,128.6277,26.3443
17.9264,77.8057,27.6296
6.3307,27.4768,27.9448
0.0000,0.0000,26.9184
0.0000,0.0000,28.8926
0.0000,0.0000,26.7162
0.0000,0.0000,28.2541
0.0000,0.0000,26.3587
0.0000,0.0000,27.1731
0.0000,0.0000,27.5166
0.0000,0.0000,29.7396
0.0000,0.0000,28.0982
0.0000,0.0000,28.6602
0.0000,0.0000,30.6975
0.0000,0.0000,28.7326
0.0000,0.0000,31.7492
0.0000,0.0000,34.2145
0.0000,0.0000,30.9220
0.0000,0.0000,32.2540
0.0000,0.0000,31.0088
0.0000,0.0000,31.2909
0.0000,0.0000,29.8059
0.0000,0.0000,31.2102
0.0000,0.0000,32.3815
0.0000,0.0000,34.1475
0.0000,0.0000,32.3891
0.0000,0.0000,32.6125
0.0000,0.0000,31.6637
0.0000,0.0000,34.8897
0.0000,0.0000,37.0946
0.0000,0.0000,33.8833
0.0000,0.0000,36.4649
0.0000,0.0000,36.6468
0.0000,0.0000,34.8057
0.0000,0.0000,35.8814
0.0000,0.0000,37.1767
0.0000,0.0000,37.2637
0.0000,0.0000,35.7344
0.0000,0.0000,33.2955
0.0000,0.0000,33.9559
0.0000,0.0000,34.7096
0.0000,0.0000,37.6306
0.0000,0.0000,36.5887
0.0000,0.0000,33.8326
0.0000,0.0000,36.3723
3.8399,16.6664,33.9064
15.4141,66.9017,38.4925
27.1068,117.6509,34.6281
38.8193,168.4867,33.6777
50.5122,219.2371,37.1624
62.1354,269.6849,33.6566
73.6391,319.6140,34.7151
84.9740,368.8107,34.0365
96.0916,417.0641,32.1170
106.9443,464.1678,32.6722
117.4856,509.9200,34.1019
128.0356,555.7101,33.2725
137.8058,598.1155,33.0543
147.1346,638.6053,33.9678
155.9821,677.0059,31.0928
164.3104,713.1529,32.4455
172.0838,746.8917,30.4773
179.2691,778.0775,31.3338
185.8354,806.5771,29.1840
191.7546,832.2682,32.3579
197.0014,855.0410,32.9097
200.0000,874.7979,31.5472
198.9124,863.3352,31.5977
200.0000,904.9386,29.6113
200.0000,915.1935,28.6137
200.0000,922.1749,26.3235
200.0000,925.8528,28.5726
200.0000,926.2116,26.0518
200.0000,923.2498,30.7934
200.0000,916.9799,28.0638
200.0000,907.4288,28.7842
200.0000,894.6376,28.5071
200.0000,878.6608,29.0952
198.0442,859.5670,28.6101
192.9457,837.4378,28.0022
187.1696,812.3682,28.1929
180.7408,784.4653,29.3133
172.9226,750.5322,24.6716
166.0376,720.6495,24.2847
157.8263,685.0099,23.3743
149.0878,647.0825,25.8087
137.5102,596.8324,24.6646
130.1813,565.0228,28.3468
120.0942,521.2421,24.4085
109.6415,475.8748,26.3650
98.8681,429.1152,27.7901
87.8201,381.1635,25.5189
76.5447,332.2252,23.7448
65.0902,282.5097,27.1552
53.5058,232.2300,28.6159
41.8409,181.6013,27.1850
30.1456,130.8405,26.4800
18.4523,80.0880,28.5915
6.8736,29.8333,28.1152
0.0000,0.0000,24.1885
0.0000,0.0000,26.9944
0.0000,0.0000,28.5680
0.0000,0.0000,27.8118
0.0000,0.0000,28.1150
0.0000,0.0000,27.5522
0.0000,0.0000,29.4365
0.0000,0.0000,30.1317
0.0000,0.0000,31.1362
0.0000,0.0000,31.8730
0.0000,0.0000,29.1919
0.0000,0.0000,30.8539
0.0000,0.0000,30.9639
0.0000,0.0000,29.6849
0.0000,0.0000,30.3062
0.0000,0.0000,31.4453
0.0000,0.0000,32.1311
0.0000,0.0000,31.4273
0.0000,0.0000,32.3772
0.0000,0.0000,33.6120
0.0000,0.0000,31.0993
0.0000,0.0000,31.0022
0.0000,0.0000,31.9724
0.0000,0.0000,34.0876
0.0000,0.0000,36.4095
0.0000,0.0000,33.8810
0.0000,0.0000,36.9424
0.0000,0.0000,34.5986
0.0000,0.0000,35.4805
0.0000,0.0000,34.0119
0.0000,0.0000,35.1962
0.0000,0.0000,38.2363
0.0000,0.0000,35.4425
0.0000,0.0000,36.6390
0.0000,0.0000,38.8787
0.0000,0.0000,36.6992
0.0000,0.0000,35.3942
0.0000,0.0000,37.2544
0.0000,0.0000,36.5342
0.0000,0.0000,36.9897
0.0000,0.0000,35.2724
0.0000,0.0000,37.4413
4.3865,19.0388,38.9845
15.9437,69.2000,36.6478
27.3352,118.6422,35.8527
39.3156,170.6407,35.6604
50.9913,221.3163,35.0329
62.5973,271.6897,32.5242
74.0840,321.5452,31.5979
85.4022,370.6693,33.9854
96.5034,418.8516,35.3057
107.3401,465.8858,35.5928
117.8658,511.5705,32.5072
128.3909,557.2524,33.8226
138.1468,599.5955,32.5873
147.4619,640.0258,32.0021
156.2964,678.3700,30.4878
164.6125,714.4639,32.8702
172.3745,748.1531,33.0094
179.5492,779.2932,32.5904
186.1058,807.7509,29.3468
192.0164,833.4044,32.3825
197.2555,856.1437,28.6761
200.0000,875.8715,31.4418
200.0000,892.5034,29.9108
200.0000,905.9680,27.6883
200.0000,916.2078,31.4893
200.0000,923.1790,27.4209
200.0000,926.8515,27.4321
200.0000,927.2098,27.8774
200.0000,924.2523,25.7142
200.0000,917.9916,28.2194
200.0000,908.4546,25.7007
200.0000,895.6821,27.8648
200.0000,879.7288,27.9723
198.2968,860.6630,27.7933
193.2057,838.5663,27.4942
187.4381,813.5335,26.3507
181.0187,785.6716,27.5496
173.9750,755.1000,28.6086
166.3372,721.9495,27.7006
158.1379,686.3622,27.8130
149.4122,648.4905,27.1749
140.1976,608.4965,26.7594
130.5334,566.5515,25.5953
120.4612,522.8350,24.0424
110.0239,477.5343,27.3705
99.2663,430.8434,28.1261
88.2345,382.9621,25.0231
76.9756,334.0957,26.6433
65.5380,284.4532,27.8548
53.9706,234.2473,26.8725
42.3229,183.6930,28.3631
30.6447,133.0067,26.5995
18.9673,82.3233,26.7767
7.4056,32.1425,25.2108
0.0000,0.0000,30.9195
0.0000,0.0000,30.3157
0.0000,0.0000,26.8025
0.0000,0.0000,29.4416
0.0000,0.0000,27.9572
0.0000,0.0000,27.5366
0.0000,0.0000,30.1081
0.0000,0.0000,30.3392
0.0000,0.0000,28.1378
0.0000,0.0000,28.3327
0.0000,0.0000,28.5251
0.0000,0.0000,30.5380
0.0000,0.0000,29.4031
0.0000,0.0000,30.8755
0.0000,0.0000,29.7583
0.0000,0.0000,31.3745
0.0000,0.0000,33.0984
0.0000,0.0000,34.6865
0.0000,0.0000,31.5721
0.0000,0.0000,34.1781
0.0000,0.0000,32.6541
0.0000,0.0000,34.4714
0.0000,0.0000,35.2492
0.0000,0.0000,36.4701
0.0000,0.0000,33.7866
0.0000,0.0000,34.5414
0.0000,0.0000,32.1817
0.0000,0.0000,37.1803
0.0000,0.0000,36.2853
0.0000,0.0000,32.5544
0.0000,0.0000,37.1018
0.0000,0.0000,36.7949
0.0000,0.0000,35.8198
0.0000,0.0000,35.4164
0.0000,0.0000,35.2190
0.0000,0.0000,36.3189
0.0000,0.0000,33.8822
0.0000,0.0000,37.1919
0.0000,0.0000,38.5972
0.0000,0.0000,37.0779
0.0000,0.0000,35.2746
0.0000,0.0000,33.2868
4.9222,21.3638,33.4047
16.4624,71.4514,36.5014
28.1231,122.0622,34.9627
39.8012,172.7484,34.8471
51.4598,223.3496,35.8724
63.0487,273.6491,33.8441
74.5186,323.4313,33.7414
85.8201,372.4833,35.7154
96.9050,420.5948,33.4510
107.7258,467.5600,33.8667
118.2361,513.1776,33.4775
128.7364,558.7518,33.7362
138.4780,601.0331,32.4555
147.7796,641.4043,33.6639
156.6012,679.6925,34.6884
164.9051,715.7338,34.7943
172.6557,749.3737,31.5029
179.8199,780.4684,33.0879
186.3670,808.8845,31.5268
192.2689,834.5005,31.9108
197.5004,857.2065,31.5053
200.0000,876.9056,29.0953
200.0000,893.5131,30.3390
200.0000,906.9581,31.1547
200.0000,917.1830,32.2229
200.0000,924.1439,30.3234
200.0000,927.8111,29.0986
200.0000,928.1689,27.0438
200.0000,925.2156,27.8408
200.0000,918.9641,26.1719
200.0000,909.4410,27.0696
200.0000,896.6872,26.9437
200.0000,880.7572,27.1888
198.5401,861.7192,25.4968
193.4565,839.6549,27.2679
187.6973,814.6586,28.2854
173.9366,754.9334,25.9341
174.2539,756.3104,26.3511
166.6272,723.2084,26.0874
158.4399,687.6732,26.5864
149.7270,649.8567,25.9817
140.5258,609.9211,24.9765
130.8758,568.0373,26.3608
120.8182,524.3846,24.9959
110.3962,479.1501,28.0781
99.6543,432.5274,25.1154
88.6386,384.7161,22.8813
77.3962,335.9211,26.4643
65.9753,286.3511,27.6939
54.4247,236.2185,27.9640
42.7940,185.7380,28.9218
31.1330,135.1257,27.3313
19.4714,84.5111,28.6784
7.9266,34.4036,28.9985
0.0000,0.0000,27.4065
0.0000,0.0000,29.2759
0.0000,0.0000,28.9407
0.0000,0.0000,25.3491
0.0000,0.0000,30.1425
0.0000,0.0000,30.1006
0.0000,0.0000,28.9215
0.0000,0.0000,28.9183
0.0000,0.0000,26.8568
0.0000,0.0000,28.9101
0.0000,0.0000,29.8210
0.0000,0.0000,30.4398
0.0000,0.0000,32.7061
0.0000,0.0000,32.2451
0.0000,0.0000,32.8772
0.0000,0.0000,34.1043
0.0000,0.0000,31.2177
0.0000,0.0000,32.1110
0.0000,0.0000,31.2035
0.0000,0.0000,32.3018
0.0000,0.0000,33.7811
0.0000,0.0000,32.7005
0.0000,0.0000,32.4295
0.0000,0.0000,32.6818
0.0000,0.0000,35.2037
0.0000,0.0000,33.6740
0.0000,0.0000,35.1978
0.0000,0.0000,33.3736
0.0000,0.0000,35.7038
0.0000,0.0000,36.1992
0.0000,0.0000,34.1063
0.0000,0.0000,36.6620
0.0000,0.0000,37.4428
0.0000,0.0000,33.1662
0.0000,0.0000,35.9973
0.0000,0.0000,35.8478
0.0000,0.0000,37.3880
0.0000,0.0000,34.8834
0.0000,0.0000,36.9461
0.0000,0.0000,34.3578
0.0000,0.0000,34.8867
0.0000,0.0000,33.5773
5.4468,23.6407,37.5569
16.9701,73.6551,35.1003
28.6150,124.1972,36.9191
40.2761,174.8095,34.3080
51.9176,225.3368,35.6312
63.4897,275.5627,36.1564
74.9427,325.2723,35.2383
86.2278,374.2526,34.9938
97.2965,422.2939,31.1674
108.1015,469.1904,34.7759
118.5964,514.7414,34.3169
129.0721,560.2086,34.5217
138.7995,602.4286,32.0121
148.0876,642.7412,33.5966
156.8964,680.9739,33.0987
165.1882,716.9628,32.5112
172.9276,750.5540,32.1855
180.0815,781.6035,30.0729
186.6190,809.9785,29.7866
192.5124,835.5573,30.0539
197.7363,858.2304,32.0070
200.0000,877.9008,27.7817
200.0000,894.4843,29.5703
200.0000,907.9098,30.3567
200.0000,918.1198,28.6116
200.0000,925.0706,28.4748
200.0000,928.7325,30.7669
200.0000,929.0897,30.3587
200.0000,926.1408,28.0619
200.0000,919.8984,29.3730
200.0000,910.3891,29.0938
200.0000,897.6537,30.2271
200.0000,881.7469,29.2826
198.7745,862.7366,26.9322
193.6982,840.7042,29.6460
187.9474,815.7441,26.7075
173.3446,752.3638,27.6553
174.5235,757.4807,27.4683
166.9079,724.4267,24.9636
158.7325,688.9429,28.1122
150.0322,651.1814,28.1003
140.8444,611.3037,21.9002
131.2083,569.4807,25.4910
121.1654,525.8914,26.6790
110.7585,480.7225,25.0505
100.0322,434.1674,26.4891
89.0324,386.4255,27.6616
77.8064,337.7012,29.6630
66.4020,288.2031,25.8303
54.8682,238.1433,27.0289
43.2544,187.7360,30.8121
31.6102,137.1972,26.1652
19.9644,86.6508,27.9969
8.4363,36.6160,26.0415
0.0000,0.0000,29.8119
0.0000,0.0000,27.5023
0.0000,0.0000,27.6465
0.0000,0.0000,28.4662
0.0000,0.0000,29.8876
0.0000,0.0000,27.6584
0.0000,0.0000,29.4710
0.0000,0.0000,27.6973
0.0000,0.0000,27.8960
0.0000,0.0000,31.7783
0.0000,0.0000,32.3316
0.0000,0.0000,32.4751
0.0000,0.0000,31.6701
0.0000,0.0000,31.9470
0.0000,0.0000,35.7423
0.0000,0.0000,34.1071
0.0000,0.0000,34.8490
0.0000,0.0000,33.3514
0.0000,0.0000,31.6507
0.0000,0.0000,33.8386
0.0000,0.0000,32.8675
0.0000,0.0000,33.0631
0.0000,0.0000,34.6042
0.0000,0.0000,31.4564
0.0000,0.0000,35.0746
0.0000,0.0000,35.9682
0.0000,0.0000,34.8774
0.0000,0.0000,37.7676
0.0000,0.0000,34.7427
0.0000,0.0000,36.9282
0.0000,0.0000,35.7022
0.0000,0.0000,36.7409
0.0000,0.0000,33.5527
0.0000,0.0000,36.8728
0.0000,0.0000,36.8716
0.0000,0.0000,37.3103
0.0000,0.0000,36.6589
0.0000,0.0000,36.2064
0.0000,0.0000,36.4196
0.0000,0.0000,36.4623
0.0000,0.0000,35.4693
0.0000,0.0000,35.8804
5.9601,25.8687,35.6331
17.4667,75.8105,37.0320
29.0788,126.2103,35.1122
40.7401,176.8233,38.0115
52.1231,226.2289,37.8861
63.9200,277.4305,36.6275
75.3564,327.0679,36.5882
86.6251,375.9771,36.7706
97.6778,423.9487,32.8808
108.4671,470.7772,33.1160
118.9468,516.2621,33.0447
128.5276,557.8456,37.0903
139.1115,603.7823,32.5458
148.3861,644.0369,31.6824
157.1822,682.2145,30.9451
165.4622,718.1517,31.5172
173.1904,751.6945,33.8211
180.3339,782.6993,30.5402
186.8621,811.0334,29.7135
192.7470,836.5754,30.4980
197.9633,859.2159,30.8990
200.0000,878.8580,34.3105
200.0000,895.4176,29.4404
200.0000,908.8238,31.3870
200.0000,919.0191,29.0612
200.0000,925.9600,27.7845
200.0000,929.6165,26.1579
200.0000,929.9733,27.9221
200.0000,927.0286,26.7107
200.0000,920.7951,27.3857
200.0000,911.2996,27.3008
200.0000,898.5825,28.0088
200.0000,882.6985,28.2538
199.0001,863.7156,26.6123
193.9311,841.7150,28.6992
188.1886,816.7908,26.2235
181.7971,789.0500,30.5000
174.7840,758.6112,25.5417
167.1793,725.6048,25.3984
159.0157,690.1721,26.3622
150.3279,652.4649,25.0214
141.1533,612.6447,25.3205
131.5312,570.8818,27.3025
121.5026,527.3552,25.6021
111.1107,482.2513,27.5952
100.3999,435.7633,27.0971
89.4160,388.0901,25.7615
78.2060,339.4359,25.3983
66.8181,290.0091,26.1938
55.3009,240.0213,24.5378
43.7038,189.6866,30.7491
32.0764,139.2206,26.2920
20.4461,88.7419,27.7367
8.9347,38.7790,27.0556
0.0000,0.0000,26.7049
0.0000,0.0000,28.2779
0.0000,0.0000,27.1902
0.0000,0.0000,30.7345
0.0000,0.0000,30.9005
0.0000,0.0000,32.9788
0.0000,0.0000,27.6969
0.0000,0.0000,29.9626
0.0000,0.0000,31.0166
0.0000,0.0000,29.4714
0.0000,0.0000,28.4738
0.0000,0.0000,29.2477
0.0000,0.0000,29.9355
0.0000,0.0000,32.2891
0.0000,0.0000,33.4974
0.0000,0.0000,32.6422
0.0000,0.0000,32.8527
0.0000,0.0000,29.7155
0.0000,0.0000,33.8864
0.0000,0.0000,35.7381
0.0000,0.0000,33.7328
0.0000,0.0000,34.5132
0.0000,0.0000,33.9327
0.0000,0.0000,33.5601
0.0000,0.0000,31.5820
0.0000,0.0000,35.6654
0.0000,0.0000,35.3300
0.0000,0.0000,33.8634
0.0000,0.0000,36.1885
0.0000,0.0000,38.0246
0.0000,0.0000,37.2455
0.0000,0.0000,35.4006
0.0000,0.0000,38.1950
0.0000,0.0000,35.9070
0.0000,0.0000,36.5104
0.0000,0.0000,36.6489
0.0000,0.0000,38.1999
0.0000,0.0000,35.5796
0.0000,0.0000,35.4367
0.0000,0.0000,34.7711
0.0000,0.0000,36.3931
0.0000,0.0000,34.4033
6.4621,28.0472,38.0286
17.9521,77.9171,36.0568
29.5658,128.3236,36.9797
41.1931,178.7897,32.8815
52.8010,229.1710,35.1629
64.3396,279.2519,36.4154
75.7597,328.8179,36.1253
87.0121,377.6568,37.0694
98.0489,425.5593,32.0721
108.8226,472.3204,34.2768
119.2873,517.7398,35.4085
129.7142,562.9955,33.3204
139.4138,605.0945,33.2405
148.6752,645.2917,35.3006
157.4588,683.4150,34.1910
165.7269,719.3008,32.5014
173.4442,752.7958,35.1283
180.5775,783.7565,35.4090
187.0963,812.0501,34.0540
192.9728,837.5557,33.1306
198.1818,860.1639,27.9593
200.0000,879.7780,30.5874
200.0000,896.3140,28.3670
200.0000,909.7010,29.4079
200.0000,919.8818,30.3845
200.0000,926.8127,28.5355
200.0000,930.4641,31.6789
200.0000,930.8203,30.0436
200.0000,927.8799,29.1331
200.0000,921.6553,29.5838
200.0000,912.1733,27.4876
200.0000,899.4744,29.5337
200.0000,883.6130,31.3225
199.2170,864.6572,30.1955
194.1553,842.6879,26.6036
188.4210,817.7993,25.7528
182.0386,790.0980,28.2708
175.0355,759.7026,27.0611
167.4417,726.7433,26.8549
159.2896,691.3611,28.3302
150.6143,653.7077,26.5684
141.4528,613.9442,24.3267
131.8443,572.2410,26.7915
121.8301,528.7765,26.4432
111.4530,483.7369,28.0513
100.7574,437.3152,30.0198
89.7892,389.7099,26.0044
78.5952,341.1252,28.0689
67.2235,291.7688,27.9874
55.7228,241.8523,28.3118
42.4127,184.0831,25.9233
32.5314,141.1953,28.3418
20.9166,90.7837,27.3352
9.4215,40.8921,28.0134
0.0000,0.0000,29.8852
0.0000,0.0000,29.3217
0.0000,0.0000,28.0509
0.0000,0.0000,27.1861
0.0000,0.0000,26.9282
0.0000,0.0000,28.3017
0.0000,0.0000,29.4830
0.0000,0.0000,30.6322
0.0000,0.0000,32.0387
0.0000,0.0000,30.2872
0.0000,0.0000,31.2007
0.0000,0.0000,30.2619
0.0000,0.0000,31.7076
0.0000,0.0000,29.7205
0.0000,0.0000,32.7015
0.0000,0.0000,29.9912
0.0000,0.0000,34.3360
0.0000,0.0000,36.0149
0.0000,0.0000,32.7462
0.0000,0.0000,32.5337
0.0000,0.0000,33.5435
0.0000,0.0000,32.4097
0.0000,0.0000,31.5654
0.0000,0.0000,32.9140
0.0000,0.0000,34.7429
0.0000,0.0000,32.2642
0.0000,0.0000,36.0010
0.0000,0.0000,35.1018
0.0000,0.0000,34.3365
0.0000,0.0000,36.6367
0.0000,0.0000,38.3161
0.0000,0.0000,35.6851
0.0000,0.0000,35.6767
0.0000,0.0000,35.6377
0.0000,0.0000,35.4421
0.0000,0.0000,36.8606
0.0000,0.0000,37.6527
0.0000,0.0000,38.1098
0.0000,0.0000,36.6913
0.0000,0.0000,37.0090
0.0000,0.0000,37.1887
0.0000,0.0000,38.2379
6.9524,30.1755,35.2855
18.4261,79.9744,37.6838
30.0243,130.3139,35.6994
41.6351,180.7080,36.0464
53.2264,231.0175,38.9987
64.7486,281.0270,34.7376
76.1523,330.5223,35.6555
87.3888,379.2915,34.4598
98.4098,427.1257,34.9173
109.1682,473.8201,34.9182
119.6179,519.1748,33.4640
130.0207,564.3260,35.8066
139.7066,606.3657,33.4468
148.9550,646.5062,34.6507
157.7262,684.5756,30.6386
165.9827,720.4108,32.9070
173.6890,753.8585,34.7870
180.8123,784.7755,32.8333
187.3219,813.0292,31.4880
193.1901,838.4987,31.2036
198.3917,861.0751,31.3000
200.0000,880.6615,29.6636
200.0000,897.1741,29.9776
200.0000,910.5423,28.5766
200.0000,920.7087,31.2310
200.0000,927.6298,30.7220
200.0000,931.2761,31.3005
200.0000,931.6318,28.1101
200.0000,928.6955,29.8078
200.0000,922.4797,26.9172
200.0000,913.0110,29.3029
200.0000,900.3301,29.5661
197.7830,858.4332,29.6779
199.4255,865.5620,25.1495
194.3709,843.6237,27.2595
188.6447,818.7703,31.3438
182.2713,791.1081,26.3576
175.2781,760.7556,29.2248
167.6950,727.8428,25.1076
159.5544,692.5106,29.4213
133.2391,578.2948,26.0584
141.7427,615.2029,27.3981
132.1479,573.5584,28.3017
122.1478,530.1553,28.2142
111.7853,485.1793,24.7615
101.1048,438.8230,25.4688
90.1521,391.2850,27.8800
78.9739,342.7688,26.3123
67.6183,293.4821,28.4378
56.1337,243.6360,25.8890
44.5695,193.4440,29.0938
32.9751,143.1210,26.9800
21.3755,92.7757,29.3502
9.8967,42.9545,27.4984
0.0000,0.0000,28.2212
0.0000,0.0000,28.4809
0.0000,0.0000,29.4669
0.0000,0.0000,28.0295
0.0000,0.0000,28.1712
0.0000,0.0000,30.7863
0.0000,0.0000,31.0217
0.0000,0.0000,28.8334
0.0000,0.0000,30.0240
0.0000,0.0000,30.5958
0.0000,0.0000,31.6170
0.0000,0.0000,28.9732
0.0000,0.0000,32.7582
0.0000,0.0000,30.9141
0.0000,0.0000,30.2927
0.0000,0.0000,34.6976
0.0000,0.0000,33.1665
0.0000,0.0000,31.4064
0.0000,0.0000,32.3952
0.0000,0.0000,31.8659
0.0000,0.0000,33.7236
0.0000,0.0000,35.2633
0.0000,0.0000,38.8446
0.0000,0.0000,33.2306
0.0000,0.0000,35.2933
0.0000,0.0000,33.4807
0.0000,0.0000,36.8831
0.0000,0.0000,37.4996
0.0000,0.0000,38.0287
0.0000,0.0000,36.1701
0.0000,0.0000,34.8758
0.0000,0.0000,35.3788
0.0000,0.0000,35.9615
0.0000,0.0000,41.2926
0.0000,0.0000,38.2582
0.0000,0.0000,38.4397
0.0000,0.0000,37.4511
0.0000,0.0000,35.9949
0.0000,0.0000,38.0883
0.0000,0.0000,35.9890
0.0000,0.0000,35.1575
0.0000,0.0000,37.5541
7.4311,32.2531,35.7300
18.8886,81.9817,36.8883
30.4715,132.2550,35.8775
42.0660,182.5780,37.4806
53.6409,232.8165,35.7480
65.1469,282.7554,38.3380
76.5345,332.1809,33.6713
87.7550,380.8812,37.5484
98.7605,428.6479,34.3416
109.5037,475.2765,35.3474
119.9387,520.5671,35.6363
130.3177,565.6149,33.4357
139.9901,607.5960,34.4696
149.2256,647.6805,33.6549
157.9845,685.6968,34.3338
166.2295,721.4821,33.6762
173.9251,754.8832,35.1047
181.0384,785.7570,34.9422
187.5390,813.9713,34.0694
193.3990,839.4053,31.9146
198.5933,861.9502,34.0346
200.0000,881.5093,33.2808
200.0000,897.9989,30.3890
200.0000,911.3484,31.6122
200.0000,921.5007,29.4707
200.0000,928.4122,30.9229
200.0000,932.0533,32.3693
200.0000,932.4085,29.6406
200.0000,929.4763,29.0863
200.0000,923.2692,30.6267
200.0000,913.8137,31.2129
200.0000,901.1505,30.5771
200.0000,885.3336,27.9466
199.6257,866.4308,28.4778
194.5781,844.5232,29.1619
188.8599,819.7044,30.2928
182.4954,792.0807,25.9248
175.5119,761.7706,26.3395
167.9394,728.9037,27.8810
159.8102,693.6207,26.6930
151.1592,656.0729,28.0367
142.0234,616.4208,30.1563
132.4419,574.8345,28.5885
122.4557,531.4919,27.9090
112.1077,486.5786,30.1391
101.4421,440.2870,25.4676
90.5046,392.8152,27.8253
79.3421,344.3666,26.6462
68.0023,295.1487,25.5907
56.5337,245.3722,25.7226
44.9856,195.2502,29.9106
33.4074,144.9973,27.6757
21.8229,94.7174,27.8162
10.3601,44.9657,26.9726
0.0000,0.0000,28.3054
0.0000,0.0000,28.0556
0.0000,0.0000,27.7745
0.0000,0.0000,30.5717
0.0000,0.0000,27.9153
0.0000,0.0000,30.4231
0.0000,0.0000,28.9230
0.0000,0.0000,29.3114
0.0000,0.0000,31.2678
0.0000,0.0000,32.5498
0.0000,0.0000,29.1841
0.0000,0.0000,31.8536
0.0000,0.0000,30.0154
0.0000,0.0000,30.4770
0.0000,0.0000,31.9497
0.0000,0.0000,30.6144
0.0000,0.0000,32.8551
0.0000,0.0000,32.4584
0.0000,0.0000,33.0773
0.0000,0.0000,34.6201
0.0000,0.0000,33.4015
0.0000,0.0000,34.8402
0.0000,0.0000,37.0266
0.0000,0.0000,36.1545
0.0000,0.0000,35.8662
0.0000,0.0000,34.0357
0.0000,0.0000,36.8823
0.0000,0.0000,35.4856
0.0000,0.0000,37.1437
0.0000,0.0000,35.6466
0.0000,0.0000,38.2020
0.0000,0.0000,36.7454
0.0000,0.0000,38.7375
0.0000,0.0000,34.7394
0.0000,0.0000,36.4690
0.0000,0.0000,37.6292
0.0000,0.0000,37.2011
0.0000,0.0000,37.9817
0.0000,0.0000,36.2975
0.0000,0.0000,37.0455
0.0000,0.0000,37.7798
0.0000,0.0000,36.3378
7.4218,32.2125,38.0034
19.3394,83.9385,38.0048
30.9073,134.1464,36.5654
42.4856,184.3992,33.8785
54.0444,234.5677,37.4313
65.5343,284.4370,35.7658
76.9060,333.7935,38.3849
88.1109,382.4260,37.5981
99.1011,430.1261,36.7149
109.8293,476.6896,37.0762
120.2497,521.9171,34.6955
130.6051,566.8625,36.2821
140.2643,608.7858,36.8246
149.4870,648.8152,34.2420
158.2339,686.7792,36.1046
166.4675,722.5152,35.6741
174.1525,755.8703,32.5402
181.2561,786.7017,34.7778
187.7477,814.8771,32.9431
189.5145,822.5454,32.3311
198.7868,862.7900,34.7607
200.0000,882.3222,29.8730
200.0000,898.7891,30.9263
200.0000,912.1203,33.3637
200.0000,922.2585,30.1103
200.0000,929.1605,26.0434
200.0000,932.7967,30.2687
200.0000,933.1514,29.0007
200.0000,930.2232,31.0247
200.0000,924.0246,30.4634
200.0000,914.5822,28.1905
200.0000,901.9363,29.6425
200.0000,886.1412,28.3910
199.8177,867.2645,31.3145
194.7772,845.3870,29.7252
189.0668,820.6024,30.9089
182.7111,793.0167,29.1143
175.7372,762.7483,25.7209
168.1751,729.9266,27.7620
160.0571,694.6922,29.2036
151.4180,657.1960,29.0213
142.2947,617.5986,29.8325
132.7264,576.0694,27.1533
122.7540,532.7864,26.2954
112.4202,487.9350,29.3108
101.7693,441.7070,26.7677
90.8469,394.3006,28.0405
79.6997,345.9187,26.1821
68.3755,296.7685,28.8568
56.9227,247.0605,30.1863
45.3905,197.0074,26.7973
33.8282,146.8238,28.7327
22.2853,96.7243,30.1962
10.8116,46.9252,26.8361
0.0000,0.0000,33.1972
0.0000,0.0000,28.4446
0.0000,0.0000,28.4293
0.0000,0.0000,32.2225
0.0000,0.0000,29.2107
0.0000,0.0000,27.6756
0.0000,0.0000,29.3629
0.0000,0.0000,29.8724
0.0000,0.0000,31.0146
0.0000,0.0000,31.7721
0.0000,0.0000,31.4413
0.0000,0.0000,33.3236
0.0000,0.0000,34.5377
0.0000,0.0000,31.2811
0.0000,0.0000,32.4212
0.0000,0.0000,31.1166
0.0000,0.0000,34.2759
0.0000,0.0000,32.9648
0.0000,0.0000,32.4255
0.0000,0.0000,35.9981
0.0000,0.0000,35.3238
0.0000,0.0000,34.2004
0.0000,0.0000,36.9304
0.0000,0.0000,36.8619
0.0000,0.0000,34.4598
0.0000,0.0000,37.4754
0.0000,0.0000,36.6351
0.0000,0.0000,37.1207
0.0000,0.0000,37.5576
0.0000,0.0000,37.7591
0.0000,0.0000,37.9855
0.0000,0.0000,37.7691
0.0000,0.0000,33.7797
0.0000,0.0000,40.2453
0.0000,0.0000,36.2558
0.0000,0.0000,36.0196
0.0000,0.0000,37.6967
0.0000,0.0000,38.7650
0.0000,0.0000,37.9827
0.0000,0.0000,39.9055
0.0000,0.0000,36.5621
0.0000,0.0000,38.5390
8.3528,36.2534,35.5974
19.7785,85.8443,37.0193
31.3316,135.9878,37.9293
42.8939,186.1714,33.9933
54.4368,236.2709,35.5441
65.9109,286.0715,38.0870
77.2670,335.3601,37.6532
88.4565,383.9257,38.0555
99.4315,431.5602,35.3265
110.1449,478.0596,35.0314
120.5510,523.2249,32.5866
130.8831,568.0692,36.0437
140.5292,609.9355,33.3584
149.7394,649.9106,35.0969
158.4744,687.8231,33.9145
166.6969,723.5107,33.3220
174.3715,756.8206,34.0102
181.4654,787.6101,34.9830
187.9482,815.7474,32.3990
193.7922,841.1120,32.4355
198.9724,863.5953,32.1412
200.0000,883.1010,30.8823
200.0000,899.5456,31.9460
200.0000,912.8587,29.4979
200.0000,922.9832,33.9127
200.0000,929.8759,30.2944
200.0000,933.5070,30.0094
200.0000,933.8613,30.5619
200.0000,930.9371,30.1066
200.0000,924.7469,31.3740
200.0000,915.3173,30.7795
200.0000,902.6885,30.9884
200.0000,886.9149,27.2683
200.0000,868.0637,29.0820
194.9681,846.2159,29.7730
189.2655,821.4648,28.8772
182.9184,793.9166,27.7041
175.9540,763.6892,28.8899
168.4021,730.9120,29.8858
160.2951,695.7254,29.6128
151.6677,658.2801,31.1807
142.5569,618.7363,28.0439
133.0015,577.2635,29.5202
123.0426,534.0392,29.2848
112.7229,489.2486,27.0476
102.0864,443.0833,27.6499
91.1788,395.7412,31.0527
80.0467,347.4249,26.1610
68.7378,298.3413,25.2030
57.3006,248.7007,31.9001
45.7841,198.7155,26.9849
34.2374,148.5999,29.1517
22.7102,98.5684,30.1360
11.2510,48.8323,28.8478
0.0000,0.0000,30.0317
0.0000,0.0000,30.1067
0.0000,0.0000,29.7292
0.0000,0.0000,29.5450
0.0000,0.0000,29.7376
0.0000,0.0000,28.0966
0.0000,0.0000,28.3316
0.0000,0.0000,29.0075
0.0000,0.0000,33.2589
0.0000,0.0000,33.7085
0.0000,0.0000,32.7772
0.0000,0.0000,32.9334
0.0000,0.0000,29.5868
0.0000,0.0000,33.2726
0.0000,0.0000,31.4147
0.0000,0.0000,32.1613
0.0000,0.0000,30.7116
0.0000,0.0000,33.9625
0.0000,0.0000,33.8912
0.0000,0.0000,36.2390
0.0000,0.0000,35.0953
0.0000,0.0000,34.3307
0.0000,0.0000,34.3031
0.0000,0.0000,38.3890
0.0000,0.0000,36.5218
0.0000,0.0000,38.2633
0.0000,0.0000,36.3803
0.0000,0.0000,34.3014
0.0000,0.0000,37.3191
0.0000,0.0000,36.0634
0.0000,0.0000,38.3033
0.0000,0.0000,35.4840
0.0000,0.0000,35.2821
0.0000,0.0000,38.7884
0.0000,0.0000,36.5419
0.0000,0.0000,41.0490
0.0000,0.0000,38.7181
0.0000,0.0000,37.6132
0.0000,0.0000,36.0291
0.0000,0.0000,36.1589
0.0000,0.0000,37.3834
0.0000,0.0000,36.5314
8.7955,38.1750,37.6890
20.2058,87.6986,36.4494
31.7442,137.7786,36.9746
43.2908,187.8943,38.3418
54.8181,237.9258,36.6892
66.2766,287.6589,38.8251
77.6173,336.8806,36.0630
88.7916,385.3803,38.8772
99.7517,432.9502,33.4417
110.4507,479.3866,38.1782
120.8426,524.4906,36.1544
131.1517,569.2349,33.7379
140.7849,611.0455,34.0759
149.9828,650.9672,34.1572
158.7062,688.8292,33.0184
166.9177,724.4691,34.5399
172.1281,747.0836,32.4233
181.6665,788.4830,32.1969
188.1407,816.5828,34.7483
193.9769,841.9135,32.8954
199.1501,864.3668,34.5024
200.0000,883.8465,32.7736
200.0000,900.2692,31.3803
200.0000,913.5645,31.2579
200.0000,923.6755,31.1493
200.0000,930.5589,33.5815
200.0000,934.1852,31.9167
200.0000,934.5391,30.0527
200.0000,931.6187,31.8803
200.0000,925.4368,28.7260
200.0000,916.0198,29.8088
200.0000,903.4079,29.6817
200.0000,887.6553,26.0242
200.0000,868.8293,27.2394
195.1512,847.0106,31.7671
189.4562,822.2925,28.7639
183.1176,794.7811,28.0455
176.1625,764.5941,28.0462
168.6207,731.8606,24.5710
160.5245,696.7209,28.3073
151.9086,659.3255,28.0695
142.8099,619.8345,24.9119
133.2673,578.4171,27.7605
123.3217,535.2504,28.1737
113.0157,490.5196,29.3960
102.3934,444.4159,29.7793
91.5004,397.1370,30.0821
80.3831,348.8851,28.1190
69.0894,299.8671,30.3942
57.6674,250.2926,27.5889
46.1662,200.3742,29.2007
34.6350,150.3254,27.9786
23.1231,100.3607,27.0670
11.6782,50.6865,27.1021
0.3793,1.6463,28.6777
0.0000,0.0000,25.3567
0.0000,0.0000,29.2436
0.0000,0.0000,28.9883
0.0000,0.0000,29.4770
0.0000,0.0000,29.7094
0.0000,0.0000,29.7026
0.0000,0.0000,29.7639
0.0000,0.0000,30.6303
0.0000,0.0000,29.9054
0.0000,0.0000,33.6805
0.0000,0.0000,32.2541
0.0000,0.0000,34.0806
0.0000,0.0000,32.5614
0.0000,0.0000,33.6463
0.0000,0.0000,32.7094
0.0000,0.0000,35.1897
0.0000,0.0000,37.9142
0.0000,0.0000,33.1367
0.0000,0.0000,38.0908
0.0000,0.0000,33.4199
0.0000,0.0000,34.9342
0.0000,0.0000,35.4787
0.0000,0.0000,39.3742
0.0000,0.0000,38.8341
0.0000,0.0000,35.2242
0.0000,0.0000,34.5091
0.0000,0.0000,33.6498
0.0000,0.0000,35.2418
0.0000,0.0000,37.1545
0.0000,0.0000,34.2368
0.0000,0.0000,37.4999
0.0000,0.0000,37.7996
0.0000,0.0000,37.5234
0.0000,0.0000,36.5474
0.0000,0.0000,39.8283
0.0000,0.0000,38.6569
0.0000,0.0000,36.3526
0.0000,0.0000,39.7053
0.0000,0.0000,41.2771
0.0000,0.0000,36.0502
0.0000,0.0000,37.6449
9.2260,40.0435,36.1073
20.6210,89.5010,36.6660
32.1451,139.5186,36.5033
43.6763,189.5673,38.0877
55.1882,239.5321,33.8100
62.7349,272.2867,36.1106
77.9570,338.3549,36.4551
86.8529,376.9655,36.6532
100.0619,434.2963,37.5428
110.7465,480.6707,35.1649
121.1246,525.7145,38.1379
131.4110,570.3603,35.4108
141.0315,612.1161,37.0669
150.2175,651.9855,33.0378
158.9294,689.7977,35.1907
167.1301,725.3910,32.8535
174.7844,758.6128,35.5715
181.8595,789.3209,33.7058
188.3252,817.3839,35.4758
194.1538,842.6814,33.2674
199.3203,865.1053,34.0085
200.0000,884.5594,33.8591
200.0000,900.9606,31.2677
200.0000,914.2384,31.8720
200.0000,924.3362,28.6589
200.0000,931.2106,32.3374
200.0000,934.8322,31.5856
200.0000,935.1855,31.9128
200.0000,932.2690,28.0873
200.0000,926.0952,30.3597
200.0000,916.6905,28.6735
200.0000,904.0952,29.1285
200.0000,888.3632,28.3279
200.0000,869.5619,31.6893
195.3266,847.7718,27.8907
189.6391,823.0862,32.2785
183.3087,795.6108,28.0830
176.3627,765.4633,27.6695
168.8308,732.7728,30.1475
160.7453,697.6791,27.2830
152.1407,660.3328,26.1942
143.0539,620.8936,27.4700
133.5238,579.5304,24.3012
123.5912,536.4203,28.0285
113.2988,491.7481,29.7842
102.6904,445.7049,29.0005
91.8116,398.4879,26.6868
80.7090,350.2993,29.3001
69.4300,301.3455,25.4395
58.0230,251.8361,26.4162
46.5369,201.9831,29.6859
35.0208,151.9999,27.8976
23.5240,102.1007,28.1182
12.0931,52.4874,28.4850
0.8090,3.5114,29.3111
0.0000,0.0000,30.7673
0.0000,0.0000,28.8780
0.0000,0.0000,31.2379
0.0000,0.0000,28.2652
0.0000,0.0000,27.0770
0.0000,0.0000,28.1118
0.0000,0.0000,30.7206
0.0000,0.0000,30.9215
0.0000,0.0000,31.8536
0.0000,0.0000,29.4718
0.0000,0.0000,34.7937
0.0000,0.0000,34.0528
0.0000,0.0000,33.6688
0.0000,0.0000,33.4701
0.0000,0.0000,34.5399
0.0000,0.0000,33.7309
0.0000,0.0000,34.9831
0.0000,0.0000,34.6344
0.0000,0.0000,35.7689
0.0000,0.0000,34.8681
0.0000,0.0000,34.7467
0.0000,0.0000,36.5499
0.0000,0.0000,37.5404
0.0000,0.0000,33.8686
0.0000,0.0000,37.8420
0.0000,0.0000,36.5157
0.0000,0.0000,35.4044
0.0000,0.0000,34.6362
0.0000,0.0000,37.3644
0.0000,0.0000,38.3827
0.0000,0.0000,38.0488
0.0000,0.0000,36.7908
0.0000,0.0000,38.6924
0.0000,0.0000,37.2895
0.0000,0.0000,40.3958
0.0000,0.0000,36.8066
0.0000,0.0000,40.4536
0.0000,0.0000,35.5685
0.0000,0.0000,36.4459
0.0000,0.0000,39.7650
0.0000,0.0000,36.8364
9.6441,41.8583,36.2678
21.0242,91.2510,39.5045
32.5341,141.2072,38.1135
44.0503,191.1904,37.4015
55.5471,241.0896,39.8027
66.9753,290.6913,37.3612
78.2860,339.7830,36.8010
89.4308,388.1544,36.1058
100.3619,435.5985,39.3648
111.0326,481.9122,35.8798
121.3971,526.8970,35.0508
131.6610,571.4455,37.5409
141.2692,613.1475,33.6332
150.4433,652.9656,34.9858
159.1440,690.7293,34.1692
167.3342,726.2768,33.5988
174.9786,759.4559,32.3240
182.0447,790.1245,36.6240
188.5021,818.1514,34.9752
194.3231,843.4164,38.1439
199.4830,865.8115,31.3101
200.0000,885.2405,32.2088
200.0000,901.6206,33.7906
200.0000,914.8814,32.9759
200.0000,924.9662,32.0581
200.0000,931.8317,28.1838
200.0000,935.4487,31.0066
200.0000,935.8016,28.0415
200.0000,932.8888,30.2401
200.0000,926.7229,29.2853
200.0000,917.3303,27.1828
200.0000,904.7512,27.7033
200.0000,889.0394,29.1676
200.0000,870.2623,30.1917
195.4944,848.5002,26.8110
189.8142,823.8464,27.6519
183.4920,796.4063,27.8566
176.5550,766.2975,28.4030
169.0327,733.6490,29.2434
160.9576,698.6006,27.4968
152.3640,661.3022,28.4508
143.2889,621.9138,24.5080
133.7711,580.6038,28.3130
123.8513,537.5492,26.3485
113.5721,492.9344,29.7432
102.9774,446.9503,29.6520
92.1126,399.7941,29.9730
81.0242,351.6675,29.7680
69.7597,302.7766,27.7273
58.3674,253.3309,24.4848
46.8961,203.5419,26.0939
35.3948,153.6231,29.4060
23.9128,103.7880,30.6481
12.4956,54.2344,31.1453
1.2260,5.3214,28.6388
0.0000,0.0000,32.8396
0.0000,0.0000,30.3146
0.0000,0.0000,30.7425
0.0000,0.0000,33.8083
0.0000,0.0000,33.2399
0.0000,0.0000,31.2007
0.0000,0.0000,35.1353
0.0000,0.0000,31.5603
0.0000,0.0000,30.8641
0.0000,0.0000,30.7696
0.0000,0.0000,31.5199
0.0000,0.0000,34.2878
0.0000,0.0000,34.0114
0.0000,0.0000,31.2745
0.0000,0.0000,33.4100
0.0000,0.0000,35.2019
0.0000,0.0000,33.4497
0.0000,0.0000,34.8415
0.0000,0.0000,35.1929
0.0000,0.0000,35.5235
0.0000,0.0000,34.1709
0.0000,0.0000,35.0287
0.0000,0.0000,35.7668
0.0000,0.0000,35.3805
0.0000,0.0000,36.6611
0.0000,0.0000,33.4475
0.0000,0.0000,32.9540
0.0000,0.0000,36.7326
0.0000,0.0000,36.4631
0.0000,0.0000,38.8976
0.0000,0.0000,37.3338
0.0000,0.0000,36.8292
0.0000,0.0000,40.0768
0.0000,0.0000,39.7294
0.0000,0.0000,33.7668
0.0000,0.0000,38.7884
0.0000,0.0000,36.5015
0.0000,0.0000,39.8559
0.0000,0.0000,37.9220
0.0000,0.0000,40.3077
0.0000,0.0000,37.2586
10.0498,43.6189,36.4897
21.4152,92.9481,39.0690
32.9113,142.8443,40.3092
44.4126,192.7631,36.6982
55.8946,242.5982,40.6161
67.3082,292.1361,39.4904
78.6043,341.1646,37.9132
89.7348,389.4739,36.6042
100.6519,436.8570,37.5969
111.3088,483.1111,35.8091
121.6600,528.0380,33.6361
131.9019,572.4907,33.6426
141.4979,614.1403,36.0329
150.6605,653.9083,35.7889
159.3503,691.6244,33.9513
167.5301,727.1271,34.1734
175.1649,760.2644,33.7279
182.2221,790.8944,33.2060
188.6713,818.8860,34.1317
194.4851,844.1192,33.0050
199.6384,866.4860,32.8392
200.0000,885.8907,29.6167
200.0000,902.2501,28.6788
200.0000,915.4942,32.3880
200.0000,925.5662,33.8447
200.0000,932.4232,32.5669
200.0000,936.0356,32.8643
200.0000,936.3880,30.2880
200.0000,933.4789,30.6413
200.0000,927.3208,29.9661
200.0000,917.9400,27.7133
200.0000,905.3767,28.3908
200.0000,889.6848,29.9707
200.0000,870.9313,29.8199
195.6549,849.1966,30.3529
189.9818,824.5738,26.6805
183.6676,797.1683,29.7994
176.7393,767.0975,28.2572
169.2265,734.4901,26.3609
161.1615,699.4857,26.6624
152.5788,662.2344,29.2806
143.5151,622.8954,28.5385
134.0093,581.6375,29.7809
124.1020,538.6371,26.1774
113.8357,494.0785,27.5955
103.2543,448.1524,25.3331
92.4032,401.0555,27.6952
81.3288,352.9895,27.5189
70.0785,304.1602,30.8674
58.7006,254.7767,29.3748
47.2436,205.0505,27.5647
35.7568,155.1945,29.0092
24.2893,105.4222,31.1248
12.8856,55.9270,29.0835
1.6302,7.0756,29.1948
0.0000,0.0000,30.0644
0.0000,0.0000,29.3712
0.0000,0.0000,30.1013
0.0000,0.0000,29.0588
0.0000,0.0000,31.0344
0.0000,0.0000,31.7809
0.0000,0.0000,32.3099
0.0000,0.0000,33.7834
0.0000,0.0000,31.9211
0.0000,0.0000,31.5333
0.0000,0.0000,32.6114
0.0000,0.0000,31.8312
0.0000,0.0000,31.8054
0.0000,0.0000,34.1436
0.0000,0.0000,31.9853
0.0000,0.0000,33.0503
0.0000,0.0000,38.3816
0.0000,0.0000,33.5854
0.0000,0.0000,36.5459
0.0000,0.0000,34.2619
0.0000,0.0000,37.0245
0.0000,0.0000,33.5035
0.0000,0.0000,38.9388
0.0000,0.0000,36.0321
0.0000,0.0000,36.5967
0.0000,0.0000,36.9974
0.0000,0.0000,39.2610
0.0000,0.0000,39.3713
0.0000,0.0000,38.5802
0.0000,0.0000,36.3889
0.0000,0.0000,39.1688
0.0000,0.0000,36.4735
0.0000,0.0000,36.9454
0.0000,0.0000,37.0727
0.0000,0.0000,38.7494
0.0000,0.0000,37.9299
0.0000,0.0000,38.2721
0.0000,0.0000,37.9541
0.0000,0.0000,36.5522
0.0000,0.0000,38.9814
0.0000,0.0000,40.9131
10.4428,45.3249,34.8784
21.7940,94.5919,39.3617
33.2765,144.4293,36.9290
44.7633,194.2853,38.5349
56.2309,244.0576,39.3845
67.6300,293.5331,37.0321
78.9120,342.4999,34.3225
90.0284,390.7483,33.9052
100.9317,438.0718,36.0768
111.5752,484.2676,36.4131
121.9134,529.1379,35.7765
132.1336,573.4964,35.3666
141.7178,615.0947,35.4699
150.8691,654.8137,36.8108
159.5482,692.4834,33.9696
167.7179,727.9424,34.8632
175.3434,761.0389,31.9908
182.3918,791.6312,34.7628
188.8331,819.5883,34.0074
194.6397,844.7905,36.5703
199.7867,867.1297,32.4362
200.0000,886.5105,32.7355
200.0000,902.8498,29.6652
200.0000,916.0776,32.0134
200.0000,926.1372,33.5700
200.0000,932.9857,29.6860
200.0000,936.5936,30.0495
200.0000,936.9456,31.6117
200.0000,934.0402,31.9536
200.0000,927.8896,28.7351
200.0000,918.5204,31.1012
200.0000,905.9726,31.4342
200.0000,890.2999,30.2444
200.0000,871.5695,28.0436
195.8081,849.8616,27.6348
190.1420,825.2691,27.6376
183.8356,797.8973,29.5619
176.9158,767.8635,30.8913
169.4123,735.2963,28.9073
161.3572,700.3351,31.0529
152.7850,663.1296,29.2329
143.7325,623.8391,28.3094
134.2384,582.6319,27.3649
124.3433,539.6845,28.7008
112.6495,488.9302,29.8543
103.5213,449.3112,31.0694
92.6835,402.2723,28.4771
81.6228,354.2654,24.9116
70.3863,305.4963,29.4708
59.0224,256.1736,32.3772
47.5796,206.5086,29.5552
36.1069,156.7140,26.7123
24.6535,107.0030,33.3121
13.2629,57.5647,30.6552
2.0214,8.7735,29.8602
0.0000,0.0000,28.1827
0.0000,0.0000,29.6127
0.0000,0.0000,28.2216
0.0000,0.0000,27.9357
0.0000,0.0000,30.9415
0.0000,0.0000,30.3686
0.0000,0.0000,33.9601
0.0000,0.0000,33.2596
0.0000,0.0000,32.9367
0.0000,0.0000,32.2280
0.0000,0.0000,34.4847
0.0000,0.0000,35.3579
0.0000,0.0000,31.4827
0.0000,0.0000,32.4692
0.0000,0.0000,33.2155
0.0000,0.0000,33.9673
0.0000,0.0000,35.8937
0.0000,0.0000,35.5501
0.0000,0.0000,36.1781
0.0000,0.0000,34.6950
0.0000,0.0000,36.2692
0.0000,0.0000,35.8880
0.0000,0.0000,36.1134
0.0000,0.0000,35.7501
0.0000,0.0000,36.6227
0.0000,0.0000,35.5902
0.0000,0.0000,35.9985
0.0000,0.0000,36.1778
0.0000,0.0000,35.7709
0.0000,0.0000,36.8830
0.0000,0.0000,38.6390
0.0000,0.0000,37.4835
0.0000,0.0000,36.9034
0.0000,0.0000,37.8361
0.0000,0.0000,37.5801
0.0000,0.0000,40.3249
0.0000,0.0000,38.5497
0.0000,0.0000,35.6216
0.0000,0.0000,38.8760
0.0000,0.0000,35.9425
0.0000,0.0000,38.0337
10.8232,46.9757,37.1918
22.1868,96.2970,41.9948
33.6296,145.9620,42.2299
45.1023,195.7566,40.6854
56.5557,245.4677,38.7011
67.9409,294.8822,37.4786
79.2089,343.7887,37.6398
90.3117,391.9778,35.8567
101.2016,439.2430,38.6863
111.8320,485.3819,34.3808
122.1574,530.1970,37.7830
132.3562,574.4628,38.5861
141.9290,616.0111,33.1471
151.0692,655.6824,35.4707
159.7379,693.3068,33.9794
167.8978,728.7232,35.2261
175.5141,761.7800,33.8784
182.5541,792.3355,35.2053
188.9877,820.2590,34.5730
194.7873,845.4308,32.3032
199.9281,867.7433,35.6738
200.0000,887.1008,31.9169
200.0000,903.4204,34.6040
200.0000,916.6323,30.4635
200.0000,926.6799,33.4212
200.0000,933.5201,30.9669
200.0000,937.1238,34.2685
200.0000,937.4753,32.3154
200.0000,934.5733,29.9212
200.0000,928.4302,31.8613
200.0000,919.0722,29.9655
200.0000,906.5395,29.1366
200.0000,890.8856,29.9272
200.0000,872.1777,31.8628
195.9543,850.4959,34.1536
190.2950,825.9330,29.0747
183.9961,798.5941,29.4909
177.0846,768.5964,30.1161
169.5901,736.0683,29.1880
161.5447,701.1490,29.6058
152.9829,663.9882,31.4872
143.9412,624.7450,28.3549
134.4585,583.5873,29.7797
124.5753,540.6915,27.8941
114.3340,496.2412,26.8951
103.7783,450.4268,29.2346
92.9536,403.4444,27.4853
81.9061,355.4952,28.5746
70.6832,306.7847,31.7448
59.3329,257.5212,29.4938
47.9038,207.9159,30.1118
36.4449,158.1811,29.0532
25.0053,108.5298,28.8337
13.6275,59.1472,29.6450
2.3995,10.4146,31.3141
0.0000,0.0000,27.5744
0.0000,0.0000,30.9183
0.0000,0.0000,30.3686
0.0000,0.0000,30.3232
0.0000,0.0000,33.2056
0.0000,0.0000,30.9913
0.0000,0.0000,30.8033
0.0000,0.0000,29.0065
0.0000,0.0000,32.2903
0.0000,0.0000,28.5059
0.0000,0.0000,32.5116
0.0000,0.0000,32.4428
0.0000,0.0000,35.0742
0.0000,0.0000,34.0842
0.0000,0.0000,33.3327
0.0000,0.0000,33.0414
0.0000,0.0000,35.6679
0.0000,0.0000,34.1031
0.0000,0.0000,36.0855
0.0000,0.0000,35.5903
0.0000,0.0000,37.5557
0.0000,0.0000,34.5920
0.0000,0.0000,36.0353
0.0000,0.0000,37.6459
0.0000,0.0000,38.2271
0.0000,0.0000,37.5976
0.0000,0.0000,38.0301
0.0000,0.0000,37.7408
0.0000,0.0000,39.5926
0.0000,0.0000,37.8269
0.0000,0.0000,37.0051
0.0000,0.0000,39.4378
0.0000,0.0000,39.4228
0.0000,0.0000,39.1212
0.0000,0.0000,40.3371
0.0000,0.0000,39.6790
0.0000,0.0000,41.3147
0.0000,0.0000,41.5178
0.0000,0.0000,37.8955
0.0000,0.0000,36.3669
0.0000,0.0000,39.1745
11.1907,48.5709,38.5925
22.5416,97.8367,36.3280
33.9706,147.4420,37.4041
45.4295,197.1768,36.6236
56.8692,246.8282,40.2226
68.2406,296.1833,37.1237
79.4952,345.0311,38.0164
90.5846,393.1622,35.0329
101.4614,440.3706,34.5641
112.0790,486.4541,35.3209
122.3920,531.2154,36.8908
132.5699,575.3901,36.0970
142.1314,616.8898,35.8621
151.2610,656.5147,33.8009
159.9195,694.0950,37.3153
167.6317,727.5683,36.6573
175.6773,762.4881,35.3531
182.7090,793.0079,33.7067
189.1351,820.8987,34.2566
194.9279,846.0411,34.4191
200.0000,868.3275,34.5603
200.0000,887.6622,33.4810
200.0000,903.9628,32.3967
200.0000,917.1592,32.5955
200.0000,927.1951,30.9194
200.0000,934.0273,31.3216
200.0000,937.6267,29.7266
200.0000,937.9778,30.7277
200.0000,935.0792,31.7534
200.0000,928.9433,28.4275
200.0000,919.5963,29.0042
200.0000,907.0782,32.4497
200.0000,891.4427,29.6627
200.0000,872.7567,31.1413
196.0935,851.1002,26.5954
190.4408,826.5660,32.5235
184.1493,799.2592,27.9866
177.2459,769.2966,28.1276
169.7602,736.8065,29.5289
161.7242,701.9282,28.7469
153.1724,664.8108,30.2235
144.1413,625.6135,28.7717
134.6697,584.5040,28.2390
124.7981,541.6584,27.0878
114.5687,497.2601,30.8153
104.0254,451.4993,27.9670
93.2134,404.5719,29.6006
82.1788,356.6788,28.2973
70.9690,308.0253,26.1126
59.6320,258.8195,29.6948
48.2163,209.2722,28.5242
36.7708,159.5956,30.4472
25.3446,110.0024,29.1403
13.9793,60.6740,27.5383
2.7644,11.9984,30.9631
0.0000,0.0000,30.3622
0.0000,0.0000,30.0729
0.0000,0.0000,33.8223
0.0000,0.0000,31.4898
0.0000,0.0000,31.8609
0.0000,0.0000,33.1993
0.0000,0.0000,31.6417
0.0000,0.0000,32.0299
0.0000,0.0000,34.3526
0.0000,0.0000,33.8992
0.0000,0.0000,29.1083
0.0000,0.0000,33.4013
0.0000,0.0000,32.3506
0.0000,0.0000,33.6053
0.0000,0.0000,35.5588
0.0000,0.0000,35.0511
0.0000,0.0000,32.7593
0.0000,0.0000,35.7822
0.0000,0.0000,36.9346
0.0000,0.0000,34.4480
0.0000,0.0000,33.6919
0.0000,0.0000,37.1978
0.0000,0.0000,36.0851
0.0000,0.0000,35.2836
0.0000,0.0000,37.3353
0.0000,0.0000,37.8316
0.0000,0.0000,38.1150
0.0000,0.0000,36.0176
0.0000,0.0000,35.6484
0.0000,0.0000,39.2825
0.0000,0.0000,39.4783
0.0000,0.0000,38.3831
0.0000,0.0000,39.6031
0.0000,0.0000,36.3571
0.0000,0.0000,34.5489
0.0000,0.0000,38.2645
0.0000,0.0000,37.4978
0.0000,0.0000,40.2778
0.0000,0.0000,39.8928
0.0000,0.0000,39.5770
0.3620,1.5712,39.7292
11.5454,50.1101,37.6518
22.8838,99.3219,37.2364
34.2995,148.8692,41.3973
45.7449,198.5457,39.7583
57.1712,248.1389,36.0914
68.5293,297.4364,37.7797
79.7707,346.2270,35.8970
90.8471,394.3018,36.3794
101.7112,441.4549,35.8601
112.3164,487.4845,37.3836
122.6174,532.1934,37.4880
132.7746,576.2787,36.0422
142.3253,617.7312,32.6417
151.4445,657.3110,32.5615
160.0931,694.8486,36.1591
168.2342,730.1833,34.7627
175.8329,763.1639,33.3473
182.8567,793.6489,33.6436
189.2754,821.5080,33.9235
195.0617,846.6218,35.5198
200.0000,868.8828,30.5402
200.0000,888.1956,34.1647
200.0000,904.4776,31.7749
200.0000,917.6591,34.9781
200.0000,927.6834,32.1599
200.0000,934.5079,32.0183
200.0000,938.1032,31.8945
200.0000,938.4540,32.9376
200.0000,935.5587,34.2078
200.0000,929.4297,29.7015
200.0000,920.0933,32.2068
200.0000,907.5895,32.2198
200.0000,891.9717,28.9058
200.0000,873.3070,25.2943
196.2260,851.6752,29.6092
190.5797,827.1689,28.4911
184.2954,799.8931,30.9624
177.3998,769.9646,30.5324
169.9227,737.5115,29.8615
161.8958,702.6728,27.6058
153.3537,665.5977,28.4378
144.3329,626.4449,28.9834
134.8721,585.3823,26.4268
125.0117,542.5854,31.6578
114.7939,498.2376,28.5832
104.2626,452.5288,30.6035
93.4629,405.6548,31.7672
82.4409,357.8163,28.9111
71.2438,309.2181,31.6846
59.9197,260.0683,28.1087
48.5170,210.5774,29.3714
37.0846,160.9573,27.5154
25.6713,111.4205,28.3333
14.3181,62.1447,31.4467
3.1160,13.5245,29.3977
0.0000,0.0000,31.0540
0.0000,0.0000,30.0940
0.0000,0.0000,31.3977
0.0000,0.0000,29.9824
0.0000,0.0000,31.8923
0.0000,0.0000,31.7736
0.0000,0.0000,32.6120
0.0000,0.0000,29.6874
0.0000,0.0000,34.1969
0.0000,0.0000,30.0883
0.0000,0.0000,29.9530
0.0000,0.0000,34.1549
0.0000,0.0000,35.3829
0.0000,0.0000,34.1161
0.0000,0.0000,36.7541
0.0000,0.0000,33.2067
0.0000,0.0000,35.2325
0.0000,0.0000,34.6601
0.0000,0.0000,34.9869
0.0000,0.0000,34.9415
0.0000,0.0000,33.3814
0.0000,0.0000,33.7273
0.0000,0.0000,36.0868
0.0000,0.0000,36.6197
0.0000,0.0000,39.3134
0.0000,0.0000,35.2071
0.0000,0.0000,37.1058
0.0000,0.0000,39.1150
0.0000,0.0000,39.1180
0.0000,0.0000,38.4791
0.0000,0.0000,38.7004
0.0000,0.0000,36.9631
0.0000,0.0000,39.8384
0.0000,0.0000,40.3048
0.0000,0.0000,40.7933
0.0000,0.0000,41.0812
0.0000,0.0000,39.4825
0.0000,0.0000,39.9659
0.0000,0.0000,38.3534
0.0000,0.0000,37.1168
0.7163,3.1091,38.0149
11.8870,51.5928,40.8214
23.2133,100.7521,37.5731
34.6160,150.2430,38.8828
46.0485,199.8631,37.1105
57.4617,249.3999,38.0418
68.8069,298.6412,35.7004
80.0355,347.3763,38.5386
91.0993,395.3964,37.4260
101.9511,442.4959,36.8252
112.5442,488.4731,36.0404
122.8334,533.1312,37.0646
132.9705,577.1290,34.4035
142.5106,618.5356,37.9676
151.6197,658.0718,36.7668
160.2589,695.5679,34.5083
168.3910,730.8637,35.2570
175.9813,763.8078,35.5247
182.9973,794.2592,33.3261
189.4090,822.0875,35.2266
195.1888,847.1736,34.1477
200.0000,869.4100,31.5821
200.0000,888.7015,32.5656
200.0000,904.9656,34.6746
200.0000,918.1324,34.1988
200.0000,928.1458,33.3300
200.0000,934.9628,34.8951
200.0000,938.5541,29.0685
200.0000,938.9044,31.6555
200.0000,936.0123,34.9466
200.0000,929.8901,30.0052
200.0000,920.5640,32.3964
200.0000,908.0740,30.5858
200.0000,892.4735,30.3786
200.0000,873.8294,28.7135
196.3518,852.2214,28.6355
190.7118,827.7422,28.9181
184.4344,800.4965,28.4245
177.5465,770.6010,30.9868
170.0775,738.1837,30.1372
162.0596,703.3835,29.3207
153.5269,666.3493,29.9318
144.5161,627.2398,24.6221
135.0656,586.2224,30.4804
125.2161,543.4727,28.7310
115.0097,499.1739,30.0883
104.4900,453.5156,31.1606
93.7021,406.6933,30.1759
82.6923,358.9076,28.2752
71.5076,310.3630,29.8065
60.1960,261.2674,28.0343
48.8059,211.8311,30.3533
37.3860,162.2658,27.7371
25.9854,112.7837,32.9386
14.6440,63.5589,30.8223
3.4542,14.9923,31.0123
0.0000,0.0000,28.1309
0.0000,0.0000,30.6048
0.0000,0.0000,29.3065
0.0000,0.0000,29.8630
0.0000,0.0000,30.7152
0.0000,0.0000,32.2498
0.0000,0.0000,32.8642
0.0000,0.0000,31.8838
0.0000,0.0000,33.3632
0.0000,0.0000,36.7898
0.0000,0.0000,31.4163
0.0000,0.0000,30.5695
0.0000,0.0000,34.1845
0.0000,0.0000,33.8866
0.0000,0.0000,35.3759
0.0000,0.0000,32.9727
0.0000,0.0000,38.0900
0.0000,0.0000,35.8277
0.0000,0.0000,34.8099
0.0000,0.0000,35.4311
0.0000,0.0000,37.7120
0.0000,0.0000,36.3938
0.0000,0.0000,34.2755
0.0000,0.0000,38.2423
0.0000,0.0000,37.7527
0.0000,0.0000,36.4924
0.0000,0.0000,36.8552
0.0000,0.0000,39.7647
0.0000,0.0000,36.7122
0.0000,0.0000,36.9153
0.0000,0.0000,38.8983
0.0000,0.0000,39.8631
0.0000,0.0000,39.2399
0.0000,0.0000,36.7396
0.0000,0.0000,38.8351
0.0000,0.0000,39.2230
0.0000,0.0000,39.7834
0.0000,0.0000,40.1407
0.0000,0.0000,39.7239
0.0000,0.0000,40.4877
1.0572,4.5885,36.5422
12.2155,53.0186,40.9510
23.5301,102.1271,38.7139
34.9202,151.5634,39.8267
46.3400,201.1287,35.3323
57.7407,250.6108,36.3642
69.0734,299.7978,39.8739
80.2896,348.4791,39.0559
91.3412,396.4462,40.2331
102.1810,443.4937,39.2686
112.7624,489.4202,38.7618
123.0403,534.0289,34.4797
133.1576,577.9410,36.8759
142.6875,619.3035,37.0734
151.7869,658.7973,38.2198
160.4168,696.2535,34.2301
168.5403,731.5115,34.6458
176.1225,764.4204,34.8712
183.1310,794.8393,35.9960
189.5358,822.6379,34.9102
195.3094,847.6972,34.8361
200.0000,869.9099,32.1357
200.0000,889.1808,34.3574
200.0000,905.4274,33.1865
200.0000,918.5802,32.5430
200.0000,928.5829,34.2014
200.0000,935.3925,31.1711
200.0000,938.9800,30.9462
200.0000,939.3300,32.7569
200.0000,936.4410,32.3389
200.0000,930.3253,33.9616
200.0000,921.0092,31.4260
200.0000,908.5325,31.4636
200.0000,892.9487,30.3716
200.0000,874.3245,30.3872
196.4712,852.7396,32.3166
190.8372,828.2865,30.8002
184.5665,801.0699,28.5217
177.6859,771.2064,30.6721
170.2250,738.8237,29.9931
162.2156,704.0607,29.7828
153.6920,667.0660,29.4655
144.6908,627.9983,30.4329
135.2505,587.0247,29.0074
125.4115,544.3207,28.7599
115.2159,500.0692,28.7541
104.7075,454.4596,27.4681
93.9312,407.6874,28.9943
82.9331,359.9527,29.5430
71.7604,311.4599,28.3935
60.4608,262.4168,28.3727
49.0829,213.0333,30.2857
37.6752,163.5210,30.4749
26.2867,114.0917,30.7365
14.9567,64.9162,30.2373
3.7789,16.4016,29.3712
0.0000,0.0000,30.8389
0.0000,0.0000,28.1691
0.0000,0.0000,32.3566
0.0000,0.0000,30.0215
0.0000,0.0000,32.1829
0.0000,0.0000,33.2234
0.0000,0.0000,29.6168
0.0000,0.0000,34.0239
0.0000,0.0000,34.6763
0.0000,0.0000,34.9529
0.0000,0.0000,32.8176
0.0000,0.0000,31.7953
0.0000,0.0000,33.0753
0.0000,0.0000,33.8802
0.0000,0.0000,36.1108
0.0000,0.0000,35.3398
0.0000,0.0000,35.7208
0.0000,0.0000,37.1305
0.0000,0.0000,36.6759
0.0000,0.0000,34.7310
0.0000,0.0000,37.1794
0.0000,0.0000,37.4256
0.0000,0.0000,34.2817
0.0000,0.0000,39.0040
0.0000,0.0000,36.4014
0.0000,0.0000,34.2251
0.0000,0.0000,38.1698
0.0000,0.0000,38.0113
0.0000,0.0000,39.8085
0.0000,0.0000,39.3774
0.0000,0.0000,38.8028
0.0000,0.0000,38.3033
0.0000,0.0000,41.0439
0.0000,0.0000,40.6394
0.0000,0.0000,40.9640
0.0000,0.0000,40.0446
0.0000,0.0000,40.3912
0.0000,0.0000,42.3284
0.0000,0.0000,39.7983
0.0000,0.0000,39.5950
1.3844,6.0088,37.3810
12.5308,54.3872,36.6997
23.8341,103.4465,36.1684
35.2120,152.8299,39.7574
46.6197,202.3423,38.6567
58.0082,251.7716,36.8036
69.3288,300.9060,38.5921
80.5329,349.5353,35.8455
91.5728,397.4512,38.5119
102.4009,444.4485,35.0090
112.9711,490.3259,36.6074
123.2380,534.8870,35.6441
133.3360,578.7151,38.0934
142.8560,620.0349,37.2361
151.9460,659.4880,35.6778
160.5670,696.9056,34.3350
168.6821,732.1272,35.1814
176.2565,765.0022,36.7630
183.2578,795.3897,35.2179
189.6560,823.1597,34.5196
195.4237,848.1931,34.4728
200.0000,870.3829,31.8599
200.0000,889.6339,35.1552
200.0000,905.8638,35.1347
200.0000,919.0031,32.0886
200.0000,928.9954,30.9798
200.0000,935.7980,33.1504
200.0000,939.3818,34.9991
200.0000,939.7314,32.4654
200.0000,936.8454,30.7645
200.0000,930.7360,30.1045
200.0000,921.4295,31.1253
200.0000,908.9657,28.8571
200.0000,893.3979,31.3215
200.0000,874.7929,28.4295
196.5843,853.2303,32.0207
190.9561,828.8024,31.8464
184.6918,801.6139,29.7125
177.8184,771.7811,30.7558
170.3651,739.4319,26.1843
162.3640,704.7047,29.9688
153.8492,667.7482,30.2084
144.8573,628.7208,29.8331
135.4267,587.7894,30.1734
125.5978,545.1295,27.5688
115.4128,500.9236,29.4215
104.9152,455.3611,31.2479
94.1500,408.6371,30.1336
83.1633,360.9516,28.7855
72.0020,312.5089,29.8180
60.7142,263.5164,31.3707
49.3479,214.1838,30.3852
37.9521,164.7225,28.6898
26.5753,115.3442,26.8163
15.2562,66.2163,33.0822
4.0900,17.7517,30.2080
0.0000,0.0000,34.0526
0.0000,0.0000,28.8550
0.0000,0.0000,31.1832
0.0000,0.0000,28.8102
0.0000,0.0000,30.5555
0.0000,0.0000,32.0633
0.0000,0.0000,28.7239
0.0000,0.0000,33.0956
0.0000,0.0000,31.6329
0.0000,0.0000,31.6907
0.0000,0.0000,34.4644
0.0000,0.0000,33.6110
0.0000,0.0000,34.1023
0.0000,0.0000,36.2836
0.0000,0.0000,35.0875
0.0000,0.0000,36.5642
0.0000,0.0000,34.1748
0.0000,0.0000,36.3722
0.0000,0.0000,35.9072
0.0000,0.0000,35.9017
0.0000,0.0000,38.6062
0.0000,0.0000,36.2507
0.0000,0.0000,39.4430
0.0000,0.0000,36.9669
0.0000,0.0000,37.9602
0.0000,0.0000,37.3075
0.0000,0.0000,41.3535
0.0000,0.0000,37.5700
0.0000,0.0000,37.4489
0.0000,0.0000,37.6742
0.0000,0.0000,39.0629
0.0000,0.0000,38.6651
0.0000,0.0000,38.7483
0.0000,0.0000,38.9015
0.0000,0.0000,38.4829
0.0000,0.0000,38.1292
0.0000,0.0000,40.0818
0.0000,0.0000,38.6754
0.0000,0.0000,38.0437
0.0000,0.0000,42.2890
1.6980,7.3696,40.2931
12.8329,55.6982,39.2780
24.1252,104.7100,37.9802
35.4914,154.0425,40.6286
46.8873,203.5038,36.7534
58.2640,252.8821,40.7007
69.5729,301.9659,38.2792
80.7656,350.5450,39.0736
91.7940,398.4115,39.0198
102.6110,445.3603,36.7353
113.1703,491.1904,38.5599
123.4266,535.7055,35.6131
133.5056,579.4516,36.4572
143.0163,620.7303,35.0539
152.0973,660.1443,38.6310
160.7097,697.5247,34.3189
168.8167,732.7114,36.2923
176.3836,765.5536,36.2413
183.3779,795.9110,35.7727
189.7697,823.6534,32.9093
195.5317,848.6619,33.3941
200.0000,870.8297,33.0342
200.0000,890.0616,34.5772
200.0000,906.2754,35.8742
200.0000,919.4016,31.4312
200.0000,929.3840,31.4716
200.0000,936.1799,32.7104
200.0000,939.7601,31.7301
200.0000,940.1094,31.2018
200.0000,937.2262,32.7515
200.0000,931.1229,34.3364
200.0000,921.8256,32.1834
200.0000,909.3742,34.9398
200.0000,893.8219,29.5568
200.0000,875.2354,29.6369
196.6911,853.6942,30.0069
191.0685,829.2906,27.5702
184.8105,802.1290,31.4113
177.9439,772.3259,30.2580
170.4980,740.0088,27.0291
162.5048,705.3160,31.3282
153.9985,668.3963,31.2737
145.0155,629.4076,30.1219
135.5943,588.5169,31.2511
125.7752,545.8994,29.7448
115.6003,501.7374,29.7462
105.1131,456.2201,29.2412
94.3586,409.5425,28.4374
83.3828,361.9044,32.3200
72.2327,313.5098,29.5944
60.9560,264.5659,26.8340
49.6011,215.2824,29.2725
38.2165,165.8702,29.8247
26.8510,116.5410,30.3258
15.5425,67.4589,33.3103
4.3874,19.0424,30.9029
0.0000,0.0000,32.0341
0.0000,0.0000,29.8646
0.0000,0.0000,29.1567
0.0000,0.0000,32.0838
0.0000,0.0000,32.4650
0.0000,0.0000,31.3231
0.0000,0.0000,30.4992
0.0000,0.0000,32.7726
0.0000,0.0000,31.6542
0.0000,0.0000,32.5032
0.0000,0.0000,35.5608
0.0000,0.0000,31.8820
0.0000,0.0000,34.6603
0.0000,0.0000,37.4285
0.0000,0.0000,35.2401
0.0000,0.0000,34.0054
0.0000,0.0000,35.1706
0.0000,0.0000,39.7033
0.0000,0.0000,37.7729
0.0000,0.0000,39.9392
0.0000,0.0000,38.1332
0.0000,0.0000,38.6204
0.0000,0.0000,36.8532
0.0000,0.0000,37.3183
0.0000,0.0000,39.2169
0.0000,0.0000,35.2547
0.0000,0.0000,40.2844
0.0000,0.0000,41.2423
0.0000,0.0000,37.7617
0.0000,0.0000,40.4417
0.0000,0.0000,37.9947
0.0000,0.0000,39.1214
0.0000,0.0000,39.7699
0.0000,0.0000,38.7541
0.0000,0.0000,37.4954
0.0000,0.0000,38.2482
0.0000,0.0000,39.0343
0.0000,0.0000,42.5285
0.0000,0.0000,41.4593
0.0000,0.0000,41.4107
1.9977,8.6706,39.5606
13.1216,56.9512,39.5574
24.4033,105.9173,37.5051
35.7583,155.2008,38.3329
47.1428,204.6130,39.3953
58.5083,253.9422,38.5498
69.8060,302.9773,37.3323
80.9875,351.5081,41.9415
92.0050,399.3271,37.4380
102.8112,446.2292,37.0315
113.3600,492.0138,36.4674
123.6061,536.4847,36.6086
133.6667,580.1508,33.7570
143.1683,621.3901,39.3826
152.2406,660.7665,35.6899
160.8448,698.1112,36.4745
168.9441,733.2643,34.6791
176.5038,766.0753,36.3105
183.4914,796.4037,36.2269
189.8772,824.1196,34.9858
195.6336,849.1043,36.3477
200.0000,871.2509,35.1087
200.0000,890.4645,34.5298
200.0000,906.6628,33.6323
200.0000,919.7764,30.1936
200.0000,929.7493,34.3266
200.0000,936.5387,34.2769
200.0000,940.1155,31.2513
200.0000,940.4645,32.0089
200.0000,937.5840,31.1633
200.0000,931.4866,29.1746
200.0000,922.1982,32.6012
200.0000,909.7586,31.3753
200.0000,894.2212,32.1242
200.0000,875.6524,26.9877
196.7919,854.1317,30.2205
191.1747,829.7514,29.5329
184.9227,802.6158,30.6856
178.0626,772.8411,31.9416
170.6238,740.5547,30.6330
162.6382,705.8951,29.7072
154.1400,669.0106,28.5418
145.1656,630.0591,29.3807
135.7534,589.2074,28.3947
125.9437,546.6305,30.1769
115.7785,502.5107,30.0698
105.3013,457.0368,33.5703
94.5570,410.4037,26.5519
83.5917,362.8111,27.2362
72.4522,314.4626,28.2022
61.1863,265.5654,30.3683
49.8422,216.3289,31.2479
38.4685,166.9638,31.6676
27.1139,117.6817,28.5617
15.8155,68.6436,29.9691
4.6710,20.2733,33.3279
0.0000,0.0000,30.8789
0.0000,0.0000,34.5328
0.0000,0.0000,30.3835
0.0000,0.0000,32.0791
0.0000,0.0000,33.0676
0.0000,0.0000,33.8423
0.0000,0.0000,31.5840
0.0000,0.0000,32.5470
0.0000,0.0000,33.4079
0.0000,0.0000,32.8603
0.0000,0.0000,31.5416
0.0000,0.0000,35.1727
0.0000,0.0000,35.9749
0.0000,0.0000,32.8141
0.0000,0.0000,35.9421
0.0000,0.0000,34.7607
0.0000,0.0000,34.9416
0.0000,0.0000,33.9007
0.0000,0.0000,35.0938
0.0000,0.0000,35.8065
0.0000,0.0000,36.3757
0.0000,0.0000,37.1220
0.0000,0.0000,37.7846
0.0000,0.0000,39.9578
0.0000,0.0000,36.0574
0.0000,0.0000,37.9374
0.0000,0.0000,37.4332
0.0000,0.0000,37.2392
0.0000,0.0000,35.8568
0.0000,0.0000,39.5228
0.0000,0.0000,41.3556
0.0000,0.0000,38.7458
0.0000,0.0000,38.4273
0.0000,0.0000,40.9145
0.0000,0.0000,40.3624
0.0000,0.0000,41.6773
0.0000,0.0000,41.0252
0.0000,0.0000,40.9915
0.0000,0.0000,38.0641
0.0000,0.0000,37.1125
2.2836,9.9114,39.3847
13.3968,58.1459,40.5754
24.6685,107.0681,39.0736
36.0126,156.3046,39.4234
47.3863,205.6697,35.4201
58.7409,254.9519,36.4876
70.0278,303.9401,38.4262
81.1987,352.4247,40.3982
92.2056,400.1980,39.3860
103.0016,447.0555,36.7885
113.5403,492.7964,38.1021
123.7766,537.2249,37.6085
133.8193,580.8128,38.6188
143.3121,622.0145,35.0400
152.3762,661.3549,37.6618
160.9725,698.6655,34.5436
169.0644,733.7865,36.2026
176.6172,766.5676,35.8056
183.5984,796.8682,34.7389
189.9783,824.5588,35.7768
195.7296,849.5208,33.5112
200.0000,871.6471,35.8709
200.0000,890.8431,35.5513
200.0000,907.0266,33.9740
200.0000,920.1283,30.9153
200.0000,930.0921,34.1329
200.0000,936.8753,32.8953
200.0000,940.4489,31.3287
200.0000,940.7975,31.4081
200.0000,937.9197,32.3685
200.0000,931.8278,29.7561
200.0000,922.5479,31.6413
200.0000,910.1196,30.8633
200.0000,894.5964,31.2363
200.0000,876.0446,28.1591
196.8868,854.5436,29.9970
191.2747,830.1855,30.8581
185.0284,803.0746,27.9806
178.1746,773.3271,28.7550
170.7426,741.0703,30.1751
162.7643,706.4424,29.6985
154.2739,669.5915,28.0594
145.3076,630.6756,30.3941
135.9040,589.8612,31.5045
126.1033,547.3232,28.5631
115.9473,503.2436,27.5040
105.4797,457.8113,30.9852
94.7453,411.2208,27.5471
83.7899,363.6716,29.1458
72.6606,315.3673,31.1883
61.4050,266.5148,28.0242
50.0713,217.3232,29.0750
38.7080,168.0033,32.1176
27.3637,118.7661,29.4775
16.0750,69.7701,30.0192
4.9407,21.4439,32.8859
0.0000,0.0000,30.7405
0.0000,0.0000,31.7673
0.0000,0.0000,29.3566
0.0000,0.0000,32.9930
0.0000,0.0000,33.0990
0.0000,0.0000,34.2947
0.0000,0.0000,31.5376
0.0000,0.0000,33.7467
0.0000,0.0000,32.1009
0.0000,0.0000,32.0678
0.0000,0.0000,34.5174
0.0000,0.0000,35.0769
0.0000,0.0000,34.2383
0.0000,0.0000,33.4625
0.0000,0.0000,35.1591
0.0000,0.0000,36.6333
0.0000,0.0000,38.2214
0.0000,0.0000,35.8500
0.0000,0.0000,38.4211
0.0000,0.0000,38.5357
0.0000,0.0000,37.7119
0.0000,0.0000,37.4275
0.0000,0.0000,36.9794
0.0000,0.0000,40.6250
0.0000,0.0000,38.4342
0.0000,0.0000,37.9243
0.0000,0.0000,36.3016
0.0000,0.0000,40.4458
0.0000,0.0000,37.6021
0.0000,0.0000,37.3539
0.0000,0.0000,39.1307
0.0000,0.0000,40.2872
0.0000,0.0000,36.8982
0.0000,0.0000,39.8728
0.0000,0.0000,42.2585
0.0000,0.0000,36.1578
0.0000,0.0000,40.2737
0.0000,0.0000,39.3160
0.0000,0.0000,36.5495
0.0000,0.0000,38.9877
2.5555,11.0915,41.2829
13.6586,59.2820,38.4654
24.9206,108.1622,41.3785
36.2543,157.3538,39.0715
47.6176,206.6737,40.4585
58.9619,255.9109,38.2139
70.2385,304.8544,37.6756
81.3991,353.2948,37.5886
92.3960,401.0244,37.2412
103.1821,447.8391,38.0945
113.7112,493.5382,34.6861
123.9382,537.9261,37.4508
133.9633,581.4380,37.0937
143.4479,622.6038,35.0966
152.5040,661.9099,37.4470
161.0929,699.1880,35.4038
169.1777,734.2784,36.9767
176.7239,767.0308,34.9281
183.6991,797.3051,36.8771
190.0735,824.9716,33.3412
195.8197,849.9117,31.9447
200.0000,872.0188,36.5849
200.0000,891.1981,32.7482
200.0000,907.3675,33.2293
200.0000,902.1996,32.1274
200.0000,930.4128,31.3007
200.0000,937.1901,31.4366
200.0000,940.7606,32.7789
200.0000,941.1089,31.0461
200.0000,938.2336,32.9657
200.0000,932.1470,30.2487
200.0000,922.8752,28.0870
200.0000,910.4578,33.1903
200.0000,894.9481,30.7720
200.0000,876.4124,33.8949
196.9759,854.9302,28.9111
191.3687,830.5933,30.5087
185.1278,803.5061,30.9991
178.2800,773.7845,29.6890
170.8545,741.5558,28.1050
162.8831,706.9581,31.9054
154.4001,670.1393,29.3698
145.4417,631.2573,29.8547
136.0462,590.4785,30.9237
126.2540,547.9775,30.3059
116.1069,503.9364,31.2853
105.6485,458.5437,31.4949
94.9234,411.9938,29.1816
83.9776,364.4861,29.0787
72.8580,316.2239,30.2017
61.6122,267.4139,27.8602
50.2883,218.2652,32.4995
38.9349,168.9882,29.1027
27.6005,119.7940,29.9549
16.3211,70.8381,29.1000
5.1965,22.5541,29.3468
0.0000,0.0000,31.8313
0.0000,0.0000,29.8529
0.0000,0.0000,30.7232
0.0000,0.0000,32.5513
0.0000,0.0000,33.7510
0.0000,0.0000,30.3982
0.0000,0.0000,30.7552
0.0000,0.0000,31.5597
0.0000,0.0000,31.7950
0.0000,0.0000,35.0346
0.0000,0.0000,34.8712
0.0000,0.0000,33.1607
0.0000,0.0000,35.0501
0.0000,0.0000,35.1591
0.0000,0.0000,35.9305
0.0000,0.0000,37.0024
0.0000,0.0000,35.4156
0.0000,0.0000,36.4664
0.0000,0.0000,36.0010
0.0000,0.0000,36.6635
0.0000,0.0000,38.1844
0.0000,0.0000,38.8331
0.0000,0.0000,39.7745
0.0000,0.0000,40.5975
0.0000,0.0000,38.7419
0.0000,0.0000,43.3698
0.0000,0.0000,40.7813
0.0000,0.0000,34.8943
0.0000,0.0000,37.9919
0.0000,0.0000,39.7138
0.0000,0.0000,35.3685
0.0000,0.0000,38.6959
0.0000,0.0000,40.4081
0.0000,0.0000,39.9296
0.0000,0.0000,40.6394
0.0000,0.0000,38.4683
0.0000,0.0000,40.1005
0.0000,0.0000,38.7728
0.0000,0.0000,40.0796
0.0000,0.0000,37.7890
2.8133,12.2107,39.2255
13.9067,60.3591,39.2534
25.1595,109.1993,41.0918
36.4834,158.3480,39.7894
47.8368,207.6250,37.5575
59.1712,256.8193,36.1368
70.4379,305.7202,37.8544
81.5888,354.1183,38.3687
92.5762,401.8063,37.5450
103.3529,448.5801,37.3594
113.8728,494.2394,38.8507
124.0908,538.5887,37.3622
134.0989,582.0266,37.7149
143.5757,623.1583,35.2925
152.6243,662.4318,36.8808
161.2060,699.6790,38.2508
169.2842,734.7403,36.4771
176.8241,767.4656,35.7902
183.7935,797.7148,34.2831
190.1626,825.3583,34.5308
195.9040,850.2778,36.8035
200.0000,872.3666,33.3750
200.0000,891.5300,33.3580
200.0000,907.6860,33.1239
200.0000,920.7654,34.7604
200.0000,930.7122,36.4989
200.0000,937.4839,33.2728
200.0000,941.0514,30.0473
200.0000,941.3994,33.2189
200.0000,938.5266,33.1268
200.0000,932.4450,32.2049
200.0000,923.1808,32.6614
200.0000,910.7737,30.2508
200.0000,895.2769,30.8360
200.0000,876.7565,27.8467
197.0593,855.2921,29.8922
191.4567,830.9755,30.4962
185.2210,803.9107,30.5372
178.3788,774.2137,28.5371
170.9595,742.0117,32.5537
162.9948,707.4426,27.0463
154.5188,670.6544,30.2412
145.5678,631.8046,27.9727
136.1801,591.0596,30.3368
126.3960,548.5939,30.5699
116.2574,504.5892,27.6274
105.8075,459.2342,30.0117
95.0913,412.7228,29.4496
84.1546,365.2544,29.7125
73.0442,317.0322,30.1393
61.8077,268.2628,27.7420
50.4933,219.1548,31.6182
39.1493,169.9186,30.0998
27.8243,120.7652,29.7128
16.5536,71.8474,28.9803
5.4382,23.6034,30.6388
0.0000,0.0000,30.9035
0.0000,0.0000,30.7437
0.0000,0.0000,32.0962
0.0000,0.0000,32.1777
0.0000,0.0000,33.9033
0.0000,0.0000,30.6387
0.0000,0.0000,32.1672
0.0000,0.0000,33.1567
0.0000,0.0000,34.2311
0.0000,0.0000,36.3236
0.0000,0.0000,35.5276
0.0000,0.0000,34.2715
0.0000,0.0000,35.8496
0.0000,0.0000,35.3013
0.0000,0.0000,35.2400
0.0000,0.0000,35.6262
0.0000,0.0000,34.1105
0.0000,0.0000,36.0234
0.0000,0.0000,36.6907
0.0000,0.0000,36.2936
0.0000,0.0000,37.9293
0.0000,0.0000,36.8440
0.0000,0.0000,36.5360
0.0000,0.0000,38.3463
0.0000,0.0000,38.3098
0.0000,0.0000,39.8978
0.0000,0.0000,39.2258
0.0000,0.0000,41.0164
0.0000,0.0000,39.9716
0.0000,0.0000,38.0885
0.0000,0.0000,37.5508
0.0000,0.0000,38.4263
0.0000,0.0000,38.7440
0.0000,0.0000,39.2897
0.0000,0.0000,41.3742
0.0000,0.0000,40.9879
0.0000,0.0000,38.6436
0.0000,0.0000,40.4501
0.0000,0.0000,40.3190
0.0000,0.0000,38.8979
3.0571,13.2686,39.9727
14.1413,61.3771,40.8716
25.3853,110.1793,42.9668
36.6998,159.2872,41.1263
48.0438,208.5234,41.9584
59.3688,257.6769,39.5669
70.6262,306.5372,38.1763
81.7679,354.8952,36.0171
92.7461,402.5438,37.9935
103.5138,449.2788,37.0382
114.0250,494.9003,36.3670
124.2346,539.2128,37.9962
134.2262,582.5788,38.9764
143.6955,623.6782,36.0509
152.7370,662.9209,35.8446
161.3120,700.1389,35.3968
169.3838,735.1727,36.8140
176.9178,767.8723,36.2307
183.8817,798.0977,37.0080
190.2458,825.7195,36.5601
195.9827,850.6195,33.9630
200.0000,872.6909,34.0948
200.0000,891.8392,34.7998
200.0000,907.9826,31.6792
200.0000,921.0518,35.1495
200.0000,930.9908,31.5134
200.0000,937.7571,33.6615
200.0000,941.3218,31.3275
200.0000,941.6696,31.3114
200.0000,938.7990,32.4680
200.0000,932.7222,32.1891
200.0000,923.4653,33.3475
200.0000,911.0679,31.8414
200.0000,895.5833,31.4927
200.0000,877.0775,31.5216
197.1371,855.6298,31.0302
191.5390,831.3323,31.2321
185.3081,804.2888,30.7801
178.4713,774.6151,31.3776
171.0578,742.4384,27.0776
163.0993,707.8964,29.8089
154.6300,671.1370,30.3899
145.6860,632.3177,27.3598
136.3057,591.6047,29.2936
126.5293,549.1723,30.6081
116.3986,505.2022,31.5148
105.9570,459.8827,30.3597
95.2492,413.4079,31.7449
84.3210,365.9768,30.5136
73.2194,317.7924,30.4563
61.9917,269.0612,30.0518
50.6861,219.9918,31.7369
39.3510,170.7943,32.7124
28.0349,121.6794,29.9743
16.7726,72.7977,30.4781
5.6659,24.5916,28.4342
0.0000,0.0000,29.7624
0.0000,0.0000,32.1271
0.0000,0.0000,32.3568
0.0000,0.0000,33.2266
0.0000,0.0000,30.9003
0.0000,0.0000,32.9910
0.0000,0.0000,32.9682
0.0000,0.0000,33.1203
0.0000,0.0000,33.5477
0.0000,0.0000,34.1603
0.0000,0.0000,33.5878
0.0000,0.0000,35.6142
0.0000,0.0000,33.4242
0.0000,0.0000,34.3154
0.0000,0.0000,38.0977
0.0000,0.0000,33.5598
0.0000,0.0000,36.5113
0.0000,0.0000,39.3077
0.0000,0.0000,37.1374
0.0000,0.0000,36.0926
0.0000,0.0000,34.6215
0.0000,0.0000,39.1397
0.0000,0.0000,39.1582
0.0000,0.0000,36.2334
0.0000,0.0000,40.4244
0.0000,0.0000,39.2832
0.0000,0.0000,40.1737
0.0000,0.0000,39.1864
0.0000,0.0000,40.1599
0.0000,0.0000,37.4948
0.0000,0.0000,40.2655
0.0000,0.0000,36.6422
0.0000,0.0000,40.1701
0.0000,0.0000,38.8972
0.0000,0.0000,38.5079
0.0000,0.0000,40.1209
0.0000,0.0000,38.1353
0.0000,0.0000,42.5763
0.0000,0.0000,39.2277
0.0000,0.0000,38.8283
3.2866,14.2649,39.7218
14.3621,62.3357,38.7749
25.5979,111.1018,37.9104
36.9035,160.1712,38.2696
48.2386,209.3687,38.5274
59.5546,258.4836,38.1998
70.8032,307.3056,39.7066
81.9362,355.6257,37.7528
92.9058,403.2368,38.3400
103.6651,449.9352,39.4915
114.1680,495.5209,40.4132
124.3696,539.7986,33.7723
134.3450,583.0948,38.9915
143.8073,624.1638,38.5131
152.8422,663.3775,36.8389
161.4108,700.5679,34.8848
169.4767,735.5758,34.4432
177.0051,768.2512,37.1058
183.9639,798.4543,33.1902
190.3232,826.0557,34.4490
196.0559,850.9372,32.6617
200.0000,872.9923,34.2424
200.0000,892.1265,36.8554
200.0000,908.2579,32.6617
200.0000,921.3174,31.5791
200.0000,931.2490,30.4312
200.0000,938.0104,33.1102
200.0000,941.5724,31.8050
200.0000,941.9199,32.2519
200.0000,939.0514,33.4793
200.0000,932.9791,30.4012
200.0000,923.7291,32.7496
200.0000,911.3409,31.1524
200.0000,895.8677,31.9273
200.0000,877.3756,31.5006
197.2095,855.9438,32.2739
191.6154,831.6642,32.8107
185.3892,804.6407,29.4908
178.5575,774.9891,28.8071
171.1494,742.8361,28.9212
163.1969,708.3197,29.5485
154.7338,671.5876,28.0034
145.7964,632.7970,29.9986
136.4231,592.1141,29.4098
126.6539,549.7131,30.0624
116.5307,505.7755,30.7019
106.0968,460.4895,29.4940
95.3969,414.0491,29.8314
84.4769,366.6531,30.2696
73.3834,318.5044,29.3085
62.1640,269.8092,29.9573
50.8668,220.7761,32.3264
39.5401,171.6150,31.1991
28.2324,122.5364,30.4603
16.9779,73.6888,31.3925
5.8794,25.5183,31.2849
0.0000,0.0000,32.8063
0.0000,0.0000,31.2988
0.0000,0.0000,30.6275
0.0000,0.0000,30.4434
0.0000,0.0000,32.0773
0.0000,0.0000,31.7505
0.0000,0.0000,33.2430
0.0000,0.0000,34.3004
0.0000,0.0000,30.6255
0.0000,0.0000,33.3732
0.0000,0.0000,33.9498
0.0000,0.0000,32.2368
0.0000,0.0000,35.5018
0.0000,0.0000,34.7326
0.0000,0.0000,34.1541
0.0000,0.0000,36.3532
0.0000,0.0000,38.3138
0.0000,0.0000,38.4884
0.0000,0.0000,37.0265
0.0000,0.0000,36.2261
0.0000,0.0000,35.6155
0.0000,0.0000,38.2320
0.0000,0.0000,38.3020
0.0000,0.0000,37.1266
0.0000,0.0000,37.8897
0.0000,0.0000,39.8026
0.0000,0.0000,40.1477
0.0000,0.0000,38.2901
0.0000,0.0000,39.1372
0.0000,0.0000,39.2163
0.0000,0.0000,37.6178
0.0000,0.0000,38.3934
0.0000,0.0000,38.4840
0.0000,0.0000,38.4109
0.0000,0.0000,41.1759
0.0000,0.0000,40.8073
0.0000,0.0000,38.5659
0.0000,0.0000,38.3332
0.0000,0.0000,38.2939
0.0000,0.0000,40.6916
3.5019,15.1993,38.0437
14.5692,63.2345,37.3689
25.7971,111.9667,38.1397
37.0944,160.9998,41.3013
48.4211,210.1609,39.2040
59.7288,259.2395,40.9323
70.9690,308.0254,39.3753
82.0937,356.3097,37.3962
93.0552,403.8856,39.8760
103.8066,450.5494,37.2116
114.3018,496.1013,34.6538
124.4958,540.3463,38.9874
134.4557,583.5749,37.2305
143.9114,624.6154,35.4035
152.9400,663.8019,36.8289
161.5027,700.9665,36.6589
169.5629,735.9501,32.8487
177.0861,768.6028,35.6867
184.0401,798.7849,33.3847
190.3950,826.3672,33.5417
196.1237,851.2314,33.1448
200.0000,873.2712,32.1677
200.0000,892.3921,36.2732
200.0000,908.5123,32.8280
200.0000,921.5627,34.9161
200.0000,931.4875,35.0490
200.0000,938.2441,33.7855
200.0000,941.8037,32.3336
200.0000,942.1510,34.5214
200.0000,939.2844,33.2511
200.0000,933.2164,30.3290
200.0000,923.9728,29.1651
200.0000,911.5932,30.0272
200.0000,896.1307,29.4613
200.0000,877.6514,30.5576
197.2764,856.2346,29.9166
191.6863,831.9718,28.3682
185.4644,804.9670,33.4739
178.6374,775.3359,29.2416
171.2345,743.2054,31.0189
163.2874,708.7129,29.9926
154.8302,672.0062,30.0303
145.8991,633.2426,33.6958
136.5323,592.5879,29.4802
126.7698,550.2163,29.5571
116.6537,506.3093,28.7968
106.2270,461.0547,31.2307
95.5346,414.6465,28.7195
84.6221,367.2834,30.2613
73.5363,319.1681,28.9513
62.3248,270.5067,29.6195
51.0354,221.5077,29.8265
39.7165,172.3807,31.9693
28.4167,123.3362,31.5142
17.1695,74.5204,32.4103
6.0787,26.3834,29.7048
0.0000,0.0000,31.0475
0.0000,0.0000,31.3185
0.0000,0.0000,32.0885
0.0000,0.0000,33.1690
0.0000,0.0000,33.0843
0.0000,0.0000,32.6536
0.0000,0.0000,32.7888
0.0000,0.0000,35.1139
0.0000,0.0000,35.0660
0.0000,0.0000,34.8566
0.0000,0.0000,35.2230
0.0000,0.0000,32.5507
0.0000,0.0000,36.1912
0.0000,0.0000,34.3927
0.0000,0.0000,33.7539
0.0000,0.0000,33.6582
0.0000,0.0000,35.1880
0.0000,0.0000,36.0477
0.0000,0.0000,33.7651
0.0000,0.0000,36.8406
0.0000,0.0000,39.6232
0.0000,0.0000,37.8918
0.0000,0.0000,35.8352
0.0000,0.0000,39.5117
0.0000,0.0000,36.6067
0.0000,0.0000,39.0689
0.0000,0.0000,36.9640
0.0000,0.0000,39.9104
0.0000,0.0000,40.6558
0.0000,0.0000,39.0469
0.0000,0.0000,41.8205
0.0000,0.0000,40.0111
0.0000,0.0000,40.6033
0.0000,0.0000,40.6778
0.0000,0.0000,39.4525
0.0000,0.0000,39.3558
0.0000,0.0000,42.5641
0.0000,0.0000,40.5927
0.0000,0.0000,40.0538
0.0000,0.0000,37.1535
3.7029,16.0715,37.9010
14.7625,64.0734,38.1662
25.9831,112.7738,39.4964
37.2725,161.7729,41.9630
48.5913,210.8998,37.2521
59.8912,259.9443,41.4460
71.1236,308.6964,38.3410
82.2406,356.9471,37.5872
93.1945,404.4901,36.9343
103.9384,451.1215,38.2141
114.4263,496.6418,39.5405
124.6132,540.8560,39.0630
134.5580,584.0192,37.3592
144.0076,625.0332,35.9403
153.0304,664.1943,38.5899
161.5875,701.3348,39.8962
169.6425,736.2958,36.7204
177.1609,768.9274,36.9608
184.1103,799.0900,33.5378
190.4612,826.6544,33.9549
196.1862,851.5024,33.2905
200.0000,873.5280,35.0053
200.0000,892.6365,35.6820
200.0000,908.7463,34.4727
200.0000,921.7882,33.3594
200.0000,931.7066,33.2899
200.0000,938.4589,35.0983
200.0000,942.0162,31.1116
200.0000,942.3632,32.5650
200.0000,939.4985,32.4049
200.0000,933.4344,27.9322
200.0000,924.1968,30.8340
200.0000,911.8252,30.8451
200.0000,896.3727,29.8067
200.0000,877.9054,31.7859
197.3382,856.5024,29.3584
191.7516,832.2554,30.4798
185.5338,805.2681,29.2374
178.7112,775.6561,31.7812
171.3131,743.5464,30.3143
163.3712,709.0762,31.1083
154.9194,672.3933,30.3702
145.9940,633.6547,32.5740
136.6333,593.0264,29.1344
126.8772,550.6823,29.7132
116.7675,506.8036,26.8776
106.3477,461.5784,31.5112
95.6621,415.2002,28.5790
84.7567,367.8677,30.9413
73.6781,319.7836,29.5722
62.4738,271.1537,29.8363
51.1917,222.1864,30.5829
39.8802,173.0912,31.8597
28.5877,124.0784,29.4300
17.3474,75.2924,31.0746
6.2638,27.1866,32.6050
0.0000,0.0000,35.1042
0.0000,0.0000,33.6184
0.0000,0.0000,31.6539
0.0000,0.0000,31.0258
0.0000,0.0000,32.0936
0.0000,0.0000,35.5378
0.0000,0.0000,32.4506
0.0000,0.0000,35.2224
0.0000,0.0000,33.8501
0.0000,0.0000,33.6535
0.0000,0.0000,34.5197
0.0000,0.0000,35.2892
0.0000,0.0000,35.3753
0.0000,0.0000,35.6497
0.0000,0.0000,34.9140
0.0000,0.0000,33.4600
0.0000,0.0000,38.2476
0.0000,0.0000,35.3856
0.0000,0.0000,38.3912
0.0000,0.0000,36.7015
0.0000,0.0000,40.3137
0.0000,0.0000,37.9098
0.0000,0.0000,37.5415
0.0000,0.0000,37.8386
0.0000,0.0000,38.1107
0.0000,0.0000,37.6894
0.0000,0.0000,36.4279
0.0000,0.0000,38.0286
0.0000,0.0000,39.8510
0.0000,0.0000,36.1618
0.0000,0.0000,39.9791
0.0000,0.0000,41.7955
0.0000,0.0000,39.4781
0.0000,0.0000,40.8462
0.0000,0.0000,41.9118
0.0000,0.0000,39.4072
0.0000,0.0000,38.2023
0.0000,0.0000,39.7816
0.0000,0.0000,43.1325
0.0000,0.0000,40.0150
3.8895,16.8813,44.4171
14.9419,64.8521,40.0754
26.1557,113.5229,41.9654
37.4377,162.4902,39.4605
48.7493,211.5854,38.8480
60.0418,260.5982,40.9861
71.2670,309.3186,39.3712
82.3768,357.5382,39.3766
93.3236,405.0503,36.7356
104.0605,451.6516,36.5356
114.5416,497.1424,37.8577
124.7220,541.3280,35.5836
134.6522,584.4280,36.7202
144.0962,625.4174,37.8781
153.1135,664.5549,36.1984
161.6655,701.6732,38.2164
169.7157,736.6132,37.2121
177.2295,769.2252,35.0642
184.1748,799.3698,36.3183
190.5218,826.9175,33.8500
196.2434,851.7508,33.9934
200.0000,873.7631,32.1552
200.0000,892.8602,35.3023
200.0000,908.9603,34.6751
200.0000,921.9944,36.8048
200.0000,931.9069,34.4746
200.0000,938.6551,31.3572
200.0000,942.2102,35.3703
200.0000,942.5570,34.4355
200.0000,939.6941,31.7477
200.0000,933.6335,34.2171
200.0000,924.4015,32.9062
200.0000,912.0374,32.6295
200.0000,896.5941,30.1563
200.0000,878.1379,29.7285
197.3947,856.7477,31.3081
191.8115,832.5152,31.2746
185.5974,805.5441,32.3751
178.7789,775.9500,31.6177
171.3852,743.8594,30.3029
163.4481,709.4100,30.9923
155.0014,672.7491,30.7652
146.0814,634.0338,30.7426
136.7262,593.4297,30.6829
126.9760,551.1110,30.2736
116.8724,507.2587,31.7600
106.4588,462.0606,29.7538
95.7796,415.7102,30.3869
84.8808,368.4061,30.1771
73.8088,320.3508,29.4460
62.6112,271.7501,32.6534
51.3359,222.8121,32.4596
40.0312,173.7464,32.4799
28.7454,124.7630,27.0622
17.5115,76.0046,32.3108
6.4345,27.9276,32.1214
0.0000,0.0000,31.5405
0.0000,0.0000,30.3110
0.0000,0.0000,31.7036
0.0000,0.0000,31.5718
0.0000,0.0000,32.1978
0.0000,0.0000,31.3935
0.0000,0.0000,33.8018
0.0000,0.0000,32.3215
0.0000,0.0000,29.0485
0.0000,0.0000,32.1826
0.0000,0.0000,34.8724
0.0000,0.0000,34.3890
0.0000,0.0000,35.1390
0.0000,0.0000,36.5547
0.0000,0.0000,38.7132
0.0000,0.0000,38.9425
0.0000,0.0000,36.8618
0.0000,0.0000,36.5144
0.0000,0.0000,39.9717
0.0000,0.0000,38.5931
0.0000,0.0000,33.7702
0.0000,0.0000,38.7161
0.0000,0.0000,38.7597
0.0000,0.0000,37.5515
0.0000,0.0000,39.7422
0.0000,0.0000,38.9844
0.0000,0.0000,39.0433
0.0000,0.0000,40.4712
0.0000,0.0000,40.0760
0.0000,0.0000,37.3173
0.0000,0.0000,38.4982
0.0000,0.0000,42.1148
0.0000,0.0000,40.8087
0.0000,0.0000,41.6731
0.0000,0.0000,39.0583
0.0000,0.0000,39.1203
0.0000,0.0000,41.4611
0.0000,0.0000,40.9177
0.0000,0.0000,39.5641
0.0000,0.0000,39.6990
4.0616,17.6285,40.7522
15.1075,65.5705,37.2149
26.3149,114.2138,41.4039
37.5902,163.1518,37.5280
48.8949,212.2175,37.3403
60.1807,261.2009,36.1800
71.3992,309.8922,36.5094
82.5023,358.0828,40.6349
93.4425,405.5664,40.1655
104.1730,452.1397,37.7197
114.6478,497.6033,38.6264
124.8221,541.7624,36.8066
134.7382,584.8013,36.5173
144.1770,625.7681,38.1918
153.1893,664.8842,37.1302
161.7366,701.9819,35.6409
169.7824,736.9026,37.3473
177.2920,769.4967,36.0500
184.2335,799.6246,37.1839
190.5770,827.1572,36.6324
196.2954,851.9767,32.7063
200.0000,873.9769,31.3612
200.0000,893.0635,35.8489
200.0000,909.1547,34.8626
200.0000,922.1816,32.6456
200.0000,932.0886,35.2090
200.0000,938.8331,33.7860
200.0000,942.3863,32.5176
200.0000,942.7329,32.6590
200.0000,939.8715,33.6432
200.0000,933.8144,32.9551
200.0000,924.5874,32.7933
200.0000,912.2300,33.8297
200.0000,896.7953,31.4039
200.0000,878.3493,29.6879
197.4461,856.9709,33.8851
191.8660,832.7518,30.4561
185.6553,805.7956,29.8701
178.8406,776.2177,30.8059
171.4510,744.1449,31.4363
163.5182,709.7144,31.4080
155.0762,673.0737,29.6925
146.1611,634.3798,30.7204
136.8111,593.7982,30.5506
127.0662,551.5027,32.1310
116.9682,507.6746,30.8219
106.5603,462.5014,29.9548
95.8871,416.1766,31.1425
84.9942,368.8986,30.2705
73.9284,320.8698,27.2810
62.7370,272.2959,30.7451
51.4679,223.3849,28.0718
40.1694,174.3462,33.1599
28.8898,125.3899,31.6613
17.6617,76.6567,31.4498
6.5909,28.6062,31.0344
0.0000,0.0000,35.1598
0.0000,0.0000,30.9043
0.0000,0.0000,34.4258
0.0000,0.0000,35.3630
0.0000,0.0000,33.6796
0.0000,0.0000,32.4756
0.0000,0.0000,34.0137
0.0000,0.0000,33.9493
0.0000,0.0000,35.1991
0.0000,0.0000,33.8637
0.0000,0.0000,31.5322
0.0000,0.0000,34.6303
0.0000,0.0000,38.2169
0.0000,0.0000,37.0032
0.0000,0.0000,36.6079
0.0000,0.0000,33.7324
0.0000,0.0000,35.9109
0.0000,0.0000,36.1117
0.0000,0.0000,35.3921
0.0000,0.0000,36.0144
0.0000,0.0000,37.6380
0.0000,0.0000,41.9389
0.0000,0.0000,39.8880
0.0000,0.0000,38.6726
0.0000,0.0000,42.6893
0.0000,0.0000,38.0708
0.0000,0.0000,39.6870
0.0000,0.0000,41.0050
0.0000,0.0000,38.3759
0.0000,0.0000,42.8536
0.0000,0.0000,41.6465
0.0000,0.0000,38.6866
0.0000,0.0000,40.6651
0.0000,0.0000,40.4783
0.0000,0.0000,39.1947
0.0000,0.0000,38.1996
0.0000,0.0000,41.8618
0.0000,0.0000,40.3864
0.0000,0.0000,38.0811
0.0000,0.0000,41.2554
4.2193,18.3129,40.4521
15.2590,66.2284,39.0181
26.4606,114.8465,38.4838
37.7297,163.7575,39.5902
49.0282,212.7961,39.2159
60.3078,261.7525,38.5191
71.5201,310.4169,42.4202
82.6171,358.5809,38.6069
93.5512,406.0384,36.1732
104.2758,452.5860,38.6601
114.7448,498.0245,36.9266
124.9135,542.1593,38.3525
134.8161,585.1395,36.8784
144.2501,626.0856,38.4415
153.2579,665.1820,37.5288
161.8010,702.2612,38.4780
169.8427,737.1643,35.6531
177.3486,769.7420,34.5827
184.2865,799.8547,35.8818
190.6269,827.3736,37.4849
196.3424,852.1807,35.0300
200.0000,874.1697,37.7013
200.0000,893.2467,32.4140
200.0000,909.3298,35.0098
200.0000,922.3503,34.6880
200.0000,932.2523,36.4163
200.0000,938.9933,32.2168
200.0000,942.5447,30.8220
200.0000,942.8912,32.6022
200.0000,940.0313,30.6977
200.0000,933.9772,31.6695
200.0000,924.7548,32.2581
200.0000,912.4037,31.8948
200.0000,896.9767,33.3447
200.0000,878.5400,29.8779
197.4925,857.1723,30.0735
191.9152,832.9653,30.8341
185.7076,806.0227,29.5783
178.8963,776.4597,28.0743
171.5104,744.4030,29.3956
163.5816,709.9898,31.9541
155.1439,673.3675,29.7926
146.2333,634.6930,30.8984
136.8880,594.1318,30.8746
127.1480,551.8576,30.5546
117.0551,508.0515,29.4338
106.6524,462.9010,26.6724
95.9845,416.5995,30.8104
85.0971,369.3452,31.6991
74.0369,321.3405,31.0954
62.8511,272.7910,28.6634
51.5876,223.9046,31.6235
40.2948,174.8905,32.0868
29.0209,125.9588,29.9915
17.7981,77.2487,32.5733
6.7328,29.2223,30.9225
0.0000,0.0000,31.6275
0.0000,0.0000,32.1633
0.0000,0.0000,35.7500
0.0000,0.0000,31.2322
0.0000,0.0000,31.2799
0.0000,0.0000,30.9023
0.0000,0.0000,32.2309
0.0000,0.0000,33.2865
0.0000,0.0000,34.7127
0.0000,0.0000,33.6790
0.0000,0.0000,35.1741
0.0000,0.0000,35.6198
0.0000,0.0000,33.7508
0.0000,0.0000,33.9265
0.0000,0.0000,34.8539
0.0000,0.0000,37.9684
0.0000,0.0000,35.5446
0.0000,0.0000,35.8114
0.0000,0.0000,37.4665
0.0000,0.0000,36.0618
0.0000,0.0000,36.4011
0.0000,0.0000,39.6668
0.0000,0.0000,37.2117
0.0000,0.0000,39.2494
0.0000,0.0000,41.6115
0.0000,0.0000,39.3221
0.0000,0.0000,40.2355
0.0000,0.0000,39.1584
0.0000,0.0000,39.0766
0.0000,0.0000,38.3042
0.0000,0.0000,39.9135
0.0000,0.0000,38.4268
0.0000,0.0000,42.4511
0.0000,0.0000,40.0894
0.0000,0.0000,39.0617
0.0000,0.0000,41.2639
0.0000,0.0000,41.6296
0.0000,0.0000,40.1453
0.0000,0.0000,44.8811
0.0000,0.0000,38.4930
4.3624,18.9341,43.2654
15.3966,66.8256,40.0035
26.5929,115.4207,44.3910
37.8564,164.3071,42.3040
49.1492,213.3211,39.1601
60.4231,262.2529,40.2851
71.6297,310.8929,39.4232
82.7211,359.0327,41.5692
93.6498,406.4663,39.9191
104.3690,452.9906,39.5941
114.8328,498.4062,38.5325
124.9963,542.5188,37.9399
134.8860,585.4425,36.1219
144.3157,626.3701,36.6944
153.3194,665.4489,38.8794
161.8586,702.5112,36.6406
169.8966,737.3986,36.8019
177.3991,769.9615,37.4254
184.3340,800.0606,37.1916
190.6714,827.5670,35.3125
196.3844,852.3628,36.7809
200.0000,874.3420,35.4060
200.0000,893.4103,35.9501
200.0000,909.4861,34.4811
200.0000,922.5007,33.7466
200.0000,932.3981,28.5665
200.0000,939.1362,32.0820
200.0000,942.6860,36.3276
200.0000,943.0323,34.8860
200.0000,940.1736,33.1442
200.0000,934.1223,30.0503
200.0000,924.9041,30.6518
200.0000,912.5586,32.3936
200.0000,897.1386,30.2256
200.0000,878.7102,29.8992
197.5340,857.3522,34.6633
191.9592,833.1562,30.1746
185.7544,806.2257,31.2815
178.9462,776.6761,32.5555
171.5636,744.6339,27.4608
163.6384,710.2363,33.3744
155.2045,673.6306,31.5770
146.2979,634.9736,29.1306
136.9568,594.4307,27.0648
127.2213,552.1757,30.7985
117.1329,508.3894,32.2921
106.7349,463.2593,30.6332
96.0719,416.9788,32.3284
85.1895,369.7459,30.9175
74.1342,321.7630,28.2059
62.9534,273.2354,30.6471
51.6951,224.3711,29.5808
40.4074,175.3793,28.6960
29.1386,126.4697,29.9981
17.9206,77.7803,31.5272
6.8603,29.7757,31.2615
0.0000,0.0000,33.1475
0.0000,0.0000,31.0584
0.0000,0.0000,32.4674
0.0000,0.0000,33.0268
0.0000,0.0000,35.3161
0.0000,0.0000,32.6998
0.0000,0.0000,34.9235
0.0000,0.0000,31.6512
0.0000,0.0000,32.5362
0.0000,0.0000,34.9816
0.0000,0.0000,31.1120
0.0000,0.0000,32.6627
0.0000,0.0000,38.2156
0.0000,0.0000,36.7492
0.0000,0.0000,37.6675
0.0000,0.0000,36.2620
0.0000,0.0000,37.5472
0.0000,0.0000,39.6030
0.0000,0.0000,37.6421
0.0000,0.0000,35.2958
0.0000,0.0000,37.7413
0.0000,0.0000,39.6814
0.0000,0.0000,38.7755
0.0000,0.0000,40.1704
0.0000,0.0000,36.4573
0.0000,0.0000,41.0602
0.0000,0.0000,42.2231
0.0000,0.0000,40.1234
0.0000,0.0000,41.1712
0.0000,0.0000,39.2898
0.0000,0.0000,37.9711
0.0000,0.0000,40.5615
0.0000,0.0000,39.7273
0.0000,0.0000,40.3348
0.0000,0.0000,39.3140
0.0000,0.0000,42.0510
0.0000,0.0000,44.7062
0.0000,0.0000,39.3043
0.0000,0.0000,41.7123
0.0000,0.0000,42.5467
4.4910,19.4922,39.3617
15.5202,67.3620,37.7163
26.7117,115.9363,38.1896
37.9701,164.8006,39.4055
49.2578,213.7925,39.6095
60.5266,262.7021,39.5823
71.7281,311.3200,40.0239
82.8145,359.4381,39.5051
93.7383,406.8502,39.8366
104.4526,453.3534,36.8557
114.9117,498.7485,38.1015
125.0706,542.8411,38.3836
134.9477,585.7106,38.2916
144.3737,626.6218,39.0584
153.3737,665.6847,36.4676
161.9095,702.7322,35.1615
169.9443,737.6055,34.0588
177.4438,770.1553,36.4364
184.3758,800.2423,36.2136
190.7108,827.7376,34.9157
196.4214,852.5235,35.6682
200.0000,874.4938,32.5046
200.0000,893.5544,36.5052
200.0000,909.6238,34.1953
200.0000,922.6331,34.3436
200.0000,932.5266,32.0277
200.0000,939.2620,34.9037
200.0000,942.8104,30.8937
200.0000,943.1565,32.4085
200.0000,940.2990,30.8060
200.0000,934.2501,33.7804
200.0000,925.0356,32.3314
200.0000,912.6951,34.0639
200.0000,897.2812,31.9516
200.0000,878.8602,29.3805
197.5705,857.5109,29.5896
191.9980,833.3246,30.8240
185.7957,806.4050,29.3385
178.9902,776.8672,33.2560
171.6107,744.8379,29.9172
163.6886,710.4542,30.2643
155.2581,673.8632,29.8036
146.3551,635.2217,29.8462
137.0178,594.6952,31.1210
127.2861,552.4572,29.7148
117.2018,508.6884,31.2052
106.8080,463.5765,31.4553
96.1493,417.3146,31.0590
85.2712,370.1007,31.2174
74.2204,322.1371,32.8806
63.0441,273.6291,26.4628
51.7903,224.7845,30.0955
40.5072,175.8123,30.0896
29.2429,126.9224,32.4808
18.0291,78.2515,30.4083
6.9733,30.2662,31.9132
0.0000,0.0000,30.7001
0.0000,0.0000,30.5486
0.0000,0.0000,32.7374
0.0000,0.0000,33.0952
0.0000,0.0000,34.0024
0.0000,0.0000,33.1851
0.0000,0.0000,32.4570
0.0000,0.0000,33.5849
0.0000,0.0000,35.4675
0.0000,0.0000,36.0335
0.0000,0.0000,33.7970
0.0000,0.0000,34.2839
0.0000,0.0000,34.8646
0.0000,0.0000,34.5696
0.0000,0.0000,36.3326
0.0000,0.0000,36.1053
0.0000,0.0000,37.0598
0.0000,0.0000,36.8346
0.0000,0.0000,38.0502
0.0000,0.0000,39.2622
0.0000,0.0000,37.5666
0.0000,0.0000,38.0704
0.0000,0.0000,38.8813
0.0000,0.0000,38.8848
0.0000,0.0000,39.2280
0.0000,0.0000,38.2807
0.0000,0.0000,38.8299
0.0000,0.0000,41.9448
0.0000,0.0000,40.2588
0.0000,0.0000,40.9586
0.0000,0.0000,41.9931
0.0000,0.0000,43.5115
0.0000,0.0000,40.6447
0.0000,0.0000,39.8192
0.0000,0.0000,41.4937
0.0000,0.0000,40.0625
0.0000,0.0000,39.7334
0.0000,0.0000,42.1492
0.0000,0.0000,40.0822
0.0000,0.0000,40.5601
4.6050,19.9868,41.2118
15.6297,67.8374,39.6593
26.8170,116.3933,38.7500
38.0708,165.2379,41.1325
49.3540,214.2101,38.6497
60.6182,263.1000,41.9841
71.8153,311.6984,38.3930
82.8972,359.7971,36.3360
93.8166,407.1902,36.9482
104.5266,453.6746,42.5498
114.9815,499.0515,38.6622
125.1363,543.1263,38.7348
135.0014,585.9438,37.3696
144.4241,626.8406,39.2153
153.4210,665.8898,35.7252
161.9538,702.9243,38.7372
169.9857,737.7853,38.6150
177.4826,770.3237,35.2963
184.4122,800.4001,37.8205
190.7449,827.8857,37.4742
196.4535,852.6629,37.7020
200.0000,874.6255,38.9405
200.0000,893.6794,36.7737
200.0000,909.7432,34.1112
200.0000,922.7479,35.4293
200.0000,932.6379,33.1023
200.0000,939.3709,32.5383
200.0000,942.9180,32.9805
200.0000,943.2641,30.2670
200.0000,940.4076,34.1620
200.0000,934.3608,31.6306
200.0000,925.1495,33.4348
200.0000,912.8133,29.6187
200.0000,897.4050,31.1787
200.0000,878.9904,31.9070
197.6022,857.6486,28.8059
192.0317,833.4708,29.5918
185.8316,806.5606,32.2884
179.0285,777.0333,30.8470
171.6515,745.0152,31.3302
163.7323,710.6436,28.7907
155.3047,674.0654,30.7702
146.4048,635.4375,31.2966
137.0708,594.9252,30.3439
127.3426,552.7020,29.8181
117.2618,508.9488,32.3360
106.8717,463.8527,31.3253
96.2167,417.6071,30.9995
85.3424,370.4098,29.1210
74.2955,322.4630,30.6091
63.1232,273.9720,31.0362
51.8733,225.1446,31.7613
40.5941,176.1897,31.9881
29.3338,127.3169,33.7919
18.1238,78.6621,31.8269
7.0718,30.6937,30.7821
0.0000,0.0000,31.9071
0.0000,0.0000,30.1595
0.0000,0.0000,34.1714
0.0000,0.0000,33.2192
0.0000,0.0000,32.9525
0.0000,0.0000,33.2255
0.0000,0.0000,36.2979
0.0000,0.0000,33.4682
0.0000,0.0000,33.0255
0.0000,0.0000,35.7801
0.0000,0.0000,33.8105
0.0000,0.0000,33.9687
0.0000,0.0000,35.6035
0.0000,0.0000,35.7604
0.0000,0.0000,34.9212
0.0000,0.0000,38.3727
0.0000,0.0000,37.2503
0.0000,0.0000,39.8682
0.0000,0.0000,35.6228
0.0000,0.0000,35.4007
0.0000,0.0000,37.4418
0.0000,0.0000,37.4439
0.0000,0.0000,37.3129
0.0000,0.0000,37.6866
0.0000,0.0000,37.4030
0.0000,0.0000,41.1318
0.0000,0.0000,41.1308
0.0000,0.0000,38.7892
0.0000,0.0000,40.6472
0.0000,0.0000,40.6573
0.0000,0.0000,38.2262
0.0000,0.0000,42.1319
0.0000,0.0000,38.1860
0.0000,0.0000,39.6660
0.0000,0.0000,40.2389
0.0000,0.0000,41.8787
0.0000,0.0000,41.7366
0.0000,0.0000,45.3226
0.0000,0.0000,41.3728
0.0000,0.0000,40.4257
4.7043,20.4179,42.2668
15.7252,68.2517,39.9992
26.9088,116.7915,40.1564
38.1586,165.6190,39.3245
49.4378,214.5739,40.1797
60.6981,263.4467,40.3096
71.8912,312.0280,39.9689
82.9693,360.1097,41.2143
93.8848,407.4861,39.3464
104.5911,453.9543,39.4288
115.0422,499.3152,39.3078
125.1935,543.3746,40.0201
135.0472,586.1423,36.4164
144.4670,627.0268,37.1833
153.4612,666.0643,36.2930
161.9914,703.0876,39.1709
170.0210,737.9382,36.7759
177.5156,770.4669,35.2787
184.4431,800.5342,36.5713
190.7739,828.0116,34.5494
196.4808,852.7813,37.6172
200.0000,874.7373,33.8466
200.0000,893.7855,33.4169
200.0000,909.8444,33.7289
200.0000,922.8452,33.3549
200.0000,932.7323,34.6076
200.0000,939.4633,35.6415
200.0000,943.0093,32.3201
200.0000,943.3553,32.7511
200.0000,940.4996,35.8613
200.0000,934.4547,34.2160
200.0000,925.2462,34.8540
200.0000,912.9136,31.8641
200.0000,897.5099,33.6059
200.0000,879.1009,31.1577
197.6292,857.7654,30.6497
192.0603,833.5949,32.5626
185.8620,806.6929,33.4031
179.0610,777.1744,32.7165
171.6862,745.1660,30.7021
163.7694,710.8046,30.8476
155.3443,674.2374,31.4391
146.4471,635.6212,32.9548
137.1159,595.1210,29.6491
127.3906,552.9105,30.9383
117.3129,509.1703,29.2425
106.9258,464.0879,30.0985
96.2740,417.8561,32.9611
85.4031,370.6730,31.7473
74.3594,322.7406,30.9208
63.1905,274.2642,32.4778
51.9440,225.4514,32.1553
40.6682,176.5112,32.6067
29.4113,127.6531,32.3365
18.2044,79.0121,33.0118
7.1558,31.0581,30.0936
0.0000,0.0000,32.2302
0.0000,0.0000,31.4814
0.0000,0.0000,32.0823
0.0000,0.0000,32.6164
0.0000,0.0000,35.5663
0.0000,0.0000,33.6606
0.0000,0.0000,32.1050
0.0000,0.0000,36.6190
0.0000,0.0000,35.7262
0.0000,0.0000,37.1417
0.0000,0.0000,34.8625
0.0000,0.0000,34.0394
0.0000,0.0000,35.0173
0.0000,0.0000,35.6371
0.0000,0.0000,33.7725
0.0000,0.0000,40.2047
0.0000,0.0000,33.9852
0.0000,0.0000,37.3638
0.0000,0.0000,36.4500
0.0000,0.0000,41.5573
0.0000,0.0000,39.2272
0.0000,0.0000,39.7794
0.0000,0.0000,41.3707
0.0000,0.0000,39.3474
0.0000,0.0000,38.7437
0.0000,0.0000,37.3981
0.0000,0.0000,39.0644
0.0000,0.0000,40.3963
0.0000,0.0000,39.7681
0.0000,0.0000,39.8927
0.0000,0.0000,39.7017
0.0000,0.0000,37.3260
0.0000,0.0000,41.1105
0.0000,0.0000,42.1340
0.0000,0.0000,41.1561
0.0000,0.0000,38.8324
0.0000,0.0000,40.6595
0.0000,0.0000,40.4582
0.0000,0.0000,40.5293
0.0000,0.0000,39.9783
4.7890,20.7854,42.0412
15.8065,68.6048,40.3253
26.9870,117.1309,39.4370
38.2334,165.9437,40.0856
49.5093,214.8839,41.0478
60.7662,263.7420,40.3287
71.9559,312.3087,40.8771
83.0306,360.3760,39.4460
93.9429,407.7382,39.5675
104.6459,454.1924,40.2052
115.0939,499.5397,37.3697
125.2422,543.5858,38.1655
135.0849,586.3062,37.8134
144.5024,627.1805,39.4294
153.4944,666.2083,38.8501
162.0224,703.2224,37.0628
170.0500,738.0643,36.7291
177.5428,770.5848,34.6111
184.4686,800.6448,34.2367
190.7978,828.1153,35.6133
196.5033,852.8788,36.2727
200.0000,874.8293,34.5029
200.0000,893.8729,34.7657
200.0000,909.9278,31.9129
200.0000,922.9254,33.8294
200.0000,932.8100,35.4157
200.0000,939.5392,31.6997
200.0000,943.0844,32.8800
200.0000,943.4303,30.5490
200.0000,940.5754,32.7903
200.0000,934.5319,31.7309
200.0000,925.3257,30.9087
200.0000,912.9962,32.4270
200.0000,897.5963,35.2513
200.0000,879.1919,32.9196
197.6514,857.8618,30.0162
192.0838,833.6973,32.3327
185.8871,806.8018,30.9635
179.0878,777.2907,31.0045
171.7149,745.2902,33.6434
163.8000,710.9374,30.6764
155.3770,674.3794,31.4064
146.4820,635.7727,30.5465
137.1531,595.2827,30.5830
127.4302,553.0826,30.8326
117.3550,509.3533,30.2952
106.9706,464.2820,33.4338
96.3214,418.0618,30.3854
85.4531,370.8904,31.7018
74.4123,322.9699,28.6928
63.2461,274.5056,31.6424
52.0024,225.7049,31.2416
40.7294,176.7769,28.9065
29.4753,127.9310,30.0499
18.2710,79.3013,29.7195
7.2252,31.3592,29.5492
0.0000,0.0000,30.2144
0.0000,0.0000,33.9218
0.0000,0.0000,32.7830
0.0000,0.0000,33.4195
0.0000,0.0000,33.2973
0.0000,0.0000,31.7908
0.0000,0.0000,31.9352
0.0000,0.0000,32.7650
0.0000,0.0000,36.4817
0.0000,0.0000,35.3379
0.0000,0.0000,31.6889
0.0000,0.0000,34.6505
0.0000,0.0000,35.2886
0.0000,0.0000,34.9051
0.0000,0.0000,34.0468
0.0000,0.0000,35.5360
0.0000,0.0000,36.2612
0.0000,0.0000,36.2032
0.0000,0.0000,38.2643
0.0000,0.0000,39.1321
0.0000,0.0000,37.9873
0.0000,0.0000,40.0124
0.0000,0.0000,38.9047
0.0000,0.0000,37.0078
0.0000,0.0000,39.7678
0.0000,0.0000,39.1562
0.0000,0.0000,39.0088
0.0000,0.0000,38.3631
0.0000,0.0000,39.2613
0.0000,0.0000,41.8080
0.0000,0.0000,39.2084
0.0000,0.0000,40.3240
0.0000,0.0000,40.9221
0.0000,0.0000,41.1379
0.0000,0.0000,39.8046
0.0000,0.0000,39.1019
0.0000,0.0000,37.8997
0.0000,0.0000,37.8365
0.0000,0.0000,39.8352
0.0000,0.0000,40.3832
4.8589,21.0891,41.0526
15.8738,68.8966,39.6372
27.0516,117.4113,38.7239
38.2952,166.2120,40.1994
49.5683,215.1401,36.4842
60.8224,263.9860,38.5245
72.0094,312.5406,40.7159
83.0813,360.5960,38.7318
93.9909,407.9464,39.1063
104.6912,454.3890,39.9195
115.1367,499.7250,38.1803
125.2824,543.7603,37.9603
135.1147,586.4354,37.6970
144.5303,627.3017,37.2263
153.5206,666.3218,38.5258
162.0469,703.3286,38.8215
170.0729,738.1637,35.3044
177.5642,770.6779,37.6379
184.4886,800.7319,36.2086
190.8166,828.1970,37.0138
196.5210,852.9557,37.1011
200.0000,874.9019,35.9821
200.0000,893.9417,35.3299
200.0000,909.9934,34.7461
200.0000,922.9885,34.0718
200.0000,932.8711,34.1032
200.0000,939.5991,31.4311
200.0000,943.1436,35.1185
200.0000,943.4893,35.9067
200.0000,940.6349,33.8753
200.0000,934.5927,30.8821
200.0000,925.3883,32.4327
200.0000,913.0613,31.6895
200.0000,897.6644,32.9179
200.0000,879.2635,32.2419
197.6688,857.9376,31.9400
192.1024,833.7779,32.8055
185.9069,806.8878,31.7614
179.1089,777.3824,31.3028
171.7374,745.3882,31.2238
163.8241,711.0422,29.4293
155.4028,674.4913,33.5214
146.5096,635.8922,31.7764
137.1825,595.4102,29.2381
127.4615,553.2184,27.5184
117.3883,509.4977,30.2018
107.0059,464.4353,29.9182
96.3588,418.2241,32.3014
85.4927,371.0620,29.5839
74.4540,323.1510,29.6354
63.2900,274.6962,30.9105
52.0485,225.9051,32.0778
40.7777,176.9867,30.0111
29.5258,128.1504,29.9226
18.3237,79.5297,31.5780
7.2800,31.5971,28.9867
0.0000,0.0000,31.7275
0.0000,0.0000,30.1531
0.0000,0.0000,32.8885
0.0000,0.0000,33.2372
0.0000,0.0000,33.5649
0.0000,0.0000,34.5818
0.0000,0.0000,33.9549
0.0000,0.0000,32.3000
0.0000,0.0000,34.7533
0.0000,0.0000,36.1224
0.0000,0.0000,36.3801
0.0000,0.0000,36.2857
0.0000,0.0000,35.3661
0.0000,0.0000,35.8308
0.0000,0.0000,36.2144
0.0000,0.0000,36.8417
0.0000,0.0000,36.4705
0.0000,0.0000,38.1386
0.0000,0.0000,35.2886
0.0000,0.0000,36.7950
0.0000,0.0000,35.7748
0.0000,0.0000,38.0888
0.0000,0.0000,37.2508
0.0000,0.0000,38.9368
0.0000,0.0000,38.6682
0.0000,0.0000,36.5906
0.0000,0.0000,38.2450
0.0000,0.0000,39.3427
0.0000,0.0000,39.4631
0.0000,0.0000,44.1042
0.0000,0.0000,38.2771
0.0000,0.0000,37.9276
0.0000,0.0000,39.5610
0.0000,0.0000,40.1021
0.0000,0.0000,41.9992
0.0000,0.0000,41.0852
0.0000,0.0000,40.8441
0.0000,0.0000,41.9483
0.0000,0.0000,42.7051
0.0000,0.0000,42.0703
4.9142,21.3289,40.6351
15.9269,69.1270,39.9617
27.1026,117.6328,39.7183
38.3441,166.4239,41.5324
49.6149,215.3423,40.1207
60.8668,264.1786,38.6213
72.0515,312.7237,39.2896
83.1213,360.7697,39.0686
94.0287,408.1107,38.9753
104.7270,454.5443,39.0294
115.1703,499.8713,38.5211
125.3141,543.8979,37.8794
135.1366,586.5302,37.5446
144.5508,627.3906,36.0229
153.5397,666.4050,35.9108
162.0649,703.4065,35.8408
170.0897,738.2366,36.8512
177.5799,770.7460,34.0727
184.5033,800.7957,33.3249
190.8304,828.2568,39.0165
196.5340,853.0120,37.4740
200.0000,874.9550,32.4384
200.0000,893.9920,36.0414
200.0000,910.0414,34.8972
200.0000,923.0346,37.4159
200.0000,932.9158,34.9506
200.0000,939.6428,35.7638
200.0000,943.1868,33.9584
200.0000,943.5325,33.9523
200.0000,940.6785,32.6398
200.0000,934.6371,31.4218
200.0000,925.4341,33.1042
200.0000,913.1088,32.8576
200.0000,897.7142,30.2113
200.0000,879.3160,31.6695
197.6816,857.9932,32.6652
192.1160,833.8369,28.3962
185.9214,806.9507,29.6293
179.1244,777.4496,29.4486
171.7540,745.4600,31.4972
163.8418,711.1189,30.0267
155.4217,674.5734,32.1437
146.5298,635.9799,28.4097
137.2040,595.5036,31.7879
127.4845,553.3179,30.9608
117.4127,509.6036,28.1069
107.0318,464.5477,30.5539
96.3863,418.3432,31.3683
85.5217,371.1879,30.8257
74.4846,323.2838,29.1469
63.3222,274.8360,33.2498
52.0824,226.0519,30.5809
40.8132,177.1405,29.0089
29.5629,128.3113,30.7391
18.3623,79.6973,30.6251
7.3202,31.7715,32.9188
0.0000,0.0000,31.5871
0.0000,0.0000,32.1484
0.0000,0.0000,30.7297
0.0000,0.0000,32.6147
0.0000,0.0000,32.7500
0.0000,0.0000,33.7635
0.0000,0.0000,33.4829
0.0000,0.0000,34.8199
0.0000,0.0000,36.5974
0.0000,0.0000,35.6347
0.0000,0.0000,31.4268
0.0000,0.0000,31.7503
0.0000,0.0000,35.4341
0.0000,0.0000,35.5431
0.0000,0.0000,35.7172
0.0000,0.0000,35.8321
0.0000,0.0000,37.3421
0.0000,0.0000,36.9237
0.0000,0.0000,36.7757
0.0000,0.0000,37.5971
0.0000,0.0000,38.3245
0.0000,0.0000,41.6835
0.0000,0.0000,38.2199
0.0000,0.0000,37.5364
0.0000,0.0000,38.2832
0.0000,0.0000,40.6916
0.0000,0.0000,37.9329
0.0000,0.0000,39.6020
0.0000,0.0000,40.2778
0.0000,0.0000,40.4752
0.0000,0.0000,39.7856
0.0000,0.0000,40.2441
0.0000,0.0000,41.8140
0.0000,0.0000,42.1795
0.0000,0.0000,40.9503
0.0000,0.0000,42.7105
0.0000,0.0000,40.4625
0.0000,0.0000,42.8424
0.0000,0.0000,38.8531
0.0000,0.0000,39.6662
4.9547,21.5049,38.1488
15.9658,69.2961,38.0377
27.1400,117.7953,40.4947
38.3799,166.5793,42.3929
49.6490,215.4907,36.2671
60.8993,264.3199,39.0841
72.0825,312.8580,37.0203
83.1507,360.8970,39.3409
94.0565,408.2313,38.6313
104.7532,454.6581,36.9337
115.1951,499.9786,39.3258
125.3373,543.9988,37.5241
135.1504,586.5904,38.9905
144.5638,627.4471,34.0242
153.5519,666.4579,37.5490
162.0763,703.4561,40.0412
170.1004,738.2829,36.2281
177.5899,770.7893,38.9810
184.5127,800.8362,36.7317
190.8391,828.2949,34.6586
196.5422,853.0477,33.0348
200.0000,874.9887,37.1148
200.0000,894.0240,35.7442
200.0000,910.0720,35.2053
200.0000,923.0639,32.1213
200.0000,932.9442,29.8356
200.0000,939.6706,34.3919
200.0000,943.2142,33.3426
200.0000,943.5599,32.0938
200.0000,940.7062,33.6691
200.0000,934.6653,30.2045
200.0000,925.4632,30.5240
200.0000,913.1390,31.2222
200.0000,897.7458,32.9880
200.0000,879.3494,32.7733
197.6898,858.0284,31.7634
192.1247,833.8744,30.2136
185.9306,806.9907,31.1620
179.1342,777.4923,31.4179
171.7645,745.5057,27.7748
163.8530,711.1677,30.5662
155.4337,674.6255,30.9650
146.5426,636.0356,28.9629
137.2177,595.5630,29.8660
127.4990,553.3813,30.9762
117.4282,509.6710,30.2095
107.0483,464.6192,29.9063
96.4037,418.4189,33.0668
85.5401,371.2680,28.8034
74.5041,323.3683,31.5642
63.3427,274.9249,30.3347
52.1039,226.1454,30.8379
40.8357,177.2385,30.9952
29.5865,128.4137,32.4553
18.3868,79.8039,30.5373
7.3457,31.8826,31.2066
0.0000,0.0000,32.7569
0.0000,0.0000,31.8990
0.0000,0.0000,33.8649
0.0000,0.0000,31.9304
0.0000,0.0000,31.6070
0.0000,0.0000,32.2053
0.0000,0.0000,34.5943
0.0000,0.0000,32.4389
0.0000,0.0000,34.6518
0.0000,0.0000,33.7679
0.0000,0.0000,32.4644
0.0000,0.0000,34.9568
0.0000,0.0000,33.9153
0.0000,0.0000,33.4287
0.0000,0.0000,36.8871
0.0000,0.0000,38.1695
0.0000,0.0000,37.2547
0.0000,0.0000,39.3793
0.0000,0.0000,38.0483
0.0000,0.0000,40.2659
0.0000,0.0000,38.5468
0.0000,0.0000,36.4544
0.0000,0.0000,37.0260
0.0000,0.0000,35.9310
0.0000,0.0000,37.3246
0.0000,0.0000,40.0118
0.0000,0.0000,41.1708
0.0000,0.0000,39.6430
0.0000,0.0000,40.3881
0.0000,0.0000,40.2398
0.0000,0.0000,38.2880
0.0000,0.0000,40.2110
0.0000,0.0000,39.1512
0.0000,0.0000,41.0577
0.0000,0.0000,42.4999
0.0000,0.0000,40.1744
0.0000,0.0000,37.7125
0.0000,0.0000,42.6811
0.0000,0.0000,42.2936
0.0000,0.0000,37.4945
4.9805,21.6169,40.8756
15.9906,69.4037,40.0136
27.1639,117.8987,40.8461
38.4027,166.6782,39.1929
49.6708,215.5851,36.3170
60.9200,264.4099,40.6219
72.1022,312.9435,37.8050
83.1693,360.9780,38.8909
94.0741,408.3079,39.4796
104.7699,454.7304,39.1726
115.2108,500.0468,37.3687
125.3521,544.0629,39.9505
135.1564,586.6162,37.5200
144.5694,627.4713,37.9463
153.5571,666.4807,38.6732
162.0812,703.4772,36.7193
170.1049,738.3027,37.1431
177.5941,770.8079,35.4850
184.5167,800.8536,36.7731
190.8429,828.3112,38.0329
196.5457,853.0630,34.6575
200.0000,875.0032,33.8307
200.0000,894.0377,35.7974
200.0000,910.0850,34.7393
200.0000,923.0764,35.7080
200.0000,932.9564,33.3874
200.0000,939.6825,32.9068
200.0000,943.2260,34.8831
200.0000,943.5717,31.7475
200.0000,940.7181,32.1328
200.0000,934.6774,32.6545
200.0000,925.4756,30.6107
200.0000,913.1520,33.1040
200.0000,897.7594,32.3510
200.0000,879.3636,33.7616
197.6932,858.0436,32.6244
192.1284,833.8905,31.7050
185.9346,807.0078,29.7474
179.1384,777.5106,32.6619
171.7690,745.5252,32.2430
163.8579,711.1887,29.2994
155.4389,674.6479,29.5227
146.5481,636.0594,31.9064
137.2236,595.5885,30.1021
127.5053,553.4084,30.5971
117.4348,509.6998,30.0645
107.0553,464.6498,32.4423
96.4112,418.4514,28.5314
85.5480,371.3023,30.3876
74.5124,323.4045,32.4473
63.3515,274.9630,31.8177
52.1131,226.1854,30.9795
40.8454,177.2805,31.2875
29.5966,128.4576,30.2075
18.3974,79.8496,30.3109
7.3567,31.9302,32.2406
0.0000,0.0000,30.3959
0.0000,0.0000,30.1593
0.0000,0.0000,32.0241
0.0000,0.0000,35.6098
0.0000,0.0000,34.9114
0.0000,0.0000,30.2899
0.0000,0.0000,34.2113
0.0000,0.0000,33.9200
0.0000,0.0000,33.1064
0.0000,0.0000,37.4363
0.0000,0.0000,34.0939
0.0000,0.0000,32.9481
0.0000,0.0000,33.5378
0.0000,0.0000,34.0940
0.0000,0.0000,38.0249
0.0000,0.0000,37.8289
0.0000,0.0000,36.5118
0.0000,0.0000,38.5976
0.0000,0.0000,35.4961
0.0000,0.0000,35.7078
0.0000,0.0000,38.0809
0.0000,0.0000,41.1934
0.0000,0.0000,39.1329
0.0000,0.0000,39.2852
0.0000,0.0000,39.7338
0.0000,0.0000,37.9647
0.0000,0.0000,39.3549
0.0000,0.0000,38.1832
0.0000,0.0000,41.3741
0.0000,0.0000,40.6835
0.0000,0.0000,40.2285
0.0000,0.0000,39.9120
0.0000,0.0000,39.3096
0.0000,0.0000,38.8601
0.0000,0.0000,39.2492
0.0000,0.0000,40.9679
0.0000,0.0000,41.3657
0.0000,0.0000,39.8330
0.0000,0.0000,38.4266
0.0000,0.0000,38.4724
4.9916,21.6649,41.4543
16.0012,69.4498,38.4109
27.1741,117.9430,41.9527
38.4124,166.7206,40.7121
49.6801,215.6255,38.1350
60.9289,264.4484,40.1635
72.1106,312.9801,41.0887
83.1773,361.0128,36.5693
94.0817,408.3408,41.0224
104.7770,454.7615,39.1348
115.2175,500.0760,41.0011
125.3584,544.0905,38.4869
135.1544,586.6076,39.0445
144.5675,627.4632,36.8266
153.5554,666.4731,37.1330
162.0795,703.4702,37.1800
170.1034,738.2961,34.9586
177.5927,770.8017,36.5245
184.5153,800.8478,35.1944
190.8416,828.3057,37.4239
196.5445,853.0579,36.8339
200.0000,874.9984,36.0421
200.0000,894.0331,36.4014
200.0000,910.0806,36.5349
200.0000,923.0723,35.3971
200.0000,932.9523,33.0150
200.0000,939.6785,31.2259
200.0000,943.2220,34.4986
200.0000,943.5677,33.4064
200.0000,940.7142,34.8991
200.0000,934.6734,33.6675
200.0000,925.4715,31.5634
200.0000,913.1477,32.1577
200.0000,897.7549,33.6066
200.0000,879.3589,33.1699
197.6921,858.0385,33.9042
192.1271,833.8851,29.9444
185.9333,807.0021,30.5100
179.1370,777.5045,28.5619
171.7675,745.5187,29.5759
163.8563,711.1817,29.2541
155.4372,674.6404,33.9911
146.5463,636.0515,32.2779
137.2216,595.5800,32.7515
127.5032,553.3994,29.3761
117.4326,509.6902,32.6833
107.0530,464.6396,30.7155
96.4087,418.4406,31.9533
85.5454,371.2908,29.8583
74.5096,323.3924,27.9719
63.3486,274.9503,33.7252
52.1100,226.1721,31.7125
40.8422,177.2665,31.2404
29.5933,128.4430,30.3298
18.3938,79.8344,33.5000
7.3531,31.9143,30.5851
0.0000,0.0000,31.6988
0.0000,0.0000,31.9039
0.0000,0.0000,33.5952
0.0000,0.0000,31.1882
0.0000,0.0000,34.0458
0.0000,0.0000,34.5544
0.0000,0.0000,36.3977
0.0000,0.0000,36.4160
0.0000,0.0000,36.2677
0.0000,0.0000,34.2730
0.0000,0.0000,34.0407
0.0000,0.0000,33.4108
0.0000,0.0000,37.2582
0.0000,0.0000,32.2604
0.0000,0.0000,39.3533
0.0000,0.0000,35.5634
0.0000,0.0000,34.8822
0.0000,0.0000,40.0350
0.0000,0.0000,35.0123
0.0000,0.0000,36.3883
0.0000,0.0000,35.9658
0.0000,0.0000,36.9393
0.0000,0.0000,37.7339
0.0000,0.0000,39.5255
0.0000,0.0000,42.1716
0.0000,0.0000,39.0887
0.0000,0.0000,41.1799
0.0000,0.0000,37.2507
0.0000,0.0000,40.3298
0.0000,0.0000,38.9389
0.0000,0.0000,36.3143
0.0000,0.0000,39.2144
0.0000,0.0000,39.6062
0.0000,0.0000,41.9450
0.0000,0.0000,40.6735
0.0000,0.0000,43.4270
0.0000,0.0000,37.2774
0.0000,0.0000,38.8128
0.0000,0.0000,41.3462
0.0000,0.0000,40.6469
4.9879,21.6489,39.4075
15.9977,69.4344,40.1426
27.1707,117.9282,38.6618
38.4092,166.7065,42.1783
49.6770,215.6120,37.7702
60.9259,264.4355,39.6678
72.1078,312.9679,36.9207
83.1747,361.0012,38.7329
94.0792,408.3298,39.4768
104.7747,454.7511,38.4111
115.2153,500.0663,37.9021
125.3563,544.0813,38.3216
135.1445,586.5646,37.7175
144.5582,627.4229,37.7006
153.5467,666.4352,39.3097
162.0714,703.4348,38.3167
170.0958,738.2630,35.8665
177.5856,770.7708,36.4986
184.5087,800.8188,36.1351
190.8354,828.2786,36.9183
196.5387,853.0324,38.0928
200.0000,874.9742,37.9753
200.0000,894.0103,34.2872
200.0000,910.0588,34.1358
200.0000,923.0513,35.5401
200.0000,932.9321,34.1414
200.0000,939.6587,34.5916
200.0000,943.2025,31.0566
200.0000,943.5482,35.2745
200.0000,940.6944,33.8517
200.0000,934.6533,36.7966
200.0000,925.4507,34.3017
200.0000,913.1261,28.0793
200.0000,897.7322,32.2676
200.0000,879.3351,32.0606
197.6863,858.0134,32.5743
192.1210,833.8583,33.3983
185.9267,806.9735,33.0000
179.1300,777.4740,29.6817
171.7600,745.4861,30.7193
163.8482,711.1468,33.8356
155.4286,674.6032,29.7133
146.5371,636.0117,29.2663
137.2119,595.5375,28.1435
127.4928,553.3541,31.0754
117.4215,509.6421,30.7318
107.0412,464.5885,30.8521
96.3962,418.3864,28.6058
85.5322,371.2336,30.2637
74.4957,323.3321,30.7086
63.3339,274.8868,32.5983
52.0947,226.1053,31.1600
40.8261,177.1965,34.2979
29.5764,128.3698,29.1992
18.3763,79.7582,31.8034
7.3348,31.8350,29.6118
0.0000,0.0000,33.1757
0.0000,0.0000,30.9547
0.0000,0.0000,31.7711
0.0000,0.0000,32.5416
0.0000,0.0000,32.5253
0.0000,0.0000,33.9455
0.0000,0.0000,36.3646
0.0000,0.0000,34.6166
0.0000,0.0000,34.3201
0.0000,0.0000,36.9622
0.0000,0.0000,36.7456
0.0000,0.0000,37.9001
0.0000,0.0000,36.1722
0.0000,0.0000,35.6889
0.0000,0.0000,38.2700
0.0000,0.0000,35.9886
0.0000,0.0000,40.5176
0.0000,0.0000,38.4977
0.0000,0.0000,38.9680
0.0000,0.0000,36.7447
0.0000,0.0000,39.1862
0.0000,0.0000,38.1651
0.0000,0.0000,37.0904
0.0000,0.0000,38.9128
0.0000,0.0000,37.5348
0.0000,0.0000,38.4697
0.0000,0.0000,40.0042
0.0000,0.0000,41.5024
0.0000,0.0000,38.4912
0.0000,0.0000,42.1746
0.0000,0.0000,38.6211
0.0000,0.0000,41.1208
0.0000,0.0000,40.8229
0.0000,0.0000,41.5674
0.0000,0.0000,39.1242
0.0000,0.0000,41.1715
0.0000,0.0000,40.6504
0.0000,0.0000,39.9134
0.0000,0.0000,39.0134
0.0000,0.0000,40.3437
4.9695,21.5689,39.3548
15.9800,69.3576,41.7388
27.1536,117.8543,40.0811
38.3929,166.6358,38.0092
49.6615,215.5446,39.3617
60.9111,264.3713,38.2492
72.0937,312.9068,39.5537
83.1613,360.9433,41.6351
94.0666,408.2751,39.7865
104.7627,454.6994,37.0291
115.2040,500.0176,38.1363
125.3458,544.0355,37.7007
135.1266,586.4871,38.6289
144.5415,627.3502,34.4248
153.5310,666.3672,38.6615
162.0567,703.3711,35.4954
170.0821,738.2034,37.3796
177.5727,770.7150,38.2777
184.4966,800.7667,34.4611
190.8241,828.2297,37.2141
196.5281,852.9864,37.1458
200.0000,874.9308,34.5693
200.0000,893.9691,36.2994
200.0000,910.0196,37.8223
200.0000,923.0136,30.5307
200.0000,932.8955,34.5739
200.0000,939.6229,34.9109
200.0000,943.1671,34.4560
200.0000,943.5129,32.6754
200.0000,940.6588,34.6606
200.0000,934.6169,30.2222
200.0000,925.4133,32.6520
200.0000,913.0872,30.5873
200.0000,897.6915,32.4739
200.0000,879.2922,30.1184
197.6758,857.9680,31.0433
192.1098,833.8101,30.3017
185.9148,806.9221,31.0925
179.1174,777.4191,28.6839
171.7465,745.4274,32.4991
163.8338,711.0840,30.1206
155.4131,674.5361,31.7849
146.5206,635.9400,28.6002
137.1942,595.4611,31.9323
127.4740,553.2727,32.2978
117.4016,509.5555,30.4561
107.0200,464.4966,29.6093
96.3738,418.2891,32.5089
85.5085,371.1307,30.3529
74.4707,323.2234,31.8093
63.3076,274.7724,32.2799
52.0670,225.9852,31.1056
40.7971,177.0706,33.4604
29.5461,128.2381,31.1329
18.3447,79.6211,33.9114
7.3019,31.6922,32.6741
0.0000,0.0000,32.2329
0.0000,0.0000,32.3355
0.0000,0.0000,31.6923
0.0000,0.0000,32.2820
0.0000,0.0000,32.8120
0.0000,0.0000,32.9613
0.0000,0.0000,32.4785
0.0000,0.0000,33.6715
0.0000,0.0000,35.8164
0.0000,0.0000,36.8638
0.0000,0.0000,33.0865
0.0000,0.0000,32.2865
0.0000,0.0000,38.0118
0.0000,0.0000,36.5620
0.0000,0.0000,36.1090
0.0000,0.0000,33.2790
0.0000,0.0000,36.5757
0.0000,0.0000,37.7388
0.0000,0.0000,37.6554
0.0000,0.0000,38.7076
0.0000,0.0000,36.3846
0.0000,0.0000,37.8016
0.0000,0.0000,38.7699
0.0000,0.0000,39.2450
0.0000,0.0000,37.1556
0.0000,0.0000,40.4536
0.0000,0.0000,40.0530
0.0000,0.0000,39.5717
0.0000,0.0000,40.2090
0.0000,0.0000,40.8038
0.0000,0.0000,40.8970
0.0000,0.0000,41.7305
0.0000,0.0000,38.3150
0.0000,0.0000,43.6895
0.0000,0.0000,41.8625
0.0000,0.0000,39.6634
0.0000,0.0000,39.8260
0.0000,0.0000,40.1599
0.0000,0.0000,38.4391
0.0000,0.0000,40.5562
4.9363,21.4249,40.8632
15.9481,69.2192,41.0052
27.1230,117.7214,39.5664
38.3636,166.5087,39.6909
49.6335,215.4232,37.7430
60.8845,264.2557,39.2111
72.0684,312.7970,38.7843
83.1373,360.8391,36.5206
94.0439,408.1765,39.9136
104.7413,454.6063,38.7054
115.1838,499.9298,36.3884
125.3268,543.9529,37.7272
135.1008,586.3751,35.3546
144.5173,627.2451,37.6518
153.5083,666.2689,38.9325
162.0355,703.2791,34.5150
170.0622,738.1173,37.6525
177.5542,770.6345,35.7815
184.4793,800.6912,39.2902
190.8078,828.1589,34.4033
196.5127,852.9199,35.0761
200.0000,874.8680,34.6597
200.0000,893.9095,33.4140
200.0000,909.9628,34.4265
200.0000,922.9590,33.4612
200.0000,932.8426,32.7961
200.0000,939.5712,31.9193
200.0000,943.1160,33.2742
200.0000,943.4618,34.8905
200.0000,940.6072,33.1185
200.0000,934.5643,34.7051
200.0000,925.3591,31.6547
200.0000,913.0309,28.8705
200.0000,897.6326,31.9767
200.0000,879.2302,33.5435
197.6607,857.9022,30.6740
192.0938,833.7402,26.9900
185.8977,806.8477,28.8279
179.0991,777.3397,32.0900
171.7269,745.3425,30.0428
163.8129,710.9933,29.3757
155.3908,674.4391,33.7980
146.4967,635.8364,33.7329
137.1688,595.3506,33.4542
127.4469,553.1550,29.4733
117.3728,509.4304,27.4602
106.9894,464.3638,29.6519
96.3414,418.1483,30.8560
85.4742,370.9819,34.6213
74.4345,323.0665,33.5867
63.2695,274.6073,30.9251
52.0270,225.8117,29.0163
40.7552,176.8888,32.0080
29.5023,128.0480,33.2563
18.2991,79.4231,30.8986
7.2544,31.4860,34.0507
0.0000,0.0000,30.4214
0.0000,0.0000,32.7172
0.0000,0.0000,33.4189
0.0000,0.0000,31.5858
0.0000,0.0000,32.9494
0.0000,0.0000,33.0805
0.0000,0.0000,33.8820
0.0000,0.0000,32.7159
0.0000,0.0000,33.6002
0.0000,0.0000,35.0429
0.0000,0.0000,34.0726
0.0000,0.0000,33.5074
0.0000,0.0000,35.4107
0.0000,0.0000,34.1702
0.0000,0.0000,36.8906
0.0000,0.0000,35.6327
0.0000,0.0000,39.5463
0.0000,0.0000,36.5382
0.0000,0.0000,37.6512
0.0000,0.0000,35.4913
0.0000,0.0000,35.8493
0.0000,0.0000,37.9918
0.0000,0.0000,38.5290
0.0000,0.0000,38.5355
0.0000,0.0000,41.1041
0.0000,0.0000,39.4821
0.0000,0.0000,38.1187
0.0000,0.0000,39.3640
0.0000,0.0000,38.0744
0.0000,0.0000,38.4020
0.0000,0.0000,41.7241
0.0000,0.0000,40.2510
0.0000,0.0000,42.0432
0.0000,0.0000,40.2839
0.0000,0.0000,40.9156
0.0000,0.0000,40.1931
0.0000,0.0000,39.9157
0.0000,0.0000,40.1509
0.0000,0.0000,40.4781
0.0000,0.0000,42.7513
4.8884,21.2170,40.9790
15.9021,69.0195,39.6446
27.0788,117.5294,39.4032
38.3213,166.3250,37.8215
49.5931,215.2479,38.6818
60.8460,264.0887,40.4418
72.0319,312.6383,36.8349
83.1027,360.6886,38.8867
94.0110,408.0341,39.1899
104.7103,454.4718,39.2691
115.1546,499.8031,38.4937
125.2993,543.8337,40.4190
135.0670,586.2285,37.8425
144.4856,627.1077,37.5008
153.4787,666.1401,37.4891
162.0077,703.1586,37.7361
170.0363,738.0046,34.8851
177.5299,770.5290,36.2347
184.4565,800.5924,34.6921
190.7865,828.0662,34.5139
196.3866,852.3726,36.2234
200.0000,874.7858,37.8742
200.0000,893.8315,36.3843
200.0000,909.8883,33.2643
200.0000,922.8875,36.4507
200.0000,932.7732,32.1997
200.0000,939.5033,35.3009
200.0000,943.0489,34.4454
200.0000,943.3948,34.2296
200.0000,940.5395,36.5102
200.0000,934.4953,32.0447
200.0000,925.2880,33.9837
200.0000,912.9572,32.8654
200.0000,897.5554,30.1828
200.0000,879.1488,29.4905
197.6409,857.8162,30.9850
192.0727,833.6488,29.4796
185.8753,806.7502,30.3023
179.0751,777.2357,27.8022
171.7013,745.2314,31.0271
163.7855,710.8745,29.3562
155.3615,674.3122,34.0398
146.4655,635.7009,32.5831
137.1355,595.2061,26.7519
127.4115,553.0011,30.2120
117.3350,509.2667,29.5567
106.9494,464.1901,31.0858
96.2990,417.9644,28.4880
85.4294,370.7874,30.6301
74.3872,322.8613,30.9821
63.2197,274.3913,31.4025
51.9747,225.5848,31.2492
40.7004,176.6510,29.1293
29.4450,127.7993,31.0187
18.2395,79.1643,33.2997
7.1923,31.2165,32.0426
0.0000,0.0000,32.3973
0.0000,0.0000,32.5493
0.0000,0.0000,31.8538
0.0000,0.0000,34.4418
0.0000,0.0000,33.4111
0.0000,0.0000,33.7643
0.0000,0.0000,35.1739
0.0000,0.0000,35.5695
0.0000,0.0000,32.4941
0.0000,0.0000,36.1183
0.0000,0.0000,36.0227
0.0000,0.0000,32.4980
0.0000,0.0000,35.3401
0.0000,0.0000,37.9822
0.0000,0.0000,37.2708
0.0000,0.0000,38.0765
0.0000,0.0000,38.1519
0.0000,0.0000,35.6112
0.0000,0.0000,38.6796
0.0000,0.0000,38.5538
0.0000,0.0000,37.4071
0.0000,0.0000,41.2723
0.0000,0.0000,38.0463
0.0000,0.0000,38.3954
0.0000,0.0000,41.1125
0.0000,0.0000,37.8471
0.0000,0.0000,39.5196
0.0000,0.0000,42.3239
0.0000,0.0000,42.1052
0.0000,0.0000,43.8250
0.0000,0.0000,38.7990
0.0000,0.0000,39.3265
0.0000,0.0000,39.4679
0.0000,0.0000,38.9654
0.0000,0.0000,42.0468
0.0000,0.0000,41.5774
0.0000,0.0000,35.5748
0.0000,0.0000,39.4474
0.0000,0.0000,38.8321
0.0000,0.0000,38.7960
4.8258,20.9452,37.0086
15.8419,68.7583,40.0129
27.0210,117.2785,39.7761
38.2660,166.0849,37.9875
49.5403,215.0187,36.8029
60.7957,263.8704,36.3778
71.9840,312.4308,40.6026
83.0573,360.4918,42.6396
93.9681,407.8478,39.7512
104.6698,454.2959,41.6641
115.1164,499.6372,37.1573
125.2633,543.6776,35.8164
135.0253,586.0474,38.7607
144.4465,626.9377,35.8596
153.4420,665.9809,38.7495
161.9734,703.0095,36.3836
170.0041,737.8651,38.2643
177.4998,770.3984,37.5438
184.4283,800.4702,37.7721
190.7600,827.9515,35.3412
196.4678,852.7247,35.8596
200.0000,874.6838,33.6861
200.0000,893.7348,32.6907
200.0000,909.7960,36.5447
200.0000,922.7987,35.8420
200.0000,932.6872,34.3321
200.0000,939.4191,32.6405
200.0000,942.9657,34.9228
200.0000,943.3117,33.3027
200.0000,940.4556,35.0835
200.0000,934.4098,29.4020
200.0000,925.2000,30.6648
200.0000,912.8657,31.6878
200.0000,897.4598,31.0894
200.0000,879.0481,31.2038
197.6163,857.7096,30.5281
192.0466,833.5356,30.9572
185.8475,806.6296,30.6098
179.0454,777.1069,29.3407
171.6696,745.0939,31.8523
163.7516,710.7276,28.0366
155.3254,674.1552,30.9659
146.4269,635.5333,32.1732
137.0943,595.0274,29.6116
127.3676,552.8109,32.8615
117.2884,509.0644,31.0518
106.8999,463.9754,30.5190
96.2466,417.7370,31.3186
85.3741,370.5471,29.0054
74.3288,322.6078,30.5577
63.1583,274.1245,31.2477
51.9102,225.3047,27.9918
40.6327,176.3574,33.1410
29.3742,127.4923,28.1994
18.1658,78.8447,32.2952
7.1156,30.8838,31.2607
0.0000,0.0000,31.1357
0.0000,0.0000,30.7825
0.0000,0.0000,30.8108
0.0000,0.0000,32.1038
0.0000,0.0000,29.8353
0.0000,0.0000,33.5207
0.0000,0.0000,30.8560
0.0000,0.0000,35.5141
0.0000,0.0000,35.3935
0.0000,0.0000,33.9661
0.0000,0.0000,37.5525
0.0000,0.0000,34.8773
0.0000,0.0000,35.5688
0.0000,0.0000,37.4006
0.0000,0.0000,37.1706
0.0000,0.0000,35.2541
0.0000,0.0000,37.2853
0.0000,0.0000,39.9419
0.0000,0.0000,38.1787
0.0000,0.0000,36.4045
0.0000,0.0000,37.3271
0.0000,0.0000,40.2998
0.0000,0.0000,37.8678
0.0000,0.0000,36.6664
0.0000,0.0000,37.9873
0.0000,0.0000,43.8847
0.0000,0.0000,37.9496
0.0000,0.0000,40.1695
0.0000,0.0000,39.8175
0.0000,0.0000,41.8591
0.0000,0.0000,41.0366
0.0000,0.0000,39.7865
0.0000,0.0000,40.9454
0.0000,0.0000,41.0907
0.0000,0.0000,40.8021
0.0000,0.0000,39.0073
0.0000,0.0000,40.6019
0.0000,0.0000,41.0520
0.0000,0.0000,40.1307
0.0000,0.0000,42.0861
4.7485,20.6096,38.5692
15.7676,68.4359,39.2397
26.9496,116.9686,38.7668
38.1976,165.7884,41.1629
49.4751,214.7356,38.9527
60.7336,263.6007,40.1440
71.9250,312.1744,38.2193
83.0013,360.2487,39.8665
93.9151,407.6176,39.4522
104.6197,454.0785,37.4653
115.0692,499.4323,39.7663
125.2189,543.4848,39.8063
134.9756,585.8315,39.7936
144.3998,626.7352,36.9803
153.3983,665.7911,35.1687
161.9324,702.8318,39.9584
169.9658,737.6988,36.2657
177.4639,770.2427,34.9357
184.3947,800.3242,34.9437
190.7285,827.8145,33.8409
196.4381,852.5958,33.6818
200.0000,874.5621,35.0473
200.0000,893.6193,34.8577
200.0000,909.6858,34.5542
200.0000,922.6927,33.8045
200.0000,932.5844,31.9739
200.0000,939.3185,34.7493
200.0000,942.8663,35.0350
200.0000,943.2123,33.0967
200.0000,940.3553,34.1787
200.0000,934.3076,32.6228
200.0000,925.0947,32.5997
200.0000,912.7564,30.7201
200.0000,897.3455,32.0333
200.0000,878.9278,31.7201
197.5870,857.5823,32.9769
192.0155,833.4005,33.4917
185.8143,806.4857,30.7719
179.0101,776.9534,28.8934
171.6319,744.9299,29.7978
163.7113,710.5524,28.1399
155.2822,673.9681,30.6709
146.3809,635.3336,31.5318
137.0453,594.8145,31.3137
127.3154,552.5842,30.7371
117.2329,508.8234,31.4635
106.8410,463.7198,31.1661
96.1842,417.4662,29.7356
85.3081,370.2610,30.3776
74.2593,322.3061,28.6225
63.0851,273.8069,30.1331
51.8334,224.9712,35.5072
40.5522,176.0079,31.0617
29.2900,127.1269,32.5100
18.0782,78.4644,33.0608
7.0244,30.4878,29.3045
0.0000,0.0000,32.8745
0.0000,0.0000,29.1813
0.0000,0.0000,31.0044
0.0000,0.0000,33.3401
0.0000,0.0000,31.9110
0.0000,0.0000,32.5672
0.0000,0.0000,32.2954
0.0000,0.0000,32.7305
0.0000,0.0000,33.3477
0.0000,0.0000,35.9931
0.0000,0.0000,32.7258
0.0000,0.0000,36.5374
0.0000,0.0000,32.9144
0.0000,0.0000,35.9020
0.0000,0.0000,35.1644
0.0000,0.0000,34.3537
0.0000,0.0000,39.5730
0.0000,0.0000,38.8694
0.0000,0.0000,36.2348
0.0000,0.0000,38.0588
0.0000,0.0000,38.6915
0.0000,0.0000,41.1034
0.0000,0.0000,34.8816
0.0000,0.0000,37.4747
0.0000,0.0000,36.8128
0.0000,0.0000,40.5981
0.0000,0.0000,38.9877
0.0000,0.0000,40.5292
0.0000,0.0000,40.8026
0.0000,0.0000,40.6949
0.0000,0.0000,39.8733
0.0000,0.0000,42.1442
0.0000,0.0000,39.9738
0.0000,0.0000,40.0454
0.0000,0.0000,40.0901
0.0000,0.0000,38.6251
0.0000,0.0000,41.7601
0.0000,0.0000,40.4407
0.0000,0.0000,41.7841
0.0000,0.0000,36.5993
4.6565,20.2103,40.1049
15.6792,68.0522,40.0979
26.8646,116.5998,42.0271
38.1163,165.4355,39.6935
49.3975,214.3987,41.3110
60.6597,263.2798,39.9090
71.8547,311.8693,38.4661
82.9346,359.9592,38.0811
93.8520,407.3436,38.9390
104.5600,453.8196,39.5495
115.0130,499.1882,37.8111
125.1660,543.2551,37.8706
134.9178,585.5809,38.5562
144.3456,626.5001,38.7515
153.3475,665.5706,38.2103
161.8849,702.6253,36.4720
169.9212,737.5054,35.8154
177.4222,770.0616,34.3097
184.3556,800.1545,34.7329
190.6917,827.6551,36.9962
196.4035,852.4458,33.5286
200.0000,874.4204,34.6084
200.0000,893.4847,34.2305
200.0000,909.5573,35.3680
200.0000,922.5691,34.3441
200.0000,932.4645,31.3152
200.0000,939.2012,32.1741
200.0000,942.7502,33.5856
200.0000,943.0965,32.7120
200.0000,940.2385,32.0271
200.0000,934.1884,31.4007
200.0000,924.9720,30.8387
200.0000,912.6291,31.3871
200.0000,897.2123,31.2787
200.0000,878.7877,29.8139
197.5528,857.4342,30.3202
191.9792,833.2432,29.5981
185.7757,806.3183,32.0811
178.9689,776.7748,27.4735
171.5879,744.7393,29.7144
163.6644,710.3488,30.3032
155.2322,673.7507,30.8269
146.3274,635.1017,31.1259
136.9883,594.5673,28.8975
127.2548,552.3210,31.8131
117.1685,508.5438,31.5683
106.7727,463.4231,33.2238
96.1118,417.1521,30.7301
85.2317,369.9290,31.3455
74.1787,321.9561,30.1801
63.0003,273.4386,30.0572
51.7443,224.5844,31.8243
40.4589,175.6028,30.8733
29.1924,126.7033,29.1494
17.9766,78.0235,28.9590
6.9186,30.0288,31.8518
0.0000,0.0000,32.0458
0.0000,0.0000,31.4200
0.0000,0.0000,30.8773
0.0000,0.0000,32.0584
0.0000,0.0000,29.9418
0.0000,0.0000,32.8838
0.0000,0.0000,31.9607
0.0000,0.0000,36.7083
0.0000,0.0000,32.5635
0.0000,0.0000,33.8462
0.0000,0.0000,35.3828
0.0000,0.0000,34.9414
0.0000,0.0000,36.3519
0.0000,0.0000,36.4579
0.0000,0.0000,35.9162
0.0000,0.0000,37.7063
0.0000,0.0000,37.3731
0.0000,0.0000,38.2602
0.0000,0.0000,34.7168
0.0000,0.0000,38.5990
0.0000,0.0000,39.2870
0.0000,0.0000,39.0610
0.0000,0.0000,38.7974
0.0000,0.0000,37.5073
0.0000,0.0000,35.9364
0.0000,0.0000,37.0620
0.0000,0.0000,40.6896
0.0000,0.0000,37.6880
0.0000,0.0000,37.9078
0.0000,0.0000,40.6952
0.0000,0.0000,41.3339
0.0000,0.0000,40.6873
0.0000,0.0000,39.2886
0.0000,0.0000,42.0699
0.0000,0.0000,40.0832
0.0000,0.0000,38.7592
0.0000,0.0000,40.7070
0.0000,0.0000,41.3770
0.0000,0.0000,39.8866
0.0000,0.0000,39.5897
4.5498,19.7474,39.0578
15.5767,67.6073,38.5198
26.7661,116.1721,34.7724
38.0221,165.0263,38.3640
49.3074,214.0080,39.1640
60.5739,262.9075,41.6717
71.7731,311.5153,40.5898
82.8572,359.6234,41.0916
93.7787,407.0257,39.8250
104.4908,453.5192,37.3597
114.9477,498.9049,39.3816
125.1045,542.9884,38.9385
134.8521,585.2953,36.3252
144.2839,626.2320,36.6602
153.2896,665.3193,37.2930
161.8306,702.3898,37.4036
169.8704,737.2849,34.0411
177.3746,769.8550,35.1953
184.3109,799.9607,36.0439
190.6498,827.4731,33.7843
196.3640,852.2744,35.6375
200.0000,874.2584,33.8351
200.0000,893.3309,33.9337
200.0000,909.4103,34.6300
200.0000,922.4277,36.0330
200.0000,932.3274,33.0997
200.0000,939.0670,32.8673
200.0000,942.6176,36.3603
200.0000,942.9639,32.9720
200.0000,940.1046,34.9673
200.0000,934.0519,33.6652
200.0000,924.8317,29.2282
200.0000,912.4835,29.0835
200.0000,897.0601,33.2972
200.0000,878.6276,29.3983
197.5138,857.2650,33.7194
191.9379,833.0636,29.0489
185.7317,806.1272,31.6916
178.9220,776.5711,29.2270
171.5378,744.5218,30.5327
163.6109,710.1166,30.9489
155.1751,673.5029,30.4134
146.2665,634.8373,28.4272
136.9234,594.2856,30.9874
127.1857,552.0212,31.6657
117.0951,508.2253,26.9223
106.6948,463.0853,29.4457
96.0295,416.7946,30.0396
85.1446,369.5513,30.4695
74.0869,321.5578,29.9631
62.9037,273.0196,31.5093
51.6429,224.1445,31.2392
40.3527,175.1418,30.0404
29.0814,126.2215,30.2147
17.8611,77.5220,30.6465
6.7984,29.5068,31.1721
0.0000,0.0000,31.4735
0.0000,0.0000,31.6722
0.0000,0.0000,31.6686
0.0000,0.0000,35.1365
0.0000,0.0000,32.8171
0.0000,0.0000,32.3810
0.0000,0.0000,34.0673
0.0000,0.0000,32.1755
0.0000,0.0000,35.3043
0.0000,0.0000,35.0508
0.0000,0.0000,35.3757
0.0000,0.0000,33.5505
0.0000,0.0000,37.3885
0.0000,0.0000,36.0077
0.0000,0.0000,34.3997
0.0000,0.0000,37.1247
0.0000,0.0000,38.6620
0.0000,0.0000,37.9258
0.0000,0.0000,37.3203
0.0000,0.0000,37.0637
0.0000,0.0000,37.4828
0.0000,0.0000,39.1338
0.0000,0.0000,37.9298
0.0000,0.0000,37.1080
0.0000,0.0000,36.4220
0.0000,0.0000,40.3048
0.0000,0.0000,39.2230
0.0000,0.0000,42.3615
0.0000,0.0000,39.9591
0.0000,0.0000,39.5780
0.0000,0.0000,36.6479
0.0000,0.0000,38.9217
0.0000,0.0000,42.6796
0.0000,0.0000,41.5603
0.0000,0.0000,42.4934
0.0000,0.0000,41.4812
0.0000,0.0000,39.1998
0.0000,0.0000,39.4676
0.0000,0.0000,38.0787
0.0000,0.0000,39.6631
4.4285,19.2211,40.8081
15.4602,67.1014,41.3421
26.6540,115.6858,39.3655
37.9148,164.5609,41.1516
49.2050,213.5635,38.6218
60.4763,262.4839,40.0641
71.6803,311.1125,41.0615
82.7692,359.2412,39.4834
93.6953,406.6638,37.8252
104.4120,453.1772,37.6784
114.8734,498.5823,37.5913
125.0345,542.6846,37.2072
134.7782,584.9748,38.0370
144.2145,625.9310,39.8316
153.2245,665.0370,34.4735
161.7697,702.1252,35.3600
169.8133,737.0369,35.2834
177.3210,769.6226,35.9082
184.2607,799.7427,36.5508
190.6026,827.2683,34.6509
196.3196,852.0814,34.6816
200.0000,874.0759,33.6722
200.0000,893.1576,33.6140
200.0000,909.2446,36.7216
200.0000,922.2682,31.5959
200.0000,932.1727,35.3145
200.0000,938.9154,33.3450
200.0000,942.4677,31.7692
200.0000,942.8143,32.8453
200.0000,939.9536,33.4421
200.0000,933.8980,32.1260
200.0000,924.6734,31.2735
200.0000,912.3192,30.1533
200.0000,896.8885,31.4422
200.0000,878.4472,32.6186
197.4699,857.0743,33.4443
191.8913,832.8615,31.2785
185.6822,805.9122,32.6269
178.8692,776.3419,29.4033
171.4815,744.2773,30.8913
163.5508,709.8557,28.2053
155.1109,673.2245,28.7183
146.1981,634.5405,29.4046
136.8505,593.9693,31.4255
127.1082,551.6848,28.3086
117.0128,507.8679,30.4739
106.6075,462.7063,28.3372
95.9371,416.3935,28.7874
85.0470,369.1276,28.5908
73.9840,321.1112,30.3076
62.7955,272.5498,29.8919
51.5293,223.6514,29.9366
40.2337,174.6253,31.1867
28.9570,125.6816,29.5649
17.7316,76.9602,30.2358
6.6636,28.9221,34.7666
0.0000,0.0000,28.2771
0.0000,0.0000,32.3573
0.0000,0.0000,32.4350
0.0000,0.0000,32.7402
0.0000,0.0000,32.5042
0.0000,0.0000,30.2184
0.0000,0.0000,32.7026
0.0000,0.0000,33.5310
0.0000,0.0000,33.1515
0.0000,0.0000,34.2786
0.0000,0.0000,33.5707
0.0000,0.0000,35.1008
0.0000,0.0000,36.3981
0.0000,0.0000,37.6086
0.0000,0.0000,33.1028
0.0000,0.0000,35.2790
0.0000,0.0000,35.1982
0.0000,0.0000,38.0872
0.0000,0.0000,37.1817
0.0000,0.0000,39.2438
0.0000,0.0000,38.7462
0.0000,0.0000,37.5263
0.0000,0.0000,40.4331
0.0000,0.0000,34.6010
0.0000,0.0000,36.8502
0.0000,0.0000,38.6239
0.0000,0.0000,39.1429
0.0000,0.0000,39.5315
0.0000,0.0000,39.7382
0.0000,0.0000,41.1804
0.0000,0.0000,39.6368
0.0000,0.0000,41.7877
0.0000,0.0000,38.8734
0.0000,0.0000,38.3100
0.0000,0.0000,41.7896
0.0000,0.0000,39.4865
0.0000,0.0000,43.2511
0.0000,0.0000,42.2481
0.0000,0.0000,39.6438
0.0000,0.0000,40.8216
4.2927,18.6314,38.7068
15.3296,66.5346,37.3018
26.5285,115.1409,40.5638
37.7947,164.0393,36.8101
49.0903,213.0653,40.6648
60.3669,262.0091,37.5117
71.5763,310.6610,39.0006
82.6704,358.8126,36.6232
93.6018,406.2578,38.3300
104.3236,452.7935,39.0605
114.7900,498.2203,36.0843
124.9560,542.3437,38.2427
134.6962,584.6191,38.4010
144.1375,625.5969,36.9605
153.1523,664.7234,34.8540
161.7019,701.8312,35.6157
169.7498,736.7614,35.9472
177.2615,769.3643,37.4663
184.2048,799.5002,32.9728
190.5501,827.0403,36.0852
196.2701,851.8666,34.1836
200.0000,873.8726,34.1946
200.0000,892.9644,36.4331
200.0000,909.0599,32.7910
200.0000,922.0904,35.1564
200.0000,932.0000,32.3158
200.0000,938.7463,33.9071
200.0000,942.3005,34.2852
200.0000,942.6472,29.3430
200.0000,939.7850,32.0409
200.0000,933.7263,30.6815
200.0000,924.4968,29.3664
200.0000,912.1361,32.6211
200.0000,896.6972,32.5574
200.0000,878.2462,29.8134
197.4210,856.8621,32.6759
191.8394,832.6364,33.0149
185.6270,805.6729,31.5542
178.8105,776.0871,28.6259
171.4189,744.0056,29.8000
163.4840,709.5659,30.5559
155.0397,672.9153,31.2648
146.1222,634.2109,29.2877
136.7697,593.6183,31.0006
127.0222,551.3115,32.4231
116.9214,507.4715,31.7958
106.5107,462.2861,32.0573
95.8346,415.9489,31.1513
84.9388,368.6581,30.6607
73.8700,320.6164,30.7801
62.6756,272.0294,31.5569
51.4034,223.1051,30.0183
40.1019,174.0532,31.4230
28.8193,125.0837,29.9237
17.5883,76.3382,30.7444
6.5145,28.2747,28.9680
0.0000,0.0000,32.5256
0.0000,0.0000,31.2486
0.0000,0.0000,31.7987
0.0000,0.0000,30.3799
0.0000,0.0000,30.0188
0.0000,0.0000,33.0142
0.0000,0.0000,35.3557
0.0000,0.0000,35.7829
0.0000,0.0000,32.8352
0.0000,0.0000,36.1315
0.0000,0.0000,35.3279
0.0000,0.0000,35.2476
0.0000,0.0000,36.1500
0.0000,0.0000,36.7166
0.0000,0.0000,37.0782
0.0000,0.0000,36.3572
0.0000,0.0000,38.2167
0.0000,0.0000,35.2323
0.0000,0.0000,33.2133
0.0000,0.0000,37.2952
0.0000,0.0000,40.2677
0.0000,0.0000,39.8627
0.0000,0.0000,38.7554
0.0000,0.0000,39.4031
0.0000,0.0000,38.3574
0.0000,0.0000,40.2379
0.0000,0.0000,42.8370
0.0000,0.0000,41.7028
0.0000,0.0000,36.6020
0.0000,0.0000,41.1570
0.0000,0.0000,40.2344
0.0000,0.0000,41.8593
0.0000,0.0000,42.2703
0.0000,0.0000,37.3254
0.0000,0.0000,41.9074
0.0000,0.0000,36.6547
0.0000,0.0000,40.7161
0.0000,0.0000,41.9774
0.0000,0.0000,38.9080
0.0000,0.0000,41.4890
4.1423,17.9786,39.9925
15.1850,65.9071,40.9015
26.3894,114.5374,39.6851
37.6616,163.4616,38.8426
48.9631,212.5135,40.0588
60.2457,261.4831,39.5887
71.4610,310.1606,39.9712
82.5610,358.3376,40.3407
93.4981,405.8079,39.2733
104.2256,452.3681,38.8813
114.6975,497.8188,37.5135
124.8689,541.9655,36.6813
134.6061,584.2280,38.5058
144.0529,625.2294,35.9916
153.0728,664.3785,38.4534
161.6274,701.5078,38.0702
169.6799,736.4580,38.0550
177.1959,769.0796,35.0799
184.1433,799.2330,37.5051
190.4922,826.7889,34.0598
196.2154,851.6295,36.1032
200.0000,873.6482,33.8014
200.0000,892.7509,36.4272
200.0000,908.8557,33.8323
200.0000,921.8937,33.6912
200.0000,931.8090,33.6429
200.0000,938.5593,32.4663
200.0000,942.1155,31.7670
200.0000,942.4624,31.1586
200.0000,939.5986,30.6147
200.0000,933.5363,31.2640
200.0000,924.3015,32.4005
200.0000,911.9337,29.4559
200.0000,896.4860,31.6915
200.0000,878.0243,30.7628
197.3671,856.6279,30.2260
191.7822,832.3882,28.0454
185.5663,805.4092,31.7691
178.7458,775.8063,29.3699
171.3499,743.7064,30.1294
163.4105,709.2468,27.6931
154.9613,672.5751,30.0938
146.0387,633.8484,28.8609
136.6808,593.2325,28.9205
126.9277,550.9012,30.7476
116.8211,507.0360,29.8862
106.4044,461.8246,29.6640
95.7221,415.4607,28.9572
84.8201,368.1427,29.7188
73.7449,320.0732,30.1353
62.5440,271.4583,29.6062
51.2654,222.5059,29.9632
39.9573,173.4257,32.7757
28.6682,124.4279,30.8749
17.4311,75.6560,31.5077
6.3509,27.5648,31.1504
0.0000,0.0000,31.6190
0.0000,0.0000,32.3273
0.0000,0.0000,32.3188
0.0000,0.0000,31.4491
0.0000,0.0000,31.8488
0.0000,0.0000,33.0093
0.0000,0.0000,34.2158
0.0000,0.0000,34.2429
0.0000,0.0000,34.3115
0.0000,0.0000,32.9743
0.0000,0.0000,33.6507
0.0000,0.0000,33.6612
0.0000,0.0000,35.0857
0.0000,0.0000,36.1650
0.0000,0.0000,36.6803
0.0000,0.0000,36.0475
0.0000,0.0000,37.3233
0.0000,0.0000,36.3373
0.0000,0.0000,34.1682
0.0000,0.0000,37.0087
0.0000,0.0000,34.8251
0.0000,0.0000,36.7067
0.0000,0.0000,37.0139
0.0000,0.0000,38.9365
0.0000,0.0000,38.7805
0.0000,0.0000,36.6078
0.0000,0.0000,37.5496
0.0000,0.0000,38.0567
0.0000,0.0000,36.9188
0.0000,0.0000,39.9829
0.0000,0.0000,39.9787
0.0000,0.0000,40.7473
0.0000,0.0000,37.3816
0.0000,0.0000,41.0952
0.0000,0.0000,42.6681
0.0000,0.0000,39.7374
0.0000,0.0000,38.8248
0.0000,0.0000,38.4202
0.0000,0.0000,39.0761
0.0000,0.0000,40.8393
3.9773,17.2628,41.3648
15.0264,65.2189,41.1598
26.2369,113.8756,42.1689
37.5156,162.8280,39.3397
48.8236,211.9082,38.6634
60.1127,260.9059,38.6464
71.3345,309.6115,38.9671
82.4409,357.8163,38.1473
93.3843,405.3139,39.0335
104.1180,451.9009,38.7962
114.5958,497.3778,38.1797
124.7731,541.5499,36.0826
134.5079,583.8015,34.6704
143.9605,624.8285,37.1703
152.9861,664.0021,38.1466
161.5460,701.1544,36.1579
169.6035,736.1265,36.3637
177.1243,768.7684,37.0520
184.0759,798.9406,34.7184
190.4288,826.5137,34.7248
196.1556,851.3698,37.6463
200.0000,873.4023,34.2892
200.0000,892.5169,36.1561
200.0000,908.6318,34.0188
200.0000,921.6779,33.3589
200.0000,931.5994,31.5835
200.0000,938.3539,33.6430
200.0000,941.9122,34.4802
200.0000,942.2594,34.1193
200.0000,939.3938,35.9046
200.0000,933.3278,34.8471
200.0000,924.0872,29.4659
200.0000,911.7117,29.2532
200.0000,896.2543,30.7353
200.0000,877.7811,32.1562
197.3080,856.3713,35.8246
191.7197,832.1166,29.1435
185.4998,805.1207,32.1952
178.6750,775.4994,32.1731
171.2746,743.3794,31.7259
163.3302,708.8983,29.8117
154.8757,672.2037,32.3791
145.9475,633.4528,28.6679
136.5838,592.8116,30.8796
126.8246,550.4539,30.8290
116.7117,506.5613,29.7944
106.2885,461.3217,29.7505
95.5996,414.9288,30.0742
84.6907,367.5813,28.1029
73.6086,319.4819,30.4480
62.4007,270.8365,31.8929
51.1151,221.8536,26.8813
39.7999,172.7428,29.0711
28.5038,123.7145,31.0074
17.2602,74.9139,31.2051
6.1730,26.7927,33.8216
0.0000,0.0000,33.6056
0.0000,0.0000,31.1923
0.0000,0.0000,34.4958
0.0000,0.0000,30.6210
0.0000,0.0000,31.1730
0.0000,0.0000,33.9385
0.0000,0.0000,33.3539
0.0000,0.0000,33.3700
0.0000,0.0000,34.7995
0.0000,0.0000,31.1405
0.0000,0.0000,34.5964
0.0000,0.0000,33.7907
0.0000,0.0000,38.0257
0.0000,0.0000,36.3180
0.0000,0.0000,31.9308
0.0000,0.0000,34.0564
0.0000,0.0000,33.4761
0.0000,0.0000,36.1271
0.0000,0.0000,36.9766
0.0000,0.0000,37.3670
0.0000,0.0000,37.7662
0.0000,0.0000,39.3572
0.0000,0.0000,39.0048
0.0000,0.0000,37.2441
0.0000,0.0000,39.0635
0.0000,0.0000,37.2525
0.0000,0.0000,38.2510
0.0000,0.0000,37.1604
0.0000,0.0000,37.1414
0.0000,0.0000,40.3016
0.0000,0.0000,37.8176
0.0000,0.0000,39.7916
0.0000,0.0000,38.2942
0.0000,0.0000,42.1657
0.0000,0.0000,39.8245
0.0000,0.0000,38.4485
0.0000,0.0000,37.9022
0.0000,0.0000,39.9653
0.0000,0.0000,40.8997
0.0000,0.0000,39.5850
3.7980,16.4843,38.9482
14.8540,64.4703,41.7737
26.0710,113.1556,39.9540
37.3567,162.1385,39.4663
48.6718,211.2493,40.4006
59.9680,260.2776,35.5760
71.1967,309.0136,39.1521
82.3100,357.2485,37.7716
93.2603,404.7757,39.5905
104.0007,451.3918,35.8186
114.4851,496.8971,38.6347
124.6687,541.0967,34.9715
134.4014,583.3394,36.6457
143.8604,624.3939,38.4795
152.8920,663.5937,35.4985
161.4576,700.7710,36.8137
169.5206,735.7665,36.2680
177.0464,768.4304,35.8959
184.0027,798.6229,37.1924
190.3598,826.2145,33.1816
196.0905,851.0872,36.5430
200.0000,873.1345,35.1729
200.0000,892.2620,33.3117
200.0000,908.3876,32.6607
200.0000,921.4425,34.3783
200.0000,931.3707,33.2470
200.0000,938.1296,33.6175
200.0000,941.6904,30.8282
200.0000,942.0378,31.2575
200.0000,939.1703,32.9698
200.0000,933.1002,31.0481
200.0000,923.8534,32.8906
200.0000,911.4696,33.7093
200.0000,896.0018,31.4653
200.0000,877.5163,32.8764
197.2436,856.0921,31.9667
191.6516,831.8210,31.1228
185.4276,804.8071,26.5149
178.5982,775.1658,31.6103
171.1928,743.0243,31.1282
163.2430,708.5201,30.6692
154.7829,671.8008,29.2049
145.8487,633.0240,28.8735
136.4787,592.3554,30.5703
126.7129,549.9694,32.0849
116.5933,506.0473,30.2031
106.1631,460.7773,30.6716
95.4670,414.3533,30.0691
84.5508,366.9740,30.6023
73.4613,318.8423,30.7829
62.2459,270.1643,29.4140
50.9526,221.1485,29.2254
39.6299,172.0047,30.3689
28.3262,122.9435,32.1863
17.0754,74.1121,29.3965
5.9809,25.9586,27.8270
0.0000,0.0000,30.8737
0.0000,0.0000,32.6114
0.0000,0.0000,30.6246
0.0000,0.0000,31.0476
0.0000,0.0000,31.3059
0.0000,0.0000,32.2354
0.0000,0.0000,33.6362
0.0000,0.0000,31.3245
0.0000,0.0000,31.5836
0.0000,0.0000,35.6983
0.0000,0.0000,35.7718
0.0000,0.0000,34.2901
0.0000,0.0000,34.7899
0.0000,0.0000,35.1500
0.0000,0.0000,35.6705
0.0000,0.0000,32.7861
0.0000,0.0000,35.5949
0.0000,0.0000,38.4281
0.0000,0.0000,37.5429
0.0000,0.0000,36.7913
0.0000,0.0000,35.4362
0.0000,0.0000,38.4475
0.0000,0.0000,38.9325
0.0000,0.0000,37.6473
0.0000,0.0000,37.8821
0.0000,0.0000,41.2013
0.0000,0.0000,39.1755
0.0000,0.0000,40.1139
0.0000,0.0000,40.1122
0.0000,0.0000,38.2945
0.0000,0.0000,37.7033
0.0000,0.0000,37.7320
0.0000,0.0000,38.6745
0.0000,0.0000,38.9664
0.0000,0.0000,40.6880
0.0000,0.0000,40.2383
0.0000,0.0000,39.8183
0.0000,0.0000,40.3496
0.0000,0.0000,41.6425
0.0000,0.0000,38.7896
3.6042,15.6432,40.9828
14.6676,63.6614,42.9275
25.8918,112.3775,40.5219
37.1850,161.3933,39.4982
48.5077,210.5370,41.5416
59.8114,259.5983,40.4497
71.0477,308.3670,37.4368
82.1685,356.6342,38.5427
93.1261,404.1933,39.4171
103.8737,450.8407,39.5103
114.3652,496.3766,39.1300
124.5556,540.6059,38.8274
134.2866,582.8413,38.4838
143.7524,623.9253,39.5993
152.7905,663.1533,35.9690
161.3623,700.3572,35.5426
169.4311,735.3779,35.1465
176.9622,768.0652,35.3809
183.9236,798.2793,34.6647
190.2852,825.8907,34.7146
196.0200,850.7813,37.2101
200.0000,872.8444,34.1053
200.0000,891.9856,33.1769
200.0000,908.1229,33.1947
200.0000,921.1871,35.9192
200.0000,931.1224,33.2745
200.0000,937.8862,33.5142
200.0000,941.4496,34.8309
200.0000,941.7972,32.3869
200.0000,938.9276,31.8852
200.0000,932.8531,31.7059
200.0000,923.5997,32.8044
200.0000,911.2071,30.7453
200.0000,895.7281,28.7913
200.0000,877.2293,29.5444
197.1740,855.7898,31.8896
191.5779,831.5013,28.4161
185.3494,804.4680,26.0822
178.5152,774.8055,32.1267
171.1044,742.6409,29.3869
163.1490,708.1118,27.5210
154.6828,671.3663,30.7671
145.7422,632.5616,29.6837
136.3654,591.8638,28.0960
126.5927,549.4474,28.9864
116.4658,505.4938,30.1351
106.0281,460.1913,29.0981
95.3243,413.7340,29.2642
84.4003,366.3207,29.1680
73.3028,318.1544,29.9081
62.0793,269.4415,28.9051
50.7780,220.3905,29.3397
39.4471,171.2115,30.9725
28.1353,122.1151,31.8825
16.8770,73.2507,31.2890
5.7744,25.0626,34.6695
0.0000,0.0000,30.4506
0.0000,0.0000,33.3328
0.0000,0.0000,30.7361
0.0000,0.0000,30.9798
0.0000,0.0000,30.0941
0.0000,0.0000,31.1215
0.0000,0.0000,31.7661
0.0000,0.0000,31.5753
0.0000,0.0000,32.9547
0.0000,0.0000,33.5430
0.0000,0.0000,34.0878
0.0000,0.0000,33.9811
0.0000,0.0000,34.7997
0.0000,0.0000,34.9518
0.0000,0.0000,36.9645
0.0000,0.0000,37.5117
0.0000,0.0000,37.3155
0.0000,0.0000,33.3941
0.0000,0.0000,40.4049
0.0000,0.0000,38.5928
0.0000,0.0000,37.5054
0.0000,0.0000,41.7696
0.0000,0.0000,36.7141
0.0000,0.0000,36.6468
0.0000,0.0000,38.1925
0.0000,0.0000,39.2379
0.0000,0.0000,39.8444
0.0000,0.0000,38.1421
0.0000,0.0000,37.0488
0.0000,0.0000,38.2544
0.0000,0.0000,41.1048
0.0000,0.0000,38.7604
0.0000,0.0000,40.6279
0.0000,0.0000,39.0540
0.0000,0.0000,38.6266
0.0000,0.0000,40.5988
0.0000,0.0000,38.8392
0.0000,0.0000,40.4399
0.0000,0.0000,38.8227
0.0000,0.0000,38.8167
3.3961,14.7398,37.2819
14.4674,62.7925,39.2746
25.6992,111.5415,38.4831
37.0005,160.5925,39.7952
48.3313,209.7715,37.3879
59.6432,258.8679,38.5507
70.8875,307.6716,40.5269
82.0163,355.9735,39.0085
92.9818,403.5667,40.1433
103.7370,450.2476,38.2740
114.2360,495.8161,41.4936
124.4338,540.0772,35.9341
134.1636,582.3072,35.9806
143.6366,623.4225,36.0717
152.6816,662.6805,36.5075
161.2599,699.9128,37.2619
169.3348,734.9601,35.8134
176.8717,767.6725,36.3102
183.8384,797.9096,33.0690
190.2049,825.5421,35.2416
195.9441,850.4517,35.0909
200.0000,872.5316,34.1201
200.0000,891.6874,33.7014
200.0000,907.8370,32.2887
200.0000,920.9112,35.0181
200.0000,930.8541,33.5617
200.0000,937.6230,33.0521
200.0000,941.1891,32.8573
200.0000,941.5370,33.4246
200.0000,938.6653,29.6232
200.0000,932.5861,29.8663
200.0000,923.3257,31.8518
200.0000,910.9235,31.8081
200.0000,895.4328,29.2950
200.0000,876.9199,30.7930
197.0989,855.4640,28.0599
191.4986,831.1570,31.1698
185.2653,804.1030,29.0581
178.4259,774.4178,32.6312
171.0095,742.2287,29.8409
163.0479,707.6733,30.9723
154.5753,670.8998,30.4824
145.6279,632.0654,30.4239
136.2440,591.3367,29.2905
126.4638,548.8878,31.1106
116.3291,504.9007,31.7796
105.8835,459.5637,30.9381
95.1715,413.0709,27.9642
84.2392,365.6214,31.4535
73.1332,317.4184,29.7937
61.9012,268.6683,29.2262
50.5912,219.5798,32.6677
39.2517,170.3633,29.1953
27.9313,121.2294,28.1213
16.6648,72.3299,31.1132
5.5538,24.1051,30.1925
0.0000,0.0000,31.3192
0.0000,0.0000,32.1649
0.0000,0.0000,32.1741
0.0000,0.0000,31.7915
0.0000,0.0000,32.1577
0.0000,0.0000,32.7459
0.0000,0.0000,33.0595
0.0000,0.0000,31.8215
0.0000,0.0000,33.3123
0.0000,0.0000,33.5655
0.0000,0.0000,32.3418
0.0000,0.0000,34.4183
0.0000,0.0000,35.2114
0.0000,0.0000,33.6610
0.0000,0.0000,33.3199
0.0000,0.0000,35.6725
0.0000,0.0000,34.2086
0.0000,0.0000,36.3676
0.0000,0.0000,35.2158
0.0000,0.0000,37.0602
0.0000,0.0000,36.0913
0.0000,0.0000,37.6961
0.0000,0.0000,37.1063
0.0000,0.0000,38.7559
0.0000,0.0000,37.1334
0.0000,0.0000,38.3829
0.0000,0.0000,37.0032
0.0000,0.0000,41.3479
0.0000,0.0000,37.9303
0.0000,0.0000,38.3956
0.0000,0.0000,38.6691
0.0000,0.0000,39.4317
0.0000,0.0000,36.7852
0.0000,0.0000,39.0168
0.0000,0.0000,38.2312
0.0000,0.0000,38.7610
0.0000,0.0000,38.2797
0.0000,0.0000,40.0788
0.0000,0.0000,37.7948
0.0000,0.0000,40.7150
3.1736,13.7745,38.4806
14.2534,61.8638,40.3693
25.4932,110.6477,37.2311
36.8032,159.7361,40.6282
47.5399,206.3363,39.0931
59.4632,258.0866,39.0708
70.7161,306.9275,38.0493
81.8533,355.2663,38.9664
92.8272,402.8958,37.6101
103.5907,449.6123,36.8501
114.0977,495.2156,36.0766
124.3032,539.5105,35.7557
134.0322,581.7368,34.8700
143.5128,622.8854,37.6413
152.5651,662.1750,37.8973
161.1504,699.4374,35.0479
169.2318,734.5131,36.4158
176.7748,767.2518,36.3382
183.7471,797.5134,35.9672
190.1187,825.1682,36.5335
195.8625,850.0978,36.1385
200.0000,872.1956,32.1073
200.0000,891.3669,34.8014
200.0000,907.5295,34.3575
200.0000,920.6143,35.6988
200.0000,930.5652,32.9574
200.0000,937.3397,34.8478
200.0000,940.9086,30.8668
200.0000,941.2568,30.0208
200.0000,938.3827,30.2973
200.0000,932.2986,32.0100
200.0000,923.0307,31.0145
200.0000,910.6185,31.3657
200.0000,895.1153,32.3964
200.0000,876.5874,30.2357
197.0183,855.1142,29.5950
191.4135,830.7876,28.2628
185.1752,803.7117,30.8660
178.3302,774.0026,27.0283
170.9078,741.7875,32.2090
162.9398,707.2042,27.1750
154.4604,670.4009,31.3651
145.5057,631.5352,29.0851
136.1142,590.7736,29.0311
126.3261,548.2905,31.0603
116.1833,504.2678,32.3743
105.7292,458.8942,30.2868
95.0086,412.3638,29.9963
84.0674,364.8760,30.9502
72.9525,316.6341,29.8360
61.7114,267.8446,28.0148
50.3923,218.7166,29.2604
39.0436,169.4603,29.7152
27.7141,120.2867,29.3182
16.4391,71.3501,28.7132
5.3191,23.0864,34.0426
0.0000,0.0000,31.5741
0.0000,0.0000,31.1819
0.0000,0.0000,33.3396
0.0000,0.0000,31.6254
0.0000,0.0000,30.4960
0.0000,0.0000,29.8916
0.0000,0.0000,32.3815
0.0000,0.0000,33.0095
0.0000,0.0000,32.7129
0.0000,0.0000,33.1717
0.0000,0.0000,33.2074
0.0000,0.0000,31.5395
0.0000,0.0000,33.9598
0.0000,0.0000,36.5353
0.0000,0.0000,34.0781
0.0000,0.0000,35.7580
0.0000,0.0000,33.2804
0.0000,0.0000,39.2772
0.0000,0.0000,34.8438
0.0000,0.0000,35.2583
0.0000,0.0000,33.6357
0.0000,0.0000,37.7086
0.0000,0.0000,37.1744
0.0000,0.0000,35.1699
0.0000,0.0000,37.8432
0.0000,0.0000,37.6049
0.0000,0.0000,37.1414
0.0000,0.0000,39.1447
0.0000,0.0000,37.0018
0.0000,0.0000,39.9075
0.0000,0.0000,39.3191
0.0000,0.0000,35.3948
0.0000,0.0000,39.8662
0.0000,0.0000,38.7329
0.0000,0.0000,40.9809
0.0000,0.0000,38.3959
0.0000,0.0000,40.3196
0.0000,0.0000,38.7376
0.0000,0.0000,41.2174
0.0000,0.0000,39.5353
2.9370,12.7473,42.3079
14.0257,60.8756,39.5702
25.2741,109.6965,37.0851
36.5932,158.8245,41.1691
47.9418,208.0808,37.1706
59.2714,257.2544,39.3017
70.5335,306.1348,36.3205
81.6797,354.5125,38.8159
92.6624,402.1806,34.3100
103.4346,448.9348,40.4703
113.9501,494.5749,36.8061
124.1638,538.9055,36.6116
133.8923,581.1300,34.9647
143.3810,622.3135,36.3520
152.4411,661.6366,38.0617
161.0336,698.9307,36.6893
169.1219,734.0363,35.3722
176.6714,766.8028,33.9064
183.6496,797.0901,35.5375
190.0267,824.7685,35.1506
195.7753,849.7194,35.1635
200.0000,871.8359,35.7240
200.0000,891.0235,33.3614
200.0000,907.1999,35.9740
200.0000,920.2958,31.6117
200.0000,930.2552,32.8638
200.0000,937.0354,32.1797
200.0000,940.6074,30.5091
200.0000,940.9559,28.9188
200.0000,938.0793,33.9797
200.0000,931.9901,32.9403
200.0000,922.7143,32.0764
200.0000,910.2916,28.5739
200.0000,894.7751,27.8104
200.0000,876.2315,31.9701
196.9321,854.7400,31.4627
191.3225,830.3926,28.5500
185.0789,803.2938,29.3803
178.2281,773.5594,29.5125
170.7994,741.3168,27.5634
162.8246,706.7041,27.7111
154.3379,669.8695,31.3129
145.3757,630.9708,29.7405
135.9762,590.1744,32.3049
126.1797,547.6552,27.4107
116.0283,503.5950,28.3724
105.5653,458.1828,30.4704
94.8356,411.6128,29.5798
83.8851,364.0846,29.8710
72.7607,315.8016,32.3945
61.5100,266.9706,29.6516
50.1813,217.8008,29.1089
38.8230,168.5026,27.7924
27.4838,119.2871,32.1399
16.1997,70.3114,33.5551
5.0703,22.0066,28.8269
0.0000,0.0000,28.6593
0.0000,0.0000,32.3137
0.0000,0.0000,29.9060
0.0000,0.0000,35.2408
0.0000,0.0000,31.6228
0.0000,0.0000,32.7996
0.0000,0.0000,31.6106
0.0000,0.0000,31.9284
0.0000,0.0000,33.8254
0.0000,0.0000,31.6641
0.0000,0.0000,35.7454
0.0000,0.0000,31.9662
0.0000,0.0000,36.6690
0.0000,0.0000,35.1088
0.0000,0.0000,34.9369
0.0000,0.0000,35.5977
0.0000,0.0000,36.3920
0.0000,0.0000,37.1440
0.0000,0.0000,35.4153
0.0000,0.0000,36.8513
0.0000,0.0000,34.7178
0.0000,0.0000,36.2478
0.0000,0.0000,36.9429
0.0000,0.0000,35.5803
0.0000,0.0000,36.8627
0.0000,0.0000,37.3968
0.0000,0.0000,37.2091
0.0000,0.0000,37.1203
0.0000,0.0000,38.5853
0.0000,0.0000,40.0108
0.0000,0.0000,39.6019
0.0000,0.0000,41.1422
0.0000,0.0000,38.9604
0.0000,0.0000,38.2378
0.0000,0.0000,40.1203
0.0000,0.0000,38.7084
0.0000,0.0000,38.6150
0.0000,0.0000,42.7272
0.0000,0.0000,40.2000
0.0000,0.0000,40.1296
2.6862,11.6588,39.6028
13.7844,59.8279,37.9314
25.0417,108.6879,39.2793
36.3704,157.8578,42.1696
47.7287,207.1560,41.4774
59.0680,256.3714,37.0074
70.3396,305.2934,39.7613
81.4953,353.7123,41.7022
92.4874,401.4209,40.5664
103.2687,448.2149,37.9675
113.7932,493.8939,33.6447
124.0156,538.2622,38.2924
133.7441,580.4864,35.9247
143.2412,621.7067,37.4385
152.3094,661.0649,37.3223
160.9096,698.3923,37.0175
169.0051,733.5292,36.8901
176.5613,766.3251,34.6942
183.5457,796.6395,36.8205
189.9285,824.3425,35.5855
195.6823,849.3157,35.2075
200.0000,871.4521,33.2662
200.0000,890.6568,36.8626
200.0000,906.8476,32.4359
200.0000,919.9552,33.5004
200.0000,929.9235,33.4431
200.0000,936.7098,31.0100
200.0000,940.2849,31.5051
200.0000,940.6337,33.3860
200.0000,937.7546,32.0541
200.0000,931.6600,29.7194
200.0000,922.3759,32.4590
200.0000,909.9420,31.5614
200.0000,894.4117,30.7617
200.0000,875.8515,28.6183
196.8401,854.3408,27.8475
191.2255,829.9717,27.6521
184.9763,802.8487,31.4377
178.1194,773.0877,30.6051
170.6841,740.8163,28.5798
162.7022,706.1727,29.3159
154.2079,669.3052,29.6422
145.2376,630.3717,30.3365
135.8298,589.5389,30.3821
126.0246,546.9816,30.2414
115.8641,502.8822,28.5343
105.3917,457.4294,30.4865
94.6524,410.8178,29.7889
83.6921,363.2471,30.7610
72.5578,314.9210,30.4929
61.2971,266.0464,30.4834
49.9582,216.8326,30.7850
38.5898,167.4903,29.3404
27.2404,118.2309,30.0912
15.9469,69.2141,29.4558
4.8076,20.8661,31.0077
0.0000,0.0000,30.4673
0.0000,0.0000,32.0035
0.0000,0.0000,33.7777
0.0000,0.0000,32.7965
0.0000,0.0000,32.2600
0.0000,0.0000,32.8698
0.0000,0.0000,32.9114
0.0000,0.0000,31.4294
0.0000,0.0000,34.1361
0.0000,0.0000,32.5061
0.0000,0.0000,33.4743
0.0000,0.0000,33.5451
0.0000,0.0000,31.6872
0.0000,0.0000,34.5577
0.0000,0.0000,34.7479
0.0000,0.0000,32.7888
0.0000,0.0000,35.1369
0.0000,0.0000,33.1308
0.0000,0.0000,37.0023
0.0000,0.0000,36.7885
0.0000,0.0000,36.7300
0.0000,0.0000,37.0916
0.0000,0.0000,35.6775
0.0000,0.0000,35.2551
0.0000,0.0000,38.7371
0.0000,0.0000,39.6257
0.0000,0.0000,37.3709
0.0000,0.0000,38.4655
0.0000,0.0000,37.4635
0.0000,0.0000,38.7700
0.0000,0.0000,40.3368
0.0000,0.0000,38.8357
0.0000,0.0000,39.1106
0.0000,0.0000,38.1734
0.0000,0.0000,37.9605
0.0000,0.0000,40.7425
0.0000,0.0000,37.7612
0.0000,0.0000,38.7219
0.0000,0.0000,37.5270
0.0000,0.0000,40.3825
2.4213,10.5091,38.5650
13.5294,58.7213,41.2929
24.7962,107.6223,40.7089
36.1350,156.8360,38.9310
47.5035,206.1783,38.8726
58.8528,255.4377,38.3336
70.1345,304.4034,38.6213
81.3002,352.8656,35.5096
92.3021,400.6168,39.0340
103.0931,447.4526,36.3697
113.6269,493.1724,37.4777
123.8585,537.5803,35.3690
133.5873,579.8058,34.2377
143.0933,621.0647,34.5723
152.1699,660.4597,36.2620
160.7782,697.8220,34.6723
168.8813,732.9917,35.8683
176.4445,765.8182,35.4463
183.4355,796.1609,33.7842
189.8242,823.8899,35.3852
195.5834,848.8864,34.9869
200.0000,871.0435,34.7037
200.0000,890.2661,33.9044
200.0000,906.4720,33.1354
200.0000,919.5919,32.1060
200.0000,929.5695,35.2161
200.0000,936.3621,32.3366
200.0000,939.9406,33.1452
200.0000,940.2897,31.3505
200.0000,937.4080,30.7544
200.0000,931.3076,33.2677
200.0000,922.0148,32.4708
200.0000,909.5694,31.5352
200.0000,894.0246,31.8782
200.0000,875.4470,31.5798
196.7423,853.9162,30.1833
191.1224,829.5244,30.0500
184.8674,802.3759,29.9548
178.0041,772.5872,31.6216
170.5618,740.2856,30.0497
162.5724,705.6096,29.6946
154.0703,668.7076,29.3338
145.0916,629.7377,28.1553
135.6749,588.8668,25.5296
125.8605,546.2698,28.4973
115.6905,502.1291,26.2584
105.2084,456.6338,28.5418
94.4591,409.9786,27.8055
83.4885,362.3635,29.5197
72.3438,313.9922,30.7979
61.0726,265.0719,30.8988
49.7231,215.8121,28.8903
38.3440,166.4238,28.8451
26.9841,117.1183,28.0482
15.6807,68.0585,31.8429
4.5309,19.6653,30.9059
0.0000,0.0000,30.9659
0.0000,0.0000,30.9677
0.0000,0.0000,30.2676
0.0000,0.0000,32.4407
0.0000,0.0000,32.5291
0.0000,0.0000,32.2926
0.0000,0.0000,32.9426
0.0000,0.0000,32.3431
0.0000,0.0000,33.5559
0.0000,0.0000,34.2773
0.0000,0.0000,34.6018
0.0000,0.0000,36.0075
0.0000,0.0000,32.7220
0.0000,0.0000,32.9174
0.0000,0.0000,35.1682
0.0000,0.0000,35.4111
0.0000,0.0000,36.3117
0.0000,0.0000,35.8821
0.0000,0.0000,36.1690
0.0000,0.0000,37.5487
0.0000,0.0000,37.6588
0.0000,0.0000,35.4946
0.0000,0.0000,38.4928
0.0000,0.0000,37.7537
0.0000,0.0000,38.1238
0.0000,0.0000,37.8187
0.0000,0.0000,39.2020
0.0000,0.0000,36.4180
0.0000,0.0000,39.8573
0.0000,0.0000,34.6916
0.0000,0.0000,38.4911
0.0000,0.0000,39.1342
0.0000,0.0000,40.0113
0.0000,0.0000,40.2271
0.0000,0.0000,37.8516
0.0000,0.0000,39.3624
0.0000,0.0000,38.3136
0.0000,0.0000,39.6736
0.0000,0.0000,39.9503
0.0000,0.0000,38.6483
2.1166,9.1867,41.8362
13.2609,57.5558,42.0864
24.5375,106.4998,39.9315
35.8870,155.7595,37.4248
47.2661,205.1479,40.1639
58.6261,254.4534,38.2410
69.9183,303.4648,39.0790
81.0944,351.9723,37.7308
92.1066,399.7681,38.1512
102.9076,446.6477,37.8926
113.4513,492.4102,38.9425
123.6925,536.8597,34.0723
133.4219,579.0880,35.7827
142.9372,620.3871,35.1157
152.0226,659.8205,37.3195
160.6393,697.2192,36.8478
168.7503,732.4232,32.9912
176.3209,765.2817,31.0476
183.3187,795.6540,34.9370
189.7137,823.4100,34.4547
195.4785,848.4309,36.3211
200.0000,870.6095,33.5748
200.0000,889.8509,35.6392
200.0000,906.0726,31.4969
200.0000,919.2053,33.6948
200.0000,929.1926,31.5305
200.0000,935.9918,33.1077
200.0000,939.5739,32.7679
200.0000,939.9233,32.1805
200.0000,937.0387,30.9130
200.0000,930.9324,31.1301
200.0000,921.6306,30.0944
200.0000,909.1730,30.1579
200.0000,893.6130,32.6339
200.0000,875.0174,31.9673
196.6385,853.4656,30.4962
191.0131,829.0499,28.7093
184.7520,801.8751,28.7513
177.8820,772.0573,31.6514
170.4325,739.7242,32.2225
162.4353,705.0145,29.3570
153.9248,668.0765,30.3144
144.9374,629.0686,29.4036
135.5116,588.1578,30.1688
125.6876,545.5193,27.7047
115.5077,501.3356,28.0866
105.0154,455.7959,31.1688
94.2556,409.0953,31.2408
83.2743,361.4338,28.2867
72.1187,313.0154,28.3062
60.8365,264.0474,29.1645
49.4760,214.7396,27.1348
38.0858,165.3031,28.7588
26.7148,115.9496,28.3403
15.4010,66.8448,29.8342
4.2404,18.4045,29.4892
0.0000,0.0000,30.8837
0.0000,0.0000,30.1244
0.0000,0.0000,30.4681
0.0000,0.0000,30.4712
0.0000,0.0000,29.5063
0.0000,0.0000,30.4760
0.0000,0.0000,30.9300
0.0000,0.0000,34.0262
0.0000,0.0000,33.1070
0.0000,0.0000,29.9818
0.0000,0.0000,33.8729
0.0000,0.0000,32.1378
0.0000,0.0000,34.3303
0.0000,0.0000,36.1977
0.0000,0.0000,34.2996
0.0000,0.0000,34.2295
0.0000,0.0000,37.2302
0.0000,0.0000,34.9990
0.0000,0.0000,36.4770
0.0000,0.0000,36.8022
0.0000,0.0000,37.1626
0.0000,0.0000,36.8711
0.0000,0.0000,36.7233
0.0000,0.0000,39.7036
0.0000,0.0000,37.5145
0.0000,0.0000,38.1790
0.0000,0.0000,38.4133
0.0000,0.0000,40.9764
0.0000,0.0000,37.0017
0.0000,0.0000,39.7026
0.0000,0.0000,42.7790
0.0000,0.0000,40.2020
0.0000,0.0000,37.6952
0.0000,0.0000,38.3019
0.0000,0.0000,36.9342
0.0000,0.0000,38.6553
0.0000,0.0000,39.8500
0.0000,0.0000,39.4192
0.0000,0.0000,39.7357
0.0000,0.0000,36.8621
1.8496,8.0277,39.9013
12.9789,56.3319,38.2239
24.2659,105.3206,36.3287
35.6264,154.6284,38.4862
47.0166,204.0649,38.4664
58.3876,253.4185,38.0794
69.6908,302.4776,40.9594
80.8779,351.0324,39.6498
91.9008,398.8748,39.5528
102.7123,445.8001,36.3029
113.2663,491.6072,36.2498
123.5174,536.1000,38.9879
130.9377,568.3059,35.2822
142.7728,619.6737,35.5484
151.8675,659.1470,38.4758
160.4929,696.5837,38.6344
168.6121,731.8233,33.1634
176.1904,764.7151,35.6721
183.1952,795.1182,34.8535
189.5967,822.9023,36.3220
195.3674,847.9485,34.7031
200.0000,870.1497,34.9589
200.0000,889.4106,33.8724
200.0000,905.6487,33.1948
200.0000,918.7947,31.6553
200.0000,928.7922,32.4600
200.0000,935.5983,34.5241
200.0000,939.1839,30.4575
200.0000,939.5337,29.2283
200.0000,936.6462,30.4312
200.0000,930.5337,31.4168
200.0000,921.2224,30.7038
200.0000,908.7523,33.7320
200.0000,893.1765,28.4609
200.0000,874.5620,27.7351
196.5285,852.9883,31.1287
190.8975,828.5480,28.1159
184.6300,801.3456,29.5595
177.7530,771.4976,29.1615
170.2960,739.1318,26.1335
162.2907,704.3868,32.0204
153.7716,667.4114,30.0885
144.7751,628.3640,28.0438
135.3397,587.4117,30.7090
125.5058,544.7300,28.0067
115.3155,500.5015,28.4588
104.8126,454.9157,27.2238
94.0419,408.1678,28.8638
83.0495,360.4579,27.9530
71.8826,311.9904,31.1294
60.5889,262.9728,26.7736
49.2169,213.6151,28.7327
37.8152,164.1284,28.2664
26.4326,114.7249,31.0863
15.1081,65.5734,28.4898
3.9362,17.0840,29.6491
0.0000,0.0000,32.6311
0.0000,0.0000,32.0091
0.0000,0.0000,29.8180
0.0000,0.0000,32.1773
0.0000,0.0000,32.1515
0.0000,0.0000,28.9152
0.0000,0.0000,31.4672
0.0000,0.0000,34.8768
0.0000,0.0000,32.9805
0.0000,0.0000,31.2926
0.0000,0.0000,35.9705
0.0000,0.0000,30.5749
0.0000,0.0000,34.4195
0.0000,0.0000,31.0963
0.0000,0.0000,33.3489
0.0000,0.0000,34.8787
0.0000,0.0000,36.0132
0.0000,0.0000,33.3359
0.0000,0.0000,35.4256
0.0000,0.0000,36.9318
0.0000,0.0000,37.9101
0.0000,0.0000,35.6341
0.0000,0.0000,38.9868
0.0000,0.0000,36.9263
0.0000,0.0000,36.9485
0.0000,0.0000,39.0304
0.0000,0.0000,38.4547
0.0000,0.0000,38.6027
0.0000,0.0000,41.9975
0.0000,0.0000,39.8687
0.0000,0.0000,39.1827
0.0000,0.0000,36.7963
0.0000,0.0000,38.8667
0.0000,0.0000,40.0705
0.0000,0.0000,40.4467
0.0000,0.0000,38.3119
0.0000,0.0000,39.7065
0.0000,0.0000,40.5349
0.0000,0.0000,35.6935
0.0000,0.0000,38.2390
1.5429,6.6967,38.2170
12.6835,55.0499,39.7428
23.9812,104.0852,41.1829
35.3533,153.4430,38.9161
46.7550,202.9296,38.0643
58.1376,252.3331,38.6077
69.4522,301.4420,36.1416
80.6506,350.0460,36.5258
91.6847,397.9369,36.1766
102.5072,444.9097,39.7715
113.0719,490.7633,36.3367
123.3334,535.3011,35.8567
133.0652,577.5397,34.7101
142.6001,618.9241,36.9462
151.7043,658.4389,34.5435
160.3388,695.9149,35.9793
168.4666,731.1916,33.3966
176.0528,764.1180,34.4316
183.0650,794.5530,35.4681
189.4732,822.3663,33.2474
195.2499,847.4389,35.0794
200.0000,869.6633,35.1471
200.0000,888.9445,33.0061
200.0000,905.1997,33.5648
200.0000,918.3595,31.8502
200.0000,928.3674,31.8087
200.0000,935.1807,33.2360
200.0000,938.7701,32.2038
200.0000,939.1203,29.9815
200.0000,936.2297,31.7716
200.0000,930.1108,31.1653
200.0000,920.7898,26.5963
200.0000,908.3065,29.3554
200.0000,892.7144,27.7113
200.0000,874.0803,29.3441
196.4123,852.4840,28.7084
190.7753,828.0179,30.1846
184.5013,800.7869,24.9019
177.6171,770.9075,29.0591
170.1522,738.5077,30.2067
162.1385,703.7263,28.8314
153.6104,666.7120,28.4062
144.6045,627.6235,30.8624
135.1591,586.6282,26.6444
125.3149,543.9016,26.4166
115.1140,499.6266,29.6647
104.6000,453.9930,27.0843
93.8179,407.1959,30.3909
82.8140,359.4359,29.5016
71.6354,310.9174,29.2107
60.3299,261.8484,29.0249
48.9459,212.4387,30.3600
37.5322,162.9001,32.6006
26.1376,113.4446,30.2537
14.8020,64.2447,30.5470
3.6183,15.7043,28.9282
0.0000,0.0000,31.8847
0.0000,0.0000,35.2931
0.0000,0.0000,29.5883
0.0000,0.0000,30.8006
0.0000,0.0000,32.4141
0.0000,0.0000,31.5180
0.0000,0.0000,32.7900
0.0000,0.0000,31.2907
0.0000,0.0000,33.6559
0.0000,0.0000,31.7999
0.0000,0.0000,32.4431
0.0000,0.0000,32.2582
0.0000,0.0000,35.8677
0.0000,0.0000,34.8979
0.0000,0.0000,36.9482
0.0000,0.0000,34.2332
0.0000,0.0000,35.6422
0.0000,0.0000,33.7287
0.0000,0.0000,34.3079
0.0000,0.0000,36.1541
0.0000,0.0000,37.1391
0.0000,0.0000,34.7885
0.0000,0.0000,35.2743
0.0000,0.0000,38.2231
0.0000,0.0000,38.6072
0.0000,0.0000,38.1834
0.0000,0.0000,38.2220
0.0000,0.0000,37.0325
0.0000,0.0000,37.8563
0.0000,0.0000,37.8172
0.0000,0.0000,38.2806
0.0000,0.0000,37.9553
0.0000,0.0000,39.1201
0.0000,0.0000,40.9846
0.0000,0.0000,39.7306
0.0000,0.0000,40.2751
0.0000,0.0000,37.2094
0.0000,0.0000,37.7569
0.0000,0.0000,41.2191
0.0000,0.0000,38.1785
1.2225,5.3060,39.3870
12.3748,53.7101,38.0500
23.6837,102.7938,39.0772
35.0677,152.2034,38.7774
46.4814,201.7420,37.4235
57.8759,251.1974,37.0504
69.2025,300.3580,36.9885
80.4126,349.0130,35.7224
91.4583,396.9543,36.9516
102.2922,443.9765,36.1120
112.8679,489.8782,36.8004
123.1403,534.4629,37.4289
132.8737,576.7086,36.2159
142.4190,618.1381,35.5812
151.5331,657.6958,34.4267
160.1770,695.2125,36.2785
168.3136,730.5276,32.8016
175.9080,763.4897,35.9758
182.9279,793.9579,32.5029
189.3430,821.8015,33.0547
195.1261,846.9013,36.3937
200.0000,869.1499,31.6124
200.0000,888.4520,33.7915
200.0000,904.4561,31.4200
200.0000,917.8990,32.8955
200.0000,927.9178,30.6034
200.0000,934.7385,33.3667
200.0000,938.3318,33.5336
200.0000,938.6824,32.7582
200.0000,935.7886,29.9310
200.0000,929.6631,29.4806
200.0000,920.3319,29.1336
200.0000,907.8350,31.9994
200.0000,892.2260,30.1123
200.0000,873.5717,29.3948
196.2897,851.9518,29.7666
190.6466,827.4592,29.6553
184.3658,800.1985,30.6425
177.4741,770.2867,25.6632
170.0010,737.8517,27.1400
161.9787,703.0323,27.4292
153.4413,665.9779,28.0413
144.4255,626.8469,29.9117
134.9699,585.8071,27.0258
125.1150,543.0340,29.3737
114.9030,498.7109,29.9555
104.3775,453.0276,28.3667
93.5838,406.1796,29.7049
82.5679,358.3677,27.3788
71.3771,309.7965,30.7668
60.0593,260.6741,27.5745
48.6629,211.2107,26.2425
37.2368,161.6182,31.4836
25.8299,112.1090,27.3566
14.4827,62.8589,29.2001
3.2868,14.2657,27.7153
0.0000,0.0000,31.0629
0.0000,0.0000,31.1897
0.0000,0.0000,27.9083
0.0000,0.0000,32.6424
0.0000,0.0000,30.3465
0.0000,0.0000,31.9518
0.0000,0.0000,31.0454
0.0000,0.0000,33.0946
0.0000,0.0000,29.0294
0.0000,0.0000,32.4682
0.0000,0.0000,30.4666
0.0000,0.0000,33.2397
0.0000,0.0000,32.8727
0.0000,0.0000,34.6979
0.0000,0.0000,32.6136
0.0000,0.0000,32.5989
0.0000,0.0000,34.6008
0.0000,0.0000,35.3908
0.0000,0.0000,36.9275
0.0000,0.0000,35.8534
0.0000,0.0000,33.0017
0.0000,0.0000,35.4083
0.0000,0.0000,35.7320
0.0000,0.0000,34.7888
0.0000,0.0000,35.6474
0.0000,0.0000,37.9291
0.0000,0.0000,39.1064
0.0000,0.0000,38.2365
0.0000,0.0000,36.6603
0.0000,0.0000,37.1228
0.0000,0.0000,36.8642
0.0000,0.0000,37.2395
0.0000,0.0000,36.9313
0.0000,0.0000,37.9171
0.0000,0.0000,40.3064
0.0000,0.0000,36.9062
0.0000,0.0000,39.7447
0.0000,0.0000,37.0241
0.0000,0.0000,37.4468
0.0000,0.0000,39.1228
0.8885,3.8561,38.3196
12.0529,52.3128,34.5117
23.3733,101.4465,38.0746
34.7696,150.9099,37.3111
46.1957,200.5024,33.5556
57.6027,250.0116,38.3829
68.9416,299.2256,37.4476
80.1639,347.9335,34.4355
91.2216,395.9269,34.1955
102.0672,443.0002,36.4984
112.6545,488.9518,38.0790
122.9380,533.5850,35.4929
132.6734,575.8393,34.6511
142.2294,617.3152,33.9560
151.3537,656.9173,34.7035
160.0073,694.4761,35.1815
168.1530,729.8309,34.1318
175.7560,762.8300,36.8487
182.7838,793.3323,34.0458
189.2061,821.2071,34.2057
194.9956,846.3351,35.0039
200.0000,868.6086,31.3791
200.0000,887.9324,32.6356
200.0000,904.2236,33.2655
200.0000,917.4125,31.5451
200.0000,927.4426,33.0180
200.0000,934.2709,30.5102
200.0000,937.8682,33.1376
200.0000,938.2192,30.9574
200.0000,935.3222,31.0659
200.0000,929.1898,30.2739
200.0000,919.8481,26.3468
200.0000,907.3372,29.9804
200.0000,891.7107,29.3829
200.0000,873.0354,29.6399
196.1606,851.3914,29.1852
190.5111,826.8712,29.0962
184.2232,799.5800,29.2810
177.3238,769.6345,30.0027
169.8424,737.1631,29.1865
161.8110,702.3047,29.6858
153.2641,665.2087,27.3914
144.2382,626.0338,30.0746
134.7720,584.9479,27.3894
124.9060,542.1268,27.2822
114.6825,497.7540,25.8597
104.1453,452.0194,28.4026
93.3394,405.1189,29.4332
82.3112,357.2533,27.5032
71.1078,308.6277,29.6881
59.7773,259.4501,30.3457
48.3682,209.9312,32.3642
36.9292,160.2831,27.4432
25.5095,110.7183,32.1370
14.1503,61.4164,29.3100
2.9419,12.7687,29.8939
0.0000,0.0000,31.5767
0.0000,0.0000,27.9809
0.0000,0.0000,31.3522
0.0000,0.0000,32.6694
0.0000,0.0000,32.9889
0.0000,0.0000,31.7063
0.0000,0.0000,34.1092
0.0000,0.0000,31.2350
0.0000,0.0000,31.8204
0.0000,0.0000,31.1364
0.0000,0.0000,34.9282
0.0000,0.0000,30.8544
0.0000,0.0000,32.6390
0.0000,0.0000,31.9606
0.0000,0.0000,34.1245
0.0000,0.0000,36.2592
0.0000,0.0000,34.0454
0.0000,0.0000,35.7522
0.0000,0.0000,34.7002
0.0000,0.0000,35.0909
0.0000,0.0000,34.2640
0.0000,0.0000,38.6355
0.0000,0.0000,35.8433
0.0000,0.0000,37.7084
0.0000,0.0000,38.7910
0.0000,0.0000,35.3587
0.0000,0.0000,39.1220
0.0000,0.0000,35.9271
0.0000,0.0000,39.6533
0.0000,0.0000,37.9848
0.0000,0.0000,39.7679
0.0000,0.0000,36.1616
0.0000,0.0000,39.1330
0.0000,0.0000,38.3289
0.0000,0.0000,39.1893
0.0000,0.0000,40.0489
0.0000,0.0000,37.5538
0.0000,0.0000,41.6796
0.0000,0.0000,39.5752
0.0000,0.0000,37.5772
0.5409,2.3474,38.0565
11.7178,50.8585,38.0444
23.0501,100.0439,38.9120
34.4593,149.5628,36.9852
45.8982,199.2109,39.3680
57.3179,248.7757,35.1859
68.6695,298.0448,38.3433
79.9044,346.8075,39.1907
90.9745,394.8547,37.5365
101.8324,441.9808,40.1329
112.4315,487.9840,34.9198
122.7265,532.6673,38.5291
132.4642,574.9313,36.5228
142.0313,616.4551,34.8024
151.1661,656.1030,34.8523
159.8297,693.7053,34.7306
167.9848,729.1008,34.5333
175.5966,762.1381,35.4266
182.6325,792.6757,34.7173
189.0622,820.5827,34.0931
194.8584,845.7397,32.1136
199.9962,868.0390,34.0677
200.0000,887.3851,29.9643
200.0000,903.6951,35.6518
200.0000,916.8992,32.6582
200.0000,926.9409,34.6936
200.0000,933.7771,34.6844
200.0000,937.3786,31.8133
200.0000,937.7299,30.9869
200.0000,934.8297,28.8956
200.0000,928.6901,29.5231
200.0000,919.3376,32.5367
200.0000,906.8123,31.0978
200.0000,891.1677,31.2634
200.0000,872.4708,30.7645
196.0247,850.8018,31.4455
190.3688,826.2533,29.1252
184.0736,798.9305,29.7135
177.1662,768.9505,28.7162
169.6761,736.4416,33.0763
161.6355,701.5429,29.8711
153.0787,664.4040,27.8145
144.0424,625.1839,26.3636
134.5652,584.0505,31.2674
124.6879,541.1799,27.5785
114.4525,496.7558,27.3397
103.9031,450.9684,29.0588
93.0848,404.0137,27.4091
82.0438,356.0928,30.8688
70.8275,307.4109,29.9453
59.4839,258.1765,31.3340
48.0615,208.6004,27.1619
36.6094,158.8950,30.8567
25.1765,109.2729,28.8443
13.8050,59.9176,29.2548
2.5836,11.2137,32.0050
0.0000,0.0000,31.7309
0.0000,0.0000,29.9154
0.0000,0.0000,33.6144
0.0000,0.0000,30.6185
0.0000,0.0000,29.3101
0.0000,0.0000,28.4661
0.0000,0.0000,30.3816
0.0000,0.0000,28.7684
0.0000,0.0000,33.1502
0.0000,0.0000,30.5488
0.0000,0.0000,33.9363
0.0000,0.0000,33.2604
0.0000,0.0000,34.4090
0.0000,0.0000,35.0689
0.0000,0.0000,34.7600
0.0000,0.0000,34.5673
0.0000,0.0000,34.9915
0.0000,0.0000,35.3239
0.0000,0.0000,38.4920
0.0000,0.0000,34.8353
0.0000,0.0000,34.5259
0.0000,0.0000,32.5067
0.0000,0.0000,34.3148
0.0000,0.0000,35.9101
0.0000,0.0000,33.7579
0.0000,0.0000,34.5082
0.0000,0.0000,37.7267
0.0000,0.0000,39.7111
0.0000,0.0000,38.2869
0.0000,0.0000,37.0867
0.0000,0.0000,38.0592
0.0000,0.0000,40.7902
0.0000,0.0000,37.9058
0.0000,0.0000,36.6293
0.0000,0.0000,39.5548
0.0000,0.0000,38.1036
0.0000,0.0000,37.8627
0.0000,0.0000,38.9545
0.0000,0.0000,37.5660
0.0000,0.0000,37.7831
0.1798,0.7804,39.4164
11.3697,49.3475,39.1564
22.7143,98.5862,36.7788
34.1366,148.1622,37.7361
45.5887,197.8677,37.4469
57.0216,247.4898,35.6369
68.3864,296.8159,36.9537
79.6343,345.6349,37.7346
90.7171,393.7376,35.7658
101.5875,440.9182,37.2188
112.1989,486.9745,38.9515
122.5059,531.7094,35.2379
132.2460,573.9845,37.6092
141.8245,615.5576,36.8133
150.9702,655.2526,36.1686
159.6440,692.8995,34.2671
167.8089,728.3371,32.7939
175.4297,761.4136,34.5338
182.4739,791.9874,34.4798
188.9113,819.9276,33.9007
194.7144,845.1144,32.9176
199.8582,867.4402,32.3783
200.0000,886.8093,30.6169
200.0000,903.1387,34.8824
200.0000,916.3585,29.2439
200.0000,926.4120,32.8898
200.0000,933.2564,29.0432
200.0000,936.8622,29.7976
200.0000,937.2139,31.7127
200.0000,934.3102,31.3932
200.0000,928.1634,29.8566
200.0000,918.7998,28.6189
200.0000,906.2596,29.2499
200.0000,890.5964,27.5782
200.0000,871.8774,29.0648
195.8821,850.1826,30.2555
190.2194,825.6049,29.6167
183.9167,798.2498,30.8746
177.0011,768.2341,29.2529
169.5022,735.6865,29.6873
161.4520,700.7465,29.4417
152.8850,663.5634,29.0073
143.8380,624.2968,28.6110
134.3496,583.1145,24.1973
124.4605,540.1930,29.2297
114.2130,495.7162,26.9839
103.6511,449.8744,27.5996
92.8198,402.8639,29.9825
81.7658,354.8861,27.2610
70.5361,306.1464,27.6271
59.1791,256.8536,28.3994
47.7432,207.2186,31.4439
36.2774,157.4541,28.7912
24.8309,107.7731,27.5124
13.4468,58.3629,31.9423
2.2121,9.6012,29.7651
0.0000,0.0000,29.5888
0.0000,0.0000,28.3688
0.0000,0.0000,27.7995
0.0000,0.0000,28.6451
0.0000,0.0000,29.9771
0.0000,0.0000,32.2914
0.0000,0.0000,29.0541
0.0000,0.0000,31.8575
0.0000,0.0000,31.6910
0.0000,0.0000,34.4105
0.0000,0.0000,31.0499
0.0000,0.0000,31.1839
0.0000,0.0000,35.1855
0.0000,0.0000,31.5844
0.0000,0.0000,35.5028
0.0000,0.0000,32.1182
0.0000,0.0000,34.4430
0.0000,0.0000,36.0400
0.0000,0.0000,34.3379
0.0000,0.0000,36.9261
0.0000,0.0000,32.2784
0.0000,0.0000,34.0091
0.0000,0.0000,34.8170
0.0000,0.0000,36.6225
0.0000,0.0000,34.8401
0.0000,0.0000,36.2330
0.0000,0.0000,38.0993
0.0000,0.0000,36.9743
0.0000,0.0000,37.5281
0.0000,0.0000,35.7486
0.0000,0.0000,37.3244
0.0000,0.0000,39.1783
0.0000,0.0000,36.6433
0.0000,0.0000,38.2662
0.0000,0.0000,39.1900
0.0000,0.0000,36.5781
0.0000,0.0000,38.7487
0.0000,0.0000,37.4849
0.0000,0.0000,36.0391
0.0000,0.0000,35.9060
0.0000,0.0000,41.0181
11.0086,47.7803,39.6431
22.3658,97.0737,37.7847
33.8017,146.7086,38.7479
45.2674,196.4731,40.3739
56.7139,246.1541,38.0244
68.0921,295.5388,35.3124
79.3534,344.4157,38.6903
90.4494,392.5756,35.2519
101.3327,439.8122,38.2172
111.9567,485.9232,33.8628
122.2759,530.7113,35.3481
132.0189,572.9985,35.5608
141.6090,614.6223,34.6042
150.7658,654.3656,35.6881
159.4502,692.0583,34.2387
167.6250,727.5391,32.0485
175.2551,760.6559,34.2753
182.3079,791.2669,32.2415
188.7532,819.2411,33.7248
194.5633,844.4587,32.3932
199.7134,866.8117,34.1942
200.0000,886.2043,33.2095
200.0000,902.5536,32.9168
200.0000,915.7895,33.8058
200.0000,925.8553,30.6405
200.0000,932.7080,32.5666
200.0000,936.3182,33.3673
200.0000,936.6703,28.9275
200.0000,933.7631,31.2770
200.0000,927.6088,29.6530
200.0000,918.2338,28.5431
200.0000,905.6783,26.1312
200.0000,889.9960,29.0445
200.0000,871.2542,31.5961
195.7324,849.5330,28.5080
190.0628,824.9254,30.2129
183.7525,797.5369,29.1649
176.8285,767.4847,31.5857
169.3204,734.8975,30.1119
161.2604,699.9149,24.9704
152.6830,662.6866,27.1844
143.6249,623.3720,28.4017
134.1250,582.1396,28.9940
124.2238,539.1659,27.6670
113.9639,494.6349,27.4353
103.3891,448.7372,29.7848
92.5446,401.6695,27.1845
81.4771,353.6333,28.7993
70.2338,304.8342,26.2576
58.8629,255.4813,29.1379
47.4131,205.7859,28.1222
35.9334,155.9608,27.7590
24.4729,106.2193,29.0765
13.0758,56.7527,29.2200
1.8274,7.9316,29.3864
0.0000,0.0000,33.1342
0.0000,0.0000,33.4279
0.0000,0.0000,28.7629
0.0000,0.0000,31.9436
0.0000,0.0000,27.4038
0.0000,0.0000,31.4818
0.0000,0.0000,29.0985
0.0000,0.0000,26.5823
0.0000,0.0000,31.1263
0.0000,0.0000,32.9054
0.0000,0.0000,33.7527
0.0000,0.0000,30.5490
0.0000,0.0000,31.7462
0.0000,0.0000,34.2550
0.0000,0.0000,34.7324
0.0000,0.0000,33.5991
0.0000,0.0000,36.0589
0.0000,0.0000,33.4303
0.0000,0.0000,36.9670
0.0000,0.0000,33.2177
0.0000,0.0000,37.4189
0.0000,0.0000,35.7012
0.0000,0.0000,34.2231
0.0000,0.0000,36.1011
0.0000,0.0000,37.2832
0.0000,0.0000,38.6137
0.0000,0.0000,33.8208
0.0000,0.0000,39.5902
0.0000,0.0000,40.6756
0.0000,0.0000,37.9856
0.0000,0.0000,39.9344
0.0000,0.0000,36.9475
0.0000,0.0000,39.2333
0.0000,0.0000,37.9787
0.0000,0.0000,38.9857
0.0000,0.0000,36.8715
0.0000,0.0000,37.7929
0.0000,0.0000,38.2927
0.0000,0.0000,37.4136
0.0000,0.0000,36.4838
0.0000,0.0000,37.5510
10.6346,46.1572,36.4237
22.0048,95.5068,36.2033
33.4546,145.2022,35.7632
44.9343,195.0273,35.6751
56.3947,244.7688,35.8412
67.7868,294.2137,38.8947
79.0618,343.1501,37.6277
90.1713,391.3687,33.5934
101.0679,438.6628,36.4126
111.7048,484.8300,33.3125
122.0366,529.6726,36.0655
131.7826,571.9731,34.5511
141.3847,613.6487,35.9713
150.5529,653.4417,36.4490
159.2482,691.1814,33.9718
167.4332,726.7064,35.5482
175.0728,759.8644,34.5051
182.1344,790.5137,35.5446
188.5876,818.5228,31.0643
194.4050,843.7718,32.6831
199.5616,866.1526,30.1524
200.0000,885.5695,33.7266
200.0000,901.9391,29.0407
200.0000,915.1915,32.3119
200.0000,925.2699,28.6284
200.0000,932.1311,29.9668
200.0000,935.7458,30.0004
200.0000,936.0984,31.6633
200.0000,933.1875,30.3380
200.0000,927.0255,29.2452
200.0000,917.6389,29.3970
200.0000,905.0677,31.4901
200.0000,889.3659,28.3745
200.0000,870.6007,28.5359
195.5756,848.8524,26.1658
189.8989,824.2141,27.5329
183.5807,796.7914,27.1945
176.6481,766.7018,29.6186
169.1306,734.0740,28.7362
161.0606,699.0477,26.4081
152.4725,661.7729,27.2579
143.4031,622.4094,29.6534
133.8913,581.1255,27.8022
123.9778,538.0983,24.4229
113.7051,493.5117,27.5906
103.1171,447.5568,27.8716
92.2592,400.4304,27.1950
81.1778,352.3343,28.2179
69.9205,303.4744,27.9689
58.5354,254.0599,29.2369
47.0713,204.3025,27.3460
35.5773,154.4153,31.3626
24.1026,104.6118,27.9349
12.6922,55.0875,27.9791
1.4297,6.2055,27.6015
0.0000,0.0000,30.7287
0.0000,0.0000,29.6351
0.0000,0.0000,30.8499
0.0000,0.0000,29.5540
0.0000,0.0000,29.4946
0.0000,0.0000,30.6196
0.0000,0.0000,32.6707
0.0000,0.0000,30.4786
0.0000,0.0000,30.1505
0.0000,0.0000,33.6898
0.0000,0.0000,30.2989
0.0000,0.0000,32.1594
0.0000,0.0000,36.3510
0.0000,0.0000,33.9620
0.0000,0.0000,35.0591
0.0000,0.0000,33.5312
0.0000,0.0000,32.0358
0.0000,0.0000,34.4685
0.0000,0.0000,34.2776
0.0000,0.0000,36.8300
0.0000,0.0000,36.5578
0.0000,0.0000,34.8047
0.0000,0.0000,36.5306
0.0000,0.0000,36.0165
0.0000,0.0000,36.9498
0.0000,0.0000,36.0210
0.0000,0.0000,41.4575
0.0000,0.0000,34.8804
0.0000,0.0000,37.5275
0.0000,0.0000,36.0650
0.0000,0.0000,37.0836
0.0000,0.0000,36.1005
0.0000,0.0000,36.9537
0.0000,0.0000,35.8743
0.0000,0.0000,36.9440
0.0000,0.0000,37.8259
0.0000,0.0000,38.6083
0.0000,0.0000,37.3165
0.0000,0.0000,35.9152
0.0000,0.0000,36.1711
0.0000,0.0000,37.0123
10.2479,44.4787,38.5854
21.6062,93.7767,38.4741
33.0954,143.6433,36.7633
44.5894,193.5306,35.4800
56.0642,243.3341,36.9271
67.4705,292.8406,38.3015
78.7595,341.8381,37.5201
89.8829,390.1167,38.7381
100.7931,437.4698,36.7010
111.4432,483.6946,35.4010
121.7879,528.5931,35.6239
131.5372,570.9079,36.1402
141.1515,612.6367,34.9584
150.3315,652.4803,34.8803
159.0378,690.2681,31.2296
167.2332,725.8384,33.7756
174.8825,759.0387,36.4520
181.9531,789.7270,34.5495
188.4146,817.7718,33.6324
194.2394,843.0530,32.0790
199.4025,865.4623,32.7963
200.0000,884.9039,32.8914
200.0000,901.2944,30.7017
200.0000,914.5637,35.7692
200.0000,924.6550,28.6541
200.0000,931.5249,31.6240
200.0000,935.1442,28.5385
200.0000,935.4973,29.0989
200.0000,932.5827,31.6066
200.0000,926.4128,33.3755
200.0000,917.0142,28.9795
200.0000,904.4271,31.1615
200.0000,888.7052,29.2451
200.0000,869.9161,28.0281
195.4115,848.1401,25.9292
189.7276,823.4704,28.5992
183.4014,796.0128,27.1296
176.4599,765.8848,27.5190
168.9328,733.2153,27.7356
160.8525,698.1444,27.7790
152.2534,660.8222,30.3583
143.1725,621.4085,28.5299
133.6486,580.0720,26.7383
123.7225,536.9899,28.5880
113.4366,492.3465,28.3558
102.8351,446.3331,29.6701
91.9634,399.1466,26.4478
80.8679,350.9892,28.2773
69.5962,302.0670,27.9129
58.1966,252.5896,29.5066
46.7179,202.7688,27.7671
35.2093,152.8179,26.8448
23.7199,102.9510,27.2957
12.2959,53.3676,28.4734
1.0191,4.4233,30.4678
0.0000,0.0000,29.0943
0.0000,0.0000,31.7852
0.0000,0.0000,26.8329
0.0000,0.0000,28.7962
0.0000,0.0000,31.7780
0.0000,0.0000,29.8168
0.0000,0.0000,31.1798
0.0000,0.0000,29.5565
0.0000,0.0000,34.2281
0.0000,0.0000,31.7058
0.0000,0.0000,31.7058
0.0000,0.0000,32.3072
0.0000,0.0000,34.3054
0.0000,0.0000,33.6704
0.0000,0.0000,34.5910
0.0000,0.0000,34.4375
0.0000,0.0000,30.0959
0.0000,0.0000,36.3061
0.0000,0.0000,33.5528
0.0000,0.0000,33.8354
0.0000,0.0000,34.6582
0.0000,0.0000,37.7296
0.0000,0.0000,37.2548
0.0000,0.0000,39.0640
0.0000,0.0000,38.4023
0.0000,0.0000,36.1552
0.0000,0.0000,38.2059
0.0000,0.0000,37.7483
0.0000,0.0000,36.3162
0.0000,0.0000,37.7461
0.0000,0.0000,35.7728
0.0000,0.0000,38.1395
0.0000,0.0000,37.0673
0.0000,0.0000,36.6745
0.0000,0.0000,37.9182
0.0000,0.0000,38.7427
0.0000,0.0000,39.6172
0.0000,0.0000,38.4954
0.0000,0.0000,37.5000
0.0000,0.0000,37.8396
0.0000,0.0000,36.4936
9.8485,42.7454,37.7182
21.2213,92.1062,33.9493
32.7242,142.0322,39.0244
44.2329,191.9831,36.4853
55.7223,241.8501,35.2181
67.1431,291.4196,36.1712
78.4465,340.4796,38.2119
89.5841,388.8198,34.9818
100.5081,436.2332,36.3512
111.1719,482.5169,35.9900
121.5297,527.4727,32.9751
131.2825,569.8027,34.6604
140.9093,611.5857,36.2761
150.1013,651.4811,37.6552
158.8189,689.3181,34.2999
167.0249,724.9346,33.0477
174.6842,758.1781,34.7299
181.7640,788.9063,32.9707
188.2339,816.9875,34.6141
194.0663,842.3016,32.4437
199.2361,864.7401,34.4442
200.0000,884.2070,33.7361
200.0000,900.6188,31.1009
200.0000,913.9053,32.3785
200.0000,924.0097,27.0302
200.0000,930.8886,33.7334
200.0000,934.5126,30.0609
200.0000,934.8661,32.1007
200.0000,931.9478,29.3962
200.0000,925.7699,30.3748
200.0000,916.3591,27.8146
200.0000,903.7555,29.4148
200.0000,888.0132,28.3276
200.0000,869.1996,30.3088
195.2399,847.3953,28.0563
189.5486,822.6936,27.1827
183.2141,795.2003,28.4356
176.2636,765.0331,29.2800
168.7268,732.3212,28.1095
160.6360,697.2047,28.6937
152.0257,659.8339,28.0963
142.9330,620.3690,27.0878
133.3967,578.9788,29.4057
123.4577,535.8406,28.3711
113.1585,491.1391,26.4399
102.5432,445.0659,27.5993
91.6573,397.8180,28.2193
80.5474,349.5980,28.3219
69.2611,300.6122,25.0497
57.8466,251.0704,25.8510
46.3530,201.1849,30.3672
34.8294,151.1691,26.9805
23.3251,101.2373,24.6832
11.8872,51.5937,27.1900
0.5958,2.5857,32.1208
0.0000,0.0000,27.8068
0.0000,0.0000,28.0523
0.0000,0.0000,30.3149
0.0000,0.0000,28.0955
0.0000,0.0000,33.4946
0.0000,0.0000,29.0474
0.0000,0.0000,28.9010
0.0000,0.0000,30.5660
0.0000,0.0000,29.8358
0.0000,0.0000,28.9450
0.0000,0.0000,33.8932
0.0000,0.0000,31.1720
0.0000,0.0000,29.2683
0.0000,0.0000,33.2876
0.0000,0.0000,35.7315
0.0000,0.0000,33.8606
0.0000,0.0000,36.2730
0.0000,0.0000,32.9249
0.0000,0.0000,37.4569
0.0000,0.0000,33.2989
0.0000,0.0000,35.5466
0.0000,0.0000,35.7359
0.0000,0.0000,37.5688
0.0000,0.0000,36.3803
0.0000,0.0000,35.3831
0.0000,0.0000,34.7905
0.0000,0.0000,34.4087
0.0000,0.0000,37.4681
0.0000,0.0000,35.7191
0.0000,0.0000,37.8935
0.0000,0.0000,34.5062
0.0000,0.0000,38.1945
0.0000,0.0000,40.9940
0.0000,0.0000,38.2627
0.0000,0.0000,37.6520
0.0000,0.0000,40.5251
0.0000,0.0000,37.7172
0.0000,0.0000,35.0827
0.0000,0.0000,40.0600
0.0000,0.0000,38.1046
0.0000,0.0000,37.9088
9.4366,40.9576,36.8942
20.8241,90.3826,36.6550
32.3411,140.3694,37.3485
43.8647,190.3851,37.0621
55.3690,240.3170,38.4180
66.8047,289.9510,35.5007
78.1228,339.0747,37.3236
89.2749,387.4778,37.5804
100.2132,434.9529,35.0932
110.8908,481.2968,36.7079
121.2620,526.3109,35.8533
131.0186,568.6571,29.9627
140.6582,610.4955,33.1404
149.8622,650.4438,34.2652
158.5914,688.3309,34.7868
166.8083,723.9945,37.4507
174.4778,757.2821,31.5765
181.5669,788.0510,31.7412
188.0454,816.1694,32.5015
193.8855,841.5170,34.1460
199.0622,863.9852,34.4599
200.0000,883.4779,31.5086
200.0000,899.9114,31.4172
200.0000,913.2156,32.9826
200.0000,923.3333,29.5602
200.0000,930.2213,29.8573
200.0000,933.8501,28.3036
200.0000,934.2041,30.4901
200.0000,931.2819,30.9502
200.0000,925.0958,25.5838
200.0000,915.6725,30.1963
200.0000,903.0523,28.9063
200.0000,887.2892,29.3265
200.0000,868.4507,27.0490
195.0607,846.6174,27.0342
189.3618,821.8830,30.1802
183.0190,794.3533,28.6445
176.0593,764.1461,26.6687
168.5125,731.3909,27.4473
160.4109,696.2278,27.2752
151.7893,658.8076,30.9092
142.6845,619.2903,28.6035
133.1356,577.8453,29.3717
123.1834,534.6500,27.4704
112.8705,489.8894,25.9482
102.2412,443.7551,31.7258
91.3409,396.4447,27.8347
80.2162,348.1608,29.0841
68.9150,299.1101,31.8677
57.4854,249.5027,27.1219
45.9766,199.5511,28.8320
34.4377,149.4690,23.9787
22.9181,99.4711,28.7071
11.4661,49.7661,28.8389
0.1597,0.6932,26.1782
0.0000,0.0000,30.2240
0.0000,0.0000,30.0594
0.0000,0.0000,28.1302
0.0000,0.0000,31.0638
0.0000,0.0000,28.8934
0.0000,0.0000,32.0315
0.0000,0.0000,31.0481
0.0000,0.0000,28.9758
0.0000,0.0000,30.6386
0.0000,0.0000,32.5837
0.0000,0.0000,32.6058
0.0000,0.0000,32.4598
0.0000,0.0000,31.4242
0.0000,0.0000,33.2911
0.0000,0.0000,32.0368
0.0000,0.0000,30.8231
0.0000,0.0000,32.8454
0.0000,0.0000,33.5436
0.0000,0.0000,31.5552
0.0000,0.0000,34.7625
0.0000,0.0000,36.0832
0.0000,0.0000,35.3105
0.0000,0.0000,37.5405
0.0000,0.0000,36.8127
0.0000,0.0000,36.2247
0.0000,0.0000,35.7093
0.0000,0.0000,35.6386
0.0000,0.0000,34.9066
0.0000,0.0000,37.4893
0.0000,0.0000,35.3684
0.0000,0.0000,35.9004
0.0000,0.0000,36.9301
0.0000,0.0000,37.1306
0.0000,0.0000,38.6562
0.0000,0.0000,37.6005
0.0000,0.0000,34.0767
0.0000,0.0000,38.6128
0.0000,0.0000,37.4905
0.0000,0.0000,37.0854
0.0000,0.0000,38.1964
0.0000,0.0000,38.4347
9.0123,39.1159,37.8872
20.4149,88.6063,34.9481
31.9461,138.6550,36.6143
43.4850,188.7370,36.3754
55.0045,238.7350,35.5385
66.4554,288.4348,37.8757
77.7885,337.6236,37.5266
88.9553,386.0907,35.6230
99.9081,433.6287,35.9145
110.5998,480.0340,36.4051
120.9848,525.1078,33.3333
130.7453,567.4709,36.2808
140.3979,609.3657,34.7289
149.6143,649.3678,34.5393
158.3553,687.3059,32.9235
166.5833,723.0176,34.6241
174.2630,756.3500,33.7622
181.3617,787.1603,32.7365
187.8490,815.3167,33.2463
193.6969,840.6984,30.3974
198.8806,863.1970,32.2763
200.0000,882.7158,30.7182
200.0000,899.1716,27.5951
200.0000,912.4936,34.3607
200.0000,922.6250,31.4032
200.0000,929.5223,31.9442
200.0000,933.1559,29.0274
200.0000,933.5104,30.2588
200.0000,930.5842,28.0381
200.0000,924.3898,27.5490
200.0000,914.9539,29.7632
200.0000,902.3166,28.0588
200.0000,886.5323,29.1717
199.9108,867.6684,27.2559
194.8736,845.8057,28.0152
189.1672,821.0380,28.5868
182.8158,793.4712,27.9518
175.8466,763.2233,27.8588
168.2897,730.4240,27.6024
160.1772,695.2136,25.4934
151.5440,657.7429,29.5446
142.4269,618.1724,28.4523
132.8651,576.6716,27.2774
122.8995,533.4180,25.0665
112.5728,488.5971,29.3316
101.9291,442.4007,28.3811
91.0141,395.0265,27.8057
79.8745,346.6776,26.8708
68.5580,297.5608,25.8154
57.1131,247.8866,25.3551
45.5887,197.8677,26.1690
34.0343,147.7182,25.6857
22.4992,97.6528,29.4578
11.0328,47.8853,27.7633
0.0000,0.0000,30.5618
0.0000,0.0000,28.4155
0.0000,0.0000,30.3754
0.0000,0.0000,25.8144
0.0000,0.0000,28.8879
0.0000,0.0000,29.3770
0.0000,0.0000,33.0068
0.0000,0.0000,27.2255
0.0000,0.0000,31.5124
0.0000,0.0000,30.2491
0.0000,0.0000,31.3399
0.0000,0.0000,29.2173
0.0000,0.0000,33.7280
0.0000,0.0000,35.3572
0.0000,0.0000,32.2228
0.0000,0.0000,29.6279
0.0000,0.0000,32.5561
0.0000,0.0000,31.7177
0.0000,0.0000,34.2167
0.0000,0.0000,32.0287
0.0000,0.0000,33.4011
0.0000,0.0000,34.4513
0.0000,0.0000,37.8761
0.0000,0.0000,34.7547
0.0000,0.0000,34.6136
0.0000,0.0000,34.1834
0.0000,0.0000,36.5426
0.0000,0.0000,35.2607
0.0000,0.0000,38.6424
0.0000,0.0000,36.4182
0.0000,0.0000,36.7587
0.0000,0.0000,36.5328
0.0000,0.0000,37.5840
0.0000,0.0000,38.1706
0.0000,0.0000,37.4303
0.0000,0.0000,34.9568
0.0000,0.0000,38.1196
0.0000,0.0000,38.5999
0.0000,0.0000,37.5999
0.0000,0.0000,37.3731
0.0000,0.0000,37.0292
0.0000,0.0000,36.0058
8.5757,37.2208,35.8697
19.9936,86.7779,39.1258
31.5394,136.8895,38.6575
43.0938,187.0390,33.6547
54.6288,237.1044,38.1421
66.0951,286.8711,33.3722
77.4435,336.1262,37.2952
88.6254,384.6586,35.1929
99.5929,432.2607,33.6635
110.2990,478.7284,35.0418
120.6980,523.8630,37.7767
130.4626,566.2439,33.8066
140.1283,608.1959,34.6553
149.3574,648.2527,33.6850
158.1103,686.2428,33.8871
166.3496,722.0034,31.5347
174.0399,755.3814,35.3660
181.1483,786.2339,33.4545
187.6444,814.4287,33.4620
193.5003,839.8452,31.3510
198.6911,862.3745,31.0862
200.0000,881.9200,33.2062
200.0000,898.3983,31.3421
200.0000,911.7386,31.9168
200.0000,921.8838,31.8268
200.0000,928.7905,31.1367
200.0000,932.4292,29.9667
200.0000,932.7842,29.3490
200.0000,929.8539,26.6587
200.0000,923.6511,29.7180
200.0000,914.2022,28.9343
200.0000,901.5477,27.8722
200.0000,885.7417,26.6398
199.7227,866.8521,27.0421
194.6787,844.9595,27.7151
188.9644,820.1578,28.2506
182.6043,792.5533,28.1508
175.6256,762.2640,30.3004
168.0583,729.4199,26.6755
159.9348,694.1613,27.5214
151.2897,656.6393,28.2432
142.1602,617.0147,27.8054
132.5853,575.4571,27.5898
122.6061,532.1444,25.8983
112.2652,487.2621,27.2296
101.6070,441.0025,30.4654
90.6770,393.5635,27.8480
79.5222,345.1484,28.2862
68.1902,295.9645,27.4266
56.7296,246.2223,28.0982
45.1895,196.1349,30.0407
33.6192,145.9168,28.0878
22.0684,95.7830,26.4989
10.5873,45.9520,30.0744
0.0000,0.0000,28.1772
0.0000,0.0000,30.0501
0.0000,0.0000,27.2601
0.0000,0.0000,29.2003
0.0000,0.0000,29.9129
0.0000,0.0000,29.1168
0.0000,0.0000,29.9681
0.0000,0.0000,31.1699
0.0000,0.0000,27.2401
0.0000,0.0000,30.0534
0.0000,0.0000,29.7604
0.0000,0.0000,31.6380
0.0000,0.0000,31.8835
0.0000,0.0000,32.8529
0.0000,0.0000,30.9330
0.0000,0.0000,30.7293
0.0000,0.0000,35.7034
0.0000,0.0000,32.2503
0.0000,0.0000,34.5321
0.0000,0.0000,34.3850
0.0000,0.0000,32.2714
0.0000,0.0000,36.0785
0.0000,0.0000,35.6602
0.0000,0.0000,36.2265
0.0000,0.0000,35.2980
0.0000,0.0000,34.5031
0.0000,0.0000,35.6957
0.0000,0.0000,34.9309
0.0000,0.0000,34.7204
0.0000,0.0000,35.0371
0.0000,0.0000,37.4294
0.0000,0.0000,31.9859
0.0000,0.0000,33.4784
0.0000,0.0000,36.8029
0.0000,0.0000,35.9450
0.0000,0.0000,34.7670
0.0000,0.0000,37.0828
0.0000,0.0000,36.3532
0.0000,0.0000,34.8989
0.0000,0.0000,38.3862
0.0000,0.0000,38.2955
0.0000,0.0000,33.9928
8.1269,35.2729,39.0565
19.5604,84.8978,36.2096
31.1209,135.0734,37.3335
42.6912,185.2915,37.9969
54.2420,235.4253,36.2935
65.7239,285.2602,33.2921
77.0878,334.5826,36.2707
88.2850,383.1815,35.0168
99.2675,430.8486,36.3108
109.9883,477.3799,35.0047
120.4016,522.5762,34.5739
130.1704,564.9756,32.9421
139.8495,606.9859,31.2076
149.0914,647.0983,30.2127
157.8565,685.1411,32.7821
166.1072,720.9512,32.3587
173.8081,754.3755,31.9815
180.9264,785.2708,32.8398
187.4315,813.5048,31.7677
193.2956,838.9565,31.1019
198.4935,861.5171,32.6000
200.0000,881.0898,32.6453
200.0000,897.5909,30.8203
200.0000,910.9497,30.1514
200.0000,921.1090,31.5461
200.0000,928.0253,28.9680
200.0000,931.6690,28.5642
200.0000,932.0245,30.2434
200.0000,929.0902,26.6955
200.0000,922.8787,26.6969
200.0000,913.4167,28.0274
200.0000,900.7446,27.5737
200.0000,884.9167,26.5789
199.5266,866.0009,26.5095
194.4756,844.0779,24.9612
188.7533,819.2419,28.6508
182.3844,791.5991,26.1596
175.3961,761.2678,27.0534
167.8183,728.3780,26.9423
159.6834,693.0705,26.7474
151.0264,655.4965,27.6475
141.8842,615.8169,24.3825
132.2961,574.2016,27.0136
122.3030,530.8289,24.6948
111.9477,485.8843,24.7758
101.2747,439.5605,26.7248
90.3296,392.0557,27.6127
79.1593,343.5734,27.6885
67.8116,294.3213,27.4576
56.3351,244.5101,27.3010
44.7790,194.3532,26.5755
33.1927,144.0654,27.8527
21.6007,93.7529,26.7983
10.1299,43.9665,30.8766
0.0000,0.0000,29.1392
0.0000,0.0000,27.2045
0.0000,0.0000,27.1302
0.0000,0.0000,27.6687
0.0000,0.0000,31.6232
0.0000,0.0000,29.7561
0.0000,0.0000,29.7227
0.0000,0.0000,32.3201
0.0000,0.0000,29.6551
0.0000,0.0000,34.8632
0.0000,0.0000,32.9874
0.0000,0.0000,31.8412
0.0000,0.0000,30.6535
0.0000,0.0000,30.4401
0.0000,0.0000,33.1383
0.0000,0.0000,32.0161
0.0000,0.0000,30.8550
0.0000,0.0000,32.7272
0.0000,0.0000,32.0411
0.0000,0.0000,33.7666
0.0000,0.0000,34.8912
0.0000,0.0000,35.0519
0.0000,0.0000,33.3263
0.0000,0.0000,35.3633
0.0000,0.0000,35.0824
0.0000,0.0000,38.4844
0.0000,0.0000,36.0135
0.0000,0.0000,33.7799
0.0000,0.0000,34.2099
0.0000,0.0000,35.8245
0.0000,0.0000,32.5100
0.0000,0.0000,37.0529
0.0000,0.0000,36.7331
0.0000,0.0000,36.8771
0.0000,0.0000,36.6585
0.0000,0.0000,37.6074
0.0000,0.0000,35.6656
0.0000,0.0000,39.0486
0.0000,0.0000,36.8579
0.0000,0.0000,37.4908
0.0000,0.0000,38.9611
0.0000,0.0000,36.5169
7.6660,33.2726,37.5484
19.1155,82.9664,36.5910
30.6909,133.2069,35.9048
42.2772,183.4947,37.8029
53.8440,233.6981,35.9290
65.3419,283.6021,35.3939
76.7216,332.9930,35.2808
87.9343,381.6592,33.9840
98.9320,429.3925,35.6788
109.6677,475.9884,34.6771
120.0954,521.2474,34.3313
129.8686,563.6660,35.0699
139.5614,605.7352,37.5515
148.8163,645.9040,34.5535
157.5936,684.0002,32.7646
165.8559,719.8607,36.2681
173.5677,753.3320,31.4177
180.6960,784.2707,31.9425
187.2102,812.5443,30.3681
193.0825,838.0318,30.9683
198.2878,860.6240,32.6956
200.0000,880.2242,29.1232
200.0000,896.7485,31.8452
200.0000,910.1261,28.4827
200.0000,920.2997,30.5163
200.0000,927.2257,28.4973
200.0000,930.8745,31.4519
200.0000,931.2305,31.2063
200.0000,928.2921,30.5040
200.0000,922.0719,29.2451
200.0000,912.5966,26.8411
200.0000,899.9067,28.8075
200.0000,884.0566,27.4124
199.3223,865.1141,28.9297
194.2642,843.1604,25.7990
188.5339,818.2894,27.7925
182.1560,790.6077,27.9876
175.1579,760.2339,26.7420
167.5694,727.2979,23.2642
159.4232,691.9408,27.9664
150.7540,654.3140,26.4111
141.5989,614.5787,25.2874
131.9973,572.9049,26.0503
121.9902,529.4712,24.0095
111.6204,484.4635,28.1518
100.9324,438.0746,25.8122
89.9719,390.5031,28.9342
78.7859,341.9527,26.4836
67.4222,292.6313,28.2554
55.9296,242.7501,27.3257
44.3573,192.5228,27.2906
32.7547,142.1643,26.1662
21.1475,91.7859,24.8126
9.6606,41.9296,27.3750
0.0000,0.0000,25.5359
0.0000,0.0000,28.9838
0.0000,0.0000,31.1474
0.0000,0.0000,28.5387
0.0000,0.0000,27.9496
0.0000,0.0000,28.0962
0.0000,0.0000,29.4025
0.0000,0.0000,28.4373
0.0000,0.0000,29.9378
0.0000,0.0000,32.1610
0.0000,0.0000,29.7403
0.0000,0.0000,32.6760
0.0000,0.0000,28.3918
0.0000,0.0000,31.7167
0.0000,0.0000,32.3950
0.0000,0.0000,32.4769
0.0000,0.0000,33.0324
0.0000,0.0000,34.1072
0.0000,0.0000,31.5414
0.0000,0.0000,33.4507
0.0000,0.0000,30.8473
0.0000,0.0000,34.2418
0.0000,0.0000,31.0113
0.0000,0.0000,33.8973
0.0000,0.0000,35.2003
0.0000,0.0000,35.7986
0.0000,0.0000,34.3707
0.0000,0.0000,33.3402
0.0000,0.0000,34.6934
0.0000,0.0000,36.5994
0.0000,0.0000,36.4347
0.0000,0.0000,35.8439
0.0000,0.0000,36.7718
0.0000,0.0000,36.2487
0.0000,0.0000,38.0556
0.0000,0.0000,33.1764
0.0000,0.0000,37.5276
0.0000,0.0000,39.6072
0.0000,0.0000,37.0841
0.0000,0.0000,36.8482
0.0000,0.0000,40.6441
0.0000,0.0000,36.0700
7.1933,31.2207,37.2786
18.6588,80.9843,38.3917
30.2494,131.2906,35.2604
41.8519,181.6491,37.0476
53.4351,231.9230,37.2032
64.9491,281.8971,34.8037
76.3447,331.3573,34.0275
87.5732,380.0920,34.3448
98.5864,427.8923,34.9768
109.3372,474.5537,34.9093
119.7795,519.8763,34.7737
129.5573,562.3145,34.9101
139.2638,604.4436,33.3953
148.5318,644.6694,33.5537
157.3217,682.8198,32.7988
165.5957,718.7312,32.1438
173.3184,752.2501,33.0213
180.4568,783.2327,31.8826
186.9803,811.5465,35.0456
192.8610,837.0703,32.5432
198.0736,859.6946,31.0542
200.0000,879.3226,32.2496
200.0000,895.8704,30.7464
200.0000,909.2670,30.5860
200.0000,919.4550,27.8324
200.0000,926.3909,27.1169
200.0000,930.0449,27.8180
200.0000,930.4013,30.2465
200.0000,927.4587,28.9229
200.0000,921.2297,28.7496
200.0000,911.7410,28.2802
200.0000,899.0330,27.0557
200.0000,883.1604,27.3702
199.1096,864.1910,28.6130
194.0443,842.2061,26.9491
188.3059,817.2998,23.7386
181.9190,789.5788,27.6544
174.9109,759.1617,25.5005
167.3116,726.1790,25.5378
159.1538,690.7716,26.3137
150.4723,653.0914,25.0500
141.3042,613.2996,25.3537
131.6889,571.5666,23.0542
121.6676,528.0712,27.5082
111.2831,482.9995,29.8395
100.5799,436.5447,28.0820
89.6039,388.9056,28.5611
78.4019,340.2862,25.1808
67.0222,290.8948,28.0752
55.5132,240.9427,26.8390
43.9244,190.6440,25.9495
32.3053,140.2140,26.5188
20.6828,89.7690,27.5664
9.1796,39.8418,27.9437
0.0000,0.0000,24.9878
0.0000,0.0000,29.3087
0.0000,0.0000,28.6394
0.0000,0.0000,29.1409
0.0000,0.0000,26.8743
0.0000,0.0000,33.3307
0.0000,0.0000,31.9237
0.0000,0.0000,31.3333
0.0000,0.0000,29.7236
0.0000,0.0000,28.7610
0.0000,0.0000,30.3402
0.0000,0.0000,30.9117
0.0000,0.0000,32.1084
0.0000,0.0000,33.8297
0.0000,0.0000,31.5480
0.0000,0.0000,31.2840
0.0000,0.0000,31.2983
0.0000,0.0000,31.5656
0.0000,0.0000,32.9116
0.0000,0.0000,34.3770
0.0000,0.0000,32.4803
0.0000,0.0000,33.8876
0.0000,0.0000,34.8198
0.0000,0.0000,33.3963
0.0000,0.0000,35.4485
0.0000,0.0000,35.7502
0.0000,0.0000,37.4343
0.0000,0.0000,34.8533
0.0000,0.0000,34.1170
0.0000,0.0000,36.4629
0.0000,0.0000,36.7298
0.0000,0.0000,34.9267
0.0000,0.0000,35.7459
0.0000,0.0000,34.9123
0.0000,0.0000,34.4993
0.0000,0.0000,35.7323
0.0000,0.0000,36.5132
0.0000,0.0000,38.2726
0.0000,0.0000,38.2886
0.0000,0.0000,37.7126
0.0000,0.0000,37.5539
0.0000,0.0000,36.5616
6.7087,29.1177,38.1040
18.1905,78.9520,35.4614
29.7964,129.3249,37.0480
41.4155,179.7549,36.0153
53.0151,230.1002,34.5930
64.5455,280.1453,35.9275
75.9573,329.6758,37.8414
87.2017,378.4797,33.1809
98.2306,426.3480,38.0097
108.9966,473.0757,33.3963
119.4538,518.4626,31.9580
129.2362,560.9211,33.1081
138.9567,603.1107,33.1139
148.2380,643.3942,33.3723
157.0405,681.5993,33.1657
165.3264,717.5623,34.1607
173.0602,751.1292,31.7373
180.2088,782.1563,32.2642
186.7417,810.5107,29.8744
192.6308,836.0711,32.8121
197.8509,858.7279,33.1860
200.0000,878.3842,31.9491
200.0000,894.9556,30.6678
200.0000,908.3715,29.1546
200.0000,918.5741,27.1728
200.0000,925.5199,28.9070
200.0000,929.1791,30.4891
200.0000,929.5361,28.3512
200.0000,926.5894,28.4760
200.0000,920.3514,28.6594
200.0000,910.8490,27.4920
200.0000,898.1228,28.3576
200.0000,882.2274,25.9222
198.8884,863.2308,27.6907
193.8158,841.2144,28.9786
188.0691,816.2723,27.3887
181.6730,788.5115,24.7996
174.6549,758.0508,27.6772
167.0448,725.0207,27.2129
158.8752,689.5626,26.0191
150.1812,651.8282,24.2174
141.0000,611.9794,23.6186
131.3710,570.1865,23.2097
121.3352,526.6287,23.9285
110.9358,481.4923,26.7155
100.2173,434.9708,27.7763
89.2255,387.2634,29.8315
78.0075,338.5742,29.2058
66.6114,289.1119,26.3692
55.0859,239.0882,28.1672
43.4805,188.7173,28.3789
31.8447,138.2149,26.8158
20.2066,87.7025,24.9277
8.6869,37.7037,25.0310
0.0000,0.0000,26.3281
0.0000,0.0000,27.8193
0.0000,0.0000,27.0493
0.0000,0.0000,28.7292
0.0000,0.0000,28.5325
0.0000,0.0000,29.5534
0.0000,0.0000,27.5744
0.0000,0.0000,28.6610
0.0000,0.0000,30.8817
0.0000,0.0000,30.1346
0.0000,0.0000,28.8098
0.0000,0.0000,31.1959
0.0000,0.0000,28.3478
0.0000,0.0000,28.0533
0.0000,0.0000,29.6191
0.0000,0.0000,32.0571
0.0000,0.0000,32.7104
0.0000,0.0000,32.1525
0.0000,0.0000,29.6152
0.0000,0.0000,32.2220
0.0000,0.0000,34.2666
0.0000,0.0000,31.2364
0.0000,0.0000,31.7651
0.0000,0.0000,34.3985
0.0000,0.0000,35.1012
0.0000,0.0000,36.4207
0.0000,0.0000,33.1432
0.0000,0.0000,35.3559
0.0000,0.0000,33.4413
0.0000,0.0000,36.0249
0.0000,0.0000,37.3303
0.0000,0.0000,36.1361
0.0000,0.0000,34.5530
0.0000,0.0000,37.5390
0.0000,0.0000,37.5088
0.0000,0.0000,36.5505
0.0000,0.0000,36.9350
0.0000,0.0000,37.3588
0.0000,0.0000,36.1129
0.0000,0.0000,35.9669
0.0000,0.0000,37.2072
0.0000,0.0000,33.6149
6.2125,26.9642,35.5223
17.7108,76.8700,37.8739
29.3323,127.3101,32.0586
40.9680,177.8125,36.8145
52.5842,228.2301,36.0724
64.1311,278.3470,33.2091
75.5594,327.9486,36.9395
86.8199,376.8225,32.7816
97.8646,424.7595,37.4578
108.6461,471.5542,32.4361
119.1183,517.0063,34.9915
128.9055,559.4855,35.5045
138.6400,601.7361,33.6908
147.9348,642.0779,34.8987
156.7500,680.3383,33.1884
165.0478,716.3534,33.7741
172.7928,749.9689,32.6862
179.9518,781.0409,30.5258
186.4941,809.4364,31.2020
192.3918,835.0338,30.4078
197.6194,857.7233,31.4713
200.0000,877.4080,30.4214
200.0000,894.0035,30.7686
200.0000,907.4387,30.1166
200.0000,917.6561,30.9183
200.0000,924.6120,26.7122
200.0000,928.2766,29.8563
200.0000,928.6340,25.6474
200.0000,925.6830,28.7309
200.0000,919.4360,29.3984
200.0000,909.9199,28.2271
200.0000,897.1752,26.7034
200.0000,881.2568,26.9289
198.6584,862.2327,27.2718
193.5785,840.1844,28.5904
187.8235,815.2063,25.0136
181.4182,787.4053,25.8860
174.3899,756.9005,28.8776
166.7687,723.8226,24.1226
158.5873,688.3131,26.3174
149.8808,650.5242,26.5177
140.6863,610.6176,26.0136
131.0433,568.7643,27.6428
120.9930,525.1434,25.7616
110.5786,479.9417,27.0396
99.8445,433.3529,26.8911
88.8368,385.5764,28.1396
77.6026,336.8168,27.0658
66.1900,287.2828,25.3012
54.6478,237.1867,26.7483
43.0256,186.7429,26.8697
31.3730,136.1675,26.7384
19.7193,85.5870,27.4596
8.1829,35.5159,25.7336
0.0000,0.0000,27.7226
0.0000,0.0000,30.0049
0.0000,0.0000,30.4825
0.0000,0.0000,26.6291
0.0000,0.0000,27.5091
0.0000,0.0000,27.8903
0.0000,0.0000,27.3885
0.0000,0.0000,31.1510
0.0000,0.0000,32.1220
0.0000,0.0000,30.0384
0.0000,0.0000,30.2206
0.0000,0.0000,34.2083
0.0000,0.0000,28.3262
0.0000,0.0000,31.0624
0.0000,0.0000,31.1473
0.0000,0.0000,31.6794
0.0000,0.0000,33.4013
0.0000,0.0000,33.6060
0.0000,0.0000,34.4067
0.0000,0.0000,32.2614
0.0000,0.0000,34.8016
0.0000,0.0000,31.9727
0.0000,0.0000,32.5628
0.0000,0.0000,32.6746
0.0000,0.0000,35.7019
0.0000,0.0000,33.6464
0.0000,0.0000,35.8620
0.0000,0.0000,35.4244
0.0000,0.0000,35.5526
0.0000,0.0000,38.9143
0.0000,0.0000,34.8494
0.0000,0.0000,34.1411
0.0000,0.0000,37.5553
0.0000,0.0000,37.4542
0.0000,0.0000,34.3867
0.0000,0.0000,34.6668
0.0000,0.0000,34.3170
0.0000,0.0000,36.5658
0.0000,0.0000,34.3565
0.0000,0.0000,33.7269
0.0000,0.0000,36.0372
0.0000,0.0000,34.5295
5.7049,24.7608,34.1212
17.2198,74.7389,35.6390
28.8569,125.2469,37.2474
40.5095,175.8223,32.3052
52.1425,226.3129,34.9792
63.7061,276.5023,37.5160
75.1509,326.1758,34.4162
86.4277,375.1205,35.5164
97.4884,423.1268,34.1446
108.2855,469.9893,34.9236
118.7728,515.5071,37.5192
128.5649,558.0074,33.9145
138.3136,600.3196,35.4146
147.6219,640.7203,31.7940
156.4500,679.0364,30.7534
164.7600,715.1040,31.1353
172.5163,748.7685,28.3698
179.6857,779.8859,31.9499
186.2375,808.3227,29.7096
192.1438,833.9574,30.8246
197.3791,856.6801,31.4434
200.0000,876.3934,29.7487
200.0000,893.0131,26.3463
200.0000,906.4680,27.7883
200.0000,916.7003,29.9485
200.0000,923.6663,28.7935
200.0000,927.3361,30.0548
200.0000,927.6942,28.5807
200.0000,924.7388,28.3789
200.0000,918.4827,29.1823
200.0000,908.9527,25.5858
200.0000,896.1895,25.2969
200.0000,880.2479,25.4405
198.4196,861.1960,26.5299
193.3322,839.1156,24.3384
187.5689,814.1010,27.1057
181.1542,786.2595,27.7344
174.1156,755.7103,29.1748
166.4834,722.5841,24.4812
158.2901,687.0229,25.2921
149.5708,649.1788,24.7611
140.3629,609.2141,26.8871
130.7058,567.2997,25.7863
120.6409,523.6152,24.2103
110.2113,478.3477,26.3271
99.4616,431.6909,27.0951
88.4378,383.8447,28.1503
77.1872,335.0140,26.7438
65.7580,285.4078,25.1335
54.1990,235.2387,26.8436
42.5598,184.7213,26.2696
30.8902,134.0721,28.6143
19.2207,83.4232,27.7818
7.6675,33.2791,27.3041
0.0000,0.0000,25.8372
0.0000,0.0000,26.9149
0.0000,0.0000,25.7717
0.0000,0.0000,27.0415
0.0000,0.0000,25.9946
0.0000,0.0000,30.4450
0.0000,0.0000,29.9917
0.0000,0.0000,30.2917
0.0000,0.0000,27.3022
0.0000,0.0000,30.8479
0.0000,0.0000,29.5325
0.0000,0.0000,28.4690
0.0000,0.0000,30.0107
0.0000,0.0000,30.5490
0.0000,0.0000,27.1657
0.0000,0.0000,30.6077
0.0000,0.0000,29.5218
0.0000,0.0000,32.6996
0.0000,0.0000,29.3870
0.0000,0.0000,34.3053
0.0000,0.0000,31.5480
0.0000,0.0000,33.2924
0.0000,0.0000,32.4469
0.0000,0.0000,32.0202
0.0000,0.0000,33.5765
0.0000,0.0000,37.8704
0.0000,0.0000,33.9024
0.0000,0.0000,33.0281
0.0000,0.0000,33.8539
0.0000,0.0000,39.0463
0.0000,0.0000,34.2347
0.0000,0.0000,34.1906
0.0000,0.0000,35.7940
0.0000,0.0000,36.0613
0.0000,0.0000,34.7779
0.0000,0.0000,35.9208
0.0000,0.0000,34.7607
0.0000,0.0000,38.0342
0.0000,0.0000,35.3840
0.0000,0.0000,35.6176
0.0000,0.0000,35.5635
0.0000,0.0000,34.5684
5.1859,22.5083,35.7520
16.7176,72.5592,38.0934
28.3704,123.1356,36.6898
40.0400,173.7848,34.3386
51.6900,224.3490,32.3773
63.2705,274.6116,35.3611
74.7320,324.3575,34.9809
86.0253,373.3735,34.3881
97.1021,421.4499,36.1309
107.9149,468.3806,33.8574
118.4175,513.9649,32.3265
128.2145,556.4866,32.7719
137.9775,598.8608,31.3953
147.2995,639.3208,32.4878
156.1405,677.6932,32.5407
164.4627,713.8136,32.6468
172.2303,747.5275,31.4116
179.4103,778.6905,32.9002
185.9718,807.1691,29.9517
191.8867,832.8414,31.0030
197.1296,855.5974,31.3319
200.0000,875.3397,33.7499
200.0000,891.9838,30.3394
200.0000,905.4583,30.6720
200.0000,915.7056,28.5006
200.0000,922.6818,28.7704
200.0000,926.3571,29.1010
200.0000,893.2892,25.6177
200.0000,923.7559,28.6332
200.0000,917.4907,29.1125
200.0000,907.9467,28.5236
200.0000,895.1648,27.6954
200.0000,879.1998,28.4934
198.1716,860.1200,26.6348
193.0768,838.0071,24.8622
187.3050,812.9559,26.3081
180.8809,785.0735,26.6241
173.8321,754.4795,27.1544
166.1886,721.3047,23.7542
157.9833,685.6913,23.2682
149.2512,647.7917,25.7650
140.0298,607.7684,25.5289
130.3586,565.7925,25.2386
120.2789,522.0439,26.6430
109.8340,476.7100,25.8480
99.0685,429.9848,23.8254
88.0286,382.0684,26.0552
76.7615,333.1660,26.4444
65.3154,283.4872,25.7131
53.7395,233.2444,25.0265
42.0832,182.6529,25.2904
30.3965,131.9294,29.1017
18.7111,81.2116,27.2451
7.1410,30.9938,28.5670
0.0000,0.0000,29.6650
0.0000,0.0000,26.8310
0.0000,0.0000,25.2507
0.0000,0.0000,26.9551
0.0000,0.0000,26.8241
0.0000,0.0000,29.8485
0.0000,0.0000,26.4517
0.0000,0.0000,30.2105
0.0000,0.0000,28.6772
0.0000,0.0000,30.8359
0.0000,0.0000,30.9671
0.0000,0.0000,28.2637
0.0000,0.0000,28.2038
0.0000,0.0000,31.6769
0.0000,0.0000,29.9905
0.0000,0.0000,27.9182
0.0000,0.0000,31.7388
0.0000,0.0000,29.2191
0.0000,0.0000,29.7152
0.0000,0.0000,32.7688
0.0000,0.0000,33.8098
0.0000,0.0000,35.3062
0.0000,0.0000,34.7149
0.0000,0.0000,34.6244
0.0000,0.0000,33.4647
0.0000,0.0000,33.1993
0.0000,0.0000,33.7156
0.0000,0.0000,33.7694
0.0000,0.0000,35.0694
0.0000,0.0000,38.1117
0.0000,0.0000,34.8855
0.0000,0.0000,33.1804
0.0000,0.0000,35.9295
0.0000,0.0000,36.2547
0.0000,0.0000,37.9619
0.0000,0.0000,34.2535
0.0000,0.0000,36.8895
0.0000,0.0000,35.2310
0.0000,0.0000,35.4254
0.0000,0.0000,34.4543
0.0000,0.0000,36.3028
0.0000,0.0000,35.5559
4.6558,20.2073,34.2701
16.2044,70.3316,34.3473
27.8731,120.9769,35.1181
39.5598,171.7004,33.5529
51.2268,222.3387,32.1040
62.8243,272.6751,35.9230
74.3026,322.4939,33.2561
85.6125,371.5818,33.8352
96.7055,419.7287,36.1460
107.5342,466.7284,32.3139
118.0522,512.3795,31.6404
127.8542,554.9229,33.7663
137.6316,597.3596,31.6256
146.9674,637.8792,36.1231
155.8214,676.3080,30.6940
164.1558,712.4818,29.6877
171.9349,746.2454,31.0948
179.1255,777.4543,31.1574
185.6966,805.9749,31.2080
191.6202,831.6850,30.7601
196.8709,854.4745,28.0312
200.0000,874.2459,28.4768
200.0000,890.9146,27.8609
200.0000,904.4089,27.2185
200.0000,914.6714,30.4705
200.0000,921.6579,28.6901
200.0000,925.3386,25.9010
200.0000,925.6976,27.0817
200.0000,922.7336,29.1149
200.0000,916.4591,24.7270
200.0000,906.9010,24.5728
200.0000,894.1003,26.8259
200.0000,878.1118,24.8193
197.9145,859.0038,30.0834
192.8122,836.8583,26.5246
187.0318,811.7702,27.1331
180.5983,783.8467,22.7641
173.5390,753.2076,24.3946
165.8843,719.9839,26.3762
157.6669,684.3180,27.5504
148.9219,646.3626,25.3864
139.6870,606.2802,22.5185
130.0015,564.2425,26.5528
119.9069,520.4294,21.5906
109.4466,475.0286,27.4861
98.6652,428.2346,26.6232
87.6090,380.2476,26.2731
76.3253,331.2731,24.0789
64.8624,281.5210,29.4498
53.2694,231.2041,21.3070
41.5960,180.5381,25.9051
29.8921,129.7399,25.2093
18.1907,78.9527,25.0518
6.6035,28.6609,24.0835
0.0000,0.0000,26.6207
0.0000,0.0000,27.8840
0.0000,0.0000,28.2905
0.0000,0.0000,27.1423
0.0000,0.0000,25.3548
0.0000,0.0000,27.7858
0.0000,0.0000,28.9331
0.0000,0.0000,25.7118
0.0000,0.0000,28.9386
0.0000,0.0000,27.6429
0.0000,0.0000,28.5456
0.0000,0.0000,30.5736
0.0000,0.0000,28.3840
0.0000,0.0000,31.0460
0.0000,0.0000,32.3157
0.0000,0.0000,30.7106
0.0000,0.0000,29.9696
0.0000,0.0000,32.5745
0.0000,0.0000,31.8792
0.0000,0.0000,30.0144
0.0000,0.0000,32.3440
0.0000,0.0000,32.8414
0.0000,0.0000,32.0093
0.0000,0.0000,33.7268
0.0000,0.0000,32.9422
0.0000,0.0000,32.5206
0.0000,0.0000,32.7607
0.0000,0.0000,34.9821
0.0000,0.0000,34.5193
0.0000,0.0000,33.8146
0.0000,0.0000,32.0826
0.0000,0.0000,35.2806
0.0000,0.0000,34.6974
0.0000,0.0000,31.6828
0.0000,0.0000,35.5718
0.0000,0.0000,32.6042
0.0000,0.0000,31.7662
0.0000,0.0000,33.7954
0.0000,0.0000,32.3571
0.0000,0.0000,35.3345
0.0000,0.0000,35.5680
0.0000,0.0000,32.4601
4.1146,17.8585,36.4616
15.6803,68.0567,34.3438
27.3649,118.7712,34.6291
39.0688,169.5694,33.8791
50.7531,220.2824,35.1322
62.3677,270.6930,35.7842
73.8628,320.5852,35.5751
85.1894,369.7455,32.1827
96.2988,417.9634,33.8803
107.1434,465.0323,35.3163
117.6770,510.7507,32.0488
127.4840,553.3160,32.1311
137.2759,595.8154,31.5547
146.6254,636.3950,28.6081
155.4925,674.8807,33.5007
163.8393,711.1080,30.9414
171.6299,744.9216,28.8552
178.8311,776.1766,30.5744
185.4120,804.7394,29.8230
191.3443,830.4875,30.8772
196.6028,853.3108,30.0030
200.0000,873.1115,30.8464
200.0000,889.8047,28.0210
200.0000,903.3191,27.7854
200.0000,913.5967,27.0566
200.0000,920.5936,27.6284
200.0000,924.2797,30.2869
200.0000,924.6393,28.5520
200.0000,921.6708,25.7093
200.0000,915.3871,25.3869
200.0000,905.8148,26.6330
200.0000,892.9952,27.3752
200.0000,876.9830,26.7420
197.6479,857.8468,24.9953
192.5380,835.6686,25.0890
186.7492,810.5433,28.8286
180.3061,782.5786,24.7939
173.2364,751.8940,21.6086
165.5703,718.6212,26.7730
157.3407,682.9025,25.5179
148.5829,644.8910,24.2127
139.3342,604.7493,27.0003
129.6344,562.6494,23.9264
119.5249,518.7715,24.7035
109.0491,473.3036,26.1159
98.2518,426.4402,26.2446
87.1793,378.3823,25.6790
75.8789,329.3354,23.5415
64.3990,279.5096,26.9324
52.7889,229.1183,24.0903
41.0981,178.3774,25.9101
29.3769,127.5039,27.0939
17.6595,76.6472,24.8616
6.0552,26.2810,25.6222
0.0000,0.0000,25.7309
0.0000,0.0000,26.0205
0.0000,0.0000,25.6501
0.0000,0.0000,28.2311
0.0000,0.0000,29.3845
0.0000,0.0000,26.4004
0.0000,0.0000,30.1109
0.0000,0.0000,25.9959
0.0000,0.0000,28.5921
0.0000,0.0000,31.1162
0.0000,0.0000,31.4343
0.0000,0.0000,28.7614
0.0000,0.0000,27.9192
0.0000,0.0000,29.6709
0.0000,0.0000,29.3924
0.0000,0.0000,30.4210
0.0000,0.0000,31.6826
0.0000,0.0000,31.3260
0.0000,0.0000,27.8224
0.0000,0.0000,33.5297
0.0000,0.0000,31.0523
0.0000,0.0000,33.5816
0.0000,0.0000,34.2173
0.0000,0.0000,33.8011
0.0000,0.0000,32.1558
0.0000,0.0000,31.3175
0.0000,0.0000,33.6526
0.0000,0.0000,32.6834
0.0000,0.0000,32.1125
0.0000,0.0000,37.1006
0.0000,0.0000,33.4282
0.0000,0.0000,39.0698
0.0000,0.0000,33.6754
0.0000,0.0000,33.0243
0.0000,0.0000,36.5080
0.0000,0.0000,34.4970
0.0000,0.0000,37.2667
0.0000,0.0000,33.5531
0.0000,0.0000,36.2085
0.0000,0.0000,35.0396
0.0000,0.0000,33.2554
0.0000,0.0000,33.8164
3.5626,15.4626,33.4533
15.1454,65.7351,34.2024
26.8460,116.5190,35.6196
38.5672,167.3924,33.6926
50.2688,218.1805,35.7727
61.9006,268.6656,34.3709
73.4127,318.6317,35.3209
84.7560,367.8647,34.2964
95.8819,416.1539,31.4693
106.7426,463.2924,31.4857
117.2917,509.0785,31.0519
127.1038,551.6657,29.7966
136.9102,594.2283,32.5034
146.2736,634.8680,30.9875
155.1539,673.4108,31.9881
163.5130,709.6918,30.8525
171.3152,743.5555,30.6821
178.5270,774.8569,33.0124
185.1177,803.4620,31.6248
191.0588,829.2484,28.5946
196.3251,852.1055,28.5261
200.0000,871.9355,31.5272
200.0000,888.6535,25.7196
200.0000,902.1879,30.3246
200.0000,912.4808,29.3095
200.0000,919.4880,27.1983
200.0000,923.1796,26.5416
200.0000,923.5397,27.3543
200.0000,920.5669,28.6900
200.0000,914.2738,24.5409
200.0000,904.6874,29.1231
200.0000,891.8487,26.4534
200.0000,875.8127,26.6613
197.3717,856.6482,27.3732
192.2543,834.4371,24.2943
186.4568,809.2745,28.7466
180.0042,781.2683,26.0127
172.9240,750.5383,25.3099
165.2466,717.2161,25.7275
157.0048,681.4445,25.3724
148.2340,643.3766,24.6359
138.9716,603.1754,25.6162
129.2574,561.0130,24.9927
119.1329,517.0701,25.0185
108.6416,471.5347,26.6142
97.8283,424.6019,23.0152
86.7393,376.4726,23.8952
75.4221,327.3530,28.9143
63.9252,277.4533,26.3682
52.2979,226.9873,22.8611
40.5898,176.1711,25.3905
28.8512,125.2222,24.9366
17.1177,74.2957,25.3035
5.4962,23.8549,26.7300
0.0000,0.0000,28.0386
0.0000,0.0000,26.2422
0.0000,0.0000,26.1049
0.0000,0.0000,27.9903
0.0000,0.0000,25.7881
0.0000,0.0000,27.7363
0.0000,0.0000,29.1661
0.0000,0.0000,29.8585
0.0000,0.0000,26.9075
0.0000,0.0000,28.1966
0.0000,0.0000,26.9828
0.0000,0.0000,28.6571
0.0000,0.0000,30.5438
0.0000,0.0000,29.2119
0.0000,0.0000,30.3713
0.0000,0.0000,30.6231
0.0000,0.0000,32.1718
0.0000,0.0000,33.3372
0.0000,0.0000,32.2605
0.0000,0.0000,29.0611
0.0000,0.0000,31.1395
0.0000,0.0000,34.0636
0.0000,0.0000,33.4708
0.0000,0.0000,30.9174
0.0000,0.0000,34.9707
0.0000,0.0000,34.0337
0.0000,0.0000,36.3297
0.0000,0.0000,33.9018
0.0000,0.0000,33.8734
0.0000,0.0000,36.6628
0.0000,0.0000,35.0112
0.0000,0.0000,35.6669
0.0000,0.0000,33.3118
0.0000,0.0000,34.0229
0.0000,0.0000,34.9909
0.0000,0.0000,37.3123
0.0000,0.0000,36.0963
0.0000,0.0000,33.2398
0.0000,0.0000,33.2952
0.0000,0.0000,35.6018
0.0000,0.0000,34.1986
0.0000,0.0000,33.2302
2.9999,13.0204,34.4433
14.5999,63.3674,35.3990
26.3165,114.2210,35.9822
38.0551,165.1699,34.8657
49.7741,216.0332,34.8060
61.4231,266.5932,34.3330
72.9523,316.6334,32.8961
84.3125,365.9395,33.5909
95.4548,414.3003,33.3851
106.3316,461.5087,34.3710
116.8964,507.3626,31.8138
126.7135,549.9720,32.4816
136.5345,592.5977,32.3319
145.9118,633.2978,29.2669
154.8053,671.8979,29.8072
163.1768,708.2327,29.6091
170.9906,742.1467,32.3865
178.2132,773.4946,31.4250
184.8136,802.1422,31.9339
190.7635,827.9668,28.4972
196.0376,850.8578,28.7706
200.0000,870.7173,29.0257
200.0000,887.4601,28.2801
200.0000,901.0146,25.5571
200.0000,911.3228,25.1880
200.0000,918.3405,26.5101
200.0000,922.0375,27.3912
200.0000,922.3982,27.4359
200.0000,919.4209,24.0554
200.0000,913.1185,24.4649
200.0000,903.5178,28.9468
200.0000,890.6601,26.4564
200.0000,874.6003,25.8512
197.0858,855.4073,28.2243
191.9608,833.1632,25.0287
186.1547,807.9633,23.5689
179.6925,779.9155,23.2732
172.6018,749.1399,26.3898
164.9130,715.7682,25.6764
156.6590,679.9435,26.2015
147.8751,641.8190,25.1840
138.5990,601.5581,25.3329
128.8704,559.3331,23.7519
118.7309,515.3250,24.1089
108.2239,469.7220,25.4679
97.3946,422.7195,24.1406
86.2891,374.5187,26.3378
74.9552,325.3262,25.1593
63.4412,275.3524,23.6853
51.7966,224.8115,24.3961
40.0711,173.9198,24.3571
28.3151,122.8953,26.7902
16.5655,71.8989,26.0256
4.9267,21.3832,25.1092
0.0000,0.0000,28.2189
0.0000,0.0000,25.6789
0.0000,0.0000,27.5654
0.0000,0.0000,28.2460
0.0000,0.0000,27.2178
0.0000,0.0000,27.1833
0.0000,0.0000,27.8190
0.0000,0.0000,26.8838
0.0000,0.0000,29.2546
0.0000,0.0000,26.7288
0.0000,0.0000,30.5844
0.0000,0.0000,30.9927
0.0000,0.0000,29.3305
0.0000,0.0000,26.7521
0.0000,0.0000,32.0081
0.0000,0.0000,29.0460
0.0000,0.0000,29.4131
0.0000,0.0000,33.6426
0.0000,0.0000,31.9406
0.0000,0.0000,29.4262
0.0000,0.0000,30.3489
0.0000,0.0000,32.0996
0.0000,0.0000,33.3170
0.0000,0.0000,32.6550
0.0000,0.0000,33.4342
0.0000,0.0000,31.5765
0.0000,0.0000,34.8574
0.0000,0.0000,34.2053
0.0000,0.0000,34.3318
0.0000,0.0000,33.6593
0.0000,0.0000,36.2849
0.0000,0.0000,32.0667
0.0000,0.0000,34.7511
0.0000,0.0000,35.3459
0.0000,0.0000,35.8054
0.0000,0.0000,36.2007
0.0000,0.0000,36.1506
0.0000,0.0000,34.8469
0.0000,0.0000,33.6726
0.0000,0.0000,35.0395
0.0000,0.0000,34.5956
0.0000,0.0000,36.6636
2.4267,10.5326,33.3814
14.0439,60.9544,36.6886
25.7766,111.8778,35.2435
37.5299,162.8902,32.8520
49.2690,213.8411,34.9275
60.9353,264.4762,34.4210
72.4817,314.5907,32.1562
83.8587,363.9699,31.6857
95.0175,412.4026,32.6976
105.9105,459.6811,32.0919
116.4910,505.6031,34.6298
126.3132,548.2346,33.0702
136.1488,590.9236,32.0930
145.5400,631.6841,32.9994
154.4467,670.3415,30.2249
162.8307,706.7303,30.1094
170.6560,740.6946,30.9995
177.8893,772.0891,29.1077
184.4995,800.7792,31.9075
190.4584,826.6422,28.6099
195.7403,849.5672,28.7462
200.0000,869.4562,29.0437
200.0000,886.2239,27.8939
200.0000,899.7985,28.8364
200.0000,910.1219,27.2270
200.0000,917.1500,27.6011
200.0000,920.8525,26.0282
200.0000,921.2138,25.5951
200.0000,918.2321,23.2401
200.0000,911.9203,26.8907
200.0000,902.3054,25.3624
200.0000,889.4286,23.9174
200.0000,873.3450,26.0970
196.7900,854.1234,27.3595
191.6574,831.8463,23.7273
185.8427,806.6090,23.8139
179.3709,778.5195,24.2873
172.2697,747.6982,22.8287
164.5694,714.2770,26.5569
156.3031,678.3990,22.6227
147.5062,640.2180,23.7932
138.2163,599.8973,23.9256
128.4733,557.6096,23.1036
118.3187,513.5361,23.6196
107.7962,467.8654,23.2224
96.9507,420.7931,21.0393
85.8288,372.5208,21.7493
74.4780,323.2552,21.3613
62.9470,273.2072,26.3931
51.2850,222.5913,24.2038
39.5422,171.6240,25.8356
27.7687,120.5238,27.0461
16.0030,69.4575,24.9408
4.3469,18.8668,25.3872
0.0000,0.0000,27.8499
0.0000,0.0000,22.7206
0.0000,0.0000,25.3872
0.0000,0.0000,27.8155
0.0000,0.0000,27.2277
0.0000,0.0000,29.9385
0.0000,0.0000,27.1746
0.0000,0.0000,28.4445
0.0000,0.0000,24.9664
0.0000,0.0000,29.7645
0.0000,0.0000,27.7008
0.0000,0.0000,24.6872
0.0000,0.0000,31.6293
0.0000,0.0000,26.3826
0.0000,0.0000,26.7448
0.0000,0.0000,29.7106
0.0000,0.0000,31.4588
0.0000,0.0000,30.2202
0.0000,0.0000,32.5484
0.0000,0.0000,29.2117
0.0000,0.0000,31.0394
0.0000,0.0000,32.1937
0.0000,0.0000,31.0101
0.0000,0.0000,31.1813
0.0000,0.0000,35.4052
0.0000,0.0000,34.1750
0.0000,0.0000,31.6696
0.0000,0.0000,34.4254
0.0000,0.0000,32.7939
0.0000,0.0000,34.5867
0.0000,0.0000,35.9726
0.0000,0.0000,34.5444
0.0000,0.0000,33.6564
0.0000,0.0000,35.5321
0.0000,0.0000,36.7621
0.0000,0.0000,37.2947
0.0000,0.0000,32.5316
0.0000,0.0000,34.4910
0.0000,0.0000,32.3909
0.0000,0.0000,34.5886
0.0000,0.0000,33.5940
0.0000,0.0000,35.3169
1.8432,8.0001,34.2132
13.4776,58.4967,33.2493
25.2265,109.4898,32.6895
37.0000,160.5901,34.5934
48.7537,211.6046,31.5657
60.4374,262.3149,31.1811
72.0009,312.5038,33.1889
83.3947,361.9564,31.2510
94.5702,410.4609,32.9167
105.4793,457.8096,31.8597
116.0755,503.7998,34.2554
125.9029,546.4534,33.1934
135.7530,589.2057,32.4528
145.1581,630.0267,31.9080
154.0780,668.7414,32.5707
162.4744,705.1841,30.1902
170.3114,739.1989,29.3798
177.5554,770.6399,29.0226
184.1754,799.3726,32.0546
190.1431,825.2739,30.0596
195.4329,848.2329,28.4961
200.0000,868.1514,29.6548
200.0000,884.9440,27.7349
200.0000,898.5387,26.3718
200.0000,908.8774,24.5722
200.0000,915.9160,27.2995
200.0000,919.6240,26.9199
200.0000,919.9857,27.5606
200.0000,916.9996,25.4815
200.0000,910.6785,25.3555
200.0000,901.0493,27.7066
200.0000,888.1534,27.6886
200.0000,872.0459,24.2114
196.4842,852.7959,24.1251
191.3439,830.4857,24.3037
185.5206,805.2110,20.4147
179.0392,777.0798,26.0494
171.9274,746.2128,23.5776
164.2158,712.7421,23.8178
155.9372,676.8109,25.5233
147.1273,638.5732,23.4005
137.7280,597.7779,22.9221
128.0661,555.8423,21.5131
117.8965,511.7034,22.8379
107.3583,465.9650,25.0665
96.4968,418.8228,26.3277
85.3584,370.4790,21.7106
73.9907,321.1403,21.8080
62.4426,271.0181,22.3700
50.7634,220.3271,26.6520
38.7868,168.3454,25.6866
27.2121,118.1082,24.6860
15.4304,66.9721,23.1087
3.7570,16.3063,24.7764
0.0000,0.0000,25.6210
0.0000,0.0000,26.6413
0.0000,0.0000,28.3729
0.0000,0.0000,26.4616
0.0000,0.0000,24.5638
0.0000,0.0000,27.7110
0.0000,0.0000,26.2722
0.0000,0.0000,28.1945
0.0000,0.0000,28.5556
0.0000,0.0000,30.0189
0.0000,0.0000,27.7104
0.0000,0.0000,27.0393
0.0000,0.0000,25.9082
0.0000,0.0000,28.3773
0.0000,0.0000,24.2492
0.0000,0.0000,28.6878
0.0000,0.0000,31.1673
0.0000,0.0000,33.2494
0.0000,0.0000,29.6863
0.0000,0.0000,30.2731
0.0000,0.0000,31.2689
0.0000,0.0000,33.1308
0.0000,0.0000,34.7729
0.0000,0.0000,30.2554
0.0000,0.0000,34.7857
0.0000,0.0000,32.5667
0.0000,0.0000,33.0062
0.0000,0.0000,35.0351
0.0000,0.0000,34.2037
0.0000,0.0000,30.7617
0.0000,0.0000,28.9989
0.0000,0.0000,34.6890
0.0000,0.0000,29.5346
0.0000,0.0000,32.5919
0.0000,0.0000,33.0222
0.0000,0.0000,31.3120
0.0000,0.0000,35.8978
0.0000,0.0000,33.4885
0.0000,0.0000,32.1144
0.0000,0.0000,34.3438
0.0000,0.0000,35.4215
0.0000,0.0000,36.8711
1.2496,5.4235,34.1098
12.9013,55.9951,33.2087
24.6661,107.0579,32.5281
36.4571,158.2339,33.1677
48.2283,209.3241,33.2235
59.9292,260.1096,32.3840
71.5099,310.3729,33.5135
82.9207,359.8988,33.4965
94.1127,408.4753,30.6455
105.0380,455.8943,33.1790
115.6499,501.9527,31.8895
125.4823,544.6282,29.6983
135.3470,587.4438,29.5892
144.7661,628.3251,28.7150
153.6992,667.0972,25.8005
162.1080,703.5938,28.4075
169.9566,737.6589,28.8482
177.2113,769.1464,31.5591
183.8411,797.9216,26.1194
189.8176,823.8613,26.2683
195.1152,846.8543,26.7333
199.7112,866.8022,28.5094
200.0000,883.6196,28.7079
200.0000,897.2345,26.7660
200.0000,907.5886,25.6864
200.0000,914.6375,29.6646
200.0000,918.3510,27.0267
200.0000,918.7133,26.8615
200.0000,915.1140,25.4214
200.0000,909.3923,26.3508
200.0000,899.7488,24.1931
200.0000,886.8339,20.4876
200.0000,870.7025,25.0375
196.1681,851.4240,22.6430
191.0202,829.0809,21.4595
185.1883,803.7687,26.2172
178.6973,775.5959,24.6504
171.5750,744.6832,24.1113
163.8519,711.1630,25.9994
155.5612,675.1786,23.4694
146.7381,636.8843,23.7005
137.4207,596.4441,22.1153
127.6488,554.0310,24.0893
117.4641,509.8268,22.1009
106.9104,464.0207,25.4476
96.0328,416.8088,23.3554
84.8778,368.3934,24.6424
73.4934,318.9817,25.5101
61.9282,268.7854,25.3306
50.2317,218.0193,24.1335
38.4540,166.9009,26.4158
26.6456,115.6491,25.2346
14.8478,64.4435,23.6475
3.1571,13.7027,24.8539
0.0000,0.0000,25.6607
0.0000,0.0000,20.4253
0.0000,0.0000,28.7808
0.0000,0.0000,25.5874
0.0000,0.0000,26.8996
0.0000,0.0000,24.3947
0.0000,0.0000,27.1850
0.0000,0.0000,28.4213
0.0000,0.0000,27.8597
0.0000,0.0000,26.9690
0.0000,0.0000,27.4340
0.0000,0.0000,30.4920
0.0000,0.0000,29.0920
0.0000,0.0000,28.2500
0.0000,0.0000,26.9291
0.0000,0.0000,27.6487
0.0000,0.0000,29.6818
0.0000,0.0000,27.3403
0.0000,0.0000,28.4142
0.0000,0.0000,32.1098
0.0000,0.0000,30.1833
0.0000,0.0000,30.6578
0.0000,0.0000,28.7512
0.0000,0.0000,31.2155
0.0000,0.0000,33.0367
0.0000,0.0000,30.5934
0.0000,0.0000,30.7343
0.0000,0.0000,33.2038
0.0000,0.0000,33.3063
0.0000,0.0000,33.0064
0.0000,0.0000,31.2366
0.0000,0.0000,32.4968
0.0000,0.0000,32.6735
0.0000,0.0000,33.7608
0.0000,0.0000,33.9380
0.0000,0.0000,34.5606
0.0000,0.0000,32.5382
0.0000,0.0000,32.7529
0.0000,0.0000,34.6520
0.0000,0.0000,36.4734
0.0000,0.0000,31.4501
0.0000,0.0000,33.6783
0.6460,2.8038,32.1365
12.3149,53.4502,31.3660
24.0958,104.5825,30.9625
35.9042,155.8343,36.7696
47.6928,207.0001,34.0751
59.4111,257.8607,33.2424
71.0089,308.1984,30.1694
82.4366,357.7976,31.8258
93.6451,406.4460,34.0610
104.5866,453.9351,30.1977
115.2142,500.0617,29.9654
125.0517,542.7590,29.7157
134.9309,585.6377,30.2777
144.3639,626.5793,33.1190
153.3101,665.4085,28.5327
161.7314,701.9590,31.5763
169.5915,736.0743,32.0044
176.8569,767.6082,27.4751
183.4965,796.4259,28.1315
189.4818,822.4038,26.4389
194.7872,845.4307,26.1127
199.3900,865.4080,28.9702
200.0000,882.2502,26.6165
200.0000,895.8852,25.4772
200.0000,906.2545,28.0098
200.0000,913.3138,27.4575
200.0000,917.0328,26.5987
200.0000,917.3956,27.2790
200.0000,914.4007,26.1854
200.0000,908.0609,26.0755
200.0000,898.4033,24.3766
200.0000,885.4692,25.8879
200.0000,869.3141,26.9046
195.8416,850.0071,24.0406
190.6862,827.6310,25.2352
184.8457,802.2816,22.5060
178.3451,774.0673,23.9494
171.2123,743.1089,26.1281
163.4778,709.5392,26.9332
155.1748,673.5019,25.1901
146.3388,635.1511,23.2103
137.0076,594.6512,25.6654
127.2213,552.1757,23.2809
117.0216,507.9062,23.2182
106.4523,462.0326,25.1424
95.5587,414.7511,21.0119
84.3873,366.2643,24.9797
72.9861,316.7798,23.2045
61.4038,266.5094,22.5075
49.6900,215.6685,24.0652
37.8950,164.4747,22.8990
26.0692,113.1474,25.1170
14.2554,61.8723,25.9434
2.5475,11.0568,21.2822
0.0000,0.0000,26.1423
0.0000,0.0000,25.1529
0.0000,0.0000,25.5822
0.0000,0.0000,22.7175
0.0000,0.0000,24.9859
0.0000,0.0000,26.5563
0.0000,0.0000,26.3277
0.0000,0.0000,22.8929
0.0000,0.0000,27.4981
0.0000,0.0000,26.3374
0.0000,0.0000,27.6687
0.0000,0.0000,29.4168
0.0000,0.0000,27.0983
0.0000,0.0000,31.2141
0.0000,0.0000,30.5801
0.0000,0.0000,31.1673
0.0000,0.0000,29.6720
0.0000,0.0000,28.3860
0.0000,0.0000,30.4761
0.0000,0.0000,26.3252
0.0000,0.0000,31.8430
0.0000,0.0000,30.7305
0.0000,0.0000,31.6869
0.0000,0.0000,31.4429
0.0000,0.0000,33.9316
0.0000,0.0000,30.2390
0.0000,0.0000,32.4660
0.0000,0.0000,31.6960
0.0000,0.0000,33.2393
0.0000,0.0000,33.3756
0.0000,0.0000,36.0325
0.0000,0.0000,32.7467
0.0000,0.0000,31.5217
0.0000,0.0000,34.6370
0.0000,0.0000,34.7966
0.0000,0.0000,33.3444
0.0000,0.0000,34.3624
0.0000,0.0000,34.1608
0.0000,0.0000,35.5446
0.0000,0.0000,30.8613
0.0000,0.0000,32.4090
0.0000,0.0000,34.8188
0.0327,0.1418,34.7717
11.7188,50.8629,33.2712
23.5156,102.0644,32.6881
35.3415,153.3918,33.6682
47.1474,204.6330,31.3998
58.8830,255.5686,34.8533
70.4979,305.9806,31.6362
81.9424,355.6529,31.5435
93.1675,404.3730,31.7219
104.1252,451.9321,30.3975
114.7684,498.1267,33.0337
124.6108,540.8456,31.6691
134.5046,583.7872,28.2510
143.9514,624.7889,29.4447
152.9108,663.6751,29.0247
161.3443,700.2792,28.5299
169.2160,734.4446,31.3332
176.4921,766.0248,27.0456
183.1414,794.8848,28.8948
189.1355,820.9008,26.5013
194.4487,843.9615,28.9024
199.0583,863.9682,26.5401
200.0000,880.8351,27.1596
200.0000,894.4901,26.5618
200.0000,904.8746,25.8824
200.0000,911.9443,26.9478
200.0000,915.6687,25.6483
200.0000,916.0321,25.6341
200.0000,913.0328,22.2027
200.0000,906.6836,25.9653
200.0000,897.0118,28.0179
200.0000,884.0588,26.5260
199.9595,867.8799,27.6411
195.5047,848.5447,26.4028
190.3417,826.1357,22.7809
184.4926,800.7490,23.1239
177.9825,772.4933,25.1626
170.8392,741.4896,23.7719
163.0934,707.8707,23.5790
154.7782,671.7803,25.1483
145.9292,633.3734,23.7439
136.5844,592.8140,23.1885
126.7836,550.2761,23.5269
116.5690,505.9417,22.7605
105.9842,460.0007,22.8859
95.0745,412.6499,24.1024
83.8868,364.0919,25.2178
72.4688,314.5347,23.3108
58.0318,251.8741,22.0164
49.1386,213.2751,23.4985
37.3262,162.0062,24.5180
25.4830,110.6035,25.8919
13.6534,59.2594,24.1792
1.9283,8.3693,24.2175
0.0000,0.0000,22.0163
0.0000,0.0000,26.0393
0.0000,0.0000,25.9094
0.0000,0.0000,22.3672
0.0000,0.0000,25.3493
0.0000,0.0000,25.6164
0.0000,0.0000,26.2775
0.0000,0.0000,28.2578
0.0000,0.0000,28.4335
0.0000,0.0000,24.5647
0.0000,0.0000,28.2801
0.0000,0.0000,29.1076
0.0000,0.0000,28.8528
0.0000,0.0000,26.1578
0.0000,0.0000,28.4987
0.0000,0.0000,27.7321
0.0000,0.0000,28.6118
0.0000,0.0000,28.8400
0.0000,0.0000,29.5726
0.0000,0.0000,29.4799
0.0000,0.0000,30.0897
0.0000,0.0000,32.6198
0.0000,0.0000,30.9257
0.0000,0.0000,32.1706
0.0000,0.0000,33.3461
0.0000,0.0000,31.9338
0.0000,0.0000,33.2887
0.0000,0.0000,33.4024
0.0000,0.0000,33.1675
0.0000,0.0000,31.3245
0.0000,0.0000,27.6479
0.0000,0.0000,36.5542
0.0000,0.0000,33.4882
0.0000,0.0000,32.7155
0.0000,0.0000,32.7445
0.0000,0.0000,32.2526
0.0000,0.0000,33.3619
0.0000,0.0000,34.8129
0.0000,0.0000,32.8235
0.0000,0.0000,29.3206
0.0000,0.0000,34.0457
0.0000,0.0000,33.7609
0.0000,0.0000,31.4689
11.1131,48.2338,33.4572
22.9258,99.5043,34.6709
34.7690,150.9070,30.3732
46.5923,202.2234,33.3257
58.3451,253.2338,32.2381
69.9770,303.7197,28.9764
79.5962,345.4694,33.1685
92.6799,402.2565,31.8276
103.6536,449.8854,33.0084
114.3125,496.1478,28.3867
124.1598,538.8879,29.9460
134.0680,581.8923,33.0811
143.5285,622.9538,29.6834
152.5010,661.8967,27.3700
160.9469,698.5543,31.9937
168.8301,732.7694,29.0689
176.1168,764.3958,27.5386
182.7758,793.2978,29.3258
188.7787,819.3518,26.1196
194.0996,842.4462,28.3059
198.7159,862.4820,27.2723
200.0000,879.3735,24.8804
200.0000,893.0484,25.7588
200.0000,903.4481,27.2708
200.0000,910.5281,25.0190
200.0000,914.2580,23.5199
200.0000,914.6218,25.7294
200.0000,911.6182,25.4580
200.0000,905.2597,23.8721
200.0000,895.5738,24.2846
200.0000,882.6019,26.7051
199.6184,866.3995,23.9198
195.1571,847.0360,27.2950
189.9865,824.5944,21.7848
184.1289,799.1707,22.0922
177.6093,770.8737,23.4431
170.4556,739.8248,23.6312
162.6985,706.1567,24.8150
154.3712,670.0138,22.2575
145.5093,631.5507,22.9987
136.1508,590.9323,21.7403
126.3357,548.3323,21.6831
116.1062,503.9332,23.1481
105.5060,457.9252,22.0777
94.5804,410.5052,24.1517
83.3763,361.8764,22.7812
71.9417,312.2469,21.7812
60.3255,261.8294,22.7504
46.7658,202.9764,26.7043
36.7478,159.4959,25.9587
24.8874,108.0182,23.3705
13.0419,56.6055,22.4754
1.2997,5.6411,21.6260
0.0000,0.0000,26.5500
0.0000,0.0000,25.0378
0.0000,0.0000,22.1330
0.0000,0.0000,25.0177
0.0000,0.0000,22.9483
0.0000,0.0000,25.7369
0.0000,0.0000,26.6302
0.0000,0.0000,20.9654
0.0000,0.0000,26.1357
0.0000,0.0000,28.9914
0.0000,0.0000,28.0721
0.0000,0.0000,25.2789
0.0000,0.0000,29.4121
0.0000,0.0000,28.5624
0.0000,0.0000,29.4554
0.0000,0.0000,28.2146
0.0000,0.0000,29.3737
0.0000,0.0000,29.3207
0.0000,0.0000,31.2774
0.0000,0.0000,32.6018
0.0000,0.0000,27.8849
0.0000,0.0000,30.4938
0.0000,0.0000,30.9750
0.0000,0.0000,34.3911
0.0000,0.0000,29.5890
0.0000,0.0000,31.6182
0.0000,0.0000,29.4816
0.0000,0.0000,30.1471
0.0000,0.0000,31.1840
0.0000,0.0000,33.2221
0.0000,0.0000,33.7342
0.0000,0.0000,31.9209
0.0000,0.0000,32.8899
0.0000,0.0000,36.1232
0.0000,0.0000,34.1417
0.0000,0.0000,32.8495
0.0000,0.0000,33.0476
0.0000,0.0000,36.5457
0.0000,0.0000,32.2063
0.0000,0.0000,32.8413
0.0000,0.0000,33.0014
0.0000,0.0000,29.4430
0.0000,0.0000,32.8314
10.4979,45.5638,33.1726
22.3264,96.9028,33.2747
34.1869,148.3805,33.2760
46.0274,199.7718,33.6128
57.7973,250.8566,31.7387
69.4463,301.4161,32.4120
80.9243,351.2339,32.3703
92.1823,400.0967,31.5326
103.1720,447.7951,30.6182
113.8464,494.1250,30.6213
123.6986,536.8861,29.3428
133.6211,579.9527,29.5840
143.0954,621.0737,29.3314
152.0808,660.0731,28.7362
160.5390,696.7837,28.7799
168.4336,731.0484,28.8518
175.7308,762.7206,31.7933
182.3995,791.6645,29.9085
188.4110,817.7562,25.7882
193.7397,840.8840,29.2567
198.3626,860.9489,26.6056
200.0000,877.8649,25.4853
200.0000,891.5596,25.8702
200.0000,901.9744,27.3016
200.0000,909.0646,26.0026
200.0000,912.7999,26.3313
200.0000,913.1642,25.5216
200.0000,910.1562,23.6186
200.0000,903.7886,23.7563
200.0000,894.0886,26.1147
200.0000,881.0979,26.1617
199.2665,864.8721,22.7107
194.7987,845.4805,23.8558
189.6207,823.0063,23.2247
183.7545,797.5458,24.5946
177.2255,769.2079,25.0381
170.0615,738.1140,20.7811
162.2931,704.3972,20.6910
153.9537,668.2018,23.7313
145.0790,629.6831,19.9394
135.7069,589.0057,20.0776
125.8777,546.3441,22.0058
115.6333,501.8807,23.4642
105.0177,455.8060,23.5407
94.0763,408.3174,21.4864
82.8560,359.6181,18.8890
71.4048,309.9168,24.1476
59.7718,259.4261,25.0774
48.0067,208.3625,21.5790
36.1600,156.9444,22.7989
24.2824,105.3922,22.9147
12.4212,53.9114,23.2609
0.6620,2.8732,23.3454
0.0000,0.0000,25.1914
0.0000,0.0000,23.1902
0.0000,0.0000,25.0966
0.0000,0.0000,26.1803
0.0000,0.0000,24.8415
0.0000,0.0000,25.0097
0.0000,0.0000,28.6306
0.0000,0.0000,26.4594
0.0000,0.0000,25.9678
0.0000,0.0000,21.9150
0.0000,0.0000,27.8842
0.0000,0.0000,26.8631
0.0000,0.0000,27.3594
0.0000,0.0000,28.8635
0.0000,0.0000,29.1449
0.0000,0.0000,25.7491
0.0000,0.0000,27.4682
0.0000,0.0000,31.3123
0.0000,0.0000,30.3224
0.0000,0.0000,29.6249
0.0000,0.0000,32.6507
0.0000,0.0000,30.3701
0.0000,0.0000,27.5982
0.0000,0.0000,30.9482
0.0000,0.0000,32.8586
0.0000,0.0000,32.2603
0.0000,0.0000,29.3266
0.0000,0.0000,31.4740
0.0000,0.0000,31.1498
0.0000,0.0000,32.1115
0.0000,0.0000,33.7767
0.0000,0.0000,32.5252
0.0000,0.0000,33.4477
0.0000,0.0000,33.3279
0.0000,0.0000,32.3530
0.0000,0.0000,32.1822
0.0000,0.0000,32.7118
0.0000,0.0000,33.0176
0.0000,0.0000,34.0769
0.0000,0.0000,33.5255
0.0000,0.0000,33.2803
0.0000,0.0000,32.8459
0.0000,0.0000,32.1554
9.8735,42.8537,33.3030
21.6923,94.1506,32.5853
33.5953,145.8129,33.9956
45.4530,197.2787,32.2297
57.2400,248.4375,32.0967
68.9058,299.0703,31.6594
80.4004,348.9602,28.6118
91.6747,397.8938,30.3754
99.5189,431.9396,30.1187
113.3702,492.0583,35.1971
123.2271,534.8400,28.7698
133.1639,577.9684,31.3670
142.6518,619.1485,30.7448
151.6502,658.2039,30.0888
160.1205,694.9672,28.7940
168.0264,729.2812,31.7881
175.3341,760.9988,29.0096
182.0124,789.9843,26.5293
188.0325,816.1135,26.6258
193.3689,839.2745,27.3996
197.9984,859.3682,24.0635
200.0000,876.3085,26.6971
200.0000,890.0229,27.8881
200.0000,900.4526,26.5237
200.0000,907.5530,24.1157
200.0000,911.2937,25.6905
200.0000,911.6586,21.9437
200.0000,908.6463,26.0276
200.0000,902.2695,25.4759
200.0000,892.5556,25.7056
200.0000,879.5463,25.2240
198.9036,863.2971,21.8862
194.4294,843.8777,23.8472
189.2439,821.3712,23.3176
183.3694,795.8741,22.2380
176.8310,767.4955,22.6116
169.6566,736.3569,23.3267
161.8771,702.5916,21.7060
153.5257,666.3444,22.4126
144.6383,627.7703,21.2414
135.2527,587.0345,24.4241
125.4094,544.3115,20.4364
115.1503,499.7842,24.9422
104.5194,453.6434,22.7598
93.5623,406.0865,23.3189
82.3259,357.3173,22.3693
70.8583,307.5446,21.9030
59.2085,256.9814,23.7523
47.4265,205.8444,24.7243
35.5628,154.3525,22.9117
23.6681,102.7262,21.0035
11.7914,51.1779,26.0037
0.0153,0.0664,23.2645
0.0000,0.0000,25.1470
0.0000,0.0000,22.3840
0.0000,0.0000,26.2227
0.0000,0.0000,22.8046
0.0000,0.0000,27.7668
0.0000,0.0000,25.0525
0.0000,0.0000,27.4564
0.0000,0.0000,22.7872
0.0000,0.0000,27.9140
0.0000,0.0000,24.4803
0.0000,0.0000,26.9484
0.0000,0.0000,23.6613
0.0000,0.0000,30.1893
0.0000,0.0000,23.7890
0.0000,0.0000,28.7288
0.0000,0.0000,27.8245
0.0000,0.0000,29.6294
0.0000,0.0000,29.7982
0.0000,0.0000,30.4192
0.0000,0.0000,28.4742
0.0000,0.0000,29.7062
0.0000,0.0000,26.9322
0.0000,0.0000,29.5497
0.0000,0.0000,29.2069
0.0000,0.0000,31.9743
0.0000,0.0000,33.2984
0.0000,0.0000,34.0468
0.0000,0.0000,32.1170
0.0000,0.0000,32.4590
0.0000,0.0000,31.9788
0.0000,0.0000,32.6981
0.0000,0.0000,29.9034
0.0000,0.0000,33.7210
0.0000,0.0000,32.9386
0.0000,0.0000,34.9589
0.0000,0.0000,32.7371
0.0000,0.0000,32.2412
0.0000,0.0000,32.4193
0.0000,0.0000,32.1783
0.0000,0.0000,31.7583
0.0000,0.0000,31.6171
0.0000,0.0000,32.3966
0.0000,0.0000,33.9099
9.2400,40.1043,32.6985
21.0758,91.4749,34.5252
32.9944,143.2050,32.6097
44.8692,194.7446,33.1896
56.6731,245.9769,30.7844
68.3556,296.6825,31.3209
79.8668,346.6441,30.8961
91.1573,395.6479,28.3297
102.1787,443.4841,30.8075
112.8840,489.9478,33.6307
122.7455,532.7495,31.6313
132.6964,575.9393,27.4217
142.1978,617.1780,27.5081
151.2090,656.2889,27.8794
159.6913,693.1046,27.9051
167.6085,727.4674,31.4242
174.9266,759.2302,26.9851
181.6144,788.2569,27.2573
187.6431,814.4233,26.5029
192.9870,837.6172,28.2508
197.6232,857.7396,27.0072
200.0000,874.7040,26.8995
200.0000,888.4379,26.4714
200.0000,898.8824,25.1860
200.0000,905.9929,25.7894
200.0000,909.7389,25.5391
200.0000,910.1044,24.8565
200.0000,907.0877,24.2098
200.0000,900.7018,24.6977
200.0000,890.9741,23.0118
200.0000,877.9462,22.9910
198.5297,861.6740,22.8062
194.0491,842.2269,24.2836
188.8562,819.6885,23.3826
182.9733,794.1551,24.5258
176.4256,765.7361,24.9385
169.2410,734.5532,21.7381
161.4505,700.7399,23.6372
153.0872,664.4410,21.2394
144.1871,625.8120,24.5068
134.7882,585.0183,21.6516
124.9308,542.2345,22.6325
114.6572,497.6439,24.1532
104.0112,451.4374,23.6601
93.0385,403.8129,22.7254
81.7861,354.9743,23.4165
70.3021,305.1307,23.6446
58.6358,254.4956,21.9784
46.8371,203.2858,23.0115
34.9564,151.7207,23.5208
23.0448,100.0209,22.2848
11.1527,48.4059,22.8853
0.0000,0.0000,21.3310
0.0000,0.0000,23.5714
0.0000,0.0000,26.0721
0.0000,0.0000,23.7491
0.0000,0.0000,22.2168
0.0000,0.0000,22.1516
0.0000,0.0000,24.1960
0.0000,0.0000,24.5857
0.0000,0.0000,26.5706
0.0000,0.0000,26.4476
0.0000,0.0000,25.8244
0.0000,0.0000,24.0748
0.0000,0.0000,27.1925
0.0000,0.0000,28.2593
0.0000,0.0000,27.3016
0.0000,0.0000,26.9604
0.0000,0.0000,28.5393
0.0000,0.0000,28.8261
0.0000,0.0000,29.8560
0.0000,0.0000,30.1508
0.0000,0.0000,27.9551
0.0000,0.0000,29.5845
0.0000,0.0000,29.0290
0.0000,0.0000,32.5533
0.0000,0.0000,32.7133
0.0000,0.0000,30.7862
0.0000,0.0000,33.0057
0.0000,0.0000,31.4829
0.0000,0.0000,31.4306
0.0000,0.0000,30.4267
0.0000,0.0000,29.4387
0.0000,0.0000,32.7005
0.0000,0.0000,33.1293
0.0000,0.0000,31.2966
0.0000,0.0000,33.5443
0.0000,0.0000,29.3517
0.0000,0.0000,32.0043
0.0000,0.0000,32.8456
0.0000,0.0000,31.9270
0.0000,0.0000,33.1290
0.0000,0.0000,33.9718
0.0000,0.0000,31.2700
0.0000,0.0000,29.6593
0.0000,0.0000,30.7407
8.5977,37.3165,31.2650
20.4503,88.7602,33.1068
32.3844,140.5573,29.8506
44.2760,192.1703,31.7529
56.0967,243.4755,29.8811
67.7959,294.2531,27.9304
79.3235,344.2859,32.2038
90.6300,393.3595,30.5730
100.8524,437.7273,29.8235
112.3876,487.7935,25.0450
122.2536,530.6148,29.5279
132.2186,573.8654,28.7009
141.7334,615.1621,28.2395
150.7572,654.3281,25.6590
159.2515,691.1956,27.6148
167.1798,725.6068,30.5346
174.5082,757.4142,27.5335
181.2054,786.4818,26.7107
187.2426,812.6850,27.9724
192.5940,835.9117,28.0231
197.2367,856.0623,25.6997
200.0000,873.0505,22.9173
200.0000,886.8038,26.0030
200.0000,897.2630,23.4952
200.0000,904.3835,26.3926
200.0000,908.1348,25.7402
200.0000,908.5008,25.6736
200.0000,905.4799,25.9139
200.0000,899.0850,23.0300
199.6763,866.6506,22.3007
200.0000,876.2974,22.8675
198.1445,860.0022,24.7722
193.6576,840.5278,24.7852
188.4574,817.9576,20.7763
182.5663,792.3883,23.3360
176.0093,763.9293,22.6822
168.8147,732.7025,24.2973
161.0131,698.8416,22.6932
152.6381,662.4916,21.6205
143.7254,623.8083,22.2271
134.3133,582.9572,21.1825
124.4421,540.1132,22.3181
114.1539,495.4598,23.5684
103.4930,449.1883,22.9808
92.5048,401.4967,23.2852
81.2366,352.5894,19.8746
69.7365,302.6756,23.6163
58.0537,251.9693,20.5738
46.2384,200.6874,23.8371
34.3410,149.0497,21.4425
22.4126,97.2771,20.4753
10.5053,45.5961,23.8061
0.0000,0.0000,23.3687
0.0000,0.0000,22.8147
0.0000,0.0000,23.9601
0.0000,0.0000,23.4171
0.0000,0.0000,22.6310
0.0000,0.0000,24.0483
0.0000,0.0000,24.2501
0.0000,0.0000,25.0172
0.0000,0.0000,23.3160
0.0000,0.0000,26.6236
0.0000,0.0000,25.3702
0.0000,0.0000,28.4907
0.0000,0.0000,24.7237
0.0000,0.0000,23.9597
0.0000,0.0000,25.7666
0.0000,0.0000,26.5481
0.0000,0.0000,28.6075
0.0000,0.0000,29.1129
0.0000,0.0000,27.1443
0.0000,0.0000,29.4586
0.0000,0.0000,27.1625
0.0000,0.0000,30.1483
0.0000,0.0000,32.1200
0.0000,0.0000,28.6924
0.0000,0.0000,30.8481
0.0000,0.0000,30.3900
0.0000,0.0000,31.9523
0.0000,0.0000,32.9726
0.0000,0.0000,30.3894
0.0000,0.0000,33.2517
0.0000,0.0000,32.5133
0.0000,0.0000,30.0288
0.0000,0.0000,31.4677
0.0000,0.0000,35.3549
0.0000,0.0000,33.4952
0.0000,0.0000,30.7161
0.0000,0.0000,31.0361
0.0000,0.0000,29.4014
0.0000,0.0000,31.5593
0.0000,0.0000,30.4089
0.0000,0.0000,30.0416
0.0000,0.0000,32.0149
0.0000,0.0000,32.6024
0.0000,0.0000,32.1675
7.9336,34.4339,34.2647
19.8161,86.0072,28.3537
31.7654,137.8706,30.5430
43.6738,189.5562,29.6759
55.5111,240.9336,32.1316
67.2267,291.7828,31.3490
78.7705,341.8859,32.2910
90.0930,391.0286,31.6524
101.1456,439.0002,30.1293
111.8812,485.5955,28.4120
121.7516,528.4359,30.1839
131.7304,571.7466,30.8144
141.2584,613.1008,28.8533
150.2948,652.3212,29.1201
158.8009,689.2399,25.4670
166.7402,723.6990,27.5872
174.0789,755.5507,27.8966
180.7854,784.6587,28.8795
182.8475,793.6089,27.7293
192.1898,834.1572,27.8551
196.8390,854.3359,26.9793
200.0000,871.3478,25.1533
200.0000,885.1201,26.8251
200.0000,895.5939,24.3398
200.0000,902.7244,26.1039
200.0000,906.4808,25.0734
200.0000,906.8473,22.1798
200.0000,903.8222,24.5899
200.0000,897.4185,21.3913
200.0000,887.6635,25.8827
200.0000,874.5992,22.3453
197.7480,858.2813,25.6513
193.2549,838.7798,23.7209
188.0475,816.1782,22.6734
182.1481,790.5734,25.2696
175.5820,762.0748,23.0480
168.3774,730.8046,19.8910
160.5650,696.8966,19.5104
152.1783,660.4961,23.1822
143.2533,621.7590,19.8830
133.8281,580.8510,20.7434
123.9431,537.9474,21.1342
113.6406,493.2320,22.8595
102.9649,446.8961,21.5857
91.9615,399.1382,19.7528
80.6775,350.1629,19.5017
69.1614,300.1797,20.7771
57.4624,249.4029,23.2102
45.6307,198.0497,21.8260
33.7168,146.3402,23.6089
21.7463,94.3850,21.4730
9.8495,42.7495,22.2930
0.0000,0.0000,22.1209
0.0000,0.0000,22.5688
0.0000,0.0000,23.1286
0.0000,0.0000,22.9144
0.0000,0.0000,23.8306
0.0000,0.0000,25.1037
0.0000,0.0000,24.4254
0.0000,0.0000,26.2452
0.0000,0.0000,25.2536
0.0000,0.0000,25.8298
0.0000,0.0000,26.4160
0.0000,0.0000,22.7776
0.0000,0.0000,26.1770
0.0000,0.0000,26.0695
0.0000,0.0000,27.0710
0.0000,0.0000,27.6900
0.0000,0.0000,26.0127
0.0000,0.0000,28.4543
0.0000,0.0000,28.5493
0.0000,0.0000,30.8954
0.0000,0.0000,26.8786
0.0000,0.0000,31.0966
0.0000,0.0000,31.0961
0.0000,0.0000,26.9072
0.0000,0.0000,28.9042
0.0000,0.0000,28.5147
0.0000,0.0000,32.1726
0.0000,0.0000,29.2913
0.0000,0.0000,29.7487
0.0000,0.0000,30.1734
0.0000,0.0000,29.3913
0.0000,0.0000,30.5009
0.0000,0.0000,31.1372
0.0000,0.0000,29.6657
0.0000,0.0000,31.8583
0.0000,0.0000,31.4496
0.0000,0.0000,28.4727
0.0000,0.0000,33.0367
0.0000,0.0000,31.1800
0.0000,0.0000,32.1856
0.0000,0.0000,31.2609
0.0000,0.0000,34.5841
0.0000,0.0000,32.4986
0.0000,0.0000,27.5133
7.2873,31.6291,32.7026
19.1731,83.2168,32.5972
31.1375,135.1456,30.3544
43.0625,186.9030,31.0423
54.9163,238.3519,30.6125
66.6482,289.2717,29.5727
78.2080,339.4446,26.6761
89.5462,388.6555,29.8931
100.6143,436.6939,29.6192
111.3647,483.3539,31.3602
121.2394,526.2128,26.4070
129.2603,561.0258,29.2392
140.7730,610.9938,28.0403
149.8218,650.2681,27.8907
158.3395,687.2375,27.4572
166.2898,721.7438,27.8511
173.6385,753.6392,28.8531
180.3542,782.7871,27.2464
186.4081,809.0627,25.7071
191.7743,832.3536,25.1659
196.4298,852.5599,25.8272
200.0000,869.5952,24.8704
200.0000,883.3864,24.4045
200.0000,893.8746,27.2722
200.0000,901.0148,25.0120
200.0000,904.7764,24.6036
200.0000,905.1434,24.7382
200.0000,902.1141,24.9346
200.0000,895.7016,21.2266
200.0000,885.9333,22.6163
200.0000,872.8510,20.5866
197.3401,856.5107,21.9757
192.8408,836.9825,24.2026
187.6262,814.3500,21.3921
181.7188,788.7099,20.1486
175.1437,760.1722,21.4897
167.9291,728.8591,21.9683
160.1060,694.9047,21.3909
151.7079,658.4542,22.8329
136.7344,593.4654,21.9598
133.3324,578.6998,21.9923
123.4339,535.7374,20.6144
113.1173,490.9606,19.1738
102.4269,444.5612,18.3544
91.4084,396.7378,19.3283
80.1090,347.6953,22.8447
68.5771,297.6435,22.0639
56.8620,246.7970,20.5440
45.0140,195.3734,23.2537
33.0838,143.5929,20.0564
21.0985,91.5732,17.7910
9.1424,39.6806,21.3117
0.0000,0.0000,23.2474
0.0000,0.0000,24.3806
0.0000,0.0000,22.5220
0.0000,0.0000,21.6624
0.0000,0.0000,23.6251
0.0000,0.0000,24.5202
0.0000,0.0000,28.6497
0.0000,0.0000,26.1176
0.0000,0.0000,25.2074
0.0000,0.0000,23.9540
0.0000,0.0000,25.3955
0.0000,0.0000,24.7364
0.0000,0.0000,27.2205
0.0000,0.0000,29.5310
0.0000,0.0000,25.7381
0.0000,0.0000,25.5599
0.0000,0.0000,28.9338
0.0000,0.0000,23.9992
0.0000,0.0000,27.6013
0.0000,0.0000,27.0136
0.0000,0.0000,27.8114
0.0000,0.0000,26.2534
0.0000,0.0000,27.2057
0.0000,0.0000,29.3598
0.0000,0.0000,31.2546
0.0000,0.0000,30.1463
0.0000,0.0000,29.3947
0.0000,0.0000,32.3749
0.0000,0.0000,33.0989
0.0000,0.0000,30.7757
0.0000,0.0000,32.8970
0.0000,0.0000,32.4976
0.0000,0.0000,30.7050
0.0000,0.0000,32.8931
0.0000,0.0000,32.2358
0.0000,0.0000,29.8968
0.0000,0.0000,28.9201
0.0000,0.0000,30.3262
0.0000,0.0000,32.0988
0.0000,0.0000,29.6330
0.0000,0.0000,32.0451
0.0000,0.0000,30.7789
0.0000,0.0000,30.9926
0.0000,0.0000,31.1596
6.6197,28.7312,31.0323
18.5218,80.3897,31.9187
30.5010,132.3829,31.7064
42.4423,184.2114,31.3187
54.3124,235.7309,28.7696
66.0604,286.7206,29.2194
77.6361,336.9622,29.7337
88.9899,386.2407,29.9138
100.0731,434.3450,30.6950
110.8383,481.0690,30.3380
120.7171,523.9457,29.9785
130.7231,567.3745,28.0875
140.2771,608.8414,28.6659
149.3381,648.1687,31.6929
157.8673,685.1880,27.7858
165.8283,719.7410,24.8064
173.1870,751.6795,25.1836
179.9117,780.8669,24.9202
185.9738,807.1780,28.2167
191.3473,830.5004,24.7807
196.0091,850.7339,23.2167
199.9393,867.7922,24.9553
200.0000,881.6021,26.6879
200.0000,892.1045,22.5115
200.0000,899.2543,22.8861
200.0000,903.0211,24.8655
200.0000,903.3885,24.2189
200.0000,900.3552,21.6698
200.0000,893.9340,25.0614
200.0000,884.1525,23.1065
200.0000,871.0525,25.4461
196.9206,854.6901,22.7692
192.4152,835.1355,20.0643
187.1936,812.4724,24.0629
181.2782,786.7977,18.9562
174.6942,758.2214,21.4343
167.4699,726.8660,19.8399
159.6362,692.8656,22.4751
151.2267,656.3659,24.2717
142.2773,617.5231,22.9453
132.8264,576.5037,20.9805
122.9145,533.4832,21.6660
112.5840,488.6459,19.8199
100.1352,434.6147,22.3840
90.8457,394.2957,21.4605
79.5310,345.1868,21.5178
67.9835,295.0675,22.1990
56.2527,244.1522,19.8217
44.3886,192.6591,20.9409
32.4423,140.8086,20.1916
20.4423,88.7254,20.4119
8.5131,36.9492,21.2966
0.0000,0.0000,21.0355
0.0000,0.0000,20.2334
0.0000,0.0000,21.1554
0.0000,0.0000,21.5684
0.0000,0.0000,23.2110
0.0000,0.0000,27.0381
0.0000,0.0000,23.3874
0.0000,0.0000,24.1639
0.0000,0.0000,23.9242
0.0000,0.0000,25.8930
0.0000,0.0000,26.2912
0.0000,0.0000,25.3787
0.0000,0.0000,24.6737
0.0000,0.0000,27.4723
0.0000,0.0000,24.8944
0.0000,0.0000,28.8708
0.0000,0.0000,25.1810
0.0000,0.0000,23.5463
0.0000,0.0000,27.4921
0.0000,0.0000,30.0202
0.0000,0.0000,26.5096
0.0000,0.0000,28.8471
0.0000,0.0000,30.5449
0.0000,0.0000,30.2937
0.0000,0.0000,28.5765
0.0000,0.0000,29.1836
0.0000,0.0000,30.4754
0.0000,0.0000,30.4949
0.0000,0.0000,29.1476
0.0000,0.0000,32.3706
0.0000,0.0000,30.8409
0.0000,0.0000,33.2294
0.0000,0.0000,29.7817
0.0000,0.0000,32.5865
0.0000,0.0000,31.8168
0.0000,0.0000,31.8073
0.0000,0.0000,31.4435
0.0000,0.0000,30.7108
0.0000,0.0000,30.1603
0.0000,0.0000,29.4451
0.0000,0.0000,31.4493
0.0000,0.0000,27.1911
0.0000,0.0000,30.0450
0.0000,0.0000,30.3766
5.9440,25.7985,29.3959
17.8622,77.5268,31.2760
29.8560,129.5835,30.5334
41.8135,181.4820,30.1842
53.6996,233.0711,30.8678
65.4635,284.1297,29.3291
77.0548,334.4393,27.7977
88.4239,383.7844,29.4701
99.5221,431.9537,29.6984
110.3019,478.7409,26.6226
120.1846,521.6347,27.1621
130.2039,565.1213,28.9183
139.7706,606.6432,27.4158
148.8437,646.0229,27.3762
157.3843,683.0916,28.4706
165.3559,717.6904,25.6466
172.7243,749.6714,25.7256
179.4580,778.8976,24.1113
185.5282,805.2437,27.9766
190.9088,828.5971,26.6192
195.5768,848.8576,24.1963
199.5123,865.9386,22.8768
200.0000,879.7668,24.0258
200.0000,890.2831,23.6796
200.0000,897.4425,24.8037
200.0000,901.2142,20.8411
200.0000,890.6811,21.9084
200.0000,898.5448,20.8375
200.0000,892.1151,22.5211
200.0000,882.3206,22.4898
200.0000,869.2031,21.9559
196.4895,852.8190,22.2953
191.9781,833.2384,22.7952
186.7496,810.5451,21.7303
180.8263,784.8362,22.0917
174.2336,756.2220,18.5189
166.9996,724.8248,19.3538
159.1555,690.7792,22.9449
150.7348,654.2310,23.5224
141.7736,615.3366,20.9913
132.3101,574.2626,20.8445
122.3850,531.1849,19.1761
112.0407,486.2879,20.5132
101.3216,439.7639,17.9783
90.2735,391.8122,19.2504
78.9438,342.6381,20.1813
67.3809,292.4520,22.2671
55.6345,241.4690,22.4168
43.7547,189.9074,20.6635
31.7924,137.9879,21.3112
19.7781,85.8425,22.7503
7.8330,33.9974,21.8590
0.0000,0.0000,23.9727
0.0000,0.0000,22.0011
0.0000,0.0000,21.4088
0.0000,0.0000,23.2551
0.0000,0.0000,22.4917
0.0000,0.0000,21.9265
0.0000,0.0000,22.6347
0.0000,0.0000,25.4062
0.0000,0.0000,23.8185
0.0000,0.0000,26.3319
0.0000,0.0000,26.2987
0.0000,0.0000,25.2143
0.0000,0.0000,25.2395
0.0000,0.0000,25.1230
0.0000,0.0000,23.3556
0.0000,0.0000,27.3336
0.0000,0.0000,28.1761
0.0000,0.0000,26.0108
0.0000,0.0000,25.0579
0.0000,0.0000,26.4331
0.0000,0.0000,26.4391
0.0000,0.0000,28.0424
0.0000,0.0000,27.4336
0.0000,0.0000,29.2508
0.0000,0.0000,29.7153
0.0000,0.0000,28.4032
0.0000,0.0000,30.1541
0.0000,0.0000,27.8031
0.0000,0.0000,31.3428
0.0000,0.0000,31.7208
0.0000,0.0000,31.8826
0.0000,0.0000,29.6151
0.0000,0.0000,34.3405
0.0000,0.0000,29.8670
0.0000,0.0000,31.0892
0.0000,0.0000,27.4036
0.0000,0.0000,31.9084
0.0000,0.0000,28.3063
0.0000,0.0000,31.7192
0.0000,0.0000,28.9310
0.0000,0.0000,28.8395
0.0000,0.0000,34.2680
0.0000,0.0000,27.6582
0.0000,0.0000,31.2127
5.2605,22.8319,29.4718
16.8178,72.9939,31.1486
29.2027,126.7479,28.7664
41.1761,178.7155,29.2447
53.0780,230.3732,28.7462
64.8575,281.4997,26.7201
76.4643,331.8762,28.0399
87.8485,381.2870,31.0207
98.9615,429.5203,30.3044
109.7556,476.3698,30.3432
119.6421,519.2799,27.4187
129.6745,562.8234,27.3511
139.2537,604.3996,27.0035
148.3386,643.8307,26.4610
156.8904,680.9478,28.9297
164.8724,715.5919,26.2905
172.2504,747.6147,26.8506
178.9929,776.8790,28.9131
185.0710,803.2596,23.3539
190.4587,826.6435,25.2212
195.1328,846.9305,27.7487
199.0734,864.0338,24.2429
200.0000,877.8801,25.5380
200.0000,888.4102,25.5766
200.0000,895.5789,23.0947
200.0000,899.3555,23.1170
200.0000,899.7240,24.4030
200.0000,896.6826,23.2353
200.0000,890.2445,22.6894
200.0000,880.4371,22.8345
199.8265,867.3026,20.7813
196.0467,850.8971,21.8621
191.5294,831.2909,23.0240
186.2941,808.5679,21.6772
180.3630,782.8255,21.3074
173.7616,754.1738,21.8184
166.5183,722.7357,21.1360
158.6639,688.6456,18.5363
150.2322,652.0496,19.3464
141.2592,613.1043,20.9767
131.7834,571.9766,24.1853
121.8453,528.8426,19.5761
111.4876,483.8870,22.8578
100.7544,437.3022,19.9860
89.6919,389.2878,21.5655
78.3474,340.0494,22.7840
66.7694,289.7978,18.7034
55.0076,238.7481,19.4766
43.1122,187.1191,20.6372
31.1344,135.1318,21.0763
19.1060,82.9252,21.7828
7.1452,31.0124,21.5181
0.0000,0.0000,19.4612
0.0000,0.0000,19.1026
0.0000,0.0000,21.9039
0.0000,0.0000,20.3345
0.0000,0.0000,23.5932
0.0000,0.0000,19.4369
0.0000,0.0000,21.5319
0.0000,0.0000,23.4297
0.0000,0.0000,25.0641
0.0000,0.0000,23.9405
0.0000,0.0000,25.0934
0.0000,0.0000,29.3164
0.0000,0.0000,25.4292
0.0000,0.0000,24.9852
0.0000,0.0000,28.8284
0.0000,0.0000,22.4073
0.0000,0.0000,27.5937
0.0000,0.0000,29.9185
0.0000,0.0000,25.7598
0.0000,0.0000,26.3830
0.0000,0.0000,27.7752
0.0000,0.0000,26.2057
0.0000,0.0000,26.5794
0.0000,0.0000,29.4279
0.0000,0.0000,30.9518
0.0000,0.0000,28.4294
0.0000,0.0000,30.1654
0.0000,0.0000,30.2903
0.0000,0.0000,30.5537
0.0000,0.0000,28.9203
0.0000,0.0000,31.2698
0.0000,0.0000,28.0990
0.0000,0.0000,27.4315
0.0000,0.0000,28.9394
0.0000,0.0000,30.2377
0.0000,0.0000,31.5418
0.0000,0.0000,30.3296
0.0000,0.0000,32.3225
0.0000,0.0000,31.1970
0.0000,0.0000,30.4716
0.0000,0.0000,31.9330
0.0000,0.0000,31.8518
0.0000,0.0000,29.8420
0.0000,0.0000,29.6394
4.5693,19.8322,31.1531
16.5190,71.6970,28.6494
28.5413,123.8771,28.4516
40.5303,175.9126,27.5021
52.4477,227.6378,30.4450
64.2427,278.8311,30.4827
75.8646,329.2735,30.5830
87.2637,378.7488,27.1814
98.3912,427.0452,29.9204
109.1994,473.9558,27.4697
119.0895,516.8816,26.9311
129.1348,560.4808,25.3256
138.7262,602.1104,26.0904
147.8228,641.5921,26.0958
156.3856,678.7567,26.3242
164.3778,713.4453,25.5203
171.7653,745.5091,27.7807
178.5164,774.8110,26.9207
184.6023,801.2254,24.3764
189.9969,824.6393,24.1784
194.6770,844.9523,25.7749
198.6227,862.0775,21.4846
200.0000,875.9416,23.0587
200.0000,886.4851,21.0450
200.0000,893.6630,21.5824
200.0000,897.4445,23.9878
200.0000,897.8135,23.8924
200.0000,894.7682,22.2637
200.0000,888.3218,22.5179
200.0000,878.5019,21.1588
199.3768,865.3505,23.3535
195.5921,848.9240,19.7007
191.0690,829.2926,22.9493
185.8269,806.5405,19.4762
179.8883,780.7651,22.3027
173.2785,752.0767,18.2814
166.0258,720.5982,19.3312
158.1614,686.4644,20.8999
149.7189,649.8215,18.7669
140.7344,610.8263,19.8652
131.2464,569.6459,17.9646
121.2956,526.4565,19.9158
110.9245,481.4433,20.4969
100.1776,434.7988,22.3388
89.1009,386.7228,21.4606
77.7419,337.4212,21.0801
66.1490,287.1052,21.7648
54.3721,235.9901,21.4713
42.4616,184.2949,19.5955
30.4683,132.2410,21.5466
18.4261,79.9745,23.2893
6.4501,27.9951,20.2941
0.0000,0.0000,22.0576
0.0000,0.0000,19.9247
0.0000,0.0000,20.7816
0.0000,0.0000,23.0427
0.0000,0.0000,20.7938
0.0000,0.0000,18.8119
0.0000,0.0000,22.6714
0.0000,0.0000,24.1226
0.0000,0.0000,19.6580
0.0000,0.0000,24.0675
0.0000,0.0000,25.4108
0.0000,0.0000,26.9319
0.0000,0.0000,25.2682
0.0000,0.0000,26.1884
0.0000,0.0000,22.5094
0.0000,0.0000,24.7632
0.0000,0.0000,26.9090
0.0000,0.0000,26.0222
0.0000,0.0000,25.0392
0.0000,0.0000,25.7880
0.0000,0.0000,25.6306
0.0000,0.0000,26.2289
0.0000,0.0000,29.3267
0.0000,0.0000,28.6505
0.0000,0.0000,31.6243
0.0000,0.0000,29.6316
0.0000,0.0000,27.1180
0.0000,0.0000,29.5004
0.0000,0.0000,28.9770
0.0000,0.0000,29.3168
0.0000,0.0000,29.4708
0.0000,0.0000,28.7994
0.0000,0.0000,30.0139
0.0000,0.0000,29.6206
0.0000,0.0000,30.1621
0.0000,0.0000,31.5890
0.0000,0.0000,30.1746
0.0000,0.0000,33.5445
0.0000,0.0000,29.5674
0.0000,0.0000,32.0893
0.0000,0.0000,29.7762
0.0000,0.0000,30.5404
0.0000,0.0000,28.4816
0.0000,0.0000,32.6875
3.8709,16.8006,31.1903
15.8358,68.7319,28.6361
27.8719,120.9718,30.2076
39.8763,173.0740,29.7644
51.8090,224.8655,29.8310
63.6191,276.1245,28.8324
74.4177,322.9934,28.5793
86.6696,376.1703,29.5817
97.8114,424.5286,28.1458
108.6335,471.4994,27.3654
118.5270,514.4399,27.0972
128.5848,558.0939,25.6725
138.1883,599.7758,27.6352
143.2257,621.6393,27.6271
155.8698,676.5184,24.4346
163.8721,711.2505,26.9463
171.2689,743.3546,24.1088
178.0285,772.6933,22.0706
184.1221,799.1409,26.4800
189.5234,822.5842,26.7917
194.2094,842.9227,27.0010
198.1600,860.0694,24.5931
200.0000,873.9509,21.6488
200.0000,884.5077,22.8556
200.0000,891.6946,22.3348
200.0000,895.4809,21.8593
200.0000,895.8502,22.4904
200.0000,892.8011,21.1898
192.5930,835.9070,20.7874
200.0000,876.5145,22.4512
198.9150,863.3466,19.9208
195.1256,846.8994,24.2722
190.5969,827.2433,21.0780
185.3482,804.4626,22.4971
179.4021,778.6548,19.4825
172.7840,749.9304,20.7767
165.5222,718.4124,20.3834
157.6479,684.2357,19.3389
149.1948,647.5468,18.6893
140.1990,608.5026,17.8248
130.6991,567.2704,20.4022
120.7358,524.0269,18.3235
110.3517,478.9571,15.7269
99.5913,432.2540,22.1009
88.5007,384.1177,20.1856
77.1274,334.7542,19.1144
65.5200,284.3749,20.0133
53.7283,233.1957,20.2031
41.8027,181.4355,20.2648
29.7944,129.3162,20.4149
17.7388,76.9912,20.0812
5.7477,24.9465,20.6105
0.0000,0.0000,18.0329
0.0000,0.0000,22.4242
0.0000,0.0000,21.1886
0.0000,0.0000,20.0042
0.0000,0.0000,22.0294
0.0000,0.0000,22.5846
0.0000,0.0000,23.9649
0.0000,0.0000,24.8949
0.0000,0.0000,22.4224
0.0000,0.0000,24.2536
0.0000,0.0000,21.3727
0.0000,0.0000,22.2064
0.0000,0.0000,24.2585
0.0000,0.0000,25.3227
0.0000,0.0000,26.5609
0.0000,0.0000,24.3775
0.0000,0.0000,26.3216
0.0000,0.0000,26.3392
0.0000,0.0000,24.8776
0.0000,0.0000,27.8957
0.0000,0.0000,26.3351
0.0000,0.0000,28.6407
0.0000,0.0000,28.7038
0.0000,0.0000,28.1317
0.0000,0.0000,28.1999
0.0000,0.0000,28.4901
0.0000,0.0000,29.0371
0.0000,0.0000,29.8523
0.0000,0.0000,29.9420
0.0000,0.0000,30.6321
0.0000,0.0000,27.7427
0.0000,0.0000,27.5763
0.0000,0.0000,28.1802
0.0000,0.0000,29.9015
0.0000,0.0000,30.2271
0.0000,0.0000,29.7631
0.0000,0.0000,27.1475
0.0000,0.0000,29.3930
0.0000,0.0000,32.7457
0.0000,0.0000,29.9727
0.0000,0.0000,30.3070
0.0000,0.0000,25.3430
0.0000,0.0000,27.7355
0.0000,0.0000,28.1131
3.1039,13.4720,30.0968
15.1452,65.7345,29.1823
27.1948,118.0329,28.3254
39.2142,170.2005,28.4135
51.1620,222.0571,30.1238
62.9869,273.3805,28.7817
74.6383,323.9509,29.1032
86.0664,373.5519,28.7154
97.2221,421.9709,29.1855
108.0578,469.0008,28.9613
117.9545,511.9552,29.6568
128.0247,555.6628,26.5861
137.6400,597.3959,26.3377
146.7592,636.9757,24.7302
155.3432,674.2327,23.5960
163.3553,709.0075,23.9846
170.7612,741.1511,26.7906
177.5291,770.5258,25.2294
183.6301,797.0059,25.0867
189.0381,820.4779,25.1405
193.7299,840.8414,22.2891
197.6853,858.0092,24.5575
200.0000,871.9078,25.1599
200.0000,882.4775,24.6989
200.0000,889.6733,24.4672
200.0000,893.4642,21.7281
200.0000,893.8340,22.7699
200.0000,890.7812,22.7305
200.0000,884.3188,22.1789
200.0000,874.4745,21.8677
198.4413,861.2904,21.8147
194.6472,844.8230,20.8761
190.1129,825.1428,20.7599
184.8578,802.3342,18.8172
178.9044,776.4946,20.5237
172.2781,747.7349,21.0624
165.0075,716.1782,20.3430
157.1235,681.9595,18.8095
148.6600,645.2255,20.6755
139.6531,606.1334,19.3052
130.1416,564.8506,20.9176
120.1660,521.5539,22.6554
109.7692,476.4287,20.8076
98.9956,429.6683,21.5232
87.8913,381.4728,20.7019
76.5040,332.0487,19.1392
64.8824,281.6075,17.7237
53.0762,230.3654,19.9590
41.1360,178.5417,18.3357
29.1130,126.3583,17.3094
17.0441,73.9763,22.4957
5.0383,21.8677,20.9217
0.0000,0.0000,21.7833
0.0000,0.0000,21.8676
0.0000,0.0000,22.5913
0.0000,0.0000,21.6492
0.0000,0.0000,21.7252
0.0000,0.0000,23.3081
0.0000,0.0000,20.7018
0.0000,0.0000,21.0887
0.0000,0.0000,22.9464
0.0000,0.0000,22.2606
0.0000,0.0000,20.5996
0.0000,0.0000,23.2296
0.0000,0.0000,25.1265
0.0000,0.0000,23.7074
0.0000,0.0000,24.0453
0.0000,0.0000,25.8652
0.0000,0.0000,26.9373
0.0000,0.0000,27.8628
0.0000,0.0000,27.2504
0.0000,0.0000,28.0642
0.0000,0.0000,25.4791
0.0000,0.0000,24.8446
0.0000,0.0000,25.7572
0.0000,0.0000,29.1842
0.0000,0.0000,25.6705
0.0000,0.0000,27.9687
0.0000,0.0000,27.5593
0.0000,0.0000,30.7357
0.0000,0.0000,27.2514
0.0000,0.0000,28.2675
0.0000,0.0000,27.5512
0.0000,0.0000,30.1210
0.0000,0.0000,28.3522
0.0000,0.0000,28.4765
0.0000,0.0000,29.7488
0.0000,0.0000,31.6620
0.0000,0.0000,31.6727
0.0000,0.0000,32.0799
0.0000,0.0000,30.5633
0.0000,0.0000,28.8640
0.0000,0.0000,31.3778
0.0000,0.0000,28.1519
0.0000,0.0000,31.3986
0.0000,0.0000,27.6123
2.4527,10.6454,28.0840
14.4474,62.7057,28.7342
25.9250,112.5217,30.4726
38.5443,167.2929,30.9732
50.5067,219.2132,25.6810
62.3461,270.5996,28.7647
74.0119,321.2321,31.3297
83.9578,364.4002,28.8509
96.6234,419.3726,28.7602
107.4724,466.4602,27.9023
117.3721,509.4276,26.0009
125.9809,546.7922,26.0166
137.0813,594.9708,24.0044
146.2114,634.5981,27.6886
154.8057,671.8998,25.6454
162.8274,706.7162,22.2499
170.2422,738.8984,23.4955
177.0182,768.3083,22.4606
183.1266,794.8202,22.4747
188.5410,818.3204,25.2720
193.2384,838.7084,18.7873
197.1986,855.8967,24.9871
200.0000,869.8120,23.5427
200.0000,880.3944,21.2016
200.0000,887.5988,23.7422
200.0000,891.3942,23.8386
200.0000,891.7645,22.1315
200.0000,888.7080,23.4840
200.0000,882.2379,20.6253
200.0000,872.3817,22.6402
197.9555,859.1818,21.0173
194.1569,842.6947,21.0917
189.6171,822.9909,21.5487
184.3557,800.1549,20.8584
177.0607,768.4927,18.4516
171.7609,745.4902,19.5885
164.4815,713.8956,19.7793
156.5881,679.6359,18.7154
148.1144,642.8578,17.7862
139.0968,603.7188,18.8563
129.5738,562.3865,19.2155
118.9127,516.1143,18.0381
109.1770,473.8586,16.9981
98.3905,427.0420,18.1244
87.2729,378.7887,20.8933
75.8719,329.3053,18.6732
64.2364,278.8037,19.6280
52.4160,227.5001,18.9224
40.4615,175.6142,20.7154
28.4240,123.3682,20.4006
16.3424,70.9307,19.7488
4.3222,18.7595,19.3027
0.0000,0.0000,19.4421
0.0000,0.0000,18.7873
0.0000,0.0000,19.6128
0.0000,0.0000,18.4582
0.0000,0.0000,24.6603
0.0000,0.0000,19.3625
0.0000,0.0000,23.1609
0.0000,0.0000,22.2946
0.0000,0.0000,23.5864
0.0000,0.0000,23.0949
0.0000,0.0000,24.3621
0.0000,0.0000,27.1528
0.0000,0.0000,24.7758
0.0000,0.0000,23.1824
0.0000,0.0000,22.1736
0.0000,0.0000,25.0921
0.0000,0.0000,26.6666
0.0000,0.0000,26.2460
0.0000,0.0000,27.2124
0.0000,0.0000,27.3512
0.0000,0.0000,28.1320
0.0000,0.0000,27.1054
0.0000,0.0000,27.9755
0.0000,0.0000,25.5263
0.0000,0.0000,27.2506
0.0000,0.0000,28.8066
0.0000,0.0000,27.8318
0.0000,0.0000,29.5806
0.0000,0.0000,27.8851
0.0000,0.0000,29.6997
0.0000,0.0000,30.2599
0.0000,0.0000,27.9718
0.0000,0.0000,29.3332
0.0000,0.0000,30.3430
0.0000,0.0000,30.2961
0.0000,0.0000,30.9457
0.0000,0.0000,29.6978
0.0000,0.0000,29.3453
0.0000,0.0000,30.2830
0.0000,0.0000,31.4073
0.0000,0.0000,30.4727
0.0000,0.0000,30.9786
0.0000,0.0000,29.5483
0.0000,0.0000,27.1353
1.7335,7.5238,31.2577
13.7426,59.6466,28.7872
25.8181,112.0575,31.3885
37.8667,164.3519,28.2189
49.8435,216.3344,29.9742
61.6971,267.7825,28.5012
73.3768,318.4758,27.7875
84.8326,368.1973,29.0072
96.0155,416.7339,28.2922
106.8775,463.8780,26.0828
116.7800,506.8575,25.9582
126.8741,550.6688,25.2122
136.5122,592.5007,24.6634
145.6530,632.1743,24.7415
154.2573,669.5197,24.5123
162.2884,704.3768,30.0953
169.7119,736.5966,26.2609
176.4958,766.0409,23.5077
182.6113,792.5837,25.6174
188.0321,816.1115,23.5051
192.7350,836.5233,26.4770
196.6998,853.7317,25.7254
199.9096,867.6632,22.7081
200.0000,878.2580,20.1808
200.0000,885.4708,22.3760
200.0000,885.3176,25.1772
200.0000,889.6414,22.0626
200.0000,886.5814,21.7255
200.0000,880.1036,20.9724
200.0000,870.2360,19.9657
197.4576,857.0206,19.6798
193.6545,840.5142,19.5844
189.1094,820.7874,19.8739
183.8419,797.9247,20.5969
177.8743,772.0239,18.1453
169.9323,737.5533,17.8974
163.9445,711.5645,19.4193
156.0418,677.2648,19.4312
147.5582,640.4437,17.3812
138.5301,601.2589,20.7649
128.9960,559.8783,20.4869
118.9968,516.4790,17.2764
108.5753,471.2469,19.7723
97.7761,424.3756,19.2967
85.1113,369.4065,22.2564
75.2313,326.5246,17.9481
63.5821,275.9640,20.8775
51.7479,224.6004,19.1765
39.7794,172.6538,20.3786
27.7279,120.3468,18.3905
15.6338,67.8552,20.7286
3.5996,15.6231,15.7362
0.0000,0.0000,20.1245
0.0000,0.0000,17.5985
0.0000,0.0000,20.3764
0.0000,0.0000,19.2809
0.0000,0.0000,22.6498
0.0000,0.0000,18.6807
0.0000,0.0000,20.6942
0.0000,0.0000,22.0915
0.0000,0.0000,22.8334
0.0000,0.0000,21.7532
0.0000,0.0000,24.0150
0.0000,0.0000,22.2766
0.0000,0.0000,24.4863
0.0000,0.0000,24.0170
0.0000,0.0000,26.0993
0.0000,0.0000,25.4128
0.0000,0.0000,24.0891
0.0000,0.0000,25.4618
0.0000,0.0000,27.8646
0.0000,0.0000,24.5992
0.0000,0.0000,26.5768
0.0000,0.0000,24.7971
0.0000,0.0000,27.1174
0.0000,0.0000,26.8217
0.0000,0.0000,29.0433
0.0000,0.0000,29.0651
0.0000,0.0000,27.1598
0.0000,0.0000,27.4355
0.0000,0.0000,30.5784
0.0000,0.0000,29.2503
0.0000,0.0000,27.8353
0.0000,0.0000,27.0258
0.0000,0.0000,27.8200
0.0000,0.0000,27.6166
0.0000,0.0000,30.0575
0.0000,0.0000,27.4964
0.0000,0.0000,28.6246
0.0000,0.0000,30.2855
0.0000,0.0000,26.4778
0.0000,0.0000,26.4102
0.0000,0.0000,26.8776
0.0000,0.0000,25.7336
0.0000,0.0000,26.6941
0.0000,0.0000,28.7364
1.0078,4.3742,28.4555
13.0310,56.5580,28.7111
25.1189,109.0228,27.3041
37.1816,161.3784,27.7025
49.1724,213.4217,25.6857
61.0399,264.9299,28.6780
72.7332,315.6825,27.5661
84.2025,365.4621,25.2482
95.3984,414.0555,26.1723
106.2731,461.2547,24.3778
116.1781,504.2453,24.8065
126.2837,548.1063,25.0489
135.9327,589.9859,25.1843
145.0839,629.7046,24.7952
153.6981,667.0925,24.5406
161.7383,701.9893,25.2974
169.1702,734.2457,24.3107
175.9619,763.7235,22.0436
182.0843,790.2965,23.0060
187.5113,813.8510,25.6140
192.2195,834.2860,20.7861
196.1888,851.5140,22.2752
199.4023,865.4614,21.6889
200.0000,876.0682,20.3721
200.0000,883.2892,20.9219
200.0000,887.0934,21.9593
200.0000,887.4646,20.8626
200.0000,884.4011,22.6494
200.0000,877.9160,21.3012
199.9957,868.0370,18.8632
196.9475,854.8067,19.5220
193.1401,838.2816,19.9883
188.5898,818.5323,21.5333
183.3163,795.6436,22.2964
177.3419,769.7133,19.0519
170.6925,740.8527,21.0359
163.3963,709.1851,16.7797
155.4846,674.8464,20.8242
143.4672,622.6875,19.4151
137.9529,598.7541,17.0423
128.4080,557.3264,19.1029
118.3974,513.8777,17.4919
107.9641,468.5941,19.4270
97.1527,421.6695,19.1213
86.0094,373.3049,19.3166
74.5822,323.7072,17.2256
62.9197,273.0891,15.8537
51.0721,221.6671,20.4644
39.0900,169.6614,18.4488
27.0247,117.2949,20.0922
14.9186,64.7510,20.3853
2.8707,12.4594,18.8888
0.0000,0.0000,17.4884
0.0000,0.0000,21.0305
0.0000,0.0000,19.7659
0.0000,0.0000,21.6712
0.0000,0.0000,18.3527
0.0000,0.0000,20.8411
0.0000,0.0000,19.4479
0.0000,0.0000,23.3139
0.0000,0.0000,22.6737
0.0000,0.0000,23.1077
0.0000,0.0000,21.2191
0.0000,0.0000,22.8894
0.0000,0.0000,23.2345
0.0000,0.0000,23.2537
0.0000,0.0000,22.0783
0.0000,0.0000,22.2483
0.0000,0.0000,24.5874
0.0000,0.0000,23.1517
0.0000,0.0000,25.5699
0.0000,0.0000,24.6812
0.0000,0.0000,22.0259
0.0000,0.0000,27.1536
0.0000,0.0000,25.9588
0.0000,0.0000,24.4111
0.0000,0.0000,27.6127
0.0000,0.0000,26.9729
0.0000,0.0000,25.4713
0.0000,0.0000,23.5877
0.0000,0.0000,26.5672
0.0000,0.0000,29.1951
0.0000,0.0000,27.7142
0.0000,0.0000,27.8012
0.0000,0.0000,29.8988
0.0000,0.0000,26.6327
0.0000,0.0000,29.2965
0.0000,0.0000,26.9170
0.0000,0.0000,30.6458
0.0000,0.0000,30.1880
0.0000,0.0000,28.5866
0.0000,0.0000,27.9639
0.0000,0.0000,27.2474
0.0000,0.0000,28.2844
0.0000,0.0000,30.9271
0.0000,0.0000,29.2146
0.2760,1.1977,26.3345
12.3128,53.4409,28.9548
24.4127,105.9580,25.3276
36.4892,158.3731,28.9755
48.4936,210.4756,26.1910
60.3746,262.0424,28.2893
72.0813,312.8528,27.7153
83.5635,362.6890,28.5955
93.9102,407.5963,28.5751
105.6593,458.5905,25.8321
115.5666,501.5912,25.7077
125.6834,545.5007,24.0440
135.3431,587.4265,25.7263
144.5044,627.1891,23.5265
153.1281,664.6183,27.6009
161.1772,699.5536,23.9986
168.6172,731.8457,22.4697
175.4164,761.3561,25.1180
181.5456,787.9584,23.1510
186.9786,811.5389,19.1481
191.6920,831.9965,22.9347
195.6657,849.2436,21.7864
198.8827,863.2063,22.3237
200.0000,873.8249,20.3191
200.0000,881.0539,22.3210
200.0000,884.8623,21.2856
200.0000,882.1259,20.1232
200.0000,882.1669,22.7919
200.0000,875.6747,21.9361
199.4768,865.7849,18.6344
196.4252,852.5399,18.4998
192.6136,835.9965,18.9939
188.0583,816.2254,19.2338
178.4542,774.5406,18.9654
176.7980,767.3525,17.9240
170.1412,738.4600,19.0459
162.8369,706.7575,19.7655
154.9165,672.3808,17.6940
146.4139,635.4771,17.8141
137.3655,596.2044,20.8293
127.8100,554.7310,17.5035
117.7884,511.2343,19.3512
107.3435,465.9007,19.6304
96.5201,418.9243,17.7040
85.3646,370.5062,16.4462
73.9247,320.8538,19.6070
62.2494,270.1797,20.0553
50.3887,218.7009,18.5206
38.3933,166.6378,18.2522
26.3148,114.2134,19.1491
14.1970,61.6189,19.1522
2.1357,9.2696,19.3998
0.0000,0.0000,18.0749
0.0000,0.0000,19.3785
0.0000,0.0000,18.6605
0.0000,0.0000,23.3007
0.0000,0.0000,21.1875
0.0000,0.0000,17.4605
0.0000,0.0000,18.9249
0.0000,0.0000,21.2463
0.0000,0.0000,19.5821
0.0000,0.0000,25.3955
0.0000,0.0000,22.5264
0.0000,0.0000,23.2081
0.0000,0.0000,21.5896
0.0000,0.0000,22.0516
0.0000,0.0000,21.2512
0.0000,0.0000,25.7317
0.0000,0.0000,23.7499
0.0000,0.0000,25.9948
0.0000,0.0000,25.0061
0.0000,0.0000,25.5021
0.0000,0.0000,29.4799
0.0000,0.0000,24.2028
0.0000,0.0000,25.5618
0.0000,0.0000,26.6090
0.0000,0.0000,25.7687
0.0000,0.0000,26.4257
0.0000,0.0000,26.8386
0.0000,0.0000,27.6060
0.0000,0.0000,25.6610
0.0000,0.0000,28.3098
0.0000,0.0000,27.1605
0.0000,0.0000,26.0799
0.0000,0.0000,29.0223
0.0000,0.0000,26.8572
0.0000,0.0000,27.9150
0.0000,0.0000,29.6523
0.0000,0.0000,28.3307
0.0000,0.0000,27.5862
0.0000,0.0000,28.3390
0.0000,0.0000,27.7503
0.0000,0.0000,27.1428
0.0000,0.0000,28.2108
0.0000,0.0000,27.2540
0.0000,0.0000,26.1548
0.0000,0.0000,29.3398
11.5883,50.2963,29.5081
23.6999,102.8640,27.7901
35.7897,155.3370,29.3623
47.8073,207.4971,29.5425
59.7015,259.1209,27.9433
68.3362,296.5979,24.5980
82.9160,359.8785,24.1643
94.1371,408.5810,26.0423
105.0361,455.8861,24.3940
114.9456,498.8958,27.2622
125.0732,542.8523,23.5619
134.7432,584.8230,22.8869
143.9143,624.6282,22.3482
152.5472,662.0974,23.5167
160.6050,697.0701,24.9538
168.0530,729.3967,24.7595
174.8595,758.9387,23.4796
180.9952,785.5696,24.2863
186.4340,809.1753,21.5821
191.1525,829.6548,24.0100
195.1304,846.9203,24.0665
198.3509,860.8980,23.4038
200.0000,871.5280,20.1148
200.0000,878.7646,23.0739
200.0000,882.5771,19.2439
200.0000,882.9491,19.4054
200.0000,879.8789,20.8478
200.0000,873.3797,20.4424
198.9456,863.4793,20.7737
195.8907,850.2202,20.1764
192.0750,833.6590,21.5735
187.5149,813.8668,20.1342
182.2299,790.9282,20.4457
176.2425,764.9416,17.9343
169.5786,736.0181,18.2704
162.2665,704.2817,16.9130
154.3376,669.8682,15.2157
145.8259,632.9250,17.4041
136.7678,593.6103,17.6256
127.2021,552.0924,17.4329
117.1697,508.5492,18.5569
106.7137,463.1671,17.9403
95.8787,416.1404,16.5355
84.7113,367.6704,18.5360
73.2591,317.9649,19.4462
61.5713,267.2365,16.4318
49.6979,215.7026,21.2188
37.6897,163.5838,18.9063
25.5982,111.1033,19.7927
13.4692,58.4600,18.9401
1.3950,6.0546,18.8956
0.0000,0.0000,20.3021
0.0000,0.0000,16.2382
0.0000,0.0000,19.7608
0.0000,0.0000,20.1846
0.0000,0.0000,17.6983
0.0000,0.0000,22.3764
0.0000,0.0000,16.1133
0.0000,0.0000,21.4064
0.0000,0.0000,19.1211
0.0000,0.0000,19.3588
0.0000,0.0000,20.3493
0.0000,0.0000,18.4044
0.0000,0.0000,22.1540
0.0000,0.0000,21.1746
0.0000,0.0000,22.9712
0.0000,0.0000,22.9981
0.0000,0.0000,23.5981
0.0000,0.0000,22.1143
0.0000,0.0000,22.2426
0.0000,0.0000,22.5620
0.0000,0.0000,22.6889
0.0000,0.0000,22.1655
0.0000,0.0000,26.3379
0.0000,0.0000,23.6918
0.0000,0.0000,25.6195
0.0000,0.0000,28.1675
0.0000,0.0000,26.2488
0.0000,0.0000,28.4958
0.0000,0.0000,26.0328
0.0000,0.0000,26.7595
0.0000,0.0000,27.0602
0.0000,0.0000,28.5238
0.0000,0.0000,28.4987
0.0000,0.0000,27.4832
0.0000,0.0000,28.0136
0.0000,0.0000,27.9718
0.0000,0.0000,25.7432
0.0000,0.0000,27.5636
0.0000,0.0000,27.7218
0.0000,0.0000,31.1782
0.0000,0.0000,25.6175
0.0000,0.0000,27.3662
0.0000,0.0000,27.0252
0.0000,0.0000,29.1575
0.0000,0.0000,29.3578
10.8577,47.1253,24.9476
22.9805,99.7418,27.3453
34.2082,148.4731,25.9482
47.1138,204.4868,27.6913
59.0206,256.1659,29.7861
70.7528,307.0868,26.6259
82.2600,357.0314,29.6249
93.4931,405.7860,26.9329
104.4039,453.1417,26.3697
114.3151,496.1594,25.4765
124.4532,540.1614,26.6064
134.1333,582.1755,22.9247
143.3139,622.0219,24.7663
151.9557,659.5299,24.2886
160.0218,694.5389,23.4577
167.4775,726.8989,22.7655
174.2910,756.4715,22.8600
180.4331,783.1299,21.0644
185.8775,806.7601,21.9318
190.6009,827.2607,20.5657
194.5830,844.5442,20.1522
197.8068,858.5363,22.4676
200.0000,869.1773,18.5121
200.0000,876.4215,21.8038
200.0000,880.2379,21.6293
200.0000,880.6103,18.4418
200.0000,877.5369,20.9100
200.0000,871.0309,18.5967
198.4021,861.1203,19.2874
195.3441,847.8474,18.8690
191.5244,831.2692,17.2338
186.9596,811.4564,21.5492
181.6691,788.4941,17.9454
175.6755,762.4806,15.7569
169.0047,733.5272,16.2066
161.6850,701.7579,16.8343
153.7479,667.3088,18.6625
145.2274,630.3273,18.5149
136.1599,590.9719,14.2609
126.5843,549.4111,20.6584
116.5416,505.8228,18.7097
106.0747,460.3937,18.4940
95.2285,413.3183,15.8830
84.0495,364.7982,17.4950
72.5855,315.0412,17.0555
60.8856,264.2603,17.9588
48.9999,212.6731,19.0550
36.3645,157.8322,16.5983
24.8752,107.9655,19.0746
12.7354,55.2753,22.1536
0.6487,2.8157,17.2220
0.0000,0.0000,20.3797
0.0000,0.0000,18.2945
0.0000,0.0000,17.3786
0.0000,0.0000,19.5985
0.0000,0.0000,22.3551
0.0000,0.0000,18.1879
0.0000,0.0000,19.6312
0.0000,0.0000,20.1687
0.0000,0.0000,21.1318
0.0000,0.0000,20.4806
0.0000,0.0000,21.6977
0.0000,0.0000,21.0627
0.0000,0.0000,21.2223
0.0000,0.0000,24.9877
0.0000,0.0000,23.9654
0.0000,0.0000,21.1445
0.0000,0.0000,22.9545
0.0000,0.0000,24.2576
0.0000,0.0000,23.4119
0.0000,0.0000,24.5537
0.0000,0.0000,22.9368
0.0000,0.0000,26.3535
0.0000,0.0000,21.6880
0.0000,0.0000,25.4193
0.0000,0.0000,25.0366
0.0000,0.0000,26.0610
0.0000,0.0000,27.7820
0.0000,0.0000,27.7631
0.0000,0.0000,26.3803
0.0000,0.0000,27.5214
0.0000,0.0000,24.3174
0.0000,0.0000,24.5697
0.0000,0.0000,27.5527
0.0000,0.0000,29.5031
0.0000,0.0000,26.9238
0.0000,0.0000,27.7417
0.0000,0.0000,25.7376
0.0000,0.0000,29.2496
0.0000,0.0000,29.3481
0.0000,0.0000,28.7003
0.0000,0.0000,25.9947
0.0000,0.0000,27.7969
0.0000,0.0000,25.5538
0.0000,0.0000,26.9521
0.0000,0.0000,28.1290
10.1212,43.9288,27.1224
22.2548,96.5922,29.5312
34.3701,149.1758,24.7057
46.4131,201.4457,27.9356
58.3323,253.1782,26.2147
70.0766,304.1518,27.8479
81.5957,354.1482,26.6825
92.8404,402.9532,25.5415
103.7625,450.3580,23.8804
113.6753,493.3825,24.4557
123.8235,537.4285,22.6628
133.5133,579.4846,23.2082
142.7030,619.3708,24.1766
151.3535,656.9162,23.5458
158.0473,685.9692,24.9655
166.8908,724.3525,22.3553
173.7112,753.9547,23.5039
179.8594,780.6396,26.5393
185.3092,804.2934,21.7048
190.0373,824.8146,22.0893
194.0233,842.1152,18.7600
197.2504,856.1213,22.4456
199.7045,866.7729,20.3523
200.0000,874.0244,22.2136
200.0000,877.8447,20.2190
200.0000,878.2173,18.9182
200.0000,875.1409,20.7032
200.0000,868.6285,18.9214
197.8463,858.7079,20.6623
194.7852,845.4218,17.4638
190.9617,828.8270,19.9354
186.3923,808.9944,18.4012
181.0965,786.0092,17.3382
175.0970,759.9697,19.0729
168.4195,730.9874,20.0890
161.0925,699.1863,15.5102
153.1475,664.7028,18.6917
144.6185,627.6844,16.6439
135.5420,588.2897,18.5113
125.9568,546.6874,16.8142
115.9040,503.0556,19.3160
105.4267,457.5811,18.6537
94.5697,410.4587,15.7907
83.3795,361.8902,15.9059
71.9040,312.0835,14.7155
60.1924,261.2519,18.7842
48.2949,209.6131,19.8197
36.2623,157.3883,16.7528
24.1461,104.8010,19.9004
11.9959,52.0657,15.4817
0.0000,0.0000,20.5636
0.0000,0.0000,18.6359
0.0000,0.0000,18.6568
0.0000,0.0000,19.8184
0.0000,0.0000,18.4292
0.0000,0.0000,16.3126
0.0000,0.0000,18.7171
0.0000,0.0000,20.3103
0.0000,0.0000,22.2833
0.0000,0.0000,20.6001
0.0000,0.0000,19.8008
0.0000,0.0000,21.8882
0.0000,0.0000,20.6926
0.0000,0.0000,22.1256
0.0000,0.0000,22.4587
0.0000,0.0000,21.5308
0.0000,0.0000,23.3832
0.0000,0.0000,23.6748
0.0000,0.0000,25.7313
0.0000,0.0000,24.9845
0.0000,0.0000,25.3082
0.0000,0.0000,24.1671
0.0000,0.0000,27.3311
0.0000,0.0000,27.9221
0.0000,0.0000,26.1985
0.0000,0.0000,25.7428
0.0000,0.0000,24.3677
0.0000,0.0000,25.2265
0.0000,0.0000,24.5676
0.0000,0.0000,27.5796
0.0000,0.0000,24.4898
0.0000,0.0000,27.3473
0.0000,0.0000,27.5418
0.0000,0.0000,28.7006
0.0000,0.0000,28.2875
0.0000,0.0000,24.1627
0.0000,0.0000,26.9994
0.0000,0.0000,29.0214
0.0000,0.0000,28.4494
0.0000,0.0000,27.6871
0.0000,0.0000,26.5726
0.0000,0.0000,26.9705
0.0000,0.0000,28.6252
0.0000,0.0000,27.1323
0.0000,0.0000,22.9335
0.0000,0.0000,26.5894
9.3791,40.7079,27.4243
21.4982,93.3082,27.7531
33.6505,146.0524,28.5815
45.7055,198.3745,29.3172
57.6366,250.1587,26.2663
69.3926,301.1832,26.5834
80.9233,351.2295,26.6095
92.1792,400.0833,23.8658
103.1122,447.5354,22.9245
113.0263,490.5657,25.3614
123.1843,534.6540,24.8245
132.8833,576.7505,23.8846
142.0819,616.6750,27.3418
150.7407,654.2566,23.7975
158.8226,689.3342,23.0307
166.2930,721.7577,22.9381
173.1198,751.3882,21.7299
175.8589,763.2766,20.1369
184.7290,801.7754,20.5059
189.4617,822.3163,22.2883
193.4516,839.6336,20.4297
196.6817,853.6531,20.5311
199.1382,864.3150,21.1010
200.0000,871.5734,20.4207
200.0000,875.3973,18.2457
200.0000,875.7704,18.7353
200.0000,872.6910,23.4333
199.5661,866.1722,18.0968
197.2782,856.2422,17.2253
194.2141,842.9433,19.4301
190.3870,826.3325,17.7529
185.8132,806.4810,19.7110
180.5123,783.4736,18.3899
174.5070,757.4091,17.5885
167.8231,728.3989,18.5447
160.4891,696.5673,18.6362
152.5365,662.0507,18.0786
143.9992,624.9967,17.9903
134.9140,585.5641,16.0672
125.3196,543.9218,16.0772
115.2572,500.2480,17.6146
104.7698,454.7299,17.6326
93.9023,407.5622,15.9578
82.7014,358.9470,18.8801
71.2149,309.0924,15.4640
59.4920,258.2120,16.8847
47.5830,206.5236,16.9135
34.9753,151.8025,18.3104
23.4111,101.6107,19.6331
11.2510,48.8324,20.8432
0.0000,0.0000,16.5091
0.0000,0.0000,19.1562
0.0000,0.0000,17.0533
0.0000,0.0000,18.3249
0.0000,0.0000,21.1812
0.0000,0.0000,21.1468
0.0000,0.0000,20.7419
0.0000,0.0000,21.0329
0.0000,0.0000,18.7804
0.0000,0.0000,17.8576
0.0000,0.0000,22.1344
0.0000,0.0000,20.3005
0.0000,0.0000,18.0853
0.0000,0.0000,21.2393
0.0000,0.0000,23.7251
0.0000,0.0000,20.6446
0.0000,0.0000,23.9841
0.0000,0.0000,22.1522
0.0000,0.0000,24.7563
0.0000,0.0000,20.6863
0.0000,0.0000,21.8954
0.0000,0.0000,23.7678
0.0000,0.0000,24.7554
0.0000,0.0000,25.6617
0.0000,0.0000,22.1945
0.0000,0.0000,23.0246
0.0000,0.0000,24.8125
0.0000,0.0000,22.8963
0.0000,0.0000,25.6166
0.0000,0.0000,23.4257
0.0000,0.0000,27.0776
0.0000,0.0000,24.7077
0.0000,0.0000,28.8453
0.0000,0.0000,25.9360
0.0000,0.0000,28.7601
0.0000,0.0000,26.0945
0.0000,0.0000,24.7698
0.0000,0.0000,27.3399
0.0000,0.0000,26.9632
0.0000,0.0000,27.4040
0.0000,0.0000,26.1400
0.0000,0.0000,28.9205
0.0000,0.0000,26.2782
0.0000,0.0000,27.6307
0.0000,0.0000,27.3452
0.0000,0.0000,26.4772
8.6316,37.4637,26.2093
20.7624,90.1145,25.0436
32.9246,142.9017,25.5034
44.9912,195.2742,26.6137
56.9337,247.1082,27.6494
68.7011,298.1817,22.1138
80.2428,348.2761,24.6320
91.5095,397.1768,23.6125
102.4530,444.6745,25.2874
112.3683,487.7095,25.5162
122.5356,531.8384,21.7118
132.2436,573.9738,24.2235
141.4507,613.9351,22.2842
150.1174,651.5513,25.7516
158.2068,686.6613,21.2794
165.6840,719.1147,21.7578
172.5172,748.7726,22.4796
174.0925,755.6097,24.0120
184.1371,799.2062,20.0600
188.8741,819.7661,17.2583
192.8677,837.0993,18.4461
196.1008,851.1318,20.1676
198.5595,861.8035,21.3480
200.0000,869.0686,20.0928
200.0000,872.8961,19.3659
200.0000,873.2694,15.5347
200.0000,870.1872,20.7201
198.9878,863.6625,18.3874
196.6978,853.7233,17.7856
193.6310,840.4121,18.0691
189.8003,823.7859,18.0376
174.5923,757.7790,16.6725
179.9165,780.8876,17.0407
173.9057,754.7990,19.0542
166.9608,724.6562,17.2159
159.8748,693.9011,17.4636
151.9148,659.3526,15.4034
143.3697,622.2645,17.1813
134.2761,582.7955,14.5959
124.6728,541.1148,17.8619
114.6011,497.4007,15.8701
104.1041,451.8406,14.4027
93.2266,404.6294,15.5341
82.0153,355.9693,15.6137
70.5182,306.0688,17.8520
58.7846,255.1414,18.1465
46.8646,203.4053,17.3827
34.8093,151.0821,18.5722
22.6704,98.3957,18.0274
10.5008,45.5764,16.3623
0.0000,0.0000,17.1427
0.0000,0.0000,16.4101
0.0000,0.0000,18.3824
0.0000,0.0000,19.5516
0.0000,0.0000,18.7066
0.0000,0.0000,20.0266
0.0000,0.0000,19.3048
0.0000,0.0000,18.2919
0.0000,0.0000,20.0328
0.0000,0.0000,19.9615
0.0000,0.0000,16.0732
0.0000,0.0000,17.6183
0.0000,0.0000,23.6107
0.0000,0.0000,20.3558
0.0000,0.0000,20.4712
0.0000,0.0000,23.2726
0.0000,0.0000,21.5527
0.0000,0.0000,24.5299
0.0000,0.0000,22.9255
0.0000,0.0000,20.9146
0.0000,0.0000,22.9835
0.0000,0.0000,22.8326
0.0000,0.0000,22.7374
0.0000,0.0000,24.4932
0.0000,0.0000,24.5457
0.0000,0.0000,25.4047
0.0000,0.0000,26.2297
0.0000,0.0000,27.5663
0.0000,0.0000,26.1232
0.0000,0.0000,27.7392
0.0000,0.0000,26.2351
0.0000,0.0000,26.3089
0.0000,0.0000,28.0071
0.0000,0.0000,25.9906
0.0000,0.0000,27.5188
0.0000,0.0000,25.9498
0.0000,0.0000,26.5702
0.0000,0.0000,25.2354
0.0000,0.0000,26.3671
0.0000,0.0000,24.2780
0.0000,0.0000,27.5748
0.0000,0.0000,25.7597
0.0000,0.0000,27.8286
0.0000,0.0000,24.2685
0.0000,0.0000,26.8820
0.0000,0.0000,26.0858
7.8790,34.1972,28.4433
20.0210,86.8966,26.9806
32.1926,139.7248,26.1648
44.2703,192.1456,26.6833
56.2239,244.0273,24.6187
68.0021,295.1480,26.5284
79.5545,345.2886,26.6084
90.8316,394.2344,27.5083
101.7852,441.7759,25.6946
111.7012,484.8144,24.2263
121.8775,528.9822,21.6115
131.5941,571.1548,23.6094
140.8093,611.1514,23.4102
149.4837,648.8008,20.4628
157.5802,683.9418,22.0792
165.0641,716.4238,23.0303
171.9033,746.1079,22.9629
178.0685,772.8668,22.9151
183.5334,796.5861,17.8578
188.2746,817.1641,22.6047
192.2717,834.5126,20.4381
195.5076,848.5575,20.2412
197.9686,859.2386,19.1979
199.6439,866.5101,17.5143
200.0000,870.3409,19.9878
200.0000,870.7147,17.1957
199.9019,867.6297,20.0222
198.3973,861.0992,16.7837
196.1052,851.1512,15.8821
193.0356,837.8283,16.6293
189.2016,821.1876,17.3013
184.6196,801.3001,16.6363
179.3091,778.2513,18.0870
173.2930,752.1396,17.4701
166.5970,723.0771,18.0072
159.2497,691.1880,16.2381
151.2827,656.6090,16.3318
142.7301,619.4881,16.9391
133.6284,579.9844,14.8597
124.0167,538.2668,18.6180
113.9361,494.5142,15.7569
103.4297,448.9138,16.5438
92.5427,401.6609,15.3626
81.3215,352.9579,15.7657
69.8143,303.0133,17.8703
58.0702,252.0410,16.8267
46.1397,200.2593,14.6984
34.0738,147.8898,18.8184
21.2904,92.4061,17.9680
9.7456,42.2987,15.5369
0.0000,0.0000,17.4813
0.0000,0.0000,15.3712
0.0000,0.0000,16.7774
0.0000,0.0000,20.1292
0.0000,0.0000,20.8996
0.0000,0.0000,19.8610
0.0000,0.0000,20.0484
0.0000,0.0000,17.6757
0.0000,0.0000,15.7312
0.0000,0.0000,20.4419
0.0000,0.0000,19.9273
0.0000,0.0000,18.7754
0.0000,0.0000,20.1644
0.0000,0.0000,20.2241
0.0000,0.0000,21.9629
0.0000,0.0000,21.3897
0.0000,0.0000,20.4982
0.0000,0.0000,19.1403
0.0000,0.0000,22.8841
0.0000,0.0000,21.6368
0.0000,0.0000,23.1795
0.0000,0.0000,23.2388
0.0000,0.0000,24.9896
0.0000,0.0000,24.4810
0.0000,0.0000,26.2397
0.0000,0.0000,24.4525
0.0000,0.0000,24.3556
0.0000,0.0000,25.5778
0.0000,0.0000,24.3098
0.0000,0.0000,24.0490
0.0000,0.0000,28.7667
0.0000,0.0000,28.5585
0.0000,0.0000,26.3013
0.0000,0.0000,23.4085
0.0000,0.0000,22.4203
0.0000,0.0000,26.4075
0.0000,0.0000,26.3348
0.0000,0.0000,26.0604
0.0000,0.0000,25.4394
0.0000,0.0000,27.6322
0.0000,0.0000,26.2476
0.0000,0.0000,29.6953
0.0000,0.0000,23.6842
0.0000,0.0000,27.0670
0.0000,0.0000,24.6498
0.0000,0.0000,25.9820
7.1215,30.9095,27.5641
19.2742,83.6554,27.0981
31.4548,136.5225,26.9482
43.0297,186.7610,23.8121
55.5073,240.9171,24.0396
67.2959,292.0829,26.0604
78.8585,342.2678,24.1709
90.1456,391.2568,23.1700
101.1088,438.8402,23.7736
111.0254,481.8810,20.6084
121.2102,526.0861,21.5416
130.9350,568.2942,25.6122
140.1580,608.3245,21.6089
148.8397,646.0056,23.6281
156.9430,681.1761,22.4272
164.4331,713.6855,22.7482
171.2781,743.3946,22.4558
177.4486,770.1760,21.7369
182.9181,793.9152,21.5882
187.6632,814.5106,18.3692
191.6637,831.8737,21.0908
194.9024,845.9305,17.9715
197.3654,856.6205,22.4922
199.0421,863.8982,20.2356
199.9255,867.7322,17.5664
200.0000,868.1063,19.1677
199.3003,865.0187,18.2100
197.7944,858.4827,17.4039
195.5005,848.5264,16.4999
192.4283,835.1923,15.6013
188.5910,818.5374,17.1153
184.0051,798.6332,16.6257
178.6902,775.5650,17.9947
172.6690,749.4314,16.6525
165.9673,720.3444,17.2180
158.6139,688.4284,14.1408
150.6402,653.8203,17.3806
142.0804,616.6682,16.9762
126.9080,550.8160,14.3180
123.3512,535.3785,11.9956
113.2621,491.5890,16.4237
100.4394,435.9350,15.5960
91.8507,398.6576,13.8363
80.6201,349.9135,18.1466
69.1031,299.9269,14.5863
57.3492,248.9116,16.4409
45.4087,197.0863,16.4591
33.3326,144.6727,15.9750
20.3275,88.2270,19.5305
8.9857,39.0005,17.8696
0.0000,0.0000,17.0102
0.0000,0.0000,15.3825
0.0000,0.0000,15.1720
0.0000,0.0000,17.7749
0.0000,0.0000,18.9698
0.0000,0.0000,18.5747
0.0000,0.0000,19.3247
0.0000,0.0000,16.8666
0.0000,0.0000,17.2141
0.0000,0.0000,19.7096
0.0000,0.0000,18.9875
0.0000,0.0000,19.5476
0.0000,0.0000,22.4821
0.0000,0.0000,21.4354
0.0000,0.0000,22.3841
0.0000,0.0000,21.2441
0.0000,0.0000,21.7204
0.0000,0.0000,21.0507
0.0000,0.0000,20.6297
0.0000,0.0000,23.8740
0.0000,0.0000,22.7856
0.0000,0.0000,21.1654
0.0000,0.0000,24.2839
0.0000,0.0000,26.5753
0.0000,0.0000,24.0913
0.0000,0.0000,23.6196
0.0000,0.0000,26.5573
0.0000,0.0000,23.6924
0.0000,0.0000,24.1120
0.0000,0.0000,26.6737
0.0000,0.0000,20.9334
0.0000,0.0000,27.9564
0.0000,0.0000,23.9249
0.0000,0.0000,25.3231
0.0000,0.0000,30.0714
0.0000,0.0000,26.6749
0.0000,0.0000,23.3788
0.0000,0.0000,26.6277
0.0000,0.0000,26.0715
0.0000,0.0000,25.9607
0.0000,0.0000,23.9672
0.0000,0.0000,27.9987
0.0000,0.0000,25.5454
0.0000,0.0000,25.4275
0.0000,0.0000,24.4049
0.0000,0.0000,25.9623
6.3594,27.6017,26.6343
16.8385,73.0838,24.6604
30.7114,133.2959,24.4039
42.8100,185.8071,25.8658
54.7841,237.7784,23.7345
66.5827,288.9872,22.4071
78.1550,339.2144,24.8365
89.4516,388.2447,24.2974
100.4240,435.8682,25.9179
110.3409,478.9101,24.8247
120.5339,523.1505,21.7892
130.2664,565.3924,20.4395
139.4968,605.4547,22.6185
148.1681,643.0909,22.1919
156.2952,678.3647,22.0314
163.7914,710.9001,21.1985
170.6418,740.6329,20.6077
176.8172,767.4359,20.7020
182.2911,791.1941,20.0781
187.0401,811.8058,17.8410
181.4739,787.6473,22.1879
194.2850,843.2509,19.0507
196.7500,853.9495,16.8809
198.4281,861.2330,18.0223
199.3122,865.0701,17.2154
199.3984,865.4445,17.8491
198.6865,862.3544,17.2677
197.1794,855.8132,16.2838
194.8836,845.8489,17.3761
191.8089,832.5041,17.6618
187.9686,815.8359,16.3966
183.3790,795.9159,16.4818
178.0598,772.8291,17.3950
172.0338,746.6746,16.8661
165.3268,717.5643,11.9828
157.9675,685.6228,13.5960
149.9874,650.9870,17.2306
141.4207,613.8051,15.7156
132.3041,574.2364,15.4456
122.6766,532.4503,16.8198
112.5794,488.6258,16.2659
102.0558,442.9505,15.7685
91.1508,395.6200,18.2070
79.9112,346.8369,14.1153
68.3851,296.8103,15.7131
56.6218,245.7542,15.3926
44.6716,193.8873,18.6076
32.5859,141.4318,15.4024
20.3940,88.5155,16.9840
8.2213,35.6829,17.5891
0.0000,0.0000,15.7165
0.0000,0.0000,17.9965
0.0000,0.0000,17.6807
0.0000,0.0000,17.5337
0.0000,0.0000,14.8165
0.0000,0.0000,17.8249
0.0000,0.0000,19.2465
0.0000,0.0000,18.5172
0.0000,0.0000,20.2471
0.0000,0.0000,20.3951
0.0000,0.0000,19.5566
0.0000,0.0000,20.1209
0.0000,0.0000,19.1233
0.0000,0.0000,19.8979
0.0000,0.0000,19.3517
0.0000,0.0000,22.6344
0.0000,0.0000,21.1389
0.0000,0.0000,18.4965
0.0000,0.0000,22.4998
0.0000,0.0000,21.4646
0.0000,0.0000,24.9935
0.0000,0.0000,26.0956
0.0000,0.0000,25.2074
0.0000,0.0000,20.8978
0.0000,0.0000,24.2872
0.0000,0.0000,24.3049
0.0000,0.0000,24.5538
0.0000,0.0000,23.8545
0.0000,0.0000,24.8683
0.0000,0.0000,26.7496
0.0000,0.0000,24.7474
0.0000,0.0000,26.4519
0.0000,0.0000,24.0707
0.0000,0.0000,23.5199
0.0000,0.0000,24.6378
0.0000,0.0000,23.8042
0.0000,0.0000,24.4034
0.0000,0.0000,24.0623
0.0000,0.0000,25.5531
0.0000,0.0000,23.6390
0.0000,0.0000,27.7582
0.0000,0.0000,26.4954
0.0000,0.0000,25.0979
0.0000,0.0000,26.1428
0.0000,0.0000,25.1778
0.0000,0.0000,25.0804
5.5929,24.2749,23.9618
17.7656,77.1075,23.8214
29.9626,130.0459,23.9988
42.0708,182.5991,23.9135
54.0546,234.6120,25.7052
65.8626,285.8619,23.3205
77.4442,336.1292,27.3757
88.7498,385.1987,26.0249
99.7310,432.8604,22.8104
109.6479,475.9022,22.6742
119.8486,520.1761,21.9098
127.4828,553.3109,23.4218
138.8259,602.5427,23.0637
147.5211,640.2826,21.9142
155.6370,675.5080,22.3868
163.1389,708.0681,23.0001
169.9945,737.8234,19.0438
176.1746,764.6467,17.7433
181.6526,788.4229,21.2878
186.4052,809.0503,19.7049
190.4119,826.4406,18.9219
193.6556,840.5192,19.9781
196.1225,851.2260,17.9509
197.8018,858.5150,19.9680
198.6866,862.3550,16.5412
198.7729,862.7296,18.6763
198.0604,859.6372,17.4834
196.5522,853.0911,15.3976
194.2547,843.1191,15.9931
184.5878,801.1621,18.0049
180.7701,784.5923,16.7308
182.7414,793.1483,15.1118
177.4182,770.0440,15.5885
171.3876,743.8697,18.0034
164.6755,714.7373,16.7687
157.3106,682.7716,17.0477
149.3244,648.1095,15.7649
140.7512,610.8995,14.0973
131.6277,571.3008,16.2006
121.9929,529.4830,13.9509
111.8881,485.6253,12.4090
101.3565,439.9153,15.6415
90.4433,392.5490,15.1154
79.1951,343.7289,16.0881
67.6603,293.6643,15.4666
55.8880,242.5696,13.5720
43.9288,190.6634,17.6921
31.8339,138.1681,14.2237
19.6346,85.2195,15.6274
7.4527,32.3469,14.7300
0.0000,0.0000,14.9624
0.0000,0.0000,17.0313
0.0000,0.0000,17.3366
0.0000,0.0000,20.6915
0.0000,0.0000,18.4228
0.0000,0.0000,18.9064
0.0000,0.0000,16.7646
0.0000,0.0000,20.1314
0.0000,0.0000,19.1518
0.0000,0.0000,18.7292
0.0000,0.0000,19.1082
0.0000,0.0000,19.0761
0.0000,0.0000,22.2329
0.0000,0.0000,19.2551
0.0000,0.0000,18.3836
0.0000,0.0000,20.5417
0.0000,0.0000,20.2055
0.0000,0.0000,23.9143
0.0000,0.0000,24.2157
0.0000,0.0000,22.5134
0.0000,0.0000,22.8781
0.0000,0.0000,19.7927
0.0000,0.0000,21.6505
0.0000,0.0000,22.1295
0.0000,0.0000,24.1901
0.0000,0.0000,22.6359
0.0000,0.0000,23.2427
0.0000,0.0000,23.7432
0.0000,0.0000,22.8707
0.0000,0.0000,25.1021
0.0000,0.0000,22.8435
0.0000,0.0000,21.3919
0.0000,0.0000,24.9374
0.0000,0.0000,25.4658
0.0000,0.0000,24.7901
0.0000,0.0000,25.7915
0.0000,0.0000,25.8625
0.0000,0.0000,23.8275
0.0000,0.0000,27.9852
0.0000,0.0000,24.6488
0.0000,0.0000,25.5442
0.0000,0.0000,23.0273
0.0000,0.0000,27.7196
0.0000,0.0000,26.2734
0.0000,0.0000,25.5351
0.0000,0.0000,24.1168
4.8223,20.9303,25.2449
17.0042,73.8029,24.4243
29.2086,126.7736,24.3162
41.3261,179.3666,25.6504
53.3189,231.4189,26.1083
65.1358,282.7076,24.0807
76.7262,333.0131,21.3005
88.0404,382.1198,25.5313
99.0300,429.8176,19.2544
108.9465,472.8580,21.3991
119.1545,517.1637,21.9039
128.9014,559.4678,24.0637
138.1453,599.5891,19.9985
146.8468,637.3560,22.0258
154.9686,672.6065,21.5687
162.4758,705.1899,19.3814
169.3363,734.9666,20.9520
175.5208,761.8090,18.2777
181.0027,785.6022,18.3533
185.7587,806.2443,19.2978
188.3301,817.4050,17.2247
193.0143,837.7357,15.3815
195.4829,848.4501,17.8789
197.1635,855.7443,18.7617
198.0489,859.5870,17.1162
198.1352,859.9620,16.8473
197.4222,856.8674,15.6941
195.9129,850.3165,18.1952
193.6138,840.3375,17.7622
190.5346,826.9730,17.6764
186.6886,810.2803,15.9037
182.0922,790.3309,15.8475
176.7652,767.2101,15.3314
170.7303,741.0171,15.1970
164.0134,711.8639,17.3524
156.6433,679.8754,14.1648
148.6514,645.1885,14.5078
140.0721,607.9518,16.2949
130.9420,568.3248,17.9080
121.3003,526.4772,14.9023
111.1883,482.5881,16.6903
96.5737,419.1566,17.4849
89.7282,389.4453,13.4067
78.4720,340.5903,15.7861
65.1547,282.7896,16.2088
55.1482,239.3587,16.1329
43.1805,187.4154,17.0894
31.0770,134.8826,14.5211
18.8707,81.9041,19.0641
6.6801,28.9936,16.0774
0.0000,0.0000,15.0002
0.0000,0.0000,17.0322
0.0000,0.0000,15.2376
0.0000,0.0000,17.1956
0.0000,0.0000,17.7003
0.0000,0.0000,18.5518
0.0000,0.0000,19.9421
0.0000,0.0000,18.2794
0.0000,0.0000,18.1673
0.0000,0.0000,15.7748
0.0000,0.0000,20.1357
0.0000,0.0000,18.2634
0.0000,0.0000,22.3856
0.0000,0.0000,16.9611
0.0000,0.0000,19.0705
0.0000,0.0000,20.0953
0.0000,0.0000,19.5566
0.0000,0.0000,18.3403
0.0000,0.0000,22.8384
0.0000,0.0000,21.8462
0.0000,0.0000,21.3220
0.0000,0.0000,22.2016
0.0000,0.0000,25.3044
0.0000,0.0000,22.1837
0.0000,0.0000,22.1753
0.0000,0.0000,24.0532
0.0000,0.0000,27.2171
0.0000,0.0000,19.5048
0.0000,0.0000,22.0353
0.0000,0.0000,24.0719
0.0000,0.0000,25.6649
0.0000,0.0000,23.7838
0.0000,0.0000,23.4970
0.0000,0.0000,25.5472
0.0000,0.0000,23.7857
0.0000,0.0000,24.8346
0.0000,0.0000,23.0291
0.0000,0.0000,22.8347
0.0000,0.0000,23.6852
0.0000,0.0000,25.0269
0.0000,0.0000,25.3800
0.0000,0.0000,25.1909
0.0000,0.0000,22.2771
0.0000,0.0000,25.0189
0.0000,0.0000,23.9326
0.0000,0.0000,26.2311
4.0479,17.5689,24.7799
16.2384,70.4793,23.1214
27.7530,120.4557,22.5205
40.5759,176.1106,22.3382
52.5773,228.2001,26.4260
64.4027,279.5255,24.2248
76.0013,329.8668,23.3080
87.3236,379.0087,26.8084
98.3210,426.7405,23.5698
108.2370,469.7784,22.8236
114.9227,498.7963,22.5135
128.2052,556.4463,21.0772
137.4554,596.5945,19.4471
146.1627,634.3867,19.9609
154.2899,669.6609,20.2415
161.8021,702.2661,20.0962
167.9702,729.0375,20.1646
174.8559,758.9232,19.3996
180.3415,782.7323,19.4980
185.1007,803.3883,21.2723
189.1129,820.8027,19.5049
192.3611,834.9008,18.5086
193.6814,840.6310,17.8440
196.5131,852.9215,19.2171
197.3991,856.7668,16.1590
197.4855,857.1420,18.1481
194.6411,844.7963,15.3492
195.2617,847.4901,16.5932
192.9610,837.5044,17.1628
189.8798,824.1309,17.8498
184.1734,799.3638,14.7301
181.4318,787.4642,14.6496
168.0214,729.2596,16.9092
170.0622,738.1173,15.9168
163.3408,708.9446,18.0487
155.9657,676.9346,15.9985
147.9685,642.2245,15.2217
139.3834,604.9628,15.2029
130.2473,565.3093,15.2479
120.5991,523.4336,16.3432
110.4803,479.5150,15.5288
99.9341,433.7418,12.8661
89.0058,386.3097,15.7210
77.7420,337.4220,15.4111
66.1912,287.2881,13.8607
54.4026,236.1225,13.2878
42.4269,184.1444,14.0550
30.3152,131.5764,14.4049
17.6375,76.5518,14.7578
5.9038,25.6243,13.0520
0.0000,0.0000,15.7221
0.0000,0.0000,13.5521
0.0000,0.0000,17.5255
0.0000,0.0000,15.9752
0.0000,0.0000,15.6998
0.0000,0.0000,17.0785
0.0000,0.0000,14.4651
0.0000,0.0000,18.2294
0.0000,0.0000,16.7375
0.0000,0.0000,19.8204
0.0000,0.0000,19.0087
0.0000,0.0000,17.3100
0.0000,0.0000,21.0866
0.0000,0.0000,19.2420
0.0000,0.0000,21.3798
0.0000,0.0000,19.5606
0.0000,0.0000,17.7885
0.0000,0.0000,20.0669
0.0000,0.0000,20.6642
0.0000,0.0000,20.3038
0.0000,0.0000,22.3602
0.0000,0.0000,21.8829
0.0000,0.0000,24.7909
0.0000,0.0000,22.0071
0.0000,0.0000,21.8546
0.0000,0.0000,23.0747
0.0000,0.0000,22.5844
0.0000,0.0000,23.1844
0.0000,0.0000,23.4683
0.0000,0.0000,23.4256
0.0000,0.0000,24.8054
0.0000,0.0000,25.0440
0.0000,0.0000,23.9105
0.0000,0.0000,24.2927
0.0000,0.0000,23.9102
0.0000,0.0000,25.2654
0.0000,0.0000,23.2537
0.0000,0.0000,21.9312
0.0000,0.0000,25.9344
0.0000,0.0000,22.0200
0.0000,0.0000,20.5538
0.0000,0.0000,24.7993
0.0000,0.0000,22.6300
0.0000,0.0000,25.4735
0.0000,0.0000,26.2252
0.0000,0.0000,23.5277
3.2698,14.1919,22.6216
15.4685,67.1378,26.0212
27.6862,120.1660,23.1400
39.8205,172.8320,24.4539
51.8300,224.9564,21.6345
63.6632,276.3162,25.7476
75.2697,326.6913,21.8946
86.5996,375.8661,22.0148
97.6044,423.6300,21.8465
105.8242,459.3065,21.9867
117.7407,511.0273,21.7363
127.5002,553.3862,24.7412
136.7561,593.5596,22.1449
145.4689,631.3754,19.2419
153.6012,666.6717,18.3187
161.1181,699.2973,19.3705
167.9875,729.1126,16.9336
174.1801,755.9898,18.3466
179.6691,779.8139,18.8801
184.4312,800.4828,18.8827
188.4460,817.9081,18.1674
191.6963,832.0150,17.2734
194.1681,842.7433,16.9953
195.8508,850.0470,18.9311
196.7374,853.8947,17.9941
196.8238,854.2701,17.1364
196.1099,851.1715,17.2711
194.5986,844.6122,17.0159
191.9314,833.0356,12.9634
189.2133,821.2384,14.2288
185.3624,804.5240,16.2725
180.7600,784.5488,17.0914
175.4261,761.3980,13.9450
161.5758,701.2836,14.5537
162.6578,705.9800,13.6454
155.2781,673.9500,13.9897
147.2758,639.2181,13.3167
138.6854,601.9332,14.1585
126.9609,551.0457,11.7864
119.8893,520.3528,12.7283
109.7641,476.4069,13.3956
99.2114,430.6049,12.6711
88.2762,383.1432,15.5261
75.4812,327.6093,14.2300
65.4473,284.0596,13.2249
52.5868,228.2411,15.5068
41.6681,180.8513,13.4507
29.5489,128.2504,15.2938
17.3305,75.2190,16.1559
5.1241,22.2400,13.4901
0.0000,0.0000,17.2418
0.0000,0.0000,16.3195
0.0000,0.0000,15.0206
0.0000,0.0000,14.1977
0.0000,0.0000,14.8686
0.0000,0.0000,18.8752
0.0000,0.0000,17.1771
0.0000,0.0000,17.4642
0.0000,0.0000,17.2956
0.0000,0.0000,15.6085
0.0000,0.0000,15.9022
0.0000,0.0000,18.7298
0.0000,0.0000,17.9135
0.0000,0.0000,17.6156
0.0000,0.0000,18.2541
0.0000,0.0000,20.6931
0.0000,0.0000,17.1600
0.0000,0.0000,19.5091
0.0000,0.0000,21.6412
0.0000,0.0000,17.4702
0.0000,0.0000,19.9499
0.0000,0.0000,19.5229
0.0000,0.0000,18.2068
0.0000,0.0000,20.5028
0.0000,0.0000,22.6838
0.0000,0.0000,21.4047
0.0000,0.0000,23.6513
0.0000,0.0000,21.4071
0.0000,0.0000,22.2526
0.0000,0.0000,25.7282
0.0000,0.0000,22.1096
0.0000,0.0000,21.8418
0.0000,0.0000,21.3269
0.0000,0.0000,24.8025
0.0000,0.0000,22.5395
0.0000,0.0000,22.4543
0.0000,0.0000,24.3994
0.0000,0.0000,22.4823
0.0000,0.0000,24.8224
0.0000,0.0000,25.0051
0.0000,0.0000,23.4043
0.0000,0.0000,24.6279
0.0000,0.0000,24.4093
0.0000,0.0000,25.7920
0.0000,0.0000,26.6506
0.0000,0.0000,22.6244
2.4884,10.8004,24.4713
14.5228,63.0329,23.5476
26.9183,116.8329,25.3637
39.0601,169.5318,23.6048
51.0771,221.6889,23.6205
62.9178,273.0808,26.2084
71.2336,309.1736,21.9792
85.8685,372.6931,23.3953
96.8802,420.4868,17.7794
106.7941,463.5160,19.6536
117.0213,507.9048,24.0868
126.7864,550.2884,22.9232
136.0478,590.4850,20.2740
144.7656,628.3228,23.0706
152.9026,663.6396,19.7407
157.2495,682.5067,19.3680
163.2025,708.3444,19.1359
173.4934,753.0095,20.2385
178.9856,776.8474,15.8406
183.7505,797.5283,17.0668
187.7676,814.9637,16.7768
191.0198,829.0789,19.6288
193.4930,839.8134,19.6653
195.1767,847.1213,17.7738
196.0638,850.9713,16.9980
194.2102,842.9260,15.0048
195.4360,848.2465,16.1674
193.9238,841.6833,14.9752
191.6204,831.6856,14.2294
188.5354,818.2960,15.6410
184.6822,801.5720,16.9162
180.0772,781.5851,14.4087
174.7402,758.4209,14.2682
168.6940,732.1786,15.0733
161.9644,702.9706,13.4406
154.5804,670.9221,16.1221
146.5736,636.1700,15.2933
137.9781,598.8635,13.1901
128.8309,559.1620,15.3843
119.1711,517.2358,14.5182
109.0401,473.2643,12.8642
98.4812,427.4358,13.9003
87.5397,379.9465,14.0400
76.2624,330.9998,15.7728
64.6976,280.8054,14.2039
52.8948,229.5781,14.4961
40.9046,177.5373,14.0781
28.7783,124.9058,14.9788
16.5546,71.8517,14.8815
4.3412,18.8419,12.1050
0.0000,0.0000,14.5717
0.0000,0.0000,15.4603
0.0000,0.0000,14.6062
0.0000,0.0000,14.1953
0.0000,0.0000,16.7757
0.0000,0.0000,18.1548
0.0000,0.0000,16.5692
0.0000,0.0000,19.3452
0.0000,0.0000,13.6456
0.0000,0.0000,15.8530
0.0000,0.0000,17.7753
0.0000,0.0000,19.2287
0.0000,0.0000,18.6072
0.0000,0.0000,18.7079
0.0000,0.0000,18.8682
0.0000,0.0000,20.2486
0.0000,0.0000,17.6425
0.0000,0.0000,20.2771
0.0000,0.0000,18.9790
0.0000,0.0000,21.6742
0.0000,0.0000,21.9079
0.0000,0.0000,18.2580
0.0000,0.0000,19.1733
0.0000,0.0000,23.1882
0.0000,0.0000,22.1946
0.0000,0.0000,20.4973
0.0000,0.0000,20.1007
0.0000,0.0000,24.1197
0.0000,0.0000,23.9848
0.0000,0.0000,22.2680
0.0000,0.0000,23.5028
0.0000,0.0000,22.8367
0.0000,0.0000,24.6108
0.0000,0.0000,25.0326
0.0000,0.0000,22.7401
0.0000,0.0000,24.4283
0.0000,0.0000,25.3682
0.0000,0.0000,22.4942
0.0000,0.0000,24.2345
0.0000,0.0000,23.8352
0.0000,0.0000,29.1498
0.0000,0.0000,28.2728
0.0000,0.0000,22.3074
0.0000,0.0000,25.4631
0.0000,0.0000,24.1788
0.0000,0.0000,23.7962
1.7040,7.3956,24.8411
13.6528,59.2570,21.4738
26.1462,113.4817,23.0578
38.2951,166.2112,25.3431
50.3190,218.3985,20.4757
62.1666,269.8203,21.4478
73.7870,320.2562,20.8266
85.1306,369.4903,22.6964
96.1487,417.3119,20.3095
106.0611,460.3347,22.4850
116.2938,504.7473,20.4314
126.0642,547.1535,22.4109
135.3304,587.3716,21.4630
144.0529,625.2296,18.1543
152.1942,660.5652,20.4489
159.7196,693.2273,17.0919
166.5967,723.0757,17.0422
172.7961,749.9830,20.8793
178.2913,773.8336,19.5265
183.0587,794.5256,18.9216
187.0779,811.9702,16.6197
190.3318,826.0930,15.9896
191.1016,829.4342,15.5516
194.4910,844.1450,16.7785
195.3785,847.9971,17.9035
195.4651,848.3729,14.4273
194.7504,845.2708,15.8011
193.2374,838.7042,16.8633
190.9327,828.7010,14.6915
187.8461,815.3043,12.9440
183.9908,798.5714,17.6755
179.3834,778.5737,14.7647
174.0435,755.3972,14.1552
167.9941,729.1409,15.1342
161.2610,699.9174,11.8803
153.8730,667.8516,11.5513
145.8619,633.0811,13.8915
137.2619,595.7546,13.1081
128.1098,556.0319,13.3493
107.7872,467.8265,13.4095
108.3083,470.0883,13.2928
97.7438,424.2353,11.7422
85.9630,373.1031,12.3568
75.5131,327.7478,13.9640
63.9421,277.5266,13.6829
52.1330,226.2719,12.5537
40.1364,174.2032,14.0755
28.0037,121.5437,12.4006
15.7753,68.4692,13.1286
3.5553,15.4311,15.3683
0.0000,0.0000,15.2472
0.0000,0.0000,13.9140
0.0000,0.0000,12.8719
0.0000,0.0000,14.2894
0.0000,0.0000,17.1442
0.0000,0.0000,15.1401
0.0000,0.0000,15.3696
0.0000,0.0000,15.1750
0.0000,0.0000,17.9426
0.0000,0.0000,15.6624
0.0000,0.0000,16.3310
0.0000,0.0000,17.6374
0.0000,0.0000,19.8974
0.0000,0.0000,18.8788
0.0000,0.0000,19.1708
0.0000,0.0000,18.5393
0.0000,0.0000,19.7870
0.0000,0.0000,17.9583
0.0000,0.0000,21.3325
0.0000,0.0000,21.0824
0.0000,0.0000,20.5496
0.0000,0.0000,21.2989
0.0000,0.0000,21.0880
0.0000,0.0000,23.1173
0.0000,0.0000,21.9780
0.0000,0.0000,22.0418
0.0000,0.0000,23.1005
0.0000,0.0000,25.4118
0.0000,0.0000,24.8915
0.0000,0.0000,22.3424
0.0000,0.0000,22.4497
0.0000,0.0000,21.3271
0.0000,0.0000,24.5252
0.0000,0.0000,23.8068
0.0000,0.0000,26.5776
0.0000,0.0000,25.8680
0.0000,0.0000,23.6777
0.0000,0.0000,23.4933
0.0000,0.0000,23.2430
0.0000,0.0000,23.0600
0.0000,0.0000,22.8223
0.0000,0.0000,21.8008
0.0000,0.0000,22.9893
0.0000,0.0000,23.8598
0.0000,0.0000,21.8618
0.0000,0.0000,25.7583
0.9167,3.9787,21.2461
13.1367,57.0169,23.9947
25.3701,110.1134,25.4991
37.5255,162.8711,21.7619
47.6857,206.9690,21.7636
61.4098,266.5356,21.5083
73.0364,316.9984,22.9737
82.4548,357.8766,20.1801
95.4100,414.1059,23.5250
105.3208,457.1213,21.7241
115.5584,501.5555,24.3139
121.5546,527.5806,20.8300
134.6043,584.2202,21.5385
143.3311,622.0966,20.8518
151.4764,657.4495,18.6994
157.3334,682.8705,18.9306
165.8858,719.9905,18.1828
172.0882,746.9108,19.7958
177.5861,770.7730,18.9793
182.3559,791.4750,16.8566
186.3771,808.9283,18.5868
189.6325,823.0579,16.3563
192.1083,833.8033,17.3223
193.7937,841.1187,16.6625
194.6817,844.9727,15.8975
191.7913,832.4276,16.1535
193.4524,839.6370,14.2095
192.5396,835.6752,17.0184
190.2337,825.6672,15.8902
187.1456,812.2640,15.7565
183.2885,795.5228,16.5756
177.9441,772.3270,11.3328
173.3363,752.3276,14.9028
167.2839,726.0585,12.8874
158.9601,689.9310,12.1599
151.3734,657.0027,12.5326
145.1409,629.9518,14.4476
136.5367,592.6072,13.2185
127.3801,552.8652,12.0266
117.7105,510.8961,13.3888
107.5691,466.8796,12.1105
96.9994,421.0043,13.8147
86.0467,373.4665,15.1288
74.7578,324.4698,15.6338
63.1812,274.2240,15.0016
51.2375,222.3848,15.4265
39.3639,170.8503,12.9933
27.2252,118.1651,12.7766
14.9928,65.0728,13.7113
2.7668,12.0088,16.0046
0.0000,0.0000,13.1203
0.0000,0.0000,12.4839
0.0000,0.0000,16.4468
0.0000,0.0000,15.5459
0.0000,0.0000,15.4906
0.0000,0.0000,16.7034
0.0000,0.0000,15.2798
0.0000,0.0000,15.0833
0.0000,0.0000,16.1281
0.0000,0.0000,15.7297
0.0000,0.0000,15.8810
0.0000,0.0000,19.3253
0.0000,0.0000,16.5930
0.0000,0.0000,14.4499
0.0000,0.0000,17.4429
0.0000,0.0000,16.6449
0.0000,0.0000,16.8773
0.0000,0.0000,18.6534
0.0000,0.0000,19.8909
0.0000,0.0000,22.5364
0.0000,0.0000,18.3369
0.0000,0.0000,18.9277
0.0000,0.0000,19.8943
0.0000,0.0000,22.1860
0.0000,0.0000,21.3469
0.0000,0.0000,21.5261
0.0000,0.0000,23.5253
0.0000,0.0000,22.8219
0.0000,0.0000,23.4038
0.0000,0.0000,21.7715
0.0000,0.0000,21.1417
0.0000,0.0000,22.6577
0.0000,0.0000,23.2906
0.0000,0.0000,20.9059
0.0000,0.0000,22.3655
0.0000,0.0000,22.0985
0.0000,0.0000,24.5817
0.0000,0.0000,23.9768
0.0000,0.0000,25.1156
0.0000,0.0000,20.6591
0.0000,0.0000,22.0287
0.0000,0.0000,23.7518
0.0000,0.0000,21.6998
0.0000,0.0000,22.2507
0.0000,0.0000,22.8190
0.0000,0.0000,20.6980
0.1269,0.5509,23.7699
12.3529,53.6149,24.5258
24.5904,106.7293,24.5393
35.6610,154.7789,19.4843
48.7880,211.7534,23.3234
60.6477,263.2277,20.2107
72.2800,313.7151,22.1344
78.5877,341.0924,22.1072
94.6644,410.8700,22.2921
102.4904,444.8370,19.5402
112.6979,489.1401,22.1931
124.5948,540.7760,18.4872
130.1494,564.8846,20.8021
140.4886,609.7596,18.7239
150.7491,654.2930,17.9652
158.2814,686.9853,19.2866
165.1649,716.8615,18.4495
171.3701,743.7936,21.0956
176.8703,767.6664,18.0005
181.6422,788.3776,20.0312
185.6652,805.8385,20.1097
188.9221,819.9743,15.5620
191.3989,830.7245,19.0263
193.0851,838.0431,15.5864
190.2001,825.5214,15.0591
194.0601,842.2748,16.8475
187.3740,813.2550,13.2203
188.0181,816.0507,17.3280
189.5235,822.5848,12.9435
186.4341,809.1757,15.7718
182.5752,792.4271,16.4204
177.0369,768.3894,14.7703
172.6187,749.2130,14.6773
166.5636,722.9323,11.5946
159.8242,693.6816,16.4682
151.0532,655.6129,14.4259
144.4109,626.7833,13.0500
135.8029,589.4221,14.6088
126.6423,549.6627,11.0683
110.1328,478.0068,11.4051
106.8225,463.6393,11.9782
96.2481,417.7437,13.3918
85.2906,370.1850,10.2885
73.9968,321.1667,13.5229
61.5494,267.1414,11.6709
50.5950,219.5966,12.0445
38.0759,165.2600,14.1732
26.4433,114.7712,11.3206
14.2073,61.6636,14.6586
1.9760,8.5762,15.7556
0.0000,0.0000,13.5438
0.0000,0.0000,14.2778
0.0000,0.0000,12.1641
0.0000,0.0000,14.5617
0.0000,0.0000,13.1328
0.0000,0.0000,15.0868
0.0000,0.0000,14.8783
0.0000,0.0000,15.3932
0.0000,0.0000,13.8775
0.0000,0.0000,14.8602
0.0000,0.0000,13.6973
0.0000,0.0000,17.2434
0.0000,0.0000,15.8640
0.0000,0.0000,17.3357
0.0000,0.0000,19.3307
0.0000,0.0000,17.8557
0.0000,0.0000,20.5375
0.0000,0.0000,20.1004
0.0000,0.0000,20.4637
0.0000,0.0000,21.1696
0.0000,0.0000,19.6766
0.0000,0.0000,18.4671
0.0000,0.0000,21.0256
0.0000,0.0000,20.9578
0.0000,0.0000,21.3841
0.0000,0.0000,19.9244
0.0000,0.0000,23.0821
0.0000,0.0000,20.4560
0.0000,0.0000,23.7895
0.0000,0.0000,22.0672
0.0000,0.0000,21.3843
0.0000,0.0000,20.9003
0.0000,0.0000,22.6007
0.0000,0.0000,21.3131
0.0000,0.0000,23.7722
0.0000,0.0000,24.1996
0.0000,0.0000,24.3034
0.0000,0.0000,23.5504
0.0000,0.0000,23.8061
0.0000,0.0000,24.6518
0.0000,0.0000,19.4097
0.0000,0.0000,27.1650
0.0000,0.0000,22.1126
0.0000,0.0000,22.1975
0.0000,0.0000,21.4705
0.0000,0.0000,23.9572
0.0000,0.0000,25.5478
11.5662,50.2006,23.9769
23.8073,103.3303,21.0986
35.9740,156.1370,22.8377
48.0155,208.4007,21.5122
59.8804,259.8976,21.1595
71.5178,310.4073,20.2889
82.2572,357.0190,24.0210
93.9122,407.6049,22.8597
103.8186,450.6017,19.0574
114.0648,495.0729,21.4211
123.8481,537.5351,19.2217
133.1266,577.8064,20.3505
141.8606,615.7144,18.4682
150.0127,651.0967,17.2468
150.6144,653.7082,18.6155
164.4341,713.6898,17.9802
152.3830,661.3845,17.5380
176.1442,764.5146,16.0980
180.4432,783.1737,17.6355
184.9425,802.7017,16.6318
188.2006,816.8430,18.4605
190.6785,827.5975,14.2609
192.3653,834.9189,18.2252
193.2540,838.7761,16.0927
193.3407,839.1523,16.0743
192.6250,836.0462,14.4675
191.1101,829.4709,13.8121
188.8023,819.4545,13.3310
185.7116,806.0402,12.0120
181.8513,789.2850,11.5099
170.8559,741.5623,14.6171
171.8908,746.0539,15.2849
165.8334,719.7629,13.7215
159.0914,690.5007,12.8948
151.6937,658.3926,13.8450
138.8536,602.6633,13.4159
135.0606,586.2004,12.2528
125.8964,546.4253,12.9209
116.2187,504.4212,8.8252
106.0688,460.3681,13.0447
95.4903,414.4545,10.1492
84.5285,366.8771,14.9105
71.5972,310.7520,14.2938
61.6440,267.5520,10.7231
46.5346,201.9732,10.8119
37.8068,164.0922,12.9177
25.6581,111.3631,12.7176
13.4191,58.2427,14.4734
1.1830,5.1345,13.3573
0.0000,0.0000,12.9425
0.0000,0.0000,13.7672
0.0000,0.0000,11.8067
0.0000,0.0000,14.3443
0.0000,0.0000,12.5083
0.0000,0.0000,15.0130
0.0000,0.0000,15.0326
0.0000,0.0000,14.5829
0.0000,0.0000,17.0337
0.0000,0.0000,14.1351
0.0000,0.0000,15.9400
0.0000,0.0000,14.4600
0.0000,0.0000,15.7824
0.0000,0.0000,15.3462
0.0000,0.0000,21.2372
0.0000,0.0000,19.5583
0.0000,0.0000,17.1122
0.0000,0.0000,18.4934
0.0000,0.0000,18.7050
0.0000,0.0000,18.6300
0.0000,0.0000,21.4099
0.0000,0.0000,21.5341
0.0000,0.0000,22.3761
0.0000,0.0000,18.8998
0.0000,0.0000,19.2703
0.0000,0.0000,22.5358
0.0000,0.0000,21.3773
0.0000,0.0000,21.2936
0.0000,0.0000,23.4919
0.0000,0.0000,20.9232
0.0000,0.0000,22.3981
0.0000,0.0000,24.3344
0.0000,0.0000,23.1838
0.0000,0.0000,24.8455
0.0000,0.0000,21.1006
0.0000,0.0000,22.6968
0.0000,0.0000,18.5392
0.0000,0.0000,19.3396
0.0000,0.0000,21.7736
0.0000,0.0000,22.8826
0.0000,0.0000,24.4718
0.0000,0.0000,22.2642
0.0000,0.0000,21.1365
0.0000,0.0000,20.5399
0.0000,0.0000,25.6397
0.0000,0.0000,22.1364
0.0000,0.0000,20.2906
10.7770,46.7753,23.5071
23.0210,99.9177,21.5707
32.5840,141.4237,22.0338
47.2010,204.8655,22.3480
59.1083,256.5465,20.3646
68.7427,298.3625,21.0232
82.1149,356.4015,22.3368
93.1534,404.3118,19.9846
103.0573,447.2973,21.4206
113.3070,491.7839,18.7849
123.0937,534.2607,17.3404
132.3754,574.5458,17.8592
141.1124,612.4669,17.3492
149.2673,647.8614,19.9744
156.8051,680.5778,19.8950
163.6937,710.4760,17.6734
169.9034,737.4280,17.0419
173.6710,753.7805,19.5737
175.5455,761.9161,18.6913
177.7909,771.6618,15.8200
187.4684,813.6648,13.0858
189.9471,824.4230,14.1894
191.6345,831.7469,15.8366
189.1763,821.0776,14.8313
192.6102,835.9818,14.1100
191.8943,832.8746,12.7378
190.3788,826.2970,13.8408
188.0703,816.2772,16.3950
184.9785,802.8582,8.9874
180.5058,783.4452,12.6715
176.5017,766.0665,15.6143
171.1529,742.8513,11.4535
165.0934,716.5513,13.4232
158.3491,687.2791,13.7105
150.9488,655.1599,12.1053
142.9244,620.3314,13.7380
134.3100,582.9427,12.4923
125.1427,543.1539,12.4900
115.4616,501.1354,14.4300
105.3083,457.0671,11.5534
94.7261,411.1377,11.7403
83.7605,363.5439,14.1082
72.2882,313.7508,9.3249
60.8681,264.1846,10.8386
49.0394,212.8445,11.3788
37.0228,160.6892,14.4434
24.8698,107.9419,13.1475
12.6285,54.8113,12.0320
0.3882,1.6849,13.3415
0.0000,0.0000,11.3403
0.0000,0.0000,14.0900
0.0000,0.0000,13.0308
0.0000,0.0000,13.8341
0.0000,0.0000,13.8812
0.0000,0.0000,14.2882
0.0000,0.0000,14.7199
0.0000,0.0000,15.3725
0.0000,0.0000,16.8244
0.0000,0.0000,10.5529
0.0000,0.0000,16.3164
0.0000,0.0000,15.5719
0.0000,0.0000,16.9749
0.0000,0.0000,17.0196
0.0000,0.0000,18.0041
0.0000,0.0000,17.9276
0.0000,0.0000,16.7385
0.0000,0.0000,18.7020
0.0000,0.0000,14.3019
0.0000,0.0000,16.1777
0.0000,0.0000,17.9717
0.0000,0.0000,19.4617
0.0000,0.0000,20.0402
0.0000,0.0000,17.6366
0.0000,0.0000,18.4223
0.0000,0.0000,20.3914
0.0000,0.0000,22.0008
0.0000,0.0000,22.8059
0.0000,0.0000,20.0751
0.0000,0.0000,21.4052
0.0000,0.0000,22.0190
0.0000,0.0000,20.7927
0.0000,0.0000,21.3123
0.0000,0.0000,21.2917
0.0000,0.0000,21.8236
0.0000,0.0000,22.6876
0.0000,0.0000,19.2743
0.0000,0.0000,21.5464
0.0000,0.0000,26.3362
0.0000,0.0000,24.7078
0.0000,0.0000,21.3837
0.0000,0.0000,22.9265
0.0000,0.0000,19.5027
0.0000,0.0000,22.1612
0.0000,0.0000,20.5853
0.0000,0.0000,21.1228
0.0000,0.0000,20.0280
9.6337,41.8128,22.2470
22.2319,96.4926,22.5035
33.0964,143.6477,20.7688
46.4579,201.6404,20.5995
58.3316,253.1753,21.2186
69.9776,303.7222,19.1987
81.3461,353.0647,19.3376
92.3884,400.9915,22.1618
101.8087,441.8781,20.6931
112.5422,488.4643,20.1714
122.3317,530.9537,20.4855
131.6162,571.2508,17.5802
138.9149,602.9294,19.3978
146.2697,634.8513,19.9115
156.0532,677.3141,19.2917
154.1160,668.9062,18.9127
169.1553,734.1812,16.8227
174.6613,758.0786,18.0861
179.4381,778.8112,16.5400
181.5772,788.0956,16.5834
186.7255,810.4406,16.6772
189.2049,821.2018,16.4591
190.8929,828.5280,13.7225
191.7821,832.3876,14.2240
191.8689,832.7642,17.0620
191.1527,829.6560,12.6549
189.6368,823.0765,13.4351
187.3276,813.0537,12.4179
184.2349,799.6307,13.7926
180.3721,782.8649,10.8766
175.7556,762.8281,13.6507
170.4052,739.6061,12.0419
164.3439,713.2983,11.6945
157.5976,684.0173,13.9121
150.1952,651.8887,10.7858
142.1683,617.0499,11.2463
133.5514,579.6501,12.7148
124.3813,539.8496,11.6795
114.6974,497.8186,11.0230
104.5411,453.7373,12.7261
93.9558,407.7943,12.8979
82.9870,360.1864,12.8895
70.8086,307.3291,12.7311
60.0878,260.7977,13.4756
48.2555,209.4424,10.4959
36.2354,157.2717,11.0428
24.0788,104.5088,12.9630
11.8358,51.3706,13.4506
0.0000,0.0000,15.8566
0.0000,0.0000,15.3023
0.0000,0.0000,14.2614
0.0000,0.0000,12.4763
0.0000,0.0000,14.9573
0.0000,0.0000,10.8290
0.0000,0.0000,13.6781
0.0000,0.0000,13.8030
0.0000,0.0000,12.9484
0.0000,0.0000,14.8625
0.0000,0.0000,13.0617
0.0000,0.0000,16.1390
0.0000,0.0000,16.8706
0.0000,0.0000,15.6782
0.0000,0.0000,14.7678
0.0000,0.0000,12.8859
0.0000,0.0000,14.4075
0.0000,0.0000,17.5751
0.0000,0.0000,17.7218
0.0000,0.0000,16.0407
0.0000,0.0000,20.3019
0.0000,0.0000,19.8118
0.0000,0.0000,20.2249
0.0000,0.0000,17.4502
0.0000,0.0000,20.3766
0.0000,0.0000,18.1647
0.0000,0.0000,20.0626
0.0000,0.0000,18.4170
0.0000,0.0000,19.9451
0.0000,0.0000,18.8607
0.0000,0.0000,23.0055
0.0000,0.0000,19.0906
0.0000,0.0000,20.5774
0.0000,0.0000,20.7298
0.0000,0.0000,21.4027
0.0000,0.0000,21.3790
0.0000,0.0000,21.4448
0.0000,0.0000,22.2730
0.0000,0.0000,19.2485
0.0000,0.0000,21.4835
0.0000,0.0000,21.5661
0.0000,0.0000,22.8240
0.0000,0.0000,20.7312
0.0000,0.0000,24.3710
0.0000,0.0000,24.0289
0.0000,0.0000,20.3789
0.0000,0.0000,19.9519
0.0000,0.0000,20.5938
9.1920,39.8958,22.9426
21.4154,92.9488,20.2502
31.5288,136.8439,22.5939
45.6733,198.2350,21.9718
57.5505,249.7852,19.3727
69.2000,300.3470,18.8951
80.5718,349.7041,21.1074
91.6174,397.6451,18.9464
98.3384,426.8160,19.8385
107.7884,467.8318,18.1824
121.5625,527.6152,18.3130
130.8493,567.9222,18.1796
135.1429,586.5579,16.2812
147.7504,641.2776,17.6383
154.7015,671.4473,18.5060
162.1846,703.9263,16.6780
167.6229,727.5300,18.9757
173.9050,754.7962,17.2704
178.6830,775.5339,16.1079
182.7112,793.0172,13.3438
185.9722,807.1711,15.2383
181.6536,788.4269,16.8279
190.1406,825.2630,15.6896
191.0301,829.1236,14.5494
191.1169,829.5002,15.3304
190.4006,826.3913,16.0741
184.2478,799.6868,12.3205
186.5744,809.7849,14.0620
180.2277,782.2381,11.2348
179.6172,779.5886,14.6332
172.3523,748.0567,10.7064
169.6479,736.3191,13.2347
163.5851,710.0048,13.1639
156.8371,680.7167,12.5142
149.4328,648.5801,12.1836
141.4040,613.7327,9.7916
122.9730,533.7369,11.0869
123.3750,535.4818,11.2982
113.9263,494.4719,11.4998
103.7675,450.3797,12.1241
93.1796,404.4254,11.2757
82.2080,356.8057,9.7947
70.4094,305.5963,13.0134
59.3032,257.3924,13.1404
47.4680,206.0245,10.9976
34.5833,150.1010,11.1508
23.2853,101.0649,14.5179
11.0412,47.9218,10.3233
0.0000,0.0000,13.9016
0.0000,0.0000,12.4498
0.0000,0.0000,12.6982
0.0000,0.0000,14.1350
0.0000,0.0000,11.8748
0.0000,0.0000,13.7707
0.0000,0.0000,12.6754
0.0000,0.0000,13.7305
0.0000,0.0000,12.2831
0.0000,0.0000,11.7799
0.0000,0.0000,12.8576
0.0000,0.0000,15.0996
0.0000,0.0000,15.8234
0.0000,0.0000,16.0989
0.0000,0.0000,14.3422
0.0000,0.0000,15.4093
0.0000,0.0000,20.0958
0.0000,0.0000,17.4433
0.0000,0.0000,19.5017
0.0000,0.0000,21.9094
0.0000,0.0000,15.8238
0.0000,0.0000,22.4120
0.0000,0.0000,17.5971
0.0000,0.0000,19.9220
0.0000,0.0000,21.1318
0.0000,0.0000,19.7780
0.0000,0.0000,18.2298
0.0000,0.0000,19.6605
0.0000,0.0000,17.9320
0.0000,0.0000,19.2952
0.0000,0.0000,20.5038
0.0000,0.0000,21.2794
0.0000,0.0000,18.0265
0.0000,0.0000,21.2771
0.0000,0.0000,21.4683
0.0000,0.0000,21.3760
0.0000,0.0000,21.5243
0.0000,0.0000,21.2663
0.0000,0.0000,22.3842
0.0000,0.0000,22.6268
0.0000,0.0000,23.6830
0.0000,0.0000,23.5745
0.0000,0.0000,21.4238
0.0000,0.0000,22.0767
0.0000,0.0000,21.3673
0.0000,0.0000,21.2680
0.0000,0.0000,23.4693
0.0000,0.0000,20.0451
8.3967,36.4441,24.0919
20.6232,89.5102,22.7834
32.8282,142.4836,17.9668
44.8852,194.8143,18.9092
56.7653,246.3772,20.7223
68.4176,296.9515,20.0539
79.7923,346.3208,18.3868
90.8406,394.2736,18.7656
100.3906,435.7229,17.8834
110.9924,481.7379,17.8305
120.7863,524.2462,19.2886
130.0749,564.5612,15.1725
136.0772,590.6129,17.6097
146.9793,637.9311,15.0302
154.5228,670.6718,18.7781
159.0907,690.4979,17.7024
167.6308,727.5641,15.2358
173.1392,751.4722,15.6673
177.9181,772.2140,13.7270
173.5440,753.2293,13.9619
185.2087,803.8574,14.9003
186.4527,809.2564,15.4151
189.3779,821.9529,14.1965
190.2676,825.8142,14.5836
185.8651,806.7062,10.9891
189.6380,823.0814,13.0516
188.1214,816.4990,14.1759
185.8111,806.4717,13.2020
182.7171,793.0428,13.5871
178.8525,776.2695,12.8669
174.2339,756.2238,11.6260
168.8812,732.9914,10.3776
162.8172,706.6719,12.7520
155.5096,674.9550,11.0544
148.6621,645.2350,8.2772
140.6317,610.3807,11.4642
132.0110,572.9643,12.9232
122.8368,533.1460,13.1089
108.6284,471.4776,10.5247
102.9877,446.9954,9.8839
92.3978,401.0320,10.8636
81.0759,351.8918,11.9212
70.1135,304.3121,7.4246
54.6616,237.2467,8.1513
45.5511,197.7043,11.7801
34.4752,149.6319,11.8084
22.4897,97.6114,11.0352
10.2450,44.4659,10.4018
0.0000,0.0000,11.2244
0.0000,0.0000,11.4630
0.0000,0.0000,11.6760
0.0000,0.0000,11.5330
0.0000,0.0000,13.6630
0.0000,0.0000,11.9065
0.0000,0.0000,14.5542
0.0000,0.0000,13.9098
0.0000,0.0000,12.1226
0.0000,0.0000,13.8952
0.0000,0.0000,13.9286
0.0000,0.0000,16.6721
0.0000,0.0000,13.2808
0.0000,0.0000,15.3364
0.0000,0.0000,18.1815
0.0000,0.0000,16.9863
0.0000,0.0000,15.6900
0.0000,0.0000,15.4097
0.0000,0.0000,16.4902
0.0000,0.0000,19.7826
0.0000,0.0000,14.3048
0.0000,0.0000,17.3846
0.0000,0.0000,18.1366
0.0000,0.0000,18.0018
0.0000,0.0000,20.1304
0.0000,0.0000,20.9077
0.0000,0.0000,20.3219
0.0000,0.0000,20.1622
0.0000,0.0000,20.8992
0.0000,0.0000,22.7235
0.0000,0.0000,20.4250
0.0000,0.0000,18.8851
0.0000,0.0000,18.9659
0.0000,0.0000,22.0680
0.0000,0.0000,21.2499
0.0000,0.0000,19.3814
0.0000,0.0000,20.5793
0.0000,0.0000,23.2723
0.0000,0.0000,17.7397
0.0000,0.0000,22.8222
0.0000,0.0000,19.9384
0.0000,0.0000,20.5422
0.0000,0.0000,22.9907
0.0000,0.0000,21.6983
0.0000,0.0000,22.7449
0.0000,0.0000,21.9647
0.0000,0.0000,18.8292
0.0000,0.0000,23.1852
7.5560,32.7950,18.7422
19.8288,86.0626,20.3025
32.0344,139.0383,18.9400
44.0938,191.3793,18.9780
55.9762,242.9524,20.0932
67.6309,293.5368,18.0963
79.0078,342.9159,16.3127
90.0583,390.8782,18.1683
97.8485,424.6898,21.0350
110.2079,478.3331,16.8135
120.0033,520.8477,16.6182
126.7385,550.0804,16.3752
138.0381,599.1235,21.0839
146.2002,634.5495,14.0767
146.3059,635.0082,17.7608
157.2028,682.3039,15.9104
166.8547,724.1959,16.0460
171.5367,744.5168,16.9103
168.7408,732.3818,17.3753
181.1731,786.3417,13.9674
184.4353,800.5005,11.4037
186.9162,811.2682,13.6217
181.2113,786.5073,13.8874
189.4949,822.4606,15.3187
189.5817,822.8373,11.1850
188.8652,819.7274,14.5677
187.3484,813.1439,11.4399
185.0378,803.1152,9.6171
181.9433,789.6843,14.1764
178.0781,772.9085,12.6955
173.4589,752.8597,11.7135
168.1054,729.6240,10.6458
162.0404,703.3005,11.3691
155.2901,674.0022,9.8679
142.2396,617.3593,9.0169
139.8517,606.9950,10.8164
131.2296,569.5731,7.9694
116.7605,506.7730,10.9888
112.3644,487.6929,12.9628
95.1056,412.7849,10.4481
91.6105,397.6151,10.2480
80.6352,349.9790,13.2048
69.3230,300.8810,14.7481
57.7224,250.5312,10.9322
45.8831,199.1455,13.7607
33.3798,144.8776,13.0226
21.6667,94.0396,12.3134
9.4474,41.0043,10.9155
0.0000,0.0000,11.4150
0.0000,0.0000,12.4339
0.0000,0.0000,9.1220
0.0000,0.0000,12.1599
0.0000,0.0000,11.9224
0.0000,0.0000,12.4761
0.0000,0.0000,11.0520
0.0000,0.0000,11.8323
0.0000,0.0000,11.1473
0.0000,0.0000,14.2999
0.0000,0.0000,17.1281
0.0000,0.0000,15.5648
0.0000,0.0000,16.9030
0.0000,0.0000,14.1488
0.0000,0.0000,14.2652
0.0000,0.0000,15.5406
0.0000,0.0000,14.5472
0.0000,0.0000,16.6597
0.0000,0.0000,17.0862
0.0000,0.0000,14.5592
0.0000,0.0000,20.9201
0.0000,0.0000,16.9712
0.0000,0.0000,16.6446
0.0000,0.0000,20.6844
0.0000,0.0000,19.5280
0.0000,0.0000,16.4559
0.0000,0.0000,19.5643
0.0000,0.0000,21.7893
0.0000,0.0000,18.1484
0.0000,0.0000,20.5446
0.0000,0.0000,19.6465
0.0000,0.0000,22.1917
0.0000,0.0000,20.0738
0.0000,0.0000,20.8045
0.0000,0.0000,20.6318
0.0000,0.0000,18.8154
0.0000,0.0000,18.9202
0.0000,0.0000,21.4715
0.0000,0.0000,20.5311
0.0000,0.0000,23.2946
0.0000,0.0000,24.2408
0.0000,0.0000,20.1582
0.0000,0.0000,20.7437
0.0000,0.0000,21.7347
0.0000,0.0000,22.6809
0.0000,0.0000,20.5080
0.0000,0.0000,18.7917
0.0000,0.0000,19.3828
6.8020,29.5227,21.1293
19.0327,82.6072,20.6674
30.6001,132.8128,19.6898
43.2994,187.9314,17.0859
55.1836,239.5121,18.5356
65.8822,285.9472,17.1414
78.2186,339.4905,19.4608
89.2708,387.4599,17.2704
97.0425,421.1913,19.7267
108.1001,469.1847,21.1295
115.6828,502.0956,16.1321
128.5047,557.7459,16.4610
137.2503,595.7045,16.7807
142.1491,616.9668,15.5807
147.9364,642.0851,17.8117
159.8539,693.8105,17.8456
162.1025,703.5698,13.3551
171.5796,744.7032,13.2759
176.3597,765.4501,17.2457
180.3896,782.9412,13.8900
183.6522,797.1014,12.9863
185.2188,803.9011,12.5071
185.4009,804.6914,12.2715
187.8065,815.1324,12.5310
188.7991,819.4405,10.3924
188.0825,816.3302,14.4624
186.5655,809.7461,11.9470
176.3581,765.4431,10.7348
175.1935,760.3884,10.9444
177.2943,769.5067,11.7302
156.6283,679.8102,11.7982
167.3206,726.2178,8.9994
161.2551,699.8918,9.4646
154.5041,670.5906,11.2678
147.0965,638.4397,11.1131
134.8471,585.2739,10.5863
130.4412,566.1511,10.1629
121.2648,526.3229,10.4700
111.5742,484.2628,11.5706
101.4108,440.1509,10.5710
90.8182,394.1761,11.8121
79.8417,346.5352,8.9289
67.1549,291.4711,10.8240
56.9267,247.0776,12.7189
45.0862,195.6867,7.5610
33.0577,143.4798,12.5349
20.0892,87.1927,9.4711
8.6488,37.5381,11.1428
0.0000,0.0000,10.6757
0.0000,0.0000,11.6038
0.0000,0.0000,12.0184
0.0000,0.0000,11.2575
0.0000,0.0000,13.1710
0.0000,0.0000,11.9524
0.0000,0.0000,11.5885
0.0000,0.0000,11.3469
0.0000,0.0000,14.3605
0.0000,0.0000,13.7806
0.0000,0.0000,10.8477
0.0000,0.0000,14.0014
0.0000,0.0000,14.9757
0.0000,0.0000,11.6603
0.0000,0.0000,14.4219
0.0000,0.0000,14.4335
0.0000,0.0000,17.5781
0.0000,0.0000,14.8971
0.0000,0.0000,16.4499
0.0000,0.0000,14.7882
0.0000,0.0000,18.1395
0.0000,0.0000,18.1380
0.0000,0.0000,17.9839
0.0000,0.0000,16.2464
0.0000,0.0000,16.2232
0.0000,0.0000,17.9685
0.0000,0.0000,19.0357
0.0000,0.0000,15.3105
0.0000,0.0000,19.0924
0.0000,0.0000,16.5731
0.0000,0.0000,20.2783
0.0000,0.0000,17.6007
0.0000,0.0000,20.0653
0.0000,0.0000,17.9960
0.0000,0.0000,20.1535
0.0000,0.0000,19.2710
0.0000,0.0000,23.0744
0.0000,0.0000,24.0260
0.0000,0.0000,19.0649
0.0000,0.0000,21.3542
0.0000,0.0000,19.8788
0.0000,0.0000,18.6270
0.0000,0.0000,20.0607
0.0000,0.0000,20.8166
0.0000,0.0000,20.9776
0.0000,0.0000,17.2472
0.0000,0.0000,19.5523
0.0000,0.0000,21.4067
5.5834,24.2334,21.9969
18.2350,79.1451,18.6097
30.4399,132.1176,19.4083
42.5022,184.4715,15.7718
54.3876,236.0574,17.0322
62.5214,271.3601,18.5166
77.4249,336.0457,20.3523
88.4782,384.0198,18.3992
98.3608,426.9131,17.5905
108.6211,471.4459,18.0264
118.4180,513.9669,16.2467
127.7093,554.2939,16.3745
136.4554,592.2543,17.6703
144.6188,627.6856,15.7639
152.1645,660.4360,16.4999
158.8893,689.6236,16.2386
164.5965,714.3943,14.5736
170.7864,741.2604,16.1506
175.5667,762.0084,16.6715
179.5969,779.5003,14.4568
182.8596,793.6613,11.6974
185.3408,804.4306,12.5790
187.0300,811.7621,12.6548
187.9199,815.6246,11.1533
181.3079,786.9268,10.9194
187.2901,812.8910,9.6976
185.7730,806.3066,8.9779
183.4621,796.2764,13.9218
180.3671,782.8434,9.3652
176.5014,766.0652,11.9184
171.8815,746.0135,10.0291
166.5272,722.7742,10.8914
147.5728,640.5068,8.2675
153.7100,667.1442,12.3167
146.3021,634.9916,12.0770
138.2693,600.1270,7.9153
129.6460,562.6995,10.4604
114.8826,498.6225,10.1164
110.7780,480.8072,10.6368
100.6141,436.6931,8.8911
90.0210,390.7160,10.5631
77.8196,337.7588,13.1996
67.7301,293.9674,9.7871
56.1278,243.6102,12.9175
44.2867,192.2168,10.5721
32.2577,140.0072,11.0032
20.0705,87.1117,9.3585
7.8494,34.0684,10.3162
0.0000,0.0000,10.8589
0.0000,0.0000,10.5222
0.0000,0.0000,12.4274
0.0000,0.0000,12.4199
0.0000,0.0000,12.1870
0.0000,0.0000,12.8029
0.0000,0.0000,12.9852
0.0000,0.0000,11.0307
0.0000,0.0000,11.2416
0.0000,0.0000,12.9793
0.0000,0.0000,10.8379
0.0000,0.0000,15.0669
0.0000,0.0000,12.5544
0.0000,0.0000,13.4794
0.0000,0.0000,13.4224
0.0000,0.0000,13.2830
0.0000,0.0000,15.5003
0.0000,0.0000,12.9884
0.0000,0.0000,14.9370
0.0000,0.0000,13.4859
0.0000,0.0000,16.2812
0.0000,0.0000,16.6452
0.0000,0.0000,17.9801
0.0000,0.0000,15.1498
0.0000,0.0000,16.8335
0.0000,0.0000,17.2609
0.0000,0.0000,20.4371
0.0000,0.0000,19.2080
0.0000,0.0000,19.9543
0.0000,0.0000,20.4137
0.0000,0.0000,19.3123
0.0000,0.0000,19.8103
0.0000,0.0000,18.4421
0.0000,0.0000,20.4110
0.0000,0.0000,17.3496
0.0000,0.0000,18.6337
0.0000,0.0000,20.8695
0.0000,0.0000,19.8976
0.0000,0.0000,20.2390
0.0000,0.0000,22.4613
0.0000,0.0000,19.3899
0.0000,0.0000,19.2651
0.0000,0.0000,19.9715
0.0000,0.0000,20.8056
0.0000,0.0000,20.7378
0.0000,0.0000,22.5172
0.0000,0.0000,19.3108
0.0000,0.0000,16.7921
5.1867,22.5118,18.4687
16.0875,69.8240,19.0850
28.1821,122.3181,21.1943
41.7026,181.0010,19.6065
53.5886,232.5894,20.7047
65.2467,283.1889,17.3007
74.9972,325.5089,19.2573
87.6808,380.5592,17.7044
97.3041,422.3270,16.6132
105.3035,457.0466,17.8945
117.6162,510.4868,18.9499
126.9075,550.8138,15.6689
127.6604,554.0815,15.2373
143.8170,624.2056,13.7591
151.3627,656.9559,16.1021
150.6455,653.8433,15.9274
164.4745,713.8652,14.6339
168.9484,733.2830,15.1983
170.7380,741.0504,12.0274
178.7951,776.0203,15.6058
182.0578,790.1812,15.2261
184.5390,800.9506,13.5755
182.3933,791.6376,11.6308
187.1181,812.1446,13.7127
178.1485,773.2142,10.2170
186.4883,809.4109,11.2932
174.1401,755.8162,12.0492
182.6603,792.7964,11.7846
179.5653,779.3634,11.3743
175.6996,762.5851,10.2894
171.0325,742.3284,10.1773
165.7254,719.2941,11.7588
159.6595,692.9668,10.7002
152.9082,663.6641,12.0632
145.5003,631.5116,10.8556
137.4675,596.6470,10.4496
128.8441,559.2194,9.8005
119.6673,519.3893,10.2614
109.9762,477.3271,6.9150
97.6832,423.9720,8.5803
79.5568,345.2986,10.5725
78.2422,339.5927,10.2498
66.9283,290.4873,9.6331
55.3260,240.1301,10.4057
43.4849,188.7367,9.9192
31.4559,136.5272,7.9032
19.2706,83.6398,12.8508
7.0495,30.5966,8.4762
0.0000,0.0000,9.1527
0.0000,0.0000,11.0585
0.0000,0.0000,9.2307
0.0000,0.0000,9.0464
0.0000,0.0000,12.5002
0.0000,0.0000,9.9728
0.0000,0.0000,12.3299
0.0000,0.0000,10.1471
0.0000,0.0000,12.2731
0.0000,0.0000,15.7981
0.0000,0.0000,14.1383
0.0000,0.0000,13.8751
0.0000,0.0000,14.3061
0.0000,0.0000,15.3290
0.0000,0.0000,16.2850
0.0000,0.0000,14.8782
0.0000,0.0000,16.2050
0.0000,0.0000,17.0765
0.0000,0.0000,15.9200
0.0000,0.0000,15.0426
0.0000,0.0000,17.0217
0.0000,0.0000,16.2177
0.0000,0.0000,18.0825
0.0000,0.0000,18.1852
0.0000,0.0000,20.2973
0.0000,0.0000,16.4999
0.0000,0.0000,16.4682
0.0000,0.0000,18.8219
0.0000,0.0000,18.0434
0.0000,0.0000,17.9593
0.0000,0.0000,20.3351
0.0000,0.0000,20.4348
0.0000,0.0000,18.5566
0.0000,0.0000,18.1653
0.0000,0.0000,19.4005
0.0000,0.0000,19.7829
0.0000,0.0000,20.0775
0.0000,0.0000,20.2735
0.0000,0.0000,17.9271
0.0000,0.0000,18.8673
0.0000,0.0000,22.3967
0.0000,0.0000,20.4460
0.0000,0.0000,20.2619
0.0000,0.0000,21.7917
0.0000,0.0000,18.4487
0.0000,0.0000,19.8562
0.0000,0.0000,21.2953
0.0000,0.0000,19.1829
4.4037,19.1133,17.4402
16.6362,72.2057,17.8757
28.8379,125.1644,18.7931
40.9008,177.5209,21.3342
51.5900,223.9151,19.7186
64.4449,279.7088,18.1963
74.9399,325.2599,16.9852
86.8790,377.0792,15.3913
96.7525,419.9325,17.7688
107.0123,464.4631,15.2463
116.8086,506.9819,16.8365
124.6280,540.9200,16.0502
131.6511,571.4022,14.3360
143.0081,620.6950,13.8712
142.9280,620.3470,16.6234
157.4488,683.3716,17.0861
159.2194,691.0563,13.9125
149.6303,649.4373,13.8010
173.9546,755.0112,14.9491
177.9845,772.5023,12.8374
176.7367,767.0863,15.6089
183.7282,797.4313,15.9893
185.4173,804.7625,11.5689
186.3071,808.6248,11.8699
186.3940,809.0016,11.7604
185.6774,805.8912,13.2976
184.1604,799.3072,12.3321
179.9407,780.9926,10.4292
172.5404,748.8732,10.1060
174.8892,759.0677,11.4030
170.2695,739.0170,9.3432
164.9155,715.7789,9.8430
158.8499,689.4529,9.3260
152.0989,660.1517,11.0456
143.6526,623.4922,7.9777
136.6590,593.1378,12.3382
128.0361,555.7122,10.2475
117.7278,510.9713,9.8445
109.1690,473.8239,9.2453
99.0056,429.7120,10.7931
88.4130,383.7372,11.1635
77.4366,336.0963,10.5446
66.1233,286.9934,10.5995
54.5215,236.6387,10.1303
42.2957,183.5749,9.5908
30.6526,133.0409,8.4929
18.4699,80.1643,10.7317
6.2493,27.1237,9.8086
0.0000,0.0000,7.2872
0.0000,0.0000,9.3521
0.0000,0.0000,8.6942
0.0000,0.0000,10.0393
0.0000,0.0000,10.9112
0.0000,0.0000,11.8235
0.0000,0.0000,11.5859
0.0000,0.0000,11.9167
0.0000,0.0000,12.9657
0.0000,0.0000,12.8233
0.0000,0.0000,9.6259
0.0000,0.0000,14.8255
0.0000,0.0000,13.5000
0.0000,0.0000,16.0188
0.0000,0.0000,14.9582
0.0000,0.0000,13.7565
0.0000,0.0000,12.8458
0.0000,0.0000,16.1443
0.0000,0.0000,16.9022
0.0000,0.0000,15.1711
0.0000,0.0000,12.3838
0.0000,0.0000,18.9320
0.0000,0.0000,12.8021
0.0000,0.0000,17.0395
0.0000,0.0000,17.1648
0.0000,0.0000,13.7940
0.0000,0.0000,18.4890
0.0000,0.0000,19.6887
0.0000,0.0000,15.4517
0.0000,0.0000,17.2408
0.0000,0.0000,17.8296
0.0000,0.0000,17.5785
0.0000,0.0000,15.8575
0.0000,0.0000,19.0976
0.0000,0.0000,16.8569
0.0000,0.0000,21.4180
0.0000,0.0000,18.0822
0.0000,0.0000,16.8586
0.0000,0.0000,18.8780
0.0000,0.0000,22.5857
0.0000,0.0000,19.1912
0.0000,0.0000,21.0361
0.0000,0.0000,19.8507
0.0000,0.0000,19.6454
0.0000,0.0000,18.5399
0.0000,0.0000,18.9495
0.0000,0.0000,19.1544
0.0000,0.0000,16.8046
3.5403,15.3657,22.1083
15.8356,68.7308,19.0277
28.0348,121.6786,18.1364
39.6817,172.2294,18.2468
51.9825,225.6185,16.2324
63.6400,276.2154,19.9265
75.0198,325.6067,16.6047
86.0730,373.5809,16.1534
88.9478,386.0583,16.7786
106.2003,460.9389,19.3613
115.9957,503.4535,17.6458
125.2856,543.7745,14.1043
128.8922,559.4280,14.9247
138.5332,601.2723,15.9550
149.7372,649.9008,12.4579
156.6318,679.8257,13.5864
162.8471,706.8016,15.0399
168.3563,730.7133,16.3346
168.4005,730.9049,12.8610
172.5524,748.9252,9.4131
180.4277,783.1063,15.7353
182.9086,793.8740,13.3954
184.5975,801.2045,12.0703
182.0568,790.1772,12.5758
185.5741,805.4432,13.8292
176.7577,767.1777,8.9496
183.3407,795.7497,13.8863
181.0301,785.7210,13.0817
177.9356,772.2900,12.1862
174.0705,755.5143,11.2484
169.4513,735.4656,9.5056
160.9918,698.7493,8.4476
158.0328,685.9063,10.2015
151.2825,656.6080,5.6745
142.5668,618.7796,10.3082
135.8440,589.6008,10.0780
127.2220,552.1788,7.0953
118.0465,512.3546,8.2175
102.4553,444.6844,10.6097
98.1945,426.1912,5.8030
87.6029,380.2209,8.4578
76.6275,332.5848,9.6915
63.3911,275.1351,9.6555
53.7148,233.1370,7.4585
41.8755,181.7513,9.6162
29.8482,129.5495,12.1425
17.6686,76.6864,9.4737
5.4492,23.6511,11.9209
0.0000,0.0000,9.6110
0.0000,0.0000,9.6369
0.0000,0.0000,11.5285
0.0000,0.0000,10.2457
0.0000,0.0000,11.8336
0.0000,0.0000,9.6684
0.0000,0.0000,9.9218
0.0000,0.0000,9.4201
0.0000,0.0000,11.9579
0.0000,0.0000,12.5339
0.0000,0.0000,12.3472
0.0000,0.0000,14.1371
0.0000,0.0000,13.2424
0.0000,0.0000,14.7925
0.0000,0.0000,16.1819
0.0000,0.0000,15.6043
0.0000,0.0000,13.9751
0.0000,0.0000,12.3745
0.0000,0.0000,14.5246
0.0000,0.0000,16.0896
0.0000,0.0000,12.8894
0.0000,0.0000,15.5114
0.0000,0.0000,17.3544
0.0000,0.0000,17.7813
0.0000,0.0000,15.7543
0.0000,0.0000,15.0415
0.0000,0.0000,16.9391
0.0000,0.0000,21.2542
0.0000,0.0000,17.9938
0.0000,0.0000,18.6932
0.0000,0.0000,20.4685
0.0000,0.0000,15.3374
0.0000,0.0000,17.2336
0.0000,0.0000,20.1149
0.0000,0.0000,21.3468
0.0000,0.0000,19.3938
0.0000,0.0000,20.7109
0.0000,0.0000,20.2236
0.0000,0.0000,20.3337
0.0000,0.0000,21.3067
0.0000,0.0000,19.6182
0.0000,0.0000,19.1470
0.0000,0.0000,20.1749
0.0000,0.0000,19.7547
0.0000,0.0000,19.8232
0.0000,0.0000,20.8808
0.0000,0.0000,18.1702
0.0000,0.0000,18.7672
2.8038,12.1695,18.4026
13.3285,57.8492,18.6506
27.2306,118.1884,20.3840
39.2583,170.3917,16.5591
51.0569,221.6012,18.2551
62.8324,272.7099,18.6580
74.2110,322.0963,15.7150
83.5523,362.6400,15.3411
95.1264,412.8749,14.7506
105.3837,457.3944,15.6401
111.7363,484.9664,12.0338
118.1414,512.7665,15.0803
122.5805,532.0334,15.4174
129.1339,560.4768,15.8469
148.9140,646.3283,15.5766
155.8077,676.2487,14.9056
162.0220,703.2206,14.4050
162.2941,704.4014,13.2645
165.1921,716.9796,12.9950
174.8146,758.7438,13.3663
176.7634,767.2023,12.7429
176.0485,764.0994,9.7113
183.7692,797.6094,11.2149
184.6589,801.4708,9.8314
184.7457,801.8475,12.3185
181.0834,785.9522,11.8723
182.5126,792.1555,12.8255
180.2024,782.1283,10.7298
177.1083,768.6993,12.8985
171.0706,742.4938,9.4207
160.7104,697.5277,9.4963
156.5053,679.2765,10.0277
157.2085,682.3284,9.6605
149.1290,647.2611,10.6361
141.6780,614.9218,9.8107
135.0230,586.0372,8.2849
126.4022,548.6208,10.1154
117.2281,508.8025,10.0478
107.5399,466.7529,9.6909
97.3790,422.6519,10.3865
82.8896,359.7638,8.0682
68.9643,299.3243,9.3094
64.5048,279.9687,9.5045
52.9059,229.6264,8.3928
41.0684,178.2483,9.8840
29.0429,126.0543,8.2901
15.8842,68.9419,8.0579
4.6494,20.1799,7.4886
0.0000,0.0000,10.5738
0.0000,0.0000,10.8155
0.0000,0.0000,8.6262
0.0000,0.0000,11.0586
0.0000,0.0000,10.8680
0.0000,0.0000,13.1311
0.0000,0.0000,12.0415
0.0000,0.0000,10.8807
0.0000,0.0000,11.8832
0.0000,0.0000,10.2102
0.0000,0.0000,13.1026
0.0000,0.0000,12.0953
0.0000,0.0000,10.1387
0.0000,0.0000,15.5382
0.0000,0.0000,12.7033
0.0000,0.0000,14.8770
0.0000,0.0000,13.2086
0.0000,0.0000,14.0109
0.0000,0.0000,10.5835
0.0000,0.0000,15.3036
0.0000,0.0000,15.5445
0.0000,0.0000,15.6580
0.0000,0.0000,14.3930
0.0000,0.0000,14.2742
0.0000,0.0000,15.2313
0.0000,0.0000,16.2872
0.0000,0.0000,17.4317
0.0000,0.0000,13.7664
0.0000,0.0000,15.5394
0.0000,0.0000,18.3278
0.0000,0.0000,14.0823
0.0000,0.0000,18.3188
0.0000,0.0000,18.8234
0.0000,0.0000,20.2740
0.0000,0.0000,19.7482
0.0000,0.0000,16.7591
0.0000,0.0000,19.6073
0.0000,0.0000,18.1952
0.0000,0.0000,17.4514
0.0000,0.0000,22.0211
0.0000,0.0000,18.8523
0.0000,0.0000,19.6213
0.0000,0.0000,18.5356
0.0000,0.0000,21.5642
0.0000,0.0000,19.1909
0.0000,0.0000,19.0807
0.0000,0.0000,18.4371
0.0000,0.0000,19.8540
2.0045,8.6999,16.9829
14.2333,61.7766,16.9577
26.4257,114.6949,19.5278
38.4851,167.0359,16.1989
49.5393,215.0144,16.6500
62.0222,269.1934,14.8314
73.3991,318.5724,17.4534
83.3734,361.8638,15.0013
92.1671,400.0310,15.8983
104.5627,453.8310,16.4536
114.3546,496.3309,14.0519
120.3132,522.1926,18.2893
125.9421,546.6235,14.4060
140.5425,609.9933,15.8207
143.4550,622.6345,15.7144
154.9767,672.6420,13.8726
141.6358,614.7388,12.7401
166.6971,723.5119,12.0322
171.4751,744.2496,11.9048
175.5033,761.7328,12.6677
178.5008,774.7429,9.6904
181.2443,786.6508,9.3118
177.1221,768.7592,13.2456
179.1051,777.3658,9.2837
176.4360,765.7812,12.2552
183.1926,795.1070,13.1656
181.6763,788.5258,9.0061
179.3665,778.5006,11.1759
167.1738,725.5809,8.7366
169.6795,736.4560,8.5456
167.7917,728.2626,9.1906
162.4400,705.0348,9.6854
151.2092,656.2901,8.6778
149.6292,649.4324,6.9817
142.2249,617.2958,7.9584
134.1961,582.4484,8.0441
125.5380,544.8700,8.3233
116.4048,505.2290,10.6508
106.7184,463.1876,7.1851
94.2701,409.1584,10.0248
85.9717,373.1411,10.9826
75.0001,325.5214,7.6091
63.6919,276.4404,10.0919
52.0953,226.1081,8.4731
40.2601,174.7402,5.7961
27.8833,121.0214,6.8235
15.9479,69.2182,10.1648
3.8503,16.7112,9.4748
0.0000,0.0000,10.6373
0.0000,0.0000,8.6929
0.0000,0.0000,9.8253
0.0000,0.0000,7.1481
0.0000,0.0000,8.6679
0.0000,0.0000,10.3889
0.0000,0.0000,9.0271
0.0000,0.0000,9.8740
0.0000,0.0000,11.2886
0.0000,0.0000,9.2795
0.0000,0.0000,11.0987
0.0000,0.0000,11.3345
0.0000,0.0000,10.7064
0.0000,0.0000,12.3680
0.0000,0.0000,14.3013
0.0000,0.0000,11.6681
0.0000,0.0000,13.3575
0.0000,0.0000,14.5828
0.0000,0.0000,16.0080
0.0000,0.0000,12.5064
0.0000,0.0000,17.1679
0.0000,0.0000,13.6151
0.0000,0.0000,16.3802
0.0000,0.0000,14.9897
0.0000,0.0000,14.6025
0.0000,0.0000,18.0444
0.0000,0.0000,15.7244
0.0000,0.0000,15.7044
0.0000,0.0000,15.8929
0.0000,0.0000,16.1134
0.0000,0.0000,17.1760
0.0000,0.0000,15.2505
0.0000,0.0000,18.1918
0.0000,0.0000,18.4870
0.0000,0.0000,16.3912
0.0000,0.0000,16.6398
0.0000,0.0000,19.6181
0.0000,0.0000,19.6617
0.0000,0.0000,16.9818
0.0000,0.0000,19.2981
0.0000,0.0000,20.1722
0.0000,0.0000,19.3979
0.0000,0.0000,21.4433
0.0000,0.0000,18.6683
0.0000,0.0000,20.7022
0.0000,0.0000,17.4470
0.0000,0.0000,19.9290
0.0000,0.0000,19.3147
1.2058,5.2336,16.9482
12.4418,54.0009,15.9368
25.6203,111.1993,16.6590
37.3007,161.8953,17.2207
49.5574,215.0929,17.8154
61.2097,265.6672,14.0790
71.2139,309.0881,17.8060
83.6327,362.9893,16.4923
90.8305,394.2298,15.6382
103.7376,450.2500,17.8650
110.6505,480.2540,15.4301
121.6393,527.9484,14.1043
131.5512,570.9688,15.0694
139.7085,606.3737,14.6853
147.2486,639.0998,13.6557
154.1392,669.0069,10.2542
160.3508,695.9669,14.0230
165.8567,719.8643,14.0450
170.6335,740.5969,10.3847
174.6607,758.0757,11.7709
158.3574,687.3150,14.6837
172.6254,749.2422,9.6262
182.0883,790.3137,12.1577
177.1007,768.6661,10.6447
183.0643,794.5498,11.4432
182.3482,791.4417,9.4692
180.8322,784.8621,9.0910
178.5230,774.8394,12.1729
175.4303,761.4164,8.6059
171.5675,744.6506,11.1750
152.8528,663.4235,11.1989
161.6006,701.3917,10.5703
155.5393,675.0839,6.3552
137.5740,597.1093,11.2222
125.0634,542.8098,10.8404
133.3637,578.8356,6.2739
118.9083,516.0949,7.1108
115.5768,501.6353,9.4512
103.5351,449.3710,5.6931
95.7365,415.5229,10.3188
85.1512,369.5800,8.4955
74.1824,321.9721,7.2807
62.7445,272.3286,8.1179
51.2832,222.5834,6.9403
37.6161,163.2643,8.1342
27.4308,119.0573,9.2348
14.5560,63.1770,8.7725
3.0520,13.2464,7.6297
0.0000,0.0000,5.7497
0.0000,0.0000,9.1211
0.0000,0.0000,9.9461
0.0000,0.0000,7.1221
0.0000,0.0000,9.8357
0.0000,0.0000,11.9540
0.0000,0.0000,12.5889
0.0000,0.0000,9.5808
0.0000,0.0000,7.6975
0.0000,0.0000,12.8794
0.0000,0.0000,11.5523
0.0000,0.0000,13.4093
0.0000,0.0000,13.1861
0.0000,0.0000,10.9731
0.0000,0.0000,12.5975
0.0000,0.0000,11.1931
0.0000,0.0000,12.3579
0.0000,0.0000,13.1300
0.0000,0.0000,15.4702
0.0000,0.0000,12.8526
0.0000,0.0000,15.1913
0.0000,0.0000,13.9137
0.0000,0.0000,14.6469
0.0000,0.0000,15.4073
0.0000,0.0000,18.9840
0.0000,0.0000,14.8429
0.0000,0.0000,15.4753
0.0000,0.0000,17.7876
0.0000,0.0000,16.6646
0.0000,0.0000,17.2768
0.0000,0.0000,14.8292
0.0000,0.0000,17.4624
0.0000,0.0000,16.1774
0.0000,0.0000,18.3496
0.0000,0.0000,18.4487
0.0000,0.0000,16.8715
0.0000,0.0000,16.0805
0.0000,0.0000,18.4098
0.0000,0.0000,17.7188
0.0000,0.0000,18.1383
0.0000,0.0000,18.7645
0.0000,0.0000,19.0257
0.0000,0.0000,19.5819
0.0000,0.0000,19.6881
0.0000,0.0000,18.8925
0.0000,0.0000,16.1419
0.0000,0.0000,15.1702
0.0000,0.0000,16.7276
0.3921,1.7017,20.7454
12.2132,53.0086,15.0617
24.7194,107.2889,16.9293
36.8688,160.0206,15.1288
48.7459,211.5708,15.0187
60.3954,262.1327,16.3084
69.1373,300.0751,16.5188
76.1995,330.7271,14.4832
87.0491,377.8173,14.8352
102.9088,446.6527,13.8909
112.6954,489.1295,13.3130
121.9771,529.4147,15.1668
130.7142,567.3357,13.8410
138.8690,602.7302,13.6131
146.4069,635.4467,12.0238
153.2955,665.3448,13.2430
159.5052,692.2969,12.8438
165.0095,716.1872,12.9751
168.1202,729.6882,12.5480
162.2495,704.2076,10.3196
177.0701,768.5336,10.5272
173.5479,753.2462,10.3867
181.2363,786.6158,12.1172
180.2892,782.5054,8.6267
176.5016,766.0661,10.2817
181.4961,787.7434,10.4873
179.9806,781.1658,10.9598
171.1927,743.0237,11.4205
174.5803,757.7271,11.4211
170.7186,740.9662,8.3075
163.8528,711.1666,7.9423
153.0366,664.2216,7.5928
154.6952,671.4201,10.8808
147.9509,642.1478,8.3406
132.9408,576.9999,6.6938
132.5261,575.2003,6.7545
122.2497,530.5975,7.9568
114.7444,498.0227,7.1434
105.0634,456.0042,8.3696
91.0184,395.0452,9.8154
84.3279,366.0065,8.8743
73.3623,318.4128,8.6613
62.0602,269.3584,8.1492
50.4699,219.0534,7.9408
37.1399,161.1977,8.5596
26.6246,115.5580,8.0685
13.5984,59.0210,8.7888
2.2548,9.7866,5.5403
0.0000,0.0000,9.8602
0.0000,0.0000,7.2781
0.0000,0.0000,8.3878
0.0000,0.0000,9.0527
0.0000,0.0000,5.7217
0.0000,0.0000,10.1635
0.0000,0.0000,10.4752
0.0000,0.0000,13.0969
0.0000,0.0000,10.6847
0.0000,0.0000,9.9421
0.0000,0.0000,10.7981
0.0000,0.0000,11.9223
0.0000,0.0000,12.5830
0.0000,0.0000,12.0765
0.0000,0.0000,12.4786
0.0000,0.0000,12.7893
0.0000,0.0000,10.7142
0.0000,0.0000,14.9271
0.0000,0.0000,13.0771
0.0000,0.0000,11.8332
0.0000,0.0000,12.6173
0.0000,0.0000,14.7432
0.0000,0.0000,15.1630
0.0000,0.0000,16.7881
0.0000,0.0000,12.3684
0.0000,0.0000,15.6561
0.0000,0.0000,17.6103
0.0000,0.0000,17.4188
0.0000,0.0000,16.4097
0.0000,0.0000,17.5810
0.0000,0.0000,18.0816
0.0000,0.0000,15.9761
0.0000,0.0000,19.6400
0.0000,0.0000,19.2463
0.0000,0.0000,16.0859
0.0000,0.0000,17.4585
0.0000,0.0000,18.2037
0.0000,0.0000,17.4019
0.0000,0.0000,19.6528
0.0000,0.0000,17.0089
0.0000,0.0000,17.1273
0.0000,0.0000,18.1760
0.0000,0.0000,17.7559
0.0000,0.0000,17.0821
0.0000,0.0000,19.9993
0.0000,0.0000,18.4054
0.0000,0.0000,20.5243
0.0000,0.0000,18.0567
0.0000,0.0000,16.3891
11.8316,51.3524,18.3179
23.3104,101.1734,15.7712
36.0597,156.5092,14.1685
45.1878,196.1276,17.0759
59.5794,258.5911,17.6456
70.9479,307.9336,16.5272
81.9902,355.8603,15.4151
91.8303,398.5692,13.2538
102.0765,443.0405,13.6745
111.8598,485.5027,13.8687
113.9293,494.4847,14.7825
129.8723,563.6819,14.7661
138.0244,599.0643,12.2234
131.0733,568.8948,12.3224
152.4458,661.6573,12.7297
152.6053,662.3492,11.9387
157.1640,682.1355,10.7232
168.9296,733.2015,11.6977
169.6480,736.3193,12.9874
176.2124,764.8106,12.6884
174.0976,755.6321,9.4047
180.3770,782.8865,12.5347
179.3587,778.4665,12.2882
176.4043,765.6435,9.8134
180.6368,784.0137,8.1484
174.3422,756.6934,9.4895
170.1929,738.6844,12.2893
173.7234,754.0077,8.7137
161.8963,702.6751,7.4894
164.5129,714.0316,8.7429
159.9025,694.0214,9.5782
145.8307,632.9460,6.6911
144.3213,626.3946,2.3645
139.7054,606.3602,6.3555
131.6837,571.5438,9.1531
119.7915,519.9283,7.6655
113.9081,494.3928,5.7310
100.7289,437.1915,5.9582
94.0805,408.3357,5.7743
81.3546,353.1017,10.1948
72.5402,314.8447,9.3657
61.2420,265.8072,9.0605
49.6557,215.5196,5.2115
37.8310,164.1972,6.1580
24.4810,106.2542,8.1243
13.6634,59.3029,9.0388
1.3336,5.7880,7.6467
0.0000,0.0000,7.2914
0.0000,0.0000,10.1010
0.0000,0.0000,10.7072
0.0000,0.0000,8.2227
0.0000,0.0000,10.1657
0.0000,0.0000,9.9745
0.0000,0.0000,8.3832
0.0000,0.0000,9.6575
0.0000,0.0000,8.0776
0.0000,0.0000,8.6110
0.0000,0.0000,10.1399
0.0000,0.0000,12.1692
0.0000,0.0000,12.2202
0.0000,0.0000,12.5329
0.0000,0.0000,13.0857
0.0000,0.0000,9.7342
0.0000,0.0000,15.1825
0.0000,0.0000,16.4228
0.0000,0.0000,13.4775
0.0000,0.0000,12.6232
0.0000,0.0000,16.9869
0.0000,0.0000,14.8821
0.0000,0.0000,14.5621
0.0000,0.0000,16.8130
0.0000,0.0000,15.0965
0.0000,0.0000,13.6306
0.0000,0.0000,15.8063
0.0000,0.0000,15.7757
0.0000,0.0000,17.7062
0.0000,0.0000,17.3541
0.0000,0.0000,18.0589
0.0000,0.0000,15.5466
0.0000,0.0000,18.8888
0.0000,0.0000,17.3955
0.0000,0.0000,15.6346
0.0000,0.0000,15.0684
0.0000,0.0000,16.5719
0.0000,0.0000,17.8197
0.0000,0.0000,15.6482
0.0000,0.0000,19.6407
0.0000,0.0000,15.8290
0.0000,0.0000,15.9238
0.0000,0.0000,18.9295
0.0000,0.0000,17.5916
0.0000,0.0000,16.1552
0.0000,0.0000,17.1817
0.0000,0.0000,17.0583
0.0000,0.0000,18.2443
0.0000,0.0000,13.6060
10.9920,47.7081,19.6219
23.2042,100.7127,16.8859
35.2505,152.9969,15.8006
47.1200,204.5141,17.2498
58.7620,255.0436,14.6421
70.1266,304.3691,12.7620
81.1652,352.2794,14.3167
85.3001,370.2262,11.8283
101.2411,439.4147,14.0503
103.6137,449.7124,13.1462
115.0107,499.1786,13.9103
129.0260,560.0089,13.8234
137.1749,595.3773,9.8132
144.7072,628.0696,13.1927
148.1675,643.0882,12.2999
149.4630,648.7108,10.4247
163.2962,708.7507,12.3286
168.0680,729.4619,12.6247
172.0910,746.9227,9.6632
175.3479,761.0585,7.5111
177.8247,771.8088,10.6489
163.1211,707.9908,8.9213
173.0786,751.2094,11.1220
170.7246,740.9924,10.1144
179.7706,780.2542,10.1239
178.2562,773.6815,13.2836
175.9494,763.6691,8.1921
172.8599,750.2599,10.1642
169.0010,733.5114,10.2224
164.3893,713.4952,10.1943
159.0445,690.2972,6.3352
148.0527,642.5897,6.9832
146.2298,634.6782,7.3694
133.3911,578.9543,6.7849
130.8367,567.8676,7.3916
116.7279,506.6314,7.2031
113.0681,490.7469,7.5156
98.8401,428.9934,9.2482
93.2483,404.7235,9.6121
82.6740,358.8279,8.2798
71.1124,308.6475,6.5093
60.4226,262.2509,5.6244
48.8409,211.9831,7.9195
37.0209,160.6808,8.2648
24.6879,107.1525,7.1780
12.4154,53.8864,9.1538
0.6636,2.8803,10.2265
0.0000,0.0000,10.0900
0.0000,0.0000,9.0752
0.0000,0.0000,5.3249
0.0000,0.0000,6.5551
0.0000,0.0000,8.6744
0.0000,0.0000,8.7519
0.0000,0.0000,6.8411
0.0000,0.0000,8.3865
0.0000,0.0000,6.5941
0.0000,0.0000,9.9207
0.0000,0.0000,10.9603
0.0000,0.0000,12.5231
0.0000,0.0000,12.5817
0.0000,0.0000,11.3648
0.0000,0.0000,11.7682
0.0000,0.0000,13.5177
0.0000,0.0000,11.8944
0.0000,0.0000,11.7293
0.0000,0.0000,12.3389
0.0000,0.0000,11.5585
0.0000,0.0000,10.3000
0.0000,0.0000,14.9283
0.0000,0.0000,15.6529
0.0000,0.0000,16.1871
0.0000,0.0000,13.6858
0.0000,0.0000,15.1392
0.0000,0.0000,15.8842
0.0000,0.0000,12.3850
0.0000,0.0000,15.6554
0.0000,0.0000,14.6618
0.0000,0.0000,14.2533
0.0000,0.0000,13.8861
0.0000,0.0000,16.4367
0.0000,0.0000,16.6330
0.0000,0.0000,13.5492
0.0000,0.0000,15.8447
0.0000,0.0000,18.5408
0.0000,0.0000,16.5521
0.0000,0.0000,19.2763
0.0000,0.0000,13.8465
0.0000,0.0000,16.6694
0.0000,0.0000,15.2216
0.0000,0.0000,16.9306
0.0000,0.0000,15.5047
0.0000,0.0000,19.2255
0.0000,0.0000,17.7297
0.0000,0.0000,16.9426
0.0000,0.0000,17.8654
0.0000,0.0000,15.4850
10.2348,44.4220,14.9536
22.3236,96.8904,17.2874
33.4445,145.1586,17.1729
42.0041,182.3096,16.6181
56.3668,244.6477,14.8456
67.3668,292.3905,13.5833
74.2214,322.1413,14.0765
90.1653,391.3426,12.1784
95.1293,412.8878,10.6996
107.8601,468.1429,13.0949
119.4489,518.4414,13.7199
123.9223,537.8572,12.5230
136.3209,591.6707,10.6464
143.8499,624.3486,9.2412
150.7304,654.2117,15.6199
156.9328,681.1320,11.7881
159.3080,691.4409,11.9222
167.2004,725.6963,9.9451
171.2216,743.1495,11.1566
174.4771,757.2791,11.7289
176.9529,768.0246,9.3603
164.9666,716.0010,9.8715
173.4215,752.6974,9.7574
171.9615,746.3608,10.9489
164.2532,712.9045,9.1134
177.3841,769.8964,7.7354
174.0157,755.2764,6.6399
171.9902,746.4852,9.8356
168.1330,729.7441,9.6132
163.2494,708.5475,6.1393
156.7896,680.5105,7.4592
152.1285,660.2798,7.5015
145.3921,631.0420,5.9073
136.9472,594.3887,8.7956
129.9855,564.1731,8.2712
120.9133,524.7972,8.2137
112.2247,487.0864,7.3136
100.8807,437.8504,6.8650
90.2042,391.5113,8.9833
75.7920,328.9582,7.1211
70.8913,307.6877,7.7160
59.6024,258.6910,3.7053
48.0258,208.4453,9.6626
33.5979,145.8241,8.5167
24.2085,105.0716,9.2010
11.8516,51.4392,8.1949
0.0000,0.0000,7.9768
0.0000,0.0000,7.6568
0.0000,0.0000,7.5955
0.0000,0.0000,7.4871
0.0000,0.0000,8.5863
0.0000,0.0000,7.8468
0.0000,0.0000,5.2989
0.0000,0.0000,8.1400
0.0000,0.0000,7.2182
0.0000,0.0000,12.1388
0.0000,0.0000,9.6136
0.0000,0.0000,8.4205
0.0000,0.0000,12.5186
0.0000,0.0000,11.7404
0.0000,0.0000,9.1678
0.0000,0.0000,11.0549
0.0000,0.0000,9.0183
0.0000,0.0000,9.5126
0.0000,0.0000,12.9060
0.0000,0.0000,12.5309
0.0000,0.0000,12.1879
0.0000,0.0000,13.7697
0.0000,0.0000,14.8371
0.0000,0.0000,13.4523
0.0000,0.0000,10.8265
0.0000,0.0000,17.2311
0.0000,0.0000,12.7890
0.0000,0.0000,16.5715
0.0000,0.0000,13.5980
0.0000,0.0000,16.8589
0.0000,0.0000,14.6775
0.0000,0.0000,17.0448
0.0000,0.0000,17.5451
0.0000,0.0000,16.4963
0.0000,0.0000,14.7076
0.0000,0.0000,18.3616
0.0000,0.0000,16.5410
0.0000,0.0000,19.1103
0.0000,0.0000,17.1433
0.0000,0.0000,18.0187
0.0000,0.0000,16.7709
0.0000,0.0000,17.9717
0.0000,0.0000,18.3778
0.0000,0.0000,14.3529
0.0000,0.0000,16.9352
0.0000,0.0000,16.8329
0.0000,0.0000,16.2606
0.0000,0.0000,17.4062
0.0000,0.0000,15.3381
0.0000,0.0000,16.6672
9.1111,39.5448,15.5709
21.5097,93.3582,17.4578
31.2543,135.6523,17.1582
45.4922,197.4489,14.7899
57.1245,247.9364,15.5012
68.4797,297.2208,16.1766
79.5090,345.0912,14.5276
89.3297,387.7156,13.6837
99.5623,432.1282,14.7343
109.3327,474.5343,12.0683
118.5990,514.7525,13.9342
123.9726,538.0754,10.8442
128.6389,558.3285,8.5973
142.9881,620.6082,10.9925
149.8652,650.4566,10.8064
156.0646,677.3638,11.8630
149.0380,646.8661,8.3992
166.3272,721.9064,10.5055
170.3465,739.3511,10.9207
166.1349,721.0718,8.9780
176.0749,764.2141,10.4283
165.5895,718.7043,10.0922
178.6471,775.3779,9.8111
178.7337,775.7537,8.6891
177.4727,770.2806,9.0615
176.5060,766.0850,7.1486
163.3834,709.1293,6.6633
169.3703,735.1140,7.7455
167.2594,725.9522,7.2631
156.9842,681.3549,7.8741
157.3121,682.7781,8.7846
151.2626,656.5218,11.4169
137.9053,598.5474,7.6151
129.2846,561.1310,6.4174
129.1304,560.4619,7.2515
116.6985,506.5041,8.7346
111.3783,483.4128,7.1835
100.0509,434.2487,6.3606
91.5769,397.4691,7.0886
80.5084,349.4287,7.6301
70.0650,304.1015,6.7047
54.2372,235.4044,6.6422
47.2107,204.9074,6.9474
33.3050,144.5531,5.2551
23.4050,101.5841,6.9831
9.9909,43.3634,8.4613
0.0000,0.0000,5.5581
0.0000,0.0000,9.7276
0.0000,0.0000,6.3497
0.0000,0.0000,8.2171
0.0000,0.0000,9.2172
0.0000,0.0000,5.0178
0.0000,0.0000,9.1160
0.0000,0.0000,7.3066
0.0000,0.0000,7.0002
0.0000,0.0000,10.4263
0.0000,0.0000,7.5991
0.0000,0.0000,8.0741
0.0000,0.0000,9.2553
0.0000,0.0000,8.4260
0.0000,0.0000,7.6082
0.0000,0.0000,10.4391
0.0000,0.0000,11.5304
0.0000,0.0000,10.3036
0.0000,0.0000,10.5325
0.0000,0.0000,11.8139
0.0000,0.0000,14.7475
0.0000,0.0000,12.5161
0.0000,0.0000,15.3923
0.0000,0.0000,13.7519
0.0000,0.0000,10.0778
0.0000,0.0000,15.0764
0.0000,0.0000,14.8165
0.0000,0.0000,15.2246
0.0000,0.0000,13.6230
0.0000,0.0000,13.1863
0.0000,0.0000,15.2049
0.0000,0.0000,14.4588
0.0000,0.0000,15.1206
0.0000,0.0000,14.2528
0.0000,0.0000,15.7914
0.0000,0.0000,14.9429
0.0000,0.0000,16.8572
0.0000,0.0000,18.2844
0.0000,0.0000,14.7454
0.0000,0.0000,16.7266
0.0000,0.0000,18.1204
0.0000,0.0000,16.4819
0.0000,0.0000,15.2599
0.0000,0.0000,18.1024
0.0000,0.0000,15.8834
0.0000,0.0000,15.5517
0.0000,0.0000,20.1570
0.0000,0.0000,16.2356
0.0000,0.0000,16.3690
0.0000,0.0000,14.7702
8.4391,36.6281,14.9043
20.7709,90.1513,14.9304
32.8244,142.4672,15.1663
44.6691,193.8763,14.0781
56.3050,244.3793,13.9682
67.6546,293.6397,13.8386
78.6786,341.4868,11.7183
88.4924,384.0814,12.8189
96.6149,419.3356,15.6525
108.4847,470.8538,12.1968
115.1123,499.6195,10.5540
126.4639,548.8882,13.5276
134.6008,584.2050,12.7539
142.1221,616.8496,11.2355
143.5811,623.1817,11.4536
145.7811,632.7305,10.3781
160.6839,697.4129,9.7851
162.2681,704.2886,9.6830
164.3058,713.1328,12.8391
160.3502,695.9644,9.6038
160.2489,695.5245,11.0563
169.8945,737.3895,10.2292
177.0760,768.5588,10.2937
177.8486,771.9124,6.8180
177.1343,768.8120,6.5641
161.1456,699.4167,8.1007
161.5736,701.2742,9.6059
163.5171,709.7098,7.8460
152.8460,663.3939,7.7283
161.7755,702.1505,7.2650
156.4384,678.9863,7.3192
150.3922,652.7441,6.1524
143.6627,623.5361,6.8154
136.2787,591.4875,7.7124
128.2719,556.7355,6.9654
113.4823,492.5448,6.1561
110.5292,479.7275,5.8494
95.5938,414.9035,7.0892
88.9661,386.1377,8.2038
80.1795,348.0013,6.3903
68.0146,295.2023,5.5853
57.6816,250.3543,6.1093
46.3958,201.3708,5.0010
33.1397,143.8354,7.1511
22.1275,96.0396,7.5279
10.3725,45.0196,7.1988
0.0000,0.0000,5.1882
0.0000,0.0000,4.8802
0.0000,0.0000,5.3996
0.0000,0.0000,9.1494
0.0000,0.0000,6.1744
0.0000,0.0000,7.6130
0.0000,0.0000,10.0778
0.0000,0.0000,7.4623
0.0000,0.0000,9.3493
0.0000,0.0000,8.6626
0.0000,0.0000,7.6367
0.0000,0.0000,8.8808
0.0000,0.0000,9.8816
0.0000,0.0000,12.3123
0.0000,0.0000,11.4369
0.0000,0.0000,11.8484
0.0000,0.0000,10.2858
0.0000,0.0000,10.7970
0.0000,0.0000,10.6736
0.0000,0.0000,8.0381
0.0000,0.0000,10.5823
0.0000,0.0000,12.7191
0.0000,0.0000,12.3779
0.0000,0.0000,15.0244
0.0000,0.0000,14.1778
0.0000,0.0000,13.4868
0.0000,0.0000,13.4825
0.0000,0.0000,14.2792
0.0000,0.0000,14.4674
0.0000,0.0000,13.3874
0.0000,0.0000,15.1178
0.0000,0.0000,15.2332
0.0000,0.0000,15.4049
0.0000,0.0000,14.3994
0.0000,0.0000,15.8357
0.0000,0.0000,15.5574
0.0000,0.0000,13.5902
0.0000,0.0000,16.9569
0.0000,0.0000,15.3100
0.0000,0.0000,16.5449
0.0000,0.0000,13.4409
0.0000,0.0000,18.1591
0.0000,0.0000,17.4420
0.0000,0.0000,17.2390
0.0000,0.0000,14.6429
0.0000,0.0000,18.5336
0.0000,0.0000,16.2597
0.0000,0.0000,15.9396
0.0000,0.0000,15.5952
0.0000,0.0000,15.7726
6.8332,29.6580,15.5706
19.0731,82.7826,14.3343
32.0173,138.9640,14.9942
43.8649,190.3857,12.7668
55.4853,240.8217,12.0204
66.8289,290.0558,16.6353
75.8825,329.3511,14.9270
85.7915,372.3590,13.7224
87.9735,381.8296,11.2011
98.0338,425.4939,10.9746
115.4782,501.2073,9.1188
115.3391,500.6037,11.7330
133.7355,580.4490,11.5055
138.5795,601.4736,10.4264
144.7786,628.3795,11.7504
148.3181,643.7419,8.0338
159.8034,693.5912,7.8690
164.5655,714.2601,12.1741
168.5803,731.6854,10.0429
162.7002,706.1640,6.8469
174.3024,756.5206,9.3086
175.9851,763.8243,6.8352
176.8716,767.6721,7.8245
166.8683,724.2546,7.4769
175.5154,761.7854,10.8464
173.5169,753.1116,7.8772
172.4308,748.3975,7.9437
160.7603,697.7444,7.1605
165.4966,718.3014,6.7686
160.8943,698.3260,9.2774
154.0446,668.5962,4.0679
149.0983,647.1279,6.2147
140.3109,608.9884,7.5129
131.0748,568.9009,7.1619
125.7654,545.8568,7.2478
118.8197,515.7105,7.0321
109.6778,476.0321,3.8583
100.0236,434.1302,6.3245
82.9323,359.9493,3.5363
78.5625,340.9830,4.9633
68.4105,296.9205,5.2588
57.1397,248.0022,6.6827
43.2763,187.8312,4.3197
33.6022,145.8427,6.6339
21.7769,94.5177,4.0163
9.1895,39.8848,5.7551
0.0000,0.0000,5.7035
0.0000,0.0000,4.9079
0.0000,0.0000,4.4978
0.0000,0.0000,8.0503
0.0000,0.0000,6.9401
0.0000,0.0000,4.8859
0.0000,0.0000,5.6818
0.0000,0.0000,5.5722
0.0000,0.0000,8.0217
0.0000,0.0000,7.8335
0.0000,0.0000,9.2774
0.0000,0.0000,8.2684
0.0000,0.0000,9.5876
0.0000,0.0000,8.8581
0.0000,0.0000,12.9263
0.0000,0.0000,12.6503
0.0000,0.0000,10.5207
0.0000,0.0000,11.3193
0.0000,0.0000,10.4832
0.0000,0.0000,8.9908
0.0000,0.0000,11.9010
0.0000,0.0000,12.0753
0.0000,0.0000,10.4019
0.0000,0.0000,13.0178
0.0000,0.0000,14.4204
0.0000,0.0000,15.9539
0.0000,0.0000,15.5914
0.0000,0.0000,14.2356
0.0000,0.0000,16.4493
0.0000,0.0000,14.6933
0.0000,0.0000,11.9670
0.0000,0.0000,16.8159
0.0000,0.0000,17.3885
0.0000,0.0000,16.2475
0.0000,0.0000,17.1665
0.0000,0.0000,15.1674
0.0000,0.0000,12.3395
0.0000,0.0000,13.0773
0.0000,0.0000,15.0126
0.0000,0.0000,16.3958
0.0000,0.0000,14.2860
0.0000,0.0000,17.6968
0.0000,0.0000,13.4737
0.0000,0.0000,13.3945
0.0000,0.0000,13.5351
0.0000,0.0000,16.2614
0.0000,0.0000,16.9542
0.0000,0.0000,18.1556
0.0000,0.0000,18.8427
0.0000,0.0000,16.2784
7.0618,30.6502,15.1028
17.6214,76.4818,17.4195
31.2114,135.4662,13.6483
42.6173,184.9710,15.4526
54.6658,237.2648,15.0165
66.0028,286.4704,15.9896
77.0145,334.2642,12.0238
84.3741,366.2071,11.7073
97.0289,421.1326,12.9039
106.7823,463.4650,11.1739
116.0325,503.6133,13.7476
124.7398,541.4055,12.5439
132.8670,576.6797,11.0308
139.3352,604.7536,12.1266
135.6576,588.7917,9.6413
153.4330,665.9419,10.2143
158.9186,689.7510,10.3540
163.6778,710.4070,10.4914
154.6703,671.3123,8.5885
170.9383,741.9196,8.1819
173.4085,752.6412,7.8677
166.2152,721.4200,7.7819
175.9762,763.7856,7.9759
163.0948,707.8767,7.4293
170.2468,738.9185,8.0100
173.8388,754.5089,9.4348
171.5381,744.5231,7.7393
168.4569,731.1497,5.9602
164.4507,713.7618,7.6056
160.0089,694.4830,8.0294
152.5344,662.0416,3.4507
136.3289,591.7055,5.2431
136.4217,592.1080,5.6728
133.1561,577.9346,5.9957
124.4867,540.3069,2.3382
117.9606,511.9816,6.9783
104.9562,455.5392,5.2354
99.1762,430.4523,7.8901
89.0574,386.5338,2.7692
78.5112,340.7605,5.4333
64.1060,278.2378,3.4346
56.3192,244.4408,7.4118
42.8630,186.0375,5.6722
31.9649,138.7368,7.0197
20.2375,87.8364,3.6745
8.8972,38.6162,4.4791
0.0000,0.0000,4.6382
0.0000,0.0000,3.8015
0.0000,0.0000,6.7055
0.0000,0.0000,8.3726
0.0000,0.0000,7.3327
0.0000,0.0000,9.0783
0.0000,0.0000,7.1256
0.0000,0.0000,5.7374
0.0000,0.0000,7.1840
0.0000,0.0000,9.1070
0.0000,0.0000,8.3158
0.0000,0.0000,7.9579
0.0000,0.0000,7.7729
0.0000,0.0000,6.9566
0.0000,0.0000,10.7640
0.0000,0.0000,8.5471
0.0000,0.0000,12.4394
0.0000,0.0000,9.1839
0.0000,0.0000,12.3600
0.0000,0.0000,9.6836
0.0000,0.0000,9.3503
0.0000,0.0000,11.0448
0.0000,0.0000,12.1351
0.0000,0.0000,15.2420
0.0000,0.0000,11.0755
0.0000,0.0000,15.6950
0.0000,0.0000,14.7533
0.0000,0.0000,13.1228
0.0000,0.0000,15.0805
0.0000,0.0000,14.8428
0.0000,0.0000,12.3427
0.0000,0.0000,16.0264
0.0000,0.0000,14.0676
0.0000,0.0000,15.3182
0.0000,0.0000,14.4543
0.0000,0.0000,15.3756
0.0000,0.0000,14.8959
0.0000,0.0000,15.2540
0.0000,0.0000,14.2806
0.0000,0.0000,15.7324
0.0000,0.0000,16.0861
0.0000,0.0000,12.3000
0.0000,0.0000,17.5184
0.0000,0.0000,16.3842
0.0000,0.0000,15.0777
0.0000,0.0000,15.4786
0.0000,0.0000,17.9051
0.0000,0.0000,14.5089
0.0000,0.0000,15.2595
0.0000,0.0000,14.3792
6.2744,27.2328,16.2581
18.3801,79.7746,10.7119
28.1067,121.9907,14.6686
41.8667,181.7130,15.9724
49.6220,215.3733,14.7847
64.9736,282.0036,16.1803
76.1815,330.6488,12.5356
83.8846,364.0826,14.9400
93.2458,404.7127,10.9226
98.8087,428.8574,12.5175
112.4088,487.8853,12.6390
122.5564,531.9288,9.0720
131.9958,572.8986,12.2312
139.5030,605.4819,10.1111
146.3636,635.2585,9.6088
152.5481,662.1010,9.9778
158.0300,685.8942,9.7200
156.2495,678.1663,12.7543
161.3553,700.3267,7.7578
164.6575,714.6594,8.0261
172.5102,748.7421,7.2158
172.8256,750.1110,9.4117
175.0761,759.8791,7.0348
175.1625,760.2540,6.8420
174.4495,757.1594,8.3015
171.1402,742.7960,8.1392
170.6411,740.6295,9.0083
167.5545,727.2333,3.0060
163.7159,710.5724,6.1166
159.1195,690.6229,6.3117
153.7925,667.5022,3.6508
147.7576,641.3091,7.5670
136.5969,592.8684,5.4816
133.6706,580.1674,5.3740
116.7419,506.6922,5.5510
117.0994,508.2439,9.0187
102.9875,446.9943,6.1146
95.5844,414.8627,4.3181
82.2007,356.7739,3.1362
75.4411,327.4352,5.3418
66.7555,289.7373,4.0239
55.4993,240.8824,5.4231
43.0519,186.8571,4.6259
29.3333,127.3146,2.5312
18.2059,79.0188,2.4741
8.0897,35.1114,5.7197
0.0000,0.0000,7.6695
0.0000,0.0000,3.6999
0.0000,0.0000,5.2969
0.0000,0.0000,7.7334
0.0000,0.0000,7.7851
0.0000,0.0000,5.6104
0.0000,0.0000,5.9611
0.0000,0.0000,7.2617
0.0000,0.0000,8.6202
0.0000,0.0000,5.3156
0.0000,0.0000,6.9391
0.0000,0.0000,10.0985
0.0000,0.0000,11.3205
0.0000,0.0000,10.2729
0.0000,0.0000,9.0559
0.0000,0.0000,9.8489
0.0000,0.0000,8.3564
0.0000,0.0000,10.6268
0.0000,0.0000,11.4032
0.0000,0.0000,11.0540
0.0000,0.0000,12.5719
0.0000,0.0000,8.0168
0.0000,0.0000,12.4064
0.0000,0.0000,12.6916
0.0000,0.0000,8.6843
0.0000,0.0000,9.8265
0.0000,0.0000,14.4509
0.0000,0.0000,13.5157
0.0000,0.0000,15.3736
0.0000,0.0000,12.7079
0.0000,0.0000,13.0797
0.0000,0.0000,14.7820
0.0000,0.0000,15.6067
0.0000,0.0000,12.6982
0.0000,0.0000,16.5628
0.0000,0.0000,15.6309
0.0000,0.0000,14.3241
0.0000,0.0000,13.1311
0.0000,0.0000,14.8636
0.0000,0.0000,15.7474
0.0000,0.0000,15.7565
0.0000,0.0000,14.1191
0.0000,0.0000,15.8043
0.0000,0.0000,14.0555
0.0000,0.0000,13.7738
0.0000,0.0000,14.9714
0.0000,0.0000,11.4230
0.0000,0.0000,14.5277
0.0000,0.0000,13.5205
0.0000,0.0000,14.8799
4.8887,21.2183,13.2807
17.3895,75.4753,13.3889
29.6046,128.4921,12.2501
41.4299,179.8175,14.1410
53.0286,230.1589,12.8699
61.5346,267.0771,11.9994
75.3483,327.0326,14.5023
83.6508,363.0679,14.6353
95.3339,413.7756,12.3511
100.9438,438.1239,12.0019
107.2259,465.3903,13.2121
123.0064,533.8820,13.2851
131.1223,569.1074,10.7879
136.7115,593.3658,8.8270
135.0118,585.9887,8.8614
151.6599,658.2461,8.4798
150.3878,652.7250,8.4128
150.8403,654.6890,6.4021
158.6584,688.6213,8.2006
169.1409,734.1186,11.2862
167.3861,726.5022,9.1307
171.4359,744.0796,7.6988
168.2365,730.1931,5.0818
174.2582,756.3290,6.1833
161.3912,700.4824,7.5285
172.0375,746.6904,7.5451
169.7400,736.7186,5.6109
158.3277,687.1860,6.5448
162.8197,706.6829,7.3596
155.5298,675.0424,4.4594
142.5459,618.6887,5.7538
146.1847,634.4822,6.1464
140.1608,608.3367,4.6192
119.7581,519.7834,5.0328
123.0279,533.9753,6.5565
111.2897,483.0283,4.4253
99.6615,432.5587,5.0703
97.4782,423.0824,4.9460
87.0301,377.7348,5.8254
76.8418,333.5147,2.7755
65.0558,282.3605,5.9050
54.0064,234.4030,4.2371
40.1008,174.0488,4.0978
31.3733,136.1690,3.9126
18.3565,79.6721,3.9052
7.3278,31.8047,7.0994
0.0000,0.0000,5.7462
0.0000,0.0000,5.7233
0.0000,0.0000,4.4650
0.0000,0.0000,5.1917
0.0000,0.0000,4.4560
0.0000,0.0000,4.1992
0.0000,0.0000,5.9167
0.0000,0.0000,6.1419
0.0000,0.0000,9.6655
0.0000,0.0000,7.9728
0.0000,0.0000,7.3261
0.0000,0.0000,8.2471
0.0000,0.0000,9.5631
0.0000,0.0000,9.8219
0.0000,0.0000,7.6673
0.0000,0.0000,8.5109
0.0000,0.0000,7.5261
0.0000,0.0000,8.6989
0.0000,0.0000,9.1970
0.0000,0.0000,10.1703
0.0000,0.0000,11.4174
0.0000,0.0000,11.0603
0.0000,0.0000,10.0278
0.0000,0.0000,9.5280
0.0000,0.0000,12.1081
0.0000,0.0000,12.1514
0.0000,0.0000,15.6316
0.0000,0.0000,14.0923
0.0000,0.0000,13.4193
0.0000,0.0000,11.1063
0.0000,0.0000,13.9169
0.0000,0.0000,13.6324
0.0000,0.0000,13.6400
0.0000,0.0000,12.9351
0.0000,0.0000,14.7970
0.0000,0.0000,14.6540
0.0000,0.0000,13.2097
0.0000,0.0000,13.3161
0.0000,0.0000,14.6193
0.0000,0.0000,16.5477
0.0000,0.0000,15.4392
0.0000,0.0000,16.2652
0.0000,0.0000,14.1893
0.0000,0.0000,13.7105
0.0000,0.0000,13.0995
0.0000,0.0000,14.3175
0.0000,0.0000,14.2465
0.0000,0.0000,13.8908
0.0000,0.0000,13.3251
0.0000,0.0000,17.2010
4.7087,20.4370,13.4335
16.1710,70.1868,12.6583
28.8042,125.0184,13.4051
39.6240,171.9790,12.8568
52.2115,226.6125,13.2064
63.5257,275.7192,14.0083
66.0518,286.6832,14.5907
84.2926,365.8531,13.0988
88.4038,383.6969,9.9801
98.8863,429.1939,12.6063
109.7730,476.4454,11.4080
114.6242,497.5007,7.9790
122.1500,530.1649,9.8049
121.3299,526.6055,10.4873
144.5935,627.5760,9.1672
135.2698,587.1084,10.6526
156.2428,678.1371,9.1307
160.3881,696.1288,8.7531
155.7214,675.8741,6.6722
164.9622,715.9818,8.9692
170.7017,740.8926,10.2249
161.0085,698.8216,6.3304
172.3033,747.8442,9.2613
173.3501,752.3876,9.5560
172.6382,749.2975,5.9375
162.9224,707.1284,8.1635
168.8353,732.7920,7.7792
159.2202,691.0598,5.4644
155.2172,673.6857,4.9377
154.3036,669.7205,5.3548
144.6584,627.8577,4.1499
143.8707,624.4387,3.9066
137.1415,595.2323,5.0173
122.8946,533.3967,3.5593
123.9391,537.9301,4.6722
110.9168,481.4099,6.2969
106.2558,461.1795,4.3834
81.4351,353.4509,5.1997
85.4054,370.6832,5.3197
74.9942,325.4955,5.8432
64.3744,279.4027,5.4392
53.6842,233.0043,2.6815
40.1287,174.1695,3.7246
27.3882,118.8724,2.9385
18.1597,78.8181,3.5677
6.0800,26.3888,3.0755
0.0000,0.0000,4.7123
0.0000,0.0000,4.6785
0.0000,0.0000,5.1927
0.0000,0.0000,5.4741
0.0000,0.0000,8.0631
0.0000,0.0000,6.1784
0.0000,0.0000,4.9365
0.0000,0.0000,9.4470
0.0000,0.0000,7.6933
0.0000,0.0000,8.8864
0.0000,0.0000,8.7070
0.0000,0.0000,6.6771
0.0000,0.0000,6.9033
0.0000,0.0000,5.3936
0.0000,0.0000,9.5452
0.0000,0.0000,9.5090
0.0000,0.0000,8.6697
0.0000,0.0000,8.5896
0.0000,0.0000,9.9291
0.0000,0.0000,9.7212
0.0000,0.0000,9.8366
0.0000,0.0000,11.0956
0.0000,0.0000,11.6970
0.0000,0.0000,10.9197
0.0000,0.0000,12.1100
0.0000,0.0000,12.8393
0.0000,0.0000,12.3385
0.0000,0.0000,12.4484
0.0000,0.0000,11.6409
0.0000,0.0000,12.7766
0.0000,0.0000,13.6064
0.0000,0.0000,12.0869
0.0000,0.0000,14.3221
0.0000,0.0000,13.4584
0.0000,0.0000,11.8328
0.0000,0.0000,14.5778
0.0000,0.0000,13.6151
0.0000,0.0000,15.7231
0.0000,0.0000,13.8091
0.0000,0.0000,13.8410
0.0000,0.0000,13.4614
0.0000,0.0000,14.4602
0.0000,0.0000,13.9213
0.0000,0.0000,13.9508
0.0000,0.0000,16.9760
0.0000,0.0000,14.4108
0.0000,0.0000,18.2038
0.0000,0.0000,14.4838
0.0000,0.0000,14.9253
0.0000,0.0000,15.1109
3.9309,17.0610,13.3936
16.0106,69.4904,12.3044
28.0063,121.5551,10.3238
37.5427,162.9459,13.3494
51.3959,223.0723,14.2616
60.1486,261.0617,10.8927
73.6827,319.8035,13.8376
79.8425,346.5385,12.8943
93.6372,406.4114,9.9522
103.3619,448.6194,11.0738
103.9912,451.3506,11.3459
116.8730,507.2615,7.1471
125.0851,542.9041,9.5833
128.7951,559.0065,11.6382
143.7051,623.7198,12.8690
149.8755,650.5013,5.7388
155.3450,674.2405,7.1731
146.0330,633.8236,11.5394
154.9508,672.5295,7.2960
162.9330,707.1747,7.7021
168.6561,732.0143,7.4769
171.4691,744.2234,7.7251
169.1196,734.0261,5.8240
166.8256,724.0695,3.4754
170.7518,741.1102,6.2665
160.6182,697.1276,8.0701
155.0343,672.8920,4.8295
163.8106,710.9835,5.5128
142.9414,620.4053,3.9329
156.4321,678.9586,1.8772
145.4492,631.2899,5.8942
145.0959,629.7567,2.9841
136.1475,590.9179,6.7055
129.2851,561.1333,6.2920
123.0671,534.1456,6.9427
103.4973,449.2071,4.4636
105.3980,457.4564,2.1070
95.7782,415.7038,5.6170
81.7646,354.8811,5.6733
69.3288,300.9064,2.8314
61.7625,268.0664,6.2988
53.0470,230.2388,6.1876
41.5301,180.2522,5.0322
28.1481,122.1708,4.0070
17.4501,75.7382,3.4110
5.3078,23.0373,2.6479
0.0000,0.0000,3.6373
0.0000,0.0000,7.2642
0.0000,0.0000,4.7351
0.0000,0.0000,4.4042
0.0000,0.0000,6.3363
0.0000,0.0000,4.0428
0.0000,0.0000,7.0045
0.0000,0.0000,5.9403
0.0000,0.0000,7.7919
0.0000,0.0000,6.4192
0.0000,0.0000,5.4102
0.0000,0.0000,6.3527
0.0000,0.0000,8.4418
0.0000,0.0000,6.4501
0.0000,0.0000,8.3074
0.0000,0.0000,7.1274
0.0000,0.0000,6.6519
0.0000,0.0000,7.1498
0.0000,0.0000,8.6835
0.0000,0.0000,10.6549
0.0000,0.0000,9.1340
0.0000,0.0000,9.4728
0.0000,0.0000,10.0916
0.0000,0.0000,10.6662
0.0000,0.0000,12.5318
0.0000,0.0000,7.9295
0.0000,0.0000,11.5336
0.0000,0.0000,11.6978
0.0000,0.0000,12.1686
0.0000,0.0000,12.0154
0.0000,0.0000,13.7508
0.0000,0.0000,11.4337
0.0000,0.0000,13.6991
0.0000,0.0000,11.7661
0.0000,0.0000,13.8454
0.0000,0.0000,10.8630
0.0000,0.0000,12.8174
0.0000,0.0000,12.8951
0.0000,0.0000,14.0565
0.0000,0.0000,16.2283
0.0000,0.0000,10.9664
0.0000,0.0000,12.8244
0.0000,0.0000,14.4016
0.0000,0.0000,16.8512
0.0000,0.0000,15.2454
0.0000,0.0000,14.3387
0.0000,0.0000,13.5855
0.0000,0.0000,15.1700
0.0000,0.0000,13.4742
0.0000,0.0000,14.7228
3.1363,13.6125,11.2355
15.2004,65.9740,14.8814
26.4732,114.9012,14.1395
38.9648,169.1179,11.9689
47.0018,204.0009,14.5657
60.1684,261.1477,12.9345
70.3931,305.5254,10.7195
82.4313,357.7748,12.8184
87.1408,378.2151,12.3872
88.8884,385.8001,9.6026
104.9374,455.4576,10.4310
115.3624,500.7047,8.4108
120.8898,524.6953,11.0315
135.9756,590.1721,8.5031
142.8148,619.8561,10.7510
146.7169,636.7923,9.0943
130.5317,566.5439,8.7266
152.4231,661.5587,6.8553
158.0901,686.1550,9.6577
164.3885,713.4919,7.1663
164.6444,714.6025,9.4206
163.0432,707.6526,5.9175
168.7896,732.5939,4.2614
171.1593,742.8789,5.1589
169.4536,735.4758,3.3259
161.8298,702.3861,8.4745
155.7973,676.2034,2.7248
163.9472,711.5765,4.3039
160.1132,694.9357,6.0196
147.1101,638.4988,4.3908
139.9503,607.4232,6.0743
143.2168,621.6007,3.3410
132.9910,577.2178,4.4595
122.6945,532.5283,3.1747
122.1943,530.3572,4.5279
113.6417,493.2363,3.0025
101.2745,439.5594,2.0463
93.7302,406.8153,4.8389
84.8477,368.2624,5.8933
68.5813,297.6619,2.5393
62.6813,272.0544,3.6584
52.2331,226.7061,1.1712
33.5968,145.8194,4.6031
27.9221,121.1899,4.8966
17.0370,73.9451,7.6944
4.9977,21.6914,3.2428
0.0000,0.0000,5.9243
0.0000,0.0000,4.2634
0.0000,0.0000,2.7873
0.0000,0.0000,5.9040
0.0000,0.0000,5.2517
0.0000,0.0000,4.5282
0.0000,0.0000,6.9348
0.0000,0.0000,5.2973
0.0000,0.0000,4.8103
0.0000,0.0000,6.2197
0.0000,0.0000,5.4424
0.0000,0.0000,6.6283
0.0000,0.0000,6.3997
0.0000,0.0000,7.7028
0.0000,0.0000,5.5491
0.0000,0.0000,5.6222
0.0000,0.0000,9.3476
0.0000,0.0000,11.1775
0.0000,0.0000,8.9840
0.0000,0.0000,8.4326
0.0000,0.0000,9.0918
0.0000,0.0000,7.5509
0.0000,0.0000,8.4488
0.0000,0.0000,11.6165
0.0000,0.0000,10.6694
0.0000,0.0000,12.4813
0.0000,0.0000,13.9815
0.0000,0.0000,12.0868
0.0000,0.0000,9.2025
0.0000,0.0000,13.5784
0.0000,0.0000,11.7401
0.0000,0.0000,12.6404
0.0000,0.0000,11.4675
0.0000,0.0000,12.8804
0.0000,0.0000,11.1619
0.0000,0.0000,14.9152
0.0000,0.0000,14.0957
0.0000,0.0000,14.4675
0.0000,0.0000,13.0745
0.0000,0.0000,12.5051
0.0000,0.0000,15.0623
0.0000,0.0000,15.7639
0.0000,0.0000,14.7839
0.0000,0.0000,14.7713
0.0000,0.0000,12.7611
0.0000,0.0000,14.2195
0.0000,0.0000,14.4671
0.0000,0.0000,11.1932
0.0000,0.0000,12.6451
0.0000,0.0000,11.2549
2.3402,10.1572,12.7239
14.4465,62.7020,11.1873
23.8564,103.5435,12.3326
38.1041,165.3822,13.2368
49.7701,216.0160,12.3424
61.0572,265.0050,11.0840
68.1678,295.8671,12.4647
77.7154,337.3065,7.9298
91.6804,397.9183,10.6636
101.6497,441.1877,13.6127
110.2575,478.5480,10.4575
110.6820,480.3905,10.5930
127.3972,552.9392,8.6894
134.4484,583.5436,8.5478
141.9233,615.9865,8.6188
135.4460,587.8733,8.0419
153.5432,666.4202,9.3516
149.3370,648.1640,7.1861
153.8747,667.8588,9.0673
145.8778,633.1501,6.7449
152.9874,664.0079,7.0978
168.8354,732.7925,6.4583
156.6955,680.1021,4.0148
163.9950,711.7840,3.4033
163.5357,709.7904,7.7629
168.3939,730.8765,5.0494
166.0696,720.7883,6.9510
161.7188,701.9044,6.3817
156.0720,677.3957,2.4532
154.6284,671.1301,2.0005
143.3291,622.0880,2.2304
127.5244,553.4914,5.1121
136.6217,592.9760,3.9676
118.7382,515.3568,4.1915
121.3209,526.5666,4.7520
112.0765,486.4432,4.1814
101.3326,439.8118,4.2847
87.6744,380.5311,3.8059
81.3683,353.1612,2.9038
73.5102,319.0546,4.7341
58.6773,254.6757,2.2371
48.9302,212.3707,2.6230
39.9243,173.2828,5.8953
26.7149,115.9499,2.1698
15.5953,67.6878,2.1407
4.2313,18.3650,2.3328
0.0000,0.0000,2.2167
0.0000,0.0000,7.7180
0.0000,0.0000,3.8315
0.0000,0.0000,7.7928
0.0000,0.0000,3.9970
0.0000,0.0000,6.2702
0.0000,0.0000,3.4272
0.0000,0.0000,6.1422
0.0000,0.0000,7.3038
0.0000,0.0000,5.5738
0.0000,0.0000,7.0614
0.0000,0.0000,6.6667
0.0000,0.0000,5.5871
0.0000,0.0000,6.3145
0.0000,0.0000,7.8830
0.0000,0.0000,5.8450
0.0000,0.0000,7.5381
0.0000,0.0000,6.2736
0.0000,0.0000,9.7817
0.0000,0.0000,9.2529
0.0000,0.0000,10.1282
0.0000,0.0000,10.7385
0.0000,0.0000,9.4928
0.0000,0.0000,8.8852
0.0000,0.0000,7.7581
0.0000,0.0000,10.6957
0.0000,0.0000,12.6945
0.0000,0.0000,11.8682
0.0000,0.0000,9.0760
0.0000,0.0000,13.0372
0.0000,0.0000,11.8292
0.0000,0.0000,12.9294
0.0000,0.0000,12.7211
0.0000,0.0000,11.1005
0.0000,0.0000,13.1028
0.0000,0.0000,12.2649
0.0000,0.0000,14.1544
0.0000,0.0000,15.0537
0.0000,0.0000,17.7531
0.0000,0.0000,13.0057
0.0000,0.0000,12.1035
0.0000,0.0000,12.6398
0.0000,0.0000,13.8873
0.0000,0.0000,12.0724
0.0000,0.0000,14.5717
0.0000,0.0000,12.5153
0.0000,0.0000,14.3114
0.0000,0.0000,12.0858
0.0000,0.0000,15.8886
0.0000,0.0000,11.9964
1.4550,6.3151,14.1779
13.6700,59.3317,10.4597
24.7153,107.2714,11.0898
34.2738,148.7579,12.2254
48.9606,212.5026,13.0559
59.6511,258.9025,12.3630
66.5874,289.0079,10.4748
80.9373,351.2905,11.1945
85.3952,370.6388,10.6636
92.7546,402.5807,9.9817
109.5848,475.6286,9.9828
109.9923,477.3972,11.4262
123.8444,537.5192,9.9608
127.2637,552.3596,6.1631
141.0308,612.1130,7.7669
131.6468,571.3835,9.3146
137.3970,596.3409,9.4644
157.3727,683.0410,7.3965
161.3625,700.3583,7.7300
163.8191,711.0203,6.4789
161.1373,699.3808,6.7356
160.9625,698.6221,6.9545
166.4786,722.5632,2.9476
164.4172,713.6162,5.4081
166.8657,724.2433,4.5220
167.4771,726.8970,3.8366
159.1692,690.8387,4.5523
154.6955,671.4214,7.0747
156.2728,678.2672,4.4959
153.3679,665.6592,3.1814
137.6875,597.6019,3.6935
142.4180,618.1339,2.3857
133.9580,581.4150,3.8776
121.1384,525.7743,5.6787
119.8760,520.2952,3.0729
103.3530,448.5806,3.4287
102.3595,444.2688,3.8019
93.2306,404.6465,3.0541
75.7351,328.7113,2.4864
72.6807,315.4546,3.7341
56.9027,246.9735,4.3043
43.3246,188.0406,0.5412
36.4677,158.2799,1.6344
27.1518,117.8462,5.4137
15.4130,66.8969,1.8231
3.4090,14.7960,3.2568
0.0000,0.0000,4.3835
0.0000,0.0000,7.3064
0.0000,0.0000,4.2009
0.0000,0.0000,2.0846
0.0000,0.0000,4.2145
0.0000,0.0000,2.8660
0.0000,0.0000,6.3141
0.0000,0.0000,2.7770
0.0000,0.0000,6.1950
0.0000,0.0000,7.1659
0.0000,0.0000,6.7411
0.0000,0.0000,6.5331
0.0000,0.0000,5.3087
0.0000,0.0000,5.7545
0.0000,0.0000,6.7339
0.0000,0.0000,7.5234
0.0000,0.0000,4.6039
0.0000,0.0000,9.5049
0.0000,0.0000,10.0085
0.0000,0.0000,7.3495
0.0000,0.0000,8.0779
0.0000,0.0000,10.6213
0.0000,0.0000,7.7650
0.0000,0.0000,11.2413
0.0000,0.0000,10.3164
0.0000,0.0000,12.4496
0.0000,0.0000,10.2093
0.0000,0.0000,12.8531
0.0000,0.0000,10.8623
0.0000,0.0000,10.6271
0.0000,0.0000,11.2744
0.0000,0.0000,11.3637
0.0000,0.0000,12.1773
0.0000,0.0000,11.5848
0.0000,0.0000,13.2527
0.0000,0.0000,13.0658
0.0000,0.0000,11.7583
0.0000,0.0000,13.1066
0.0000,0.0000,12.1161
0.0000,0.0000,13.0930
0.0000,0.0000,12.1086
0.0000,0.0000,13.0799
0.0000,0.0000,12.8995
0.0000,0.0000,13.0596
0.0000,0.0000,13.2234
0.0000,0.0000,15.0638
0.0000,0.0000,13.4829
0.0000,0.0000,12.1399
0.0000,0.0000,15.1353
0.0000,0.0000,11.7420
0.8049,3.4936,14.0902
12.8976,55.9790,11.0639
22.9263,99.5067,14.0244
33.7250,146.3758,13.3466
47.9771,208.2340,11.4649
55.3967,240.4373,13.1724
64.9169,281.7574,11.1875
80.1020,347.6651,9.9688
90.2502,391.7111,11.7712
99.9137,433.6533,7.8968
98.6132,428.0085,10.9595
117.7802,511.1988,8.1698
117.1513,508.4690,8.2602
127.3516,552.7411,7.8198
139.0688,603.5974,8.9646
133.2477,578.3319,10.3717
129.2989,561.1932,6.8066
146.2719,634.8607,8.7618
160.4501,696.3978,6.5938
155.8970,676.6364,6.8313
156.1610,677.7820,3.0240
167.8019,728.3069,6.8394
168.6821,732.1272,3.8773
154.5733,670.8913,8.8110
168.0592,729.4235,4.0099
166.5587,722.9110,5.1613
164.2730,712.9905,1.7285
154.0624,668.6737,5.8070
157.3884,683.1095,1.4333
152.8190,663.2770,2.1972
141.2774,613.1830,4.2940
132.6050,575.5424,4.0002
131.7961,572.0318,5.4748
116.0913,503.8684,4.2635
116.9594,507.6363,5.0696
110.1397,478.0370,0.6024
99.8850,433.5285,3.8768
92.3835,400.9700,0.5254
77.0161,334.2711,0.9439
65.7825,285.5143,4.8965
56.9308,247.0956,4.1024
41.8085,181.4605,1.8233
37.4897,162.7156,2.9490
25.7087,111.5828,1.2942
14.7127,63.8572,2.3069
2.7085,11.7554,1.3884
0.0000,0.0000,5.6389
0.0000,0.0000,4.8270
0.0000,0.0000,3.7714
0.0000,0.0000,4.5673
0.0000,0.0000,3.6019
0.0000,0.0000,5.6165
0.0000,0.0000,3.4183
0.0000,0.0000,4.5889
0.0000,0.0000,5.4631
0.0000,0.0000,6.8474
0.0000,0.0000,6.2022
0.0000,0.0000,7.6829
0.0000,0.0000,6.3504
0.0000,0.0000,7.1736
0.0000,0.0000,8.8783
0.0000,0.0000,7.1884
0.0000,0.0000,7.1116
0.0000,0.0000,8.1441
0.0000,0.0000,8.0078
0.0000,0.0000,10.7240
0.0000,0.0000,8.2572
0.0000,0.0000,8.8271
0.0000,0.0000,8.7081
0.0000,0.0000,10.7303
0.0000,0.0000,11.1398
0.0000,0.0000,9.6586
0.0000,0.0000,9.7203
0.0000,0.0000,12.6329
0.0000,0.0000,11.3325
0.0000,0.0000,9.1819
0.0000,0.0000,13.9590
0.0000,0.0000,11.2185
0.0000,0.0000,10.7547
0.0000,0.0000,13.5441
0.0000,0.0000,12.2082
0.0000,0.0000,13.0158
0.0000,0.0000,10.0985
0.0000,0.0000,14.5109
0.0000,0.0000,14.4463
0.0000,0.0000,11.3389
0.0000,0.0000,12.9921
0.0000,0.0000,13.7763
0.0000,0.0000,11.8358
0.0000,0.0000,11.0042
0.0000,0.0000,14.0408
0.0000,0.0000,11.0066
0.0000,0.0000,14.8790
0.0000,0.0000,14.6686
0.0000,0.0000,10.9094
0.0000,0.0000,12.0003
0.1028,0.4463,14.0116
11.7208,50.8715,11.7542
24.0633,104.4413,13.4812
33.6605,146.0961,12.7744
47.3500,205.5121,9.8999
58.4337,253.6187,10.3344
66.1267,287.0085,11.5965
78.7331,341.7233,8.9105
87.7413,380.8215,11.2441
99.0870,430.0651,8.8118
107.0620,464.6788,5.9882
111.6212,484.4671,10.8721
114.8453,498.4604,7.2306
132.4313,574.7885,4.3531
139.2448,604.3611,9.9852
140.0981,608.0645,8.2103
134.3610,583.1641,5.5617
153.1290,664.6225,6.2909
159.5367,692.4337,6.8526
162.7605,706.4259,4.9715
155.2312,673.7464,5.5396
166.8813,724.3110,3.9465
167.7606,728.1275,5.7234
164.7948,715.2553,5.1787
155.9654,676.9330,3.8698
165.6393,718.9205,5.8038
162.8438,706.7874,2.0237
153.3390,665.5338,3.9443
150.1642,651.7542,4.9032
151.9133,659.3460,3.5890
142.3092,617.6616,3.1836
131.6817,571.5352,1.7946
133.9584,581.4167,3.2019
114.5837,497.3250,3.5477
118.7017,515.1983,4.7334
97.8857,424.8511,0.5646
92.0865,399.6808,3.3031
89.1488,386.9308,0.7071
80.4966,349.3775,0.8116
65.0149,282.1827,1.5547
57.5067,249.5949,1.3570
49.0033,212.6878,1.9593
34.6052,150.1963,0.2017
25.8393,112.1499,-0.2432
13.8101,59.9397,3.1562
1.8976,8.2361,4.2270
0.0000,0.0000,5.3048
0.0000,0.0000,4.4734
0.0000,0.0000,2.5273
0.0000,0.0000,5.2754
0.0000,0.0000,3.6527
0.0000,0.0000,7.4902
0.0000,0.0000,4.2367
0.0000,0.0000,4.5877
0.0000,0.0000,6.9070
0.0000,0.0000,5.6590
0.0000,0.0000,4.3366
0.0000,0.0000,5.9379
0.0000,0.0000,6.2963
0.0000,0.0000,3.7795
0.0000,0.0000,5.3361
0.0000,0.0000,8.1840
0.0000,0.0000,7.5066
0.0000,0.0000,9.1127
0.0000,0.0000,8.5901
0.0000,0.0000,5.3322
0.0000,0.0000,8.1731
0.0000,0.0000,9.6740
0.0000,0.0000,7.9459
0.0000,0.0000,11.0529
0.0000,0.0000,7.1174
0.0000,0.0000,9.2233
0.0000,0.0000,11.0347
0.0000,0.0000,11.4960
0.0000,0.0000,9.1316
0.0000,0.0000,8.0755
0.0000,0.0000,8.3904
0.0000,0.0000,13.9426
0.0000,0.0000,8.9533
0.0000,0.0000,12.2218
0.0000,0.0000,10.6314
0.0000,0.0000,10.4295
0.0000,0.0000,13.5184
0.0000,0.0000,10.0900
0.0000,0.0000,11.4854
0.0000,0.0000,13.4502
0.0000,0.0000,15.6647
0.0000,0.0000,11.4507
0.0000,0.0000,14.7709
0.0000,0.0000,10.3424
0.0000,0.0000,15.5309
0.0000,0.0000,14.5677
0.0000,0.0000,10.0160
0.0000,0.0000,12.5517
0.0000,0.0000,10.9501
0.0000,0.0000,10.8499
0.0000,0.0000,10.2587
11.1874,48.5564,11.3418
23.2860,101.0678,9.4679
33.1245,143.7697,10.9446
46.5495,202.0378,10.2859
57.7942,250.8428,9.8991
63.1202,273.9591,8.9363
70.3848,305.4897,7.7991
86.9707,377.4770,7.9002
88.9090,385.8896,8.4296
107.4069,466.1759,11.7204
114.2881,496.0422,9.0016
120.6998,523.8707,6.8801
130.8674,568.0007,9.9721
121.3999,526.9093,6.1710
143.2062,621.5546,8.5147
149.9266,650.7230,7.7270
147.2597,639.1481,6.9610
158.6230,688.4680,4.1886
143.0313,620.7957,4.5659
151.8352,659.0068,5.5736
165.3039,717.4647,5.2976
166.8384,724.1249,5.5537
166.9241,724.4968,6.4576
166.2167,721.4266,5.0122
148.5340,644.6790,3.0602
162.4382,705.0270,3.4128
148.5263,644.6453,4.7805
146.0616,633.9478,1.8134
149.7272,649.8578,2.1776
145.4384,631.2432,4.8275
132.6279,575.6419,1.6670
125.1387,543.1368,-0.0961
108.7458,471.9871,4.3525
115.3058,500.4591,-0.0003
108.1565,469.4294,4.1568
89.9180,390.2691,3.2282
84.1188,365.0990,3.7324
74.1198,321.7003,0.4411
70.2063,304.7148,2.9812
56.8691,246.8278,3.4756
44.6405,193.7521,0.7554
36.7517,159.5126,1.7460
25.0639,108.7843,3.6118
12.2960,53.3682,4.3595
1.2011,5.2130,0.5869
0.0000,0.0000,2.5635
0.0000,0.0000,4.3170
0.0000,0.0000,2.3563
0.0000,0.0000,4.2232
0.0000,0.0000,3.6470
0.0000,0.0000,6.0068
0.0000,0.0000,1.7203
0.0000,0.0000,6.1680
0.0000,0.0000,5.7845
0.0000,0.0000,5.3635
0.0000,0.0000,4.7773
0.0000,0.0000,2.8607
0.0000,0.0000,5.9384
0.0000,0.0000,6.8404
0.0000,0.0000,6.2883
0.0000,0.0000,3.0734
0.0000,0.0000,6.0276
0.0000,0.0000,5.0141
0.0000,0.0000,8.5158
0.0000,0.0000,3.6036
0.0000,0.0000,7.9020
0.0000,0.0000,8.2210
0.0000,0.0000,9.8197
0.0000,0.0000,10.0236
0.0000,0.0000,5.9242
0.0000,0.0000,7.7965
0.0000,0.0000,9.5878
0.0000,0.0000,8.9270
0.0000,0.0000,10.8971
0.0000,0.0000,9.7436
0.0000,0.0000,11.3178
0.0000,0.0000,11.1485
0.0000,0.0000,13.2042
0.0000,0.0000,12.4071
0.0000,0.0000,8.8157
0.0000,0.0000,13.0302
0.0000,0.0000,8.6961
0.0000,0.0000,12.3730
0.0000,0.0000,10.8556
0.0000,0.0000,9.2155
0.0000,0.0000,13.1737
0.0000,0.0000,13.2408
0.0000,0.0000,12.7886
0.0000,0.0000,8.1772
0.0000,0.0000,12.5597
0.0000,0.0000,9.9011
0.0000,0.0000,12.5325
0.0000,0.0000,13.2485
0.0000,0.0000,11.1211
0.0000,0.0000,10.0420
0.0000,0.0000,10.2030
9.9164,43.0400,10.1882
20.8617,90.5454,9.8251
34.2454,148.6345,9.1875
44.9473,195.0839,11.2361
56.9857,247.3337,7.8060
67.5132,293.0260,10.7256
76.3066,331.1918,8.4812
79.9497,347.0038,12.0472
90.2489,391.7053,7.4091
102.2417,443.7573,8.2274
110.0447,477.6245,9.3596
120.3109,522.1826,9.4792
117.9963,512.1365,7.9601
135.8704,589.7155,8.9228
130.1864,565.0452,9.4958
141.4847,614.0830,8.4422
147.4489,639.9692,4.8320
153.1416,664.6771,5.4701
157.8818,685.2507,6.2971
159.7928,693.5453,5.8299
161.9080,702.7256,5.6705
149.3691,648.3034,5.0929
163.7147,710.5674,6.0328
158.1737,686.5178,4.7501
158.1751,686.5239,3.6282
151.9336,659.4341,3.6651
132.9873,577.2018,2.4979
142.1300,616.8835,2.8828
150.1020,651.4845,0.0596
143.6148,623.3282,2.5282
138.8417,602.6116,1.8514
120.9730,525.0563,1.2277
124.8806,542.0165,1.5655
110.1915,478.2617,1.4294
107.2037,465.2938,1.7027
93.9011,407.5570,0.4339
86.3049,374.5875,3.0802
77.8783,338.0133,5.0417
65.1784,282.8925,1.0809
58.5638,254.1834,-1.6193
46.7908,203.0852,0.7728
34.6064,150.2014,2.6671
22.9360,99.5487,2.1899
12.4289,53.9449,1.2273
0.4618,2.0045,0.2238
0.0000,0.0000,5.2372
0.0000,0.0000,2.5135
0.0000,0.0000,2.6107
0.0000,0.0000,3.0403
0.0000,0.0000,2.7305
0.0000,0.0000,3.1154
0.0000,0.0000,4.9676
0.0000,0.0000,3.2157
0.0000,0.0000,2.3209
0.0000,0.0000,6.7567
0.0000,0.0000,4.9633
0.0000,0.0000,7.7152
0.0000,0.0000,7.4457
0.0000,0.0000,4.0730
0.0000,0.0000,6.7936
0.0000,0.0000,7.2977
0.0000,0.0000,6.7577
0.0000,0.0000,9.8603
0.0000,0.0000,7.9375
0.0000,0.0000,4.9072
0.0000,0.0000,8.7338
0.0000,0.0000,8.0047
0.0000,0.0000,8.6085
0.0000,0.0000,8.6777
0.0000,0.0000,9.7629
0.0000,0.0000,7.7789
0.0000,0.0000,12.4840
0.0000,0.0000,10.6476
0.0000,0.0000,10.4545
0.0000,0.0000,10.5334
0.0000,0.0000,12.9937
0.0000,0.0000,11.8073
0.0000,0.0000,12.9099
0.0000,0.0000,11.1150
0.0000,0.0000,12.4610
0.0000,0.0000,14.6570
0.0000,0.0000,9.5547
0.0000,0.0000,12.5300
0.0000,0.0000,13.1701
0.0000,0.0000,11.3764
0.0000,0.0000,11.3833
0.0000,0.0000,9.4046
0.0000,0.0000,15.5566
0.0000,0.0000,10.2570
0.0000,0.0000,11.6589
0.0000,0.0000,12.0666
0.0000,0.0000,9.5671
0.0000,0.0000,12.5626
0.0000,0.0000,10.0289
0.0000,0.0000,11.2191
0.0000,0.0000,13.1353
9.8536,42.7675,12.2186
20.6231,89.5100,9.7188
32.8879,142.7426,9.7751
43.6893,189.6238,10.7492
56.1808,243.8401,7.4396
64.7302,280.9469,8.9326
72.6212,315.1961,9.2036
86.4964,375.4183,6.4271
92.6440,402.1009,11.8043
105.6914,458.7302,8.7707
107.2995,465.7098,8.2866
122.3458,531.0149,7.0250
129.7777,563.2713,7.6819
136.5694,592.7491,6.9556
138.0823,599.3154,5.2522
136.1098,590.7542,2.6437
143.0580,620.9114,6.7663
149.6016,649.3124,7.3044
144.9022,628.9157,1.4280
155.6991,675.7772,6.8099
163.8835,711.3000,0.8755
161.7353,701.9761,5.3360
152.0947,660.1332,4.0811
162.4751,705.1871,5.1057
160.1547,695.1158,2.3902
150.6032,653.6596,4.8318
143.6319,623.4024,0.4600
142.3357,617.7763,1.8516
135.7562,589.2195,2.8454
137.7340,597.8040,4.1491
137.9494,598.7390,1.8086
131.3000,569.8783,1.1731
121.8027,528.6575,0.7396
109.9965,477.4154,2.8949
96.1295,417.2289,4.6130
92.6360,402.0659,1.3807
83.8941,364.1235,3.3049
73.9038,320.7632,0.8378
61.1827,265.5500,2.3054
55.9436,242.8110,-1.2553
43.9454,190.7354,2.5486
35.1897,152.7329,1.1545
22.7093,98.5648,-0.2626
11.6779,50.6853,1.7058
0.0000,0.0000,1.0272
0.0000,0.0000,1.4999
0.0000,0.0000,3.2147
0.0000,0.0000,0.7700
0.0000,0.0000,6.2427
0.0000,0.0000,3.3538
0.0000,0.0000,5.5779
0.0000,0.0000,1.6557
0.0000,0.0000,2.8892
0.0000,0.0000,5.2304
0.0000,0.0000,4.5520
0.0000,0.0000,6.4266
0.0000,0.0000,1.6152
0.0000,0.0000,2.8907
0.0000,0.0000,5.6715
0.0000,0.0000,5.1695
0.0000,0.0000,6.2873
0.0000,0.0000,3.9142
0.0000,0.0000,5.7093
0.0000,0.0000,5.7337
0.0000,0.0000,5.4107
0.0000,0.0000,7.0472
0.0000,0.0000,7.5958
0.0000,0.0000,6.9095
0.0000,0.0000,8.4193
0.0000,0.0000,6.5037
0.0000,0.0000,9.2606
0.0000,0.0000,9.6383
0.0000,0.0000,9.7984
0.0000,0.0000,10.6320
0.0000,0.0000,9.2395
0.0000,0.0000,8.4456
0.0000,0.0000,8.6194
0.0000,0.0000,9.5866
0.0000,0.0000,12.9218
0.0000,0.0000,8.4456
0.0000,0.0000,9.8813
0.0000,0.0000,11.0867
0.0000,0.0000,10.0413
0.0000,0.0000,10.2487
0.0000,0.0000,8.6723
0.0000,0.0000,11.8572
0.0000,0.0000,11.2844
0.0000,0.0000,12.2007
0.0000,0.0000,12.1071
0.0000,0.0000,8.5881
0.0000,0.0000,13.5550
0.0000,0.0000,13.0550
0.0000,0.0000,9.2571
0.0000,0.0000,11.1106
0.0000,0.0000,12.1762
0.0000,0.0000,11.1125
8.9775,38.9648,9.5179
19.5438,84.8253,11.9323
27.8099,120.7029,11.2590
44.1710,191.7146,12.4093
54.2125,235.2975,7.6324
66.2668,287.6162,9.2919
72.7358,315.6934,8.5289
69.9633,303.6603,8.9731
91.3381,396.4325,6.8645
104.8374,455.0236,9.4907
113.4418,492.3689,8.9889
104.9776,455.6318,7.0316
120.5775,523.3400,7.4770
135.6803,588.8902,5.7361
140.5287,609.9335,6.1624
142.3803,617.9702,3.7933
138.7310,602.1310,5.7709
147.8269,641.6096,5.2934
148.1193,642.8790,0.7257
155.9250,676.7579,6.3697
163.1969,708.3201,4.5272
155.2917,674.0093,5.5668
149.4419,648.6196,4.0412
163.4528,709.4306,3.6827
146.0322,633.8204,2.8222
144.4979,627.1609,3.1338
153.5592,666.4895,1.1895
145.0290,629.4663,2.8970
142.8550,620.0305,1.1279
139.1579,603.9841,3.0025
130.1524,564.8975,0.3516
121.9297,529.2086,3.1619
109.7836,476.4915,1.4788
108.2507,469.8381,0.8100
98.2496,426.4304,-0.0231
86.5230,375.5341,2.2087
86.5266,375.5494,0.2579
75.1008,325.9582,-0.4001
63.5381,275.7731,0.3693
55.7350,241.9053,-0.9643
40.0704,173.9166,1.1363
32.0361,139.0454,2.6317
21.1161,91.6496,-0.4622
10.2568,44.5173,0.4938
0.0000,0.0000,1.5948
0.0000,0.0000,-0.0670
0.0000,0.0000,3.5063
0.0000,0.0000,2.4666
0.0000,0.0000,1.5524
0.0000,0.0000,4.8360
0.0000,0.0000,0.6739
0.0000,0.0000,3.6389
0.0000,0.0000,3.9522
0.0000,0.0000,3.9065
0.0000,0.0000,1.4463
0.0000,0.0000,4.4878
0.0000,0.0000,2.8633
0.0000,0.0000,4.0306
0.0000,0.0000,4.4378
0.0000,0.0000,6.2531
0.0000,0.0000,5.1809
0.0000,0.0000,5.8811
0.0000,0.0000,8.7154
0.0000,0.0000,6.2530
0.0000,0.0000,6.6305
0.0000,0.0000,5.2091
0.0000,0.0000,8.8699
0.0000,0.0000,8.3850
0.0000,0.0000,9.6357
0.0000,0.0000,5.8828
0.0000,0.0000,6.9656
0.0000,0.0000,10.0421
0.0000,0.0000,9.1918
0.0000,0.0000,6.1167
0.0000,0.0000,9.9609
0.0000,0.0000,9.9068
0.0000,0.0000,11.7098
0.0000,0.0000,10.1602
0.0000,0.0000,7.3871
0.0000,0.0000,11.4356
0.0000,0.0000,9.6256
0.0000,0.0000,10.0614
0.0000,0.0000,10.3256
0.0000,0.0000,9.3988
0.0000,0.0000,10.2805
0.0000,0.0000,12.1640
0.0000,0.0000,11.7935
0.0000,0.0000,11.2921
0.0000,0.0000,11.4065
0.0000,0.0000,10.5331
0.0000,0.0000,12.1287
0.0000,0.0000,10.1771
0.0000,0.0000,10.4029
0.0000,0.0000,10.9099
0.0000,0.0000,9.1438
0.0000,0.0000,9.5586
7.5099,32.5949,10.2307
19.4024,84.2118,8.7929
31.5270,136.8358,9.5313
39.9888,173.5624,8.5666
51.3444,222.8490,13.3938
63.9536,277.5764,9.3213
65.8669,285.8808,6.3407
77.1247,334.7427,9.9225
91.9025,398.8824,7.7503
103.9864,451.3300,9.1312
111.4389,483.6759,8.9513
105.9326,459.7769,7.7025
111.4231,483.6071,5.6407
122.2556,530.6230,6.0076
132.4694,574.9541,6.9466
132.2046,573.8046,7.6715
124.7644,541.5123,5.5017
149.3197,648.0889,5.0081
145.6767,632.2772,4.4627
159.0002,690.1049,5.4566
162.2778,704.3306,4.8141
148.7690,645.6987,2.6388
145.0225,629.4377,4.5493
162.5334,705.4399,0.7267
158.9844,690.0366,3.9667
146.2772,634.8835,2.1906
139.2190,604.2491,1.9134
143.1451,621.2896,-0.1309
147.3921,639.7228,-0.4586
141.1354,612.5667,0.0287
123.9757,538.0888,-0.2712
129.5360,562.2220,0.8326
119.8478,520.1725,1.5391
103.5495,449.4336,-0.0329
99.0220,429.7832,-0.6558
89.5410,388.6329,1.8290
87.2002,378.4729,1.2849
73.3338,318.2892,0.7056
65.2221,283.0818,0.2221
54.0215,234.4685,-3.5275
40.9226,177.6156,0.5067
33.4294,145.0930,2.5307
20.9360,90.8678,1.0095
10.1929,44.2398,5.6785
0.0000,0.0000,2.1309
0.0000,0.0000,0.2803
0.0000,0.0000,3.5766
0.0000,0.0000,1.1628
0.0000,0.0000,3.0775
0.0000,0.0000,2.7511
0.0000,0.0000,4.3405
0.0000,0.0000,-0.2820
0.0000,0.0000,2.1798
0.0000,0.0000,5.9989
0.0000,0.0000,-1.1207
0.0000,0.0000,2.9227
0.0000,0.0000,4.5421
0.0000,0.0000,5.4142
0.0000,0.0000,4.3004
0.0000,0.0000,4.2351
0.0000,0.0000,7.3707
0.0000,0.0000,5.3919
0.0000,0.0000,5.2871
0.0000,0.0000,5.2283
0.0000,0.0000,5.2601
0.0000,0.0000,7.2168
0.0000,0.0000,6.4262
0.0000,0.0000,10.7854
0.0000,0.0000,6.7373
0.0000,0.0000,6.7895
0.0000,0.0000,9.3621
0.0000,0.0000,7.2142
0.0000,0.0000,11.0178
0.0000,0.0000,11.1556
0.0000,0.0000,8.1842
0.0000,0.0000,10.6053
0.0000,0.0000,11.2619
0.0000,0.0000,10.7235
0.0000,0.0000,13.8382
0.0000,0.0000,7.7298
0.0000,0.0000,10.6908
0.0000,0.0000,10.8191
0.0000,0.0000,11.2923
0.0000,0.0000,11.5918
0.0000,0.0000,11.5588
0.0000,0.0000,12.8247
0.0000,0.0000,10.6817
0.0000,0.0000,9.7689
0.0000,0.0000,12.1072
0.0000,0.0000,8.2601
0.0000,0.0000,11.9978
0.0000,0.0000,8.5604
0.0000,0.0000,12.7714
0.0000,0.0000,12.0749
0.0000,0.0000,12.1876
0.0000,0.0000,8.2048
6.9417,30.1290,9.8045
15.8319,68.7147,8.1243
28.3441,123.0211,10.3637
42.0373,182.4538,7.4594
48.1263,208.8815,11.7362
59.0482,256.2856,8.7547
73.5182,319.0893,5.2616
82.5244,358.1786,8.9733
94.0196,408.0713,6.4741
101.3487,439.8816,9.2506
111.7228,484.9081,8.5121
111.5607,484.2046,5.9068
120.7746,524.1954,7.9072
122.5122,531.7368,7.3729
135.8471,589.6143,7.6860
139.9170,607.2789,4.2187
150.1095,651.5168,5.7740
154.0649,668.6846,5.7656
146.4796,635.7621,3.6217
159.7024,693.1530,2.1089
148.0165,642.4326,3.3468
162.2338,704.1396,4.6865
154.5175,670.6489,1.3281
153.4613,666.0646,1.4202
160.1267,694.9942,2.2824
145.9777,633.5837,2.8994
148.2292,643.3560,1.4491
148.4201,644.1844,0.1505
143.0552,620.8994,1.3410
131.6912,571.5762,1.1796
124.3842,539.8618,1.5701
128.3433,557.0457,0.9124
117.7725,511.1655,0.3654
106.3241,461.4760,-2.2045
95.3372,413.7901,-1.0264
96.0327,416.8088,1.1770
76.4120,331.6491,1.1617
65.8919,285.9891,-0.6816
66.1488,287.1041,1.6516
53.4417,231.9520,0.8231
44.2710,192.1482,2.7496
31.9033,138.4691,0.1831
19.1964,83.3176,2.2852
8.9360,38.7847,-1.2187
0.0000,0.0000,-0.6178
0.0000,0.0000,0.7434
0.0000,0.0000,-0.1709
0.0000,0.0000,1.5124
0.0000,0.0000,1.1497
0.0000,0.0000,-1.4338
0.0000,0.0000,-0.2755
0.0000,0.0000,2.7782
0.0000,0.0000,4.8419
0.0000,0.0000,2.1991
0.0000,0.0000,3.0380
0.0000,0.0000,4.3424
0.0000,0.0000,1.2567
0.0000,0.0000,2.5145
0.0000,0.0000,3.9339
0.0000,0.0000,6.3792
0.0000,0.0000,7.6604
0.0000,0.0000,5.5203
0.0000,0.0000,5.0378
0.0000,0.0000,3.8301
0.0000,0.0000,6.3749
0.0000,0.0000,5.1951
0.0000,0.0000,8.6941
0.0000,0.0000,7.1233
0.0000,0.0000,8.1418
0.0000,0.0000,7.0248
0.0000,0.0000,9.7922
0.0000,0.0000,11.0387
0.0000,0.0000,7.6532
0.0000,0.0000,10.3003
0.0000,0.0000,8.7201
0.0000,0.0000,12.3702
0.0000,0.0000,10.4550
0.0000,0.0000,11.4191
0.0000,0.0000,7.2262
0.0000,0.0000,8.6113
0.0000,0.0000,11.3422
0.0000,0.0000,7.5622
0.0000,0.0000,11.7017
0.0000,0.0000,11.2713
0.0000,0.0000,7.5191
0.0000,0.0000,9.7435
0.0000,0.0000,9.5513
0.0000,0.0000,12.7935
0.0000,0.0000,9.8293
0.0000,0.0000,10.4707
0.0000,0.0000,11.9603
0.0000,0.0000,13.4641
0.0000,0.0000,9.9419
0.0000,0.0000,10.8103
0.0000,0.0000,8.5400
0.0000,0.0000,7.8090
6.8472,29.7186,10.3421
17.5681,76.2503,9.8421
29.5314,128.1744,9.3271
41.7805,181.3391,8.4729
48.2020,209.2103,9.6628
52.3328,227.1390,8.2343
71.3924,309.8630,8.6755
79.5458,345.2509,8.7584
84.7005,367.6237,8.8247
94.7789,411.3665,6.7641
109.7990,476.5581,7.9482
114.4024,496.5383,5.9085
116.9049,507.3995,8.3265
125.6105,545.1846,6.2861
132.6457,575.7192,4.8243
144.5220,627.2657,7.0970
147.6927,641.0273,4.5350
153.1586,664.7510,0.7571
145.1570,630.0219,2.9325
147.4921,640.1567,3.2514
136.3939,591.9875,3.5714
148.9455,646.4650,0.6187
161.4025,700.5319,3.0283
144.4271,626.8537,3.5739
147.3106,639.3691,1.3381
150.2060,651.9358,2.0775
138.5117,601.1793,0.7812
146.9228,637.6857,3.7335
143.7721,624.0110,-1.2536
122.8846,533.3535,-0.7027
128.8691,559.3278,0.4872
123.9049,537.7819,0.9383
104.1743,452.1453,1.6036
108.7889,472.1741,0.4641
96.9628,420.8453,-0.8524
86.2247,374.2393,0.9912
83.9056,364.1736,5.2342
66.0478,286.6658,3.4595
61.7359,267.9509,-0.2689
51.0018,221.3620,-0.8664
42.6508,185.1164,1.7925
31.3646,136.1311,3.5323
17.8215,77.3503,1.7123
8.0758,35.0512,0.7427
0.0000,0.0000,0.8699
0.0000,0.0000,1.3458
0.0000,0.0000,-0.3277
0.0000,0.0000,0.5621
0.0000,0.0000,-1.3541
0.0000,0.0000,-0.3453
0.0000,0.0000,1.5310
0.0000,0.0000,2.3082
0.0000,0.0000,1.4035
0.0000,0.0000,2.3155
0.0000,0.0000,4.1804
0.0000,0.0000,5.7238
0.0000,0.0000,2.5777
0.0000,0.0000,1.8562
0.0000,0.0000,3.7735
0.0000,0.0000,4.6313
0.0000,0.0000,1.8715
0.0000,0.0000,3.4175
0.0000,0.0000,5.1021
0.0000,0.0000,2.2112
0.0000,0.0000,6.1066
0.0000,0.0000,6.4765
0.0000,0.0000,7.8966
0.0000,0.0000,7.5489
0.0000,0.0000,8.8142
0.0000,0.0000,6.7855
0.0000,0.0000,6.1890
0.0000,0.0000,7.9930
0.0000,0.0000,8.7178
0.0000,0.0000,8.4328
0.0000,0.0000,6.6717
0.0000,0.0000,9.6391
0.0000,0.0000,8.0479
0.0000,0.0000,8.5285
0.0000,0.0000,12.4882
0.0000,0.0000,7.5649
0.0000,0.0000,9.5128
0.0000,0.0000,9.4890
0.0000,0.0000,11.7166
0.0000,0.0000,10.6331
0.0000,0.0000,10.5879
0.0000,0.0000,10.5013
0.0000,0.0000,10.3305
0.0000,0.0000,13.7789
0.0000,0.0000,10.2534
0.0000,0.0000,11.6648
0.0000,0.0000,8.1973
0.0000,0.0000,11.9737
0.0000,0.0000,10.1519
0.0000,0.0000,8.9529
0.0000,0.0000,9.4867
0.0000,0.0000,8.7902
5.9873,25.9866,11.9689
17.5562,76.1990,8.5160
28.6972,124.5540,8.5216
37.6047,163.2150,9.3436
48.2300,209.3315,8.1605
59.6496,258.8958,8.7121
71.1043,308.6125,5.8379
75.4299,327.3869,8.1166
88.6045,384.5681,6.7269
93.2116,404.5645,6.9188
105.3641,457.3094,3.9532
99.6488,432.5037,4.0144
107.4195,466.2303,4.4451
132.1490,573.5634,4.5186
130.3210,565.6295,4.5928
140.1600,608.3335,4.2264
136.4929,592.4173,7.8692
141.8698,615.7544,0.3649
148.1572,643.0433,3.2647
148.7480,645.6074,2.2706
149.9763,650.9387,1.5573
141.3234,613.3827,2.1758
160.4888,696.5659,3.8951
144.5288,627.2951,0.9446
158.3019,687.0742,3.9661
147.1002,638.4555,1.1158
153.0093,664.1029,2.4236
135.8609,589.6742,1.9376
133.8804,581.0779,3.2938
121.3275,526.5952,5.1661
126.2548,547.9811,0.6538
117.9151,511.7843,-0.6057
119.6584,519.3506,1.0356
98.2619,426.4840,-2.0531
98.5938,427.9243,0.8662
90.4529,392.5905,1.1228
78.1055,338.9994,3.5329
70.3419,305.3032,-0.5127
60.4665,262.4413,-3.0488
48.1388,208.9358,0.4068
39.1257,169.8163,1.4492
29.1757,126.6305,-0.4522
19.2491,83.5466,-1.0039
7.3992,32.1148,-0.7044
0.0000,0.0000,-1.0271
0.0000,0.0000,0.9750
0.0000,0.0000,-1.9737
0.0000,0.0000,0.3837
0.0000,0.0000,0.0396
0.0000,0.0000,1.1068
0.0000,0.0000,0.9518
0.0000,0.0000,1.4208
0.0000,0.0000,1.9080
0.0000,0.0000,2.3484
0.0000,0.0000,2.4974
0.0000,0.0000,4.4327
0.0000,0.0000,1.9956
0.0000,0.0000,5.2937
0.0000,0.0000,6.7370
0.0000,0.0000,6.8303
0.0000,0.0000,6.7835
0.0000,0.0000,5.6702
0.0000,0.0000,2.9875
0.0000,0.0000,7.1134
0.0000,0.0000,4.7209
0.0000,0.0000,3.2486
0.0000,0.0000,5.8396
0.0000,0.0000,6.3240
0.0000,0.0000,5.6665
0.0000,0.0000,5.5954
0.0000,0.0000,6.6313
0.0000,0.0000,7.9349
0.0000,0.0000,8.3271
0.0000,0.0000,8.5977
0.0000,0.0000,8.7662
0.0000,0.0000,9.4282
0.0000,0.0000,10.9900
0.0000,0.0000,9.1742
0.0000,0.0000,9.5055
0.0000,0.0000,8.4456
0.0000,0.0000,8.8593
0.0000,0.0000,8.5945
0.0000,0.0000,9.5164
0.0000,0.0000,8.2808
0.0000,0.0000,7.5279
0.0000,0.0000,11.1643
0.0000,0.0000,9.9880
0.0000,0.0000,10.1149
0.0000,0.0000,9.0920
0.0000,0.0000,10.2406
0.0000,0.0000,11.7729
0.0000,0.0000,8.5065
0.0000,0.0000,7.3957
0.0000,0.0000,7.3889
0.0000,0.0000,10.4184
0.0000,0.0000,7.5308
4.8155,20.9006,8.8156
16.9514,73.5739,9.3483
27.8449,120.8544,11.8017
35.4461,153.8457,7.2264
42.8108,185.8108,8.1896
58.1307,252.3033,7.5859
71.1396,308.7656,7.4759
79.3823,344.5413,7.4447
85.8325,372.5370,6.3518
88.3958,383.6625,5.3828
99.7718,433.0372,7.3426
111.8504,485.4617,3.8392
124.5321,540.5041,4.3053
115.9002,503.0389,4.9463
132.5750,575.4121,4.3939
142.7404,619.5329,6.2383
147.4145,639.8199,5.7729
144.3523,626.5289,4.2204
154.5453,670.7695,4.0044
152.4982,661.8846,3.5002
149.9384,650.7742,3.9351
137.4785,596.6946,2.4908
152.1008,660.1595,0.4656
140.9021,611.5542,0.7627
140.7938,611.0842,1.7237
142.2580,617.4393,2.2498
141.4452,613.9114,-1.1062
135.3962,587.6571,-2.3743
140.2923,608.9075,1.8336
118.3312,513.5903,1.0015
132.6447,575.7148,1.8747
113.4914,492.5844,-0.5083
106.9886,464.3603,1.7021
97.2491,422.0880,-0.5172
102.5139,444.9389,0.1527
93.5409,405.9937,-0.0620
83.1681,360.9725,1.1100
71.1153,308.6603,-1.4753
61.0514,264.9802,1.8782
50.6596,219.8766,-2.2882
38.5599,167.3605,-1.4242
27.1240,117.7259,-0.5217
17.7259,76.9353,-3.4179
7.0487,30.5935,3.2306
0.0000,0.0000,-1.2727
0.0000,0.0000,1.6690
0.0000,0.0000,-2.5713
0.0000,0.0000,-0.8187
0.0000,0.0000,1.9415
0.0000,0.0000,-0.6866
0.0000,0.0000,-1.2766
0.0000,0.0000,1.5886
0.0000,0.0000,2.2462
0.0000,0.0000,2.5602
0.0000,0.0000,4.5550
0.0000,0.0000,-0.2633
0.0000,0.0000,3.2904
0.0000,0.0000,2.6031
0.0000,0.0000,2.8368
0.0000,0.0000,3.4250
0.0000,0.0000,3.5049
0.0000,0.0000,4.1008
0.0000,0.0000,4.5405
0.0000,0.0000,6.1648
0.0000,0.0000,6.6752
0.0000,0.0000,3.9312
0.0000,0.0000,6.2481
0.0000,0.0000,4.6378
0.0000,0.0000,7.3427
0.0000,0.0000,7.3409
0.0000,0.0000,6.9494
0.0000,0.0000,8.8329
0.0000,0.0000,7.7416
0.0000,0.0000,5.2541
0.0000,0.0000,8.8694
0.0000,0.0000,6.5334
0.0000,0.0000,7.6975
0.0000,0.0000,8.4756
0.0000,0.0000,8.7348
0.0000,0.0000,9.8241
0.0000,0.0000,10.7461
0.0000,0.0000,8.8766
0.0000,0.0000,10.5557
0.0000,0.0000,9.5429
0.0000,0.0000,9.7068
0.0000,0.0000,6.8056
0.0000,0.0000,8.3340
0.0000,0.0000,8.3871
0.0000,0.0000,8.4243
0.0000,0.0000,9.1491
0.0000,0.0000,5.5243
0.0000,0.0000,7.9192
0.0000,0.0000,10.0693
0.0000,0.0000,7.9577
0.0000,0.0000,9.6277
0.0000,0.0000,7.4933
4.7441,20.5909,8.0341
15.8135,68.6350,7.9030
27.7516,120.4497,7.4108
37.4448,162.5206,9.6101
48.0544,208.5693,7.7313
54.8011,237.8521,8.0348
68.9596,299.3039,4.2883
76.6866,332.8412,5.4393
83.4807,362.3293,7.1487
94.3110,409.3361,4.4978
103.7895,450.4751,6.0774
102.8851,446.5498,6.8830
123.6708,536.7658,1.8775
121.3285,526.5995,2.9199
132.3155,574.2861,5.0881
134.1613,582.2974,3.6424
137.4754,596.6816,2.9885
142.8739,620.1125,6.0389
143.9482,624.7752,2.4611
156.0678,677.3776,1.3969
157.7173,684.5369,0.6358
137.4900,596.7449,0.9933
147.6127,640.6799,4.0901
153.2309,665.0645,0.5957
138.6726,601.8776,-0.0379
154.2332,669.4150,1.7167
139.6204,605.9915,0.8272
139.2343,604.3157,1.3295
140.0625,607.9103,2.5122
134.2148,582.5293,1.1142
131.7728,571.9307,-1.1199
118.1906,512.9801,-0.6361
107.0215,464.5029,-3.4062
107.8564,468.1268,-0.2451
95.1905,413.1530,-0.1038
85.8899,372.7860,-0.5155
70.6647,306.7045,-0.1506
73.3316,318.2793,-0.8623
62.4027,270.8450,1.9766
51.0749,221.6792,2.1608
36.5224,158.5175,0.6289
29.8904,129.7325,2.4904
18.3101,79.4710,0.5256
6.0077,26.0749,0.6088
0.0000,0.0000,-1.3895
0.0000,0.0000,0.7881
0.0000,0.0000,-1.7240
0.0000,0.0000,-0.9126
0.0000,0.0000,-0.3183
0.0000,0.0000,-1.5169
0.0000,0.0000,0.3223
0.0000,0.0000,2.1381
0.0000,0.0000,-1.8421
0.0000,0.0000,1.2967
0.0000,0.0000,4.9161
0.0000,0.0000,1.3984
0.0000,0.0000,1.4823
0.0000,0.0000,3.3847
0.0000,0.0000,3.7065
0.0000,0.0000,4.0017
0.0000,0.0000,3.1769
0.0000,0.0000,3.9530
0.0000,0.0000,4.7288
0.0000,0.0000,5.3090
0.0000,0.0000,7.0789
0.0000,0.0000,6.6371
0.0000,0.0000,6.4024
0.0000,0.0000,2.7207
0.0000,0.0000,6.2915
0.0000,0.0000,6.1859
0.0000,0.0000,7.9214
0.0000,0.0000,11.0673
0.0000,0.0000,4.0206
0.0000,0.0000,9.2623
0.0000,0.0000,9.3347
0.0000,0.0000,8.1454
0.0000,0.0000,7.5439
0.0000,0.0000,5.7495
0.0000,0.0000,7.1997
0.0000,0.0000,6.5679
0.0000,0.0000,11.3015
0.0000,0.0000,6.9963
0.0000,0.0000,9.7278
0.0000,0.0000,10.0404
0.0000,0.0000,8.2895
0.0000,0.0000,7.5423
0.0000,0.0000,10.8038
0.0000,0.0000,9.1337
0.0000,0.0000,7.8153
0.0000,0.0000,7.2373
0.0000,0.0000,9.8660
0.0000,0.0000,9.7961
0.0000,0.0000,9.3107
0.0000,0.0000,10.6426
0.0000,0.0000,10.3114
0.0000,0.0000,8.4796
3.8840,16.8578,7.8332
14.4950,62.9123,7.3730
25.7851,111.9143,6.7250
35.9984,156.2429,6.3268
46.6457,202.4551,6.2644
57.5648,249.8471,7.9633
66.7267,289.6124,4.9828
80.0122,347.2754,5.9811
89.9045,390.2104,6.3300
88.8984,385.8437,4.0037
105.3348,457.1822,5.4141
112.1041,486.5628,2.9683
115.7423,502.3538,5.3945
119.3259,517.9076,7.2285
124.4454,540.1274,5.4069
133.5210,579.5182,2.9941
127.6988,554.2485,4.6084
146.6551,636.5240,2.5005
152.7486,662.9713,3.2610
139.4738,605.3550,1.1609
150.7423,654.2634,-0.1546
152.9354,663.7823,2.1700
146.7407,636.8953,3.6628
142.1329,616.8963,2.5297
137.0227,594.7166,0.4489
137.1723,595.3658,0.4282
133.7809,580.6462,0.2238
141.3936,613.6874,-0.9365
131.6825,571.5388,0.6085
136.8211,593.8414,0.3496
119.5159,518.7321,-2.0406
121.4112,526.9581,-1.0257
111.3104,483.1182,-0.9807
93.5346,405.9660,-2.8783
90.2825,391.8510,-1.5638
81.6435,354.3556,-2.1426
73.6633,319.7193,-1.1605
67.2595,291.9250,-0.4821
58.8292,255.3349,1.3336
48.8265,211.9204,-0.4411
40.4732,175.6648,-2.3703
29.1585,126.5560,-3.3493
17.0293,73.9120,-4.9103
5.3368,23.1634,-1.5825
0.0000,0.0000,-0.5844
0.0000,0.0000,-0.2303
0.0000,0.0000,1.2844
0.0000,0.0000,-0.4335
0.0000,0.0000,-1.3067
0.0000,0.0000,1.8337
0.0000,0.0000,1.5474
0.0000,0.0000,-0.3035
0.0000,0.0000,3.7639
0.0000,0.0000,0.7923
0.0000,0.0000,3.0524
0.0000,0.0000,0.9285
0.0000,0.0000,3.3577
0.0000,0.0000,2.1946
0.0000,0.0000,1.5945
0.0000,0.0000,2.4506
0.0000,0.0000,0.5022
0.0000,0.0000,3.7486
0.0000,0.0000,4.6533
0.0000,0.0000,6.8641
0.0000,0.0000,1.7115
0.0000,0.0000,5.1495
0.0000,0.0000,3.1169
0.0000,0.0000,3.8613
0.0000,0.0000,8.0693
0.0000,0.0000,4.5055
0.0000,0.0000,7.1992
0.0000,0.0000,7.8963
0.0000,0.0000,7.6639
0.0000,0.0000,6.7032
0.0000,0.0000,9.6923
0.0000,0.0000,7.4569
0.0000,0.0000,11.5158
0.0000,0.0000,8.6180
0.0000,0.0000,7.8332
0.0000,0.0000,5.3579
0.0000,0.0000,9.7244
0.0000,0.0000,12.7640
0.0000,0.0000,9.2004
0.0000,0.0000,8.1343
0.0000,0.0000,7.9351
0.0000,0.0000,9.9501
0.0000,0.0000,10.0480
0.0000,0.0000,8.1427
0.0000,0.0000,3.3515
0.0000,0.0000,7.4674
0.0000,0.0000,10.0484
0.0000,0.0000,8.4863
0.0000,0.0000,9.2260
0.0000,0.0000,7.8031
0.0000,0.0000,8.8789
0.0000,0.0000,8.8670
3.1272,13.5731,6.5332
13.6246,59.1343,8.2163
26.5554,115.2577,6.0791
38.0514,165.1535,7.1432
40.1084,174.0816,7.7729
58.1530,252.4003,7.0673
62.5986,271.6952,6.3973
62.9464,273.2049,7.4542
82.9343,359.9578,6.7910
93.2859,404.8867,2.9911
102.8784,446.5208,4.5414
108.5845,471.2868,5.4568
117.2267,508.7963,6.5146
105.6143,458.3955,3.5196
126.1145,547.3718,3.3530
126.8834,550.7092,3.8313
136.2078,591.1799,0.9872
144.2448,626.0625,2.5723
144.9152,628.9721,1.7488
144.2879,626.2495,4.4105
145.5739,631.8309,1.1391
147.2417,639.0698,2.5278
140.9606,611.8082,0.6704
146.5086,635.8882,1.0423
144.6259,627.7167,1.8164
150.6765,653.9780,0.4468
149.4296,648.5661,0.1344
136.5945,592.8580,-3.5232
139.4008,605.0382,-0.6241
135.9510,590.0651,-0.5414
125.0537,542.7679,3.6091
117.0603,508.0742,-0.5450
112.2492,487.1929,0.5111
104.7419,454.6089,-1.3175
90.5175,392.8712,-1.7569
82.3508,357.4252,-0.8734
72.1017,312.9413,-0.7808
62.6758,272.0305,-0.2411
61.4421,266.6758,-0.3147
49.8298,216.2750,-2.0744
38.7507,168.1889,0.6877
26.1762,113.6122,-0.8148
15.7136,68.2013,-0.3828
5.0002,21.7022,-3.0186
0.0000,0.0000,0.1961
0.0000,0.0000,-2.1362
0.0000,0.0000,-1.3824
0.0000,0.0000,-0.0606
0.0000,0.0000,-2.6985
0.0000,0.0000,1.7263
0.0000,0.0000,-0.2222
0.0000,0.0000,1.6669
0.0000,0.0000,0.3725
0.0000,0.0000,-0.5446
0.0000,0.0000,1.3667
0.0000,0.0000,-0.1929
0.0000,0.0000,2.3216
0.0000,0.0000,3.5417
0.0000,0.0000,4.0283
0.0000,0.0000,0.6451
0.0000,0.0000,4.8937
0.0000,0.0000,1.5137
0.0000,0.0000,5.3734
0.0000,0.0000,4.0447
0.0000,0.0000,3.4362
0.0000,0.0000,5.2742
0.0000,0.0000,5.3370
0.0000,0.0000,5.9277
0.0000,0.0000,6.4073
0.0000,0.0000,4.9353
0.0000,0.0000,4.3666
0.0000,0.0000,6.5075
0.0000,0.0000,5.5951
0.0000,0.0000,6.2902
0.0000,0.0000,8.7885
0.0000,0.0000,8.5353
0.0000,0.0000,6.7906
0.0000,0.0000,9.8257
0.0000,0.0000,9.1032
0.0000,0.0000,9.6218
0.0000,0.0000,6.5511
0.0000,0.0000,8.2338
0.0000,0.0000,7.4606
0.0000,0.0000,8.0145
0.0000,0.0000,9.8015
0.0000,0.0000,5.4496
0.0000,0.0000,9.0206
0.0000,0.0000,7.6534
0.0000,0.0000,9.8167
0.0000,0.0000,9.3416
0.0000,0.0000,7.0191
0.0000,0.0000,7.9795
0.0000,0.0000,7.5591
0.0000,0.0000,8.1816
0.0000,0.0000,8.3083
0.0000,0.0000,8.3305
2.4108,10.4635,7.2157
13.2032,57.3054,9.2602
23.9429,103.9187,6.6037
34.7766,150.9401,6.2932
43.8920,190.5036,8.1731
50.6327,219.7601,3.9169
61.6677,267.6549,4.7739
70.9128,307.7812,2.8161
88.2973,383.2349,6.1413
92.0207,399.3954,3.9553
98.1086,425.8187,4.7617
113.7791,493.8331,4.5927
121.1178,525.6848,3.4954
124.9717,542.4117,4.0632
133.8699,581.0324,5.3506
139.2287,604.2913,5.6265
140.1900,608.4636,5.2268
142.7385,619.5247,2.7788
131.0724,568.8907,3.4184
143.3677,622.2554,0.6609
142.4268,618.1721,2.6924
145.8541,633.0472,1.7732
145.6265,632.0596,1.6062
154.0274,668.5217,0.8564
145.6586,632.1990,-2.0367
148.5526,644.7596,2.8037
120.1047,521.2879,2.1052
128.9766,559.7944,-0.8071
131.8218,572.1434,-1.2950
135.0864,586.3123,0.5769
129.1870,560.7075,-0.9124
118.4391,514.0587,-1.4393
111.2349,482.7902,0.1349
107.6039,467.0307,-0.5649
97.2991,422.3051,-1.6677
87.7071,380.6730,-0.6918
70.9639,308.0030,0.6896
63.6911,276.4372,-0.4424
58.4995,253.9042,-0.9758
47.1160,204.4965,-1.6861
34.0720,147.8820,-1.7305
26.8685,116.6166,-1.5686
15.4302,66.9716,-1.9725
4.5165,19.6031,-1.2982
0.0000,0.0000,1.0539
0.0000,0.0000,1.2372
0.0000,0.0000,-0.2562
0.0000,0.0000,2.7509
0.0000,0.0000,0.2832
0.0000,0.0000,-2.0891
0.0000,0.0000,0.5362
0.0000,0.0000,1.8667
0.0000,0.0000,1.5919
0.0000,0.0000,0.9832
0.0000,0.0000,2.4271
0.0000,0.0000,-0.2340
0.0000,0.0000,1.8633
0.0000,0.0000,1.6124
0.0000,0.0000,3.1616
0.0000,0.0000,3.1252
0.0000,0.0000,3.3137
0.0000,0.0000,3.1644
0.0000,0.0000,2.9079
0.0000,0.0000,3.4519
0.0000,0.0000,4.5343
0.0000,0.0000,5.8795
0.0000,0.0000,6.7579
0.0000,0.0000,5.8651
0.0000,0.0000,6.6863
0.0000,0.0000,6.9736
0.0000,0.0000,7.8632
0.0000,0.0000,6.4409
0.0000,0.0000,3.1124
0.0000,0.0000,6.0791
0.0000,0.0000,6.3142
0.0000,0.0000,9.1813
0.0000,0.0000,5.8906
0.0000,0.0000,8.7465
0.0000,0.0000,6.5757
0.0000,0.0000,9.3944
0.0000,0.0000,8.4371
0.0000,0.0000,7.7332
0.0000,0.0000,10.4663
0.0000,0.0000,9.2070
0.0000,0.0000,10.9019
0.0000,0.0000,8.0981
0.0000,0.0000,10.3221
0.0000,0.0000,6.0152
0.0000,0.0000,7.9190
0.0000,0.0000,8.9885
0.0000,0.0000,6.2583
0.0000,0.0000,7.9873
0.0000,0.0000,7.1491
0.0000,0.0000,7.5874
0.0000,0.0000,6.3350
0.0000,0.0000,8.2047
1.8889,8.1984,7.7606
11.5063,49.9406,6.5159
23.5139,102.0569,4.3414
36.5851,158.7896,7.5170
43.2974,187.9226,7.4646
58.3713,253.3477,7.7020
61.2294,265.7524,7.2294
68.5397,297.4815,4.8006
81.6115,354.2164,5.0804
90.9086,394.5687,5.0032
99.0228,429.7866,4.5259
99.0536,429.9203,6.1657
113.8709,494.2313,6.0794
109.8541,476.7974,4.0523
127.4655,553.2356,5.6310
131.9825,572.8409,4.2395
140.6889,610.6290,0.9498
142.9173,620.3005,1.7225
149.1772,647.4703,1.4262
139.1526,603.9609,0.5474
149.8883,650.5569,1.8008
146.1812,634.4671,0.7986
149.5462,649.0721,0.1545
145.9645,633.5267,0.1889
133.0585,577.5107,-0.3030
136.8264,593.8647,-1.3592
134.5068,583.7970,-2.2438
137.4250,596.4629,-0.3485
128.2136,556.4827,-2.9620
123.2754,535.0494,-0.2284
105.1001,456.1637,1.1181
108.4688,470.7846,-1.5615
108.7393,471.9590,-2.1057
102.4018,444.4521,1.2618
92.3322,400.7472,-1.8762
81.8101,355.0786,-1.0406
79.7710,346.2281,-1.4268
65.7968,285.5765,-0.8579
56.1924,243.8906,-3.0155
44.3342,192.4225,-1.3546
38.2750,166.1243,-1.1005
27.0068,117.2170,-0.9921
13.7845,59.8284,-2.4576
3.6410,15.8028,-2.4235
0.0000,0.0000,-0.8504
0.0000,0.0000,-1.5668
0.0000,0.0000,-4.6786
0.0000,0.0000,-2.4699
0.0000,0.0000,-0.4910
0.0000,0.0000,0.6529
0.0000,0.0000,-3.2354
0.0000,0.0000,-3.0826
0.0000,0.0000,-0.0195
0.0000,0.0000,0.8975
0.0000,0.0000,3.5466
0.0000,0.0000,1.1782
0.0000,0.0000,2.7450
0.0000,0.0000,2.9100
0.0000,0.0000,1.2160
0.0000,0.0000,1.8971
0.0000,0.0000,3.5709
0.0000,0.0000,3.2972
0.0000,0.0000,3.2455
0.0000,0.0000,2.1667
0.0000,0.0000,4.4040
0.0000,0.0000,3.1312
0.0000,0.0000,3.9024
0.0000,0.0000,6.2908
0.0000,0.0000,4.0065
0.0000,0.0000,5.4663
0.0000,0.0000,9.0062
0.0000,0.0000,2.6403
0.0000,0.0000,3.6450
0.0000,0.0000,6.7179
0.0000,0.0000,8.4993
0.0000,0.0000,8.2985
0.0000,0.0000,5.0305
0.0000,0.0000,9.5094
0.0000,0.0000,9.2633
0.0000,0.0000,8.9340
0.0000,0.0000,9.0390
0.0000,0.0000,8.3553
0.0000,0.0000,9.8925
0.0000,0.0000,5.5302
0.0000,0.0000,7.2782
0.0000,0.0000,7.5211
0.0000,0.0000,6.2279
0.0000,0.0000,5.1538
0.0000,0.0000,6.3017
0.0000,0.0000,6.4260
0.0000,0.0000,7.7694
0.0000,0.0000,5.6900
0.0000,0.0000,8.0491
0.0000,0.0000,4.6956
0.0000,0.0000,4.5246
0.0000,0.0000,6.7865
1.2822,5.5650,5.7089
12.5667,54.5429,5.9135
23.1002,100.2613,6.4002
30.6807,133.1626,6.7823
43.9106,190.5842,5.7099
57.3110,248.7457,6.2434
59.2629,257.2175,7.6508
67.1402,291.4069,4.7994
73.9772,321.0816,3.2219
82.7691,359.2409,3.6177
100.8590,437.7562,4.7796
94.4751,410.0480,3.8741
108.3159,470.1212,2.4112
114.0691,495.0918,5.2162
121.9413,529.2592,4.4711
129.0941,560.3041,3.5511
142.1422,616.9366,2.4526
126.5340,549.1926,1.0580
145.5781,631.8494,3.8255
135.0733,586.2556,-0.4517
153.2598,665.1900,0.8499
144.6929,628.0076,0.0852
151.9228,659.3873,0.7316
153.5120,666.2848,0.2181
146.7086,636.7560,-2.8059
142.9330,620.3690,1.7733
134.6879,584.5829,-0.6389
136.4543,592.2497,0.0192
127.6325,553.9606,1.2276
130.3026,565.5493,-1.9004
126.2297,547.8721,-2.9530
113.8242,494.0287,1.5735
107.7153,467.5143,-1.8533
87.2160,378.5415,-3.8500
91.1169,395.4726,-4.8346
80.9485,351.3391,-2.6313
78.9113,342.4968,-5.3138
65.1354,282.7057,-4.2115
56.2611,244.1886,-0.7240
43.3493,188.1478,-2.8432
34.2117,148.4881,-0.5986
25.2875,109.7549,-4.8246
12.9279,56.1108,-2.4409
2.9169,12.6602,-3.2870
0.0000,0.0000,-4.6100
0.0000,0.0000,-2.8372
0.0000,0.0000,-3.3469
0.0000,0.0000,0.9089
0.0000,0.0000,-1.8915
0.0000,0.0000,-0.4424
0.0000,0.0000,1.1261
0.0000,0.0000,1.6266
0.0000,0.0000,2.7881
0.0000,0.0000,2.5083
0.0000,0.0000,-0.3157
0.0000,0.0000,1.5528
0.0000,0.0000,0.3873
0.0000,0.0000,5.5388
0.0000,0.0000,1.1144
0.0000,0.0000,-0.3385
0.0000,0.0000,-1.2755
0.0000,0.0000,0.8881
0.0000,0.0000,1.1294
0.0000,0.0000,5.4270
0.0000,0.0000,2.1087
0.0000,0.0000,5.7884
0.0000,0.0000,5.3571
0.0000,0.0000,5.2952
0.0000,0.0000,1.9228
0.0000,0.0000,4.0614
0.0000,0.0000,6.9424
0.0000,0.0000,6.0042
0.0000,0.0000,5.4601
0.0000,0.0000,6.4829
0.0000,0.0000,7.8898
0.0000,0.0000,10.0346
0.0000,0.0000,7.4256
0.0000,0.0000,8.7294
0.0000,0.0000,7.6390
0.0000,0.0000,9.1135
0.0000,0.0000,6.8015
0.0000,0.0000,6.3994
0.0000,0.0000,6.9069
0.0000,0.0000,7.9068
0.0000,0.0000,6.6597
0.0000,0.0000,9.6238
0.0000,0.0000,9.0596
0.0000,0.0000,6.4918
0.0000,0.0000,5.2985
0.0000,0.0000,10.4469
0.0000,0.0000,8.5369
0.0000,0.0000,9.4894
0.0000,0.0000,6.8375
0.0000,0.0000,7.2121
0.0000,0.0000,8.3704
0.0000,0.0000,9.8369
0.5667,2.4594,3.5867
12.1662,52.8048,5.8175
22.4737,97.5420,7.4269
30.4755,132.2721,7.3074
41.8762,181.7543,7.2537
52.8190,229.2489,6.2488
64.0263,277.8919,4.6333
71.9630,312.3394,3.9357
84.1647,365.2982,2.2799
89.8958,390.1725,4.2909
97.9513,425.1360,2.6979
99.5403,432.0324,3.2959
109.0064,473.1180,1.6643
116.6435,506.2652,4.0247
113.1697,491.1881,2.8060
121.1091,525.6472,5.1026
138.5848,601.4965,3.1134
135.1264,586.4862,3.8001
139.2622,604.4366,-0.8233
137.1327,595.1940,1.9079
144.1391,625.6038,0.2905
143.1777,621.4312,2.4095
137.6411,597.4006,2.2173
139.4270,605.1519,0.3951
151.1686,656.1136,1.0158
139.1743,604.0552,-2.4782
144.8608,628.7360,1.1395
133.7244,580.4011,-3.4268
132.0918,573.3151,0.7596
115.6333,501.8805,-0.5290
115.9249,503.1461,-1.4652
115.5184,501.3820,-0.6264
112.9423,490.2010,-2.1049
91.8459,398.6366,0.5974
96.5030,418.8499,-2.9786
81.0142,351.6240,-1.6600
77.9853,338.4778,-1.4161
63.9249,277.4518,-2.5643
50.9812,221.2724,-6.4682
43.8942,190.5131,-1.1453
34.5561,149.9831,-0.8112
22.5974,98.0789,0.1248
12.5265,54.3687,-3.0742
2.4168,10.4897,-2.2706
0.0000,0.0000,-2.7216
0.0000,0.0000,-1.5966
0.0000,0.0000,-1.4259
0.0000,0.0000,-1.1475
0.0000,0.0000,1.1076
0.0000,0.0000,-1.2201
0.0000,0.0000,-2.1335
0.0000,0.0000,-3.6262
0.0000,0.0000,0.9315
0.0000,0.0000,1.4872
0.0000,0.0000,0.3314
0.0000,0.0000,-0.1514
0.0000,0.0000,2.6287
0.0000,0.0000,3.6450
0.0000,0.0000,0.7260
0.0000,0.0000,3.4087
0.0000,0.0000,2.9336
0.0000,0.0000,4.5449
0.0000,0.0000,0.0348
0.0000,0.0000,1.6114
0.0000,0.0000,5.3685
0.0000,0.0000,3.7565
0.0000,0.0000,4.8317
0.0000,0.0000,4.0806
0.0000,0.0000,4.5363
0.0000,0.0000,2.9382
0.0000,0.0000,5.0547
0.0000,0.0000,6.2264
0.0000,0.0000,7.4691
0.0000,0.0000,7.9816
0.0000,0.0000,6.7033
0.0000,0.0000,5.3687
0.0000,0.0000,8.6119
0.0000,0.0000,6.7724
0.0000,0.0000,6.5657
0.0000,0.0000,9.3898
0.0000,0.0000,6.6847
0.0000,0.0000,6.4201
0.0000,0.0000,4.9710
0.0000,0.0000,7.3442
0.0000,0.0000,5.1722
0.0000,0.0000,9.6432
0.0000,0.0000,6.2454
0.0000,0.0000,8.4974
0.0000,0.0000,9.1158
0.0000,0.0000,10.2298
0.0000,0.0000,5.4413
0.0000,0.0000,5.4553
0.0000,0.0000,7.6980
0.0000,0.0000,9.5442
0.0000,0.0000,6.7461
0.0000,0.0000,7.7204
0.0000,0.0000,7.7188
11.6397,50.5196,5.2465
23.1525,100.4883,8.8407
30.7988,133.6754,6.1834
44.2258,191.9524,5.5267
51.2562,222.4659,5.5788
61.4094,266.5338,3.9483
74.2446,322.2422,5.4179
83.8785,364.0560,3.9531
88.9962,386.2683,3.8989
102.6095,445.3538,4.7319
99.8630,433.4330,2.6247
111.5374,484.1032,2.6464
112.7871,489.5274,5.5846
125.2393,543.5732,1.2938
135.8102,589.4542,2.4893
130.9588,568.3975,4.0670
141.0243,612.0847,-2.2913
128.9977,559.8860,1.1886
132.4709,574.9605,0.5859
131.8167,572.1208,-1.4659
148.9850,646.6364,4.2062
138.7061,602.0228,0.5865
139.7007,606.3399,-0.1512
126.3021,548.1861,-1.5106
148.0686,642.6588,0.1210
133.7757,580.6237,1.0851
136.9431,594.3710,-1.0344
123.7077,536.9259,1.2399
115.9130,503.0946,-1.4547
112.4207,487.9369,-2.1397
102.7644,446.0260,-4.0856
104.4397,453.2975,-3.7478
93.8916,407.5157,-2.2607
78.7597,341.8390,-0.3665
78.0603,338.8036,-1.1153
70.9260,307.8386,-4.3200
67.0854,291.1694,-1.9511
49.8468,216.3489,-3.2240
42.3276,183.7135,-3.2096
32.1873,139.7016,-4.6950
23.1846,100.6275,-2.3001
12.0968,52.5034,-2.8144
1.7432,7.5661,0.4769
0.0000,0.0000,-3.0452
0.0000,0.0000,-2.7607
0.0000,0.0000,-2.7446
0.0000,0.0000,-0.6871
0.0000,0.0000,0.1665
0.0000,0.0000,-3.6487
0.0000,0.0000,-4.4597
0.0000,0.0000,-2.9744
0.0000,0.0000,-2.0170
0.0000,0.0000,0.0329
0.0000,0.0000,0.1145
0.0000,0.0000,-1.3778
0.0000,0.0000,0.3461
0.0000,0.0000,2.2462
0.0000,0.0000,-0.0179
0.0000,0.0000,-0.0998
0.0000,0.0000,1.2909
0.0000,0.0000,2.4389
0.0000,0.0000,4.2155
0.0000,0.0000,3.8735
0.0000,0.0000,4.1795
0.0000,0.0000,1.6132
0.0000,0.0000,3.4992
0.0000,0.0000,3.4396
0.0000,0.0000,6.3270
0.0000,0.0000,5.0926
0.0000,0.0000,2.6089
0.0000,0.0000,5.6493
0.0000,0.0000,5.7420
0.0000,0.0000,7.6503
0.0000,0.0000,5.8863
0.0000,0.0000,9.2062
0.0000,0.0000,7.9871
0.0000,0.0000,6.3501
0.0000,0.0000,6.8151
0.0000,0.0000,5.0088
0.0000,0.0000,7.0746
0.0000,0.0000,8.7400
0.0000,0.0000,8.1634
0.0000,0.0000,8.8847
0.0000,0.0000,6.0583
0.0000,0.0000,4.2958
0.0000,0.0000,9.4557
0.0000,0.0000,8.9210
0.0000,0.0000,8.7152
0.0000,0.0000,5.1968
0.0000,0.0000,8.9855
0.0000,0.0000,6.8501
0.0000,0.0000,7.5482
0.0000,0.0000,7.2402
0.0000,0.0000,8.8499
0.0000,0.0000,7.4484
0.0000,0.0000,3.8616
10.8699,47.1783,6.2001
20.0828,87.1650,7.5789
31.2660,135.7033,7.6112
38.6039,167.5516,5.1849
54.6985,237.4065,5.1282
61.7473,268.0004,2.8779
65.5641,284.5662,3.6755
80.1464,347.8576,2.9228
87.9195,381.5951,5.8839
99.9782,433.9333,0.3068
96.8144,420.2015,2.2610
109.2563,474.2028,1.7266
105.8707,459.5084,2.5476
124.3168,539.5695,4.7772
128.9228,559.5607,-0.4281
120.9830,525.0999,-0.4738
143.4816,622.7501,0.1613
135.3995,587.6716,-1.1517
144.9801,629.2539,1.7202
130.8050,567.7302,1.6909
147.9259,642.0394,-0.5570
130.2912,565.5000,0.3799
150.9108,654.9948,-0.5492
149.4458,648.6363,-2.1042
139.7228,606.4359,-2.4416
133.4941,579.4014,0.3659
125.5215,544.7983,1.3180
133.2681,578.4207,-0.5147
114.8153,498.3302,-3.3823
123.1756,534.6165,-2.1699
114.5183,497.0412,0.1179
104.2067,452.2858,-4.3688
101.3570,439.9174,-1.8996
79.6581,345.7383,-1.9980
72.8537,316.2054,-3.4315
72.7150,315.6032,-4.5260
61.1764,265.5225,-1.9345
51.4617,223.3582,-2.5189
38.2654,166.0823,-2.3245
33.3938,144.9384,-3.0900
21.1033,91.5941,-3.2032
12.8113,55.6046,-3.8367
1.0967,4.7599,-2.1713
0.0000,0.0000,-2.6688
0.0000,0.0000,-1.9144
0.0000,0.0000,-3.8283
0.0000,0.0000,-3.2043
0.0000,0.0000,-2.2118
0.0000,0.0000,0.5692
0.0000,0.0000,0.9806
0.0000,0.0000,-2.1912
0.0000,0.0000,-1.1348
0.0000,0.0000,-1.5301
0.0000,0.0000,-0.9011
0.0000,0.0000,-0.3235
0.0000,0.0000,1.6663
0.0000,0.0000,0.9371
0.0000,0.0000,0.1221
0.0000,0.0000,3.6502
0.0000,0.0000,0.9074
0.0000,0.0000,-0.1374
0.0000,0.0000,2.7307
0.0000,0.0000,0.3712
0.0000,0.0000,4.8843
0.0000,0.0000,3.3483
0.0000,0.0000,1.6066
0.0000,0.0000,3.5127
0.0000,0.0000,3.5058
0.0000,0.0000,3.6898
0.0000,0.0000,5.8949
0.0000,0.0000,8.0060
0.0000,0.0000,5.4472
0.0000,0.0000,7.6709
0.0000,0.0000,6.1376
0.0000,0.0000,7.9925
0.0000,0.0000,7.7999
0.0000,0.0000,7.0430
0.0000,0.0000,7.0558
0.0000,0.0000,6.3995
0.0000,0.0000,7.6397
0.0000,0.0000,5.8894
0.0000,0.0000,9.4632
0.0000,0.0000,9.1561
0.0000,0.0000,7.6979
0.0000,0.0000,8.1477
0.0000,0.0000,4.5815
0.0000,0.0000,9.8373
0.0000,0.0000,7.3254
0.0000,0.0000,8.6174
0.0000,0.0000,6.5919
0.0000,0.0000,7.6460
0.0000,0.0000,6.5384
0.0000,0.0000,7.0776
0.0000,0.0000,2.1714
0.0000,0.0000,5.7106
0.0000,0.0000,6.7773
10.2501,44.4884,5.6179
19.4922,84.6015,6.8950
30.8912,134.0764,5.8194
39.4629,171.2799,1.9809
53.6890,233.0251,7.9749
58.1245,252.2764,4.4289
67.7207,293.9268,5.6122
83.2933,361.5159,4.0608
85.0395,369.0949,4.2650
97.0854,421.3775,2.7590
108.9122,472.7094,2.9545
103.8577,450.7712,-0.3512
110.1429,478.0509,1.0727
123.8919,537.7252,3.2504
134.1449,582.2263,1.7632
122.5962,532.1016,0.8361
123.9663,538.0483,1.3648
121.3909,526.8704,-1.6587
124.0279,538.3154,-1.5203
143.5463,623.0310,0.1137
130.1842,565.0358,-2.2582
143.9967,624.9856,-1.1969
150.0590,651.2975,-0.2520
137.8145,598.1533,0.9257
130.3043,565.5570,0.3523
133.7863,580.6696,-2.5227
139.6557,606.1448,-2.5413
131.7827,571.9738,-3.9507
117.1300,508.3766,-4.1384
115.0303,499.2634,-2.0307
107.3632,465.9861,-4.6343
94.5127,410.2113,-2.7991
102.7896,446.1354,-2.2210
83.6883,363.2306,-1.8367
72.3185,313.8825,-4.1456
71.8339,311.7789,-2.1537
58.5232,254.0070,-4.9641
56.2652,244.2065,-2.6452
40.3447,175.1071,-3.0813
32.7677,142.2209,-2.9015
22.7134,98.5824,-1.0157
9.9346,43.1191,-2.2179
0.5860,2.5433,-2.8962
0.0000,0.0000,-3.1141
0.0000,0.0000,-0.6144
0.0000,0.0000,-3.1595
0.0000,0.0000,-0.0144
0.0000,0.0000,0.9720
0.0000,0.0000,-0.3605
0.0000,0.0000,1.2446
0.0000,0.0000,-1.9177
0.0000,0.0000,-1.9145
0.0000,0.0000,-0.5144
0.0000,0.0000,-1.5111
0.0000,0.0000,-2.8211
0.0000,0.0000,0.3044
0.0000,0.0000,1.2772
0.0000,0.0000,-0.5095
0.0000,0.0000,0.1739
0.0000,0.0000,2.3667
0.0000,0.0000,1.6568
0.0000,0.0000,1.4439
0.0000,0.0000,3.1145
0.0000,0.0000,0.8931
0.0000,0.0000,3.9115
0.0000,0.0000,5.7822
0.0000,0.0000,3.4736
0.0000,0.0000,3.0282
0.0000,0.0000,5.6007
0.0000,0.0000,2.3685
0.0000,0.0000,4.2726
0.0000,0.0000,5.5321
0.0000,0.0000,3.3861
0.0000,0.0000,3.0430
0.0000,0.0000,4.0341
0.0000,0.0000,5.3564
0.0000,0.0000,3.0959
0.0000,0.0000,6.1566
0.0000,0.0000,5.9457
0.0000,0.0000,6.1412
0.0000,0.0000,5.9597
0.0000,0.0000,6.8132
0.0000,0.0000,6.9200
0.0000,0.0000,4.8473
0.0000,0.0000,8.0228
0.0000,0.0000,6.6081
0.0000,0.0000,9.1595
0.0000,0.0000,5.5482
0.0000,0.0000,7.3099
0.0000,0.0000,8.3187
0.0000,0.0000,4.8730
0.0000,0.0000,5.0278
0.0000,0.0000,6.2977
0.0000,0.0000,4.9203
0.0000,0.0000,5.3564
0.0000,0.0000,6.4062
8.5922,37.2925,6.4382
19.4076,84.2342,8.4294
30.8507,133.9006,8.2119
39.9822,173.5340,4.5281
49.1686,213.4053,4.0336
57.6224,250.0972,3.2024
64.1530,278.4418,5.4205
78.1960,339.3923,2.9091
84.0117,364.6342,3.3314
92.8658,403.0633,3.4655
94.1368,408.5800,0.8810
97.5464,423.3784,4.5197
115.9323,503.1783,-0.2652
117.5621,510.2521,2.1176
117.7885,511.2350,2.9484
130.5440,566.5973,0.6960
115.4028,500.8801,1.3047
139.1491,603.9456,1.3858
144.5986,627.5981,-0.2223
140.5949,610.2211,-0.1329
132.8256,576.4999,-1.5023
131.0899,568.9666,-1.4765
140.7676,610.9706,0.2278
136.8834,594.1121,-2.8348
136.3832,591.9409,-1.4605
135.4117,587.7244,-2.5752
121.4760,527.2397,-3.6588
125.1975,543.3919,-3.4977
121.4616,527.1772,-2.0983
109.6616,475.9620,-4.0126
115.6142,501.7979,-2.4430
99.3958,431.4055,-4.3937
89.4853,388.3910,-3.8290
84.4915,366.7165,-4.0078
80.4460,349.1578,-3.7939
65.4351,284.0066,-5.1677
60.8958,264.3047,-3.5158
53.0760,230.3644,-1.7638
42.1810,183.0771,-4.8708
31.9651,138.7372,-4.6079
21.6061,93.7763,-4.3660
10.4879,45.5204,-3.4051
0.0000,0.0000,-3.2530
0.0000,0.0000,-4.3119
0.0000,0.0000,-4.9200
0.0000,0.0000,-1.9107
0.0000,0.0000,-3.3632
0.0000,0.0000,-1.7772
0.0000,0.0000,-1.6919
0.0000,0.0000,-4.8228
0.0000,0.0000,-1.6843
0.0000,0.0000,-0.4879
0.0000,0.0000,-0.2571
0.0000,0.0000,-0.4849
0.0000,0.0000,-2.6059
0.0000,0.0000,-2.4829
0.0000,0.0000,-0.0014
0.0000,0.0000,3.3010
0.0000,0.0000,1.0266
0.0000,0.0000,2.4403
0.0000,0.0000,-0.5439
0.0000,0.0000,-0.5705
0.0000,0.0000,1.2452
0.0000,0.0000,1.8167
0.0000,0.0000,2.8477
0.0000,0.0000,3.6303
0.0000,0.0000,1.3869
0.0000,0.0000,2.9800
0.0000,0.0000,3.8539
0.0000,0.0000,4.1233
0.0000,0.0000,1.9021
0.0000,0.0000,3.1544
0.0000,0.0000,7.8631
0.0000,0.0000,3.3949
0.0000,0.0000,4.3741
0.0000,0.0000,6.3085
0.0000,0.0000,8.3236
0.0000,0.0000,4.4227
0.0000,0.0000,3.2627
0.0000,0.0000,5.7212
0.0000,0.0000,8.8361
0.0000,0.0000,6.1776
0.0000,0.0000,4.6148
0.0000,0.0000,8.3138
0.0000,0.0000,6.0231
0.0000,0.0000,9.0189
0.0000,0.0000,7.8605
0.0000,0.0000,4.6111
0.0000,0.0000,6.2210
0.0000,0.0000,6.0045
0.0000,0.0000,6.8364
0.0000,0.0000,7.8642
0.0000,0.0000,5.3476
0.0000,0.0000,5.8643
0.0000,0.0000,6.0963
0.0000,0.0000,4.9460
7.9684,34.5852,6.0130
20.4576,88.7916,4.4757
28.1209,122.0527,5.7877
38.4596,166.9252,5.1648
47.9482,208.1084,5.9487
61.5282,267.0495,6.3883
65.7777,285.4936,6.0162
69.1146,299.9767,4.5013
86.8053,376.7593,3.3167
94.1895,408.8084,4.4636
98.9703,429.5584,3.9580
108.2212,469.7101,3.5411
111.2538,482.8725,1.9301
109.9491,477.2094,0.4935
120.4511,522.7913,1.3002
130.2972,565.5262,1.5314
128.5545,557.9623,2.0987
142.2135,617.2459,-0.7180
139.7927,606.7391,3.3730
142.5088,618.5276,0.2278
139.5578,605.7198,-2.5805
140.1489,608.2853,-2.5801
131.4010,570.3168,-2.0256
126.4268,548.7272,-1.6622
134.8114,585.1190,-2.7519
122.9139,533.4803,-2.8336
131.2079,569.4787,-2.3227
117.3310,509.2490,-2.1125
114.2615,495.9268,-2.9109
113.4925,492.5890,-2.2731
90.1100,391.1025,-4.3549
102.1376,443.3056,-4.2815
97.2755,422.2029,-4.4731
82.5356,358.2275,-4.1039
75.1080,325.9897,-2.7101
66.0638,286.7351,-0.2400
60.8631,264.1627,-4.4963
53.7106,233.1191,-4.4751
43.6772,189.5714,-6.6605
29.4377,127.7678,-1.5366
21.1425,91.7644,-6.1109
10.0471,43.6071,-1.4604
0.0000,0.0000,-2.9825
0.0000,0.0000,-3.2257
0.0000,0.0000,-2.0031
0.0000,0.0000,-3.6795
0.0000,0.0000,-5.7965
0.0000,0.0000,-3.4175
0.0000,0.0000,-1.6716
0.0000,0.0000,-0.6340
0.0000,0.0000,-0.9581
0.0000,0.0000,0.5459
0.0000,0.0000,0.2618
0.0000,0.0000,-0.8912
0.0000,0.0000,-2.8377
0.0000,0.0000,-3.7020
0.0000,0.0000,-2.4740
0.0000,0.0000,-1.0308
0.0000,0.0000,-0.2224
0.0000,0.0000,-0.5679
0.0000,0.0000,2.1400
0.0000,0.0000,1.5272
0.0000,0.0000,3.0332
0.0000,0.0000,3.8056
0.0000,0.0000,2.1586
0.0000,0.0000,3.1340
0.0000,0.0000,5.8636
0.0000,0.0000,3.7278
0.0000,0.0000,4.8261
0.0000,0.0000,3.0827
0.0000,0.0000,4.9227
0.0000,0.0000,0.4943
0.0000,0.0000,6.8508
0.0000,0.0000,4.2234
0.0000,0.0000,4.7016
0.0000,0.0000,4.9400
0.0000,0.0000,4.7417
0.0000,0.0000,6.1628
0.0000,0.0000,7.0812
0.0000,0.0000,6.3243
0.0000,0.0000,3.9823
0.0000,0.0000,5.4625
0.0000,0.0000,7.6664
0.0000,0.0000,5.3482
0.0000,0.0000,4.5975
0.0000,0.0000,7.9658
0.0000,0.0000,6.5198
0.0000,0.0000,7.0103
0.0000,0.0000,8.0927
0.0000,0.0000,4.7104
0.0000,0.0000,6.2309
0.0000,0.0000,9.1261
0.0000,0.0000,7.0397
0.0000,0.0000,4.4912
0.0000,0.0000,5.2116
0.0000,0.0000,2.4530
7.5406,32.7283,3.7016
17.7875,77.2026,4.9734
27.4276,119.0436,7.6255
40.6699,176.5186,2.6213
46.8953,203.5388,8.4125
53.6782,232.9782,3.4019
61.8009,268.2333,5.6074
73.2590,317.9644,4.6129
82.7776,359.2776,1.7877
96.0775,417.0032,0.5992
92.2637,400.4503,2.7290
105.2743,456.9195,2.0111
100.6401,436.8059,0.3562
117.9570,511.9662,0.7170
125.5803,545.0535,2.8602
121.8225,528.7434,0.8394
135.9168,589.9166,0.9558
131.9381,572.6481,1.4379
132.9925,577.2245,2.7976
138.9085,602.9016,-1.3216
137.2892,595.8733,-1.1919
128.9344,559.6110,-0.5564
138.0318,599.0963,-0.2850
129.5937,562.4726,-2.9268
140.4775,609.7114,-2.4523
121.6977,528.2017,-2.4893
130.7547,567.5117,-3.7332
128.9576,559.7117,-2.2303
125.8982,546.4330,-4.5307
112.5724,488.5955,-1.3644
102.8188,446.2624,-2.5852
95.6851,415.2999,-3.6014
98.6466,428.1537,-4.2946
83.6166,362.9193,-3.2601
75.3918,327.2216,-2.2945
70.1565,304.4986,-6.5277
58.5308,254.0401,-1.2784
47.8689,207.7643,-4.8933
38.7314,168.1049,-5.0837
30.6845,133.1793,-4.1264
20.4086,88.5790,-2.4785
9.6021,41.6756,-3.7957
0.0000,0.0000,-4.2159
0.0000,0.0000,-5.4119
0.0000,0.0000,-4.3649
0.0000,0.0000,-2.3868
0.0000,0.0000,-3.2956
0.0000,0.0000,-3.9445
0.0000,0.0000,-2.6008
0.0000,0.0000,-1.5600
0.0000,0.0000,-0.2837
0.0000,0.0000,-0.4894
0.0000,0.0000,-0.6054
0.0000,0.0000,-2.1808
0.0000,0.0000,0.1154
0.0000,0.0000,2.5567
0.0000,0.0000,-0.3846
0.0000,0.0000,-1.7096
0.0000,0.0000,1.7046
0.0000,0.0000,1.8402
0.0000,0.0000,3.8881
0.0000,0.0000,2.6980
0.0000,0.0000,-0.7840
0.0000,0.0000,-1.0521
0.0000,0.0000,1.2652
0.0000,0.0000,2.7276
0.0000,0.0000,5.9526
0.0000,0.0000,-0.4828
0.0000,0.0000,5.0535
0.0000,0.0000,2.5277
0.0000,0.0000,3.1708
0.0000,0.0000,4.5035
0.0000,0.0000,3.1066
0.0000,0.0000,4.8766
0.0000,0.0000,3.1185
0.0000,0.0000,5.2378
0.0000,0.0000,7.1311
0.0000,0.0000,5.1581
0.0000,0.0000,5.4430
0.0000,0.0000,4.0492
0.0000,0.0000,7.3183
0.0000,0.0000,4.0207
0.0000,0.0000,7.6644
0.0000,0.0000,6.2864
0.0000,0.0000,3.8491
0.0000,0.0000,7.1984
0.0000,0.0000,7.5281
0.0000,0.0000,4.2895
0.0000,0.0000,5.7014
0.0000,0.0000,9.7224
0.0000,0.0000,5.6467
0.0000,0.0000,5.8759
0.0000,0.0000,4.1977
0.0000,0.0000,3.4222
0.0000,0.0000,6.2118
0.0000,0.0000,4.8062
6.6099,28.6886,2.5780
19.1803,83.2477,6.3620
25.8342,112.1278,3.2438
41.3170,179.3275,3.0110
46.9170,203.6328,5.8683
59.2430,257.1312,1.4317
62.1932,269.9356,2.6817
80.7196,350.3455,4.3463
78.2640,339.6875,4.5195
91.9750,399.1971,0.7971
105.8356,459.3560,1.9634
103.7819,450.4422,0.6621
110.8458,481.1018,2.2045
116.7137,506.5700,-0.0069
113.5449,492.8163,1.7728
125.2773,543.7382,0.8013
128.2005,556.4258,1.9102
129.0768,560.2293,-1.0605
134.8903,585.4615,-1.1273
146.3687,635.2810,-2.6621
147.3440,639.5140,-1.7814
141.1100,612.4565,-3.3478
131.5686,571.0441,-1.7149
143.1538,621.3271,-3.5208
141.6153,614.6497,-2.7716
126.4787,548.9525,-3.6347
126.5016,549.0523,-3.4346
119.6971,519.5186,-1.1206
116.0561,503.7155,-3.6902
110.8591,481.1593,-4.0669
108.7581,472.0402,-4.2499
101.2308,439.3698,-2.0712
95.4700,414.3661,-2.7284
85.4625,370.9310,-1.1489
71.0967,308.5793,-7.7516
73.3959,318.5587,-5.5016
61.4944,266.9028,-3.0856
46.9304,203.6911,-3.8641
39.4496,171.2224,-4.1295
31.0137,134.6082,-2.7040
19.4304,84.3331,-2.2130
8.8679,38.4892,-2.8257
0.0000,0.0000,-3.2312
0.0000,0.0000,-1.5159
0.0000,0.0000,-3.0919
0.0000,0.0000,-1.7832
0.0000,0.0000,-4.6709
0.0000,0.0000,-5.2766
0.0000,0.0000,-3.6210
0.0000,0.0000,-3.1121
0.0000,0.0000,-1.9245
0.0000,0.0000,-2.2593
0.0000,0.0000,-3.2371
0.0000,0.0000,-1.5678
0.0000,0.0000,-1.2935
0.0000,0.0000,-1.8652
0.0000,0.0000,0.0638
0.0000,0.0000,-0.7360
0.0000,0.0000,-0.1585
0.0000,0.0000,-0.7531
0.0000,0.0000,0.1002
0.0000,0.0000,2.1438
0.0000,0.0000,2.2816
0.0000,0.0000,1.0321
0.0000,0.0000,0.6970
0.0000,0.0000,4.9889
0.0000,0.0000,1.4847
0.0000,0.0000,2.7991
0.0000,0.0000,3.1769
0.0000,0.0000,3.5878
0.0000,0.0000,4.9202
0.0000,0.0000,5.3460
0.0000,0.0000,2.0596
0.0000,0.0000,3.8473
0.0000,0.0000,1.5401
0.0000,0.0000,3.6807
0.0000,0.0000,7.8882
0.0000,0.0000,3.5511
0.0000,0.0000,5.4848
0.0000,0.0000,6.3399
0.0000,0.0000,6.2110
0.0000,0.0000,7.8407
0.0000,0.0000,6.2853
0.0000,0.0000,2.9317
0.0000,0.0000,6.8494
0.0000,0.0000,8.4391
0.0000,0.0000,4.8214
0.0000,0.0000,5.9130
0.0000,0.0000,3.9850
0.0000,0.0000,7.2937
0.0000,0.0000,4.6342
0.0000,0.0000,4.3948
0.0000,0.0000,6.0667
0.0000,0.0000,6.2663
0.0000,0.0000,5.6628
0.0000,0.0000,5.8001
6.7074,29.1120,5.1696
14.6344,63.5176,2.9056
27.9503,121.3122,2.0203
40.4932,175.7520,5.5640
41.5441,180.3128,4.9680
57.8787,251.2095,4.1049
60.1349,261.0021,3.1953
74.1243,321.7200,3.3217
74.4317,323.0544,4.7527
87.7432,380.8300,3.6343
91.8790,398.7805,4.6937
109.3031,474.4060,1.5852
105.4801,457.8131,0.7307
119.2595,517.6195,-1.3410
121.2240,526.1458,1.3342
122.3895,531.2045,-1.2236
110.4865,479.5420,2.1779
127.5649,553.6672,-3.2483
135.5929,588.5110,-4.3340
139.2657,604.4517,-1.8362
117.2458,508.8794,-4.0778
131.6968,571.6005,-1.6252
123.9803,538.1091,-4.1120
139.2675,604.4594,-1.1265
126.1827,547.6679,-2.8228
127.7883,554.6367,-4.9449
121.9690,529.3796,-1.9688
122.3613,531.0821,-5.9465
110.0861,477.8040,-6.5891
102.1194,443.2266,-4.0418
106.4186,461.8864,-6.7469
99.5534,432.0895,-4.5518
88.3149,383.3113,-1.6147
87.2181,378.5510,-5.6099
69.4749,301.5402,-5.1988
64.6950,280.7942,-5.2878
55.6429,241.5056,-4.1471
48.7052,211.3939,-4.8670
40.8456,177.2811,-1.5593
26.3697,114.4519,-4.5965
16.8661,73.2035,-5.0051
7.7996,33.8522,-3.6174
0.0000,0.0000,-5.6741
0.0000,0.0000,-4.4599
0.0000,0.0000,-6.8920
0.0000,0.0000,-1.3509
0.0000,0.0000,-5.0760
0.0000,0.0000,-1.3606
0.0000,0.0000,-4.6498
0.0000,0.0000,-3.3599
0.0000,0.0000,-2.6565
0.0000,0.0000,-2.8232
0.0000,0.0000,-2.1390
0.0000,0.0000,-0.2060
0.0000,0.0000,-2.8729
0.0000,0.0000,-0.3997
0.0000,0.0000,-0.8404
0.0000,0.0000,-2.0205
0.0000,0.0000,-2.3666
0.0000,0.0000,1.8380
0.0000,0.0000,-2.5143
0.0000,0.0000,1.7570
0.0000,0.0000,0.6224
0.0000,0.0000,2.9386
0.0000,0.0000,2.3364
0.0000,0.0000,4.2835
0.0000,0.0000,4.7551
0.0000,0.0000,5.7096
0.0000,0.0000,1.9224
0.0000,0.0000,3.0933
0.0000,0.0000,1.9532
0.0000,0.0000,3.1748
0.0000,0.0000,2.8330
0.0000,0.0000,4.0777
0.0000,0.0000,2.8841
0.0000,0.0000,5.3587
0.0000,0.0000,4.7870
0.0000,0.0000,3.1795
0.0000,0.0000,3.7078
0.0000,0.0000,5.7251
0.0000,0.0000,3.3771
0.0000,0.0000,7.0362
0.0000,0.0000,4.0057
0.0000,0.0000,6.3537
0.0000,0.0000,4.6757
0.0000,0.0000,4.7639
0.0000,0.0000,7.5522
0.0000,0.0000,4.7826
0.0000,0.0000,6.5844
0.0000,0.0000,5.0954
0.0000,0.0000,5.4256
0.0000,0.0000,6.1400
0.0000,0.0000,6.3369
0.0000,0.0000,6.7210
0.0000,0.0000,5.3916
0.0000,0.0000,2.5442
6.1446,26.6692,4.5374
16.3572,70.9947,3.5405
27.0440,117.3783,4.4644
35.8729,155.6983,2.9534
45.3440,196.8054,2.5548
51.4924,223.4912,3.8614
65.4175,283.9301,3.9637
67.1053,291.2559,4.6210
71.8627,311.9040,0.9357
89.9865,390.5663,0.9617
104.0438,451.5790,3.6104
104.1124,451.8769,3.8619
113.2760,491.6493,0.5433
122.3609,531.0801,-0.1741
115.4637,501.1443,1.7218
116.9499,507.5950,-0.0101
132.1445,573.5436,-1.4184
134.0012,581.6023,-2.2500
133.9268,581.2794,-2.2022
131.9086,572.5201,-3.7418
145.7424,632.5627,-1.9290
125.2564,543.6474,-2.9290
145.1405,629.9500,-5.0923
143.6906,623.6569,-2.2783
127.5878,553.7663,-2.0552
129.7079,562.9683,-4.8905
127.9450,555.3167,-3.3924
111.6043,484.3935,-4.9934
116.9152,507.4442,-4.4646
109.7184,476.2084,-2.7081
112.0393,486.2817,-6.6543
94.2075,408.8867,-5.3355
95.4325,414.2036,-3.0220
78.6970,341.5670,-5.1195
73.0092,316.8801,-3.2427
62.4671,271.1247,-4.2687
58.2778,252.9417,-2.4376
49.9251,216.6888,-4.3182
40.5113,175.8303,-5.6566
28.3798,123.1761,-6.2096
19.4428,84.3872,-2.4638
7.4807,32.4683,-4.9215
0.0000,0.0000,-4.7039
0.0000,0.0000,-1.9005
0.0000,0.0000,-4.5164
0.0000,0.0000,-2.5857
0.0000,0.0000,-4.7379
0.0000,0.0000,-3.2928
0.0000,0.0000,-4.2214
0.0000,0.0000,-4.8942
0.0000,0.0000,-4.6777
0.0000,0.0000,-3.1626
0.0000,0.0000,-2.2853
0.0000,0.0000,-2.5069
0.0000,0.0000,-0.2807
0.0000,0.0000,0.4609
0.0000,0.0000,0.4311
0.0000,0.0000,-1.6310
0.0000,0.0000,4.1813
0.0000,0.0000,-0.0635
0.0000,0.0000,-0.1869
0.0000,0.0000,2.5746
0.0000,0.0000,0.8604
0.0000,0.0000,-0.1283
0.0000,0.0000,1.2528
0.0000,0.0000,3.3340
0.0000,0.0000,0.8991
0.0000,0.0000,1.6802
0.0000,0.0000,4.5083
0.0000,0.0000,1.1666
0.0000,0.0000,2.3441
0.0000,0.0000,2.8377
0.0000,0.0000,3.0765
0.0000,0.0000,5.8833
0.0000,0.0000,3.3411
0.0000,0.0000,6.7927
0.0000,0.0000,3.2774
0.0000,0.0000,3.6573
0.0000,0.0000,3.1655
0.0000,0.0000,4.6935
0.0000,0.0000,5.5264
0.0000,0.0000,5.0414
0.0000,0.0000,6.3008
0.0000,0.0000,7.1620
0.0000,0.0000,6.5684
0.0000,0.0000,4.0120
0.0000,0.0000,8.3386
0.0000,0.0000,4.4440
0.0000,0.0000,6.6740
0.0000,0.0000,4.7609
0.0000,0.0000,4.6754
0.0000,0.0000,4.2906
0.0000,0.0000,6.2477
0.0000,0.0000,7.0875
0.0000,0.0000,4.0257
0.0000,0.0000,7.2364
5.3644,23.2828,3.7384
15.0454,65.3010,2.1722
25.8668,112.2690,4.2239
34.7968,151.0280,1.9488
45.5775,197.8192,3.8157
51.3193,222.7399,2.7092
59.8484,259.7586,1.5086
66.8058,289.9558,1.3319
82.9676,360.1025,1.8907
93.1577,404.3304,1.5554
96.1865,417.4761,2.9302
102.5951,445.2912,0.5192
110.3118,478.7840,0.2726
108.4063,470.5135,3.2376
114.3606,496.3569,-1.7930
125.0790,542.8778,-1.2875
120.7206,523.9609,-2.3750
127.6625,554.0906,-2.5655
120.7007,523.8746,-2.0302
130.7837,567.6375,-4.1368
135.7628,589.2484,-0.9376
130.0807,564.5862,-2.6335
135.3315,587.3765,-2.7395
139.1836,604.0957,-4.2559
121.7507,528.4318,-3.6485
119.0486,516.7039,-5.7331
124.7296,541.3611,-4.5232
118.0728,512.4687,-2.3674
114.6458,497.5946,-5.6169
102.0489,442.9207,-4.3034
100.6870,437.0098,-4.8806
93.4594,405.6399,-5.0020
91.0865,395.3406,-4.5596
76.5044,332.0504,-1.0858
70.1350,304.4052,-5.3889
63.6687,276.3399,-4.4458
61.6385,267.5283,-4.1578
48.6127,210.9925,-5.1326
40.0594,173.8688,-4.3092
26.5183,115.0969,-3.3956
17.1255,74.3296,-3.9916
7.5172,32.6265,-5.7589
0.0000,0.0000,-1.1303
0.0000,0.0000,-3.7004
0.0000,0.0000,-3.4156
0.0000,0.0000,-1.0201
0.0000,0.0000,-3.1019
0.0000,0.0000,-2.3132
0.0000,0.0000,-5.4814
0.0000,0.0000,-2.5781
0.0000,0.0000,-4.0653
0.0000,0.0000,-4.1966
0.0000,0.0000,-3.0078
0.0000,0.0000,-4.0032
0.0000,0.0000,-1.2696
0.0000,0.0000,-3.6108
0.0000,0.0000,-1.0701
0.0000,0.0000,-1.9960
0.0000,0.0000,-1.6457
0.0000,0.0000,-1.6547
0.0000,0.0000,-1.7698
0.0000,0.0000,3.4837
0.0000,0.0000,-0.4264
0.0000,0.0000,0.9883
0.0000,0.0000,1.7229
0.0000,0.0000,0.5837
0.0000,0.0000,3.1487
0.0000,0.0000,0.0959
0.0000,0.0000,3.7483
0.0000,0.0000,1.8920
0.0000,0.0000,3.7476
0.0000,0.0000,3.8087
0.0000,0.0000,4.6323
0.0000,0.0000,5.1106
0.0000,0.0000,5.7409
0.0000,0.0000,4.3762
0.0000,0.0000,4.5982
0.0000,0.0000,4.3242
0.0000,0.0000,5.4101
0.0000,0.0000,5.3312
0.0000,0.0000,4.5453
0.0000,0.0000,6.5479
0.0000,0.0000,5.5253
0.0000,0.0000,4.8875
0.0000,0.0000,2.1459
0.0000,0.0000,2.6988
0.0000,0.0000,6.2544
0.0000,0.0000,4.3009
0.0000,0.0000,5.9315
0.0000,0.0000,7.3499
0.0000,0.0000,3.8036
0.0000,0.0000,5.1938
0.0000,0.0000,4.7543
0.0000,0.0000,1.2714
0.0000,0.0000,2.7421
0.0000,0.0000,3.3368
5.0129,21.7574,4.6897
16.3994,71.1781,1.3262
24.1712,104.9098,3.9785
38.1918,165.7629,2.7434
42.7979,185.7549,5.5077
45.5810,197.8341,4.5573
61.9419,268.8451,4.5620
71.6562,311.0078,3.1488
84.3125,365.9395,2.6782
89.6987,389.3174,1.2555
94.9777,412.2294,2.3692
106.9704,464.2812,2.5314
115.9979,503.4630,0.0798
108.2754,469.9453,1.2422
116.8849,507.3129,-4.2422
116.2496,504.5555,-3.4768
120.8447,524.4998,-3.6896
133.8811,581.0810,-1.4829
115.0819,499.4874,-3.4311
142.1440,616.9446,-2.2067
126.2257,547.8547,-0.5926
131.0709,568.8840,-2.7400
131.2341,569.5922,-3.0563
126.6685,549.7764,-4.3144
129.1196,560.4150,-4.3751
129.8198,563.4541,-3.0108
121.4388,527.0779,-3.5161
126.4126,548.6659,-5.6909
109.7089,476.1669,-6.0129
112.1249,486.6534,-6.4234
101.8512,442.0623,-5.7586
88.5455,384.3120,-5.4301
91.4886,397.0861,-2.9464
88.6542,384.7840,-4.1481
76.4344,331.7466,-5.8995
60.6273,263.1394,-6.9214
52.6754,228.6259,-4.7013
41.5113,180.1704,-4.0103
36.4985,158.4137,-4.8870
27.6467,119.9944,-6.5213
15.7881,68.5247,-1.7351
6.7001,29.0805,-2.1605
0.0000,0.0000,-4.7386
0.0000,0.0000,-6.0617
0.0000,0.0000,-3.2741
0.0000,0.0000,-4.9729
0.0000,0.0000,-2.6884
0.0000,0.0000,-5.2547
0.0000,0.0000,-3.9584
0.0000,0.0000,-3.4149
0.0000,0.0000,-3.5941
0.0000,0.0000,-3.3726
0.0000,0.0000,-2.0753
0.0000,0.0000,-3.3584
0.0000,0.0000,-0.7513
0.0000,0.0000,-2.9415
0.0000,0.0000,-0.5005
0.0000,0.0000,0.8220
0.0000,0.0000,1.3014
0.0000,0.0000,-0.9404
0.0000,0.0000,-1.3174
0.0000,0.0000,-4.0936
0.0000,0.0000,2.0712
0.0000,0.0000,1.3369
0.0000,0.0000,-1.2754
0.0000,0.0000,0.4451
0.0000,0.0000,1.1614
0.0000,0.0000,1.0898
0.0000,0.0000,2.5837
0.0000,0.0000,1.7097
0.0000,0.0000,3.5778
0.0000,0.0000,-0.1201
0.0000,0.0000,2.2979
0.0000,0.0000,4.9470
0.0000,0.0000,2.8966
0.0000,0.0000,5.8863
0.0000,0.0000,1.1648
0.0000,0.0000,4.8754
0.0000,0.0000,3.2636
0.0000,0.0000,3.9424
0.0000,0.0000,1.5434
0.0000,0.0000,3.3546
0.0000,0.0000,7.2552
0.0000,0.0000,2.8316
0.0000,0.0000,4.1310
0.0000,0.0000,6.2138
0.0000,0.0000,5.1501
0.0000,0.0000,6.7145
0.0000,0.0000,4.7162
0.0000,0.0000,4.6783
0.0000,0.0000,5.2179
0.0000,0.0000,4.3008
0.0000,0.0000,3.6419
0.0000,0.0000,4.7300
0.0000,0.0000,5.5568
0.0000,0.0000,4.8307
4.5477,19.7384,2.6577
12.5177,54.3304,5.2843
25.0331,108.6505,0.9372
34.6892,150.5607,3.0808
43.5040,188.8194,1.9248
52.2141,226.6235,1.1677
63.9460,277.5436,0.7070
66.7516,289.7204,-0.4876
80.1299,347.7860,1.6840
87.4432,379.5276,1.9677
97.4460,422.9428,1.0309
90.1902,391.4507,-2.1946
101.6180,441.0506,0.2378
121.8786,528.9868,-2.9019
112.6624,488.9862,-0.5076
113.1859,491.2584,-2.5379
120.5037,523.0197,-0.6702
110.6574,480.2837,-2.5172
127.6634,554.0945,-2.6252
124.9938,542.5079,-0.0566
125.5431,544.8918,-3.5846
132.8190,576.4712,-3.1188
131.0370,568.7371,-1.3535
123.6463,536.6594,-2.4522
124.5415,540.5446,-4.2835
132.9137,576.8822,-6.7573
119.1399,517.1001,-5.5985
105.3781,457.3704,-5.0511
111.2453,482.8354,-1.5527
98.2901,426.6063,-3.0500
96.8181,420.2173,-5.1810
93.3838,405.3115,-5.8003
89.9377,390.3545,-3.9575
77.1655,334.9196,-2.2537
71.6515,310.9872,-2.6858
56.1954,243.9036,-4.9150
49.4061,214.4362,-7.1468
42.5580,184.7134,-5.5924
37.9115,164.5464,-5.6571
24.4750,106.2283,-4.2820
15.0360,65.2604,-2.0142
6.1654,26.7594,-2.7171
0.0000,0.0000,-5.1468
0.0000,0.0000,-6.1976
0.0000,0.0000,-5.1564
0.0000,0.0000,-4.1245
0.0000,0.0000,-3.7758
0.0000,0.0000,-3.8025
0.0000,0.0000,-5.5611
0.0000,0.0000,-5.7016
0.0000,0.0000,-0.1794
0.0000,0.0000,-2.8843
0.0000,0.0000,-3.1628
0.0000,0.0000,-2.8251
0.0000,0.0000,-3.7045
0.0000,0.0000,-0.6892
0.0000,0.0000,0.5458
0.0000,0.0000,0.9942
0.0000,0.0000,-1.7843
0.0000,0.0000,-1.1070
0.0000,0.0000,-2.4868
0.0000,0.0000,0.5037
0.0000,0.0000,1.1876
0.0000,0.0000,1.1550
0.0000,0.0000,1.6734
0.0000,0.0000,-0.0804
0.0000,0.0000,2.5559
0.0000,0.0000,3.4836
0.0000,0.0000,2.4303
0.0000,0.0000,2.4590
0.0000,0.0000,3.6971
0.0000,0.0000,1.1867
0.0000,0.0000,1.8349
0.0000,0.0000,4.2401
0.0000,0.0000,2.1728
0.0000,0.0000,4.2188
0.0000,0.0000,4.6082
0.0000,0.0000,4.6591
0.0000,0.0000,5.4341
0.0000,0.0000,8.9551
0.0000,0.0000,4.7156
0.0000,0.0000,3.2176
0.0000,0.0000,5.1031
0.0000,0.0000,8.7636
0.0000,0.0000,3.5337
0.0000,0.0000,4.0362
0.0000,0.0000,4.0706
0.0000,0.0000,5.3935
0.0000,0.0000,4.1550
0.0000,0.0000,4.6913
0.0000,0.0000,3.8036
0.0000,0.0000,4.8768
0.0000,0.0000,5.5751
0.0000,0.0000,6.1543
0.0000,0.0000,5.6990
0.0000,0.0000,2.4253
4.0656,17.6460,3.3941
14.3387,62.2340,3.9101
24.6391,106.9405,4.8146
34.9235,151.5779,4.8012
38.9382,169.0027,4.2012
50.7152,220.1180,5.8440
59.4588,258.0677,2.9857
69.8098,302.9940,0.6884
81.7722,354.9139,0.7163
83.9495,364.3642,-1.9124
93.3079,404.9823,2.1319
98.2762,426.5462,1.3334
114.4354,496.6812,-0.1432
112.9770,490.3515,-3.9963
119.4071,518.2599,-2.1293
126.5422,549.2281,-3.4595
119.1419,517.1089,-0.3465
110.0954,477.8446,-2.1910
129.3819,561.5533,-1.5539
119.9191,520.4822,-1.6163
131.0847,568.9440,-2.9652
122.2484,530.5918,-2.5519
134.1251,582.1401,-4.1368
117.6297,510.5456,-3.9775
132.2243,573.8900,-1.1617
128.3997,557.2903,-2.9392
113.9813,494.7104,-5.3304
112.6899,489.1056,-4.6206
115.3167,500.5064,-3.8187
102.0418,442.8900,-5.6039
99.7084,432.7624,-4.6108
92.7686,402.6415,-2.9887
79.8829,346.7141,-2.4440
80.0639,347.4997,-3.3745
74.4916,323.3143,-4.4050
64.3068,279.1094,-4.2851
55.4458,240.6500,-5.4745
40.6337,176.3616,-6.0569
38.4446,166.8604,-5.8328
27.6531,120.0223,-7.2383
16.5021,71.6239,-1.6245
5.5721,24.1844,-4.3118
0.0000,0.0000,-1.7900
0.0000,0.0000,-5.3964
0.0000,0.0000,-4.7167
0.0000,0.0000,-1.6166
0.0000,0.0000,-2.3076
0.0000,0.0000,-3.7518
0.0000,0.0000,-3.4831
0.0000,0.0000,-2.2637
0.0000,0.0000,-3.2271
0.0000,0.0000,-0.2380
0.0000,0.0000,-2.3764
0.0000,0.0000,-1.0947
0.0000,0.0000,-3.1362
0.0000,0.0000,-2.2281
0.0000,0.0000,-0.7914
0.0000,0.0000,1.0669
0.0000,0.0000,-3.1913
0.0000,0.0000,-1.3235
0.0000,0.0000,0.6877
0.0000,0.0000,1.4493
0.0000,0.0000,1.1214
0.0000,0.0000,-1.2831
0.0000,0.0000,2.0042
0.0000,0.0000,0.6493
0.0000,0.0000,3.4810
0.0000,0.0000,-1.3446
0.0000,0.0000,3.4861
0.0000,0.0000,2.2513
0.0000,0.0000,2.2971
0.0000,0.0000,3.3740
0.0000,0.0000,3.8575
0.0000,0.0000,4.7889
0.0000,0.0000,1.5237
0.0000,0.0000,1.8054
0.0000,0.0000,1.7630
0.0000,0.0000,3.8974
0.0000,0.0000,2.0309
0.0000,0.0000,5.3995
0.0000,0.0000,1.7436
0.0000,0.0000,4.9482
0.0000,0.0000,7.8483
0.0000,0.0000,6.1829
0.0000,0.0000,5.2673
0.0000,0.0000,3.5661
0.0000,0.0000,2.3628
0.0000,0.0000,3.7281
0.0000,0.0000,3.7690
0.0000,0.0000,4.4878
0.0000,0.0000,2.2912
0.0000,0.0000,6.3983
0.0000,0.0000,6.9514
0.0000,0.0000,1.8516
0.0000,0.0000,2.5815
0.0000,0.0000,2.8742
3.0566,13.2663,2.4695
12.8209,55.6463,3.2140
22.5545,97.8927,1.8147
34.9063,151.5030,5.3765
43.6599,189.4959,5.0157
53.0396,230.2067,3.2984
59.8262,259.6622,1.3254
66.5359,288.7844,2.8702
76.9416,333.9480,0.9353
87.7298,380.7719,-1.3466
90.3685,392.2244,2.5741
98.9243,429.3590,2.0439
114.5599,497.2218,0.4461
97.6232,423.7116,0.8277
111.7524,485.0365,-1.7208
112.0453,486.3079,-0.7656
125.2900,543.7935,-4.4953
134.4330,583.4766,-4.7837
129.5250,562.1746,-2.4442
132.2764,574.1161,-2.2119
133.1256,577.8022,-4.8362
127.6276,553.9395,-2.3149
138.6638,601.8393,-3.2877
118.3952,513.8680,-4.3755
131.0980,569.0016,-1.3421
127.1380,551.8145,-2.4855
106.3112,461.4202,-5.6987
117.3287,509.2390,-1.9991
105.5247,458.0064,-4.3356
101.1849,439.1705,-5.2589
89.4414,388.2006,-8.1651
94.9137,411.9520,-7.1534
89.4170,388.0948,-4.3670
79.8593,346.6116,-4.7055
74.0705,321.4867,-5.0896
62.1618,269.7996,-6.2760
51.0792,221.6977,-3.8221
45.3421,196.7972,-5.5150
34.2339,148.5846,-6.8767
23.8881,103.6811,-4.8705
15.2339,66.1192,-8.5246
5.2978,22.9937,-6.5992
0.0000,0.0000,-5.2675
0.0000,0.0000,-8.4379
0.0000,0.0000,-5.7262
0.0000,0.0000,-3.9147
0.0000,0.0000,-4.7668
0.0000,0.0000,-6.9431
0.0000,0.0000,-1.9183
0.0000,0.0000,-4.7610
0.0000,0.0000,-4.3288
0.0000,0.0000,-3.2628
0.0000,0.0000,-5.0640
0.0000,0.0000,-4.4595
0.0000,0.0000,-1.4549
0.0000,0.0000,-3.5066
0.0000,0.0000,-0.2236
0.0000,0.0000,-0.2168
0.0000,0.0000,-1.6476
0.0000,0.0000,-0.9910
0.0000,0.0000,-0.3893
0.0000,0.0000,-2.6070
0.0000,0.0000,0.2616
0.0000,0.0000,0.9878
0.0000,0.0000,1.7443
0.0000,0.0000,1.3804
0.0000,0.0000,-1.4432
0.0000,0.0000,1.7435
0.0000,0.0000,2.6672
0.0000,0.0000,1.1756
0.0000,0.0000,1.4755
0.0000,0.0000,1.6419
0.0000,0.0000,4.7014
0.0000,0.0000,1.8578
0.0000,0.0000,3.5896
0.0000,0.0000,0.7212
0.0000,0.0000,3.5634
0.0000,0.0000,2.3501
0.0000,0.0000,4.2876
0.0000,0.0000,7.2740
0.0000,0.0000,3.7077
0.0000,0.0000,5.0656
0.0000,0.0000,4.8982
0.0000,0.0000,5.8954
0.0000,0.0000,1.6390
0.0000,0.0000,4.5761
0.0000,0.0000,2.3268
0.0000,0.0000,4.3750
0.0000,0.0000,4.2216
0.0000,0.0000,6.5206
0.0000,0.0000,4.2850
0.0000,0.0000,5.7307
0.0000,0.0000,4.3735
0.0000,0.0000,3.4573
0.0000,0.0000,1.9691
0.0000,0.0000,2.0373
2.9606,12.8499,3.7949
12.4329,53.9622,6.1270
22.2477,96.5612,0.3010
36.0325,156.3908,2.1275
42.8155,185.8310,2.6029
52.4671,227.7219,4.4694
59.0153,256.1430,2.5602
68.3646,296.7213,2.2297
70.6825,306.7817,-0.9590
76.0664,330.1495,1.6666
92.2547,400.4112,2.6251
92.7303,402.4753,-0.0067
98.9383,429.4199,2.3968
110.6648,480.3162,-0.5994
117.9712,512.0278,-6.3828
121.5007,527.3466,-3.6736
116.4934,505.6136,-2.3138
115.6096,501.7778,-2.2438
127.3236,552.6197,-0.9103
134.9451,585.6994,-4.6702
134.5765,584.0995,-5.4211
126.0465,547.0770,-3.5026
121.9743,529.4023,-2.2129
117.2108,508.7273,-3.9435
127.2894,552.4712,-6.1129
121.2445,526.2346,-6.2332
113.9999,494.7911,-5.7950
126.0239,546.9786,-2.0060
103.9367,451.1141,-4.5808
104.6679,454.2878,-4.0558
99.2978,430.9802,-7.1519
101.1694,439.1035,-4.7281
94.0789,408.3288,-7.3468
81.4533,353.5299,-3.9298
72.2577,313.6187,-6.9491
62.3576,270.6494,-6.1587
51.0390,221.5232,-8.8508
46.5820,202.1790,-2.1594
36.2325,157.2593,-6.4005
25.5085,110.7139,-4.7155
13.7398,59.6346,-5.1714
4.8458,21.0321,-5.1686
0.0000,0.0000,-3.8886
0.0000,0.0000,-5.9641
0.0000,0.0000,-5.3514
0.0000,0.0000,-3.6249
0.0000,0.0000,-6.2352
0.0000,0.0000,-4.9044
0.0000,0.0000,-1.6898
0.0000,0.0000,-4.3245
0.0000,0.0000,-5.2993
0.0000,0.0000,-3.8285
0.0000,0.0000,-1.9139
0.0000,0.0000,-5.5347
0.0000,0.0000,-4.4568
0.0000,0.0000,-2.4253
0.0000,0.0000,-1.3829
0.0000,0.0000,2.0574
0.0000,0.0000,-3.0813
0.0000,0.0000,-1.8027
0.0000,0.0000,-2.7149
0.0000,0.0000,-1.9737
0.0000,0.0000,-1.8268
0.0000,0.0000,-0.4707
0.0000,0.0000,0.9861
0.0000,0.0000,-0.2664
0.0000,0.0000,-0.7903
0.0000,0.0000,0.1075
0.0000,0.0000,0.0051
0.0000,0.0000,3.2688
0.0000,0.0000,2.7257
0.0000,0.0000,2.4687
0.0000,0.0000,2.6084
0.0000,0.0000,6.1238
0.0000,0.0000,1.6513
0.0000,0.0000,6.5425
0.0000,0.0000,2.2620
0.0000,0.0000,4.5847
0.0000,0.0000,3.2233
0.0000,0.0000,3.5469
0.0000,0.0000,3.5147
0.0000,0.0000,2.7163
0.0000,0.0000,6.0218
0.0000,0.0000,8.0779
0.0000,0.0000,2.8038
0.0000,0.0000,2.8995
0.0000,0.0000,5.9963
0.0000,0.0000,3.9574
0.0000,0.0000,4.5483
0.0000,0.0000,2.1054
0.0000,0.0000,3.4570
0.0000,0.0000,1.0598
0.0000,0.0000,4.2150
0.0000,0.0000,2.8196
0.0000,0.0000,3.8673
0.0000,0.0000,4.9878
2.2015,9.5551,4.3231
13.1821,57.2140,1.3541
20.8620,90.5468,-1.0493
34.6774,150.5096,1.9492
38.9631,169.1108,3.6054
50.3477,218.5231,-0.7113
61.1174,265.2667,0.3766
74.7592,324.4758,0.9723
74.3323,322.6230,-0.4553
91.2243,395.9388,0.8683
87.0636,377.8803,0.0864
93.1439,404.2706,-1.8344
101.8841,442.2054,0.3296
106.2495,461.1525,-1.5364
106.3402,461.5458,-1.4437
106.5218,462.3340,0.8945
108.4623,470.7564,0.1494
118.2596,513.2794,-2.0310
114.2665,495.9482,-1.1122
127.2295,552.2114,-0.6069
123.9041,537.7784,-1.5471
131.8961,572.4656,-4.5764
124.0322,538.3341,-3.4253
127.2210,552.1744,-2.6212
115.0438,499.3223,-6.3748
126.2651,548.0258,-1.6240
122.5857,532.0560,-4.2548
106.8856,463.9133,-4.9120
119.2775,517.6973,-4.3238
97.6268,423.7274,-4.5743
94.5090,410.1953,-6.5596
88.6088,384.5866,-6.1500
93.5390,405.9853,-5.5434
65.5582,284.5410,-8.3360
75.2597,326.6479,-2.5191
61.7700,268.0990,-6.2508
51.2242,222.3271,-6.8706
44.6370,193.7369,-4.0913
34.9914,151.8725,-5.7997
24.9411,108.2512,-3.9807
13.9268,60.4462,-3.7493
3.9789,17.2696,-5.6203
0.0000,0.0000,-4.1967
0.0000,0.0000,-5.6801
0.0000,0.0000,-5.2785
0.0000,0.0000,-4.2883
0.0000,0.0000,-4.7804
0.0000,0.0000,-4.4473
0.0000,0.0000,-4.5852
0.0000,0.0000,-6.8270
0.0000,0.0000,-4.7656
0.0000,0.0000,-2.7661
0.0000,0.0000,-4.1965
0.0000,0.0000,-5.0606
0.0000,0.0000,-1.3102
0.0000,0.0000,-1.5039
0.0000,0.0000,-2.0225
0.0000,0.0000,-1.0485
0.0000,0.0000,-2.7259
0.0000,0.0000,-0.2075
0.0000,0.0000,-3.1666
0.0000,0.0000,-1.3689
0.0000,0.0000,-1.3513
0.0000,0.0000,-0.5156
0.0000,0.0000,-0.5978
0.0000,0.0000,-1.6683
0.0000,0.0000,1.1077
0.0000,0.0000,0.4542
0.0000,0.0000,2.8142
0.0000,0.0000,2.4114
0.0000,0.0000,0.9749
0.0000,0.0000,2.2065
0.0000,0.0000,1.4210
0.0000,0.0000,4.0388
0.0000,0.0000,2.4218
0.0000,0.0000,2.3703
0.0000,0.0000,2.7343
0.0000,0.0000,3.4258
0.0000,0.0000,4.5636
0.0000,0.0000,5.6292
0.0000,0.0000,3.1474
0.0000,0.0000,2.5701
0.0000,0.0000,4.9667
0.0000,0.0000,-0.0571
0.0000,0.0000,3.3269
0.0000,0.0000,3.4641
0.0000,0.0000,3.6918
0.0000,0.0000,1.5902
0.0000,0.0000,5.3204
0.0000,0.0000,6.0848
0.0000,0.0000,4.6956
0.0000,0.0000,5.0618
0.0000,0.0000,4.3857
0.0000,0.0000,1.2835
0.0000,0.0000,2.2818
0.0000,0.0000,3.7234
1.8915,8.2097,3.3097
11.7812,51.1335,0.1173
18.3489,79.6393,2.7735
28.3205,122.9190,2.2383
41.3973,179.6758,3.1992
48.7758,211.7005,1.0105
59.9250,260.0912,3.4115
66.8247,290.0377,1.9995
70.5403,306.1645,1.1349
83.0185,360.3234,-1.2370
83.3473,361.7504,-1.5465
97.3828,422.6682,-2.5242
99.2172,430.6303,-2.2749
97.2567,422.1209,-0.4395
101.2451,439.4317,0.6141
118.0363,512.3104,-2.0575
118.1842,512.9523,-4.2865
115.6698,502.0392,-1.2988
115.3082,500.4698,-0.7961
127.4819,553.3068,-1.9456
129.6914,562.8968,-2.4807
136.6727,593.1976,-7.1632
134.8662,585.3568,-5.6892
119.9200,520.4862,-4.1539
135.6039,588.5584,-6.2603
116.9775,507.7147,-3.1668
105.2597,456.8563,-5.9670
111.9808,486.0276,-2.5380
109.0352,473.2430,-3.7468
108.1371,469.3449,-2.7043
102.2807,443.9267,-7.9511
95.5943,414.9058,-5.3789
92.9110,403.2597,-6.4722
74.5375,323.5135,-5.3857
68.3823,296.7983,-8.2746
57.9467,251.5049,-6.8868
52.8003,229.1680,-7.3658
42.3921,183.9937,-7.5355
31.6176,137.2292,-6.2486
23.7802,103.2128,-7.5195
13.6159,59.0966,-5.6572
3.9295,17.0553,-6.1841
0.0000,0.0000,-6.7469
0.0000,0.0000,-5.9450
0.0000,0.0000,-6.0355
0.0000,0.0000,-3.6817
0.0000,0.0000,-4.7788
0.0000,0.0000,-7.0675
0.0000,0.0000,-5.6424
0.0000,0.0000,-5.6706
0.0000,0.0000,-6.0503
0.0000,0.0000,-1.1784
0.0000,0.0000,-2.4026
0.0000,0.0000,-2.6952
0.0000,0.0000,-2.4375
0.0000,0.0000,-2.9424
0.0000,0.0000,-2.0617
0.0000,0.0000,-3.8978
0.0000,0.0000,-0.7308
0.0000,0.0000,-0.1287
0.0000,0.0000,-2.2300
0.0000,0.0000,-4.0163
0.0000,0.0000,-0.9582
0.0000,0.0000,-1.5795
0.0000,0.0000,1.1047
0.0000,0.0000,0.1933
0.0000,0.0000,3.0869
0.0000,0.0000,-2.0514
0.0000,0.0000,2.3126
0.0000,0.0000,2.0499
0.0000,0.0000,0.5363
0.0000,0.0000,1.6556
0.0000,0.0000,1.2309
0.0000,0.0000,2.7607
0.0000,0.0000,4.7279
0.0000,0.0000,4.7204
0.0000,0.0000,3.8756
0.0000,0.0000,2.5340
0.0000,0.0000,1.3082
0.0000,0.0000,2.8390
0.0000,0.0000,6.3229
0.0000,0.0000,4.0751
0.0000,0.0000,4.1596
0.0000,0.0000,1.5335
0.0000,0.0000,2.1575
0.0000,0.0000,2.4365
0.0000,0.0000,4.9216
0.0000,0.0000,6.2680
0.0000,0.0000,2.1211
0.0000,0.0000,6.4038
0.0000,0.0000,2.2682
0.0000,0.0000,3.8013
0.0000,0.0000,2.9744
0.0000,0.0000,2.9838
0.0000,0.0000,5.5290
0.0000,0.0000,3.6239
1.5084,6.5469,1.6275
10.3536,44.9375,3.4612
19.4100,84.2449,2.5382
32.4930,141.0285,4.5273
39.6910,172.2698,0.9490
46.7745,203.0141,0.4139
54.0907,234.7686,3.3813
58.8305,255.3405,0.9550
74.1051,321.6368,-2.0045
80.6249,349.9346,-0.6957
86.7334,376.4471,0.4398
88.9345,386.0006,-2.1138
106.7560,463.3507,-1.4289
97.1190,421.5236,-4.7285
111.4935,483.9127,-3.2894
123.0308,533.9878,-3.5041
112.5048,488.3021,-2.2047
117.9441,511.9100,-4.3021
118.6877,515.1374,-3.0263
127.4751,553.2772,-1.7112
111.4167,483.5796,-4.2193
119.8334,520.1102,-0.1360
111.0493,481.9850,-4.9780
117.4810,509.9002,-3.9058
127.8936,555.0936,-5.5360
118.8338,515.7719,-5.1933
106.4295,461.9337,-4.7927
102.5637,445.1549,-8.2674
106.0312,460.2049,-8.0041
103.1122,447.5354,-5.2142
85.4386,370.8274,-8.4806
91.8276,398.5572,-4.3330
76.1270,330.4121,-4.7018
80.6698,350.1294,-6.8902
75.5048,327.7116,-7.9000
54.0476,234.5816,-7.6916
46.6721,202.5701,-5.1098
39.4850,171.3757,-6.5958
31.2253,135.5266,-7.1666
20.7228,89.9429,-9.5824
13.5323,58.7340,-7.5296
3.5163,15.2616,-7.2040
0.0000,0.0000,-3.2620
0.0000,0.0000,-4.6964
0.0000,0.0000,-5.1614
0.0000,0.0000,-7.2253
0.0000,0.0000,-4.8074
0.0000,0.0000,-4.9642
0.0000,0.0000,-6.9611
0.0000,0.0000,-5.3469
0.0000,0.0000,-2.3801
0.0000,0.0000,-3.2002
0.0000,0.0000,-6.1540
0.0000,0.0000,-3.9885
0.0000,0.0000,-4.0707
0.0000,0.0000,-3.9172
0.0000,0.0000,-5.0533
0.0000,0.0000,-2.1267
0.0000,0.0000,0.5075
0.0000,0.0000,-4.7875
0.0000,0.0000,-1.9652
0.0000,0.0000,-2.2964
0.0000,0.0000,0.5181
0.0000,0.0000,-0.3048
0.0000,0.0000,-1.6819
0.0000,0.0000,0.8660
0.0000,0.0000,0.5241
0.0000,0.0000,2.0762
0.0000,0.0000,-0.5631
0.0000,0.0000,1.4658
0.0000,0.0000,1.8499
0.0000,0.0000,1.2406
0.0000,0.0000,2.7434
0.0000,0.0000,2.8906
0.0000,0.0000,2.4816
0.0000,0.0000,1.7358
0.0000,0.0000,3.4400
0.0000,0.0000,1.5690
0.0000,0.0000,2.5730
0.0000,0.0000,2.7590
0.0000,0.0000,2.7003
0.0000,0.0000,0.3598
0.0000,0.0000,2.9470
0.0000,0.0000,2.4785
0.0000,0.0000,4.9525
0.0000,0.0000,5.9119
0.0000,0.0000,4.5759
0.0000,0.0000,5.2895
0.0000,0.0000,5.4259
0.0000,0.0000,5.0712
0.0000,0.0000,2.7285
0.0000,0.0000,3.1894
0.0000,0.0000,1.9246
0.0000,0.0000,3.8356
0.0000,0.0000,4.3073
0.0000,0.0000,1.1585
1.1057,4.7990,0.9957
12.2824,53.3091,1.4957
18.2851,79.3625,1.6445
33.5831,145.7600,4.3994
41.5954,180.5355,-0.3837
47.8524,207.6927,-0.4368
59.5043,258.2654,2.2334
64.7217,280.9100,-2.4682
71.7532,311.4287,-0.1510
75.9101,329.4709,-1.6386
80.5520,349.6179,-0.2100
92.6436,402.0991,-0.7049
105.5094,457.9402,-1.2145
109.0777,473.4274,-1.6584
104.9308,455.4287,0.6394
108.8700,472.5259,-4.6284
114.0043,494.8103,-2.3827
115.8698,502.9070,-1.3066
115.4196,500.9532,-5.2460
120.9716,525.0503,-2.4892
124.8463,541.8678,-2.6259
135.1310,586.5060,-3.5592
132.1426,573.5355,-2.9175
131.0979,569.0013,-5.6246
134.2700,582.7691,-4.1380
122.4028,531.2620,-7.2368
115.1160,499.6355,-3.6031
117.8707,511.5916,-6.2990
108.3773,470.3877,-5.9130
96.4095,418.4441,-6.0412
91.7091,398.0428,-6.1308
89.8087,389.7949,-7.7058
87.8851,381.4460,-6.7459
69.3743,301.1037,-4.6706
67.8809,294.6218,-7.4475
65.7980,285.5816,-7.1880
48.4180,210.1474,-6.0130
39.8386,172.9106,-8.7840
31.8411,138.1994,-8.7904
21.6790,94.0928,-6.5453
12.4864,54.1945,-7.4825
2.6866,11.6604,-7.6097
0.0000,0.0000,-8.5225
0.0000,0.0000,-4.9451
0.0000,0.0000,-10.8815
0.0000,0.0000,-6.9923
0.0000,0.0000,-4.5699
0.0000,0.0000,-5.8819
0.0000,0.0000,-4.4045
0.0000,0.0000,-6.2485
0.0000,0.0000,-1.9590
0.0000,0.0000,-6.9525
0.0000,0.0000,-1.8441
0.0000,0.0000,-5.6980
0.0000,0.0000,-5.0823
0.0000,0.0000,-4.0543
0.0000,0.0000,-5.5805
0.0000,0.0000,-4.4193
0.0000,0.0000,-2.4051
0.0000,0.0000,-3.1484
0.0000,0.0000,-4.5561
0.0000,0.0000,-0.7274
0.0000,0.0000,-3.2781
0.0000,0.0000,-1.1219
0.0000,0.0000,0.0702
0.0000,0.0000,-0.7516
0.0000,0.0000,-1.7306
0.0000,0.0000,4.4038
0.0000,0.0000,-1.1982
0.0000,0.0000,-1.5632
0.0000,0.0000,2.9955
0.0000,0.0000,1.5213
0.0000,0.0000,0.3025
0.0000,0.0000,-0.8859
0.0000,0.0000,-0.2754
0.0000,0.0000,1.4097
0.0000,0.0000,4.5470
0.0000,0.0000,4.2717
0.0000,0.0000,3.2550
0.0000,0.0000,0.9373
0.0000,0.0000,2.7181
0.0000,0.0000,4.2219
0.0000,0.0000,2.0382
0.0000,0.0000,2.9609
0.0000,0.0000,3.9068
0.0000,0.0000,1.8807
0.0000,0.0000,2.4724
0.0000,0.0000,2.5355
0.0000,0.0000,3.0367
0.0000,0.0000,2.4787
0.0000,0.0000,1.4809
0.0000,0.0000,2.5368
0.0000,0.0000,2.7832
0.0000,0.0000,6.1373
0.0000,0.0000,2.8265
0.0000,0.0000,1.2113
0.6556,2.8455,1.8260
10.8627,47.1473,2.0692
21.8267,94.7337,2.3472
27.4191,119.0065,2.5174
43.0957,187.0473,1.1926
44.2429,192.0264,-0.4303
59.9113,260.0315,-0.3977
59.4780,258.1511,-1.9870
76.0042,329.8793,-0.6119
81.4438,353.4887,-0.1933
81.1775,352.3327,0.5869
93.8973,407.5403,-2.8299
88.4507,383.9005,-2.6388
101.2343,439.3851,-3.2897
115.1194,499.6502,-0.5323
112.4414,488.0268,0.1493
115.0454,499.3289,1.2865
120.8871,524.6834,-1.0134
118.6091,514.7963,-2.8397
107.2192,465.3610,-2.2134
114.6273,497.5146,-2.2090
127.3143,552.5793,-4.4945
119.9657,520.6844,-5.8749
122.3755,531.1435,-2.2665
126.7026,549.9246,-5.6836
120.0573,521.0821,-6.6729
116.7810,506.8620,-6.3669
104.7947,454.8381,-5.2455
109.1062,473.5514,-2.7890
102.0219,442.8036,-5.7380
95.6081,414.9655,-5.9559
88.9623,386.1212,-4.5616
78.7005,341.5820,-8.3175
76.9606,334.0305,-6.7682
71.3597,309.7207,-7.3710
57.8090,250.9071,-6.6457
49.2636,213.8176,-9.3371
38.2563,166.0428,-7.3778
33.9536,147.3679,-7.2494
24.5951,106.7497,-4.0703
12.6847,55.0551,-8.0071
2.4631,10.6904,-7.5899
0.0000,0.0000,-7.2361
0.0000,0.0000,-4.3763
0.0000,0.0000,-3.0544
0.0000,0.0000,-5.4570
0.0000,0.0000,-7.4469
0.0000,0.0000,-5.9239
0.0000,0.0000,-4.0083
0.0000,0.0000,-5.0425
0.0000,0.0000,-4.7428
0.0000,0.0000,-1.9873
0.0000,0.0000,-4.8370
0.0000,0.0000,-1.7830
0.0000,0.0000,-3.6785
0.0000,0.0000,-3.9460
0.0000,0.0000,-1.7650
0.0000,0.0000,-5.1810
0.0000,0.0000,-0.8982
0.0000,0.0000,-0.6815
0.0000,0.0000,-1.3700
0.0000,0.0000,-2.7502
0.0000,0.0000,0.2348
0.0000,0.0000,-2.0198
0.0000,0.0000,-1.5999
0.0000,0.0000,-3.2150
0.0000,0.0000,1.5799
0.0000,0.0000,-2.3472
0.0000,0.0000,1.4965
0.0000,0.0000,0.6422
0.0000,0.0000,1.6003
0.0000,0.0000,1.6596
0.0000,0.0000,1.1835
0.0000,0.0000,4.2419
0.0000,0.0000,1.3562
0.0000,0.0000,2.0088
0.0000,0.0000,0.9179
0.0000,0.0000,2.3230
0.0000,0.0000,0.9258
0.0000,0.0000,1.1547
0.0000,0.0000,5.5508
0.0000,0.0000,-0.4458
0.0000,0.0000,4.0960
0.0000,0.0000,4.0006
0.0000,0.0000,0.1104
0.0000,0.0000,4.9631
0.0000,0.0000,4.1520
0.0000,0.0000,2.1661
0.0000,0.0000,3.4667
0.0000,0.0000,0.2937
0.0000,0.0000,0.9703
0.0000,0.0000,-0.4624
0.0000,0.0000,2.1987
0.0000,0.0000,2.8636
0.0000,0.0000,1.7061
0.0000,0.0000,3.7403
0.2436,1.0572,3.6647
11.0369,47.9030,3.6659
18.8311,81.7321,-0.2879
29.2964,127.1546,3.8958
38.7351,168.1210,0.4926
46.4060,201.4148,2.4523
57.5992,249.9965,1.8326
62.4785,271.1742,0.0817
71.7803,311.5464,-0.1922
77.4023,335.9476,-1.1746
88.7783,385.3223,-3.2108
88.2624,383.0833,0.0064
101.5859,440.9111,-0.2369
97.8453,424.6757,-4.5081
102.7310,445.8810,-1.6325
117.2950,509.0927,-2.4536
114.7552,498.0695,0.2295
118.0599,512.4128,-3.5479
117.0452,508.0085,-3.5476
132.2519,574.0101,-2.8064
120.6484,523.6474,-4.6633
117.0479,508.0206,-2.5326
124.9839,542.4647,-2.2130
132.4462,574.8531,-5.7299
122.9774,533.7559,-4.6388
113.9488,494.5695,-3.4918
121.9204,529.1685,-3.1409
110.1171,477.9386,-7.7277
111.3594,483.3307,-4.9932
89.8958,390.1727,-6.6729
98.5618,427.7857,-6.8274
92.5906,401.8688,-5.8914
78.4713,340.5874,-8.4294
69.7321,302.6567,-4.9960
58.0187,251.8174,-6.6180
53.9248,234.0487,-5.6915
45.1944,196.1562,-8.5077
36.9137,160.2157,-7.0665
30.5367,132.5377,-6.9580
22.6649,98.3721,-9.0039
10.9364,47.4670,-5.7000
1.9679,8.5413,-8.6000
0.0000,0.0000,-4.6637
0.0000,0.0000,-8.8116
0.0000,0.0000,-8.6962
0.0000,0.0000,-7.0925
0.0000,0.0000,-7.6434
0.0000,0.0000,-7.5704
0.0000,0.0000,-7.7174
0.0000,0.0000,-5.5123
0.0000,0.0000,-4.0117
0.0000,0.0000,-4.7642
0.0000,0.0000,-3.8738
0.0000,0.0000,-2.8505
0.0000,0.0000,-2.3424
0.0000,0.0000,-5.8356
0.0000,0.0000,-4.4694
0.0000,0.0000,-1.9267
0.0000,0.0000,-1.9608
0.0000,0.0000,-1.3114
0.0000,0.0000,-1.1174
0.0000,0.0000,-1.3036
0.0000,0.0000,-3.5533
0.0000,0.0000,-1.9732
0.0000,0.0000,-2.4742
0.0000,0.0000,-0.8667
0.0000,0.0000,1.1099
0.0000,0.0000,4.6797
0.0000,0.0000,-0.4810
0.0000,0.0000,0.6171
0.0000,0.0000,2.7209
0.0000,0.0000,0.6905
0.0000,0.0000,-0.0591
0.0000,0.0000,0.7989
0.0000,0.0000,1.5337
0.0000,0.0000,-0.3626
0.0000,0.0000,-1.2593
0.0000,0.0000,2.4149
0.0000,0.0000,2.8910
0.0000,0.0000,-0.3288
0.0000,0.0000,2.0808
0.0000,0.0000,3.1897
0.0000,0.0000,2.9878
0.0000,0.0000,1.6059
0.0000,0.0000,-0.2093
0.0000,0.0000,5.1362
0.0000,0.0000,6.1000
0.0000,0.0000,5.1625
0.0000,0.0000,3.7490
0.0000,0.0000,0.4956
0.0000,0.0000,2.3904
0.0000,0.0000,1.7812
0.0000,0.0000,4.1649
0.0000,0.0000,0.7040
0.0000,0.0000,3.8002
0.0000,0.0000,1.0100
0.0000,0.0000,4.2373
10.2271,44.3883,2.1311
21.6694,94.0513,3.0073
30.1357,130.7971,0.6876
35.9741,156.1378,0.1044
44.6394,193.7472,-0.6709
60.7627,263.7271,2.0255
67.0548,291.0363,0.8637
68.9417,299.2262,-1.0047
79.9030,346.8013,0.9690
91.8956,398.8522,-0.2281
83.0152,360.3089,-0.5328
93.6098,406.2924,-1.4565
99.3112,431.0381,-4.3044
103.6205,449.7416,-1.9139
114.4686,496.8253,-3.5800
111.2250,482.7476,-5.5272
117.5808,510.3333,-3.3396
115.0236,499.2343,-2.5926
125.7724,545.8873,-1.5792
118.3620,513.7240,-5.5102
125.1278,543.0894,-4.2237
120.5357,523.1584,-4.2323
110.0108,477.4775,-3.8521
122.2247,530.4893,-3.8258
121.4614,527.1763,-5.3082
100.5366,436.3570,-6.0199
114.2797,496.0056,-6.0241
94.1444,408.6126,-6.0922
105.4681,457.7611,-7.2224
91.8481,398.6461,-10.6923
84.3070,365.9156,-5.7852
75.2597,326.6479,-7.1505
73.2945,318.1185,-6.2156
71.3119,309.5135,-5.7976
59.5066,258.2753,-6.9971
51.8240,224.9306,-6.9547
36.6960,159.2707,-5.5060
28.2395,122.5671,-7.5624
21.4788,93.2238,-5.1760
12.4942,54.2284,-4.5892
1.5395,6.6820,-3.2479
0.0000,0.0000,-6.6034
0.0000,0.0000,-5.8431
0.0000,0.0000,-5.3278
0.0000,0.0000,-8.8787
0.0000,0.0000,-7.4551
0.0000,0.0000,-7.0961
0.0000,0.0000,-6.2161
0.0000,0.0000,-3.3053
0.0000,0.0000,-7.4143
0.0000,0.0000,-4.0107
0.0000,0.0000,-4.6682
0.0000,0.0000,-4.2154
0.0000,0.0000,-2.2556
0.0000,0.0000,-2.8737
0.0000,0.0000,-2.1514
0.0000,0.0000,-2.7968
0.0000,0.0000,-2.2494
0.0000,0.0000,-3.2234
0.0000,0.0000,-4.0933
0.0000,0.0000,-4.6139
0.0000,0.0000,-0.6362
0.0000,0.0000,-3.2585
0.0000,0.0000,-3.0891
0.0000,0.0000,-1.8981
0.0000,0.0000,-1.6686
0.0000,0.0000,1.3167
0.0000,0.0000,-0.7858
0.0000,0.0000,-0.1323
0.0000,0.0000,0.6260
0.0000,0.0000,2.9880
0.0000,0.0000,3.5344
0.0000,0.0000,3.3560
0.0000,0.0000,3.4480
0.0000,0.0000,4.4930
0.0000,0.0000,2.5469
0.0000,0.0000,6.9340
0.0000,0.0000,1.5408
0.0000,0.0000,0.4455
0.0000,0.0000,-2.1100
0.0000,0.0000,5.9687
0.0000,0.0000,3.4841
0.0000,0.0000,4.7990
0.0000,0.0000,1.4756
0.0000,0.0000,1.4240
0.0000,0.0000,1.3887
0.0000,0.0000,2.0490
0.0000,0.0000,2.8007
0.0000,0.0000,-0.1268
0.0000,0.0000,3.0305
0.0000,0.0000,1.8245
0.0000,0.0000,4.1159
0.0000,0.0000,0.4547
0.0000,0.0000,1.4794
0.0000,0.0000,1.8505
0.0000,0.0000,2.3653
9.8344,42.6840,-0.5762
18.9120,82.0834,2.0450
29.1913,126.6985,1.4946
36.3132,157.6092,-0.9057
40.4969,175.7680,-1.6797
51.3315,222.7929,-0.9540
64.3368,279.2394,0.2566
66.5205,288.7172,-0.4518
73.7207,319.9683,-0.8717
87.1299,378.1680,0.2582
85.4313,370.7955,-3.7449
88.9385,386.0176,-3.0605
97.6984,424.0381,0.3537
115.4469,501.0716,-2.0219
109.2141,474.0193,-5.4501
104.9197,455.3809,-2.3991
114.0310,494.9261,-4.2424
112.1370,486.7058,-5.3624
126.8180,550.4253,-3.7379
113.8643,494.2028,-7.7827
119.2448,517.5555,-4.1141
109.3691,474.6924,-5.5293
120.1480,521.4756,-5.6293
123.0894,534.2423,-8.6949
106.0780,460.4078,-4.9638
118.6151,514.8226,-4.9990
108.2700,469.9217,-7.0942
94.4756,410.0503,-7.4173
91.9437,399.0613,-4.8380
91.0184,395.0453,-6.1292
83.9576,364.3994,-6.2190
77.9628,338.3800,-8.6141
72.0487,312.7112,-7.6304
66.4101,288.2383,-9.7452
53.2014,230.9087,-8.6265
50.8565,220.7313,-6.8109
39.5168,171.5137,-6.6791
27.8266,120.7751,-8.9437
23.1352,100.4131,-9.8717
11.0074,47.7752,-9.9665
1.2428,5.3942,-6.8463
0.0000,0.0000,-5.9829
0.0000,0.0000,-7.9741
0.0000,0.0000,-4.7201
0.0000,0.0000,-7.9472
0.0000,0.0000,-5.6400
0.0000,0.0000,-6.6378
0.0000,0.0000,-4.3389
0.0000,0.0000,-8.0429
0.0000,0.0000,-5.9904
0.0000,0.0000,-5.0798
0.0000,0.0000,-5.7197
0.0000,0.0000,-6.0947
0.0000,0.0000,-3.9476
0.0000,0.0000,-3.0450
0.0000,0.0000,-0.4834
0.0000,0.0000,-1.7581
0.0000,0.0000,-1.1616
0.0000,0.0000,-1.2834
0.0000,0.0000,-2.2165
0.0000,0.0000,0.4232
0.0000,0.0000,-1.8766
0.0000,0.0000,-2.8437
0.0000,0.0000,-0.8237
0.0000,0.0000,-1.1272
0.0000,0.0000,-1.2844
0.0000,0.0000,0.0275
0.0000,0.0000,-0.8922
0.0000,0.0000,1.5157
0.0000,0.0000,-0.5430
0.0000,0.0000,-1.6566
0.0000,0.0000,1.3885
0.0000,0.0000,-0.3927
0.0000,0.0000,-0.0605
0.0000,0.0000,1.0582
0.0000,0.0000,0.6028
0.0000,0.0000,1.7896
0.0000,0.0000,1.9818
0.0000,0.0000,2.8002
0.0000,0.0000,-0.0043
0.0000,0.0000,1.0083
0.0000,0.0000,1.4327
0.0000,0.0000,3.7112
0.0000,0.0000,1.9708
0.0000,0.0000,4.0145
0.0000,0.0000,3.6205
0.0000,0.0000,3.2759
0.0000,0.0000,1.3603
0.0000,0.0000,0.6936
0.0000,0.0000,4.7994
0.0000,0.0000,5.0400
0.0000,0.0000,3.0733
0.0000,0.0000,3.2270
0.0000,0.0000,3.0818
0.0000,0.0000,2.1025
0.0000,0.0000,1.6155
9.8685,42.8319,1.2313
16.6928,72.4512,1.6084
27.6956,120.2065,1.4384
38.1457,165.5628,0.8331
43.8619,190.3727,1.6857
51.8098,224.8689,-2.3259
65.1360,282.7084,0.0985
68.4320,297.0139,-0.6879
82.5873,358.4518,-1.4569
77.2512,335.2917,-5.4478
95.0579,412.5776,-1.5590
100.5855,436.5692,0.5339
100.4755,436.0917,-3.2823
102.6048,445.3332,1.3776
111.1334,482.3497,-2.8843
113.9018,494.3653,-5.6667
121.1983,526.0344,-4.6425
124.1700,538.9323,-3.6812
119.8747,520.2894,-2.7684
120.4116,522.6198,-5.9480
116.4817,505.5628,-5.8167
112.9087,490.0551,-5.1352
116.4109,505.2558,-7.4827
114.9388,498.8662,-8.6210
111.5505,484.1601,-5.1603
103.0486,447.2595,-7.0214
103.0629,447.3216,-6.8279
98.3715,426.9594,-5.3106
104.3991,453.1209,-7.3434
91.9670,399.1621,-9.3783
87.8320,381.2152,-5.4549
77.8344,337.8232,-4.3062
67.0685,291.0958,-7.3645
59.3105,257.4242,-7.0246
53.8157,233.5750,-9.1933
45.4588,197.3039,-6.6743
35.7660,155.2346,-6.1019
27.5035,119.3727,-6.9131
19.9843,86.7376,-9.9126
11.5725,50.2280,-9.0074
0.8692,3.7725,-10.2138
0.0000,0.0000,-7.2940
0.0000,0.0000,-6.5665
0.0000,0.0000,-7.7406
0.0000,0.0000,-8.5806
0.0000,0.0000,-4.6116
0.0000,0.0000,-6.8836
0.0000,0.0000,-3.8149
0.0000,0.0000,-8.5215
0.0000,0.0000,-4.5011
0.0000,0.0000,-4.9296
0.0000,0.0000,-7.3888
0.0000,0.0000,-6.7154
0.0000,0.0000,-4.5322
0.0000,0.0000,-6.9736
0.0000,0.0000,-3.3929
0.0000,0.0000,-7.7465
0.0000,0.0000,-3.5826
0.0000,0.0000,-2.5196
0.0000,0.0000,-3.8908
0.0000,0.0000,-3.0740
0.0000,0.0000,-4.4235
0.0000,0.0000,-4.3044
0.0000,0.0000,-0.4780
0.0000,0.0000,0.3882
0.0000,0.0000,-1.7092
0.0000,0.0000,-1.1701
0.0000,0.0000,-0.5152
0.0000,0.0000,-0.3153
0.0000,0.0000,0.3968
0.0000,0.0000,0.9417
0.0000,0.0000,2.3326
0.0000,0.0000,0.0567
0.0000,0.0000,1.6500
0.0000,0.0000,3.0305
0.0000,0.0000,0.3454
0.0000,0.0000,-0.1029
0.0000,0.0000,3.9658
0.0000,0.0000,1.9625
0.0000,0.0000,0.8422
0.0000,0.0000,2.7167
0.0000,0.0000,3.8066
0.0000,0.0000,2.5175
0.0000,0.0000,2.8985
0.0000,0.0000,-1.1768
0.0000,0.0000,4.3713
0.0000,0.0000,3.6418
0.0000,0.0000,0.4959
0.0000,0.0000,0.6028
0.0000,0.0000,0.6318
0.0000,0.0000,1.8934
0.0000,0.0000,3.5007
0.0000,0.0000,2.9746
0.0000,0.0000,1.0019
0.0000,0.0000,1.9545
0.0000,0.0000,2.9609
8.6260,37.4391,-1.2250
19.0246,82.5721,1.4428
27.0308,117.3213,0.7541
38.0683,165.2270,0.6859
38.4757,166.9951,0.1162
55.5564,241.1304,0.8198
62.5782,271.6069,-0.3138
64.3442,279.2716,-0.3171
79.3766,344.5164,-0.6947
85.1100,369.4012,-3.0846
95.2204,413.2831,-0.3000
91.6596,397.8281,-3.1458
99.3542,431.2248,-0.7019
115.3641,500.7121,0.2725
107.4248,466.2537,-4.3330
120.8556,524.5470,-2.9839
130.0785,564.5766,-6.6568
117.2189,508.7626,-5.9440
113.8911,494.3192,-3.3185
101.8817,442.1947,-7.1765
121.5582,527.5963,-6.6786
117.6528,510.6461,-8.4551
110.4836,479.5294,-5.6372
113.8880,494.3057,-5.4533
109.0399,473.2635,-7.5629
105.2172,456.6719,-7.5135
107.8463,468.0830,-5.7342
101.5355,440.6922,-6.3447
89.4731,388.3382,-8.6516
90.2781,391.8320,-5.0559
85.8319,372.5344,-7.3584
77.7455,337.4372,-7.2830
62.5946,271.6781,-8.0984
61.0581,265.0090,-7.9727
59.3275,257.4977,-8.2315
48.9486,212.4504,-8.4312
35.7533,155.1791,-8.2483
27.0211,117.2789,-7.7791
17.5575,76.2042,-8.5752
10.1211,43.9285,-5.8354
0.5033,2.1844,-6.0692
0.0000,0.0000,-8.7128
0.0000,0.0000,-9.3115
0.0000,0.0000,-5.4196
0.0000,0.0000,-5.1937
0.0000,0.0000,-8.3014
0.0000,0.0000,-6.1611
0.0000,0.0000,-5.3519
0.0000,0.0000,-5.4438
0.0000,0.0000,-4.2919
0.0000,0.0000,-5.7019
0.0000,0.0000,-1.6316
0.0000,0.0000,-8.4360
0.0000,0.0000,-6.6773
0.0000,0.0000,-3.7462
0.0000,0.0000,-7.4472
0.0000,0.0000,-6.2880
0.0000,0.0000,-4.9428
0.0000,0.0000,-2.2248
0.0000,0.0000,-2.7647
0.0000,0.0000,-1.3378
0.0000,0.0000,-1.9557
0.0000,0.0000,-2.6481
0.0000,0.0000,-2.5464
0.0000,0.0000,1.5864
0.0000,0.0000,0.0401
0.0000,0.0000,0.0632
0.0000,0.0000,-1.5110
0.0000,0.0000,0.9428
0.0000,0.0000,-1.8243
0.0000,0.0000,-0.2475
0.0000,0.0000,1.7121
0.0000,0.0000,2.5616
0.0000,0.0000,1.6426
0.0000,0.0000,0.7266
0.0000,0.0000,1.5112
0.0000,0.0000,0.3794
0.0000,0.0000,0.4690
0.0000,0.0000,4.4379
0.0000,0.0000,2.1035
0.0000,0.0000,2.2964
0.0000,0.0000,1.2380
0.0000,0.0000,3.8552
0.0000,0.0000,3.5438
0.0000,0.0000,2.2059
0.0000,0.0000,4.1408
0.0000,0.0000,2.4210
0.0000,0.0000,2.2212
0.0000,0.0000,3.1681
0.0000,0.0000,1.7168
0.0000,0.0000,0.8883
0.0000,0.0000,0.5754
0.0000,0.0000,1.8696
0.0000,0.0000,0.5988
0.0000,0.0000,-0.1074
0.0000,0.0000,4.4361
7.5369,32.7122,2.2409
18.1923,78.9595,2.5649
26.0723,113.1609,1.2211
36.7105,159.3338,0.0311
46.3993,201.3860,-2.4627
52.6976,228.7224,0.4559
60.6146,263.0844,-0.5094
71.2001,309.0283,-2.8304
71.7206,311.2874,-4.6652
86.2801,374.4796,-0.6020
95.9004,416.2344,-1.8945
91.6881,397.9518,-2.7220
100.6191,436.7147,-3.5857
108.9032,472.6703,-2.6646
104.2999,452.6905,-2.8706
110.1203,477.9525,-4.2259
111.2385,482.8058,-3.2186
111.5722,484.2543,-2.5324
122.8869,533.3631,-2.1421
117.4727,509.8643,-2.0184
117.6512,510.6387,-4.9139
116.9097,507.4205,-7.9001
121.5536,527.5765,-7.3709
118.0400,512.3263,-6.5218
119.4791,518.5723,-7.2532
108.9700,472.9602,-7.5475
102.4400,444.6180,-5.3912
96.0874,417.0459,-8.5761
92.7196,402.4289,-6.5696
88.9469,386.0544,-7.1523
80.4249,349.0663,-7.4458
79.0112,342.9304,-4.3943
67.7491,294.0498,-6.0551
60.9220,264.4184,-7.1479
50.4388,218.9185,-9.7324
49.4248,214.5175,-6.5045
35.2893,153.1652,-9.1012
27.2452,118.2518,-10.8184
16.5721,71.9276,-10.0737
11.2226,48.7092,-4.6646
0.1636,0.7099,-8.2672
0.0000,0.0000,-4.4248
0.0000,0.0000,-7.4057
0.0000,0.0000,-7.4074
0.0000,0.0000,-7.5345
0.0000,0.0000,-3.5161
0.0000,0.0000,-5.0828
0.0000,0.0000,-7.2237
0.0000,0.0000,-4.7901
0.0000,0.0000,-4.0719
0.0000,0.0000,-3.5582
0.0000,0.0000,-3.8498
0.0000,0.0000,-4.9972
0.0000,0.0000,-4.5248
0.0000,0.0000,-4.9159
0.0000,0.0000,-3.3830
0.0000,0.0000,-3.8943
0.0000,0.0000,-3.2311
0.0000,0.0000,-2.4115
0.0000,0.0000,-1.4437
0.0000,0.0000,-4.0132
0.0000,0.0000,-5.0574
0.0000,0.0000,0.2464
0.0000,0.0000,-3.8506
0.0000,0.0000,-1.1662
0.0000,0.0000,-1.0760
0.0000,0.0000,-0.8747
0.0000,0.0000,2.0662
0.0000,0.0000,-1.4771
0.0000,0.0000,-0.1029
0.0000,0.0000,1.7732
0.0000,0.0000,-1.2028
0.0000,0.0000,0.6477
0.0000,0.0000,-0.5464
0.0000,0.0000,-0.9565
0.0000,0.0000,3.8436
0.0000,0.0000,3.1622
0.0000,0.0000,-0.3946
0.0000,0.0000,1.5507
0.0000,0.0000,1.3989
0.0000,0.0000,0.4554
0.0000,0.0000,2.1489
0.0000,0.0000,2.2131
0.0000,0.0000,2.4110
0.0000,0.0000,0.7493
0.0000,0.0000,1.4571
0.0000,0.0000,-2.3405
0.0000,0.0000,5.4177
0.0000,0.0000,1.7818
0.0000,0.0000,-0.6031
0.0000,0.0000,2.4668
0.0000,0.0000,3.1386
0.0000,0.0000,0.5324
0.0000,0.0000,1.7414
0.0000,0.0000,-0.4660
0.0000,0.0000,1.0573
8.1274,35.2752,0.8316
15.8500,68.7932,-0.0553
25.8559,112.2217,-0.5983
37.7117,163.6793,1.1135
38.2700,166.1024,-1.1941
56.5376,245.3890,-1.5709
58.7616,255.0416,-0.1699
70.3507,305.3414,-2.7649
77.7832,337.6008,-4.0123
76.2886,331.1135,-3.9887
84.6867,367.5640,-2.0111
94.1453,408.6169,-4.0839
99.2218,430.6502,-1.5406
106.5191,462.3224,-4.1229
118.1956,513.0019,-5.3413
106.8092,463.5815,-6.7190
124.9870,542.4783,-1.0638
105.7989,459.1966,-4.8547
123.9494,537.9749,-4.8865
121.6092,527.8177,-5.0401
119.1267,517.0430,-4.4030
118.7661,515.4777,-7.0965
114.4171,496.6021,-5.2453
122.8089,533.0245,-5.8606
111.2413,482.8181,-5.5671
107.3850,466.0807,-7.8849
110.2668,478.5886,-9.3027
102.5065,444.9067,-5.1731
98.1036,425.7968,-6.8875
96.7425,419.8892,-10.5829
88.1786,382.7195,-9.9939
78.1733,339.2938,-10.8659
66.1522,287.1190,-5.3984
63.2417,274.4865,-6.3213
48.1944,209.1769,-10.4511
43.1172,187.1408,-5.4363
37.4513,162.5492,-7.0618
30.1210,130.7337,-8.9175
19.7422,85.6868,-6.9607
10.6128,46.0627,-9.6766
0.0000,0.0000,-9.0894
0.0000,0.0000,-7.9650
0.0000,0.0000,-11.2681
0.0000,0.0000,-8.2598
0.0000,0.0000,-4.5663
0.0000,0.0000,-11.4409
0.0000,0.0000,-9.6651
0.0000,0.0000,-7.1020
0.0000,0.0000,-4.9622
0.0000,0.0000,-5.5674
0.0000,0.0000,-8.6087
0.0000,0.0000,-5.0313
0.0000,0.0000,-4.9831
0.0000,0.0000,-6.1859
0.0000,0.0000,-4.4797
0.0000,0.0000,-6.7532
0.0000,0.0000,-4.6718
0.0000,0.0000,-3.5500
0.0000,0.0000,-4.0492
0.0000,0.0000,-2.7123
0.0000,0.0000,-4.1382
0.0000,0.0000,-3.3367
0.0000,0.0000,-3.4646
0.0000,0.0000,-0.8406
0.0000,0.0000,-0.7356
0.0000,0.0000,-1.7947
0.0000,0.0000,-2.4866
0.0000,0.0000,-0.8824
0.0000,0.0000,-0.0933
0.0000,0.0000,2.8063
0.0000,0.0000,-1.0771
0.0000,0.0000,2.3152
0.0000,0.0000,0.4918
0.0000,0.0000,0.0931
0.0000,0.0000,0.9369
0.0000,0.0000,0.1739
0.0000,0.0000,3.2284
0.0000,0.0000,0.1945
0.0000,0.0000,3.2365
0.0000,0.0000,1.2821
0.0000,0.0000,4.4308
0.0000,0.0000,4.4624
0.0000,0.0000,1.2806
0.0000,0.0000,1.9940
0.0000,0.0000,1.7388
0.0000,0.0000,1.3693
0.0000,0.0000,2.3971
0.0000,0.0000,-0.1858
0.0000,0.0000,0.4860
0.0000,0.0000,3.4313
0.0000,0.0000,-0.9975
0.0000,0.0000,1.0983
0.0000,0.0000,1.7221
0.0000,0.0000,4.5197
0.0000,0.0000,-0.8785
0.0000,0.0000,1.3974
6.7338,29.2265,2.9190
17.8125,77.3113,2.2095
27.6091,119.8311,1.5580
38.3013,166.2384,0.3354
44.1335,191.5518,-1.4151
50.1157,217.5161,-1.8161
60.7817,263.8095,-0.3830
66.4620,288.4637,-1.3246
70.3006,305.1241,-3.7874
73.7867,320.2548,-3.6220
79.0682,343.1778,-2.8009
93.2489,404.7260,-1.4410
95.4976,414.4860,-3.6614
117.2482,508.8899,-3.4150
100.7990,437.4958,-1.1190
106.0734,460.3880,-4.3671
109.0064,473.1183,-4.4086
121.0490,525.3863,-5.1133
120.2122,521.7543,-4.7519
117.1649,508.5283,-7.2990
120.5007,523.0065,-5.4538
112.2098,487.0219,-6.0954
111.4116,483.5571,-3.0233
116.2365,504.4985,-6.4129
111.4259,483.6194,-6.9737
103.0359,447.2046,-9.0608
110.2645,478.5787,-8.0174
103.0899,447.4390,-4.8937
97.4520,422.9689,-7.5866
93.7673,406.9763,-5.8640
84.4347,366.4701,-9.2361
70.4686,305.8532,-7.4078
74.1087,321.6525,-7.5542
61.7263,267.9095,-5.6110
53.2492,231.1163,-7.5863
42.4282,184.1504,-7.6131
39.9272,173.2951,-7.2808
27.2117,118.1065,-5.9605
17.5093,75.9954,-9.5021
9.1400,39.6703,-8.3657
0.0000,0.0000,-8.7881
0.0000,0.0000,-8.3600
0.0000,0.0000,-6.9372
0.0000,0.0000,-8.9434
0.0000,0.0000,-7.4970
0.0000,0.0000,-6.7645
0.0000,0.0000,-6.1304
0.0000,0.0000,-8.4497
0.0000,0.0000,-6.8756
0.0000,0.0000,-5.9871
0.0000,0.0000,-8.2678
0.0000,0.0000,-7.3420
0.0000,0.0000,-3.8255
0.0000,0.0000,-4.7595
0.0000,0.0000,-4.1069
0.0000,0.0000,-4.7401
0.0000,0.0000,-1.8494
0.0000,0.0000,-6.5515
0.0000,0.0000,-3.9130
0.0000,0.0000,-3.7909
0.0000,0.0000,-4.1049
0.0000,0.0000,-0.0353
0.0000,0.0000,-2.4660
0.0000,0.0000,-3.1181
0.0000,0.0000,-1.6293
0.0000,0.0000,-2.8037
0.0000,0.0000,-2.6146
0.0000,0.0000,-3.5308
0.0000,0.0000,-0.3478
0.0000,0.0000,1.0127
0.0000,0.0000,1.3973
0.0000,0.0000,-1.8099
0.0000,0.0000,-0.0119
0.0000,0.0000,1.3894
0.0000,0.0000,3.3331
0.0000,0.0000,-0.2728
0.0000,0.0000,0.2094
0.0000,0.0000,0.4858
0.0000,0.0000,1.5222
0.0000,0.0000,1.7760
0.0000,0.0000,0.2482
0.0000,0.0000,2.6451
0.0000,0.0000,0.7994
0.0000,0.0000,2.1233
0.0000,0.0000,2.9122
0.0000,0.0000,2.0861
0.0000,0.0000,4.8880
0.0000,0.0000,3.4984
0.0000,0.0000,0.7291
0.0000,0.0000,2.0417
0.0000,0.0000,1.8081
0.0000,0.0000,2.2488
0.0000,0.0000,-0.1433
0.0000,0.0000,1.9680
0.0000,0.0000,1.5377
0.0000,0.0000,1.9966
7.4180,32.1960,0.6747
18.0534,78.3566,-0.0944
26.8413,116.4988,-2.7864
33.6690,146.1328,-1.2856
43.0107,186.6783,-1.6699
54.0815,234.7287,-3.8595
57.9992,251.7328,-0.8938
66.4140,288.2552,-1.8093
82.1302,356.4679,-1.2951
79.2318,343.8878,-1.9140
83.8270,363.8323,-3.9072
101.6577,441.2226,-1.5294
102.1137,443.2020,-2.5812
104.0555,451.6299,-4.2498
97.8214,424.5722,-4.0264
120.5022,523.0129,-5.7217
117.2652,508.9634,-4.8893
112.3876,487.7932,-4.7968
131.8794,572.3931,-3.6787
125.5612,544.9705,-7.5538
116.6313,506.2123,-7.2694
104.6624,454.2639,-7.9075
108.2196,469.7029,-5.6242
114.7811,498.1818,-7.2649
113.1133,490.9433,-6.4103
105.5530,458.1295,-4.9929
100.9078,437.9678,-6.9309
112.6073,488.7469,-7.7517
107.1622,465.1139,-7.0663
95.8856,416.1699,-8.4635
90.5995,393.2271,-9.7833
74.7311,324.3536,-10.7257
59.8428,259.7342,-8.1100
60.0625,260.6878,-7.0700
53.9552,234.1808,-6.6549
44.4912,193.1042,-7.7729
38.2214,165.8916,-8.1056
27.2117,118.1063,-7.4524
16.1531,70.1090,-10.3604
8.7722,38.0737,-6.2025
0.0000,0.0000,-7.2562
0.0000,0.0000,-5.8821
0.0000,0.0000,-5.9815
0.0000,0.0000,-8.4688
0.0000,0.0000,-8.4799
0.0000,0.0000,-7.4933
0.0000,0.0000,-4.2788
0.0000,0.0000,-8.9144
0.0000,0.0000,-5.3344
0.0000,0.0000,-8.8164
0.0000,0.0000,-6.0345
0.0000,0.0000,-7.4860
0.0000,0.0000,-7.2111
0.0000,0.0000,-4.8040
0.0000,0.0000,-3.4181
0.0000,0.0000,-5.2684
0.0000,0.0000,-7.2795
0.0000,0.0000,-4.0131
0.0000,0.0000,-2.2235
0.0000,0.0000,-4.6208
0.0000,0.0000,-6.6998
0.0000,0.0000,-0.9191
0.0000,0.0000,-4.4816
0.0000,0.0000,-3.2512
0.0000,0.0000,-2.7126
0.0000,0.0000,-0.8222
0.0000,0.0000,-1.2086
0.0000,0.0000,-1.1218
0.0000,0.0000,-1.3628
0.0000,0.0000,-0.8701
0.0000,0.0000,-1.1043
0.0000,0.0000,-2.1383
0.0000,0.0000,2.0210
0.0000,0.0000,-1.4369
0.0000,0.0000,1.1782
0.0000,0.0000,-2.2196
0.0000,0.0000,1.5039
0.0000,0.0000,-2.5508
0.0000,0.0000,1.7377
0.0000,0.0000,2.8912
0.0000,0.0000,1.0189
0.0000,0.0000,4.2676
0.0000,0.0000,2.7346
0.0000,0.0000,3.4882
0.0000,0.0000,2.0061
0.0000,0.0000,1.5039
0.0000,0.0000,4.4351
0.0000,0.0000,0.3947
0.0000,0.0000,3.8359
0.0000,0.0000,1.6158
0.0000,0.0000,1.8367
0.0000,0.0000,0.7492
0.0000,0.0000,1.0353
0.0000,0.0000,1.1932
0.0000,0.0000,-0.1428
0.0000,0.0000,0.1136
6.8207,29.6036,1.0005
15.4631,67.1143,1.3237
25.7757,111.8739,0.1724
33.8506,146.9209,-3.2946
42.6492,185.1095,-2.9391
54.6667,237.2684,-0.8063
57.3097,248.7402,-0.8701
57.4317,249.2693,0.6357
69.0906,299.8725,-4.2159
80.6527,350.0552,-1.1411
92.1991,400.1695,-3.0132
91.1237,395.5022,-4.3102
100.7634,437.3409,-2.8101
95.5294,414.6240,-3.7579
101.3818,440.0253,-2.5006
103.6279,449.7738,-3.8452
107.8665,468.1707,-1.7466
117.8019,511.2928,-1.1752
118.2334,513.1659,-4.7854
116.3407,504.9508,-5.8204
121.0901,525.5646,-8.5550
113.1588,491.1407,-7.6730
107.1123,464.8973,-6.9964
99.5595,432.1160,-5.0213
107.4419,466.3276,-8.9455
106.3898,461.7611,-6.2803
96.7668,419.9948,-6.8370
100.9756,438.2620,-9.0450
101.1675,439.0951,-7.9208
91.5206,397.2248,-7.3205
79.1771,343.6508,-6.1636
70.7024,306.8682,-7.9030
70.0561,304.0629,-7.0469
60.4614,262.4192,-7.6081
58.2834,252.9661,-10.6575
42.3764,183.9252,-11.5450
35.7751,155.2737,-8.2026
27.9761,121.4241,-9.1264
15.8502,68.7943,-8.4399
8.6613,37.5925,-8.1698
0.0000,0.0000,-7.6496
0.0000,0.0000,-7.1351
0.0000,0.0000,-5.6718
0.0000,0.0000,-5.1059
0.0000,0.0000,-5.8344
0.0000,0.0000,-6.4152
0.0000,0.0000,-7.1290
0.0000,0.0000,-5.9851
0.0000,0.0000,-6.3486
0.0000,0.0000,-6.9703
0.0000,0.0000,-6.1346
0.0000,0.0000,-5.4901
0.0000,0.0000,-4.9109
0.0000,0.0000,-8.6194
0.0000,0.0000,-6.4372
0.0000,0.0000,-3.5255
0.0000,0.0000,-4.8923
0.0000,0.0000,-5.3173
0.0000,0.0000,-3.2326
0.0000,0.0000,-6.1539
0.0000,0.0000,-1.5737
0.0000,0.0000,-3.4046
0.0000,0.0000,-1.8751
0.0000,0.0000,-2.5017
0.0000,0.0000,-3.1413
0.0000,0.0000,-3.2368
0.0000,0.0000,-0.5091
0.0000,0.0000,-0.6488
0.0000,0.0000,1.0222
0.0000,0.0000,-3.2103
0.0000,0.0000,2.0350
0.0000,0.0000,0.4247
0.0000,0.0000,-0.0492
0.0000,0.0000,0.4858
0.0000,0.0000,-4.0853
0.0000,0.0000,-1.1749
0.0000,0.0000,2.5755
0.0000,0.0000,-0.5785
0.0000,0.0000,1.1784
0.0000,0.0000,2.8855
0.0000,0.0000,0.0424
0.0000,0.0000,1.5244
0.0000,0.0000,0.8862
0.0000,0.0000,3.2981
0.0000,0.0000,0.6209
0.0000,0.0000,2.8294
0.0000,0.0000,3.9423
0.0000,0.0000,1.7160
0.0000,0.0000,5.0790
0.0000,0.0000,0.6113
0.0000,0.0000,3.0000
0.0000,0.0000,-0.0769
0.0000,0.0000,0.9777
0.0000,0.0000,2.2112
0.0000,0.0000,0.9854
0.0000,0.0000,1.9879
6.2626,27.1812,-0.3570
14.9169,64.7433,3.2874
25.5518,110.9017,-0.4256
34.3612,149.1372,1.5175
43.0074,186.6641,0.1616
52.2505,226.7817,-0.8277
61.2248,265.7326,0.2151
65.3951,283.8329,-1.4174
72.0601,312.7610,-1.2369
82.6007,358.5099,-4.4027
87.7851,381.0119,-3.2302
93.0179,403.7234,-0.1335
95.1021,412.7695,-3.3234
89.7452,389.5190,-4.1373
99.4623,431.6942,-1.5267
101.8893,442.2278,-3.4027
107.9534,468.5479,-3.2479
124.7980,541.6578,-7.7395
125.0351,542.6870,-4.6574
112.2665,487.2679,-5.1514
105.5389,458.0681,-5.1197
120.5860,523.3768,-6.8865
113.1648,491.1667,-7.9987
109.4258,474.9382,-6.8613
112.0160,486.1806,-6.5710
103.3522,448.5775,-4.5346
104.7996,454.8593,-9.8098
92.1501,399.9569,-9.2007
104.3852,453.0609,-9.1119
89.6946,389.2994,-7.5856
81.0379,351.7270,-11.5152
72.8078,316.0059,-10.0486
67.1610,291.4974,-8.3855
62.4184,270.9131,-5.9147
55.7924,242.1546,-8.1499
44.9224,194.9757,-9.2078
35.4988,154.0746,-7.2341
29.7478,129.1138,-7.0276
17.0079,73.8192,-5.2048
8.3907,36.4180,-7.7359
0.0000,0.0000,-10.8606
0.0000,0.0000,-9.7704
0.0000,0.0000,-10.3491
0.0000,0.0000,-7.6284
0.0000,0.0000,-7.7137
0.0000,0.0000,-8.3248
0.0000,0.0000,-7.9963
0.0000,0.0000,-4.3365
0.0000,0.0000,-7.6967
0.0000,0.0000,-6.1259
0.0000,0.0000,-5.8337
0.0000,0.0000,-8.4329
0.0000,0.0000,-5.6884
0.0000,0.0000,-5.5165
0.0000,0.0000,-5.4093
0.0000,0.0000,-7.5893
0.0000,0.0000,-3.7831
0.0000,0.0000,-5.5277
0.0000,0.0000,-3.8440
0.0000,0.0000,-1.8287
0.0000,0.0000,-2.6971
0.0000,0.0000,-4.0581
0.0000,0.0000,-3.8321
0.0000,0.0000,-4.0828
0.0000,0.0000,-4.1205
0.0000,0.0000,-2.9493
0.0000,0.0000,-0.9341
0.0000,0.0000,-3.0186
0.0000,0.0000,-1.1350
0.0000,0.0000,-2.0874
0.0000,0.0000,-1.9719
0.0000,0.0000,1.4802
0.0000,0.0000,-1.7007
0.0000,0.0000,-0.6416
0.0000,0.0000,0.1398
0.0000,0.0000,0.6581
0.0000,0.0000,1.1706
0.0000,0.0000,1.8318
0.0000,0.0000,1.1575
0.0000,0.0000,0.4098
0.0000,0.0000,3.4043
0.0000,0.0000,3.4365
0.0000,0.0000,2.3073
0.0000,0.0000,-0.9755
0.0000,0.0000,-2.0636
0.0000,0.0000,1.7195
0.0000,0.0000,2.4321
0.0000,0.0000,2.7861
0.0000,0.0000,2.0410
0.0000,0.0000,0.9262
0.0000,0.0000,0.7554
0.0000,0.0000,0.8899
0.0000,0.0000,0.6846
0.0000,0.0000,3.6295
0.0000,0.0000,1.4543
0.0000,0.0000,1.7131
6.0270,26.1590,0.1417
15.4513,67.0627,2.5229
24.6625,107.0420,2.5967
34.4271,149.4231,-1.1413
42.9850,186.5668,-0.2188
47.9051,207.9214,1.3769
54.7656,237.6978,-3.2029
75.0361,325.6775,-1.4707
74.1903,322.0065,-2.7472
80.9889,351.5143,-2.6561
84.4068,366.3490,-1.5074
101.8027,441.8519,-0.0327
94.0869,408.3633,-3.6565
105.4398,457.6380,-2.1332
103.1403,447.6574,-4.5662
103.5824,449.5766,-5.9562
107.1940,465.2519,-5.3377
121.0457,525.3720,-3.4418
116.4383,505.3747,-6.6959
122.9721,533.7330,-6.5238
114.7723,498.1437,-4.1025
109.8280,476.6841,-6.1633
103.4385,448.9519,-8.8408
108.3745,470.3753,-8.9816
108.6438,471.5443,-7.1011
94.8412,411.6373,-8.2390
97.2843,422.2410,-9.1953
97.2822,422.2317,-5.6181
84.4227,366.4178,-10.9463
88.4276,383.8002,-9.6457
86.2236,374.2343,-7.3167
82.1465,356.5387,-9.0089
68.5900,297.6997,-7.2523
63.7081,276.5108,-10.9241
51.0338,221.5010,-10.1341
44.7512,194.2325,-8.1094
34.6594,150.4314,-8.0318
27.8913,121.0560,-9.3240
16.9383,73.5167,-8.6894
6.9442,30.1399,-6.6265
0.0000,0.0000,-8.9739
0.0000,0.0000,-7.5309
0.0000,0.0000,-6.6034
0.0000,0.0000,-5.6132
0.0000,0.0000,-8.7778
0.0000,0.0000,-8.2948
0.0000,0.0000,-6.9259
0.0000,0.0000,-7.3665
0.0000,0.0000,-6.4416
0.0000,0.0000,-7.4097
0.0000,0.0000,-6.8508
0.0000,0.0000,-7.5278
0.0000,0.0000,-8.9328
0.0000,0.0000,-6.1486
0.0000,0.0000,-8.4399
0.0000,0.0000,-6.5109
0.0000,0.0000,-4.3304
0.0000,0.0000,-8.2142
0.0000,0.0000,-4.5591
0.0000,0.0000,-5.5897
0.0000,0.0000,-3.7197
0.0000,0.0000,-2.4728
0.0000,0.0000,-1.1572
0.0000,0.0000,-4.7884
0.0000,0.0000,-2.1422
0.0000,0.0000,-3.5268
0.0000,0.0000,-1.6849
0.0000,0.0000,-4.7496
0.0000,0.0000,-0.7892
0.0000,0.0000,-0.6394
0.0000,0.0000,-0.1659
0.0000,0.0000,2.8604
0.0000,0.0000,0.6386
0.0000,0.0000,-0.7066
0.0000,0.0000,-0.1415
0.0000,0.0000,-0.5947
0.0000,0.0000,2.4135
0.0000,0.0000,2.2663
0.0000,0.0000,0.7987
0.0000,0.0000,0.8365
0.0000,0.0000,3.6946
0.0000,0.0000,1.5028
0.0000,0.0000,1.5043
0.0000,0.0000,-0.1470
0.0000,0.0000,1.7519
0.0000,0.0000,1.4805
0.0000,0.0000,2.1508
0.0000,0.0000,1.0834
0.0000,0.0000,-0.3285
0.0000,0.0000,3.7101
0.0000,0.0000,0.3783
0.0000,0.0000,2.0111
0.0000,0.0000,-2.9812
0.0000,0.0000,0.4937
0.0000,0.0000,-0.5120
0.0000,0.0000,-0.1501
6.4787,28.1194,1.3706
15.1467,65.7408,0.9083
23.7128,102.9201,-2.3863
35.8654,155.6659,-0.4001
41.3711,179.5620,1.6392
49.8922,216.5462,-1.5263
54.1258,234.9211,-2.3962
56.9915,247.3591,-5.5057
75.8281,329.1148,-3.5568
77.6646,337.0859,-3.9906
85.4970,371.0808,-6.0582
90.8080,394.1321,-5.4646
95.7196,415.4498,-5.5217
105.4389,457.6343,-5.5385
103.1302,447.6136,-3.8278
102.6714,445.6226,-6.2560
106.0959,460.4858,-6.1543
112.6774,489.0512,-6.8361
106.8019,463.5500,-7.3799
112.4853,488.2175,-6.8328
118.1611,512.8521,-7.2574
110.2505,478.5176,-7.9575
99.9780,433.9322,-8.1781
104.5077,453.5923,-8.6209
105.9341,459.7832,-7.7877
106.0448,460.2641,-6.8461
101.2628,439.5085,-8.0552
94.0508,408.2064,-9.0562
89.1936,387.1252,-7.5765
81.6001,354.1669,-8.9857
71.8906,312.0254,-10.7303
81.9474,355.6747,-6.2511
65.2208,283.0763,-8.9367
62.6840,272.0659,-7.7944
48.1817,209.1221,-8.2359
38.7273,168.0871,-7.3734
38.0678,165.2248,-7.2382
26.4821,114.9398,-9.8720
18.1465,78.7608,-8.9441
7.7019,33.4284,-8.1823
0.0000,0.0000,-8.8006
0.0000,0.0000,-8.0667
0.0000,0.0000,-7.5575
0.0000,0.0000,-8.7959
0.0000,0.0000,-9.3210
0.0000,0.0000,-8.2093
0.0000,0.0000,-6.5714
0.0000,0.0000,-7.4388
0.0000,0.0000,-8.7030
0.0000,0.0000,-5.8531
0.0000,0.0000,-9.7647
0.0000,0.0000,-6.3399
0.0000,0.0000,-7.5123
0.0000,0.0000,-5.4383
0.0000,0.0000,-6.9609
0.0000,0.0000,-3.9771
0.0000,0.0000,-5.4745
0.0000,0.0000,-3.9211
0.0000,0.0000,-4.3683
0.0000,0.0000,-4.7243
0.0000,0.0000,-2.0576
0.0000,0.0000,-4.4604
0.0000,0.0000,-5.2213
0.0000,0.0000,0.5324
0.0000,0.0000,-2.8272
0.0000,0.0000,-5.6983
0.0000,0.0000,-3.5272
0.0000,0.0000,0.4276
0.0000,0.0000,-1.8849
0.0000,0.0000,1.1147
0.0000,0.0000,1.5539
0.0000,0.0000,0.2333
0.0000,0.0000,0.5156
0.0000,0.0000,-1.7738
0.0000,0.0000,2.5207
0.0000,0.0000,-0.4834
0.0000,0.0000,1.3335
0.0000,0.0000,0.7408
0.0000,0.0000,2.1191
0.0000,0.0000,1.2548
0.0000,0.0000,3.1291
0.0000,0.0000,1.1533
0.0000,0.0000,0.3487
0.0000,0.0000,-0.1367
0.0000,0.0000,2.3335
0.0000,0.0000,0.1302
0.0000,0.0000,-0.1127
0.0000,0.0000,3.0099
0.0000,0.0000,0.6240
0.0000,0.0000,0.1910
0.0000,0.0000,-1.4467
0.0000,0.0000,2.3324
0.0000,0.0000,0.4095
0.0000,0.0000,2.4255
0.0000,0.0000,-0.2960
0.0000,0.0000,-0.6003
5.6263,24.4197,-0.1137
15.1269,65.6550,0.6288
24.5632,106.6113,0.7308
30.9282,134.2369,1.8108
39.0679,169.5655,-1.3999
51.2550,222.4609,-0.1501
63.5324,275.7482,-1.7303
59.4329,257.9554,-0.7402
69.6045,302.1028,-2.1440
79.3008,344.1874,-3.2383
77.1765,334.9673,-3.7584
86.4568,375.2465,-2.8918
88.7882,385.3657,-6.5515
111.5376,484.1043,-3.5725
99.5402,432.0322,-3.6462
111.8365,485.4016,-7.3470
103.9965,451.3735,-3.6755
115.2708,500.3073,-6.2827
118.1046,512.6070,-6.9103
113.7851,493.8589,-7.0055
115.6664,502.0242,-5.8674
116.1026,503.9174,-9.5727
113.3689,492.0523,-5.2921
117.1101,508.2902,-8.1150
104.9453,455.4919,-7.4619
104.0075,451.4216,-7.6130
95.9750,416.5582,-7.3619
96.9165,420.6445,-7.7458
91.3223,396.3643,-7.1115
93.1924,404.4810,-9.9123
82.3011,357.2098,-8.3897
75.0159,325.5898,-8.9036
62.1042,269.5494,-10.2530
65.5169,284.3614,-9.4110
45.7073,198.3822,-9.5212
36.8018,159.7300,-6.5085
34.6948,150.5850,-8.1301
29.4195,127.6890,-8.5911
15.6270,67.8254,-8.4525
7.4513,32.3407,-6.6113
0.0000,0.0000,-9.4653
0.0000,0.0000,-7.7249
0.0000,0.0000,-6.1223
0.0000,0.0000,-9.6862
0.0000,0.0000,-10.2076
0.0000,0.0000,-9.7211
0.0000,0.0000,-7.4062
0.0000,0.0000,-7.1316
0.0000,0.0000,-6.6118
0.0000,0.0000,-7.5367
0.0000,0.0000,-5.3177
0.0000,0.0000,-5.7705
0.0000,0.0000,-5.2888
0.0000,0.0000,-6.7578
0.0000,0.0000,-5.1025
0.0000,0.0000,-8.3568
0.0000,0.0000,-4.4251
0.0000,0.0000,-5.6669
0.0000,0.0000,-2.0326
0.0000,0.0000,-6.2723
0.0000,0.0000,-2.2684
0.0000,0.0000,-4.3001
0.0000,0.0000,-3.0532
0.0000,0.0000,-4.3199
0.0000,0.0000,-3.1166
0.0000,0.0000,-1.1874
0.0000,0.0000,-1.4844
0.0000,0.0000,-0.4876
0.0000,0.0000,-0.0448
0.0000,0.0000,-0.2745
0.0000,0.0000,-1.8236
0.0000,0.0000,0.4193
0.0000,0.0000,1.6234
0.0000,0.0000,-0.2001
0.0000,0.0000,-3.1412
0.0000,0.0000,-1.7143
0.0000,0.0000,0.2327
0.0000,0.0000,1.5019
0.0000,0.0000,-0.8835
0.0000,0.0000,-0.1967
0.0000,0.0000,0.8399
0.0000,0.0000,2.4834
0.0000,0.0000,3.8843
0.0000,0.0000,-0.4020
0.0000,0.0000,1.1562
0.0000,0.0000,1.8215
0.0000,0.0000,3.9757
0.0000,0.0000,-1.7011
0.0000,0.0000,2.0470
0.0000,0.0000,0.1173
0.0000,0.0000,1.8066
0.0000,0.0000,-1.9193
0.0000,0.0000,-0.6032
0.0000,0.0000,2.6199
0.0000,0.0000,0.0382
0.0000,0.0000,1.7188
5.4405,23.6132,-0.7721
13.1886,57.2423,-1.5421
24.4627,106.1748,-0.3557
32.7646,142.2076,-1.8435
41.1935,178.7911,0.5179
53.9956,234.3557,-3.6423
56.7702,246.3986,-3.7439
64.8112,281.2988,-4.2833
71.2108,309.0745,-0.0552
78.6844,341.5120,-4.6527
73.0253,316.9500,-4.7265
86.7038,376.3184,-3.3502
98.6795,428.2964,-1.4143
97.7186,424.1258,-3.0354
89.6303,389.0204,-6.3554
102.5634,445.1537,-5.0636
114.0373,494.9534,-5.2728
110.9154,481.4037,-5.2092
104.3148,452.7553,-5.6180
102.1387,443.3102,-4.7049
109.5941,475.6689,-7.7080
107.8079,467.9164,-6.3272
107.7001,467.4485,-8.8945
102.9126,446.6694,-8.4928
106.1353,460.6568,-6.9593
112.5679,488.5758,-8.4862
90.7161,393.7329,-10.5078
95.1991,413.1906,-7.0897
94.4219,409.8174,-5.8303
89.7080,389.3576,-8.4206
79.3803,344.5324,-9.3841
77.3865,335.8791,-9.5899
59.3492,257.5922,-8.8692
54.9818,238.6361,-9.5994
46.3340,201.1026,-6.6382
43.0922,187.0319,-7.4290
32.2161,139.8269,-6.9867
26.3569,114.3964,-6.2536
15.5458,67.4731,-11.9437
7.3112,31.7328,-9.9995
0.0000,0.0000,-10.7664
0.0000,0.0000,-10.6483
0.0000,0.0000,-5.3718
0.0000,0.0000,-7.8066
0.0000,0.0000,-7.8184
0.0000,0.0000,-5.9415
0.0000,0.0000,-7.0304
0.0000,0.0000,-6.2152
0.0000,0.0000,-6.7576
0.0000,0.0000,-6.5751
0.0000,0.0000,-8.2597
0.0000,0.0000,-6.9067
0.0000,0.0000,-7.4960
0.0000,0.0000,-4.7191
0.0000,0.0000,-8.0073
0.0000,0.0000,-10.2065
0.0000,0.0000,-5.0218
0.0000,0.0000,-2.4222
0.0000,0.0000,-2.2135
0.0000,0.0000,-4.9963
0.0000,0.0000,-3.7101
0.0000,0.0000,-4.6229
0.0000,0.0000,-1.5477
0.0000,0.0000,-4.1712
0.0000,0.0000,-2.0346
0.0000,0.0000,-2.0141
0.0000,0.0000,-2.1071
0.0000,0.0000,2.1356
0.0000,0.0000,-0.8407
0.0000,0.0000,-1.3828
0.0000,0.0000,0.1879
0.0000,0.0000,0.5128
0.0000,0.0000,1.1453
0.0000,0.0000,0.4102
0.0000,0.0000,-0.0626
0.0000,0.0000,1.5570
0.0000,0.0000,-0.6332
0.0000,0.0000,0.8621
0.0000,0.0000,1.9607
0.0000,0.0000,1.4624
0.0000,0.0000,1.0392
0.0000,0.0000,0.7521
0.0000,0.0000,-1.7381
0.0000,0.0000,1.5775
0.0000,0.0000,-0.7390
0.0000,0.0000,-2.3933
0.0000,0.0000,4.0180
0.0000,0.0000,-0.1019
0.0000,0.0000,2.1987
0.0000,0.0000,1.4195
0.0000,0.0000,1.5393
0.0000,0.0000,3.5502
0.0000,0.0000,0.9107
0.0000,0.0000,1.6710
0.0000,0.0000,1.0957
0.0000,0.0000,-0.7512
4.8596,21.0922,2.8493
15.2142,66.0338,0.8142
21.9434,95.2405,0.3233
31.7322,137.7266,-1.9757
42.8645,186.0437,0.2181
48.4973,210.4916,-5.7300
54.8936,238.2534,-5.3958
65.0706,282.4245,-5.0670
78.8200,342.1006,-0.8996
72.1778,313.2715,-3.8401
83.8297,363.8440,-2.1834
84.5818,367.1085,-3.9481
97.0119,421.0586,-3.3998
99.5535,432.0900,-6.0285
93.7152,406.7498,-2.0590
99.5630,432.1313,-6.1381
115.9216,503.1320,-4.3816
121.0307,525.3070,-4.8810
120.4180,522.6478,-4.2917
115.4330,501.0112,-4.6481
108.7366,471.9470,-7.0076
105.1065,456.1913,-5.3632
113.1696,491.1874,-7.5204
105.6849,458.7017,-8.6605
114.1760,495.5556,-8.0125
104.5035,453.5741,-7.9019
90.7613,393.9292,-10.1534
89.5155,388.5221,-7.8380
86.3230,374.6656,-10.2097
78.7860,341.9530,-8.6031
85.9089,372.8687,-8.5394
69.3423,300.9647,-7.8813
67.3752,292.4270,-10.0585
58.2039,252.6212,-6.4748
48.4952,210.4827,-10.5378
44.0762,191.3030,-8.6612
33.0115,143.2791,-8.4959
27.0820,117.5433,-6.6188
17.3499,75.3034,-8.9861
6.8964,29.9324,-9.1014
0.0000,0.0000,-8.8443
0.0000,0.0000,-9.4208
0.0000,0.0000,-7.4160
0.0000,0.0000,-6.4657
0.0000,0.0000,-8.1994
0.0000,0.0000,-11.4229
0.0000,0.0000,-6.9483
0.0000,0.0000,-8.3663
0.0000,0.0000,-9.3608
0.0000,0.0000,-7.2854
0.0000,0.0000,-7.0081
0.0000,0.0000,-5.3255
0.0000,0.0000,-6.5038
0.0000,0.0000,-6.6073
0.0000,0.0000,-7.8342
0.0000,0.0000,-6.5713
0.0000,0.0000,-6.3989
0.0000,0.0000,-6.5182
0.0000,0.0000,-4.2215
0.0000,0.0000,-1.6919
0.0000,0.0000,-3.5596
0.0000,0.0000,-0.4136
0.0000,0.0000,-2.0204
0.0000,0.0000,-1.9006
0.0000,0.0000,-2.9862
0.0000,0.0000,-4.7109
0.0000,0.0000,0.5114
0.0000,0.0000,-0.7937
0.0000,0.0000,-0.8300
0.0000,0.0000,0.5317
0.0000,0.0000,-3.5804
0.0000,0.0000,-2.1648
0.0000,0.0000,-2.3258
0.0000,0.0000,2.9273
0.0000,0.0000,-1.3143
0.0000,0.0000,-1.3126
0.0000,0.0000,-0.4126
0.0000,0.0000,0.9490
0.0000,0.0000,0.8418
0.0000,0.0000,-0.4223
0.0000,0.0000,0.9118
0.0000,0.0000,2.3689
0.0000,0.0000,0.4228
0.0000,0.0000,2.8811
0.0000,0.0000,1.2770
0.0000,0.0000,2.1346
0.0000,0.0000,3.6705
0.0000,0.0000,3.5011
0.0000,0.0000,1.1983
0.0000,0.0000,2.1418
0.0000,0.0000,0.8388
0.0000,0.0000,2.8890
0.0000,0.0000,3.3278
0.0000,0.0000,-1.9246
0.0000,0.0000,-1.3072
0.0000,0.0000,-2.2568
5.2955,22.9839,3.6927
14.2793,61.9762,-2.4517
26.2452,113.9116,0.3518
33.3510,144.7525,0.3809
39.3331,170.7167,-0.4825
42.8727,186.0793,-1.4802
56.1692,243.7897,-3.1345
65.3952,283.8333,0.4610
73.2198,317.7941,-3.9186
72.9473,316.6117,-3.5578
84.3970,366.3066,-4.6632
86.7069,376.3322,-2.3560
93.4237,405.4846,-6.4800
100.5508,436.4183,-5.2709
109.1153,473.5907,-1.5679
107.0024,464.4203,-6.8459
110.8846,481.2699,-8.2740
108.5811,471.2722,-7.4738
124.4507,540.1505,-5.1423
109.7615,476.3955,-9.2035
122.8781,533.3250,-5.2137
113.9144,494.4203,-4.7417
108.3861,470.4257,-7.2701
106.6239,462.7774,-4.8410
102.7832,446.1076,-10.3618
104.8241,454.9655,-5.2405
94.5467,410.3587,-9.8030
92.9051,403.2339,-7.7961
97.4680,423.0381,-6.5216
89.7430,389.5095,-8.7719
68.8322,298.7507,-7.9479
75.9410,329.6051,-7.7523
64.6521,280.6081,-9.6356
63.3326,274.8813,-7.7951
51.8381,224.9919,-10.5080
39.9546,173.4141,-9.7586
33.8474,146.9072,-9.3599
28.5032,123.7119,-7.7644
16.9068,73.3802,-10.2564
7.0415,30.5623,-8.9935
0.0000,0.0000,-10.6329
0.0000,0.0000,-9.4379
0.0000,0.0000,-5.4909
0.0000,0.0000,-6.8659
0.0000,0.0000,-9.3000
0.0000,0.0000,-7.7339
0.0000,0.0000,-6.8886
0.0000,0.0000,-6.8463
0.0000,0.0000,-8.0411
0.0000,0.0000,-7.8797
0.0000,0.0000,-7.7579
0.0000,0.0000,-6.6949
0.0000,0.0000,-7.1426
0.0000,0.0000,-10.0965
0.0000,0.0000,-5.5700
0.0000,0.0000,-6.0156
0.0000,0.0000,-3.6154
0.0000,0.0000,-4.5479
0.0000,0.0000,-7.1402
0.0000,0.0000,-5.8281
0.0000,0.0000,-3.3026
0.0000,0.0000,-2.5908
0.0000,0.0000,-2.9300
0.0000,0.0000,-0.5873
0.0000,0.0000,-3.6109
0.0000,0.0000,-5.0393
0.0000,0.0000,-1.7839
0.0000,0.0000,-4.7539
0.0000,0.0000,-2.4884
0.0000,0.0000,0.6814
0.0000,0.0000,1.2217
0.0000,0.0000,-2.1264
0.0000,0.0000,0.1789
0.0000,0.0000,1.1473
0.0000,0.0000,1.1234
0.0000,0.0000,-2.3229
0.0000,0.0000,2.4601
0.0000,0.0000,-0.8028
0.0000,0.0000,-1.3443
0.0000,0.0000,1.0045
0.0000,0.0000,0.3993
0.0000,0.0000,-0.5985
0.0000,0.0000,0.7165
0.0000,0.0000,1.9566
0.0000,0.0000,0.4083
0.0000,0.0000,1.5738
0.0000,0.0000,2.1889
0.0000,0.0000,-2.2219
0.0000,0.0000,-1.5652
0.0000,0.0000,-2.9176
0.0000,0.0000,-1.2070
0.0000,0.0000,-0.6000
0.0000,0.0000,-0.1524
0.0000,0.0000,1.5458
0.0000,0.0000,0.4986
0.0000,0.0000,1.2819
4.7161,20.4691,0.9439
14.1073,61.2294,-1.7963
24.1125,104.6549,1.0126
31.8855,138.3920,-1.7968
37.8426,164.2473,0.8725
48.1598,209.0269,-2.7614
53.1466,230.6708,-2.8183
63.1169,273.9447,-6.2996
76.9299,333.8971,-4.6265
76.2164,330.8004,-2.2005
77.7141,337.3007,-0.0067
97.7342,424.1938,-4.7521
95.4734,414.3809,-5.4564
98.8692,429.1199,-3.1169
101.1468,439.0050,-3.6123
97.8452,424.6753,-5.0880
106.8567,463.7879,-4.2696
115.9065,503.0663,-5.2950
111.8112,485.2917,-6.2040
101.6908,441.3664,-8.1542
118.3899,513.8450,-7.1603
104.4137,453.1844,-8.0098
107.9213,468.4086,-6.8563
115.7772,502.5054,-10.7687
98.9879,429.6349,-7.5582
106.1919,460.9022,-6.2515
101.0870,438.7456,-7.0145
90.5556,393.0365,-9.7911
84.7331,367.7653,-10.0551
87.4804,379.6891,-9.8072
71.2157,309.0960,-9.7725
76.8609,333.5975,-8.8156
60.9188,264.4046,-7.7254
51.8780,225.1647,-8.0261
49.0212,212.7657,-9.6478
44.7304,194.1424,-8.0717
33.5763,145.7305,-10.2368
26.9589,117.0091,-9.6929
14.6203,63.4564,-9.4925
6.4224,27.8749,-7.2607
0.0000,0.0000,-8.2799
0.0000,0.0000,-8.5233
0.0000,0.0000,-7.5404
0.0000,0.0000,-8.5975
0.0000,0.0000,-9.0974
0.0000,0.0000,-10.7725
0.0000,0.0000,-7.9402
0.0000,0.0000,-8.5026
0.0000,0.0000,-6.3818
0.0000,0.0000,-5.7904
0.0000,0.0000,-8.0922
0.0000,0.0000,-5.7977
0.0000,0.0000,-5.8830
0.0000,0.0000,-7.6013
0.0000,0.0000,-7.8097
0.0000,0.0000,-3.0491
0.0000,0.0000,-4.8094
0.0000,0.0000,-5.6536
0.0000,0.0000,-5.9354
0.0000,0.0000,-6.2467
0.0000,0.0000,-4.3395
0.0000,0.0000,-1.3125
0.0000,0.0000,-2.1213
0.0000,0.0000,-3.5111
0.0000,0.0000,-1.8221
0.0000,0.0000,-1.8277
0.0000,0.0000,-1.0858
0.0000,0.0000,-6.2866
0.0000,0.0000,1.0789
0.0000,0.0000,0.3565
0.0000,0.0000,-2.5743
0.0000,0.0000,1.4551
0.0000,0.0000,-0.1026
0.0000,0.0000,-3.6056
0.0000,0.0000,0.0256
0.0000,0.0000,3.3006
0.0000,0.0000,-0.2999
0.0000,0.0000,1.2876
0.0000,0.0000,-2.8762
0.0000,0.0000,-0.9559
0.0000,0.0000,4.0877
0.0000,0.0000,-0.2393
0.0000,0.0000,1.2257
0.0000,0.0000,2.0443
0.0000,0.0000,1.5991
0.0000,0.0000,-1.8238
0.0000,0.0000,-0.8060
0.0000,0.0000,0.0230
0.0000,0.0000,0.9462
0.0000,0.0000,-0.1519
0.0000,0.0000,-0.5720
0.0000,0.0000,-2.2687
0.0000,0.0000,2.4370
0.0000,0.0000,2.6318
0.0000,0.0000,-2.2428
0.0000,0.0000,-0.6675
4.5290,19.6569,-0.1385
13.4653,58.4430,-2.9104
22.7801,98.8719,0.5604
30.9245,134.2210,-0.9551
38.3177,166.3096,-2.9714
41.6843,180.9213,-2.8897
56.9549,247.2002,-2.0345
58.5310,254.0407,-0.6300
69.2695,300.6491,-4.1415
74.4801,323.2643,-1.9904
86.6499,376.0847,-1.1321
81.8303,355.1661,-2.6925
90.2543,391.7290,-4.0485
94.8381,411.6237,-3.5493
90.0398,390.7977,-3.3693
108.1079,469.2182,-4.2360
99.6366,432.4504,-5.2789
110.7579,480.7199,-3.3662
110.1468,478.0678,-6.8603
110.2708,478.6060,-7.9236
117.3181,509.1930,-9.5271
107.1995,465.2755,-7.4721
104.0619,451.6575,-8.1814
107.5299,466.7096,-8.4201
97.0645,421.2870,-7.1204
107.9814,468.6693,-6.7913
103.1322,447.6223,-12.1335
99.7056,432.7500,-9.2204
92.9104,403.2569,-9.2251
91.1884,395.7831,-9.4540
73.7923,320.2789,-8.6857
81.5213,353.8252,-9.9563
61.0456,264.9550,-7.7589
60.1551,261.0897,-7.4230
50.6275,219.7374,-11.0094
38.0426,165.1156,-9.1319
32.1395,139.4944,-7.7139
24.5499,106.5532,-9.6053
15.0874,65.4834,-8.3004
6.1308,26.6094,-9.8118
0.0000,0.0000,-7.5806
0.0000,0.0000,-6.7713
0.0000,0.0000,-9.7972
0.0000,0.0000,-6.7497
0.0000,0.0000,-9.9235
0.0000,0.0000,-6.5459
0.0000,0.0000,-8.0877
0.0000,0.0000,-8.3148
0.0000,0.0000,-5.6547
0.0000,0.0000,-5.6459
0.0000,0.0000,-8.9232
0.0000,0.0000,-7.9537
0.0000,0.0000,-3.8041
0.0000,0.0000,-6.9411
0.0000,0.0000,-3.8686
0.0000,0.0000,-6.6757
0.0000,0.0000,-6.0962
0.0000,0.0000,-5.7575
0.0000,0.0000,-6.4509
0.0000,0.0000,-5.6582
0.0000,0.0000,-3.6941
0.0000,0.0000,-4.1566
0.0000,0.0000,-4.1691
0.0000,0.0000,-3.4482
0.0000,0.0000,-2.8423
0.0000,0.0000,-1.7131
0.0000,0.0000,-3.3042
0.0000,0.0000,-0.3990
0.0000,0.0000,-2.7776
0.0000,0.0000,-0.7120
0.0000,0.0000,-2.7157
0.0000,0.0000,0.0491
0.0000,0.0000,-1.7196
0.0000,0.0000,1.0604
0.0000,0.0000,0.0256
0.0000,0.0000,1.8926
0.0000,0.0000,1.5928
0.0000,0.0000,-0.5674
0.0000,0.0000,2.8990
0.0000,0.0000,1.4289
0.0000,0.0000,0.0762
0.0000,0.0000,-1.2821
0.0000,0.0000,-3.0560
0.0000,0.0000,2.2826
0.0000,0.0000,0.4262
0.0000,0.0000,0.7164
0.0000,0.0000,1.2037
0.0000,0.0000,2.5202
0.0000,0.0000,-0.2567
0.0000,0.0000,0.6171
0.0000,0.0000,-1.3774
0.0000,0.0000,0.5089
0.0000,0.0000,2.6270
0.0000,0.0000,-3.2181
0.0000,0.0000,2.3105
0.0000,0.0000,-0.7765
4.2692,18.5295,-1.5715
14.3399,62.2392,2.9318
21.8781,94.9569,-2.0442
32.7492,142.1407,-1.8591
43.2128,187.5556,-1.7620
41.7758,181.3187,-0.9185
55.8854,242.5580,-2.2557
54.7650,237.6951,-4.5111
64.8864,281.6248,-4.1742
76.5611,332.2967,-3.2592
79.5820,345.4080,-4.4758
88.6156,384.6163,-2.4543
93.8080,407.1529,-4.4333
89.8843,390.1228,-5.2818
108.2415,469.7983,-4.1255
103.0038,447.0652,-6.6370
115.4739,501.1887,-6.9055
105.8047,459.2219,-5.9392
112.8751,489.9092,-6.4713
100.5792,436.5416,-6.2049
111.1811,482.5566,-6.9330
120.5771,523.3383,-5.4942
109.6199,475.7809,-8.9478
115.6973,502.1584,-7.4493
101.1673,439.0940,-7.2188
97.7955,424.4597,-8.4873
95.6657,415.2159,-7.6921
82.6518,358.7317,-8.3157
88.7044,385.0018,-6.1835
83.6693,363.1479,-7.4439
77.0288,334.3264,-7.3625
70.3439,305.3120,-10.8171
69.4931,301.6193,-9.5813
54.3182,235.7561,-9.5981
49.0770,213.0080,-10.5702
36.6815,159.2079,-8.2735
35.2023,152.7876,-9.4580
24.7366,107.3639,-10.3063
15.1046,65.5584,-6.2581
6.1919,26.8744,-8.3297
0.0000,0.0000,-11.1528
0.0000,0.0000,-11.7868
0.0000,0.0000,-9.2103
0.0000,0.0000,-8.3886
0.0000,0.0000,-9.3523
0.0000,0.0000,-7.1017
0.0000,0.0000,-9.5608
0.0000,0.0000,-7.2044
0.0000,0.0000,-6.9983
0.0000,0.0000,-8.4082
0.0000,0.0000,-8.4940
0.0000,0.0000,-7.1580
0.0000,0.0000,-4.1352
0.0000,0.0000,-6.3615
0.0000,0.0000,-2.6321
0.0000,0.0000,-5.3565
0.0000,0.0000,-5.3699
0.0000,0.0000,-8.1284
0.0000,0.0000,-4.8168
0.0000,0.0000,-7.3919
0.0000,0.0000,-5.3349
0.0000,0.0000,-6.6114
0.0000,0.0000,-2.7089
0.0000,0.0000,-5.8904
0.0000,0.0000,-3.2531
0.0000,0.0000,-2.5508
0.0000,0.0000,-0.8580
0.0000,0.0000,-1.5352
0.0000,0.0000,-2.4748
0.0000,0.0000,0.7844
0.0000,0.0000,-4.0882
0.0000,0.0000,-0.2259
0.0000,0.0000,1.0689
0.0000,0.0000,-2.4224
0.0000,0.0000,-1.5475
0.0000,0.0000,1.9289
0.0000,0.0000,2.9905
0.0000,0.0000,-0.9107
0.0000,0.0000,0.1779
0.0000,0.0000,-0.3978
0.0000,0.0000,-0.2280
0.0000,0.0000,2.0297
0.0000,0.0000,0.8637
0.0000,0.0000,1.2012
0.0000,0.0000,1.3161
0.0000,0.0000,-0.0752
0.0000,0.0000,1.3350
0.0000,0.0000,1.3319
0.0000,0.0000,0.7971
0.0000,0.0000,-0.0982
0.0000,0.0000,0.9726
0.0000,0.0000,1.8575
0.0000,0.0000,0.6541
0.0000,0.0000,0.7667
0.0000,0.0000,1.4350
0.0000,0.0000,-1.0800
3.5152,15.2571,1.6069
13.1092,56.8975,-1.5239
21.0256,91.2570,-1.6728
29.2034,126.7507,-1.3033
44.1096,191.4480,-2.7049
48.1922,209.1675,-2.9934
56.6801,246.0074,-4.2314
60.4266,262.2680,-3.5389
76.1802,330.6433,-5.0252
80.2759,348.4198,-4.2738
80.0554,347.4628,-2.9955
89.1003,386.7199,-3.3349
89.6016,388.8959,-2.2185
93.0536,403.8783,-1.0513
107.1429,465.0298,-4.7585
102.6054,445.3359,-5.0301
115.8204,502.6925,-8.4520
102.9487,446.8260,-6.0801
95.3760,413.9582,-4.7170
109.9142,477.0583,-6.7625
114.5260,497.0746,-7.4384
100.5710,436.5059,-8.5558
96.0406,416.8427,-4.9171
101.4417,440.2854,-6.7943
109.7714,476.4384,-9.5196
104.8180,454.9391,-6.3522
98.9595,429.5116,-9.6082
89.8414,389.9365,-6.6046
91.2801,396.1812,-5.7041
88.9716,386.1616,-9.2030
76.6784,332.8055,-10.4143
72.3743,314.1246,-10.0234
61.4221,266.5889,-10.4000
50.1592,217.7050,-7.6754
51.5674,223.8168,-8.2317
41.7632,181.2639,-8.7949
33.1697,143.9657,-9.9559
23.8194,103.3827,-9.5682
14.7659,64.0883,-12.5189
6.1388,26.6442,-9.8447
0.0000,0.0000,-10.6609
0.0000,0.0000,-10.7875
0.0000,0.0000,-7.8632
0.0000,0.0000,-11.4683
0.0000,0.0000,-6.7625
0.0000,0.0000,-7.6146
0.0000,0.0000,-7.9915
0.0000,0.0000,-9.1413
0.0000,0.0000,-7.4636
0.0000,0.0000,-8.0010
0.0000,0.0000,-7.2771
0.0000,0.0000,-8.9133
0.0000,0.0000,-9.9561
0.0000,0.0000,-9.0007
0.0000,0.0000,-5.4480
0.0000,0.0000,-5.4443
0.0000,0.0000,-5.8828
0.0000,0.0000,-4.5666
0.0000,0.0000,-5.6839
0.0000,0.0000,-4.8653
0.0000,0.0000,-5.8404
0.0000,0.0000,-5.3204
0.0000,0.0000,-6.0163
0.0000,0.0000,-2.8828
0.0000,0.0000,-3.5868
0.0000,0.0000,-5.8075
0.0000,0.0000,-3.0873
0.0000,0.0000,-3.5856
0.0000,0.0000,-1.6091
0.0000,0.0000,-3.1416
0.0000,0.0000,-0.4217
0.0000,0.0000,-1.2958
0.0000,0.0000,-0.1777
0.0000,0.0000,0.5691
0.0000,0.0000,0.7388
0.0000,0.0000,1.4505
0.0000,0.0000,-3.2303
0.0000,0.0000,0.0023
0.0000,0.0000,-1.3224
0.0000,0.0000,-0.3093
0.0000,0.0000,-1.1872
0.0000,0.0000,-0.5894
0.0000,0.0000,0.6298
0.0000,0.0000,1.1864
0.0000,0.0000,-0.3197
0.0000,0.0000,1.0686
0.0000,0.0000,2.2188
0.0000,0.0000,1.2409
0.0000,0.0000,-1.8610
0.0000,0.0000,0.8355
0.0000,0.0000,-3.5594
0.0000,0.0000,1.7831
0.0000,0.0000,2.1017
0.0000,0.0000,-1.1027
0.0000,0.0000,0.7899
0.0000,0.0000,0.2652
3.6125,15.6791,1.3338
12.4063,53.8468,-2.7921
24.2257,105.1461,-1.7116
31.5596,136.9775,-1.6997
41.0917,178.3493,-3.0657
42.2207,183.2498,-1.3564
47.7345,207.1812,-3.3209
62.9632,273.2779,-3.6154
73.1368,317.4339,-2.5014
73.8523,320.5396,-5.3843
85.5517,371.3181,-4.8149
87.1869,378.4153,-6.6178
93.0525,403.8736,-5.1483
89.4848,388.3891,-1.5512
99.1405,430.2971,-3.7308
117.1468,508.4497,-6.4498
106.0426,460.2542,-7.2721
111.3147,483.1369,-1.4825
105.2993,457.0284,-9.1470
111.6717,484.6862,-7.2232
112.4212,487.9392,-8.8218
104.0193,451.4727,-6.7117
104.5450,453.7543,-9.9546
108.5033,470.9345,-7.2674
108.4384,470.6526,-6.3910
101.7863,441.7810,-8.0060
93.4000,405.3820,-8.7629
94.5569,410.4033,-9.7205
77.2050,335.0911,-8.1064
83.8710,364.0236,-4.3888
78.0708,338.8489,-10.0173
66.7483,289.7060,-10.8333
59.9056,260.0069,-8.9308
55.9488,242.8335,-10.0303
49.2715,213.8519,-9.3617
42.7053,185.3528,-12.4501
31.0747,134.8729,-8.4821
22.5504,97.8752,-9.1808
15.5829,67.6340,-8.0149
5.8783,25.5136,-9.7440
0.0000,0.0000,-10.7415
0.0000,0.0000,-11.8809
0.0000,0.0000,-6.2698
0.0000,0.0000,-8.7253
0.0000,0.0000,-8.0529
0.0000,0.0000,-6.4324
0.0000,0.0000,-6.6650
0.0000,0.0000,-12.0005
0.0000,0.0000,-10.8077
0.0000,0.0000,-8.0279
0.0000,0.0000,-7.6371
0.0000,0.0000,-7.6707
0.0000,0.0000,-6.0055
0.0000,0.0000,-5.8155
0.0000,0.0000,-4.8644
0.0000,0.0000,-4.6531
0.0000,0.0000,-5.6433
0.0000,0.0000,-2.8100
0.0000,0.0000,-5.2151
0.0000,0.0000,-3.9872
0.0000,0.0000,-2.7671
0.0000,0.0000,-2.5685
0.0000,0.0000,-4.0611
0.0000,0.0000,-3.6441
0.0000,0.0000,-1.0784
0.0000,0.0000,-4.9497
0.0000,0.0000,-2.6707
0.0000,0.0000,-2.7103
0.0000,0.0000,-3.8580
0.0000,0.0000,-1.3217
0.0000,0.0000,-2.5360
0.0000,0.0000,-3.0026
0.0000,0.0000,-0.6222
0.0000,0.0000,-0.3754
0.0000,0.0000,-0.8532
0.0000,0.0000,0.7139
0.0000,0.0000,0.6011
0.0000,0.0000,2.1327
0.0000,0.0000,-1.8116
0.0000,0.0000,0.5487
0.0000,0.0000,0.5767
0.0000,0.0000,-0.4033
0.0000,0.0000,1.9139
0.0000,0.0000,0.5576
0.0000,0.0000,-1.9310
0.0000,0.0000,-0.4033
0.0000,0.0000,0.8060
0.0000,0.0000,-0.9699
0.0000,0.0000,0.7555
0.0000,0.0000,0.2261
0.0000,0.0000,1.2918
0.0000,0.0000,-0.5546
0.0000,0.0000,-1.2198
0.0000,0.0000,0.2365
0.0000,0.0000,0.3195
0.0000,0.0000,-0.5608
3.9136,16.9861,-1.7206
12.8654,55.8392,-1.6757
22.0088,95.5244,-1.0784
32.1151,139.3883,-1.8593
38.6988,167.9634,-3.6042
47.4411,205.9076,-4.6611
53.5811,232.5568,-2.8358
62.2805,270.3148,-4.2076
68.6502,297.9611,-2.1334
77.4907,336.3312,-3.2869
78.5381,340.8771,-2.7307
87.3952,379.3194,-5.9939
91.4389,396.8702,-2.8982
105.6596,458.5922,-4.2367
108.5941,471.3286,-3.1951
102.9251,446.7236,-4.7116
109.4800,475.1736,-6.0472
107.0319,464.5483,-7.2375
112.3097,487.4551,-5.5553
105.9551,459.8746,-6.1687
108.8650,472.5045,-7.9531
118.0339,512.2999,-7.9304
104.2834,452.6190,-9.7445
118.0427,512.3380,-9.0259
98.4735,427.4025,-5.3308
104.4252,453.2344,-6.2336
96.4489,418.6152,-9.1478
93.4341,405.5298,-10.0383
86.4032,375.0137,-7.1700
85.4436,370.8490,-8.7500
78.1014,338.9818,-9.4135
71.6671,311.0553,-9.0677
58.7201,254.8614,-8.4554
58.1029,252.1829,-8.5062
47.7052,207.0540,-10.4407
44.2740,192.1613,-9.8054
33.8963,147.1193,-10.7566
22.3504,97.0069,-9.9275
14.5312,63.0694,-9.1130
5.4760,23.7673,-10.2351
0.0000,0.0000,-9.6914
0.0000,0.0000,-11.2983
0.0000,0.0000,-8.4403
0.0000,0.0000,-10.5071
0.0000,0.0000,-6.2709
0.0000,0.0000,-7.8658
0.0000,0.0000,-6.5998
0.0000,0.0000,-8.3742
0.0000,0.0000,-5.9680
0.0000,0.0000,-4.4778
0.0000,0.0000,-6.9701
0.0000,0.0000,-7.1940
0.0000,0.0000,-5.5761
0.0000,0.0000,-7.9835
0.0000,0.0000,-5.7105
0.0000,0.0000,-4.7650
0.0000,0.0000,-6.8997
0.0000,0.0000,-6.9951
0.0000,0.0000,-8.2107
0.0000,0.0000,-7.7849
0.0000,0.0000,-4.8268
0.0000,0.0000,-3.7488
0.0000,0.0000,-4.4341
0.0000,0.0000,-5.1649
0.0000,0.0000,-2.5811
0.0000,0.0000,-4.4531
0.0000,0.0000,-1.4850
0.0000,0.0000,-2.1210
0.0000,0.0000,-3.1745
0.0000,0.0000,0.6988
0.0000,0.0000,-1.0686
0.0000,0.0000,-1.9906
0.0000,0.0000,0.2292
0.0000,0.0000,-2.6948
0.0000,0.0000,0.7436
0.0000,0.0000,0.0147
0.0000,0.0000,-0.5112
0.0000,0.0000,-2.5656
0.0000,0.0000,-1.2228
0.0000,0.0000,1.2827
0.0000,0.0000,0.2721
0.0000,0.0000,-1.9882
0.0000,0.0000,-0.3876
0.0000,0.0000,-1.2099
0.0000,0.0000,3.1099
0.0000,0.0000,-0.7283
0.0000,0.0000,-3.2878
0.0000,0.0000,-0.1360
0.0000,0.0000,-1.8323
0.0000,0.0000,-0.3706
0.0000,0.0000,-0.4908
0.0000,0.0000,3.2424
0.0000,0.0000,-0.3979
0.0000,0.0000,-1.2022
0.0000,0.0000,0.4140
0.0000,0.0000,-3.4093
3.0662,13.3080,-2.2845
12.8978,55.9798,0.7277
22.2619,96.6230,-2.5516
29.5123,128.0918,-1.9203
39.5449,171.6361,-1.1261
47.6615,206.8640,-1.8592
56.9289,247.0871,-3.1802
60.2325,261.4257,-4.1896
70.8207,307.3814,-3.8702
63.6654,276.3257,-4.4341
86.5632,375.7083,-1.9056
91.3710,396.5755,-4.7443
99.5268,431.9741,-6.1924
105.9009,459.6393,-3.4320
107.1330,464.9869,-4.8823
107.3252,465.8212,-6.8514
104.0178,451.4663,-6.8290
107.6114,467.0633,-6.9743
108.6432,471.5415,-7.8901
120.7997,524.3042,-5.7139
112.1332,486.6893,-8.0585
113.5361,492.7783,-6.1524
112.1972,486.9671,-6.8613
106.4879,462.1872,-9.4596
101.8008,441.8435,-10.0149
102.9673,446.9065,-9.0374
85.0700,369.2274,-6.8850
92.8984,403.2047,-9.4162
89.0641,386.5628,-9.1921
82.5602,358.3344,-11.0983
83.4117,362.0298,-10.4942
75.4229,327.3563,-10.8979
67.7984,294.2639,-9.6216
52.9954,230.0148,-9.3600
49.6346,215.4279,-8.5936
40.4812,175.6996,-5.3132
32.9866,143.1711,-8.9686
24.1298,104.7299,-7.9756
14.4381,62.6653,-11.9833
5.0641,21.9794,-10.6445
0.0000,0.0000,-11.2025
0.0000,0.0000,-12.4350
0.0000,0.0000,-8.5411
0.0000,0.0000,-8.1798
0.0000,0.0000,-10.2981
0.0000,0.0000,-9.0312
0.0000,0.0000,-9.2497
0.0000,0.0000,-6.8496
0.0000,0.0000,-8.1273
0.0000,0.0000,-9.3243
0.0000,0.0000,-8.4009
0.0000,0.0000,-5.4582
0.0000,0.0000,-8.2931
0.0000,0.0000,-8.2442
0.0000,0.0000,-5.4414
0.0000,0.0000,-8.2697
0.0000,0.0000,-8.4657
0.0000,0.0000,-3.9571
0.0000,0.0000,-5.2447
0.0000,0.0000,-5.7253
0.0000,0.0000,-3.7748
0.0000,0.0000,-7.2971
0.0000,0.0000,-4.8283
0.0000,0.0000,-3.7963
0.0000,0.0000,-5.4682
0.0000,0.0000,-3.0180
0.0000,0.0000,-3.2483
0.0000,0.0000,-0.9649
0.0000,0.0000,-2.8452
0.0000,0.0000,-3.9502
0.0000,0.0000,-1.8218
0.0000,0.0000,-2.0485
0.0000,0.0000,-0.9724
0.0000,0.0000,-2.5756
0.0000,0.0000,-0.0452
0.0000,0.0000,0.1682
0.0000,0.0000,0.2780
0.0000,0.0000,2.1388
0.0000,0.0000,-2.5247
0.0000,0.0000,-0.2208
0.0000,0.0000,0.9834
0.0000,0.0000,-0.3714
0.0000,0.0000,-3.6187
0.0000,0.0000,-0.3019
0.0000,0.0000,1.3338
0.0000,0.0000,1.4575
0.0000,0.0000,-0.1390
0.0000,0.0000,1.4499
0.0000,0.0000,0.8222
0.0000,0.0000,0.9970
0.0000,0.0000,-0.6549
0.0000,0.0000,-0.2735
0.0000,0.0000,-0.1581
0.0000,0.0000,0.9736
0.0000,0.0000,-0.5403
0.0000,0.0000,0.8615
3.7198,16.1452,0.0277
11.4427,49.6643,-2.0822
23.4730,101.8795,-2.8373
28.2398,122.5686,-2.3376
42.7974,185.7528,-2.6709
50.9879,221.3015,0.1811
52.8097,229.2087,-2.3606
69.7559,302.7598,-3.8174
65.5596,284.5471,-1.6693
82.1022,356.3464,-2.6532
85.1105,369.4034,-2.1415
79.3846,344.5514,-3.8499
89.7841,389.6881,-4.9482
98.3810,427.0009,-5.8305
107.2007,465.2808,-4.9709
102.1637,443.4190,-8.3491
102.4825,444.8026,-4.5116
106.7796,463.4531,-2.4869
118.6673,515.0491,-8.3089
98.9437,429.4431,-5.1841
107.1714,465.1537,-4.5138
111.6536,484.6077,-5.5781
109.6892,476.0815,-9.4595
104.0369,451.5492,-7.9339
110.7019,480.4771,-3.8445
106.8896,463.9306,-10.5891
107.2142,465.3396,-8.3547
93.4565,405.6270,-7.4139
85.4964,371.0783,-9.0409
84.5279,366.8745,-6.8727
75.5511,327.9128,-7.9574
70.7043,306.8764,-8.3230
61.6667,267.6505,-9.6488
56.4995,245.2237,-6.9575
52.2153,226.6290,-8.4914
40.2855,174.8504,-10.5910
29.1542,126.5372,-8.7025
22.2502,96.5722,-9.0616
14.1734,61.5163,-11.5246
5.7621,25.0092,-9.4970
0.0000,0.0000,-9.7790
0.0000,0.0000,-11.4752
0.0000,0.0000,-8.7323
0.0000,0.0000,-10.6870
0.0000,0.0000,-8.2113
0.0000,0.0000,-9.6585
0.0000,0.0000,-10.2654
0.0000,0.0000,-10.0234
0.0000,0.0000,-7.0209
0.0000,0.0000,-7.8709
0.0000,0.0000,-8.3247
0.0000,0.0000,-7.8864
0.0000,0.0000,-5.6694
0.0000,0.0000,-7.7141
0.0000,0.0000,-6.2503
0.0000,0.0000,-8.9046
0.0000,0.0000,-3.6052
0.0000,0.0000,-3.3471
0.0000,0.0000,-5.3079
0.0000,0.0000,-7.7955
0.0000,0.0000,-4.3108
0.0000,0.0000,-4.0729
0.0000,0.0000,-3.4739
0.0000,0.0000,-7.3575
0.0000,0.0000,-4.6387
0.0000,0.0000,-1.9434
0.0000,0.0000,-2.1129
0.0000,0.0000,-1.5077
0.0000,0.0000,-0.1171
0.0000,0.0000,0.8976
0.0000,0.0000,-0.8122
0.0000,0.0000,-4.0028
0.0000,0.0000,-2.2162
0.0000,0.0000,-0.7679
0.0000,0.0000,-1.5379
0.0000,0.0000,-2.4160
0.0000,0.0000,-0.8356
0.0000,0.0000,0.9455
0.0000,0.0000,1.0486
0.0000,0.0000,2.7026
0.0000,0.0000,-0.2759
0.0000,0.0000,-0.2273
0.0000,0.0000,1.4366
0.0000,0.0000,-0.8678
0.0000,0.0000,2.4434
0.0000,0.0000,-0.0465
0.0000,0.0000,1.0479
0.0000,0.0000,1.3537
0.0000,0.0000,-0.3117
0.0000,0.0000,-1.6732
0.0000,0.0000,2.1345
0.0000,0.0000,-0.2988
0.0000,0.0000,1.8087
0.0000,0.0000,2.9619
0.0000,0.0000,1.6839
0.0000,0.0000,-4.5547
3.4172,14.8315,-0.1248
12.3424,53.5696,-1.9391
21.9996,95.4842,-3.4177
30.8198,133.7665,-3.8473
33.5476,145.6061,-3.3129
44.7545,194.2467,-3.7432
63.1961,274.2885,-4.5605
61.0797,265.1027,-4.6172
62.9395,273.1749,-2.4260
78.2017,339.4171,-3.6769
83.3443,361.7376,-4.2532
93.4339,405.5291,-6.9879
98.0593,425.6047,-3.2859
94.8803,411.8069,-2.3315
105.9255,459.7461,-4.4151
103.4220,448.8802,-5.1282
118.9099,516.1021,-7.0702
106.9510,464.1973,-5.3016
100.1264,434.5763,-6.4378
108.9065,472.6847,-5.5865
103.6842,450.0183,-4.2421
103.9633,451.2298,-7.7459
96.4423,418.5865,-4.3556
114.9976,499.1214,-8.5533
89.6597,389.1481,-7.0565
106.8274,463.6604,-10.4810
86.6913,376.2643,-8.2227
102.6810,445.6640,-7.3663
86.0167,373.3364,-9.4336
81.3979,353.2896,-9.7109
81.4549,353.5370,-7.8007
72.8146,316.0356,-11.4669
59.6091,258.7199,-8.2731
54.9095,238.3226,-10.1136
49.6600,215.5383,-8.3268
44.3775,192.6105,-8.7549
30.9516,134.3387,-8.6601
24.8903,108.0310,-9.1984
14.5264,63.0485,-8.5023
5.3779,23.3414,-8.1064
0.0000,0.0000,-9.9005
0.0000,0.0000,-6.8267
0.0000,0.0000,-8.4136
0.0000,0.0000,-12.1997
0.0000,0.0000,-8.2362
0.0000,0.0000,-8.7903
0.0000,0.0000,-8.1973
0.0000,0.0000,-7.5698
0.0000,0.0000,-8.4422
0.0000,0.0000,-5.5382
0.0000,0.0000,-5.4326
0.0000,0.0000,-8.0282
0.0000,0.0000,-7.6640
0.0000,0.0000,-8.5234
0.0000,0.0000,-7.8204
0.0000,0.0000,-8.2229
0.0000,0.0000,-5.1073
0.0000,0.0000,-5.9705
0.0000,0.0000,-5.3936
0.0000,0.0000,-4.3956
0.0000,0.0000,-7.0001
0.0000,0.0000,-3.4080
0.0000,0.0000,-3.1971
0.0000,0.0000,-3.6498
0.0000,0.0000,-4.1932
0.0000,0.0000,-0.6818
0.0000,0.0000,-1.1170
0.0000,0.0000,-1.7453
0.0000,0.0000,-1.2134
0.0000,0.0000,0.8101
0.0000,0.0000,-0.9528
0.0000,0.0000,0.4481
0.0000,0.0000,-2.0690
0.0000,0.0000,-3.0131
0.0000,0.0000,-1.8539
0.0000,0.0000,-2.7572
0.0000,0.0000,-0.8495
0.0000,0.0000,1.2323
0.0000,0.0000,0.2731
0.0000,0.0000,-1.8305
0.0000,0.0000,1.5556
0.0000,0.0000,3.2015
0.0000,0.0000,0.4338
0.0000,0.0000,0.1089
0.0000,0.0000,3.7542
0.0000,0.0000,-1.5278
0.0000,0.0000,-0.3747
0.0000,0.0000,0.5603
0.0000,0.0000,-0.8413
0.0000,0.0000,-0.4870
0.0000,0.0000,0.1411
0.0000,0.0000,1.9486
0.0000,0.0000,2.8228
0.0000,0.0000,-1.6759
0.0000,0.0000,-0.8198
0.0000,0.0000,-1.8250
3.6309,15.7592,-1.4773
13.2203,57.3798,-1.4329
20.7562,90.0878,0.0083
31.1629,135.2555,-2.6159
36.8287,159.8467,-4.2445
42.0265,182.4067,-3.0778
59.0968,256.4964,-3.7118
64.2811,278.9977,-2.7330
62.3807,270.7495,-1.7426
75.5851,328.0605,-1.8519
79.4991,345.0482,-5.5695
97.1102,421.4853,-5.1613
86.5317,375.5715,-5.1201
95.0158,412.3949,-5.5361
94.1569,408.6670,-5.9618
102.0146,442.7718,-5.8872
98.7144,428.4477,-6.6102
99.4776,431.7605,-7.8679
111.2157,482.7072,-6.1268
110.1567,478.1107,-10.4826
112.7974,489.5722,-8.1787
110.5265,479.7156,-8.5726
104.8199,454.9475,-7.4832
107.1063,464.8711,-7.9984
98.3700,426.9532,-8.2782
103.7526,450.3153,-6.5850
99.9894,433.9819,-9.5689
96.9543,420.8087,-7.6653
79.7257,346.0316,-8.7504
87.3486,379.1173,-11.2346
76.4725,331.9119,-8.1733
69.6127,302.1385,-9.8673
65.7364,285.3141,-10.7344
54.9969,238.7019,-12.6999
43.9495,190.7530,-9.9433
38.7115,168.0186,-12.0927
32.3588,140.4460,-10.0037
21.7820,94.5397,-8.1075
14.1888,61.5833,-10.1340
5.3653,23.2869,-12.1843
0.0000,0.0000,-9.9924
0.0000,0.0000,-10.4689
0.0000,0.0000,-10.3214
0.0000,0.0000,-9.8529
0.0000,0.0000,-8.9765
0.0000,0.0000,-9.3192
0.0000,0.0000,-8.9143
0.0000,0.0000,-7.7687
0.0000,0.0000,-9.3224
0.0000,0.0000,-8.5245
0.0000,0.0000,-8.8638
0.0000,0.0000,-7.8870
0.0000,0.0000,-6.6990
0.0000,0.0000,-5.5524
0.0000,0.0000,-7.1142
0.0000,0.0000,-6.8720
0.0000,0.0000,-6.3151
0.0000,0.0000,-4.4751
0.0000,0.0000,-0.2434
0.0000,0.0000,-7.5943
0.0000,0.0000,-2.9706
0.0000,0.0000,-6.5358
0.0000,0.0000,-4.1582
0.0000,0.0000,-4.0054
0.0000,0.0000,-1.1707
0.0000,0.0000,-3.9052
0.0000,0.0000,-1.3573
0.0000,0.0000,-1.9797
0.0000,0.0000,-3.3239
0.0000,0.0000,-2.4795
0.0000,0.0000,-3.3745
0.0000,0.0000,0.6411
0.0000,0.0000,-1.5871
0.0000,0.0000,-2.0744
0.0000,0.0000,-0.6544
0.0000,0.0000,-0.0029
0.0000,0.0000,-1.5799
0.0000,0.0000,0.4131
0.0000,0.0000,0.4366
0.0000,0.0000,1.7566
0.0000,0.0000,3.1749
0.0000,0.0000,2.4209
0.0000,0.0000,0.3450
0.0000,0.0000,2.3449
0.0000,0.0000,3.5375
0.0000,0.0000,0.2031
0.0000,0.0000,1.8407
0.0000,0.0000,-2.7169
0.0000,0.0000,0.5282
0.0000,0.0000,-0.6959
0.0000,0.0000,1.6545
0.0000,0.0000,-0.4561
0.0000,0.0000,2.1707
0.0000,0.0000,0.5279
0.0000,0.0000,-0.4110
0.0000,0.0000,0.3993
2.9863,12.9615,-1.3515
13.3383,57.8919,-0.0848
22.6074,98.1226,-5.5168
28.7924,124.9672,-3.9947
41.5610,180.3861,-1.5140
48.9617,212.5072,-2.8320
53.3207,231.4266,-7.5030
50.7388,220.2204,-3.4844
58.8077,255.2418,-3.6157
78.5880,341.0938,-2.9917
77.4524,336.1649,-5.6475
82.6490,358.7198,-2.1396
93.0627,403.9179,-6.5069
98.2842,426.5809,-3.5046
103.2668,448.2065,-5.8457
97.7314,424.1815,-5.0880
108.3025,470.0630,-4.8122
109.7466,476.3306,-7.3428
116.7764,506.8418,-6.1631
110.1230,477.9646,-8.7220
95.0975,412.7496,-8.8089
116.8782,507.2837,-6.9190
100.8558,437.7421,-8.5029
102.6314,445.4488,-4.6845
105.1467,456.3658,-11.0167
108.4687,470.7844,-8.1283
92.2283,400.2966,-9.0726
89.2692,387.4530,-6.1036
89.2705,387.4586,-9.2025
84.2961,365.8683,-9.1533
73.7877,320.2590,-8.8593
69.4665,301.5037,-7.6607
62.2830,270.3255,-11.2071
55.4201,240.5385,-13.2818
50.5983,219.6105,-6.3495
39.7954,172.7233,-9.0003
30.3462,131.7110,-11.8954
24.7840,107.5694,-9.6736
14.5508,63.1547,-8.5178
4.7731,20.7164,-8.9069
0.0000,0.0000,-10.6008
0.0000,0.0000,-9.5561
0.0000,0.0000,-9.7508
0.0000,0.0000,-7.8331
0.0000,0.0000,-10.1113
0.0000,0.0000,-6.3257
0.0000,0.0000,-8.2279
0.0000,0.0000,-9.0322
0.0000,0.0000,-7.4837
0.0000,0.0000,-7.0829
0.0000,0.0000,-8.3358
0.0000,0.0000,-5.8289
0.0000,0.0000,-6.6965
0.0000,0.0000,-6.9306
0.0000,0.0000,-6.7601
0.0000,0.0000,-5.0649
0.0000,0.0000,-6.7767
0.0000,0.0000,-5.7112
0.0000,0.0000,-5.0820
0.0000,0.0000,-3.0138
0.0000,0.0000,-4.3845
0.0000,0.0000,-2.4506
0.0000,0.0000,-5.3088
0.0000,0.0000,-1.8138
0.0000,0.0000,-4.2896
0.0000,0.0000,-4.6949
0.0000,0.0000,-2.6431
0.0000,0.0000,-1.3464
0.0000,0.0000,-0.1875
0.0000,0.0000,-0.9532
0.0000,0.0000,-1.5013
0.0000,0.0000,-4.9156
0.0000,0.0000,-3.7183
0.0000,0.0000,-1.5111
0.0000,0.0000,-1.4767
0.0000,0.0000,-0.8773
0.0000,0.0000,-1.9879
0.0000,0.0000,2.9597
0.0000,0.0000,-0.0964
0.0000,0.0000,3.3198
0.0000,0.0000,-0.0726
0.0000,0.0000,-0.0997
0.0000,0.0000,0.0865
0.0000,0.0000,-2.5980
0.0000,0.0000,1.4301
0.0000,0.0000,-2.1543
0.0000,0.0000,1.0443
0.0000,0.0000,2.7304
0.0000,0.0000,2.6445
0.0000,0.0000,1.9413
0.0000,0.0000,-0.1557
0.0000,0.0000,0.0556
0.0000,0.0000,-2.0145
0.0000,0.0000,-0.1855
0.0000,0.0000,0.1313
0.0000,0.0000,-2.5769
2.9969,13.0075,-0.9387
13.2033,57.3059,-0.5163
21.0195,91.2303,-1.3504
30.5390,132.5476,-0.8512
40.1066,174.0738,-3.0884
46.7615,202.9581,-0.8426
53.2391,231.0723,-3.1929
51.7571,224.6403,-3.5361
69.1977,300.3371,-3.6555
72.1388,313.1025,-3.7730
78.2263,339.5237,-6.5207
83.1641,360.9551,-5.8616
91.5614,397.4018,-3.9059
91.6404,397.7449,-4.0938
99.5129,431.9135,-5.0437
95.7040,415.3819,-7.0779
101.8867,442.2165,-5.1205
124.1523,538.8555,-6.7374
122.6934,532.5234,-4.9585
107.7912,467.8437,-11.8835
108.3675,470.3451,-8.0841
108.1313,469.3198,-8.3727
112.9987,490.4457,-9.6888
106.3872,461.7500,-5.9587
94.4139,409.7824,-9.1986
105.2062,456.6241,-7.2620
95.4022,414.0721,-7.6315
93.3894,405.3361,-8.4361
88.2494,383.0271,-8.6355
73.8603,320.5743,-10.5108
78.6934,341.5514,-9.7368
69.7667,302.8066,-8.7011
60.0550,260.6552,-12.0117
45.7972,198.7724,-9.3696
47.5061,206.1897,-9.1203
39.9427,173.3626,-9.9428
31.1236,135.0851,-11.4934
22.8721,99.2714,-10.7461
15.8163,68.6471,-8.9613
5.1311,22.2705,-7.4702
0.0000,0.0000,-10.3757
0.0000,0.0000,-8.7981
0.0000,0.0000,-7.4659
0.0000,0.0000,-8.6372
0.0000,0.0000,-11.4507
0.0000,0.0000,-9.4887
0.0000,0.0000,-10.2674
0.0000,0.0000,-12.1604
0.0000,0.0000,-7.4623
0.0000,0.0000,-10.0919
0.0000,0.0000,-6.8145
0.0000,0.0000,-6.2946
0.0000,0.0000,-7.9942
0.0000,0.0000,-7.0205
0.0000,0.0000,-5.1312
0.0000,0.0000,-6.6863
0.0000,0.0000,-6.5617
0.0000,0.0000,-7.2922
0.0000,0.0000,-5.7988
0.0000,0.0000,-5.5668
0.0000,0.0000,-1.9998
0.0000,0.0000,-4.4969
0.0000,0.0000,-4.6884
0.0000,0.0000,-3.4272
0.0000,0.0000,-3.5315
0.0000,0.0000,-3.2952
0.0000,0.0000,-2.9316
0.0000,0.0000,-4.9007
0.0000,0.0000,-3.9954
0.0000,0.0000,-2.5735
0.0000,0.0000,-2.3624
0.0000,0.0000,0.7415
0.0000,0.0000,-2.5745
0.0000,0.0000,-1.6085
0.0000,0.0000,-0.4644
0.0000,0.0000,-0.4338
0.0000,0.0000,-2.7775
0.0000,0.0000,1.0844
0.0000,0.0000,0.1887
0.0000,0.0000,2.5965
0.0000,0.0000,-0.9790
0.0000,0.0000,2.2890
0.0000,0.0000,2.4582
0.0000,0.0000,0.6154
0.0000,0.0000,0.6637
0.0000,0.0000,1.8218
0.0000,0.0000,-1.1551
0.0000,0.0000,3.5875
0.0000,0.0000,2.4196
0.0000,0.0000,0.6353
0.0000,0.0000,2.0133
0.0000,0.0000,0.4710
0.0000,0.0000,-0.9852
0.0000,0.0000,-0.3644
0.0000,0.0000,-1.5064
0.0000,0.0000,-2.1140
3.0187,13.1019,-1.5153
12.0720,52.3956,-0.8291
21.1267,91.6956,-4.2631
25.0657,108.7923,-3.7191
39.4881,171.3892,-1.6962
42.5855,184.8328,-1.2806
59.4833,258.1740,-3.0789
71.4001,309.8961,-2.4821
66.6399,289.2357,-1.4632
76.8216,333.4269,-2.9919
73.2927,318.1107,-6.1065
86.6050,375.8896,-2.9389
88.6937,384.9553,-5.2607
92.9294,403.3394,-5.5231
97.1461,421.6411,-3.3335
106.7429,463.2940,-5.2488
108.9016,472.6631,-6.5260
104.0061,451.4152,-6.0221
106.5228,462.3384,-5.5988
109.0223,473.1869,-6.2445
98.0409,425.5246,-5.0370
117.4063,509.5761,-7.8230
116.0428,503.6579,-7.5539
98.6944,428.3611,-7.2540
110.6594,480.2925,-7.0327
110.3350,478.8845,-8.8865
98.8786,429.1607,-7.5783
80.0384,347.3887,-10.9657
91.4147,396.7653,-8.8621
76.1448,330.4895,-6.2757
83.1407,360.8539,-11.7042
69.3848,301.1494,-5.8772
59.3669,257.6687,-8.6784
58.8675,255.5013,-10.2661
48.5399,210.6768,-10.1515
39.2204,170.2276,-8.9376
31.6586,137.4072,-10.9072
24.4715,106.2133,-11.2687
13.5963,59.0117,-7.7774
5.5072,23.9028,-9.0592
0.0000,0.0000,-11.2887
0.0000,0.0000,-8.0656
0.0000,0.0000,-7.6938
0.0000,0.0000,-7.3868
0.0000,0.0000,-7.3892
0.0000,0.0000,-5.7954
0.0000,0.0000,-8.8309
0.0000,0.0000,-9.0648
0.0000,0.0000,-5.1708
0.0000,0.0000,-8.1989
0.0000,0.0000,-8.0097
0.0000,0.0000,-5.1982
0.0000,0.0000,-8.7242
0.0000,0.0000,-8.1471
0.0000,0.0000,-6.1455
0.0000,0.0000,-5.2916
0.0000,0.0000,-4.7286
0.0000,0.0000,-4.4203
0.0000,0.0000,-6.7100
0.0000,0.0000,-4.4203
0.0000,0.0000,-8.0100
0.0000,0.0000,-3.5645
0.0000,0.0000,-6.1092
0.0000,0.0000,-0.9303
0.0000,0.0000,-2.3511
0.0000,0.0000,-0.5956
0.0000,0.0000,-2.0959
0.0000,0.0000,-2.7292
0.0000,0.0000,-3.5352
0.0000,0.0000,-4.8688
0.0000,0.0000,-2.3020
0.0000,0.0000,-3.5788
0.0000,0.0000,1.7053
0.0000,0.0000,1.0971
0.0000,0.0000,-0.9952
0.0000,0.0000,-3.1566
0.0000,0.0000,-0.9238
0.0000,0.0000,-1.9744
0.0000,0.0000,-2.5460
0.0000,0.0000,-0.7449
0.0000,0.0000,-0.9530
0.0000,0.0000,2.5619
0.0000,0.0000,-1.4838
0.0000,0.0000,1.4255
0.0000,0.0000,0.2273
0.0000,0.0000,1.0849
0.0000,0.0000,1.0228
0.0000,0.0000,-0.3531
0.0000,0.0000,-0.9951
0.0000,0.0000,-2.2850
0.0000,0.0000,-0.3569
0.0000,0.0000,-1.8142
0.0000,0.0000,-1.5128
0.0000,0.0000,-1.6738
0.0000,0.0000,1.7864
0.0000,0.0000,0.2956
2.9191,12.6695,-0.7937
11.9885,52.0334,-2.9297
21.1737,91.8995,0.5617
28.0136,121.5867,-1.9218
39.9636,173.4532,-3.4482
48.5573,210.7520,-2.3584
52.4028,227.4428,-3.3644
59.5836,258.6092,-2.2909
68.2869,296.3842,-1.7793
75.8186,329.0739,-3.6278
78.9741,342.7697,-2.7957
84.5694,367.0545,-5.0842
95.2402,413.3691,-3.6834
101.3076,439.7033,-5.6039
102.3738,444.3308,-6.8965
93.2057,404.5386,-6.8190
101.4900,440.4948,-8.5302
113.1576,491.1354,-6.8687
103.6184,449.7328,-8.9245
116.0036,503.4876,-8.1104
113.1418,491.0668,-7.1056
110.0580,477.6823,-10.1265
107.9942,468.7250,-7.8401
111.7708,485.1165,-7.3687
101.3101,439.7141,-12.1062
99.0821,430.0440,-8.7818
96.8044,420.1580,-7.2739
90.3159,391.9962,-6.5835
85.2606,370.0548,-12.3352
81.8688,355.3334,-11.9417
72.5814,315.0234,-7.7315
67.0950,291.2109,-9.7786
62.1239,269.6350,-11.5800
54.7522,237.6398,-7.9484
44.7123,194.0637,-9.6756
41.0247,178.0588,-12.2728
32.0090,138.9278,-10.3925
23.5437,102.1860,-11.0068
12.5120,54.3056,-10.4054
5.2013,22.5751,-5.0761
0.0000,0.0000,-7.3640
0.0000,0.0000,-11.4612
0.0000,0.0000,-10.4084
0.0000,0.0000,-5.7714
0.0000,0.0000,-10.0263
0.0000,0.0000,-11.1831
0.0000,0.0000,-9.6640
0.0000,0.0000,-9.0314
0.0000,0.0000,-7.5191
0.0000,0.0000,-7.5056
0.0000,0.0000,-7.8811
0.0000,0.0000,-5.8612
0.0000,0.0000,-8.3744
0.0000,0.0000,-6.4329
0.0000,0.0000,-7.1370
0.0000,0.0000,-5.0656
0.0000,0.0000,-5.5501
0.0000,0.0000,-2.4590
0.0000,0.0000,-6.3741
0.0000,0.0000,-2.5616
0.0000,0.0000,-3.9255
0.0000,0.0000,-4.5608
0.0000,0.0000,-4.2735
0.0000,0.0000,-5.4118
0.0000,0.0000,-0.2144
0.0000,0.0000,-5.4366
0.0000,0.0000,-1.1983
0.0000,0.0000,-3.2490
0.0000,0.0000,1.5034
0.0000,0.0000,1.1542
0.0000,0.0000,-2.9851
0.0000,0.0000,-1.9581
0.0000,0.0000,-0.7555
0.0000,0.0000,1.7499
0.0000,0.0000,-1.5670
0.0000,0.0000,-0.5701
0.0000,0.0000,-3.9777
0.0000,0.0000,0.0994
0.0000,0.0000,-1.0040
0.0000,0.0000,0.7775
0.0000,0.0000,0.1179
0.0000,0.0000,2.2900
0.0000,0.0000,-1.3796
0.0000,0.0000,0.3590
0.0000,0.0000,0.7115
0.0000,0.0000,1.2249
0.0000,0.0000,-0.3192
0.0000,0.0000,0.3453
0.0000,0.0000,-0.5523
0.0000,0.0000,-2.2609
0.0000,0.0000,-1.0717
0.0000,0.0000,-0.3436
0.0000,0.0000,-0.3517
0.0000,0.0000,-1.8918
0.0000,0.0000,-0.7225
0.0000,0.0000,-2.4448
3.0553,13.2610,-2.8264
11.6938,50.7542,-1.4468
19.2249,83.4415,0.3593
32.0074,138.9210,-1.1728
37.6774,163.5305,-3.4080
46.6083,202.2931,-5.4288
55.4358,240.6069,-2.1968
55.8955,242.6021,-0.7543
73.5396,319.1823,-3.4176
66.6798,289.4087,-4.8195
83.4922,362.3792,-3.2936
85.5155,371.1610,-5.1107
87.9350,381.6624,-4.5210
94.7651,411.3067,-4.9419
88.9251,385.9597,-6.9625
88.8434,385.6053,-4.1707
109.3165,474.4642,-5.6042
107.9651,468.5984,-4.2332
123.4619,535.8589,-5.4201
101.6744,441.2953,-7.7026
105.7552,459.0070,-11.4347
107.5391,466.7494,-7.2263
102.2418,443.7577,-7.5527
99.4556,431.6649,-7.0986
116.0513,503.6950,-6.6676
104.5646,453.8395,-10.6398
93.8777,407.4551,-8.2240
93.8615,407.3848,-7.6719
81.8638,355.3114,-9.0218
80.8299,350.8243,-6.7549
74.1729,321.9308,-9.5856
71.1627,308.8658,-10.0556
68.1002,295.5739,-8.8795
54.5945,236.9554,-7.6560
49.8503,216.3643,-10.5605
42.7711,185.6384,-8.1239
33.0375,143.3920,-7.6800
22.8434,99.1465,-6.8523
13.4392,58.3299,-10.6529
5.0648,21.9825,-8.8428
0.0000,0.0000,-10.4755
0.0000,0.0000,-8.3243
0.0000,0.0000,-9.6825
0.0000,0.0000,-9.4565
0.0000,0.0000,-10.8489
0.0000,0.0000,-10.4172
0.0000,0.0000,-6.0291
0.0000,0.0000,-9.7106
0.0000,0.0000,-10.0162
0.0000,0.0000,-4.4274
0.0000,0.0000,-10.7483
0.0000,0.0000,-9.7411
0.0000,0.0000,-7.3330
0.0000,0.0000,-8.9807
0.0000,0.0000,-10.6038
0.0000,0.0000,-8.3521
0.0000,0.0000,-4.8894
0.0000,0.0000,-5.4410
0.0000,0.0000,-3.6220
0.0000,0.0000,-3.3928
0.0000,0.0000,-4.3480
0.0000,0.0000,-5.9239
0.0000,0.0000,-3.7940
0.0000,0.0000,-4.3222
0.0000,0.0000,-4.7337
0.0000,0.0000,-1.6929
0.0000,0.0000,-4.2385
0.0000,0.0000,-3.3116
0.0000,0.0000,-0.5364
0.0000,0.0000,-3.5964
0.0000,0.0000,-1.7279
0.0000,0.0000,1.3552
0.0000,0.0000,-0.2233
0.0000,0.0000,0.2502
0.0000,0.0000,-1.5520
0.0000,0.0000,-0.8993
0.0000,0.0000,1.0799
0.0000,0.0000,1.3259
0.0000,0.0000,2.2515
0.0000,0.0000,-2.1060
0.0000,0.0000,0.1104
0.0000,0.0000,0.9501
0.0000,0.0000,-0.0615
0.0000,0.0000,1.2781
0.0000,0.0000,0.4806
0.0000,0.0000,0.9951
0.0000,0.0000,2.0309
0.0000,0.0000,2.9878
0.0000,0.0000,0.3701
0.0000,0.0000,-1.6835
0.0000,0.0000,-0.2899
0.0000,0.0000,0.9177
0.0000,0.0000,-3.9928
0.0000,0.0000,-0.4845
0.0000,0.0000,-2.7824
0.0000,0.0000,-1.6972
3.0159,13.0897,-0.4107
13.1794,57.2022,-4.1015
22.3469,96.9917,1.4024
30.5409,132.5560,-0.6399
36.7072,159.3196,-1.3128
46.3834,201.3168,-3.2468
52.0090,225.7337,-2.7027
59.6219,258.7757,-1.3761
68.0180,295.2171,-1.3273
74.5279,323.4716,-2.6281
83.5056,362.4375,-2.2300
90.4815,392.7149,-5.9247
94.4486,409.9333,-1.0204
99.5312,431.9932,-9.4607
95.5183,414.5757,-2.3791
102.0038,442.7248,-6.5235
112.0319,486.2494,-7.2342
112.3111,487.4615,-5.9219
110.8857,481.2746,-8.1994
107.2035,465.2928,-8.5702
97.5621,423.4468,-9.8380
114.5082,496.9976,-9.4426
118.2880,513.4026,-9.1990
107.6028,467.0262,-8.3213
97.2890,422.2612,-9.2362
92.0957,399.7209,-6.3421
96.6721,419.5837,-10.2903
86.0869,373.6412,-7.9998
91.1266,395.5148,-9.7901
81.5267,353.8488,-9.2756
68.2383,296.1734,-9.6897
66.8256,290.0417,-9.5211
59.5191,258.3295,-8.3560
55.5399,241.0585,-8.8304
48.7459,211.5706,-8.5693
38.7482,168.1778,-8.1664
30.7258,133.3584,-10.1015
24.0992,104.5971,-9.4087
14.7197,63.8874,-9.2599
5.4502,23.6553,-8.1792
0.0000,0.0000,-12.4889
0.0000,0.0000,-7.2353
0.0000,0.0000,-9.5225
0.0000,0.0000,-9.8864
0.0000,0.0000,-4.0998
0.0000,0.0000,-8.0014
0.0000,0.0000,-8.5554
0.0000,0.0000,-7.0410
0.0000,0.0000,-10.5997
0.0000,0.0000,-7.5637
0.0000,0.0000,-9.7948
0.0000,0.0000,-8.5280
0.0000,0.0000,-6.8913
0.0000,0.0000,-6.1846
0.0000,0.0000,-6.8550
0.0000,0.0000,-5.7084
0.0000,0.0000,-6.0862
0.0000,0.0000,-3.3221
0.0000,0.0000,-7.0833
0.0000,0.0000,-3.2605
0.0000,0.0000,-4.4500
0.0000,0.0000,-4.1867
0.0000,0.0000,-2.8752
0.0000,0.0000,-3.8848
0.0000,0.0000,-3.8169
0.0000,0.0000,-3.0598
0.0000,0.0000,-4.4271
0.0000,0.0000,-0.2561
0.0000,0.0000,1.3093
0.0000,0.0000,-0.9521
0.0000,0.0000,0.5179
0.0000,0.0000,-0.4638
0.0000,0.0000,0.9953
0.0000,0.0000,-0.9120
0.0000,0.0000,-3.6011
0.0000,0.0000,1.1366
0.0000,0.0000,-0.6014
0.0000,0.0000,0.0530
0.0000,0.0000,-1.5527
0.0000,0.0000,-1.5117
0.0000,0.0000,-1.5411
0.0000,0.0000,1.0710
0.0000,0.0000,-0.9932
0.0000,0.0000,1.6715
0.0000,0.0000,1.2391
0.0000,0.0000,1.2031
0.0000,0.0000,-0.5125
0.0000,0.0000,-0.5188
0.0000,0.0000,-1.9082
0.0000,0.0000,0.2294
0.0000,0.0000,-1.4008
0.0000,0.0000,-1.1861
0.0000,0.0000,-0.0098
0.0000,0.0000,0.9291
0.0000,0.0000,0.6968
0.0000,0.0000,-3.8314
2.9921,12.9867,-0.3609
12.2524,53.1789,-1.3682
21.6467,93.9527,-4.3373
30.3947,131.9212,-2.8096
38.7034,167.9834,-1.6533
47.5530,206.3933,-2.2486
50.7210,220.1431,-0.3208
59.5510,258.4680,-3.9299
68.9009,299.0492,-5.4459
65.2168,283.0592,-3.7799
73.9173,320.8217,-4.2756
79.7815,346.2740,-5.0710
85.1483,369.5671,-4.4728
92.7547,402.5810,-3.0325
109.6755,476.0223,-5.5488
100.3431,435.5170,-2.6703
109.2032,473.9721,-7.5567
102.8446,446.3740,-7.7016
116.3422,504.9573,-5.2784
98.5501,427.7349,-6.7351
107.4571,466.3935,-5.2261
103.6982,450.0790,-6.0156
115.6419,501.9181,-6.9785
88.5962,384.5323,-10.5992
110.0176,477.5070,-6.4185
103.7788,450.4290,-10.5419
93.8660,407.4046,-7.7144
93.7464,406.8854,-10.6761
91.8698,398.7403,-8.2870
83.0315,360.3799,-10.7723
72.7002,315.5392,-9.4823
72.7909,315.9325,-10.5171
64.0748,278.1025,-6.7786
54.2727,235.5587,-11.1026
44.9393,195.0493,-9.8999
39.4441,171.1982,-10.5479
34.5104,149.7848,-10.8506
22.4004,97.2239,-9.4062
15.1670,65.8290,-9.7587
5.1080,22.1703,-11.5670
0.0000,0.0000,-6.0614
0.0000,0.0000,-9.9250
0.0000,0.0000,-10.0361
0.0000,0.0000,-12.6499
0.0000,0.0000,-9.5757
0.0000,0.0000,-9.4308
0.0000,0.0000,-10.4579
0.0000,0.0000,-7.9561
0.0000,0.0000,-6.7809
0.0000,0.0000,-6.0373
0.0000,0.0000,-8.6181
0.0000,0.0000,-7.9789
0.0000,0.0000,-6.6308
0.0000,0.0000,-5.7890
0.0000,0.0000,-6.4841
0.0000,0.0000,-4.5582
0.0000,0.0000,-5.8176
0.0000,0.0000,-5.4572
0.0000,0.0000,-4.5895
0.0000,0.0000,-5.0268
0.0000,0.0000,-5.6886
0.0000,0.0000,-6.2049
0.0000,0.0000,-2.3691
0.0000,0.0000,-3.7823
0.0000,0.0000,-3.5064
0.0000,0.0000,-6.0772
0.0000,0.0000,-4.1485
0.0000,0.0000,-4.3720
0.0000,0.0000,-1.9112
0.0000,0.0000,-4.4324
0.0000,0.0000,-3.0560
0.0000,0.0000,1.5474
0.0000,0.0000,-2.9000
0.0000,0.0000,0.8121
0.0000,0.0000,-0.6028
0.0000,0.0000,-1.3328
0.0000,0.0000,-3.2411
0.0000,0.0000,3.3367
0.0000,0.0000,-1.5942
0.0000,0.0000,-3.6404
0.0000,0.0000,0.4246
0.0000,0.0000,0.9630
0.0000,0.0000,0.4111
0.0000,0.0000,-0.3445
0.0000,0.0000,0.5976
0.0000,0.0000,1.3648
0.0000,0.0000,1.0859
0.0000,0.0000,-0.7983
0.0000,0.0000,-0.2422
0.0000,0.0000,1.5301
0.0000,0.0000,-1.4031
0.0000,0.0000,2.4328
0.0000,0.0000,0.7105
0.0000,0.0000,-1.0011
0.0000,0.0000,-0.4257
0.0000,0.0000,-1.1005
3.1782,13.7943,-0.5100
10.8305,47.0072,-3.6978
21.9523,95.2791,-2.4084
30.7749,133.5717,-2.4267
35.7209,155.0385,-2.2425
49.3579,214.2270,-3.6801
56.2201,244.0110,-2.6558
65.8703,285.8955,-2.7682
72.7498,315.7542,-4.6420
71.6099,310.8069,-5.5158
80.3083,348.5603,-4.4260
81.5999,354.1664,-3.8328
102.9797,446.9604,-5.6855
93.2774,404.8498,-4.6891
104.5019,453.5674,-4.4206
108.0304,468.8818,-5.3064
104.5478,453.7665,-7.0704
113.4201,492.2749,-4.4153
113.9499,494.5742,-7.4754
113.2024,491.3297,-9.0695
98.2075,426.2480,-7.5010
115.8391,502.7737,-6.2670
102.5348,445.0295,-7.9596
109.8448,476.7570,-8.0952
99.9068,433.6233,-6.5339
107.8996,468.3141,-7.0351
92.9107,403.2582,-8.8311
97.4392,422.9131,-9.6701
88.2089,382.8513,-7.9739
83.1194,360.7611,-9.9029
76.5430,332.2178,-9.6047
67.3840,292.4654,-9.1797
58.9811,255.9942,-11.1830
53.9375,234.1037,-10.8767
45.1745,196.0697,-6.3531
40.1971,174.4666,-8.9145
29.4840,127.9685,-9.0213
23.3178,101.2057,-9.7780
14.2674,61.9243,-9.8262
4.5818,19.8864,-10.8275
0.0000,0.0000,-9.2248
0.0000,0.0000,-10.3627
0.0000,0.0000,-9.7403
0.0000,0.0000,-9.3100
0.0000,0.0000,-12.1319
0.0000,0.0000,-8.6231
0.0000,0.0000,-5.2267
0.0000,0.0000,-6.3891
0.0000,0.0000,-8.5293
0.0000,0.0000,-9.0477
0.0000,0.0000,-11.2771
0.0000,0.0000,-6.4654
0.0000,0.0000,-7.5475
0.0000,0.0000,-6.5625
0.0000,0.0000,-5.2157
0.0000,0.0000,-5.6637
0.0000,0.0000,-3.8201
0.0000,0.0000,-6.9033
0.0000,0.0000,-4.5055
0.0000,0.0000,-5.0670
0.0000,0.0000,-6.4789
0.0000,0.0000,-3.5893
0.0000,0.0000,-1.6751
0.0000,0.0000,-0.7601
0.0000,0.0000,-4.1655
0.0000,0.0000,-4.8836
0.0000,0.0000,-2.9577
0.0000,0.0000,-3.5470
0.0000,0.0000,-2.2660
0.0000,0.0000,-3.8504
0.0000,0.0000,0.5054
0.0000,0.0000,-0.4840
0.0000,0.0000,-3.3195
0.0000,0.0000,-0.6598
0.0000,0.0000,-1.5564
0.0000,0.0000,-2.5513
0.0000,0.0000,2.4219
0.0000,0.0000,-0.6697
0.0000,0.0000,-0.5452
0.0000,0.0000,1.5460
0.0000,0.0000,2.0190
0.0000,0.0000,1.7517
0.0000,0.0000,-1.4684
0.0000,0.0000,3.5649
0.0000,0.0000,-0.5203
0.0000,0.0000,-0.2414
0.0000,0.0000,0.3822
0.0000,0.0000,-0.8763
0.0000,0.0000,-0.1693
0.0000,0.0000,0.4385
0.0000,0.0000,-0.2943
0.0000,0.0000,-1.7826
0.0000,0.0000,-1.1001
0.0000,0.0000,1.3742
0.0000,0.0000,-4.0049
0.0000,0.0000,-1.7666
3.0062,13.0480,-4.2380
11.7895,51.1698,-0.5637
20.6356,89.5644,-1.6609
29.7174,128.9817,-2.0004
37.1486,161.2353,-1.9110
46.6746,202.5808,-3.6896
57.1771,248.1644,-2.6492
62.4931,271.2376,-4.0382
68.1079,295.6071,-4.6476
74.5388,323.5192,-1.6884
77.7014,337.2458,-4.7925
87.9028,381.5226,-6.5152
85.4039,370.6767,-1.3196
98.2013,426.2209,-4.8973
98.4248,427.1910,-4.7461
101.0068,438.3974,-4.7083
105.6747,458.6576,-5.1862
100.7631,437.3397,-3.3776
103.7819,450.4421,-5.5847
117.1028,508.2588,-9.4676
104.8400,455.0346,-5.8956
100.0126,434.0826,-8.5184
105.7367,458.9266,-8.1552
115.5609,501.5665,-7.5750
106.8875,463.9214,-8.7420
100.0595,434.2860,-10.2254
90.9619,394.7999,-7.4361
86.2200,374.2189,-9.9025
95.0268,412.4427,-7.3830
79.3065,344.2123,-9.2597
74.0888,321.5659,-10.9105
68.2307,296.1400,-9.6746
61.8848,268.5971,-8.7639
56.2869,244.3008,-8.0178
45.1862,196.1205,-8.1058
42.7257,185.4416,-9.5952
28.6457,124.3301,-9.5308
23.3551,101.3674,-9.9926
13.1023,56.8678,-10.0464
5.2095,22.6105,-10.3340
0.0000,0.0000,-11.6988
0.0000,0.0000,-8.1442
0.0000,0.0000,-9.1162
0.0000,0.0000,-9.1577
0.0000,0.0000,-8.5255
0.0000,0.0000,-10.5705
0.0000,0.0000,-7.8373
0.0000,0.0000,-9.2914
0.0000,0.0000,-10.8555
0.0000,0.0000,-3.7953
0.0000,0.0000,-7.9749
0.0000,0.0000,-7.3943
0.0000,0.0000,-8.6503
0.0000,0.0000,-9.3384
0.0000,0.0000,-5.9155
0.0000,0.0000,-7.3227
0.0000,0.0000,-7.9873
0.0000,0.0000,-5.7018
0.0000,0.0000,-4.5145
0.0000,0.0000,-4.3871
0.0000,0.0000,-4.2933
0.0000,0.0000,-6.0496
0.0000,0.0000,-3.4422
0.0000,0.0000,-3.0391
0.0000,0.0000,-4.7372
0.0000,0.0000,-6.2214
0.0000,0.0000,-1.3988
0.0000,0.0000,-2.7511
0.0000,0.0000,-3.3029
0.0000,0.0000,-2.0859
0.0000,0.0000,-1.8350
0.0000,0.0000,-0.8209
0.0000,0.0000,-0.4943
0.0000,0.0000,-0.2423
0.0000,0.0000,-2.8168
0.0000,0.0000,0.0233
0.0000,0.0000,-0.9288
0.0000,0.0000,0.1170
0.0000,0.0000,-1.6502
0.0000,0.0000,-0.6123
0.0000,0.0000,0.9691
0.0000,0.0000,1.7253
0.0000,0.0000,-1.5873
0.0000,0.0000,3.7870
0.0000,0.0000,0.6754
0.0000,0.0000,0.2448
0.0000,0.0000,1.3772
0.0000,0.0000,-0.1794
0.0000,0.0000,-0.3122
0.0000,0.0000,3.1518
0.0000,0.0000,-0.2353
0.0000,0.0000,-1.8424
0.0000,0.0000,-3.6855
0.0000,0.0000,-1.6450
0.0000,0.0000,-1.3930
0.0000,0.0000,1.1328
2.8354,12.3064,-0.1627
12.2552,53.1910,0.0620
21.3167,92.5206,-2.5642
29.2991,127.1660,-2.7032
40.1194,174.1293,-4.2439
44.7240,194.1146,-1.4393
50.9979,221.3450,-3.8030
62.8987,272.9977,-3.9813
65.2387,283.1540,-3.9188
71.0989,308.5890,-5.5057
85.4071,370.6906,-3.8712
89.5083,388.4908,-5.0627
82.0587,356.1576,-4.6577
84.2625,365.7227,-5.6503
94.9396,412.0643,-4.5635
97.2603,422.1368,-7.9071
101.3393,439.8409,-6.0065
99.7556,432.9669,-4.3621
113.9325,494.4987,-6.7337
100.1185,434.5419,-7.2542
111.4310,483.6416,-5.9216
105.7065,458.7956,-7.5689
108.8836,472.5851,-8.3159
104.5261,453.6721,-8.1423
114.8073,498.2954,-7.9276
95.8210,415.8899,-7.1621
98.9356,429.4079,-7.0935
91.0485,395.1760,-10.5351
91.1197,395.4848,-10.4664
76.6803,332.8139,-8.7976
75.6683,328.4215,-9.7609
73.1304,317.4062,-9.6017
56.2671,244.2150,-11.9082
54.7921,237.8128,-7.7076
41.4997,180.1203,-10.8407
38.8797,168.7486,-9.1751
31.5156,136.7866,-11.4116
23.1823,100.6177,-7.2828
14.6360,63.5244,-8.6928
4.9144,21.3299,-9.7057
0.0000,0.0000,-13.1593
0.0000,0.0000,-8.5297
0.0000,0.0000,-10.8751
0.0000,0.0000,-8.5192
0.0000,0.0000,-8.4633
0.0000,0.0000,-9.3858
0.0000,0.0000,-8.6651
0.0000,0.0000,-8.6343
0.0000,0.0000,-6.7652
0.0000,0.0000,-11.4114
0.0000,0.0000,-6.8071
0.0000,0.0000,-5.6683
0.0000,0.0000,-5.9138
0.0000,0.0000,-5.1789
0.0000,0.0000,-8.0154
0.0000,0.0000,-8.4596
0.0000,0.0000,-4.6431
0.0000,0.0000,-5.9675
0.0000,0.0000,-7.5893
0.0000,0.0000,-5.6414
0.0000,0.0000,-4.2348
0.0000,0.0000,-4.0960
0.0000,0.0000,-3.7109
0.0000,0.0000,-3.3787
0.0000,0.0000,-2.9505
0.0000,0.0000,-5.8546
0.0000,0.0000,-1.6905
0.0000,0.0000,-4.3916
0.0000,0.0000,-5.5518
0.0000,0.0000,-0.7457
0.0000,0.0000,-1.9950
0.0000,0.0000,0.9525
0.0000,0.0000,-2.6373
0.0000,0.0000,0.0331
0.0000,0.0000,-0.2194
0.0000,0.0000,-3.2845
0.0000,0.0000,-2.0292
0.0000,0.0000,-1.3921
0.0000,0.0000,1.0961
0.0000,0.0000,1.5209
0.0000,0.0000,0.3162
0.0000,0.0000,-2.4878
0.0000,0.0000,-1.3853
0.0000,0.0000,-0.4579
0.0000,0.0000,-1.8560
0.0000,0.0000,0.8959
0.0000,0.0000,1.0775
0.0000,0.0000,0.6534
0.0000,0.0000,-2.9645
0.0000,0.0000,-0.4778
0.0000,0.0000,0.5204
0.0000,0.0000,1.9956
0.0000,0.0000,0.3070
0.0000,0.0000,-0.2966
0.0000,0.0000,0.6058
0.0000,0.0000,-2.9528
2.8894,12.5410,-1.0092
12.6477,54.8946,-2.4139
19.5677,84.9292,0.8793
28.8148,125.0644,-1.0169
41.5172,180.1961,-0.2293
44.1826,191.7647,-2.5940
51.1212,221.8800,-3.0688
62.5618,271.5356,-3.4147
70.9170,307.7994,-4.1897
76.5007,332.0344,-2.0412
78.0447,338.7356,-3.9679
82.1322,356.4767,-5.3140
86.2692,374.4323,-3.5691
96.3142,418.0303,-5.3127
106.5664,462.5278,-3.9879
96.4684,418.6997,-6.3716
107.9731,468.6333,-8.0702
123.9465,537.9623,-4.9889
116.8374,507.1068,-6.0282
108.3647,470.3330,-7.1917
100.3839,435.6940,-8.0199
112.5913,488.6776,-9.3090
107.0351,464.5620,-8.1548
98.9230,429.3532,-9.2197
91.3976,396.6910,-7.6468
108.8330,472.3657,-7.4918
98.1925,426.1829,-9.1443
94.8299,411.5883,-8.3036
86.4195,375.0847,-10.1954
79.2981,344.1756,-6.5402
70.7099,306.9007,-10.2369
69.5107,301.6956,-9.7719
62.0915,269.4944,-7.9359
56.9098,247.0042,-8.8253
47.6181,206.6757,-9.3393
38.3582,166.4854,-9.8438
32.8846,142.7284,-7.2671
24.3876,105.8491,-9.6727
14.4070,62.5305,-8.1179
5.1658,22.4211,-8.0765
0.0000,0.0000,-10.2381
0.0000,0.0000,-10.4387
0.0000,0.0000,-10.0065
0.0000,0.0000,-8.3400
0.0000,0.0000,-10.2896
0.0000,0.0000,-7.4731
0.0000,0.0000,-5.2194
0.0000,0.0000,-8.3107
0.0000,0.0000,-10.2682
0.0000,0.0000,-5.8331
0.0000,0.0000,-9.1374
0.0000,0.0000,-5.3963
0.0000,0.0000,-7.1343
0.0000,0.0000,-6.5811
0.0000,0.0000,-5.9336
0.0000,0.0000,-9.5527
0.0000,0.0000,-5.9652
0.0000,0.0000,-4.6937
0.0000,0.0000,-2.4398
0.0000,0.0000,-4.5312
0.0000,0.0000,-5.5639
0.0000,0.0000,-4.5640
0.0000,0.0000,-6.5456
0.0000,0.0000,-5.8438
0.0000,0.0000,-0.3675
0.0000,0.0000,-2.6155
0.0000,0.0000,-1.7673
0.0000,0.0000,-1.6875
0.0000,0.0000,-2.5188
0.0000,0.0000,-2.9826
0.0000,0.0000,-0.2201
0.0000,0.0000,0.2647
0.0000,0.0000,-1.3157
0.0000,0.0000,-2.2963
0.0000,0.0000,-0.7114
0.0000,0.0000,1.4438
0.0000,0.0000,-1.6552
0.0000,0.0000,-0.5664
0.0000,0.0000,0.8392
0.0000,0.0000,-0.0222
0.0000,0.0000,-0.6137
0.0000,0.0000,-0.1474
0.0000,0.0000,0.1482
0.0000,0.0000,0.0534
0.0000,0.0000,2.3871
0.0000,0.0000,-4.1462
0.0000,0.0000,-1.3651
0.0000,0.0000,-3.1479
0.0000,0.0000,1.7321
0.0000,0.0000,1.7959
0.0000,0.0000,-0.3077
0.0000,0.0000,-0.2422
0.0000,0.0000,1.6869
0.0000,0.0000,-1.8383
0.0000,0.0000,-0.7968
0.0000,0.0000,-1.4382
2.8255,12.2635,-0.5434
12.1183,52.5966,-1.1319
21.7957,94.5994,-0.1830
25.6233,111.2121,-1.0466
39.0745,169.5944,-2.9087
47.3796,205.6404,-2.2412
54.3720,235.9897,-1.2559
63.9558,277.5860,-5.0531
66.0105,286.5040,-2.1168
72.0754,312.8271,-3.3713
82.0626,356.1744,-3.4017
78.8642,342.2924,-2.0228
90.9279,394.6523,-3.7990
90.9076,394.5641,-3.0410
88.6187,384.6298,-6.3019
102.4313,444.5802,-5.4435
102.2184,443.6561,-7.7843
98.1081,425.8164,-7.8239
98.3683,426.9460,-6.9013
110.9346,481.4871,-8.1778
120.2715,522.0115,-7.8257
105.8191,459.2842,-8.2090
106.6756,463.0019,-5.7208
107.0428,464.5954,-6.3919
108.4572,470.7345,-7.3066
109.6952,476.1074,-7.5563
85.1447,369.5516,-4.9586
93.9582,407.8045,-10.1175
92.7987,402.7721,-11.5433
78.3257,339.9553,-8.1949
81.2879,352.8119,-9.3164
73.3029,318.1549,-8.8632
64.9586,281.9384,-9.5504
54.2708,235.5502,-12.1658
46.2082,200.5566,-9.0843
38.7189,168.0509,-6.3662
31.8322,138.1608,-6.7595
24.2524,105.2624,-10.6874
14.5965,63.3528,-7.8147
5.3035,23.0186,-10.5953
0.0000,0.0000,-7.9524
0.0000,0.0000,-10.5193
0.0000,0.0000,-9.4545
0.0000,0.0000,-8.2904
0.0000,0.0000,-10.0881
0.0000,0.0000,-9.9232
0.0000,0.0000,-7.0262
0.0000,0.0000,-7.1887
0.0000,0.0000,-9.9010
0.0000,0.0000,-8.8071
0.0000,0.0000,-8.1372
0.0000,0.0000,-5.9744
0.0000,0.0000,-9.7008
0.0000,0.0000,-5.1304
0.0000,0.0000,-7.2641
0.0000,0.0000,-4.1075
0.0000,0.0000,-5.2591
0.0000,0.0000,-6.1756
0.0000,0.0000,-6.4259
0.0000,0.0000,-3.3394
0.0000,0.0000,-5.0902
0.0000,0.0000,-4.2779
0.0000,0.0000,-3.0470
0.0000,0.0000,-2.2715
0.0000,0.0000,-2.1837
0.0000,0.0000,-3.5904
0.0000,0.0000,-1.3577
0.0000,0.0000,-3.7535
0.0000,0.0000,0.7747
0.0000,0.0000,-5.7212
0.0000,0.0000,-1.7542
0.0000,0.0000,-1.1931
0.0000,0.0000,-0.0553
0.0000,0.0000,-0.5753
0.0000,0.0000,1.9356
0.0000,0.0000,0.7204
0.0000,0.0000,-0.3415
0.0000,0.0000,0.5385
0.0000,0.0000,-0.2379
0.0000,0.0000,0.2825
0.0000,0.0000,1.0772
0.0000,0.0000,2.4694
0.0000,0.0000,1.8908
0.0000,0.0000,1.3136
0.0000,0.0000,1.3419
0.0000,0.0000,3.2315
0.0000,0.0000,-2.0774
0.0000,0.0000,1.2153
0.0000,0.0000,-0.8329
0.0000,0.0000,0.1562
0.0000,0.0000,-1.4594
0.0000,0.0000,2.1984
0.0000,0.0000,-3.3756
0.0000,0.0000,1.4081
0.0000,0.0000,0.1559
0.0000,0.0000,0.7450
3.1555,13.6958,-0.3898
12.7322,55.2613,2.7447
18.4162,79.9316,-5.1832
29.5747,128.3623,-4.0327
37.2074,161.4904,-2.5614
47.9168,207.9721,-1.2431
53.7124,233.1267,-2.3493
54.8196,237.9323,-4.1808
65.1004,282.5538,-1.9116
84.6972,367.6095,-0.4449
73.2414,317.8880,-4.6827
83.9894,364.5374,-3.6130
93.6002,406.2509,-3.7800
102.9640,446.8923,-4.0944
97.1714,421.7509,-5.4325
101.5163,440.6090,-3.6264
106.4806,462.1554,-6.4369
102.0036,442.7238,-6.7815
100.8950,437.9125,-6.2535
109.1323,473.6646,-6.8795
111.2541,482.8738,-8.9902
104.9768,455.6283,-8.3588
103.0648,447.3300,-7.6309
121.9502,529.2979,-8.0471
99.7447,432.9197,-6.6024
103.9997,451.3874,-8.8483
100.2506,435.1155,-7.5582
88.9615,386.1175,-7.6015
99.8264,433.2742,-7.8946
83.7836,363.6441,-10.1311
76.8062,333.3601,-9.8806
69.1309,300.0474,-8.7398
66.6065,289.0905,-9.1157
63.0923,273.8380,-9.6342
44.7597,194.2696,-9.5621
39.2287,170.2633,-9.4809
31.1819,135.3379,-9.3675
24.4740,106.2238,-12.8739
14.8994,64.6676,-9.6201
5.5006,23.8743,-9.2376
0.0000,0.0000,-6.1034
0.0000,0.0000,-10.0629
0.0000,0.0000,-8.4937
0.0000,0.0000,-7.7118
0.0000,0.0000,-8.4657
0.0000,0.0000,-7.4809
0.0000,0.0000,-9.7148
0.0000,0.0000,-7.9384
0.0000,0.0000,-6.2356
0.0000,0.0000,-7.0196
0.0000,0.0000,-7.9703
0.0000,0.0000,-8.3069
0.0000,0.0000,-7.3358
0.0000,0.0000,-6.3350
0.0000,0.0000,-6.0208
0.0000,0.0000,-7.9604
0.0000,0.0000,-8.8914
0.0000,0.0000,-5.3609
0.0000,0.0000,-3.1759
0.0000,0.0000,-5.6089
0.0000,0.0000,-2.1935
0.0000,0.0000,-6.1745
0.0000,0.0000,-1.7618
0.0000,0.0000,-2.9443
0.0000,0.0000,-5.1011
0.0000,0.0000,-3.0870
0.0000,0.0000,-1.4931
0.0000,0.0000,-1.5568
0.0000,0.0000,0.6233
0.0000,0.0000,-4.1425
0.0000,0.0000,-2.6262
0.0000,0.0000,-2.5439
0.0000,0.0000,0.6467
0.0000,0.0000,-1.6098
0.0000,0.0000,-0.9432
0.0000,0.0000,-0.8317
0.0000,0.0000,-0.1659
0.0000,0.0000,1.3499
0.0000,0.0000,1.5615
0.0000,0.0000,0.1426
0.0000,0.0000,0.6836
0.0000,0.0000,-0.0686
0.0000,0.0000,0.7079
0.0000,0.0000,0.6903
0.0000,0.0000,-1.0709
0.0000,0.0000,2.6429
0.0000,0.0000,0.1717
0.0000,0.0000,-0.1352
0.0000,0.0000,0.0470
0.0000,0.0000,0.7601
0.0000,0.0000,0.0431
0.0000,0.0000,5.6979
0.0000,0.0000,-1.1489
0.0000,0.0000,-2.2333
0.0000,0.0000,-0.6154
0.0000,0.0000,0.1776
3.4778,15.0948,-1.8569
12.5198,54.3394,0.8522
18.3899,79.8173,-3.3050
29.4019,127.6125,-4.4020
37.6055,163.2183,-0.0605
46.1292,200.2136,-0.6063
51.4067,223.1194,-1.9938
61.1184,265.2709,-1.9194
60.2842,261.6504,-1.8633
71.9093,312.1064,-3.1511
80.0644,347.5015,-4.5766
84.2858,365.8239,-4.5325
91.2995,396.2652,-2.3065
91.0223,395.0622,-4.8618
100.4715,436.0742,-5.0724
110.0571,477.6782,-8.6184
116.8504,507.1634,-4.6618
108.1571,469.4318,-7.8270
111.0917,482.1690,-5.5185
100.7576,437.3160,-3.1652
107.6865,467.3892,-6.8546
102.4111,444.4927,-3.5488
102.5410,445.0564,-8.0181
104.9572,455.5436,-8.4160
100.5263,436.3123,-8.3631
97.6223,423.7081,-8.4240
94.3691,409.5882,-7.0663
97.1114,421.4906,-5.6183
88.8359,385.5726,-8.4461
73.8760,320.6422,-7.6317
81.0403,351.7375,-9.1216
71.6772,311.0989,-8.0681
62.3294,270.5267,-9.8519
57.9567,251.5481,-9.3935
46.0098,199.6953,-9.0539
40.7580,176.9010,-9.6359
34.8393,151.2122,-8.5849
22.2528,96.5832,-7.9373
14.5294,63.0617,-10.2052
5.5802,24.2197,-10.3334
0.0000,0.0000,-7.9369
0.0000,0.0000,-8.8493
0.0000,0.0000,-11.2139
0.0000,0.0000,-8.9507
0.0000,0.0000,-9.1955
0.0000,0.0000,-9.4789
0.0000,0.0000,-7.1178
0.0000,0.0000,-7.0493
0.0000,0.0000,-8.1268
0.0000,0.0000,-8.2006
0.0000,0.0000,-6.0424
0.0000,0.0000,-6.2529
0.0000,0.0000,-6.2245
0.0000,0.0000,-6.2525
0.0000,0.0000,-6.4450
0.0000,0.0000,-6.8011
0.0000,0.0000,-5.5747
0.0000,0.0000,-5.5103
0.0000,0.0000,-6.4709
0.0000,0.0000,-5.1872
0.0000,0.0000,-3.9296
0.0000,0.0000,-4.2176
0.0000,0.0000,-4.9325
0.0000,0.0000,-5.2074
0.0000,0.0000,-5.0143
0.0000,0.0000,-3.2755
0.0000,0.0000,-2.5884
0.0000,0.0000,-3.5012
0.0000,0.0000,-0.7846
0.0000,0.0000,-3.2455
0.0000,0.0000,-0.7197
0.0000,0.0000,0.5262
0.0000,0.0000,-1.0377
0.0000,0.0000,0.3753
0.0000,0.0000,0.2404
0.0000,0.0000,-2.7929
0.0000,0.0000,1.7222
0.0000,0.0000,0.4834
0.0000,0.0000,1.5242
0.0000,0.0000,-0.6698
0.0000,0.0000,1.8472
0.0000,0.0000,1.0372
0.0000,0.0000,1.0803
0.0000,0.0000,-0.1171
0.0000,0.0000,-0.8216
0.0000,0.0000,-0.7398
0.0000,0.0000,-3.6932
0.0000,0.0000,1.2855
0.0000,0.0000,0.9966
0.0000,0.0000,1.5298
0.0000,0.0000,-0.9882
0.0000,0.0000,2.4243
0.0000,0.0000,2.4803
0.0000,0.0000,1.6046
0.0000,0.0000,1.0568
0.0000,0.0000,0.3661
3.3839,14.6872,-3.9258
11.3579,49.2966,-1.7569
20.6267,89.5257,1.6015
31.1454,135.1798,-0.0008
36.3868,157.9286,-1.7665
45.5248,197.5905,-1.2787
55.9100,242.6647,-0.7841
68.7500,298.3940,-1.5889
62.3645,270.6794,-3.3907
79.9963,347.2060,-2.4271
73.9376,320.9099,-4.1403
88.7239,385.0864,-6.1992
96.0576,416.9166,-4.6190
105.7019,458.7756,-6.3502
96.4016,418.4097,-5.6245
103.9150,451.0198,-4.4791
108.7216,471.8820,-5.5104
98.7176,428.4617,-5.0783
103.6190,449.7352,-8.4600
96.0378,416.8307,-5.1700
110.2697,478.6010,-7.5282
112.4813,488.1999,-7.7551
102.9137,446.6743,-7.6876
107.1926,465.2455,-8.1227
90.4851,392.7304,-8.8369
107.8424,468.0660,-7.8855
105.6472,458.5380,-8.9231
87.1379,378.2025,-10.7184
82.2071,356.8016,-10.5010
79.6350,345.6381,-10.9883
77.1117,334.6864,-9.4325
62.2154,270.0320,-7.7910
58.1566,252.4156,-9.4113
56.2044,243.9426,-5.4918
50.3429,218.5024,-9.8707
43.2602,187.7612,-9.1380
31.9083,138.4910,-7.3730
22.4818,97.5775,-8.7542
13.4245,58.2663,-9.0800
5.7900,25.1303,-10.3211
0.0000,0.0000,-10.7885
0.0000,0.0000,-8.5147
0.0000,0.0000,-7.1504
0.0000,0.0000,-11.2319
0.0000,0.0000,-8.9876
0.0000,0.0000,-9.8528
0.0000,0.0000,-9.6765
0.0000,0.0000,-7.4030
0.0000,0.0000,-7.9389
0.0000,0.0000,-8.6459
0.0000,0.0000,-6.4288
0.0000,0.0000,-4.9323
0.0000,0.0000,-7.3296
0.0000,0.0000,-6.4004
0.0000,0.0000,-6.4229
0.0000,0.0000,-5.9670
0.0000,0.0000,-4.6823
0.0000,0.0000,-3.5398
0.0000,0.0000,-5.5647
0.0000,0.0000,-3.3972
0.0000,0.0000,-3.7820
0.0000,0.0000,-4.8839
0.0000,0.0000,-2.0712
0.0000,0.0000,-4.7967
0.0000,0.0000,-2.4566
0.0000,0.0000,-4.3085
0.0000,0.0000,-2.2618
0.0000,0.0000,-1.3586
0.0000,0.0000,-2.2516
0.0000,0.0000,-2.7121
0.0000,0.0000,-3.3550
0.0000,0.0000,-2.2201
0.0000,0.0000,-0.3632
0.0000,0.0000,-2.1318
0.0000,0.0000,0.9487
0.0000,0.0000,-1.2548
0.0000,0.0000,2.6842
0.0000,0.0000,-1.8090
0.0000,0.0000,1.6394
0.0000,0.0000,1.3366
0.0000,0.0000,1.6099
0.0000,0.0000,-0.8341
0.0000,0.0000,-0.9355
0.0000,0.0000,0.3470
0.0000,0.0000,1.7170
0.0000,0.0000,-0.9919
0.0000,0.0000,-0.1263
0.0000,0.0000,3.9338
0.0000,0.0000,-1.0621
0.0000,0.0000,1.5815
0.0000,0.0000,1.7585
0.0000,0.0000,2.7717
0.0000,0.0000,1.0327
0.0000,0.0000,1.3737
0.0000,0.0000,-2.7702
0.0000,0.0000,0.7346
3.4343,14.9060,-2.1382
13.3198,57.8117,-1.0987
23.4803,101.9111,0.1498
28.5905,124.0908,-2.2527
32.7723,142.2410,0.1066
43.3261,188.0471,-1.9335
57.1330,247.9732,-0.7243
63.4474,275.3792,-2.6541
65.9953,286.4378,-3.6515
82.1049,356.3582,-4.3292
86.7146,376.3654,-6.0235
89.4543,388.2565,-4.8578
98.9296,429.3820,-3.3854
89.4338,388.1674,-6.2070
96.3255,418.0793,-4.6817
99.4744,431.7466,-2.7928
98.8917,429.2173,-5.0221
100.3935,435.7357,-6.4797
104.4095,453.1661,-5.0668
101.7168,441.4792,-7.8126
115.1578,499.8169,-10.0040
108.7650,472.0703,-9.5473
93.1709,404.3875,-8.5294
114.3283,496.2168,-7.6608
103.8623,450.7912,-6.4823
104.0959,451.8052,-6.9806
83.8612,363.9810,-10.6063
102.5903,445.2704,-8.0272
92.2799,400.5203,-6.7057
81.7732,354.9186,-8.7679
82.0893,356.2905,-8.3459
73.7998,320.3117,-9.1666
70.4242,305.6606,-10.1410
53.1249,230.5770,-8.7881
42.9203,186.2862,-7.8686
41.4980,180.1127,-9.1561
27.6686,120.0893,-11.0401
20.9640,90.9895,-7.6792
12.8113,55.6044,-8.8699
5.0658,21.9870,-11.0647
0.0000,0.0000,-9.7440
0.0000,0.0000,-9.5968
0.0000,0.0000,-10.6971
0.0000,0.0000,-10.7439
0.0000,0.0000,-7.7285
0.0000,0.0000,-7.9481
0.0000,0.0000,-7.5748
0.0000,0.0000,-8.6624
0.0000,0.0000,-9.2205
0.0000,0.0000,-7.9644
0.0000,0.0000,-5.2949
0.0000,0.0000,-6.5876
0.0000,0.0000,-7.3551
0.0000,0.0000,-6.4179
0.0000,0.0000,-8.7280
0.0000,0.0000,-4.8758
0.0000,0.0000,-4.9596
0.0000,0.0000,-5.1451
0.0000,0.0000,-4.5616
0.0000,0.0000,-4.4465
0.0000,0.0000,-3.7285
0.0000,0.0000,-4.2902
0.0000,0.0000,-2.5780
0.0000,0.0000,-3.1752
0.0000,0.0000,-2.9302
0.0000,0.0000,-2.5459
0.0000,0.0000,-3.9249
0.0000,0.0000,2.5511
0.0000,0.0000,-0.9182
0.0000,0.0000,-3.2618
0.0000,0.0000,1.7400
0.0000,0.0000,-1.6107
0.0000,0.0000,-0.1505
0.0000,0.0000,0.3878
0.0000,0.0000,-1.7629
0.0000,0.0000,1.5467
0.0000,0.0000,-0.4500
0.0000,0.0000,-0.3086
0.0000,0.0000,0.1859
0.0000,0.0000,-0.0883
0.0000,0.0000,1.6378
0.0000,0.0000,2.7447
0.0000,0.0000,-0.3947
0.0000,0.0000,-0.7631
0.0000,0.0000,0.8767
0.0000,0.0000,1.4521
0.0000,0.0000,-0.4956
0.0000,0.0000,-1.1842
0.0000,0.0000,2.6181
0.0000,0.0000,0.0733
0.0000,0.0000,0.5248
0.0000,0.0000,-1.2228
0.0000,0.0000,2.1466
0.0000,0.0000,1.7327
0.0000,0.0000,-1.5239
0.0000,0.0000,-1.7158
3.9141,16.9883,-0.2374
13.8739,60.2167,-1.6331
21.2466,92.2163,-1.2541
32.2541,139.9918,-0.7874
