Year,Month,Day,Hour,Minute,DNI,DHI,Wind Speed,Temperature,GHI,PoA Irradiance (W/m^2),kW Generated (1000 kW Array)
2016,1,1,0,0,0.0,0.0,2.8,4.0,0.0,0.0,0.0
2016,1,1,0,15,0.0,0.0,2.8,3.5,0.0,0.0,0.0
2016,1,1,0,30,0.0,0.0,2.8,3.0,0.0,0.0,0.0
2016,1,1,0,45,0.0,0.0,2.8,3.0,0.0,0.0,0.0
2016,1,1,1,0,0.0,0.0,2.8,3.0,0.0,0.0,0.0
2016,1,1,1,15,0.0,0.0,2.85,3.0,0.0,0.0,0.0
2016,1,1,1,30,0.0,0.0,2.9,3.0,0.0,0.0,0.0
2016,1,1,1,45,0.0,0.0,2.95,3.0,0.0,0.0,0.0
2016,1,1,2,0,0.0,0.0,3.0,3.0,0.0,0.0,0.0
2016,1,1,2,15,0.0,0.0,3.05,3.0,0.0,0.0,0.0
2016,1,1,2,30,0.0,0.0,3.1,3.0,0.0,0.0,0.0
2016,1,1,2,45,0.0,0.0,3.15,3.0,0.0,0.0,0.0
2016,1,1,3,0,0.0,0.0,3.2,3.0,0.0,0.0,0.0
2016,1,1,3,15,0.0,0.0,3.25,2.5,0.0,0.0,0.0
2016,1,1,3,30,0.0,0.0,3.3,2.0,0.0,0.0,0.0
2016,1,1,3,45,0.0,0.0,3.35,2.0,0.0,0.0,0.0
2016,1,1,4,0,0.0,0.0,3.4,2.0,0.0,0.0,0.0
2016,1,1,4,15,0.0,0.0,3.45,2.0,0.0,0.0,0.0
2016,1,1,4,30,0.0,0.0,3.5,2.0,0.0,0.0,0.0
2016,1,1,4,45,0.0,0.0,3.55,2.0,0.0,0.0,0.0
2016,1,1,5,0,0.0,0.0,3.6,2.0,0.0,0.0,0.0
2016,1,1,5,15,0.0,0.0,3.6,2.0,0.0,0.0,0.0
2016,1,1,5,30,0.0,0.0,3.6,2.0,0.0,0.0,0.0
2016,1,1,5,45,0.0,0.0,3.6,2.0,0.0,0.0,0.0
2016,1,1,6,0,0.0,0.0,3.6,2.0,0.0,0.0,0.0
2016,1,1,6,15,0.0,0.0,3.55,2.0,0.0,0.0,0.0
2016,1,1,6,30,0.0,0.0,3.5,2.0,0.0,0.0,0.0
2016,1,1,6,45,0.0,0.0,3.5,2.0,0.0,0.0,0.0
2016,1,1,7,0,0.0,0.0,3.5,2.0,0.0,0.0,0.0
2016,1,1,7,15,0.0,0.0,3.5,2.0,0.0,0.0,0.0
2016,1,1,7,30,0.0,0.0,3.5,2.0,0.0,0.0,0.0
2016,1,1,7,45,175.0,15.0,3.55,2.5,30.5,72.36,0.0
2016,1,1,8,0,350.0,30.0,3.6,3.0,61.0,163.27,115.33
2016,1,1,8,15,447.5,38.5,3.65,3.5,100.5,227.83,181.16
2016,1,1,8,30,545.0,47.0,3.7,4.0,140.0,301.71,249.07
2016,1,1,8,45,603.5,53.0,3.75,4.5,181.0,362.92,305.55
2016,1,1,9,0,662.0,59.0,3.8,5.0,222.0,428.13,363.95
2016,1,1,9,15,700.5,63.0,3.8,5.5,260.5,483.29,412.35
2016,1,1,9,30,739.0,67.0,3.8,6.0,299.0,536.39,457.64
2016,1,1,9,45,766.5,70.0,3.8,6.5,333.0,585.52,498.24
2016,1,1,10,0,794.0,73.0,3.8,7.0,367.0,634.13,537.26
2016,1,1,10,15,811.5,75.0,3.75,7.0,395.5,673.73,568.19
2016,1,1,10,30,829.0,77.0,3.7,7.0,424.0,711.55,596.7
2016,1,1,10,45,840.5,79.0,3.65,7.5,445.5,742.8,618.68
2016,1,1,11,0,852.0,81.0,3.6,8.0,467.0,771.5,638.47
2016,1,1,11,15,859.5,82.0,3.5,8.0,481.5,793.09,653.62
2016,1,1,11,30,867.0,83.0,3.4,8.0,496.0,811.63,666.47
2016,1,1,11,45,869.5,83.5,3.3,8.5,503.0,822.33,672.24
2016,1,1,12,0,872.0,84.0,3.2,9.0,510.0,829.68,675.61
2016,1,1,12,15,872.0,84.0,3.1,9.0,509.5,830.96,675.83
2016,1,1,12,30,872.0,84.0,3.0,9.0,509.0,828.82,673.69
2016,1,1,12,45,872.0,82.5,2.9,9.0,501.5,821.45,667.81
2016,1,1,13,0,872.0,81.0,2.8,9.0,494.0,810.67,659.59
2016,1,1,13,15,864.0,79.5,2.65,9.0,478.5,790.28,643.99
2016,1,1,13,30,856.0,78.0,2.5,9.0,463.0,766.86,626.26
2016,1,1,13,45,844.5,76.5,2.45,9.0,440.5,737.98,605.12
2016,1,1,14,0,833.0,75.0,2.4,9.0,418.0,706.56,581.98
2016,1,1,14,15,814.5,72.5,2.35,9.0,389.0,666.78,552.25
2016,1,1,14,30,796.0,70.0,2.3,9.0,360.0,625.33,520.0
2016,1,1,14,45,769.5,67.0,2.25,9.0,325.5,576.92,480.93
2016,1,1,15,0,743.0,64.0,2.2,9.0,291.0,527.99,440.45
2016,1,1,15,15,703.0,60.0,2.15,8.5,252.0,470.39,392.53
2016,1,1,15,30,663.0,56.0,2.1,8.0,213.0,417.59,346.84
2016,1,1,15,45,601.5,50.0,2.05,8.0,172.0,351.28,288.17
2016,1,1,16,0,540.0,44.0,2.0,8.0,131.0,289.39,231.86
2016,1,1,16,15,438.5,35.5,2.05,7.5,92.0,215.38,165.16
2016,1,1,16,30,337.0,27.0,2.1,7.0,53.0,149.66,94.03
2016,1,1,16,45,168.5,13.5,2.15,7.0,26.5,55.96,0.0
2016,1,1,17,0,0.0,0.0,2.2,7.0,0.0,0.0,0.0
2016,1,1,17,15,0.0,0.0,2.25,6.5,0.0,0.0,0.0
2016,1,1,17,30,0.0,0.0,2.3,6.0,0.0,0.0,0.0
2016,1,1,17,45,0.0,0.0,2.4,6.0,0.0,0.0,0.0
2016,1,1,18,0,0.0,0.0,2.5,6.0,0.0,0.0,0.0
2016,1,1,18,15,0.0,0.0,2.55,6.0,0.0,0.0,0.0
2016,1,1,18,30,0.0,0.0,2.6,6.0,0.0,0.0,0.0
2016,1,1,18,45,0.0,0.0,2.65,6.0,0.0,0.0,0.0
2016,1,1,19,0,0.0,0.0,2.7,6.0,0.0,0.0,0.0
2016,1,1,19,15,0.0,0.0,2.65,6.0,0.0,0.0,0.0
2016,1,1,19,30,0.0,0.0,2.6,6.0,0.0,0.0,0.0
2016,1,1,19,45,0.0,0.0,2.6,6.0,0.0,0.0,0.0
2016,1,1,20,0,0.0,0.0,2.6,6.0,0.0,0.0,0.0
2016,1,1,20,15,0.0,0.0,2.55,5.5,0.0,0.0,0.0
2016,1,1,20,30,0.0,0.0,2.5,5.0,0.0,0.0,0.0
2016,1,1,20,45,0.0,0.0,2.5,5.0,0.0,0.0,0.0
2016,1,1,21,0,0.0,0.0,2.5,5.0,0.0,0.0,0.0
2016,1,1,21,15,0.0,0.0,2.5,5.0,0.0,0.0,0.0
2016,1,1,21,30,0.0,0.0,2.5,5.0,0.0,0.0,0.0
2016,1,1,21,45,0.0,0.0,2.5,5.0,0.0,0.0,0.0
2016,1,1,22,0,0.0,0.0,2.5,5.0,0.0,0.0,0.0
2016,1,1,22,15,0.0,0.0,2.5,5.0,0.0,0.0,0.0
2016,1,1,22,30,0.0,0.0,2.5,5.0,0.0,0.0,0.0
2016,1,1,22,45,0.0,0.0,2.5,5.0,0.0,0.0,0.0
2016,1,1,23,0,0.0,0.0,2.5,5.0,0.0,0.0,0.0
2016,1,1,23,15,0.0,0.0,2.45,5.0,0.0,0.0,0.0
2016,1,1,23,30,0.0,0.0,2.4,5.0,0.0,0.0,0.0
2016,1,1,23,45,0.0,0.0,2.4,5.0,0.0,0.0,0.0
2016,1,2,0,0,0.0,0.0,2.4,5.0,0.0,0.0,0.0
2016,1,2,0,15,0.0,0.0,2.4,5.0,0.0,0.0,0.0
2016,1,2,0,30,0.0,0.0,2.4,5.0,0.0,0.0,0.0
2016,1,2,0,45,0.0,0.0,2.4,5.0,0.0,0.0,0.0
2016,1,2,1,0,0.0,0.0,2.4,5.0,0.0,0.0,0.0
2016,1,2,1,15,0.0,0.0,2.4,5.0,0.0,0.0,0.0
2016,1,2,1,30,0.0,0.0,2.4,5.0,0.0,0.0,0.0
2016,1,2,1,45,0.0,0.0,2.45,5.0,0.0,0.0,0.0
2016,1,2,2,0,0.0,0.0,2.5,5.0,0.0,0.0,0.0
2016,1,2,2,15,0.0,0.0,2.5,5.0,0.0,0.0,0.0
2016,1,2,2,30,0.0,0.0,2.5,5.0,0.0,0.0,0.0
2016,1,2,2,45,0.0,0.0,2.55,5.0,0.0,0.0,0.0
2016,1,2,3,0,0.0,0.0,2.6,5.0,0.0,0.0,0.0
2016,1,2,3,15,0.0,0.0,2.6,5.0,0.0,0.0,0.0
2016,1,2,3,30,0.0,0.0,2.6,5.0,0.0,0.0,0.0
2016,1,2,3,45,0.0,0.0,2.65,5.0,0.0,0.0,0.0
2016,1,2,4,0,0.0,0.0,2.7,5.0,0.0,0.0,0.0
2016,1,2,4,15,0.0,0.0,2.7,5.0,0.0,0.0,0.0
2016,1,2,4,30,0.0,0.0,2.7,5.0,0.0,0.0,0.0
2016,1,2,4,45,0.0,0.0,2.75,5.0,0.0,0.0,0.0
2016,1,2,5,0,0.0,0.0,2.8,5.0,0.0,0.0,0.0
2016,1,2,5,15,0.0,0.0,2.9,4.5,0.0,0.0,0.0
2016,1,2,5,30,0.0,0.0,3.0,4.0,0.0,0.0,0.0
2016,1,2,5,45,0.0,0.0,3.1,4.0,0.0,0.0,0.0
2016,1,2,6,0,0.0,0.0,3.2,4.0,0.0,0.0,0.0
2016,1,2,6,15,0.0,0.0,3.25,4.0,0.0,0.0,0.0
2016,1,2,6,30,0.0,0.0,3.3,4.0,0.0,0.0,0.0
2016,1,2,6,45,0.0,0.0,3.4,4.0,0.0,0.0,0.0
2016,1,2,7,0,0.0,0.0,3.5,4.0,0.0,0.0,0.0
2016,1,2,7,15,0.0,0.0,3.55,4.0,0.0,0.0,0.0
2016,1,2,7,30,0.0,0.0,3.6,4.0,0.0,0.0,0.0
2016,1,2,7,45,30.0,15.5,3.7,4.5,18.5,25.64,0.0
2016,1,2,8,0,60.0,31.0,3.8,5.0,37.0,57.98,38.61
2016,1,2,8,15,87.5,48.0,3.8,5.0,61.0,90.68,70.48
2016,1,2,8,30,115.0,65.0,3.8,5.0,85.0,125.63,102.54
2016,1,2,8,45,131.5,82.0,3.85,5.5,110.5,157.81,131.86
2016,1,2,9,0,148.0,99.0,3.9,6.0,136.0,191.28,161.86
2016,1,2,9,15,158.0,115.0,3.85,6.5,159.5,221.02,188.03
2016,1,2,9,30,168.0,131.0,3.8,7.0,183.0,251.34,214.13
2016,1,2,9,45,182.5,142.5,3.8,7.5,205.5,279.24,237.83
2016,1,2,10,0,197.0,154.0,3.8,8.0,228.0,307.85,261.72
2016,1,2,10,15,304.5,151.5,3.85,8.0,275.0,395.8,336.81
2016,1,2,10,30,412.0,149.0,3.9,8.0,322.0,491.3,416.37
2016,1,2,10,45,607.0,111.0,4.0,8.5,379.5,609.25,513.75
2016,1,2,11,0,802.0,73.0,4.1,9.0,437.0,723.38,602.12
2016,1,2,11,15,406.0,122.0,4.2,9.5,307.0,480.61,405.51
2016,1,2,11,30,10.0,171.0,4.3,10.0,177.0,177.52,145.41
2016,1,2,11,45,32.0,189.0,4.4,10.5,205.5,227.13,187.69
2016,1,2,12,0,54.0,207.0,4.5,11.0,234.0,266.97,220.86
2016,1,2,12,15,38.5,197.5,4.55,11.0,217.0,242.66,200.21
2016,1,2,12,30,23.0,188.0,4.6,11.0,200.0,206.71,169.98
2016,1,2,12,45,11.5,172.0,4.65,11.5,178.0,179.65,146.87
2016,1,2,13,0,0.0,156.0,4.7,12.0,156.0,153.09,124.12
2016,1,2,13,15,39.5,175.5,4.7,12.0,193.5,217.07,179.01
2016,1,2,13,30,79.0,195.0,4.7,12.0,231.0,271.57,225.3
2016,1,2,13,45,39.5,163.5,4.7,12.0,181.5,202.84,167.3
2016,1,2,14,0,0.0,132.0,4.7,12.0,132.0,129.13,104.5
2016,1,2,14,15,0.0,102.5,4.6,12.0,102.5,98.13,78.47
2016,1,2,14,30,0.0,73.0,4.5,12.0,73.0,68.09,52.98
2016,1,2,14,45,0.0,66.0,4.4,12.0,66.0,61.4,47.31
2016,1,2,15,0,0.0,59.0,4.3,12.0,59.0,54.86,41.73
2016,1,2,15,15,0.0,51.0,4.05,11.5,51.0,47.4,35.37
2016,1,2,15,30,0.0,43.0,3.8,11.0,43.0,39.94,28.92
2016,1,2,15,45,0.0,34.5,3.55,10.5,34.5,32.03,21.98
2016,1,2,16,0,0.0,26.0,3.3,10.0,26.0,24.12,14.99
2016,1,2,16,15,0.0,18.5,3.35,9.5,18.5,17.15,8.72
2016,1,2,16,30,0.0,11.0,3.4,9.0,11.0,10.19,1.81
2016,1,2,16,45,0.0,5.5,3.45,9.0,5.5,5.24,0.0
2016,1,2,17,0,0.0,0.0,3.5,9.0,0.0,0.0,0.0
2016,1,2,17,15,0.0,0.0,3.6,9.0,0.0,0.0,0.0
2016,1,2,17,30,0.0,0.0,3.7,9.0,0.0,0.0,0.0
2016,1,2,17,45,0.0,0.0,3.8,9.0,0.0,0.0,0.0
2016,1,2,18,0,0.0,0.0,3.9,9.0,0.0,0.0,0.0
2016,1,2,18,15,0.0,0.0,4.0,8.5,0.0,0.0,0.0
2016,1,2,18,30,0.0,0.0,4.1,8.0,0.0,0.0,0.0
2016,1,2,18,45,0.0,0.0,4.2,8.0,0.0,0.0,0.0
2016,1,2,19,0,0.0,0.0,4.3,8.0,0.0,0.0,0.0
2016,1,2,19,15,0.0,0.0,4.35,8.0,0.0,0.0,0.0
2016,1,2,19,30,0.0,0.0,4.4,8.0,0.0,0.0,0.0
2016,1,2,19,45,0.0,0.0,4.5,8.0,0.0,0.0,0.0
2016,1,2,20,0,0.0,0.0,4.6,8.0,0.0,0.0,0.0
2016,1,2,20,15,0.0,0.0,4.6,7.5,0.0,0.0,0.0
2016,1,2,20,30,0.0,0.0,4.6,7.0,0.0,0.0,0.0
2016,1,2,20,45,0.0,0.0,4.7,7.0,0.0,0.0,0.0
2016,1,2,21,0,0.0,0.0,4.8,7.0,0.0,0.0,0.0
2016,1,2,21,15,0.0,0.0,4.85,7.0,0.0,0.0,0.0
2016,1,2,21,30,0.0,0.0,4.9,7.0,0.0,0.0,0.0
2016,1,2,21,45,0.0,0.0,4.95,7.0,0.0,0.0,0.0
2016,1,2,22,0,0.0,0.0,5.0,7.0,0.0,0.0,0.0
2016,1,2,22,15,0.0,0.0,5.05,7.0,0.0,0.0,0.0
2016,1,2,22,30,0.0,0.0,5.1,7.0,0.0,0.0,0.0
2016,1,2,22,45,0.0,0.0,5.2,7.0,0.0,0.0,0.0
2016,1,2,23,0,0.0,0.0,5.3,7.0,0.0,0.0,0.0
2016,1,2,23,15,0.0,0.0,5.3,7.0,0.0,0.0,0.0
2016,1,2,23,30,0.0,0.0,5.3,7.0,0.0,0.0,0.0
2016,1,2,23,45,0.0,0.0,5.35,7.0,0.0,0.0,0.0
2016,1,3,0,0,0.0,0.0,5.4,7.0,0.0,0.0,0.0
2016,1,3,0,15,0.0,0.0,5.35,6.5,0.0,0.0,0.0
2016,1,3,0,30,0.0,0.0,5.3,6.0,0.0,0.0,0.0
2016,1,3,0,45,0.0,0.0,5.3,6.0,0.0,0.0,0.0
2016,1,3,1,0,0.0,0.0,5.3,6.0,0.0,0.0,0.0
2016,1,3,1,15,0.0,0.0,5.3,6.0,0.0,0.0,0.0
2016,1,3,1,30,0.0,0.0,5.3,6.0,0.0,0.0,0.0
2016,1,3,1,45,0.0,0.0,5.35,6.0,0.0,0.0,0.0
2016,1,3,2,0,0.0,0.0,5.4,6.0,0.0,0.0,0.0
2016,1,3,2,15,0.0,0.0,5.45,6.0,0.0,0.0,0.0
2016,1,3,2,30,0.0,0.0,5.5,6.0,0.0,0.0,0.0
2016,1,3,2,45,0.0,0.0,5.55,6.5,0.0,0.0,0.0
2016,1,3,3,0,0.0,0.0,5.6,7.0,0.0,0.0,0.0
2016,1,3,3,15,0.0,0.0,5.7,7.0,0.0,0.0,0.0
2016,1,3,3,30,0.0,0.0,5.8,7.0,0.0,0.0,0.0
2016,1,3,3,45,0.0,0.0,5.95,7.0,0.0,0.0,0.0
2016,1,3,4,0,0.0,0.0,6.1,7.0,0.0,0.0,0.0
2016,1,3,4,15,0.0,0.0,6.1,7.0,0.0,0.0,0.0
2016,1,3,4,30,0.0,0.0,6.1,7.0,0.0,0.0,0.0
2016,1,3,4,45,0.0,0.0,6.1,7.0,0.0,0.0,0.0
2016,1,3,5,0,0.0,0.0,6.1,7.0,0.0,0.0,0.0
2016,1,3,5,15,0.0,0.0,5.85,7.0,0.0,0.0,0.0
2016,1,3,5,30,0.0,0.0,5.6,7.0,0.0,0.0,0.0
2016,1,3,5,45,0.0,0.0,5.4,7.0,0.0,0.0,0.0
2016,1,3,6,0,0.0,0.0,5.2,7.0,0.0,0.0,0.0
2016,1,3,6,15,0.0,0.0,5.0,7.0,0.0,0.0,0.0
2016,1,3,6,30,0.0,0.0,4.8,7.0,0.0,0.0,0.0
2016,1,3,6,45,0.0,0.0,4.65,7.0,0.0,0.0,0.0
2016,1,3,7,0,0.0,0.0,4.5,7.0,0.0,0.0,0.0
2016,1,3,7,15,0.0,0.0,4.4,7.0,0.0,0.0,0.0
2016,1,3,7,30,0.0,0.0,4.3,7.0,0.0,0.0,0.0
2016,1,3,7,45,0.0,10.5,4.2,7.5,10.5,9.73,0.0
2016,1,3,8,0,0.0,21.0,4.1,8.0,21.0,19.49,9.47
2016,1,3,8,15,0.0,35.0,4.0,8.0,35.0,33.21,22.46
2016,1,3,8,30,0.0,49.0,3.9,8.0,49.0,47.3,35.12
2016,1,3,8,45,0.0,63.5,3.8,8.5,63.5,61.88,48.04
2016,1,3,9,0,0.0,78.0,3.7,9.0,78.0,76.47,60.79
2016,1,3,9,15,0.0,91.5,3.6,9.0,91.5,89.96,72.56
2016,1,3,9,30,0.0,105.0,3.5,9.0,105.0,103.53,84.24
2016,1,3,9,45,0.0,116.5,3.4,9.5,116.5,114.96,93.78
2016,1,3,10,0,0.0,128.0,3.3,10.0,128.0,126.49,103.29
2016,1,3,10,15,5.0,140.0,3.35,10.0,142.5,142.21,116.6
2016,1,3,10,30,10.0,152.0,3.4,10.0,157.0,158.33,130.2
2016,1,3,10,45,28.5,170.0,3.5,10.5,183.0,202.34,167.22
2016,1,3,11,0,47.0,188.0,3.6,11.0,209.0,238.15,196.94
2016,1,3,11,15,88.5,201.5,3.8,11.0,243.0,287.4,238.65
2016,1,3,11,30,130.0,215.0,4.0,11.0,277.0,350.39,291.0
2016,1,3,11,45,74.5,200.5,4.2,11.0,236.5,275.52,228.23
2016,1,3,12,0,19.0,186.0,4.4,11.0,196.0,201.11,165.04
2016,1,3,12,15,58.5,202.5,4.4,11.0,231.5,265.03,219.43
2016,1,3,12,30,98.0,219.0,4.4,11.0,267.0,317.69,263.74
2016,1,3,12,45,235.0,203.0,4.4,11.0,316.0,434.58,362.55
2016,1,3,13,0,372.0,187.0,4.4,11.0,365.0,522.52,436.16
2016,1,3,13,15,393.5,176.5,4.05,11.0,359.5,534.58,444.84
2016,1,3,13,30,415.0,166.0,3.7,11.0,354.0,531.73,442.57
2016,1,3,13,45,368.5,165.0,3.35,11.5,326.0,474.26,395.01
2016,1,3,14,0,322.0,164.0,3.0,12.0,298.0,430.69,358.3
2016,1,3,14,15,211.0,159.5,2.65,12.0,245.0,328.41,273.53
2016,1,3,14,30,100.0,155.0,2.3,12.0,192.0,243.92,202.01
2016,1,3,14,45,91.5,141.5,2.0,12.0,173.0,210.66,174.49
2016,1,3,15,0,83.0,128.0,1.7,12.0,154.0,187.85,155.15
2016,1,3,15,15,76.0,112.0,1.55,11.5,133.5,163.3,134.47
2016,1,3,15,30,69.0,96.0,1.4,11.0,113.0,139.31,113.89
2016,1,3,15,45,54.5,79.0,1.3,11.0,90.5,111.12,89.21
2016,1,3,16,0,40.0,62.0,1.2,11.0,68.0,84.19,65.47
2016,1,3,16,15,20.0,45.0,1.3,10.5,48.0,56.47,41.16
2016,1,3,16,30,0.0,28.0,1.4,10.0,28.0,27.9,15.15
2016,1,3,16,45,0.0,14.0,1.5,10.0,14.0,13.0,0.0
2016,1,3,17,0,0.0,0.0,1.6,10.0,0.0,0.0,0.0
2016,1,3,17,15,0.0,0.0,1.7,9.5,0.0,0.0,0.0
2016,1,3,17,30,0.0,0.0,1.8,9.0,0.0,0.0,0.0
2016,1,3,17,45,0.0,0.0,1.95,9.0,0.0,0.0,0.0
2016,1,3,18,0,0.0,0.0,2.1,9.0,0.0,0.0,0.0
2016,1,3,18,15,0.0,0.0,2.2,9.0,0.0,0.0,0.0
2016,1,3,18,30,0.0,0.0,2.3,9.0,0.0,0.0,0.0
2016,1,3,18,45,0.0,0.0,2.45,9.0,0.0,0.0,0.0
2016,1,3,19,0,0.0,0.0,2.6,9.0,0.0,0.0,0.0
2016,1,3,19,15,0.0,0.0,2.7,8.5,0.0,0.0,0.0
2016,1,3,19,30,0.0,0.0,2.8,8.0,0.0,0.0,0.0
2016,1,3,19,45,0.0,0.0,2.9,8.0,0.0,0.0,0.0
2016,1,3,20,0,0.0,0.0,3.0,8.0,0.0,0.0,0.0
2016,1,3,20,15,0.0,0.0,3.05,8.0,0.0,0.0,0.0
2016,1,3,20,30,0.0,0.0,3.1,8.0,0.0,0.0,0.0
2016,1,3,20,45,0.0,0.0,3.15,8.0,0.0,0.0,0.0
2016,1,3,21,0,0.0,0.0,3.2,8.0,0.0,0.0,0.0
2016,1,3,21,15,0.0,0.0,3.25,8.0,0.0,0.0,0.0
2016,1,3,21,30,0.0,0.0,3.3,8.0,0.0,0.0,0.0
2016,1,3,21,45,0.0,0.0,3.35,8.0,0.0,0.0,0.0
2016,1,3,22,0,0.0,0.0,3.4,8.0,0.0,0.0,0.0
2016,1,3,22,15,0.0,0.0,3.45,8.0,0.0,0.0,0.0
2016,1,3,22,30,0.0,0.0,3.5,8.0,0.0,0.0,0.0
2016,1,3,22,45,0.0,0.0,3.6,8.0,0.0,0.0,0.0
2016,1,3,23,0,0.0,0.0,3.7,8.0,0.0,0.0,0.0
2016,1,3,23,15,0.0,0.0,3.75,8.0,0.0,0.0,0.0
2016,1,3,23,30,0.0,0.0,3.8,8.0,0.0,0.0,0.0
2016,1,3,23,45,0.0,0.0,3.9,8.0,0.0,0.0,0.0
2016,1,4,0,0,0.0,0.0,4.0,8.0,0.0,0.0,0.0
2016,1,4,0,15,0.0,0.0,4.1,8.0,0.0,0.0,0.0
2016,1,4,0,30,0.0,0.0,4.2,8.0,0.0,0.0,0.0
2016,1,4,0,45,0.0,0.0,4.35,8.0,0.0,0.0,0.0
2016,1,4,1,0,0.0,0.0,4.5,8.0,0.0,0.0,0.0
2016,1,4,1,15,0.0,0.0,4.65,8.0,0.0,0.0,0.0
2016,1,4,1,30,0.0,0.0,4.8,8.0,0.0,0.0,0.0
2016,1,4,1,45,0.0,0.0,5.0,8.0,0.0,0.0,0.0
2016,1,4,2,0,0.0,0.0,5.2,8.0,0.0,0.0,0.0
2016,1,4,2,15,0.0,0.0,5.3,8.0,0.0,0.0,0.0
2016,1,4,2,30,0.0,0.0,5.4,8.0,0.0,0.0,0.0
2016,1,4,2,45,0.0,0.0,5.55,8.0,0.0,0.0,0.0
2016,1,4,3,0,0.0,0.0,5.7,8.0,0.0,0.0,0.0
2016,1,4,3,15,0.0,0.0,5.75,8.0,0.0,0.0,0.0
2016,1,4,3,30,0.0,0.0,5.8,8.0,0.0,0.0,0.0
2016,1,4,3,45,0.0,0.0,5.85,8.5,0.0,0.0,0.0
2016,1,4,4,0,0.0,0.0,5.9,9.0,0.0,0.0,0.0
2016,1,4,4,15,0.0,0.0,5.85,9.0,0.0,0.0,0.0
2016,1,4,4,30,0.0,0.0,5.8,9.0,0.0,0.0,0.0
2016,1,4,4,45,0.0,0.0,5.8,9.5,0.0,0.0,0.0
2016,1,4,5,0,0.0,0.0,5.8,10.0,0.0,0.0,0.0
2016,1,4,5,15,0.0,0.0,5.7,10.0,0.0,0.0,0.0
2016,1,4,5,30,0.0,0.0,5.6,10.0,0.0,0.0,0.0
2016,1,4,5,45,0.0,0.0,5.6,10.0,0.0,0.0,0.0
2016,1,4,6,0,0.0,0.0,5.6,10.0,0.0,0.0,0.0
2016,1,4,6,15,0.0,0.0,5.45,10.0,0.0,0.0,0.0
2016,1,4,6,30,0.0,0.0,5.3,10.0,0.0,0.0,0.0
2016,1,4,6,45,0.0,0.0,5.15,10.0,0.0,0.0,0.0
2016,1,4,7,0,0.0,0.0,5.0,10.0,0.0,0.0,0.0
2016,1,4,7,15,0.0,0.0,5.0,10.0,0.0,0.0,0.0
2016,1,4,7,30,0.0,0.0,5.0,10.0,0.0,0.0,0.0
2016,1,4,7,45,184.5,13.5,5.05,10.5,29.5,72.21,0.0
2016,1,4,8,0,369.0,27.0,5.1,11.0,59.0,165.0,112.51
2016,1,4,8,15,461.0,34.0,5.15,11.0,97.5,226.33,175.16
2016,1,4,8,30,553.0,41.0,5.2,11.0,136.0,293.48,236.93
2016,1,4,8,45,612.0,45.5,5.3,11.5,176.0,353.71,291.99
2016,1,4,9,0,671.0,50.0,5.4,12.0,216.0,417.87,349.03
2016,1,4,9,15,706.5,53.5,5.5,12.0,253.0,471.27,396.57
2016,1,4,9,30,742.0,57.0,5.6,12.0,290.0,525.63,443.72
2016,1,4,9,45,519.5,101.0,5.7,12.5,273.0,463.0,390.84
2016,1,4,10,0,297.0,145.0,5.8,13.0,256.0,373.75,314.28
2016,1,4,10,15,512.0,113.0,5.9,13.0,321.0,506.74,427.47
2016,1,4,10,30,727.0,81.0,6.0,13.0,386.0,642.13,538.69
2016,1,4,10,45,599.5,118.5,6.15,13.5,378.5,612.29,512.21
2016,1,4,11,0,472.0,156.0,6.3,14.0,371.0,565.31,471.34
2016,1,4,11,15,308.0,186.0,6.4,14.0,328.0,466.61,388.67
2016,1,4,11,30,144.0,216.0,6.5,14.0,285.0,362.8,300.11
2016,1,4,11,45,325.5,190.5,6.6,14.0,350.0,493.12,410.94
2016,1,4,12,0,507.0,165.0,6.7,14.0,415.0,627.08,521.67
2016,1,4,12,15,282.0,187.5,6.75,14.0,326.5,456.17,379.7
2016,1,4,12,30,57.0,210.0,6.8,14.0,238.0,272.9,224.0
2016,1,4,12,45,28.5,179.5,6.9,14.0,193.5,212.7,173.81
2016,1,4,13,0,0.0,149.0,7.0,14.0,149.0,145.36,116.95
2016,1,4,13,15,3.5,154.5,7.0,13.5,156.5,154.43,125.03
2016,1,4,13,30,7.0,160.0,7.0,13.0,164.0,163.66,133.24
2016,1,4,13,45,3.5,104.5,7.0,13.0,106.5,101.96,81.35
2016,1,4,14,0,0.0,49.0,7.0,13.0,49.0,45.54,33.38
2016,1,4,14,15,2.5,90.5,6.75,13.0,91.5,87.29,69.14
2016,1,4,14,30,5.0,132.0,6.5,13.0,134.0,134.34,109.14
2016,1,4,14,45,2.5,120.0,6.3,13.0,121.0,120.51,97.45
2016,1,4,15,0,0.0,108.0,6.1,13.0,108.0,106.98,85.97
2016,1,4,15,15,0.0,93.5,5.95,12.5,93.5,92.3,73.6
2016,1,4,15,30,0.0,79.0,5.8,12.0,79.0,77.69,61.12
2016,1,4,15,45,0.0,64.0,5.7,12.0,64.0,62.55,47.91
2016,1,4,16,0,0.0,49.0,5.6,12.0,49.0,47.4,34.58
2016,1,4,16,15,0.0,35.0,5.55,12.0,35.0,33.33,22.08
2016,1,4,16,30,0.0,21.0,5.5,12.0,21.0,19.49,9.02
2016,1,4,16,45,0.0,10.5,5.5,12.0,10.5,9.73,0.0
2016,1,4,17,0,0.0,0.0,5.5,12.0,0.0,0.0,0.0
2016,1,4,17,15,0.0,0.0,5.55,12.0,0.0,0.0,0.0
2016,1,4,17,30,0.0,0.0,5.6,12.0,0.0,0.0,0.0
2016,1,4,17,45,0.0,0.0,5.65,12.0,0.0,0.0,0.0
2016,1,4,18,0,0.0,0.0,5.7,12.0,0.0,0.0,0.0
2016,1,4,18,15,0.0,0.0,5.7,12.0,0.0,0.0,0.0
2016,1,4,18,30,0.0,0.0,5.7,12.0,0.0,0.0,0.0
2016,1,4,18,45,0.0,0.0,5.75,12.0,0.0,0.0,0.0
2016,1,4,19,0,0.0,0.0,5.8,12.0,0.0,0.0,0.0
2016,1,4,19,15,0.0,0.0,5.8,12.0,0.0,0.0,0.0
2016,1,4,19,30,0.0,0.0,5.8,12.0,0.0,0.0,0.0
2016,1,4,19,45,0.0,0.0,5.8,12.0,0.0,0.0,0.0
2016,1,4,20,0,0.0,0.0,5.8,12.0,0.0,0.0,0.0
2016,1,4,20,15,0.0,0.0,5.9,12.0,0.0,0.0,0.0
2016,1,4,20,30,0.0,0.0,6.0,12.0,0.0,0.0,0.0
2016,1,4,20,45,0.0,0.0,6.1,12.0,0.0,0.0,0.0
2016,1,4,21,0,0.0,0.0,6.2,12.0,0.0,0.0,0.0
2016,1,4,21,15,0.0,0.0,6.25,12.0,0.0,0.0,0.0
2016,1,4,21,30,0.0,0.0,6.3,12.0,0.0,0.0,0.0
2016,1,4,21,45,0.0,0.0,6.35,12.0,0.0,0.0,0.0
2016,1,4,22,0,0.0,0.0,6.4,12.0,0.0,0.0,0.0
2016,1,4,22,15,0.0,0.0,6.6,12.0,0.0,0.0,0.0
2016,1,4,22,30,0.0,0.0,6.8,12.0,0.0,0.0,0.0
2016,1,4,22,45,0.0,0.0,7.0,12.0,0.0,0.0,0.0
2016,1,4,23,0,0.0,0.0,7.2,12.0,0.0,0.0,0.0
2016,1,4,23,15,0.0,0.0,7.35,12.0,0.0,0.0,0.0
2016,1,4,23,30,0.0,0.0,7.5,12.0,0.0,0.0,0.0
2016,1,4,23,45,0.0,0.0,7.65,12.0,0.0,0.0,0.0
2016,1,5,0,0,0.0,0.0,7.8,12.0,0.0,0.0,0.0
2016,1,5,0,15,0.0,0.0,7.85,12.0,0.0,0.0,0.0
2016,1,5,0,30,0.0,0.0,7.9,12.0,0.0,0.0,0.0
2016,1,5,0,45,0.0,0.0,8.0,12.0,0.0,0.0,0.0
2016,1,5,1,0,0.0,0.0,8.1,12.0,0.0,0.0,0.0
2016,1,5,1,15,0.0,0.0,8.1,12.0,0.0,0.0,0.0
2016,1,5,1,30,0.0,0.0,8.1,12.0,0.0,0.0,0.0
2016,1,5,1,45,0.0,0.0,8.1,12.0,0.0,0.0,0.0
2016,1,5,2,0,0.0,0.0,8.1,12.0,0.0,0.0,0.0
2016,1,5,2,15,0.0,0.0,7.95,12.0,0.0,0.0,0.0
2016,1,5,2,30,0.0,0.0,7.8,12.0,0.0,0.0,0.0
2016,1,5,2,45,0.0,0.0,7.7,12.0,0.0,0.0,0.0
2016,1,5,3,0,0.0,0.0,7.6,12.0,0.0,0.0,0.0
2016,1,5,3,15,0.0,0.0,7.2,11.5,0.0,0.0,0.0
2016,1,5,3,30,0.0,0.0,6.8,11.0,0.0,0.0,0.0
2016,1,5,3,45,0.0,0.0,6.4,11.0,0.0,0.0,0.0
2016,1,5,4,0,0.0,0.0,6.0,11.0,0.0,0.0,0.0
2016,1,5,4,15,0.0,0.0,5.5,11.0,0.0,0.0,0.0
2016,1,5,4,30,0.0,0.0,5.0,11.0,0.0,0.0,0.0
2016,1,5,4,45,0.0,0.0,4.55,11.0,0.0,0.0,0.0
2016,1,5,5,0,0.0,0.0,4.1,11.0,0.0,0.0,0.0
2016,1,5,5,15,0.0,0.0,3.95,11.0,0.0,0.0,0.0
2016,1,5,5,30,0.0,0.0,3.8,11.0,0.0,0.0,0.0
2016,1,5,5,45,0.0,0.0,3.65,11.0,0.0,0.0,0.0
2016,1,5,6,0,0.0,0.0,3.5,11.0,0.0,0.0,0.0
2016,1,5,6,15,0.0,0.0,3.55,10.5,0.0,0.0,0.0
2016,1,5,6,30,0.0,0.0,3.6,10.0,0.0,0.0,0.0
2016,1,5,6,45,0.0,0.0,3.65,10.0,0.0,0.0,0.0
2016,1,5,7,0,0.0,0.0,3.7,10.0,0.0,0.0,0.0
2016,1,5,7,15,0.0,0.0,3.95,10.0,0.0,0.0,0.0
2016,1,5,7,30,0.0,0.0,4.2,10.0,0.0,0.0,0.0
2016,1,5,7,45,0.0,13.5,4.45,10.5,13.5,12.53,0.0
2016,1,5,8,0,0.0,27.0,4.7,11.0,27.0,26.16,14.41
2016,1,5,8,15,6.0,44.0,4.8,11.0,45.0,46.26,32.96
2016,1,5,8,30,12.0,61.0,4.9,11.0,63.0,66.57,50.98
2016,1,5,8,45,19.0,77.0,5.0,11.0,81.0,91.55,72.95
2016,1,5,9,0,26.0,93.0,5.1,11.0,99.0,113.11,91.91
2016,1,5,9,15,30.5,108.0,5.1,11.0,116.5,132.67,108.97
2016,1,5,9,30,35.0,123.0,5.1,11.0,134.0,152.69,126.22
2016,1,5,9,45,37.5,136.0,5.1,11.5,149.0,169.37,140.15
2016,1,5,10,0,40.0,149.0,5.1,12.0,164.0,186.32,154.12
2016,1,5,10,15,20.0,114.5,5.15,12.0,122.0,131.15,107.05
2016,1,5,10,30,0.0,80.0,5.2,12.0,80.0,74.63,58.36
2016,1,5,10,45,0.0,44.5,5.3,12.0,44.5,41.35,29.89
2016,1,5,11,0,0.0,9.0,5.4,12.0,9.0,8.35,1.53
2016,1,5,11,15,2.0,86.0,5.5,11.5,87.0,81.85,64.55
2016,1,5,11,30,4.0,163.0,5.6,11.0,165.0,163.69,133.82
2016,1,5,11,45,2.0,85.5,5.7,11.0,86.5,81.3,64.04
2016,1,5,12,0,0.0,8.0,5.8,11.0,8.0,7.42,0.73
2016,1,5,12,15,46.5,114.0,5.8,11.0,137.0,152.79,126.47
2016,1,5,12,30,93.0,220.0,5.8,11.0,266.0,314.65,262.23
2016,1,5,12,45,52.5,197.5,5.8,11.0,223.5,253.78,210.41
2016,1,5,13,0,12.0,175.0,5.8,11.0,181.0,183.34,150.44
2016,1,5,13,15,6.0,108.0,5.7,11.0,111.0,107.2,86.28
2016,1,5,13,30,0.0,41.0,5.6,11.0,41.0,38.09,27.17
2016,1,5,13,45,0.0,23.5,5.55,11.0,23.5,21.81,13.19
2016,1,5,14,0,0.0,6.0,5.5,11.0,6.0,5.56,0.0
2016,1,5,14,15,120.5,79.0,5.45,11.0,124.0,178.55,151.01
2016,1,5,14,30,241.0,152.0,5.4,11.0,242.0,344.81,291.78
2016,1,5,14,45,227.5,140.5,5.4,11.0,219.5,314.61,265.84
2016,1,5,15,0,214.0,129.0,5.4,11.0,197.0,284.86,240.35
2016,1,5,15,15,403.5,96.0,5.15,11.0,203.5,351.39,296.68
2016,1,5,15,30,593.0,63.0,4.9,11.0,210.0,395.47,330.89
2016,1,5,15,45,527.0,57.5,4.7,11.0,170.5,330.19,272.36
2016,1,5,16,0,461.0,52.0,4.5,11.0,131.0,269.67,217.29
2016,1,5,16,15,362.0,42.5,4.25,10.5,93.5,198.28,153.51
2016,1,5,16,30,263.0,33.0,4.0,10.0,56.0,136.42,93.28
2016,1,5,16,45,131.5,16.5,3.75,10.0,28.0,60.14,0.0
2016,1,5,17,0,0.0,0.0,3.5,10.0,0.0,0.0,0.0
2016,1,5,17,15,0.0,0.0,3.4,9.5,0.0,0.0,0.0
2016,1,5,17,30,0.0,0.0,3.3,9.0,0.0,0.0,0.0
2016,1,5,17,45,0.0,0.0,3.2,9.0,0.0,0.0,0.0
2016,1,5,18,0,0.0,0.0,3.1,9.0,0.0,0.0,0.0
2016,1,5,18,15,0.0,0.0,3.15,9.0,0.0,0.0,0.0
2016,1,5,18,30,0.0,0.0,3.2,9.0,0.0,0.0,0.0
2016,1,5,18,45,0.0,0.0,3.25,9.0,0.0,0.0,0.0
2016,1,5,19,0,0.0,0.0,3.3,9.0,0.0,0.0,0.0
2016,1,5,19,15,0.0,0.0,3.35,9.0,0.0,0.0,0.0
2016,1,5,19,30,0.0,0.0,3.4,9.0,0.0,0.0,0.0
2016,1,5,19,45,0.0,0.0,3.5,9.0,0.0,0.0,0.0
2016,1,5,20,0,0.0,0.0,3.6,9.0,0.0,0.0,0.0
2016,1,5,20,15,0.0,0.0,3.65,9.0,0.0,0.0,0.0
2016,1,5,20,30,0.0,0.0,3.7,9.0,0.0,0.0,0.0
2016,1,5,20,45,0.0,0.0,3.8,9.0,0.0,0.0,0.0
2016,1,5,21,0,0.0,0.0,3.9,9.0,0.0,0.0,0.0
2016,1,5,21,15,0.0,0.0,4.05,9.0,0.0,0.0,0.0
2016,1,5,21,30,0.0,0.0,4.2,9.0,0.0,0.0,0.0
2016,1,5,21,45,0.0,0.0,4.4,9.0,0.0,0.0,0.0
2016,1,5,22,0,0.0,0.0,4.6,9.0,0.0,0.0,0.0
2016,1,5,22,15,0.0,0.0,4.8,9.0,0.0,0.0,0.0
2016,1,5,22,30,0.0,0.0,5.0,9.0,0.0,0.0,0.0
2016,1,5,22,45,0.0,0.0,5.25,9.0,0.0,0.0,0.0
2016,1,5,23,0,0.0,0.0,5.5,9.0,0.0,0.0,0.0
2016,1,5,23,15,0.0,0.0,5.7,9.0,0.0,0.0,0.0
2016,1,5,23,30,0.0,0.0,5.9,9.0,0.0,0.0,0.0
2016,1,5,23,45,0.0,0.0,6.1,9.5,0.0,0.0,0.0
2016,1,6,0,0,0.0,0.0,6.3,10.0,0.0,0.0,0.0
2016,1,6,0,15,0.0,0.0,6.65,10.0,0.0,0.0,0.0
2016,1,6,0,30,0.0,0.0,7.0,10.0,0.0,0.0,0.0
2016,1,6,0,45,0.0,0.0,7.35,10.0,0.0,0.0,0.0
2016,1,6,1,0,0.0,0.0,7.7,10.0,0.0,0.0,0.0
2016,1,6,1,15,0.0,0.0,8.05,10.0,0.0,0.0,0.0
2016,1,6,1,30,0.0,0.0,8.4,10.0,0.0,0.0,0.0
2016,1,6,1,45,0.0,0.0,8.8,10.0,0.0,0.0,0.0
2016,1,6,2,0,0.0,0.0,9.2,10.0,0.0,0.0,0.0
2016,1,6,2,15,0.0,0.0,9.3,10.0,0.0,0.0,0.0
2016,1,6,2,30,0.0,0.0,9.4,10.0,0.0,0.0,0.0
2016,1,6,2,45,0.0,0.0,9.55,10.0,0.0,0.0,0.0
2016,1,6,3,0,0.0,0.0,9.7,10.0,0.0,0.0,0.0
2016,1,6,3,15,0.0,0.0,9.45,10.0,0.0,0.0,0.0
2016,1,6,3,30,0.0,0.0,9.2,10.0,0.0,0.0,0.0
2016,1,6,3,45,0.0,0.0,9.0,10.0,0.0,0.0,0.0
2016,1,6,4,0,0.0,0.0,8.8,10.0,0.0,0.0,0.0
2016,1,6,4,15,0.0,0.0,8.6,10.0,0.0,0.0,0.0
2016,1,6,4,30,0.0,0.0,8.4,10.0,0.0,0.0,0.0
2016,1,6,4,45,0.0,0.0,8.25,10.5,0.0,0.0,0.0
2016,1,6,5,0,0.0,0.0,8.1,11.0,0.0,0.0,0.0
2016,1,6,5,15,0.0,0.0,7.9,11.0,0.0,0.0,0.0
2016,1,6,5,30,0.0,0.0,7.7,11.0,0.0,0.0,0.0
2016,1,6,5,45,0.0,0.0,7.55,11.0,0.0,0.0,0.0
2016,1,6,6,0,0.0,0.0,7.4,11.0,0.0,0.0,0.0
2016,1,6,6,15,0.0,0.0,7.3,11.0,0.0,0.0,0.0
2016,1,6,6,30,0.0,0.0,7.2,11.0,0.0,0.0,0.0
2016,1,6,6,45,0.0,0.0,7.1,11.0,0.0,0.0,0.0
2016,1,6,7,0,0.0,0.0,7.0,11.0,0.0,0.0,0.0
2016,1,6,7,15,0.0,0.0,6.8,11.0,0.0,0.0,0.0
2016,1,6,7,30,0.0,0.0,6.6,11.0,0.0,0.0,0.0
2016,1,6,7,45,0.0,2.0,6.45,11.0,2.0,1.85,0.0
2016,1,6,8,0,0.0,4.0,6.3,11.0,4.0,3.7,0.0
2016,1,6,8,15,0.0,7.5,6.3,11.0,7.5,6.94,0.15
2016,1,6,8,30,0.0,11.0,6.3,11.0,11.0,10.18,3.05
2016,1,6,8,45,0.0,14.0,6.3,11.0,14.0,12.97,5.53
2016,1,6,9,0,0.0,17.0,6.3,11.0,17.0,15.75,8.0
2016,1,6,9,15,0.0,20.5,6.35,11.0,20.5,19.0,10.85
2016,1,6,9,30,0.0,24.0,6.4,11.0,24.0,22.26,13.68
2016,1,6,9,45,0.0,26.5,6.5,11.0,26.5,24.58,15.69
2016,1,6,10,0,0.0,29.0,6.6,11.0,29.0,26.91,17.68
2016,1,6,10,15,0.0,70.5,6.7,11.0,70.5,65.6,50.98
2016,1,6,10,30,0.0,112.0,6.8,11.0,112.0,107.44,86.65
2016,1,6,10,45,12.5,145.0,6.95,11.0,151.0,151.67,124.48
2016,1,6,11,0,25.0,178.0,7.1,11.0,190.0,197.52,163.36
2016,1,6,11,15,194.0,185.0,7.0,11.0,279.0,362.5,306.08
2016,1,6,11,30,363.0,192.0,6.9,11.0,368.0,522.35,440.51
2016,1,6,11,45,427.0,181.5,6.85,11.0,391.0,578.81,486.94
2016,1,6,12,0,491.0,171.0,6.8,11.0,414.0,621.86,522.75
2016,1,6,12,15,290.5,195.5,6.65,11.0,340.0,473.29,397.75
2016,1,6,12,30,90.0,220.0,6.5,11.0,266.0,312.09,259.8
2016,1,6,12,45,112.0,219.0,6.35,11.0,274.5,328.6,274.42
2016,1,6,13,0,134.0,218.0,6.2,11.0,283.0,357.16,298.49
2016,1,6,13,15,79.5,198.0,6.15,11.0,236.5,275.64,229.75
2016,1,6,13,30,25.0,178.0,6.1,11.0,190.0,197.49,163.03
2016,1,6,13,45,267.0,155.5,6.05,11.0,269.5,387.68,328.61
2016,1,6,14,0,509.0,133.0,6.0,11.0,349.0,543.94,460.66
2016,1,6,14,15,294.5,145.0,5.9,11.0,268.0,380.94,322.75
2016,1,6,14,30,80.0,157.0,5.8,11.0,187.0,222.94,186.4
2016,1,6,14,45,72.0,144.0,5.75,11.0,169.5,201.15,168.07
2016,1,6,15,0,64.0,131.0,5.7,11.0,152.0,179.96,149.9
2016,1,6,15,15,57.0,115.0,5.55,10.5,132.0,156.15,129.56
2016,1,6,15,30,50.0,99.0,5.4,10.0,112.0,132.95,109.44
2016,1,6,15,45,38.5,81.5,5.25,10.0,90.5,106.3,85.9
2016,1,6,16,0,27.0,64.0,5.1,10.0,69.0,80.66,63.14
2016,1,6,16,15,13.5,47.0,5.05,9.5,49.5,55.91,41.24
2016,1,6,16,30,0.0,30.0,5.0,9.0,30.0,29.77,17.65
2016,1,6,16,45,0.0,15.0,4.95,9.0,15.0,13.93,0.0
2016,1,6,17,0,0.0,0.0,4.9,9.0,0.0,0.0,0.0
2016,1,6,17,15,0.0,0.0,4.9,9.0,0.0,0.0,0.0
2016,1,6,17,30,0.0,0.0,4.9,9.0,0.0,0.0,0.0
2016,1,6,17,45,0.0,0.0,4.95,9.0,0.0,0.0,0.0
2016,1,6,18,0,0.0,0.0,5.0,9.0,0.0,0.0,0.0
2016,1,6,18,15,0.0,0.0,4.95,9.0,0.0,0.0,0.0
2016,1,6,18,30,0.0,0.0,4.9,9.0,0.0,0.0,0.0
2016,1,6,18,45,0.0,0.0,4.85,9.0,0.0,0.0,0.0
2016,1,6,19,0,0.0,0.0,4.8,9.0,0.0,0.0,0.0
2016,1,6,19,15,0.0,0.0,4.7,9.0,0.0,0.0,0.0
2016,1,6,19,30,0.0,0.0,4.6,9.0,0.0,0.0,0.0
2016,1,6,19,45,0.0,0.0,4.55,9.0,0.0,0.0,0.0
2016,1,6,20,0,0.0,0.0,4.5,9.0,0.0,0.0,0.0
2016,1,6,20,15,0.0,0.0,4.4,9.0,0.0,0.0,0.0
2016,1,6,20,30,0.0,0.0,4.3,9.0,0.0,0.0,0.0
2016,1,6,20,45,0.0,0.0,4.25,9.0,0.0,0.0,0.0
2016,1,6,21,0,0.0,0.0,4.2,9.0,0.0,0.0,0.0
2016,1,6,21,15,0.0,0.0,4.05,8.5,0.0,0.0,0.0
2016,1,6,21,30,0.0,0.0,3.9,8.0,0.0,0.0,0.0
2016,1,6,21,45,0.0,0.0,3.75,8.0,0.0,0.0,0.0
2016,1,6,22,0,0.0,0.0,3.6,8.0,0.0,0.0,0.0
2016,1,6,22,15,0.0,0.0,3.3,8.0,0.0,0.0,0.0
2016,1,6,22,30,0.0,0.0,3.0,8.0,0.0,0.0,0.0
2016,1,6,22,45,0.0,0.0,2.75,8.0,0.0,0.0,0.0
2016,1,6,23,0,0.0,0.0,2.5,8.0,0.0,0.0,0.0
2016,1,6,23,15,0.0,0.0,2.2,8.0,0.0,0.0,0.0
2016,1,6,23,30,0.0,0.0,1.9,8.0,0.0,0.0,0.0
2016,1,6,23,45,0.0,0.0,1.6,8.0,0.0,0.0,0.0
2016,1,7,0,0,0.0,0.0,1.3,8.0,0.0,0.0,0.0
2016,1,7,0,15,0.0,0.0,1.1,8.0,0.0,0.0,0.0
2016,1,7,0,30,0.0,0.0,0.9,8.0,0.0,0.0,0.0
2016,1,7,0,45,0.0,0.0,0.75,8.0,0.0,0.0,0.0
2016,1,7,1,0,0.0,0.0,0.6,8.0,0.0,0.0,0.0
2016,1,7,1,15,0.0,0.0,0.5,8.0,0.0,0.0,0.0
2016,1,7,1,30,0.0,0.0,0.4,8.0,0.0,0.0,0.0
2016,1,7,1,45,0.0,0.0,0.35,8.0,0.0,0.0,0.0
2016,1,7,2,0,0.0,0.0,0.3,8.0,0.0,0.0,0.0
2016,1,7,2,15,0.0,0.0,0.3,8.0,0.0,0.0,0.0
2016,1,7,2,30,0.0,0.0,0.3,8.0,0.0,0.0,0.0
2016,1,7,2,45,0.0,0.0,0.35,8.0,0.0,0.0,0.0
2016,1,7,3,0,0.0,0.0,0.4,8.0,0.0,0.0,0.0
2016,1,7,3,15,0.0,0.0,0.5,8.0,0.0,0.0,0.0
2016,1,7,3,30,0.0,0.0,0.6,8.0,0.0,0.0,0.0
2016,1,7,3,45,0.0,0.0,0.7,8.0,0.0,0.0,0.0
2016,1,7,4,0,0.0,0.0,0.8,8.0,0.0,0.0,0.0
2016,1,7,4,15,0.0,0.0,0.9,8.0,0.0,0.0,0.0
2016,1,7,4,30,0.0,0.0,1.0,8.0,0.0,0.0,0.0
2016,1,7,4,45,0.0,0.0,1.1,8.0,0.0,0.0,0.0
2016,1,7,5,0,0.0,0.0,1.2,8.0,0.0,0.0,0.0
2016,1,7,5,15,0.0,0.0,1.3,8.0,0.0,0.0,0.0
2016,1,7,5,30,0.0,0.0,1.4,8.0,0.0,0.0,0.0
2016,1,7,5,45,0.0,0.0,1.55,8.0,0.0,0.0,0.0
2016,1,7,6,0,0.0,0.0,1.7,8.0,0.0,0.0,0.0
2016,1,7,6,15,0.0,0.0,1.75,8.0,0.0,0.0,0.0
2016,1,7,6,30,0.0,0.0,1.8,8.0,0.0,0.0,0.0
2016,1,7,6,45,0.0,0.0,1.9,8.0,0.0,0.0,0.0
2016,1,7,7,0,0.0,0.0,2.0,8.0,0.0,0.0,0.0
2016,1,7,7,15,0.0,0.0,2.05,8.0,0.0,0.0,0.0
2016,1,7,7,30,0.0,0.0,2.1,8.0,0.0,0.0,0.0
2016,1,7,7,45,101.5,17.5,2.15,8.5,27.0,53.29,0.0
2016,1,7,8,0,203.0,35.0,2.2,9.0,54.0,120.27,82.68
2016,1,7,8,15,299.5,47.0,2.3,9.0,90.5,179.41,139.55
2016,1,7,8,30,396.0,59.0,2.4,9.0,127.0,248.54,201.14
2016,1,7,8,45,485.5,63.0,2.5,9.5,168.0,316.11,260.77
2016,1,7,9,0,575.0,67.0,2.6,10.0,209.0,390.22,324.8
2016,1,7,9,15,616.5,72.0,2.6,10.0,246.5,445.06,372.21
2016,1,7,9,30,658.0,77.0,2.6,10.0,284.0,501.63,419.78
2016,1,7,9,45,717.5,73.0,2.6,10.5,322.0,560.12,467.16
2016,1,7,10,0,777.0,69.0,2.6,11.0,360.0,617.59,512.55
2016,1,7,10,15,794.5,71.0,2.55,11.0,388.5,657.19,542.35
2016,1,7,10,30,812.0,73.0,2.5,11.0,417.0,695.11,569.99
2016,1,7,10,45,823.5,75.0,2.5,11.0,438.5,726.58,592.7
2016,1,7,11,0,835.0,77.0,2.5,11.0,460.0,755.58,613.45
2016,1,7,11,15,842.5,77.5,2.5,11.0,475.5,776.91,628.44
2016,1,7,11,30,850.0,78.0,2.5,11.0,491.0,795.27,641.31
2016,1,7,11,45,854.0,78.5,2.5,11.0,498.5,807.67,649.89
2016,1,7,12,0,858.0,79.0,2.5,11.0,506.0,816.81,656.24
2016,1,7,12,15,858.0,79.0,2.55,11.0,506.0,818.69,657.82
2016,1,7,12,30,858.0,79.0,2.6,11.0,506.0,817.2,657.14
2016,1,7,12,45,857.5,77.5,2.7,11.0,499.5,810.07,652.84
2016,1,7,13,0,857.0,76.0,2.8,11.0,493.0,799.6,646.19
2016,1,7,13,15,850.0,75.5,2.85,11.0,478.5,781.92,633.96
2016,1,7,13,30,843.0,75.0,2.9,11.0,464.0,761.22,619.54
2016,1,7,13,45,833.0,73.0,2.95,11.0,442.5,733.52,599.82
2016,1,7,14,0,823.0,71.0,3.0,11.0,421.0,703.24,578.04
2016,1,7,14,15,806.5,69.0,2.9,11.0,393.0,666.0,550.01
2016,1,7,14,30,790.0,67.0,2.8,11.0,365.0,626.97,520.15
2016,1,7,14,45,768.5,63.5,2.75,11.0,332.0,581.44,483.58
2016,1,7,15,0,747.0,60.0,2.7,11.0,299.0,535.06,445.43
2016,1,7,15,15,711.5,56.5,2.5,10.5,261.5,480.27,399.75
2016,1,7,15,30,676.0,53.0,2.3,10.0,224.0,426.42,353.46
2016,1,7,15,45,625.0,47.5,2.1,10.0,184.0,364.35,298.59
2016,1,7,16,0,574.0,42.0,1.9,10.0,144.0,305.53,245.13
2016,1,7,16,15,485.5,35.0,1.85,9.5,104.5,238.13,184.56
2016,1,7,16,30,397.0,28.0,1.8,9.0,65.0,176.19,123.86
2016,1,7,16,45,198.5,14.0,1.75,9.0,32.5,77.9,0.0
2016,1,7,17,0,0.0,0.0,1.7,9.0,0.0,0.0,0.0
2016,1,7,17,15,0.0,0.0,1.65,9.0,0.0,0.0,0.0
2016,1,7,17,30,0.0,0.0,1.6,9.0,0.0,0.0,0.0
2016,1,7,17,45,0.0,0.0,1.6,9.0,0.0,0.0,0.0
2016,1,7,18,0,0.0,0.0,1.6,9.0,0.0,0.0,0.0
2016,1,7,18,15,0.0,0.0,1.5,9.0,0.0,0.0,0.0
2016,1,7,18,30,0.0,0.0,1.4,9.0,0.0,0.0,0.0
2016,1,7,18,45,0.0,0.0,1.3,9.0,0.0,0.0,0.0
2016,1,7,19,0,0.0,0.0,1.2,9.0,0.0,0.0,0.0
2016,1,7,19,15,0.0,0.0,1.05,9.0,0.0,0.0,0.0
2016,1,7,19,30,0.0,0.0,0.9,9.0,0.0,0.0,0.0
2016,1,7,19,45,0.0,0.0,0.8,9.0,0.0,0.0,0.0
2016,1,7,20,0,0.0,0.0,0.7,9.0,0.0,0.0,0.0
2016,1,7,20,15,0.0,0.0,0.6,9.0,0.0,0.0,0.0
2016,1,7,20,30,0.0,0.0,0.5,9.0,0.0,0.0,0.0
2016,1,7,20,45,0.0,0.0,0.45,9.0,0.0,0.0,0.0
2016,1,7,21,0,0.0,0.0,0.4,9.0,0.0,0.0,0.0
2016,1,7,21,15,0.0,0.0,0.5,9.0,0.0,0.0,0.0
2016,1,7,21,30,0.0,0.0,0.6,9.0,0.0,0.0,0.0
2016,1,7,21,45,0.0,0.0,0.75,9.0,0.0,0.0,0.0
2016,1,7,22,0,0.0,0.0,0.9,9.0,0.0,0.0,0.0
2016,1,7,22,15,0.0,0.0,0.95,9.0,0.0,0.0,0.0
2016,1,7,22,30,0.0,0.0,1.0,9.0,0.0,0.0,0.0
2016,1,7,22,45,0.0,0.0,1.1,9.0,0.0,0.0,0.0
2016,1,7,23,0,0.0,0.0,1.2,9.0,0.0,0.0,0.0
2016,1,7,23,15,0.0,0.0,1.2,8.5,0.0,0.0,0.0
2016,1,7,23,30,0.0,0.0,1.2,8.0,0.0,0.0,0.0
2016,1,7,23,45,0.0,0.0,1.2,8.0,0.0,0.0,0.0
2016,1,8,0,0,0.0,0.0,1.2,8.0,0.0,0.0,0.0
2016,1,8,0,15,0.0,0.0,1.15,8.0,0.0,0.0,0.0
2016,1,8,0,30,0.0,0.0,1.1,8.0,0.0,0.0,0.0
2016,1,8,0,45,0.0,0.0,1.05,8.0,0.0,0.0,0.0
2016,1,8,1,0,0.0,0.0,1.0,8.0,0.0,0.0,0.0
2016,1,8,1,15,0.0,0.0,1.0,8.0,0.0,0.0,0.0
2016,1,8,1,30,0.0,0.0,1.0,8.0,0.0,0.0,0.0
2016,1,8,1,45,0.0,0.0,1.05,8.0,0.0,0.0,0.0
2016,1,8,2,0,0.0,0.0,1.1,8.0,0.0,0.0,0.0
2016,1,8,2,15,0.0,0.0,1.15,8.0,0.0,0.0,0.0
2016,1,8,2,30,0.0,0.0,1.2,8.0,0.0,0.0,0.0
2016,1,8,2,45,0.0,0.0,1.25,8.0,0.0,0.0,0.0
2016,1,8,3,0,0.0,0.0,1.3,8.0,0.0,0.0,0.0
2016,1,8,3,15,0.0,0.0,1.25,8.0,0.0,0.0,0.0
2016,1,8,3,30,0.0,0.0,1.2,8.0,0.0,0.0,0.0
2016,1,8,3,45,0.0,0.0,1.15,8.0,0.0,0.0,0.0
2016,1,8,4,0,0.0,0.0,1.1,8.0,0.0,0.0,0.0
2016,1,8,4,15,0.0,0.0,1.05,8.0,0.0,0.0,0.0
2016,1,8,4,30,0.0,0.0,1.0,8.0,0.0,0.0,0.0
2016,1,8,4,45,0.0,0.0,0.95,8.0,0.0,0.0,0.0
2016,1,8,5,0,0.0,0.0,0.9,8.0,0.0,0.0,0.0
2016,1,8,5,15,0.0,0.0,0.9,7.5,0.0,0.0,0.0
2016,1,8,5,30,0.0,0.0,0.9,7.0,0.0,0.0,0.0
2016,1,8,5,45,0.0,0.0,0.9,7.0,0.0,0.0,0.0
2016,1,8,6,0,0.0,0.0,0.9,7.0,0.0,0.0,0.0
2016,1,8,6,15,0.0,0.0,0.95,7.0,0.0,0.0,0.0
2016,1,8,6,30,0.0,0.0,1.0,7.0,0.0,0.0,0.0
2016,1,8,6,45,0.0,0.0,1.1,7.0,0.0,0.0,0.0
2016,1,8,7,0,0.0,0.0,1.2,7.0,0.0,0.0,0.0
2016,1,8,7,15,0.0,0.0,1.25,7.0,0.0,0.0,0.0
2016,1,8,7,30,0.0,0.0,1.3,7.0,0.0,0.0,0.0
2016,1,8,7,45,0.0,11.5,1.4,7.5,11.5,10.66,0.0
2016,1,8,8,0,0.0,23.0,1.5,8.0,23.0,21.36,11.02
2016,1,8,8,15,0.0,38.5,1.6,8.0,38.5,37.23,25.91
2016,1,8,8,30,0.0,54.0,1.7,8.0,54.0,52.97,40.04
2016,1,8,8,45,0.0,70.5,1.8,8.0,70.5,69.79,54.98
2016,1,8,9,0,0.0,87.0,1.9,8.0,87.0,86.59,69.76
2016,1,8,9,15,3.5,101.0,1.85,8.0,102.0,102.49,83.62
2016,1,8,9,30,7.0,115.0,1.8,8.0,117.0,118.78,97.67
2016,1,8,9,45,9.0,126.0,1.75,8.5,129.5,131.07,107.92
2016,1,8,10,0,11.0,137.0,1.7,9.0,142.0,143.63,118.27
2016,1,8,10,15,92.5,160.5,1.65,9.0,200.0,236.28,197.89
2016,1,8,10,30,174.0,184.0,1.6,9.0,258.0,336.76,281.43
2016,1,8,10,45,89.0,171.0,1.6,9.5,209.0,248.56,206.44
2016,1,8,11,0,4.0,158.0,1.6,10.0,160.0,158.8,129.32
2016,1,8,11,15,2.0,134.0,1.65,10.0,135.0,131.0,106.16
2016,1,8,11,30,0.0,110.0,1.7,10.0,110.0,104.3,83.6
2016,1,8,11,45,30.5,162.0,1.75,10.5,177.5,193.4,158.97
2016,1,8,12,0,61.0,214.0,1.8,11.0,245.0,280.57,230.34
2016,1,8,12,15,118.5,220.0,1.85,11.0,279.5,348.38,286.23
2016,1,8,12,30,176.0,226.0,1.9,11.0,314.0,403.02,330.98
2016,1,8,12,45,171.0,224.5,2.0,11.0,309.0,396.32,325.53
2016,1,8,13,0,166.0,223.0,2.1,11.0,304.0,389.2,320.11
2016,1,8,13,15,234.0,207.5,2.1,11.0,318.0,422.36,348.65
2016,1,8,13,30,302.0,192.0,2.1,11.0,332.0,465.36,384.14
2016,1,8,13,45,184.5,186.5,2.15,11.0,271.0,351.57,291.25
2016,1,8,14,0,67.0,181.0,2.2,11.0,210.0,243.98,201.43
2016,1,8,14,15,33.5,120.5,2.2,11.0,135.0,147.32,120.95
2016,1,8,14,30,0.0,60.0,2.2,11.0,60.0,55.79,42.54
2016,1,8,14,45,0.0,54.5,2.25,11.0,54.5,50.66,38.25
2016,1,8,15,0,0.0,49.0,2.3,11.0,49.0,45.53,33.86
2016,1,8,15,15,0.0,42.5,2.15,10.5,42.5,39.47,28.69
2016,1,8,15,30,0.0,36.0,2.0,10.0,36.0,33.42,23.46
2016,1,8,15,45,0.0,29.5,1.9,10.0,29.5,27.37,18.11
2016,1,8,16,0,0.0,23.0,1.8,10.0,23.0,21.32,12.72
2016,1,8,16,15,0.0,16.5,1.85,10.0,16.5,15.29,7.31
2016,1,8,16,30,0.0,10.0,1.9,10.0,10.0,9.26,1.75
2016,1,8,16,45,0.0,5.0,2.0,10.0,5.0,4.62,0.0
2016,1,8,17,0,0.0,0.0,2.1,10.0,0.0,0.0,0.0
2016,1,8,17,15,0.0,0.0,2.2,9.5,0.0,0.0,0.0
2016,1,8,17,30,0.0,0.0,2.3,9.0,0.0,0.0,0.0
2016,1,8,17,45,0.0,0.0,2.45,9.0,0.0,0.0,0.0
2016,1,8,18,0,0.0,0.0,2.6,9.0,0.0,0.0,0.0
2016,1,8,18,15,0.0,0.0,2.65,9.0,0.0,0.0,0.0
2016,1,8,18,30,0.0,0.0,2.7,9.0,0.0,0.0,0.0
2016,1,8,18,45,0.0,0.0,2.75,9.0,0.0,0.0,0.0
2016,1,8,19,0,0.0,0.0,2.8,9.0,0.0,0.0,0.0
2016,1,8,19,15,0.0,0.0,2.85,9.0,0.0,0.0,0.0
2016,1,8,19,30,0.0,0.0,2.9,9.0,0.0,0.0,0.0
2016,1,8,19,45,0.0,0.0,3.0,9.0,0.0,0.0,0.0
2016,1,8,20,0,0.0,0.0,3.1,9.0,0.0,0.0,0.0
2016,1,8,20,15,0.0,0.0,3.15,9.0,0.0,0.0,0.0
2016,1,8,20,30,0.0,0.0,3.2,9.0,0.0,0.0,0.0
2016,1,8,20,45,0.0,0.0,3.25,9.0,0.0,0.0,0.0
2016,1,8,21,0,0.0,0.0,3.3,9.0,0.0,0.0,0.0
2016,1,8,21,15,0.0,0.0,3.3,9.0,0.0,0.0,0.0
2016,1,8,21,30,0.0,0.0,3.3,9.0,0.0,0.0,0.0
2016,1,8,21,45,0.0,0.0,3.35,9.0,0.0,0.0,0.0
2016,1,8,22,0,0.0,0.0,3.4,9.0,0.0,0.0,0.0
2016,1,8,22,15,0.0,0.0,3.4,9.0,0.0,0.0,0.0
2016,1,8,22,30,0.0,0.0,3.4,9.0,0.0,0.0,0.0
2016,1,8,22,45,0.0,0.0,3.45,9.0,0.0,0.0,0.0
2016,1,8,23,0,0.0,0.0,3.5,9.0,0.0,0.0,0.0
2016,1,8,23,15,0.0,0.0,3.5,9.0,0.0,0.0,0.0
2016,1,8,23,30,0.0,0.0,3.5,9.0,0.0,0.0,0.0
2016,1,8,23,45,0.0,0.0,3.55,9.0,0.0,0.0,0.0
2016,1,9,0,0,0.0,0.0,3.6,9.0,0.0,0.0,0.0
2016,1,9,0,15,0.0,0.0,3.7,9.0,0.0,0.0,0.0
2016,1,9,0,30,0.0,0.0,3.8,9.0,0.0,0.0,0.0
2016,1,9,0,45,0.0,0.0,3.95,9.0,0.0,0.0,0.0
2016,1,9,1,0,0.0,0.0,4.1,9.0,0.0,0.0,0.0
2016,1,9,1,15,0.0,0.0,4.25,9.0,0.0,0.0,0.0
2016,1,9,1,30,0.0,0.0,4.4,9.0,0.0,0.0,0.0
2016,1,9,1,45,0.0,0.0,4.55,9.0,0.0,0.0,0.0
2016,1,9,2,0,0.0,0.0,4.7,9.0,0.0,0.0,0.0
2016,1,9,2,15,0.0,0.0,4.85,9.0,0.0,0.0,0.0
2016,1,9,2,30,0.0,0.0,5.0,9.0,0.0,0.0,0.0
2016,1,9,2,45,0.0,0.0,5.15,9.0,0.0,0.0,0.0
2016,1,9,3,0,0.0,0.0,5.3,9.0,0.0,0.0,0.0
2016,1,9,3,15,0.0,0.0,5.3,9.0,0.0,0.0,0.0
2016,1,9,3,30,0.0,0.0,5.3,9.0,0.0,0.0,0.0
2016,1,9,3,45,0.0,0.0,5.35,9.0,0.0,0.0,0.0
2016,1,9,4,0,0.0,0.0,5.4,9.0,0.0,0.0,0.0
2016,1,9,4,15,0.0,0.0,5.35,9.0,0.0,0.0,0.0
2016,1,9,4,30,0.0,0.0,5.3,9.0,0.0,0.0,0.0
2016,1,9,4,45,0.0,0.0,5.3,9.0,0.0,0.0,0.0
2016,1,9,5,0,0.0,0.0,5.3,9.0,0.0,0.0,0.0
2016,1,9,5,15,0.0,0.0,5.3,9.0,0.0,0.0,0.0
2016,1,9,5,30,0.0,0.0,5.3,9.0,0.0,0.0,0.0
2016,1,9,5,45,0.0,0.0,5.3,9.0,0.0,0.0,0.0
2016,1,9,6,0,0.0,0.0,5.3,9.0,0.0,0.0,0.0
2016,1,9,6,15,0.0,0.0,5.3,9.0,0.0,0.0,0.0
2016,1,9,6,30,0.0,0.0,5.3,9.0,0.0,0.0,0.0
2016,1,9,6,45,0.0,0.0,5.35,9.0,0.0,0.0,0.0
2016,1,9,7,0,0.0,0.0,5.4,9.0,0.0,0.0,0.0
2016,1,9,7,15,0.0,0.0,5.45,9.0,0.0,0.0,0.0
2016,1,9,7,30,0.0,0.0,5.5,9.0,0.0,0.0,0.0
2016,1,9,7,45,0.0,12.0,5.6,9.5,12.0,11.13,0.0
2016,1,9,8,0,0.0,24.0,5.7,10.0,24.0,22.39,11.68
2016,1,9,8,15,0.0,39.5,5.7,10.0,39.5,38.37,26.6
2016,1,9,8,30,0.0,55.0,5.7,10.0,55.0,54.1,40.64
2016,1,9,8,45,0.0,71.5,5.7,10.0,71.5,70.89,55.51
2016,1,9,9,0,0.0,88.0,5.7,10.0,88.0,87.68,70.23
2016,1,9,9,15,5.0,102.0,5.55,10.0,104.0,104.39,84.8
2016,1,9,9,30,10.0,116.0,5.4,10.0,120.0,121.62,99.7
2016,1,9,9,45,10.5,127.0,5.25,10.5,131.0,133.06,109.21
2016,1,9,10,0,11.0,138.0,5.1,11.0,142.0,144.66,118.72
2016,1,9,10,15,107.0,160.5,4.85,11.0,205.5,256.82,215.38
2016,1,9,10,30,203.0,183.0,4.6,11.0,269.0,356.56,299.57
2016,1,9,10,45,156.5,193.5,4.4,11.0,262.0,338.51,282.86
2016,1,9,11,0,110.0,204.0,4.2,11.0,255.0,305.97,254.56
2016,1,9,11,15,60.5,189.5,3.9,11.0,218.0,249.83,206.68
2016,1,9,11,30,11.0,175.0,3.6,11.0,181.0,182.17,148.85
2016,1,9,11,45,53.5,199.5,3.3,11.0,226.5,256.53,211.72
2016,1,9,12,0,96.0,224.0,3.0,11.0,272.0,321.6,265.55
2016,1,9,12,15,56.0,205.5,2.75,11.0,233.5,265.92,218.64
2016,1,9,12,30,16.0,187.0,2.5,11.0,195.0,199.18,162.56
2016,1,9,12,45,16.0,184.5,2.25,11.0,192.5,196.5,160.49
2016,1,9,13,0,16.0,182.0,2.0,11.0,190.0,193.91,158.33
2016,1,9,13,15,15.5,177.0,1.8,11.0,184.5,188.22,153.66
2016,1,9,13,30,15.0,172.0,1.6,11.0,179.0,182.63,149.08
2016,1,9,13,45,16.5,167.0,1.4,11.0,174.5,178.67,145.93
2016,1,9,14,0,18.0,162.0,1.2,11.0,170.0,174.74,142.81
2016,1,9,14,15,46.0,161.0,1.05,11.0,179.5,204.08,167.94
2016,1,9,14,30,74.0,160.0,0.9,11.0,189.0,222.25,183.39
2016,1,9,14,45,70.0,147.0,0.75,11.5,172.5,203.19,167.11
2016,1,9,15,0,66.0,134.0,0.6,12.0,156.0,184.44,151.16
2016,1,9,15,15,59.5,118.0,0.55,11.5,136.0,160.8,131.62
2016,1,9,15,30,53.0,102.0,0.5,11.0,116.0,137.72,112.2
2016,1,9,15,45,43.5,85.0,0.45,11.0,95.0,112.5,90.42
2016,1,9,16,0,34.0,68.0,0.4,11.0,74.0,88.12,69.12
2016,1,9,16,15,18.0,51.0,0.45,11.0,54.0,62.1,46.36
2016,1,9,16,30,2.0,34.0,0.5,11.0,34.0,34.77,22.23
2016,1,9,16,45,1.0,17.0,0.6,11.0,17.0,16.06,0.0
2016,1,9,17,0,0.0,0.0,0.7,11.0,0.0,0.0,0.0
2016,1,9,17,15,0.0,0.0,0.65,11.0,0.0,0.0,0.0
2016,1,9,17,30,0.0,0.0,0.6,11.0,0.0,0.0,0.0
2016,1,9,17,45,0.0,0.0,0.6,11.0,0.0,0.0,0.0
2016,1,9,18,0,0.0,0.0,0.6,11.0,0.0,0.0,0.0
2016,1,9,18,15,0.0,0.0,0.55,10.5,0.0,0.0,0.0
2016,1,9,18,30,0.0,0.0,0.5,10.0,0.0,0.0,0.0
2016,1,9,18,45,0.0,0.0,0.5,10.0,0.0,0.0,0.0
2016,1,9,19,0,0.0,0.0,0.5,10.0,0.0,0.0,0.0
2016,1,9,19,15,0.0,0.0,0.5,10.0,0.0,0.0,0.0
2016,1,9,19,30,0.0,0.0,0.5,10.0,0.0,0.0,0.0
2016,1,9,19,45,0.0,0.0,0.55,10.0,0.0,0.0,0.0
2016,1,9,20,0,0.0,0.0,0.6,10.0,0.0,0.0,0.0
2016,1,9,20,15,0.0,0.0,0.65,10.0,0.0,0.0,0.0
2016,1,9,20,30,0.0,0.0,0.7,10.0,0.0,0.0,0.0
2016,1,9,20,45,0.0,0.0,0.75,10.0,0.0,0.0,0.0
2016,1,9,21,0,0.0,0.0,0.8,10.0,0.0,0.0,0.0
2016,1,9,21,15,0.0,0.0,0.65,10.0,0.0,0.0,0.0
2016,1,9,21,30,0.0,0.0,0.5,10.0,0.0,0.0,0.0
2016,1,9,21,45,0.0,0.0,0.35,10.0,0.0,0.0,0.0
2016,1,9,22,0,0.0,0.0,0.2,10.0,0.0,0.0,0.0
2016,1,9,22,15,0.0,0.0,0.3,9.5,0.0,0.0,0.0
2016,1,9,22,30,0.0,0.0,0.4,9.0,0.0,0.0,0.0
2016,1,9,22,45,0.0,0.0,0.55,9.0,0.0,0.0,0.0
2016,1,9,23,0,0.0,0.0,0.7,9.0,0.0,0.0,0.0
2016,1,9,23,15,0.0,0.0,0.9,9.0,0.0,0.0,0.0
2016,1,9,23,30,0.0,0.0,1.1,9.0,0.0,0.0,0.0
2016,1,9,23,45,0.0,0.0,1.35,9.0,0.0,0.0,0.0
2016,1,10,0,0,0.0,0.0,1.6,9.0,0.0,0.0,0.0
2016,1,10,0,15,0.0,0.0,1.6,9.0,0.0,0.0,0.0
2016,1,10,0,30,0.0,0.0,1.6,9.0,0.0,0.0,0.0
2016,1,10,0,45,0.0,0.0,1.6,9.0,0.0,0.0,0.0
2016,1,10,1,0,0.0,0.0,1.6,9.0,0.0,0.0,0.0
2016,1,10,1,15,0.0,0.0,1.45,9.0,0.0,0.0,0.0
2016,1,10,1,30,0.0,0.0,1.3,9.0,0.0,0.0,0.0
2016,1,10,1,45,0.0,0.0,1.2,9.0,0.0,0.0,0.0
2016,1,10,2,0,0.0,0.0,1.1,9.0,0.0,0.0,0.0
2016,1,10,2,15,0.0,0.0,1.05,9.0,0.0,0.0,0.0
2016,1,10,2,30,0.0,0.0,1.0,9.0,0.0,0.0,0.0
2016,1,10,2,45,0.0,0.0,1.0,9.0,0.0,0.0,0.0
2016,1,10,3,0,0.0,0.0,1.0,9.0,0.0,0.0,0.0
2016,1,10,3,15,0.0,0.0,1.1,8.5,0.0,0.0,0.0
2016,1,10,3,30,0.0,0.0,1.2,8.0,0.0,0.0,0.0
2016,1,10,3,45,0.0,0.0,1.35,8.0,0.0,0.0,0.0
2016,1,10,4,0,0.0,0.0,1.5,8.0,0.0,0.0,0.0
2016,1,10,4,15,0.0,0.0,1.6,8.0,0.0,0.0,0.0
2016,1,10,4,30,0.0,0.0,1.7,8.0,0.0,0.0,0.0
2016,1,10,4,45,0.0,0.0,1.85,8.0,0.0,0.0,0.0
2016,1,10,5,0,0.0,0.0,2.0,8.0,0.0,0.0,0.0
2016,1,10,5,15,0.0,0.0,2.1,8.0,0.0,0.0,0.0
2016,1,10,5,30,0.0,0.0,2.2,8.0,0.0,0.0,0.0
2016,1,10,5,45,0.0,0.0,2.35,8.0,0.0,0.0,0.0
2016,1,10,6,0,0.0,0.0,2.5,8.0,0.0,0.0,0.0
2016,1,10,6,15,0.0,0.0,2.6,8.0,0.0,0.0,0.0
2016,1,10,6,30,0.0,0.0,2.7,8.0,0.0,0.0,0.0
2016,1,10,6,45,0.0,0.0,2.8,8.0,0.0,0.0,0.0
2016,1,10,7,0,0.0,0.0,2.9,8.0,0.0,0.0,0.0
2016,1,10,7,15,0.0,0.0,3.05,8.0,0.0,0.0,0.0
2016,1,10,7,30,0.0,0.0,3.2,8.0,0.0,0.0,0.0
2016,1,10,7,45,156.5,15.5,3.4,8.5,29.5,66.28,0.0
2016,1,10,8,0,313.0,31.0,3.6,9.0,59.0,149.27,103.22
2016,1,10,8,15,407.5,40.0,3.7,9.0,97.5,211.13,164.35
2016,1,10,8,30,502.0,49.0,3.8,9.0,136.0,282.22,228.81
2016,1,10,8,45,565.5,54.5,3.9,9.5,177.0,343.45,284.25
2016,1,10,9,0,629.0,60.0,4.0,10.0,218.0,409.32,342.28
2016,1,10,9,15,667.5,64.5,4.0,10.0,256.0,464.24,390.44
2016,1,10,9,30,706.0,69.0,4.0,10.0,294.0,520.6,438.46
2016,1,10,9,45,739.0,70.5,4.0,10.5,329.0,567.8,477.26
2016,1,10,10,0,772.0,72.0,4.0,11.0,364.0,618.27,517.47
2016,1,10,10,15,595.5,112.0,3.85,11.0,347.5,569.64,476.07
2016,1,10,10,30,419.0,152.0,3.7,11.0,331.0,500.27,417.72
2016,1,10,10,45,313.0,177.5,3.6,11.5,315.5,448.98,373.89
2016,1,10,11,0,207.0,203.0,3.5,12.0,300.0,391.87,324.71
2016,1,10,11,15,181.5,212.0,3.3,12.0,298.5,385.74,318.82
2016,1,10,11,30,156.0,221.0,3.1,12.0,297.0,378.27,311.62
2016,1,10,11,45,275.5,208.0,2.95,12.5,345.5,474.61,390.32
2016,1,10,12,0,395.0,195.0,2.8,13.0,394.0,559.13,457.27
2016,1,10,12,15,267.5,212.0,2.75,13.0,346.5,475.23,388.29
2016,1,10,12,30,140.0,229.0,2.7,13.0,299.0,377.03,307.77
2016,1,10,12,45,81.5,209.5,2.65,13.0,250.5,291.54,238.34
2016,1,10,13,0,23.0,190.0,2.6,13.0,202.0,208.39,169.24
2016,1,10,13,15,24.0,186.0,2.55,13.0,198.0,204.93,166.76
2016,1,10,13,30,25.0,182.0,2.5,13.0,194.0,201.51,164.12
2016,1,10,13,45,12.5,158.5,2.5,13.0,164.5,166.06,134.67
2016,1,10,14,0,0.0,135.0,2.5,13.0,135.0,131.59,105.83
2016,1,10,14,15,0.0,108.5,2.45,13.0,108.5,103.94,82.87
2016,1,10,14,30,0.0,82.0,2.4,13.0,82.0,76.97,60.23
2016,1,10,14,45,0.0,75.0,2.4,13.0,75.0,70.2,54.58
2016,1,10,15,0,0.0,68.0,2.4,13.0,68.0,63.46,48.89
2016,1,10,15,15,0.0,59.5,2.3,12.5,59.5,55.33,42.05
2016,1,10,15,30,0.0,51.0,2.2,12.0,51.0,47.4,35.28
2016,1,10,15,45,0.0,42.0,2.15,11.5,42.0,39.01,28.01
2016,1,10,16,0,0.0,33.0,2.1,11.0,33.0,30.63,20.65
2016,1,10,16,15,0.0,24.0,2.15,10.5,24.0,22.26,13.23
2016,1,10,16,30,0.0,15.0,2.2,10.0,15.0,13.9,5.64
2016,1,10,16,45,0.0,7.5,2.3,10.0,7.5,6.94,0.0
2016,1,10,17,0,0.0,0.0,2.4,10.0,0.0,0.0,0.0
2016,1,10,17,15,0.0,0.0,2.45,10.0,0.0,0.0,0.0
2016,1,10,17,30,0.0,0.0,2.5,10.0,0.0,0.0,0.0
2016,1,10,17,45,0.0,0.0,2.65,10.0,0.0,0.0,0.0
2016,1,10,18,0,0.0,0.0,2.8,10.0,0.0,0.0,0.0
2016,1,10,18,15,0.0,0.0,2.9,10.0,0.0,0.0,0.0
2016,1,10,18,30,0.0,0.0,3.0,10.0,0.0,0.0,0.0
2016,1,10,18,45,0.0,0.0,3.15,10.0,0.0,0.0,0.0
2016,1,10,19,0,0.0,0.0,3.3,10.0,0.0,0.0,0.0
2016,1,10,19,15,0.0,0.0,3.35,10.0,0.0,0.0,0.0
2016,1,10,19,30,0.0,0.0,3.4,10.0,0.0,0.0,0.0
2016,1,10,19,45,0.0,0.0,3.45,10.0,0.0,0.0,0.0
2016,1,10,20,0,0.0,0.0,3.5,10.0,0.0,0.0,0.0
2016,1,10,20,15,0.0,0.0,3.5,10.0,0.0,0.0,0.0
2016,1,10,20,30,0.0,0.0,3.5,10.0,0.0,0.0,0.0
2016,1,10,20,45,0.0,0.0,3.5,10.0,0.0,0.0,0.0
2016,1,10,21,0,0.0,0.0,3.5,10.0,0.0,0.0,0.0
2016,1,10,21,15,0.0,0.0,3.45,10.0,0.0,0.0,0.0
2016,1,10,21,30,0.0,0.0,3.4,10.0,0.0,0.0,0.0
2016,1,10,21,45,0.0,0.0,3.4,10.0,0.0,0.0,0.0
2016,1,10,22,0,0.0,0.0,3.4,10.0,0.0,0.0,0.0
2016,1,10,22,15,0.0,0.0,3.35,10.0,0.0,0.0,0.0
2016,1,10,22,30,0.0,0.0,3.3,10.0,0.0,0.0,0.0
2016,1,10,22,45,0.0,0.0,3.3,10.0,0.0,0.0,0.0
2016,1,10,23,0,0.0,0.0,3.3,10.0,0.0,0.0,0.0
2016,1,10,23,15,0.0,0.0,3.25,10.0,0.0,0.0,0.0
2016,1,10,23,30,0.0,0.0,3.2,10.0,0.0,0.0,0.0
2016,1,10,23,45,0.0,0.0,3.2,10.0,0.0,0.0,0.0
2016,1,11,0,0,0.0,0.0,3.2,10.0,0.0,0.0,0.0
2016,1,11,0,15,0.0,0.0,3.15,10.0,0.0,0.0,0.0
2016,1,11,0,30,0.0,0.0,3.1,10.0,0.0,0.0,0.0
2016,1,11,0,45,0.0,0.0,3.1,10.0,0.0,0.0,0.0
2016,1,11,1,0,0.0,0.0,3.1,10.0,0.0,0.0,0.0
2016,1,11,1,15,0.0,0.0,3.1,10.0,0.0,0.0,0.0
2016,1,11,1,30,0.0,0.0,3.1,10.0,0.0,0.0,0.0
2016,1,11,1,45,0.0,0.0,3.1,10.0,0.0,0.0,0.0
2016,1,11,2,0,0.0,0.0,3.1,10.0,0.0,0.0,0.0
2016,1,11,2,15,0.0,0.0,3.1,10.0,0.0,0.0,0.0
2016,1,11,2,30,0.0,0.0,3.1,10.0,0.0,0.0,0.0
2016,1,11,2,45,0.0,0.0,3.1,10.0,0.0,0.0,0.0
2016,1,11,3,0,0.0,0.0,3.1,10.0,0.0,0.0,0.0
2016,1,11,3,15,0.0,0.0,3.1,10.0,0.0,0.0,0.0
2016,1,11,3,30,0.0,0.0,3.1,10.0,0.0,0.0,0.0
2016,1,11,3,45,0.0,0.0,3.15,10.0,0.0,0.0,0.0
2016,1,11,4,0,0.0,0.0,3.2,10.0,0.0,0.0,0.0
2016,1,11,4,15,0.0,0.0,3.2,10.0,0.0,0.0,0.0
2016,1,11,4,30,0.0,0.0,3.2,10.0,0.0,0.0,0.0
2016,1,11,4,45,0.0,0.0,3.2,10.0,0.0,0.0,0.0
2016,1,11,5,0,0.0,0.0,3.2,10.0,0.0,0.0,0.0
2016,1,11,5,15,0.0,0.0,3.2,10.0,0.0,0.0,0.0
2016,1,11,5,30,0.0,0.0,3.2,10.0,0.0,0.0,0.0
2016,1,11,5,45,0.0,0.0,3.2,10.0,0.0,0.0,0.0
2016,1,11,6,0,0.0,0.0,3.2,10.0,0.0,0.0,0.0
2016,1,11,6,15,0.0,0.0,3.2,10.0,0.0,0.0,0.0
2016,1,11,6,30,0.0,0.0,3.2,10.0,0.0,0.0,0.0
2016,1,11,6,45,0.0,0.0,3.2,10.0,0.0,0.0,0.0
2016,1,11,7,0,0.0,0.0,3.2,10.0,0.0,0.0,0.0
2016,1,11,7,15,0.0,0.0,3.15,10.0,0.0,0.0,0.0
2016,1,11,7,30,0.0,0.0,3.1,10.0,0.0,0.0,0.0
2016,1,11,7,45,45.5,16.0,3.1,10.0,20.0,32.63,0.0
2016,1,11,8,0,91.0,32.0,3.1,10.0,40.0,73.48,49.61
2016,1,11,8,15,123.0,48.5,3.15,10.0,66.0,108.9,83.84
2016,1,11,8,30,155.0,65.0,3.2,10.0,92.0,147.28,118.55
2016,1,11,8,45,173.0,81.5,3.25,10.5,119.0,182.06,149.77
2016,1,11,9,0,191.0,98.0,3.3,11.0,146.0,218.24,181.59
2016,1,11,9,15,202.0,113.5,3.25,11.0,172.0,250.55,209.8
2016,1,11,9,30,213.0,129.0,3.2,11.0,198.0,283.38,237.86
2016,1,11,9,45,222.5,142.5,3.15,11.0,221.0,313.18,262.89
2016,1,11,10,0,232.0,156.0,3.1,11.0,244.0,343.14,287.61
2016,1,11,10,15,176.0,171.5,3.0,11.0,241.0,318.62,266.22
2016,1,11,10,30,120.0,187.0,2.9,11.0,238.0,300.73,249.94
2016,1,11,10,45,61.0,172.5,2.85,11.5,198.5,228.9,188.96
2016,1,11,11,0,2.0,158.0,2.8,12.0,159.0,156.97,127.13
2016,1,11,11,15,1.0,156.0,2.75,12.0,156.5,153.53,124.23
2016,1,11,11,30,0.0,154.0,2.7,12.0,154.0,150.23,121.33
2016,1,11,11,45,4.0,165.5,2.65,12.5,167.5,165.66,133.96
2016,1,11,12,0,8.0,177.0,2.6,13.0,181.0,181.34,146.67
2016,1,11,12,15,30.0,195.5,2.55,13.0,211.0,232.06,188.88
2016,1,11,12,30,52.0,214.0,2.5,13.0,241.0,272.66,222.33
2016,1,11,12,45,27.0,188.5,2.45,13.5,202.5,221.3,179.44
2016,1,11,13,0,2.0,163.0,2.4,14.0,164.0,161.46,129.51
2016,1,11,13,15,38.0,183.5,2.35,14.0,201.5,224.43,182.55
2016,1,11,13,30,74.0,204.0,2.3,14.0,239.0,277.76,226.71
2016,1,11,13,45,83.0,196.0,2.25,14.0,234.0,274.45,224.3
2016,1,11,14,0,92.0,188.0,2.2,14.0,229.0,270.68,221.7
2016,1,11,14,15,431.5,129.0,2.1,14.0,299.0,474.33,391.47
2016,1,11,14,30,771.0,70.0,2.0,14.0,369.0,624.35,510.11
2016,1,11,14,45,749.0,66.5,1.95,14.0,336.5,579.1,473.15
2016,1,11,15,0,727.0,63.0,1.9,14.0,304.0,533.06,436.32
2016,1,11,15,15,692.5,59.5,1.75,13.5,267.0,479.41,392.81
2016,1,11,15,30,658.0,56.0,1.6,13.0,230.0,426.6,348.67
2016,1,11,15,45,606.0,51.0,1.45,13.0,190.0,367.85,297.83
2016,1,11,16,0,554.0,46.0,1.3,13.0,150.0,309.82,246.42
2016,1,11,16,15,471.0,38.5,1.25,12.5,111.0,240.98,186.24
2016,1,11,16,30,388.0,31.0,1.2,12.0,72.0,179.97,130.05
2016,1,11,16,45,247.0,20.5,1.2,12.0,42.0,102.76,38.63
2016,1,11,17,0,106.0,10.0,1.2,12.0,12.0,33.37,0.0
2016,1,11,17,15,53.0,5.0,1.2,12.0,6.0,0.0,0.0
2016,1,11,17,30,0.0,0.0,1.2,12.0,0.0,0.0,0.0
2016,1,11,17,45,0.0,0.0,1.25,12.0,0.0,0.0,0.0
2016,1,11,18,0,0.0,0.0,1.3,12.0,0.0,0.0,0.0
2016,1,11,18,15,0.0,0.0,1.4,11.5,0.0,0.0,0.0
2016,1,11,18,30,0.0,0.0,1.5,11.0,0.0,0.0,0.0
2016,1,11,18,45,0.0,0.0,1.6,11.0,0.0,0.0,0.0
2016,1,11,19,0,0.0,0.0,1.7,11.0,0.0,0.0,0.0
2016,1,11,19,15,0.0,0.0,1.8,11.0,0.0,0.0,0.0
2016,1,11,19,30,0.0,0.0,1.9,11.0,0.0,0.0,0.0
2016,1,11,19,45,0.0,0.0,2.0,11.0,0.0,0.0,0.0
2016,1,11,20,0,0.0,0.0,2.1,11.0,0.0,0.0,0.0
2016,1,11,20,15,0.0,0.0,2.15,10.5,0.0,0.0,0.0
2016,1,11,20,30,0.0,0.0,2.2,10.0,0.0,0.0,0.0
2016,1,11,20,45,0.0,0.0,2.25,10.0,0.0,0.0,0.0
2016,1,11,21,0,0.0,0.0,2.3,10.0,0.0,0.0,0.0
2016,1,11,21,15,0.0,0.0,2.4,10.0,0.0,0.0,0.0
2016,1,11,21,30,0.0,0.0,2.5,10.0,0.0,0.0,0.0
2016,1,11,21,45,0.0,0.0,2.65,10.0,0.0,0.0,0.0
2016,1,11,22,0,0.0,0.0,2.8,10.0,0.0,0.0,0.0
2016,1,11,22,15,0.0,0.0,2.9,9.5,0.0,0.0,0.0
2016,1,11,22,30,0.0,0.0,3.0,9.0,0.0,0.0,0.0
2016,1,11,22,45,0.0,0.0,3.2,9.0,0.0,0.0,0.0
2016,1,11,23,0,0.0,0.0,3.4,9.0,0.0,0.0,0.0
2016,1,11,23,15,0.0,0.0,3.45,9.0,0.0,0.0,0.0
2016,1,11,23,30,0.0,0.0,3.5,9.0,0.0,0.0,0.0
2016,1,11,23,45,0.0,0.0,3.55,9.0,0.0,0.0,0.0
2016,1,12,0,0,0.0,0.0,3.6,9.0,0.0,0.0,0.0
2016,1,12,0,15,0.0,0.0,3.35,8.5,0.0,0.0,0.0
2016,1,12,0,30,0.0,0.0,3.1,8.0,0.0,0.0,0.0
2016,1,12,0,45,0.0,0.0,2.9,8.0,0.0,0.0,0.0
2016,1,12,1,0,0.0,0.0,2.7,8.0,0.0,0.0,0.0
2016,1,12,1,15,0.0,0.0,2.4,8.0,0.0,0.0,0.0
2016,1,12,1,30,0.0,0.0,2.1,8.0,0.0,0.0,0.0
2016,1,12,1,45,0.0,0.0,1.85,8.0,0.0,0.0,0.0
2016,1,12,2,0,0.0,0.0,1.6,8.0,0.0,0.0,0.0
2016,1,12,2,15,0.0,0.0,1.7,8.0,0.0,0.0,0.0
2016,1,12,2,30,0.0,0.0,1.8,8.0,0.0,0.0,0.0
2016,1,12,2,45,0.0,0.0,1.9,8.5,0.0,0.0,0.0
2016,1,12,3,0,0.0,0.0,2.0,9.0,0.0,0.0,0.0
2016,1,12,3,15,0.0,0.0,2.4,9.0,0.0,0.0,0.0
2016,1,12,3,30,0.0,0.0,2.8,9.0,0.0,0.0,0.0
2016,1,12,3,45,0.0,0.0,3.25,9.0,0.0,0.0,0.0
2016,1,12,4,0,0.0,0.0,3.7,9.0,0.0,0.0,0.0
2016,1,12,4,15,0.0,0.0,3.9,8.5,0.0,0.0,0.0
2016,1,12,4,30,0.0,0.0,4.1,8.0,0.0,0.0,0.0
2016,1,12,4,45,0.0,0.0,4.35,8.0,0.0,0.0,0.0
2016,1,12,5,0,0.0,0.0,4.6,8.0,0.0,0.0,0.0
2016,1,12,5,15,0.0,0.0,4.6,8.0,0.0,0.0,0.0
2016,1,12,5,30,0.0,0.0,4.6,8.0,0.0,0.0,0.0
2016,1,12,5,45,0.0,0.0,4.65,8.0,0.0,0.0,0.0
2016,1,12,6,0,0.0,0.0,4.7,8.0,0.0,0.0,0.0
2016,1,12,6,15,0.0,0.0,4.45,8.0,0.0,0.0,0.0
2016,1,12,6,30,0.0,0.0,4.2,8.0,0.0,0.0,0.0
2016,1,12,6,45,0.0,0.0,4.0,8.0,0.0,0.0,0.0
2016,1,12,7,0,0.0,0.0,3.8,8.0,0.0,0.0,0.0
2016,1,12,7,15,0.0,0.0,3.75,8.0,0.0,0.0,0.0
2016,1,12,7,30,0.0,0.0,3.7,8.0,0.0,0.0,0.0
2016,1,12,7,45,181.0,14.0,3.65,8.5,30.5,70.75,0.0
2016,1,12,8,0,362.0,28.0,3.6,9.0,61.0,161.22,112.06
2016,1,12,8,15,453.0,36.0,3.5,9.0,100.5,222.97,173.46
2016,1,12,8,30,544.0,44.0,3.4,9.0,140.0,293.7,237.8
2016,1,12,8,45,601.0,49.5,3.35,9.5,180.5,353.78,292.26
2016,1,12,9,0,658.0,55.0,3.3,10.0,221.0,415.15,346.35
2016,1,12,9,15,499.0,86.5,3.15,10.0,224.0,395.17,331.84
2016,1,12,9,30,340.0,118.0,3.0,10.0,227.0,355.25,299.01
2016,1,12,9,45,355.0,128.5,2.95,10.5,253.5,390.57,328.31
2016,1,12,10,0,370.0,139.0,2.9,11.0,280.0,425.93,356.62
2016,1,12,10,15,454.0,134.0,2.95,11.5,320.5,491.68,410.1
2016,1,12,10,30,538.0,129.0,3.0,12.0,361.0,560.74,464.95
2016,1,12,10,45,454.5,155.5,3.05,12.5,358.0,542.76,447.82
2016,1,12,11,0,371.0,182.0,3.1,13.0,355.0,506.33,416.81
2016,1,12,11,15,458.5,168.5,3.1,13.0,390.0,580.09,475.95
2016,1,12,11,30,546.0,155.0,3.1,13.0,425.0,642.16,524.84
2016,1,12,11,45,503.0,169.0,3.15,13.0,421.0,629.24,513.51
2016,1,12,12,0,460.0,183.0,3.2,13.0,417.0,613.37,500.38
2016,1,12,12,15,434.0,189.0,3.2,13.0,410.5,599.99,489.54
2016,1,12,12,30,408.0,195.0,3.2,13.0,404.0,584.7,477.23
2016,1,12,12,45,299.5,209.5,3.25,13.5,361.5,497.37,406.63
2016,1,12,13,0,191.0,224.0,3.3,14.0,319.0,410.91,335.82
2016,1,12,13,15,238.5,212.0,3.3,14.0,327.5,445.12,364.58
2016,1,12,13,30,286.0,200.0,3.3,14.0,336.0,464.08,380.84
2016,1,12,13,45,258.5,193.5,3.35,14.0,312.5,429.55,353.22
2016,1,12,14,0,231.0,187.0,3.4,14.0,289.0,395.39,325.86
2016,1,12,14,15,115.5,160.5,3.45,14.0,212.0,263.31,217.16
2016,1,12,14,30,0.0,134.0,3.5,14.0,135.0,131.99,106.03
2016,1,12,14,45,0.0,122.0,3.6,14.0,122.5,119.91,96.25
2016,1,12,15,0,0.0,110.0,3.7,14.0,110.0,107.94,86.31
2016,1,12,15,15,0.0,96.5,3.75,13.5,96.5,94.4,75.07
2016,1,12,15,30,0.0,83.0,3.8,13.0,83.0,80.94,63.73
2016,1,12,15,45,0.0,68.5,3.9,13.0,68.5,66.41,51.19
2016,1,12,16,0,0.0,54.0,4.0,13.0,54.0,51.91,38.54
2016,1,12,16,15,0.0,40.0,4.1,12.5,40.0,37.95,26.31
2016,1,12,16,30,0.0,26.0,4.2,12.0,26.0,24.14,14.02
2016,1,12,16,45,0.0,15.0,4.3,12.0,15.0,13.91,1.85
2016,1,12,17,0,0.0,4.0,4.4,12.0,4.0,3.81,0.0
2016,1,12,17,15,0.0,2.0,4.5,12.0,2.0,0.0,0.0
2016,1,12,17,30,0.0,0.0,4.6,12.0,0.0,0.0,0.0
2016,1,12,17,45,0.0,0.0,4.75,12.0,0.0,0.0,0.0
2016,1,12,18,0,0.0,0.0,4.9,12.0,0.0,0.0,0.0
2016,1,12,18,15,0.0,0.0,5.05,12.0,0.0,0.0,0.0
2016,1,12,18,30,0.0,0.0,5.2,12.0,0.0,0.0,0.0
2016,1,12,18,45,0.0,0.0,5.35,12.0,0.0,0.0,0.0
2016,1,12,19,0,0.0,0.0,5.5,12.0,0.0,0.0,0.0
2016,1,12,19,15,0.0,0.0,5.65,12.0,0.0,0.0,0.0
2016,1,12,19,30,0.0,0.0,5.8,12.0,0.0,0.0,0.0
2016,1,12,19,45,0.0,0.0,5.95,12.0,0.0,0.0,0.0
2016,1,12,20,0,0.0,0.0,6.1,12.0,0.0,0.0,0.0
2016,1,12,20,15,0.0,0.0,6.2,12.0,0.0,0.0,0.0
2016,1,12,20,30,0.0,0.0,6.3,12.0,0.0,0.0,0.0
2016,1,12,20,45,0.0,0.0,6.4,12.0,0.0,0.0,0.0
2016,1,12,21,0,0.0,0.0,6.5,12.0,0.0,0.0,0.0
2016,1,12,21,15,0.0,0.0,6.7,12.0,0.0,0.0,0.0
2016,1,12,21,30,0.0,0.0,6.9,12.0,0.0,0.0,0.0
2016,1,12,21,45,0.0,0.0,7.1,12.0,0.0,0.0,0.0
2016,1,12,22,0,0.0,0.0,7.3,12.0,0.0,0.0,0.0
2016,1,12,22,15,0.0,0.0,7.6,12.0,0.0,0.0,0.0
2016,1,12,22,30,0.0,0.0,7.9,12.0,0.0,0.0,0.0
2016,1,12,22,45,0.0,0.0,8.2,12.5,0.0,0.0,0.0
2016,1,12,23,0,0.0,0.0,8.5,13.0,0.0,0.0,0.0
2016,1,12,23,15,0.0,0.0,8.55,13.0,0.0,0.0,0.0
2016,1,12,23,30,0.0,0.0,8.6,13.0,0.0,0.0,0.0
2016,1,12,23,45,0.0,0.0,8.65,13.0,0.0,0.0,0.0
2016,1,13,0,0,0.0,0.0,8.7,13.0,0.0,0.0,0.0
2016,1,13,0,15,0.0,0.0,8.6,13.0,0.0,0.0,0.0
2016,1,13,0,30,0.0,0.0,8.5,13.0,0.0,0.0,0.0
2016,1,13,0,45,0.0,0.0,8.45,13.0,0.0,0.0,0.0
2016,1,13,1,0,0.0,0.0,8.4,13.0,0.0,0.0,0.0
2016,1,13,1,15,0.0,0.0,8.3,13.0,0.0,0.0,0.0
2016,1,13,1,30,0.0,0.0,8.2,13.0,0.0,0.0,0.0
2016,1,13,1,45,0.0,0.0,8.15,13.0,0.0,0.0,0.0
2016,1,13,2,0,0.0,0.0,8.1,13.0,0.0,0.0,0.0
2016,1,13,2,15,0.0,0.0,7.9,13.0,0.0,0.0,0.0
2016,1,13,2,30,0.0,0.0,7.7,13.0,0.0,0.0,0.0
2016,1,13,2,45,0.0,0.0,7.5,13.0,0.0,0.0,0.0
2016,1,13,3,0,0.0,0.0,7.3,13.0,0.0,0.0,0.0
2016,1,13,3,15,0.0,0.0,7.1,13.0,0.0,0.0,0.0
2016,1,13,3,30,0.0,0.0,6.9,13.0,0.0,0.0,0.0
2016,1,13,3,45,0.0,0.0,6.7,13.0,0.0,0.0,0.0
2016,1,13,4,0,0.0,0.0,6.5,13.0,0.0,0.0,0.0
2016,1,13,4,15,0.0,0.0,6.3,12.5,0.0,0.0,0.0
2016,1,13,4,30,0.0,0.0,6.1,12.0,0.0,0.0,0.0
2016,1,13,4,45,0.0,0.0,5.95,12.0,0.0,0.0,0.0
2016,1,13,5,0,0.0,0.0,5.8,12.0,0.0,0.0,0.0
2016,1,13,5,15,0.0,0.0,5.65,12.0,0.0,0.0,0.0
2016,1,13,5,30,0.0,0.0,5.5,12.0,0.0,0.0,0.0
2016,1,13,5,45,0.0,0.0,5.4,12.0,0.0,0.0,0.0
2016,1,13,6,0,0.0,0.0,5.3,12.0,0.0,0.0,0.0
2016,1,13,6,15,0.0,0.0,5.2,12.0,0.0,0.0,0.0
2016,1,13,6,30,0.0,0.0,5.1,12.0,0.0,0.0,0.0
2016,1,13,6,45,0.0,0.0,5.1,12.0,0.0,0.0,0.0
2016,1,13,7,0,0.0,0.0,5.1,12.0,0.0,0.0,0.0
2016,1,13,7,15,0.0,0.0,5.25,12.0,0.0,0.0,0.0
2016,1,13,7,30,0.0,0.0,5.4,12.0,0.0,0.0,0.0
2016,1,13,7,45,143.0,16.5,5.6,12.5,30.0,63.79,0.0
2016,1,13,8,0,286.0,33.0,5.8,13.0,60.0,142.0,97.94
2016,1,13,8,15,384.5,42.5,5.9,13.0,98.5,204.64,157.79
2016,1,13,8,30,483.0,52.0,6.0,13.0,137.0,276.96,222.61
2016,1,13,8,45,543.0,58.5,6.15,13.0,177.5,337.06,277.42
2016,1,13,9,0,603.0,65.0,6.3,13.0,218.0,401.57,335.03
2016,1,13,9,15,643.5,70.0,6.4,13.0,257.0,457.42,384.39
2016,1,13,9,30,684.0,75.0,6.5,13.0,296.0,514.94,434.02
2016,1,13,9,45,701.5,81.0,6.65,13.5,329.0,560.27,471.76
2016,1,13,10,0,719.0,87.0,6.8,14.0,362.0,604.75,507.89
2016,1,13,10,15,739.0,89.5,6.9,14.0,391.0,645.66,541.46
2016,1,13,10,30,759.0,92.0,7.0,14.0,420.0,685.24,572.56
2016,1,13,10,45,572.0,136.0,7.1,14.0,390.5,609.22,509.62
2016,1,13,11,0,385.0,180.0,7.2,14.0,361.0,515.03,430.23
2016,1,13,11,15,425.0,178.0,7.2,14.0,384.0,564.73,470.83
2016,1,13,11,30,465.0,176.0,7.2,14.0,407.0,601.48,500.74
2016,1,13,11,45,465.0,179.5,7.25,14.0,413.5,610.75,507.9
2016,1,13,12,0,465.0,183.0,7.3,14.0,420.0,618.11,513.64
2016,1,13,12,15,297.0,207.5,7.25,13.5,359.5,494.98,411.89
2016,1,13,12,30,129.0,232.0,7.2,13.0,299.0,371.46,307.59
2016,1,13,12,45,64.5,167.0,7.2,13.0,200.5,226.83,187.38
2016,1,13,13,0,0.0,102.0,7.2,13.0,102.0,96.03,75.82
2016,1,13,13,15,179.0,145.5,7.15,13.0,231.0,317.08,266.49
2016,1,13,13,30,358.0,189.0,7.1,13.0,360.0,507.84,425.75
2016,1,13,13,45,568.5,139.0,7.05,13.0,397.0,616.04,517.26
2016,1,13,14,0,779.0,89.0,7.0,13.0,434.0,701.82,587.66
2016,1,13,14,15,761.5,87.0,6.7,12.5,406.0,668.74,562.1
2016,1,13,14,30,744.0,85.0,6.4,12.0,378.0,630.32,531.71
2016,1,13,14,45,725.5,80.0,6.15,12.0,346.0,586.28,494.92
2016,1,13,15,0,707.0,75.0,5.9,12.0,314.0,541.28,456.69
2016,1,13,15,15,670.5,71.0,5.5,11.5,276.0,486.45,410.0
2016,1,13,15,30,634.0,67.0,5.1,11.0,238.0,432.72,363.14
2016,1,13,15,45,595.0,59.5,4.75,11.0,199.0,375.31,311.59
2016,1,13,16,0,556.0,52.0,4.4,11.0,160.0,320.15,260.82
2016,1,13,16,15,469.0,44.0,4.2,10.5,119.5,248.51,196.61
2016,1,13,16,30,382.0,36.0,4.0,10.0,79.0,184.92,137.77
2016,1,13,16,45,237.5,24.5,3.8,10.0,47.0,106.58,53.14
2016,1,13,17,0,93.0,13.0,3.6,10.0,15.0,33.7,0.0
2016,1,13,17,15,46.5,6.5,3.5,9.5,7.5,0.0,0.0
2016,1,13,17,30,0.0,0.0,3.4,9.0,0.0,0.0,0.0
2016,1,13,17,45,0.0,0.0,3.35,9.0,0.0,0.0,0.0
2016,1,13,18,0,0.0,0.0,3.3,9.0,0.0,0.0,0.0
2016,1,13,18,15,0.0,0.0,3.2,9.0,0.0,0.0,0.0
2016,1,13,18,30,0.0,0.0,3.1,9.0,0.0,0.0,0.0
2016,1,13,18,45,0.0,0.0,3.05,9.0,0.0,0.0,0.0
2016,1,13,19,0,0.0,0.0,3.0,9.0,0.0,0.0,0.0
2016,1,13,19,15,0.0,0.0,2.9,9.0,0.0,0.0,0.0
2016,1,13,19,30,0.0,0.0,2.8,9.0,0.0,0.0,0.0
2016,1,13,19,45,0.0,0.0,2.7,9.0,0.0,0.0,0.0
2016,1,13,20,0,0.0,0.0,2.6,9.0,0.0,0.0,0.0
2016,1,13,20,15,0.0,0.0,2.5,9.0,0.0,0.0,0.0
2016,1,13,20,30,0.0,0.0,2.4,9.0,0.0,0.0,0.0
2016,1,13,20,45,0.0,0.0,2.35,9.0,0.0,0.0,0.0
2016,1,13,21,0,0.0,0.0,2.3,9.0,0.0,0.0,0.0
2016,1,13,21,15,0.0,0.0,2.15,9.0,0.0,0.0,0.0
2016,1,13,21,30,0.0,0.0,2.0,9.0,0.0,0.0,0.0
2016,1,13,21,45,0.0,0.0,1.85,9.0,0.0,0.0,0.0
2016,1,13,22,0,0.0,0.0,1.7,9.0,0.0,0.0,0.0
2016,1,13,22,15,0.0,0.0,1.75,9.0,0.0,0.0,0.0
2016,1,13,22,30,0.0,0.0,1.8,9.0,0.0,0.0,0.0
2016,1,13,22,45,0.0,0.0,1.9,9.0,0.0,0.0,0.0
2016,1,13,23,0,0.0,0.0,2.0,9.0,0.0,0.0,0.0
2016,1,13,23,15,0.0,0.0,1.95,9.0,0.0,0.0,0.0
2016,1,13,23,30,0.0,0.0,1.9,9.0,0.0,0.0,0.0
2016,1,13,23,45,0.0,0.0,1.85,9.0,0.0,0.0,0.0
2016,1,14,0,0,0.0,0.0,1.8,9.0,0.0,0.0,0.0
2016,1,14,0,15,0.0,0.0,1.85,9.0,0.0,0.0,0.0
2016,1,14,0,30,0.0,0.0,1.9,9.0,0.0,0.0,0.0
2016,1,14,0,45,0.0,0.0,2.0,9.0,0.0,0.0,0.0
2016,1,14,1,0,0.0,0.0,2.1,9.0,0.0,0.0,0.0
2016,1,14,1,15,0.0,0.0,2.1,9.0,0.0,0.0,0.0
2016,1,14,1,30,0.0,0.0,2.1,9.0,0.0,0.0,0.0
2016,1,14,1,45,0.0,0.0,2.1,9.0,0.0,0.0,0.0
2016,1,14,2,0,0.0,0.0,2.1,9.0,0.0,0.0,0.0
2016,1,14,2,15,0.0,0.0,2.1,9.0,0.0,0.0,0.0
2016,1,14,2,30,0.0,0.0,2.1,9.0,0.0,0.0,0.0
2016,1,14,2,45,0.0,0.0,2.1,9.0,0.0,0.0,0.0
2016,1,14,3,0,0.0,0.0,2.1,9.0,0.0,0.0,0.0
2016,1,14,3,15,0.0,0.0,2.05,9.0,0.0,0.0,0.0
2016,1,14,3,30,0.0,0.0,2.0,9.0,0.0,0.0,0.0
2016,1,14,3,45,0.0,0.0,1.95,9.0,0.0,0.0,0.0
2016,1,14,4,0,0.0,0.0,1.9,9.0,0.0,0.0,0.0
2016,1,14,4,15,0.0,0.0,1.75,9.0,0.0,0.0,0.0
2016,1,14,4,30,0.0,0.0,1.6,9.0,0.0,0.0,0.0
2016,1,14,4,45,0.0,0.0,1.5,9.0,0.0,0.0,0.0
2016,1,14,5,0,0.0,0.0,1.4,9.0,0.0,0.0,0.0
2016,1,14,5,15,0.0,0.0,1.5,9.0,0.0,0.0,0.0
2016,1,14,5,30,0.0,0.0,1.6,9.0,0.0,0.0,0.0
2016,1,14,5,45,0.0,0.0,1.7,9.0,0.0,0.0,0.0
2016,1,14,6,0,0.0,0.0,1.8,9.0,0.0,0.0,0.0
2016,1,14,6,15,0.0,0.0,1.95,8.5,0.0,0.0,0.0
2016,1,14,6,30,0.0,0.0,2.1,8.0,0.0,0.0,0.0
2016,1,14,6,45,0.0,0.0,2.25,8.0,0.0,0.0,0.0
2016,1,14,7,0,0.0,0.0,2.4,8.0,0.0,0.0,0.0
2016,1,14,7,15,0.0,0.0,2.5,8.5,0.0,0.0,0.0
2016,1,14,7,30,0.0,0.0,2.6,9.0,0.0,0.0,0.0
2016,1,14,7,45,37.0,16.5,2.75,9.5,20.0,28.23,0.0
2016,1,14,8,0,74.0,33.0,2.9,10.0,40.0,68.97,47.06
2016,1,14,8,15,97.0,50.5,3.1,10.0,64.5,95.7,73.39
2016,1,14,8,30,120.0,68.0,3.3,10.0,89.0,129.65,104.08
2016,1,14,8,45,133.0,85.0,3.5,10.5,114.0,160.3,131.6
2016,1,14,9,0,146.0,102.0,3.7,11.0,139.0,192.0,159.5
2016,1,14,9,15,153.0,118.5,3.85,11.0,163.0,220.67,184.6
2016,1,14,9,30,160.0,135.0,4.0,11.0,187.0,249.68,209.55
2016,1,14,9,45,165.0,149.0,4.2,11.0,207.5,274.56,230.71
2016,1,14,10,0,170.0,163.0,4.4,11.0,228.0,299.5,251.65
2016,1,14,10,15,192.0,174.5,4.55,11.0,253.5,333.29,280.04
2016,1,14,10,30,214.0,186.0,4.7,11.0,279.0,367.98,308.92
2016,1,14,10,45,199.0,198.0,4.85,11.5,288.0,375.84,314.19
2016,1,14,11,0,184.0,210.0,5.0,12.0,297.0,382.44,318.41
2016,1,14,11,15,127.0,213.5,5.2,12.0,274.5,343.87,285.35
2016,1,14,11,30,70.0,217.0,5.4,12.0,252.0,290.43,239.91
2016,1,14,11,45,68.5,220.5,5.65,12.0,255.5,293.65,242.6
2016,1,14,12,0,67.0,224.0,5.9,12.0,259.0,296.79,245.15
2016,1,14,12,15,42.0,208.5,6.1,12.0,230.5,257.13,211.74
2016,1,14,12,30,17.0,193.0,6.3,12.0,202.0,206.03,168.65
2016,1,14,12,45,28.0,199.5,6.5,12.0,214.5,234.73,193.02
2016,1,14,13,0,39.0,206.0,6.7,12.0,227.0,251.71,207.58
2016,1,14,13,15,19.5,156.5,6.75,12.0,167.0,168.52,137.86
2016,1,14,13,30,0.0,107.0,6.8,12.0,107.0,101.27,80.69
2016,1,14,13,45,0.0,94.5,6.85,12.0,94.5,88.79,70.24
2016,1,14,14,0,0.0,82.0,6.9,12.0,82.0,76.45,59.84
2016,1,14,14,15,0.0,99.0,6.75,11.5,99.0,93.83,74.89
2016,1,14,14,30,0.0,116.0,6.6,11.0,116.0,112.15,90.78
2016,1,14,14,45,0.0,105.0,6.5,11.0,105.0,101.17,81.53
2016,1,14,15,0,0.0,94.0,6.4,11.0,94.0,90.27,72.3
2016,1,14,15,15,0.0,82.5,6.3,11.0,82.5,78.91,62.58
2016,1,14,15,30,0.0,71.0,6.2,11.0,71.0,67.6,52.82
2016,1,14,15,45,0.0,58.5,6.15,11.0,58.5,55.27,42.08
2016,1,14,16,0,0.0,46.0,6.1,11.0,46.0,42.97,31.26
2016,1,14,16,15,0.0,34.0,6.1,11.0,34.0,31.58,21.16
2016,1,14,16,30,0.0,22.0,6.1,11.0,22.0,20.41,11.18
2016,1,14,16,45,0.0,13.0,6.2,11.0,13.0,12.05,2.06
2016,1,14,17,0,0.0,4.0,6.3,11.0,4.0,3.81,0.0
2016,1,14,17,15,0.0,2.0,6.35,11.0,2.0,0.0,0.0
2016,1,14,17,30,0.0,0.0,6.4,11.0,0.0,0.0,0.0
2016,1,14,17,45,0.0,0.0,6.45,11.0,0.0,0.0,0.0
2016,1,14,18,0,0.0,0.0,6.5,11.0,0.0,0.0,0.0
2016,1,14,18,15,0.0,0.0,6.5,11.0,0.0,0.0,0.0
2016,1,14,18,30,0.0,0.0,6.5,11.0,0.0,0.0,0.0
2016,1,14,18,45,0.0,0.0,6.5,11.5,0.0,0.0,0.0
2016,1,14,19,0,0.0,0.0,6.5,12.0,0.0,0.0,0.0
2016,1,14,19,15,0.0,0.0,6.4,12.0,0.0,0.0,0.0
2016,1,14,19,30,0.0,0.0,6.3,12.0,0.0,0.0,0.0
2016,1,14,19,45,0.0,0.0,6.2,12.0,0.0,0.0,0.0
2016,1,14,20,0,0.0,0.0,6.1,12.0,0.0,0.0,0.0
2016,1,14,20,15,0.0,0.0,5.95,12.0,0.0,0.0,0.0
2016,1,14,20,30,0.0,0.0,5.8,12.0,0.0,0.0,0.0
2016,1,14,20,45,0.0,0.0,5.65,12.0,0.0,0.0,0.0
2016,1,14,21,0,0.0,0.0,5.5,12.0,0.0,0.0,0.0
2016,1,14,21,15,0.0,0.0,5.15,12.0,0.0,0.0,0.0
2016,1,14,21,30,0.0,0.0,4.8,12.0,0.0,0.0,0.0
2016,1,14,21,45,0.0,0.0,4.5,12.0,0.0,0.0,0.0
2016,1,14,22,0,0.0,0.0,4.2,12.0,0.0,0.0,0.0
2016,1,14,22,15,0.0,0.0,4.05,11.5,0.0,0.0,0.0
2016,1,14,22,30,0.0,0.0,3.9,11.0,0.0,0.0,0.0
2016,1,14,22,45,0.0,0.0,3.75,11.0,0.0,0.0,0.0
2016,1,14,23,0,0.0,0.0,3.6,11.0,0.0,0.0,0.0
2016,1,14,23,15,0.0,0.0,3.5,11.0,0.0,0.0,0.0
2016,1,14,23,30,0.0,0.0,3.4,11.0,0.0,0.0,0.0
2016,1,14,23,45,0.0,0.0,3.35,11.0,0.0,0.0,0.0
2016,1,15,0,0,0.0,0.0,3.3,11.0,0.0,0.0,0.0
2016,1,15,0,15,0.0,0.0,3.15,10.5,0.0,0.0,0.0
2016,1,15,0,30,0.0,0.0,3.0,10.0,0.0,0.0,0.0
2016,1,15,0,45,0.0,0.0,2.95,10.0,0.0,0.0,0.0
2016,1,15,1,0,0.0,0.0,2.9,10.0,0.0,0.0,0.0
2016,1,15,1,15,0.0,0.0,2.85,10.0,0.0,0.0,0.0
2016,1,15,1,30,0.0,0.0,2.8,10.0,0.0,0.0,0.0
2016,1,15,1,45,0.0,0.0,2.75,10.0,0.0,0.0,0.0
2016,1,15,2,0,0.0,0.0,2.7,10.0,0.0,0.0,0.0
2016,1,15,2,15,0.0,0.0,2.55,10.0,0.0,0.0,0.0
2016,1,15,2,30,0.0,0.0,2.4,10.0,0.0,0.0,0.0
2016,1,15,2,45,0.0,0.0,2.3,10.0,0.0,0.0,0.0
2016,1,15,3,0,0.0,0.0,2.2,10.0,0.0,0.0,0.0
2016,1,15,3,15,0.0,0.0,2.0,10.0,0.0,0.0,0.0
2016,1,15,3,30,0.0,0.0,1.8,10.0,0.0,0.0,0.0
2016,1,15,3,45,0.0,0.0,1.65,10.0,0.0,0.0,0.0
2016,1,15,4,0,0.0,0.0,1.5,10.0,0.0,0.0,0.0
2016,1,15,4,15,0.0,0.0,1.4,10.0,0.0,0.0,0.0
2016,1,15,4,30,0.0,0.0,1.3,10.0,0.0,0.0,0.0
2016,1,15,4,45,0.0,0.0,1.25,10.0,0.0,0.0,0.0
2016,1,15,5,0,0.0,0.0,1.2,10.0,0.0,0.0,0.0
2016,1,15,5,15,0.0,0.0,1.1,10.0,0.0,0.0,0.0
2016,1,15,5,30,0.0,0.0,1.0,10.0,0.0,0.0,0.0
2016,1,15,5,45,0.0,0.0,0.9,10.0,0.0,0.0,0.0
2016,1,15,6,0,0.0,0.0,0.8,10.0,0.0,0.0,0.0
2016,1,15,6,15,0.0,0.0,0.7,10.0,0.0,0.0,0.0
2016,1,15,6,30,0.0,0.0,0.6,10.0,0.0,0.0,0.0
2016,1,15,6,45,0.0,0.0,0.55,10.0,0.0,0.0,0.0
2016,1,15,7,0,0.0,0.0,0.5,10.0,0.0,0.0,0.0
2016,1,15,7,15,0.0,0.0,0.45,10.0,0.0,0.0,0.0
2016,1,15,7,30,0.0,0.0,0.4,10.0,0.0,0.0,0.0
2016,1,15,7,45,158.0,16.0,0.4,10.5,31.0,67.2,0.0
2016,1,15,8,0,316.0,32.0,0.4,11.0,62.0,150.26,104.48
2016,1,15,8,15,409.0,40.5,0.55,11.0,100.5,211.33,161.97
2016,1,15,8,30,502.0,49.0,0.7,11.0,139.0,281.51,223.67
2016,1,15,8,45,560.0,55.5,0.9,11.0,179.5,341.56,276.94
2016,1,15,9,0,618.0,62.0,1.1,11.0,220.0,405.9,332.63
2016,1,15,9,15,656.5,66.0,1.3,11.0,258.5,460.19,379.18
2016,1,15,9,30,695.0,70.0,1.5,11.0,297.0,515.98,425.82
2016,1,15,9,45,690.0,75.5,1.7,11.5,321.0,546.97,451.11
2016,1,15,10,0,685.0,81.0,1.9,12.0,345.0,575.49,473.85
2016,1,15,10,15,641.0,99.5,1.95,12.0,361.5,589.4,484.1
2016,1,15,10,30,597.0,118.0,2.0,12.0,378.0,597.71,489.77
2016,1,15,10,45,599.0,124.5,2.15,12.0,397.0,622.8,509.46
2016,1,15,11,0,601.0,131.0,2.3,12.0,416.0,645.72,527.17
2016,1,15,11,15,571.0,145.0,2.25,12.0,423.5,643.92,524.53
2016,1,15,11,30,541.0,159.0,2.2,12.0,431.0,644.68,523.8
2016,1,15,11,45,433.5,187.0,2.2,12.5,407.5,594.52,482.17
2016,1,15,12,0,326.0,215.0,2.2,13.0,384.0,527.92,428.21
2016,1,15,12,15,261.0,224.5,2.15,13.0,360.0,486.06,394.5
2016,1,15,12,30,196.0,234.0,2.1,13.0,336.0,429.72,349.24
2016,1,15,12,45,514.0,160.5,2.05,13.0,422.0,632.5,513.12
2016,1,15,13,0,832.0,87.0,2.0,13.0,508.0,804.56,639.91
2016,1,15,13,15,824.0,86.0,1.9,13.0,493.5,786.24,624.47
2016,1,15,13,30,816.0,85.0,1.8,13.0,479.0,764.95,608.93
2016,1,15,13,45,810.0,81.5,1.75,13.0,458.5,739.41,590.81
2016,1,15,14,0,804.0,78.0,1.7,13.0,438.0,711.14,570.67
2016,1,15,14,15,786.0,76.0,1.6,13.0,410.0,673.41,543.03
2016,1,15,14,30,768.0,74.0,1.5,13.0,382.0,633.98,513.95
2016,1,15,14,45,747.0,70.5,1.45,13.0,349.0,589.39,479.75
2016,1,15,15,0,726.0,67.0,1.4,13.0,316.0,543.9,443.85
2016,1,15,15,15,691.0,63.0,1.3,13.0,278.5,489.12,399.44
2016,1,15,15,30,656.0,59.0,1.2,13.0,241.0,438.0,356.7
2016,1,15,15,45,604.0,54.0,1.1,13.0,201.0,376.07,304.25
2016,1,15,16,0,552.0,49.0,1.0,13.0,161.0,317.58,253.24
2016,1,15,16,15,472.0,42.0,1.0,12.5,121.0,249.68,194.49
2016,1,15,16,30,392.0,35.0,1.0,12.0,81.0,189.16,140.2
2016,1,15,16,45,255.0,24.0,1.05,12.0,49.0,113.75,64.84
2016,1,15,17,0,118.0,13.0,1.1,12.0,17.0,39.93,0.0
2016,1,15,17,15,59.0,6.5,1.15,12.0,8.5,0.0,0.0
2016,1,15,17,30,0.0,0.0,1.2,12.0,0.0,0.0,0.0
2016,1,15,17,45,0.0,0.0,1.25,12.0,0.0,0.0,0.0
2016,1,15,18,0,0.0,0.0,1.3,12.0,0.0,0.0,0.0
2016,1,15,18,15,0.0,0.0,1.4,11.5,0.0,0.0,0.0
2016,1,15,18,30,0.0,0.0,1.5,11.0,0.0,0.0,0.0
2016,1,15,18,45,0.0,0.0,1.65,11.0,0.0,0.0,0.0
2016,1,15,19,0,0.0,0.0,1.8,11.0,0.0,0.0,0.0
2016,1,15,19,15,0.0,0.0,1.85,11.0,0.0,0.0,0.0
2016,1,15,19,30,0.0,0.0,1.9,11.0,0.0,0.0,0.0
2016,1,15,19,45,0.0,0.0,2.0,11.0,0.0,0.0,0.0
2016,1,15,20,0,0.0,0.0,2.1,11.0,0.0,0.0,0.0
2016,1,15,20,15,0.0,0.0,2.1,11.0,0.0,0.0,0.0
2016,1,15,20,30,0.0,0.0,2.1,11.0,0.0,0.0,0.0
2016,1,15,20,45,0.0,0.0,2.15,11.0,0.0,0.0,0.0
2016,1,15,21,0,0.0,0.0,2.2,11.0,0.0,0.0,0.0
2016,1,15,21,15,0.0,0.0,2.25,11.0,0.0,0.0,0.0
2016,1,15,21,30,0.0,0.0,2.3,11.0,0.0,0.0,0.0
2016,1,15,21,45,0.0,0.0,2.4,11.0,0.0,0.0,0.0
2016,1,15,22,0,0.0,0.0,2.5,11.0,0.0,0.0,0.0
2016,1,15,22,15,0.0,0.0,2.65,11.0,0.0,0.0,0.0
2016,1,15,22,30,0.0,0.0,2.8,11.0,0.0,0.0,0.0
2016,1,15,22,45,0.0,0.0,3.0,11.0,0.0,0.0,0.0
2016,1,15,23,0,0.0,0.0,3.2,11.0,0.0,0.0,0.0
2016,1,15,23,15,0.0,0.0,3.45,11.0,0.0,0.0,0.0
2016,1,15,23,30,0.0,0.0,3.7,11.0,0.0,0.0,0.0
2016,1,15,23,45,0.0,0.0,3.95,11.0,0.0,0.0,0.0
2016,1,16,0,0,0.0,0.0,4.2,11.0,0.0,0.0,0.0
2016,1,16,0,15,0.0,0.0,4.4,11.0,0.0,0.0,0.0
2016,1,16,0,30,0.0,0.0,4.6,11.0,0.0,0.0,0.0
2016,1,16,0,45,0.0,0.0,4.8,11.0,0.0,0.0,0.0
2016,1,16,1,0,0.0,0.0,5.0,11.0,0.0,0.0,0.0
2016,1,16,1,15,0.0,0.0,5.05,11.0,0.0,0.0,0.0
2016,1,16,1,30,0.0,0.0,5.1,11.0,0.0,0.0,0.0
2016,1,16,1,45,0.0,0.0,5.2,11.0,0.0,0.0,0.0
2016,1,16,2,0,0.0,0.0,5.3,11.0,0.0,0.0,0.0
2016,1,16,2,15,0.0,0.0,5.3,11.0,0.0,0.0,0.0
2016,1,16,2,30,0.0,0.0,5.3,11.0,0.0,0.0,0.0
2016,1,16,2,45,0.0,0.0,5.3,11.0,0.0,0.0,0.0
2016,1,16,3,0,0.0,0.0,5.3,11.0,0.0,0.0,0.0
2016,1,16,3,15,0.0,0.0,5.3,11.0,0.0,0.0,0.0
2016,1,16,3,30,0.0,0.0,5.3,11.0,0.0,0.0,0.0
2016,1,16,3,45,0.0,0.0,5.35,11.0,0.0,0.0,0.0
2016,1,16,4,0,0.0,0.0,5.4,11.0,0.0,0.0,0.0
2016,1,16,4,15,0.0,0.0,5.3,11.0,0.0,0.0,0.0
2016,1,16,4,30,0.0,0.0,5.2,11.0,0.0,0.0,0.0
2016,1,16,4,45,0.0,0.0,5.15,11.0,0.0,0.0,0.0
2016,1,16,5,0,0.0,0.0,5.1,11.0,0.0,0.0,0.0
2016,1,16,5,15,0.0,0.0,4.95,11.0,0.0,0.0,0.0
2016,1,16,5,30,0.0,0.0,4.8,11.0,0.0,0.0,0.0
2016,1,16,5,45,0.0,0.0,4.7,11.0,0.0,0.0,0.0
2016,1,16,6,0,0.0,0.0,4.6,11.0,0.0,0.0,0.0
2016,1,16,6,15,0.0,0.0,4.5,11.0,0.0,0.0,0.0
2016,1,16,6,30,0.0,0.0,4.4,11.0,0.0,0.0,0.0
2016,1,16,6,45,0.0,0.0,4.35,11.5,0.0,0.0,0.0
2016,1,16,7,0,0.0,0.0,4.3,12.0,0.0,0.0,0.0
2016,1,16,7,15,0.0,0.0,4.3,12.0,0.0,0.0,0.0
2016,1,16,7,30,0.0,0.0,4.3,12.0,0.0,0.0,0.0
2016,1,16,7,45,130.0,17.5,4.35,12.0,30.0,60.28,0.0
2016,1,16,8,0,260.0,35.0,4.4,12.0,60.0,135.72,95.2
2016,1,16,8,15,353.0,45.0,4.35,12.0,98.0,195.3,151.22
2016,1,16,8,30,446.0,55.0,4.3,12.0,136.0,264.48,212.93
2016,1,16,8,45,516.5,60.5,4.3,12.5,177.0,326.91,268.47
2016,1,16,9,0,587.0,66.0,4.3,13.0,218.0,394.71,327.31
2016,1,16,9,15,372.5,102.0,4.2,13.0,204.0,340.19,283.81
2016,1,16,9,30,158.0,138.0,4.1,13.0,190.0,251.93,209.58
2016,1,16,9,45,162.0,151.5,4.0,13.5,210.0,275.48,229.09
2016,1,16,10,0,166.0,165.0,3.9,14.0,230.0,299.04,247.96
2016,1,16,10,15,87.0,160.5,3.8,14.0,195.0,231.33,190.61
2016,1,16,10,30,8.0,156.0,3.7,14.0,160.0,160.03,129.33
2016,1,16,10,45,4.0,117.0,3.65,14.5,119.0,114.86,91.4
2016,1,16,11,0,0.0,78.0,3.6,15.0,78.0,72.62,55.73
2016,1,16,11,15,0.0,117.5,3.55,15.0,117.5,111.83,88.43
2016,1,16,11,30,0.0,157.0,3.5,15.0,157.0,152.97,122.29
2016,1,16,11,45,27.5,189.0,3.5,15.0,203.5,221.54,179.25
2016,1,16,12,0,55.0,221.0,3.5,15.0,250.0,282.73,229.32
2016,1,16,12,15,27.5,189.5,3.5,15.0,204.0,222.06,179.28
2016,1,16,12,30,0.0,158.0,3.5,15.0,158.0,153.61,122.49
2016,1,16,12,45,0.0,156.5,3.5,15.0,156.5,152.11,121.4
2016,1,16,13,0,0.0,155.0,3.5,15.0,155.0,150.69,120.3
2016,1,16,13,15,0.0,121.5,3.4,15.0,121.5,115.84,91.6
2016,1,16,13,30,0.0,88.0,3.3,15.0,88.0,82.16,63.67
2016,1,16,13,45,0.0,100.5,3.2,15.0,100.5,94.78,74.33
2016,1,16,14,0,0.0,113.0,3.1,15.0,113.0,107.8,85.3
2016,1,16,14,15,73.0,143.5,3.0,15.0,173.5,201.82,165.54
2016,1,16,14,30,146.0,174.0,2.9,15.0,234.0,298.65,245.77
2016,1,16,14,45,138.0,161.0,2.8,15.0,213.5,273.87,225.2
2016,1,16,15,0,130.0,148.0,2.7,15.0,193.0,249.43,205.09
2016,1,16,15,15,122.5,131.5,2.55,14.5,170.0,221.32,182.02
2016,1,16,15,30,115.0,115.0,2.4,14.0,147.0,193.66,158.89
2016,1,16,15,45,102.0,97.5,2.3,14.0,122.5,162.52,132.11
2016,1,16,16,0,89.0,80.0,2.2,14.0,98.0,132.48,105.88
2016,1,16,16,15,69.0,62.0,2.15,13.5,74.0,100.12,77.67
2016,1,16,16,30,49.0,44.0,2.1,13.0,50.0,69.54,50.72
2016,1,16,16,45,24.5,27.5,2.1,13.0,30.5,36.61,19.49
2016,1,16,17,0,0.0,11.0,2.1,13.0,11.0,10.48,0.0
2016,1,16,17,15,0.0,5.5,2.15,13.0,5.5,5.24,0.0
2016,1,16,17,30,0.0,0.0,2.2,13.0,0.0,0.0,0.0
2016,1,16,17,45,0.0,0.0,2.25,13.0,0.0,0.0,0.0
2016,1,16,18,0,0.0,0.0,2.3,13.0,0.0,0.0,0.0
2016,1,16,18,15,0.0,0.0,2.35,13.0,0.0,0.0,0.0
2016,1,16,18,30,0.0,0.0,2.4,13.0,0.0,0.0,0.0
2016,1,16,18,45,0.0,0.0,2.5,13.0,0.0,0.0,0.0
2016,1,16,19,0,0.0,0.0,2.6,13.0,0.0,0.0,0.0
2016,1,16,19,15,0.0,0.0,2.6,12.5,0.0,0.0,0.0
2016,1,16,19,30,0.0,0.0,2.6,12.0,0.0,0.0,0.0
2016,1,16,19,45,0.0,0.0,2.65,12.0,0.0,0.0,0.0
2016,1,16,20,0,0.0,0.0,2.7,12.0,0.0,0.0,0.0
2016,1,16,20,15,0.0,0.0,2.7,12.0,0.0,0.0,0.0
2016,1,16,20,30,0.0,0.0,2.7,12.0,0.0,0.0,0.0
2016,1,16,20,45,0.0,0.0,2.7,12.0,0.0,0.0,0.0
2016,1,16,21,0,0.0,0.0,2.7,12.0,0.0,0.0,0.0
2016,1,16,21,15,0.0,0.0,2.85,12.0,0.0,0.0,0.0
2016,1,16,21,30,0.0,0.0,3.0,12.0,0.0,0.0,0.0
2016,1,16,21,45,0.0,0.0,3.15,12.0,0.0,0.0,0.0
2016,1,16,22,0,0.0,0.0,3.3,12.0,0.0,0.0,0.0
2016,1,16,22,15,0.0,0.0,3.35,12.0,0.0,0.0,0.0
2016,1,16,22,30,0.0,0.0,3.4,12.0,0.0,0.0,0.0
2016,1,16,22,45,0.0,0.0,3.5,12.0,0.0,0.0,0.0
2016,1,16,23,0,0.0,0.0,3.6,12.0,0.0,0.0,0.0
2016,1,16,23,15,0.0,0.0,3.65,12.0,0.0,0.0,0.0
2016,1,16,23,30,0.0,0.0,3.7,12.0,0.0,0.0,0.0
2016,1,16,23,45,0.0,0.0,3.8,12.0,0.0,0.0,0.0
2016,1,17,0,0,0.0,0.0,3.9,12.0,0.0,0.0,0.0
2016,1,17,0,15,0.0,0.0,3.9,12.0,0.0,0.0,0.0
2016,1,17,0,30,0.0,0.0,3.9,12.0,0.0,0.0,0.0
2016,1,17,0,45,0.0,0.0,3.95,12.5,0.0,0.0,0.0
2016,1,17,1,0,0.0,0.0,4.0,13.0,0.0,0.0,0.0
2016,1,17,1,15,0.0,0.0,3.95,12.5,0.0,0.0,0.0
2016,1,17,1,30,0.0,0.0,3.9,12.0,0.0,0.0,0.0
2016,1,17,1,45,0.0,0.0,3.85,12.0,0.0,0.0,0.0
2016,1,17,2,0,0.0,0.0,3.8,12.0,0.0,0.0,0.0
2016,1,17,2,15,0.0,0.0,3.9,12.0,0.0,0.0,0.0
2016,1,17,2,30,0.0,0.0,4.0,12.0,0.0,0.0,0.0
2016,1,17,2,45,0.0,0.0,4.1,12.5,0.0,0.0,0.0
2016,1,17,3,0,0.0,0.0,4.2,13.0,0.0,0.0,0.0
2016,1,17,3,15,0.0,0.0,4.25,13.0,0.0,0.0,0.0
2016,1,17,3,30,0.0,0.0,4.3,13.0,0.0,0.0,0.0
2016,1,17,3,45,0.0,0.0,4.4,13.0,0.0,0.0,0.0
2016,1,17,4,0,0.0,0.0,4.5,13.0,0.0,0.0,0.0
2016,1,17,4,15,0.0,0.0,4.5,13.0,0.0,0.0,0.0
2016,1,17,4,30,0.0,0.0,4.5,13.0,0.0,0.0,0.0
2016,1,17,4,45,0.0,0.0,4.55,13.0,0.0,0.0,0.0
2016,1,17,5,0,0.0,0.0,4.6,13.0,0.0,0.0,0.0
2016,1,17,5,15,0.0,0.0,4.7,13.0,0.0,0.0,0.0
2016,1,17,5,30,0.0,0.0,4.8,13.0,0.0,0.0,0.0
2016,1,17,5,45,0.0,0.0,4.9,13.0,0.0,0.0,0.0
2016,1,17,6,0,0.0,0.0,5.0,13.0,0.0,0.0,0.0
2016,1,17,6,15,0.0,0.0,5.1,13.0,0.0,0.0,0.0
2016,1,17,6,30,0.0,0.0,5.2,13.0,0.0,0.0,0.0
2016,1,17,6,45,0.0,0.0,5.35,13.0,0.0,0.0,0.0
2016,1,17,7,0,0.0,0.0,5.5,13.0,0.0,0.0,0.0
2016,1,17,7,15,0.0,0.0,5.55,13.0,0.0,0.0,0.0
2016,1,17,7,30,0.0,0.0,5.6,13.0,0.0,0.0,0.0
2016,1,17,7,45,0.0,13.5,5.65,13.0,13.5,12.52,0.0
2016,1,17,8,0,0.0,27.0,5.7,13.0,27.0,25.53,14.51
2016,1,17,8,15,0.0,43.5,5.7,13.0,43.5,42.5,29.87
2016,1,17,8,30,0.0,60.0,5.7,13.0,60.0,59.23,44.61
2016,1,17,8,45,2.5,76.5,5.75,13.5,77.5,77.05,60.06
2016,1,17,9,0,5.0,93.0,5.8,14.0,95.0,95.1,75.55
2016,1,17,9,15,10.0,108.0,5.8,14.0,111.0,113.1,90.99
2016,1,17,9,30,15.0,123.0,5.8,14.0,127.0,131.61,106.72
2016,1,17,9,45,18.0,135.5,5.8,14.0,142.0,146.48,119.22
2016,1,17,10,0,21.0,148.0,5.8,14.0,157.0,161.67,131.88
2016,1,17,10,15,10.5,116.5,5.75,14.0,121.0,119.55,96.14
2016,1,17,10,30,0.0,85.0,5.7,14.0,85.0,79.46,61.91
2016,1,17,10,45,0.0,71.0,5.7,14.0,71.0,66.07,50.53
2016,1,17,11,0,0.0,57.0,5.7,14.0,57.0,53.01,39.42
2016,1,17,11,15,1.0,112.0,5.7,14.0,112.5,106.98,84.84
2016,1,17,11,30,2.0,167.0,5.7,14.0,168.0,165.24,133.26
2016,1,17,11,45,1.0,159.5,5.75,14.0,160.0,156.13,125.53
2016,1,17,12,0,0.0,152.0,5.8,14.0,152.0,147.21,118.05
2016,1,17,12,15,0.0,156.0,5.85,14.0,156.0,151.38,121.5
2016,1,17,12,30,0.0,160.0,5.9,14.0,160.0,155.64,125.03
2016,1,17,12,45,4.0,169.5,5.95,14.0,171.5,169.24,136.5
2016,1,17,13,0,8.0,179.0,6.0,14.0,183.0,183.02,148.12
2016,1,17,13,15,4.0,169.0,6.0,14.0,171.5,169.14,136.57
2016,1,17,13,30,0.0,159.0,6.0,14.0,160.0,155.5,125.24
2016,1,17,13,45,0.0,110.0,6.0,14.0,110.5,104.38,82.71
2016,1,17,14,0,0.0,61.0,6.0,14.0,61.0,56.74,42.64
2016,1,17,14,15,0.0,58.5,5.95,14.0,58.5,54.4,40.75
2016,1,17,14,30,0.0,56.0,5.9,14.0,56.0,52.06,38.83
2016,1,17,14,45,0.0,51.0,5.85,14.0,51.0,47.4,34.92
2016,1,17,15,0,0.0,46.0,5.8,14.0,46.0,42.73,30.99
2016,1,17,15,15,0.0,41.0,5.65,13.5,41.0,38.07,27.09
2016,1,17,15,30,0.0,36.0,5.5,13.0,36.0,33.41,23.14
2016,1,17,15,45,0.0,30.0,5.4,13.0,30.0,27.83,18.29
2016,1,17,16,0,0.0,24.0,5.3,13.0,24.0,22.25,13.4
2016,1,17,16,15,0.0,18.0,5.25,13.0,18.0,16.68,8.48
2016,1,17,16,30,0.0,12.0,5.2,13.0,12.0,11.11,3.55
2016,1,17,16,45,0.0,7.5,5.2,13.0,7.5,6.94,0.0
2016,1,17,17,0,0.0,3.0,5.2,13.0,3.0,2.86,0.0
2016,1,17,17,15,0.0,1.5,5.2,13.0,1.5,1.43,0.0
2016,1,17,17,30,0.0,0.0,5.2,13.0,0.0,0.0,0.0
2016,1,17,17,45,0.0,0.0,5.25,13.0,0.0,0.0,0.0
2016,1,17,18,0,0.0,0.0,5.3,13.0,0.0,0.0,0.0
2016,1,17,18,15,0.0,0.0,5.3,13.0,0.0,0.0,0.0
2016,1,17,18,30,0.0,0.0,5.3,13.0,0.0,0.0,0.0
2016,1,17,18,45,0.0,0.0,5.3,13.0,0.0,0.0,0.0
2016,1,17,19,0,0.0,0.0,5.3,13.0,0.0,0.0,0.0
2016,1,17,19,15,0.0,0.0,5.2,13.0,0.0,0.0,0.0
2016,1,17,19,30,0.0,0.0,5.1,13.0,0.0,0.0,0.0
2016,1,17,19,45,0.0,0.0,5.05,13.0,0.0,0.0,0.0
2016,1,17,20,0,0.0,0.0,5.0,13.0,0.0,0.0,0.0
2016,1,17,20,15,0.0,0.0,4.9,13.0,0.0,0.0,0.0
2016,1,17,20,30,0.0,0.0,4.8,13.0,0.0,0.0,0.0
2016,1,17,20,45,0.0,0.0,4.75,13.0,0.0,0.0,0.0
2016,1,17,21,0,0.0,0.0,4.7,13.0,0.0,0.0,0.0
2016,1,17,21,15,0.0,0.0,4.55,13.0,0.0,0.0,0.0
2016,1,17,21,30,0.0,0.0,4.4,13.0,0.0,0.0,0.0
2016,1,17,21,45,0.0,0.0,4.3,13.0,0.0,0.0,0.0
2016,1,17,22,0,0.0,0.0,4.2,13.0,0.0,0.0,0.0
2016,1,17,22,15,0.0,0.0,4.0,13.0,0.0,0.0,0.0
2016,1,17,22,30,0.0,0.0,3.8,13.0,0.0,0.0,0.0
2016,1,17,22,45,0.0,0.0,3.65,13.0,0.0,0.0,0.0
2016,1,17,23,0,0.0,0.0,3.5,13.0,0.0,0.0,0.0
2016,1,17,23,15,0.0,0.0,3.4,13.0,0.0,0.0,0.0
2016,1,17,23,30,0.0,0.0,3.3,13.0,0.0,0.0,0.0
2016,1,17,23,45,0.0,0.0,3.2,13.0,0.0,0.0,0.0
2016,1,18,0,0,0.0,0.0,3.1,13.0,0.0,0.0,0.0
2016,1,18,0,15,0.0,0.0,3.05,12.5,0.0,0.0,0.0
2016,1,18,0,30,0.0,0.0,3.0,12.0,0.0,0.0,0.0
2016,1,18,0,45,0.0,0.0,2.95,12.0,0.0,0.0,0.0
2016,1,18,1,0,0.0,0.0,2.9,12.0,0.0,0.0,0.0
2016,1,18,1,15,0.0,0.0,2.95,12.0,0.0,0.0,0.0
2016,1,18,1,30,0.0,0.0,3.0,12.0,0.0,0.0,0.0
2016,1,18,1,45,0.0,0.0,3.15,12.0,0.0,0.0,0.0
2016,1,18,2,0,0.0,0.0,3.3,12.0,0.0,0.0,0.0
2016,1,18,2,15,0.0,0.0,3.65,12.0,0.0,0.0,0.0
2016,1,18,2,30,0.0,0.0,4.0,12.0,0.0,0.0,0.0
2016,1,18,2,45,0.0,0.0,4.35,12.0,0.0,0.0,0.0
2016,1,18,3,0,0.0,0.0,4.7,12.0,0.0,0.0,0.0
2016,1,18,3,15,0.0,0.0,4.6,12.0,0.0,0.0,0.0
2016,1,18,3,30,0.0,0.0,4.5,12.0,0.0,0.0,0.0
2016,1,18,3,45,0.0,0.0,4.45,12.0,0.0,0.0,0.0
2016,1,18,4,0,0.0,0.0,4.4,12.0,0.0,0.0,0.0
2016,1,18,4,15,0.0,0.0,3.9,11.5,0.0,0.0,0.0
2016,1,18,4,30,0.0,0.0,3.4,11.0,0.0,0.0,0.0
2016,1,18,4,45,0.0,0.0,2.9,11.0,0.0,0.0,0.0
2016,1,18,5,0,0.0,0.0,2.4,11.0,0.0,0.0,0.0
2016,1,18,5,15,0.0,0.0,2.2,11.0,0.0,0.0,0.0
2016,1,18,5,30,0.0,0.0,2.0,11.0,0.0,0.0,0.0
2016,1,18,5,45,0.0,0.0,1.8,11.0,0.0,0.0,0.0
2016,1,18,6,0,0.0,0.0,1.6,11.0,0.0,0.0,0.0
2016,1,18,6,15,0.0,0.0,1.65,11.0,0.0,0.0,0.0
2016,1,18,6,30,0.0,0.0,1.7,11.0,0.0,0.0,0.0
2016,1,18,6,45,0.0,0.0,1.8,11.0,0.0,0.0,0.0
2016,1,18,7,0,0.0,0.0,1.9,11.0,0.0,0.0,0.0
2016,1,18,7,15,0.0,0.0,2.1,11.0,0.0,0.0,0.0
2016,1,18,7,30,0.0,0.0,2.3,11.0,0.0,0.0,0.0
2016,1,18,7,45,204.0,14.5,2.5,11.5,34.5,77.48,8.54
2016,1,18,8,0,408.0,29.0,2.7,12.0,69.0,175.64,123.78
2016,1,18,8,15,496.0,36.0,2.65,12.0,109.5,237.88,183.41
2016,1,18,8,30,584.0,43.0,2.6,12.0,150.0,306.01,244.85
2016,1,18,8,45,641.0,47.5,2.6,12.5,192.5,367.62,299.75
2016,1,18,9,0,698.0,52.0,2.6,13.0,235.0,433.13,356.16
2016,1,18,9,15,732.5,55.5,2.6,13.0,274.5,488.35,403.35
2016,1,18,9,30,767.0,59.0,2.6,13.0,314.0,544.53,449.85
2016,1,18,9,45,785.5,63.0,2.6,13.5,348.5,591.64,486.98
2016,1,18,10,0,804.0,67.0,2.6,14.0,383.0,637.72,522.17
2016,1,18,10,15,519.5,128.0,2.7,14.0,338.0,532.62,437.32
2016,1,18,10,30,235.0,189.0,2.8,14.0,293.0,398.55,326.94
2016,1,18,10,45,238.5,199.5,2.95,14.5,309.5,419.72,343.71
2016,1,18,11,0,242.0,210.0,3.1,15.0,326.0,440.28,359.12
2016,1,18,11,15,239.0,218.5,3.2,15.0,336.5,439.7,358.56
2016,1,18,11,30,236.0,227.0,3.3,15.0,347.0,450.72,366.98
2016,1,18,11,45,231.5,231.5,3.4,15.0,351.5,454.73,369.92
2016,1,18,12,0,227.0,236.0,3.5,15.0,356.0,457.91,372.26
2016,1,18,12,15,228.0,236.0,3.5,15.0,356.5,459.39,373.39
2016,1,18,12,30,229.0,236.0,3.5,15.0,357.0,460.1,373.97
2016,1,18,12,45,228.0,233.5,3.5,15.0,352.5,455.3,370.3
2016,1,18,13,0,227.0,231.0,3.5,15.0,348.0,449.76,366.09
2016,1,18,13,15,297.0,213.0,3.5,15.0,362.0,495.56,403.88
2016,1,18,13,30,367.0,195.0,3.5,15.0,376.0,525.09,428.69
2016,1,18,13,45,293.5,197.0,3.5,15.0,337.5,463.07,378.7
2016,1,18,14,0,220.0,199.0,3.5,15.0,299.0,391.44,321.0
2016,1,18,14,15,230.0,185.0,3.4,14.5,284.5,387.99,319.39
2016,1,18,14,30,240.0,171.0,3.3,14.0,270.0,371.42,307.05
2016,1,18,14,45,173.0,159.5,3.25,14.0,228.0,295.22,244.27
2016,1,18,15,0,106.0,148.0,3.2,14.0,186.0,234.29,193.18
2016,1,18,15,15,99.0,132.5,2.95,14.0,164.5,208.64,171.79
2016,1,18,15,30,92.0,117.0,2.7,14.0,143.0,183.48,150.42
2016,1,18,15,45,81.5,99.5,2.45,14.0,120.0,154.59,125.59
2016,1,18,16,0,71.0,82.0,2.2,14.0,97.0,126.59,101.2
2016,1,18,16,15,56.5,64.0,2.2,13.5,74.0,91.65,70.98
2016,1,18,16,30,42.0,46.0,2.2,13.0,51.0,64.26,46.87
2016,1,18,16,45,21.0,29.5,2.2,13.0,32.0,38.06,22.22
2016,1,18,17,0,0.0,13.0,2.2,13.0,13.0,12.06,0.0
2016,1,18,17,15,0.0,6.5,2.2,13.0,6.5,6.2,0.0
2016,1,18,17,30,0.0,0.0,2.2,13.0,0.0,0.0,0.0
2016,1,18,17,45,0.0,0.0,2.2,13.0,0.0,0.0,0.0
2016,1,18,18,0,0.0,0.0,2.2,13.0,0.0,0.0,0.0
2016,1,18,18,15,0.0,0.0,2.15,13.0,0.0,0.0,0.0
2016,1,18,18,30,0.0,0.0,2.1,13.0,0.0,0.0,0.0
2016,1,18,18,45,0.0,0.0,2.1,13.0,0.0,0.0,0.0
2016,1,18,19,0,0.0,0.0,2.1,13.0,0.0,0.0,0.0
2016,1,18,19,15,0.0,0.0,2.1,13.0,0.0,0.0,0.0
2016,1,18,19,30,0.0,0.0,2.1,13.0,0.0,0.0,0.0
2016,1,18,19,45,0.0,0.0,2.1,13.0,0.0,0.0,0.0
2016,1,18,20,0,0.0,0.0,2.1,13.0,0.0,0.0,0.0
2016,1,18,20,15,0.0,0.0,2.1,13.0,0.0,0.0,0.0
2016,1,18,20,30,0.0,0.0,2.1,13.0,0.0,0.0,0.0
2016,1,18,20,45,0.0,0.0,2.15,13.0,0.0,0.0,0.0
2016,1,18,21,0,0.0,0.0,2.2,13.0,0.0,0.0,0.0
2016,1,18,21,15,0.0,0.0,2.2,13.0,0.0,0.0,0.0
2016,1,18,21,30,0.0,0.0,2.2,13.0,0.0,0.0,0.0
2016,1,18,21,45,0.0,0.0,2.25,13.0,0.0,0.0,0.0
2016,1,18,22,0,0.0,0.0,2.3,13.0,0.0,0.0,0.0
2016,1,18,22,15,0.0,0.0,2.3,13.0,0.0,0.0,0.0
2016,1,18,22,30,0.0,0.0,2.3,13.0,0.0,0.0,0.0
2016,1,18,22,45,0.0,0.0,2.3,13.0,0.0,0.0,0.0
2016,1,18,23,0,0.0,0.0,2.3,13.0,0.0,0.0,0.0
2016,1,18,23,15,0.0,0.0,2.4,13.0,0.0,0.0,0.0
2016,1,18,23,30,0.0,0.0,2.5,13.0,0.0,0.0,0.0
2016,1,18,23,45,0.0,0.0,2.7,13.0,0.0,0.0,0.0
2016,1,19,0,0,0.0,0.0,2.9,13.0,0.0,0.0,0.0
2016,1,19,0,15,0.0,0.0,3.1,12.5,0.0,0.0,0.0
2016,1,19,0,30,0.0,0.0,3.3,12.0,0.0,0.0,0.0
2016,1,19,0,45,0.0,0.0,3.5,12.0,0.0,0.0,0.0
2016,1,19,1,0,0.0,0.0,3.7,12.0,0.0,0.0,0.0
2016,1,19,1,15,0.0,0.0,3.9,12.0,0.0,0.0,0.0
2016,1,19,1,30,0.0,0.0,4.1,12.0,0.0,0.0,0.0
2016,1,19,1,45,0.0,0.0,4.35,12.0,0.0,0.0,0.0
2016,1,19,2,0,0.0,0.0,4.6,12.0,0.0,0.0,0.0
2016,1,19,2,15,0.0,0.0,4.75,12.0,0.0,0.0,0.0
2016,1,19,2,30,0.0,0.0,4.9,12.0,0.0,0.0,0.0
2016,1,19,2,45,0.0,0.0,5.05,12.0,0.0,0.0,0.0
2016,1,19,3,0,0.0,0.0,5.2,12.0,0.0,0.0,0.0
2016,1,19,3,15,0.0,0.0,5.5,12.0,0.0,0.0,0.0
2016,1,19,3,30,0.0,0.0,5.8,12.0,0.0,0.0,0.0
2016,1,19,3,45,0.0,0.0,6.15,12.0,0.0,0.0,0.0
2016,1,19,4,0,0.0,0.0,6.5,12.0,0.0,0.0,0.0
2016,1,19,4,15,0.0,0.0,6.6,12.0,0.0,0.0,0.0
2016,1,19,4,30,0.0,0.0,6.7,12.0,0.0,0.0,0.0
2016,1,19,4,45,0.0,0.0,6.85,12.5,0.0,0.0,0.0
2016,1,19,5,0,0.0,0.0,7.0,13.0,0.0,0.0,0.0
2016,1,19,5,15,0.0,0.0,7.15,13.0,0.0,0.0,0.0
2016,1,19,5,30,0.0,0.0,7.3,13.0,0.0,0.0,0.0
2016,1,19,5,45,0.0,0.0,7.45,13.0,0.0,0.0,0.0
2016,1,19,6,0,0.0,0.0,7.6,13.0,0.0,0.0,0.0
2016,1,19,6,15,0.0,0.0,7.8,13.0,0.0,0.0,0.0
2016,1,19,6,30,0.0,0.0,8.0,13.0,0.0,0.0,0.0
2016,1,19,6,45,0.0,0.0,8.25,13.0,0.0,0.0,0.0
2016,1,19,7,0,0.0,0.0,8.5,13.0,0.0,0.0,0.0
2016,1,19,7,15,0.0,0.0,8.55,13.0,0.0,0.0,0.0
2016,1,19,7,30,0.0,0.0,8.6,13.0,0.0,0.0,0.0
2016,1,19,7,45,0.0,0.5,8.7,13.0,0.5,0.46,0.0
2016,1,19,8,0,0.0,1.0,8.8,13.0,1.0,0.92,0.0
2016,1,19,8,15,0.0,1.5,8.95,13.0,1.5,1.39,0.0
2016,1,19,8,30,0.0,2.0,9.1,13.0,2.0,1.85,0.0
2016,1,19,8,45,0.0,3.0,9.25,13.5,3.0,2.78,0.0
2016,1,19,9,0,0.0,4.0,9.4,14.0,4.0,3.7,0.0
2016,1,19,9,15,0.0,4.5,9.25,14.0,4.5,4.17,0.0
2016,1,19,9,30,0.0,5.0,9.1,14.0,5.0,4.63,0.0
2016,1,19,9,45,38.5,85.5,9.0,14.5,101.0,109.76,88.85
2016,1,19,10,0,77.0,166.0,8.9,15.0,197.0,229.75,189.94
2016,1,19,10,15,38.5,128.5,8.6,15.0,144.0,159.09,129.85
2016,1,19,10,30,0.0,91.0,8.3,15.0,91.0,85.42,66.68
2016,1,19,10,45,0.0,104.5,8.05,15.0,104.5,98.85,77.87
2016,1,19,11,0,0.0,118.0,7.8,15.0,118.0,112.41,89.1
2016,1,19,11,15,6.5,152.5,7.65,15.0,156.0,153.42,123.4
2016,1,19,11,30,13.0,187.0,7.5,15.0,194.0,195.77,158.49
2016,1,19,11,45,15.0,192.0,7.4,15.0,200.0,202.71,164.13
2016,1,19,12,0,17.0,197.0,7.3,15.0,206.0,209.76,169.92
2016,1,19,12,15,65.0,219.0,7.05,15.0,253.5,288.15,235.74
2016,1,19,12,30,113.0,241.0,6.8,15.0,301.0,355.38,291.59
2016,1,19,12,45,156.5,238.0,6.55,15.0,320.0,401.02,329.45
2016,1,19,13,0,200.0,235.0,6.3,15.0,339.0,432.4,355.74
2016,1,19,13,15,148.0,228.0,6.3,15.0,303.5,379.26,311.67
2016,1,19,13,30,96.0,221.0,6.3,15.0,268.0,314.82,258.32
2016,1,19,13,45,183.5,208.0,6.35,15.0,294.0,378.44,312.91
2016,1,19,14,0,271.0,195.0,6.4,15.0,320.0,437.34,362.78
2016,1,19,14,15,340.5,171.5,6.35,14.5,319.0,452.71,377.68
2016,1,19,14,30,410.0,148.0,6.3,14.0,318.0,474.74,397.53
2016,1,19,14,45,379.0,139.5,6.25,14.0,286.5,429.68,360.18
2016,1,19,15,0,348.0,131.0,6.2,14.0,255.0,375.36,315.06
2016,1,19,15,15,314.0,123.0,5.95,13.5,226.0,332.48,278.93
2016,1,19,15,30,280.0,115.0,5.7,13.0,197.0,291.79,244.01
2016,1,19,15,45,259.5,99.0,5.5,13.0,166.0,250.46,207.76
2016,1,19,16,0,239.0,83.0,5.3,13.0,135.0,210.57,172.09
2016,1,19,16,15,200.0,66.5,4.9,12.5,103.5,164.23,130.9
2016,1,19,16,30,161.0,50.0,4.5,12.0,72.0,121.61,92.61
2016,1,19,16,45,80.5,34.5,4.15,12.0,45.5,72.08,47.36
2016,1,19,17,0,0.0,19.0,3.8,12.0,19.0,18.72,0.0
2016,1,19,17,15,0.0,9.5,3.6,12.0,9.5,9.05,0.0
2016,1,19,17,30,0.0,0.0,3.4,12.0,0.0,0.0,0.0
2016,1,19,17,45,0.0,0.0,3.25,12.0,0.0,0.0,0.0
2016,1,19,18,0,0.0,0.0,3.1,12.0,0.0,0.0,0.0
2016,1,19,18,15,0.0,0.0,2.95,12.0,0.0,0.0,0.0
2016,1,19,18,30,0.0,0.0,2.8,12.0,0.0,0.0,0.0
2016,1,19,18,45,0.0,0.0,2.65,12.0,0.0,0.0,0.0
2016,1,19,19,0,0.0,0.0,2.5,12.0,0.0,0.0,0.0
2016,1,19,19,15,0.0,0.0,2.3,11.5,0.0,0.0,0.0
2016,1,19,19,30,0.0,0.0,2.1,11.0,0.0,0.0,0.0
2016,1,19,19,45,0.0,0.0,1.95,11.0,0.0,0.0,0.0
2016,1,19,20,0,0.0,0.0,1.8,11.0,0.0,0.0,0.0
2016,1,19,20,15,0.0,0.0,1.7,11.0,0.0,0.0,0.0
2016,1,19,20,30,0.0,0.0,1.6,11.0,0.0,0.0,0.0
2016,1,19,20,45,0.0,0.0,1.5,11.0,0.0,0.0,0.0
2016,1,19,21,0,0.0,0.0,1.4,11.0,0.0,0.0,0.0
2016,1,19,21,15,0.0,0.0,1.45,11.0,0.0,0.0,0.0
2016,1,19,21,30,0.0,0.0,1.5,11.0,0.0,0.0,0.0
2016,1,19,21,45,0.0,0.0,1.55,11.0,0.0,0.0,0.0
2016,1,19,22,0,0.0,0.0,1.6,11.0,0.0,0.0,0.0
2016,1,19,22,15,0.0,0.0,1.65,10.5,0.0,0.0,0.0
2016,1,19,22,30,0.0,0.0,1.7,10.0,0.0,0.0,0.0
2016,1,19,22,45,0.0,0.0,1.8,10.0,0.0,0.0,0.0
2016,1,19,23,0,0.0,0.0,1.9,10.0,0.0,0.0,0.0
2016,1,19,23,15,0.0,0.0,1.95,10.0,0.0,0.0,0.0
2016,1,19,23,30,0.0,0.0,2.0,10.0,0.0,0.0,0.0
2016,1,19,23,45,0.0,0.0,2.15,10.0,0.0,0.0,0.0
2016,1,20,0,0,0.0,0.0,2.3,10.0,0.0,0.0,0.0
2016,1,20,0,15,0.0,0.0,2.35,10.0,0.0,0.0,0.0
2016,1,20,0,30,0.0,0.0,2.4,10.0,0.0,0.0,0.0
2016,1,20,0,45,0.0,0.0,2.5,10.0,0.0,0.0,0.0
2016,1,20,1,0,0.0,0.0,2.6,10.0,0.0,0.0,0.0
2016,1,20,1,15,0.0,0.0,2.6,10.0,0.0,0.0,0.0
2016,1,20,1,30,0.0,0.0,2.6,10.0,0.0,0.0,0.0
2016,1,20,1,45,0.0,0.0,2.6,10.0,0.0,0.0,0.0
2016,1,20,2,0,0.0,0.0,2.6,10.0,0.0,0.0,0.0
2016,1,20,2,15,0.0,0.0,2.55,10.0,0.0,0.0,0.0
2016,1,20,2,30,0.0,0.0,2.5,10.0,0.0,0.0,0.0
2016,1,20,2,45,0.0,0.0,2.45,10.0,0.0,0.0,0.0
2016,1,20,3,0,0.0,0.0,2.4,10.0,0.0,0.0,0.0
2016,1,20,3,15,0.0,0.0,2.25,10.0,0.0,0.0,0.0
2016,1,20,3,30,0.0,0.0,2.1,10.0,0.0,0.0,0.0
2016,1,20,3,45,0.0,0.0,2.0,10.0,0.0,0.0,0.0
2016,1,20,4,0,0.0,0.0,1.9,10.0,0.0,0.0,0.0
2016,1,20,4,15,0.0,0.0,1.7,10.0,0.0,0.0,0.0
2016,1,20,4,30,0.0,0.0,1.5,10.0,0.0,0.0,0.0
2016,1,20,4,45,0.0,0.0,1.3,10.0,0.0,0.0,0.0
2016,1,20,5,0,0.0,0.0,1.1,10.0,0.0,0.0,0.0
2016,1,20,5,15,0.0,0.0,0.9,10.0,0.0,0.0,0.0
2016,1,20,5,30,0.0,0.0,0.7,10.0,0.0,0.0,0.0
2016,1,20,5,45,0.0,0.0,0.55,10.0,0.0,0.0,0.0
2016,1,20,6,0,0.0,0.0,0.4,10.0,0.0,0.0,0.0
2016,1,20,6,15,0.0,0.0,0.55,10.0,0.0,0.0,0.0
2016,1,20,6,30,0.0,0.0,0.7,10.0,0.0,0.0,0.0
2016,1,20,6,45,0.0,0.0,0.9,10.0,0.0,0.0,0.0
2016,1,20,7,0,0.0,0.0,1.1,10.0,0.0,0.0,0.0
2016,1,20,7,15,0.0,0.0,1.2,10.0,0.0,0.0,0.0
2016,1,20,7,30,0.0,0.0,1.3,10.0,0.0,0.0,0.0
2016,1,20,7,45,2.5,17.0,1.45,10.0,17.5,16.43,0.0
2016,1,20,8,0,5.0,34.0,1.6,10.0,35.0,35.31,22.84
2016,1,20,8,15,18.0,51.5,1.75,10.0,55.0,61.67,46.32
2016,1,20,8,30,31.0,69.0,1.9,10.0,75.0,86.69,68.47
2016,1,20,8,45,39.0,86.5,2.05,10.5,96.0,110.59,89.45
2016,1,20,9,0,47.0,104.0,2.2,11.0,117.0,135.23,110.78
2016,1,20,9,15,52.5,119.5,2.25,11.0,136.0,156.72,129.31
2016,1,20,9,30,58.0,135.0,2.3,11.0,155.0,178.73,148.02
2016,1,20,9,45,206.0,142.0,2.4,11.5,222.0,301.4,252.17
2016,1,20,10,0,354.0,149.0,2.5,12.0,289.0,417.0,347.52
2016,1,20,10,15,199.0,166.0,2.45,12.0,246.0,327.49,271.98
2016,1,20,10,30,44.0,183.0,2.4,12.0,203.0,227.17,186.2
2016,1,20,10,45,207.0,187.0,2.35,12.5,287.5,368.42,304.85
2016,1,20,11,0,370.0,191.0,2.3,13.0,372.0,518.58,424.61
2016,1,20,11,15,467.5,174.0,2.15,13.0,410.0,597.87,485.49
2016,1,20,11,30,565.0,157.0,2.0,13.0,448.0,665.78,536.99
2016,1,20,11,45,542.0,167.5,1.95,13.5,450.5,665.57,534.09
2016,1,20,12,0,519.0,178.0,1.9,14.0,453.0,662.64,529.82
2016,1,20,12,15,593.0,155.0,1.75,14.0,470.0,705.61,562.02
2016,1,20,12,30,667.0,132.0,1.6,14.0,487.0,742.17,587.13
2016,1,20,12,45,586.5,155.0,1.45,14.5,464.5,696.98,551.37
2016,1,20,13,0,506.0,178.0,1.3,15.0,442.0,646.45,511.15
2016,1,20,13,15,688.5,125.0,1.25,15.0,475.0,734.19,577.3
2016,1,20,13,30,871.0,72.0,1.2,15.0,508.0,795.54,619.7
2016,1,20,13,45,698.0,109.5,1.15,15.0,449.5,697.74,549.52
2016,1,20,14,0,525.0,147.0,1.1,15.0,391.0,586.82,467.48
2016,1,20,14,15,553.0,131.0,1.1,15.0,374.5,573.82,459.81
2016,1,20,14,30,581.0,115.0,1.1,15.0,358.0,562.45,451.93
2016,1,20,14,45,493.5,119.0,1.1,15.0,314.0,483.3,390.92
2016,1,20,15,0,406.0,123.0,1.1,15.0,270.0,413.85,336.4
2016,1,20,15,15,390.0,112.0,1.1,14.5,240.5,374.8,306.04
2016,1,20,15,30,374.0,101.0,1.1,14.0,211.0,336.03,274.71
2016,1,20,15,45,348.5,88.0,1.1,14.0,178.5,290.67,236.59
2016,1,20,16,0,323.0,75.0,1.1,14.0,146.0,246.96,198.81
2016,1,20,16,15,289.0,60.0,1.05,13.5,113.0,199.38,157.28
2016,1,20,16,30,255.0,45.0,1.0,13.0,80.0,154.84,117.38
2016,1,20,16,45,127.5,33.5,1.0,13.0,51.0,84.28,56.22
2016,1,20,17,0,0.0,22.0,1.0,13.0,22.0,22.3,0.0
2016,1,20,17,15,0.0,11.0,0.9,13.0,11.0,10.48,0.0
2016,1,20,17,30,0.0,0.0,0.8,13.0,0.0,0.0,0.0
2016,1,20,17,45,0.0,0.0,0.75,13.0,0.0,0.0,0.0
2016,1,20,18,0,0.0,0.0,0.7,13.0,0.0,0.0,0.0
2016,1,20,18,15,0.0,0.0,0.65,12.5,0.0,0.0,0.0
2016,1,20,18,30,0.0,0.0,0.6,12.0,0.0,0.0,0.0
2016,1,20,18,45,0.0,0.0,0.55,12.0,0.0,0.0,0.0
2016,1,20,19,0,0.0,0.0,0.5,12.0,0.0,0.0,0.0
2016,1,20,19,15,0.0,0.0,0.6,12.0,0.0,0.0,0.0
2016,1,20,19,30,0.0,0.0,0.7,12.0,0.0,0.0,0.0
2016,1,20,19,45,0.0,0.0,0.85,12.0,0.0,0.0,0.0
2016,1,20,20,0,0.0,0.0,1.0,12.0,0.0,0.0,0.0
2016,1,20,20,15,0.0,0.0,1.15,12.0,0.0,0.0,0.0
2016,1,20,20,30,0.0,0.0,1.3,12.0,0.0,0.0,0.0
2016,1,20,20,45,0.0,0.0,1.45,12.0,0.0,0.0,0.0
2016,1,20,21,0,0.0,0.0,1.6,12.0,0.0,0.0,0.0
2016,1,20,21,15,0.0,0.0,1.65,11.5,0.0,0.0,0.0
2016,1,20,21,30,0.0,0.0,1.7,11.0,0.0,0.0,0.0
2016,1,20,21,45,0.0,0.0,1.8,11.0,0.0,0.0,0.0
2016,1,20,22,0,0.0,0.0,1.9,11.0,0.0,0.0,0.0
2016,1,20,22,15,0.0,0.0,1.95,11.0,0.0,0.0,0.0
2016,1,20,22,30,0.0,0.0,2.0,11.0,0.0,0.0,0.0
2016,1,20,22,45,0.0,0.0,2.1,11.0,0.0,0.0,0.0
2016,1,20,23,0,0.0,0.0,2.2,11.0,0.0,0.0,0.0
2016,1,20,23,15,0.0,0.0,2.3,11.0,0.0,0.0,0.0
2016,1,20,23,30,0.0,0.0,2.4,11.0,0.0,0.0,0.0
2016,1,20,23,45,0.0,0.0,2.5,11.0,0.0,0.0,0.0
2016,1,21,0,0,0.0,0.0,2.6,11.0,0.0,0.0,0.0
2016,1,21,0,15,0.0,0.0,2.65,11.0,0.0,0.0,0.0
2016,1,21,0,30,0.0,0.0,2.7,11.0,0.0,0.0,0.0
2016,1,21,0,45,0.0,0.0,2.8,11.0,0.0,0.0,0.0
2016,1,21,1,0,0.0,0.0,2.9,11.0,0.0,0.0,0.0
2016,1,21,1,15,0.0,0.0,2.95,10.5,0.0,0.0,0.0
2016,1,21,1,30,0.0,0.0,3.0,10.0,0.0,0.0,0.0
2016,1,21,1,45,0.0,0.0,3.05,10.0,0.0,0.0,0.0
2016,1,21,2,0,0.0,0.0,3.1,10.0,0.0,0.0,0.0
2016,1,21,2,15,0.0,0.0,3.15,10.0,0.0,0.0,0.0
2016,1,21,2,30,0.0,0.0,3.2,10.0,0.0,0.0,0.0
2016,1,21,2,45,0.0,0.0,3.25,10.0,0.0,0.0,0.0
2016,1,21,3,0,0.0,0.0,3.3,10.0,0.0,0.0,0.0
2016,1,21,3,15,0.0,0.0,3.4,10.0,0.0,0.0,0.0
2016,1,21,3,30,0.0,0.0,3.5,10.0,0.0,0.0,0.0
2016,1,21,3,45,0.0,0.0,3.6,10.0,0.0,0.0,0.0
2016,1,21,4,0,0.0,0.0,3.7,10.0,0.0,0.0,0.0
2016,1,21,4,15,0.0,0.0,3.8,10.0,0.0,0.0,0.0
2016,1,21,4,30,0.0,0.0,3.9,10.0,0.0,0.0,0.0
2016,1,21,4,45,0.0,0.0,4.0,10.0,0.0,0.0,0.0
2016,1,21,5,0,0.0,0.0,4.1,10.0,0.0,0.0,0.0
2016,1,21,5,15,0.0,0.0,4.1,10.0,0.0,0.0,0.0
2016,1,21,5,30,0.0,0.0,4.1,10.0,0.0,0.0,0.0
2016,1,21,5,45,0.0,0.0,4.2,10.0,0.0,0.0,0.0
2016,1,21,6,0,0.0,0.0,4.3,10.0,0.0,0.0,0.0
2016,1,21,6,15,0.0,0.0,4.25,10.0,0.0,0.0,0.0
2016,1,21,6,30,0.0,0.0,4.2,10.0,0.0,0.0,0.0
2016,1,21,6,45,0.0,0.0,4.2,10.0,0.0,0.0,0.0
2016,1,21,7,0,0.0,0.0,4.2,10.0,0.0,0.0,0.0
2016,1,21,7,15,0.0,0.0,4.25,10.0,0.0,0.0,0.0
2016,1,21,7,30,0.0,0.0,4.3,10.0,0.0,0.0,0.0
2016,1,21,7,45,176.0,16.5,4.35,10.5,34.5,73.25,19.82
2016,1,21,8,0,352.0,33.0,4.4,11.0,69.0,162.19,116.77
2016,1,21,8,15,439.0,41.0,4.3,11.0,109.0,222.75,173.79
2016,1,21,8,30,526.0,49.0,4.2,11.0,149.0,291.85,236.18
2016,1,21,8,45,586.0,54.0,4.15,11.5,190.5,352.73,290.83
2016,1,21,9,0,646.0,59.0,4.1,12.0,232.0,418.07,347.71
2016,1,21,9,15,682.0,63.0,3.95,12.5,271.0,470.08,392.07
2016,1,21,9,30,718.0,67.0,3.8,13.0,310.0,526.09,438.07
2016,1,21,9,45,744.0,69.5,3.7,13.5,345.0,574.75,476.86
2016,1,21,10,0,770.0,72.0,3.6,14.0,380.0,623.01,514.15
2016,1,21,10,15,667.5,101.5,3.65,14.5,383.0,614.26,504.84
2016,1,21,10,30,565.0,131.0,3.7,15.0,386.0,587.29,481.5
2016,1,21,10,45,628.0,121.0,3.8,15.5,417.5,645.5,526.69
2016,1,21,11,0,691.0,111.0,3.9,16.0,449.0,698.73,565.69
2016,1,21,11,15,666.0,122.5,4.0,16.0,458.0,705.64,570.28
2016,1,21,11,30,641.0,134.0,4.1,16.0,467.0,708.85,572.48
2016,1,21,11,45,631.0,141.0,4.2,16.0,473.0,716.12,577.88
2016,1,21,12,0,621.0,148.0,4.3,16.0,479.0,720.5,581.35
2016,1,21,12,15,490.0,184.0,4.3,16.0,445.5,647.83,523.67
2016,1,21,12,30,359.0,220.0,4.3,16.0,412.0,565.02,457.51
2016,1,21,12,45,249.0,230.0,4.35,16.0,363.0,482.79,391.57
2016,1,21,13,0,139.0,240.0,4.4,16.0,314.0,387.8,314.38
2016,1,21,13,15,286.5,213.0,4.4,15.5,359.5,488.16,398.87
2016,1,21,13,30,434.0,186.0,4.4,15.0,405.0,583.43,477.14
2016,1,21,13,45,308.5,196.5,4.45,15.0,349.0,475.56,390.21
2016,1,21,14,0,183.0,207.0,4.5,15.0,293.0,373.54,306.73
2016,1,21,14,15,254.0,186.5,4.55,15.0,298.0,408.29,336.93
2016,1,21,14,30,325.0,166.0,4.6,15.0,303.0,426.27,353.08
2016,1,21,14,45,246.0,159.5,4.7,15.0,258.5,354.87,294.12
2016,1,21,15,0,167.0,153.0,4.8,15.0,214.0,278.85,230.85
2016,1,21,15,15,158.0,137.5,4.8,14.5,190.0,249.54,206.87
2016,1,21,15,30,149.0,122.0,4.8,14.0,166.0,220.71,182.69
2016,1,21,15,45,137.5,104.5,4.85,14.0,140.5,188.67,155.02
2016,1,21,16,0,126.0,87.0,4.9,14.0,115.0,157.51,127.61
2016,1,21,16,15,107.0,69.0,4.9,14.0,89.0,123.57,97.54
2016,1,21,16,30,88.0,51.0,4.9,14.0,63.0,91.33,68.75
2016,1,21,16,45,44.0,34.5,4.95,14.0,40.5,55.29,36.49
2016,1,21,17,0,0.0,18.0,5.0,14.0,18.0,17.17,0.0
2016,1,21,17,15,0.0,9.0,5.05,13.5,9.0,8.58,0.0
2016,1,21,17,30,0.0,0.0,5.1,13.0,0.0,0.0,0.0
2016,1,21,17,45,0.0,0.0,5.2,13.0,0.0,0.0,0.0
2016,1,21,18,0,0.0,0.0,5.3,13.0,0.0,0.0,0.0
2016,1,21,18,15,0.0,0.0,5.4,13.0,0.0,0.0,0.0
2016,1,21,18,30,0.0,0.0,5.5,13.0,0.0,0.0,0.0
2016,1,21,18,45,0.0,0.0,5.6,13.0,0.0,0.0,0.0
2016,1,21,19,0,0.0,0.0,5.7,13.0,0.0,0.0,0.0
2016,1,21,19,15,0.0,0.0,6.0,13.0,0.0,0.0,0.0
2016,1,21,19,30,0.0,0.0,6.3,13.0,0.0,0.0,0.0
2016,1,21,19,45,0.0,0.0,6.6,13.0,0.0,0.0,0.0
2016,1,21,20,0,0.0,0.0,6.9,13.0,0.0,0.0,0.0
2016,1,21,20,15,0.0,0.0,6.95,13.0,0.0,0.0,0.0
2016,1,21,20,30,0.0,0.0,7.0,13.0,0.0,0.0,0.0
2016,1,21,20,45,0.0,0.0,7.05,13.0,0.0,0.0,0.0
2016,1,21,21,0,0.0,0.0,7.1,13.0,0.0,0.0,0.0
2016,1,21,21,15,0.0,0.0,7.15,13.0,0.0,0.0,0.0
2016,1,21,21,30,0.0,0.0,7.2,13.0,0.0,0.0,0.0
2016,1,21,21,45,0.0,0.0,7.25,13.0,0.0,0.0,0.0
2016,1,21,22,0,0.0,0.0,7.3,13.0,0.0,0.0,0.0
2016,1,21,22,15,0.0,0.0,7.25,13.0,0.0,0.0,0.0
2016,1,21,22,30,0.0,0.0,7.2,13.0,0.0,0.0,0.0
2016,1,21,22,45,0.0,0.0,7.15,13.0,0.0,0.0,0.0
2016,1,21,23,0,0.0,0.0,7.1,13.0,0.0,0.0,0.0
2016,1,21,23,15,0.0,0.0,6.9,13.0,0.0,0.0,0.0
2016,1,21,23,30,0.0,0.0,6.7,13.0,0.0,0.0,0.0
2016,1,21,23,45,0.0,0.0,6.55,13.0,0.0,0.0,0.0
2016,1,22,0,0,0.0,0.0,6.4,13.0,0.0,0.0,0.0
2016,1,22,0,15,0.0,0.0,6.4,13.0,0.0,0.0,0.0
2016,1,22,0,30,0.0,0.0,6.4,13.0,0.0,0.0,0.0
2016,1,22,0,45,0.0,0.0,6.45,13.0,0.0,0.0,0.0
2016,1,22,1,0,0.0,0.0,6.5,13.0,0.0,0.0,0.0
2016,1,22,1,15,0.0,0.0,6.45,13.0,0.0,0.0,0.0
2016,1,22,1,30,0.0,0.0,6.4,13.0,0.0,0.0,0.0
2016,1,22,1,45,0.0,0.0,6.4,13.0,0.0,0.0,0.0
2016,1,22,2,0,0.0,0.0,6.4,13.0,0.0,0.0,0.0
2016,1,22,2,15,0.0,0.0,6.6,13.0,0.0,0.0,0.0
2016,1,22,2,30,0.0,0.0,6.8,13.0,0.0,0.0,0.0
2016,1,22,2,45,0.0,0.0,7.05,13.0,0.0,0.0,0.0
2016,1,22,3,0,0.0,0.0,7.3,13.0,0.0,0.0,0.0
2016,1,22,3,15,0.0,0.0,7.35,13.0,0.0,0.0,0.0
2016,1,22,3,30,0.0,0.0,7.4,13.0,0.0,0.0,0.0
2016,1,22,3,45,0.0,0.0,7.5,13.0,0.0,0.0,0.0
2016,1,22,4,0,0.0,0.0,7.6,13.0,0.0,0.0,0.0
2016,1,22,4,15,0.0,0.0,7.6,13.0,0.0,0.0,0.0
2016,1,22,4,30,0.0,0.0,7.6,13.0,0.0,0.0,0.0
2016,1,22,4,45,0.0,0.0,7.65,13.0,0.0,0.0,0.0
2016,1,22,5,0,0.0,0.0,7.7,13.0,0.0,0.0,0.0
2016,1,22,5,15,0.0,0.0,7.65,13.0,0.0,0.0,0.0
2016,1,22,5,30,0.0,0.0,7.6,13.0,0.0,0.0,0.0
2016,1,22,5,45,0.0,0.0,7.55,13.0,0.0,0.0,0.0
2016,1,22,6,0,0.0,0.0,7.5,13.0,0.0,0.0,0.0
2016,1,22,6,15,0.0,0.0,7.4,13.0,0.0,0.0,0.0
2016,1,22,6,30,0.0,0.0,7.3,13.0,0.0,0.0,0.0
2016,1,22,6,45,0.0,0.0,7.2,13.0,0.0,0.0,0.0
2016,1,22,7,0,0.0,0.0,7.1,13.0,0.0,0.0,0.0
2016,1,22,7,15,0.0,0.0,6.9,13.0,0.0,0.0,0.0
2016,1,22,7,30,0.0,0.0,6.7,13.0,0.0,0.0,0.0
2016,1,22,7,45,0.0,7.5,6.55,13.0,7.5,6.94,0.0
2016,1,22,8,0,0.0,15.0,6.4,13.0,15.0,13.9,5.56
2016,1,22,8,15,0.0,23.5,6.4,13.0,23.5,21.8,12.67
2016,1,22,8,30,0.0,32.0,6.4,13.0,32.0,29.7,19.67
2016,1,22,8,45,0.0,41.5,6.4,13.5,41.5,38.55,27.37
2016,1,22,9,0,0.0,51.0,6.4,14.0,51.0,47.4,34.98
2016,1,22,9,15,0.0,59.5,6.5,14.0,59.5,55.33,41.78
2016,1,22,9,30,0.0,68.0,6.6,14.0,68.0,63.31,48.56
2016,1,22,9,45,4.5,106.5,6.75,14.0,108.5,105.44,84.35
2016,1,22,10,0,9.0,145.0,6.9,14.0,149.0,149.4,121.31
2016,1,22,10,15,4.5,143.0,6.95,14.0,145.0,143.21,115.77
2016,1,22,10,30,0.0,141.0,7.0,14.0,141.0,137.07,110.29
2016,1,22,10,45,0.0,142.0,7.05,14.0,142.0,137.57,110.54
2016,1,22,11,0,0.0,143.0,7.1,14.0,143.0,138.2,110.91
2016,1,22,11,15,14.0,174.5,7.2,14.0,182.0,182.78,148.39
2016,1,22,11,30,28.0,206.0,7.3,14.0,221.0,228.65,186.63
2016,1,22,11,45,20.5,200.0,7.4,14.0,211.5,215.64,175.49
2016,1,22,12,0,13.0,194.0,7.5,14.0,202.0,202.64,164.43
2016,1,22,12,15,8.0,184.0,7.3,14.0,189.0,187.49,151.67
2016,1,22,12,30,3.0,174.0,7.1,14.0,176.0,172.51,139.06
2016,1,22,12,45,1.5,126.0,6.9,14.0,127.0,121.18,96.42
2016,1,22,13,0,0.0,78.0,6.7,14.0,78.0,72.63,55.76
2016,1,22,13,15,2.0,123.5,6.45,14.0,124.5,119.2,94.95
2016,1,22,13,30,4.0,169.0,6.2,14.0,171.0,168.77,136.31
2016,1,22,13,45,3.0,163.0,5.95,14.0,164.5,161.94,130.69
2016,1,22,14,0,2.0,157.0,5.7,14.0,158.0,155.24,125.24
2016,1,22,14,15,1.0,135.0,5.6,14.0,135.5,131.51,105.6
2016,1,22,14,30,0.0,113.0,5.5,14.0,113.0,108.17,86.18
2016,1,22,14,45,0.0,112.5,5.45,14.0,112.5,108.25,86.41
2016,1,22,15,0,0.0,112.0,5.4,14.0,112.0,108.56,86.81
2016,1,22,15,15,0.0,99.5,5.35,13.5,99.5,96.15,76.57
2016,1,22,15,30,0.0,87.0,5.3,13.0,87.0,83.81,66.26
2016,1,22,15,45,0.0,73.5,5.3,13.0,73.5,70.45,54.81
2016,1,22,16,0,0.0,60.0,5.3,13.0,60.0,57.14,43.26
2016,1,22,16,15,0.0,46.5,5.2,13.0,46.5,43.84,31.62
2016,1,22,16,30,0.0,33.0,5.1,13.0,33.0,30.66,20.02
2016,1,22,16,45,0.0,21.0,5.1,13.0,21.0,19.49,9.81
2016,1,22,17,0,0.0,9.0,5.1,13.0,9.0,8.34,0.0
2016,1,22,17,15,0.0,4.5,5.1,13.0,4.5,4.29,0.0
2016,1,22,17,30,0.0,0.0,5.1,13.0,0.0,0.0,0.0
2016,1,22,17,45,0.0,0.0,5.2,13.0,0.0,0.0,0.0
2016,1,22,18,0,0.0,0.0,5.3,13.0,0.0,0.0,0.0
2016,1,22,18,15,0.0,0.0,5.4,13.0,0.0,0.0,0.0
2016,1,22,18,30,0.0,0.0,5.5,13.0,0.0,0.0,0.0
2016,1,22,18,45,0.0,0.0,5.6,13.0,0.0,0.0,0.0
2016,1,22,19,0,0.0,0.0,5.7,13.0,0.0,0.0,0.0
2016,1,22,19,15,0.0,0.0,5.9,13.0,0.0,0.0,0.0
2016,1,22,19,30,0.0,0.0,6.1,13.0,0.0,0.0,0.0
2016,1,22,19,45,0.0,0.0,6.35,13.0,0.0,0.0,0.0
2016,1,22,20,0,0.0,0.0,6.6,13.0,0.0,0.0,0.0
2016,1,22,20,15,0.0,0.0,6.6,13.0,0.0,0.0,0.0
2016,1,22,20,30,0.0,0.0,6.6,13.0,0.0,0.0,0.0
2016,1,22,20,45,0.0,0.0,6.65,13.0,0.0,0.0,0.0
2016,1,22,21,0,0.0,0.0,6.7,13.0,0.0,0.0,0.0
2016,1,22,21,15,0.0,0.0,6.75,13.0,0.0,0.0,0.0
2016,1,22,21,30,0.0,0.0,6.8,13.0,0.0,0.0,0.0
2016,1,22,21,45,0.0,0.0,6.85,13.0,0.0,0.0,0.0
2016,1,22,22,0,0.0,0.0,6.9,13.0,0.0,0.0,0.0
2016,1,22,22,15,0.0,0.0,6.7,12.5,0.0,0.0,0.0
2016,1,22,22,30,0.0,0.0,6.5,12.0,0.0,0.0,0.0
2016,1,22,22,45,0.0,0.0,6.3,12.0,0.0,0.0,0.0
2016,1,22,23,0,0.0,0.0,6.1,12.0,0.0,0.0,0.0
2016,1,22,23,15,0.0,0.0,5.95,12.0,0.0,0.0,0.0
2016,1,22,23,30,0.0,0.0,5.8,12.0,0.0,0.0,0.0
2016,1,22,23,45,0.0,0.0,5.65,12.0,0.0,0.0,0.0
2016,1,23,0,0,0.0,0.0,5.5,12.0,0.0,0.0,0.0
2016,1,23,0,15,0.0,0.0,5.45,11.5,0.0,0.0,0.0
2016,1,23,0,30,0.0,0.0,5.4,11.0,0.0,0.0,0.0
2016,1,23,0,45,0.0,0.0,5.35,11.0,0.0,0.0,0.0
2016,1,23,1,0,0.0,0.0,5.3,11.0,0.0,0.0,0.0
2016,1,23,1,15,0.0,0.0,5.35,11.0,0.0,0.0,0.0
2016,1,23,1,30,0.0,0.0,5.4,11.0,0.0,0.0,0.0
2016,1,23,1,45,0.0,0.0,5.45,11.0,0.0,0.0,0.0
2016,1,23,2,0,0.0,0.0,5.5,11.0,0.0,0.0,0.0
2016,1,23,2,15,0.0,0.0,5.55,11.0,0.0,0.0,0.0
2016,1,23,2,30,0.0,0.0,5.6,11.0,0.0,0.0,0.0
2016,1,23,2,45,0.0,0.0,5.7,11.0,0.0,0.0,0.0
2016,1,23,3,0,0.0,0.0,5.8,11.0,0.0,0.0,0.0
2016,1,23,3,15,0.0,0.0,5.8,11.0,0.0,0.0,0.0
2016,1,23,3,30,0.0,0.0,5.8,11.0,0.0,0.0,0.0
2016,1,23,3,45,0.0,0.0,5.8,11.0,0.0,0.0,0.0
2016,1,23,4,0,0.0,0.0,5.8,11.0,0.0,0.0,0.0
2016,1,23,4,15,0.0,0.0,5.7,11.0,0.0,0.0,0.0
2016,1,23,4,30,0.0,0.0,5.6,11.0,0.0,0.0,0.0
2016,1,23,4,45,0.0,0.0,5.6,11.0,0.0,0.0,0.0
2016,1,23,5,0,0.0,0.0,5.6,11.0,0.0,0.0,0.0
2016,1,23,5,15,0.0,0.0,5.55,10.5,0.0,0.0,0.0
2016,1,23,5,30,0.0,0.0,5.5,10.0,0.0,0.0,0.0
2016,1,23,5,45,0.0,0.0,5.5,10.0,0.0,0.0,0.0
2016,1,23,6,0,0.0,0.0,5.5,10.0,0.0,0.0,0.0
2016,1,23,6,15,0.0,0.0,5.5,10.0,0.0,0.0,0.0
2016,1,23,6,30,0.0,0.0,5.5,10.0,0.0,0.0,0.0
2016,1,23,6,45,0.0,0.0,5.55,10.0,0.0,0.0,0.0
2016,1,23,7,0,0.0,0.0,5.6,10.0,0.0,0.0,0.0
2016,1,23,7,15,0.0,0.0,5.8,10.5,0.0,0.0,0.0
2016,1,23,7,30,0.0,0.0,6.0,11.0,0.0,0.0,0.0
2016,1,23,7,45,53.0,24.5,6.2,11.5,30.0,42.69,13.95
2016,1,23,8,0,106.0,49.0,6.4,12.0,60.0,99.29,72.41
2016,1,23,8,15,187.0,66.0,6.5,12.0,97.5,153.05,120.03
2016,1,23,8,30,268.0,83.0,6.6,12.0,135.0,215.47,175.07
2016,1,23,8,45,311.0,98.5,6.75,12.0,173.0,266.17,220.68
2016,1,23,9,0,354.0,114.0,6.9,12.0,211.0,327.41,274.48
2016,1,23,9,15,399.5,123.5,6.9,12.0,248.5,380.62,320.93
2016,1,23,9,30,445.0,133.0,6.9,12.0,286.0,436.77,369.07
2016,1,23,9,45,549.0,121.0,6.95,12.0,329.5,508.55,430.48
2016,1,23,10,0,653.0,109.0,7.0,12.0,373.0,591.12,499.7
2016,1,23,10,15,511.0,142.5,6.95,12.0,358.5,546.02,460.67
2016,1,23,10,30,369.0,176.0,6.9,12.0,344.0,482.97,406.59
2016,1,23,10,45,184.5,155.5,6.9,12.0,239.5,325.77,273.82
2016,1,23,11,0,0.0,135.0,6.9,12.0,135.0,129.73,104.48
2016,1,23,11,15,177.0,174.5,6.85,12.0,267.5,337.17,283.22
2016,1,23,11,30,354.0,214.0,6.8,12.0,400.0,546.65,456.75
2016,1,23,11,45,192.5,215.0,6.8,12.0,316.5,402.57,335.6
2016,1,23,12,0,31.0,216.0,6.8,12.0,233.0,254.95,209.22
2016,1,23,12,15,23.5,208.5,6.8,12.0,221.5,227.25,186.23
2016,1,23,12,30,16.0,201.0,6.8,12.0,210.0,212.63,173.85
2016,1,23,12,45,8.0,171.0,6.8,12.0,175.5,173.49,141.1
2016,1,23,13,0,0.0,141.0,6.8,12.0,141.0,135.34,108.98
2016,1,23,13,15,10.5,168.0,6.85,12.0,173.5,172.63,140.72
2016,1,23,13,30,21.0,195.0,6.9,12.0,206.0,210.75,172.97
2016,1,23,13,45,162.5,196.0,6.95,12.0,274.0,347.75,291.21
2016,1,23,14,0,304.0,197.0,7.0,12.0,342.0,466.6,391.92
2016,1,23,14,15,252.0,191.0,7.0,12.0,306.5,412.9,346.8
2016,1,23,14,30,200.0,185.0,7.0,12.0,271.0,350.51,294.59
2016,1,23,14,45,122.5,167.0,7.05,12.0,218.5,270.63,226.71
2016,1,23,15,0,45.0,149.0,7.1,12.0,166.0,186.77,154.73
2016,1,23,15,15,39.0,134.0,6.95,12.0,147.5,165.36,136.62
2016,1,23,15,30,33.0,119.0,6.8,12.0,129.0,144.53,118.77
2016,1,23,15,45,278.0,93.5,6.7,12.0,158.5,254.42,213.17
2016,1,23,16,0,523.0,68.0,6.6,12.0,188.0,335.55,277.78
2016,1,23,16,15,445.5,59.5,6.4,11.5,146.0,266.27,215.67
2016,1,23,16,30,368.0,51.0,6.2,11.0,104.0,203.81,159.09
2016,1,23,16,45,257.5,37.5,6.05,10.5,68.5,135.03,96.84
2016,1,23,17,0,147.0,24.0,5.9,10.0,33.0,71.92,15.66
2016,1,23,17,15,73.5,12.0,5.75,10.0,16.5,25.88,0.0
2016,1,23,17,30,0.0,0.0,5.6,10.0,0.0,0.0,0.0
2016,1,23,17,45,0.0,0.0,5.45,10.0,0.0,0.0,0.0
2016,1,23,18,0,0.0,0.0,5.3,10.0,0.0,0.0,0.0
2016,1,23,18,15,0.0,0.0,5.2,10.0,0.0,0.0,0.0
2016,1,23,18,30,0.0,0.0,5.1,10.0,0.0,0.0,0.0
2016,1,23,18,45,0.0,0.0,5.0,10.0,0.0,0.0,0.0
2016,1,23,19,0,0.0,0.0,4.9,10.0,0.0,0.0,0.0
2016,1,23,19,15,0.0,0.0,4.85,9.5,0.0,0.0,0.0
2016,1,23,19,30,0.0,0.0,4.8,9.0,0.0,0.0,0.0
2016,1,23,19,45,0.0,0.0,4.8,9.0,0.0,0.0,0.0
2016,1,23,20,0,0.0,0.0,4.8,9.0,0.0,0.0,0.0
2016,1,23,20,15,0.0,0.0,4.75,9.0,0.0,0.0,0.0
2016,1,23,20,30,0.0,0.0,4.7,9.0,0.0,0.0,0.0
2016,1,23,20,45,0.0,0.0,4.7,9.0,0.0,0.0,0.0
2016,1,23,21,0,0.0,0.0,4.7,9.0,0.0,0.0,0.0
2016,1,23,21,15,0.0,0.0,4.6,9.0,0.0,0.0,0.0
2016,1,23,21,30,0.0,0.0,4.5,9.0,0.0,0.0,0.0
2016,1,23,21,45,0.0,0.0,4.45,9.0,0.0,0.0,0.0
2016,1,23,22,0,0.0,0.0,4.4,9.0,0.0,0.0,0.0
2016,1,23,22,15,0.0,0.0,4.3,9.0,0.0,0.0,0.0
2016,1,23,22,30,0.0,0.0,4.2,9.0,0.0,0.0,0.0
2016,1,23,22,45,0.0,0.0,4.15,9.0,0.0,0.0,0.0
2016,1,23,23,0,0.0,0.0,4.1,9.0,0.0,0.0,0.0
2016,1,23,23,15,0.0,0.0,4.05,9.0,0.0,0.0,0.0
2016,1,23,23,30,0.0,0.0,4.0,9.0,0.0,0.0,0.0
2016,1,23,23,45,0.0,0.0,3.95,9.0,0.0,0.0,0.0
2016,1,24,0,0,0.0,0.0,3.9,9.0,0.0,0.0,0.0
2016,1,24,0,15,0.0,0.0,3.9,8.5,0.0,0.0,0.0
2016,1,24,0,30,0.0,0.0,3.9,8.0,0.0,0.0,0.0
2016,1,24,0,45,0.0,0.0,3.9,8.0,0.0,0.0,0.0
2016,1,24,1,0,0.0,0.0,3.9,8.0,0.0,0.0,0.0
2016,1,24,1,15,0.0,0.0,3.9,8.0,0.0,0.0,0.0
2016,1,24,1,30,0.0,0.0,3.9,8.0,0.0,0.0,0.0
2016,1,24,1,45,0.0,0.0,3.95,8.0,0.0,0.0,0.0
2016,1,24,2,0,0.0,0.0,4.0,8.0,0.0,0.0,0.0
2016,1,24,2,15,0.0,0.0,4.0,8.0,0.0,0.0,0.0
2016,1,24,2,30,0.0,0.0,4.0,8.0,0.0,0.0,0.0
2016,1,24,2,45,0.0,0.0,4.0,8.0,0.0,0.0,0.0
2016,1,24,3,0,0.0,0.0,4.0,8.0,0.0,0.0,0.0
2016,1,24,3,15,0.0,0.0,4.0,8.0,0.0,0.0,0.0
2016,1,24,3,30,0.0,0.0,4.0,8.0,0.0,0.0,0.0
2016,1,24,3,45,0.0,0.0,4.05,8.0,0.0,0.0,0.0
2016,1,24,4,0,0.0,0.0,4.1,8.0,0.0,0.0,0.0
2016,1,24,4,15,0.0,0.0,4.1,8.0,0.0,0.0,0.0
2016,1,24,4,30,0.0,0.0,4.1,8.0,0.0,0.0,0.0
2016,1,24,4,45,0.0,0.0,4.2,8.0,0.0,0.0,0.0
2016,1,24,5,0,0.0,0.0,4.3,8.0,0.0,0.0,0.0
2016,1,24,5,15,0.0,0.0,4.25,8.0,0.0,0.0,0.0
2016,1,24,5,30,0.0,0.0,4.2,8.0,0.0,0.0,0.0
2016,1,24,5,45,0.0,0.0,4.2,8.0,0.0,0.0,0.0
2016,1,24,6,0,0.0,0.0,4.2,8.0,0.0,0.0,0.0
2016,1,24,6,15,0.0,0.0,4.1,8.0,0.0,0.0,0.0
2016,1,24,6,30,0.0,0.0,4.0,8.0,0.0,0.0,0.0
2016,1,24,6,45,0.0,0.0,3.95,8.5,0.0,0.0,0.0
2016,1,24,7,0,0.0,0.0,3.9,9.0,0.0,0.0,0.0
2016,1,24,7,15,0.0,4.5,3.8,9.0,4.5,0.0,0.0
2016,1,24,7,30,0.0,9.0,3.7,9.0,9.0,8.58,0.0
2016,1,24,7,45,73.5,24.5,3.65,9.5,32.5,51.4,20.16
2016,1,24,8,0,147.0,40.0,3.6,10.0,56.0,99.08,72.17
2016,1,24,8,15,190.5,56.5,3.6,10.0,87.5,141.48,111.14
2016,1,24,8,30,234.0,73.0,3.6,10.0,119.0,188.24,153.27
2016,1,24,8,45,262.5,88.5,3.6,10.0,151.5,230.79,191.64
2016,1,24,9,0,291.0,104.0,3.6,10.0,184.0,275.7,231.33
2016,1,24,9,15,320.0,114.5,3.6,10.0,215.0,316.88,267.27
2016,1,24,9,30,349.0,125.0,3.6,10.0,246.0,369.92,312.12
2016,1,24,9,45,339.0,141.5,3.6,10.5,269.0,386.63,325.51
2016,1,24,10,0,329.0,158.0,3.6,11.0,292.0,411.58,345.04
2016,1,24,10,15,319.5,172.5,3.45,11.0,311.0,432.81,361.53
2016,1,24,10,30,310.0,187.0,3.3,11.0,330.0,452.45,376.41
2016,1,24,10,45,333.0,193.5,3.15,11.5,354.0,486.07,402.23
2016,1,24,11,0,356.0,200.0,3.0,12.0,378.0,519.69,427.52
2016,1,24,11,15,489.0,172.0,2.95,12.0,425.0,615.8,504.34
2016,1,24,11,30,622.0,144.0,2.9,12.0,472.0,707.68,575.56
2016,1,24,11,45,640.0,141.5,2.85,12.5,484.0,727.8,588.24
2016,1,24,12,0,658.0,139.0,2.8,13.0,496.0,745.53,599.65
2016,1,24,12,15,684.5,131.5,2.9,13.0,504.0,762.18,612.26
2016,1,24,12,30,711.0,124.0,3.0,13.0,512.0,775.88,622.82
2016,1,24,12,45,796.0,101.5,3.1,13.0,532.0,813.94,651.44
2016,1,24,13,0,881.0,79.0,3.2,13.0,552.0,844.81,674.61
2016,1,24,13,15,875.0,78.5,3.4,13.0,538.0,828.64,664.17
2016,1,24,13,30,869.0,78.0,3.6,13.0,524.0,809.27,651.69
2016,1,24,13,45,855.0,78.0,3.85,13.0,502.5,787.52,637.56
2016,1,24,14,0,841.0,78.0,4.1,13.0,481.0,756.44,616.22
2016,1,24,14,15,826.5,76.0,4.2,12.5,453.5,720.19,591.32
2016,1,24,14,30,812.0,74.0,4.3,12.0,426.0,681.84,564.52
2016,1,24,14,45,787.5,72.5,4.4,12.0,391.5,635.43,529.68
2016,1,24,15,0,763.0,71.0,4.5,12.0,357.0,588.14,491.83
2016,1,24,15,15,733.0,67.5,4.25,11.5,319.0,534.7,447.82
2016,1,24,15,30,703.0,64.0,4.0,11.0,281.0,481.55,402.98
2016,1,24,15,45,662.5,58.5,3.75,11.0,239.5,424.07,352.8
2016,1,24,16,0,622.0,53.0,3.5,11.0,198.0,366.2,301.07
2016,1,24,16,15,553.5,46.5,3.3,10.5,155.5,298.17,240.5
2016,1,24,16,30,485.0,40.0,3.1,10.0,113.0,236.15,183.9
2016,1,24,16,45,372.0,30.5,2.95,10.0,75.0,163.73,117.82
2016,1,24,17,0,259.0,21.0,2.8,10.0,37.0,98.34,32.48
2016,1,24,17,15,129.5,10.5,2.65,9.5,18.5,35.7,0.0
2016,1,24,17,30,0.0,0.0,2.5,9.0,0.0,0.0,0.0
2016,1,24,17,45,0.0,0.0,2.45,9.0,0.0,0.0,0.0
2016,1,24,18,0,0.0,0.0,2.4,9.0,0.0,0.0,0.0
2016,1,24,18,15,0.0,0.0,2.35,9.0,0.0,0.0,0.0
2016,1,24,18,30,0.0,0.0,2.3,9.0,0.0,0.0,0.0
2016,1,24,18,45,0.0,0.0,2.3,9.0,0.0,0.0,0.0
2016,1,24,19,0,0.0,0.0,2.3,9.0,0.0,0.0,0.0
2016,1,24,19,15,0.0,0.0,2.25,9.0,0.0,0.0,0.0
2016,1,24,19,30,0.0,0.0,2.2,9.0,0.0,0.0,0.0
2016,1,24,19,45,0.0,0.0,2.2,9.0,0.0,0.0,0.0
2016,1,24,20,0,0.0,0.0,2.2,9.0,0.0,0.0,0.0
2016,1,24,20,15,0.0,0.0,2.15,9.0,0.0,0.0,0.0
2016,1,24,20,30,0.0,0.0,2.1,9.0,0.0,0.0,0.0
2016,1,24,20,45,0.0,0.0,2.1,9.5,0.0,0.0,0.0
2016,1,24,21,0,0.0,0.0,2.1,10.0,0.0,0.0,0.0
2016,1,24,21,15,0.0,0.0,2.0,10.0,0.0,0.0,0.0
2016,1,24,21,30,0.0,0.0,1.9,10.0,0.0,0.0,0.0
2016,1,24,21,45,0.0,0.0,1.85,10.0,0.0,0.0,0.0
2016,1,24,22,0,0.0,0.0,1.8,10.0,0.0,0.0,0.0
2016,1,24,22,15,0.0,0.0,1.75,10.0,0.0,0.0,0.0
2016,1,24,22,30,0.0,0.0,1.7,10.0,0.0,0.0,0.0
2016,1,24,22,45,0.0,0.0,1.65,10.0,0.0,0.0,0.0
2016,1,24,23,0,0.0,0.0,1.6,10.0,0.0,0.0,0.0
2016,1,24,23,15,0.0,0.0,1.6,10.0,0.0,0.0,0.0
2016,1,24,23,30,0.0,0.0,1.6,10.0,0.0,0.0,0.0
2016,1,24,23,45,0.0,0.0,1.6,10.5,0.0,0.0,0.0
2016,1,25,0,0,0.0,0.0,1.6,11.0,0.0,0.0,0.0
2016,1,25,0,15,0.0,0.0,1.5,11.0,0.0,0.0,0.0
2016,1,25,0,30,0.0,0.0,1.4,11.0,0.0,0.0,0.0
2016,1,25,0,45,0.0,0.0,1.3,11.0,0.0,0.0,0.0
2016,1,25,1,0,0.0,0.0,1.2,11.0,0.0,0.0,0.0
2016,1,25,1,15,0.0,0.0,1.15,11.0,0.0,0.0,0.0
2016,1,25,1,30,0.0,0.0,1.1,11.0,0.0,0.0,0.0
2016,1,25,1,45,0.0,0.0,1.05,11.0,0.0,0.0,0.0
2016,1,25,2,0,0.0,0.0,1.0,11.0,0.0,0.0,0.0
2016,1,25,2,15,0.0,0.0,0.85,11.0,0.0,0.0,0.0
2016,1,25,2,30,0.0,0.0,0.7,11.0,0.0,0.0,0.0
2016,1,25,2,45,0.0,0.0,0.6,11.0,0.0,0.0,0.0
2016,1,25,3,0,0.0,0.0,0.5,11.0,0.0,0.0,0.0
2016,1,25,3,15,0.0,0.0,0.35,11.0,0.0,0.0,0.0
2016,1,25,3,30,0.0,0.0,0.2,11.0,0.0,0.0,0.0
2016,1,25,3,45,0.0,0.0,0.1,11.0,0.0,0.0,0.0
2016,1,25,4,0,0.0,0.0,0.0,11.0,0.0,0.0,0.0
2016,1,25,4,15,0.0,0.0,0.1,10.5,0.0,0.0,0.0
2016,1,25,4,30,0.0,0.0,0.2,10.0,0.0,0.0,0.0
2016,1,25,4,45,0.0,0.0,0.3,10.0,0.0,0.0,0.0
2016,1,25,5,0,0.0,0.0,0.4,10.0,0.0,0.0,0.0
2016,1,25,5,15,0.0,0.0,0.45,10.0,0.0,0.0,0.0
2016,1,25,5,30,0.0,0.0,0.5,10.0,0.0,0.0,0.0
2016,1,25,5,45,0.0,0.0,0.55,10.0,0.0,0.0,0.0
2016,1,25,6,0,0.0,0.0,0.6,10.0,0.0,0.0,0.0
2016,1,25,6,15,0.0,0.0,0.55,10.0,0.0,0.0,0.0
2016,1,25,6,30,0.0,0.0,0.5,10.0,0.0,0.0,0.0
2016,1,25,6,45,0.0,0.0,0.5,10.0,0.0,0.0,0.0
2016,1,25,7,0,0.0,0.0,0.5,10.0,0.0,0.0,0.0
2016,1,25,7,15,45.0,5.5,0.5,10.0,6.5,0.0,0.0
2016,1,25,7,30,90.0,11.0,0.5,10.0,13.0,28.86,0.0
2016,1,25,7,45,231.5,23.0,0.5,10.5,45.0,96.1,43.88
2016,1,25,8,0,373.0,35.0,0.5,11.0,77.0,171.09,124.26
2016,1,25,8,15,458.5,43.0,0.45,11.0,118.0,232.68,179.78
2016,1,25,8,30,544.0,51.0,0.4,11.0,159.0,302.65,240.46
2016,1,25,8,45,599.5,56.5,0.35,11.5,201.5,363.35,292.05
2016,1,25,9,0,655.0,62.0,0.3,12.0,244.0,428.13,344.84
2016,1,25,9,15,690.5,66.0,0.3,12.0,283.5,483.38,389.38
2016,1,25,9,30,726.0,70.0,0.3,12.0,323.0,537.26,431.5
2016,1,25,9,45,426.5,123.5,0.3,12.5,276.0,433.23,349.21
2016,1,25,10,0,127.0,177.0,0.3,13.0,229.0,286.04,230.55
2016,1,25,10,15,446.5,135.5,0.35,13.0,338.5,492.78,397.76
2016,1,25,10,30,766.0,94.0,0.4,13.0,448.0,703.26,552.67
2016,1,25,10,45,588.5,142.0,0.5,13.0,422.5,641.79,505.0
2016,1,25,11,0,411.0,190.0,0.6,13.0,397.0,564.78,446.99
2016,1,25,11,15,405.0,199.0,0.6,13.0,408.5,578.68,457.57
2016,1,25,11,30,399.0,208.0,0.6,13.0,420.0,577.8,456.53
2016,1,25,11,45,392.0,216.0,0.65,13.5,427.5,586.11,461.8
2016,1,25,12,0,385.0,224.0,0.7,14.0,435.0,592.75,465.73
2016,1,25,12,15,387.5,224.0,0.7,14.0,437.0,596.37,468.28
2016,1,25,12,30,390.0,224.0,0.7,14.0,439.0,598.45,469.79
2016,1,25,12,45,400.5,217.0,0.75,14.0,435.5,597.43,470.01
2016,1,25,13,0,411.0,210.0,0.8,14.0,432.0,607.92,478.33
2016,1,25,13,15,438.5,197.5,0.85,14.0,429.5,611.32,482.2
2016,1,25,13,30,466.0,185.0,0.9,14.0,427.0,612.07,484.21
2016,1,25,13,45,438.5,183.0,0.95,14.0,403.0,578.09,459.54
2016,1,25,14,0,411.0,181.0,1.0,14.0,379.0,543.55,434.44
2016,1,25,14,15,374.5,176.0,1.05,14.0,348.5,486.99,392.45
2016,1,25,14,30,338.0,171.0,1.1,14.0,318.0,443.74,359.66
2016,1,25,14,45,326.5,160.0,1.15,14.0,293.5,411.66,335.33
2016,1,25,15,0,315.0,149.0,1.2,14.0,269.0,379.46,310.27
2016,1,25,15,15,494.0,108.5,1.2,13.5,274.0,437.71,358.46
2016,1,25,15,30,673.0,68.0,1.2,13.0,279.0,473.75,386.55
2016,1,25,15,45,630.0,63.0,1.2,13.0,238.0,414.18,336.66
2016,1,25,16,0,587.0,58.0,1.2,13.0,197.0,357.07,287.89
2016,1,25,16,15,519.0,51.0,1.2,12.5,155.0,290.13,230.43
2016,1,25,16,30,451.0,44.0,1.2,12.0,113.0,229.15,176.51
2016,1,25,16,45,342.0,33.5,1.2,12.0,75.5,158.33,113.73
2016,1,25,17,0,233.0,23.0,1.2,12.0,38.0,94.88,38.41
2016,1,25,17,15,116.5,11.5,1.25,12.0,19.0,34.28,0.0
2016,1,25,17,30,0.0,0.0,1.3,12.0,0.0,0.0,0.0
2016,1,25,17,45,0.0,0.0,1.4,12.0,0.0,0.0,0.0
2016,1,25,18,0,0.0,0.0,1.5,12.0,0.0,0.0,0.0
2016,1,25,18,15,0.0,0.0,1.55,11.5,0.0,0.0,0.0
2016,1,25,18,30,0.0,0.0,1.6,11.0,0.0,0.0,0.0
2016,1,25,18,45,0.0,0.0,1.65,11.0,0.0,0.0,0.0
2016,1,25,19,0,0.0,0.0,1.7,11.0,0.0,0.0,0.0
2016,1,25,19,15,0.0,0.0,1.65,11.0,0.0,0.0,0.0
2016,1,25,19,30,0.0,0.0,1.6,11.0,0.0,0.0,0.0
2016,1,25,19,45,0.0,0.0,1.6,11.0,0.0,0.0,0.0
2016,1,25,20,0,0.0,0.0,1.6,11.0,0.0,0.0,0.0
2016,1,25,20,15,0.0,0.0,1.55,11.0,0.0,0.0,0.0
2016,1,25,20,30,0.0,0.0,1.5,11.0,0.0,0.0,0.0
2016,1,25,20,45,0.0,0.0,1.5,11.0,0.0,0.0,0.0
2016,1,25,21,0,0.0,0.0,1.5,11.0,0.0,0.0,0.0
2016,1,25,21,15,0.0,0.0,1.5,10.5,0.0,0.0,0.0
2016,1,25,21,30,0.0,0.0,1.5,10.0,0.0,0.0,0.0
2016,1,25,21,45,0.0,0.0,1.5,10.0,0.0,0.0,0.0
2016,1,25,22,0,0.0,0.0,1.5,10.0,0.0,0.0,0.0
2016,1,25,22,15,0.0,0.0,1.5,10.0,0.0,0.0,0.0
2016,1,25,22,30,0.0,0.0,1.5,10.0,0.0,0.0,0.0
2016,1,25,22,45,0.0,0.0,1.55,10.0,0.0,0.0,0.0
2016,1,25,23,0,0.0,0.0,1.6,10.0,0.0,0.0,0.0
2016,1,25,23,15,0.0,0.0,1.6,10.0,0.0,0.0,0.0
2016,1,25,23,30,0.0,0.0,1.6,10.0,0.0,0.0,0.0
2016,1,25,23,45,0.0,0.0,1.65,10.0,0.0,0.0,0.0
2016,1,26,0,0,0.0,0.0,1.7,10.0,0.0,0.0,0.0
2016,1,26,0,15,0.0,0.0,1.65,10.0,0.0,0.0,0.0
2016,1,26,0,30,0.0,0.0,1.6,10.0,0.0,0.0,0.0
2016,1,26,0,45,0.0,0.0,1.6,10.0,0.0,0.0,0.0
2016,1,26,1,0,0.0,0.0,1.6,10.0,0.0,0.0,0.0
2016,1,26,1,15,0.0,0.0,1.5,10.0,0.0,0.0,0.0
2016,1,26,1,30,0.0,0.0,1.4,10.0,0.0,0.0,0.0
2016,1,26,1,45,0.0,0.0,1.3,10.0,0.0,0.0,0.0
2016,1,26,2,0,0.0,0.0,1.2,10.0,0.0,0.0,0.0
2016,1,26,2,15,0.0,0.0,1.05,10.0,0.0,0.0,0.0
2016,1,26,2,30,0.0,0.0,0.9,10.0,0.0,0.0,0.0
2016,1,26,2,45,0.0,0.0,0.8,10.0,0.0,0.0,0.0
2016,1,26,3,0,0.0,0.0,0.7,10.0,0.0,0.0,0.0
2016,1,26,3,15,0.0,0.0,0.6,10.0,0.0,0.0,0.0
2016,1,26,3,30,0.0,0.0,0.5,10.0,0.0,0.0,0.0
2016,1,26,3,45,0.0,0.0,0.45,10.0,0.0,0.0,0.0
2016,1,26,4,0,0.0,0.0,0.4,10.0,0.0,0.0,0.0
2016,1,26,4,15,0.0,0.0,0.4,10.0,0.0,0.0,0.0
2016,1,26,4,30,0.0,0.0,0.4,10.0,0.0,0.0,0.0
2016,1,26,4,45,0.0,0.0,0.4,10.0,0.0,0.0,0.0
2016,1,26,5,0,0.0,0.0,0.4,10.0,0.0,0.0,0.0
2016,1,26,5,15,0.0,0.0,0.45,10.0,0.0,0.0,0.0
2016,1,26,5,30,0.0,0.0,0.5,10.0,0.0,0.0,0.0
2016,1,26,5,45,0.0,0.0,0.6,10.0,0.0,0.0,0.0
2016,1,26,6,0,0.0,0.0,0.7,10.0,0.0,0.0,0.0
2016,1,26,6,15,0.0,0.0,0.85,9.5,0.0,0.0,0.0
2016,1,26,6,30,0.0,0.0,1.0,9.0,0.0,0.0,0.0
2016,1,26,6,45,0.0,0.0,1.15,9.0,0.0,0.0,0.0
2016,1,26,7,0,0.0,0.0,1.3,9.0,0.0,0.0,0.0
2016,1,26,7,15,55.5,5.5,1.35,9.0,7.0,0.0,0.0
2016,1,26,7,30,111.0,11.0,1.4,9.0,14.0,33.17,0.0
2016,1,26,7,45,254.0,23.0,1.5,9.5,47.0,102.46,50.58
2016,1,26,8,0,397.0,35.0,1.6,10.0,80.0,178.81,131.37
2016,1,26,8,15,481.5,43.0,1.7,10.0,122.5,241.4,188.97
2016,1,26,8,30,566.0,51.0,1.8,10.0,165.0,312.27,252.29
2016,1,26,8,45,621.0,56.5,1.9,10.5,208.0,373.95,306.87
2016,1,26,9,0,676.0,62.0,2.0,11.0,251.0,439.62,363.08
2016,1,26,9,15,347.5,97.0,2.05,11.0,195.0,321.69,268.44
2016,1,26,9,30,19.0,132.0,2.1,11.0,139.0,142.63,116.46
2016,1,26,9,45,403.0,105.5,2.2,11.5,271.5,397.24,333.54
2016,1,26,10,0,787.0,79.0,2.3,12.0,404.0,647.66,533.07
2016,1,26,10,15,804.5,81.5,2.3,12.0,435.0,690.32,562.54
2016,1,26,10,30,822.0,84.0,2.3,12.0,466.0,731.31,591.92
2016,1,26,10,45,834.5,85.5,2.35,12.5,490.5,765.3,615.02
2016,1,26,11,0,847.0,87.0,2.4,13.0,515.0,796.82,636.16
2016,1,26,11,15,855.0,88.0,2.4,13.0,532.5,821.37,652.95
2016,1,26,11,30,863.0,89.0,2.4,13.0,550.0,842.89,667.61
2016,1,26,11,45,785.5,107.0,2.4,13.5,532.5,808.71,641.12
2016,1,26,12,0,708.0,125.0,2.4,14.0,515.0,774.72,615.34
2016,1,26,12,15,710.5,125.0,2.4,14.0,517.5,779.74,619.15
2016,1,26,12,30,713.0,125.0,2.4,14.0,520.0,781.83,620.62
2016,1,26,12,45,627.5,150.5,2.45,14.0,495.5,734.89,586.78
2016,1,26,13,0,542.0,176.0,2.5,14.0,471.0,680.83,546.22
2016,1,26,13,15,595.0,154.5,2.5,14.0,471.0,698.63,561.4
2016,1,26,13,30,648.0,133.0,2.5,14.0,471.0,708.14,569.21
2016,1,26,13,45,628.5,132.5,2.5,14.0,450.0,678.51,547.66
2016,1,26,14,0,609.0,132.0,2.5,14.0,429.0,647.19,524.44
2016,1,26,14,15,559.5,135.5,2.5,14.0,396.5,591.43,481.86
2016,1,26,14,30,510.0,139.0,2.5,14.0,364.0,542.37,443.75
2016,1,26,14,45,487.0,134.5,2.5,14.0,335.5,503.51,413.47
2016,1,26,15,0,464.0,130.0,2.5,14.0,307.0,464.68,382.58
2016,1,26,15,15,586.5,99.5,2.35,13.5,300.0,488.5,402.5
2016,1,26,15,30,709.0,69.0,2.2,13.0,293.0,496.81,408.4
2016,1,26,15,45,661.5,64.5,2.1,13.0,250.0,433.71,355.06
2016,1,26,16,0,614.0,60.0,2.0,13.0,207.0,373.37,302.91
2016,1,26,16,15,546.0,53.0,2.05,12.5,164.0,304.84,243.66
2016,1,26,16,30,478.0,46.0,2.1,12.0,121.0,242.16,187.82
2016,1,26,16,45,364.0,35.5,2.15,11.5,81.5,167.97,122.23
2016,1,26,17,0,250.0,25.0,2.2,11.0,42.0,102.37,48.37
2016,1,26,17,15,125.0,12.5,2.25,11.0,21.0,37.17,0.0
2016,1,26,17,30,0.0,0.0,2.3,11.0,0.0,0.0,0.0
2016,1,26,17,45,0.0,0.0,2.35,11.0,0.0,0.0,0.0
2016,1,26,18,0,0.0,0.0,2.4,11.0,0.0,0.0,0.0
2016,1,26,18,15,0.0,0.0,2.4,11.0,0.0,0.0,0.0
2016,1,26,18,30,0.0,0.0,2.4,11.0,0.0,0.0,0.0
2016,1,26,18,45,0.0,0.0,2.4,11.0,0.0,0.0,0.0
2016,1,26,19,0,0.0,0.0,2.4,11.0,0.0,0.0,0.0
2016,1,26,19,15,0.0,0.0,2.4,10.5,0.0,0.0,0.0
2016,1,26,19,30,0.0,0.0,2.4,10.0,0.0,0.0,0.0
2016,1,26,19,45,0.0,0.0,2.4,10.0,0.0,0.0,0.0
2016,1,26,20,0,0.0,0.0,2.4,10.0,0.0,0.0,0.0
2016,1,26,20,15,0.0,0.0,2.4,10.0,0.0,0.0,0.0
2016,1,26,20,30,0.0,0.0,2.4,10.0,0.0,0.0,0.0
2016,1,26,20,45,0.0,0.0,2.45,10.0,0.0,0.0,0.0
2016,1,26,21,0,0.0,0.0,2.5,10.0,0.0,0.0,0.0
2016,1,26,21,15,0.0,0.0,2.55,10.0,0.0,0.0,0.0
2016,1,26,21,30,0.0,0.0,2.6,10.0,0.0,0.0,0.0
2016,1,26,21,45,0.0,0.0,2.65,10.0,0.0,0.0,0.0
2016,1,26,22,0,0.0,0.0,2.7,10.0,0.0,0.0,0.0
2016,1,26,22,15,0.0,0.0,2.7,9.5,0.0,0.0,0.0
2016,1,26,22,30,0.0,0.0,2.7,9.0,0.0,0.0,0.0
2016,1,26,22,45,0.0,0.0,2.75,9.0,0.0,0.0,0.0
2016,1,26,23,0,0.0,0.0,2.8,9.0,0.0,0.0,0.0
2016,1,26,23,15,0.0,0.0,2.85,9.0,0.0,0.0,0.0
2016,1,26,23,30,0.0,0.0,2.9,9.0,0.0,0.0,0.0
2016,1,26,23,45,0.0,0.0,2.95,9.0,0.0,0.0,0.0
2016,1,27,0,0,0.0,0.0,3.0,9.0,0.0,0.0,0.0
2016,1,27,0,15,0.0,0.0,3.05,9.0,0.0,0.0,0.0
2016,1,27,0,30,0.0,0.0,3.1,9.0,0.0,0.0,0.0
2016,1,27,0,45,0.0,0.0,3.2,9.0,0.0,0.0,0.0
2016,1,27,1,0,0.0,0.0,3.3,9.0,0.0,0.0,0.0
2016,1,27,1,15,0.0,0.0,3.25,9.0,0.0,0.0,0.0
2016,1,27,1,30,0.0,0.0,3.2,9.0,0.0,0.0,0.0
2016,1,27,1,45,0.0,0.0,3.2,9.0,0.0,0.0,0.0
2016,1,27,2,0,0.0,0.0,3.2,9.0,0.0,0.0,0.0
2016,1,27,2,15,0.0,0.0,3.1,9.0,0.0,0.0,0.0
2016,1,27,2,30,0.0,0.0,3.0,9.0,0.0,0.0,0.0
2016,1,27,2,45,0.0,0.0,2.9,9.0,0.0,0.0,0.0
2016,1,27,3,0,0.0,0.0,2.8,9.0,0.0,0.0,0.0
2016,1,27,3,15,0.0,0.0,2.75,8.5,0.0,0.0,0.0
2016,1,27,3,30,0.0,0.0,2.7,8.0,0.0,0.0,0.0
2016,1,27,3,45,0.0,0.0,2.7,8.0,0.0,0.0,0.0
2016,1,27,4,0,0.0,0.0,2.7,8.0,0.0,0.0,0.0
2016,1,27,4,15,0.0,0.0,2.75,8.0,0.0,0.0,0.0
2016,1,27,4,30,0.0,0.0,2.8,8.0,0.0,0.0,0.0
2016,1,27,4,45,0.0,0.0,2.9,8.0,0.0,0.0,0.0
2016,1,27,5,0,0.0,0.0,3.0,8.0,0.0,0.0,0.0
2016,1,27,5,15,0.0,0.0,3.1,8.0,0.0,0.0,0.0
2016,1,27,5,30,0.0,0.0,3.2,8.0,0.0,0.0,0.0
2016,1,27,5,45,0.0,0.0,3.35,8.0,0.0,0.0,0.0
2016,1,27,6,0,0.0,0.0,3.5,8.0,0.0,0.0,0.0
2016,1,27,6,15,0.0,0.0,3.55,8.0,0.0,0.0,0.0
2016,1,27,6,30,0.0,0.0,3.6,8.0,0.0,0.0,0.0
2016,1,27,6,45,0.0,0.0,3.7,8.0,0.0,0.0,0.0
2016,1,27,7,0,0.0,0.0,3.8,8.0,0.0,0.0,0.0
2016,1,27,7,15,0.0,7.0,3.85,8.0,7.0,0.0,0.0
2016,1,27,7,30,0.0,14.0,3.9,8.0,14.0,13.34,0.0
2016,1,27,7,45,179.5,26.0,3.95,8.5,47.0,86.03,45.2
2016,1,27,8,0,359.0,38.0,4.0,9.0,80.0,169.96,126.51
2016,1,27,8,15,443.5,47.5,3.85,9.0,122.0,232.42,184.11
2016,1,27,8,30,528.0,57.0,3.7,9.0,164.0,303.21,247.97
2016,1,27,8,45,583.0,63.0,3.55,9.5,207.0,363.91,302.29
2016,1,27,9,0,638.0,69.0,3.4,10.0,250.0,428.61,358.28
2016,1,27,9,15,675.0,73.5,3.3,10.5,290.5,484.91,405.77
2016,1,27,9,30,712.0,78.0,3.2,11.0,331.0,542.62,452.76
2016,1,27,9,45,757.0,76.5,3.1,11.5,370.0,596.52,495.54
2016,1,27,10,0,802.0,75.0,3.0,12.0,409.0,654.46,539.86
2016,1,27,10,15,819.0,77.0,2.75,12.5,440.0,696.73,568.61
2016,1,27,10,30,836.0,79.0,2.5,13.0,471.0,737.26,595.24
2016,1,27,10,45,849.0,80.5,2.25,13.5,496.0,772.06,616.8
2016,1,27,11,0,862.0,82.0,2.0,14.0,521.0,804.38,635.84
2016,1,27,11,15,869.0,83.0,1.75,14.0,538.0,828.46,649.53
2016,1,27,11,30,876.0,84.0,1.5,14.0,555.0,849.42,660.55
2016,1,27,11,45,880.5,84.5,1.3,14.0,565.0,864.39,667.59
2016,1,27,12,0,885.0,85.0,1.1,14.0,575.0,868.66,667.05
2016,1,27,12,15,885.5,85.0,1.05,14.0,577.0,872.6,668.72
2016,1,27,12,30,886.0,85.0,1.0,14.0,579.0,873.01,668.13
2016,1,27,12,45,728.0,126.5,0.95,14.5,529.5,795.03,612.79
2016,1,27,13,0,570.0,168.0,0.9,15.0,480.0,696.43,542.39
2016,1,27,13,15,724.0,124.0,0.95,15.0,510.5,773.67,599.87
2016,1,27,13,30,878.0,80.0,1.0,15.0,541.0,825.24,635.91
2016,1,27,13,45,870.5,78.0,1.05,15.0,520.5,806.09,623.43
2016,1,27,14,0,863.0,76.0,1.1,15.0,500.0,777.22,605.04
2016,1,27,14,15,849.5,74.5,1.05,15.0,472.5,741.67,580.57
2016,1,27,14,30,836.0,73.0,1.0,15.0,445.0,703.87,554.36
2016,1,27,14,45,818.5,70.5,1.0,15.0,411.5,660.11,524.11
2016,1,27,15,0,801.0,68.0,1.0,15.0,378.0,614.9,491.01
2016,1,27,15,15,773.0,64.5,0.85,15.0,339.0,560.95,448.63
2016,1,27,15,30,745.0,61.0,0.7,15.0,300.0,507.04,405.29
2016,1,27,15,45,707.0,56.5,0.55,15.0,257.5,447.19,356.21
2016,1,27,16,0,669.0,52.0,0.4,15.0,215.0,389.07,307.08
2016,1,27,16,15,606.0,46.0,0.45,14.5,171.5,320.9,250.44
2016,1,27,16,30,543.0,40.0,0.5,14.0,128.0,260.6,198.11
2016,1,27,16,45,438.5,31.5,0.6,14.0,87.5,187.91,134.78
2016,1,27,17,0,334.0,23.0,0.7,14.0,47.0,123.53,63.42
2016,1,27,17,15,167.0,11.5,0.75,13.5,23.5,45.01,0.0
2016,1,27,17,30,0.0,0.0,0.8,13.0,0.0,0.0,0.0
2016,1,27,17,45,0.0,0.0,0.9,13.0,0.0,0.0,0.0
2016,1,27,18,0,0.0,0.0,1.0,13.0,0.0,0.0,0.0
2016,1,27,18,15,0.0,0.0,1.0,12.5,0.0,0.0,0.0
2016,1,27,18,30,0.0,0.0,1.0,12.0,0.0,0.0,0.0
2016,1,27,18,45,0.0,0.0,1.05,12.0,0.0,0.0,0.0
2016,1,27,19,0,0.0,0.0,1.1,12.0,0.0,0.0,0.0
2016,1,27,19,15,0.0,0.0,1.1,12.0,0.0,0.0,0.0
2016,1,27,19,30,0.0,0.0,1.1,12.0,0.0,0.0,0.0
2016,1,27,19,45,0.0,0.0,1.1,12.0,0.0,0.0,0.0
2016,1,27,20,0,0.0,0.0,1.1,12.0,0.0,0.0,0.0
2016,1,27,20,15,0.0,0.0,1.1,11.5,0.0,0.0,0.0
2016,1,27,20,30,0.0,0.0,1.1,11.0,0.0,0.0,0.0
2016,1,27,20,45,0.0,0.0,1.1,11.0,0.0,0.0,0.0
2016,1,27,21,0,0.0,0.0,1.1,11.0,0.0,0.0,0.0
2016,1,27,21,15,0.0,0.0,1.1,11.0,0.0,0.0,0.0
2016,1,27,21,30,0.0,0.0,1.1,11.0,0.0,0.0,0.0
2016,1,27,21,45,0.0,0.0,1.15,11.0,0.0,0.0,0.0
2016,1,27,22,0,0.0,0.0,1.2,11.0,0.0,0.0,0.0
2016,1,27,22,15,0.0,0.0,1.15,11.0,0.0,0.0,0.0
2016,1,27,22,30,0.0,0.0,1.1,11.0,0.0,0.0,0.0
2016,1,27,22,45,0.0,0.0,1.05,11.0,0.0,0.0,0.0
2016,1,27,23,0,0.0,0.0,1.0,11.0,0.0,0.0,0.0
2016,1,27,23,15,0.0,0.0,0.85,11.0,0.0,0.0,0.0
2016,1,27,23,30,0.0,0.0,0.7,11.0,0.0,0.0,0.0
2016,1,27,23,45,0.0,0.0,0.6,11.0,0.0,0.0,0.0
2016,1,28,0,0,0.0,0.0,0.5,11.0,0.0,0.0,0.0
2016,1,28,0,15,0.0,0.0,0.4,11.0,0.0,0.0,0.0
2016,1,28,0,30,0.0,0.0,0.3,11.0,0.0,0.0,0.0
2016,1,28,0,45,0.0,0.0,0.25,11.0,0.0,0.0,0.0
2016,1,28,1,0,0.0,0.0,0.2,11.0,0.0,0.0,0.0
2016,1,28,1,15,0.0,0.0,0.25,10.5,0.0,0.0,0.0
2016,1,28,1,30,0.0,0.0,0.3,10.0,0.0,0.0,0.0
2016,1,28,1,45,0.0,0.0,0.35,10.0,0.0,0.0,0.0
2016,1,28,2,0,0.0,0.0,0.4,10.0,0.0,0.0,0.0
2016,1,28,2,15,0.0,0.0,0.45,10.0,0.0,0.0,0.0
2016,1,28,2,30,0.0,0.0,0.5,10.0,0.0,0.0,0.0
2016,1,28,2,45,0.0,0.0,0.6,10.0,0.0,0.0,0.0
2016,1,28,3,0,0.0,0.0,0.7,10.0,0.0,0.0,0.0
2016,1,28,3,15,0.0,0.0,0.7,10.0,0.0,0.0,0.0
2016,1,28,3,30,0.0,0.0,0.7,10.0,0.0,0.0,0.0
2016,1,28,3,45,0.0,0.0,0.75,10.0,0.0,0.0,0.0
2016,1,28,4,0,0.0,0.0,0.8,10.0,0.0,0.0,0.0
2016,1,28,4,15,0.0,0.0,0.8,10.0,0.0,0.0,0.0
2016,1,28,4,30,0.0,0.0,0.8,10.0,0.0,0.0,0.0
2016,1,28,4,45,0.0,0.0,0.8,10.0,0.0,0.0,0.0
2016,1,28,5,0,0.0,0.0,0.8,10.0,0.0,0.0,0.0
2016,1,28,5,15,0.0,0.0,0.75,10.0,0.0,0.0,0.0
2016,1,28,5,30,0.0,0.0,0.7,10.0,0.0,0.0,0.0
2016,1,28,5,45,0.0,0.0,0.7,10.0,0.0,0.0,0.0
2016,1,28,6,0,0.0,0.0,0.7,10.0,0.0,0.0,0.0
2016,1,28,6,15,0.0,0.0,0.6,10.0,0.0,0.0,0.0
2016,1,28,6,30,0.0,0.0,0.5,10.0,0.0,0.0,0.0
2016,1,28,6,45,0.0,0.0,0.45,10.0,0.0,0.0,0.0
2016,1,28,7,0,0.0,0.0,0.4,10.0,0.0,0.0,0.0
2016,1,28,7,15,0.0,1.5,0.4,10.0,1.5,0.0,0.0
2016,1,28,7,30,0.0,3.0,0.4,10.0,3.0,2.86,0.0
2016,1,28,7,45,0.0,9.0,0.4,10.5,9.0,8.33,0.0
2016,1,28,8,0,0.0,15.0,0.4,11.0,15.0,13.9,5.95
2016,1,28,8,15,0.0,23.0,0.55,11.0,23.0,21.33,12.61
2016,1,28,8,30,0.0,31.0,0.7,11.0,31.0,28.77,19.23
2016,1,28,8,45,0.0,39.5,0.9,11.5,39.5,36.68,26.14
2016,1,28,9,0,0.0,48.0,1.1,12.0,48.0,44.6,32.96
2016,1,28,9,15,0.0,55.5,1.05,12.0,55.5,51.59,38.97
2016,1,28,9,30,0.0,63.0,1.0,12.0,63.0,58.59,44.91
2016,1,28,9,45,27.0,118.0,1.0,12.5,129.5,137.84,112.27
2016,1,28,10,0,54.0,173.0,1.0,13.0,196.0,220.36,180.01
2016,1,28,10,15,242.0,172.0,1.3,13.0,285.0,377.15,309.9
2016,1,28,10,30,430.0,171.0,1.6,13.0,374.0,537.16,437.21
2016,1,28,10,45,442.5,178.0,1.95,13.5,396.5,567.29,459.56
2016,1,28,11,0,455.0,185.0,2.3,14.0,419.0,596.37,481.9
2016,1,28,11,15,244.5,202.0,2.25,14.0,328.5,438.82,356.13
2016,1,28,11,30,34.0,219.0,2.2,14.0,238.0,259.88,209.05
2016,1,28,11,45,34.5,223.0,2.2,14.0,242.5,264.99,213.65
2016,1,28,12,0,35.0,227.0,2.2,14.0,247.0,270.13,217.65
2016,1,28,12,15,17.5,151.5,2.0,14.0,161.5,160.75,128.76
2016,1,28,12,30,0.0,76.0,1.8,14.0,76.0,70.78,53.95
2016,1,28,12,45,75.5,165.5,1.6,14.5,207.0,246.21,200.33
2016,1,28,13,0,151.0,255.0,1.4,15.0,338.0,415.77,333.14
2016,1,28,13,15,283.0,229.0,1.3,15.0,380.5,507.16,404.82
2016,1,28,13,30,415.0,203.0,1.2,15.0,423.0,593.45,470.83
2016,1,28,13,45,245.5,209.0,1.2,15.0,338.0,443.22,354.45
2016,1,28,14,0,76.0,215.0,1.2,15.0,253.0,288.43,231.41
2016,1,28,14,15,70.0,202.0,1.1,15.0,235.5,267.52,215.65
2016,1,28,14,30,64.0,189.0,1.0,15.0,218.0,246.91,199.32
2016,1,28,14,45,32.0,144.5,0.95,15.0,159.0,171.5,138.06
2016,1,28,15,0,0.0,100.0,0.9,15.0,100.0,95.21,74.77
2016,1,28,15,15,0.0,89.5,0.85,15.0,89.5,84.94,66.47
2016,1,28,15,30,0.0,79.0,0.8,15.0,79.0,74.72,57.97
2016,1,28,15,45,0.0,68.0,0.75,15.0,68.0,64.03,48.97
2016,1,28,16,0,0.0,57.0,0.7,15.0,57.0,53.38,39.88
2016,1,28,16,15,0.0,45.5,0.75,14.5,45.5,42.29,30.36
2016,1,28,16,30,0.0,34.0,0.8,14.0,34.0,31.58,21.02
2016,1,28,16,45,0.0,23.0,0.9,13.5,23.0,21.34,11.96
2016,1,28,17,0,0.0,12.0,1.0,13.0,12.0,11.12,1.86
2016,1,28,17,15,0.0,6.0,1.05,13.0,6.0,5.72,0.0
2016,1,28,17,30,0.0,0.0,1.1,13.0,0.0,0.0,0.0
2016,1,28,17,45,0.0,0.0,1.2,13.0,0.0,0.0,0.0
2016,1,28,18,0,0.0,0.0,1.3,13.0,0.0,0.0,0.0
2016,1,28,18,15,0.0,0.0,1.35,13.0,0.0,0.0,0.0
2016,1,28,18,30,0.0,0.0,1.4,13.0,0.0,0.0,0.0
2016,1,28,18,45,0.0,0.0,1.45,13.0,0.0,0.0,0.0
2016,1,28,19,0,0.0,0.0,1.5,13.0,0.0,0.0,0.0
2016,1,28,19,15,0.0,0.0,1.55,13.0,0.0,0.0,0.0
2016,1,28,19,30,0.0,0.0,1.6,13.0,0.0,0.0,0.0
2016,1,28,19,45,0.0,0.0,1.7,13.0,0.0,0.0,0.0
2016,1,28,20,0,0.0,0.0,1.8,13.0,0.0,0.0,0.0
2016,1,28,20,15,0.0,0.0,1.75,13.0,0.0,0.0,0.0
2016,1,28,20,30,0.0,0.0,1.7,13.0,0.0,0.0,0.0
2016,1,28,20,45,0.0,0.0,1.7,13.0,0.0,0.0,0.0
2016,1,28,21,0,0.0,0.0,1.7,13.0,0.0,0.0,0.0
2016,1,28,21,15,0.0,0.0,1.65,13.0,0.0,0.0,0.0
2016,1,28,21,30,0.0,0.0,1.6,13.0,0.0,0.0,0.0
2016,1,28,21,45,0.0,0.0,1.55,13.0,0.0,0.0,0.0
2016,1,28,22,0,0.0,0.0,1.5,13.0,0.0,0.0,0.0
2016,1,28,22,15,0.0,0.0,1.5,13.0,0.0,0.0,0.0
2016,1,28,22,30,0.0,0.0,1.5,13.0,0.0,0.0,0.0
2016,1,28,22,45,0.0,0.0,1.55,13.0,0.0,0.0,0.0
2016,1,28,23,0,0.0,0.0,1.6,13.0,0.0,0.0,0.0
2016,1,28,23,15,0.0,0.0,1.65,12.5,0.0,0.0,0.0
2016,1,28,23,30,0.0,0.0,1.7,12.0,0.0,0.0,0.0
2016,1,28,23,45,0.0,0.0,1.8,12.0,0.0,0.0,0.0
2016,1,29,0,0,0.0,0.0,1.9,12.0,0.0,0.0,0.0
2016,1,29,0,15,0.0,0.0,1.95,12.0,0.0,0.0,0.0
2016,1,29,0,30,0.0,0.0,2.0,12.0,0.0,0.0,0.0
2016,1,29,0,45,0.0,0.0,2.05,12.0,0.0,0.0,0.0
2016,1,29,1,0,0.0,0.0,2.1,12.0,0.0,0.0,0.0
2016,1,29,1,15,0.0,0.0,2.15,12.0,0.0,0.0,0.0
2016,1,29,1,30,0.0,0.0,2.2,12.0,0.0,0.0,0.0
2016,1,29,1,45,0.0,0.0,2.25,12.0,0.0,0.0,0.0
2016,1,29,2,0,0.0,0.0,2.3,12.0,0.0,0.0,0.0
2016,1,29,2,15,0.0,0.0,2.35,12.0,0.0,0.0,0.0
2016,1,29,2,30,0.0,0.0,2.4,12.0,0.0,0.0,0.0
2016,1,29,2,45,0.0,0.0,2.45,12.0,0.0,0.0,0.0
2016,1,29,3,0,0.0,0.0,2.5,12.0,0.0,0.0,0.0
2016,1,29,3,15,0.0,0.0,2.5,12.0,0.0,0.0,0.0
2016,1,29,3,30,0.0,0.0,2.5,12.0,0.0,0.0,0.0
2016,1,29,3,45,0.0,0.0,2.55,12.0,0.0,0.0,0.0
2016,1,29,4,0,0.0,0.0,2.6,12.0,0.0,0.0,0.0
2016,1,29,4,15,0.0,0.0,2.6,12.0,0.0,0.0,0.0
2016,1,29,4,30,0.0,0.0,2.6,12.0,0.0,0.0,0.0
2016,1,29,4,45,0.0,0.0,2.6,12.0,0.0,0.0,0.0
2016,1,29,5,0,0.0,0.0,2.6,12.0,0.0,0.0,0.0
2016,1,29,5,15,0.0,0.0,2.6,12.0,0.0,0.0,0.0
2016,1,29,5,30,0.0,0.0,2.6,12.0,0.0,0.0,0.0
2016,1,29,5,45,0.0,0.0,2.65,12.5,0.0,0.0,0.0
2016,1,29,6,0,0.0,0.0,2.7,13.0,0.0,0.0,0.0
2016,1,29,6,15,0.0,0.0,2.7,13.0,0.0,0.0,0.0
2016,1,29,6,30,0.0,0.0,2.7,13.0,0.0,0.0,0.0
2016,1,29,6,45,0.0,0.0,2.75,13.0,0.0,0.0,0.0
2016,1,29,7,0,0.0,0.0,2.8,13.0,0.0,0.0,0.0
2016,1,29,7,15,0.0,0.0,3.0,13.0,0.0,0.0,0.0
2016,1,29,7,30,0.0,0.0,3.2,13.0,0.0,0.0,0.0
2016,1,29,7,45,0.0,0.5,3.4,13.5,0.5,0.46,0.0
2016,1,29,8,0,0.0,1.0,3.6,14.0,1.0,0.92,0.0
2016,1,29,8,15,0.0,1.5,3.65,14.0,1.5,1.39,0.0
2016,1,29,8,30,0.0,2.0,3.7,14.0,2.0,1.85,0.0
2016,1,29,8,45,0.0,2.5,3.8,14.0,2.5,2.31,0.0
2016,1,29,9,0,0.0,3.0,3.9,14.0,3.0,2.78,0.0
2016,1,29,9,15,0.0,4.0,3.95,14.0,4.0,3.7,0.0
2016,1,29,9,30,0.0,5.0,4.0,14.0,5.0,4.63,0.0
2016,1,29,9,45,0.0,10.0,4.1,14.5,10.0,9.27,2.29
2016,1,29,10,0,0.0,15.0,4.2,15.0,15.0,13.91,6.23
2016,1,29,10,15,0.0,27.0,4.2,15.0,27.0,25.07,15.69
2016,1,29,10,30,0.0,39.0,4.2,15.0,39.0,36.24,25.12
2016,1,29,10,45,0.0,39.0,4.25,15.0,39.0,36.24,25.07
2016,1,29,11,0,0.0,39.0,4.3,15.0,39.0,36.25,25.04
2016,1,29,11,15,0.0,70.0,4.3,15.0,70.0,65.16,49.3
2016,1,29,11,30,0.0,101.0,4.3,15.0,101.0,94.7,73.88
2016,1,29,11,45,0.0,87.0,4.35,15.0,87.0,81.06,62.44
2016,1,29,12,0,0.0,73.0,4.4,15.0,73.0,67.97,51.51
2016,1,29,12,15,0.0,73.5,4.4,15.0,73.5,68.44,51.89
2016,1,29,12,30,0.0,74.0,4.4,15.0,74.0,68.91,52.28
2016,1,29,12,45,0.0,67.5,4.45,15.0,67.5,62.84,47.22
2016,1,29,13,0,0.0,61.0,4.5,15.0,61.0,56.77,42.17
2016,1,29,13,15,2.0,118.0,4.55,15.0,119.0,113.32,89.44
2016,1,29,13,30,4.0,175.0,4.6,15.0,177.0,174.15,139.72
2016,1,29,13,45,2.0,146.5,4.65,15.0,147.5,142.76,113.91
2016,1,29,14,0,0.0,118.0,4.7,15.0,118.0,112.08,88.59
2016,1,29,14,15,0.0,62.5,4.75,14.5,62.5,58.14,43.66
2016,1,29,14,30,0.0,7.0,4.8,14.0,7.0,6.49,0.0
2016,1,29,14,45,27.0,84.5,4.85,14.0,95.5,101.74,81.71
2016,1,29,15,0,54.0,162.0,4.9,14.0,184.0,206.7,170.02
2016,1,29,15,15,51.0,146.0,4.9,14.0,165.0,185.53,152.3
2016,1,29,15,30,48.0,130.0,4.9,14.0,146.0,164.64,134.8
2016,1,29,15,45,42.5,113.0,4.95,14.0,125.5,141.53,115.15
2016,1,29,16,0,37.0,96.0,5.0,14.0,105.0,118.97,95.71
2016,1,29,16,15,28.0,78.0,5.0,13.5,84.0,94.24,74.35
2016,1,29,16,30,19.0,60.0,5.0,13.0,63.0,70.4,53.55
2016,1,29,16,45,9.5,42.0,5.05,13.0,43.5,44.62,31.0
2016,1,29,17,0,0.0,24.0,5.1,13.0,24.0,22.9,10.5
2016,1,29,17,15,0.0,12.0,5.1,13.0,12.0,11.44,0.0
2016,1,29,17,30,0.0,0.0,5.1,13.0,0.0,0.0,0.0
2016,1,29,17,45,0.0,0.0,5.15,13.0,0.0,0.0,0.0
2016,1,29,18,0,0.0,0.0,5.2,13.0,0.0,0.0,0.0
2016,1,29,18,15,0.0,0.0,5.1,13.0,0.0,0.0,0.0
2016,1,29,18,30,0.0,0.0,5.0,13.0,0.0,0.0,0.0
2016,1,29,18,45,0.0,0.0,4.9,13.0,0.0,0.0,0.0
2016,1,29,19,0,0.0,0.0,4.8,13.0,0.0,0.0,0.0
2016,1,29,19,15,0.0,0.0,4.55,13.0,0.0,0.0,0.0
2016,1,29,19,30,0.0,0.0,4.3,13.0,0.0,0.0,0.0
2016,1,29,19,45,0.0,0.0,4.1,13.0,0.0,0.0,0.0
2016,1,29,20,0,0.0,0.0,3.9,13.0,0.0,0.0,0.0
2016,1,29,20,15,0.0,0.0,3.65,12.5,0.0,0.0,0.0
2016,1,29,20,30,0.0,0.0,3.4,12.0,0.0,0.0,0.0
2016,1,29,20,45,0.0,0.0,3.2,12.0,0.0,0.0,0.0
2016,1,29,21,0,0.0,0.0,3.0,12.0,0.0,0.0,0.0
2016,1,29,21,15,0.0,0.0,2.85,12.0,0.0,0.0,0.0
2016,1,29,21,30,0.0,0.0,2.7,12.0,0.0,0.0,0.0
2016,1,29,21,45,0.0,0.0,2.6,12.0,0.0,0.0,0.0
2016,1,29,22,0,0.0,0.0,2.5,12.0,0.0,0.0,0.0
2016,1,29,22,15,0.0,0.0,2.55,11.5,0.0,0.0,0.0
2016,1,29,22,30,0.0,0.0,2.6,11.0,0.0,0.0,0.0
2016,1,29,22,45,0.0,0.0,2.65,11.0,0.0,0.0,0.0
2016,1,29,23,0,0.0,0.0,2.7,11.0,0.0,0.0,0.0
2016,1,29,23,15,0.0,0.0,2.95,11.0,0.0,0.0,0.0
2016,1,29,23,30,0.0,0.0,3.2,11.0,0.0,0.0,0.0
2016,1,29,23,45,0.0,0.0,3.5,11.0,0.0,0.0,0.0
2016,1,30,0,0,0.0,0.0,3.8,11.0,0.0,0.0,0.0
2016,1,30,0,15,0.0,0.0,3.9,10.5,0.0,0.0,0.0
2016,1,30,0,30,0.0,0.0,4.0,10.0,0.0,0.0,0.0
2016,1,30,0,45,0.0,0.0,4.1,10.0,0.0,0.0,0.0
2016,1,30,1,0,0.0,0.0,4.2,10.0,0.0,0.0,0.0
2016,1,30,1,15,0.0,0.0,4.05,10.0,0.0,0.0,0.0
2016,1,30,1,30,0.0,0.0,3.9,10.0,0.0,0.0,0.0
2016,1,30,1,45,0.0,0.0,3.8,10.0,0.0,0.0,0.0
2016,1,30,2,0,0.0,0.0,3.7,10.0,0.0,0.0,0.0
2016,1,30,2,15,0.0,0.0,3.7,10.0,0.0,0.0,0.0
2016,1,30,2,30,0.0,0.0,3.7,10.0,0.0,0.0,0.0
2016,1,30,2,45,0.0,0.0,3.7,10.0,0.0,0.0,0.0
2016,1,30,3,0,0.0,0.0,3.7,10.0,0.0,0.0,0.0
2016,1,30,3,15,0.0,0.0,3.75,10.0,0.0,0.0,0.0
2016,1,30,3,30,0.0,0.0,3.8,10.0,0.0,0.0,0.0
2016,1,30,3,45,0.0,0.0,3.9,10.0,0.0,0.0,0.0
2016,1,30,4,0,0.0,0.0,4.0,10.0,0.0,0.0,0.0
2016,1,30,4,15,0.0,0.0,4.2,9.5,0.0,0.0,0.0
2016,1,30,4,30,0.0,0.0,4.4,9.0,0.0,0.0,0.0
2016,1,30,4,45,0.0,0.0,4.6,9.0,0.0,0.0,0.0
2016,1,30,5,0,0.0,0.0,4.8,9.0,0.0,0.0,0.0
2016,1,30,5,15,0.0,0.0,4.8,9.0,0.0,0.0,0.0
2016,1,30,5,30,0.0,0.0,4.8,9.0,0.0,0.0,0.0
2016,1,30,5,45,0.0,0.0,4.85,9.0,0.0,0.0,0.0
2016,1,30,6,0,0.0,0.0,4.9,9.0,0.0,0.0,0.0
2016,1,30,6,15,0.0,0.0,4.75,9.0,0.0,0.0,0.0
2016,1,30,6,30,0.0,0.0,4.6,9.0,0.0,0.0,0.0
2016,1,30,6,45,0.0,0.0,4.5,9.0,0.0,0.0,0.0
2016,1,30,7,0,0.0,0.0,4.4,9.0,0.0,0.0,0.0
2016,1,30,7,15,0.0,9.5,4.55,9.0,9.5,0.0,0.0
2016,1,30,7,30,0.0,19.0,4.7,9.0,19.0,18.11,0.0
2016,1,30,7,45,228.0,26.0,4.85,9.5,54.5,101.15,60.55
2016,1,30,8,0,456.0,33.0,5.0,10.0,90.0,196.23,146.75
2016,1,30,8,15,534.5,40.0,4.95,10.0,133.0,258.98,205.35
2016,1,30,8,30,613.0,47.0,4.9,10.0,176.0,327.17,267.88
2016,1,30,8,45,668.0,50.5,4.9,10.5,220.5,389.51,324.25
2016,1,30,9,0,723.0,54.0,4.9,11.0,265.0,455.62,382.12
2016,1,30,9,15,502.0,98.0,4.9,11.0,254.5,412.21,347.53
2016,1,30,9,30,281.0,142.0,4.9,11.0,244.0,339.85,286.39
2016,1,30,9,45,559.5,103.0,4.9,11.5,333.0,503.99,425.04
2016,1,30,10,0,838.0,64.0,4.9,12.0,422.0,664.76,555.06
2016,1,30,10,15,854.0,66.0,4.9,12.0,453.0,707.34,586.56
2016,1,30,10,30,870.0,68.0,4.9,12.0,484.0,748.07,616.85
2016,1,30,10,45,880.0,69.5,4.95,12.0,509.0,781.35,641.43
2016,1,30,11,0,890.0,71.0,5.0,12.0,534.0,811.94,663.92
2016,1,30,11,15,897.0,72.0,5.0,12.0,551.5,836.55,681.57
2016,1,30,11,30,904.0,73.0,5.0,12.0,569.0,857.97,696.89
2016,1,30,11,45,905.5,74.5,5.05,12.5,579.0,871.98,705.73
2016,1,30,12,0,907.0,76.0,5.1,13.0,589.0,882.45,712.08
2016,1,30,12,15,908.0,76.0,5.1,13.0,591.0,887.06,715.27
2016,1,30,12,30,909.0,76.0,5.1,13.0,593.0,888.04,715.96
2016,1,30,12,45,661.0,148.0,5.1,13.0,522.0,766.87,625.0
2016,1,30,13,0,413.0,220.0,5.1,13.0,451.0,625.12,511.68
2016,1,30,13,15,489.5,192.5,5.05,13.0,460.0,653.4,536.51
2016,1,30,13,30,566.0,165.0,5.0,13.0,469.0,676.95,556.79
2016,1,30,13,45,301.0,184.0,5.0,13.0,345.5,459.14,380.47
2016,1,30,14,0,36.0,203.0,5.0,13.0,222.0,242.23,197.88
2016,1,30,14,15,297.5,169.0,5.05,12.5,306.0,423.66,354.58
2016,1,30,14,30,559.0,135.0,5.1,12.0,390.0,577.93,483.71
2016,1,30,14,45,560.5,123.0,5.2,12.0,363.0,550.1,461.14
2016,1,30,15,0,562.0,111.0,5.3,12.0,336.0,515.76,433.63
2016,1,30,15,15,534.0,105.5,5.15,11.5,302.0,468.24,394.57
2016,1,30,15,30,506.0,100.0,5.0,11.0,268.0,418.18,352.63
2016,1,30,15,45,478.5,89.5,4.9,11.0,231.0,367.79,308.89
2016,1,30,16,0,451.0,79.0,4.8,11.0,194.0,318.89,265.36
2016,1,30,16,15,404.5,67.5,4.6,10.5,156.0,262.5,215.04
2016,1,30,16,30,358.0,56.0,4.4,10.0,118.0,210.29,167.42
2016,1,30,16,45,284.0,42.5,4.2,10.0,82.0,151.47,114.13
2016,1,30,17,0,210.0,29.0,4.0,10.0,46.0,100.33,62.52
2016,1,30,17,15,105.0,14.5,3.95,9.5,23.0,35.81,0.0
2016,1,30,17,30,0.0,0.0,3.9,9.0,0.0,0.0,0.0
2016,1,30,17,45,0.0,0.0,3.9,9.0,0.0,0.0,0.0
2016,1,30,18,0,0.0,0.0,3.9,9.0,0.0,0.0,0.0
2016,1,30,18,15,0.0,0.0,3.9,9.0,0.0,0.0,0.0
2016,1,30,18,30,0.0,0.0,3.9,9.0,0.0,0.0,0.0
2016,1,30,18,45,0.0,0.0,3.95,9.0,0.0,0.0,0.0
2016,1,30,19,0,0.0,0.0,4.0,9.0,0.0,0.0,0.0
2016,1,30,19,15,0.0,0.0,3.9,9.0,0.0,0.0,0.0
2016,1,30,19,30,0.0,0.0,3.8,9.0,0.0,0.0,0.0
2016,1,30,19,45,0.0,0.0,3.75,9.0,0.0,0.0,0.0
2016,1,30,20,0,0.0,0.0,3.7,9.0,0.0,0.0,0.0
2016,1,30,20,15,0.0,0.0,3.6,9.0,0.0,0.0,0.0
2016,1,30,20,30,0.0,0.0,3.5,9.0,0.0,0.0,0.0
2016,1,30,20,45,0.0,0.0,3.4,9.0,0.0,0.0,0.0
2016,1,30,21,0,0.0,0.0,3.3,9.0,0.0,0.0,0.0
2016,1,30,21,15,0.0,0.0,3.3,9.0,0.0,0.0,0.0
2016,1,30,21,30,0.0,0.0,3.3,9.0,0.0,0.0,0.0
2016,1,30,21,45,0.0,0.0,3.3,9.0,0.0,0.0,0.0
2016,1,30,22,0,0.0,0.0,3.3,9.0,0.0,0.0,0.0
2016,1,30,22,15,0.0,0.0,3.35,9.0,0.0,0.0,0.0
2016,1,30,22,30,0.0,0.0,3.4,9.0,0.0,0.0,0.0
2016,1,30,22,45,0.0,0.0,3.45,9.0,0.0,0.0,0.0
2016,1,30,23,0,0.0,0.0,3.5,9.0,0.0,0.0,0.0
2016,1,30,23,15,0.0,0.0,3.45,8.5,0.0,0.0,0.0
2016,1,30,23,30,0.0,0.0,3.4,8.0,0.0,0.0,0.0
2016,1,30,23,45,0.0,0.0,3.35,8.0,0.0,0.0,0.0
2016,1,31,0,0,0.0,0.0,3.3,8.0,0.0,0.0,0.0
2016,1,31,0,15,0.0,0.0,3.3,8.0,0.0,0.0,0.0
2016,1,31,0,30,0.0,0.0,3.3,8.0,0.0,0.0,0.0
2016,1,31,0,45,0.0,0.0,3.3,8.0,0.0,0.0,0.0
2016,1,31,1,0,0.0,0.0,3.3,8.0,0.0,0.0,0.0
2016,1,31,1,15,0.0,0.0,3.25,8.0,0.0,0.0,0.0
2016,1,31,1,30,0.0,0.0,3.2,8.0,0.0,0.0,0.0
2016,1,31,1,45,0.0,0.0,3.2,8.0,0.0,0.0,0.0
2016,1,31,2,0,0.0,0.0,3.2,8.0,0.0,0.0,0.0
2016,1,31,2,15,0.0,0.0,3.2,8.0,0.0,0.0,0.0
2016,1,31,2,30,0.0,0.0,3.2,8.0,0.0,0.0,0.0
2016,1,31,2,45,0.0,0.0,3.2,8.0,0.0,0.0,0.0
2016,1,31,3,0,0.0,0.0,3.2,8.0,0.0,0.0,0.0
2016,1,31,3,15,0.0,0.0,3.15,8.0,0.0,0.0,0.0
2016,1,31,3,30,0.0,0.0,3.1,8.0,0.0,0.0,0.0
2016,1,31,3,45,0.0,0.0,3.1,8.0,0.0,0.0,0.0
2016,1,31,4,0,0.0,0.0,3.1,8.0,0.0,0.0,0.0
2016,1,31,4,15,0.0,0.0,3.05,8.0,0.0,0.0,0.0
2016,1,31,4,30,0.0,0.0,3.0,8.0,0.0,0.0,0.0
2016,1,31,4,45,0.0,0.0,3.0,8.0,0.0,0.0,0.0
2016,1,31,5,0,0.0,0.0,3.0,8.0,0.0,0.0,0.0
2016,1,31,5,15,0.0,0.0,3.0,8.0,0.0,0.0,0.0
2016,1,31,5,30,0.0,0.0,3.0,8.0,0.0,0.0,0.0
2016,1,31,5,45,0.0,0.0,3.05,8.0,0.0,0.0,0.0
2016,1,31,6,0,0.0,0.0,3.1,8.0,0.0,0.0,0.0
2016,1,31,6,15,0.0,0.0,3.1,8.0,0.0,0.0,0.0
2016,1,31,6,30,0.0,0.0,3.1,8.0,0.0,0.0,0.0
2016,1,31,6,45,0.0,0.0,3.15,8.0,0.0,0.0,0.0
2016,1,31,7,0,0.0,0.0,3.2,8.0,0.0,0.0,0.0
2016,1,31,7,15,0.0,10.5,3.3,8.0,10.5,10.01,0.0
2016,1,31,7,30,0.0,21.0,3.4,8.0,21.0,20.02,0.0
2016,1,31,7,45,226.5,28.5,3.55,8.5,57.5,103.25,64.15
2016,1,31,8,0,453.0,36.0,3.7,9.0,94.0,198.89,149.68
2016,1,31,8,15,534.5,42.0,3.95,9.0,137.0,261.75,208.16
2016,1,31,8,30,616.0,48.0,4.2,9.0,180.0,330.2,270.96
2016,1,31,8,45,667.0,52.5,4.5,9.0,224.5,392.07,327.79
2016,1,31,9,0,718.0,57.0,4.8,9.0,269.0,457.37,386.26
2016,1,31,9,15,763.0,56.0,5.05,9.0,310.5,515.73,437.83
2016,1,31,9,30,808.0,55.0,5.3,9.0,352.0,571.42,486.28
2016,1,31,9,45,830.0,62.5,5.55,9.5,394.0,632.46,536.41
2016,1,31,10,0,852.0,70.0,5.8,10.0,436.0,688.29,580.35
2016,1,31,10,15,869.0,71.5,5.95,10.0,468.5,732.0,614.25
2016,1,31,10,30,886.0,73.0,6.1,10.0,501.0,767.94,641.86
2016,1,31,10,45,901.5,73.5,6.35,10.5,527.5,804.85,669.3
2016,1,31,11,0,917.0,74.0,6.6,11.0,554.0,839.27,694.66
2016,1,31,11,15,924.5,75.0,6.85,11.0,572.5,864.9,714.52
2016,1,31,11,30,932.0,76.0,7.1,11.0,591.0,887.26,731.99
2016,1,31,11,45,937.5,76.0,7.35,11.0,602.0,903.26,744.71
2016,1,31,12,0,943.0,76.0,7.6,11.0,613.0,915.67,754.83
2016,1,31,12,15,944.0,76.0,7.85,11.0,615.0,920.47,759.25
2016,1,31,12,30,945.0,76.0,8.1,11.0,617.0,921.5,760.94
2016,1,31,12,45,936.5,78.0,8.4,11.0,610.0,912.95,755.53
2016,1,31,13,0,928.0,80.0,8.7,11.0,603.0,900.76,747.39
2016,1,31,13,15,922.5,79.5,8.9,11.0,589.0,884.55,735.87
2016,1,31,13,30,917.0,79.0,9.1,11.0,575.0,864.89,721.7
2016,1,31,13,45,900.5,80.0,9.35,11.0,552.0,834.8,699.4
2016,1,31,14,0,884.0,81.0,9.6,11.0,529.0,808.29,679.88
2016,1,31,14,15,870.5,79.5,9.65,10.5,500.5,772.01,653.18
2016,1,31,14,30,857.0,78.0,9.7,10.0,472.0,733.36,624.31
2016,1,31,14,45,829.5,77.5,9.75,10.0,436.0,684.01,585.19
2016,1,31,15,0,802.0,77.0,9.8,10.0,400.0,633.77,543.68
2016,1,31,15,15,773.0,73.5,9.8,10.0,360.0,578.69,496.63
2016,1,31,15,30,744.0,70.0,9.8,10.0,320.0,523.68,448.6
2016,1,31,15,45,696.5,66.5,9.8,10.0,276.0,462.06,393.75
2016,1,31,16,0,649.0,63.0,9.8,10.0,232.0,400.46,337.75
2016,1,31,16,15,584.0,56.5,9.8,9.5,186.5,331.04,274.63
2016,1,31,16,30,519.0,50.0,9.8,9.0,141.0,267.08,215.14
2016,1,31,16,45,414.0,40.5,9.85,9.0,99.0,193.03,147.27
2016,1,31,17,0,309.0,31.0,9.9,9.0,57.0,130.16,84.65
2016,1,31,17,15,154.5,15.5,9.95,9.0,28.5,55.03,0.0
2016,1,31,17,30,0.0,0.0,10.0,9.0,0.0,0.0,0.0
2016,1,31,17,45,0.0,0.0,10.05,9.0,0.0,0.0,0.0
2016,1,31,18,0,0.0,0.0,10.1,9.0,0.0,0.0,0.0
2016,1,31,18,15,0.0,0.0,10.05,9.0,0.0,0.0,0.0
2016,1,31,18,30,0.0,0.0,10.0,9.0,0.0,0.0,0.0
2016,1,31,18,45,0.0,0.0,9.95,9.0,0.0,0.0,0.0
2016,1,31,19,0,0.0,0.0,9.9,9.0,0.0,0.0,0.0
2016,1,31,19,15,0.0,0.0,9.85,8.5,0.0,0.0,0.0
2016,1,31,19,30,0.0,0.0,9.8,8.0,0.0,0.0,0.0
2016,1,31,19,45,0.0,0.0,9.8,8.0,0.0,0.0,0.0
2016,1,31,20,0,0.0,0.0,9.8,8.0,0.0,0.0,0.0
2016,1,31,20,15,0.0,0.0,9.8,8.0,0.0,0.0,0.0
2016,1,31,20,30,0.0,0.0,9.8,8.0,0.0,0.0,0.0
2016,1,31,20,45,0.0,0.0,9.8,8.0,0.0,0.0,0.0
2016,1,31,21,0,0.0,0.0,9.8,8.0,0.0,0.0,0.0
2016,1,31,21,15,0.0,0.0,9.65,8.0,0.0,0.0,0.0
2016,1,31,21,30,0.0,0.0,9.5,8.0,0.0,0.0,0.0
2016,1,31,21,45,0.0,0.0,9.4,8.0,0.0,0.0,0.0
2016,1,31,22,0,0.0,0.0,9.3,8.0,0.0,0.0,0.0
2016,1,31,22,15,0.0,0.0,9.05,7.5,0.0,0.0,0.0
2016,1,31,22,30,0.0,0.0,8.8,7.0,0.0,0.0,0.0
2016,1,31,22,45,0.0,0.0,8.55,7.0,0.0,0.0,0.0
2016,1,31,23,0,0.0,0.0,8.3,7.0,0.0,0.0,0.0
2016,1,31,23,15,0.0,0.0,8.05,7.0,0.0,0.0,0.0
2016,1,31,23,30,0.0,0.0,7.8,7.0,0.0,0.0,0.0
2016,1,31,23,45,0.0,0.0,7.6,7.0,0.0,0.0,0.0
2016,2,1,0,0,0.0,0.0,7.4,7.0,0.0,0.0,0.0
2016,2,1,0,15,0.0,0.0,7.3,6.5,0.0,0.0,0.0
2016,2,1,0,30,0.0,0.0,7.2,6.0,0.0,0.0,0.0
2016,2,1,0,45,0.0,0.0,7.1,6.0,0.0,0.0,0.0
2016,2,1,1,0,0.0,0.0,7.0,6.0,0.0,0.0,0.0
2016,2,1,1,15,0.0,0.0,6.95,6.0,0.0,0.0,0.0
2016,2,1,1,30,0.0,0.0,6.9,6.0,0.0,0.0,0.0
2016,2,1,1,45,0.0,0.0,6.9,6.0,0.0,0.0,0.0
2016,2,1,2,0,0.0,0.0,6.9,6.0,0.0,0.0,0.0
2016,2,1,2,15,0.0,0.0,6.95,6.0,0.0,0.0,0.0
2016,2,1,2,30,0.0,0.0,7.0,6.0,0.0,0.0,0.0
2016,2,1,2,45,0.0,0.0,7.05,6.0,0.0,0.0,0.0
2016,2,1,3,0,0.0,0.0,7.1,6.0,0.0,0.0,0.0
2016,2,1,3,15,0.0,0.0,7.1,6.0,0.0,0.0,0.0
2016,2,1,3,30,0.0,0.0,7.1,6.0,0.0,0.0,0.0
2016,2,1,3,45,0.0,0.0,7.15,6.0,0.0,0.0,0.0
2016,2,1,4,0,0.0,0.0,7.2,6.0,0.0,0.0,0.0
2016,2,1,4,15,0.0,0.0,7.15,6.0,0.0,0.0,0.0
2016,2,1,4,30,0.0,0.0,7.1,6.0,0.0,0.0,0.0
2016,2,1,4,45,0.0,0.0,7.1,6.0,0.0,0.0,0.0
2016,2,1,5,0,0.0,0.0,7.1,6.0,0.0,0.0,0.0
2016,2,1,5,15,0.0,0.0,7.0,6.0,0.0,0.0,0.0
2016,2,1,5,30,0.0,0.0,6.9,6.0,0.0,0.0,0.0
2016,2,1,5,45,0.0,0.0,6.85,6.0,0.0,0.0,0.0
2016,2,1,6,0,0.0,0.0,6.8,6.0,0.0,0.0,0.0
2016,2,1,6,15,0.0,0.0,6.8,6.0,0.0,0.0,0.0
2016,2,1,6,30,0.0,0.0,6.8,6.0,0.0,0.0,0.0
2016,2,1,6,45,0.0,0.0,6.8,6.0,0.0,0.0,0.0
2016,2,1,7,0,0.0,0.0,6.8,6.0,0.0,0.0,0.0
2016,2,1,7,15,0.0,12.5,6.9,6.5,12.5,11.91,0.0
2016,2,1,7,30,0.0,25.0,7.0,7.0,25.0,23.83,0.0
2016,2,1,7,45,281.5,28.5,7.1,7.5,65.0,119.28,76.57
2016,2,1,8,0,563.0,32.0,7.2,8.0,105.0,227.72,172.74
2016,2,1,8,15,636.5,37.5,7.25,8.0,151.5,293.34,235.57
2016,2,1,8,30,710.0,43.0,7.3,8.0,198.0,365.67,303.38
2016,2,1,8,45,756.0,47.0,7.35,8.5,244.0,429.27,362.27
2016,2,1,9,0,802.0,51.0,7.4,9.0,290.0,495.68,421.78
2016,2,1,9,15,831.5,54.0,7.3,9.0,333.0,549.9,470.18
2016,2,1,9,30,861.0,57.0,7.2,9.0,376.0,607.88,520.18
2016,2,1,9,45,870.0,62.5,7.1,9.5,412.5,655.44,559.12
2016,2,1,10,0,879.0,68.0,7.0,10.0,449.0,701.02,593.79
2016,2,1,10,15,893.5,69.5,6.85,10.0,481.0,743.5,626.12
2016,2,1,10,30,908.0,71.0,6.7,10.0,513.0,783.91,656.37
2016,2,1,10,45,913.0,74.0,6.6,10.5,537.5,816.3,678.94
2016,2,1,11,0,918.0,77.0,6.5,11.0,562.0,845.61,698.9
2016,2,1,11,15,924.0,78.0,6.4,11.0,579.5,870.09,716.35
2016,2,1,11,30,930.0,79.0,6.3,11.0,597.0,891.24,731.26
2016,2,1,11,45,928.5,81.5,6.2,11.0,606.0,904.3,740.07
2016,2,1,12,0,927.0,84.0,6.1,11.0,615.0,913.65,746.2
2016,2,1,12,15,927.0,84.0,6.0,11.0,617.0,917.56,748.38
2016,2,1,12,30,927.0,84.0,5.9,11.0,619.0,917.75,747.93
2016,2,1,12,45,924.5,83.5,5.8,11.5,613.0,911.44,741.37
2016,2,1,13,0,922.0,83.0,5.7,12.0,607.0,901.46,732.28
2016,2,1,13,15,916.0,82.5,5.7,12.0,592.5,884.9,720.38
2016,2,1,13,30,910.0,82.0,5.7,12.0,578.0,864.92,706.03
2016,2,1,13,45,903.5,80.0,5.7,12.0,557.0,839.43,687.57
2016,2,1,14,0,897.0,78.0,5.7,12.0,536.0,810.82,666.75
2016,2,1,14,15,883.5,76.0,5.65,11.5,507.0,779.84,645.04
2016,2,1,14,30,870.0,74.0,5.6,11.0,478.0,740.19,616.39
2016,2,1,14,45,853.5,71.0,5.6,11.0,443.5,695.09,582.19
2016,2,1,15,0,837.0,68.0,5.6,11.0,409.0,648.35,545.68
2016,2,1,15,15,810.0,65.0,5.35,10.5,369.0,593.73,500.92
2016,2,1,15,30,783.0,62.0,5.1,10.0,329.0,538.93,454.89
2016,2,1,15,45,745.5,58.0,4.95,10.0,285.0,477.59,401.64
2016,2,1,16,0,708.0,54.0,4.8,10.0,241.0,417.82,348.28
2016,2,1,16,15,649.5,48.5,4.65,9.5,195.5,349.28,286.92
2016,2,1,16,30,591.0,43.0,4.5,9.0,150.0,285.34,228.0
2016,2,1,16,45,495.0,35.0,4.4,9.0,106.5,214.34,162.77
2016,2,1,17,0,399.0,27.0,4.3,9.0,63.0,151.18,99.93
2016,2,1,17,15,199.5,13.5,4.3,8.5,31.5,63.12,0.0
2016,2,1,17,30,0.0,0.0,4.3,8.0,0.0,0.0,0.0
2016,2,1,17,45,0.0,0.0,4.35,8.0,0.0,0.0,0.0
2016,2,1,18,0,0.0,0.0,4.4,8.0,0.0,0.0,0.0
2016,2,1,18,15,0.0,0.0,4.4,8.0,0.0,0.0,0.0
2016,2,1,18,30,0.0,0.0,4.4,8.0,0.0,0.0,0.0
2016,2,1,18,45,0.0,0.0,4.45,8.0,0.0,0.0,0.0
2016,2,1,19,0,0.0,0.0,4.5,8.0,0.0,0.0,0.0
2016,2,1,19,15,0.0,0.0,4.4,7.5,0.0,0.0,0.0
2016,2,1,19,30,0.0,0.0,4.3,7.0,0.0,0.0,0.0
2016,2,1,19,45,0.0,0.0,4.2,7.0,0.0,0.0,0.0
2016,2,1,20,0,0.0,0.0,4.1,7.0,0.0,0.0,0.0
2016,2,1,20,15,0.0,0.0,4.0,7.0,0.0,0.0,0.0
2016,2,1,20,30,0.0,0.0,3.9,7.0,0.0,0.0,0.0
2016,2,1,20,45,0.0,0.0,3.8,7.0,0.0,0.0,0.0
2016,2,1,21,0,0.0,0.0,3.7,7.0,0.0,0.0,0.0
2016,2,1,21,15,0.0,0.0,3.7,7.0,0.0,0.0,0.0
2016,2,1,21,30,0.0,0.0,3.7,7.0,0.0,0.0,0.0
2016,2,1,21,45,0.0,0.0,3.7,7.5,0.0,0.0,0.0
2016,2,1,22,0,0.0,0.0,3.7,8.0,0.0,0.0,0.0
2016,2,1,22,15,0.0,0.0,3.7,8.0,0.0,0.0,0.0
2016,2,1,22,30,0.0,0.0,3.7,8.0,0.0,0.0,0.0
2016,2,1,22,45,0.0,0.0,3.75,8.0,0.0,0.0,0.0
2016,2,1,23,0,0.0,0.0,3.8,8.0,0.0,0.0,0.0
2016,2,1,23,15,0.0,0.0,3.8,8.0,0.0,0.0,0.0
2016,2,1,23,30,0.0,0.0,3.8,8.0,0.0,0.0,0.0
2016,2,1,23,45,0.0,0.0,3.8,8.0,0.0,0.0,0.0
2016,2,2,0,0,0.0,0.0,3.8,8.0,0.0,0.0,0.0
2016,2,2,0,15,0.0,0.0,3.6,8.0,0.0,0.0,0.0
2016,2,2,0,30,0.0,0.0,3.4,8.0,0.0,0.0,0.0
2016,2,2,0,45,0.0,0.0,3.25,8.0,0.0,0.0,0.0
2016,2,2,1,0,0.0,0.0,3.1,8.0,0.0,0.0,0.0
2016,2,2,1,15,0.0,0.0,2.95,8.0,0.0,0.0,0.0
2016,2,2,1,30,0.0,0.0,2.8,8.0,0.0,0.0,0.0
2016,2,2,1,45,0.0,0.0,2.7,8.0,0.0,0.0,0.0
2016,2,2,2,0,0.0,0.0,2.6,8.0,0.0,0.0,0.0
2016,2,2,2,15,0.0,0.0,2.6,7.5,0.0,0.0,0.0
2016,2,2,2,30,0.0,0.0,2.6,7.0,0.0,0.0,0.0
2016,2,2,2,45,0.0,0.0,2.65,7.0,0.0,0.0,0.0
2016,2,2,3,0,0.0,0.0,2.7,7.0,0.0,0.0,0.0
2016,2,2,3,15,0.0,0.0,2.8,7.0,0.0,0.0,0.0
2016,2,2,3,30,0.0,0.0,2.9,7.0,0.0,0.0,0.0
2016,2,2,3,45,0.0,0.0,3.0,7.5,0.0,0.0,0.0
2016,2,2,4,0,0.0,0.0,3.1,8.0,0.0,0.0,0.0
2016,2,2,4,15,0.0,0.0,3.15,8.0,0.0,0.0,0.0
2016,2,2,4,30,0.0,0.0,3.2,8.0,0.0,0.0,0.0
2016,2,2,4,45,0.0,0.0,3.3,8.0,0.0,0.0,0.0
2016,2,2,5,0,0.0,0.0,3.4,8.0,0.0,0.0,0.0
2016,2,2,5,15,0.0,0.0,3.45,8.0,0.0,0.0,0.0
2016,2,2,5,30,0.0,0.0,3.5,8.0,0.0,0.0,0.0
2016,2,2,5,45,0.0,0.0,3.55,8.0,0.0,0.0,0.0
2016,2,2,6,0,0.0,0.0,3.6,8.0,0.0,0.0,0.0
2016,2,2,6,15,0.0,0.0,3.6,8.0,0.0,0.0,0.0
2016,2,2,6,30,0.0,0.0,3.6,8.0,0.0,0.0,0.0
2016,2,2,6,45,0.0,0.0,3.6,8.0,0.0,0.0,0.0
2016,2,2,7,0,0.0,0.0,3.6,8.0,0.0,0.0,0.0
2016,2,2,7,15,0.0,10.5,3.6,8.0,10.5,10.01,0.0
2016,2,2,7,30,0.0,21.0,3.6,8.0,21.0,21.05,0.0
2016,2,2,7,45,171.0,33.5,3.65,8.5,56.0,95.32,62.65
2016,2,2,8,0,342.0,46.0,3.7,9.0,91.0,173.88,132.34
2016,2,2,8,15,425.0,55.0,3.65,9.0,133.5,235.51,188.36
2016,2,2,8,30,508.0,64.0,3.6,9.0,176.0,305.21,250.93
2016,2,2,8,45,569.5,69.5,3.6,9.0,220.5,368.39,307.49
2016,2,2,9,0,631.0,75.0,3.6,9.0,265.0,436.23,366.63
2016,2,2,9,15,668.0,79.5,3.5,9.0,306.5,493.01,415.1
2016,2,2,9,30,705.0,84.0,3.4,9.0,348.0,551.23,463.33
2016,2,2,9,45,741.0,85.0,3.3,9.5,387.0,605.67,506.41
2016,2,2,10,0,777.0,86.0,3.2,10.0,426.0,657.57,546.23
2016,2,2,10,15,795.5,88.0,3.05,10.0,457.5,700.82,577.55
2016,2,2,10,30,814.0,90.0,2.9,10.0,489.0,742.48,607.1
2016,2,2,10,45,407.0,124.5,2.8,10.0,324.0,480.39,400.06
2016,2,2,11,0,0.0,159.0,2.7,10.0,159.0,153.78,124.22
2016,2,2,11,15,0.0,100.5,2.65,10.0,100.5,94.18,74.72
2016,2,2,11,30,0.0,42.0,2.6,10.0,42.0,39.06,27.89
2016,2,2,11,45,0.0,34.0,2.6,10.5,34.0,31.61,21.47
2016,2,2,12,0,0.0,26.0,2.6,11.0,26.0,24.17,15.05
2016,2,2,12,15,0.0,66.0,2.7,11.0,66.0,61.45,46.77
2016,2,2,12,30,0.0,106.0,2.8,11.0,106.0,99.48,78.81
2016,2,2,12,45,0.0,105.5,2.95,11.0,105.5,99.0,78.38
2016,2,2,13,0,0.0,105.0,3.1,11.0,105.0,98.53,78.03
2016,2,2,13,15,0.0,102.5,3.15,11.0,102.5,96.1,76.05
2016,2,2,13,30,0.0,100.0,3.2,11.0,100.0,93.68,74.09
2016,2,2,13,45,441.0,88.5,3.25,11.5,315.5,483.21,405.64
2016,2,2,14,0,882.0,77.0,3.3,12.0,531.0,799.89,648.23
2016,2,2,14,15,869.0,75.5,3.3,12.0,503.0,770.26,624.65
2016,2,2,14,30,856.0,74.0,3.3,12.0,475.0,731.98,597.14
2016,2,2,14,45,837.5,71.5,3.3,12.0,440.5,686.5,563.88
2016,2,2,15,0,819.0,69.0,3.3,12.0,406.0,639.55,528.5
2016,2,2,15,15,792.5,66.0,3.2,11.5,366.5,585.86,486.25
2016,2,2,15,30,766.0,63.0,3.1,11.0,327.0,532.0,442.62
2016,2,2,15,45,722.5,60.0,3.05,11.0,283.0,469.23,389.74
2016,2,2,16,0,679.0,57.0,3.0,11.0,239.0,408.58,337.08
2016,2,2,16,15,620.0,51.5,2.95,10.5,194.0,343.41,279.8
2016,2,2,16,30,561.0,46.0,2.9,10.0,149.0,280.86,223.23
2016,2,2,16,45,461.0,37.5,2.85,9.5,106.0,206.88,157.1
2016,2,2,17,0,361.0,29.0,2.8,9.0,63.0,143.59,96.8
2016,2,2,17,15,180.5,14.5,2.85,8.5,31.5,60.91,0.0
2016,2,2,17,30,0.0,0.0,2.9,8.0,0.0,0.0,0.0
2016,2,2,17,45,0.0,0.0,3.0,8.0,0.0,0.0,0.0
2016,2,2,18,0,0.0,0.0,3.1,8.0,0.0,0.0,0.0
2016,2,2,18,15,0.0,0.0,3.1,8.0,0.0,0.0,0.0
2016,2,2,18,30,0.0,0.0,3.1,8.0,0.0,0.0,0.0
2016,2,2,18,45,0.0,0.0,3.1,8.0,0.0,0.0,0.0
2016,2,2,19,0,0.0,0.0,3.1,8.0,0.0,0.0,0.0
2016,2,2,19,15,0.0,0.0,3.05,7.5,0.0,0.0,0.0
2016,2,2,19,30,0.0,0.0,3.0,7.0,0.0,0.0,0.0
2016,2,2,19,45,0.0,0.0,2.95,7.0,0.0,0.0,0.0
2016,2,2,20,0,0.0,0.0,2.9,7.0,0.0,0.0,0.0
2016,2,2,20,15,0.0,0.0,2.85,6.5,0.0,0.0,0.0
2016,2,2,20,30,0.0,0.0,2.8,6.0,0.0,0.0,0.0
2016,2,2,20,45,0.0,0.0,2.8,6.0,0.0,0.0,0.0
2016,2,2,21,0,0.0,0.0,2.8,6.0,0.0,0.0,0.0
2016,2,2,21,15,0.0,0.0,2.8,6.0,0.0,0.0,0.0
2016,2,2,21,30,0.0,0.0,2.8,6.0,0.0,0.0,0.0
2016,2,2,21,45,0.0,0.0,2.85,6.0,0.0,0.0,0.0
2016,2,2,22,0,0.0,0.0,2.9,6.0,0.0,0.0,0.0
2016,2,2,22,15,0.0,0.0,2.9,6.0,0.0,0.0,0.0
2016,2,2,22,30,0.0,0.0,2.9,6.0,0.0,0.0,0.0
2016,2,2,22,45,0.0,0.0,2.95,6.0,0.0,0.0,0.0
2016,2,2,23,0,0.0,0.0,3.0,6.0,0.0,0.0,0.0
2016,2,2,23,15,0.0,0.0,3.05,6.0,0.0,0.0,0.0
2016,2,2,23,30,0.0,0.0,3.1,6.0,0.0,0.0,0.0
2016,2,2,23,45,0.0,0.0,3.15,6.0,0.0,0.0,0.0
2016,2,3,0,0,0.0,0.0,3.2,6.0,0.0,0.0,0.0
2016,2,3,0,15,0.0,0.0,3.25,6.0,0.0,0.0,0.0
2016,2,3,0,30,0.0,0.0,3.3,6.0,0.0,0.0,0.0
2016,2,3,0,45,0.0,0.0,3.35,6.0,0.0,0.0,0.0
2016,2,3,1,0,0.0,0.0,3.4,6.0,0.0,0.0,0.0
2016,2,3,1,15,0.0,0.0,3.4,6.0,0.0,0.0,0.0
2016,2,3,1,30,0.0,0.0,3.4,6.0,0.0,0.0,0.0
2016,2,3,1,45,0.0,0.0,3.45,6.0,0.0,0.0,0.0
2016,2,3,2,0,0.0,0.0,3.5,6.0,0.0,0.0,0.0
2016,2,3,2,15,0.0,0.0,3.45,6.0,0.0,0.0,0.0
2016,2,3,2,30,0.0,0.0,3.4,6.0,0.0,0.0,0.0
2016,2,3,2,45,0.0,0.0,3.4,6.0,0.0,0.0,0.0
2016,2,3,3,0,0.0,0.0,3.4,6.0,0.0,0.0,0.0
2016,2,3,3,15,0.0,0.0,3.35,5.5,0.0,0.0,0.0
2016,2,3,3,30,0.0,0.0,3.3,5.0,0.0,0.0,0.0
2016,2,3,3,45,0.0,0.0,3.3,5.0,0.0,0.0,0.0
2016,2,3,4,0,0.0,0.0,3.3,5.0,0.0,0.0,0.0
2016,2,3,4,15,0.0,0.0,3.25,5.0,0.0,0.0,0.0
2016,2,3,4,30,0.0,0.0,3.2,5.0,0.0,0.0,0.0
2016,2,3,4,45,0.0,0.0,3.2,5.0,0.0,0.0,0.0
2016,2,3,5,0,0.0,0.0,3.2,5.0,0.0,0.0,0.0
2016,2,3,5,15,0.0,0.0,3.15,5.0,0.0,0.0,0.0
2016,2,3,5,30,0.0,0.0,3.1,5.0,0.0,0.0,0.0
2016,2,3,5,45,0.0,0.0,3.05,5.0,0.0,0.0,0.0
2016,2,3,6,0,0.0,0.0,3.0,5.0,0.0,0.0,0.0
2016,2,3,6,15,0.0,0.0,2.9,5.0,0.0,0.0,0.0
2016,2,3,6,30,0.0,0.0,2.8,5.0,0.0,0.0,0.0
2016,2,3,6,45,0.0,0.0,2.75,5.5,0.0,0.0,0.0
2016,2,3,7,0,0.0,0.0,2.7,6.0,0.0,0.0,0.0
2016,2,3,7,15,0.0,12.5,2.8,6.0,12.5,11.91,0.0
2016,2,3,7,30,0.0,25.0,2.9,6.0,25.0,25.91,0.0
2016,2,3,7,45,214.0,32.5,3.05,6.5,62.0,105.33,70.83
2016,2,3,8,0,428.0,40.0,3.2,7.0,99.0,196.25,150.28
2016,2,3,8,15,504.5,48.0,3.2,7.0,142.5,258.73,208.12
2016,2,3,8,30,581.0,56.0,3.2,7.0,186.0,328.66,271.71
2016,2,3,8,45,628.5,61.5,3.25,7.5,230.0,388.6,325.57
2016,2,3,9,0,676.0,67.0,3.3,8.0,274.0,451.83,380.51
2016,2,3,9,15,710.0,71.5,3.3,8.5,315.5,508.9,428.64
2016,2,3,9,30,744.0,76.0,3.3,9.0,357.0,564.51,474.13
2016,2,3,9,45,483.5,132.0,3.3,9.5,322.0,485.31,407.08
2016,2,3,10,0,223.0,188.0,3.3,10.0,287.0,365.06,305.0
2016,2,3,10,15,519.0,139.0,3.2,10.0,389.5,555.7,464.04
2016,2,3,10,30,815.0,90.0,3.1,10.0,492.0,744.86,610.9
2016,2,3,10,45,824.0,92.5,3.05,10.5,516.5,777.81,631.8
2016,2,3,11,0,833.0,95.0,3.0,11.0,541.0,808.15,651.71
2016,2,3,11,15,770.0,112.5,3.0,11.0,535.0,796.94,642.4
2016,2,3,11,30,707.0,130.0,3.0,11.0,529.0,776.82,626.97
2016,2,3,11,45,387.0,193.5,3.0,11.5,413.0,575.6,469.14
2016,2,3,12,0,67.0,257.0,3.0,12.0,297.0,331.84,268.94
2016,2,3,12,15,34.0,215.5,3.0,12.0,236.0,254.46,206.63
2016,2,3,12,30,1.0,174.0,3.0,12.0,175.0,169.27,136.06
2016,2,3,12,45,123.0,217.5,3.05,12.0,289.0,347.78,285.62
2016,2,3,13,0,245.0,261.0,3.1,12.0,403.0,504.12,411.26
2016,2,3,13,15,183.5,257.5,3.1,12.0,362.5,444.73,362.54
2016,2,3,13,30,122.0,254.0,3.1,12.0,322.0,386.42,315.16
2016,2,3,13,45,193.0,240.0,3.15,12.0,342.5,425.94,349.35
2016,2,3,14,0,264.0,226.0,3.2,12.0,363.0,474.17,389.4
2016,2,3,14,15,299.5,207.5,3.15,12.0,355.5,472.55,389.18
2016,2,3,14,30,335.0,189.0,3.1,12.0,348.0,467.88,386.66
2016,2,3,14,45,407.0,161.5,3.1,12.0,340.5,486.3,402.88
2016,2,3,15,0,479.0,134.0,3.1,12.0,333.0,487.16,404.8
2016,2,3,15,15,446.0,128.0,3.05,11.5,299.5,439.47,366.43
2016,2,3,15,30,413.0,122.0,3.0,11.0,266.0,393.24,328.6
2016,2,3,15,45,386.0,109.0,3.0,11.0,229.5,344.2,287.21
2016,2,3,16,0,359.0,96.0,3.0,11.0,193.0,296.83,246.21
2016,2,3,16,15,322.5,81.0,2.95,10.5,156.5,245.0,200.94
2016,2,3,16,30,286.0,66.0,2.9,10.0,120.0,196.43,157.49
2016,2,3,16,45,226.5,50.5,2.9,10.0,85.5,143.31,109.93
2016,2,3,17,0,167.0,35.0,2.9,10.0,51.0,96.76,66.6
2016,2,3,17,15,83.5,17.5,2.9,10.0,25.5,42.71,0.0
2016,2,3,17,30,0.0,0.0,2.9,10.0,0.0,0.0,0.0
2016,2,3,17,45,0.0,0.0,2.9,10.0,0.0,0.0,0.0
2016,2,3,18,0,0.0,0.0,2.9,10.0,0.0,0.0,0.0
2016,2,3,18,15,0.0,0.0,2.85,10.0,0.0,0.0,0.0
2016,2,3,18,30,0.0,0.0,2.8,10.0,0.0,0.0,0.0
2016,2,3,18,45,0.0,0.0,2.8,10.0,0.0,0.0,0.0
2016,2,3,19,0,0.0,0.0,2.8,10.0,0.0,0.0,0.0
2016,2,3,19,15,0.0,0.0,2.65,10.0,0.0,0.0,0.0
2016,2,3,19,30,0.0,0.0,2.5,10.0,0.0,0.0,0.0
2016,2,3,19,45,0.0,0.0,2.45,10.0,0.0,0.0,0.0
2016,2,3,20,0,0.0,0.0,2.4,10.0,0.0,0.0,0.0
2016,2,3,20,15,0.0,0.0,2.4,10.0,0.0,0.0,0.0
2016,2,3,20,30,0.0,0.0,2.4,10.0,0.0,0.0,0.0
2016,2,3,20,45,0.0,0.0,2.45,10.0,0.0,0.0,0.0
2016,2,3,21,0,0.0,0.0,2.5,10.0,0.0,0.0,0.0
2016,2,3,21,15,0.0,0.0,2.5,10.0,0.0,0.0,0.0
2016,2,3,21,30,0.0,0.0,2.5,10.0,0.0,0.0,0.0
2016,2,3,21,45,0.0,0.0,2.5,10.0,0.0,0.0,0.0
2016,2,3,22,0,0.0,0.0,2.5,10.0,0.0,0.0,0.0
2016,2,3,22,15,0.0,0.0,2.4,10.0,0.0,0.0,0.0
2016,2,3,22,30,0.0,0.0,2.3,10.0,0.0,0.0,0.0
2016,2,3,22,45,0.0,0.0,2.2,10.0,0.0,0.0,0.0
2016,2,3,23,0,0.0,0.0,2.1,10.0,0.0,0.0,0.0
2016,2,3,23,15,0.0,0.0,2.0,10.0,0.0,0.0,0.0
2016,2,3,23,30,0.0,0.0,1.9,10.0,0.0,0.0,0.0
2016,2,3,23,45,0.0,0.0,1.85,10.0,0.0,0.0,0.0
2016,2,4,0,0,0.0,0.0,1.8,10.0,0.0,0.0,0.0
2016,2,4,0,15,0.0,0.0,1.8,10.0,0.0,0.0,0.0
2016,2,4,0,30,0.0,0.0,1.8,10.0,0.0,0.0,0.0
2016,2,4,0,45,0.0,0.0,1.8,10.0,0.0,0.0,0.0
2016,2,4,1,0,0.0,0.0,1.8,10.0,0.0,0.0,0.0
2016,2,4,1,15,0.0,0.0,1.85,9.5,0.0,0.0,0.0
2016,2,4,1,30,0.0,0.0,1.9,9.0,0.0,0.0,0.0
2016,2,4,1,45,0.0,0.0,2.0,9.0,0.0,0.0,0.0
2016,2,4,2,0,0.0,0.0,2.1,9.0,0.0,0.0,0.0
2016,2,4,2,15,0.0,0.0,2.15,9.0,0.0,0.0,0.0
2016,2,4,2,30,0.0,0.0,2.2,9.0,0.0,0.0,0.0
2016,2,4,2,45,0.0,0.0,2.25,9.0,0.0,0.0,0.0
2016,2,4,3,0,0.0,0.0,2.3,9.0,0.0,0.0,0.0
2016,2,4,3,15,0.0,0.0,2.35,8.5,0.0,0.0,0.0
2016,2,4,3,30,0.0,0.0,2.4,8.0,0.0,0.0,0.0
2016,2,4,3,45,0.0,0.0,2.45,8.0,0.0,0.0,0.0
2016,2,4,4,0,0.0,0.0,2.5,8.0,0.0,0.0,0.0
2016,2,4,4,15,0.0,0.0,2.55,7.5,0.0,0.0,0.0
2016,2,4,4,30,0.0,0.0,2.6,7.0,0.0,0.0,0.0
2016,2,4,4,45,0.0,0.0,2.7,7.0,0.0,0.0,0.0
2016,2,4,5,0,0.0,0.0,2.8,7.0,0.0,0.0,0.0
2016,2,4,5,15,0.0,0.0,2.85,7.0,0.0,0.0,0.0
2016,2,4,5,30,0.0,0.0,2.9,7.0,0.0,0.0,0.0
2016,2,4,5,45,0.0,0.0,3.0,7.0,0.0,0.0,0.0
2016,2,4,6,0,0.0,0.0,3.1,7.0,0.0,0.0,0.0
2016,2,4,6,15,0.0,0.0,3.2,7.0,0.0,0.0,0.0
2016,2,4,6,30,0.0,0.0,3.3,7.0,0.0,0.0,0.0
2016,2,4,6,45,0.0,0.0,3.4,7.0,0.0,0.0,0.0
2016,2,4,7,0,0.0,0.0,3.5,7.0,0.0,0.0,0.0
2016,2,4,7,15,0.0,13.5,3.6,7.0,13.5,12.87,0.0
2016,2,4,7,30,0.0,27.0,3.7,7.0,27.0,28.28,0.0
2016,2,4,7,45,225.0,33.5,3.8,7.5,65.0,109.4,74.52
2016,2,4,8,0,450.0,40.0,3.9,8.0,103.0,203.82,156.03
2016,2,4,8,15,525.0,47.5,3.85,8.0,147.0,266.52,214.12
2016,2,4,8,30,600.0,55.0,3.8,8.0,191.0,336.47,277.76
2016,2,4,8,45,646.5,60.5,3.75,8.5,235.0,396.98,331.99
2016,2,4,9,0,693.0,66.0,3.7,9.0,279.0,460.67,387.1
2016,2,4,9,15,725.5,70.0,3.7,9.0,321.0,514.81,433.64
2016,2,4,9,30,758.0,74.0,3.7,9.0,363.0,572.27,481.46
2016,2,4,9,45,778.0,77.5,3.7,9.5,399.5,621.32,520.37
2016,2,4,10,0,798.0,81.0,3.7,10.0,436.0,669.47,556.91
2016,2,4,10,15,814.5,83.5,3.65,10.0,467.5,712.67,588.77
2016,2,4,10,30,831.0,86.0,3.6,10.0,499.0,754.11,618.87
2016,2,4,10,45,842.5,87.5,3.6,10.5,524.0,788.36,642.29
2016,2,4,11,0,854.0,89.0,3.6,11.0,549.0,820.05,663.6
2016,2,4,11,15,861.5,90.0,3.5,11.0,567.0,845.02,680.5
2016,2,4,11,30,869.0,91.0,3.4,11.0,585.0,866.88,695.1
2016,2,4,11,45,873.0,91.5,3.35,11.5,595.5,881.84,703.73
2016,2,4,12,0,877.0,92.0,3.3,12.0,606.0,893.36,709.97
2016,2,4,12,15,774.5,121.0,3.15,12.0,576.0,845.51,674.05
2016,2,4,12,30,672.0,150.0,3.0,12.0,546.0,789.27,632.35
2016,2,4,12,45,775.0,120.5,2.9,12.5,573.0,842.6,670.09
2016,2,4,13,0,878.0,91.0,2.8,13.0,600.0,886.89,699.81
2016,2,4,13,15,739.5,126.0,2.65,13.0,548.0,803.05,638.37
2016,2,4,13,30,601.0,161.0,2.5,13.0,496.0,713.67,572.67
2016,2,4,13,45,571.0,163.5,2.45,13.0,473.0,674.12,543.62
2016,2,4,14,0,541.0,166.0,2.4,13.0,450.0,639.12,517.13
2016,2,4,14,15,495.0,167.0,2.3,13.0,416.5,589.4,478.77
2016,2,4,14,30,449.0,168.0,2.2,13.0,383.0,540.41,440.62
2016,2,4,14,45,486.5,147.0,2.15,13.0,365.0,526.97,431.44
2016,2,4,15,0,524.0,126.0,2.1,13.0,347.0,509.07,418.15
2016,2,4,15,15,496.0,120.5,2.05,12.5,313.5,463.25,382.11
2016,2,4,15,30,468.0,115.0,2.0,12.0,280.0,418.32,346.03
2016,2,4,15,45,449.0,101.5,2.0,12.0,243.5,370.38,306.25
2016,2,4,16,0,430.0,88.0,2.0,12.0,207.0,323.17,265.9
2016,2,4,16,15,483.5,69.0,2.0,11.5,180.0,305.05,248.05
2016,2,4,16,30,537.0,50.0,2.0,11.0,153.0,278.18,220.66
2016,2,4,16,45,446.5,41.0,2.05,11.0,110.5,207.52,157.65
2016,2,4,17,0,356.0,32.0,2.1,11.0,68.0,146.46,100.98
2016,2,4,17,15,178.0,16.0,2.2,10.5,34.0,63.49,5.65
2016,2,4,17,30,0.0,0.0,2.3,10.0,0.0,0.0,0.0
2016,2,4,17,45,0.0,0.0,2.4,10.0,0.0,0.0,0.0
2016,2,4,18,0,0.0,0.0,2.5,10.0,0.0,0.0,0.0
2016,2,4,18,15,0.0,0.0,2.65,9.5,0.0,0.0,0.0
2016,2,4,18,30,0.0,0.0,2.8,9.0,0.0,0.0,0.0
2016,2,4,18,45,0.0,0.0,2.95,9.0,0.0,0.0,0.0
2016,2,4,19,0,0.0,0.0,3.1,9.0,0.0,0.0,0.0
2016,2,4,19,15,0.0,0.0,3.2,9.0,0.0,0.0,0.0
2016,2,4,19,30,0.0,0.0,3.3,9.0,0.0,0.0,0.0
2016,2,4,19,45,0.0,0.0,3.4,9.0,0.0,0.0,0.0
2016,2,4,20,0,0.0,0.0,3.5,9.0,0.0,0.0,0.0
2016,2,4,20,15,0.0,0.0,3.5,9.0,0.0,0.0,0.0
2016,2,4,20,30,0.0,0.0,3.5,9.0,0.0,0.0,0.0
2016,2,4,20,45,0.0,0.0,3.55,9.0,0.0,0.0,0.0
2016,2,4,21,0,0.0,0.0,3.6,9.0,0.0,0.0,0.0
2016,2,4,21,15,0.0,0.0,3.55,8.5,0.0,0.0,0.0
2016,2,4,21,30,0.0,0.0,3.5,8.0,0.0,0.0,0.0
2016,2,4,21,45,0.0,0.0,3.5,8.0,0.0,0.0,0.0
2016,2,4,22,0,0.0,0.0,3.5,8.0,0.0,0.0,0.0
2016,2,4,22,15,0.0,0.0,3.4,8.0,0.0,0.0,0.0
2016,2,4,22,30,0.0,0.0,3.3,8.0,0.0,0.0,0.0
2016,2,4,22,45,0.0,0.0,3.25,8.0,0.0,0.0,0.0
2016,2,4,23,0,0.0,0.0,3.2,8.0,0.0,0.0,0.0
2016,2,4,23,15,0.0,0.0,3.15,8.0,0.0,0.0,0.0
2016,2,4,23,30,0.0,0.0,3.1,8.0,0.0,0.0,0.0
2016,2,4,23,45,0.0,0.0,3.05,8.0,0.0,0.0,0.0
2016,2,5,0,0,0.0,0.0,3.0,8.0,0.0,0.0,0.0
2016,2,5,0,15,0.0,0.0,2.95,7.5,0.0,0.0,0.0
2016,2,5,0,30,0.0,0.0,2.9,7.0,0.0,0.0,0.0
2016,2,5,0,45,0.0,0.0,2.9,7.0,0.0,0.0,0.0
2016,2,5,1,0,0.0,0.0,2.9,7.0,0.0,0.0,0.0
2016,2,5,1,15,0.0,0.0,2.9,7.0,0.0,0.0,0.0
2016,2,5,1,30,0.0,0.0,2.9,7.0,0.0,0.0,0.0
2016,2,5,1,45,0.0,0.0,2.9,7.0,0.0,0.0,0.0
2016,2,5,2,0,0.0,0.0,2.9,7.0,0.0,0.0,0.0
2016,2,5,2,15,0.0,0.0,2.95,7.0,0.0,0.0,0.0
2016,2,5,2,30,0.0,0.0,3.0,7.0,0.0,0.0,0.0
2016,2,5,2,45,0.0,0.0,3.05,7.0,0.0,0.0,0.0
2016,2,5,3,0,0.0,0.0,3.1,7.0,0.0,0.0,0.0
2016,2,5,3,15,0.0,0.0,3.1,6.5,0.0,0.0,0.0
2016,2,5,3,30,0.0,0.0,3.1,6.0,0.0,0.0,0.0
2016,2,5,3,45,0.0,0.0,3.15,6.0,0.0,0.0,0.0
2016,2,5,4,0,0.0,0.0,3.2,6.0,0.0,0.0,0.0
2016,2,5,4,15,0.0,0.0,3.2,6.0,0.0,0.0,0.0
2016,2,5,4,30,0.0,0.0,3.2,6.0,0.0,0.0,0.0
2016,2,5,4,45,0.0,0.0,3.2,6.0,0.0,0.0,0.0
2016,2,5,5,0,0.0,0.0,3.2,6.0,0.0,0.0,0.0
2016,2,5,5,15,0.0,0.0,3.2,6.0,0.0,0.0,0.0
2016,2,5,5,30,0.0,0.0,3.2,6.0,0.0,0.0,0.0
2016,2,5,5,45,0.0,0.0,3.2,6.0,0.0,0.0,0.0
2016,2,5,6,0,0.0,0.0,3.2,6.0,0.0,0.0,0.0
2016,2,5,6,15,0.0,0.0,3.15,6.0,0.0,0.0,0.0
2016,2,5,6,30,0.0,0.0,3.1,6.0,0.0,0.0,0.0
2016,2,5,6,45,0.0,0.0,3.1,6.0,0.0,0.0,0.0
2016,2,5,7,0,0.0,0.0,3.1,6.0,0.0,0.0,0.0
2016,2,5,7,15,96.0,9.5,3.15,6.5,14.5,24.01,0.0
2016,2,5,7,30,192.0,19.0,3.2,7.0,29.0,67.52,0.0
2016,2,5,7,45,318.0,31.0,3.3,7.5,67.5,132.44,91.02
2016,2,5,8,0,444.0,43.0,3.4,8.0,106.0,205.47,157.75
2016,2,5,8,15,520.5,51.0,3.35,8.5,151.5,269.26,216.12
2016,2,5,8,30,597.0,59.0,3.3,9.0,197.0,340.43,279.83
2016,2,5,8,45,644.5,65.0,3.3,9.5,242.0,402.09,334.52
2016,2,5,9,0,692.0,71.0,3.3,10.0,287.0,467.02,390.13
2016,2,5,9,15,726.0,75.0,3.25,10.5,329.5,524.56,437.92
2016,2,5,9,30,760.0,79.0,3.2,11.0,372.0,580.44,482.88
2016,2,5,9,45,789.5,81.0,3.15,11.5,411.0,634.39,524.85
2016,2,5,10,0,819.0,83.0,3.1,12.0,450.0,688.08,564.67
2016,2,5,10,15,835.5,85.0,2.85,12.0,482.5,731.54,594.88
2016,2,5,10,30,852.0,87.0,2.6,12.0,515.0,773.15,622.98
2016,2,5,10,45,862.5,89.0,2.4,12.5,540.0,807.86,644.46
2016,2,5,11,0,873.0,91.0,2.2,13.0,565.0,839.89,663.46
2016,2,5,11,15,879.5,92.5,2.0,13.0,583.0,865.06,678.35
2016,2,5,11,30,886.0,94.0,1.8,13.0,601.0,887.02,690.67
2016,2,5,11,45,752.0,131.0,1.6,13.5,566.5,829.38,646.07
2016,2,5,12,0,618.0,168.0,1.4,14.0,532.0,759.99,594.06
2016,2,5,12,15,669.5,152.0,1.2,14.0,548.0,790.68,614.04
2016,2,5,12,30,721.0,136.0,1.0,14.0,564.0,818.07,629.93
2016,2,5,12,45,799.0,117.5,0.8,14.5,587.5,857.39,652.1
2016,2,5,13,0,877.0,99.0,0.6,15.0,611.0,897.71,673.73
2016,2,5,13,15,732.5,132.5,0.8,15.0,554.0,806.4,615.85
2016,2,5,13,30,588.0,166.0,1.0,15.0,497.0,709.52,552.28
2016,2,5,13,45,558.5,169.0,1.25,15.0,474.0,671.45,528.75
2016,2,5,14,0,529.0,172.0,1.5,15.0,451.0,637.57,506.29
2016,2,5,14,15,684.0,127.5,1.6,15.0,469.0,697.5,554.4
2016,2,5,14,30,839.0,83.0,1.7,15.0,487.0,736.2,583.8
2016,2,5,14,45,825.5,79.5,1.85,15.0,453.5,693.39,554.42
2016,2,5,15,0,812.0,76.0,2.0,15.0,420.0,648.79,523.26
2016,2,5,15,15,787.0,73.0,1.9,14.5,380.5,595.95,483.08
2016,2,5,15,30,762.0,70.0,1.8,14.0,341.0,542.8,441.49
2016,2,5,15,45,721.5,66.5,1.75,14.0,297.0,480.71,391.01
2016,2,5,16,0,681.0,63.0,1.7,14.0,253.0,423.0,342.39
2016,2,5,16,15,624.0,57.0,1.7,13.5,207.5,355.18,284.98
2016,2,5,16,30,567.0,51.0,1.7,13.0,162.0,291.97,229.54
2016,2,5,16,45,464.0,42.5,1.7,12.5,117.0,215.77,163.24
2016,2,5,17,0,361.0,34.0,1.7,12.0,72.0,150.43,104.48
2016,2,5,17,15,180.5,17.0,1.75,11.5,36.0,65.91,14.36
2016,2,5,17,30,0.0,0.0,1.8,11.0,0.0,0.0,0.0
2016,2,5,17,45,0.0,0.0,1.9,11.0,0.0,0.0,0.0
2016,2,5,18,0,0.0,0.0,2.0,11.0,0.0,0.0,0.0
2016,2,5,18,15,0.0,0.0,2.25,10.5,0.0,0.0,0.0
2016,2,5,18,30,0.0,0.0,2.5,10.0,0.0,0.0,0.0
2016,2,5,18,45,0.0,0.0,2.75,10.0,0.0,0.0,0.0
2016,2,5,19,0,0.0,0.0,3.0,10.0,0.0,0.0,0.0
2016,2,5,19,15,0.0,0.0,3.05,10.0,0.0,0.0,0.0
2016,2,5,19,30,0.0,0.0,3.1,10.0,0.0,0.0,0.0
2016,2,5,19,45,0.0,0.0,3.15,10.0,0.0,0.0,0.0
2016,2,5,20,0,0.0,0.0,3.2,10.0,0.0,0.0,0.0
2016,2,5,20,15,0.0,0.0,3.25,9.5,0.0,0.0,0.0
2016,2,5,20,30,0.0,0.0,3.3,9.0,0.0,0.0,0.0
2016,2,5,20,45,0.0,0.0,3.35,9.0,0.0,0.0,0.0
2016,2,5,21,0,0.0,0.0,3.4,9.0,0.0,0.0,0.0
2016,2,5,21,15,0.0,0.0,3.45,9.0,0.0,0.0,0.0
2016,2,5,21,30,0.0,0.0,3.5,9.0,0.0,0.0,0.0
2016,2,5,21,45,0.0,0.0,3.55,9.0,0.0,0.0,0.0
2016,2,5,22,0,0.0,0.0,3.6,9.0,0.0,0.0,0.0
2016,2,5,22,15,0.0,0.0,3.6,8.5,0.0,0.0,0.0
2016,2,5,22,30,0.0,0.0,3.6,8.0,0.0,0.0,0.0
2016,2,5,22,45,0.0,0.0,3.6,8.0,0.0,0.0,0.0
2016,2,5,23,0,0.0,0.0,3.6,8.0,0.0,0.0,0.0
2016,2,5,23,15,0.0,0.0,3.4,8.0,0.0,0.0,0.0
2016,2,5,23,30,0.0,0.0,3.2,8.0,0.0,0.0,0.0
2016,2,5,23,45,0.0,0.0,3.05,8.0,0.0,0.0,0.0
2016,2,6,0,0,0.0,0.0,2.9,8.0,0.0,0.0,0.0
2016,2,6,0,15,0.0,0.0,2.8,8.0,0.0,0.0,0.0
2016,2,6,0,30,0.0,0.0,2.7,8.0,0.0,0.0,0.0
2016,2,6,0,45,0.0,0.0,2.6,8.0,0.0,0.0,0.0
2016,2,6,1,0,0.0,0.0,2.5,8.0,0.0,0.0,0.0
2016,2,6,1,15,0.0,0.0,2.5,8.0,0.0,0.0,0.0
2016,2,6,1,30,0.0,0.0,2.5,8.0,0.0,0.0,0.0
2016,2,6,1,45,0.0,0.0,2.5,8.0,0.0,0.0,0.0
2016,2,6,2,0,0.0,0.0,2.5,8.0,0.0,0.0,0.0
2016,2,6,2,15,0.0,0.0,2.55,7.5,0.0,0.0,0.0
2016,2,6,2,30,0.0,0.0,2.6,7.0,0.0,0.0,0.0
2016,2,6,2,45,0.0,0.0,2.65,7.0,0.0,0.0,0.0
2016,2,6,3,0,0.0,0.0,2.7,7.0,0.0,0.0,0.0
2016,2,6,3,15,0.0,0.0,2.7,7.0,0.0,0.0,0.0
2016,2,6,3,30,0.0,0.0,2.7,7.0,0.0,0.0,0.0
2016,2,6,3,45,0.0,0.0,2.75,7.0,0.0,0.0,0.0
2016,2,6,4,0,0.0,0.0,2.8,7.0,0.0,0.0,0.0
2016,2,6,4,15,0.0,0.0,2.85,7.0,0.0,0.0,0.0
2016,2,6,4,30,0.0,0.0,2.9,7.0,0.0,0.0,0.0
2016,2,6,4,45,0.0,0.0,2.95,7.0,0.0,0.0,0.0
2016,2,6,5,0,0.0,0.0,3.0,7.0,0.0,0.0,0.0
2016,2,6,5,15,0.0,0.0,3.05,6.5,0.0,0.0,0.0
2016,2,6,5,30,0.0,0.0,3.1,6.0,0.0,0.0,0.0
2016,2,6,5,45,0.0,0.0,3.15,6.0,0.0,0.0,0.0
2016,2,6,6,0,0.0,0.0,3.2,6.0,0.0,0.0,0.0
2016,2,6,6,15,0.0,0.0,3.25,6.0,0.0,0.0,0.0
2016,2,6,6,30,0.0,0.0,3.3,6.0,0.0,0.0,0.0
2016,2,6,6,45,0.0,0.0,3.35,6.5,0.0,0.0,0.0
2016,2,6,7,0,0.0,0.0,3.4,7.0,0.0,0.0,0.0
2016,2,6,7,15,113.5,9.5,3.55,7.5,15.5,26.81,0.0
2016,2,6,7,30,227.0,19.0,3.7,8.0,31.0,75.6,3.43
2016,2,6,7,45,345.5,30.0,3.85,8.5,70.0,139.15,96.24
2016,2,6,8,0,464.0,41.0,4.0,9.0,109.0,210.46,161.4
2016,2,6,8,15,536.5,48.5,3.9,9.0,153.5,273.29,219.42
2016,2,6,8,30,609.0,56.0,3.8,9.0,198.0,343.11,282.66
2016,2,6,8,45,660.0,60.0,3.7,9.5,243.5,404.8,337.47
2016,2,6,9,0,711.0,64.0,3.6,10.0,289.0,467.94,391.75
2016,2,6,9,15,742.0,67.5,3.5,10.5,330.5,524.09,438.52
2016,2,6,9,30,773.0,71.0,3.4,11.0,372.0,580.95,484.2
2016,2,6,9,45,797.0,73.5,3.35,11.5,409.5,632.26,524.19
2016,2,6,10,0,821.0,76.0,3.3,12.0,447.0,682.94,561.41
2016,2,6,10,15,836.0,78.0,3.1,12.5,478.5,725.35,590.25
2016,2,6,10,30,851.0,80.0,2.9,13.0,510.0,765.85,616.96
2016,2,6,10,45,863.5,80.5,2.75,13.5,535.5,800.34,638.92
2016,2,6,11,0,876.0,81.0,2.6,14.0,561.0,825.65,653.85
2016,2,6,11,15,882.0,82.0,2.5,14.0,578.5,849.62,669.28
2016,2,6,11,30,888.0,83.0,2.4,14.0,596.0,870.4,682.36
2016,2,6,11,45,742.5,130.0,2.35,14.5,563.5,821.63,645.34
2016,2,6,12,0,597.0,177.0,2.3,15.0,531.0,752.62,593.98
2016,2,6,12,15,601.5,176.0,2.4,15.0,534.0,758.41,599.47
2016,2,6,12,30,606.0,175.0,2.5,15.0,537.0,761.55,602.44
2016,2,6,12,45,597.0,176.0,2.6,15.0,530.5,752.22,596.17
2016,2,6,13,0,588.0,177.0,2.7,15.0,524.0,735.28,584.59
2016,2,6,13,15,733.5,130.0,2.7,15.0,552.5,806.1,637.12
2016,2,6,13,30,879.0,83.0,2.7,15.0,581.0,850.95,669.31
2016,2,6,13,45,871.5,81.5,2.75,15.5,560.0,825.74,650.73
2016,2,6,14,0,864.0,80.0,2.8,16.0,539.0,797.55,630.62
2016,2,6,14,15,771.0,95.5,2.8,16.0,489.5,726.1,579.58
2016,2,6,14,30,678.0,111.0,2.8,16.0,440.0,653.89,527.27
2016,2,6,14,45,621.5,116.0,2.8,16.0,401.5,595.16,482.56
2016,2,6,15,0,565.0,121.0,2.8,16.0,363.0,537.78,437.88
2016,2,6,15,15,544.5,113.5,2.65,15.5,329.0,492.1,402.45
2016,2,6,15,30,524.0,106.0,2.5,15.0,295.0,442.82,363.28
2016,2,6,15,45,606.0,81.5,2.35,15.0,273.5,438.86,358.83
2016,2,6,16,0,688.0,57.0,2.2,15.0,252.0,418.85,339.83
2016,2,6,16,15,633.5,52.0,2.15,14.5,207.0,352.78,283.26
2016,2,6,16,30,579.0,47.0,2.1,14.0,162.0,293.19,230.47
2016,2,6,16,45,492.0,39.0,2.05,13.5,118.5,222.13,167.91
2016,2,6,17,0,405.0,31.0,2.0,13.0,75.0,160.25,111.6
2016,2,6,17,15,202.5,15.5,1.95,12.5,37.5,69.71,21.87
2016,2,6,17,30,0.0,0.0,1.9,12.0,0.0,0.0,0.0
2016,2,6,17,45,0.0,0.0,1.9,12.0,0.0,0.0,0.0
2016,2,6,18,0,0.0,0.0,1.9,12.0,0.0,0.0,0.0
2016,2,6,18,15,0.0,0.0,1.9,12.0,0.0,0.0,0.0
2016,2,6,18,30,0.0,0.0,1.9,12.0,0.0,0.0,0.0
2016,2,6,18,45,0.0,0.0,1.95,12.0,0.0,0.0,0.0
2016,2,6,19,0,0.0,0.0,2.0,12.0,0.0,0.0,0.0
2016,2,6,19,15,0.0,0.0,2.0,12.0,0.0,0.0,0.0
2016,2,6,19,30,0.0,0.0,2.0,12.0,0.0,0.0,0.0
2016,2,6,19,45,0.0,0.0,2.05,12.0,0.0,0.0,0.0
2016,2,6,20,0,0.0,0.0,2.1,12.0,0.0,0.0,0.0
2016,2,6,20,15,0.0,0.0,2.1,11.5,0.0,0.0,0.0
2016,2,6,20,30,0.0,0.0,2.1,11.0,0.0,0.0,0.0
2016,2,6,20,45,0.0,0.0,2.15,11.0,0.0,0.0,0.0
2016,2,6,21,0,0.0,0.0,2.2,11.0,0.0,0.0,0.0
2016,2,6,21,15,0.0,0.0,2.2,11.0,0.0,0.0,0.0
2016,2,6,21,30,0.0,0.0,2.2,11.0,0.0,0.0,0.0
2016,2,6,21,45,0.0,0.0,2.2,11.0,0.0,0.0,0.0
2016,2,6,22,0,0.0,0.0,2.2,11.0,0.0,0.0,0.0
2016,2,6,22,15,0.0,0.0,2.15,11.0,0.0,0.0,0.0
2016,2,6,22,30,0.0,0.0,2.1,11.0,0.0,0.0,0.0
2016,2,6,22,45,0.0,0.0,2.05,11.0,0.0,0.0,0.0
2016,2,6,23,0,0.0,0.0,2.0,11.0,0.0,0.0,0.0
2016,2,6,23,15,0.0,0.0,1.95,11.0,0.0,0.0,0.0
2016,2,6,23,30,0.0,0.0,1.9,11.0,0.0,0.0,0.0
2016,2,6,23,45,0.0,0.0,1.85,11.0,0.0,0.0,0.0
2016,2,7,0,0,0.0,0.0,1.8,11.0,0.0,0.0,0.0
2016,2,7,0,15,0.0,0.0,1.75,11.0,0.0,0.0,0.0
2016,2,7,0,30,0.0,0.0,1.7,11.0,0.0,0.0,0.0
2016,2,7,0,45,0.0,0.0,1.65,11.0,0.0,0.0,0.0
2016,2,7,1,0,0.0,0.0,1.6,11.0,0.0,0.0,0.0
2016,2,7,1,15,0.0,0.0,1.55,11.0,0.0,0.0,0.0
2016,2,7,1,30,0.0,0.0,1.5,11.0,0.0,0.0,0.0
2016,2,7,1,45,0.0,0.0,1.5,11.0,0.0,0.0,0.0
2016,2,7,2,0,0.0,0.0,1.5,11.0,0.0,0.0,0.0
2016,2,7,2,15,0.0,0.0,1.55,11.0,0.0,0.0,0.0
2016,2,7,2,30,0.0,0.0,1.6,11.0,0.0,0.0,0.0
2016,2,7,2,45,0.0,0.0,1.65,11.0,0.0,0.0,0.0
2016,2,7,3,0,0.0,0.0,1.7,11.0,0.0,0.0,0.0
2016,2,7,3,15,0.0,0.0,1.8,10.5,0.0,0.0,0.0
2016,2,7,3,30,0.0,0.0,1.9,10.0,0.0,0.0,0.0
2016,2,7,3,45,0.0,0.0,2.0,10.0,0.0,0.0,0.0
2016,2,7,4,0,0.0,0.0,2.1,10.0,0.0,0.0,0.0
2016,2,7,4,15,0.0,0.0,2.2,10.0,0.0,0.0,0.0
2016,2,7,4,30,0.0,0.0,2.3,10.0,0.0,0.0,0.0
2016,2,7,4,45,0.0,0.0,2.45,10.0,0.0,0.0,0.0
2016,2,7,5,0,0.0,0.0,2.6,10.0,0.0,0.0,0.0
2016,2,7,5,15,0.0,0.0,2.65,9.5,0.0,0.0,0.0
2016,2,7,5,30,0.0,0.0,2.7,9.0,0.0,0.0,0.0
2016,2,7,5,45,0.0,0.0,2.8,9.0,0.0,0.0,0.0
2016,2,7,6,0,0.0,0.0,2.9,9.0,0.0,0.0,0.0
2016,2,7,6,15,0.0,0.0,2.9,9.0,0.0,0.0,0.0
2016,2,7,6,30,0.0,0.0,2.9,9.0,0.0,0.0,0.0
2016,2,7,6,45,0.0,0.0,2.95,9.0,0.0,0.0,0.0
2016,2,7,7,0,0.0,0.0,3.0,9.0,0.0,0.0,0.0
2016,2,7,7,15,155.5,9.0,3.2,9.5,18.0,33.03,0.0
2016,2,7,7,30,311.0,18.0,3.4,10.0,36.0,91.88,16.25
2016,2,7,7,45,434.0,26.5,3.6,10.5,77.0,157.54,108.48
2016,2,7,8,0,557.0,35.0,3.8,11.0,118.0,232.88,176.96
2016,2,7,8,15,624.5,40.5,3.9,11.0,164.5,296.84,236.38
2016,2,7,8,30,692.0,46.0,4.0,11.0,211.0,366.98,300.08
2016,2,7,8,45,736.0,49.5,4.15,11.5,256.5,428.95,355.41
2016,2,7,9,0,780.0,53.0,4.3,12.0,302.0,493.61,411.2
2016,2,7,9,15,809.0,56.0,4.2,12.5,345.0,551.11,458.82
2016,2,7,9,30,838.0,59.0,4.1,13.0,388.0,604.72,501.75
2016,2,7,9,45,852.0,63.0,4.05,13.5,425.5,653.37,539.22
2016,2,7,10,0,866.0,67.0,4.0,14.0,463.0,700.48,572.9
2016,2,7,10,15,881.0,68.5,3.8,14.0,495.0,743.48,603.34
2016,2,7,10,30,896.0,70.0,3.6,14.0,527.0,784.46,631.71
2016,2,7,10,45,905.5,72.0,3.45,14.5,552.5,819.33,654.14
2016,2,7,11,0,915.0,74.0,3.3,15.0,578.0,851.36,674.16
2016,2,7,11,15,921.5,74.5,3.2,15.0,596.5,875.99,690.18
2016,2,7,11,30,928.0,75.0,3.1,15.0,615.0,897.29,703.82
2016,2,7,11,45,931.5,75.5,3.05,15.5,625.5,912.49,712.21
2016,2,7,12,0,935.0,76.0,3.0,16.0,636.0,924.05,718.14
2016,2,7,12,15,935.5,76.0,2.95,16.0,638.0,928.62,720.66
2016,2,7,12,30,936.0,76.0,2.9,16.0,640.0,929.4,720.75
2016,2,7,12,45,936.5,75.0,2.9,16.5,635.0,925.17,716.59
2016,2,7,13,0,937.0,74.0,2.9,17.0,630.0,917.15,710.01
2016,2,7,13,15,932.0,73.5,2.9,17.0,616.0,901.23,699.42
2016,2,7,13,30,927.0,73.0,2.9,17.0,602.0,881.76,686.49
2016,2,7,13,45,918.5,72.0,2.95,17.5,580.5,855.35,667.82
2016,2,7,14,0,910.0,71.0,3.0,18.0,559.0,825.82,646.98
2016,2,7,14,15,898.5,69.5,2.95,18.0,531.0,790.41,622.46
2016,2,7,14,30,887.0,68.0,2.9,18.0,503.0,752.44,595.97
2016,2,7,14,45,870.5,66.0,2.9,18.0,468.0,707.98,564.71
2016,2,7,15,0,854.0,64.0,2.9,18.0,433.0,661.82,531.78
2016,2,7,15,15,830.0,61.5,2.7,17.5,393.0,613.26,494.99
2016,2,7,15,30,806.0,59.0,2.5,17.0,353.0,559.44,452.68
2016,2,7,15,45,772.5,55.5,2.35,16.5,309.0,499.11,404.2
2016,2,7,16,0,739.0,52.0,2.2,16.0,265.0,439.95,355.0
2016,2,7,16,15,688.0,47.5,2.15,15.5,219.0,373.38,298.47
2016,2,7,16,30,637.0,43.0,2.1,15.0,173.0,310.63,243.2
2016,2,7,16,45,553.0,36.5,2.05,15.0,128.0,238.8,179.54
2016,2,7,17,0,469.0,30.0,2.0,15.0,83.0,175.42,121.72
2016,2,7,17,15,234.5,15.0,2.0,14.5,41.5,76.92,29.75
2016,2,7,17,30,0.0,0.0,2.0,14.0,0.0,0.0,0.0
2016,2,7,17,45,0.0,0.0,2.0,14.0,0.0,0.0,0.0
2016,2,7,18,0,0.0,0.0,2.0,14.0,0.0,0.0,0.0
2016,2,7,18,15,0.0,0.0,2.0,13.5,0.0,0.0,0.0
2016,2,7,18,30,0.0,0.0,2.0,13.0,0.0,0.0,0.0
2016,2,7,18,45,0.0,0.0,2.0,13.0,0.0,0.0,0.0
2016,2,7,19,0,0.0,0.0,2.0,13.0,0.0,0.0,0.0
2016,2,7,19,15,0.0,0.0,2.0,13.0,0.0,0.0,0.0
2016,2,7,19,30,0.0,0.0,2.0,13.0,0.0,0.0,0.0
2016,2,7,19,45,0.0,0.0,2.05,13.0,0.0,0.0,0.0
2016,2,7,20,0,0.0,0.0,2.1,13.0,0.0,0.0,0.0
2016,2,7,20,15,0.0,0.0,2.1,12.5,0.0,0.0,0.0
2016,2,7,20,30,0.0,0.0,2.1,12.0,0.0,0.0,0.0
2016,2,7,20,45,0.0,0.0,2.15,12.0,0.0,0.0,0.0
2016,2,7,21,0,0.0,0.0,2.2,12.0,0.0,0.0,0.0
2016,2,7,21,15,0.0,0.0,2.25,12.0,0.0,0.0,0.0
2016,2,7,21,30,0.0,0.0,2.3,12.0,0.0,0.0,0.0
2016,2,7,21,45,0.0,0.0,2.4,12.0,0.0,0.0,0.0
2016,2,7,22,0,0.0,0.0,2.5,12.0,0.0,0.0,0.0
2016,2,7,22,15,0.0,0.0,2.55,11.5,0.0,0.0,0.0
2016,2,7,22,30,0.0,0.0,2.6,11.0,0.0,0.0,0.0
2016,2,7,22,45,0.0,0.0,2.7,11.0,0.0,0.0,0.0
2016,2,7,23,0,0.0,0.0,2.8,11.0,0.0,0.0,0.0
2016,2,7,23,15,0.0,0.0,2.9,11.0,0.0,0.0,0.0
2016,2,7,23,30,0.0,0.0,3.0,11.0,0.0,0.0,0.0
2016,2,7,23,45,0.0,0.0,3.1,11.0,0.0,0.0,0.0
2016,2,8,0,0,0.0,0.0,3.2,11.0,0.0,0.0,0.0
2016,2,8,0,15,0.0,0.0,3.4,11.0,0.0,0.0,0.0
2016,2,8,0,30,0.0,0.0,3.6,11.0,0.0,0.0,0.0
2016,2,8,0,45,0.0,0.0,3.85,11.0,0.0,0.0,0.0
2016,2,8,1,0,0.0,0.0,4.1,11.0,0.0,0.0,0.0
2016,2,8,1,15,0.0,0.0,4.2,10.5,0.0,0.0,0.0
2016,2,8,1,30,0.0,0.0,4.3,10.0,0.0,0.0,0.0
2016,2,8,1,45,0.0,0.0,4.45,10.0,0.0,0.0,0.0
2016,2,8,2,0,0.0,0.0,4.6,10.0,0.0,0.0,0.0
2016,2,8,2,15,0.0,0.0,4.6,10.0,0.0,0.0,0.0
2016,2,8,2,30,0.0,0.0,4.6,10.0,0.0,0.0,0.0
2016,2,8,2,45,0.0,0.0,4.65,10.0,0.0,0.0,0.0
2016,2,8,3,0,0.0,0.0,4.7,10.0,0.0,0.0,0.0
2016,2,8,3,15,0.0,0.0,4.7,10.0,0.0,0.0,0.0
2016,2,8,3,30,0.0,0.0,4.7,10.0,0.0,0.0,0.0
2016,2,8,3,45,0.0,0.0,4.7,10.0,0.0,0.0,0.0
2016,2,8,4,0,0.0,0.0,4.7,10.0,0.0,0.0,0.0
2016,2,8,4,15,0.0,0.0,4.65,10.0,0.0,0.0,0.0
2016,2,8,4,30,0.0,0.0,4.6,10.0,0.0,0.0,0.0
2016,2,8,4,45,0.0,0.0,4.6,10.0,0.0,0.0,0.0
2016,2,8,5,0,0.0,0.0,4.6,10.0,0.0,0.0,0.0
2016,2,8,5,15,0.0,0.0,4.55,9.5,0.0,0.0,0.0
2016,2,8,5,30,0.0,0.0,4.5,9.0,0.0,0.0,0.0
2016,2,8,5,45,0.0,0.0,4.5,9.0,0.0,0.0,0.0
2016,2,8,6,0,0.0,0.0,4.5,9.0,0.0,0.0,0.0
2016,2,8,6,15,0.0,0.0,4.45,9.0,0.0,0.0,0.0
2016,2,8,6,30,0.0,0.0,4.4,9.0,0.0,0.0,0.0
2016,2,8,6,45,0.0,0.0,4.4,9.5,0.0,0.0,0.0
2016,2,8,7,0,0.0,0.0,4.4,10.0,0.0,0.0,0.0
2016,2,8,7,15,125.5,10.5,4.5,10.5,18.0,29.85,0.0
2016,2,8,7,30,251.0,21.0,4.6,11.0,36.0,84.21,23.2
2016,2,8,7,45,371.5,31.5,4.75,11.5,76.5,148.49,103.65
2016,2,8,8,0,492.0,42.0,4.9,12.0,117.0,221.9,169.44
2016,2,8,8,15,565.0,49.0,4.8,12.5,163.5,286.25,228.03
2016,2,8,8,30,638.0,56.0,4.7,13.0,210.0,357.59,291.52
2016,2,8,8,45,682.0,61.0,4.6,13.5,255.5,418.78,345.36
2016,2,8,9,0,726.0,66.0,4.5,14.0,301.0,480.71,398.03
2016,2,8,9,15,757.5,69.5,4.35,14.5,344.0,538.12,445.11
2016,2,8,9,30,789.0,73.0,4.2,15.0,387.0,596.23,490.99
2016,2,8,9,45,821.5,73.0,4.05,15.5,427.0,651.24,533.19
2016,2,8,10,0,854.0,73.0,3.9,16.0,467.0,706.1,572.43
2016,2,8,10,15,869.0,75.0,3.8,16.0,499.0,749.81,603.37
2016,2,8,10,30,884.0,77.0,3.7,16.0,531.0,785.53,628.04
2016,2,8,10,45,895.0,78.0,3.6,16.5,557.0,820.14,650.43
2016,2,8,11,0,906.0,79.0,3.5,17.0,583.0,852.02,670.53
2016,2,8,11,15,912.5,80.0,3.4,17.5,601.0,877.13,685.58
2016,2,8,11,30,919.0,81.0,3.3,18.0,619.0,898.94,698.22
2016,2,8,11,45,923.0,81.0,3.2,18.5,629.5,913.91,706.03
2016,2,8,12,0,927.0,81.0,3.1,19.0,640.0,925.27,711.4
2016,2,8,12,15,927.5,81.0,3.0,19.0,642.5,929.82,713.53
2016,2,8,12,30,928.0,81.0,2.9,19.0,645.0,930.61,713.24
2016,2,8,12,45,929.5,79.5,2.8,19.0,639.5,926.71,709.89
2016,2,8,13,0,931.0,78.0,2.7,19.0,634.0,919.03,704.12
2016,2,8,13,15,926.5,77.5,2.65,19.0,620.5,903.59,693.59
2016,2,8,13,30,922.0,77.0,2.6,19.0,607.0,884.61,680.79
2016,2,8,13,45,913.0,76.0,2.55,19.5,585.5,857.85,661.41
2016,2,8,14,0,904.0,75.0,2.5,20.0,564.0,828.0,640.01
2016,2,8,14,15,892.5,73.5,2.4,20.0,535.5,792.69,615.62
2016,2,8,14,30,881.0,72.0,2.3,20.0,507.0,754.84,589.35
2016,2,8,14,45,863.5,70.0,2.25,20.0,472.5,709.79,558.01
2016,2,8,15,0,846.0,68.0,2.2,20.0,438.0,667.93,528.66
2016,2,8,15,15,822.5,65.5,2.05,19.5,397.5,615.08,489.43
2016,2,8,15,30,799.0,63.0,1.9,19.0,357.0,561.72,448.41
2016,2,8,15,45,764.0,59.5,1.75,18.5,313.0,500.71,400.24
2016,2,8,16,0,729.0,56.0,1.6,18.0,269.0,441.01,351.48
2016,2,8,16,15,677.0,51.0,1.6,17.5,222.5,373.7,295.57
2016,2,8,16,30,625.0,46.0,1.6,17.0,176.0,310.31,240.86
2016,2,8,16,45,540.0,39.0,1.65,17.0,130.5,237.95,177.85
2016,2,8,17,0,455.0,32.0,1.7,17.0,85.0,176.67,122.76
2016,2,8,17,15,297.5,21.5,1.7,16.5,49.0,99.64,45.32
2016,2,8,17,30,140.0,11.0,1.7,16.0,13.0,34.0,0.0
2016,2,8,17,45,70.0,5.5,1.75,16.0,6.5,0.0,0.0
2016,2,8,18,0,0.0,0.0,1.8,16.0,0.0,0.0,0.0
2016,2,8,18,15,0.0,0.0,1.8,15.5,0.0,0.0,0.0
2016,2,8,18,30,0.0,0.0,1.8,15.0,0.0,0.0,0.0
2016,2,8,18,45,0.0,0.0,1.8,15.0,0.0,0.0,0.0
2016,2,8,19,0,0.0,0.0,1.8,15.0,0.0,0.0,0.0
2016,2,8,19,15,0.0,0.0,1.8,14.5,0.0,0.0,0.0
2016,2,8,19,30,0.0,0.0,1.8,14.0,0.0,0.0,0.0
2016,2,8,19,45,0.0,0.0,1.85,14.0,0.0,0.0,0.0
2016,2,8,20,0,0.0,0.0,1.9,14.0,0.0,0.0,0.0
2016,2,8,20,15,0.0,0.0,1.9,14.0,0.0,0.0,0.0
2016,2,8,20,30,0.0,0.0,1.9,14.0,0.0,0.0,0.0
2016,2,8,20,45,0.0,0.0,1.9,14.0,0.0,0.0,0.0
2016,2,8,21,0,0.0,0.0,1.9,14.0,0.0,0.0,0.0
2016,2,8,21,15,0.0,0.0,1.9,13.5,0.0,0.0,0.0
2016,2,8,21,30,0.0,0.0,1.9,13.0,0.0,0.0,0.0
2016,2,8,21,45,0.0,0.0,1.9,13.0,0.0,0.0,0.0
2016,2,8,22,0,0.0,0.0,1.9,13.0,0.0,0.0,0.0
2016,2,8,22,15,0.0,0.0,1.9,13.0,0.0,0.0,0.0
2016,2,8,22,30,0.0,0.0,1.9,13.0,0.0,0.0,0.0
2016,2,8,22,45,0.0,0.0,1.9,13.0,0.0,0.0,0.0
2016,2,8,23,0,0.0,0.0,1.9,13.0,0.0,0.0,0.0
2016,2,8,23,15,0.0,0.0,1.9,12.5,0.0,0.0,0.0
2016,2,8,23,30,0.0,0.0,1.9,12.0,0.0,0.0,0.0
2016,2,8,23,45,0.0,0.0,1.95,12.0,0.0,0.0,0.0
2016,2,9,0,0,0.0,0.0,2.0,12.0,0.0,0.0,0.0
2016,2,9,0,15,0.0,0.0,2.05,12.0,0.0,0.0,0.0
2016,2,9,0,30,0.0,0.0,2.1,12.0,0.0,0.0,0.0
2016,2,9,0,45,0.0,0.0,2.15,12.0,0.0,0.0,0.0
2016,2,9,1,0,0.0,0.0,2.2,12.0,0.0,0.0,0.0
2016,2,9,1,15,0.0,0.0,2.3,11.5,0.0,0.0,0.0
2016,2,9,1,30,0.0,0.0,2.4,11.0,0.0,0.0,0.0
2016,2,9,1,45,0.0,0.0,2.5,11.0,0.0,0.0,0.0
2016,2,9,2,0,0.0,0.0,2.6,11.0,0.0,0.0,0.0
2016,2,9,2,15,0.0,0.0,2.7,11.0,0.0,0.0,0.0
2016,2,9,2,30,0.0,0.0,2.8,11.0,0.0,0.0,0.0
2016,2,9,2,45,0.0,0.0,2.95,11.0,0.0,0.0,0.0
2016,2,9,3,0,0.0,0.0,3.1,11.0,0.0,0.0,0.0
2016,2,9,3,15,0.0,0.0,3.15,11.0,0.0,0.0,0.0
2016,2,9,3,30,0.0,0.0,3.2,11.0,0.0,0.0,0.0
2016,2,9,3,45,0.0,0.0,3.25,11.0,0.0,0.0,0.0
2016,2,9,4,0,0.0,0.0,3.3,11.0,0.0,0.0,0.0
2016,2,9,4,15,0.0,0.0,3.3,10.5,0.0,0.0,0.0
2016,2,9,4,30,0.0,0.0,3.3,10.0,0.0,0.0,0.0
2016,2,9,4,45,0.0,0.0,3.3,10.0,0.0,0.0,0.0
2016,2,9,5,0,0.0,0.0,3.3,10.0,0.0,0.0,0.0
2016,2,9,5,15,0.0,0.0,3.25,10.0,0.0,0.0,0.0
2016,2,9,5,30,0.0,0.0,3.2,10.0,0.0,0.0,0.0
2016,2,9,5,45,0.0,0.0,3.15,10.0,0.0,0.0,0.0
2016,2,9,6,0,0.0,0.0,3.1,10.0,0.0,0.0,0.0
2016,2,9,6,15,0.0,0.0,3.05,10.0,0.0,0.0,0.0
2016,2,9,6,30,0.0,0.0,3.0,10.0,0.0,0.0,0.0
2016,2,9,6,45,0.0,0.0,3.0,10.0,0.0,0.0,0.0
2016,2,9,7,0,0.0,0.0,3.0,10.0,0.0,0.0,0.0
2016,2,9,7,15,142.0,11.0,3.2,10.5,19.5,33.08,0.0
2016,2,9,7,30,284.0,22.0,3.4,11.0,39.0,93.18,33.56
2016,2,9,7,45,402.5,31.5,3.6,11.5,81.0,157.4,110.53
2016,2,9,8,0,521.0,41.0,3.8,12.0,123.0,231.07,176.37
2016,2,9,8,15,591.5,48.0,3.85,12.5,170.0,296.17,235.52
2016,2,9,8,30,662.0,55.0,3.9,13.0,217.0,365.84,297.48
2016,2,9,8,45,708.0,59.5,3.95,13.5,263.5,428.96,352.73
2016,2,9,9,0,754.0,64.0,4.0,14.0,310.0,494.98,408.51
2016,2,9,9,15,784.5,67.0,3.75,14.0,353.5,552.61,456.1
2016,2,9,9,30,815.0,70.0,3.5,14.0,397.0,610.77,502.43
2016,2,9,9,45,748.0,86.5,3.25,14.5,408.5,618.75,506.66
2016,2,9,10,0,681.0,103.0,3.0,15.0,420.0,622.48,506.97
2016,2,9,10,15,714.0,102.5,2.7,15.5,454.5,671.11,541.23
2016,2,9,10,30,747.0,102.0,2.4,16.0,489.0,719.31,573.0
2016,2,9,10,45,675.0,131.5,2.15,16.5,494.0,717.17,567.44
2016,2,9,11,0,603.0,161.0,1.9,17.0,499.0,707.18,556.11
2016,2,9,11,15,639.5,155.0,1.75,17.5,523.5,744.99,580.95
2016,2,9,11,30,676.0,149.0,1.6,18.0,548.0,781.21,603.1
2016,2,9,11,45,659.0,158.0,1.45,18.5,552.5,785.29,602.43
2016,2,9,12,0,642.0,167.0,1.3,19.0,557.0,786.1,599.84
2016,2,9,12,15,784.5,126.5,1.2,19.0,604.5,870.09,655.51
2016,2,9,12,30,927.0,86.0,1.1,19.0,652.0,937.99,697.82
2016,2,9,12,45,758.5,134.0,1.05,19.0,595.0,853.13,640.07
2016,2,9,13,0,590.0,182.0,1.0,19.0,538.0,746.78,568.06
2016,2,9,13,15,533.0,198.0,1.05,19.0,514.0,708.19,542.04
2016,2,9,13,30,476.0,214.0,1.1,19.0,490.0,668.5,514.02
2016,2,9,13,45,457.0,209.5,1.2,19.0,467.0,637.47,493.44
2016,2,9,14,0,438.0,205.0,1.3,19.0,444.0,605.39,471.58
2016,2,9,14,15,343.5,210.5,1.35,18.5,392.0,513.0,404.07
2016,2,9,14,30,249.0,216.0,1.4,18.0,340.0,437.59,347.37
2016,2,9,14,45,256.5,199.5,1.5,18.0,319.5,415.23,331.82
2016,2,9,15,0,264.0,183.0,1.6,18.0,299.0,391.58,314.52
2016,2,9,15,15,320.0,157.5,1.5,17.5,286.0,387.19,312.66
2016,2,9,15,30,376.0,132.0,1.4,17.0,273.0,386.79,312.94
2016,2,9,15,45,352.0,120.0,1.35,17.0,239.0,341.71,276.29
2016,2,9,16,0,328.0,108.0,1.3,17.0,205.0,298.09,240.21
2016,2,9,16,15,301.0,92.5,1.25,16.5,170.0,250.97,200.86
2016,2,9,16,30,274.0,77.0,1.2,16.0,135.0,206.19,162.36
2016,2,9,16,45,235.0,59.5,1.15,15.5,100.5,157.63,120.2
2016,2,9,17,0,196.0,42.0,1.1,15.0,66.0,113.24,80.85
2016,2,9,17,15,98.0,26.5,1.1,15.0,38.5,55.77,27.5
2016,2,9,17,30,0.0,11.0,1.1,15.0,11.0,10.48,0.0
2016,2,9,17,45,0.0,5.5,1.15,15.0,5.5,0.0,0.0
2016,2,9,18,0,0.0,0.0,1.2,15.0,0.0,0.0,0.0
2016,2,9,18,15,0.0,0.0,1.15,15.0,0.0,0.0,0.0
2016,2,9,18,30,0.0,0.0,1.1,15.0,0.0,0.0,0.0
2016,2,9,18,45,0.0,0.0,1.1,15.0,0.0,0.0,0.0
2016,2,9,19,0,0.0,0.0,1.1,15.0,0.0,0.0,0.0
2016,2,9,19,15,0.0,0.0,1.05,15.0,0.0,0.0,0.0
2016,2,9,19,30,0.0,0.0,1.0,15.0,0.0,0.0,0.0
2016,2,9,19,45,0.0,0.0,0.95,15.0,0.0,0.0,0.0
2016,2,9,20,0,0.0,0.0,0.9,15.0,0.0,0.0,0.0
2016,2,9,20,15,0.0,0.0,0.85,14.5,0.0,0.0,0.0
2016,2,9,20,30,0.0,0.0,0.8,14.0,0.0,0.0,0.0
2016,2,9,20,45,0.0,0.0,0.75,14.0,0.0,0.0,0.0
2016,2,9,21,0,0.0,0.0,0.7,14.0,0.0,0.0,0.0
2016,2,9,21,15,0.0,0.0,0.65,14.0,0.0,0.0,0.0
2016,2,9,21,30,0.0,0.0,0.6,14.0,0.0,0.0,0.0
2016,2,9,21,45,0.0,0.0,0.6,14.0,0.0,0.0,0.0
2016,2,9,22,0,0.0,0.0,0.6,14.0,0.0,0.0,0.0
2016,2,9,22,15,0.0,0.0,0.6,14.0,0.0,0.0,0.0
2016,2,9,22,30,0.0,0.0,0.6,14.0,0.0,0.0,0.0
2016,2,9,22,45,0.0,0.0,0.6,14.0,0.0,0.0,0.0
2016,2,9,23,0,0.0,0.0,0.6,14.0,0.0,0.0,0.0
2016,2,9,23,15,0.0,0.0,0.55,13.5,0.0,0.0,0.0
2016,2,9,23,30,0.0,0.0,0.5,13.0,0.0,0.0,0.0
2016,2,9,23,45,0.0,0.0,0.45,13.0,0.0,0.0,0.0
2016,2,10,0,0,0.0,0.0,0.4,13.0,0.0,0.0,0.0
2016,2,10,0,15,0.0,0.0,0.4,13.0,0.0,0.0,0.0
2016,2,10,0,30,0.0,0.0,0.4,13.0,0.0,0.0,0.0
2016,2,10,0,45,0.0,0.0,0.4,13.0,0.0,0.0,0.0
2016,2,10,1,0,0.0,0.0,0.4,13.0,0.0,0.0,0.0
2016,2,10,1,15,0.0,0.0,0.35,13.0,0.0,0.0,0.0
2016,2,10,1,30,0.0,0.0,0.3,13.0,0.0,0.0,0.0
2016,2,10,1,45,0.0,0.0,0.3,13.0,0.0,0.0,0.0
2016,2,10,2,0,0.0,0.0,0.3,13.0,0.0,0.0,0.0
2016,2,10,2,15,0.0,0.0,0.5,12.5,0.0,0.0,0.0
2016,2,10,2,30,0.0,0.0,0.7,12.0,0.0,0.0,0.0
2016,2,10,2,45,0.0,0.0,0.95,12.0,0.0,0.0,0.0
2016,2,10,3,0,0.0,0.0,1.2,12.0,0.0,0.0,0.0
2016,2,10,3,15,0.0,0.0,1.35,12.0,0.0,0.0,0.0
2016,2,10,3,30,0.0,0.0,1.5,12.0,0.0,0.0,0.0
2016,2,10,3,45,0.0,0.0,1.65,12.0,0.0,0.0,0.0
2016,2,10,4,0,0.0,0.0,1.8,12.0,0.0,0.0,0.0
2016,2,10,4,15,0.0,0.0,1.85,11.5,0.0,0.0,0.0
2016,2,10,4,30,0.0,0.0,1.9,11.0,0.0,0.0,0.0
2016,2,10,4,45,0.0,0.0,1.95,11.0,0.0,0.0,0.0
2016,2,10,5,0,0.0,0.0,2.0,11.0,0.0,0.0,0.0
2016,2,10,5,15,0.0,0.0,2.05,11.0,0.0,0.0,0.0
2016,2,10,5,30,0.0,0.0,2.1,11.0,0.0,0.0,0.0
2016,2,10,5,45,0.0,0.0,2.15,11.0,0.0,0.0,0.0
2016,2,10,6,0,0.0,0.0,2.2,11.0,0.0,0.0,0.0
2016,2,10,6,15,0.0,0.0,2.15,11.0,0.0,0.0,0.0
2016,2,10,6,30,0.0,0.0,2.1,11.0,0.0,0.0,0.0
2016,2,10,6,45,0.0,0.0,2.05,11.0,0.0,0.0,0.0
2016,2,10,7,0,0.0,0.0,2.0,11.0,0.0,0.0,0.0
2016,2,10,7,15,127.5,11.5,2.0,11.0,20.0,31.38,0.0
2016,2,10,7,30,255.0,23.0,2.0,11.0,40.0,88.78,37.74
2016,2,10,7,45,367.5,34.0,2.0,11.5,81.0,150.85,106.77
2016,2,10,8,0,480.0,45.0,2.0,12.0,122.0,222.46,169.89
2016,2,10,8,15,549.5,52.5,2.0,12.0,168.5,285.77,226.99
2016,2,10,8,30,619.0,60.0,2.0,12.0,215.0,355.72,288.62
2016,2,10,8,45,662.5,66.0,2.0,12.5,260.5,417.19,341.46
2016,2,10,9,0,706.0,72.0,2.0,13.0,306.0,481.53,394.71
2016,2,10,9,15,725.0,71.5,1.85,13.0,339.5,524.04,429.51
2016,2,10,9,30,744.0,71.0,1.7,13.0,373.0,568.42,464.41
2016,2,10,9,45,782.5,77.5,1.6,13.5,420.5,633.42,512.7
2016,2,10,10,0,821.0,84.0,1.5,14.0,468.0,699.01,558.25
2016,2,10,10,15,836.0,86.0,1.5,14.0,500.5,741.84,587.54
2016,2,10,10,30,851.0,88.0,1.5,14.0,533.0,782.72,615.26
2016,2,10,10,45,861.0,90.0,1.55,14.5,558.0,817.35,637.65
2016,2,10,11,0,871.0,92.0,1.6,15.0,583.0,849.25,658.02
2016,2,10,11,15,878.0,93.0,1.65,15.0,601.5,874.48,674.94
2016,2,10,11,30,885.0,94.0,1.7,15.0,620.0,896.5,689.77
2016,2,10,11,45,812.0,115.0,1.8,15.5,604.0,867.83,669.14
2016,2,10,12,0,739.0,136.0,1.9,16.0,588.0,838.98,648.88
2016,2,10,12,15,817.0,115.0,1.9,16.0,616.5,883.15,679.7
2016,2,10,12,30,895.0,94.0,1.9,16.0,645.0,921.07,705.23
2016,2,10,12,45,894.5,93.0,1.95,16.5,640.0,916.14,700.83
2016,2,10,13,0,894.0,92.0,2.0,17.0,635.0,907.59,694.58
2016,2,10,13,15,730.5,137.0,2.0,17.0,574.5,818.57,633.41
2016,2,10,13,30,567.0,182.0,2.0,17.0,514.0,711.31,557.36
2016,2,10,13,45,594.0,166.5,2.0,17.5,503.0,709.63,557.1
2016,2,10,14,0,621.0,151.0,2.0,18.0,492.0,699.84,550.15
2016,2,10,14,15,620.5,142.0,1.95,18.0,468.5,671.54,529.91
2016,2,10,14,30,620.0,133.0,1.9,18.0,445.0,640.91,507.88
2016,2,10,14,45,514.0,147.0,1.9,18.0,394.0,552.65,441.1
2016,2,10,15,0,408.0,161.0,1.9,18.0,343.0,475.54,381.5
2016,2,10,15,15,299.5,159.0,1.8,17.5,286.0,376.13,304.0
2016,2,10,15,30,191.0,157.0,1.7,17.0,229.0,287.3,232.93
2016,2,10,15,45,176.5,140.0,1.6,16.5,200.5,251.81,204.58
2016,2,10,16,0,162.0,123.0,1.5,16.0,172.0,217.42,176.27
2016,2,10,16,15,147.5,103.5,1.5,15.5,142.5,181.27,145.94
2016,2,10,16,30,133.0,84.0,1.5,15.0,113.0,146.45,116.0
2016,2,10,16,45,111.5,64.5,1.55,15.0,84.5,110.62,84.64
2016,2,10,17,0,90.0,45.0,1.6,15.0,56.0,76.96,54.88
2016,2,10,17,15,45.0,27.5,1.6,14.5,33.0,41.8,21.6
2016,2,10,17,30,0.0,10.0,1.6,14.0,10.0,9.53,0.0
2016,2,10,17,45,0.0,5.0,1.6,14.0,5.0,0.0,0.0
2016,2,10,18,0,0.0,0.0,1.6,14.0,0.0,0.0,0.0
2016,2,10,18,15,0.0,0.0,1.6,14.0,0.0,0.0,0.0
2016,2,10,18,30,0.0,0.0,1.6,14.0,0.0,0.0,0.0
2016,2,10,18,45,0.0,0.0,1.6,14.0,0.0,0.0,0.0
2016,2,10,19,0,0.0,0.0,1.6,14.0,0.0,0.0,0.0
2016,2,10,19,15,0.0,0.0,1.55,14.0,0.0,0.0,0.0
2016,2,10,19,30,0.0,0.0,1.5,14.0,0.0,0.0,0.0
2016,2,10,19,45,0.0,0.0,1.5,14.0,0.0,0.0,0.0
2016,2,10,20,0,0.0,0.0,1.5,14.0,0.0,0.0,0.0
2016,2,10,20,15,0.0,0.0,1.45,13.5,0.0,0.0,0.0
2016,2,10,20,30,0.0,0.0,1.4,13.0,0.0,0.0,0.0
2016,2,10,20,45,0.0,0.0,1.4,13.0,0.0,0.0,0.0
2016,2,10,21,0,0.0,0.0,1.4,13.0,0.0,0.0,0.0
2016,2,10,21,15,0.0,0.0,1.35,13.0,0.0,0.0,0.0
2016,2,10,21,30,0.0,0.0,1.3,13.0,0.0,0.0,0.0
2016,2,10,21,45,0.0,0.0,1.3,13.0,0.0,0.0,0.0
2016,2,10,22,0,0.0,0.0,1.3,13.0,0.0,0.0,0.0
2016,2,10,22,15,0.0,0.0,1.25,13.0,0.0,0.0,0.0
2016,2,10,22,30,0.0,0.0,1.2,13.0,0.0,0.0,0.0
2016,2,10,22,45,0.0,0.0,1.15,13.0,0.0,0.0,0.0
2016,2,10,23,0,0.0,0.0,1.1,13.0,0.0,0.0,0.0
2016,2,10,23,15,0.0,0.0,1.05,13.0,0.0,0.0,0.0
2016,2,10,23,30,0.0,0.0,1.0,13.0,0.0,0.0,0.0
2016,2,10,23,45,0.0,0.0,1.0,13.0,0.0,0.0,0.0
2016,2,11,0,0,0.0,0.0,1.0,13.0,0.0,0.0,0.0
2016,2,11,0,15,0.0,0.0,0.95,13.0,0.0,0.0,0.0
2016,2,11,0,30,0.0,0.0,0.9,13.0,0.0,0.0,0.0
2016,2,11,0,45,0.0,0.0,0.9,13.0,0.0,0.0,0.0
2016,2,11,1,0,0.0,0.0,0.9,13.0,0.0,0.0,0.0
2016,2,11,1,15,0.0,0.0,0.95,12.5,0.0,0.0,0.0
2016,2,11,1,30,0.0,0.0,1.0,12.0,0.0,0.0,0.0
2016,2,11,1,45,0.0,0.0,1.05,12.0,0.0,0.0,0.0
2016,2,11,2,0,0.0,0.0,1.1,12.0,0.0,0.0,0.0
2016,2,11,2,15,0.0,0.0,1.2,12.0,0.0,0.0,0.0
2016,2,11,2,30,0.0,0.0,1.3,12.0,0.0,0.0,0.0
2016,2,11,2,45,0.0,0.0,1.4,12.0,0.0,0.0,0.0
2016,2,11,3,0,0.0,0.0,1.5,12.0,0.0,0.0,0.0
2016,2,11,3,15,0.0,0.0,1.55,11.5,0.0,0.0,0.0
2016,2,11,3,30,0.0,0.0,1.6,11.0,0.0,0.0,0.0
2016,2,11,3,45,0.0,0.0,1.7,11.0,0.0,0.0,0.0
2016,2,11,4,0,0.0,0.0,1.8,11.0,0.0,0.0,0.0
2016,2,11,4,15,0.0,0.0,1.85,11.0,0.0,0.0,0.0
2016,2,11,4,30,0.0,0.0,1.9,11.0,0.0,0.0,0.0
2016,2,11,4,45,0.0,0.0,1.95,11.0,0.0,0.0,0.0
2016,2,11,5,0,0.0,0.0,2.0,11.0,0.0,0.0,0.0
2016,2,11,5,15,0.0,0.0,1.95,11.0,0.0,0.0,0.0
2016,2,11,5,30,0.0,0.0,1.9,11.0,0.0,0.0,0.0
2016,2,11,5,45,0.0,0.0,1.9,11.0,0.0,0.0,0.0
2016,2,11,6,0,0.0,0.0,1.9,11.0,0.0,0.0,0.0
2016,2,11,6,15,0.0,0.0,1.85,11.0,0.0,0.0,0.0
2016,2,11,6,30,0.0,0.0,1.8,11.0,0.0,0.0,0.0
2016,2,11,6,45,0.0,0.0,1.8,11.0,0.0,0.0,0.0
2016,2,11,7,0,0.0,0.0,1.8,11.0,0.0,0.0,0.0
2016,2,11,7,15,77.5,12.5,1.85,11.5,17.5,24.42,0.0
2016,2,11,7,30,155.0,25.0,1.9,12.0,35.0,69.0,32.69
2016,2,11,7,45,217.0,41.0,1.95,12.5,68.5,116.03,83.15
2016,2,11,8,0,279.0,57.0,2.0,13.0,102.0,167.39,128.7
2016,2,11,8,15,317.5,72.0,1.8,13.0,139.5,215.24,171.61
2016,2,11,8,30,356.0,87.0,1.6,13.0,177.0,266.92,216.87
2016,2,11,8,45,386.5,98.5,1.45,13.5,213.0,314.17,257.01
2016,2,11,9,0,417.0,110.0,1.3,14.0,249.0,363.73,297.57
2016,2,11,9,15,407.5,128.0,1.1,14.0,279.0,398.82,325.25
2016,2,11,9,30,398.0,146.0,0.9,14.0,309.0,431.94,350.14
2016,2,11,9,45,493.5,139.0,0.75,14.5,359.5,506.41,406.6
2016,2,11,10,0,589.0,132.0,0.6,15.0,410.0,591.66,468.06
2016,2,11,10,15,580.5,144.5,0.6,15.0,434.5,620.81,487.66
2016,2,11,10,30,572.0,157.0,0.6,15.0,459.0,642.58,502.41
2016,2,11,10,45,361.5,210.5,0.6,15.5,404.5,536.41,419.94
2016,2,11,11,0,151.0,264.0,0.6,16.0,350.0,418.93,327.63
2016,2,11,11,15,238.0,262.0,0.6,16.0,402.5,493.8,386.32
2016,2,11,11,30,325.0,260.0,0.6,16.0,455.0,584.77,453.06
2016,2,11,11,45,319.5,268.0,0.6,16.0,462.0,593.45,457.65
2016,2,11,12,0,314.0,276.0,0.6,16.0,469.0,600.69,462.24
2016,2,11,12,15,404.5,250.5,0.6,16.0,500.5,653.69,502.13
2016,2,11,12,30,495.0,225.0,0.6,16.0,532.0,720.09,549.69
2016,2,11,12,45,406.0,247.0,0.65,16.5,497.5,649.58,497.6
2016,2,11,13,0,317.0,269.0,0.7,17.0,463.0,593.02,455.84
2016,2,11,13,15,432.0,230.0,0.65,17.0,488.5,657.94,505.09
2016,2,11,13,30,547.0,191.0,0.6,17.0,514.0,705.62,540.12
2016,2,11,13,45,593.0,168.5,0.6,17.5,507.5,712.32,544.62
2016,2,11,14,0,639.0,146.0,0.6,18.0,501.0,710.48,543.68
2016,2,11,14,15,583.5,154.5,0.65,18.0,466.0,657.19,506.66
2016,2,11,14,30,528.0,163.0,0.7,18.0,431.0,600.96,467.28
2016,2,11,14,45,484.0,160.0,0.8,18.0,393.0,546.64,429.13
2016,2,11,15,0,440.0,157.0,0.9,18.0,355.0,493.79,390.84
2016,2,11,15,15,405.0,152.0,0.95,17.5,322.0,446.51,356.14
2016,2,11,15,30,370.0,147.0,1.0,17.0,289.0,392.13,315.04
2016,2,11,15,45,350.5,131.5,1.1,17.0,253.0,346.45,279.28
2016,2,11,16,0,331.0,116.0,1.2,17.0,217.0,301.87,243.14
2016,2,11,16,15,298.0,99.5,1.3,16.5,179.0,251.32,201.45
2016,2,11,16,30,265.0,83.0,1.4,16.0,141.0,203.76,161.02
2016,2,11,16,45,216.5,65.5,1.5,15.5,105.0,152.93,117.31
2016,2,11,17,0,168.0,48.0,1.6,15.0,69.0,107.35,77.64
2016,2,11,17,15,84.0,30.0,1.65,14.5,40.5,57.66,32.83
2016,2,11,17,30,0.0,12.0,1.7,14.0,12.0,11.44,0.0
2016,2,11,17,45,0.0,6.0,1.8,14.0,6.0,0.0,0.0
2016,2,11,18,0,0.0,0.0,1.9,14.0,0.0,0.0,0.0
2016,2,11,18,15,0.0,0.0,1.95,13.5,0.0,0.0,0.0
2016,2,11,18,30,0.0,0.0,2.0,13.0,0.0,0.0,0.0
2016,2,11,18,45,0.0,0.0,2.05,13.0,0.0,0.0,0.0
2016,2,11,19,0,0.0,0.0,2.1,13.0,0.0,0.0,0.0
2016,2,11,19,15,0.0,0.0,2.15,12.5,0.0,0.0,0.0
2016,2,11,19,30,0.0,0.0,2.2,12.0,0.0,0.0,0.0
2016,2,11,19,45,0.0,0.0,2.3,12.0,0.0,0.0,0.0
2016,2,11,20,0,0.0,0.0,2.4,12.0,0.0,0.0,0.0
2016,2,11,20,15,0.0,0.0,2.45,12.0,0.0,0.0,0.0
2016,2,11,20,30,0.0,0.0,2.5,12.0,0.0,0.0,0.0
2016,2,11,20,45,0.0,0.0,2.55,12.0,0.0,0.0,0.0
2016,2,11,21,0,0.0,0.0,2.6,12.0,0.0,0.0,0.0
2016,2,11,21,15,0.0,0.0,2.6,11.5,0.0,0.0,0.0
2016,2,11,21,30,0.0,0.0,2.6,11.0,0.0,0.0,0.0
2016,2,11,21,45,0.0,0.0,2.65,11.0,0.0,0.0,0.0
2016,2,11,22,0,0.0,0.0,2.7,11.0,0.0,0.0,0.0
2016,2,11,22,15,0.0,0.0,2.7,11.0,0.0,0.0,0.0
2016,2,11,22,30,0.0,0.0,2.7,11.0,0.0,0.0,0.0
2016,2,11,22,45,0.0,0.0,2.7,11.0,0.0,0.0,0.0
2016,2,11,23,0,0.0,0.0,2.7,11.0,0.0,0.0,0.0
2016,2,11,23,15,0.0,0.0,2.65,11.0,0.0,0.0,0.0
2016,2,11,23,30,0.0,0.0,2.6,11.0,0.0,0.0,0.0
2016,2,11,23,45,0.0,0.0,2.6,11.0,0.0,0.0,0.0
2016,2,12,0,0,0.0,0.0,2.6,11.0,0.0,0.0,0.0
2016,2,12,0,15,0.0,0.0,2.55,11.0,0.0,0.0,0.0
2016,2,12,0,30,0.0,0.0,2.5,11.0,0.0,0.0,0.0
2016,2,12,0,45,0.0,0.0,2.45,11.0,0.0,0.0,0.0
2016,2,12,1,0,0.0,0.0,2.4,11.0,0.0,0.0,0.0
2016,2,12,1,15,0.0,0.0,2.35,11.0,0.0,0.0,0.0
2016,2,12,1,30,0.0,0.0,2.3,11.0,0.0,0.0,0.0
2016,2,12,1,45,0.0,0.0,2.25,11.0,0.0,0.0,0.0
2016,2,12,2,0,0.0,0.0,2.2,11.0,0.0,0.0,0.0
2016,2,12,2,15,0.0,0.0,2.15,11.0,0.0,0.0,0.0
2016,2,12,2,30,0.0,0.0,2.1,11.0,0.0,0.0,0.0
2016,2,12,2,45,0.0,0.0,2.05,11.0,0.0,0.0,0.0
2016,2,12,3,0,0.0,0.0,2.0,11.0,0.0,0.0,0.0
2016,2,12,3,15,0.0,0.0,1.95,11.0,0.0,0.0,0.0
2016,2,12,3,30,0.0,0.0,1.9,11.0,0.0,0.0,0.0
2016,2,12,3,45,0.0,0.0,1.85,11.0,0.0,0.0,0.0
2016,2,12,4,0,0.0,0.0,1.8,11.0,0.0,0.0,0.0
2016,2,12,4,15,0.0,0.0,1.75,11.0,0.0,0.0,0.0
2016,2,12,4,30,0.0,0.0,1.7,11.0,0.0,0.0,0.0
2016,2,12,4,45,0.0,0.0,1.7,11.0,0.0,0.0,0.0
2016,2,12,5,0,0.0,0.0,1.7,11.0,0.0,0.0,0.0
2016,2,12,5,15,0.0,0.0,1.65,11.0,0.0,0.0,0.0
2016,2,12,5,30,0.0,0.0,1.6,11.0,0.0,0.0,0.0
2016,2,12,5,45,0.0,0.0,1.6,11.0,0.0,0.0,0.0
2016,2,12,6,0,0.0,0.0,1.6,11.0,0.0,0.0,0.0
2016,2,12,6,15,0.0,0.0,1.6,11.0,0.0,0.0,0.0
2016,2,12,6,30,0.0,0.0,1.6,11.0,0.0,0.0,0.0
2016,2,12,6,45,0.0,0.0,1.6,11.0,0.0,0.0,0.0
2016,2,12,7,0,0.0,0.0,1.6,11.0,0.0,0.0,0.0
2016,2,12,7,15,127.0,13.0,1.65,11.5,22.5,33.04,0.0
2016,2,12,7,30,254.0,26.0,1.7,12.0,45.0,93.42,48.7
2016,2,12,7,45,364.5,37.0,1.8,12.5,86.5,154.07,110.14
2016,2,12,8,0,475.0,48.0,1.9,13.0,128.0,225.38,172.4
2016,2,12,8,15,386.5,71.0,1.8,13.0,149.5,241.54,192.37
2016,2,12,8,30,298.0,94.0,1.7,13.0,171.0,242.33,197.15
2016,2,12,8,45,329.5,106.5,1.65,13.0,206.5,295.22,242.51
2016,2,12,9,0,361.0,119.0,1.6,13.0,242.0,343.72,283.1
2016,2,12,9,15,356.5,137.0,1.55,13.0,271.5,379.08,311.81
2016,2,12,9,30,352.0,155.0,1.5,13.0,301.0,403.41,331.16
2016,2,12,9,45,476.0,142.5,1.5,13.5,358.5,499.35,407.05
2016,2,12,10,0,600.0,130.0,1.5,14.0,416.0,598.69,482.7
2016,2,12,10,15,640.5,127.5,1.6,14.0,451.5,648.88,520.35
2016,2,12,10,30,681.0,125.0,1.7,14.0,487.0,699.19,557.34
2016,2,12,10,45,760.5,112.5,1.8,14.5,534.5,769.18,606.4
2016,2,12,11,0,840.0,100.0,1.9,15.0,582.0,836.7,652.53
2016,2,12,11,15,846.5,101.5,1.95,15.0,600.0,861.59,668.97
2016,2,12,11,30,853.0,103.0,2.0,15.0,618.0,883.34,683.73
2016,2,12,11,45,853.0,105.0,2.15,15.0,627.0,896.63,693.76
2016,2,12,12,0,853.0,107.0,2.3,15.0,636.0,906.41,701.54
2016,2,12,12,15,625.5,182.0,2.35,15.0,571.0,795.22,623.28
2016,2,12,12,30,398.0,257.0,2.4,15.0,506.0,656.26,518.17
2016,2,12,12,45,329.0,269.5,2.5,15.0,474.0,607.36,481.71
2016,2,12,13,0,260.0,282.0,2.6,15.0,442.0,557.86,443.5
2016,2,12,13,15,429.5,228.5,2.65,15.0,486.0,654.97,521.72
2016,2,12,13,30,599.0,175.0,2.7,15.0,530.0,738.55,587.48
2016,2,12,13,45,392.0,215.5,2.75,15.0,445.0,592.14,474.06
2016,2,12,14,0,185.0,256.0,2.8,15.0,360.0,434.63,349.67
2016,2,12,14,15,272.5,230.0,2.8,15.0,374.5,480.89,389.04
2016,2,12,14,30,360.0,204.0,2.8,15.0,389.0,508.76,412.91
2016,2,12,14,45,378.0,186.0,2.8,15.0,368.0,488.54,397.94
2016,2,12,15,0,396.0,168.0,2.8,15.0,347.0,476.42,389.02
2016,2,12,15,15,387.5,153.0,2.65,14.5,315.5,436.94,358.37
2016,2,12,15,30,379.0,138.0,2.5,14.0,284.0,397.05,326.83
2016,2,12,15,45,347.0,127.0,2.45,14.0,248.5,348.22,286.63
2016,2,12,16,0,315.0,116.0,2.4,14.0,213.0,294.05,241.41
2016,2,12,16,15,286.0,99.5,2.45,14.0,177.0,246.05,200.37
2016,2,12,16,30,257.0,83.0,2.5,14.0,141.0,200.65,160.6
2016,2,12,16,45,212.0,66.0,2.55,14.0,106.0,151.95,117.77
2016,2,12,17,0,167.0,49.0,2.6,14.0,71.0,108.15,79.01
2016,2,12,17,15,83.5,32.0,2.65,13.5,43.0,60.45,36.3
2016,2,12,17,30,0.0,15.0,2.7,13.0,15.0,14.3,0.0
2016,2,12,17,45,0.0,7.5,2.75,13.0,7.5,7.15,0.0
2016,2,12,18,0,0.0,0.0,2.8,13.0,0.0,0.0,0.0
2016,2,12,18,15,0.0,0.0,2.75,13.0,0.0,0.0,0.0
2016,2,12,18,30,0.0,0.0,2.7,13.0,0.0,0.0,0.0
2016,2,12,18,45,0.0,0.0,2.7,13.0,0.0,0.0,0.0
2016,2,12,19,0,0.0,0.0,2.7,13.0,0.0,0.0,0.0
2016,2,12,19,15,0.0,0.0,2.7,13.0,0.0,0.0,0.0
2016,2,12,19,30,0.0,0.0,2.7,13.0,0.0,0.0,0.0
2016,2,12,19,45,0.0,0.0,2.7,13.0,0.0,0.0,0.0
2016,2,12,20,0,0.0,0.0,2.7,13.0,0.0,0.0,0.0
2016,2,12,20,15,0.0,0.0,2.75,12.5,0.0,0.0,0.0
2016,2,12,20,30,0.0,0.0,2.8,12.0,0.0,0.0,0.0
2016,2,12,20,45,0.0,0.0,2.85,12.0,0.0,0.0,0.0
2016,2,12,21,0,0.0,0.0,2.9,12.0,0.0,0.0,0.0
2016,2,12,21,15,0.0,0.0,3.0,12.0,0.0,0.0,0.0
2016,2,12,21,30,0.0,0.0,3.1,12.0,0.0,0.0,0.0
2016,2,12,21,45,0.0,0.0,3.25,12.0,0.0,0.0,0.0
2016,2,12,22,0,0.0,0.0,3.4,12.0,0.0,0.0,0.0
2016,2,12,22,15,0.0,0.0,3.5,11.5,0.0,0.0,0.0
2016,2,12,22,30,0.0,0.0,3.6,11.0,0.0,0.0,0.0
2016,2,12,22,45,0.0,0.0,3.75,11.0,0.0,0.0,0.0
2016,2,12,23,0,0.0,0.0,3.9,11.0,0.0,0.0,0.0
2016,2,12,23,15,0.0,0.0,3.95,11.0,0.0,0.0,0.0
2016,2,12,23,30,0.0,0.0,4.0,11.0,0.0,0.0,0.0
2016,2,12,23,45,0.0,0.0,4.1,11.0,0.0,0.0,0.0
2016,2,13,0,0,0.0,0.0,4.2,11.0,0.0,0.0,0.0
2016,2,13,0,15,0.0,0.0,4.2,11.0,0.0,0.0,0.0
2016,2,13,0,30,0.0,0.0,4.2,11.0,0.0,0.0,0.0
2016,2,13,0,45,0.0,0.0,4.25,11.0,0.0,0.0,0.0
2016,2,13,1,0,0.0,0.0,4.3,11.0,0.0,0.0,0.0
2016,2,13,1,15,0.0,0.0,4.2,10.5,0.0,0.0,0.0
2016,2,13,1,30,0.0,0.0,4.1,10.0,0.0,0.0,0.0
2016,2,13,1,45,0.0,0.0,4.05,10.0,0.0,0.0,0.0
2016,2,13,2,0,0.0,0.0,4.0,10.0,0.0,0.0,0.0
2016,2,13,2,15,0.0,0.0,3.9,10.0,0.0,0.0,0.0
2016,2,13,2,30,0.0,0.0,3.8,10.0,0.0,0.0,0.0
2016,2,13,2,45,0.0,0.0,3.7,10.0,0.0,0.0,0.0
2016,2,13,3,0,0.0,0.0,3.6,10.0,0.0,0.0,0.0
2016,2,13,3,15,0.0,0.0,3.5,10.0,0.0,0.0,0.0
2016,2,13,3,30,0.0,0.0,3.4,10.0,0.0,0.0,0.0
2016,2,13,3,45,0.0,0.0,3.3,10.0,0.0,0.0,0.0
2016,2,13,4,0,0.0,0.0,3.2,10.0,0.0,0.0,0.0
2016,2,13,4,15,0.0,0.0,3.2,9.5,0.0,0.0,0.0
2016,2,13,4,30,0.0,0.0,3.2,9.0,0.0,0.0,0.0
2016,2,13,4,45,0.0,0.0,3.2,9.0,0.0,0.0,0.0
2016,2,13,5,0,0.0,0.0,3.2,9.0,0.0,0.0,0.0
2016,2,13,5,15,0.0,0.0,3.3,9.0,0.0,0.0,0.0
2016,2,13,5,30,0.0,0.0,3.4,9.0,0.0,0.0,0.0
2016,2,13,5,45,0.0,0.0,3.5,9.0,0.0,0.0,0.0
2016,2,13,6,0,0.0,0.0,3.6,9.0,0.0,0.0,0.0
2016,2,13,6,15,0.0,0.0,3.65,9.0,0.0,0.0,0.0
2016,2,13,6,30,0.0,0.0,3.7,9.0,0.0,0.0,0.0
2016,2,13,6,45,0.0,0.0,3.75,9.5,0.0,0.0,0.0
2016,2,13,7,0,0.0,0.0,3.8,10.0,0.0,0.0,0.0
2016,2,13,7,15,173.0,12.5,3.8,10.0,26.0,40.27,0.0
2016,2,13,7,30,346.0,25.0,3.8,10.0,52.0,114.0,63.65
2016,2,13,7,45,458.5,33.5,3.85,10.5,96.0,177.31,128.1
2016,2,13,8,0,571.0,42.0,3.9,11.0,140.0,250.11,193.32
2016,2,13,8,15,635.0,48.0,3.75,11.5,188.0,315.24,252.78
2016,2,13,8,30,699.0,54.0,3.6,12.0,236.0,386.14,315.6
2016,2,13,8,45,418.5,98.0,3.45,12.5,212.5,330.75,273.68
2016,2,13,9,0,138.0,142.0,3.3,13.0,189.0,231.6,191.24
2016,2,13,9,15,489.0,104.5,3.15,13.0,303.5,422.16,351.74
2016,2,13,9,30,840.0,67.0,3.0,13.0,418.0,629.95,518.6
2016,2,13,9,45,866.0,67.5,2.9,13.5,458.0,678.92,553.66
2016,2,13,10,0,892.0,68.0,2.8,14.0,498.0,731.5,590.07
2016,2,13,10,15,906.0,69.5,2.65,14.5,531.0,775.17,618.66
2016,2,13,10,30,920.0,71.0,2.5,15.0,564.0,816.63,645.01
2016,2,13,10,45,931.5,71.5,2.45,15.5,590.5,852.37,667.47
2016,2,13,11,0,943.0,72.0,2.4,16.0,617.0,885.26,687.65
2016,2,13,11,15,949.0,73.0,2.45,16.0,636.0,910.92,704.86
2016,2,13,11,30,955.0,74.0,2.5,16.0,655.0,933.11,719.76
2016,2,13,11,45,960.0,73.5,2.6,16.5,666.0,948.96,729.52
2016,2,13,12,0,965.0,73.0,2.7,17.0,677.0,961.04,736.85
2016,2,13,12,15,966.0,73.5,2.8,17.0,679.5,966.87,741.43
2016,2,13,12,30,967.0,74.0,2.9,17.0,682.0,968.75,743.52
2016,2,13,12,45,958.5,76.5,3.0,17.0,675.0,960.55,738.84
2016,2,13,13,0,950.0,79.0,3.1,17.0,668.0,948.52,731.71
2016,2,13,13,15,944.5,78.5,3.35,17.0,654.0,931.85,722.5
2016,2,13,13,30,939.0,78.0,3.6,17.0,640.0,911.56,710.64
2016,2,13,13,45,929.0,78.0,3.9,17.0,617.5,884.58,694.11
2016,2,13,14,0,919.0,78.0,4.2,17.0,595.0,854.47,675.04
2016,2,13,14,15,907.0,76.5,4.5,16.5,565.5,818.04,652.78
2016,2,13,14,30,895.0,75.0,4.8,16.0,536.0,779.02,628.15
2016,2,13,14,45,876.5,73.5,5.1,16.0,500.0,732.93,596.2
2016,2,13,15,0,858.0,72.0,5.4,16.0,464.0,690.06,565.94
2016,2,13,15,15,835.0,69.0,5.3,15.5,423.0,635.92,524.61
2016,2,13,15,30,812.0,66.0,5.2,15.0,382.0,581.19,480.9
2016,2,13,15,45,774.0,63.5,5.1,15.0,336.5,518.39,428.54
2016,2,13,16,0,736.0,61.0,5.0,15.0,291.0,457.11,376.05
2016,2,13,16,15,685.5,56.0,4.8,14.5,243.0,389.29,317.36
2016,2,13,16,30,635.0,51.0,4.6,14.0,195.0,325.22,260.19
2016,2,13,16,45,549.5,44.5,4.45,13.5,148.0,253.61,196.26
2016,2,13,17,0,464.0,38.0,4.3,13.0,101.0,188.92,137.82
2016,2,13,17,15,322.5,27.0,4.25,12.5,62.0,115.93,71.58
2016,2,13,17,30,181.0,16.0,4.2,12.0,23.0,46.86,0.0
2016,2,13,17,45,90.5,8.0,4.2,12.0,11.5,7.63,0.0
2016,2,13,18,0,0.0,0.0,4.2,12.0,0.0,0.0,0.0
2016,2,13,18,15,0.0,0.0,4.1,12.0,0.0,0.0,0.0
2016,2,13,18,30,0.0,0.0,4.0,12.0,0.0,0.0,0.0
2016,2,13,18,45,0.0,0.0,3.9,12.0,0.0,0.0,0.0
2016,2,13,19,0,0.0,0.0,3.8,12.0,0.0,0.0,0.0
2016,2,13,19,15,0.0,0.0,3.85,12.0,0.0,0.0,0.0
2016,2,13,19,30,0.0,0.0,3.9,12.0,0.0,0.0,0.0
2016,2,13,19,45,0.0,0.0,3.95,12.0,0.0,0.0,0.0
2016,2,13,20,0,0.0,0.0,4.0,12.0,0.0,0.0,0.0
2016,2,13,20,15,0.0,0.0,4.05,11.5,0.0,0.0,0.0
2016,2,13,20,30,0.0,0.0,4.1,11.0,0.0,0.0,0.0
2016,2,13,20,45,0.0,0.0,4.2,11.0,0.0,0.0,0.0
2016,2,13,21,0,0.0,0.0,4.3,11.0,0.0,0.0,0.0
2016,2,13,21,15,0.0,0.0,4.2,11.0,0.0,0.0,0.0
2016,2,13,21,30,0.0,0.0,4.1,11.0,0.0,0.0,0.0
2016,2,13,21,45,0.0,0.0,4.1,11.0,0.0,0.0,0.0
2016,2,13,22,0,0.0,0.0,4.1,11.0,0.0,0.0,0.0
2016,2,13,22,15,0.0,0.0,4.1,10.5,0.0,0.0,0.0
2016,2,13,22,30,0.0,0.0,4.1,10.0,0.0,0.0,0.0
2016,2,13,22,45,0.0,0.0,4.2,10.0,0.0,0.0,0.0
2016,2,13,23,0,0.0,0.0,4.3,10.0,0.0,0.0,0.0
2016,2,13,23,15,0.0,0.0,4.3,10.0,0.0,0.0,0.0
2016,2,13,23,30,0.0,0.0,4.3,10.0,0.0,0.0,0.0
2016,2,13,23,45,0.0,0.0,4.35,10.0,0.0,0.0,0.0
2016,2,14,0,0,0.0,0.0,4.4,10.0,0.0,0.0,0.0
2016,2,14,0,15,0.0,0.0,4.45,10.0,0.0,0.0,0.0
2016,2,14,0,30,0.0,0.0,4.5,10.0,0.0,0.0,0.0
2016,2,14,0,45,0.0,0.0,4.6,10.0,0.0,0.0,0.0
2016,2,14,1,0,0.0,0.0,4.7,10.0,0.0,0.0,0.0
2016,2,14,1,15,0.0,0.0,4.75,10.0,0.0,0.0,0.0
2016,2,14,1,30,0.0,0.0,4.8,10.0,0.0,0.0,0.0
2016,2,14,1,45,0.0,0.0,4.85,10.0,0.0,0.0,0.0
2016,2,14,2,0,0.0,0.0,4.9,10.0,0.0,0.0,0.0
2016,2,14,2,15,0.0,0.0,4.85,10.0,0.0,0.0,0.0
2016,2,14,2,30,0.0,0.0,4.8,10.0,0.0,0.0,0.0
2016,2,14,2,45,0.0,0.0,4.8,10.0,0.0,0.0,0.0
2016,2,14,3,0,0.0,0.0,4.8,10.0,0.0,0.0,0.0
2016,2,14,3,15,0.0,0.0,4.7,10.0,0.0,0.0,0.0
2016,2,14,3,30,0.0,0.0,4.6,10.0,0.0,0.0,0.0
2016,2,14,3,45,0.0,0.0,4.55,10.0,0.0,0.0,0.0
2016,2,14,4,0,0.0,0.0,4.5,10.0,0.0,0.0,0.0
2016,2,14,4,15,0.0,0.0,4.35,9.5,0.0,0.0,0.0
2016,2,14,4,30,0.0,0.0,4.2,9.0,0.0,0.0,0.0
2016,2,14,4,45,0.0,0.0,4.05,9.0,0.0,0.0,0.0
2016,2,14,5,0,0.0,0.0,3.9,9.0,0.0,0.0,0.0
2016,2,14,5,15,0.0,0.0,3.9,9.0,0.0,0.0,0.0
2016,2,14,5,30,0.0,0.0,3.9,9.0,0.0,0.0,0.0
2016,2,14,5,45,0.0,0.0,3.9,9.0,0.0,0.0,0.0
2016,2,14,6,0,0.0,0.0,3.9,9.0,0.0,0.0,0.0
2016,2,14,6,15,0.0,0.0,4.0,9.5,0.0,0.0,0.0
2016,2,14,6,30,0.0,0.0,4.1,10.0,0.0,0.0,0.0
2016,2,14,6,45,0.0,0.0,4.25,10.5,0.0,0.0,0.0
2016,2,14,7,0,0.0,0.0,4.4,11.0,0.0,0.0,0.0
2016,2,14,7,15,174.5,12.5,4.45,11.0,26.5,40.76,0.0
2016,2,14,7,30,349.0,25.0,4.5,11.0,53.0,115.87,67.55
2016,2,14,7,45,451.5,33.5,4.55,11.5,96.5,175.98,127.41
2016,2,14,8,0,554.0,42.0,4.6,12.0,140.0,247.23,191.31
2016,2,14,8,15,615.0,47.5,4.5,12.5,186.5,307.95,247.04
2016,2,14,8,30,676.0,53.0,4.4,13.0,233.0,376.0,307.57
2016,2,14,8,45,716.5,57.0,4.3,13.5,278.5,437.07,360.75
2016,2,14,9,0,757.0,61.0,4.2,14.0,324.0,500.52,413.94
2016,2,14,9,15,668.0,88.0,4.15,14.5,341.5,516.8,426.89
2016,2,14,9,30,579.0,115.0,4.1,15.0,359.0,520.38,428.65
2016,2,14,9,45,409.0,162.5,4.05,15.5,342.5,477.49,391.51
2016,2,14,10,0,239.0,210.0,4.0,16.0,326.0,414.12,337.24
2016,2,14,10,15,467.0,167.0,4.0,16.0,412.5,558.8,455.41
2016,2,14,10,30,695.0,124.0,4.0,16.0,499.0,712.15,574.6
2016,2,14,10,45,786.0,103.5,4.05,16.5,546.5,779.55,621.95
2016,2,14,11,0,877.0,83.0,4.1,17.0,594.0,845.03,667.5
2016,2,14,11,15,884.0,84.0,4.1,17.0,612.0,870.24,684.46
2016,2,14,11,30,891.0,85.0,4.1,17.0,630.0,892.26,699.42
2016,2,14,11,45,668.0,165.5,4.15,17.5,578.5,809.42,637.99
2016,2,14,12,0,445.0,246.0,4.2,18.0,527.0,698.86,551.48
2016,2,14,12,15,673.0,166.5,4.2,18.0,592.0,824.35,648.65
2016,2,14,12,30,901.0,87.0,4.2,18.0,657.0,926.87,721.18
2016,2,14,12,45,902.5,85.5,4.2,18.0,653.0,923.09,717.9
2016,2,14,13,0,904.0,84.0,4.2,18.0,649.0,915.61,712.94
2016,2,14,13,15,900.5,83.5,4.25,18.0,636.0,901.21,703.48
2016,2,14,13,30,897.0,83.0,4.3,18.0,623.0,883.31,691.67
2016,2,14,13,45,886.5,83.5,4.4,18.5,602.0,857.26,673.17
2016,2,14,14,0,876.0,84.0,4.5,19.0,581.0,828.24,652.65
2016,2,14,14,15,732.5,117.5,4.55,18.5,519.5,738.45,589.29
2016,2,14,14,30,589.0,151.0,4.6,18.0,458.0,641.94,517.64
2016,2,14,14,45,579.5,141.5,4.65,18.0,427.0,602.94,488.75
2016,2,14,15,0,570.0,132.0,4.7,18.0,396.0,562.61,457.96
2016,2,14,15,15,567.0,119.5,4.75,17.5,362.5,522.22,427.41
2016,2,14,15,30,564.0,107.0,4.8,17.0,329.0,480.33,394.72
2016,2,14,15,45,526.5,101.5,4.85,17.0,290.0,425.15,349.26
2016,2,14,16,0,489.0,96.0,4.9,17.0,251.0,369.23,302.22
2016,2,14,16,15,452.0,84.5,4.85,16.5,210.0,313.23,254.44
2016,2,14,16,30,415.0,73.0,4.8,16.0,169.0,260.3,207.96
2016,2,14,16,45,360.5,59.5,4.75,15.5,129.0,202.38,156.77
2016,2,14,17,0,306.0,46.0,4.7,15.0,89.0,150.29,110.12
2016,2,14,17,15,153.0,33.5,4.75,14.5,55.0,82.59,52.69
2016,2,14,17,30,0.0,21.0,4.8,14.0,21.0,20.55,0.0
2016,2,14,17,45,0.0,10.5,4.9,14.0,10.5,10.01,0.0
2016,2,14,18,0,0.0,0.0,5.0,14.0,0.0,0.0,0.0
2016,2,14,18,15,0.0,0.0,5.0,14.0,0.0,0.0,0.0
2016,2,14,18,30,0.0,0.0,5.0,14.0,0.0,0.0,0.0
2016,2,14,18,45,0.0,0.0,5.0,14.0,0.0,0.0,0.0
2016,2,14,19,0,0.0,0.0,5.0,14.0,0.0,0.0,0.0
2016,2,14,19,15,0.0,0.0,5.0,14.0,0.0,0.0,0.0
2016,2,14,19,30,0.0,0.0,5.0,14.0,0.0,0.0,0.0
2016,2,14,19,45,0.0,0.0,5.05,14.0,0.0,0.0,0.0
2016,2,14,20,0,0.0,0.0,5.1,14.0,0.0,0.0,0.0
2016,2,14,20,15,0.0,0.0,5.1,14.0,0.0,0.0,0.0
2016,2,14,20,30,0.0,0.0,5.1,14.0,0.0,0.0,0.0
2016,2,14,20,45,0.0,0.0,5.15,14.0,0.0,0.0,0.0
2016,2,14,21,0,0.0,0.0,5.2,14.0,0.0,0.0,0.0
2016,2,14,21,15,0.0,0.0,5.2,14.0,0.0,0.0,0.0
2016,2,14,21,30,0.0,0.0,5.2,14.0,0.0,0.0,0.0
2016,2,14,21,45,0.0,0.0,5.2,14.0,0.0,0.0,0.0
2016,2,14,22,0,0.0,0.0,5.2,14.0,0.0,0.0,0.0
2016,2,14,22,15,0.0,0.0,5.0,14.0,0.0,0.0,0.0
2016,2,14,22,30,0.0,0.0,4.8,14.0,0.0,0.0,0.0
2016,2,14,22,45,0.0,0.0,4.65,14.0,0.0,0.0,0.0
2016,2,14,23,0,0.0,0.0,4.5,14.0,0.0,0.0,0.0
2016,2,14,23,15,0.0,0.0,4.35,13.5,0.0,0.0,0.0
2016,2,14,23,30,0.0,0.0,4.2,13.0,0.0,0.0,0.0
2016,2,14,23,45,0.0,0.0,4.1,13.0,0.0,0.0,0.0
2016,2,15,0,0,0.0,0.0,4.0,13.0,0.0,0.0,0.0
2016,2,15,0,15,0.0,0.0,3.9,13.0,0.0,0.0,0.0
2016,2,15,0,30,0.0,0.0,3.8,13.0,0.0,0.0,0.0
2016,2,15,0,45,0.0,0.0,3.7,13.0,0.0,0.0,0.0
2016,2,15,1,0,0.0,0.0,3.6,13.0,0.0,0.0,0.0
2016,2,15,1,15,0.0,0.0,3.55,13.0,0.0,0.0,0.0
2016,2,15,1,30,0.0,0.0,3.5,13.0,0.0,0.0,0.0
2016,2,15,1,45,0.0,0.0,3.45,13.0,0.0,0.0,0.0
2016,2,15,2,0,0.0,0.0,3.4,13.0,0.0,0.0,0.0
2016,2,15,2,15,0.0,0.0,3.35,13.0,0.0,0.0,0.0
2016,2,15,2,30,0.0,0.0,3.3,13.0,0.0,0.0,0.0
2016,2,15,2,45,0.0,0.0,3.3,13.0,0.0,0.0,0.0
2016,2,15,3,0,0.0,0.0,3.3,13.0,0.0,0.0,0.0
2016,2,15,3,15,0.0,0.0,3.3,13.0,0.0,0.0,0.0
2016,2,15,3,30,0.0,0.0,3.3,13.0,0.0,0.0,0.0
2016,2,15,3,45,0.0,0.0,3.3,13.0,0.0,0.0,0.0
2016,2,15,4,0,0.0,0.0,3.3,13.0,0.0,0.0,0.0
2016,2,15,4,15,0.0,0.0,3.25,13.0,0.0,0.0,0.0
2016,2,15,4,30,0.0,0.0,3.2,13.0,0.0,0.0,0.0
2016,2,15,4,45,0.0,0.0,3.2,13.0,0.0,0.0,0.0
2016,2,15,5,0,0.0,0.0,3.2,13.0,0.0,0.0,0.0
2016,2,15,5,15,0.0,0.0,3.15,12.5,0.0,0.0,0.0
2016,2,15,5,30,0.0,0.0,3.1,12.0,0.0,0.0,0.0
2016,2,15,5,45,0.0,0.0,3.05,12.0,0.0,0.0,0.0
2016,2,15,6,0,0.0,0.0,3.0,12.0,0.0,0.0,0.0
2016,2,15,6,15,0.0,0.0,2.9,12.0,0.0,0.0,0.0
2016,2,15,6,30,0.0,0.0,2.8,12.0,0.0,0.0,0.0
2016,2,15,6,45,0.0,0.0,2.7,12.5,0.0,0.0,0.0
2016,2,15,7,0,0.0,0.0,2.6,13.0,0.0,0.0,0.0
2016,2,15,7,15,211.0,12.5,2.65,13.5,30.5,47.1,0.0
2016,2,15,7,30,422.0,25.0,2.7,14.0,61.0,131.24,77.91
2016,2,15,7,45,523.0,32.0,2.75,14.5,106.5,193.67,138.45
2016,2,15,8,0,624.0,39.0,2.8,15.0,152.0,267.22,203.62
2016,2,15,8,15,682.0,44.0,2.8,15.0,200.0,331.95,262.39
2016,2,15,8,30,740.0,49.0,2.8,15.0,248.0,401.78,323.93
2016,2,15,8,45,777.5,52.5,2.8,15.5,295.5,464.11,377.15
2016,2,15,9,0,815.0,56.0,2.8,16.0,343.0,528.4,429.92
2016,2,15,9,15,840.5,58.5,2.85,16.0,386.5,581.95,473.66
2016,2,15,9,30,866.0,61.0,2.9,16.0,430.0,638.9,518.65
2016,2,15,9,45,884.0,63.0,2.95,16.5,468.5,689.72,555.44
2016,2,15,10,0,902.0,65.0,3.0,17.0,507.0,739.19,589.73
2016,2,15,10,15,914.5,66.0,3.0,17.0,539.5,781.6,619.17
2016,2,15,10,30,927.0,67.0,3.0,17.0,572.0,821.67,646.64
2016,2,15,10,45,935.0,68.5,3.05,17.5,598.0,856.06,668.89
2016,2,15,11,0,943.0,70.0,3.1,18.0,624.0,887.38,688.85
2016,2,15,11,15,948.5,70.5,3.1,18.0,642.0,912.08,705.08
2016,2,15,11,30,954.0,71.0,3.1,18.0,660.0,933.26,718.94
2016,2,15,11,45,956.5,71.5,3.15,18.5,670.0,948.11,727.53
2016,2,15,12,0,959.0,72.0,3.2,19.0,680.0,959.15,733.64
2016,2,15,12,15,959.5,72.0,3.25,19.0,682.5,963.89,736.99
2016,2,15,12,30,960.0,72.0,3.3,19.0,685.0,964.69,737.86
2016,2,15,12,45,796.0,125.5,3.35,19.0,631.0,883.07,681.62
2016,2,15,13,0,632.0,179.0,3.4,19.0,577.0,794.73,620.09
2016,2,15,13,15,634.5,172.5,3.4,19.0,565.0,781.79,611.84
2016,2,15,13,30,637.0,166.0,3.4,19.0,553.0,766.04,601.1
2016,2,15,13,45,776.5,121.0,3.45,19.0,576.5,820.24,641.24
2016,2,15,14,0,916.0,76.0,3.5,19.0,600.0,853.73,665.94
2016,2,15,14,15,905.0,74.5,3.45,19.0,571.0,818.04,640.92
2016,2,15,14,30,894.0,73.0,3.4,19.0,542.0,779.7,614.37
2016,2,15,14,45,876.0,72.0,3.4,19.0,506.5,734.43,582.76
2016,2,15,15,0,858.0,71.0,3.4,19.0,471.0,692.33,553.14
2016,2,15,15,15,836.5,68.5,3.2,18.5,430.5,639.57,514.35
2016,2,15,15,30,815.0,66.0,3.0,18.0,390.0,586.08,472.96
2016,2,15,15,45,783.0,62.5,2.85,18.0,345.0,525.12,423.88
2016,2,15,16,0,751.0,59.0,2.7,18.0,300.0,465.15,374.19
2016,2,15,16,15,704.5,54.5,2.55,17.5,252.5,398.72,318.56
2016,2,15,16,30,658.0,50.0,2.4,17.0,205.0,335.61,263.81
2016,2,15,16,45,586.0,43.5,2.3,16.5,157.5,265.11,202.14
2016,2,15,17,0,514.0,37.0,2.2,16.0,110.0,203.73,147.09
2016,2,15,17,15,382.0,27.0,2.1,16.0,69.5,130.56,82.37
2016,2,15,17,30,250.0,17.0,2.0,16.0,29.0,67.15,0.0
2016,2,15,17,45,125.0,8.5,1.9,16.0,14.5,23.13,0.0
2016,2,15,18,0,0.0,0.0,1.8,16.0,0.0,0.0,0.0
2016,2,15,18,15,0.0,0.0,1.75,16.0,0.0,0.0,0.0
2016,2,15,18,30,0.0,0.0,1.7,16.0,0.0,0.0,0.0
2016,2,15,18,45,0.0,0.0,1.65,16.0,0.0,0.0,0.0
2016,2,15,19,0,0.0,0.0,1.6,16.0,0.0,0.0,0.0
2016,2,15,19,15,0.0,0.0,1.6,16.0,0.0,0.0,0.0
2016,2,15,19,30,0.0,0.0,1.6,16.0,0.0,0.0,0.0
2016,2,15,19,45,0.0,0.0,1.6,16.0,0.0,0.0,0.0
2016,2,15,20,0,0.0,0.0,1.6,16.0,0.0,0.0,0.0
2016,2,15,20,15,0.0,0.0,1.6,15.5,0.0,0.0,0.0
2016,2,15,20,30,0.0,0.0,1.6,15.0,0.0,0.0,0.0
2016,2,15,20,45,0.0,0.0,1.65,15.0,0.0,0.0,0.0
2016,2,15,21,0,0.0,0.0,1.7,15.0,0.0,0.0,0.0
2016,2,15,21,15,0.0,0.0,1.65,14.5,0.0,0.0,0.0
2016,2,15,21,30,0.0,0.0,1.6,14.0,0.0,0.0,0.0
2016,2,15,21,45,0.0,0.0,1.6,14.0,0.0,0.0,0.0
2016,2,15,22,0,0.0,0.0,1.6,14.0,0.0,0.0,0.0
2016,2,15,22,15,0.0,0.0,1.55,14.0,0.0,0.0,0.0
2016,2,15,22,30,0.0,0.0,1.5,14.0,0.0,0.0,0.0
2016,2,15,22,45,0.0,0.0,1.45,14.0,0.0,0.0,0.0
2016,2,15,23,0,0.0,0.0,1.4,14.0,0.0,0.0,0.0
2016,2,15,23,15,0.0,0.0,1.3,14.0,0.0,0.0,0.0
2016,2,15,23,30,0.0,0.0,1.2,14.0,0.0,0.0,0.0
2016,2,15,23,45,0.0,0.0,1.15,14.0,0.0,0.0,0.0
2016,2,16,0,0,0.0,0.0,1.1,14.0,0.0,0.0,0.0
2016,2,16,0,15,0.0,0.0,1.05,14.0,0.0,0.0,0.0
2016,2,16,0,30,0.0,0.0,1.0,14.0,0.0,0.0,0.0
2016,2,16,0,45,0.0,0.0,0.95,14.0,0.0,0.0,0.0
2016,2,16,1,0,0.0,0.0,0.9,14.0,0.0,0.0,0.0
2016,2,16,1,15,0.0,0.0,0.95,14.0,0.0,0.0,0.0
2016,2,16,1,30,0.0,0.0,1.0,14.0,0.0,0.0,0.0
2016,2,16,1,45,0.0,0.0,1.1,14.0,0.0,0.0,0.0
2016,2,16,2,0,0.0,0.0,1.2,14.0,0.0,0.0,0.0
2016,2,16,2,15,0.0,0.0,1.2,13.5,0.0,0.0,0.0
2016,2,16,2,30,0.0,0.0,1.2,13.0,0.0,0.0,0.0
2016,2,16,2,45,0.0,0.0,1.3,13.0,0.0,0.0,0.0
2016,2,16,3,0,0.0,0.0,1.4,13.0,0.0,0.0,0.0
2016,2,16,3,15,0.0,0.0,1.45,12.5,0.0,0.0,0.0
2016,2,16,3,30,0.0,0.0,1.5,12.0,0.0,0.0,0.0
2016,2,16,3,45,0.0,0.0,1.6,12.0,0.0,0.0,0.0
2016,2,16,4,0,0.0,0.0,1.7,12.0,0.0,0.0,0.0
2016,2,16,4,15,0.0,0.0,1.75,12.0,0.0,0.0,0.0
2016,2,16,4,30,0.0,0.0,1.8,12.0,0.0,0.0,0.0
2016,2,16,4,45,0.0,0.0,1.85,12.0,0.0,0.0,0.0
2016,2,16,5,0,0.0,0.0,1.9,12.0,0.0,0.0,0.0
2016,2,16,5,15,0.0,0.0,1.95,11.5,0.0,0.0,0.0
2016,2,16,5,30,0.0,0.0,2.0,11.0,0.0,0.0,0.0
2016,2,16,5,45,0.0,0.0,2.05,11.0,0.0,0.0,0.0
2016,2,16,6,0,0.0,0.0,2.1,11.0,0.0,0.0,0.0
2016,2,16,6,15,0.0,0.0,2.1,11.0,0.0,0.0,0.0
2016,2,16,6,30,0.0,0.0,2.1,11.0,0.0,0.0,0.0
2016,2,16,6,45,0.0,0.0,2.15,11.5,0.0,0.0,0.0
2016,2,16,7,0,0.0,0.0,2.2,12.0,0.0,0.0,0.0
2016,2,16,7,15,200.5,13.0,2.3,12.5,31.0,51.57,0.0
2016,2,16,7,30,401.0,26.0,2.4,13.0,62.0,128.14,78.64
2016,2,16,7,45,499.5,34.5,2.5,13.5,107.5,190.39,137.44
2016,2,16,8,0,598.0,43.0,2.6,14.0,153.0,263.64,202.29
2016,2,16,8,15,656.5,48.5,2.5,14.0,201.0,328.0,260.48
2016,2,16,8,30,715.0,54.0,2.4,14.0,249.0,397.51,321.42
2016,2,16,8,45,753.0,58.0,2.3,14.5,296.0,459.61,373.98
2016,2,16,9,0,791.0,62.0,2.2,15.0,343.0,523.77,426.0
2016,2,16,9,15,817.0,64.5,2.15,15.5,386.5,580.54,470.5
2016,2,16,9,30,843.0,67.0,2.1,16.0,430.0,637.37,513.38
2016,2,16,9,45,863.5,68.5,2.1,16.5,469.0,684.16,546.7
2016,2,16,10,0,884.0,70.0,2.1,17.0,508.0,734.16,580.6
2016,2,16,10,15,897.0,72.0,2.15,17.0,541.0,777.59,610.6
2016,2,16,10,30,910.0,74.0,2.2,17.0,574.0,818.77,638.76
2016,2,16,10,45,827.5,100.5,2.25,17.5,571.0,814.04,633.17
2016,2,16,11,0,745.0,127.0,2.3,18.0,568.0,799.18,621.01
2016,2,16,11,15,841.0,102.5,2.35,18.0,614.5,866.08,667.79
2016,2,16,11,30,937.0,78.0,2.4,18.0,661.0,928.98,710.36
2016,2,16,11,45,939.0,79.0,2.45,18.5,671.0,943.77,718.44
2016,2,16,12,0,941.0,80.0,2.5,19.0,681.0,954.81,724.56
2016,2,16,12,15,941.5,80.0,2.5,19.0,683.5,959.46,727.42
2016,2,16,12,30,942.0,80.0,2.5,19.0,686.0,960.25,727.89
2016,2,16,12,45,803.5,125.5,2.55,19.5,639.0,891.77,680.39
2016,2,16,13,0,665.0,171.0,2.6,20.0,592.0,817.19,628.61
2016,2,16,13,15,668.0,164.5,2.6,20.0,580.0,804.23,620.56
2016,2,16,13,30,671.0,158.0,2.6,20.0,568.0,788.32,609.99
2016,2,16,13,45,668.0,152.0,2.6,20.0,549.0,764.95,594.2
2016,2,16,14,0,665.0,146.0,2.6,20.0,530.0,739.0,576.61
2016,2,16,14,15,780.0,109.0,2.55,20.0,538.0,766.03,596.85
2016,2,16,14,30,895.0,72.0,2.5,20.0,546.0,781.16,608.2
2016,2,16,14,45,880.0,70.0,2.45,20.0,511.0,736.76,577.14
2016,2,16,15,0,865.0,68.0,2.4,20.0,476.0,690.51,544.85
2016,2,16,15,15,843.5,66.0,2.2,20.0,435.0,638.41,506.46
2016,2,16,15,30,822.0,64.0,2.0,20.0,394.0,589.5,468.06
2016,2,16,15,45,790.0,61.0,1.85,20.0,348.5,528.7,420.04
2016,2,16,16,0,758.0,58.0,1.7,20.0,303.0,468.88,371.43
2016,2,16,16,15,712.5,53.5,1.55,19.5,255.5,402.44,316.89
2016,2,16,16,30,667.0,49.0,1.4,19.0,208.0,339.22,263.09
2016,2,16,16,45,590.5,43.0,1.3,18.5,160.5,267.04,201.27
2016,2,16,17,0,514.0,37.0,1.2,18.0,113.0,204.32,146.21
2016,2,16,17,15,257.0,34.0,1.15,17.5,72.0,107.61,69.28
2016,2,16,17,30,0.0,31.0,1.1,17.0,31.0,32.21,0.0
2016,2,16,17,45,0.0,15.5,1.05,17.0,15.5,14.77,0.0
2016,2,16,18,0,0.0,0.0,1.0,17.0,0.0,0.0,0.0
2016,2,16,18,15,0.0,0.0,0.95,17.0,0.0,0.0,0.0
2016,2,16,18,30,0.0,0.0,0.9,17.0,0.0,0.0,0.0
2016,2,16,18,45,0.0,0.0,0.9,17.0,0.0,0.0,0.0
2016,2,16,19,0,0.0,0.0,0.9,17.0,0.0,0.0,0.0
2016,2,16,19,15,0.0,0.0,0.95,16.5,0.0,0.0,0.0
2016,2,16,19,30,0.0,0.0,1.0,16.0,0.0,0.0,0.0
2016,2,16,19,45,0.0,0.0,1.1,16.0,0.0,0.0,0.0
2016,2,16,20,0,0.0,0.0,1.2,16.0,0.0,0.0,0.0
2016,2,16,20,15,0.0,0.0,1.3,15.5,0.0,0.0,0.0
2016,2,16,20,30,0.0,0.0,1.4,15.0,0.0,0.0,0.0
2016,2,16,20,45,0.0,0.0,1.5,15.0,0.0,0.0,0.0
2016,2,16,21,0,0.0,0.0,1.6,15.0,0.0,0.0,0.0
2016,2,16,21,15,0.0,0.0,1.7,14.5,0.0,0.0,0.0
2016,2,16,21,30,0.0,0.0,1.8,14.0,0.0,0.0,0.0
2016,2,16,21,45,0.0,0.0,1.95,14.0,0.0,0.0,0.0
2016,2,16,22,0,0.0,0.0,2.1,14.0,0.0,0.0,0.0
2016,2,16,22,15,0.0,0.0,2.25,14.0,0.0,0.0,0.0
2016,2,16,22,30,0.0,0.0,2.4,14.0,0.0,0.0,0.0
2016,2,16,22,45,0.0,0.0,2.55,14.0,0.0,0.0,0.0
2016,2,16,23,0,0.0,0.0,2.7,14.0,0.0,0.0,0.0
2016,2,16,23,15,0.0,0.0,2.85,14.0,0.0,0.0,0.0
2016,2,16,23,30,0.0,0.0,3.0,14.0,0.0,0.0,0.0
2016,2,16,23,45,0.0,0.0,3.15,14.0,0.0,0.0,0.0
2016,2,17,0,0,0.0,0.0,3.3,14.0,0.0,0.0,0.0
2016,2,17,0,15,0.0,0.0,3.45,13.5,0.0,0.0,0.0
2016,2,17,0,30,0.0,0.0,3.6,13.0,0.0,0.0,0.0
2016,2,17,0,45,0.0,0.0,3.75,13.0,0.0,0.0,0.0
2016,2,17,1,0,0.0,0.0,3.9,13.0,0.0,0.0,0.0
2016,2,17,1,15,0.0,0.0,4.15,13.0,0.0,0.0,0.0
2016,2,17,1,30,0.0,0.0,4.4,13.0,0.0,0.0,0.0
2016,2,17,1,45,0.0,0.0,4.65,13.5,0.0,0.0,0.0
2016,2,17,2,0,0.0,0.0,4.9,14.0,0.0,0.0,0.0
2016,2,17,2,15,0.0,0.0,5.05,14.0,0.0,0.0,0.0
2016,2,17,2,30,0.0,0.0,5.2,14.0,0.0,0.0,0.0
2016,2,17,2,45,0.0,0.0,5.35,14.0,0.0,0.0,0.0
2016,2,17,3,0,0.0,0.0,5.5,14.0,0.0,0.0,0.0
2016,2,17,3,15,0.0,0.0,5.5,14.0,0.0,0.0,0.0
2016,2,17,3,30,0.0,0.0,5.5,14.0,0.0,0.0,0.0
2016,2,17,3,45,0.0,0.0,5.55,14.0,0.0,0.0,0.0
2016,2,17,4,0,0.0,0.0,5.6,14.0,0.0,0.0,0.0
2016,2,17,4,15,0.0,0.0,5.6,14.0,0.0,0.0,0.0
2016,2,17,4,30,0.0,0.0,5.6,14.0,0.0,0.0,0.0
2016,2,17,4,45,0.0,0.0,5.6,14.0,0.0,0.0,0.0
2016,2,17,5,0,0.0,0.0,5.6,14.0,0.0,0.0,0.0
2016,2,17,5,15,0.0,0.0,5.75,14.0,0.0,0.0,0.0
2016,2,17,5,30,0.0,0.0,5.9,14.0,0.0,0.0,0.0
2016,2,17,5,45,0.0,0.0,6.1,14.0,0.0,0.0,0.0
2016,2,17,6,0,0.0,0.0,6.3,14.0,0.0,0.0,0.0
2016,2,17,6,15,0.0,0.0,6.6,14.0,0.0,0.0,0.0
2016,2,17,6,30,0.0,0.0,6.9,14.0,0.0,0.0,0.0
2016,2,17,6,45,0.0,0.0,7.2,14.5,0.0,0.0,0.0
2016,2,17,7,0,0.0,0.0,7.5,15.0,0.0,0.0,0.0
2016,2,17,7,15,0.0,11.5,7.55,15.0,11.5,10.66,0.0
2016,2,17,7,30,0.0,23.0,7.6,15.0,23.0,21.36,10.87
2016,2,17,7,45,0.0,40.0,7.65,15.0,40.0,37.95,25.86
2016,2,17,8,0,0.0,57.0,7.7,15.0,57.0,54.63,40.47
2016,2,17,8,15,0.0,76.0,7.6,15.0,76.0,73.43,56.76
2016,2,17,8,30,0.0,95.0,7.5,15.0,95.0,92.25,72.89
2016,2,17,8,45,3.5,112.0,7.45,15.5,113.5,110.75,88.4
2016,2,17,9,0,7.0,129.0,7.4,16.0,132.0,129.67,104.05
2016,2,17,9,15,232.0,138.0,7.55,16.0,239.0,297.88,247.5
2016,2,17,9,30,457.0,147.0,7.7,16.0,346.0,475.65,395.88
2016,2,17,9,45,229.5,155.0,7.85,16.0,255.0,335.62,278.43
2016,2,17,10,0,2.0,163.0,8.0,16.0,164.0,159.26,127.43
2016,2,17,10,15,19.0,194.0,8.05,16.0,205.0,204.35,164.95
2016,2,17,10,30,36.0,225.0,8.1,16.0,246.0,262.47,212.62
2016,2,17,10,45,19.5,203.5,8.15,16.0,215.5,214.7,172.82
2016,2,17,11,0,3.0,182.0,8.2,16.0,185.0,178.29,142.24
2016,2,17,11,15,267.0,198.0,8.1,16.0,366.0,459.78,378.87
2016,2,17,11,30,531.0,214.0,8.0,16.0,547.0,732.09,597.45
2016,2,17,11,45,532.0,218.0,7.95,16.0,556.0,744.68,605.92
2016,2,17,12,0,533.0,222.0,7.9,16.0,565.0,754.98,613.41
2016,2,17,12,15,289.0,250.0,7.9,16.0,436.0,551.69,449.3
2016,2,17,12,30,45.0,278.0,7.9,16.0,307.0,332.66,267.5
2016,2,17,12,45,43.0,273.5,7.95,16.0,301.5,325.57,262.12
2016,2,17,13,0,41.0,269.0,8.0,16.0,296.0,318.44,256.47
2016,2,17,13,15,20.5,141.0,8.05,16.0,154.5,158.83,126.76
2016,2,17,13,30,0.0,13.0,8.1,16.0,13.0,12.08,4.46
2016,2,17,13,45,0.0,66.0,8.15,16.0,66.0,61.46,45.75
2016,2,17,14,0,0.0,119.0,8.2,16.0,119.0,112.18,87.94
2016,2,17,14,15,0.0,121.0,8.2,15.5,121.0,114.28,89.98
2016,2,17,14,30,0.0,123.0,8.2,15.0,123.0,116.44,92.13
2016,2,17,14,45,0.0,70.5,8.25,15.0,70.5,65.62,49.77
2016,2,17,15,0,0.0,18.0,8.3,15.0,18.0,16.71,8.53
2016,2,17,15,15,0.0,16.0,8.3,15.0,16.0,14.84,6.98
2016,2,17,15,30,0.0,14.0,8.3,15.0,14.0,12.98,5.42
2016,2,17,15,45,0.0,12.5,8.35,15.0,12.5,11.59,4.25
2016,2,17,16,0,0.0,11.0,8.4,15.0,11.0,10.19,3.07
2016,2,17,16,15,0.0,9.0,8.45,14.5,9.0,8.34,1.49
2016,2,17,16,30,0.0,7.0,8.5,14.0,7.0,6.48,0.0
2016,2,17,16,45,0.0,5.5,8.55,14.0,5.5,5.09,0.0
2016,2,17,17,0,0.0,4.0,8.6,14.0,4.0,3.7,0.0
2016,2,17,17,15,0.0,2.5,8.6,14.0,2.5,2.31,0.0
2016,2,17,17,30,0.0,1.0,8.6,14.0,1.0,0.92,0.0
2016,2,17,17,45,0.0,0.5,8.6,14.0,0.5,0.48,0.0
2016,2,17,18,0,0.0,0.0,8.6,14.0,0.0,0.0,0.0
2016,2,17,18,15,0.0,0.0,8.4,13.5,0.0,0.0,0.0
2016,2,17,18,30,0.0,0.0,8.2,13.0,0.0,0.0,0.0
2016,2,17,18,45,0.0,0.0,8.05,13.0,0.0,0.0,0.0
2016,2,17,19,0,0.0,0.0,7.9,13.0,0.0,0.0,0.0
2016,2,17,19,15,0.0,0.0,7.9,12.5,0.0,0.0,0.0
2016,2,17,19,30,0.0,0.0,7.9,12.0,0.0,0.0,0.0
2016,2,17,19,45,0.0,0.0,7.9,12.0,0.0,0.0,0.0
2016,2,17,20,0,0.0,0.0,7.9,12.0,0.0,0.0,0.0
2016,2,17,20,15,0.0,0.0,7.25,12.0,0.0,0.0,0.0
2016,2,17,20,30,0.0,0.0,6.6,12.0,0.0,0.0,0.0
2016,2,17,20,45,0.0,0.0,6.0,12.0,0.0,0.0,0.0
2016,2,17,21,0,0.0,0.0,5.4,12.0,0.0,0.0,0.0
2016,2,17,21,15,0.0,0.0,5.15,11.5,0.0,0.0,0.0
2016,2,17,21,30,0.0,0.0,4.9,11.0,0.0,0.0,0.0
2016,2,17,21,45,0.0,0.0,4.7,11.0,0.0,0.0,0.0
2016,2,17,22,0,0.0,0.0,4.5,11.0,0.0,0.0,0.0
2016,2,17,22,15,0.0,0.0,4.6,11.0,0.0,0.0,0.0
2016,2,17,22,30,0.0,0.0,4.7,11.0,0.0,0.0,0.0
2016,2,17,22,45,0.0,0.0,4.8,11.0,0.0,0.0,0.0
2016,2,17,23,0,0.0,0.0,4.9,11.0,0.0,0.0,0.0
2016,2,17,23,15,0.0,0.0,4.95,11.0,0.0,0.0,0.0
2016,2,17,23,30,0.0,0.0,5.0,11.0,0.0,0.0,0.0
2016,2,17,23,45,0.0,0.0,5.05,11.0,0.0,0.0,0.0
2016,2,18,0,0,0.0,0.0,5.1,11.0,0.0,0.0,0.0
2016,2,18,0,15,0.0,0.0,5.1,11.0,0.0,0.0,0.0
2016,2,18,0,30,0.0,0.0,5.1,11.0,0.0,0.0,0.0
2016,2,18,0,45,0.0,0.0,5.15,11.0,0.0,0.0,0.0
2016,2,18,1,0,0.0,0.0,5.2,11.0,0.0,0.0,0.0
2016,2,18,1,15,0.0,0.0,5.4,11.0,0.0,0.0,0.0
2016,2,18,1,30,0.0,0.0,5.6,11.0,0.0,0.0,0.0
2016,2,18,1,45,0.0,0.0,5.85,11.0,0.0,0.0,0.0
2016,2,18,2,0,0.0,0.0,6.1,11.0,0.0,0.0,0.0
2016,2,18,2,15,0.0,0.0,6.2,11.0,0.0,0.0,0.0
2016,2,18,2,30,0.0,0.0,6.3,11.0,0.0,0.0,0.0
2016,2,18,2,45,0.0,0.0,6.45,11.0,0.0,0.0,0.0
2016,2,18,3,0,0.0,0.0,6.6,11.0,0.0,0.0,0.0
2016,2,18,3,15,0.0,0.0,6.65,11.0,0.0,0.0,0.0
2016,2,18,3,30,0.0,0.0,6.7,11.0,0.0,0.0,0.0
2016,2,18,3,45,0.0,0.0,6.75,11.0,0.0,0.0,0.0
2016,2,18,4,0,0.0,0.0,6.8,11.0,0.0,0.0,0.0
2016,2,18,4,15,0.0,0.0,6.75,11.0,0.0,0.0,0.0
2016,2,18,4,30,0.0,0.0,6.7,11.0,0.0,0.0,0.0
2016,2,18,4,45,0.0,0.0,6.65,11.0,0.0,0.0,0.0
2016,2,18,5,0,0.0,0.0,6.6,11.0,0.0,0.0,0.0
2016,2,18,5,15,0.0,0.0,6.45,11.0,0.0,0.0,0.0
2016,2,18,5,30,0.0,0.0,6.3,11.0,0.0,0.0,0.0
2016,2,18,5,45,0.0,0.0,6.15,11.0,0.0,0.0,0.0
2016,2,18,6,0,0.0,0.0,6.0,11.0,0.0,0.0,0.0
2016,2,18,6,15,0.0,0.0,5.95,11.0,0.0,0.0,0.0
2016,2,18,6,30,0.0,0.0,5.9,11.0,0.0,0.0,0.0
2016,2,18,6,45,0.0,0.0,5.9,11.0,0.0,0.0,0.0
2016,2,18,7,0,0.0,0.0,5.9,11.0,0.0,0.0,0.0
2016,2,18,7,15,83.5,20.5,6.0,11.0,29.0,37.97,0.0
2016,2,18,7,30,167.0,41.0,6.1,11.0,58.0,89.26,59.64
2016,2,18,7,45,270.5,55.5,6.25,11.5,100.0,148.83,111.84
2016,2,18,8,0,374.0,70.0,6.4,12.0,142.0,217.05,171.46
2016,2,18,8,15,444.0,80.0,6.35,12.0,189.0,278.2,226.59
2016,2,18,8,30,514.0,90.0,6.3,12.0,236.0,346.43,287.22
2016,2,18,8,45,564.0,97.0,6.3,12.5,282.0,410.56,342.94
2016,2,18,9,0,614.0,104.0,6.3,13.0,328.0,476.35,398.67
2016,2,18,9,15,648.0,109.0,6.2,13.0,371.0,533.44,446.58
2016,2,18,9,30,682.0,114.0,6.1,13.0,414.0,591.71,494.3
2016,2,18,9,45,357.0,157.5,6.1,13.0,315.5,438.78,366.58
2016,2,18,10,0,32.0,201.0,6.1,13.0,217.0,231.33,189.1
2016,2,18,10,15,402.0,163.5,6.05,13.0,387.5,508.53,424.45
2016,2,18,10,30,772.0,126.0,6.0,13.0,558.0,782.5,643.02
2016,2,18,10,45,785.0,128.0,6.0,13.5,583.5,818.14,666.75
2016,2,18,11,0,798.0,130.0,6.0,14.0,609.0,851.42,689.55
2016,2,18,11,15,805.5,131.0,5.95,14.0,627.5,876.13,706.89
2016,2,18,11,30,813.0,132.0,5.9,14.0,646.0,892.84,718.33
2016,2,18,11,45,817.5,133.0,5.85,14.0,656.0,908.63,729.19
2016,2,18,12,0,822.0,134.0,5.8,14.0,666.0,921.06,737.68
2016,2,18,12,15,703.0,170.0,5.7,14.0,626.5,862.04,693.07
2016,2,18,12,30,584.0,206.0,5.6,14.0,587.0,787.51,636.01
2016,2,18,12,45,610.5,195.0,5.6,14.0,590.0,801.97,648.0
2016,2,18,13,0,637.0,184.0,5.6,14.0,593.0,808.97,653.8
2016,2,18,13,15,625.0,186.0,5.5,14.0,580.5,792.09,640.92
2016,2,18,13,30,613.0,188.0,5.4,14.0,568.0,772.74,626.0
2016,2,18,13,45,524.0,207.0,5.35,14.0,524.0,700.11,569.07
2016,2,18,14,0,435.0,226.0,5.3,14.0,480.0,633.41,516.1
2016,2,18,14,15,498.5,195.0,5.2,13.5,473.0,637.33,522.42
2016,2,18,14,30,562.0,164.0,5.1,13.0,466.0,635.22,523.59
2016,2,18,14,45,670.0,130.0,5.0,13.0,467.5,662.01,546.46
2016,2,18,15,0,778.0,96.0,4.9,13.0,469.0,669.82,554.07
2016,2,18,15,15,753.0,92.5,4.75,13.0,428.5,619.06,513.02
2016,2,18,15,30,728.0,89.0,4.6,13.0,388.0,565.3,469.15
2016,2,18,15,45,699.5,83.0,4.5,13.0,344.0,506.88,420.74
2016,2,18,16,0,671.0,77.0,4.4,13.0,300.0,449.38,371.8
2016,2,18,16,15,621.0,71.0,4.1,12.5,253.0,383.1,314.68
2016,2,18,16,30,571.0,65.0,3.8,12.0,206.0,320.72,259.52
2016,2,18,16,45,498.0,56.5,3.55,12.0,159.5,251.83,197.88
2016,2,18,17,0,425.0,48.0,3.3,12.0,113.0,190.39,142.25
2016,2,18,17,15,300.0,35.5,3.15,11.5,73.0,120.57,81.57
2016,2,18,17,30,175.0,23.0,3.0,11.0,33.0,61.12,11.86
2016,2,18,17,45,87.5,11.5,2.95,11.0,16.5,21.7,0.0
2016,2,18,18,0,0.0,0.0,2.9,11.0,0.0,0.0,0.0
2016,2,18,18,15,0.0,0.0,2.85,11.0,0.0,0.0,0.0
2016,2,18,18,30,0.0,0.0,2.8,11.0,0.0,0.0,0.0
2016,2,18,18,45,0.0,0.0,2.75,11.0,0.0,0.0,0.0
2016,2,18,19,0,0.0,0.0,2.7,11.0,0.0,0.0,0.0
2016,2,18,19,15,0.0,0.0,2.65,10.5,0.0,0.0,0.0
2016,2,18,19,30,0.0,0.0,2.6,10.0,0.0,0.0,0.0
2016,2,18,19,45,0.0,0.0,2.6,10.0,0.0,0.0,0.0
2016,2,18,20,0,0.0,0.0,2.6,10.0,0.0,0.0,0.0
2016,2,18,20,15,0.0,0.0,2.55,10.0,0.0,0.0,0.0
2016,2,18,20,30,0.0,0.0,2.5,10.0,0.0,0.0,0.0
2016,2,18,20,45,0.0,0.0,2.5,10.0,0.0,0.0,0.0
2016,2,18,21,0,0.0,0.0,2.5,10.0,0.0,0.0,0.0
2016,2,18,21,15,0.0,0.0,2.5,10.0,0.0,0.0,0.0
2016,2,18,21,30,0.0,0.0,2.5,10.0,0.0,0.0,0.0
2016,2,18,21,45,0.0,0.0,2.55,10.0,0.0,0.0,0.0
2016,2,18,22,0,0.0,0.0,2.6,10.0,0.0,0.0,0.0
2016,2,18,22,15,0.0,0.0,2.65,10.0,0.0,0.0,0.0
2016,2,18,22,30,0.0,0.0,2.7,10.0,0.0,0.0,0.0
2016,2,18,22,45,0.0,0.0,2.8,10.0,0.0,0.0,0.0
2016,2,18,23,0,0.0,0.0,2.9,10.0,0.0,0.0,0.0
2016,2,18,23,15,0.0,0.0,2.95,9.5,0.0,0.0,0.0
2016,2,18,23,30,0.0,0.0,3.0,9.0,0.0,0.0,0.0
2016,2,18,23,45,0.0,0.0,3.1,9.0,0.0,0.0,0.0
2016,2,19,0,0,0.0,0.0,3.2,9.0,0.0,0.0,0.0
2016,2,19,0,15,0.0,0.0,3.25,9.0,0.0,0.0,0.0
2016,2,19,0,30,0.0,0.0,3.3,9.0,0.0,0.0,0.0
2016,2,19,0,45,0.0,0.0,3.4,9.0,0.0,0.0,0.0
2016,2,19,1,0,0.0,0.0,3.5,9.0,0.0,0.0,0.0
2016,2,19,1,15,0.0,0.0,3.55,9.0,0.0,0.0,0.0
2016,2,19,1,30,0.0,0.0,3.6,9.0,0.0,0.0,0.0
2016,2,19,1,45,0.0,0.0,3.7,9.0,0.0,0.0,0.0
2016,2,19,2,0,0.0,0.0,3.8,9.0,0.0,0.0,0.0
2016,2,19,2,15,0.0,0.0,3.85,9.0,0.0,0.0,0.0
2016,2,19,2,30,0.0,0.0,3.9,9.0,0.0,0.0,0.0
2016,2,19,2,45,0.0,0.0,4.0,9.0,0.0,0.0,0.0
2016,2,19,3,0,0.0,0.0,4.1,9.0,0.0,0.0,0.0
2016,2,19,3,15,0.0,0.0,4.1,9.0,0.0,0.0,0.0
2016,2,19,3,30,0.0,0.0,4.1,9.0,0.0,0.0,0.0
2016,2,19,3,45,0.0,0.0,4.2,9.0,0.0,0.0,0.0
2016,2,19,4,0,0.0,0.0,4.3,9.0,0.0,0.0,0.0
2016,2,19,4,15,0.0,0.0,4.35,9.0,0.0,0.0,0.0
2016,2,19,4,30,0.0,0.0,4.4,9.0,0.0,0.0,0.0
2016,2,19,4,45,0.0,0.0,4.45,9.0,0.0,0.0,0.0
2016,2,19,5,0,0.0,0.0,4.5,9.0,0.0,0.0,0.0
2016,2,19,5,15,0.0,0.0,4.55,9.0,0.0,0.0,0.0
2016,2,19,5,30,0.0,0.0,4.6,9.0,0.0,0.0,0.0
2016,2,19,5,45,0.0,0.0,4.7,9.0,0.0,0.0,0.0
2016,2,19,6,0,0.0,0.0,4.8,9.0,0.0,0.0,0.0
2016,2,19,6,15,0.0,0.0,4.95,9.5,0.0,0.0,0.0
2016,2,19,6,30,0.0,0.0,5.1,10.0,0.0,0.0,0.0
2016,2,19,6,45,0.0,0.0,5.3,10.5,0.0,0.0,0.0
2016,2,19,7,0,0.0,0.0,5.5,11.0,0.0,0.0,0.0
2016,2,19,7,15,169.0,16.5,5.8,11.0,33.5,51.93,1.04
2016,2,19,7,30,338.0,33.0,6.1,11.0,67.0,124.58,82.86
2016,2,19,7,45,427.0,43.0,6.4,11.5,111.0,182.7,136.21
2016,2,19,8,0,516.0,53.0,6.7,12.0,155.0,250.9,197.64
2016,2,19,8,15,576.5,60.0,6.85,12.0,202.0,313.7,255.5
2016,2,19,8,30,637.0,67.0,7.0,12.0,249.0,382.13,317.3
2016,2,19,8,45,670.0,73.0,7.2,12.5,294.0,440.41,368.97
2016,2,19,9,0,703.0,79.0,7.4,13.0,339.0,500.49,420.68
2016,2,19,9,15,696.0,86.5,7.45,13.0,369.5,539.23,454.06
2016,2,19,9,30,689.0,94.0,7.5,13.0,400.0,575.39,484.39
2016,2,19,9,45,487.5,155.0,7.55,13.5,381.0,527.82,441.76
2016,2,19,10,0,286.0,216.0,7.6,14.0,362.0,456.62,378.93
2016,2,19,10,15,342.5,219.5,7.5,14.0,405.0,514.57,426.59
2016,2,19,10,30,399.0,223.0,7.4,14.0,448.0,575.16,475.54
2016,2,19,10,45,293.5,253.5,7.35,14.0,423.0,533.87,439.12
2016,2,19,11,0,188.0,284.0,7.3,14.0,398.0,473.17,387.26
2016,2,19,11,15,164.5,293.0,7.1,13.5,395.0,466.67,381.57
2016,2,19,11,30,141.0,302.0,6.9,13.0,392.0,458.72,374.59
2016,2,19,11,45,191.5,304.0,6.75,13.0,428.5,508.49,415.41
2016,2,19,12,0,242.0,306.0,6.6,13.0,465.0,558.59,455.96
2016,2,19,12,15,294.0,297.0,6.35,13.0,490.0,611.25,497.89
2016,2,19,12,30,346.0,288.0,6.1,13.0,515.0,648.78,527.83
2016,2,19,12,45,232.5,297.5,5.9,13.0,449.5,540.19,439.73
2016,2,19,13,0,119.0,307.0,5.7,13.0,384.0,446.4,362.17
2016,2,19,13,15,88.0,290.0,5.4,13.0,346.5,383.93,311.85
2016,2,19,13,30,57.0,273.0,5.1,13.0,309.0,336.02,272.6
2016,2,19,13,45,38.5,247.0,4.85,13.0,271.0,289.68,234.96
2016,2,19,14,0,20.0,221.0,4.6,13.0,233.0,233.27,188.86
2016,2,19,14,15,19.0,211.5,4.35,12.5,222.5,222.42,180.6
2016,2,19,14,30,18.0,202.0,4.1,12.0,212.0,211.65,172.3
2016,2,19,14,45,9.0,173.5,3.95,12.0,178.5,174.99,142.07
2016,2,19,15,0,0.0,145.0,3.8,12.0,145.0,139.31,112.42
2016,2,19,15,15,54.5,161.0,3.75,12.0,183.5,200.36,165.1
2016,2,19,15,30,109.0,177.0,3.7,12.0,222.0,259.61,215.12
2016,2,19,15,45,99.0,159.5,3.7,12.0,197.0,222.1,183.82
2016,2,19,16,0,89.0,142.0,3.7,12.0,172.0,193.81,159.99
2016,2,19,16,15,80.0,121.0,3.65,11.5,145.0,162.88,133.81
2016,2,19,16,30,71.0,100.0,3.6,11.0,118.0,132.86,107.9
2016,2,19,16,45,55.0,79.0,3.55,11.0,91.5,101.28,80.16
2016,2,19,17,0,39.0,58.0,3.5,11.0,65.0,71.43,53.87
2016,2,19,17,15,19.5,38.5,3.45,10.5,42.0,44.22,29.95
2016,2,19,17,30,0.0,19.0,3.4,10.0,19.0,17.76,2.28
2016,2,19,17,45,0.0,9.5,3.4,10.0,9.5,9.05,0.0
2016,2,19,18,0,0.0,0.0,3.4,10.0,0.0,0.0,0.0
2016,2,19,18,15,0.0,0.0,3.35,9.5,0.0,0.0,0.0
2016,2,19,18,30,0.0,0.0,3.3,9.0,0.0,0.0,0.0
2016,2,19,18,45,0.0,0.0,3.25,9.0,0.0,0.0,0.0
2016,2,19,19,0,0.0,0.0,3.2,9.0,0.0,0.0,0.0
2016,2,19,19,15,0.0,0.0,3.1,9.0,0.0,0.0,0.0
2016,2,19,19,30,0.0,0.0,3.0,9.0,0.0,0.0,0.0
2016,2,19,19,45,0.0,0.0,2.95,9.0,0.0,0.0,0.0
2016,2,19,20,0,0.0,0.0,2.9,9.0,0.0,0.0,0.0
2016,2,19,20,15,0.0,0.0,2.85,9.0,0.0,0.0,0.0
2016,2,19,20,30,0.0,0.0,2.8,9.0,0.0,0.0,0.0
2016,2,19,20,45,0.0,0.0,2.75,9.0,0.0,0.0,0.0
2016,2,19,21,0,0.0,0.0,2.7,9.0,0.0,0.0,0.0
2016,2,19,21,15,0.0,0.0,2.65,8.5,0.0,0.0,0.0
2016,2,19,21,30,0.0,0.0,2.6,8.0,0.0,0.0,0.0
2016,2,19,21,45,0.0,0.0,2.55,8.0,0.0,0.0,0.0
2016,2,19,22,0,0.0,0.0,2.5,8.0,0.0,0.0,0.0
2016,2,19,22,15,0.0,0.0,2.5,8.0,0.0,0.0,0.0
2016,2,19,22,30,0.0,0.0,2.5,8.0,0.0,0.0,0.0
2016,2,19,22,45,0.0,0.0,2.5,8.0,0.0,0.0,0.0
2016,2,19,23,0,0.0,0.0,2.5,8.0,0.0,0.0,0.0
2016,2,19,23,15,0.0,0.0,2.5,8.0,0.0,0.0,0.0
2016,2,19,23,30,0.0,0.0,2.5,8.0,0.0,0.0,0.0
2016,2,19,23,45,0.0,0.0,2.55,8.0,0.0,0.0,0.0
2016,2,20,0,0,0.0,0.0,2.6,8.0,0.0,0.0,0.0
2016,2,20,0,15,0.0,0.0,2.55,8.0,0.0,0.0,0.0
2016,2,20,0,30,0.0,0.0,2.5,8.0,0.0,0.0,0.0
2016,2,20,0,45,0.0,0.0,2.5,8.0,0.0,0.0,0.0
2016,2,20,1,0,0.0,0.0,2.5,8.0,0.0,0.0,0.0
2016,2,20,1,15,0.0,0.0,2.5,8.0,0.0,0.0,0.0
2016,2,20,1,30,0.0,0.0,2.5,8.0,0.0,0.0,0.0
2016,2,20,1,45,0.0,0.0,2.55,8.0,0.0,0.0,0.0
2016,2,20,2,0,0.0,0.0,2.6,8.0,0.0,0.0,0.0
2016,2,20,2,15,0.0,0.0,2.6,7.5,0.0,0.0,0.0
2016,2,20,2,30,0.0,0.0,2.6,7.0,0.0,0.0,0.0
2016,2,20,2,45,0.0,0.0,2.6,7.0,0.0,0.0,0.0
2016,2,20,3,0,0.0,0.0,2.6,7.0,0.0,0.0,0.0
2016,2,20,3,15,0.0,0.0,2.7,7.0,0.0,0.0,0.0
2016,2,20,3,30,0.0,0.0,2.8,7.0,0.0,0.0,0.0
2016,2,20,3,45,0.0,0.0,2.9,7.0,0.0,0.0,0.0
2016,2,20,4,0,0.0,0.0,3.0,7.0,0.0,0.0,0.0
2016,2,20,4,15,0.0,0.0,3.1,6.5,0.0,0.0,0.0
2016,2,20,4,30,0.0,0.0,3.2,6.0,0.0,0.0,0.0
2016,2,20,4,45,0.0,0.0,3.3,6.0,0.0,0.0,0.0
2016,2,20,5,0,0.0,0.0,3.4,6.0,0.0,0.0,0.0
2016,2,20,5,15,0.0,0.0,3.45,6.0,0.0,0.0,0.0
2016,2,20,5,30,0.0,0.0,3.5,6.0,0.0,0.0,0.0
2016,2,20,5,45,0.0,0.0,3.55,6.0,0.0,0.0,0.0
2016,2,20,6,0,0.0,0.0,3.6,6.0,0.0,0.0,0.0
2016,2,20,6,15,0.0,0.0,3.6,6.0,0.0,0.0,0.0
2016,2,20,6,30,0.0,0.0,3.6,6.0,0.0,0.0,0.0
2016,2,20,6,45,0.0,0.0,3.6,6.5,0.0,0.0,0.0
2016,2,20,7,0,0.0,0.0,3.6,7.0,0.0,0.0,0.0
2016,2,20,7,15,115.0,19.0,3.6,7.0,31.0,44.73,7.49
2016,2,20,7,30,230.0,38.0,3.6,7.0,62.0,104.21,72.08
2016,2,20,7,45,294.0,53.5,3.6,7.5,101.5,154.1,117.74
2016,2,20,8,0,358.0,69.0,3.6,8.0,141.0,211.41,169.4
2016,2,20,8,15,401.5,82.0,3.45,8.5,183.0,264.51,217.49
2016,2,20,8,30,445.0,95.0,3.3,9.0,225.0,321.85,268.05
2016,2,20,8,45,491.0,100.0,3.15,9.5,265.5,375.38,314.24
2016,2,20,9,0,537.0,105.0,3.0,10.0,306.0,436.48,365.13
2016,2,20,9,15,617.0,99.0,2.85,10.0,356.0,506.36,422.75
2016,2,20,9,30,697.0,93.0,2.7,10.0,406.0,581.05,482.58
2016,2,20,9,45,720.5,96.5,2.55,10.5,444.5,631.6,520.39
2016,2,20,10,0,744.0,100.0,2.4,11.0,483.0,681.72,555.9
2016,2,20,10,15,738.5,110.5,2.25,11.0,510.5,716.82,579.75
2016,2,20,10,30,733.0,121.0,2.1,11.0,538.0,748.88,601.02
2016,2,20,10,45,692.0,142.5,1.95,11.5,550.0,760.7,606.09
2016,2,20,11,0,651.0,164.0,1.8,12.0,562.0,767.15,607.39
2016,2,20,11,15,652.0,170.0,1.65,12.0,578.5,788.9,620.79
2016,2,20,11,30,653.0,176.0,1.5,12.0,595.0,807.94,631.89
2016,2,20,11,45,522.5,226.0,1.4,12.5,564.5,748.39,584.26
2016,2,20,12,0,392.0,276.0,1.3,13.0,534.0,675.94,527.43
2016,2,20,12,15,408.5,272.5,1.3,13.0,542.0,688.92,537.88
2016,2,20,12,30,425.0,269.0,1.3,13.0,550.0,713.35,555.28
2016,2,20,12,45,543.5,223.5,1.35,13.0,580.0,770.11,599.34
2016,2,20,13,0,662.0,178.0,1.4,13.0,610.0,828.05,642.22
2016,2,20,13,15,658.0,176.0,1.5,13.0,597.5,813.7,633.09
2016,2,20,13,30,654.0,174.0,1.6,13.0,585.0,796.61,622.87
2016,2,20,13,45,772.5,132.5,1.7,13.5,603.0,838.4,653.15
2016,2,20,14,0,891.0,91.0,1.8,14.0,621.0,860.29,668.77
2016,2,20,14,15,880.5,89.5,1.9,14.0,592.0,831.53,650.4
2016,2,20,14,30,870.0,88.0,2.0,14.0,563.0,793.52,625.73
2016,2,20,14,45,858.5,84.5,2.15,14.0,528.5,750.02,597.09
2016,2,20,15,0,847.0,81.0,2.3,14.0,494.0,704.43,566.23
2016,2,20,15,15,825.5,78.0,2.4,13.5,453.0,650.94,528.49
2016,2,20,15,30,804.0,75.0,2.5,13.0,412.0,596.74,487.77
2016,2,20,15,45,777.0,70.5,2.6,13.0,366.5,537.34,440.57
2016,2,20,16,0,750.0,66.0,2.7,13.0,321.0,478.47,392.08
2016,2,20,16,15,706.0,61.0,2.65,12.5,273.0,411.94,336.02
2016,2,20,16,30,662.0,56.0,2.6,12.0,225.0,348.47,280.54
2016,2,20,16,45,594.0,49.0,2.55,11.5,176.0,279.46,219.22
2016,2,20,17,0,526.0,42.0,2.5,11.0,127.0,215.65,161.33
2016,2,20,17,15,407.0,32.0,2.5,11.0,84.0,143.6,97.81
2016,2,20,17,30,288.0,22.0,2.5,11.0,41.0,82.52,30.36
2016,2,20,17,45,144.0,11.0,2.55,11.0,20.5,28.37,0.0
2016,2,20,18,0,0.0,0.0,2.6,11.0,0.0,0.0,0.0
2016,2,20,18,15,0.0,0.0,2.55,10.5,0.0,0.0,0.0
2016,2,20,18,30,0.0,0.0,2.5,10.0,0.0,0.0,0.0
2016,2,20,18,45,0.0,0.0,2.5,10.0,0.0,0.0,0.0
2016,2,20,19,0,0.0,0.0,2.5,10.0,0.0,0.0,0.0
2016,2,20,19,15,0.0,0.0,2.5,10.0,0.0,0.0,0.0
2016,2,20,19,30,0.0,0.0,2.5,10.0,0.0,0.0,0.0
2016,2,20,19,45,0.0,0.0,2.55,10.0,0.0,0.0,0.0
2016,2,20,20,0,0.0,0.0,2.6,10.0,0.0,0.0,0.0
2016,2,20,20,15,0.0,0.0,2.6,9.5,0.0,0.0,0.0
2016,2,20,20,30,0.0,0.0,2.6,9.0,0.0,0.0,0.0
2016,2,20,20,45,0.0,0.0,2.65,9.0,0.0,0.0,0.0
2016,2,20,21,0,0.0,0.0,2.7,9.0,0.0,0.0,0.0
2016,2,20,21,15,0.0,0.0,2.7,9.0,0.0,0.0,0.0
2016,2,20,21,30,0.0,0.0,2.7,9.0,0.0,0.0,0.0
2016,2,20,21,45,0.0,0.0,2.75,9.0,0.0,0.0,0.0
2016,2,20,22,0,0.0,0.0,2.8,9.0,0.0,0.0,0.0
2016,2,20,22,15,0.0,0.0,2.8,9.0,0.0,0.0,0.0
2016,2,20,22,30,0.0,0.0,2.8,9.0,0.0,0.0,0.0
2016,2,20,22,45,0.0,0.0,2.85,9.0,0.0,0.0,0.0
2016,2,20,23,0,0.0,0.0,2.9,9.0,0.0,0.0,0.0
2016,2,20,23,15,0.0,0.0,2.95,9.0,0.0,0.0,0.0
2016,2,20,23,30,0.0,0.0,3.0,9.0,0.0,0.0,0.0
2016,2,20,23,45,0.0,0.0,3.05,9.0,0.0,0.0,0.0
2016,2,21,0,0,0.0,0.0,3.1,9.0,0.0,0.0,0.0
2016,2,21,0,15,0.0,0.0,3.1,8.5,0.0,0.0,0.0
2016,2,21,0,30,0.0,0.0,3.1,8.0,0.0,0.0,0.0
2016,2,21,0,45,0.0,0.0,3.15,8.0,0.0,0.0,0.0
2016,2,21,1,0,0.0,0.0,3.2,8.0,0.0,0.0,0.0
2016,2,21,1,15,0.0,0.0,3.15,8.0,0.0,0.0,0.0
2016,2,21,1,30,0.0,0.0,3.1,8.0,0.0,0.0,0.0
2016,2,21,1,45,0.0,0.0,3.1,8.0,0.0,0.0,0.0
2016,2,21,2,0,0.0,0.0,3.1,8.0,0.0,0.0,0.0
2016,2,21,2,15,0.0,0.0,3.05,8.0,0.0,0.0,0.0
2016,2,21,2,30,0.0,0.0,3.0,8.0,0.0,0.0,0.0
2016,2,21,2,45,0.0,0.0,3.0,8.0,0.0,0.0,0.0
2016,2,21,3,0,0.0,0.0,3.0,8.0,0.0,0.0,0.0
2016,2,21,3,15,0.0,0.0,2.95,8.0,0.0,0.0,0.0
2016,2,21,3,30,0.0,0.0,2.9,8.0,0.0,0.0,0.0
2016,2,21,3,45,0.0,0.0,2.9,8.0,0.0,0.0,0.0
2016,2,21,4,0,0.0,0.0,2.9,8.0,0.0,0.0,0.0
2016,2,21,4,15,0.0,0.0,2.9,8.0,0.0,0.0,0.0
2016,2,21,4,30,0.0,0.0,2.9,8.0,0.0,0.0,0.0
2016,2,21,4,45,0.0,0.0,2.95,8.0,0.0,0.0,0.0
2016,2,21,5,0,0.0,0.0,3.0,8.0,0.0,0.0,0.0
2016,2,21,5,15,0.0,0.0,3.0,7.5,0.0,0.0,0.0
2016,2,21,5,30,0.0,0.0,3.0,7.0,0.0,0.0,0.0
2016,2,21,5,45,0.0,0.0,3.05,7.0,0.0,0.0,0.0
2016,2,21,6,0,0.0,0.0,3.1,7.0,0.0,0.0,0.0
2016,2,21,6,15,0.0,0.0,3.1,7.0,0.0,0.0,0.0
2016,2,21,6,30,0.0,0.0,3.1,7.0,0.0,0.0,0.0
2016,2,21,6,45,0.0,0.0,3.1,7.5,0.0,0.0,0.0
2016,2,21,7,0,0.0,0.0,3.1,8.0,0.0,0.0,0.0
2016,2,21,7,15,216.0,16.5,3.2,8.5,40.0,61.67,18.02
2016,2,21,7,30,432.0,33.0,3.3,9.0,80.0,148.14,100.95
2016,2,21,7,45,526.0,41.0,3.45,9.5,128.0,211.58,158.89
2016,2,21,8,0,620.0,49.0,3.6,10.0,176.0,285.51,225.48
2016,2,21,8,15,675.5,54.5,3.6,10.5,226.0,349.11,283.53
2016,2,21,8,30,731.0,60.0,3.6,11.0,276.0,419.19,345.28
2016,2,21,8,45,771.0,63.5,3.6,11.5,325.0,483.33,400.34
2016,2,21,9,0,811.0,67.0,3.6,12.0,374.0,549.65,455.2
2016,2,21,9,15,836.0,70.0,3.55,12.0,419.0,607.88,502.62
2016,2,21,9,30,861.0,73.0,3.5,12.0,464.0,666.02,548.55
2016,2,21,9,45,880.5,75.0,3.5,12.5,504.0,713.87,583.13
2016,2,21,10,0,900.0,77.0,3.5,13.0,544.0,764.79,618.71
2016,2,21,10,15,913.0,78.5,3.45,13.0,577.5,808.47,649.22
2016,2,21,10,30,926.0,80.0,3.4,13.0,611.0,849.83,677.69
2016,2,21,10,45,935.0,81.0,3.4,13.5,637.0,884.65,700.18
2016,2,21,11,0,944.0,82.0,3.4,14.0,663.0,916.42,720.32
2016,2,21,11,15,949.5,83.0,3.4,14.0,682.0,941.85,737.25
2016,2,21,11,30,955.0,84.0,3.4,14.0,701.0,963.73,751.75
2016,2,21,11,45,957.5,84.5,3.4,14.0,711.0,978.59,761.45
2016,2,21,12,0,960.0,85.0,3.4,14.0,721.0,989.61,768.65
2016,2,21,12,15,960.5,85.0,3.5,14.0,723.5,994.26,772.37
2016,2,21,12,30,961.0,85.0,3.6,14.0,726.0,994.95,773.54
2016,2,21,12,45,819.0,129.5,3.7,14.5,672.5,919.8,720.02
2016,2,21,13,0,677.0,174.0,3.8,15.0,619.0,838.79,662.05
2016,2,21,13,15,677.5,169.0,3.9,15.0,606.5,824.98,653.53
2016,2,21,13,30,678.0,164.0,4.0,15.0,594.0,808.25,642.44
2016,2,21,13,45,725.5,141.0,4.15,15.0,587.5,809.09,644.55
2016,2,21,14,0,773.0,118.0,4.3,15.0,581.0,800.42,639.81
2016,2,21,14,15,773.5,110.5,4.45,15.0,555.0,770.35,619.46
2016,2,21,14,30,774.0,103.0,4.6,15.0,529.0,737.34,596.77
2016,2,21,14,45,700.5,114.5,4.75,15.0,481.5,670.93,548.15
2016,2,21,15,0,627.0,126.0,4.9,15.0,434.0,603.71,495.92
2016,2,21,15,15,636.0,112.0,4.95,14.5,402.0,566.89,468.48
2016,2,21,15,30,645.0,98.0,5.0,14.0,370.0,527.3,437.76
2016,2,21,15,45,700.5,82.5,5.05,13.5,348.5,510.01,423.97
2016,2,21,16,0,756.0,67.0,5.1,13.0,327.0,483.82,401.46
2016,2,21,16,15,710.5,62.0,4.95,12.5,278.0,416.13,343.03
2016,2,21,16,30,665.0,57.0,4.8,12.0,229.0,353.29,287.0
2016,2,21,16,45,594.5,50.5,4.65,12.0,179.5,281.95,222.52
2016,2,21,17,0,524.0,44.0,4.5,12.0,130.0,217.71,163.52
2016,2,21,17,15,404.0,34.0,4.4,11.5,86.5,145.29,99.88
2016,2,21,17,30,284.0,24.0,4.3,11.0,43.0,84.48,36.09
2016,2,21,17,45,142.0,12.0,4.25,11.0,21.5,29.18,0.0
2016,2,21,18,0,0.0,0.0,4.2,11.0,0.0,0.0,0.0
2016,2,21,18,15,0.0,0.0,4.1,10.5,0.0,0.0,0.0
2016,2,21,18,30,0.0,0.0,4.0,10.0,0.0,0.0,0.0
2016,2,21,18,45,0.0,0.0,3.9,10.0,0.0,0.0,0.0
2016,2,21,19,0,0.0,0.0,3.8,10.0,0.0,0.0,0.0
2016,2,21,19,15,0.0,0.0,3.7,10.0,0.0,0.0,0.0
2016,2,21,19,30,0.0,0.0,3.6,10.0,0.0,0.0,0.0
2016,2,21,19,45,0.0,0.0,3.55,10.0,0.0,0.0,0.0
2016,2,21,20,0,0.0,0.0,3.5,10.0,0.0,0.0,0.0
2016,2,21,20,15,0.0,0.0,3.35,10.0,0.0,0.0,0.0
2016,2,21,20,30,0.0,0.0,3.2,10.0,0.0,0.0,0.0
2016,2,21,20,45,0.0,0.0,3.1,10.0,0.0,0.0,0.0
2016,2,21,21,0,0.0,0.0,3.0,10.0,0.0,0.0,0.0
2016,2,21,21,15,0.0,0.0,3.0,10.0,0.0,0.0,0.0
2016,2,21,21,30,0.0,0.0,3.0,10.0,0.0,0.0,0.0
2016,2,21,21,45,0.0,0.0,3.05,10.0,0.0,0.0,0.0
2016,2,21,22,0,0.0,0.0,3.1,10.0,0.0,0.0,0.0
2016,2,21,22,15,0.0,0.0,3.1,10.0,0.0,0.0,0.0
2016,2,21,22,30,0.0,0.0,3.1,10.0,0.0,0.0,0.0
2016,2,21,22,45,0.0,0.0,3.15,10.0,0.0,0.0,0.0
2016,2,21,23,0,0.0,0.0,3.2,10.0,0.0,0.0,0.0
2016,2,21,23,15,0.0,0.0,3.25,9.5,0.0,0.0,0.0
2016,2,21,23,30,0.0,0.0,3.3,9.0,0.0,0.0,0.0
2016,2,21,23,45,0.0,0.0,3.35,9.0,0.0,0.0,0.0
2016,2,22,0,0,0.0,0.0,3.4,9.0,0.0,0.0,0.0
2016,2,22,0,15,0.0,0.0,3.45,9.0,0.0,0.0,0.0
2016,2,22,0,30,0.0,0.0,3.5,9.0,0.0,0.0,0.0
2016,2,22,0,45,0.0,0.0,3.55,9.0,0.0,0.0,0.0
2016,2,22,1,0,0.0,0.0,3.6,9.0,0.0,0.0,0.0
2016,2,22,1,15,0.0,0.0,3.55,9.0,0.0,0.0,0.0
2016,2,22,1,30,0.0,0.0,3.5,9.0,0.0,0.0,0.0
2016,2,22,1,45,0.0,0.0,3.5,9.0,0.0,0.0,0.0
2016,2,22,2,0,0.0,0.0,3.5,9.0,0.0,0.0,0.0
2016,2,22,2,15,0.0,0.0,3.45,9.0,0.0,0.0,0.0
2016,2,22,2,30,0.0,0.0,3.4,9.0,0.0,0.0,0.0
2016,2,22,2,45,0.0,0.0,3.35,9.0,0.0,0.0,0.0
2016,2,22,3,0,0.0,0.0,3.3,9.0,0.0,0.0,0.0
2016,2,22,3,15,0.0,0.0,3.3,9.0,0.0,0.0,0.0
2016,2,22,3,30,0.0,0.0,3.3,9.0,0.0,0.0,0.0
2016,2,22,3,45,0.0,0.0,3.35,9.0,0.0,0.0,0.0
2016,2,22,4,0,0.0,0.0,3.4,9.0,0.0,0.0,0.0
2016,2,22,4,15,0.0,0.0,3.4,8.5,0.0,0.0,0.0
2016,2,22,4,30,0.0,0.0,3.4,8.0,0.0,0.0,0.0
2016,2,22,4,45,0.0,0.0,3.4,8.0,0.0,0.0,0.0
2016,2,22,5,0,0.0,0.0,3.4,8.0,0.0,0.0,0.0
2016,2,22,5,15,0.0,0.0,3.35,8.0,0.0,0.0,0.0
2016,2,22,5,30,0.0,0.0,3.3,8.0,0.0,0.0,0.0
2016,2,22,5,45,0.0,0.0,3.25,8.0,0.0,0.0,0.0
2016,2,22,6,0,0.0,0.0,3.2,8.0,0.0,0.0,0.0
2016,2,22,6,15,0.0,0.0,3.1,8.0,0.0,0.0,0.0
2016,2,22,6,30,0.0,0.0,3.0,8.0,0.0,0.0,0.0
2016,2,22,6,45,0.0,0.0,2.95,8.5,0.0,0.0,0.0
2016,2,22,7,0,0.0,0.0,2.9,9.0,0.0,0.0,0.0
2016,2,22,7,15,232.5,16.0,2.95,9.5,43.0,64.83,24.15
2016,2,22,7,30,465.0,32.0,3.0,10.0,86.0,155.79,106.41
2016,2,22,7,45,551.0,39.5,3.1,10.5,133.5,216.92,162.44
2016,2,22,8,0,637.0,47.0,3.2,11.0,181.0,289.19,227.6
2016,2,22,8,15,690.5,52.0,3.15,11.0,231.0,354.13,286.91
2016,2,22,8,30,744.0,57.0,3.1,11.0,281.0,423.63,348.38
2016,2,22,8,45,779.0,61.0,3.05,11.5,329.5,486.44,401.95
2016,2,22,9,0,814.0,65.0,3.0,12.0,378.0,550.95,454.83
2016,2,22,9,15,838.5,68.0,3.0,12.5,422.5,609.06,500.97
2016,2,22,9,30,863.0,71.0,3.0,13.0,467.0,667.04,545.45
2016,2,22,9,45,880.0,73.5,3.0,13.5,506.5,713.86,578.59
2016,2,22,10,0,897.0,76.0,3.0,14.0,546.0,763.55,612.82
2016,2,22,10,15,910.0,77.5,2.95,14.0,579.5,807.17,642.87
2016,2,22,10,30,923.0,79.0,2.9,14.0,613.0,848.47,670.87
2016,2,22,10,45,930.5,81.0,2.9,14.5,639.0,883.15,692.93
2016,2,22,11,0,938.0,83.0,2.9,15.0,665.0,914.71,712.64
2016,2,22,11,15,944.5,84.0,2.9,15.0,684.0,940.91,729.86
2016,2,22,11,30,951.0,85.0,2.9,15.0,703.0,963.61,744.71
2016,2,22,11,45,953.0,86.0,2.95,15.5,713.5,978.55,753.33
2016,2,22,12,0,955.0,87.0,3.0,16.0,724.0,989.64,759.47
2016,2,22,12,15,956.0,87.0,3.05,16.0,726.5,994.71,763.09
2016,2,22,12,30,957.0,87.0,3.1,16.0,729.0,995.82,764.23
2016,2,22,12,45,895.5,102.0,3.2,16.5,698.5,952.74,734.04
2016,2,22,13,0,834.0,117.0,3.3,17.0,668.0,914.45,707.41
2016,2,22,13,15,801.0,125.0,3.35,17.0,646.0,883.26,686.57
2016,2,22,13,30,768.0,133.0,3.4,17.0,624.0,854.21,667.1
2016,2,22,13,45,718.5,144.0,3.45,17.0,591.0,807.86,635.06
2016,2,22,14,0,669.0,155.0,3.5,17.0,558.0,760.26,601.86
2016,2,22,14,15,716.0,131.0,3.45,17.0,544.5,752.07,596.93
2016,2,22,14,30,763.0,107.0,3.4,17.0,531.0,734.61,585.0
2016,2,22,14,45,820.5,93.5,3.4,17.0,523.0,735.04,586.64
2016,2,22,15,0,878.0,80.0,3.4,17.0,515.0,728.22,582.91
2016,2,22,15,15,858.0,77.0,3.2,16.5,473.5,674.26,543.63
2016,2,22,15,30,838.0,74.0,3.0,16.0,432.0,619.37,501.49
2016,2,22,15,45,807.5,71.0,2.9,16.0,385.0,557.83,452.39
2016,2,22,16,0,777.0,68.0,2.8,16.0,338.0,497.05,402.46
2016,2,22,16,15,733.5,63.0,2.65,15.0,288.5,429.07,346.52
2016,2,22,16,30,690.0,58.0,2.5,14.0,239.0,364.05,290.88
2016,2,22,16,45,620.0,51.5,2.45,13.5,188.5,292.93,228.47
2016,2,22,17,0,550.0,45.0,2.4,13.0,138.0,227.2,169.49
2016,2,22,17,15,432.0,35.0,2.35,13.0,93.0,153.51,105.17
2016,2,22,17,30,314.0,25.0,2.3,13.0,48.0,91.75,42.9
2016,2,22,17,45,157.0,12.5,2.25,13.0,24.0,31.64,0.0
2016,2,22,18,0,0.0,0.0,2.2,13.0,0.0,0.0,0.0
2016,2,22,18,15,0.0,0.0,2.15,12.5,0.0,0.0,0.0
2016,2,22,18,30,0.0,0.0,2.1,12.0,0.0,0.0,0.0
2016,2,22,18,45,0.0,0.0,2.1,12.0,0.0,0.0,0.0
2016,2,22,19,0,0.0,0.0,2.1,12.0,0.0,0.0,0.0
2016,2,22,19,15,0.0,0.0,2.05,12.0,0.0,0.0,0.0
2016,2,22,19,30,0.0,0.0,2.0,12.0,0.0,0.0,0.0
2016,2,22,19,45,0.0,0.0,1.95,12.0,0.0,0.0,0.0
2016,2,22,20,0,0.0,0.0,1.9,12.0,0.0,0.0,0.0
2016,2,22,20,15,0.0,0.0,1.85,12.0,0.0,0.0,0.0
2016,2,22,20,30,0.0,0.0,1.8,12.0,0.0,0.0,0.0
2016,2,22,20,45,0.0,0.0,1.75,12.0,0.0,0.0,0.0
2016,2,22,21,0,0.0,0.0,1.7,12.0,0.0,0.0,0.0
2016,2,22,21,15,0.0,0.0,1.65,12.0,0.0,0.0,0.0
2016,2,22,21,30,0.0,0.0,1.6,12.0,0.0,0.0,0.0
2016,2,22,21,45,0.0,0.0,1.6,12.0,0.0,0.0,0.0
2016,2,22,22,0,0.0,0.0,1.6,12.0,0.0,0.0,0.0
2016,2,22,22,15,0.0,0.0,1.55,11.5,0.0,0.0,0.0
2016,2,22,22,30,0.0,0.0,1.5,11.0,0.0,0.0,0.0
2016,2,22,22,45,0.0,0.0,1.5,11.0,0.0,0.0,0.0
2016,2,22,23,0,0.0,0.0,1.5,11.0,0.0,0.0,0.0
2016,2,22,23,15,0.0,0.0,1.45,11.0,0.0,0.0,0.0
2016,2,22,23,30,0.0,0.0,1.4,11.0,0.0,0.0,0.0
2016,2,22,23,45,0.0,0.0,1.4,11.0,0.0,0.0,0.0
2016,2,23,0,0,0.0,0.0,1.4,11.0,0.0,0.0,0.0
2016,2,23,0,15,0.0,0.0,1.3,11.0,0.0,0.0,0.0
2016,2,23,0,30,0.0,0.0,1.2,11.0,0.0,0.0,0.0
2016,2,23,0,45,0.0,0.0,1.1,11.0,0.0,0.0,0.0
2016,2,23,1,0,0.0,0.0,1.0,11.0,0.0,0.0,0.0
2016,2,23,1,15,0.0,0.0,0.95,11.0,0.0,0.0,0.0
2016,2,23,1,30,0.0,0.0,0.9,11.0,0.0,0.0,0.0
2016,2,23,1,45,0.0,0.0,0.85,11.0,0.0,0.0,0.0
2016,2,23,2,0,0.0,0.0,0.8,11.0,0.0,0.0,0.0
2016,2,23,2,15,0.0,0.0,0.75,11.0,0.0,0.0,0.0
2016,2,23,2,30,0.0,0.0,0.7,11.0,0.0,0.0,0.0
2016,2,23,2,45,0.0,0.0,0.7,11.0,0.0,0.0,0.0
2016,2,23,3,0,0.0,0.0,0.7,11.0,0.0,0.0,0.0
2016,2,23,3,15,0.0,0.0,0.7,11.0,0.0,0.0,0.0
2016,2,23,3,30,0.0,0.0,0.7,11.0,0.0,0.0,0.0
2016,2,23,3,45,0.0,0.0,0.7,11.0,0.0,0.0,0.0
2016,2,23,4,0,0.0,0.0,0.7,11.0,0.0,0.0,0.0
2016,2,23,4,15,0.0,0.0,0.75,11.0,0.0,0.0,0.0
2016,2,23,4,30,0.0,0.0,0.8,11.0,0.0,0.0,0.0
2016,2,23,4,45,0.0,0.0,0.85,11.0,0.0,0.0,0.0
2016,2,23,5,0,0.0,0.0,0.9,11.0,0.0,0.0,0.0
2016,2,23,5,15,0.0,0.0,1.0,11.0,0.0,0.0,0.0
2016,2,23,5,30,0.0,0.0,1.1,11.0,0.0,0.0,0.0
2016,2,23,5,45,0.0,0.0,1.25,11.0,0.0,0.0,0.0
2016,2,23,6,0,0.0,0.0,1.4,11.0,0.0,0.0,0.0
2016,2,23,6,15,0.0,0.0,1.55,11.0,0.0,0.0,0.0
2016,2,23,6,30,0.0,0.0,1.7,11.0,0.0,0.0,0.0
2016,2,23,6,45,0.0,6.5,1.85,11.0,6.5,0.0,0.0
2016,2,23,7,0,0.0,13.0,2.0,11.0,13.0,12.39,0.0
2016,2,23,7,15,226.0,24.5,2.15,11.0,51.5,73.73,33.49
2016,2,23,7,30,452.0,36.0,2.3,11.0,90.0,157.67,108.58
2016,2,23,7,45,543.0,44.0,2.5,11.5,139.0,222.0,166.43
2016,2,23,8,0,634.0,52.0,2.7,12.0,188.0,296.4,232.7
2016,2,23,8,15,689.0,57.5,2.85,12.0,239.5,360.94,291.28
2016,2,23,8,30,744.0,63.0,3.0,12.0,291.0,431.9,353.67
2016,2,23,8,45,783.5,66.5,3.15,12.0,340.5,496.76,409.59
2016,2,23,9,0,823.0,70.0,3.3,12.0,390.0,563.72,465.54
2016,2,23,9,15,667.0,108.5,3.25,12.5,387.0,552.07,455.12
2016,2,23,9,30,511.0,147.0,3.2,13.0,384.0,517.08,425.44
2016,2,23,9,45,712.0,113.5,3.15,13.5,473.5,650.07,530.69
2016,2,23,10,0,913.0,80.0,3.1,14.0,563.0,782.37,627.55
2016,2,23,10,15,925.5,82.0,2.9,14.0,597.0,826.81,656.44
2016,2,23,10,30,938.0,84.0,2.7,14.0,631.0,868.82,683.6
2016,2,23,10,45,947.0,85.5,2.5,14.5,657.5,904.62,704.46
2016,2,23,11,0,956.0,87.0,2.3,15.0,684.0,937.31,722.62
2016,2,23,11,15,961.5,87.5,2.15,15.5,703.0,962.41,735.66
2016,2,23,11,30,967.0,88.0,2.0,16.0,722.0,983.9,746.06
2016,2,23,11,45,967.5,89.5,1.9,16.5,732.0,998.23,752.18
2016,2,23,12,0,968.0,91.0,1.8,17.0,742.0,1008.61,755.76
2016,2,23,12,15,968.0,91.5,1.7,17.0,743.5,1013.36,757.14
2016,2,23,12,30,968.0,92.0,1.6,17.0,745.0,1014.1,756.04
2016,2,23,12,45,963.5,92.5,1.55,17.5,738.0,1006.66,749.14
2016,2,23,13,0,959.0,93.0,1.5,18.0,731.0,995.29,739.95
2016,2,23,13,15,954.0,92.0,1.45,18.0,716.5,977.87,728.42
2016,2,23,13,30,949.0,91.0,1.4,18.0,702.0,956.74,714.63
2016,2,23,13,45,939.5,90.5,1.35,18.0,678.5,928.69,696.39
2016,2,23,14,0,930.0,90.0,1.3,18.0,655.0,897.4,676.08
2016,2,23,14,15,919.0,88.5,1.35,18.0,625.0,860.69,653.5
2016,2,23,14,30,908.0,87.0,1.4,18.0,595.0,821.25,628.79
2016,2,23,14,45,891.0,85.0,1.45,18.0,558.0,779.59,602.16
2016,2,23,15,0,874.0,83.0,1.5,18.0,521.0,730.33,569.66
2016,2,23,15,15,852.5,80.0,1.5,17.5,478.5,675.39,532.46
2016,2,23,15,30,831.0,77.0,1.5,17.0,436.0,619.68,492.06
2016,2,23,15,45,796.0,74.5,1.5,17.0,388.0,556.26,443.47
2016,2,23,16,0,761.0,72.0,1.5,17.0,340.0,494.04,394.16
2016,2,23,16,15,716.0,67.0,1.5,16.5,290.0,427.72,340.58
2016,2,23,16,30,671.0,62.0,1.5,16.0,240.0,362.92,286.17
2016,2,23,16,45,591.0,55.5,1.55,15.5,189.0,287.37,221.92
2016,2,23,17,0,511.0,49.0,1.6,15.0,138.0,219.96,163.12
2016,2,23,17,15,395.0,38.0,1.65,14.5,93.0,147.77,101.46
2016,2,23,17,30,279.0,27.0,1.7,14.0,48.0,87.9,44.24
2016,2,23,17,45,139.5,13.5,1.75,14.0,24.0,30.5,0.0
2016,2,23,18,0,0.0,0.0,1.8,14.0,0.0,0.0,0.0
2016,2,23,18,15,0.0,0.0,1.85,13.5,0.0,0.0,0.0
2016,2,23,18,30,0.0,0.0,1.9,13.0,0.0,0.0,0.0
2016,2,23,18,45,0.0,0.0,1.95,13.0,0.0,0.0,0.0
2016,2,23,19,0,0.0,0.0,2.0,13.0,0.0,0.0,0.0
2016,2,23,19,15,0.0,0.0,2.0,13.0,0.0,0.0,0.0
2016,2,23,19,30,0.0,0.0,2.0,13.0,0.0,0.0,0.0
2016,2,23,19,45,0.0,0.0,2.0,13.0,0.0,0.0,0.0
2016,2,23,20,0,0.0,0.0,2.0,13.0,0.0,0.0,0.0
2016,2,23,20,15,0.0,0.0,2.0,12.5,0.0,0.0,0.0
2016,2,23,20,30,0.0,0.0,2.0,12.0,0.0,0.0,0.0
2016,2,23,20,45,0.0,0.0,2.0,12.0,0.0,0.0,0.0
2016,2,23,21,0,0.0,0.0,2.0,12.0,0.0,0.0,0.0
2016,2,23,21,15,0.0,0.0,2.0,12.0,0.0,0.0,0.0
2016,2,23,21,30,0.0,0.0,2.0,12.0,0.0,0.0,0.0
2016,2,23,21,45,0.0,0.0,2.0,12.0,0.0,0.0,0.0
2016,2,23,22,0,0.0,0.0,2.0,12.0,0.0,0.0,0.0
2016,2,23,22,15,0.0,0.0,2.0,11.5,0.0,0.0,0.0
2016,2,23,22,30,0.0,0.0,2.0,11.0,0.0,0.0,0.0
2016,2,23,22,45,0.0,0.0,2.05,11.0,0.0,0.0,0.0
2016,2,23,23,0,0.0,0.0,2.1,11.0,0.0,0.0,0.0
2016,2,23,23,15,0.0,0.0,2.05,11.0,0.0,0.0,0.0
2016,2,23,23,30,0.0,0.0,2.0,11.0,0.0,0.0,0.0
2016,2,23,23,45,0.0,0.0,2.0,11.0,0.0,0.0,0.0
2016,2,24,0,0,0.0,0.0,2.0,11.0,0.0,0.0,0.0
2016,2,24,0,15,0.0,0.0,1.95,11.0,0.0,0.0,0.0
2016,2,24,0,30,0.0,0.0,1.9,11.0,0.0,0.0,0.0
2016,2,24,0,45,0.0,0.0,1.85,11.0,0.0,0.0,0.0
2016,2,24,1,0,0.0,0.0,1.8,11.0,0.0,0.0,0.0
2016,2,24,1,15,0.0,0.0,1.7,11.0,0.0,0.0,0.0
2016,2,24,1,30,0.0,0.0,1.6,11.0,0.0,0.0,0.0
2016,2,24,1,45,0.0,0.0,1.5,11.0,0.0,0.0,0.0
2016,2,24,2,0,0.0,0.0,1.4,11.0,0.0,0.0,0.0
2016,2,24,2,15,0.0,0.0,1.3,11.0,0.0,0.0,0.0
2016,2,24,2,30,0.0,0.0,1.2,11.0,0.0,0.0,0.0
2016,2,24,2,45,0.0,0.0,1.15,11.0,0.0,0.0,0.0
2016,2,24,3,0,0.0,0.0,1.1,11.0,0.0,0.0,0.0
2016,2,24,3,15,0.0,0.0,1.05,11.0,0.0,0.0,0.0
2016,2,24,3,30,0.0,0.0,1.0,11.0,0.0,0.0,0.0
2016,2,24,3,45,0.0,0.0,1.0,11.0,0.0,0.0,0.0
2016,2,24,4,0,0.0,0.0,1.0,11.0,0.0,0.0,0.0
2016,2,24,4,15,0.0,0.0,0.95,10.5,0.0,0.0,0.0
2016,2,24,4,30,0.0,0.0,0.9,10.0,0.0,0.0,0.0
2016,2,24,4,45,0.0,0.0,0.9,10.0,0.0,0.0,0.0
2016,2,24,5,0,0.0,0.0,0.9,10.0,0.0,0.0,0.0
2016,2,24,5,15,0.0,0.0,0.9,10.0,0.0,0.0,0.0
2016,2,24,5,30,0.0,0.0,0.9,10.0,0.0,0.0,0.0
2016,2,24,5,45,0.0,0.0,0.95,10.0,0.0,0.0,0.0
2016,2,24,6,0,0.0,0.0,1.0,10.0,0.0,0.0,0.0
2016,2,24,6,15,0.0,0.0,1.05,10.0,0.0,0.0,0.0
2016,2,24,6,30,0.0,0.0,1.1,10.0,0.0,0.0,0.0
2016,2,24,6,45,0.0,6.5,1.15,10.0,6.5,0.0,0.0
2016,2,24,7,0,0.0,13.0,1.2,10.0,13.0,12.39,0.0
2016,2,24,7,15,182.0,26.0,1.3,10.0,48.5,67.38,34.15
2016,2,24,7,30,364.0,39.0,1.4,10.0,84.0,140.08,98.11
2016,2,24,7,45,456.0,48.0,1.55,10.5,131.0,200.9,151.93
2016,2,24,8,0,548.0,57.0,1.7,11.0,178.0,272.01,214.6
2016,2,24,8,15,604.0,63.5,1.65,11.5,226.5,335.05,270.26
2016,2,24,8,30,660.0,70.0,1.6,12.0,275.0,403.17,328.3
2016,2,24,8,45,702.0,74.0,1.6,12.5,323.0,465.67,380.12
2016,2,24,9,0,744.0,78.0,1.6,13.0,371.0,528.96,430.72
2016,2,24,9,15,770.5,81.5,1.5,13.5,415.0,585.92,474.02
2016,2,24,9,30,797.0,85.0,1.4,14.0,459.0,643.08,515.71
2016,2,24,9,45,818.0,87.5,1.3,14.5,498.0,695.02,551.08
2016,2,24,10,0,839.0,90.0,1.2,15.0,537.0,745.97,583.69
2016,2,24,10,15,852.0,92.0,1.15,15.0,569.5,788.73,611.34
2016,2,24,10,30,865.0,94.0,1.1,15.0,602.0,829.3,637.07
2016,2,24,10,45,874.0,95.5,1.05,15.5,627.5,863.47,656.85
2016,2,24,11,0,883.0,97.0,1.0,16.0,653.0,887.72,669.74
2016,2,24,11,15,888.5,98.0,0.95,16.0,671.5,911.92,683.85
2016,2,24,11,30,894.0,99.0,0.9,16.0,690.0,932.79,695.69
2016,2,24,11,45,896.0,100.0,0.9,16.5,699.5,946.98,702.87
2016,2,24,12,0,898.0,101.0,0.9,17.0,709.0,957.53,707.87
2016,2,24,12,15,898.5,101.5,1.0,17.0,711.0,962.41,712.64
2016,2,24,12,30,899.0,102.0,1.1,17.0,713.0,963.56,715.16
2016,2,24,12,45,899.0,100.5,1.2,17.5,707.5,958.2,712.21
2016,2,24,13,0,899.0,99.0,1.3,18.0,702.0,949.12,706.96
2016,2,24,13,15,894.0,98.0,1.4,18.0,687.5,932.38,698.04
2016,2,24,13,30,889.0,97.0,1.5,18.0,673.0,912.16,686.83
2016,2,24,13,45,881.0,96.0,1.65,18.0,651.0,885.96,672.11
2016,2,24,14,0,873.0,95.0,1.8,18.0,629.0,863.36,659.61
2016,2,24,14,15,862.0,93.0,1.85,18.0,600.0,827.18,636.41
2016,2,24,14,30,851.0,91.0,1.9,18.0,571.0,788.44,611.27
2016,2,24,14,45,834.0,89.0,1.95,18.0,535.0,742.86,580.91
2016,2,24,15,0,817.0,87.0,2.0,18.0,499.0,695.65,548.89
2016,2,24,15,15,795.0,84.0,2.0,17.5,458.0,642.62,511.78
2016,2,24,15,30,773.0,81.0,2.0,17.0,417.0,589.01,472.12
2016,2,24,15,45,742.0,77.0,2.05,17.0,371.5,528.83,425.44
2016,2,24,16,0,711.0,73.0,2.1,17.0,326.0,471.37,379.25
2016,2,24,16,15,667.0,67.5,2.05,16.5,278.0,405.73,325.47
2016,2,24,16,30,623.0,62.0,2.0,16.0,230.0,343.36,272.49
2016,2,24,16,45,556.5,54.5,1.95,15.5,182.0,274.24,212.81
2016,2,24,17,0,490.0,47.0,1.9,15.0,134.0,211.87,157.66
2016,2,24,17,15,383.0,36.5,1.9,14.5,90.5,143.56,98.95
2016,2,24,17,30,276.0,26.0,1.9,14.0,47.0,87.13,46.08
2016,2,24,17,45,138.0,13.0,1.95,13.5,23.5,29.93,0.0
2016,2,24,18,0,0.0,0.0,2.0,13.0,0.0,0.0,0.0
2016,2,24,18,15,0.0,0.0,1.95,13.0,0.0,0.0,0.0
2016,2,24,18,30,0.0,0.0,1.9,13.0,0.0,0.0,0.0
2016,2,24,18,45,0.0,0.0,1.9,13.0,0.0,0.0,0.0
2016,2,24,19,0,0.0,0.0,1.9,13.0,0.0,0.0,0.0
2016,2,24,19,15,0.0,0.0,1.85,13.0,0.0,0.0,0.0
2016,2,24,19,30,0.0,0.0,1.8,13.0,0.0,0.0,0.0
2016,2,24,19,45,0.0,0.0,1.75,13.0,0.0,0.0,0.0
2016,2,24,20,0,0.0,0.0,1.7,13.0,0.0,0.0,0.0
2016,2,24,20,15,0.0,0.0,1.65,13.0,0.0,0.0,0.0
2016,2,24,20,30,0.0,0.0,1.6,13.0,0.0,0.0,0.0
2016,2,24,20,45,0.0,0.0,1.6,13.0,0.0,0.0,0.0
2016,2,24,21,0,0.0,0.0,1.6,13.0,0.0,0.0,0.0
2016,2,24,21,15,0.0,0.0,1.55,13.0,0.0,0.0,0.0
2016,2,24,21,30,0.0,0.0,1.5,13.0,0.0,0.0,0.0
2016,2,24,21,45,0.0,0.0,1.45,13.0,0.0,0.0,0.0
2016,2,24,22,0,0.0,0.0,1.4,13.0,0.0,0.0,0.0
2016,2,24,22,15,0.0,0.0,1.3,13.0,0.0,0.0,0.0
2016,2,24,22,30,0.0,0.0,1.2,13.0,0.0,0.0,0.0
2016,2,24,22,45,0.0,0.0,1.15,13.0,0.0,0.0,0.0
2016,2,24,23,0,0.0,0.0,1.1,13.0,0.0,0.0,0.0
2016,2,24,23,15,0.0,0.0,0.95,13.0,0.0,0.0,0.0
2016,2,24,23,30,0.0,0.0,0.8,13.0,0.0,0.0,0.0
2016,2,24,23,45,0.0,0.0,0.7,13.0,0.0,0.0,0.0
2016,2,25,0,0,0.0,0.0,0.6,13.0,0.0,0.0,0.0
2016,2,25,0,15,0.0,0.0,0.55,13.0,0.0,0.0,0.0
2016,2,25,0,30,0.0,0.0,0.5,13.0,0.0,0.0,0.0
2016,2,25,0,45,0.0,0.0,0.45,13.0,0.0,0.0,0.0
2016,2,25,1,0,0.0,0.0,0.4,13.0,0.0,0.0,0.0
2016,2,25,1,15,0.0,0.0,0.4,12.5,0.0,0.0,0.0
2016,2,25,1,30,0.0,0.0,0.4,12.0,0.0,0.0,0.0
2016,2,25,1,45,0.0,0.0,0.45,12.0,0.0,0.0,0.0
2016,2,25,2,0,0.0,0.0,0.5,12.0,0.0,0.0,0.0
2016,2,25,2,15,0.0,0.0,0.5,12.0,0.0,0.0,0.0
2016,2,25,2,30,0.0,0.0,0.5,12.0,0.0,0.0,0.0
2016,2,25,2,45,0.0,0.0,0.55,12.0,0.0,0.0,0.0
2016,2,25,3,0,0.0,0.0,0.6,12.0,0.0,0.0,0.0
2016,2,25,3,15,0.0,0.0,0.55,12.0,0.0,0.0,0.0
2016,2,25,3,30,0.0,0.0,0.5,12.0,0.0,0.0,0.0
2016,2,25,3,45,0.0,0.0,0.45,12.0,0.0,0.0,0.0
2016,2,25,4,0,0.0,0.0,0.4,12.0,0.0,0.0,0.0
2016,2,25,4,15,0.0,0.0,0.35,12.0,0.0,0.0,0.0
2016,2,25,4,30,0.0,0.0,0.3,12.0,0.0,0.0,0.0
2016,2,25,4,45,0.0,0.0,0.25,12.0,0.0,0.0,0.0
2016,2,25,5,0,0.0,0.0,0.2,12.0,0.0,0.0,0.0
2016,2,25,5,15,0.0,0.0,0.2,11.5,0.0,0.0,0.0
2016,2,25,5,30,0.0,0.0,0.2,11.0,0.0,0.0,0.0
2016,2,25,5,45,0.0,0.0,0.2,11.0,0.0,0.0,0.0
2016,2,25,6,0,0.0,0.0,0.2,11.0,0.0,0.0,0.0
2016,2,25,6,15,0.0,0.0,0.2,11.0,0.0,0.0,0.0
2016,2,25,6,30,0.0,0.0,0.2,11.0,0.0,0.0,0.0
2016,2,25,6,45,36.5,6.0,0.2,11.5,7.0,0.0,0.0
2016,2,25,7,0,73.0,12.0,0.2,12.0,14.0,20.61,0.0
2016,2,25,7,15,200.0,27.5,0.25,12.0,49.5,73.25,39.72
2016,2,25,7,30,327.0,43.0,0.3,12.0,85.0,135.58,95.08
2016,2,25,7,45,407.5,54.5,0.35,12.5,130.5,193.6,145.34
2016,2,25,8,0,488.0,66.0,0.4,13.0,176.0,260.67,202.92
2016,2,25,8,15,544.5,74.0,0.45,13.0,223.5,322.56,256.26
2016,2,25,8,30,601.0,82.0,0.5,13.0,271.0,389.65,312.38
2016,2,25,8,45,639.5,88.0,0.55,13.5,317.5,449.81,360.91
2016,2,25,9,0,678.0,94.0,0.6,14.0,364.0,512.35,409.57
2016,2,25,9,15,705.5,98.0,0.65,14.5,406.5,567.7,451.27
2016,2,25,9,30,733.0,102.0,0.7,15.0,449.0,623.54,492.06
2016,2,25,9,45,758.5,104.0,0.75,15.5,488.0,675.76,529.12
2016,2,25,10,0,784.0,106.0,0.8,16.0,527.0,724.57,561.54
2016,2,25,10,15,800.0,104.0,0.8,16.0,556.0,763.48,586.83
2016,2,25,10,30,816.0,102.0,0.8,16.0,585.0,800.44,610.6
2016,2,25,10,45,733.5,137.5,0.8,16.5,586.0,798.28,606.5
2016,2,25,11,0,651.0,173.0,0.8,17.0,587.0,784.54,595.22
2016,2,25,11,15,641.5,183.0,0.75,17.5,600.5,801.18,604.11
2016,2,25,11,30,632.0,193.0,0.7,18.0,614.0,814.7,610.45
2016,2,25,11,45,631.5,198.0,0.65,18.5,623.5,828.13,616.77
2016,2,25,12,0,631.0,203.0,0.6,19.0,633.0,838.73,621.19
2016,2,25,12,15,631.0,203.5,0.45,19.0,635.0,842.18,620.4
2016,2,25,12,30,631.0,204.0,0.3,19.0,637.0,842.76,617.88
2016,2,25,12,45,640.0,198.0,0.2,19.0,633.5,841.95,615.74
2016,2,25,13,0,649.0,192.0,0.1,19.0,630.0,838.13,612.04
2016,2,25,13,15,760.0,147.5,0.2,19.0,650.5,881.26,641.81
2016,2,25,13,30,871.0,103.0,0.3,19.0,671.0,912.2,663.33
2016,2,25,13,45,860.5,103.0,0.4,19.5,649.0,884.96,646.93
2016,2,25,14,0,850.0,103.0,0.5,20.0,627.0,854.75,629.45
2016,2,25,14,15,839.0,101.0,0.7,19.5,598.5,819.09,612.2
2016,2,25,14,30,828.0,99.0,0.9,19.0,570.0,780.94,592.35
2016,2,25,14,45,807.5,98.0,1.1,19.0,534.0,734.49,564.58
2016,2,25,15,0,787.0,97.0,1.3,19.0,498.0,686.71,534.72
2016,2,25,15,15,765.0,93.5,1.55,18.5,457.5,634.16,500.25
2016,2,25,15,30,743.0,90.0,1.8,18.0,417.0,583.4,464.67
2016,2,25,15,45,712.0,85.5,2.05,18.0,372.0,523.81,419.69
2016,2,25,16,0,681.0,81.0,2.3,18.0,327.0,465.34,373.63
2016,2,25,16,15,636.5,75.0,2.25,17.0,279.0,400.24,321.09
2016,2,25,16,30,592.0,69.0,2.2,16.0,231.0,338.51,269.31
2016,2,25,16,45,535.5,59.5,2.15,15.5,184.0,272.42,212.06
2016,2,25,17,0,479.0,50.0,2.1,15.0,137.0,212.02,158.41
2016,2,25,17,15,374.5,39.0,2.0,14.5,93.5,144.25,100.14
2016,2,25,17,30,270.0,28.0,1.9,14.0,50.0,88.67,49.17
2016,2,25,17,45,135.0,14.0,1.85,14.0,25.0,30.59,0.0
2016,2,25,18,0,0.0,0.0,1.8,14.0,0.0,0.0,0.0
2016,2,25,18,15,0.0,0.0,1.75,14.0,0.0,0.0,0.0
2016,2,25,18,30,0.0,0.0,1.7,14.0,0.0,0.0,0.0
2016,2,25,18,45,0.0,0.0,1.65,14.0,0.0,0.0,0.0
2016,2,25,19,0,0.0,0.0,1.6,14.0,0.0,0.0,0.0
2016,2,25,19,15,0.0,0.0,1.55,13.5,0.0,0.0,0.0
2016,2,25,19,30,0.0,0.0,1.5,13.0,0.0,0.0,0.0
2016,2,25,19,45,0.0,0.0,1.45,13.0,0.0,0.0,0.0
2016,2,25,20,0,0.0,0.0,1.4,13.0,0.0,0.0,0.0
2016,2,25,20,15,0.0,0.0,1.35,13.0,0.0,0.0,0.0
2016,2,25,20,30,0.0,0.0,1.3,13.0,0.0,0.0,0.0
2016,2,25,20,45,0.0,0.0,1.3,13.0,0.0,0.0,0.0
2016,2,25,21,0,0.0,0.0,1.3,13.0,0.0,0.0,0.0
2016,2,25,21,15,0.0,0.0,1.25,13.0,0.0,0.0,0.0
2016,2,25,21,30,0.0,0.0,1.2,13.0,0.0,0.0,0.0
2016,2,25,21,45,0.0,0.0,1.2,13.0,0.0,0.0,0.0
2016,2,25,22,0,0.0,0.0,1.2,13.0,0.0,0.0,0.0
2016,2,25,22,15,0.0,0.0,1.2,13.0,0.0,0.0,0.0
2016,2,25,22,30,0.0,0.0,1.2,13.0,0.0,0.0,0.0
2016,2,25,22,45,0.0,0.0,1.3,13.0,0.0,0.0,0.0
2016,2,25,23,0,0.0,0.0,1.4,13.0,0.0,0.0,0.0
2016,2,25,23,15,0.0,0.0,1.45,12.5,0.0,0.0,0.0
2016,2,25,23,30,0.0,0.0,1.5,12.0,0.0,0.0,0.0
2016,2,25,23,45,0.0,0.0,1.55,12.0,0.0,0.0,0.0
2016,2,26,0,0,0.0,0.0,1.6,12.0,0.0,0.0,0.0
2016,2,26,0,15,0.0,0.0,1.6,12.0,0.0,0.0,0.0
2016,2,26,0,30,0.0,0.0,1.6,12.0,0.0,0.0,0.0
2016,2,26,0,45,0.0,0.0,1.65,12.0,0.0,0.0,0.0
2016,2,26,1,0,0.0,0.0,1.7,12.0,0.0,0.0,0.0
2016,2,26,1,15,0.0,0.0,1.6,12.0,0.0,0.0,0.0
2016,2,26,1,30,0.0,0.0,1.5,12.0,0.0,0.0,0.0
2016,2,26,1,45,0.0,0.0,1.45,12.0,0.0,0.0,0.0
2016,2,26,2,0,0.0,0.0,1.4,12.0,0.0,0.0,0.0
2016,2,26,2,15,0.0,0.0,1.3,12.0,0.0,0.0,0.0
2016,2,26,2,30,0.0,0.0,1.2,12.0,0.0,0.0,0.0
2016,2,26,2,45,0.0,0.0,1.1,12.0,0.0,0.0,0.0
2016,2,26,3,0,0.0,0.0,1.0,12.0,0.0,0.0,0.0
2016,2,26,3,15,0.0,0.0,0.85,12.0,0.0,0.0,0.0
2016,2,26,3,30,0.0,0.0,0.7,12.0,0.0,0.0,0.0
2016,2,26,3,45,0.0,0.0,0.6,12.0,0.0,0.0,0.0
2016,2,26,4,0,0.0,0.0,0.5,12.0,0.0,0.0,0.0
2016,2,26,4,15,0.0,0.0,0.4,12.0,0.0,0.0,0.0
2016,2,26,4,30,0.0,0.0,0.3,12.0,0.0,0.0,0.0
2016,2,26,4,45,0.0,0.0,0.25,12.0,0.0,0.0,0.0
2016,2,26,5,0,0.0,0.0,0.2,12.0,0.0,0.0,0.0
2016,2,26,5,15,0.0,0.0,0.35,12.0,0.0,0.0,0.0
2016,2,26,5,30,0.0,0.0,0.5,12.0,0.0,0.0,0.0
2016,2,26,5,45,0.0,0.0,0.7,12.0,0.0,0.0,0.0
2016,2,26,6,0,0.0,0.0,0.9,12.0,0.0,0.0,0.0
2016,2,26,6,15,0.0,0.0,1.0,12.0,0.0,0.0,0.0
2016,2,26,6,30,0.0,0.0,1.1,12.0,0.0,0.0,0.0
2016,2,26,6,45,0.0,6.0,1.2,12.0,6.0,0.0,0.0
2016,2,26,7,0,0.0,12.0,1.3,12.0,12.0,11.44,0.0
2016,2,26,7,15,57.5,30.5,1.4,12.0,38.0,44.39,25.36
2016,2,26,7,30,115.0,49.0,1.5,12.0,64.0,85.09,61.45
2016,2,26,7,45,144.5,69.5,1.65,12.5,97.0,123.44,95.16
2016,2,26,8,0,174.0,90.0,1.8,13.0,130.0,165.17,131.65
2016,2,26,8,15,193.5,110.0,1.85,13.0,164.5,205.34,166.78
2016,2,26,8,30,213.0,130.0,1.9,13.0,199.0,247.47,202.87
2016,2,26,8,45,232.5,146.5,1.95,13.5,232.0,287.46,236.08
2016,2,26,9,0,252.0,163.0,2.0,14.0,265.0,329.05,269.81
2016,2,26,9,15,292.0,176.5,2.0,14.0,307.0,381.57,312.21
2016,2,26,9,30,332.0,190.0,2.0,14.0,349.0,437.09,356.14
2016,2,26,9,45,291.5,214.5,2.05,14.5,362.5,449.89,364.05
2016,2,26,10,0,251.0,239.0,2.1,15.0,376.0,458.61,368.68
2016,2,26,10,15,385.5,220.5,2.05,15.0,444.5,553.34,443.43
2016,2,26,10,30,520.0,202.0,2.0,15.0,513.0,668.73,530.41
2016,2,26,10,45,535.5,206.0,2.0,15.5,537.5,702.05,552.42
2016,2,26,11,0,551.0,210.0,2.0,16.0,562.0,734.05,573.86
2016,2,26,11,15,542.0,220.0,2.0,16.0,574.5,749.21,583.58
2016,2,26,11,30,533.0,230.0,2.0,16.0,587.0,761.75,591.58
2016,2,26,11,45,584.5,216.0,2.05,16.0,613.0,800.88,620.55
2016,2,26,12,0,636.0,202.0,2.1,16.0,639.0,843.73,651.43
2016,2,26,12,15,573.0,225.5,2.15,16.0,620.0,808.59,625.25
2016,2,26,12,30,510.0,249.0,2.2,16.0,601.0,775.71,600.95
2016,2,26,12,45,538.5,236.0,2.3,16.0,605.0,785.59,609.99
2016,2,26,13,0,567.0,223.0,2.4,16.0,609.0,792.63,616.67
2016,2,26,13,15,578.0,213.5,2.45,16.0,600.0,784.5,611.9
2016,2,26,13,30,589.0,204.0,2.5,16.0,591.0,773.56,605.29
2016,2,26,13,45,559.0,207.0,2.65,16.0,564.5,737.87,580.39
2016,2,26,14,0,529.0,210.0,2.8,16.0,538.0,701.14,554.5
2016,2,26,14,15,673.0,155.5,2.85,16.0,553.5,748.9,593.59
2016,2,26,14,30,817.0,101.0,2.9,16.0,569.0,775.89,614.29
2016,2,26,14,45,805.5,96.0,2.95,16.0,534.0,732.01,583.44
2016,2,26,15,0,794.0,91.0,3.0,16.0,499.0,686.22,551.3
2016,2,26,15,15,449.0,141.0,3.05,15.5,368.0,472.03,384.74
2016,2,26,15,30,104.0,191.0,3.1,15.0,237.0,262.46,213.55
2016,2,26,15,45,399.0,133.0,3.15,15.0,282.5,390.2,321.11
2016,2,26,16,0,694.0,75.0,3.2,15.0,328.0,466.24,381.5
2016,2,26,16,15,650.5,70.0,3.1,14.5,280.5,402.05,327.19
2016,2,26,16,30,607.0,65.0,3.0,14.0,233.0,341.09,274.5
2016,2,26,16,45,542.5,57.5,2.9,13.5,185.5,273.32,215.11
2016,2,26,17,0,478.0,50.0,2.8,13.0,138.0,212.08,160.27
2016,2,26,17,15,372.5,39.5,2.55,12.5,95.0,144.5,101.61
2016,2,26,17,30,267.0,29.0,2.3,12.0,52.0,89.51,51.78
2016,2,26,17,45,133.5,14.5,2.05,12.0,26.0,30.97,0.0
2016,2,26,18,0,0.0,0.0,1.8,12.0,0.0,0.0,0.0
2016,2,26,18,15,0.0,0.0,1.8,12.0,0.0,0.0,0.0
2016,2,26,18,30,0.0,0.0,1.8,12.0,0.0,0.0,0.0
2016,2,26,18,45,0.0,0.0,1.8,12.0,0.0,0.0,0.0
2016,2,26,19,0,0.0,0.0,1.8,12.0,0.0,0.0,0.0
2016,2,26,19,15,0.0,0.0,1.95,12.0,0.0,0.0,0.0
2016,2,26,19,30,0.0,0.0,2.1,12.0,0.0,0.0,0.0
2016,2,26,19,45,0.0,0.0,2.3,12.0,0.0,0.0,0.0
2016,2,26,20,0,0.0,0.0,2.5,12.0,0.0,0.0,0.0
2016,2,26,20,15,0.0,0.0,2.6,12.0,0.0,0.0,0.0
2016,2,26,20,30,0.0,0.0,2.7,12.0,0.0,0.0,0.0
2016,2,26,20,45,0.0,0.0,2.85,12.0,0.0,0.0,0.0
2016,2,26,21,0,0.0,0.0,3.0,12.0,0.0,0.0,0.0
2016,2,26,21,15,0.0,0.0,2.85,12.0,0.0,0.0,0.0
2016,2,26,21,30,0.0,0.0,2.7,12.0,0.0,0.0,0.0
2016,2,26,21,45,0.0,0.0,2.55,12.0,0.0,0.0,0.0
2016,2,26,22,0,0.0,0.0,2.4,12.0,0.0,0.0,0.0
2016,2,26,22,15,0.0,0.0,2.45,11.5,0.0,0.0,0.0
2016,2,26,22,30,0.0,0.0,2.5,11.0,0.0,0.0,0.0
2016,2,26,22,45,0.0,0.0,2.6,11.0,0.0,0.0,0.0
2016,2,26,23,0,0.0,0.0,2.7,11.0,0.0,0.0,0.0
2016,2,26,23,15,0.0,0.0,2.85,11.0,0.0,0.0,0.0
2016,2,26,23,30,0.0,0.0,3.0,11.0,0.0,0.0,0.0
2016,2,26,23,45,0.0,0.0,3.15,11.0,0.0,0.0,0.0
2016,2,27,0,0,0.0,0.0,3.3,11.0,0.0,0.0,0.0
2016,2,27,0,15,0.0,0.0,3.25,11.0,0.0,0.0,0.0
2016,2,27,0,30,0.0,0.0,3.2,11.0,0.0,0.0,0.0
2016,2,27,0,45,0.0,0.0,3.2,11.0,0.0,0.0,0.0
2016,2,27,1,0,0.0,0.0,3.2,11.0,0.0,0.0,0.0
2016,2,27,1,15,0.0,0.0,3.15,11.0,0.0,0.0,0.0
2016,2,27,1,30,0.0,0.0,3.1,11.0,0.0,0.0,0.0
2016,2,27,1,45,0.0,0.0,3.05,11.0,0.0,0.0,0.0
2016,2,27,2,0,0.0,0.0,3.0,11.0,0.0,0.0,0.0
2016,2,27,2,15,0.0,0.0,2.9,10.5,0.0,0.0,0.0
2016,2,27,2,30,0.0,0.0,2.8,10.0,0.0,0.0,0.0
2016,2,27,2,45,0.0,0.0,2.75,10.0,0.0,0.0,0.0
2016,2,27,3,0,0.0,0.0,2.7,10.0,0.0,0.0,0.0
2016,2,27,3,15,0.0,0.0,2.65,10.0,0.0,0.0,0.0
2016,2,27,3,30,0.0,0.0,2.6,10.0,0.0,0.0,0.0
2016,2,27,3,45,0.0,0.0,2.55,10.0,0.0,0.0,0.0
2016,2,27,4,0,0.0,0.0,2.5,10.0,0.0,0.0,0.0
2016,2,27,4,15,0.0,0.0,2.45,10.0,0.0,0.0,0.0
2016,2,27,4,30,0.0,0.0,2.4,10.0,0.0,0.0,0.0
2016,2,27,4,45,0.0,0.0,2.35,10.0,0.0,0.0,0.0
2016,2,27,5,0,0.0,0.0,2.3,10.0,0.0,0.0,0.0
2016,2,27,5,15,0.0,0.0,2.25,10.0,0.0,0.0,0.0
2016,2,27,5,30,0.0,0.0,2.2,10.0,0.0,0.0,0.0
2016,2,27,5,45,0.0,0.0,2.15,10.0,0.0,0.0,0.0
2016,2,27,6,0,0.0,0.0,2.1,10.0,0.0,0.0,0.0
2016,2,27,6,15,0.0,0.0,2.05,10.0,0.0,0.0,0.0
2016,2,27,6,30,0.0,0.0,2.0,10.0,0.0,0.0,0.0
2016,2,27,6,45,0.0,11.0,2.0,10.5,11.0,10.48,0.0
2016,2,27,7,0,0.0,22.0,2.0,11.0,22.0,20.97,0.0
2016,2,27,7,15,223.5,30.5,2.1,11.0,61.5,82.21,49.11
2016,2,27,7,30,447.0,39.0,2.2,11.0,101.0,163.19,115.53
2016,2,27,7,45,531.0,46.0,2.3,11.5,149.5,224.95,170.84
2016,2,27,8,0,615.0,53.0,2.4,12.0,198.0,295.94,233.96
2016,2,27,8,15,665.5,58.5,2.35,12.0,247.0,358.42,290.01
2016,2,27,8,30,716.0,64.0,2.3,12.0,296.0,426.51,348.99
2016,2,27,8,45,751.0,67.5,2.3,12.5,344.0,487.94,400.28
2016,2,27,9,0,786.0,71.0,2.3,13.0,392.0,551.08,451.04
2016,2,27,9,15,809.5,74.5,2.25,13.5,436.0,608.26,495.17
2016,2,27,9,30,833.0,78.0,2.2,14.0,480.0,665.28,537.6
2016,2,27,9,45,848.5,81.0,2.15,14.5,518.5,715.44,571.9
2016,2,27,10,0,864.0,84.0,2.1,15.0,557.0,764.09,604.14
2016,2,27,10,15,876.5,85.5,2.05,15.0,590.0,801.04,628.52
2016,2,27,10,30,889.0,87.0,2.0,15.0,623.0,841.03,654.84
2016,2,27,10,45,896.5,89.0,1.95,15.0,648.5,874.8,676.47
2016,2,27,11,0,904.0,91.0,1.9,15.0,674.0,905.56,695.88
2016,2,27,11,15,909.5,92.0,1.9,15.0,692.0,930.17,711.58
2016,2,27,11,30,915.0,93.0,1.9,15.0,710.0,951.34,725.04
2016,2,27,11,45,749.0,157.5,1.95,15.5,667.5,895.34,685.41
2016,2,27,12,0,583.0,222.0,2.0,16.0,625.0,812.57,626.43
2016,2,27,12,15,585.5,221.5,2.05,16.0,627.0,816.95,630.73
2016,2,27,12,30,588.0,221.0,2.1,16.0,629.0,818.72,632.42
2016,2,27,12,45,492.5,255.0,2.2,16.0,595.0,764.51,592.36
2016,2,27,13,0,397.0,289.0,2.3,16.0,561.0,696.02,542.12
2016,2,27,13,15,395.5,283.5,2.35,16.0,550.0,683.17,534.01
2016,2,27,13,30,394.0,278.0,2.4,16.0,539.0,668.7,524.25
2016,2,27,13,45,519.5,226.0,2.45,16.0,558.0,725.13,569.49
2016,2,27,14,0,645.0,174.0,2.5,16.0,577.0,766.31,602.82
2016,2,27,14,15,649.0,161.5,2.5,16.0,551.0,736.69,581.91
2016,2,27,14,30,653.0,149.0,2.5,16.0,525.0,704.3,559.3
2016,2,27,14,45,577.5,161.0,2.5,16.0,479.0,630.52,504.06
2016,2,27,15,0,502.0,173.0,2.5,16.0,433.0,566.0,454.8
2016,2,27,15,15,649.0,126.5,2.5,15.5,435.0,596.9,482.02
2016,2,27,15,30,796.0,80.0,2.5,15.0,437.0,605.62,490.9
2016,2,27,15,45,772.0,75.5,2.5,15.0,391.5,547.6,444.75
2016,2,27,16,0,748.0,71.0,2.5,15.0,346.0,489.85,397.79
2016,2,27,16,15,706.5,66.0,2.45,14.5,297.0,423.75,343.17
2016,2,27,16,30,665.0,61.0,2.4,14.0,248.0,361.9,290.07
2016,2,27,16,45,608.0,54.0,2.35,13.5,199.0,294.11,230.69
2016,2,27,17,0,551.0,47.0,2.3,13.0,150.0,231.92,174.7
2016,2,27,17,15,445.0,37.5,2.4,12.5,104.5,160.82,112.78
2016,2,27,17,30,339.0,28.0,2.5,12.0,59.0,102.31,59.99
2016,2,27,17,45,169.5,14.0,2.6,12.0,29.5,38.92,0.0
2016,2,27,18,0,0.0,0.0,2.7,12.0,0.0,0.0,0.0
2016,2,27,18,15,0.0,0.0,2.75,11.5,0.0,0.0,0.0
2016,2,27,18,30,0.0,0.0,2.8,11.0,0.0,0.0,0.0
2016,2,27,18,45,0.0,0.0,2.9,11.0,0.0,0.0,0.0
2016,2,27,19,0,0.0,0.0,3.0,11.0,0.0,0.0,0.0
2016,2,27,19,15,0.0,0.0,3.1,11.0,0.0,0.0,0.0
2016,2,27,19,30,0.0,0.0,3.2,11.0,0.0,0.0,0.0
2016,2,27,19,45,0.0,0.0,3.35,11.0,0.0,0.0,0.0
2016,2,27,20,0,0.0,0.0,3.5,11.0,0.0,0.0,0.0
2016,2,27,20,15,0.0,0.0,3.45,11.0,0.0,0.0,0.0
2016,2,27,20,30,0.0,0.0,3.4,11.0,0.0,0.0,0.0
2016,2,27,20,45,0.0,0.0,3.35,11.0,0.0,0.0,0.0
2016,2,27,21,0,0.0,0.0,3.3,11.0,0.0,0.0,0.0
2016,2,27,21,15,0.0,0.0,3.15,11.0,0.0,0.0,0.0
2016,2,27,21,30,0.0,0.0,3.0,11.0,0.0,0.0,0.0
2016,2,27,21,45,0.0,0.0,2.85,11.0,0.0,0.0,0.0
2016,2,27,22,0,0.0,0.0,2.7,11.0,0.0,0.0,0.0
2016,2,27,22,15,0.0,0.0,2.75,10.5,0.0,0.0,0.0
2016,2,27,22,30,0.0,0.0,2.8,10.0,0.0,0.0,0.0
2016,2,27,22,45,0.0,0.0,2.85,10.0,0.0,0.0,0.0
2016,2,27,23,0,0.0,0.0,2.9,10.0,0.0,0.0,0.0
2016,2,27,23,15,0.0,0.0,2.9,10.0,0.0,0.0,0.0
2016,2,27,23,30,0.0,0.0,2.9,10.0,0.0,0.0,0.0
2016,2,27,23,45,0.0,0.0,2.95,10.0,0.0,0.0,0.0
2016,2,28,0,0,0.0,0.0,3.0,10.0,0.0,0.0,0.0
2016,2,28,0,15,0.0,0.0,2.9,10.0,0.0,0.0,0.0
2016,2,28,0,30,0.0,0.0,2.8,10.0,0.0,0.0,0.0
2016,2,28,0,45,0.0,0.0,2.7,10.0,0.0,0.0,0.0
2016,2,28,1,0,0.0,0.0,2.6,10.0,0.0,0.0,0.0
2016,2,28,1,15,0.0,0.0,2.55,10.0,0.0,0.0,0.0
2016,2,28,1,30,0.0,0.0,2.5,10.0,0.0,0.0,0.0
2016,2,28,1,45,0.0,0.0,2.5,10.0,0.0,0.0,0.0
2016,2,28,2,0,0.0,0.0,2.5,10.0,0.0,0.0,0.0
2016,2,28,2,15,0.0,0.0,2.5,10.0,0.0,0.0,0.0
2016,2,28,2,30,0.0,0.0,2.5,10.0,0.0,0.0,0.0
2016,2,28,2,45,0.0,0.0,2.5,10.0,0.0,0.0,0.0
2016,2,28,3,0,0.0,0.0,2.5,10.0,0.0,0.0,0.0
2016,2,28,3,15,0.0,0.0,2.45,10.0,0.0,0.0,0.0
2016,2,28,3,30,0.0,0.0,2.4,10.0,0.0,0.0,0.0
2016,2,28,3,45,0.0,0.0,2.4,10.0,0.0,0.0,0.0
2016,2,28,4,0,0.0,0.0,2.4,10.0,0.0,0.0,0.0
2016,2,28,4,15,0.0,0.0,2.4,9.5,0.0,0.0,0.0
2016,2,28,4,30,0.0,0.0,2.4,9.0,0.0,0.0,0.0
2016,2,28,4,45,0.0,0.0,2.4,9.0,0.0,0.0,0.0
2016,2,28,5,0,0.0,0.0,2.4,9.0,0.0,0.0,0.0
2016,2,28,5,15,0.0,0.0,2.45,9.0,0.0,0.0,0.0
2016,2,28,5,30,0.0,0.0,2.5,9.0,0.0,0.0,0.0
2016,2,28,5,45,0.0,0.0,2.6,9.0,0.0,0.0,0.0
2016,2,28,6,0,0.0,0.0,2.7,9.0,0.0,0.0,0.0
2016,2,28,6,15,0.0,0.0,2.7,9.5,0.0,0.0,0.0
2016,2,28,6,30,0.0,0.0,2.7,10.0,0.0,0.0,0.0
2016,2,28,6,45,0.0,3.5,2.75,10.5,3.5,3.34,0.0
2016,2,28,7,0,0.0,7.0,2.8,11.0,7.0,6.48,0.0
2016,2,28,7,15,0.0,18.5,2.85,11.0,18.5,17.16,7.86
2016,2,28,7,30,0.0,30.0,2.9,11.0,30.0,27.85,17.89
2016,2,28,7,45,0.0,44.5,3.0,11.5,44.5,41.45,29.88
2016,2,28,8,0,0.0,59.0,3.1,12.0,59.0,55.35,42.01
2016,2,28,8,15,0.0,73.5,3.05,12.0,73.5,69.28,54.09
2016,2,28,8,30,0.0,88.0,3.0,12.0,88.0,83.26,66.02
2016,2,28,8,45,0.0,102.0,2.95,12.5,102.0,96.79,77.25
2016,2,28,9,0,0.0,116.0,2.9,13.0,116.0,110.38,88.34
2016,2,28,9,15,20.5,156.5,2.8,13.0,167.0,164.28,133.51
2016,2,28,9,30,41.0,197.0,2.7,13.0,218.0,229.46,187.1
2016,2,28,9,45,164.0,218.0,2.65,13.5,308.0,352.3,288.08
2016,2,28,10,0,287.0,239.0,2.6,14.0,398.0,486.47,394.02
2016,2,28,10,15,332.0,244.5,2.55,14.0,438.5,539.1,434.0
2016,2,28,10,30,377.0,250.0,2.5,14.0,479.0,593.59,475.18
2016,2,28,10,45,439.0,241.5,2.5,14.5,518.5,660.56,524.55
2016,2,28,11,0,501.0,233.0,2.5,15.0,558.0,717.72,565.92
2016,2,28,11,15,533.5,227.5,2.55,15.0,582.5,752.08,591.02
2016,2,28,11,30,566.0,222.0,2.6,15.0,607.0,785.24,615.3
2016,2,28,11,45,555.5,230.0,2.65,15.5,612.0,791.92,618.29
2016,2,28,12,0,545.0,238.0,2.7,16.0,617.0,795.92,619.64
2016,2,28,12,15,370.0,288.0,2.75,16.0,546.0,675.26,528.32
2016,2,28,12,30,195.0,338.0,2.8,16.0,475.0,553.09,433.81
2016,2,28,12,45,290.0,316.0,2.9,16.0,517.5,630.37,495.13
2016,2,28,13,0,385.0,294.0,3.0,16.0,560.0,691.0,542.48
2016,2,28,13,15,377.5,292.5,3.05,16.0,548.5,677.32,532.34
2016,2,28,13,30,370.0,291.0,3.1,16.0,537.0,662.24,521.69
2016,2,28,13,45,415.0,265.5,3.15,16.0,533.5,664.9,525.92
2016,2,28,14,0,460.0,240.0,3.2,16.0,530.0,676.44,536.25
2016,2,28,14,15,535.0,202.0,3.2,15.5,524.0,682.73,544.6
2016,2,28,14,30,610.0,164.0,3.2,15.0,518.0,687.16,551.32
2016,2,28,14,45,326.0,188.5,3.25,15.0,376.5,458.87,372.79
2016,2,28,15,0,42.0,213.0,3.3,15.0,235.0,248.69,200.36
2016,2,28,15,15,90.0,204.5,3.3,15.0,247.0,271.04,220.59
2016,2,28,15,30,138.0,196.0,3.3,15.0,259.0,297.44,242.99
2016,2,28,15,45,178.0,173.5,3.3,15.0,245.5,289.61,237.31
2016,2,28,16,0,218.0,151.0,3.3,15.0,232.0,284.68,233.34
2016,2,28,16,15,194.5,134.0,3.3,14.5,199.0,236.52,193.4
2016,2,28,16,30,171.0,117.0,3.3,14.0,166.0,197.8,160.54
2016,2,28,16,45,151.0,96.0,3.3,13.5,133.0,158.31,126.4
2016,2,28,17,0,131.0,75.0,3.3,13.0,100.0,121.01,93.6
2016,2,28,17,15,95.5,54.5,3.3,12.5,69.5,82.64,60.29
2016,2,28,17,30,60.0,34.0,3.3,12.0,39.0,48.41,29.89
2016,2,28,17,45,30.0,17.0,3.3,12.0,19.5,21.12,0.0
2016,2,28,18,0,0.0,0.0,3.3,12.0,0.0,0.0,0.0
2016,2,28,18,15,0.0,0.0,3.3,12.0,0.0,0.0,0.0
2016,2,28,18,30,0.0,0.0,3.3,12.0,0.0,0.0,0.0
2016,2,28,18,45,0.0,0.0,3.3,12.0,0.0,0.0,0.0
2016,2,28,19,0,0.0,0.0,3.3,12.0,0.0,0.0,0.0
2016,2,28,19,15,0.0,0.0,3.3,11.5,0.0,0.0,0.0
2016,2,28,19,30,0.0,0.0,3.3,11.0,0.0,0.0,0.0
2016,2,28,19,45,0.0,0.0,3.35,11.0,0.0,0.0,0.0
2016,2,28,20,0,0.0,0.0,3.4,11.0,0.0,0.0,0.0
2016,2,28,20,15,0.0,0.0,3.4,10.5,0.0,0.0,0.0
2016,2,28,20,30,0.0,0.0,3.4,10.0,0.0,0.0,0.0
2016,2,28,20,45,0.0,0.0,3.45,10.0,0.0,0.0,0.0
2016,2,28,21,0,0.0,0.0,3.5,10.0,0.0,0.0,0.0
2016,2,28,21,15,0.0,0.0,3.35,10.0,0.0,0.0,0.0
2016,2,28,21,30,0.0,0.0,3.2,10.0,0.0,0.0,0.0
2016,2,28,21,45,0.0,0.0,3.1,10.0,0.0,0.0,0.0
2016,2,28,22,0,0.0,0.0,3.0,10.0,0.0,0.0,0.0
2016,2,28,22,15,0.0,0.0,2.85,10.0,0.0,0.0,0.0
2016,2,28,22,30,0.0,0.0,2.7,10.0,0.0,0.0,0.0
2016,2,28,22,45,0.0,0.0,2.6,10.0,0.0,0.0,0.0
2016,2,28,23,0,0.0,0.0,2.5,10.0,0.0,0.0,0.0
2016,2,28,23,15,0.0,0.0,2.45,10.0,0.0,0.0,0.0
2016,2,28,23,30,0.0,0.0,2.4,10.0,0.0,0.0,0.0
2016,2,28,23,45,0.0,0.0,2.4,10.0,0.0,0.0,0.0
2016,2,29,0,0,0.0,0.0,2.4,10.0,0.0,0.0,0.0
2016,2,29,0,15,0.0,0.0,2.35,10.0,0.0,0.0,0.0
2016,2,29,0,30,0.0,0.0,2.3,10.0,0.0,0.0,0.0
2016,2,29,0,45,0.0,0.0,2.3,10.0,0.0,0.0,0.0
2016,2,29,1,0,0.0,0.0,2.3,10.0,0.0,0.0,0.0
2016,2,29,1,15,0.0,0.0,2.25,10.0,0.0,0.0,0.0
2016,2,29,1,30,0.0,0.0,2.2,10.0,0.0,0.0,0.0
2016,2,29,1,45,0.0,0.0,2.2,10.0,0.0,0.0,0.0
2016,2,29,2,0,0.0,0.0,2.2,10.0,0.0,0.0,0.0
2016,2,29,2,15,0.0,0.0,2.15,9.5,0.0,0.0,0.0
2016,2,29,2,30,0.0,0.0,2.1,9.0,0.0,0.0,0.0
2016,2,29,2,45,0.0,0.0,2.1,9.0,0.0,0.0,0.0
2016,2,29,3,0,0.0,0.0,2.1,9.0,0.0,0.0,0.0
2016,2,29,3,15,0.0,0.0,2.1,9.0,0.0,0.0,0.0
2016,2,29,3,30,0.0,0.0,2.1,9.0,0.0,0.0,0.0
2016,2,29,3,45,0.0,0.0,2.1,9.0,0.0,0.0,0.0
2016,2,29,4,0,0.0,0.0,2.1,9.0,0.0,0.0,0.0
2016,2,29,4,15,0.0,0.0,2.1,9.0,0.0,0.0,0.0
2016,2,29,4,30,0.0,0.0,2.1,9.0,0.0,0.0,0.0
2016,2,29,4,45,0.0,0.0,2.1,9.0,0.0,0.0,0.0
2016,2,29,5,0,0.0,0.0,2.1,9.0,0.0,0.0,0.0
2016,2,29,5,15,0.0,0.0,2.1,9.0,0.0,0.0,0.0
2016,2,29,5,30,0.0,0.0,2.1,9.0,0.0,0.0,0.0
2016,2,29,5,45,0.0,0.0,2.15,9.0,0.0,0.0,0.0
2016,2,29,6,0,0.0,0.0,2.2,9.0,0.0,0.0,0.0
2016,2,29,6,15,0.0,0.0,2.25,9.0,0.0,0.0,0.0
2016,2,29,6,30,0.0,0.0,2.3,9.0,0.0,0.0,0.0
2016,2,29,6,45,94.5,9.0,2.35,9.5,13.5,15.87,0.0
2016,2,29,7,0,189.0,18.0,2.4,10.0,27.0,47.8,0.18
2016,2,29,7,15,321.5,30.0,2.45,10.5,68.0,103.12,65.13
2016,2,29,7,30,454.0,42.0,2.5,11.0,109.0,171.0,123.15
2016,2,29,7,45,541.5,48.5,2.6,11.5,158.5,234.49,179.81
2016,2,29,8,0,629.0,55.0,2.7,12.0,208.0,307.59,244.55
2016,2,29,8,15,677.5,60.0,2.7,12.5,258.0,370.04,299.99
2016,2,29,8,30,726.0,65.0,2.7,13.0,308.0,437.69,357.86
2016,2,29,8,45,759.0,69.0,2.7,13.5,356.5,499.41,409.1
2016,2,29,9,0,792.0,73.0,2.7,14.0,405.0,562.64,459.67
2016,2,29,9,15,815.0,76.5,2.65,14.5,449.0,620.0,503.79
2016,2,29,9,30,838.0,80.0,2.6,15.0,493.0,677.11,546.09
2016,2,29,9,45,848.5,84.5,2.55,15.5,530.5,725.7,579.03
2016,2,29,10,0,859.0,89.0,2.5,16.0,568.0,772.37,609.92
2016,2,29,10,15,871.0,91.0,2.4,16.0,600.5,815.16,638.26
2016,2,29,10,30,883.0,93.0,2.3,16.0,633.0,849.35,660.08
2016,2,29,10,45,893.0,93.5,2.25,16.5,659.0,883.39,680.77
2016,2,29,11,0,903.0,94.0,2.2,17.0,685.0,914.53,699.19
2016,2,29,11,15,909.0,95.0,2.1,17.0,703.5,939.53,714.07
2016,2,29,11,30,915.0,96.0,2.0,17.0,722.0,961.1,726.58
2016,2,29,11,45,923.0,94.0,1.95,17.0,733.0,977.52,736.24
2016,2,29,12,0,931.0,92.0,1.9,17.0,744.0,990.28,743.58
2016,2,29,12,15,932.0,92.0,1.9,17.0,746.5,994.96,746.37
2016,2,29,12,30,933.0,92.0,1.9,17.0,749.0,995.74,746.84
2016,2,29,12,45,776.0,150.0,1.9,17.5,693.5,922.96,697.02
2016,2,29,13,0,619.0,208.0,1.9,18.0,638.0,833.32,635.44
2016,2,29,13,15,616.0,205.0,1.85,18.0,625.5,818.83,626.21
2016,2,29,13,30,613.0,202.0,1.8,18.0,613.0,801.7,614.4
2016,2,29,13,45,610.5,194.5,1.8,18.5,593.0,777.76,597.35
2016,2,29,14,0,608.0,187.0,1.8,19.0,573.0,751.36,578.6
2016,2,29,14,15,746.5,136.5,1.75,19.0,588.5,792.91,609.25
2016,2,29,14,30,885.0,86.0,1.7,19.0,604.0,812.28,622.93
2016,2,29,14,45,862.5,86.5,1.65,19.0,566.0,769.39,593.59
2016,2,29,15,0,840.0,87.0,1.6,19.0,528.0,719.45,559.59
2016,2,29,15,15,819.5,84.0,1.5,19.0,486.5,665.9,521.88
2016,2,29,15,30,799.0,81.0,1.4,19.0,445.0,611.6,481.27
2016,2,29,15,45,766.5,78.0,1.3,19.0,398.0,549.81,433.98
2016,2,29,16,0,734.0,75.0,1.2,19.0,351.0,489.12,386.22
2016,2,29,16,15,693.0,70.0,1.1,18.5,302.0,425.03,335.06
2016,2,29,16,30,652.0,65.0,1.0,18.0,253.0,362.43,283.32
2016,2,29,16,45,582.5,59.0,0.95,18.0,203.0,291.42,223.39
2016,2,29,17,0,513.0,53.0,0.9,18.0,153.0,227.44,168.1
2016,2,29,17,15,412.0,42.5,0.85,17.5,107.5,158.32,109.88
2016,2,29,17,30,311.0,32.0,0.8,17.0,62.0,101.22,61.41
2016,2,29,17,45,155.5,16.0,0.8,17.0,31.0,39.95,0.0
2016,2,29,18,0,0.0,0.0,0.8,17.0,0.0,0.0,0.0
2016,2,29,18,15,0.0,0.0,0.75,17.0,0.0,0.0,0.0
2016,2,29,18,30,0.0,0.0,0.7,17.0,0.0,0.0,0.0
2016,2,29,18,45,0.0,0.0,0.7,17.0,0.0,0.0,0.0
2016,2,29,19,0,0.0,0.0,0.7,17.0,0.0,0.0,0.0
2016,2,29,19,15,0.0,0.0,0.7,16.5,0.0,0.0,0.0
2016,2,29,19,30,0.0,0.0,0.7,16.0,0.0,0.0,0.0
2016,2,29,19,45,0.0,0.0,0.7,16.0,0.0,0.0,0.0
2016,2,29,20,0,0.0,0.0,0.7,16.0,0.0,0.0,0.0
2016,2,29,20,15,0.0,0.0,0.75,16.0,0.0,0.0,0.0
2016,2,29,20,30,0.0,0.0,0.8,16.0,0.0,0.0,0.0
2016,2,29,20,45,0.0,0.0,0.9,16.0,0.0,0.0,0.0
2016,2,29,21,0,0.0,0.0,1.0,16.0,0.0,0.0,0.0
2016,2,29,21,15,0.0,0.0,1.05,15.5,0.0,0.0,0.0
2016,2,29,21,30,0.0,0.0,1.1,15.0,0.0,0.0,0.0
2016,2,29,21,45,0.0,0.0,1.15,15.0,0.0,0.0,0.0
2016,2,29,22,0,0.0,0.0,1.2,15.0,0.0,0.0,0.0
2016,2,29,22,15,0.0,0.0,1.2,14.5,0.0,0.0,0.0
2016,2,29,22,30,0.0,0.0,1.2,14.0,0.0,0.0,0.0
2016,2,29,22,45,0.0,0.0,1.2,14.0,0.0,0.0,0.0
2016,2,29,23,0,0.0,0.0,1.2,14.0,0.0,0.0,0.0
2016,2,29,23,15,0.0,0.0,1.2,13.5,0.0,0.0,0.0
2016,2,29,23,30,0.0,0.0,1.2,13.0,0.0,0.0,0.0
2016,2,29,23,45,0.0,0.0,1.25,13.0,0.0,0.0,0.0
2016,3,1,0,0,0.0,0.0,1.3,13.0,0.0,0.0,0.0
2016,3,1,0,15,0.0,0.0,1.25,13.0,0.0,0.0,0.0
2016,3,1,0,30,0.0,0.0,1.2,13.0,0.0,0.0,0.0
2016,3,1,0,45,0.0,0.0,1.15,13.0,0.0,0.0,0.0
2016,3,1,1,0,0.0,0.0,1.1,13.0,0.0,0.0,0.0
2016,3,1,1,15,0.0,0.0,1.0,13.0,0.0,0.0,0.0
2016,3,1,1,30,0.0,0.0,0.9,13.0,0.0,0.0,0.0
2016,3,1,1,45,0.0,0.0,0.85,13.0,0.0,0.0,0.0
2016,3,1,2,0,0.0,0.0,0.8,13.0,0.0,0.0,0.0
2016,3,1,2,15,0.0,0.0,0.8,13.0,0.0,0.0,0.0
2016,3,1,2,30,0.0,0.0,0.8,13.0,0.0,0.0,0.0
2016,3,1,2,45,0.0,0.0,0.8,13.0,0.0,0.0,0.0
2016,3,1,3,0,0.0,0.0,0.8,13.0,0.0,0.0,0.0
2016,3,1,3,15,0.0,0.0,0.85,12.5,0.0,0.0,0.0
2016,3,1,3,30,0.0,0.0,0.9,12.0,0.0,0.0,0.0
2016,3,1,3,45,0.0,0.0,0.95,12.0,0.0,0.0,0.0
2016,3,1,4,0,0.0,0.0,1.0,12.0,0.0,0.0,0.0
2016,3,1,4,15,0.0,0.0,1.1,12.0,0.0,0.0,0.0
2016,3,1,4,30,0.0,0.0,1.2,12.0,0.0,0.0,0.0
2016,3,1,4,45,0.0,0.0,1.3,12.0,0.0,0.0,0.0
2016,3,1,5,0,0.0,0.0,1.4,12.0,0.0,0.0,0.0
2016,3,1,5,15,0.0,0.0,1.5,11.5,0.0,0.0,0.0
2016,3,1,5,30,0.0,0.0,1.6,11.0,0.0,0.0,0.0
2016,3,1,5,45,0.0,0.0,1.75,11.0,0.0,0.0,0.0
2016,3,1,6,0,0.0,0.0,1.9,11.0,0.0,0.0,0.0
2016,3,1,6,15,0.0,0.0,1.95,11.0,0.0,0.0,0.0
2016,3,1,6,30,0.0,0.0,2.0,11.0,0.0,0.0,0.0
2016,3,1,6,45,110.5,10.0,2.15,11.5,15.5,18.26,0.0
2016,3,1,7,0,221.0,20.0,2.3,12.0,31.0,55.07,9.45
2016,3,1,7,15,352.5,31.0,2.35,12.5,73.5,110.99,70.48
2016,3,1,7,30,484.0,42.0,2.4,13.0,116.0,179.84,128.92
2016,3,1,7,45,564.0,49.0,2.5,13.5,166.5,243.48,185.64
2016,3,1,8,0,644.0,56.0,2.6,14.0,217.0,315.84,249.43
2016,3,1,8,15,691.5,61.5,2.5,14.0,267.0,379.42,305.66
2016,3,1,8,30,739.0,67.0,2.4,14.0,317.0,448.05,364.15
2016,3,1,8,45,722.5,74.5,2.35,14.5,349.0,487.45,397.15
2016,3,1,9,0,706.0,82.0,2.3,15.0,381.0,524.94,427.09
2016,3,1,9,15,662.5,105.5,2.35,15.0,409.0,558.39,453.13
2016,3,1,9,30,619.0,129.0,2.4,15.0,437.0,585.39,473.27
2016,3,1,9,45,670.0,125.0,2.45,15.5,482.0,645.65,518.59
2016,3,1,10,0,721.0,121.0,2.5,16.0,527.0,707.43,562.98
2016,3,1,10,15,818.5,102.0,2.5,16.0,587.5,787.66,619.63
2016,3,1,10,30,916.0,83.0,2.5,16.0,648.0,867.53,674.54
2016,3,1,10,45,926.0,83.5,2.55,16.5,674.5,902.47,696.25
2016,3,1,11,0,936.0,84.0,2.6,17.0,701.0,934.39,716.14
2016,3,1,11,15,941.5,84.5,2.55,17.0,719.5,958.99,731.41
2016,3,1,11,30,947.0,85.0,2.5,17.0,738.0,980.02,744.32
2016,3,1,11,45,952.5,84.5,2.5,17.0,749.0,996.18,754.52
2016,3,1,12,0,958.0,84.0,2.5,17.0,760.0,1008.51,762.32
2016,3,1,12,15,958.5,84.0,2.5,17.0,762.0,1012.77,764.88
2016,3,1,12,30,959.0,84.0,2.5,17.0,764.0,1013.02,765.01
2016,3,1,12,45,957.5,84.0,2.5,17.0,758.0,1007.37,761.4
2016,3,1,13,0,956.0,84.0,2.5,17.0,752.0,997.76,755.34
2016,3,1,13,15,951.5,83.0,2.5,17.0,737.0,980.3,744.16
2016,3,1,13,30,947.0,82.0,2.5,17.0,722.0,959.11,730.61
2016,3,1,13,45,941.0,81.0,2.55,17.0,699.5,932.96,714.23
2016,3,1,14,0,935.0,80.0,2.6,17.0,677.0,903.41,695.48
2016,3,1,14,15,924.0,78.5,2.6,16.5,646.5,865.87,671.92
2016,3,1,14,30,913.0,77.0,2.6,16.0,616.0,825.59,646.19
2016,3,1,14,45,899.5,75.0,2.6,16.0,579.0,780.32,615.36
2016,3,1,15,0,886.0,73.0,2.6,16.0,542.0,733.0,582.66
2016,3,1,15,15,866.0,70.5,2.55,16.0,499.5,678.88,544.18
2016,3,1,15,30,846.0,68.0,2.5,16.0,457.0,623.88,502.78
2016,3,1,15,45,818.0,65.5,2.5,16.0,410.0,566.88,458.08
2016,3,1,16,0,790.0,63.0,2.5,16.0,363.0,506.7,409.56
2016,3,1,16,15,751.0,59.0,2.3,15.5,313.0,440.42,354.85
2016,3,1,16,30,712.0,55.0,2.1,15.0,263.0,376.69,300.38
2016,3,1,16,45,650.0,50.0,1.95,14.5,212.5,306.22,239.21
2016,3,1,17,0,588.0,45.0,1.8,14.0,162.0,241.77,181.73
2016,3,1,17,15,490.0,37.0,1.7,13.5,115.0,172.52,121.29
2016,3,1,17,30,392.0,29.0,1.6,13.0,68.0,113.9,70.01
2016,3,1,17,45,196.0,14.5,1.55,13.0,34.0,43.96,0.22
2016,3,1,18,0,0.0,0.0,1.5,13.0,0.0,0.0,0.0
2016,3,1,18,15,0.0,0.0,1.45,12.5,0.0,0.0,0.0
2016,3,1,18,30,0.0,0.0,1.4,12.0,0.0,0.0,0.0
2016,3,1,18,45,0.0,0.0,1.35,12.0,0.0,0.0,0.0
2016,3,1,19,0,0.0,0.0,1.3,12.0,0.0,0.0,0.0
2016,3,1,19,15,0.0,0.0,1.35,12.0,0.0,0.0,0.0
2016,3,1,19,30,0.0,0.0,1.4,12.0,0.0,0.0,0.0
2016,3,1,19,45,0.0,0.0,1.45,12.0,0.0,0.0,0.0
2016,3,1,20,0,0.0,0.0,1.5,12.0,0.0,0.0,0.0
2016,3,1,20,15,0.0,0.0,1.55,12.0,0.0,0.0,0.0
2016,3,1,20,30,0.0,0.0,1.6,12.0,0.0,0.0,0.0
2016,3,1,20,45,0.0,0.0,1.7,12.0,0.0,0.0,0.0
2016,3,1,21,0,0.0,0.0,1.8,12.0,0.0,0.0,0.0
2016,3,1,21,15,0.0,0.0,1.75,12.0,0.0,0.0,0.0
2016,3,1,21,30,0.0,0.0,1.7,12.0,0.0,0.0,0.0
2016,3,1,21,45,0.0,0.0,1.7,12.0,0.0,0.0,0.0
2016,3,1,22,0,0.0,0.0,1.7,12.0,0.0,0.0,0.0
2016,3,1,22,15,0.0,0.0,1.6,12.0,0.0,0.0,0.0
2016,3,1,22,30,0.0,0.0,1.5,12.0,0.0,0.0,0.0
2016,3,1,22,45,0.0,0.0,1.4,12.0,0.0,0.0,0.0
2016,3,1,23,0,0.0,0.0,1.3,12.0,0.0,0.0,0.0
2016,3,1,23,15,0.0,0.0,1.15,12.0,0.0,0.0,0.0
2016,3,1,23,30,0.0,0.0,1.0,12.0,0.0,0.0,0.0
2016,3,1,23,45,0.0,0.0,0.85,12.0,0.0,0.0,0.0
2016,3,2,0,0,0.0,0.0,0.7,12.0,0.0,0.0,0.0
2016,3,2,0,15,0.0,0.0,0.6,12.0,0.0,0.0,0.0
2016,3,2,0,30,0.0,0.0,0.5,12.0,0.0,0.0,0.0
2016,3,2,0,45,0.0,0.0,0.45,12.0,0.0,0.0,0.0
2016,3,2,1,0,0.0,0.0,0.4,12.0,0.0,0.0,0.0
2016,3,2,1,15,0.0,0.0,0.4,12.0,0.0,0.0,0.0
2016,3,2,1,30,0.0,0.0,0.4,12.0,0.0,0.0,0.0
2016,3,2,1,45,0.0,0.0,0.45,12.0,0.0,0.0,0.0
2016,3,2,2,0,0.0,0.0,0.5,12.0,0.0,0.0,0.0
2016,3,2,2,15,0.0,0.0,0.55,12.0,0.0,0.0,0.0
2016,3,2,2,30,0.0,0.0,0.6,12.0,0.0,0.0,0.0
2016,3,2,2,45,0.0,0.0,0.7,12.0,0.0,0.0,0.0
2016,3,2,3,0,0.0,0.0,0.8,12.0,0.0,0.0,0.0
2016,3,2,3,15,0.0,0.0,0.85,12.0,0.0,0.0,0.0
2016,3,2,3,30,0.0,0.0,0.9,12.0,0.0,0.0,0.0
2016,3,2,3,45,0.0,0.0,0.95,12.0,0.0,0.0,0.0
2016,3,2,4,0,0.0,0.0,1.0,12.0,0.0,0.0,0.0
2016,3,2,4,15,0.0,0.0,1.05,12.0,0.0,0.0,0.0
2016,3,2,4,30,0.0,0.0,1.1,12.0,0.0,0.0,0.0
2016,3,2,4,45,0.0,0.0,1.2,12.0,0.0,0.0,0.0
2016,3,2,5,0,0.0,0.0,1.3,12.0,0.0,0.0,0.0
2016,3,2,5,15,0.0,0.0,1.4,12.0,0.0,0.0,0.0
2016,3,2,5,30,0.0,0.0,1.5,12.0,0.0,0.0,0.0
2016,3,2,5,45,0.0,0.0,1.6,12.0,0.0,0.0,0.0
2016,3,2,6,0,0.0,0.0,1.7,12.0,0.0,0.0,0.0
2016,3,2,6,15,0.0,0.0,1.8,12.0,0.0,0.0,0.0
2016,3,2,6,30,0.0,0.0,1.9,12.0,0.0,0.0,0.0
2016,3,2,6,45,119.0,10.0,2.05,12.0,17.0,19.15,0.0
2016,3,2,7,0,238.0,20.0,2.2,12.0,34.0,58.4,16.62
2016,3,2,7,15,363.5,30.5,2.3,12.5,76.0,113.41,72.68
2016,3,2,7,30,489.0,41.0,2.4,13.0,118.0,181.17,130.31
2016,3,2,7,45,275.5,70.0,2.5,13.5,116.5,171.52,132.99
2016,3,2,8,0,62.0,99.0,2.6,14.0,115.0,123.45,98.45
2016,3,2,8,15,71.0,119.5,2.5,14.0,141.5,151.92,123.02
2016,3,2,8,30,80.0,140.0,2.4,14.0,168.0,181.41,147.89
2016,3,2,8,45,212.5,151.0,2.3,14.5,239.0,282.96,232.04
2016,3,2,9,0,345.0,162.0,2.2,15.0,310.0,385.36,314.83
2016,3,2,9,15,588.0,121.0,2.2,15.0,404.0,528.75,429.8
2016,3,2,9,30,831.0,80.0,2.2,15.0,498.0,676.38,543.8
2016,3,2,9,45,692.0,128.5,2.25,15.5,494.5,667.2,532.85
2016,3,2,10,0,553.0,177.0,2.3,16.0,491.0,635.92,506.05
2016,3,2,10,15,719.5,133.5,2.35,16.0,566.0,748.49,590.77
2016,3,2,10,30,886.0,90.0,2.4,16.0,641.0,852.63,663.39
2016,3,2,10,45,824.5,116.5,2.5,16.5,645.5,861.24,666.96
2016,3,2,11,0,763.0,143.0,2.6,17.0,650.0,861.01,665.37
2016,3,2,11,15,652.5,190.0,2.7,17.0,632.0,828.69,642.64
2016,3,2,11,30,542.0,237.0,2.8,17.0,614.0,784.04,608.96
2016,3,2,11,45,486.0,265.0,2.95,17.0,606.0,769.34,597.58
2016,3,2,12,0,430.0,293.0,3.1,17.0,598.0,750.91,583.19
2016,3,2,12,15,439.5,289.5,3.2,17.0,602.0,758.1,589.19
2016,3,2,12,30,449.0,286.0,3.3,17.0,606.0,763.22,593.59
2016,3,2,12,45,390.5,301.0,3.4,17.0,578.0,709.24,553.72
2016,3,2,13,0,332.0,316.0,3.5,17.0,550.0,667.7,522.5
2016,3,2,13,15,316.5,320.0,3.5,16.5,539.0,653.28,512.85
2016,3,2,13,30,301.0,324.0,3.5,16.0,528.0,637.92,502.33
2016,3,2,13,45,165.5,290.5,3.5,16.0,402.5,460.11,365.86
2016,3,2,14,0,30.0,257.0,3.5,16.0,277.0,289.33,229.79
2016,3,2,14,15,65.0,264.0,3.45,16.0,304.0,325.89,260.65
2016,3,2,14,30,100.0,271.0,3.4,16.0,331.0,360.37,289.0
2016,3,2,14,45,210.5,246.5,3.4,16.0,362.0,425.17,343.1
2016,3,2,15,0,321.0,222.0,3.4,16.0,393.0,480.15,388.36
2016,3,2,15,15,185.0,206.0,3.35,15.5,302.5,345.76,281.07
2016,3,2,15,30,49.0,190.0,3.3,15.0,212.0,224.71,181.97
2016,3,2,15,45,91.5,175.5,3.3,15.0,212.5,232.58,189.73
2016,3,2,16,0,134.0,161.0,3.3,15.0,213.0,242.88,198.57
2016,3,2,16,15,119.0,142.0,3.15,14.5,183.5,208.09,169.76
2016,3,2,16,30,104.0,123.0,3.0,14.0,154.0,174.84,141.83
2016,3,2,16,45,94.0,101.0,2.95,14.0,125.0,141.76,113.29
2016,3,2,17,0,84.0,79.0,2.9,14.0,96.0,109.81,85.3
2016,3,2,17,15,60.5,57.5,2.8,13.5,68.0,76.14,56.25
2016,3,2,17,30,37.0,36.0,2.7,13.0,40.0,45.25,29.51
2016,3,2,17,45,18.5,18.0,2.6,13.0,20.0,19.65,0.22
2016,3,2,18,0,0.0,0.0,2.5,13.0,0.0,0.0,0.0
2016,3,2,18,15,0.0,0.0,2.5,12.5,0.0,0.0,0.0
2016,3,2,18,30,0.0,0.0,2.5,12.0,0.0,0.0,0.0
2016,3,2,18,45,0.0,0.0,2.5,12.0,0.0,0.0,0.0
2016,3,2,19,0,0.0,0.0,2.5,12.0,0.0,0.0,0.0
2016,3,2,19,15,0.0,0.0,2.5,12.0,0.0,0.0,0.0
2016,3,2,19,30,0.0,0.0,2.5,12.0,0.0,0.0,0.0
2016,3,2,19,45,0.0,0.0,2.55,12.0,0.0,0.0,0.0
2016,3,2,20,0,0.0,0.0,2.6,12.0,0.0,0.0,0.0
2016,3,2,20,15,0.0,0.0,2.65,12.0,0.0,0.0,0.0
2016,3,2,20,30,0.0,0.0,2.7,12.0,0.0,0.0,0.0
2016,3,2,20,45,0.0,0.0,2.8,12.0,0.0,0.0,0.0
2016,3,2,21,0,0.0,0.0,2.9,12.0,0.0,0.0,0.0
2016,3,2,21,15,0.0,0.0,2.9,12.0,0.0,0.0,0.0
2016,3,2,21,30,0.0,0.0,2.9,12.0,0.0,0.0,0.0
2016,3,2,21,45,0.0,0.0,2.95,12.0,0.0,0.0,0.0
2016,3,2,22,0,0.0,0.0,3.0,12.0,0.0,0.0,0.0
2016,3,2,22,15,0.0,0.0,3.0,12.0,0.0,0.0,0.0
2016,3,2,22,30,0.0,0.0,3.0,12.0,0.0,0.0,0.0
2016,3,2,22,45,0.0,0.0,3.0,12.0,0.0,0.0,0.0
2016,3,2,23,0,0.0,0.0,3.0,12.0,0.0,0.0,0.0
2016,3,2,23,15,0.0,0.0,2.95,12.0,0.0,0.0,0.0
2016,3,2,23,30,0.0,0.0,2.9,12.0,0.0,0.0,0.0
2016,3,2,23,45,0.0,0.0,2.85,12.0,0.0,0.0,0.0
2016,3,3,0,0,0.0,0.0,2.8,12.0,0.0,0.0,0.0
2016,3,3,0,15,0.0,0.0,2.7,12.0,0.0,0.0,0.0
2016,3,3,0,30,0.0,0.0,2.6,12.0,0.0,0.0,0.0
2016,3,3,0,45,0.0,0.0,2.55,12.0,0.0,0.0,0.0
2016,3,3,1,0,0.0,0.0,2.5,12.0,0.0,0.0,0.0
2016,3,3,1,15,0.0,0.0,2.45,12.0,0.0,0.0,0.0
2016,3,3,1,30,0.0,0.0,2.4,12.0,0.0,0.0,0.0
2016,3,3,1,45,0.0,0.0,2.35,12.0,0.0,0.0,0.0
2016,3,3,2,0,0.0,0.0,2.3,12.0,0.0,0.0,0.0
2016,3,3,2,15,0.0,0.0,2.35,12.0,0.0,0.0,0.0
2016,3,3,2,30,0.0,0.0,2.4,12.0,0.0,0.0,0.0
2016,3,3,2,45,0.0,0.0,2.45,12.0,0.0,0.0,0.0
2016,3,3,3,0,0.0,0.0,2.5,12.0,0.0,0.0,0.0
2016,3,3,3,15,0.0,0.0,2.55,12.0,0.0,0.0,0.0
2016,3,3,3,30,0.0,0.0,2.6,12.0,0.0,0.0,0.0
2016,3,3,3,45,0.0,0.0,2.65,12.0,0.0,0.0,0.0
2016,3,3,4,0,0.0,0.0,2.7,12.0,0.0,0.0,0.0
2016,3,3,4,15,0.0,0.0,2.6,12.0,0.0,0.0,0.0
2016,3,3,4,30,0.0,0.0,2.5,12.0,0.0,0.0,0.0
2016,3,3,4,45,0.0,0.0,2.4,12.0,0.0,0.0,0.0
2016,3,3,5,0,0.0,0.0,2.3,12.0,0.0,0.0,0.0
2016,3,3,5,15,0.0,0.0,2.3,12.0,0.0,0.0,0.0
2016,3,3,5,30,0.0,0.0,2.3,12.0,0.0,0.0,0.0
2016,3,3,5,45,0.0,0.0,2.3,12.0,0.0,0.0,0.0
2016,3,3,6,0,0.0,0.0,2.3,12.0,0.0,0.0,0.0
2016,3,3,6,15,0.0,0.0,2.25,12.0,0.0,0.0,0.0
2016,3,3,6,30,0.0,0.0,2.2,12.0,0.0,0.0,0.0
2016,3,3,6,45,0.0,10.0,2.2,12.5,10.0,9.53,0.0
2016,3,3,7,0,0.0,20.0,2.2,13.0,20.0,18.63,5.15
2016,3,3,7,15,27.0,39.5,2.3,13.0,44.0,44.71,30.07
2016,3,3,7,30,54.0,59.0,2.4,13.0,68.0,76.32,57.12
2016,3,3,7,45,70.0,80.5,2.5,13.5,96.0,107.4,84.11
2016,3,3,8,0,86.0,102.0,2.6,14.0,124.0,140.37,112.53
2016,3,3,8,15,97.0,123.0,2.5,14.0,153.0,172.42,140.02
2016,3,3,8,30,108.0,144.0,2.4,14.0,182.0,205.66,168.01
2016,3,3,8,45,54.0,125.0,2.3,14.0,144.0,153.87,124.89
2016,3,3,9,0,0.0,106.0,2.2,14.0,106.0,99.94,78.99
2016,3,3,9,15,0.0,96.5,2.1,14.0,96.5,90.37,70.84
2016,3,3,9,30,0.0,87.0,2.0,14.0,87.0,81.05,62.85
2016,3,3,9,45,9.0,149.0,1.95,14.5,154.5,148.49,118.59
2016,3,3,10,0,18.0,211.0,1.9,15.0,222.0,218.64,174.89
2016,3,3,10,15,17.5,219.0,1.9,15.0,230.0,226.64,180.69
2016,3,3,10,30,17.0,227.0,1.9,15.0,238.0,234.62,186.67
2016,3,3,10,45,37.5,261.0,1.95,15.0,286.0,300.1,238.7
2016,3,3,11,0,58.0,295.0,2.0,15.0,334.0,356.84,282.88
2016,3,3,11,15,83.5,314.0,2.2,15.0,372.0,402.37,318.49
2016,3,3,11,30,109.0,333.0,2.4,15.0,410.0,448.67,354.48
2016,3,3,11,45,110.5,336.5,2.6,15.0,415.5,455.17,359.46
2016,3,3,12,0,112.0,340.0,2.8,15.0,421.0,461.32,364.41
2016,3,3,12,15,77.0,323.0,2.7,15.0,378.5,409.05,323.16
2016,3,3,12,30,42.0,306.0,2.6,15.0,336.0,356.57,281.59
2016,3,3,12,45,84.0,324.0,2.55,15.0,383.5,416.5,329.42
2016,3,3,13,0,126.0,342.0,2.5,15.0,431.0,489.69,385.86
2016,3,3,13,15,127.0,334.0,2.4,15.0,422.5,479.84,378.09
2016,3,3,13,30,128.0,326.0,2.3,15.0,414.0,469.45,370.42
2016,3,3,13,45,72.5,280.5,2.25,15.0,330.5,353.32,280.48
2016,3,3,14,0,17.0,235.0,2.2,15.0,247.0,242.97,192.85
2016,3,3,14,15,19.0,230.5,2.1,15.0,243.0,239.87,191.06
2016,3,3,14,30,21.0,226.0,2.0,15.0,239.0,236.67,188.85
2016,3,3,14,45,73.5,234.5,1.95,15.0,275.0,296.11,238.02
2016,3,3,15,0,126.0,243.0,1.9,15.0,311.0,351.5,282.87
2016,3,3,15,15,63.0,184.5,1.9,15.0,218.5,229.4,184.98
2016,3,3,15,30,0.0,126.0,1.9,15.0,126.0,119.55,94.57
2016,3,3,15,45,15.0,137.5,1.9,15.0,143.5,140.56,112.74
2016,3,3,16,0,30.0,149.0,1.9,15.0,161.0,166.41,134.41
2016,3,3,16,15,24.0,130.0,1.75,14.5,138.5,137.47,110.64
2016,3,3,16,30,18.0,111.0,1.6,14.0,116.0,114.95,91.98
2016,3,3,16,45,10.0,91.0,1.5,14.0,94.0,91.34,71.99
2016,3,3,17,0,2.0,71.0,1.4,14.0,72.0,68.7,52.65
2016,3,3,17,15,1.0,51.0,1.3,13.5,51.5,48.84,35.45
2016,3,3,17,30,0.0,31.0,1.2,13.0,31.0,29.08,18.07
2016,3,3,17,45,0.0,15.5,1.2,13.0,15.5,14.38,0.44
2016,3,3,18,0,0.0,0.0,1.2,13.0,0.0,0.0,0.0
2016,3,3,18,15,0.0,0.0,1.2,13.0,0.0,0.0,0.0
2016,3,3,18,30,0.0,0.0,1.2,13.0,0.0,0.0,0.0
2016,3,3,18,45,0.0,0.0,1.2,13.0,0.0,0.0,0.0
2016,3,3,19,0,0.0,0.0,1.2,13.0,0.0,0.0,0.0
2016,3,3,19,15,0.0,0.0,1.2,13.0,0.0,0.0,0.0
2016,3,3,19,30,0.0,0.0,1.2,13.0,0.0,0.0,0.0
2016,3,3,19,45,0.0,0.0,1.25,13.0,0.0,0.0,0.0
2016,3,3,20,0,0.0,0.0,1.3,13.0,0.0,0.0,0.0
2016,3,3,20,15,0.0,0.0,1.25,12.5,0.0,0.0,0.0
2016,3,3,20,30,0.0,0.0,1.2,12.0,0.0,0.0,0.0
2016,3,3,20,45,0.0,0.0,1.2,12.0,0.0,0.0,0.0
2016,3,3,21,0,0.0,0.0,1.2,12.0,0.0,0.0,0.0
2016,3,3,21,15,0.0,0.0,1.15,12.0,0.0,0.0,0.0
2016,3,3,21,30,0.0,0.0,1.1,12.0,0.0,0.0,0.0
2016,3,3,21,45,0.0,0.0,1.05,12.0,0.0,0.0,0.0
2016,3,3,22,0,0.0,0.0,1.0,12.0,0.0,0.0,0.0
2016,3,3,22,15,0.0,0.0,1.05,12.0,0.0,0.0,0.0
2016,3,3,22,30,0.0,0.0,1.1,12.0,0.0,0.0,0.0
2016,3,3,22,45,0.0,0.0,1.15,12.0,0.0,0.0,0.0
2016,3,3,23,0,0.0,0.0,1.2,12.0,0.0,0.0,0.0
2016,3,3,23,15,0.0,0.0,1.2,12.0,0.0,0.0,0.0
2016,3,3,23,30,0.0,0.0,1.2,12.0,0.0,0.0,0.0
2016,3,3,23,45,0.0,0.0,1.3,12.0,0.0,0.0,0.0
2016,3,4,0,0,0.0,0.0,1.4,12.0,0.0,0.0,0.0
2016,3,4,0,15,0.0,0.0,1.45,12.0,0.0,0.0,0.0
2016,3,4,0,30,0.0,0.0,1.5,12.0,0.0,0.0,0.0
2016,3,4,0,45,0.0,0.0,1.6,12.0,0.0,0.0,0.0
2016,3,4,1,0,0.0,0.0,1.7,12.0,0.0,0.0,0.0
2016,3,4,1,15,0.0,0.0,1.7,12.0,0.0,0.0,0.0
2016,3,4,1,30,0.0,0.0,1.7,12.0,0.0,0.0,0.0
2016,3,4,1,45,0.0,0.0,1.7,12.0,0.0,0.0,0.0
2016,3,4,2,0,0.0,0.0,1.7,12.0,0.0,0.0,0.0
2016,3,4,2,15,0.0,0.0,1.7,12.0,0.0,0.0,0.0
2016,3,4,2,30,0.0,0.0,1.7,12.0,0.0,0.0,0.0
2016,3,4,2,45,0.0,0.0,1.7,12.0,0.0,0.0,0.0
2016,3,4,3,0,0.0,0.0,1.7,12.0,0.0,0.0,0.0
2016,3,4,3,15,0.0,0.0,1.55,12.0,0.0,0.0,0.0
2016,3,4,3,30,0.0,0.0,1.4,12.0,0.0,0.0,0.0
2016,3,4,3,45,0.0,0.0,1.3,12.0,0.0,0.0,0.0
2016,3,4,4,0,0.0,0.0,1.2,12.0,0.0,0.0,0.0
2016,3,4,4,15,0.0,0.0,1.15,12.0,0.0,0.0,0.0
2016,3,4,4,30,0.0,0.0,1.1,12.0,0.0,0.0,0.0
2016,3,4,4,45,0.0,0.0,1.05,12.0,0.0,0.0,0.0
2016,3,4,5,0,0.0,0.0,1.0,12.0,0.0,0.0,0.0
2016,3,4,5,15,0.0,0.0,1.1,12.0,0.0,0.0,0.0
2016,3,4,5,30,0.0,0.0,1.2,12.0,0.0,0.0,0.0
2016,3,4,5,45,0.0,0.0,1.3,12.0,0.0,0.0,0.0
2016,3,4,6,0,0.0,0.0,1.4,12.0,0.0,0.0,0.0
2016,3,4,6,15,0.0,0.0,1.5,12.0,0.0,0.0,0.0
2016,3,4,6,30,0.0,0.0,1.6,12.0,0.0,0.0,0.0
2016,3,4,6,45,0.0,9.5,1.75,12.5,9.5,9.05,0.0
2016,3,4,7,0,0.0,19.0,1.9,13.0,19.0,17.64,5.8
2016,3,4,7,15,5.5,38.5,2.05,13.0,39.5,37.69,25.3
2016,3,4,7,30,11.0,58.0,2.2,13.0,60.0,58.47,43.53
2016,3,4,7,45,20.5,78.5,2.35,13.5,84.0,84.96,66.31
2016,3,4,8,0,30.0,99.0,2.5,14.0,108.0,110.68,88.28
2016,3,4,8,15,37.5,119.0,2.65,14.0,132.0,136.14,109.94
2016,3,4,8,30,45.0,139.0,2.8,14.0,156.0,162.49,132.08
2016,3,4,8,45,22.5,127.5,2.95,14.5,136.0,139.04,112.06
2016,3,4,9,0,0.0,116.0,3.1,15.0,116.0,109.81,86.96
2016,3,4,9,15,0.0,127.0,3.3,15.0,127.0,120.42,95.57
2016,3,4,9,30,0.0,138.0,3.5,15.0,138.0,131.07,104.11
2016,3,4,9,45,15.0,183.5,3.7,15.5,192.0,187.78,150.5
2016,3,4,10,0,30.0,229.0,3.9,16.0,246.0,256.51,205.59
2016,3,4,10,15,15.0,189.0,3.9,16.0,197.5,193.71,154.23
2016,3,4,10,30,0.0,149.0,3.9,16.0,149.0,141.24,111.0
2016,3,4,10,45,0.0,150.5,3.95,16.0,150.5,142.64,112.02
2016,3,4,11,0,0.0,152.0,4.0,16.0,152.0,144.05,113.02
2016,3,4,11,15,0.0,85.5,4.0,15.5,85.5,79.74,60.53
2016,3,4,11,30,0.0,19.0,4.0,15.0,19.0,17.68,9.13
2016,3,4,11,45,2.5,107.0,4.05,15.0,108.5,102.54,79.53
2016,3,4,12,0,5.0,195.0,4.1,15.0,198.0,191.45,151.74
2016,3,4,12,15,5.5,200.5,4.2,15.0,204.5,197.46,156.44
2016,3,4,12,30,6.0,206.0,4.3,15.0,211.0,203.48,161.32
2016,3,4,12,45,20.5,250.5,4.4,15.0,265.5,262.66,209.3
2016,3,4,13,0,35.0,295.0,4.5,15.0,320.0,336.98,268.53
2016,3,4,13,15,35.5,288.5,4.45,15.0,313.5,329.9,262.93
2016,3,4,13,30,36.0,282.0,4.4,15.0,307.0,322.71,257.51
2016,3,4,13,45,37.0,276.0,4.35,15.0,301.0,316.43,252.85
2016,3,4,14,0,38.0,270.0,4.3,15.0,295.0,310.04,248.12
2016,3,4,14,15,27.5,245.0,4.1,15.0,263.0,272.93,218.52
2016,3,4,14,30,17.0,220.0,3.9,15.0,231.0,227.06,181.78
2016,3,4,14,45,38.5,226.0,3.75,15.0,247.5,259.58,209.05
2016,3,4,15,0,60.0,232.0,3.6,15.0,264.0,281.08,227.15
2016,3,4,15,15,30.0,125.5,3.55,14.5,141.5,144.03,115.77
2016,3,4,15,30,0.0,19.0,3.5,14.0,19.0,17.64,9.38
2016,3,4,15,45,0.0,26.5,3.5,14.0,26.5,24.6,15.4
2016,3,4,16,0,0.0,34.0,3.5,14.0,34.0,31.57,21.41
2016,3,4,16,15,0.0,29.5,3.6,14.0,29.5,27.37,17.87
2016,3,4,16,30,0.0,25.0,3.7,14.0,25.0,23.19,14.3
2016,3,4,16,45,0.0,20.0,3.8,14.0,20.0,18.54,10.28
2016,3,4,17,0,0.0,15.0,3.9,14.0,15.0,13.89,6.23
2016,3,4,17,15,0.0,10.5,4.05,14.0,10.5,9.72,2.55
2016,3,4,17,30,0.0,6.0,4.2,14.0,6.0,5.55,0.0
2016,3,4,17,45,0.0,3.0,4.35,14.0,3.0,2.77,0.0
2016,3,4,18,0,0.0,0.0,4.5,14.0,0.0,0.0,0.0
2016,3,4,18,15,0.0,0.0,4.6,14.0,0.0,0.0,0.0
2016,3,4,18,30,0.0,0.0,4.7,14.0,0.0,0.0,0.0
2016,3,4,18,45,0.0,0.0,4.85,14.0,0.0,0.0,0.0
2016,3,4,19,0,0.0,0.0,5.0,14.0,0.0,0.0,0.0
2016,3,4,19,15,0.0,0.0,4.95,14.0,0.0,0.0,0.0
2016,3,4,19,30,0.0,0.0,4.9,14.0,0.0,0.0,0.0
2016,3,4,19,45,0.0,0.0,4.9,14.0,0.0,0.0,0.0
2016,3,4,20,0,0.0,0.0,4.9,14.0,0.0,0.0,0.0
2016,3,4,20,15,0.0,0.0,4.9,14.0,0.0,0.0,0.0
2016,3,4,20,30,0.0,0.0,4.9,14.0,0.0,0.0,0.0
2016,3,4,20,45,0.0,0.0,4.9,14.0,0.0,0.0,0.0
2016,3,4,21,0,0.0,0.0,4.9,14.0,0.0,0.0,0.0
2016,3,4,21,15,0.0,0.0,4.8,13.5,0.0,0.0,0.0
2016,3,4,21,30,0.0,0.0,4.7,13.0,0.0,0.0,0.0
2016,3,4,21,45,0.0,0.0,4.65,13.0,0.0,0.0,0.0
2016,3,4,22,0,0.0,0.0,4.6,13.0,0.0,0.0,0.0
2016,3,4,22,15,0.0,0.0,4.5,13.0,0.0,0.0,0.0
2016,3,4,22,30,0.0,0.0,4.4,13.0,0.0,0.0,0.0
2016,3,4,22,45,0.0,0.0,4.3,13.0,0.0,0.0,0.0
2016,3,4,23,0,0.0,0.0,4.2,13.0,0.0,0.0,0.0
2016,3,4,23,15,0.0,0.0,4.25,13.0,0.0,0.0,0.0
2016,3,4,23,30,0.0,0.0,4.3,13.0,0.0,0.0,0.0
2016,3,4,23,45,0.0,0.0,4.4,13.0,0.0,0.0,0.0
2016,3,5,0,0,0.0,0.0,4.5,13.0,0.0,0.0,0.0
2016,3,5,0,15,0.0,0.0,4.5,13.0,0.0,0.0,0.0
2016,3,5,0,30,0.0,0.0,4.5,13.0,0.0,0.0,0.0
2016,3,5,0,45,0.0,0.0,4.5,13.0,0.0,0.0,0.0
2016,3,5,1,0,0.0,0.0,4.5,13.0,0.0,0.0,0.0
2016,3,5,1,15,0.0,0.0,4.5,13.0,0.0,0.0,0.0
2016,3,5,1,30,0.0,0.0,4.5,13.0,0.0,0.0,0.0
2016,3,5,1,45,0.0,0.0,4.5,13.0,0.0,0.0,0.0
2016,3,5,2,0,0.0,0.0,4.5,13.0,0.0,0.0,0.0
2016,3,5,2,15,0.0,0.0,4.35,13.0,0.0,0.0,0.0
2016,3,5,2,30,0.0,0.0,4.2,13.0,0.0,0.0,0.0
2016,3,5,2,45,0.0,0.0,4.1,13.0,0.0,0.0,0.0
2016,3,5,3,0,0.0,0.0,4.0,13.0,0.0,0.0,0.0
2016,3,5,3,15,0.0,0.0,3.95,13.0,0.0,0.0,0.0
2016,3,5,3,30,0.0,0.0,3.9,13.0,0.0,0.0,0.0
2016,3,5,3,45,0.0,0.0,3.9,13.0,0.0,0.0,0.0
2016,3,5,4,0,0.0,0.0,3.9,13.0,0.0,0.0,0.0
2016,3,5,4,15,0.0,0.0,3.95,13.0,0.0,0.0,0.0
2016,3,5,4,30,0.0,0.0,4.0,13.0,0.0,0.0,0.0
2016,3,5,4,45,0.0,0.0,4.1,13.0,0.0,0.0,0.0
2016,3,5,5,0,0.0,0.0,4.2,13.0,0.0,0.0,0.0
2016,3,5,5,15,0.0,0.0,4.3,13.0,0.0,0.0,0.0
2016,3,5,5,30,0.0,0.0,4.4,13.0,0.0,0.0,0.0
2016,3,5,5,45,0.0,0.0,4.5,13.0,0.0,0.0,0.0
2016,3,5,6,0,0.0,0.0,4.6,13.0,0.0,0.0,0.0
2016,3,5,6,15,0.0,0.0,4.95,13.0,0.0,0.0,0.0
2016,3,5,6,30,0.0,0.0,5.3,13.0,0.0,0.0,0.0
2016,3,5,6,45,0.0,7.5,5.65,13.5,7.5,7.15,0.0
2016,3,5,7,0,0.0,15.0,6.0,14.0,15.0,13.91,4.0
2016,3,5,7,15,0.0,31.0,6.25,14.0,31.0,28.8,18.15
2016,3,5,7,30,0.0,47.0,6.5,14.0,47.0,44.1,31.63
2016,3,5,7,45,0.0,64.5,6.75,14.5,64.5,60.95,46.24
2016,3,5,8,0,0.0,82.0,7.0,15.0,82.0,77.85,60.69
2016,3,5,8,15,0.0,100.5,7.0,15.0,100.5,95.82,75.93
2016,3,5,8,30,0.0,119.0,7.0,15.0,119.0,113.86,91.02
2016,3,5,8,45,0.0,92.5,7.0,15.0,92.5,86.82,68.04
2016,3,5,9,0,0.0,66.0,7.0,15.0,66.0,61.4,46.44
2016,3,5,9,15,0.0,64.0,7.0,15.0,64.0,59.54,44.74
2016,3,5,9,30,0.0,62.0,7.0,15.0,62.0,57.69,43.05
2016,3,5,9,45,0.0,92.5,7.05,15.5,92.5,86.27,66.71
2016,3,5,10,0,0.0,123.0,7.1,16.0,123.0,115.81,90.85
2016,3,5,10,15,4.0,164.5,7.3,16.0,167.5,159.99,127.09
2016,3,5,10,30,8.0,206.0,7.5,16.0,212.0,205.17,163.79
2016,3,5,10,45,4.0,163.0,7.75,16.5,166.0,158.46,125.15
2016,3,5,11,0,0.0,120.0,8.0,17.0,120.0,112.72,87.33
2016,3,5,11,15,4.0,168.5,8.1,17.0,172.0,163.96,129.16
2016,3,5,11,30,8.0,217.0,8.2,17.0,224.0,216.38,171.52
2016,3,5,11,45,4.0,165.0,8.3,17.0,168.5,160.54,126.15
2016,3,5,12,0,0.0,113.0,8.4,17.0,113.0,105.96,81.55
2016,3,5,12,15,76.0,235.0,8.5,16.5,290.0,310.88,250.67
2016,3,5,12,30,152.0,357.0,8.6,16.0,467.0,532.85,428.09
2016,3,5,12,45,80.0,285.0,8.7,16.0,343.0,368.74,296.71
2016,3,5,13,0,8.0,213.0,8.8,16.0,219.0,212.34,168.75
2016,3,5,13,15,7.5,209.0,9.25,16.0,214.5,207.8,165.33
2016,3,5,13,30,7.0,205.0,9.7,16.0,210.0,203.27,161.83
2016,3,5,13,45,3.5,139.0,10.15,16.0,141.5,134.37,105.66
2016,3,5,14,0,0.0,73.0,10.6,16.0,73.0,68.03,50.96
2016,3,5,14,15,0.0,64.5,11.15,15.5,64.5,60.07,44.54
2016,3,5,14,30,0.0,56.0,11.7,15.0,56.0,52.13,38.08
2016,3,5,14,45,0.0,40.5,12.3,15.0,40.5,37.67,26.04
2016,3,5,15,0,0.0,25.0,12.9,15.0,25.0,23.23,13.95
2016,3,5,15,15,0.0,32.0,13.1,15.0,32.0,29.73,19.49
2016,3,5,15,30,0.0,39.0,13.3,15.0,39.0,36.24,25.07
2016,3,5,15,45,0.0,22.5,13.5,15.0,22.5,20.88,12.11
2016,3,5,16,0,0.0,6.0,13.7,15.0,6.0,5.56,0.0
2016,3,5,16,15,0.0,5.0,13.65,15.0,5.0,4.63,0.0
2016,3,5,16,30,0.0,4.0,13.6,15.0,4.0,3.7,0.0
2016,3,5,16,45,0.0,3.5,13.6,15.0,3.5,3.24,0.0
2016,3,5,17,0,0.0,3.0,13.6,15.0,3.0,2.78,0.0
2016,3,5,17,15,0.0,2.0,13.35,14.5,2.0,1.85,0.0
2016,3,5,17,30,0.0,1.0,13.1,14.0,1.0,0.92,0.0
2016,3,5,17,45,0.0,0.5,12.85,14.0,0.5,0.46,0.0
2016,3,5,18,0,0.0,0.0,12.6,14.0,0.0,0.0,0.0
2016,3,5,18,15,0.0,0.0,12.2,14.0,0.0,0.0,0.0
2016,3,5,18,30,0.0,0.0,11.8,14.0,0.0,0.0,0.0
2016,3,5,18,45,0.0,0.0,11.45,14.0,0.0,0.0,0.0
2016,3,5,19,0,0.0,0.0,11.1,14.0,0.0,0.0,0.0
2016,3,5,19,15,0.0,0.0,10.45,14.0,0.0,0.0,0.0
2016,3,5,19,30,0.0,0.0,9.8,14.0,0.0,0.0,0.0
2016,3,5,19,45,0.0,0.0,9.25,14.0,0.0,0.0,0.0
2016,3,5,20,0,0.0,0.0,8.7,14.0,0.0,0.0,0.0
2016,3,5,20,15,0.0,0.0,8.5,13.5,0.0,0.0,0.0
2016,3,5,20,30,0.0,0.0,8.3,13.0,0.0,0.0,0.0
2016,3,5,20,45,0.0,0.0,8.2,13.0,0.0,0.0,0.0
2016,3,5,21,0,0.0,0.0,8.1,13.0,0.0,0.0,0.0
2016,3,5,21,15,0.0,0.0,7.95,13.0,0.0,0.0,0.0
2016,3,5,21,30,0.0,0.0,7.8,13.0,0.0,0.0,0.0
2016,3,5,21,45,0.0,0.0,7.7,13.0,0.0,0.0,0.0
2016,3,5,22,0,0.0,0.0,7.6,13.0,0.0,0.0,0.0
2016,3,5,22,15,0.0,0.0,7.35,12.5,0.0,0.0,0.0
2016,3,5,22,30,0.0,0.0,7.1,12.0,0.0,0.0,0.0
2016,3,5,22,45,0.0,0.0,6.9,12.0,0.0,0.0,0.0
2016,3,5,23,0,0.0,0.0,6.7,12.0,0.0,0.0,0.0
2016,3,5,23,15,0.0,0.0,6.6,12.0,0.0,0.0,0.0
2016,3,5,23,30,0.0,0.0,6.5,12.0,0.0,0.0,0.0
2016,3,5,23,45,0.0,0.0,6.45,12.0,0.0,0.0,0.0
2016,3,6,0,0,0.0,0.0,6.4,12.0,0.0,0.0,0.0
2016,3,6,0,15,0.0,0.0,6.35,11.5,0.0,0.0,0.0
2016,3,6,0,30,0.0,0.0,6.3,11.0,0.0,0.0,0.0
2016,3,6,0,45,0.0,0.0,6.3,11.0,0.0,0.0,0.0
2016,3,6,1,0,0.0,0.0,6.3,11.0,0.0,0.0,0.0
2016,3,6,1,15,0.0,0.0,6.15,11.0,0.0,0.0,0.0
2016,3,6,1,30,0.0,0.0,6.0,11.0,0.0,0.0,0.0
2016,3,6,1,45,0.0,0.0,5.85,11.0,0.0,0.0,0.0
2016,3,6,2,0,0.0,0.0,5.7,11.0,0.0,0.0,0.0
2016,3,6,2,15,0.0,0.0,5.5,11.0,0.0,0.0,0.0
2016,3,6,2,30,0.0,0.0,5.3,11.0,0.0,0.0,0.0
2016,3,6,2,45,0.0,0.0,5.1,11.0,0.0,0.0,0.0
2016,3,6,3,0,0.0,0.0,4.9,11.0,0.0,0.0,0.0
2016,3,6,3,15,0.0,0.0,4.9,11.0,0.0,0.0,0.0
2016,3,6,3,30,0.0,0.0,4.9,11.0,0.0,0.0,0.0
2016,3,6,3,45,0.0,0.0,4.95,11.0,0.0,0.0,0.0
2016,3,6,4,0,0.0,0.0,5.0,11.0,0.0,0.0,0.0
2016,3,6,4,15,0.0,0.0,5.05,11.0,0.0,0.0,0.0
2016,3,6,4,30,0.0,0.0,5.1,11.0,0.0,0.0,0.0
2016,3,6,4,45,0.0,0.0,5.15,11.0,0.0,0.0,0.0
2016,3,6,5,0,0.0,0.0,5.2,11.0,0.0,0.0,0.0
2016,3,6,5,15,0.0,0.0,5.1,11.0,0.0,0.0,0.0
2016,3,6,5,30,0.0,0.0,5.0,11.0,0.0,0.0,0.0
2016,3,6,5,45,0.0,0.0,4.95,11.0,0.0,0.0,0.0
2016,3,6,6,0,0.0,0.0,4.9,11.0,0.0,0.0,0.0
2016,3,6,6,15,0.0,0.0,4.85,11.0,0.0,0.0,0.0
2016,3,6,6,30,0.0,0.0,4.8,11.0,0.0,0.0,0.0
2016,3,6,6,45,63.5,16.5,4.8,11.5,21.5,21.4,0.0
2016,3,6,7,0,127.0,33.0,4.8,12.0,43.0,56.15,30.75
2016,3,6,7,15,242.0,49.0,4.95,12.0,85.5,108.69,75.56
2016,3,6,7,30,357.0,65.0,5.1,12.0,128.0,172.91,129.91
2016,3,6,7,45,433.5,76.0,5.25,12.5,177.5,232.75,182.98
2016,3,6,8,0,510.0,87.0,5.4,13.0,227.0,303.28,245.03
2016,3,6,8,15,562.5,94.5,5.45,13.0,276.5,366.06,300.67
2016,3,6,8,30,615.0,102.0,5.5,13.0,326.0,433.49,359.06
2016,3,6,8,45,650.0,108.5,5.6,13.0,374.0,494.34,410.92
2016,3,6,9,0,685.0,115.0,5.7,13.0,422.0,557.13,463.17
2016,3,6,9,15,711.5,119.5,5.65,13.0,466.0,613.73,509.0
2016,3,6,9,30,738.0,124.0,5.6,13.0,510.0,670.64,554.02
2016,3,6,9,45,758.0,127.0,5.6,13.0,548.5,721.01,593.14
2016,3,6,10,0,778.0,130.0,5.6,13.0,587.0,770.41,629.58
2016,3,6,10,15,653.5,173.5,5.5,13.0,572.0,744.67,607.38
2016,3,6,10,30,529.0,217.0,5.4,13.0,557.0,703.4,572.06
2016,3,6,10,45,423.5,262.5,5.35,13.5,541.0,676.09,546.45
2016,3,6,11,0,318.0,308.0,5.3,14.0,525.0,630.57,506.97
2016,3,6,11,15,384.5,295.5,5.35,14.0,565.0,684.74,550.16
2016,3,6,11,30,451.0,283.0,5.4,14.0,605.0,752.71,602.6
2016,3,6,11,45,502.5,267.0,5.45,14.0,630.0,790.37,631.94
2016,3,6,12,0,554.0,251.0,5.5,14.0,655.0,826.48,660.17
2016,3,6,12,15,320.5,298.5,5.65,14.0,532.5,642.94,516.24
2016,3,6,12,30,87.0,346.0,5.8,14.0,410.0,443.64,355.16
2016,3,6,12,45,78.5,339.0,5.95,14.0,396.5,427.26,342.82
2016,3,6,13,0,70.0,332.0,6.1,14.0,383.0,410.75,329.87
2016,3,6,13,15,69.0,325.5,6.25,14.0,375.0,401.76,323.15
2016,3,6,13,30,68.0,319.0,6.4,14.0,367.0,392.59,316.29
2016,3,6,13,45,176.0,310.0,6.55,14.0,427.5,490.74,398.12
2016,3,6,14,0,284.0,301.0,6.7,14.0,488.0,582.46,473.42
2016,3,6,14,15,237.5,292.5,6.8,13.5,444.5,513.14,419.2
2016,3,6,14,30,191.0,284.0,6.9,13.0,401.0,458.29,375.84
2016,3,6,14,45,103.0,241.5,7.05,13.0,304.0,325.84,267.65
2016,3,6,15,0,15.0,199.0,7.2,13.0,207.0,203.36,165.21
2016,3,6,15,15,7.5,172.0,7.3,13.0,176.0,170.43,138.17
2016,3,6,15,30,0.0,145.0,7.4,13.0,145.0,138.36,111.55
2016,3,6,15,45,0.0,121.5,7.5,13.0,121.5,115.21,92.4
2016,3,6,16,0,0.0,98.0,7.6,13.0,98.0,92.25,73.21
2016,3,6,16,15,0.0,84.5,7.65,12.5,84.5,79.29,62.47
2016,3,6,16,30,0.0,71.0,7.7,12.0,71.0,66.38,51.61
2016,3,6,16,45,0.0,57.0,7.8,12.0,57.0,53.03,40.1
2016,3,6,17,0,0.0,43.0,7.9,12.0,43.0,39.95,28.68
2016,3,6,17,15,0.0,31.0,7.95,12.0,31.0,28.77,18.81
2016,3,6,17,30,0.0,19.0,8.0,12.0,19.0,17.62,8.92
2016,3,6,17,45,0.0,9.5,8.1,12.0,9.5,8.8,0.0
2016,3,6,18,0,0.0,0.0,8.2,12.0,0.0,0.0,0.0
2016,3,6,18,15,0.0,0.0,8.25,12.0,0.0,0.0,0.0
2016,3,6,18,30,0.0,0.0,8.3,12.0,0.0,0.0,0.0
2016,3,6,18,45,0.0,0.0,8.4,12.0,0.0,0.0,0.0
2016,3,6,19,0,0.0,0.0,8.5,12.0,0.0,0.0,0.0
2016,3,6,19,15,0.0,0.0,8.45,12.0,0.0,0.0,0.0
2016,3,6,19,30,0.0,0.0,8.4,12.0,0.0,0.0,0.0
2016,3,6,19,45,0.0,0.0,8.4,12.0,0.0,0.0,0.0
2016,3,6,20,0,0.0,0.0,8.4,12.0,0.0,0.0,0.0
2016,3,6,20,15,0.0,0.0,8.35,12.0,0.0,0.0,0.0
2016,3,6,20,30,0.0,0.0,8.3,12.0,0.0,0.0,0.0
2016,3,6,20,45,0.0,0.0,8.3,12.0,0.0,0.0,0.0
2016,3,6,21,0,0.0,0.0,8.3,12.0,0.0,0.0,0.0
2016,3,6,21,15,0.0,0.0,8.15,12.0,0.0,0.0,0.0
2016,3,6,21,30,0.0,0.0,8.0,12.0,0.0,0.0,0.0
2016,3,6,21,45,0.0,0.0,7.85,12.0,0.0,0.0,0.0
2016,3,6,22,0,0.0,0.0,7.7,12.0,0.0,0.0,0.0
2016,3,6,22,15,0.0,0.0,7.55,12.0,0.0,0.0,0.0
2016,3,6,22,30,0.0,0.0,7.4,12.0,0.0,0.0,0.0
2016,3,6,22,45,0.0,0.0,7.25,12.0,0.0,0.0,0.0
2016,3,6,23,0,0.0,0.0,7.1,12.0,0.0,0.0,0.0
2016,3,6,23,15,0.0,0.0,6.9,11.5,0.0,0.0,0.0
2016,3,6,23,30,0.0,0.0,6.7,11.0,0.0,0.0,0.0
2016,3,6,23,45,0.0,0.0,6.55,11.0,0.0,0.0,0.0
2016,3,7,0,0,0.0,0.0,6.4,11.0,0.0,0.0,0.0
2016,3,7,0,15,0.0,0.0,6.55,11.0,0.0,0.0,0.0
2016,3,7,0,30,0.0,0.0,6.7,11.0,0.0,0.0,0.0
2016,3,7,0,45,0.0,0.0,6.9,11.0,0.0,0.0,0.0
2016,3,7,1,0,0.0,0.0,7.1,11.0,0.0,0.0,0.0
2016,3,7,1,15,0.0,0.0,7.5,10.5,0.0,0.0,0.0
2016,3,7,1,30,0.0,0.0,7.9,10.0,0.0,0.0,0.0
2016,3,7,1,45,0.0,0.0,8.3,9.5,0.0,0.0,0.0
2016,3,7,2,0,0.0,0.0,8.7,9.0,0.0,0.0,0.0
2016,3,7,2,15,0.0,0.0,8.5,9.0,0.0,0.0,0.0
2016,3,7,2,30,0.0,0.0,8.3,9.0,0.0,0.0,0.0
2016,3,7,2,45,0.0,0.0,8.1,9.0,0.0,0.0,0.0
2016,3,7,3,0,0.0,0.0,7.9,9.0,0.0,0.0,0.0
2016,3,7,3,15,0.0,0.0,7.45,9.0,0.0,0.0,0.0
2016,3,7,3,30,0.0,0.0,7.0,9.0,0.0,0.0,0.0
2016,3,7,3,45,0.0,0.0,6.55,9.0,0.0,0.0,0.0
2016,3,7,4,0,0.0,0.0,6.1,9.0,0.0,0.0,0.0
2016,3,7,4,15,0.0,0.0,5.7,9.0,0.0,0.0,0.0
2016,3,7,4,30,0.0,0.0,5.3,9.0,0.0,0.0,0.0
2016,3,7,4,45,0.0,0.0,4.95,9.0,0.0,0.0,0.0
2016,3,7,5,0,0.0,0.0,4.6,9.0,0.0,0.0,0.0
2016,3,7,5,15,0.0,0.0,4.5,9.0,0.0,0.0,0.0
2016,3,7,5,30,0.0,0.0,4.4,9.0,0.0,0.0,0.0
2016,3,7,5,45,0.0,0.0,4.35,9.0,0.0,0.0,0.0
2016,3,7,6,0,0.0,0.0,4.3,9.0,0.0,0.0,0.0
2016,3,7,6,15,0.0,0.0,4.45,9.0,0.0,0.0,0.0
2016,3,7,6,30,0.0,0.0,4.6,9.0,0.0,0.0,0.0
2016,3,7,6,45,0.0,7.0,4.8,9.0,7.0,6.67,0.0
2016,3,7,7,0,0.0,14.0,5.0,9.0,14.0,12.97,4.33
2016,3,7,7,15,0.0,26.5,5.2,9.0,26.5,24.59,15.2
2016,3,7,7,30,0.0,39.0,5.4,9.0,39.0,36.23,25.64
2016,3,7,7,45,0.0,53.0,5.65,9.5,53.0,49.36,37.23
2016,3,7,8,0,0.0,67.0,5.9,10.0,67.0,62.69,48.82
2016,3,7,8,15,0.0,81.0,5.95,10.0,81.0,76.07,60.37
2016,3,7,8,30,0.0,95.0,6.0,10.0,95.0,89.5,71.81
2016,3,7,8,45,397.0,88.5,6.05,10.0,268.5,327.28,277.93
2016,3,7,9,0,794.0,82.0,6.1,10.0,442.0,587.58,495.94
2016,3,7,9,15,816.0,85.0,6.1,10.0,486.0,644.24,542.03
2016,3,7,9,30,838.0,88.0,6.1,10.0,530.0,700.52,586.73
2016,3,7,9,45,419.0,50.0,6.1,10.5,271.0,378.23,321.86
2016,3,7,10,0,0.0,12.0,6.1,11.0,12.0,11.15,3.85
2016,3,7,10,15,47.0,156.0,6.2,11.0,186.5,192.94,158.57
2016,3,7,10,30,94.0,300.0,6.3,11.0,361.0,389.66,319.77
2016,3,7,10,45,166.0,313.5,6.4,11.0,426.0,482.61,395.69
2016,3,7,11,0,238.0,327.0,6.5,11.0,491.0,566.88,463.97
2016,3,7,11,15,184.0,338.0,6.65,11.0,466.5,534.31,436.13
2016,3,7,11,30,130.0,349.0,6.8,11.0,442.0,499.08,406.29
2016,3,7,11,45,193.0,350.5,6.95,11.5,491.0,562.32,457.65
2016,3,7,12,0,256.0,352.0,7.1,12.0,540.0,640.09,519.2
2016,3,7,12,15,374.5,314.5,7.25,12.0,590.5,713.09,580.0
2016,3,7,12,30,493.0,277.0,7.4,12.0,641.0,798.85,649.65
2016,3,7,12,45,461.0,288.5,7.6,12.0,626.0,777.97,632.97
2016,3,7,13,0,429.0,300.0,7.8,12.0,611.0,755.22,615.15
2016,3,7,13,15,523.5,257.5,7.85,12.0,629.5,791.41,646.83
2016,3,7,13,30,618.0,215.0,7.9,12.0,648.0,826.17,676.97
2016,3,7,13,45,459.0,257.5,7.95,12.0,574.0,711.47,584.16
2016,3,7,14,0,300.0,300.0,8.0,12.0,500.0,595.24,488.94
2016,3,7,14,15,200.0,291.5,8.0,12.0,422.5,480.32,395.56
2016,3,7,14,30,100.0,283.0,8.0,12.0,345.0,372.28,306.0
2016,3,7,14,45,123.0,268.0,8.05,12.0,339.5,380.74,314.24
2016,3,7,15,0,146.0,253.0,8.1,12.0,334.0,376.15,311.68
2016,3,7,15,15,251.5,220.5,8.0,12.0,347.0,416.22,347.37
2016,3,7,15,30,357.0,188.0,7.9,12.0,360.0,436.53,366.07
2016,3,7,15,45,521.5,141.5,7.85,12.0,366.0,474.83,399.2
2016,3,7,16,0,686.0,95.0,7.8,12.0,372.0,490.55,411.85
2016,3,7,16,15,643.5,89.0,7.7,11.5,322.5,424.85,355.18
2016,3,7,16,30,601.0,83.0,7.6,11.0,273.0,362.34,299.91
2016,3,7,16,45,542.0,74.5,7.5,11.0,223.0,294.59,238.75
2016,3,7,17,0,483.0,66.0,7.4,11.0,173.0,232.81,182.07
2016,3,7,17,15,386.5,55.0,7.35,10.5,126.0,165.23,122.21
2016,3,7,17,30,290.0,44.0,7.3,10.0,79.0,108.48,73.1
2016,3,7,17,45,158.5,27.0,7.3,10.0,45.0,52.74,24.13
2016,3,7,18,0,27.0,10.0,7.3,10.0,11.0,11.53,0.0
2016,3,7,18,15,13.5,5.0,7.3,10.0,5.5,0.0,0.0
2016,3,7,18,30,0.0,0.0,7.3,10.0,0.0,0.0,0.0
2016,3,7,18,45,0.0,0.0,7.35,10.0,0.0,0.0,0.0
2016,3,7,19,0,0.0,0.0,7.4,10.0,0.0,0.0,0.0
2016,3,7,19,15,0.0,0.0,7.5,10.0,0.0,0.0,0.0
2016,3,7,19,30,0.0,0.0,7.6,10.0,0.0,0.0,0.0
2016,3,7,19,45,0.0,0.0,7.75,10.0,0.0,0.0,0.0
2016,3,7,20,0,0.0,0.0,7.9,10.0,0.0,0.0,0.0
2016,3,7,20,15,0.0,0.0,7.85,9.5,0.0,0.0,0.0
2016,3,7,20,30,0.0,0.0,7.8,9.0,0.0,0.0,0.0
2016,3,7,20,45,0.0,0.0,7.75,9.0,0.0,0.0,0.0
2016,3,7,21,0,0.0,0.0,7.7,9.0,0.0,0.0,0.0
2016,3,7,21,15,0.0,0.0,7.6,9.0,0.0,0.0,0.0
2016,3,7,21,30,0.0,0.0,7.5,9.0,0.0,0.0,0.0
2016,3,7,21,45,0.0,0.0,7.4,9.0,0.0,0.0,0.0
2016,3,7,22,0,0.0,0.0,7.3,9.0,0.0,0.0,0.0
2016,3,7,22,15,0.0,0.0,7.2,9.0,0.0,0.0,0.0
2016,3,7,22,30,0.0,0.0,7.1,9.0,0.0,0.0,0.0
2016,3,7,22,45,0.0,0.0,7.0,9.0,0.0,0.0,0.0
2016,3,7,23,0,0.0,0.0,6.9,9.0,0.0,0.0,0.0
2016,3,7,23,15,0.0,0.0,6.85,8.5,0.0,0.0,0.0
2016,3,7,23,30,0.0,0.0,6.8,8.0,0.0,0.0,0.0
2016,3,7,23,45,0.0,0.0,6.8,8.0,0.0,0.0,0.0
2016,3,8,0,0,0.0,0.0,6.8,8.0,0.0,0.0,0.0
2016,3,8,0,15,0.0,0.0,6.65,8.0,0.0,0.0,0.0
2016,3,8,0,30,0.0,0.0,6.5,8.0,0.0,0.0,0.0
2016,3,8,0,45,0.0,0.0,6.4,8.0,0.0,0.0,0.0
2016,3,8,1,0,0.0,0.0,6.3,8.0,0.0,0.0,0.0
2016,3,8,1,15,0.0,0.0,6.2,8.0,0.0,0.0,0.0
2016,3,8,1,30,0.0,0.0,6.1,8.0,0.0,0.0,0.0
2016,3,8,1,45,0.0,0.0,6.0,8.0,0.0,0.0,0.0
2016,3,8,2,0,0.0,0.0,5.9,8.0,0.0,0.0,0.0
2016,3,8,2,15,0.0,0.0,5.8,8.0,0.0,0.0,0.0
2016,3,8,2,30,0.0,0.0,5.7,8.0,0.0,0.0,0.0
2016,3,8,2,45,0.0,0.0,5.6,8.0,0.0,0.0,0.0
2016,3,8,3,0,0.0,0.0,5.5,8.0,0.0,0.0,0.0
2016,3,8,3,15,0.0,0.0,5.25,7.5,0.0,0.0,0.0
2016,3,8,3,30,0.0,0.0,5.0,7.0,0.0,0.0,0.0
2016,3,8,3,45,0.0,0.0,4.8,7.0,0.0,0.0,0.0
2016,3,8,4,0,0.0,0.0,4.6,7.0,0.0,0.0,0.0
2016,3,8,4,15,0.0,0.0,4.45,7.0,0.0,0.0,0.0
2016,3,8,4,30,0.0,0.0,4.3,7.0,0.0,0.0,0.0
2016,3,8,4,45,0.0,0.0,4.15,7.0,0.0,0.0,0.0
2016,3,8,5,0,0.0,0.0,4.0,7.0,0.0,0.0,0.0
2016,3,8,5,15,0.0,0.0,4.0,7.0,0.0,0.0,0.0
2016,3,8,5,30,0.0,0.0,4.0,7.0,0.0,0.0,0.0
2016,3,8,5,45,0.0,0.0,4.0,7.0,0.0,0.0,0.0
2016,3,8,6,0,0.0,0.0,4.0,7.0,0.0,0.0,0.0
2016,3,8,6,15,0.0,0.0,4.0,7.5,0.0,0.0,0.0
2016,3,8,6,30,0.0,0.0,4.0,8.0,0.0,0.0,0.0
2016,3,8,6,45,146.5,15.5,4.0,9.0,28.0,30.7,0.0
2016,3,8,7,0,293.0,31.0,4.0,10.0,56.0,83.5,47.91
2016,3,8,7,15,403.5,41.5,3.95,10.0,102.5,138.27,95.34
2016,3,8,7,30,514.0,52.0,3.9,10.0,149.0,206.53,154.93
2016,3,8,7,45,569.5,61.0,3.9,10.5,198.5,267.48,210.71
2016,3,8,8,0,625.0,70.0,3.9,11.0,248.0,334.25,270.59
2016,3,8,8,15,668.5,76.0,3.8,11.0,298.5,397.7,326.96
2016,3,8,8,30,712.0,82.0,3.7,11.0,349.0,464.67,384.56
2016,3,8,8,45,728.5,90.5,3.65,11.5,394.5,522.29,432.15
2016,3,8,9,0,745.0,99.0,3.6,12.0,440.0,579.83,477.97
2016,3,8,9,15,764.5,95.5,3.5,12.0,475.0,623.7,512.94
2016,3,8,9,30,784.0,92.0,3.4,12.0,510.0,668.84,547.62
2016,3,8,9,45,769.5,106.5,3.3,12.0,541.5,707.63,575.06
2016,3,8,10,0,755.0,121.0,3.2,12.0,573.0,745.65,601.57
2016,3,8,10,15,659.5,164.5,3.15,12.0,574.5,742.89,597.72
2016,3,8,10,30,564.0,208.0,3.1,12.0,576.0,725.45,581.56
2016,3,8,10,45,411.5,266.5,3.05,12.0,540.5,671.21,536.27
2016,3,8,11,0,259.0,325.0,3.0,12.0,505.0,596.7,475.48
2016,3,8,11,15,224.5,338.5,2.9,12.0,497.5,572.26,455.89
2016,3,8,11,30,190.0,352.0,2.8,12.0,490.0,558.69,443.96
2016,3,8,11,45,95.0,232.0,2.75,12.0,301.0,337.27,271.74
2016,3,8,12,0,0.0,112.0,2.7,12.0,112.0,105.0,81.78
2016,3,8,12,15,105.0,237.0,2.7,12.0,314.5,353.58,286.6
2016,3,8,12,30,210.0,362.0,2.7,12.0,517.0,593.69,471.42
2016,3,8,12,45,266.5,348.0,2.75,12.0,543.0,645.09,510.01
2016,3,8,13,0,323.0,334.0,2.8,12.0,569.0,680.35,537.89
2016,3,8,13,15,163.5,264.0,2.9,12.0,383.0,434.77,349.74
2016,3,8,13,30,4.0,194.0,3.0,12.0,197.0,189.2,150.79
2016,3,8,13,45,3.5,189.5,3.2,12.0,192.0,184.25,147.48
2016,3,8,14,0,3.0,185.0,3.4,12.0,187.0,179.33,143.71
2016,3,8,14,15,35.0,229.5,3.3,11.5,251.5,261.41,212.16
2016,3,8,14,30,67.0,274.0,3.2,11.0,316.0,335.19,272.78
2016,3,8,14,45,33.5,196.5,3.15,11.0,217.5,222.93,181.5
2016,3,8,15,0,0.0,119.0,3.1,11.0,119.0,111.93,89.18
2016,3,8,15,15,6.0,146.5,2.8,11.0,149.5,143.45,116.1
2016,3,8,15,30,12.0,174.0,2.5,11.0,180.0,175.34,142.97
2016,3,8,15,45,6.0,132.5,2.25,11.0,135.5,129.64,104.93
2016,3,8,16,0,0.0,91.0,2.0,11.0,91.0,85.29,67.65
2016,3,8,16,15,0.0,79.0,1.65,10.5,79.0,73.83,58.2
2016,3,8,16,30,0.0,67.0,1.3,10.0,67.0,62.42,48.59
2016,3,8,16,45,0.0,55.0,1.0,10.0,55.0,51.13,38.85
2016,3,8,17,0,0.0,43.0,0.7,10.0,43.0,39.95,29.05
2016,3,8,17,15,0.0,31.5,1.05,9.5,31.5,29.24,19.57
2016,3,8,17,30,0.0,20.0,1.4,9.0,20.0,18.54,10.01
2016,3,8,17,45,0.0,11.5,1.75,9.0,11.5,10.65,1.88
2016,3,8,18,0,0.0,3.0,2.1,9.0,3.0,2.86,0.0
2016,3,8,18,15,0.0,1.5,2.2,9.0,1.5,0.0,0.0
2016,3,8,18,30,0.0,0.0,2.3,9.0,0.0,0.0,0.0
2016,3,8,18,45,0.0,0.0,2.45,9.0,0.0,0.0,0.0
2016,3,8,19,0,0.0,0.0,2.6,9.0,0.0,0.0,0.0
2016,3,8,19,15,0.0,0.0,2.65,9.0,0.0,0.0,0.0
2016,3,8,19,30,0.0,0.0,2.7,9.0,0.0,0.0,0.0
2016,3,8,19,45,0.0,0.0,2.75,9.0,0.0,0.0,0.0
2016,3,8,20,0,0.0,0.0,2.8,9.0,0.0,0.0,0.0
2016,3,8,20,15,0.0,0.0,2.85,9.0,0.0,0.0,0.0
2016,3,8,20,30,0.0,0.0,2.9,9.0,0.0,0.0,0.0
2016,3,8,20,45,0.0,0.0,3.0,9.0,0.0,0.0,0.0
2016,3,8,21,0,0.0,0.0,3.1,9.0,0.0,0.0,0.0
2016,3,8,21,15,0.0,0.0,3.15,9.0,0.0,0.0,0.0
2016,3,8,21,30,0.0,0.0,3.2,9.0,0.0,0.0,0.0
2016,3,8,21,45,0.0,0.0,3.3,9.5,0.0,0.0,0.0
2016,3,8,22,0,0.0,0.0,3.4,10.0,0.0,0.0,0.0
2016,3,8,22,15,0.0,0.0,3.5,10.0,0.0,0.0,0.0
2016,3,8,22,30,0.0,0.0,3.6,10.0,0.0,0.0,0.0
2016,3,8,22,45,0.0,0.0,3.7,10.0,0.0,0.0,0.0
2016,3,8,23,0,0.0,0.0,3.8,10.0,0.0,0.0,0.0
2016,3,8,23,15,0.0,0.0,3.85,10.0,0.0,0.0,0.0
2016,3,8,23,30,0.0,0.0,3.9,10.0,0.0,0.0,0.0
2016,3,8,23,45,0.0,0.0,4.0,10.0,0.0,0.0,0.0
2016,3,9,0,0,0.0,0.0,4.1,10.0,0.0,0.0,0.0
2016,3,9,0,15,0.0,0.0,4.1,10.0,0.0,0.0,0.0
2016,3,9,0,30,0.0,0.0,4.1,10.0,0.0,0.0,0.0
2016,3,9,0,45,0.0,0.0,4.15,10.0,0.0,0.0,0.0
2016,3,9,1,0,0.0,0.0,4.2,10.0,0.0,0.0,0.0
2016,3,9,1,15,0.0,0.0,4.15,10.0,0.0,0.0,0.0
2016,3,9,1,30,0.0,0.0,4.1,10.0,0.0,0.0,0.0
2016,3,9,1,45,0.0,0.0,4.1,10.0,0.0,0.0,0.0
2016,3,9,2,0,0.0,0.0,4.1,10.0,0.0,0.0,0.0
2016,3,9,2,15,0.0,0.0,4.1,10.0,0.0,0.0,0.0
2016,3,9,2,30,0.0,0.0,4.1,10.0,0.0,0.0,0.0
2016,3,9,2,45,0.0,0.0,4.1,10.0,0.0,0.0,0.0
2016,3,9,3,0,0.0,0.0,4.1,10.0,0.0,0.0,0.0
2016,3,9,3,15,0.0,0.0,4.1,10.0,0.0,0.0,0.0
2016,3,9,3,30,0.0,0.0,4.1,10.0,0.0,0.0,0.0
2016,3,9,3,45,0.0,0.0,4.15,10.0,0.0,0.0,0.0
2016,3,9,4,0,0.0,0.0,4.2,10.0,0.0,0.0,0.0
2016,3,9,4,15,0.0,0.0,4.2,10.0,0.0,0.0,0.0
2016,3,9,4,30,0.0,0.0,4.2,10.0,0.0,0.0,0.0
2016,3,9,4,45,0.0,0.0,4.25,10.5,0.0,0.0,0.0
2016,3,9,5,0,0.0,0.0,4.3,11.0,0.0,0.0,0.0
2016,3,9,5,15,0.0,0.0,4.25,11.0,0.0,0.0,0.0
2016,3,9,5,30,0.0,0.0,4.2,11.0,0.0,0.0,0.0
2016,3,9,5,45,0.0,0.0,4.2,11.0,0.0,0.0,0.0
2016,3,9,6,0,0.0,0.0,4.2,11.0,0.0,0.0,0.0
2016,3,9,6,15,0.0,0.0,4.25,11.0,0.0,0.0,0.0
2016,3,9,6,30,0.0,0.0,4.3,11.0,0.0,0.0,0.0
2016,3,9,6,45,0.0,3.0,4.35,11.0,3.0,2.77,0.0
2016,3,9,7,0,0.0,6.0,4.4,11.0,6.0,5.55,0.0
2016,3,9,7,15,0.0,10.5,4.4,11.0,10.5,9.72,2.58
2016,3,9,7,30,0.0,15.0,4.4,11.0,15.0,13.89,6.32
2016,3,9,7,45,0.0,20.5,4.4,11.5,20.5,19.0,10.8
2016,3,9,8,0,0.0,26.0,4.4,12.0,26.0,24.11,15.24
2016,3,9,8,15,0.0,31.0,4.3,12.0,31.0,28.77,19.25
2016,3,9,8,30,0.0,36.0,4.2,12.0,36.0,33.42,23.21
2016,3,9,8,45,0.0,75.5,4.1,12.5,75.5,70.27,54.56
2016,3,9,9,0,0.0,115.0,4.0,13.0,115.0,108.46,86.46
2016,3,9,9,15,17.0,164.5,3.9,13.0,174.0,168.88,136.89
2016,3,9,9,30,34.0,214.0,3.8,13.0,233.0,240.39,195.45
2016,3,9,9,45,21.5,207.0,3.75,13.5,219.5,216.06,174.4
2016,3,9,10,0,9.0,200.0,3.7,14.0,206.0,199.44,159.85
2016,3,9,10,15,26.5,239.0,3.7,14.0,256.5,253.76,203.98
2016,3,9,10,30,44.0,278.0,3.7,14.0,307.0,322.01,258.34
2016,3,9,10,45,23.0,226.0,3.7,14.5,241.5,238.29,190.27
2016,3,9,11,0,2.0,174.0,3.7,15.0,176.0,167.38,132.08
2016,3,9,11,15,2.5,176.5,3.7,15.0,178.5,170.32,134.45
2016,3,9,11,30,3.0,179.0,3.7,15.0,181.0,173.27,136.74
2016,3,9,11,45,1.5,146.5,3.75,15.0,147.5,139.87,109.59
2016,3,9,12,0,0.0,114.0,3.8,15.0,114.0,106.92,82.69
2016,3,9,12,15,15.0,207.0,3.8,15.0,218.0,212.8,169.01
2016,3,9,12,30,30.0,300.0,3.8,15.0,322.0,336.6,267.01
2016,3,9,12,45,86.0,329.5,3.85,15.5,392.5,422.9,335.16
2016,3,9,13,0,142.0,359.0,3.9,16.0,463.0,522.36,411.64
2016,3,9,13,15,113.5,345.5,3.9,16.0,427.5,464.89,367.13
2016,3,9,13,30,85.0,332.0,3.9,16.0,392.0,421.75,333.67
2016,3,9,13,45,77.5,318.0,3.9,16.0,371.5,397.8,315.5
2016,3,9,14,0,70.0,304.0,3.9,16.0,351.0,374.02,297.31
2016,3,9,14,15,99.5,297.5,3.9,16.0,361.0,390.1,311.34
2016,3,9,14,30,129.0,291.0,3.9,16.0,371.0,415.05,331.96
2016,3,9,14,45,166.5,272.5,3.9,16.0,370.0,418.87,336.52
2016,3,9,15,0,204.0,254.0,3.9,16.0,369.0,419.4,338.42
2016,3,9,15,15,143.0,232.5,3.85,15.5,310.5,344.7,279.21
2016,3,9,15,30,82.0,211.0,3.8,15.0,252.0,267.05,216.79
2016,3,9,15,45,77.0,190.0,3.8,15.0,225.5,238.05,193.67
2016,3,9,16,0,72.0,169.0,3.8,15.0,199.0,209.52,170.49
2016,3,9,16,15,64.0,149.0,3.65,14.5,173.0,181.1,147.28
2016,3,9,16,30,56.0,129.0,3.5,14.0,147.0,153.57,124.41
2016,3,9,16,45,48.5,107.5,3.35,14.0,121.0,125.56,100.53
2016,3,9,17,0,41.0,86.0,3.2,14.0,95.0,98.48,77.14
2016,3,9,17,15,27.0,65.0,3.15,13.5,70.0,71.2,53.71
2016,3,9,17,30,13.0,44.0,3.1,13.0,45.0,45.69,31.8
2016,3,9,17,45,6.5,26.0,3.1,13.0,26.5,25.36,12.38
2016,3,9,18,0,0.0,8.0,3.1,13.0,8.0,7.63,0.0
2016,3,9,18,15,0.0,4.0,3.15,13.0,4.0,0.0,0.0
2016,3,9,18,30,0.0,0.0,3.2,13.0,0.0,0.0,0.0
2016,3,9,18,45,0.0,0.0,3.3,13.0,0.0,0.0,0.0
2016,3,9,19,0,0.0,0.0,3.4,13.0,0.0,0.0,0.0
2016,3,9,19,15,0.0,0.0,3.5,12.5,0.0,0.0,0.0
2016,3,9,19,30,0.0,0.0,3.6,12.0,0.0,0.0,0.0
2016,3,9,19,45,0.0,0.0,3.7,12.0,0.0,0.0,0.0
2016,3,9,20,0,0.0,0.0,3.8,12.0,0.0,0.0,0.0
2016,3,9,20,15,0.0,0.0,3.9,12.0,0.0,0.0,0.0
2016,3,9,20,30,0.0,0.0,4.0,12.0,0.0,0.0,0.0
2016,3,9,20,45,0.0,0.0,4.15,12.0,0.0,0.0,0.0
2016,3,9,21,0,0.0,0.0,4.3,12.0,0.0,0.0,0.0
2016,3,9,21,15,0.0,0.0,4.4,12.0,0.0,0.0,0.0
2016,3,9,21,30,0.0,0.0,4.5,12.0,0.0,0.0,0.0
2016,3,9,21,45,0.0,0.0,4.65,12.0,0.0,0.0,0.0
2016,3,9,22,0,0.0,0.0,4.8,12.0,0.0,0.0,0.0
2016,3,9,22,15,0.0,0.0,4.85,12.0,0.0,0.0,0.0
2016,3,9,22,30,0.0,0.0,4.9,12.0,0.0,0.0,0.0
2016,3,9,22,45,0.0,0.0,5.0,12.0,0.0,0.0,0.0
2016,3,9,23,0,0.0,0.0,5.1,12.0,0.0,0.0,0.0
2016,3,9,23,15,0.0,0.0,5.1,12.0,0.0,0.0,0.0
2016,3,9,23,30,0.0,0.0,5.1,12.0,0.0,0.0,0.0
2016,3,9,23,45,0.0,0.0,5.15,12.0,0.0,0.0,0.0
2016,3,10,0,0,0.0,0.0,5.2,12.0,0.0,0.0,0.0
2016,3,10,0,15,0.0,0.0,5.2,12.0,0.0,0.0,0.0
2016,3,10,0,30,0.0,0.0,5.2,12.0,0.0,0.0,0.0
2016,3,10,0,45,0.0,0.0,5.2,12.0,0.0,0.0,0.0
2016,3,10,1,0,0.0,0.0,5.2,12.0,0.0,0.0,0.0
2016,3,10,1,15,0.0,0.0,5.2,12.0,0.0,0.0,0.0
2016,3,10,1,30,0.0,0.0,5.2,12.0,0.0,0.0,0.0
2016,3,10,1,45,0.0,0.0,5.2,12.0,0.0,0.0,0.0
2016,3,10,2,0,0.0,0.0,5.2,12.0,0.0,0.0,0.0
2016,3,10,2,15,0.0,0.0,5.2,11.5,0.0,0.0,0.0
2016,3,10,2,30,0.0,0.0,5.2,11.0,0.0,0.0,0.0
2016,3,10,2,45,0.0,0.0,5.2,11.0,0.0,0.0,0.0
2016,3,10,3,0,0.0,0.0,5.2,11.0,0.0,0.0,0.0
2016,3,10,3,15,0.0,0.0,5.3,11.0,0.0,0.0,0.0
2016,3,10,3,30,0.0,0.0,5.4,11.0,0.0,0.0,0.0
2016,3,10,3,45,0.0,0.0,5.5,11.5,0.0,0.0,0.0
2016,3,10,4,0,0.0,0.0,5.6,12.0,0.0,0.0,0.0
2016,3,10,4,15,0.0,0.0,5.6,12.0,0.0,0.0,0.0
2016,3,10,4,30,0.0,0.0,5.6,12.0,0.0,0.0,0.0
2016,3,10,4,45,0.0,0.0,5.65,12.0,0.0,0.0,0.0
2016,3,10,5,0,0.0,0.0,5.7,12.0,0.0,0.0,0.0
2016,3,10,5,15,0.0,0.0,5.65,12.0,0.0,0.0,0.0
2016,3,10,5,30,0.0,0.0,5.6,12.0,0.0,0.0,0.0
2016,3,10,5,45,0.0,0.0,5.6,12.0,0.0,0.0,0.0
2016,3,10,6,0,0.0,0.0,5.6,12.0,0.0,0.0,0.0
2016,3,10,6,15,0.0,0.0,5.75,12.0,0.0,0.0,0.0
2016,3,10,6,30,0.0,0.0,5.9,12.0,0.0,0.0,0.0
2016,3,10,6,45,30.0,17.5,6.05,12.5,20.5,20.12,0.0
2016,3,10,7,0,60.0,35.0,6.2,13.0,41.0,45.72,28.52
2016,3,10,7,15,95.0,55.5,6.3,13.0,71.5,78.43,56.69
2016,3,10,7,30,130.0,76.0,6.4,13.0,102.0,115.46,88.86
2016,3,10,7,45,149.5,97.5,6.5,13.5,135.5,152.45,121.52
2016,3,10,8,0,169.0,119.0,6.6,14.0,169.0,191.69,155.74
2016,3,10,8,15,187.0,138.5,6.8,14.0,203.0,230.21,189.21
2016,3,10,8,30,205.0,158.0,7.0,14.0,237.0,270.52,223.73
2016,3,10,8,45,102.5,128.0,7.2,14.5,167.5,190.6,156.56
2016,3,10,9,0,0.0,98.0,7.4,15.0,98.0,91.78,71.85
2016,3,10,9,15,0.0,116.0,7.4,15.0,116.0,109.17,86.21
2016,3,10,9,30,0.0,134.0,7.4,15.0,134.0,126.67,100.5
2016,3,10,9,45,0.0,73.0,7.4,15.5,73.0,67.98,51.32
2016,3,10,10,0,0.0,12.0,7.4,16.0,12.0,11.15,3.69
2016,3,10,10,15,0.0,71.0,7.3,16.0,71.0,66.15,49.49
2016,3,10,10,30,0.0,130.0,7.2,16.0,130.0,122.38,95.73
2016,3,10,10,45,0.0,119.5,7.1,16.0,119.5,112.18,87.18
2016,3,10,11,0,0.0,109.0,7.0,16.0,109.0,102.07,78.77
2016,3,10,11,15,0.0,105.5,6.85,16.0,105.5,98.72,75.94
2016,3,10,11,30,0.0,102.0,6.7,16.0,102.0,95.38,73.14
2016,3,10,11,45,0.0,103.5,6.6,16.0,103.5,96.83,74.28
2016,3,10,12,0,0.0,105.0,6.5,16.0,105.0,98.28,75.43
2016,3,10,12,15,0.0,77.0,6.35,16.0,77.0,71.84,53.73
2016,3,10,12,30,0.0,49.0,6.2,16.0,49.0,45.67,32.19
2016,3,10,12,45,0.0,47.5,6.05,16.0,47.5,44.27,31.05
2016,3,10,13,0,0.0,46.0,5.9,16.0,46.0,42.87,29.91
2016,3,10,13,15,0.0,57.0,5.65,15.5,57.0,53.13,38.49
2016,3,10,13,30,0.0,68.0,5.4,15.0,68.0,63.39,47.12
2016,3,10,13,45,0.0,52.5,5.2,15.0,52.5,48.91,35.15
2016,3,10,14,0,0.0,37.0,5.0,15.0,37.0,34.44,23.16
2016,3,10,14,15,0.0,30.5,4.8,15.0,30.5,28.38,18.14
2016,3,10,14,30,0.0,24.0,4.6,15.0,24.0,22.32,13.11
2016,3,10,14,45,0.0,50.0,4.45,15.0,50.0,46.53,33.46
2016,3,10,15,0,0.0,76.0,4.3,15.0,76.0,70.78,53.84
2016,3,10,15,15,0.0,56.0,4.2,15.0,56.0,52.1,38.31
2016,3,10,15,30,0.0,36.0,4.1,15.0,36.0,33.45,22.71
2016,3,10,15,45,0.0,34.5,4.05,15.0,34.5,32.04,21.6
2016,3,10,16,0,0.0,33.0,4.0,15.0,33.0,30.64,20.48
2016,3,10,16,15,0.0,28.5,4.0,14.5,28.5,26.45,17.01
2016,3,10,16,30,0.0,24.0,4.0,14.0,24.0,22.26,13.49
2016,3,10,16,45,0.0,19.5,4.0,14.0,19.5,18.07,9.9
2016,3,10,17,0,0.0,15.0,4.0,14.0,15.0,13.89,6.26
2016,3,10,17,15,0.0,11.0,4.2,14.0,11.0,10.18,3.0
2016,3,10,17,30,0.0,7.0,4.4,14.0,7.0,6.48,0.0
2016,3,10,17,45,0.0,4.0,4.6,14.0,4.0,3.7,0.0
2016,3,10,18,0,0.0,1.0,4.8,14.0,1.0,0.95,0.0
2016,3,10,18,15,0.0,0.5,4.95,13.5,0.5,0.0,0.0
2016,3,10,18,30,0.0,0.0,5.1,13.0,0.0,0.0,0.0
2016,3,10,18,45,0.0,0.0,5.35,13.0,0.0,0.0,0.0
2016,3,10,19,0,0.0,0.0,5.6,13.0,0.0,0.0,0.0
2016,3,10,19,15,0.0,0.0,5.55,13.0,0.0,0.0,0.0
2016,3,10,19,30,0.0,0.0,5.5,13.0,0.0,0.0,0.0
2016,3,10,19,45,0.0,0.0,5.45,13.0,0.0,0.0,0.0
2016,3,10,20,0,0.0,0.0,5.4,13.0,0.0,0.0,0.0
2016,3,10,20,15,0.0,0.0,5.25,13.0,0.0,0.0,0.0
2016,3,10,20,30,0.0,0.0,5.1,13.0,0.0,0.0,0.0
2016,3,10,20,45,0.0,0.0,4.95,13.0,0.0,0.0,0.0
2016,3,10,21,0,0.0,0.0,4.8,13.0,0.0,0.0,0.0
2016,3,10,21,15,0.0,0.0,4.7,13.0,0.0,0.0,0.0
2016,3,10,21,30,0.0,0.0,4.6,13.0,0.0,0.0,0.0
2016,3,10,21,45,0.0,0.0,4.5,13.0,0.0,0.0,0.0
2016,3,10,22,0,0.0,0.0,4.4,13.0,0.0,0.0,0.0
2016,3,10,22,15,0.0,0.0,4.4,13.0,0.0,0.0,0.0
2016,3,10,22,30,0.0,0.0,4.4,13.0,0.0,0.0,0.0
2016,3,10,22,45,0.0,0.0,4.4,13.0,0.0,0.0,0.0
2016,3,10,23,0,0.0,0.0,4.4,13.0,0.0,0.0,0.0
2016,3,10,23,15,0.0,0.0,4.45,13.0,0.0,0.0,0.0
2016,3,10,23,30,0.0,0.0,4.5,13.0,0.0,0.0,0.0
2016,3,10,23,45,0.0,0.0,4.6,13.0,0.0,0.0,0.0
2016,3,11,0,0,0.0,0.0,4.7,13.0,0.0,0.0,0.0
2016,3,11,0,15,0.0,0.0,4.9,13.0,0.0,0.0,0.0
2016,3,11,0,30,0.0,0.0,5.1,13.0,0.0,0.0,0.0
2016,3,11,0,45,0.0,0.0,5.3,13.0,0.0,0.0,0.0
2016,3,11,1,0,0.0,0.0,5.5,13.0,0.0,0.0,0.0
2016,3,11,1,15,0.0,0.0,5.7,13.0,0.0,0.0,0.0
2016,3,11,1,30,0.0,0.0,5.9,13.0,0.0,0.0,0.0
2016,3,11,1,45,0.0,0.0,6.1,13.0,0.0,0.0,0.0
2016,3,11,2,0,0.0,0.0,6.3,13.0,0.0,0.0,0.0
2016,3,11,2,15,0.0,0.0,6.5,13.0,0.0,0.0,0.0
2016,3,11,2,30,0.0,0.0,6.7,13.0,0.0,0.0,0.0
2016,3,11,2,45,0.0,0.0,6.9,13.0,0.0,0.0,0.0
2016,3,11,3,0,0.0,0.0,7.1,13.0,0.0,0.0,0.0
2016,3,11,3,15,0.0,0.0,7.35,13.0,0.0,0.0,0.0
2016,3,11,3,30,0.0,0.0,7.6,13.0,0.0,0.0,0.0
2016,3,11,3,45,0.0,0.0,7.85,13.0,0.0,0.0,0.0
2016,3,11,4,0,0.0,0.0,8.1,13.0,0.0,0.0,0.0
2016,3,11,4,15,0.0,0.0,8.3,13.0,0.0,0.0,0.0
2016,3,11,4,30,0.0,0.0,8.5,13.0,0.0,0.0,0.0
2016,3,11,4,45,0.0,0.0,8.75,13.0,0.0,0.0,0.0
2016,3,11,5,0,0.0,0.0,9.0,13.0,0.0,0.0,0.0
2016,3,11,5,15,0.0,0.0,9.4,13.0,0.0,0.0,0.0
2016,3,11,5,30,0.0,0.0,9.8,13.0,0.0,0.0,0.0
2016,3,11,5,45,0.0,0.0,10.25,13.0,0.0,0.0,0.0
2016,3,11,6,0,0.0,0.0,10.7,13.0,0.0,0.0,0.0
2016,3,11,6,15,0.0,0.0,10.75,12.5,0.0,0.0,0.0
2016,3,11,6,30,0.0,0.0,10.8,12.0,0.0,0.0,0.0
2016,3,11,6,45,0.0,14.5,10.85,12.0,14.5,13.45,0.0
2016,3,11,7,0,0.0,29.0,10.9,12.0,29.0,27.04,16.32
2016,3,11,7,15,1.5,49.5,10.5,12.0,50.0,47.14,34.14
2016,3,11,7,30,3.0,70.0,10.1,12.0,71.0,67.47,52.04
2016,3,11,7,45,11.0,90.5,9.75,12.0,93.5,90.31,71.84
2016,3,11,8,0,19.0,111.0,9.4,12.0,116.0,114.16,92.4
2016,3,11,8,15,24.5,130.5,9.25,12.0,138.5,141.08,115.41
2016,3,11,8,30,30.0,150.0,9.1,12.0,161.0,165.2,135.8
2016,3,11,8,45,15.0,98.0,8.95,12.0,103.5,100.51,80.62
2016,3,11,9,0,0.0,46.0,8.8,12.0,46.0,42.76,30.98
2016,3,11,9,15,0.0,44.0,8.55,12.0,44.0,40.91,29.31
2016,3,11,9,30,0.0,42.0,8.3,12.0,42.0,39.05,27.64
2016,3,11,9,45,8.0,131.5,8.05,12.5,137.0,130.06,104.35
2016,3,11,10,0,16.0,221.0,7.8,13.0,232.0,226.14,183.49
2016,3,11,10,15,8.0,157.5,7.75,13.0,163.0,156.0,125.1
2016,3,11,10,30,0.0,94.0,7.7,13.0,94.0,87.67,67.91
2016,3,11,10,45,13.0,184.5,7.7,13.0,194.0,187.49,150.92
2016,3,11,11,0,26.0,275.0,7.7,13.0,294.0,291.4,235.64
2016,3,11,11,15,31.5,292.0,7.7,13.0,315.5,327.73,264.72
2016,3,11,11,30,37.0,309.0,7.7,13.0,337.0,352.0,284.11
2016,3,11,11,45,464.5,212.5,7.7,13.0,562.5,697.55,572.04
2016,3,11,12,0,892.0,116.0,7.7,13.0,788.0,999.86,804.1
2016,3,11,12,15,630.0,226.5,7.75,13.0,701.5,884.15,715.64
2016,3,11,12,30,368.0,337.0,7.8,13.0,615.0,732.69,592.2
2016,3,11,12,45,284.0,351.0,7.9,13.0,564.0,665.23,538.21
2016,3,11,13,0,200.0,365.0,8.0,13.0,513.0,583.88,472.69
2016,3,11,13,15,239.5,351.0,8.15,13.0,525.5,602.52,489.43
2016,3,11,13,30,279.0,337.0,8.3,13.0,538.0,632.17,514.32
2016,3,11,13,45,196.0,330.0,8.5,13.0,469.5,530.05,432.27
2016,3,11,14,0,113.0,323.0,8.7,13.0,401.0,432.16,352.39
2016,3,11,14,15,58.0,252.0,8.65,12.5,292.0,304.5,248.83
2016,3,11,14,30,3.0,181.0,8.6,12.0,183.0,175.21,141.4
2016,3,11,14,45,1.5,96.0,8.6,12.0,97.0,90.75,71.16
2016,3,11,15,0,0.0,11.0,8.6,12.0,11.0,10.22,3.05
2016,3,11,15,15,0.0,25.0,8.55,11.5,25.0,23.23,14.22
2016,3,11,15,30,0.0,39.0,8.5,11.0,39.0,36.24,25.48
2016,3,11,15,45,0.0,50.0,8.5,11.0,50.0,46.48,34.36
2016,3,11,16,0,0.0,61.0,8.5,11.0,61.0,56.73,43.28
2016,3,11,16,15,0.0,53.0,8.45,10.5,53.0,49.26,37.04
2016,3,11,16,30,0.0,45.0,8.4,10.0,45.0,41.8,30.71
2016,3,11,16,45,0.0,37.0,8.4,10.0,37.0,34.35,24.25
2016,3,11,17,0,0.0,29.0,8.4,10.0,29.0,26.9,17.7
2016,3,11,17,15,0.0,21.5,8.35,10.0,21.5,19.93,11.5
2016,3,11,17,30,0.0,14.0,8.3,10.0,14.0,12.97,5.29
2016,3,11,17,45,0.0,8.0,8.25,10.0,8.0,7.4,0.0
2016,3,11,18,0,0.0,2.0,8.2,10.0,2.0,1.91,0.0
2016,3,11,18,15,0.0,1.0,8.2,10.0,1.0,0.0,0.0
2016,3,11,18,30,0.0,0.0,8.2,10.0,0.0,0.0,0.0
2016,3,11,18,45,0.0,0.0,8.2,10.0,0.0,0.0,0.0
2016,3,11,19,0,0.0,0.0,8.2,10.0,0.0,0.0,0.0
2016,3,11,19,15,0.0,0.0,8.1,10.0,0.0,0.0,0.0
2016,3,11,19,30,0.0,0.0,8.0,10.0,0.0,0.0,0.0
2016,3,11,19,45,0.0,0.0,7.95,10.0,0.0,0.0,0.0
2016,3,11,20,0,0.0,0.0,7.9,10.0,0.0,0.0,0.0
2016,3,11,20,15,0.0,0.0,7.8,10.0,0.0,0.0,0.0
2016,3,11,20,30,0.0,0.0,7.7,10.0,0.0,0.0,0.0
2016,3,11,20,45,0.0,0.0,7.6,10.0,0.0,0.0,0.0
2016,3,11,21,0,0.0,0.0,7.5,10.0,0.0,0.0,0.0
2016,3,11,21,15,0.0,0.0,7.3,10.0,0.0,0.0,0.0
2016,3,11,21,30,0.0,0.0,7.1,10.0,0.0,0.0,0.0
2016,3,11,21,45,0.0,0.0,6.9,10.0,0.0,0.0,0.0
2016,3,11,22,0,0.0,0.0,6.7,10.0,0.0,0.0,0.0
2016,3,11,22,15,0.0,0.0,6.5,10.0,0.0,0.0,0.0
2016,3,11,22,30,0.0,0.0,6.3,10.0,0.0,0.0,0.0
2016,3,11,22,45,0.0,0.0,6.15,10.0,0.0,0.0,0.0
2016,3,11,23,0,0.0,0.0,6.0,10.0,0.0,0.0,0.0
2016,3,11,23,15,0.0,0.0,5.8,10.0,0.0,0.0,0.0
2016,3,11,23,30,0.0,0.0,5.6,10.0,0.0,0.0,0.0
2016,3,11,23,45,0.0,0.0,5.45,10.0,0.0,0.0,0.0
2016,3,12,0,0,0.0,0.0,5.3,10.0,0.0,0.0,0.0
2016,3,12,0,15,0.0,0.0,5.05,9.5,0.0,0.0,0.0
2016,3,12,0,30,0.0,0.0,4.8,9.0,0.0,0.0,0.0
2016,3,12,0,45,0.0,0.0,4.6,9.0,0.0,0.0,0.0
2016,3,12,1,0,0.0,0.0,4.4,9.0,0.0,0.0,0.0
2016,3,12,1,15,0.0,0.0,4.3,9.0,0.0,0.0,0.0
2016,3,12,1,30,0.0,0.0,4.2,9.0,0.0,0.0,0.0
2016,3,12,1,45,0.0,0.0,4.1,9.0,0.0,0.0,0.0
2016,3,12,2,0,0.0,0.0,4.0,9.0,0.0,0.0,0.0
2016,3,12,2,15,0.0,0.0,3.95,9.0,0.0,0.0,0.0
2016,3,12,2,30,0.0,0.0,3.9,9.0,0.0,0.0,0.0
2016,3,12,2,45,0.0,0.0,3.85,9.0,0.0,0.0,0.0
2016,3,12,3,0,0.0,0.0,3.8,9.0,0.0,0.0,0.0
2016,3,12,3,15,0.0,0.0,3.7,9.0,0.0,0.0,0.0
2016,3,12,3,30,0.0,0.0,3.6,9.0,0.0,0.0,0.0
2016,3,12,3,45,0.0,0.0,3.55,9.0,0.0,0.0,0.0
2016,3,12,4,0,0.0,0.0,3.5,9.0,0.0,0.0,0.0
2016,3,12,4,15,0.0,0.0,3.5,9.0,0.0,0.0,0.0
2016,3,12,4,30,0.0,0.0,3.5,9.0,0.0,0.0,0.0
2016,3,12,4,45,0.0,0.0,3.55,9.5,0.0,0.0,0.0
2016,3,12,5,0,0.0,0.0,3.6,10.0,0.0,0.0,0.0
2016,3,12,5,15,0.0,0.0,3.75,10.0,0.0,0.0,0.0
2016,3,12,5,30,0.0,0.0,3.9,10.0,0.0,0.0,0.0
2016,3,12,5,45,0.0,0.0,4.1,10.0,0.0,0.0,0.0
2016,3,12,6,0,0.0,0.0,4.3,10.0,0.0,0.0,0.0
2016,3,12,6,15,0.0,0.0,4.55,10.0,0.0,0.0,0.0
2016,3,12,6,30,0.0,0.0,4.8,10.0,0.0,0.0,0.0
2016,3,12,6,45,0.0,7.0,5.05,10.5,7.0,6.48,0.0
2016,3,12,7,0,0.0,14.0,5.3,11.0,14.0,12.97,5.03
2016,3,12,7,15,0.0,24.5,5.6,11.0,24.5,22.72,13.71
2016,3,12,7,30,0.0,35.0,5.9,11.0,35.0,32.49,22.37
2016,3,12,7,45,0.0,46.5,6.2,11.0,46.5,43.2,31.78
2016,3,12,8,0,0.0,58.0,6.5,11.0,58.0,53.93,41.09
2016,3,12,8,15,0.0,69.5,6.7,11.0,69.5,64.66,50.28
2016,3,12,8,30,0.0,81.0,6.9,11.0,81.0,75.58,59.53
2016,3,12,8,45,33.5,141.5,7.1,11.5,157.5,158.99,130.59
2016,3,12,9,0,67.0,202.0,7.3,12.0,234.0,245.48,202.92
2016,3,12,9,15,38.5,196.5,7.4,12.0,215.0,222.9,183.13
2016,3,12,9,30,10.0,191.0,7.5,12.0,196.0,190.69,155.22
2016,3,12,9,45,5.5,181.5,7.65,12.5,184.0,177.73,143.73
2016,3,12,10,0,1.0,172.0,7.8,13.0,172.0,164.61,132.16
2016,3,12,10,15,2.0,178.5,7.8,13.0,180.0,171.79,137.87
2016,3,12,10,30,3.0,185.0,7.8,13.0,188.0,179.06,143.64
2016,3,12,10,45,4.0,190.0,7.8,13.0,193.5,184.91,148.27
2016,3,12,11,0,5.0,195.0,7.8,13.0,199.0,190.82,152.97
2016,3,12,11,15,44.0,271.5,7.8,13.0,304.5,316.87,256.74
2016,3,12,11,30,83.0,348.0,7.8,13.0,410.0,438.54,354.75
2016,3,12,11,45,44.5,276.0,7.8,13.0,309.5,323.37,261.35
2016,3,12,12,0,6.0,204.0,7.8,13.0,209.0,200.9,160.7
2016,3,12,12,15,6.5,205.5,7.8,13.0,210.5,202.89,162.42
2016,3,12,12,30,7.0,207.0,7.8,13.0,212.0,204.87,164.06
2016,3,12,12,45,5.5,196.5,7.85,13.0,201.0,192.92,154.3
2016,3,12,13,0,4.0,186.0,7.9,13.0,190.0,181.02,144.59
2016,3,12,13,15,2.5,176.5,7.9,13.0,179.0,170.17,135.74
2016,3,12,13,30,1.0,167.0,7.9,13.0,168.0,159.39,126.94
2016,3,12,13,45,0.5,131.0,7.9,13.0,131.5,123.74,97.67
2016,3,12,14,0,0.0,95.0,7.9,13.0,95.0,88.64,68.64
2016,3,12,14,15,2.5,144.0,7.8,13.0,145.5,138.12,110.01
2016,3,12,14,30,5.0,193.0,7.7,13.0,196.0,188.78,152.12
2016,3,12,14,45,37.0,221.5,7.65,13.0,243.0,251.56,205.12
2016,3,12,15,0,69.0,250.0,7.6,13.0,290.0,305.01,250.03
2016,3,12,15,15,34.5,168.5,7.45,13.0,188.5,191.13,155.88
2016,3,12,15,30,0.0,87.0,7.3,13.0,87.0,81.06,63.19
2016,3,12,15,45,0.0,63.0,7.15,13.0,63.0,58.6,44.37
2016,3,12,16,0,0.0,39.0,7.0,13.0,39.0,36.22,25.41
2016,3,12,16,15,0.0,34.0,6.9,13.0,34.0,31.56,21.49
2016,3,12,16,30,0.0,29.0,6.8,13.0,29.0,26.91,17.54
2016,3,12,16,45,0.0,23.5,6.7,13.0,23.5,21.79,13.14
2016,3,12,17,0,0.0,18.0,6.6,13.0,18.0,16.68,8.69
2016,3,12,17,15,0.0,13.5,6.45,12.5,13.5,12.5,5.03
2016,3,12,17,30,0.0,9.0,6.3,12.0,9.0,8.33,1.34
2016,3,12,17,45,0.0,5.0,6.15,12.0,5.0,4.62,0.0
2016,3,12,18,0,0.0,1.0,6.0,12.0,1.0,0.92,0.0
2016,3,12,18,15,0.0,0.5,6.0,12.0,0.5,0.48,0.0
2016,3,12,18,30,0.0,0.0,6.0,12.0,0.0,0.0,0.0
2016,3,12,18,45,0.0,0.0,6.0,12.0,0.0,0.0,0.0
2016,3,12,19,0,0.0,0.0,6.0,12.0,0.0,0.0,0.0
2016,3,12,19,15,0.0,0.0,5.95,12.0,0.0,0.0,0.0
2016,3,12,19,30,0.0,0.0,5.9,12.0,0.0,0.0,0.0
2016,3,12,19,45,0.0,0.0,5.85,12.0,0.0,0.0,0.0
2016,3,12,20,0,0.0,0.0,5.8,12.0,0.0,0.0,0.0
2016,3,12,20,15,0.0,0.0,5.7,12.0,0.0,0.0,0.0
2016,3,12,20,30,0.0,0.0,5.6,12.0,0.0,0.0,0.0
2016,3,12,20,45,0.0,0.0,5.6,12.0,0.0,0.0,0.0
2016,3,12,21,0,0.0,0.0,5.6,12.0,0.0,0.0,0.0
2016,3,12,21,15,0.0,0.0,5.5,12.0,0.0,0.0,0.0
2016,3,12,21,30,0.0,0.0,5.4,12.0,0.0,0.0,0.0
2016,3,12,21,45,0.0,0.0,5.35,12.0,0.0,0.0,0.0
2016,3,12,22,0,0.0,0.0,5.3,12.0,0.0,0.0,0.0
2016,3,12,22,15,0.0,0.0,5.25,12.0,0.0,0.0,0.0
2016,3,12,22,30,0.0,0.0,5.2,12.0,0.0,0.0,0.0
2016,3,12,22,45,0.0,0.0,5.2,12.0,0.0,0.0,0.0
2016,3,12,23,0,0.0,0.0,5.2,12.0,0.0,0.0,0.0
2016,3,12,23,15,0.0,0.0,5.2,12.0,0.0,0.0,0.0
2016,3,12,23,30,0.0,0.0,5.2,12.0,0.0,0.0,0.0
2016,3,12,23,45,0.0,0.0,5.25,12.0,0.0,0.0,0.0
2016,3,13,0,0,0.0,0.0,5.3,12.0,0.0,0.0,0.0
2016,3,13,0,15,0.0,0.0,5.35,12.0,0.0,0.0,0.0
2016,3,13,0,30,0.0,0.0,5.4,12.0,0.0,0.0,0.0
2016,3,13,0,45,0.0,0.0,5.45,12.0,0.0,0.0,0.0
2016,3,13,1,0,0.0,0.0,5.5,12.0,0.0,0.0,0.0
2016,3,13,1,15,0.0,0.0,5.55,12.0,0.0,0.0,0.0
2016,3,13,1,30,0.0,0.0,5.6,12.0,0.0,0.0,0.0
2016,3,13,1,45,0.0,0.0,5.65,12.0,0.0,0.0,0.0
2016,3,13,2,0,0.0,0.0,5.7,12.0,0.0,0.0,0.0
2016,3,13,2,15,0.0,0.0,5.6,12.0,0.0,0.0,0.0
2016,3,13,2,30,0.0,0.0,5.5,12.0,0.0,0.0,0.0
2016,3,13,2,45,0.0,0.0,5.45,12.0,0.0,0.0,0.0
2016,3,13,3,0,0.0,0.0,5.4,12.0,0.0,0.0,0.0
2016,3,13,3,15,0.0,0.0,5.3,12.0,0.0,0.0,0.0
2016,3,13,3,30,0.0,0.0,5.2,12.0,0.0,0.0,0.0
2016,3,13,3,45,0.0,0.0,5.1,12.0,0.0,0.0,0.0
2016,3,13,4,0,0.0,0.0,5.0,12.0,0.0,0.0,0.0
2016,3,13,4,15,0.0,0.0,5.0,12.0,0.0,0.0,0.0
2016,3,13,4,30,0.0,0.0,5.0,12.0,0.0,0.0,0.0
2016,3,13,4,45,0.0,0.0,5.05,12.0,0.0,0.0,0.0
2016,3,13,5,0,0.0,0.0,5.1,12.0,0.0,0.0,0.0
2016,3,13,5,15,0.0,0.0,5.05,12.0,0.0,0.0,0.0
2016,3,13,5,30,0.0,0.0,5.0,12.0,0.0,0.0,0.0
2016,3,13,5,45,0.0,0.0,5.0,12.0,0.0,0.0,0.0
2016,3,13,6,0,0.0,0.0,5.0,12.0,0.0,0.0,0.0
2016,3,13,6,15,0.0,0.0,5.2,12.0,0.0,0.0,0.0
2016,3,13,6,30,0.0,0.0,5.4,12.0,0.0,0.0,0.0
2016,3,13,6,45,0.0,2.0,5.6,12.5,2.0,1.85,0.0
2016,3,13,7,0,0.0,4.0,5.8,13.0,4.0,3.7,0.0
2016,3,13,7,15,0.0,7.5,5.9,13.0,7.5,6.94,0.23
2016,3,13,7,30,0.0,11.0,6.0,13.0,11.0,10.18,3.08
2016,3,13,7,45,0.0,14.5,6.1,13.0,14.5,13.43,5.93
2016,3,13,8,0,0.0,18.0,6.2,13.0,18.0,16.69,8.74
2016,3,13,8,15,0.0,21.5,6.25,13.0,21.5,19.94,11.53
2016,3,13,8,30,0.0,25.0,6.3,13.0,25.0,23.2,14.29
2016,3,13,8,45,0.0,38.0,6.35,13.0,38.0,35.3,24.58
2016,3,13,9,0,0.0,51.0,6.4,13.0,51.0,47.42,34.81
2016,3,13,9,15,0.0,63.0,6.45,13.0,63.0,58.62,44.18
2016,3,13,9,30,0.0,75.0,6.5,13.0,75.0,69.84,53.5
2016,3,13,9,45,0.0,82.0,6.55,13.0,82.0,76.4,58.86
2016,3,13,10,0,0.0,89.0,6.6,13.0,89.0,82.96,64.21
2016,3,13,10,15,0.0,128.0,6.6,13.0,128.0,120.4,95.23
2016,3,13,10,30,0.0,167.0,6.6,13.0,167.0,158.54,126.52
2016,3,13,10,45,0.0,139.5,6.6,13.5,139.5,131.54,103.87
2016,3,13,11,0,0.0,112.0,6.6,14.0,112.0,104.95,81.66
2016,3,13,11,15,0.0,98.0,6.6,14.0,98.0,91.55,70.54
2016,3,13,11,30,0.0,84.0,6.6,14.0,84.0,78.38,59.6
2016,3,13,11,45,4.5,156.0,6.6,14.0,159.5,151.96,120.27
2016,3,13,12,0,9.0,228.0,6.6,14.0,235.0,227.78,181.89
2016,3,13,12,15,7.5,215.5,6.6,14.0,221.5,213.79,170.42
2016,3,13,12,30,6.0,203.0,6.6,14.0,208.0,199.84,159.09
2016,3,13,12,45,3.0,180.5,6.65,14.0,183.5,174.6,138.52
2016,3,13,13,0,0.0,158.0,6.7,14.0,159.0,149.58,118.06
2016,3,13,13,15,0.0,120.5,6.65,14.0,121.0,113.15,88.28
2016,3,13,13,30,0.0,83.0,6.6,14.0,83.0,77.43,58.88
2016,3,13,13,45,2.5,139.5,6.6,14.0,141.0,133.8,105.63
2016,3,13,14,0,5.0,196.0,6.6,14.0,199.0,191.69,153.24
2016,3,13,14,15,2.5,168.0,6.5,14.0,169.5,161.69,128.77
2016,3,13,14,30,0.0,140.0,6.4,14.0,140.0,132.11,104.58
2016,3,13,14,45,0.5,156.0,6.3,14.0,156.5,148.33,118.23
2016,3,13,15,0,1.0,172.0,6.2,14.0,173.0,164.78,132.09
2016,3,13,15,15,0.5,154.5,6.1,14.0,155.0,147.21,117.86
2016,3,13,15,30,0.0,137.0,6.0,14.0,137.0,129.77,103.68
2016,3,13,15,45,0.0,116.5,5.95,14.0,116.5,109.82,87.3
2016,3,13,16,0,0.0,96.0,5.9,14.0,96.0,90.0,70.88
2016,3,13,16,15,0.0,83.5,5.85,13.5,83.5,78.07,61.1
2016,3,13,16,30,0.0,71.0,5.8,13.0,71.0,66.19,51.21
2016,3,13,16,45,0.0,58.5,5.75,13.0,58.5,54.4,41.15
2016,3,13,17,0,0.0,46.0,5.7,13.0,46.0,42.74,31.06
2016,3,13,17,15,0.0,34.0,5.55,13.0,34.0,31.56,21.28
2016,3,13,17,30,0.0,22.0,5.4,13.0,22.0,20.4,11.46
2016,3,13,17,45,0.0,13.0,5.3,13.0,13.0,12.04,3.75
2016,3,13,18,0,0.0,4.0,5.2,13.0,4.0,3.7,0.0
2016,3,13,18,15,0.0,2.0,5.05,13.0,2.0,1.91,0.0
2016,3,13,18,30,0.0,0.0,4.9,13.0,0.0,0.0,0.0
2016,3,13,18,45,0.0,0.0,4.75,13.0,0.0,0.0,0.0
2016,3,13,19,0,0.0,0.0,4.6,13.0,0.0,0.0,0.0
2016,3,13,19,15,0.0,0.0,4.35,12.5,0.0,0.0,0.0
2016,3,13,19,30,0.0,0.0,4.1,12.0,0.0,0.0,0.0
2016,3,13,19,45,0.0,0.0,3.85,12.0,0.0,0.0,0.0
2016,3,13,20,0,0.0,0.0,3.6,12.0,0.0,0.0,0.0
2016,3,13,20,15,0.0,0.0,3.55,12.0,0.0,0.0,0.0
2016,3,13,20,30,0.0,0.0,3.5,12.0,0.0,0.0,0.0
2016,3,13,20,45,0.0,0.0,3.5,12.0,0.0,0.0,0.0
2016,3,13,21,0,0.0,0.0,3.5,12.0,0.0,0.0,0.0
2016,3,13,21,15,0.0,0.0,3.55,11.5,0.0,0.0,0.0
2016,3,13,21,30,0.0,0.0,3.6,11.0,0.0,0.0,0.0
2016,3,13,21,45,0.0,0.0,3.65,11.0,0.0,0.0,0.0
2016,3,13,22,0,0.0,0.0,3.7,11.0,0.0,0.0,0.0
2016,3,13,22,15,0.0,0.0,3.7,11.0,0.0,0.0,0.0
2016,3,13,22,30,0.0,0.0,3.7,11.0,0.0,0.0,0.0
2016,3,13,22,45,0.0,0.0,3.75,11.0,0.0,0.0,0.0
2016,3,13,23,0,0.0,0.0,3.8,11.0,0.0,0.0,0.0
2016,3,13,23,15,0.0,0.0,3.8,11.0,0.0,0.0,0.0
2016,3,13,23,30,0.0,0.0,3.8,11.0,0.0,0.0,0.0
2016,3,13,23,45,0.0,0.0,3.8,11.0,0.0,0.0,0.0
2016,3,14,0,0,0.0,0.0,3.8,11.0,0.0,0.0,0.0
2016,3,14,0,15,0.0,0.0,3.8,11.0,0.0,0.0,0.0
2016,3,14,0,30,0.0,0.0,3.8,11.0,0.0,0.0,0.0
2016,3,14,0,45,0.0,0.0,3.85,11.0,0.0,0.0,0.0
2016,3,14,1,0,0.0,0.0,3.9,11.0,0.0,0.0,0.0
2016,3,14,1,15,0.0,0.0,3.95,11.0,0.0,0.0,0.0
2016,3,14,1,30,0.0,0.0,4.0,11.0,0.0,0.0,0.0
2016,3,14,1,45,0.0,0.0,4.1,11.0,0.0,0.0,0.0
2016,3,14,2,0,0.0,0.0,4.2,11.0,0.0,0.0,0.0
2016,3,14,2,15,0.0,0.0,4.3,10.5,0.0,0.0,0.0
2016,3,14,2,30,0.0,0.0,4.4,10.0,0.0,0.0,0.0
2016,3,14,2,45,0.0,0.0,4.5,10.0,0.0,0.0,0.0
2016,3,14,3,0,0.0,0.0,4.6,10.0,0.0,0.0,0.0
2016,3,14,3,15,0.0,0.0,4.6,10.0,0.0,0.0,0.0
2016,3,14,3,30,0.0,0.0,4.6,10.0,0.0,0.0,0.0
2016,3,14,3,45,0.0,0.0,4.7,10.0,0.0,0.0,0.0
2016,3,14,4,0,0.0,0.0,4.8,10.0,0.0,0.0,0.0
2016,3,14,4,15,0.0,0.0,4.7,10.0,0.0,0.0,0.0
2016,3,14,4,30,0.0,0.0,4.6,10.0,0.0,0.0,0.0
2016,3,14,4,45,0.0,0.0,4.6,10.0,0.0,0.0,0.0
2016,3,14,5,0,0.0,0.0,4.6,10.0,0.0,0.0,0.0
2016,3,14,5,15,0.0,0.0,4.5,10.0,0.0,0.0,0.0
2016,3,14,5,30,0.0,0.0,4.4,10.0,0.0,0.0,0.0
2016,3,14,5,45,0.0,0.0,4.3,10.0,0.0,0.0,0.0
2016,3,14,6,0,0.0,0.0,4.2,10.0,0.0,0.0,0.0
2016,3,14,6,15,0.0,0.0,4.25,10.0,0.0,0.0,0.0
2016,3,14,6,30,0.0,0.0,4.3,10.0,0.0,0.0,0.0
2016,3,14,6,45,80.5,24.0,4.35,10.5,33.5,33.67,13.68
2016,3,14,7,0,161.0,48.0,4.4,11.0,67.0,78.65,52.88
2016,3,14,7,15,235.5,66.0,4.4,11.0,109.5,125.19,92.15
2016,3,14,7,30,310.0,84.0,4.4,11.0,152.0,184.63,143.7
2016,3,14,7,45,359.5,99.0,4.4,11.0,197.5,238.02,191.37
2016,3,14,8,0,409.0,114.0,4.4,11.0,243.0,296.88,243.27
2016,3,14,8,15,481.0,112.5,4.35,11.0,289.0,354.21,293.27
2016,3,14,8,30,553.0,111.0,4.3,11.0,335.0,422.11,351.15
2016,3,14,8,45,533.0,133.0,4.25,11.5,370.5,460.79,382.81
2016,3,14,9,0,513.0,155.0,4.2,12.0,406.0,499.94,413.53
2016,3,14,9,15,527.5,166.0,4.1,12.0,444.0,547.42,451.0
2016,3,14,9,30,542.0,177.0,4.0,12.0,482.0,594.73,487.51
2016,3,14,9,45,486.0,210.5,3.95,12.5,498.5,611.84,497.65
2016,3,14,10,0,430.0,244.0,3.9,13.0,515.0,622.67,502.69
2016,3,14,10,15,519.5,224.5,3.85,13.0,567.5,693.45,557.72
2016,3,14,10,30,609.0,205.0,3.8,13.0,620.0,771.97,617.01
2016,3,14,10,45,554.5,234.5,3.8,13.0,622.5,768.63,611.9
2016,3,14,11,0,500.0,264.0,3.8,13.0,625.0,764.6,606.68
2016,3,14,11,15,456.0,291.0,3.8,13.0,626.5,763.06,603.57
2016,3,14,11,30,412.0,318.0,3.8,13.0,628.0,745.83,589.26
2016,3,14,11,45,471.0,297.0,3.85,13.5,655.0,797.91,627.81
2016,3,14,12,0,530.0,276.0,3.9,14.0,682.0,836.59,656.09
2016,3,14,12,15,557.0,267.0,3.95,14.0,694.5,854.96,669.98
2016,3,14,12,30,584.0,258.0,4.0,14.0,707.0,870.75,682.21
2016,3,14,12,45,567.5,264.0,4.05,14.0,697.0,857.88,672.73
2016,3,14,13,0,551.0,270.0,4.1,14.0,687.0,842.61,661.77
2016,3,14,13,15,585.0,248.0,4.25,14.0,682.5,842.62,664.22
2016,3,14,13,30,619.0,226.0,4.4,14.0,678.0,843.16,667.18
2016,3,14,13,45,606.5,225.5,4.55,14.0,657.5,816.45,648.88
2016,3,14,14,0,594.0,225.0,4.7,14.0,637.0,784.35,626.61
2016,3,14,14,15,595.5,208.0,4.8,13.5,606.0,748.4,602.68
2016,3,14,14,30,597.0,191.0,4.9,13.0,575.0,714.63,579.77
2016,3,14,14,45,681.5,159.5,5.05,13.0,574.0,724.09,590.16
2016,3,14,15,0,766.0,128.0,5.2,13.0,573.0,723.92,592.59
2016,3,14,15,15,744.0,124.0,5.25,13.0,530.0,669.71,550.7
2016,3,14,15,30,722.0,120.0,5.3,13.0,487.0,615.16,507.79
2016,3,14,15,45,692.0,114.5,5.4,13.0,440.0,554.16,458.79
2016,3,14,16,0,662.0,109.0,5.5,13.0,393.0,494.31,409.41
2016,3,14,16,15,621.0,102.5,5.4,12.5,343.0,429.48,355.02
2016,3,14,16,30,580.0,96.0,5.3,12.0,293.0,367.76,301.74
2016,3,14,16,45,520.0,87.5,5.25,12.0,242.0,300.24,242.17
2016,3,14,17,0,460.0,79.0,5.2,12.0,191.0,237.14,185.65
2016,3,14,17,15,372.5,66.5,5.15,11.5,143.0,171.8,128.4
2016,3,14,17,30,285.0,54.0,5.1,11.0,95.0,116.96,81.28
2016,3,14,17,45,142.5,37.0,5.05,10.5,57.5,58.9,35.27
2016,3,14,18,0,0.0,20.0,5.0,10.0,20.0,18.55,0.0
2016,3,14,18,15,0.0,10.0,4.95,10.0,10.0,9.53,0.0
2016,3,14,18,30,0.0,0.0,4.9,10.0,0.0,0.0,0.0
2016,3,14,18,45,0.0,0.0,4.85,10.0,0.0,0.0,0.0
2016,3,14,19,0,0.0,0.0,4.8,10.0,0.0,0.0,0.0
2016,3,14,19,15,0.0,0.0,4.7,9.5,0.0,0.0,0.0
2016,3,14,19,30,0.0,0.0,4.6,9.0,0.0,0.0,0.0
2016,3,14,19,45,0.0,0.0,4.5,9.0,0.0,0.0,0.0
2016,3,14,20,0,0.0,0.0,4.4,9.0,0.0,0.0,0.0
2016,3,14,20,15,0.0,0.0,4.35,9.0,0.0,0.0,0.0
2016,3,14,20,30,0.0,0.0,4.3,9.0,0.0,0.0,0.0
2016,3,14,20,45,0.0,0.0,4.25,9.0,0.0,0.0,0.0
2016,3,14,21,0,0.0,0.0,4.2,9.0,0.0,0.0,0.0
2016,3,14,21,15,0.0,0.0,4.1,9.0,0.0,0.0,0.0
2016,3,14,21,30,0.0,0.0,4.0,9.0,0.0,0.0,0.0
2016,3,14,21,45,0.0,0.0,3.9,9.0,0.0,0.0,0.0
2016,3,14,22,0,0.0,0.0,3.8,9.0,0.0,0.0,0.0
2016,3,14,22,15,0.0,0.0,3.7,9.0,0.0,0.0,0.0
2016,3,14,22,30,0.0,0.0,3.6,9.0,0.0,0.0,0.0
2016,3,14,22,45,0.0,0.0,3.55,9.0,0.0,0.0,0.0
2016,3,14,23,0,0.0,0.0,3.5,9.0,0.0,0.0,0.0
2016,3,14,23,15,0.0,0.0,3.45,9.0,0.0,0.0,0.0
2016,3,14,23,30,0.0,0.0,3.4,9.0,0.0,0.0,0.0
2016,3,14,23,45,0.0,0.0,3.4,9.0,0.0,0.0,0.0
2016,3,15,0,0,0.0,0.0,3.4,9.0,0.0,0.0,0.0
2016,3,15,0,15,0.0,0.0,3.45,9.0,0.0,0.0,0.0
2016,3,15,0,30,0.0,0.0,3.5,9.0,0.0,0.0,0.0
2016,3,15,0,45,0.0,0.0,3.55,9.0,0.0,0.0,0.0
2016,3,15,1,0,0.0,0.0,3.6,9.0,0.0,0.0,0.0
2016,3,15,1,15,0.0,0.0,3.6,8.5,0.0,0.0,0.0
2016,3,15,1,30,0.0,0.0,3.6,8.0,0.0,0.0,0.0
2016,3,15,1,45,0.0,0.0,3.6,8.0,0.0,0.0,0.0
2016,3,15,2,0,0.0,0.0,3.6,8.0,0.0,0.0,0.0
2016,3,15,2,15,0.0,0.0,3.5,8.0,0.0,0.0,0.0
2016,3,15,2,30,0.0,0.0,3.4,8.0,0.0,0.0,0.0
2016,3,15,2,45,0.0,0.0,3.35,8.0,0.0,0.0,0.0
2016,3,15,3,0,0.0,0.0,3.3,8.0,0.0,0.0,0.0
2016,3,15,3,15,0.0,0.0,3.25,8.0,0.0,0.0,0.0
2016,3,15,3,30,0.0,0.0,3.2,8.0,0.0,0.0,0.0
2016,3,15,3,45,0.0,0.0,3.2,8.0,0.0,0.0,0.0
2016,3,15,4,0,0.0,0.0,3.2,8.0,0.0,0.0,0.0
2016,3,15,4,15,0.0,0.0,3.25,8.0,0.0,0.0,0.0
2016,3,15,4,30,0.0,0.0,3.3,8.0,0.0,0.0,0.0
2016,3,15,4,45,0.0,0.0,3.35,8.0,0.0,0.0,0.0
2016,3,15,5,0,0.0,0.0,3.4,8.0,0.0,0.0,0.0
2016,3,15,5,15,0.0,0.0,3.4,8.0,0.0,0.0,0.0
2016,3,15,5,30,0.0,0.0,3.4,8.0,0.0,0.0,0.0
2016,3,15,5,45,0.0,0.0,3.4,8.0,0.0,0.0,0.0
2016,3,15,6,0,0.0,0.0,3.4,8.0,0.0,0.0,0.0
2016,3,15,6,15,23.5,5.0,3.4,8.5,5.5,0.0,0.0
2016,3,15,6,30,47.0,10.0,3.4,9.0,11.0,11.89,0.0
2016,3,15,6,45,194.5,25.0,3.4,9.5,47.0,49.39,22.25
2016,3,15,7,0,342.0,40.0,3.4,10.0,83.0,105.74,68.26
2016,3,15,7,15,435.0,50.5,3.4,10.0,131.0,161.68,116.28
2016,3,15,7,30,528.0,61.0,3.4,10.0,179.0,228.83,175.67
2016,3,15,7,45,594.0,66.5,3.4,10.5,231.5,291.82,232.42
2016,3,15,8,0,660.0,72.0,3.4,11.0,284.0,361.68,293.98
2016,3,15,8,15,699.0,77.0,3.4,11.5,335.0,424.59,348.57
2016,3,15,8,30,738.0,82.0,3.4,12.0,386.0,489.43,402.95
2016,3,15,8,45,768.0,85.5,3.4,12.5,434.5,550.76,452.76
2016,3,15,9,0,798.0,89.0,3.4,13.0,483.0,613.17,501.76
2016,3,15,9,15,818.0,92.0,3.35,13.0,527.0,668.92,544.91
2016,3,15,9,30,838.0,95.0,3.3,13.0,571.0,724.04,585.22
2016,3,15,9,45,853.5,96.5,3.3,13.5,609.5,773.08,618.75
2016,3,15,10,0,869.0,98.0,3.3,14.0,648.0,820.47,650.53
2016,3,15,10,15,879.5,100.0,3.25,14.0,680.0,856.29,674.47
2016,3,15,10,30,890.0,102.0,3.2,14.0,712.0,895.1,700.42
2016,3,15,10,45,898.5,102.5,3.2,14.5,737.5,927.71,720.76
2016,3,15,11,0,907.0,103.0,3.2,15.0,763.0,957.25,738.85
2016,3,15,11,15,911.5,104.0,3.2,15.0,780.0,980.33,753.82
2016,3,15,11,30,916.0,105.0,3.2,15.0,797.0,999.87,766.47
2016,3,15,11,45,919.5,105.0,3.2,15.5,806.5,1013.66,773.85
2016,3,15,12,0,923.0,105.0,3.2,16.0,816.0,1023.68,778.81
2016,3,15,12,15,923.5,105.0,3.25,16.0,817.0,1026.91,781.22
2016,3,15,12,30,924.0,105.0,3.3,16.0,818.0,1026.26,781.21
2016,3,15,12,45,926.0,102.5,3.35,16.0,812.0,1020.37,777.82
2016,3,15,13,0,928.0,100.0,3.4,16.0,806.0,1010.57,771.95
2016,3,15,13,15,924.5,99.5,3.5,16.0,791.0,993.9,761.88
2016,3,15,13,30,921.0,99.0,3.6,16.0,776.0,973.56,749.36
2016,3,15,13,45,915.0,97.5,3.7,16.0,753.0,946.27,732.01
2016,3,15,14,0,909.0,96.0,3.8,16.0,730.0,915.67,712.28
2016,3,15,14,15,900.0,94.5,3.9,16.0,699.5,879.38,688.36
2016,3,15,14,30,891.0,93.0,4.0,16.0,669.0,840.32,662.25
2016,3,15,14,45,878.5,91.0,4.15,16.0,632.0,795.42,631.77
2016,3,15,15,0,866.0,89.0,4.3,16.0,595.0,748.48,599.45
2016,3,15,15,15,848.0,86.5,4.4,15.5,552.0,699.47,566.02
2016,3,15,15,30,830.0,84.0,4.5,15.0,509.0,644.87,525.83
2016,3,15,15,45,806.5,80.5,4.65,15.0,462.0,585.16,478.95
2016,3,15,16,0,783.0,77.0,4.8,15.0,415.0,525.67,430.67
2016,3,15,16,15,749.0,72.5,4.8,14.5,364.0,460.44,376.58
2016,3,15,16,30,715.0,68.0,4.8,14.0,313.0,397.29,322.37
2016,3,15,16,45,665.5,62.5,4.85,13.5,261.0,330.11,263.34
2016,3,15,17,0,616.0,57.0,4.9,13.0,209.0,267.09,206.38
2016,3,15,17,15,537.0,49.0,4.85,12.5,159.0,198.8,145.33
2016,3,15,17,30,458.0,41.0,4.8,12.0,109.0,139.7,93.14
2016,3,15,17,45,321.0,29.5,4.8,11.5,67.5,78.68,43.82
2016,3,15,18,0,184.0,18.0,4.8,11.0,26.0,32.46,0.0
2016,3,15,18,15,92.0,9.0,4.75,11.0,13.0,10.04,0.0
2016,3,15,18,30,0.0,0.0,4.7,11.0,0.0,0.0,0.0
2016,3,15,18,45,0.0,0.0,4.7,11.0,0.0,0.0,0.0
2016,3,15,19,0,0.0,0.0,4.7,11.0,0.0,0.0,0.0
2016,3,15,19,15,0.0,0.0,4.65,11.0,0.0,0.0,0.0
2016,3,15,19,30,0.0,0.0,4.6,11.0,0.0,0.0,0.0
2016,3,15,19,45,0.0,0.0,4.6,11.0,0.0,0.0,0.0
2016,3,15,20,0,0.0,0.0,4.6,11.0,0.0,0.0,0.0
2016,3,15,20,15,0.0,0.0,4.55,10.5,0.0,0.0,0.0
2016,3,15,20,30,0.0,0.0,4.5,10.0,0.0,0.0,0.0
2016,3,15,20,45,0.0,0.0,4.5,10.0,0.0,0.0,0.0
2016,3,15,21,0,0.0,0.0,4.5,10.0,0.0,0.0,0.0
2016,3,15,21,15,0.0,0.0,4.45,10.0,0.0,0.0,0.0
2016,3,15,21,30,0.0,0.0,4.4,10.0,0.0,0.0,0.0
2016,3,15,21,45,0.0,0.0,4.35,10.0,0.0,0.0,0.0
2016,3,15,22,0,0.0,0.0,4.3,10.0,0.0,0.0,0.0
2016,3,15,22,15,0.0,0.0,4.2,10.0,0.0,0.0,0.0
2016,3,15,22,30,0.0,0.0,4.1,10.0,0.0,0.0,0.0
2016,3,15,22,45,0.0,0.0,4.0,10.0,0.0,0.0,0.0
2016,3,15,23,0,0.0,0.0,3.9,10.0,0.0,0.0,0.0
2016,3,15,23,15,0.0,0.0,3.8,9.5,0.0,0.0,0.0
2016,3,15,23,30,0.0,0.0,3.7,9.0,0.0,0.0,0.0
2016,3,15,23,45,0.0,0.0,3.65,9.0,0.0,0.0,0.0
2016,3,16,0,0,0.0,0.0,3.6,9.0,0.0,0.0,0.0
2016,3,16,0,15,0.0,0.0,3.5,9.0,0.0,0.0,0.0
2016,3,16,0,30,0.0,0.0,3.4,9.0,0.0,0.0,0.0
2016,3,16,0,45,0.0,0.0,3.3,9.0,0.0,0.0,0.0
2016,3,16,1,0,0.0,0.0,3.2,9.0,0.0,0.0,0.0
2016,3,16,1,15,0.0,0.0,3.1,9.0,0.0,0.0,0.0
2016,3,16,1,30,0.0,0.0,3.0,9.0,0.0,0.0,0.0
2016,3,16,1,45,0.0,0.0,2.9,9.0,0.0,0.0,0.0
2016,3,16,2,0,0.0,0.0,2.8,9.0,0.0,0.0,0.0
2016,3,16,2,15,0.0,0.0,2.65,9.0,0.0,0.0,0.0
2016,3,16,2,30,0.0,0.0,2.5,9.0,0.0,0.0,0.0
2016,3,16,2,45,0.0,0.0,2.45,9.0,0.0,0.0,0.0
2016,3,16,3,0,0.0,0.0,2.4,9.0,0.0,0.0,0.0
2016,3,16,3,15,0.0,0.0,2.3,9.0,0.0,0.0,0.0
2016,3,16,3,30,0.0,0.0,2.2,9.0,0.0,0.0,0.0
2016,3,16,3,45,0.0,0.0,2.15,9.0,0.0,0.0,0.0
2016,3,16,4,0,0.0,0.0,2.1,9.0,0.0,0.0,0.0
2016,3,16,4,15,0.0,0.0,2.0,9.0,0.0,0.0,0.0
2016,3,16,4,30,0.0,0.0,1.9,9.0,0.0,0.0,0.0
2016,3,16,4,45,0.0,0.0,1.8,9.0,0.0,0.0,0.0
2016,3,16,5,0,0.0,0.0,1.7,9.0,0.0,0.0,0.0
2016,3,16,5,15,0.0,0.0,1.6,9.0,0.0,0.0,0.0
2016,3,16,5,30,0.0,0.0,1.5,9.0,0.0,0.0,0.0
2016,3,16,5,45,0.0,0.0,1.45,9.0,0.0,0.0,0.0
2016,3,16,6,0,0.0,0.0,1.4,9.0,0.0,0.0,0.0
2016,3,16,6,15,45.5,6.0,1.35,9.5,7.0,0.0,0.0
2016,3,16,6,30,91.0,12.0,1.3,10.0,14.0,16.22,0.0
2016,3,16,6,45,242.0,25.5,1.3,10.5,51.5,57.15,27.51
2016,3,16,7,0,393.0,39.0,1.3,11.0,89.0,114.66,73.48
2016,3,16,7,15,482.5,48.0,1.35,11.0,138.5,171.62,122.36
2016,3,16,7,30,572.0,57.0,1.4,11.0,188.0,239.27,181.81
2016,3,16,7,45,629.5,63.0,1.45,11.5,240.5,302.41,238.06
2016,3,16,8,0,687.0,69.0,1.5,12.0,293.0,371.4,297.82
2016,3,16,8,15,724.5,73.5,1.6,12.5,344.0,433.94,351.02
2016,3,16,8,30,762.0,78.0,1.7,13.0,395.0,499.75,404.98
2016,3,16,8,45,790.0,81.5,1.85,13.5,444.0,561.14,453.99
2016,3,16,9,0,818.0,85.0,2.0,14.0,493.0,623.37,502.13
2016,3,16,9,15,837.5,88.0,2.05,14.5,537.5,679.68,543.87
2016,3,16,9,30,857.0,91.0,2.1,15.0,582.0,735.27,582.27
2016,3,16,9,45,871.5,92.5,2.2,15.5,620.5,779.35,611.76
2016,3,16,10,0,886.0,94.0,2.3,16.0,659.0,826.09,642.86
2016,3,16,10,15,896.0,96.0,2.35,16.0,691.5,867.55,670.7
2016,3,16,10,30,906.0,98.0,2.4,16.0,724.0,906.4,696.58
2016,3,16,10,45,913.5,99.0,2.45,16.5,749.0,939.04,716.75
2016,3,16,11,0,921.0,100.0,2.5,17.0,774.0,968.51,734.71
2016,3,16,11,15,925.5,100.5,2.5,17.0,791.0,991.25,749.02
2016,3,16,11,30,930.0,101.0,2.5,17.0,808.0,1010.37,761.03
2016,3,16,11,45,932.5,101.0,2.55,17.0,817.0,1023.28,769.55
2016,3,16,12,0,935.0,101.0,2.6,17.0,826.0,1032.35,775.71
2016,3,16,12,15,935.0,101.0,2.65,17.0,826.5,1035.05,777.83
2016,3,16,12,30,935.0,101.0,2.7,17.0,827.0,1033.82,777.55
2016,3,16,12,45,937.0,98.5,2.75,17.5,820.0,1027.79,772.79
2016,3,16,13,0,939.0,96.0,2.8,18.0,813.0,1017.8,765.57
2016,3,16,13,15,934.5,95.0,2.85,18.0,797.5,999.4,754.3
2016,3,16,13,30,930.0,94.0,2.9,18.0,782.0,977.31,740.66
2016,3,16,13,45,924.0,93.0,2.95,18.0,758.5,950.31,723.7
2016,3,16,14,0,918.0,92.0,3.0,18.0,735.0,919.96,704.42
2016,3,16,14,15,908.5,90.5,3.05,18.0,704.0,882.9,680.37
2016,3,16,14,30,899.0,89.0,3.1,18.0,673.0,843.08,654.2
2016,3,16,14,45,886.0,86.5,3.2,18.0,635.5,796.87,623.44
2016,3,16,15,0,873.0,84.0,3.3,18.0,598.0,748.65,590.75
2016,3,16,15,15,856.0,82.0,3.3,17.5,555.0,696.45,555.19
2016,3,16,15,30,839.0,80.0,3.3,17.0,512.0,646.65,519.29
2016,3,16,15,45,815.0,76.5,3.35,17.0,464.5,586.18,472.51
2016,3,16,16,0,791.0,73.0,3.4,17.0,417.0,525.97,424.49
2016,3,16,16,15,758.0,69.0,3.35,16.5,366.5,461.34,371.92
2016,3,16,16,30,725.0,65.0,3.3,16.0,316.0,398.68,319.08
2016,3,16,16,45,676.5,60.0,3.25,15.5,264.0,331.33,260.87
2016,3,16,17,0,628.0,55.0,3.2,15.0,212.0,268.88,205.2
2016,3,16,17,15,551.5,47.5,3.2,14.5,162.0,201.03,145.29
2016,3,16,17,30,475.0,40.0,3.2,14.0,112.0,142.05,93.67
2016,3,16,17,45,342.0,29.0,3.25,14.0,70.0,80.97,44.67
2016,3,16,18,0,209.0,18.0,3.3,14.0,28.0,34.43,0.0
2016,3,16,18,15,104.5,9.0,3.35,13.5,14.0,10.22,0.0
2016,3,16,18,30,0.0,0.0,3.4,13.0,0.0,0.0,0.0
2016,3,16,18,45,0.0,0.0,3.45,13.0,0.0,0.0,0.0
2016,3,16,19,0,0.0,0.0,3.5,13.0,0.0,0.0,0.0
2016,3,16,19,15,0.0,0.0,3.4,12.5,0.0,0.0,0.0
2016,3,16,19,30,0.0,0.0,3.3,12.0,0.0,0.0,0.0
2016,3,16,19,45,0.0,0.0,3.25,12.0,0.0,0.0,0.0
2016,3,16,20,0,0.0,0.0,3.2,12.0,0.0,0.0,0.0
2016,3,16,20,15,0.0,0.0,3.05,12.0,0.0,0.0,0.0
2016,3,16,20,30,0.0,0.0,2.9,12.0,0.0,0.0,0.0
2016,3,16,20,45,0.0,0.0,2.8,12.0,0.0,0.0,0.0
2016,3,16,21,0,0.0,0.0,2.7,12.0,0.0,0.0,0.0
2016,3,16,21,15,0.0,0.0,2.55,12.0,0.0,0.0,0.0
2016,3,16,21,30,0.0,0.0,2.4,12.0,0.0,0.0,0.0
2016,3,16,21,45,0.0,0.0,2.25,12.0,0.0,0.0,0.0
2016,3,16,22,0,0.0,0.0,2.1,12.0,0.0,0.0,0.0
2016,3,16,22,15,0.0,0.0,1.95,12.0,0.0,0.0,0.0
2016,3,16,22,30,0.0,0.0,1.8,12.0,0.0,0.0,0.0
2016,3,16,22,45,0.0,0.0,1.7,12.0,0.0,0.0,0.0
2016,3,16,23,0,0.0,0.0,1.6,12.0,0.0,0.0,0.0
2016,3,16,23,15,0.0,0.0,1.5,12.0,0.0,0.0,0.0
2016,3,16,23,30,0.0,0.0,1.4,12.0,0.0,0.0,0.0
2016,3,16,23,45,0.0,0.0,1.35,12.0,0.0,0.0,0.0
2016,3,17,0,0,0.0,0.0,1.3,12.0,0.0,0.0,0.0
2016,3,17,0,15,0.0,0.0,1.3,12.0,0.0,0.0,0.0
2016,3,17,0,30,0.0,0.0,1.3,12.0,0.0,0.0,0.0
2016,3,17,0,45,0.0,0.0,1.3,12.0,0.0,0.0,0.0
2016,3,17,1,0,0.0,0.0,1.3,12.0,0.0,0.0,0.0
2016,3,17,1,15,0.0,0.0,1.35,12.0,0.0,0.0,0.0
2016,3,17,1,30,0.0,0.0,1.4,12.0,0.0,0.0,0.0
2016,3,17,1,45,0.0,0.0,1.45,12.0,0.0,0.0,0.0
2016,3,17,2,0,0.0,0.0,1.5,12.0,0.0,0.0,0.0
2016,3,17,2,15,0.0,0.0,1.55,12.0,0.0,0.0,0.0
2016,3,17,2,30,0.0,0.0,1.6,12.0,0.0,0.0,0.0
2016,3,17,2,45,0.0,0.0,1.65,12.0,0.0,0.0,0.0
2016,3,17,3,0,0.0,0.0,1.7,12.0,0.0,0.0,0.0
2016,3,17,3,15,0.0,0.0,1.75,11.5,0.0,0.0,0.0
2016,3,17,3,30,0.0,0.0,1.8,11.0,0.0,0.0,0.0
2016,3,17,3,45,0.0,0.0,1.9,11.0,0.0,0.0,0.0
2016,3,17,4,0,0.0,0.0,2.0,11.0,0.0,0.0,0.0
2016,3,17,4,15,0.0,0.0,2.05,11.0,0.0,0.0,0.0
2016,3,17,4,30,0.0,0.0,2.1,11.0,0.0,0.0,0.0
2016,3,17,4,45,0.0,0.0,2.2,11.0,0.0,0.0,0.0
2016,3,17,5,0,0.0,0.0,2.3,11.0,0.0,0.0,0.0
2016,3,17,5,15,0.0,0.0,2.35,11.0,0.0,0.0,0.0
2016,3,17,5,30,0.0,0.0,2.4,11.0,0.0,0.0,0.0
2016,3,17,5,45,0.0,0.0,2.5,11.0,0.0,0.0,0.0
2016,3,17,6,0,0.0,0.0,2.6,11.0,0.0,0.0,0.0
2016,3,17,6,15,74.5,6.5,2.7,11.5,8.5,0.0,0.0
2016,3,17,6,30,149.0,13.0,2.8,12.0,17.0,20.58,0.0
2016,3,17,6,45,299.0,25.0,2.95,12.5,57.0,64.02,31.35
2016,3,17,7,0,449.0,37.0,3.1,13.0,97.0,123.7,78.47
2016,3,17,7,15,534.0,45.0,3.05,13.0,147.5,182.19,129.19
2016,3,17,7,30,619.0,53.0,3.0,13.0,198.0,250.76,190.05
2016,3,17,7,45,672.5,58.5,2.95,13.5,251.5,314.45,247.32
2016,3,17,8,0,726.0,64.0,2.9,14.0,305.0,383.74,307.81
2016,3,17,8,15,762.0,68.5,2.75,14.5,357.0,448.38,362.65
2016,3,17,8,30,798.0,73.0,2.6,15.0,409.0,515.44,417.2
2016,3,17,8,45,823.5,76.0,2.5,15.5,458.0,576.67,465.26
2016,3,17,9,0,849.0,79.0,2.4,16.0,507.0,638.39,511.79
2016,3,17,9,15,867.0,82.0,2.35,16.0,551.5,691.28,551.14
2016,3,17,9,30,885.0,85.0,2.3,16.0,596.0,746.54,589.31
2016,3,17,9,45,898.0,87.0,2.25,16.5,635.0,795.57,621.1
2016,3,17,10,0,911.0,89.0,2.2,17.0,674.0,842.62,650.86
2016,3,17,10,15,920.5,90.5,2.1,17.5,706.5,883.92,675.59
2016,3,17,10,30,930.0,92.0,2.0,18.0,739.0,922.48,697.97
2016,3,17,10,45,936.5,93.5,1.95,18.5,764.0,955.37,716.71
2016,3,17,11,0,943.0,95.0,1.9,19.0,789.0,984.95,733.08
2016,3,17,11,15,947.0,95.5,1.85,19.0,806.0,1007.57,746.17
2016,3,17,11,30,951.0,96.0,1.8,19.0,823.0,1026.48,756.93
2016,3,17,11,45,952.5,96.5,1.75,19.5,832.0,1039.14,762.28
2016,3,17,12,0,954.0,97.0,1.7,20.0,841.0,1047.85,765.23
2016,3,17,12,15,954.0,97.0,1.65,20.0,841.5,1050.53,765.95
2016,3,17,12,30,954.0,97.0,1.6,20.0,842.0,1049.2,764.32
2016,3,17,12,45,952.0,97.0,1.55,20.0,834.5,1041.9,759.09
2016,3,17,13,0,950.0,97.0,1.5,20.0,827.0,1030.64,751.56
2016,3,17,13,15,946.0,96.0,1.5,20.0,811.0,1012.48,740.61
2016,3,17,13,30,942.0,95.0,1.5,20.0,795.0,990.57,727.41
2016,3,17,13,45,935.0,94.0,1.5,20.5,771.0,962.31,708.82
2016,3,17,14,0,928.0,93.0,1.5,21.0,747.0,930.72,688.15
2016,3,17,14,15,919.0,91.5,1.55,21.0,716.0,893.71,665.83
2016,3,17,14,30,910.0,90.0,1.6,21.0,685.0,853.88,641.37
2016,3,17,14,45,897.0,88.5,1.65,21.0,647.5,808.3,612.66
2016,3,17,15,0,884.0,87.0,1.7,21.0,610.0,760.67,582.06
2016,3,17,15,15,866.5,84.0,1.75,20.5,566.5,706.46,547.26
2016,3,17,15,30,849.0,81.0,1.8,20.0,523.0,654.65,511.95
2016,3,17,15,45,825.5,78.0,1.9,20.0,475.0,594.48,467.61
2016,3,17,16,0,802.0,75.0,2.0,20.0,427.0,534.48,421.74
2016,3,17,16,15,769.0,71.0,1.95,19.5,375.5,469.18,370.27
2016,3,17,16,30,736.0,67.0,1.9,19.0,324.0,405.82,318.38
2016,3,17,16,45,687.5,61.5,1.9,18.5,271.5,337.23,260.79
2016,3,17,17,0,639.0,56.0,1.9,18.0,219.0,273.53,205.42
2016,3,17,17,15,562.5,48.5,1.95,17.5,167.5,204.95,146.09
2016,3,17,17,30,486.0,41.0,2.0,17.0,116.0,145.23,94.69
2016,3,17,17,45,354.0,29.5,2.05,16.5,73.0,83.03,45.63
2016,3,17,18,0,222.0,18.0,2.1,16.0,30.0,35.49,0.93
2016,3,17,18,15,111.0,9.0,2.2,15.5,15.0,10.3,0.0
2016,3,17,18,30,0.0,0.0,2.3,15.0,0.0,0.0,0.0
2016,3,17,18,45,0.0,0.0,2.4,15.0,0.0,0.0,0.0
2016,3,17,19,0,0.0,0.0,2.5,15.0,0.0,0.0,0.0
2016,3,17,19,15,0.0,0.0,2.6,14.5,0.0,0.0,0.0
2016,3,17,19,30,0.0,0.0,2.7,14.0,0.0,0.0,0.0
2016,3,17,19,45,0.0,0.0,2.85,13.5,0.0,0.0,0.0
2016,3,17,20,0,0.0,0.0,3.0,13.0,0.0,0.0,0.0
2016,3,17,20,15,0.0,0.0,3.05,12.5,0.0,0.0,0.0
2016,3,17,20,30,0.0,0.0,3.1,12.0,0.0,0.0,0.0
2016,3,17,20,45,0.0,0.0,3.2,12.0,0.0,0.0,0.0
2016,3,17,21,0,0.0,0.0,3.3,12.0,0.0,0.0,0.0
2016,3,17,21,15,0.0,0.0,3.15,12.0,0.0,0.0,0.0
2016,3,17,21,30,0.0,0.0,3.0,12.0,0.0,0.0,0.0
2016,3,17,21,45,0.0,0.0,2.9,12.0,0.0,0.0,0.0
2016,3,17,22,0,0.0,0.0,2.8,12.0,0.0,0.0,0.0
2016,3,17,22,15,0.0,0.0,2.65,11.5,0.0,0.0,0.0
2016,3,17,22,30,0.0,0.0,2.5,11.0,0.0,0.0,0.0
2016,3,17,22,45,0.0,0.0,2.4,11.0,0.0,0.0,0.0
2016,3,17,23,0,0.0,0.0,2.3,11.0,0.0,0.0,0.0
2016,3,17,23,15,0.0,0.0,2.2,11.0,0.0,0.0,0.0
2016,3,17,23,30,0.0,0.0,2.1,11.0,0.0,0.0,0.0
2016,3,17,23,45,0.0,0.0,2.05,11.0,0.0,0.0,0.0
2016,3,18,0,0,0.0,0.0,2.0,11.0,0.0,0.0,0.0
2016,3,18,0,15,0.0,0.0,2.0,11.0,0.0,0.0,0.0
2016,3,18,0,30,0.0,0.0,2.0,11.0,0.0,0.0,0.0
2016,3,18,0,45,0.0,0.0,2.0,11.0,0.0,0.0,0.0
2016,3,18,1,0,0.0,0.0,2.0,11.0,0.0,0.0,0.0
2016,3,18,1,15,0.0,0.0,2.05,10.5,0.0,0.0,0.0
2016,3,18,1,30,0.0,0.0,2.1,10.0,0.0,0.0,0.0
2016,3,18,1,45,0.0,0.0,2.2,10.0,0.0,0.0,0.0
2016,3,18,2,0,0.0,0.0,2.3,10.0,0.0,0.0,0.0
2016,3,18,2,15,0.0,0.0,2.4,10.0,0.0,0.0,0.0
2016,3,18,2,30,0.0,0.0,2.5,10.0,0.0,0.0,0.0
2016,3,18,2,45,0.0,0.0,2.6,10.0,0.0,0.0,0.0
2016,3,18,3,0,0.0,0.0,2.7,10.0,0.0,0.0,0.0
2016,3,18,3,15,0.0,0.0,2.7,10.0,0.0,0.0,0.0
2016,3,18,3,30,0.0,0.0,2.7,10.0,0.0,0.0,0.0
2016,3,18,3,45,0.0,0.0,2.75,10.0,0.0,0.0,0.0
2016,3,18,4,0,0.0,0.0,2.8,10.0,0.0,0.0,0.0
2016,3,18,4,15,0.0,0.0,2.85,10.0,0.0,0.0,0.0
2016,3,18,4,30,0.0,0.0,2.9,10.0,0.0,0.0,0.0
2016,3,18,4,45,0.0,0.0,2.95,10.0,0.0,0.0,0.0
2016,3,18,5,0,0.0,0.0,3.0,10.0,0.0,0.0,0.0
2016,3,18,5,15,0.0,0.0,3.0,10.0,0.0,0.0,0.0
2016,3,18,5,30,0.0,0.0,3.0,10.0,0.0,0.0,0.0
2016,3,18,5,45,0.0,0.0,3.05,10.0,0.0,0.0,0.0
2016,3,18,6,0,0.0,0.0,3.1,10.0,0.0,0.0,0.0
2016,3,18,6,15,76.5,7.5,3.15,10.5,10.5,7.15,0.0
2016,3,18,6,30,153.0,15.0,3.2,11.0,21.0,23.48,0.0
2016,3,18,6,45,294.5,27.5,3.25,11.5,61.0,66.68,34.61
2016,3,18,7,0,436.0,40.0,3.3,12.0,101.0,125.47,81.13
2016,3,18,7,15,520.5,48.5,3.2,12.0,151.5,183.84,131.91
2016,3,18,7,30,605.0,57.0,3.1,12.0,202.0,252.23,192.71
2016,3,18,7,45,302.5,57.5,3.05,12.0,130.0,176.24,140.33
2016,3,18,8,0,0.0,58.0,3.0,12.0,58.0,53.92,40.83
2016,3,18,8,15,43.0,118.5,3.0,12.0,137.0,136.42,111.11
2016,3,18,8,30,86.0,179.0,3.0,12.0,216.0,224.58,184.67
2016,3,18,8,45,44.0,170.5,3.0,12.5,190.0,194.77,158.87
2016,3,18,9,0,2.0,162.0,3.0,13.0,164.0,155.58,125.12
2016,3,18,9,15,86.5,214.5,3.0,13.0,265.5,273.92,223.53
2016,3,18,9,30,171.0,267.0,3.0,13.0,367.0,404.62,328.46
2016,3,18,9,45,134.5,283.0,3.0,13.5,365.0,401.08,323.0
2016,3,18,10,0,98.0,299.0,3.0,14.0,363.0,383.83,307.4
2016,3,18,10,15,100.0,314.5,2.95,14.0,382.5,405.52,323.76
2016,3,18,10,30,102.0,330.0,2.9,14.0,402.0,427.1,339.76
2016,3,18,10,45,102.0,342.0,2.9,14.0,416.0,442.85,351.26
2016,3,18,11,0,102.0,354.0,2.9,14.0,430.0,458.3,362.53
2016,3,18,11,15,102.0,362.5,2.85,14.0,439.5,469.55,370.54
2016,3,18,11,30,102.0,371.0,2.8,14.0,449.0,480.44,378.3
2016,3,18,11,45,316.5,328.0,2.75,14.5,575.5,670.33,525.34
2016,3,18,12,0,531.0,285.0,2.7,15.0,702.0,849.52,656.21
2016,3,18,12,15,729.0,200.0,2.65,15.0,772.0,958.78,733.49
2016,3,18,12,30,927.0,115.0,2.6,15.0,842.0,1043.94,789.56
2016,3,18,12,45,773.5,181.0,2.6,15.0,784.5,975.8,742.93
2016,3,18,13,0,620.0,247.0,2.6,15.0,727.0,889.49,683.46
2016,3,18,13,15,673.0,217.5,2.65,15.0,728.5,899.88,693.51
2016,3,18,13,30,726.0,188.0,2.7,15.0,730.0,904.81,697.88
2016,3,18,13,45,806.5,152.0,2.8,15.0,737.0,916.97,707.88
2016,3,18,14,0,887.0,116.0,2.9,15.0,744.0,927.5,716.84
2016,3,18,14,15,831.5,124.0,2.95,15.0,693.5,861.8,672.03
2016,3,18,14,30,776.0,132.0,3.0,15.0,643.0,796.14,627.07
2016,3,18,14,45,782.5,119.5,3.15,15.0,610.0,758.23,602.06
2016,3,18,15,0,789.0,107.0,3.3,15.0,577.0,717.06,574.0
2016,3,18,15,15,671.0,131.5,3.3,14.5,511.5,627.71,507.29
2016,3,18,15,30,553.0,156.0,3.3,14.0,446.0,539.12,438.66
2016,3,18,15,45,559.5,138.5,3.35,14.0,408.5,495.68,405.02
2016,3,18,16,0,566.0,121.0,3.4,14.0,371.0,454.09,371.39
2016,3,18,16,15,522.0,117.0,3.3,13.5,326.5,391.95,320.37
2016,3,18,16,30,478.0,113.0,3.2,13.0,282.0,337.36,274.23
2016,3,18,16,45,445.0,98.5,3.15,13.0,236.0,280.22,224.51
2016,3,18,17,0,412.0,84.0,3.1,13.0,190.0,226.38,176.55
2016,3,18,17,15,355.0,69.0,2.95,12.5,145.5,169.26,126.34
2016,3,18,17,30,298.0,54.0,2.8,12.0,101.0,118.95,82.48
2016,3,18,17,45,202.0,37.5,2.65,11.5,64.0,68.79,41.81
2016,3,18,18,0,106.0,21.0,2.5,11.0,27.0,29.06,3.55
2016,3,18,18,15,53.0,10.5,2.45,11.0,13.5,10.83,0.0
2016,3,18,18,30,0.0,0.0,2.4,11.0,0.0,0.0,0.0
2016,3,18,18,45,0.0,0.0,2.4,11.0,0.0,0.0,0.0
2016,3,18,19,0,0.0,0.0,2.4,11.0,0.0,0.0,0.0
2016,3,18,19,15,0.0,0.0,2.35,10.5,0.0,0.0,0.0
2016,3,18,19,30,0.0,0.0,2.3,10.0,0.0,0.0,0.0
2016,3,18,19,45,0.0,0.0,2.25,10.0,0.0,0.0,0.0
2016,3,18,20,0,0.0,0.0,2.2,10.0,0.0,0.0,0.0
2016,3,18,20,15,0.0,0.0,2.15,10.0,0.0,0.0,0.0
2016,3,18,20,30,0.0,0.0,2.1,10.0,0.0,0.0,0.0
2016,3,18,20,45,0.0,0.0,2.1,10.0,0.0,0.0,0.0
2016,3,18,21,0,0.0,0.0,2.1,10.0,0.0,0.0,0.0
2016,3,18,21,15,0.0,0.0,2.05,10.0,0.0,0.0,0.0
2016,3,18,21,30,0.0,0.0,2.0,10.0,0.0,0.0,0.0
2016,3,18,21,45,0.0,0.0,2.0,10.0,0.0,0.0,0.0
2016,3,18,22,0,0.0,0.0,2.0,10.0,0.0,0.0,0.0
2016,3,18,22,15,0.0,0.0,2.0,10.0,0.0,0.0,0.0
2016,3,18,22,30,0.0,0.0,2.0,10.0,0.0,0.0,0.0
2016,3,18,22,45,0.0,0.0,2.0,10.0,0.0,0.0,0.0
2016,3,18,23,0,0.0,0.0,2.0,10.0,0.0,0.0,0.0
2016,3,18,23,15,0.0,0.0,2.0,10.0,0.0,0.0,0.0
2016,3,18,23,30,0.0,0.0,2.0,10.0,0.0,0.0,0.0
2016,3,18,23,45,0.0,0.0,2.0,10.5,0.0,0.0,0.0
2016,3,19,0,0,0.0,0.0,2.0,11.0,0.0,0.0,0.0
2016,3,19,0,15,0.0,0.0,2.0,11.0,0.0,0.0,0.0
2016,3,19,0,30,0.0,0.0,2.0,11.0,0.0,0.0,0.0
2016,3,19,0,45,0.0,0.0,2.0,11.0,0.0,0.0,0.0
2016,3,19,1,0,0.0,0.0,2.0,11.0,0.0,0.0,0.0
2016,3,19,1,15,0.0,0.0,2.0,11.0,0.0,0.0,0.0
2016,3,19,1,30,0.0,0.0,2.0,11.0,0.0,0.0,0.0
2016,3,19,1,45,0.0,0.0,2.0,11.0,0.0,0.0,0.0
2016,3,19,2,0,0.0,0.0,2.0,11.0,0.0,0.0,0.0
2016,3,19,2,15,0.0,0.0,2.0,11.0,0.0,0.0,0.0
2016,3,19,2,30,0.0,0.0,2.0,11.0,0.0,0.0,0.0
2016,3,19,2,45,0.0,0.0,2.0,11.0,0.0,0.0,0.0
2016,3,19,3,0,0.0,0.0,2.0,11.0,0.0,0.0,0.0
2016,3,19,3,15,0.0,0.0,1.95,11.0,0.0,0.0,0.0
2016,3,19,3,30,0.0,0.0,1.9,11.0,0.0,0.0,0.0
2016,3,19,3,45,0.0,0.0,1.85,11.0,0.0,0.0,0.0
2016,3,19,4,0,0.0,0.0,1.8,11.0,0.0,0.0,0.0
2016,3,19,4,15,0.0,0.0,1.75,11.0,0.0,0.0,0.0
2016,3,19,4,30,0.0,0.0,1.7,11.0,0.0,0.0,0.0
2016,3,19,4,45,0.0,0.0,1.7,11.0,0.0,0.0,0.0
2016,3,19,5,0,0.0,0.0,1.7,11.0,0.0,0.0,0.0
2016,3,19,5,15,0.0,0.0,1.7,11.0,0.0,0.0,0.0
2016,3,19,5,30,0.0,0.0,1.7,11.0,0.0,0.0,0.0
2016,3,19,5,45,0.0,0.0,1.75,11.0,0.0,0.0,0.0
2016,3,19,6,0,0.0,0.0,1.8,11.0,0.0,0.0,0.0
2016,3,19,6,15,0.0,5.0,1.9,11.0,5.0,4.77,0.0
2016,3,19,6,30,0.0,10.0,2.0,11.0,10.0,9.27,0.0
2016,3,19,6,45,0.0,27.5,2.15,11.5,27.5,25.61,14.81
2016,3,19,7,0,0.0,45.0,2.3,12.0,45.0,42.19,29.95
2016,3,19,7,15,3.5,65.5,2.35,12.0,66.5,62.66,47.83
2016,3,19,7,30,7.0,86.0,2.4,12.0,88.0,83.66,66.06
2016,3,19,7,45,14.5,106.0,2.5,12.5,111.0,106.14,85.11
2016,3,19,8,0,22.0,126.0,2.6,13.0,134.0,129.58,104.71
2016,3,19,8,15,183.5,144.0,2.6,13.0,222.5,236.16,193.76
2016,3,19,8,30,345.0,162.0,2.6,13.0,311.0,358.82,294.66
2016,3,19,8,45,220.5,193.5,2.65,13.5,293.0,330.3,270.06
2016,3,19,9,0,96.0,225.0,2.7,14.0,275.0,287.49,233.14
2016,3,19,9,15,460.5,159.5,2.75,14.0,427.5,499.43,407.66
2016,3,19,9,30,825.0,94.0,2.8,14.0,580.0,720.75,578.75
2016,3,19,9,45,836.5,97.5,2.85,14.5,617.0,768.3,609.76
2016,3,19,10,0,848.0,101.0,2.9,15.0,654.0,813.95,640.26
2016,3,19,10,15,858.0,103.0,2.9,15.0,685.5,848.44,663.33
2016,3,19,10,30,868.0,105.0,2.9,15.0,717.0,885.98,688.51
2016,3,19,10,45,873.0,107.0,2.95,15.0,740.5,916.28,708.81
2016,3,19,11,0,878.0,109.0,3.0,15.0,764.0,943.43,726.98
2016,3,19,11,15,883.0,110.0,2.95,15.0,781.0,966.18,741.34
2016,3,19,11,30,888.0,111.0,2.9,15.0,798.0,985.5,753.39
2016,3,19,11,45,756.5,182.0,2.9,15.0,772.0,959.34,734.88
2016,3,19,12,0,625.0,253.0,2.9,15.0,746.0,911.12,700.44
2016,3,19,12,15,592.0,266.0,2.85,15.0,733.5,891.06,685.63
2016,3,19,12,30,559.0,279.0,2.8,15.0,721.0,871.68,670.99
2016,3,19,12,45,396.0,329.0,2.8,15.0,640.5,749.91,580.84
2016,3,19,13,0,233.0,379.0,2.8,15.0,560.0,629.45,489.67
2016,3,19,13,15,238.5,367.5,2.8,15.0,550.0,618.43,483.01
2016,3,19,13,30,244.0,356.0,2.8,15.0,540.0,606.24,474.77
2016,3,19,13,45,157.0,340.0,2.8,15.0,457.0,503.52,396.32
2016,3,19,14,0,70.0,324.0,2.8,15.0,374.0,392.57,310.13
2016,3,19,14,15,136.5,317.5,2.8,15.0,410.0,451.77,358.61
2016,3,19,14,30,203.0,311.0,2.8,15.0,446.0,494.44,393.21
2016,3,19,14,45,280.5,279.0,2.85,15.0,454.0,522.87,417.36
2016,3,19,15,0,358.0,247.0,2.9,15.0,462.0,533.79,428.11
2016,3,19,15,15,311.0,236.0,2.95,14.5,413.0,472.39,381.3
2016,3,19,15,30,264.0,225.0,3.0,14.0,364.0,414.34,336.5
2016,3,19,15,45,267.0,202.5,3.15,14.0,332.5,378.18,308.56
2016,3,19,16,0,270.0,180.0,3.3,14.0,301.0,341.19,279.1
2016,3,19,16,15,259.0,160.5,3.3,13.5,265.0,299.58,245.29
2016,3,19,16,30,248.0,141.0,3.3,13.0,229.0,258.8,211.25
2016,3,19,16,45,239.0,119.0,3.3,13.0,193.0,217.13,175.21
2016,3,19,17,0,230.0,97.0,3.3,13.0,157.0,176.33,139.08
2016,3,19,17,15,203.0,77.0,3.1,12.5,121.5,133.82,101.65
2016,3,19,17,30,176.0,57.0,2.9,12.0,86.0,94.62,67.17
2016,3,19,17,45,122.5,39.0,2.7,12.0,55.5,57.23,35.95
2016,3,19,18,0,69.0,21.0,2.5,12.0,25.0,25.73,4.89
2016,3,19,18,15,34.5,10.5,2.4,11.5,12.5,10.54,0.0
2016,3,19,18,30,0.0,0.0,2.3,11.0,0.0,0.0,0.0
2016,3,19,18,45,0.0,0.0,2.25,11.0,0.0,0.0,0.0
2016,3,19,19,0,0.0,0.0,2.2,11.0,0.0,0.0,0.0
2016,3,19,19,15,0.0,0.0,2.15,11.0,0.0,0.0,0.0
2016,3,19,19,30,0.0,0.0,2.1,11.0,0.0,0.0,0.0
2016,3,19,19,45,0.0,0.0,2.05,11.0,0.0,0.0,0.0
2016,3,19,20,0,0.0,0.0,2.0,11.0,0.0,0.0,0.0
2016,3,19,20,15,0.0,0.0,2.05,10.5,0.0,0.0,0.0
2016,3,19,20,30,0.0,0.0,2.1,10.0,0.0,0.0,0.0
2016,3,19,20,45,0.0,0.0,2.15,10.0,0.0,0.0,0.0
2016,3,19,21,0,0.0,0.0,2.2,10.0,0.0,0.0,0.0
2016,3,19,21,15,0.0,0.0,2.25,10.0,0.0,0.0,0.0
2016,3,19,21,30,0.0,0.0,2.3,10.0,0.0,0.0,0.0
2016,3,19,21,45,0.0,0.0,2.4,10.0,0.0,0.0,0.0
2016,3,19,22,0,0.0,0.0,2.5,10.0,0.0,0.0,0.0
2016,3,19,22,15,0.0,0.0,2.55,10.0,0.0,0.0,0.0
2016,3,19,22,30,0.0,0.0,2.6,10.0,0.0,0.0,0.0
2016,3,19,22,45,0.0,0.0,2.65,10.0,0.0,0.0,0.0
2016,3,19,23,0,0.0,0.0,2.7,10.0,0.0,0.0,0.0
2016,3,19,23,15,0.0,0.0,2.75,10.0,0.0,0.0,0.0
2016,3,19,23,30,0.0,0.0,2.8,10.0,0.0,0.0,0.0
2016,3,19,23,45,0.0,0.0,2.85,10.5,0.0,0.0,0.0
2016,3,20,0,0,0.0,0.0,2.9,11.0,0.0,0.0,0.0
2016,3,20,0,15,0.0,0.0,2.95,11.0,0.0,0.0,0.0
2016,3,20,0,30,0.0,0.0,3.0,11.0,0.0,0.0,0.0
2016,3,20,0,45,0.0,0.0,3.05,11.0,0.0,0.0,0.0
2016,3,20,1,0,0.0,0.0,3.1,11.0,0.0,0.0,0.0
2016,3,20,1,15,0.0,0.0,3.1,11.0,0.0,0.0,0.0
2016,3,20,1,30,0.0,0.0,3.1,11.0,0.0,0.0,0.0
2016,3,20,1,45,0.0,0.0,3.15,11.0,0.0,0.0,0.0
2016,3,20,2,0,0.0,0.0,3.2,11.0,0.0,0.0,0.0
2016,3,20,2,15,0.0,0.0,3.25,11.0,0.0,0.0,0.0
2016,3,20,2,30,0.0,0.0,3.3,11.0,0.0,0.0,0.0
2016,3,20,2,45,0.0,0.0,3.35,11.0,0.0,0.0,0.0
2016,3,20,3,0,0.0,0.0,3.4,11.0,0.0,0.0,0.0
2016,3,20,3,15,0.0,0.0,3.45,11.0,0.0,0.0,0.0
2016,3,20,3,30,0.0,0.0,3.5,11.0,0.0,0.0,0.0
2016,3,20,3,45,0.0,0.0,3.55,11.0,0.0,0.0,0.0
2016,3,20,4,0,0.0,0.0,3.6,11.0,0.0,0.0,0.0
2016,3,20,4,15,0.0,0.0,3.65,11.0,0.0,0.0,0.0
2016,3,20,4,30,0.0,0.0,3.7,11.0,0.0,0.0,0.0
2016,3,20,4,45,0.0,0.0,3.75,11.0,0.0,0.0,0.0
2016,3,20,5,0,0.0,0.0,3.8,11.0,0.0,0.0,0.0
2016,3,20,5,15,0.0,0.0,3.85,11.0,0.0,0.0,0.0
2016,3,20,5,30,0.0,0.0,3.9,11.0,0.0,0.0,0.0
2016,3,20,5,45,0.0,0.0,3.95,11.5,0.0,0.0,0.0
2016,3,20,6,0,0.0,0.0,4.0,12.0,0.0,0.0,0.0
2016,3,20,6,15,0.0,10.5,4.2,12.0,10.5,10.01,0.0
2016,3,20,6,30,0.0,21.0,4.4,12.0,21.0,19.39,0.0
2016,3,20,6,45,114.5,36.0,4.6,12.5,53.0,51.3,30.83
2016,3,20,7,0,229.0,51.0,4.8,13.0,85.0,98.26,67.38
2016,3,20,7,15,271.5,68.5,4.9,13.0,125.0,142.45,106.1
2016,3,20,7,30,314.0,86.0,5.0,13.0,165.0,191.82,149.98
2016,3,20,7,45,344.5,101.5,5.1,13.5,206.0,239.59,192.45
2016,3,20,8,0,375.0,117.0,5.2,14.0,247.0,290.59,236.88
2016,3,20,8,15,287.5,150.5,5.25,14.0,259.0,299.52,246.15
2016,3,20,8,30,200.0,184.0,5.3,14.0,271.0,297.61,244.83
2016,3,20,8,45,311.0,187.0,5.35,14.5,340.0,384.61,316.67
2016,3,20,9,0,422.0,190.0,5.4,15.0,409.0,484.17,397.12
2016,3,20,9,15,326.5,228.5,5.45,15.0,406.5,471.68,385.23
2016,3,20,9,30,231.0,267.0,5.5,15.0,404.0,448.81,364.74
2016,3,20,9,45,120.5,242.0,5.6,15.5,314.0,345.83,279.87
2016,3,20,10,0,10.0,217.0,5.7,16.0,224.0,216.13,171.89
2016,3,20,10,15,5.0,171.0,5.8,16.0,174.5,166.41,131.45
2016,3,20,10,30,0.0,125.0,5.9,16.0,125.0,117.39,91.21
2016,3,20,10,45,9.0,196.5,6.0,16.0,203.5,195.38,154.74
2016,3,20,11,0,18.0,268.0,6.1,16.0,282.0,275.57,218.92
2016,3,20,11,15,16.5,267.0,6.15,16.0,280.0,273.38,216.82
2016,3,20,11,30,15.0,266.0,6.2,16.0,278.0,271.11,214.82
2016,3,20,11,45,14.5,263.0,6.3,16.0,274.5,267.71,212.04
2016,3,20,12,0,14.0,260.0,6.4,16.0,271.0,264.27,209.27
2016,3,20,12,15,8.5,216.0,6.35,16.0,223.0,214.83,169.62
2016,3,20,12,30,3.0,172.0,6.3,16.0,175.0,166.03,130.22
2016,3,20,12,45,6.0,197.0,6.3,16.0,202.0,193.5,152.56
2016,3,20,13,0,9.0,222.0,6.3,16.0,229.0,221.14,174.9
2016,3,20,13,15,5.0,193.0,6.2,16.0,197.0,188.46,148.57
2016,3,20,13,30,1.0,164.0,6.1,16.0,165.0,156.17,122.46
2016,3,20,13,45,0.5,140.5,6.05,16.0,141.0,132.83,103.66
2016,3,20,14,0,0.0,117.0,6.0,16.0,117.0,109.69,84.91
2016,3,20,14,15,15.0,190.0,5.85,15.5,200.5,193.73,154.34
2016,3,20,14,30,30.0,263.0,5.7,15.0,284.0,289.31,232.19
2016,3,20,14,45,15.0,215.5,5.6,15.0,226.5,218.41,174.89
2016,3,20,15,0,0.0,168.0,5.5,15.0,169.0,159.49,126.81
2016,3,20,15,15,0.5,165.5,5.35,15.0,166.5,157.56,125.62
2016,3,20,15,30,1.0,163.0,5.2,15.0,164.0,155.64,124.4
2016,3,20,15,45,0.5,108.5,5.1,15.0,109.0,102.06,80.29
2016,3,20,16,0,0.0,54.0,5.0,15.0,54.0,50.21,36.96
2016,3,20,16,15,11.5,94.0,4.8,14.5,98.0,93.8,74.15
2016,3,20,16,30,23.0,134.0,4.6,14.0,142.0,138.03,111.57
2016,3,20,16,45,16.5,114.0,4.45,14.0,119.0,114.79,91.97
2016,3,20,17,0,10.0,94.0,4.3,14.0,96.0,92.38,72.95
2016,3,20,17,15,5.0,73.0,4.1,13.5,74.0,70.24,54.06
2016,3,20,17,30,0.0,52.0,3.9,13.0,52.0,48.81,35.61
2016,3,20,17,45,0.0,33.5,3.75,13.0,33.5,31.26,20.0
2016,3,20,18,0,0.0,15.0,3.6,13.0,15.0,13.91,1.77
2016,3,20,18,15,0.0,7.5,3.5,13.0,7.5,7.15,0.0
2016,3,20,18,30,0.0,0.0,3.4,13.0,0.0,0.0,0.0
2016,3,20,18,45,0.0,0.0,3.35,13.0,0.0,0.0,0.0
2016,3,20,19,0,0.0,0.0,3.3,13.0,0.0,0.0,0.0
2016,3,20,19,15,0.0,0.0,3.2,13.0,0.0,0.0,0.0
2016,3,20,19,30,0.0,0.0,3.1,13.0,0.0,0.0,0.0
2016,3,20,19,45,0.0,0.0,3.05,13.0,0.0,0.0,0.0
2016,3,20,20,0,0.0,0.0,3.0,13.0,0.0,0.0,0.0
2016,3,20,20,15,0.0,0.0,2.95,12.5,0.0,0.0,0.0
2016,3,20,20,30,0.0,0.0,2.9,12.0,0.0,0.0,0.0
2016,3,20,20,45,0.0,0.0,2.85,12.0,0.0,0.0,0.0
2016,3,20,21,0,0.0,0.0,2.8,12.0,0.0,0.0,0.0
2016,3,20,21,15,0.0,0.0,2.7,11.5,0.0,0.0,0.0
2016,3,20,21,30,0.0,0.0,2.6,11.0,0.0,0.0,0.0
2016,3,20,21,45,0.0,0.0,2.55,11.0,0.0,0.0,0.0
2016,3,20,22,0,0.0,0.0,2.5,11.0,0.0,0.0,0.0
2016,3,20,22,15,0.0,0.0,2.45,11.0,0.0,0.0,0.0
2016,3,20,22,30,0.0,0.0,2.4,11.0,0.0,0.0,0.0
2016,3,20,22,45,0.0,0.0,2.35,11.0,0.0,0.0,0.0
2016,3,20,23,0,0.0,0.0,2.3,11.0,0.0,0.0,0.0
2016,3,20,23,15,0.0,0.0,2.25,11.0,0.0,0.0,0.0
2016,3,20,23,30,0.0,0.0,2.2,11.0,0.0,0.0,0.0
2016,3,20,23,45,0.0,0.0,2.15,11.0,0.0,0.0,0.0
2016,3,21,0,0,0.0,0.0,2.1,11.0,0.0,0.0,0.0
2016,3,21,0,15,0.0,0.0,2.1,11.0,0.0,0.0,0.0
2016,3,21,0,30,0.0,0.0,2.1,11.0,0.0,0.0,0.0
2016,3,21,0,45,0.0,0.0,2.1,11.0,0.0,0.0,0.0
2016,3,21,1,0,0.0,0.0,2.1,11.0,0.0,0.0,0.0
2016,3,21,1,15,0.0,0.0,2.15,10.5,0.0,0.0,0.0
2016,3,21,1,30,0.0,0.0,2.2,10.0,0.0,0.0,0.0
2016,3,21,1,45,0.0,0.0,2.25,10.0,0.0,0.0,0.0
2016,3,21,2,0,0.0,0.0,2.3,10.0,0.0,0.0,0.0
2016,3,21,2,15,0.0,0.0,2.4,10.0,0.0,0.0,0.0
2016,3,21,2,30,0.0,0.0,2.5,10.0,0.0,0.0,0.0
2016,3,21,2,45,0.0,0.0,2.6,10.0,0.0,0.0,0.0
2016,3,21,3,0,0.0,0.0,2.7,10.0,0.0,0.0,0.0
2016,3,21,3,15,0.0,0.0,2.75,10.0,0.0,0.0,0.0
2016,3,21,3,30,0.0,0.0,2.8,10.0,0.0,0.0,0.0
2016,3,21,3,45,0.0,0.0,2.9,10.5,0.0,0.0,0.0
2016,3,21,4,0,0.0,0.0,3.0,11.0,0.0,0.0,0.0
2016,3,21,4,15,0.0,0.0,3.1,11.0,0.0,0.0,0.0
2016,3,21,4,30,0.0,0.0,3.2,11.0,0.0,0.0,0.0
2016,3,21,4,45,0.0,0.0,3.35,11.0,0.0,0.0,0.0
2016,3,21,5,0,0.0,0.0,3.5,11.0,0.0,0.0,0.0
2016,3,21,5,15,0.0,0.0,3.6,11.0,0.0,0.0,0.0
2016,3,21,5,30,0.0,0.0,3.7,11.0,0.0,0.0,0.0
2016,3,21,5,45,0.0,0.0,3.85,11.0,0.0,0.0,0.0
2016,3,21,6,0,0.0,0.0,4.0,11.0,0.0,0.0,0.0
2016,3,21,6,15,0.0,9.5,4.15,11.5,9.5,9.05,0.0
2016,3,21,6,30,0.0,19.0,4.3,12.0,19.0,17.61,0.28
2016,3,21,6,45,55.5,39.0,4.5,12.5,48.0,45.63,29.08
2016,3,21,7,0,111.0,59.0,4.7,13.0,77.0,79.96,57.1
2016,3,21,7,15,144.5,80.5,4.9,13.0,112.5,117.31,89.33
2016,3,21,7,30,178.0,102.0,5.1,13.0,148.0,162.2,128.44
2016,3,21,7,45,215.0,118.5,5.3,13.0,186.0,204.61,165.5
2016,3,21,8,0,252.0,135.0,5.5,13.0,224.0,251.21,205.93
2016,3,21,8,15,461.0,114.0,5.6,13.0,306.5,353.3,292.23
2016,3,21,8,30,670.0,93.0,5.7,13.0,389.0,475.67,394.92
2016,3,21,8,45,335.0,110.0,5.85,13.5,258.0,325.45,271.08
2016,3,21,9,0,0.0,127.0,6.0,14.0,127.0,119.58,94.91
2016,3,21,9,15,31.0,193.0,6.1,14.0,211.5,212.6,172.45
2016,3,21,9,30,62.0,259.0,6.2,14.0,296.0,306.37,248.96
2016,3,21,9,45,36.0,237.0,6.3,14.0,259.0,265.0,214.26
2016,3,21,10,0,10.0,215.0,6.4,14.0,222.0,214.02,171.7
2016,3,21,10,15,6.0,196.0,6.5,14.0,200.5,191.89,153.32
2016,3,21,10,30,2.0,177.0,6.6,14.0,179.0,169.72,134.88
2016,3,21,10,45,62.5,272.0,6.75,14.5,319.5,330.72,266.58
2016,3,21,11,0,123.0,367.0,6.9,15.0,460.0,504.03,403.35
2016,3,21,11,15,64.5,285.5,7.0,15.0,334.5,349.71,280.32
2016,3,21,11,30,6.0,204.0,7.1,15.0,209.0,200.3,158.63
2016,3,21,11,45,3.0,153.0,7.2,15.0,155.5,147.46,115.78
2016,3,21,12,0,0.0,102.0,7.3,15.0,102.0,95.46,73.18
2016,3,21,12,15,0.0,102.0,7.25,15.0,102.0,95.47,73.19
2016,3,21,12,30,0.0,102.0,7.2,15.0,102.0,95.47,73.2
2016,3,21,12,45,88.0,247.0,7.2,15.0,316.5,345.99,279.1
2016,3,21,13,0,176.0,392.0,7.2,15.0,531.0,588.05,469.71
2016,3,21,13,15,178.5,382.0,7.1,15.0,520.5,576.6,460.57
2016,3,21,13,30,181.0,372.0,7.0,15.0,510.0,564.3,451.47
2016,3,21,13,45,163.5,360.0,6.9,15.0,481.5,530.68,425.25
2016,3,21,14,0,146.0,348.0,6.8,15.0,453.0,497.28,399.16
2016,3,21,14,15,73.0,207.0,6.7,14.5,259.5,277.92,224.99
2016,3,21,14,30,0.0,66.0,6.6,14.0,66.0,61.5,45.82
2016,3,21,14,45,7.5,141.0,6.55,14.0,145.5,138.79,110.46
2016,3,21,15,0,15.0,216.0,6.5,14.0,225.0,218.47,176.31
2016,3,21,15,15,46.5,223.5,6.4,14.0,249.0,255.64,207.88
2016,3,21,15,30,78.0,231.0,6.3,14.0,273.0,282.46,230.78
2016,3,21,15,45,39.0,172.0,6.25,14.0,193.0,193.23,157.16
2016,3,21,16,0,0.0,113.0,6.2,14.0,113.0,106.25,84.37
2016,3,21,16,15,236.5,122.0,6.0,13.5,207.5,247.33,204.47
2016,3,21,16,30,473.0,131.0,5.8,13.0,302.0,353.28,289.73
2016,3,21,16,45,463.5,110.5,5.65,13.0,256.5,299.27,241.48
2016,3,21,17,0,454.0,90.0,5.5,13.0,211.0,245.79,192.79
2016,3,21,17,15,375.0,77.0,5.3,12.5,162.5,182.21,137.21
2016,3,21,17,30,296.0,64.0,5.1,12.0,114.0,128.08,90.65
2016,3,21,17,45,211.5,45.5,4.9,12.0,74.5,77.55,49.1
2016,3,21,18,0,127.0,27.0,4.7,12.0,35.0,36.59,12.6
2016,3,21,18,15,63.5,13.5,4.75,11.5,17.5,13.84,0.0
2016,3,21,18,30,0.0,0.0,4.8,11.0,0.0,0.0,0.0
2016,3,21,18,45,0.0,0.0,4.9,11.0,0.0,0.0,0.0
2016,3,21,19,0,0.0,0.0,5.0,11.0,0.0,0.0,0.0
2016,3,21,19,15,0.0,0.0,4.95,11.0,0.0,0.0,0.0
2016,3,21,19,30,0.0,0.0,4.9,11.0,0.0,0.0,0.0
2016,3,21,19,45,0.0,0.0,4.9,11.0,0.0,0.0,0.0
2016,3,21,20,0,0.0,0.0,4.9,11.0,0.0,0.0,0.0
2016,3,21,20,15,0.0,0.0,4.8,10.5,0.0,0.0,0.0
2016,3,21,20,30,0.0,0.0,4.7,10.0,0.0,0.0,0.0
2016,3,21,20,45,0.0,0.0,4.65,10.0,0.0,0.0,0.0
2016,3,21,21,0,0.0,0.0,4.6,10.0,0.0,0.0,0.0
2016,3,21,21,15,0.0,0.0,4.6,10.0,0.0,0.0,0.0
2016,3,21,21,30,0.0,0.0,4.6,10.0,0.0,0.0,0.0
2016,3,21,21,45,0.0,0.0,4.6,10.0,0.0,0.0,0.0
2016,3,21,22,0,0.0,0.0,4.6,10.0,0.0,0.0,0.0
2016,3,21,22,15,0.0,0.0,4.6,10.0,0.0,0.0,0.0
2016,3,21,22,30,0.0,0.0,4.6,10.0,0.0,0.0,0.0
2016,3,21,22,45,0.0,0.0,4.6,10.0,0.0,0.0,0.0
2016,3,21,23,0,0.0,0.0,4.6,10.0,0.0,0.0,0.0
2016,3,21,23,15,0.0,0.0,4.6,10.0,0.0,0.0,0.0
2016,3,21,23,30,0.0,0.0,4.6,10.0,0.0,0.0,0.0
2016,3,21,23,45,0.0,0.0,4.6,10.0,0.0,0.0,0.0
2016,3,22,0,0,0.0,0.0,4.6,10.0,0.0,0.0,0.0
2016,3,22,0,15,0.0,0.0,4.55,10.0,0.0,0.0,0.0
2016,3,22,0,30,0.0,0.0,4.5,10.0,0.0,0.0,0.0
2016,3,22,0,45,0.0,0.0,4.45,10.0,0.0,0.0,0.0
2016,3,22,1,0,0.0,0.0,4.4,10.0,0.0,0.0,0.0
2016,3,22,1,15,0.0,0.0,4.35,10.0,0.0,0.0,0.0
2016,3,22,1,30,0.0,0.0,4.3,10.0,0.0,0.0,0.0
2016,3,22,1,45,0.0,0.0,4.3,10.0,0.0,0.0,0.0
2016,3,22,2,0,0.0,0.0,4.3,10.0,0.0,0.0,0.0
2016,3,22,2,15,0.0,0.0,4.3,9.5,0.0,0.0,0.0
2016,3,22,2,30,0.0,0.0,4.3,9.0,0.0,0.0,0.0
2016,3,22,2,45,0.0,0.0,4.3,9.0,0.0,0.0,0.0
2016,3,22,3,0,0.0,0.0,4.3,9.0,0.0,0.0,0.0
2016,3,22,3,15,0.0,0.0,4.25,9.0,0.0,0.0,0.0
2016,3,22,3,30,0.0,0.0,4.2,9.0,0.0,0.0,0.0
2016,3,22,3,45,0.0,0.0,4.2,9.0,0.0,0.0,0.0
2016,3,22,4,0,0.0,0.0,4.2,9.0,0.0,0.0,0.0
2016,3,22,4,15,0.0,0.0,4.15,9.0,0.0,0.0,0.0
2016,3,22,4,30,0.0,0.0,4.1,9.0,0.0,0.0,0.0
2016,3,22,4,45,0.0,0.0,4.1,9.0,0.0,0.0,0.0
2016,3,22,5,0,0.0,0.0,4.1,9.0,0.0,0.0,0.0
2016,3,22,5,15,0.0,0.0,4.05,9.0,0.0,0.0,0.0
2016,3,22,5,30,0.0,0.0,4.0,9.0,0.0,0.0,0.0
2016,3,22,5,45,0.0,0.0,4.0,9.0,0.0,0.0,0.0
2016,3,22,6,0,0.0,0.0,4.0,9.0,0.0,0.0,0.0
2016,3,22,6,15,83.5,11.5,4.15,9.5,16.5,11.55,0.0
2016,3,22,6,30,167.0,23.0,4.3,10.0,33.0,33.8,7.43
2016,3,22,6,45,304.0,35.5,4.45,10.5,76.0,78.62,46.03
2016,3,22,7,0,441.0,48.0,4.6,11.0,119.0,138.77,93.68
2016,3,22,7,15,521.0,56.5,4.6,11.0,170.0,197.31,145.33
2016,3,22,7,30,601.0,65.0,4.6,11.0,221.0,265.25,206.34
2016,3,22,7,45,657.0,70.0,4.7,11.5,275.0,329.41,264.35
2016,3,22,8,0,713.0,75.0,4.8,12.0,329.0,399.12,325.84
2016,3,22,8,15,748.0,79.5,4.75,12.0,381.0,462.47,381.18
2016,3,22,8,30,783.0,84.0,4.7,12.0,433.0,528.58,437.12
2016,3,22,8,45,813.0,85.5,4.7,12.0,483.0,590.33,488.19
2016,3,22,9,0,843.0,87.0,4.7,12.0,533.0,652.97,538.57
2016,3,22,9,15,860.5,89.5,4.75,12.0,577.0,708.48,581.88
2016,3,22,9,30,878.0,92.0,4.8,12.0,621.0,758.6,618.65
2016,3,22,9,45,543.0,202.0,4.85,12.5,536.5,654.09,532.74
2016,3,22,10,0,208.0,312.0,4.9,13.0,452.0,497.7,402.16
2016,3,22,10,15,206.5,328.5,4.95,13.0,472.0,521.88,420.92
2016,3,22,10,30,205.0,345.0,5.0,13.0,492.0,545.28,438.32
2016,3,22,10,45,114.5,318.5,5.05,13.0,401.0,439.9,353.61
2016,3,22,11,0,24.0,292.0,5.1,13.0,310.0,305.32,244.29
2016,3,22,11,15,245.5,300.0,5.1,13.0,493.0,563.22,454.19
2016,3,22,11,30,467.0,308.0,5.1,13.0,676.0,803.48,639.39
2016,3,22,11,45,493.0,302.5,5.2,13.5,694.0,828.86,656.57
2016,3,22,12,0,519.0,297.0,5.3,14.0,712.0,852.31,673.46
2016,3,22,12,15,737.0,198.0,5.4,14.0,788.5,967.51,761.88
2016,3,22,12,30,955.0,99.0,5.5,14.0,865.0,1058.15,826.7
2016,3,22,12,45,660.5,226.0,5.6,14.0,753.0,916.21,725.04
2016,3,22,13,0,366.0,353.0,5.7,14.0,641.0,742.75,589.49
2016,3,22,13,15,652.5,226.0,5.8,14.0,728.0,890.9,710.07
2016,3,22,13,30,939.0,99.0,5.9,14.0,815.0,996.33,787.62
2016,3,22,13,45,933.5,97.5,6.05,14.0,791.0,968.56,768.64
2016,3,22,14,0,928.0,96.0,6.2,14.0,767.0,937.41,747.8
2016,3,22,14,15,668.5,184.5,6.25,13.5,657.5,792.65,642.22
2016,3,22,14,30,409.0,273.0,6.3,13.0,548.0,633.13,515.53
2016,3,22,14,45,421.0,252.5,6.35,13.0,522.5,614.01,502.13
2016,3,22,15,0,433.0,232.0,6.4,13.0,497.0,582.61,478.58
2016,3,22,15,15,644.5,157.5,6.35,13.0,520.0,636.8,525.92
2016,3,22,15,30,856.0,83.0,6.3,13.0,543.0,662.71,549.36
2016,3,22,15,45,834.0,80.0,6.25,13.0,494.5,602.83,500.26
2016,3,22,16,0,812.0,77.0,6.2,13.0,446.0,542.98,450.22
2016,3,22,16,15,780.5,73.0,6.1,12.5,394.5,477.66,395.04
2016,3,22,16,30,749.0,69.0,6.0,12.0,343.0,414.12,339.63
2016,3,22,16,45,704.0,64.0,5.95,12.0,290.0,346.47,278.83
2016,3,22,17,0,659.0,59.0,5.9,12.0,237.0,283.09,220.45
2016,3,22,17,15,587.0,52.0,5.7,11.5,185.0,214.82,158.64
2016,3,22,17,30,515.0,45.0,5.5,11.0,133.0,154.82,104.86
2016,3,22,17,45,392.5,34.5,5.35,11.0,87.5,92.89,54.31
2016,3,22,18,0,270.0,24.0,5.2,11.0,42.0,45.47,15.6
2016,3,22,18,15,135.0,12.0,5.15,10.5,21.0,13.49,0.0
2016,3,22,18,30,0.0,0.0,5.1,10.0,0.0,0.0,0.0
2016,3,22,18,45,0.0,0.0,5.05,10.0,0.0,0.0,0.0
2016,3,22,19,0,0.0,0.0,5.0,10.0,0.0,0.0,0.0
2016,3,22,19,15,0.0,0.0,4.95,10.0,0.0,0.0,0.0
2016,3,22,19,30,0.0,0.0,4.9,10.0,0.0,0.0,0.0
2016,3,22,19,45,0.0,0.0,4.85,10.0,0.0,0.0,0.0
2016,3,22,20,0,0.0,0.0,4.8,10.0,0.0,0.0,0.0
2016,3,22,20,15,0.0,0.0,4.75,10.0,0.0,0.0,0.0
2016,3,22,20,30,0.0,0.0,4.7,10.0,0.0,0.0,0.0
2016,3,22,20,45,0.0,0.0,4.7,10.0,0.0,0.0,0.0
2016,3,22,21,0,0.0,0.0,4.7,10.0,0.0,0.0,0.0
2016,3,22,21,15,0.0,0.0,4.65,9.5,0.0,0.0,0.0
2016,3,22,21,30,0.0,0.0,4.6,9.0,0.0,0.0,0.0
2016,3,22,21,45,0.0,0.0,4.6,9.0,0.0,0.0,0.0
2016,3,22,22,0,0.0,0.0,4.6,9.0,0.0,0.0,0.0
2016,3,22,22,15,0.0,0.0,4.5,9.0,0.0,0.0,0.0
2016,3,22,22,30,0.0,0.0,4.4,9.0,0.0,0.0,0.0
2016,3,22,22,45,0.0,0.0,4.35,9.0,0.0,0.0,0.0
2016,3,22,23,0,0.0,0.0,4.3,9.0,0.0,0.0,0.0
2016,3,22,23,15,0.0,0.0,4.25,9.0,0.0,0.0,0.0
2016,3,22,23,30,0.0,0.0,4.2,9.0,0.0,0.0,0.0
2016,3,22,23,45,0.0,0.0,4.2,9.0,0.0,0.0,0.0
2016,3,23,0,0,0.0,0.0,4.2,9.0,0.0,0.0,0.0
2016,3,23,0,15,0.0,0.0,4.15,8.5,0.0,0.0,0.0
2016,3,23,0,30,0.0,0.0,4.1,8.0,0.0,0.0,0.0
2016,3,23,0,45,0.0,0.0,4.1,8.0,0.0,0.0,0.0
2016,3,23,1,0,0.0,0.0,4.1,8.0,0.0,0.0,0.0
2016,3,23,1,15,0.0,0.0,4.1,8.0,0.0,0.0,0.0
2016,3,23,1,30,0.0,0.0,4.1,8.0,0.0,0.0,0.0
2016,3,23,1,45,0.0,0.0,4.1,8.0,0.0,0.0,0.0
2016,3,23,2,0,0.0,0.0,4.1,8.0,0.0,0.0,0.0
2016,3,23,2,15,0.0,0.0,4.05,8.0,0.0,0.0,0.0
2016,3,23,2,30,0.0,0.0,4.0,8.0,0.0,0.0,0.0
2016,3,23,2,45,0.0,0.0,3.95,8.0,0.0,0.0,0.0
2016,3,23,3,0,0.0,0.0,3.9,8.0,0.0,0.0,0.0
2016,3,23,3,15,0.0,0.0,3.85,8.0,0.0,0.0,0.0
2016,3,23,3,30,0.0,0.0,3.8,8.0,0.0,0.0,0.0
2016,3,23,3,45,0.0,0.0,3.75,8.0,0.0,0.0,0.0
2016,3,23,4,0,0.0,0.0,3.7,8.0,0.0,0.0,0.0
2016,3,23,4,15,0.0,0.0,3.65,8.0,0.0,0.0,0.0
2016,3,23,4,30,0.0,0.0,3.6,8.0,0.0,0.0,0.0
2016,3,23,4,45,0.0,0.0,3.55,8.0,0.0,0.0,0.0
2016,3,23,5,0,0.0,0.0,3.5,8.0,0.0,0.0,0.0
2016,3,23,5,15,0.0,0.0,3.4,8.0,0.0,0.0,0.0
2016,3,23,5,30,0.0,0.0,3.3,8.0,0.0,0.0,0.0
2016,3,23,5,45,0.0,0.0,3.2,8.0,0.0,0.0,0.0
2016,3,23,6,0,0.0,0.0,3.1,8.0,0.0,0.0,0.0
2016,3,23,6,15,47.0,11.0,3.1,8.5,14.0,10.93,0.0
2016,3,23,6,30,94.0,22.0,3.1,9.0,28.0,27.87,8.51
2016,3,23,6,45,162.5,40.0,3.1,9.5,62.0,63.8,40.39
2016,3,23,7,0,231.0,58.0,3.1,10.0,96.0,107.07,76.09
2016,3,23,7,15,269.0,76.5,3.05,10.5,136.0,151.55,115.3
2016,3,23,7,30,307.0,95.0,3.0,11.0,176.0,200.64,158.72
2016,3,23,7,45,339.5,109.5,3.0,11.5,217.5,247.98,200.42
2016,3,23,8,0,372.0,124.0,3.0,12.0,259.0,298.74,244.14
2016,3,23,8,15,487.5,119.0,2.95,12.5,322.5,373.62,306.55
2016,3,23,8,30,603.0,114.0,2.9,13.0,386.0,464.04,380.11
2016,3,23,8,45,592.5,132.0,2.9,13.5,423.0,509.83,416.01
2016,3,23,9,0,582.0,150.0,2.9,14.0,460.0,553.01,448.8
2016,3,23,9,15,729.5,122.5,2.8,14.0,544.0,656.31,529.3
2016,3,23,9,30,877.0,95.0,2.7,14.0,628.0,767.36,610.47
2016,3,23,9,45,891.5,96.0,2.65,14.5,667.0,811.53,638.61
2016,3,23,10,0,906.0,97.0,2.6,15.0,706.0,858.27,668.59
2016,3,23,10,15,915.5,99.0,2.5,15.0,738.0,899.66,695.12
2016,3,23,10,30,925.0,101.0,2.4,15.0,770.0,938.3,719.38
2016,3,23,10,45,932.0,101.5,2.35,15.5,794.5,970.05,737.78
2016,3,23,11,0,939.0,102.0,2.3,16.0,819.0,998.49,753.83
2016,3,23,11,15,755.0,187.5,2.4,16.0,772.0,947.12,719.26
2016,3,23,11,30,571.0,273.0,2.5,16.0,725.0,867.49,662.98
2016,3,23,11,45,625.0,253.5,2.6,16.0,753.0,909.68,694.83
2016,3,23,12,0,679.0,234.0,2.7,16.0,781.0,947.42,722.04
2016,3,23,12,15,665.5,241.0,2.85,16.0,776.5,943.03,719.86
2016,3,23,12,30,652.0,248.0,3.0,16.0,772.0,935.51,715.54
2016,3,23,12,45,634.0,252.5,3.2,16.0,758.5,918.04,704.72
2016,3,23,13,0,616.0,257.0,3.4,16.0,745.0,897.86,691.94
2016,3,23,13,15,618.0,249.0,3.5,16.0,730.5,881.8,682.03
2016,3,23,13,30,620.0,241.0,3.6,16.0,716.0,862.91,670.03
2016,3,23,13,45,647.0,220.0,3.75,16.0,702.5,850.84,663.89
2016,3,23,14,0,674.0,199.0,3.9,16.0,689.0,834.55,654.31
2016,3,23,14,15,593.5,216.5,4.0,16.0,635.0,761.4,600.82
2016,3,23,14,30,513.0,234.0,4.1,16.0,581.0,688.1,546.32
2016,3,23,14,45,678.5,171.5,4.2,16.0,603.5,736.28,587.19
2016,3,23,15,0,844.0,109.0,4.3,16.0,626.0,761.6,608.36
2016,3,23,15,15,715.5,129.5,4.35,15.5,547.0,657.27,530.9
2016,3,23,15,30,587.0,150.0,4.4,15.0,468.0,559.12,455.01
2016,3,23,15,45,548.5,150.0,4.5,15.0,425.5,500.91,409.15
2016,3,23,16,0,510.0,150.0,4.6,15.0,383.0,449.26,367.16
2016,3,23,16,15,488.5,135.5,4.6,14.5,338.5,393.95,321.97
2016,3,23,16,30,467.0,121.0,4.6,14.0,294.0,340.08,276.61
2016,3,23,16,45,432.5,106.5,4.65,14.0,247.5,282.9,226.96
2016,3,23,17,0,398.0,92.0,4.7,14.0,201.0,229.23,179.34
2016,3,23,17,15,344.5,76.5,4.55,13.5,156.5,173.28,130.21
2016,3,23,17,30,291.0,61.0,4.4,13.0,112.0,123.73,87.03
2016,3,23,17,45,205.0,44.0,4.3,12.5,73.5,74.79,47.33
2016,3,23,18,0,119.0,27.0,4.2,12.0,35.0,36.09,14.98
2016,3,23,18,15,59.5,13.5,4.1,11.5,17.5,13.77,0.0
2016,3,23,18,30,0.0,0.0,4.0,11.0,0.0,0.0,0.0
2016,3,23,18,45,0.0,0.0,3.95,11.0,0.0,0.0,0.0
2016,3,23,19,0,0.0,0.0,3.9,11.0,0.0,0.0,0.0
2016,3,23,19,15,0.0,0.0,3.8,10.5,0.0,0.0,0.0
2016,3,23,19,30,0.0,0.0,3.7,10.0,0.0,0.0,0.0
2016,3,23,19,45,0.0,0.0,3.65,10.0,0.0,0.0,0.0
2016,3,23,20,0,0.0,0.0,3.6,10.0,0.0,0.0,0.0
2016,3,23,20,15,0.0,0.0,3.6,10.0,0.0,0.0,0.0
2016,3,23,20,30,0.0,0.0,3.6,10.0,0.0,0.0,0.0
2016,3,23,20,45,0.0,0.0,3.6,10.0,0.0,0.0,0.0
2016,3,23,21,0,0.0,0.0,3.6,10.0,0.0,0.0,0.0
2016,3,23,21,15,0.0,0.0,3.55,10.0,0.0,0.0,0.0
2016,3,23,21,30,0.0,0.0,3.5,10.0,0.0,0.0,0.0
2016,3,23,21,45,0.0,0.0,3.45,10.0,0.0,0.0,0.0
2016,3,23,22,0,0.0,0.0,3.4,10.0,0.0,0.0,0.0
2016,3,23,22,15,0.0,0.0,3.4,10.0,0.0,0.0,0.0
2016,3,23,22,30,0.0,0.0,3.4,10.0,0.0,0.0,0.0
2016,3,23,22,45,0.0,0.0,3.4,10.0,0.0,0.0,0.0
2016,3,23,23,0,0.0,0.0,3.4,10.0,0.0,0.0,0.0
2016,3,23,23,15,0.0,0.0,3.45,9.5,0.0,0.0,0.0
2016,3,23,23,30,0.0,0.0,3.5,9.0,0.0,0.0,0.0
2016,3,23,23,45,0.0,0.0,3.55,9.0,0.0,0.0,0.0
2016,3,24,0,0,0.0,0.0,3.6,9.0,0.0,0.0,0.0
2016,3,24,0,15,0.0,0.0,3.65,9.0,0.0,0.0,0.0
2016,3,24,0,30,0.0,0.0,3.7,9.0,0.0,0.0,0.0
2016,3,24,0,45,0.0,0.0,3.8,9.0,0.0,0.0,0.0
2016,3,24,1,0,0.0,0.0,3.9,9.0,0.0,0.0,0.0
2016,3,24,1,15,0.0,0.0,3.95,9.0,0.0,0.0,0.0
2016,3,24,1,30,0.0,0.0,4.0,9.0,0.0,0.0,0.0
2016,3,24,1,45,0.0,0.0,4.05,9.0,0.0,0.0,0.0
2016,3,24,2,0,0.0,0.0,4.1,9.0,0.0,0.0,0.0
2016,3,24,2,15,0.0,0.0,4.15,9.0,0.0,0.0,0.0
2016,3,24,2,30,0.0,0.0,4.2,9.0,0.0,0.0,0.0
2016,3,24,2,45,0.0,0.0,4.3,9.0,0.0,0.0,0.0
2016,3,24,3,0,0.0,0.0,4.4,9.0,0.0,0.0,0.0
2016,3,24,3,15,0.0,0.0,4.45,9.0,0.0,0.0,0.0
2016,3,24,3,30,0.0,0.0,4.5,9.0,0.0,0.0,0.0
2016,3,24,3,45,0.0,0.0,4.6,9.0,0.0,0.0,0.0
2016,3,24,4,0,0.0,0.0,4.7,9.0,0.0,0.0,0.0
2016,3,24,4,15,0.0,0.0,4.7,9.0,0.0,0.0,0.0
2016,3,24,4,30,0.0,0.0,4.7,9.0,0.0,0.0,0.0
2016,3,24,4,45,0.0,0.0,4.7,9.0,0.0,0.0,0.0
2016,3,24,5,0,0.0,0.0,4.7,9.0,0.0,0.0,0.0
2016,3,24,5,15,0.0,0.0,4.7,9.0,0.0,0.0,0.0
2016,3,24,5,30,0.0,0.0,4.7,9.0,0.0,0.0,0.0
2016,3,24,5,45,0.0,0.0,4.75,9.5,0.0,0.0,0.0
2016,3,24,6,0,0.0,0.0,4.8,10.0,0.0,0.0,0.0
2016,3,24,6,15,85.5,12.5,4.95,10.5,18.0,12.92,0.0
2016,3,24,6,30,171.0,25.0,5.1,11.0,36.0,37.31,13.99
2016,3,24,6,45,284.0,39.0,5.3,11.5,78.5,79.7,48.16
2016,3,24,7,0,397.0,53.0,5.5,12.0,121.0,137.12,94.36
2016,3,24,7,15,472.0,62.5,5.5,12.0,171.0,193.08,143.64
2016,3,24,7,30,547.0,72.0,5.5,12.0,221.0,257.87,201.62
2016,3,24,7,45,553.5,83.0,5.5,12.5,260.0,306.36,246.71
2016,3,24,8,0,560.0,94.0,5.5,13.0,299.0,354.8,290.32
2016,3,24,8,15,630.5,99.0,5.5,13.0,361.5,428.69,353.75
2016,3,24,8,30,701.0,104.0,5.5,13.0,424.0,509.04,421.11
2016,3,24,8,45,703.5,117.5,5.5,13.5,468.0,563.12,464.75
2016,3,24,9,0,706.0,131.0,5.5,14.0,512.0,615.68,505.85
2016,3,24,9,15,727.5,135.5,5.4,14.0,555.0,670.34,548.51
2016,3,24,9,30,749.0,140.0,5.3,14.0,598.0,724.73,589.94
2016,3,24,9,45,763.5,144.0,5.25,14.5,636.0,772.45,623.49
2016,3,24,10,0,778.0,148.0,5.2,15.0,674.0,818.69,655.09
2016,3,24,10,15,790.0,150.5,5.1,15.0,705.5,859.37,683.13
2016,3,24,10,30,802.0,153.0,5.0,15.0,737.0,893.56,706.16
2016,3,24,10,45,822.5,148.5,4.95,15.5,764.0,929.74,729.39
2016,3,24,11,0,843.0,144.0,4.9,16.0,791.0,963.49,750.62
2016,3,24,11,15,690.0,215.5,4.85,16.0,752.5,915.8,715.39
2016,3,24,11,30,537.0,287.0,4.8,16.0,714.0,849.94,663.93
2016,3,24,11,45,531.5,294.0,4.8,16.5,720.5,858.34,668.55
2016,3,24,12,0,526.0,301.0,4.8,17.0,727.0,864.17,670.93
2016,3,24,12,15,515.0,303.5,4.85,17.0,720.5,857.23,665.91
2016,3,24,12,30,504.0,306.0,4.9,17.0,714.0,847.84,659.27
2016,3,24,12,45,506.0,301.5,4.95,17.0,708.0,841.5,655.36
2016,3,24,13,0,508.0,297.0,5.0,17.0,702.0,832.75,649.74
2016,3,24,13,15,500.0,293.0,5.05,17.0,685.0,812.57,635.69
2016,3,24,13,30,492.0,289.0,5.1,17.0,668.0,790.39,620.2
2016,3,24,13,45,463.5,291.5,5.15,17.0,640.0,754.4,593.91
2016,3,24,14,0,435.0,294.0,5.2,17.0,612.0,717.72,566.95
2016,3,24,14,15,412.5,288.0,5.25,17.0,579.5,677.11,537.15
2016,3,24,14,30,390.0,282.0,5.3,17.0,547.0,626.75,499.85
2016,3,24,14,45,596.5,202.0,5.35,17.0,582.0,699.22,560.69
2016,3,24,15,0,803.0,122.0,5.4,17.0,617.0,744.98,599.01
2016,3,24,15,15,784.0,118.5,5.4,16.5,574.0,691.54,560.02
2016,3,24,15,30,765.0,115.0,5.4,16.0,531.0,639.27,520.4
2016,3,24,15,45,728.5,114.0,5.45,16.0,481.5,576.6,470.63
2016,3,24,16,0,692.0,113.0,5.5,16.0,432.0,515.6,420.97
2016,3,24,16,15,656.0,106.5,5.55,15.5,381.5,451.26,368.16
2016,3,24,16,30,620.0,100.0,5.6,15.0,331.0,389.48,315.83
2016,3,24,16,45,582.0,89.5,5.7,14.5,280.0,325.85,260.58
2016,3,24,17,0,544.0,79.0,5.8,14.0,229.0,265.84,206.99
2016,3,24,17,15,472.0,68.0,5.7,13.5,178.5,200.24,149.02
2016,3,24,17,30,400.0,57.0,5.6,13.0,128.0,143.11,99.07
2016,3,24,17,45,299.5,42.0,5.5,12.5,85.0,85.9,52.55
2016,3,24,18,0,199.0,27.0,5.4,12.0,42.0,42.33,17.69
2016,3,24,18,15,99.5,13.5,5.35,12.0,21.0,14.37,0.0
2016,3,24,18,30,0.0,0.0,5.3,12.0,0.0,0.0,0.0
2016,3,24,18,45,0.0,0.0,5.25,12.0,0.0,0.0,0.0
2016,3,24,19,0,0.0,0.0,5.2,12.0,0.0,0.0,0.0
2016,3,24,19,15,0.0,0.0,5.1,11.5,0.0,0.0,0.0
2016,3,24,19,30,0.0,0.0,5.0,11.0,0.0,0.0,0.0
2016,3,24,19,45,0.0,0.0,4.9,11.0,0.0,0.0,0.0
2016,3,24,20,0,0.0,0.0,4.8,11.0,0.0,0.0,0.0
2016,3,24,20,15,0.0,0.0,4.7,11.0,0.0,0.0,0.0
2016,3,24,20,30,0.0,0.0,4.6,11.0,0.0,0.0,0.0
2016,3,24,20,45,0.0,0.0,4.55,11.0,0.0,0.0,0.0
2016,3,24,21,0,0.0,0.0,4.5,11.0,0.0,0.0,0.0
2016,3,24,21,15,0.0,0.0,4.45,11.0,0.0,0.0,0.0
2016,3,24,21,30,0.0,0.0,4.4,11.0,0.0,0.0,0.0
2016,3,24,21,45,0.0,0.0,4.35,11.0,0.0,0.0,0.0
2016,3,24,22,0,0.0,0.0,4.3,11.0,0.0,0.0,0.0
2016,3,24,22,15,0.0,0.0,4.3,10.5,0.0,0.0,0.0
2016,3,24,22,30,0.0,0.0,4.3,10.0,0.0,0.0,0.0
2016,3,24,22,45,0.0,0.0,4.35,10.0,0.0,0.0,0.0
2016,3,24,23,0,0.0,0.0,4.4,10.0,0.0,0.0,0.0
2016,3,24,23,15,0.0,0.0,4.5,10.0,0.0,0.0,0.0
2016,3,24,23,30,0.0,0.0,4.6,10.0,0.0,0.0,0.0
2016,3,24,23,45,0.0,0.0,4.7,10.0,0.0,0.0,0.0
2016,3,25,0,0,0.0,0.0,4.8,10.0,0.0,0.0,0.0
2016,3,25,0,15,0.0,0.0,4.85,10.0,0.0,0.0,0.0
2016,3,25,0,30,0.0,0.0,4.9,10.0,0.0,0.0,0.0
2016,3,25,0,45,0.0,0.0,5.0,10.0,0.0,0.0,0.0
2016,3,25,1,0,0.0,0.0,5.1,10.0,0.0,0.0,0.0
2016,3,25,1,15,0.0,0.0,5.2,10.0,0.0,0.0,0.0
2016,3,25,1,30,0.0,0.0,5.3,10.0,0.0,0.0,0.0
2016,3,25,1,45,0.0,0.0,5.4,10.0,0.0,0.0,0.0
2016,3,25,2,0,0.0,0.0,5.5,10.0,0.0,0.0,0.0
2016,3,25,2,15,0.0,0.0,5.5,9.5,0.0,0.0,0.0
2016,3,25,2,30,0.0,0.0,5.5,9.0,0.0,0.0,0.0
2016,3,25,2,45,0.0,0.0,5.55,9.0,0.0,0.0,0.0
2016,3,25,3,0,0.0,0.0,5.6,9.0,0.0,0.0,0.0
2016,3,25,3,15,0.0,0.0,5.45,9.0,0.0,0.0,0.0
2016,3,25,3,30,0.0,0.0,5.3,9.0,0.0,0.0,0.0
2016,3,25,3,45,0.0,0.0,5.2,9.0,0.0,0.0,0.0
2016,3,25,4,0,0.0,0.0,5.1,9.0,0.0,0.0,0.0
2016,3,25,4,15,0.0,0.0,4.95,9.0,0.0,0.0,0.0
2016,3,25,4,30,0.0,0.0,4.8,9.0,0.0,0.0,0.0
2016,3,25,4,45,0.0,0.0,4.7,9.0,0.0,0.0,0.0
2016,3,25,5,0,0.0,0.0,4.6,9.0,0.0,0.0,0.0
2016,3,25,5,15,0.0,0.0,4.55,9.0,0.0,0.0,0.0
2016,3,25,5,30,0.0,0.0,4.5,9.0,0.0,0.0,0.0
2016,3,25,5,45,0.0,0.0,4.5,9.5,0.0,0.0,0.0
2016,3,25,6,0,0.0,0.0,4.5,10.0,0.0,0.0,0.0
2016,3,25,6,15,101.5,14.0,4.7,10.0,21.0,14.78,0.0
2016,3,25,6,30,203.0,28.0,4.9,10.0,42.0,43.33,18.7
2016,3,25,6,45,311.0,42.0,5.1,10.5,86.0,88.16,54.43
2016,3,25,7,0,419.0,56.0,5.3,11.0,130.0,145.49,101.12
2016,3,25,7,15,493.0,65.5,5.4,11.0,180.5,202.78,151.94
2016,3,25,7,30,567.0,75.0,5.5,11.0,231.0,268.74,211.26
2016,3,25,7,45,624.5,79.5,5.6,11.5,284.0,331.47,267.79
2016,3,25,8,0,682.0,84.0,5.7,12.0,337.0,399.89,328.07
2016,3,25,8,15,716.0,89.0,5.8,12.5,388.5,462.36,382.17
2016,3,25,8,30,750.0,94.0,5.9,13.0,440.0,527.06,436.54
2016,3,25,8,45,781.0,95.0,6.0,13.5,489.0,586.45,485.29
2016,3,25,9,0,812.0,96.0,6.1,14.0,538.0,647.78,534.26
2016,3,25,9,15,829.5,99.0,6.05,14.0,581.5,702.4,577.06
2016,3,25,9,30,847.0,102.0,6.0,14.0,625.0,756.08,616.61
2016,3,25,9,45,861.5,103.5,5.95,14.5,663.0,804.49,650.4
2016,3,25,10,0,876.0,105.0,5.9,15.0,701.0,845.49,678.14
2016,3,25,10,15,885.5,107.0,5.8,15.0,733.0,885.76,706.09
2016,3,25,10,30,895.0,109.0,5.7,15.0,765.0,923.38,731.83
2016,3,25,10,45,899.0,112.0,5.65,15.5,788.5,954.17,751.28
2016,3,25,11,0,903.0,115.0,5.6,16.0,812.0,981.64,768.24
2016,3,25,11,15,907.5,115.5,5.5,16.0,829.0,1003.42,782.22
2016,3,25,11,30,912.0,116.0,5.4,16.0,846.0,1021.65,793.72
2016,3,25,11,45,726.0,207.0,5.35,16.0,791.5,961.62,750.25
2016,3,25,12,0,540.0,298.0,5.3,16.0,737.0,875.14,684.09
2016,3,25,12,15,729.0,207.5,5.25,16.0,800.0,971.71,757.34
2016,3,25,12,30,918.0,117.0,5.2,16.0,863.0,1044.11,807.5
2016,3,25,12,45,924.0,112.0,5.2,16.5,857.0,1038.8,801.97
2016,3,25,13,0,930.0,107.0,5.2,17.0,851.0,1029.5,794.33
2016,3,25,13,15,926.0,106.0,5.25,17.0,834.5,1010.99,782.35
2016,3,25,13,30,922.0,105.0,5.3,17.0,818.0,988.84,767.91
2016,3,25,13,45,916.0,103.5,5.35,17.0,794.0,960.78,749.3
2016,3,25,14,0,910.0,102.0,5.4,17.0,770.0,929.44,728.31
2016,3,25,14,15,901.0,100.5,5.5,17.0,738.5,892.39,703.39
2016,3,25,14,30,892.0,99.0,5.6,17.0,707.0,852.61,676.26
2016,3,25,14,45,672.5,166.0,5.75,17.0,610.5,725.84,583.08
2016,3,25,15,0,453.0,233.0,5.9,17.0,514.0,598.08,481.93
2016,3,25,15,15,642.0,161.5,6.0,16.5,529.0,639.09,519.42
2016,3,25,15,30,831.0,90.0,6.1,16.0,544.0,654.31,535.41
2016,3,25,15,45,802.5,88.0,6.25,16.0,495.0,592.6,485.98
2016,3,25,16,0,774.0,86.0,6.4,16.0,446.0,531.63,436.02
2016,3,25,16,15,741.5,81.5,6.45,15.5,394.5,467.16,382.42
2016,3,25,16,30,709.0,77.0,6.5,15.0,343.0,405.05,329.05
2016,3,25,16,45,655.5,72.5,6.6,14.5,289.5,336.71,269.24
2016,3,25,17,0,602.0,68.0,6.7,14.0,236.0,273.58,212.58
2016,3,25,17,15,530.0,60.0,6.6,13.5,185.0,207.58,153.61
2016,3,25,17,30,458.0,52.0,6.5,13.0,134.0,149.92,102.65
2016,3,25,17,45,336.5,40.0,6.45,12.5,89.5,90.11,54.58
2016,3,25,18,0,215.0,28.0,6.4,12.0,45.0,44.6,19.57
2016,3,25,18,15,107.5,14.0,6.35,12.0,22.5,14.97,0.0
2016,3,25,18,30,0.0,0.0,6.3,12.0,0.0,0.0,0.0
2016,3,25,18,45,0.0,0.0,6.25,12.0,0.0,0.0,0.0
2016,3,25,19,0,0.0,0.0,6.2,12.0,0.0,0.0,0.0
2016,3,25,19,15,0.0,0.0,6.05,11.5,0.0,0.0,0.0
2016,3,25,19,30,0.0,0.0,5.9,11.0,0.0,0.0,0.0
2016,3,25,19,45,0.0,0.0,5.8,11.0,0.0,0.0,0.0
2016,3,25,20,0,0.0,0.0,5.7,11.0,0.0,0.0,0.0
2016,3,25,20,15,0.0,0.0,5.6,11.0,0.0,0.0,0.0
2016,3,25,20,30,0.0,0.0,5.5,11.0,0.0,0.0,0.0
2016,3,25,20,45,0.0,0.0,5.45,11.0,0.0,0.0,0.0
2016,3,25,21,0,0.0,0.0,5.4,11.0,0.0,0.0,0.0
2016,3,25,21,15,0.0,0.0,5.35,11.0,0.0,0.0,0.0
2016,3,25,21,30,0.0,0.0,5.3,11.0,0.0,0.0,0.0
2016,3,25,21,45,0.0,0.0,5.25,11.0,0.0,0.0,0.0
2016,3,25,22,0,0.0,0.0,5.2,11.0,0.0,0.0,0.0
2016,3,25,22,15,0.0,0.0,5.1,11.0,0.0,0.0,0.0
2016,3,25,22,30,0.0,0.0,5.0,11.0,0.0,0.0,0.0
2016,3,25,22,45,0.0,0.0,4.95,11.0,0.0,0.0,0.0
2016,3,25,23,0,0.0,0.0,4.9,11.0,0.0,0.0,0.0
2016,3,25,23,15,0.0,0.0,4.85,11.0,0.0,0.0,0.0
2016,3,25,23,30,0.0,0.0,4.8,11.0,0.0,0.0,0.0
2016,3,25,23,45,0.0,0.0,4.75,11.0,0.0,0.0,0.0
2016,3,26,0,0,0.0,0.0,4.7,11.0,0.0,0.0,0.0
2016,3,26,0,15,0.0,0.0,4.6,11.0,0.0,0.0,0.0
2016,3,26,0,30,0.0,0.0,4.5,11.0,0.0,0.0,0.0
2016,3,26,0,45,0.0,0.0,4.4,11.0,0.0,0.0,0.0
2016,3,26,1,0,0.0,0.0,4.3,11.0,0.0,0.0,0.0
2016,3,26,1,15,0.0,0.0,4.25,10.5,0.0,0.0,0.0
2016,3,26,1,30,0.0,0.0,4.2,10.0,0.0,0.0,0.0
2016,3,26,1,45,0.0,0.0,4.2,10.0,0.0,0.0,0.0
2016,3,26,2,0,0.0,0.0,4.2,10.0,0.0,0.0,0.0
2016,3,26,2,15,0.0,0.0,4.15,10.0,0.0,0.0,0.0
2016,3,26,2,30,0.0,0.0,4.1,10.0,0.0,0.0,0.0
2016,3,26,2,45,0.0,0.0,4.1,10.0,0.0,0.0,0.0
2016,3,26,3,0,0.0,0.0,4.1,10.0,0.0,0.0,0.0
2016,3,26,3,15,0.0,0.0,4.1,10.0,0.0,0.0,0.0
2016,3,26,3,30,0.0,0.0,4.1,10.0,0.0,0.0,0.0
2016,3,26,3,45,0.0,0.0,4.1,10.0,0.0,0.0,0.0
2016,3,26,4,0,0.0,0.0,4.1,10.0,0.0,0.0,0.0
2016,3,26,4,15,0.0,0.0,4.05,10.0,0.0,0.0,0.0
2016,3,26,4,30,0.0,0.0,4.0,10.0,0.0,0.0,0.0
2016,3,26,4,45,0.0,0.0,4.0,10.0,0.0,0.0,0.0
2016,3,26,5,0,0.0,0.0,4.0,10.0,0.0,0.0,0.0
2016,3,26,5,15,0.0,0.0,4.0,10.0,0.0,0.0,0.0
2016,3,26,5,30,0.0,0.0,4.0,10.0,0.0,0.0,0.0
2016,3,26,5,45,0.0,0.0,4.0,10.5,0.0,0.0,0.0
2016,3,26,6,0,0.0,0.0,4.0,11.0,0.0,0.0,0.0
2016,3,26,6,15,146.0,12.5,4.1,11.0,24.0,14.33,0.0
2016,3,26,6,30,292.0,25.0,4.2,11.0,48.0,49.01,20.91
2016,3,26,6,45,403.5,35.0,4.3,11.5,93.0,95.17,56.23
2016,3,26,7,0,515.0,45.0,4.4,12.0,138.0,155.27,105.35
2016,3,26,7,15,581.5,51.5,4.35,12.5,189.0,213.41,157.31
2016,3,26,7,30,648.0,58.0,4.3,13.0,240.0,279.23,216.41
2016,3,26,7,45,691.5,63.0,4.3,13.5,292.0,341.58,272.52
2016,3,26,8,0,735.0,68.0,4.3,14.0,344.0,407.92,330.44
2016,3,26,8,15,765.0,71.5,4.25,14.0,395.0,469.45,383.45
2016,3,26,8,30,795.0,75.0,4.2,14.0,446.0,532.65,436.12
2016,3,26,8,45,816.5,78.0,4.2,14.5,493.5,591.39,482.96
2016,3,26,9,0,838.0,81.0,4.2,15.0,541.0,650.19,528.32
2016,3,26,9,15,854.0,83.5,4.15,15.5,584.0,700.58,564.76
2016,3,26,9,30,870.0,86.0,4.1,16.0,627.0,753.02,600.94
2016,3,26,9,45,878.5,89.0,4.1,16.5,663.5,798.64,631.62
2016,3,26,10,0,887.0,92.0,4.1,17.0,700.0,841.96,660.22
2016,3,26,10,15,895.0,93.5,4.1,17.0,730.5,880.68,686.47
2016,3,26,10,30,903.0,95.0,4.1,17.0,761.0,916.62,710.6
2016,3,26,10,45,909.0,96.0,4.2,17.0,784.5,947.19,731.43
2016,3,26,11,0,915.0,97.0,4.3,17.0,808.0,974.51,750.04
2016,3,26,11,15,667.0,218.0,4.35,17.0,742.0,897.88,695.73
2016,3,26,11,30,419.0,339.0,4.4,17.0,676.0,790.41,612.16
2016,3,26,11,45,464.5,324.0,4.5,17.5,701.0,824.72,637.99
2016,3,26,12,0,510.0,309.0,4.6,18.0,726.0,857.36,661.62
2016,3,26,12,15,717.0,204.5,4.7,18.0,790.5,957.08,737.08
2016,3,26,12,30,924.0,100.0,4.8,18.0,855.0,1032.25,789.54
2016,3,26,12,45,668.0,221.5,4.9,18.0,764.5,920.4,711.86
2016,3,26,13,0,412.0,343.0,5.0,18.0,674.0,787.53,610.68
2016,3,26,13,15,649.0,227.0,5.05,18.0,737.0,889.65,693.24
2016,3,26,13,30,886.0,111.0,5.1,18.0,800.0,962.02,745.15
2016,3,26,13,45,702.5,186.5,5.2,18.0,723.0,867.0,678.24
2016,3,26,14,0,519.0,262.0,5.3,18.0,646.0,758.89,597.28
2016,3,26,14,15,518.0,250.0,5.4,17.5,619.0,728.04,577.26
2016,3,26,14,30,517.0,238.0,5.5,17.0,592.0,695.31,555.07
2016,3,26,14,45,462.0,242.5,5.6,17.0,546.0,635.33,509.39
2016,3,26,15,0,407.0,247.0,5.7,17.0,500.0,568.95,458.35
2016,3,26,15,15,373.5,235.0,5.7,16.5,455.0,513.6,416.19
2016,3,26,15,30,340.0,223.0,5.7,16.0,410.0,460.22,374.76
2016,3,26,15,45,507.5,166.5,5.75,16.0,418.0,492.73,403.02
2016,3,26,16,0,675.0,110.0,5.8,16.0,426.0,502.82,411.53
2016,3,26,16,15,591.5,109.0,5.7,15.5,363.0,421.23,344.19
2016,3,26,16,30,508.0,108.0,5.6,15.0,300.0,344.42,279.8
2016,3,26,16,45,459.0,100.0,5.6,15.0,254.0,285.98,228.91
2016,3,26,17,0,410.0,92.0,5.6,15.0,208.0,232.6,181.6
2016,3,26,17,15,353.0,77.5,5.45,14.5,163.0,175.99,132.06
2016,3,26,17,30,296.0,63.0,5.3,14.0,118.0,126.19,88.87
2016,3,26,17,45,210.5,46.5,5.15,13.5,79.0,77.48,49.5
2016,3,26,18,0,125.0,30.0,5.0,13.0,40.0,38.89,18.92
2016,3,26,18,15,62.5,15.0,4.85,13.0,20.0,15.24,0.0
2016,3,26,18,30,0.0,0.0,4.7,13.0,0.0,0.0,0.0
2016,3,26,18,45,0.0,0.0,4.55,13.0,0.0,0.0,0.0
2016,3,26,19,0,0.0,0.0,4.4,13.0,0.0,0.0,0.0
2016,3,26,19,15,0.0,0.0,4.35,12.5,0.0,0.0,0.0
2016,3,26,19,30,0.0,0.0,4.3,12.0,0.0,0.0,0.0
2016,3,26,19,45,0.0,0.0,4.25,12.0,0.0,0.0,0.0
2016,3,26,20,0,0.0,0.0,4.2,12.0,0.0,0.0,0.0
2016,3,26,20,15,0.0,0.0,4.15,12.0,0.0,0.0,0.0
2016,3,26,20,30,0.0,0.0,4.1,12.0,0.0,0.0,0.0
2016,3,26,20,45,0.0,0.0,4.1,12.0,0.0,0.0,0.0
2016,3,26,21,0,0.0,0.0,4.1,12.0,0.0,0.0,0.0
2016,3,26,21,15,0.0,0.0,4.1,12.0,0.0,0.0,0.0
2016,3,26,21,30,0.0,0.0,4.1,12.0,0.0,0.0,0.0
2016,3,26,21,45,0.0,0.0,4.1,12.0,0.0,0.0,0.0
2016,3,26,22,0,0.0,0.0,4.1,12.0,0.0,0.0,0.0
2016,3,26,22,15,0.0,0.0,4.1,12.0,0.0,0.0,0.0
2016,3,26,22,30,0.0,0.0,4.1,12.0,0.0,0.0,0.0
2016,3,26,22,45,0.0,0.0,4.1,12.0,0.0,0.0,0.0
2016,3,26,23,0,0.0,0.0,4.1,12.0,0.0,0.0,0.0
2016,3,26,23,15,0.0,0.0,4.1,12.0,0.0,0.0,0.0
2016,3,26,23,30,0.0,0.0,4.1,12.0,0.0,0.0,0.0
2016,3,26,23,45,0.0,0.0,4.2,12.0,0.0,0.0,0.0
2016,3,27,0,0,0.0,0.0,4.3,12.0,0.0,0.0,0.0
2016,3,27,0,15,0.0,0.0,4.3,11.5,0.0,0.0,0.0
2016,3,27,0,30,0.0,0.0,4.3,11.0,0.0,0.0,0.0
2016,3,27,0,45,0.0,0.0,4.35,11.0,0.0,0.0,0.0
2016,3,27,1,0,0.0,0.0,4.4,11.0,0.0,0.0,0.0
2016,3,27,1,15,0.0,0.0,4.4,11.0,0.0,0.0,0.0
2016,3,27,1,30,0.0,0.0,4.4,11.0,0.0,0.0,0.0
2016,3,27,1,45,0.0,0.0,4.4,11.0,0.0,0.0,0.0
2016,3,27,2,0,0.0,0.0,4.4,11.0,0.0,0.0,0.0
2016,3,27,2,15,0.0,0.0,4.35,11.0,0.0,0.0,0.0
2016,3,27,2,30,0.0,0.0,4.3,11.0,0.0,0.0,0.0
2016,3,27,2,45,0.0,0.0,4.25,11.0,0.0,0.0,0.0
2016,3,27,3,0,0.0,0.0,4.2,11.0,0.0,0.0,0.0
2016,3,27,3,15,0.0,0.0,4.15,10.5,0.0,0.0,0.0
2016,3,27,3,30,0.0,0.0,4.1,10.0,0.0,0.0,0.0
2016,3,27,3,45,0.0,0.0,4.1,10.0,0.0,0.0,0.0
2016,3,27,4,0,0.0,0.0,4.1,10.0,0.0,0.0,0.0
2016,3,27,4,15,0.0,0.0,4.05,10.0,0.0,0.0,0.0
2016,3,27,4,30,0.0,0.0,4.0,10.0,0.0,0.0,0.0
2016,3,27,4,45,0.0,0.0,4.0,10.0,0.0,0.0,0.0
2016,3,27,5,0,0.0,0.0,4.0,10.0,0.0,0.0,0.0
2016,3,27,5,15,0.0,0.0,4.0,10.0,0.0,0.0,0.0
2016,3,27,5,30,0.0,0.0,4.0,10.0,0.0,0.0,0.0
2016,3,27,5,45,0.0,0.0,4.05,10.5,0.0,0.0,0.0
2016,3,27,6,0,0.0,0.0,4.1,11.0,0.0,0.0,0.0
2016,3,27,6,15,129.0,14.5,4.25,11.0,25.0,16.27,0.0
2016,3,27,6,30,258.0,29.0,4.4,11.0,50.0,50.9,24.29
2016,3,27,6,45,368.5,40.5,4.55,11.5,95.5,96.54,59.1
2016,3,27,7,0,479.0,52.0,4.7,12.0,141.0,156.09,107.77
2016,3,27,7,15,549.5,60.0,4.7,12.0,193.5,214.9,160.23
2016,3,27,7,30,620.0,68.0,4.7,12.0,246.0,281.85,220.45
2016,3,27,7,45,660.0,75.5,4.7,12.5,298.0,344.09,276.47
2016,3,27,8,0,700.0,83.0,4.7,13.0,350.0,410.01,334.07
2016,3,27,8,15,479.0,139.0,4.8,13.0,333.5,393.99,324.11
2016,3,27,8,30,258.0,195.0,4.9,13.0,317.0,349.11,287.43
2016,3,27,8,45,277.0,214.0,5.0,13.0,357.0,395.18,325.32
2016,3,27,9,0,296.0,233.0,5.1,13.0,397.0,442.59,363.5
2016,3,27,9,15,328.5,246.5,5.25,13.0,441.5,494.89,405.44
2016,3,27,9,30,361.0,260.0,5.4,13.0,486.0,549.21,448.48
2016,3,27,9,45,397.5,266.5,5.55,13.5,529.5,600.88,488.32
2016,3,27,10,0,434.0,273.0,5.7,14.0,573.0,664.08,536.23
2016,3,27,10,15,485.0,265.5,5.8,14.0,614.0,716.96,577.36
2016,3,27,10,30,536.0,258.0,5.9,14.0,655.0,770.93,619.02
2016,3,27,10,45,549.5,264.0,6.0,14.0,682.5,805.26,644.56
2016,3,27,11,0,563.0,270.0,6.1,14.0,710.0,837.96,668.87
2016,3,27,11,15,532.0,288.0,6.1,14.0,710.5,838.76,667.83
2016,3,27,11,30,501.0,306.0,6.1,14.0,711.0,836.13,664.44
2016,3,27,11,45,518.5,304.5,6.15,14.5,727.5,857.66,679.51
2016,3,27,12,0,536.0,303.0,6.2,15.0,744.0,877.04,692.85
2016,3,27,12,15,728.0,214.0,6.2,15.0,812.0,978.69,771.0
2016,3,27,12,30,920.0,125.0,6.2,15.0,880.0,1056.24,826.29
2016,3,27,12,45,667.0,234.0,6.25,15.0,779.0,932.81,737.29
2016,3,27,13,0,414.0,343.0,6.3,15.0,678.0,789.4,624.79
2016,3,27,13,15,461.5,315.5,6.4,15.0,682.0,799.26,635.17
2016,3,27,13,30,509.0,288.0,6.5,15.0,686.0,805.25,642.07
2016,3,27,13,45,542.5,266.0,6.6,15.0,678.5,799.89,640.08
2016,3,27,14,0,576.0,244.0,6.7,15.0,671.0,790.6,635.15
2016,3,27,14,15,565.0,234.5,6.8,14.5,639.5,752.06,607.99
2016,3,27,14,30,554.0,225.0,6.9,14.0,608.0,712.1,579.4
2016,3,27,14,45,560.0,208.5,7.0,14.0,577.5,677.0,553.48
2016,3,27,15,0,566.0,192.0,7.1,14.0,547.0,639.58,525.29
2016,3,27,15,15,507.0,195.5,7.15,13.5,497.0,575.01,474.51
2016,3,27,15,30,448.0,199.0,7.2,13.0,447.0,514.01,425.72
2016,3,27,15,45,401.0,189.0,7.25,13.0,396.5,450.75,373.96
2016,3,27,16,0,354.0,179.0,7.3,13.0,346.0,384.83,319.35
2016,3,27,16,15,338.5,159.5,7.25,12.5,305.0,336.45,279.04
2016,3,27,16,30,323.0,140.0,7.2,12.0,264.0,289.25,238.74
2016,3,27,16,45,277.0,127.5,7.15,12.0,222.5,238.75,194.67
2016,3,27,17,0,231.0,115.0,7.1,12.0,181.0,193.33,154.74
2016,3,27,17,15,197.0,94.0,7.1,11.5,142.5,147.87,114.86
2016,3,27,17,30,163.0,73.0,7.1,11.0,104.0,106.63,78.82
2016,3,27,17,45,110.0,52.0,7.1,11.0,70.0,67.07,45.81
2016,3,27,18,0,57.0,31.0,7.1,11.0,36.0,33.97,18.2
2016,3,27,18,15,28.5,15.5,7.15,11.0,18.0,15.21,0.0
2016,3,27,18,30,0.0,0.0,7.2,11.0,0.0,0.0,0.0
2016,3,27,18,45,0.0,0.0,7.3,11.0,0.0,0.0,0.0
2016,3,27,19,0,0.0,0.0,7.4,11.0,0.0,0.0,0.0
2016,3,27,19,15,0.0,0.0,7.35,11.0,0.0,0.0,0.0
2016,3,27,19,30,0.0,0.0,7.3,11.0,0.0,0.0,0.0
2016,3,27,19,45,0.0,0.0,7.3,11.0,0.0,0.0,0.0
2016,3,27,20,0,0.0,0.0,7.3,11.0,0.0,0.0,0.0
2016,3,27,20,15,0.0,0.0,7.3,11.0,0.0,0.0,0.0
2016,3,27,20,30,0.0,0.0,7.3,11.0,0.0,0.0,0.0
2016,3,27,20,45,0.0,0.0,7.3,11.0,0.0,0.0,0.0
2016,3,27,21,0,0.0,0.0,7.3,11.0,0.0,0.0,0.0
2016,3,27,21,15,0.0,0.0,7.3,11.0,0.0,0.0,0.0
2016,3,27,21,30,0.0,0.0,7.3,11.0,0.0,0.0,0.0
2016,3,27,21,45,0.0,0.0,7.35,11.0,0.0,0.0,0.0
2016,3,27,22,0,0.0,0.0,7.4,11.0,0.0,0.0,0.0
2016,3,27,22,15,0.0,0.0,7.4,10.5,0.0,0.0,0.0
2016,3,27,22,30,0.0,0.0,7.4,10.0,0.0,0.0,0.0
2016,3,27,22,45,0.0,0.0,7.4,10.0,0.0,0.0,0.0
2016,3,27,23,0,0.0,0.0,7.4,10.0,0.0,0.0,0.0
2016,3,27,23,15,0.0,0.0,7.35,10.0,0.0,0.0,0.0
2016,3,27,23,30,0.0,0.0,7.3,10.0,0.0,0.0,0.0
2016,3,27,23,45,0.0,0.0,7.3,10.0,0.0,0.0,0.0
2016,3,28,0,0,0.0,0.0,7.3,10.0,0.0,0.0,0.0
2016,3,28,0,15,0.0,0.0,7.4,9.5,0.0,0.0,0.0
2016,3,28,0,30,0.0,0.0,7.5,9.0,0.0,0.0,0.0
2016,3,28,0,45,0.0,0.0,7.65,9.0,0.0,0.0,0.0
2016,3,28,1,0,0.0,0.0,7.8,9.0,0.0,0.0,0.0
2016,3,28,1,15,0.0,0.0,8.0,9.0,0.0,0.0,0.0
2016,3,28,1,30,0.0,0.0,8.2,9.0,0.0,0.0,0.0
2016,3,28,1,45,0.0,0.0,8.4,9.0,0.0,0.0,0.0
2016,3,28,2,0,0.0,0.0,8.6,9.0,0.0,0.0,0.0
2016,3,28,2,15,0.0,0.0,8.7,9.0,0.0,0.0,0.0
2016,3,28,2,30,0.0,0.0,8.8,9.0,0.0,0.0,0.0
2016,3,28,2,45,0.0,0.0,8.9,9.0,0.0,0.0,0.0
2016,3,28,3,0,0.0,0.0,9.0,9.0,0.0,0.0,0.0
2016,3,28,3,15,0.0,0.0,9.0,9.0,0.0,0.0,0.0
2016,3,28,3,30,0.0,0.0,9.0,9.0,0.0,0.0,0.0
2016,3,28,3,45,0.0,0.0,9.0,9.0,0.0,0.0,0.0
2016,3,28,4,0,0.0,0.0,9.0,9.0,0.0,0.0,0.0
2016,3,28,4,15,0.0,0.0,8.9,8.5,0.0,0.0,0.0
2016,3,28,4,30,0.0,0.0,8.8,8.0,0.0,0.0,0.0
2016,3,28,4,45,0.0,0.0,8.7,8.0,0.0,0.0,0.0
2016,3,28,5,0,0.0,0.0,8.6,8.0,0.0,0.0,0.0
2016,3,28,5,15,0.0,0.0,8.55,8.0,0.0,0.0,0.0
2016,3,28,5,30,0.0,0.0,8.5,8.0,0.0,0.0,0.0
2016,3,28,5,45,0.0,0.0,8.45,8.5,0.0,0.0,0.0
2016,3,28,6,0,0.0,0.0,8.4,9.0,0.0,0.0,0.0
2016,3,28,6,15,167.0,14.5,8.5,9.0,29.5,16.07,0.0
2016,3,28,6,30,334.0,29.0,8.6,9.0,59.0,57.93,27.8
2016,3,28,6,45,452.0,38.0,8.7,9.5,107.5,107.28,65.19
2016,3,28,7,0,570.0,47.0,8.8,10.0,156.0,171.39,118.57
2016,3,28,7,15,635.0,53.5,8.75,10.0,210.0,232.87,175.11
2016,3,28,7,30,700.0,60.0,8.7,10.0,264.0,301.81,239.02
2016,3,28,7,45,743.5,64.5,8.7,10.0,318.5,366.9,299.82
2016,3,28,8,0,787.0,69.0,8.7,10.0,373.0,435.88,362.74
2016,3,28,8,15,816.0,72.5,8.6,10.0,425.5,499.88,420.08
2016,3,28,8,30,845.0,76.0,8.5,10.0,478.0,565.32,477.05
2016,3,28,8,45,865.5,79.0,8.4,10.5,527.0,623.37,525.61
2016,3,28,9,0,886.0,82.0,8.3,11.0,576.0,683.4,574.24
2016,3,28,9,15,901.5,84.5,8.25,11.0,620.5,738.79,617.45
2016,3,28,9,30,917.0,87.0,8.2,11.0,665.0,792.85,658.37
2016,3,28,9,45,928.0,88.5,8.15,11.5,703.5,840.6,692.62
2016,3,28,10,0,939.0,90.0,8.1,12.0,742.0,886.07,724.69
2016,3,28,10,15,947.5,91.5,8.05,12.0,774.0,926.84,754.22
2016,3,28,10,30,956.0,93.0,8.0,12.0,806.0,964.67,781.38
2016,3,28,10,45,961.0,94.5,7.95,12.0,830.0,996.12,803.65
2016,3,28,11,0,966.0,96.0,7.9,12.0,854.0,1024.06,823.29
2016,3,28,11,15,969.0,97.0,7.9,12.0,870.0,1045.87,838.65
2016,3,28,11,30,972.0,98.0,7.9,12.0,886.0,1063.83,851.28
2016,3,28,11,45,972.5,98.5,7.9,12.5,894.0,1074.82,857.28
2016,3,28,12,0,973.0,99.0,7.9,13.0,902.0,1081.77,860.47
2016,3,28,12,15,972.5,99.0,7.85,13.0,901.5,1083.1,861.08
2016,3,28,12,30,972.0,99.0,7.8,13.0,901.0,1080.33,858.88
2016,3,28,12,45,953.0,108.0,7.75,13.0,888.0,1065.1,847.73
2016,3,28,13,0,934.0,117.0,7.7,13.0,875.0,1046.12,834.01
2016,3,28,13,15,727.5,202.0,7.65,13.0,785.5,939.08,754.93
2016,3,28,13,30,521.0,287.0,7.6,13.0,696.0,815.43,658.02
2016,3,28,13,45,513.5,278.5,7.6,13.0,671.5,786.33,636.75
2016,3,28,14,0,506.0,270.0,7.6,13.0,647.0,755.47,613.7
2016,3,28,14,15,698.5,189.5,7.5,13.0,686.5,824.18,671.79
2016,3,28,14,30,891.0,109.0,7.4,13.0,726.0,863.28,702.34
2016,3,28,14,45,877.0,107.0,7.35,13.0,687.0,821.43,671.35
2016,3,28,15,0,863.0,105.0,7.3,13.0,648.0,772.08,634.67
2016,3,28,15,15,727.0,130.0,7.2,13.0,566.0,665.74,551.08
2016,3,28,15,30,591.0,155.0,7.1,13.0,484.0,566.32,469.72
2016,3,28,15,45,686.5,123.0,7.0,13.0,472.5,560.18,465.4
2016,3,28,16,0,782.0,91.0,6.9,13.0,461.0,541.27,449.24
2016,3,28,16,15,749.0,86.0,6.7,12.5,409.0,475.48,393.49
2016,3,28,16,30,716.0,81.0,6.5,12.0,357.0,412.1,338.29
2016,3,28,16,45,672.0,75.0,6.35,12.0,304.0,345.36,278.49
2016,3,28,17,0,628.0,69.0,6.2,12.0,251.0,282.75,221.13
2016,3,28,17,15,558.0,61.0,6.05,11.5,198.5,215.67,160.76
2016,3,28,17,30,488.0,53.0,5.9,11.0,146.0,156.68,108.14
2016,3,28,17,45,375.5,42.0,5.75,10.5,99.5,97.2,59.56
2016,3,28,18,0,263.0,31.0,5.6,10.0,53.0,51.87,25.33
2016,3,28,18,15,131.5,15.5,5.5,10.0,26.5,16.78,0.0
2016,3,28,18,30,0.0,0.0,5.4,10.0,0.0,0.0,0.0
2016,3,28,18,45,0.0,0.0,5.35,10.0,0.0,0.0,0.0
2016,3,28,19,0,0.0,0.0,5.3,10.0,0.0,0.0,0.0
2016,3,28,19,15,0.0,0.0,5.15,9.5,0.0,0.0,0.0
2016,3,28,19,30,0.0,0.0,5.0,9.0,0.0,0.0,0.0
2016,3,28,19,45,0.0,0.0,4.9,9.0,0.0,0.0,0.0
2016,3,28,20,0,0.0,0.0,4.8,9.0,0.0,0.0,0.0
2016,3,28,20,15,0.0,0.0,4.7,9.0,0.0,0.0,0.0
2016,3,28,20,30,0.0,0.0,4.6,9.0,0.0,0.0,0.0
2016,3,28,20,45,0.0,0.0,4.55,9.0,0.0,0.0,0.0
2016,3,28,21,0,0.0,0.0,4.5,9.0,0.0,0.0,0.0
2016,3,28,21,15,0.0,0.0,4.5,9.0,0.0,0.0,0.0
2016,3,28,21,30,0.0,0.0,4.5,9.0,0.0,0.0,0.0
2016,3,28,21,45,0.0,0.0,4.5,9.0,0.0,0.0,0.0
2016,3,28,22,0,0.0,0.0,4.5,9.0,0.0,0.0,0.0
2016,3,28,22,15,0.0,0.0,4.55,8.5,0.0,0.0,0.0
2016,3,28,22,30,0.0,0.0,4.6,8.0,0.0,0.0,0.0
2016,3,28,22,45,0.0,0.0,4.65,8.0,0.0,0.0,0.0
2016,3,28,23,0,0.0,0.0,4.7,8.0,0.0,0.0,0.0
2016,3,28,23,15,0.0,0.0,4.7,8.0,0.0,0.0,0.0
2016,3,28,23,30,0.0,0.0,4.7,8.0,0.0,0.0,0.0
2016,3,28,23,45,0.0,0.0,4.75,8.0,0.0,0.0,0.0
2016,3,29,0,0,0.0,0.0,4.8,8.0,0.0,0.0,0.0
2016,3,29,0,15,0.0,0.0,4.7,8.0,0.0,0.0,0.0
2016,3,29,0,30,0.0,0.0,4.6,8.0,0.0,0.0,0.0
2016,3,29,0,45,0.0,0.0,4.6,8.0,0.0,0.0,0.0
2016,3,29,1,0,0.0,0.0,4.6,8.0,0.0,0.0,0.0
2016,3,29,1,15,0.0,0.0,4.5,7.5,0.0,0.0,0.0
2016,3,29,1,30,0.0,0.0,4.4,7.0,0.0,0.0,0.0
2016,3,29,1,45,0.0,0.0,4.35,7.0,0.0,0.0,0.0
2016,3,29,2,0,0.0,0.0,4.3,7.0,0.0,0.0,0.0
2016,3,29,2,15,0.0,0.0,4.2,7.0,0.0,0.0,0.0
2016,3,29,2,30,0.0,0.0,4.1,7.0,0.0,0.0,0.0
2016,3,29,2,45,0.0,0.0,4.0,7.0,0.0,0.0,0.0
2016,3,29,3,0,0.0,0.0,3.9,7.0,0.0,0.0,0.0
2016,3,29,3,15,0.0,0.0,3.8,7.0,0.0,0.0,0.0
2016,3,29,3,30,0.0,0.0,3.7,7.0,0.0,0.0,0.0
2016,3,29,3,45,0.0,0.0,3.6,7.0,0.0,0.0,0.0
2016,3,29,4,0,0.0,0.0,3.5,7.0,0.0,0.0,0.0
2016,3,29,4,15,0.0,0.0,3.35,7.0,0.0,0.0,0.0
2016,3,29,4,30,0.0,0.0,3.2,7.0,0.0,0.0,0.0
2016,3,29,4,45,0.0,0.0,3.1,7.5,0.0,0.0,0.0
2016,3,29,5,0,0.0,0.0,3.0,8.0,0.0,0.0,0.0
2016,3,29,5,15,0.0,0.0,2.8,8.0,0.0,0.0,0.0
2016,3,29,5,30,0.0,0.0,2.6,8.0,0.0,0.0,0.0
2016,3,29,5,45,0.0,0.0,2.45,8.0,0.0,0.0,0.0
2016,3,29,6,0,0.0,0.0,2.3,8.0,0.0,0.0,0.0
2016,3,29,6,15,164.5,15.0,2.3,8.5,30.5,16.93,0.0
2016,3,29,6,30,329.0,30.0,2.3,9.0,61.0,59.27,29.52
2016,3,29,6,45,446.0,39.0,2.35,9.5,109.5,108.48,66.52
2016,3,29,7,0,563.0,48.0,2.4,10.0,158.0,172.29,119.21
2016,3,29,7,15,627.0,54.0,2.55,10.0,211.5,232.69,173.9
2016,3,29,7,30,691.0,60.0,2.7,10.0,265.0,300.46,235.36
2016,3,29,7,45,738.0,64.0,2.9,10.5,320.0,365.93,294.16
2016,3,29,8,0,785.0,68.0,3.1,11.0,375.0,435.69,354.94
2016,3,29,8,15,813.5,71.5,3.1,11.5,427.5,499.31,408.71
2016,3,29,8,30,842.0,75.0,3.1,12.0,480.0,564.32,461.61
2016,3,29,8,45,865.0,77.0,3.1,12.5,529.5,622.68,507.63
2016,3,29,9,0,888.0,79.0,3.1,13.0,579.0,683.23,553.71
2016,3,29,9,15,903.0,81.5,2.85,13.0,623.0,738.3,592.24
2016,3,29,9,30,918.0,84.0,2.6,13.0,667.0,792.0,628.17
2016,3,29,9,45,929.5,85.5,2.4,13.5,705.5,840.12,658.17
2016,3,29,10,0,941.0,87.0,2.2,14.0,744.0,885.99,685.66
2016,3,29,10,15,949.0,88.5,2.0,14.0,776.0,926.32,709.73
2016,3,29,10,30,957.0,90.0,1.8,14.0,808.0,963.66,731.1
2016,3,29,10,45,962.0,91.5,1.65,14.0,832.0,995.06,748.55
2016,3,29,11,0,967.0,93.0,1.5,14.0,856.0,1022.94,763.33
2016,3,29,11,15,970.5,93.5,1.6,14.0,872.5,1044.61,778.06
2016,3,29,11,30,974.0,94.0,1.7,14.0,889.0,1062.44,790.46
2016,3,29,11,45,974.5,95.0,1.8,14.5,896.5,1073.93,797.41
2016,3,29,12,0,975.0,96.0,1.9,15.0,904.0,1081.36,801.91
2016,3,29,12,15,751.5,203.5,2.1,15.0,826.5,991.7,745.62
2016,3,29,12,30,528.0,311.0,2.3,15.0,749.0,877.58,667.22
2016,3,29,12,45,532.5,305.5,2.55,15.0,743.5,872.28,667.17
2016,3,29,13,0,537.0,300.0,2.8,15.0,738.0,864.43,664.11
2016,3,29,13,15,747.5,198.0,2.95,15.0,794.0,954.2,732.05
2016,3,29,13,30,958.0,96.0,3.1,15.0,850.0,1014.78,774.62
2016,3,29,13,45,949.0,96.0,3.3,15.0,824.5,984.52,755.8
2016,3,29,14,0,940.0,96.0,3.5,15.0,799.0,951.02,735.27
2016,3,29,14,15,931.0,94.5,3.6,14.5,767.0,912.83,711.82
2016,3,29,14,30,922.0,93.0,3.7,14.0,735.0,871.82,685.99
2016,3,29,14,45,906.0,92.5,3.8,14.0,695.0,823.76,653.38
2016,3,29,15,0,890.0,92.0,3.9,14.0,655.0,773.91,618.97
2016,3,29,15,15,873.5,89.5,3.95,14.0,611.0,720.05,580.8
2016,3,29,15,30,857.0,87.0,4.0,14.0,567.0,668.23,542.21
2016,3,29,15,45,832.0,84.5,4.05,14.0,517.5,606.73,494.07
2016,3,29,16,0,807.0,82.0,4.1,14.0,468.0,545.6,444.82
2016,3,29,16,15,776.0,78.0,4.1,13.5,415.5,480.59,391.62
2016,3,29,16,30,745.0,74.0,4.1,13.0,363.0,417.35,338.01
2016,3,29,16,45,699.5,69.0,4.1,13.0,309.0,349.6,278.56
2016,3,29,17,0,654.0,64.0,4.1,13.0,255.0,285.98,221.24
2016,3,29,17,15,587.0,57.0,3.9,12.0,202.5,219.21,161.9
2016,3,29,17,30,520.0,50.0,3.7,11.0,150.0,160.11,109.53
2016,3,29,17,45,408.0,40.0,3.55,10.5,103.0,99.7,60.26
2016,3,29,18,0,296.0,30.0,3.4,10.0,56.0,53.34,25.73
2016,3,29,18,15,148.0,15.0,3.35,10.0,28.0,14.92,0.0
2016,3,29,18,30,0.0,0.0,3.3,10.0,0.0,0.0,0.0
2016,3,29,18,45,0.0,0.0,3.3,10.0,0.0,0.0,0.0
2016,3,29,19,0,0.0,0.0,3.3,10.0,0.0,0.0,0.0
2016,3,29,19,15,0.0,0.0,3.2,9.5,0.0,0.0,0.0
2016,3,29,19,30,0.0,0.0,3.1,9.0,0.0,0.0,0.0
2016,3,29,19,45,0.0,0.0,3.05,9.0,0.0,0.0,0.0
2016,3,29,20,0,0.0,0.0,3.0,9.0,0.0,0.0,0.0
2016,3,29,20,15,0.0,0.0,2.95,9.0,0.0,0.0,0.0
2016,3,29,20,30,0.0,0.0,2.9,9.0,0.0,0.0,0.0
2016,3,29,20,45,0.0,0.0,2.85,9.0,0.0,0.0,0.0
2016,3,29,21,0,0.0,0.0,2.8,9.0,0.0,0.0,0.0
2016,3,29,21,15,0.0,0.0,2.75,9.0,0.0,0.0,0.0
2016,3,29,21,30,0.0,0.0,2.7,9.0,0.0,0.0,0.0
2016,3,29,21,45,0.0,0.0,2.65,9.0,0.0,0.0,0.0
2016,3,29,22,0,0.0,0.0,2.6,9.0,0.0,0.0,0.0
2016,3,29,22,15,0.0,0.0,2.55,9.0,0.0,0.0,0.0
2016,3,29,22,30,0.0,0.0,2.5,9.0,0.0,0.0,0.0
2016,3,29,22,45,0.0,0.0,2.5,9.0,0.0,0.0,0.0
2016,3,29,23,0,0.0,0.0,2.5,9.0,0.0,0.0,0.0
2016,3,29,23,15,0.0,0.0,2.5,9.0,0.0,0.0,0.0
2016,3,29,23,30,0.0,0.0,2.5,9.0,0.0,0.0,0.0
2016,3,29,23,45,0.0,0.0,2.5,9.0,0.0,0.0,0.0
2016,3,30,0,0,0.0,0.0,2.5,9.0,0.0,0.0,0.0
2016,3,30,0,15,0.0,0.0,2.45,8.5,0.0,0.0,0.0
2016,3,30,0,30,0.0,0.0,2.4,8.0,0.0,0.0,0.0
2016,3,30,0,45,0.0,0.0,2.4,8.0,0.0,0.0,0.0
2016,3,30,1,0,0.0,0.0,2.4,8.0,0.0,0.0,0.0
2016,3,30,1,15,0.0,0.0,2.4,8.0,0.0,0.0,0.0
2016,3,30,1,30,0.0,0.0,2.4,8.0,0.0,0.0,0.0
2016,3,30,1,45,0.0,0.0,2.45,8.0,0.0,0.0,0.0
2016,3,30,2,0,0.0,0.0,2.5,8.0,0.0,0.0,0.0
2016,3,30,2,15,0.0,0.0,2.5,8.0,0.0,0.0,0.0
2016,3,30,2,30,0.0,0.0,2.5,8.0,0.0,0.0,0.0
2016,3,30,2,45,0.0,0.0,2.55,8.0,0.0,0.0,0.0
2016,3,30,3,0,0.0,0.0,2.6,8.0,0.0,0.0,0.0
2016,3,30,3,15,0.0,0.0,2.6,8.0,0.0,0.0,0.0
2016,3,30,3,30,0.0,0.0,2.6,8.0,0.0,0.0,0.0
2016,3,30,3,45,0.0,0.0,2.65,8.0,0.0,0.0,0.0
2016,3,30,4,0,0.0,0.0,2.7,8.0,0.0,0.0,0.0
2016,3,30,4,15,0.0,0.0,2.7,8.0,0.0,0.0,0.0
2016,3,30,4,30,0.0,0.0,2.7,8.0,0.0,0.0,0.0
2016,3,30,4,45,0.0,0.0,2.75,8.0,0.0,0.0,0.0
2016,3,30,5,0,0.0,0.0,2.8,8.0,0.0,0.0,0.0
2016,3,30,5,15,0.0,0.0,2.75,8.0,0.0,0.0,0.0
2016,3,30,5,30,0.0,0.0,2.7,8.0,0.0,0.0,0.0
2016,3,30,5,45,0.0,0.0,2.65,8.5,0.0,0.0,0.0
2016,3,30,6,0,0.0,0.0,2.6,9.0,0.0,0.0,0.0
2016,3,30,6,15,117.0,18.0,2.65,9.0,29.5,18.63,0.0
2016,3,30,6,30,234.0,36.0,2.7,9.0,59.0,56.42,31.2
2016,3,30,6,45,336.0,49.5,2.8,9.5,105.0,101.78,65.93
2016,3,30,7,0,438.0,63.0,2.9,10.0,151.0,161.54,115.37
2016,3,30,7,15,506.0,72.0,2.8,10.0,202.5,218.74,166.21
2016,3,30,7,30,574.0,81.0,2.7,10.0,254.0,283.78,224.14
2016,3,30,7,45,339.0,122.5,2.65,10.5,230.0,265.53,215.92
2016,3,30,8,0,104.0,164.0,2.6,11.0,206.0,212.08,173.93
2016,3,30,8,15,161.5,185.5,2.6,11.0,259.5,270.0,222.31
2016,3,30,8,30,219.0,207.0,2.6,11.0,313.0,334.09,274.92
2016,3,30,8,45,318.5,210.5,2.65,11.5,382.0,418.1,342.73
2016,3,30,9,0,418.0,214.0,2.7,12.0,451.0,513.01,417.43
2016,3,30,9,15,413.0,234.0,2.8,12.0,483.5,551.49,446.4
2016,3,30,9,30,408.0,254.0,2.9,12.0,516.0,588.33,473.92
2016,3,30,9,45,240.5,286.5,3.0,12.5,443.0,497.83,399.87
2016,3,30,10,0,73.0,319.0,3.1,13.0,370.0,381.96,304.81
2016,3,30,10,15,164.0,338.5,3.15,13.0,460.5,495.2,394.98
2016,3,30,10,30,255.0,358.0,3.2,13.0,551.0,614.91,486.57
2016,3,30,10,45,279.0,365.0,3.3,13.0,582.0,652.43,514.14
2016,3,30,11,0,303.0,372.0,3.4,13.0,613.0,689.92,542.03
2016,3,30,11,15,400.0,343.0,3.4,13.0,667.0,758.74,594.82
2016,3,30,11,30,497.0,314.0,3.4,13.0,721.0,841.38,656.11
2016,3,30,11,45,440.0,343.0,3.45,13.5,706.0,820.92,637.74
2016,3,30,12,0,383.0,372.0,3.5,14.0,691.0,786.61,610.52
2016,3,30,12,15,433.5,348.5,3.5,14.0,709.5,824.07,639.04
2016,3,30,12,30,484.0,325.0,3.5,14.0,728.0,848.56,657.95
2016,3,30,12,45,493.0,315.0,3.5,14.0,722.0,843.25,654.59
2016,3,30,13,0,502.0,305.0,3.5,14.0,716.0,835.45,649.76
2016,3,30,13,15,506.5,299.0,3.55,14.0,706.5,824.98,643.14
2016,3,30,13,30,511.0,293.0,3.6,14.0,697.0,812.1,634.84
2016,3,30,13,45,453.0,307.0,3.65,14.0,657.0,760.06,596.4
2016,3,30,14,0,395.0,321.0,3.7,14.0,617.0,698.85,551.21
2016,3,30,14,15,454.5,282.5,3.75,14.0,610.5,706.41,559.73
2016,3,30,14,30,514.0,244.0,3.8,14.0,604.0,698.39,556.41
2016,3,30,14,45,429.5,256.5,3.9,14.0,546.0,623.1,498.9
2016,3,30,15,0,345.0,269.0,4.0,14.0,488.0,544.56,438.32
2016,3,30,15,15,404.5,234.0,4.1,13.5,474.5,541.45,439.0
2016,3,30,15,30,464.0,199.0,4.2,13.0,461.0,523.79,427.76
2016,3,30,15,45,620.0,144.0,4.3,13.0,462.0,540.95,443.36
2016,3,30,16,0,776.0,89.0,4.4,13.0,463.0,535.66,439.55
2016,3,30,16,15,744.5,85.0,4.45,12.5,411.0,472.0,386.94
2016,3,30,16,30,713.0,81.0,4.5,12.0,359.0,410.47,334.48
2016,3,30,16,45,668.0,75.0,4.6,12.0,306.0,343.52,275.56
2016,3,30,17,0,623.0,69.0,4.7,12.0,253.0,280.83,218.91
2016,3,30,17,15,555.5,61.5,4.6,11.5,201.0,215.25,160.18
2016,3,30,17,30,488.0,54.0,4.5,11.0,149.0,157.43,108.76
2016,3,30,17,45,378.5,43.0,4.4,10.5,103.0,98.36,60.57
2016,3,30,18,0,269.0,32.0,4.3,10.0,57.0,53.05,26.81
2016,3,30,18,15,134.5,16.0,4.2,10.0,28.5,15.59,0.0
2016,3,30,18,30,0.0,0.0,4.1,10.0,0.0,0.0,0.0
2016,3,30,18,45,0.0,0.0,4.05,10.0,0.0,0.0,0.0
2016,3,30,19,0,0.0,0.0,4.0,10.0,0.0,0.0,0.0
2016,3,30,19,15,0.0,0.0,3.95,10.0,0.0,0.0,0.0
2016,3,30,19,30,0.0,0.0,3.9,10.0,0.0,0.0,0.0
2016,3,30,19,45,0.0,0.0,3.85,10.0,0.0,0.0,0.0
2016,3,30,20,0,0.0,0.0,3.8,10.0,0.0,0.0,0.0
2016,3,30,20,15,0.0,0.0,3.75,10.0,0.0,0.0,0.0
2016,3,30,20,30,0.0,0.0,3.7,10.0,0.0,0.0,0.0
2016,3,30,20,45,0.0,0.0,3.7,10.0,0.0,0.0,0.0
2016,3,30,21,0,0.0,0.0,3.7,10.0,0.0,0.0,0.0
2016,3,30,21,15,0.0,0.0,3.65,10.0,0.0,0.0,0.0
2016,3,30,21,30,0.0,0.0,3.6,10.0,0.0,0.0,0.0
2016,3,30,21,45,0.0,0.0,3.6,10.0,0.0,0.0,0.0
2016,3,30,22,0,0.0,0.0,3.6,10.0,0.0,0.0,0.0
2016,3,30,22,15,0.0,0.0,3.6,10.0,0.0,0.0,0.0
2016,3,30,22,30,0.0,0.0,3.6,10.0,0.0,0.0,0.0
2016,3,30,22,45,0.0,0.0,3.6,10.0,0.0,0.0,0.0
2016,3,30,23,0,0.0,0.0,3.6,10.0,0.0,0.0,0.0
2016,3,30,23,15,0.0,0.0,3.55,10.0,0.0,0.0,0.0
2016,3,30,23,30,0.0,0.0,3.5,10.0,0.0,0.0,0.0
2016,3,30,23,45,0.0,0.0,3.5,10.0,0.0,0.0,0.0
2016,3,31,0,0,0.0,0.0,3.5,10.0,0.0,0.0,0.0
2016,3,31,0,15,0.0,0.0,3.45,9.5,0.0,0.0,0.0
2016,3,31,0,30,0.0,0.0,3.4,9.0,0.0,0.0,0.0
2016,3,31,0,45,0.0,0.0,3.4,9.0,0.0,0.0,0.0
2016,3,31,1,0,0.0,0.0,3.4,9.0,0.0,0.0,0.0
2016,3,31,1,15,0.0,0.0,3.4,9.0,0.0,0.0,0.0
2016,3,31,1,30,0.0,0.0,3.4,9.0,0.0,0.0,0.0
2016,3,31,1,45,0.0,0.0,3.45,9.5,0.0,0.0,0.0
2016,3,31,2,0,0.0,0.0,3.5,10.0,0.0,0.0,0.0
2016,3,31,2,15,0.0,0.0,3.45,10.0,0.0,0.0,0.0
2016,3,31,2,30,0.0,0.0,3.4,10.0,0.0,0.0,0.0
2016,3,31,2,45,0.0,0.0,3.4,10.0,0.0,0.0,0.0
2016,3,31,3,0,0.0,0.0,3.4,10.0,0.0,0.0,0.0
2016,3,31,3,15,0.0,0.0,3.3,10.0,0.0,0.0,0.0
2016,3,31,3,30,0.0,0.0,3.2,10.0,0.0,0.0,0.0
2016,3,31,3,45,0.0,0.0,3.1,10.0,0.0,0.0,0.0
2016,3,31,4,0,0.0,0.0,3.0,10.0,0.0,0.0,0.0
2016,3,31,4,15,0.0,0.0,2.9,10.0,0.0,0.0,0.0
2016,3,31,4,30,0.0,0.0,2.8,10.0,0.0,0.0,0.0
2016,3,31,4,45,0.0,0.0,2.7,10.0,0.0,0.0,0.0
2016,3,31,5,0,0.0,0.0,2.6,10.0,0.0,0.0,0.0
2016,3,31,5,15,0.0,0.0,2.6,10.0,0.0,0.0,0.0
2016,3,31,5,30,0.0,0.0,2.6,10.0,0.0,0.0,0.0
2016,3,31,5,45,0.0,0.0,2.6,10.0,0.0,0.0,0.0
2016,3,31,6,0,0.0,0.0,2.6,10.0,0.0,0.0,0.0
2016,3,31,6,15,142.0,18.0,2.65,10.0,33.0,19.77,0.03
2016,3,31,6,30,284.0,36.0,2.7,10.0,66.0,62.52,34.32
2016,3,31,6,45,383.0,48.0,2.75,10.5,113.0,109.68,70.42
2016,3,31,7,0,482.0,60.0,2.8,11.0,160.0,169.27,119.97
2016,3,31,7,15,547.5,68.0,2.75,11.0,212.0,227.57,171.99
2016,3,31,7,30,613.0,76.0,2.7,11.0,264.0,293.35,230.66
2016,3,31,7,45,306.5,90.0,2.65,11.5,184.0,220.1,178.21
2016,3,31,8,0,0.0,104.0,2.6,12.0,104.0,97.47,77.63
2016,3,31,8,15,7.5,140.0,2.55,12.0,143.5,136.02,110.0
2016,3,31,8,30,15.0,176.0,2.5,12.0,183.0,175.78,142.7
2016,3,31,8,45,42.0,211.5,2.5,12.0,235.0,234.26,190.61
2016,3,31,9,0,69.0,247.0,2.5,12.0,287.0,291.15,236.45
2016,3,31,9,15,117.5,274.0,2.55,12.0,347.5,365.41,295.91
2016,3,31,9,30,166.0,301.0,2.6,12.0,408.0,436.52,351.83
2016,3,31,9,45,225.0,312.0,2.7,12.5,466.5,502.79,403.0
2016,3,31,10,0,284.0,323.0,2.8,13.0,525.0,583.17,463.66
2016,3,31,10,15,599.5,214.5,2.85,13.0,662.5,769.13,608.9
2016,3,31,10,30,915.0,106.0,2.9,13.0,800.0,945.95,734.2
2016,3,31,10,45,922.0,106.5,3.0,13.5,824.0,976.87,752.46
2016,3,31,11,0,929.0,107.0,3.1,14.0,848.0,1004.51,769.81
2016,3,31,11,15,724.0,208.0,3.15,14.0,792.0,945.45,728.59
2016,3,31,11,30,519.0,309.0,3.2,14.0,736.0,857.91,663.18
2016,3,31,11,45,526.5,306.0,3.3,14.5,743.0,868.03,670.44
2016,3,31,12,0,534.0,303.0,3.4,15.0,750.0,875.78,675.27
2016,3,31,12,15,503.0,317.0,3.55,15.0,738.0,860.56,664.31
2016,3,31,12,30,472.0,331.0,3.7,15.0,726.0,842.86,651.71
2016,3,31,12,45,479.0,324.5,3.85,15.0,721.5,839.3,650.52
2016,3,31,13,0,486.0,318.0,4.0,15.0,717.0,833.35,647.53
2016,3,31,13,15,714.0,208.5,4.15,15.0,782.0,933.39,725.36
2016,3,31,13,30,942.0,99.0,4.3,15.0,847.0,1003.69,775.46
2016,3,31,13,45,935.5,98.0,4.45,15.0,822.5,974.88,756.99
2016,3,31,14,0,929.0,97.0,4.6,15.0,798.0,942.75,736.73
2016,3,31,14,15,719.0,172.0,4.65,14.5,701.5,823.2,653.3
2016,3,31,14,30,509.0,247.0,4.7,14.0,605.0,697.13,558.28
2016,3,31,14,45,504.0,234.5,4.8,14.0,573.5,659.12,531.18
2016,3,31,15,0,499.0,222.0,4.9,14.0,542.0,619.82,502.11
2016,3,31,15,15,339.0,238.5,4.95,14.0,449.0,491.45,400.04
2016,3,31,15,30,179.0,255.0,5.0,14.0,356.0,378.44,308.08
2016,3,31,15,45,175.0,233.5,5.05,14.0,325.5,344.05,281.08
2016,3,31,16,0,171.0,212.0,5.1,14.0,295.0,309.79,253.52
2016,3,31,16,15,168.0,189.0,5.05,13.5,263.0,274.69,225.13
2016,3,31,16,30,165.0,166.0,5.0,13.0,231.0,239.76,196.21
2016,3,31,16,45,416.0,115.0,5.0,13.0,247.0,283.47,228.76
2016,3,31,17,0,667.0,64.0,5.0,13.0,263.0,289.96,225.03
2016,3,31,17,15,603.5,57.5,4.85,12.5,210.5,223.85,165.4
2016,3,31,17,30,540.0,51.0,4.7,12.0,158.0,164.95,112.69
2016,3,31,17,45,432.5,41.0,4.55,11.5,110.5,103.91,62.7
2016,3,31,18,0,325.0,31.0,4.4,11.0,63.0,56.34,27.58
2016,3,31,18,15,162.5,15.5,4.25,10.5,31.5,15.5,0.0
2016,3,31,18,30,0.0,0.0,4.1,10.0,0.0,0.0,0.0
2016,3,31,18,45,0.0,0.0,3.95,10.0,0.0,0.0,0.0
2016,3,31,19,0,0.0,0.0,3.8,10.0,0.0,0.0,0.0
2016,3,31,19,15,0.0,0.0,3.65,10.0,0.0,0.0,0.0
2016,3,31,19,30,0.0,0.0,3.5,10.0,0.0,0.0,0.0
2016,3,31,19,45,0.0,0.0,3.4,10.0,0.0,0.0,0.0
2016,3,31,20,0,0.0,0.0,3.3,10.0,0.0,0.0,0.0
2016,3,31,20,15,0.0,0.0,3.2,10.0,0.0,0.0,0.0
2016,3,31,20,30,0.0,0.0,3.1,10.0,0.0,0.0,0.0
2016,3,31,20,45,0.0,0.0,3.05,10.0,0.0,0.0,0.0
2016,3,31,21,0,0.0,0.0,3.0,10.0,0.0,0.0,0.0
2016,3,31,21,15,0.0,0.0,3.0,10.0,0.0,0.0,0.0
2016,3,31,21,30,0.0,0.0,3.0,10.0,0.0,0.0,0.0
2016,3,31,21,45,0.0,0.0,3.05,10.0,0.0,0.0,0.0
2016,3,31,22,0,0.0,0.0,3.1,10.0,0.0,0.0,0.0
2016,3,31,22,15,0.0,0.0,3.15,10.0,0.0,0.0,0.0
2016,3,31,22,30,0.0,0.0,3.2,10.0,0.0,0.0,0.0
2016,3,31,22,45,0.0,0.0,3.3,10.0,0.0,0.0,0.0
2016,3,31,23,0,0.0,0.0,3.4,10.0,0.0,0.0,0.0
2016,3,31,23,15,0.0,0.0,3.45,10.0,0.0,0.0,0.0
2016,3,31,23,30,0.0,0.0,3.5,10.0,0.0,0.0,0.0
2016,3,31,23,45,0.0,0.0,3.55,10.0,0.0,0.0,0.0
2016,4,1,0,0,0.0,0.0,3.6,10.0,0.0,0.0,0.0
2016,4,1,0,15,0.0,0.0,3.65,9.5,0.0,0.0,0.0
2016,4,1,0,30,0.0,0.0,3.7,9.0,0.0,0.0,0.0
2016,4,1,0,45,0.0,0.0,3.75,9.0,0.0,0.0,0.0
2016,4,1,1,0,0.0,0.0,3.8,9.0,0.0,0.0,0.0
2016,4,1,1,15,0.0,0.0,3.85,9.0,0.0,0.0,0.0
2016,4,1,1,30,0.0,0.0,3.9,9.0,0.0,0.0,0.0
2016,4,1,1,45,0.0,0.0,3.95,9.0,0.0,0.0,0.0
2016,4,1,2,0,0.0,0.0,4.0,9.0,0.0,0.0,0.0
2016,4,1,2,15,0.0,0.0,4.0,9.0,0.0,0.0,0.0
2016,4,1,2,30,0.0,0.0,4.0,9.0,0.0,0.0,0.0
2016,4,1,2,45,0.0,0.0,4.0,9.0,0.0,0.0,0.0
2016,4,1,3,0,0.0,0.0,4.0,9.0,0.0,0.0,0.0
2016,4,1,3,15,0.0,0.0,3.9,9.0,0.0,0.0,0.0
2016,4,1,3,30,0.0,0.0,3.8,9.0,0.0,0.0,0.0
2016,4,1,3,45,0.0,0.0,3.75,9.0,0.0,0.0,0.0
2016,4,1,4,0,0.0,0.0,3.7,9.0,0.0,0.0,0.0
2016,4,1,4,15,0.0,0.0,3.65,9.0,0.0,0.0,0.0
2016,4,1,4,30,0.0,0.0,3.6,9.0,0.0,0.0,0.0
2016,4,1,4,45,0.0,0.0,3.55,9.0,0.0,0.0,0.0
2016,4,1,5,0,0.0,0.0,3.5,9.0,0.0,0.0,0.0
2016,4,1,5,15,0.0,0.0,3.45,9.0,0.0,0.0,0.0
2016,4,1,5,30,0.0,0.0,3.4,9.0,0.0,0.0,0.0
2016,4,1,5,45,0.0,0.0,3.4,9.5,0.0,0.0,0.0
2016,4,1,6,0,0.0,0.0,3.4,10.0,0.0,0.0,0.0
2016,4,1,6,15,171.0,17.5,3.45,10.0,36.0,20.91,2.47
2016,4,1,6,30,342.0,35.0,3.5,10.0,72.0,67.73,36.45
2016,4,1,6,45,437.5,45.0,3.55,10.5,120.0,116.28,73.8
2016,4,1,7,0,533.0,55.0,3.6,11.0,168.0,176.72,124.69
2016,4,1,7,15,266.5,80.5,3.55,11.0,137.0,159.67,123.53
2016,4,1,7,30,0.0,106.0,3.5,11.0,106.0,99.66,80.22
2016,4,1,7,45,5.0,124.5,3.45,11.5,126.5,119.41,96.74
2016,4,1,8,0,10.0,143.0,3.4,12.0,147.0,139.82,113.49
2016,4,1,8,15,5.5,149.5,3.35,12.0,151.5,144.18,116.78
2016,4,1,8,30,1.0,156.0,3.3,12.0,156.0,148.06,119.58
2016,4,1,8,45,29.0,200.0,3.3,12.5,216.5,214.2,173.99
2016,4,1,9,0,57.0,244.0,3.3,13.0,277.0,279.79,226.75
2016,4,1,9,15,113.0,273.5,3.25,13.0,345.0,361.51,292.43
2016,4,1,9,30,169.0,303.0,3.2,13.0,413.0,440.82,354.91
2016,4,1,9,45,184.5,321.0,3.15,13.0,447.0,479.8,384.34
2016,4,1,10,0,200.0,339.0,3.1,13.0,481.0,519.45,414.09
2016,4,1,10,15,129.5,340.5,3.05,13.0,434.0,466.9,371.17
2016,4,1,10,30,59.0,342.0,3.0,13.0,387.0,398.07,315.66
2016,4,1,10,45,97.0,368.5,2.95,13.5,445.0,463.34,366.12
2016,4,1,11,0,135.0,395.0,2.9,14.0,503.0,542.54,425.19
2016,4,1,11,15,171.5,403.0,2.85,14.0,543.0,589.49,460.26
2016,4,1,11,30,208.0,411.0,2.8,14.0,583.0,636.84,495.36
2016,4,1,11,45,235.0,410.5,2.75,14.0,607.0,665.47,516.34
2016,4,1,12,0,262.0,410.0,2.7,14.0,631.0,706.61,546.08
2016,4,1,12,15,601.0,258.5,2.7,14.0,764.0,899.97,693.74
2016,4,1,12,30,940.0,107.0,2.7,14.0,897.0,1059.8,802.38
2016,4,1,12,45,692.0,221.5,2.75,14.0,800.0,945.41,723.88
2016,4,1,13,0,444.0,336.0,2.8,14.0,703.0,810.82,625.06
2016,4,1,13,15,448.5,327.0,2.9,14.0,691.0,798.02,618.34
2016,4,1,13,30,453.0,318.0,3.0,14.0,679.0,783.0,608.99
2016,4,1,13,45,484.5,295.0,3.1,14.5,671.0,776.19,605.28
2016,4,1,14,0,516.0,272.0,3.2,15.0,663.0,765.75,598.85
2016,4,1,14,15,712.0,184.0,3.3,14.5,699.5,829.79,651.86
2016,4,1,14,30,908.0,96.0,3.4,14.0,736.0,863.82,678.77
2016,4,1,14,45,723.0,152.0,3.5,14.0,645.0,750.36,597.77
2016,4,1,15,0,538.0,208.0,3.6,14.0,554.0,634.31,509.12
2016,4,1,15,15,696.5,147.0,3.7,14.0,563.5,661.62,534.05
2016,4,1,15,30,855.0,86.0,3.8,14.0,573.0,665.63,539.65
2016,4,1,15,45,833.5,83.5,3.9,14.0,524.5,606.31,493.12
2016,4,1,16,0,812.0,81.0,4.0,14.0,476.0,547.03,445.5
2016,4,1,16,15,783.5,77.0,4.0,13.5,424.0,482.99,393.15
2016,4,1,16,30,755.0,73.0,4.0,13.0,372.0,420.46,340.15
2016,4,1,16,45,712.0,68.5,4.05,13.0,318.5,353.63,281.54
2016,4,1,17,0,669.0,64.0,4.1,13.0,265.0,290.48,224.64
2016,4,1,17,15,607.0,57.0,3.95,12.5,212.5,224.15,165.22
2016,4,1,17,30,545.0,50.0,3.8,12.0,160.0,164.86,112.33
2016,4,1,17,45,441.0,40.5,3.7,11.5,112.5,104.51,62.88
2016,4,1,18,0,337.0,31.0,3.6,11.0,65.0,57.17,28.06
2016,4,1,18,15,168.5,15.5,3.5,10.5,32.5,15.54,0.0
2016,4,1,18,30,0.0,0.0,3.4,10.0,0.0,0.0,0.0
2016,4,1,18,45,0.0,0.0,3.35,10.0,0.0,0.0,0.0
2016,4,1,19,0,0.0,0.0,3.3,10.0,0.0,0.0,0.0
2016,4,1,19,15,0.0,0.0,3.25,10.0,0.0,0.0,0.0
2016,4,1,19,30,0.0,0.0,3.2,10.0,0.0,0.0,0.0
2016,4,1,19,45,0.0,0.0,3.15,10.0,0.0,0.0,0.0
2016,4,1,20,0,0.0,0.0,3.1,10.0,0.0,0.0,0.0
2016,4,1,20,15,0.0,0.0,3.1,10.0,0.0,0.0,0.0
2016,4,1,20,30,0.0,0.0,3.1,10.0,0.0,0.0,0.0
2016,4,1,20,45,0.0,0.0,3.1,10.0,0.0,0.0,0.0
2016,4,1,21,0,0.0,0.0,3.1,10.0,0.0,0.0,0.0
2016,4,1,21,15,0.0,0.0,3.05,9.5,0.0,0.0,0.0
2016,4,1,21,30,0.0,0.0,3.0,9.0,0.0,0.0,0.0
2016,4,1,21,45,0.0,0.0,3.0,9.0,0.0,0.0,0.0
2016,4,1,22,0,0.0,0.0,3.0,9.0,0.0,0.0,0.0
2016,4,1,22,15,0.0,0.0,3.0,9.0,0.0,0.0,0.0
2016,4,1,22,30,0.0,0.0,3.0,9.0,0.0,0.0,0.0
2016,4,1,22,45,0.0,0.0,3.0,9.0,0.0,0.0,0.0
2016,4,1,23,0,0.0,0.0,3.0,9.0,0.0,0.0,0.0
2016,4,1,23,15,0.0,0.0,3.0,9.0,0.0,0.0,0.0
2016,4,1,23,30,0.0,0.0,3.0,9.0,0.0,0.0,0.0
2016,4,1,23,45,0.0,0.0,3.0,9.0,0.0,0.0,0.0
2016,4,2,0,0,0.0,0.0,3.0,9.0,0.0,0.0,0.0
2016,4,2,0,15,0.0,0.0,2.95,9.0,0.0,0.0,0.0
2016,4,2,0,30,0.0,0.0,2.9,9.0,0.0,0.0,0.0
2016,4,2,0,45,0.0,0.0,2.9,9.0,0.0,0.0,0.0
2016,4,2,1,0,0.0,0.0,2.9,9.0,0.0,0.0,0.0
2016,4,2,1,15,0.0,0.0,2.85,9.0,0.0,0.0,0.0
2016,4,2,1,30,0.0,0.0,2.8,9.0,0.0,0.0,0.0
2016,4,2,1,45,0.0,0.0,2.75,9.0,0.0,0.0,0.0
2016,4,2,2,0,0.0,0.0,2.7,9.0,0.0,0.0,0.0
2016,4,2,2,15,0.0,0.0,2.6,9.0,0.0,0.0,0.0
2016,4,2,2,30,0.0,0.0,2.5,9.0,0.0,0.0,0.0
2016,4,2,2,45,0.0,0.0,2.4,9.0,0.0,0.0,0.0
2016,4,2,3,0,0.0,0.0,2.3,9.0,0.0,0.0,0.0
2016,4,2,3,15,0.0,0.0,2.15,9.0,0.0,0.0,0.0
2016,4,2,3,30,0.0,0.0,2.0,9.0,0.0,0.0,0.0
2016,4,2,3,45,0.0,0.0,1.95,9.0,0.0,0.0,0.0
2016,4,2,4,0,0.0,0.0,1.9,9.0,0.0,0.0,0.0
2016,4,2,4,15,0.0,0.0,1.8,9.0,0.0,0.0,0.0
2016,4,2,4,30,0.0,0.0,1.7,9.0,0.0,0.0,0.0
2016,4,2,4,45,0.0,0.0,1.65,9.0,0.0,0.0,0.0
2016,4,2,5,0,0.0,0.0,1.6,9.0,0.0,0.0,0.0
2016,4,2,5,15,0.0,0.0,1.55,9.0,0.0,0.0,0.0
2016,4,2,5,30,0.0,0.0,1.5,9.0,0.0,0.0,0.0
2016,4,2,5,45,0.0,0.0,1.5,9.0,0.0,0.0,0.0
2016,4,2,6,0,0.0,0.0,1.5,9.0,0.0,0.0,0.0
2016,4,2,6,15,156.5,19.0,1.4,9.0,37.0,22.34,5.09
2016,4,2,6,30,313.0,38.0,1.3,9.0,74.0,68.61,38.67
2016,4,2,6,45,395.5,51.0,1.25,9.5,120.5,116.42,76.08
2016,4,2,7,0,478.0,64.0,1.2,10.0,167.0,174.55,125.07
2016,4,2,7,15,239.0,78.0,1.1,10.0,129.5,146.78,113.45
2016,4,2,7,30,0.0,92.0,1.0,10.0,92.0,86.14,68.79
2016,4,2,7,45,0.0,110.0,0.9,10.5,110.0,103.29,83.23
2016,4,2,8,0,0.0,128.0,0.8,11.0,128.0,120.52,97.26
2016,4,2,8,15,44.5,171.0,0.75,11.0,193.5,189.6,154.42
2016,4,2,8,30,89.0,214.0,0.7,11.0,259.0,261.36,212.26
2016,4,2,8,45,85.5,237.5,0.7,11.5,284.5,287.95,232.08
2016,4,2,9,0,82.0,261.0,0.7,12.0,310.0,314.15,251.42
2016,4,2,9,15,119.0,283.5,0.75,12.5,359.0,376.15,299.02
2016,4,2,9,30,156.0,306.0,0.8,13.0,408.0,433.95,342.2
2016,4,2,9,45,337.0,277.5,0.9,13.5,514.0,566.05,443.45
2016,4,2,10,0,518.0,249.0,1.0,14.0,620.0,712.41,550.08
2016,4,2,10,15,441.5,293.0,1.15,14.0,618.5,710.13,545.48
2016,4,2,10,30,365.0,337.0,1.3,14.0,617.0,691.69,531.21
2016,4,2,10,45,610.5,242.5,1.45,14.5,727.5,845.58,645.21
2016,4,2,11,0,856.0,148.0,1.6,15.0,838.0,989.06,741.13
2016,4,2,11,15,860.5,149.0,1.75,15.0,853.5,1010.34,754.86
2016,4,2,11,30,865.0,150.0,1.9,15.0,869.0,1028.17,767.94
2016,4,2,11,45,873.5,146.5,2.05,15.0,878.0,1041.56,778.21
2016,4,2,12,0,882.0,143.0,2.2,15.0,887.0,1041.86,780.0
2016,4,2,12,15,881.5,143.0,2.35,15.0,886.5,1042.65,782.3
2016,4,2,12,30,881.0,143.0,2.5,15.0,886.0,1049.15,788.43
2016,4,2,12,45,887.5,137.0,2.65,15.5,879.0,1033.77,778.54
2016,4,2,13,0,894.0,131.0,2.8,16.0,872.0,1023.97,772.59
2016,4,2,13,15,714.5,210.5,2.9,16.0,795.0,936.05,714.41
2016,4,2,13,30,535.0,290.0,3.0,16.0,718.0,831.14,639.62
2016,4,2,13,45,699.5,210.0,3.15,16.0,752.5,889.26,686.86
2016,4,2,14,0,864.0,130.0,3.3,16.0,787.0,927.16,714.79
2016,4,2,14,15,854.0,128.0,3.3,15.5,755.5,889.1,690.17
2016,4,2,14,30,844.0,126.0,3.3,15.0,724.0,848.54,664.13
2016,4,2,14,45,826.0,125.5,3.35,15.0,685.0,800.94,631.74
2016,4,2,15,0,808.0,125.0,3.4,15.0,646.0,751.92,597.91
2016,4,2,15,15,790.0,121.5,3.4,15.0,602.5,698.67,559.51
2016,4,2,15,30,772.0,118.0,3.4,15.0,559.0,646.19,519.77
2016,4,2,15,45,405.0,155.5,3.4,15.0,385.5,417.15,338.91
2016,4,2,16,0,38.0,193.0,3.4,15.0,212.0,209.9,168.88
2016,4,2,16,15,40.5,174.5,3.4,14.5,193.0,190.31,153.93
2016,4,2,16,30,43.0,156.0,3.4,14.0,174.0,170.48,138.02
2016,4,2,16,45,34.5,135.0,3.4,14.0,148.0,143.64,115.74
2016,4,2,17,0,26.0,114.0,3.4,14.0,122.0,117.9,94.16
2016,4,2,17,15,215.5,91.5,3.3,13.5,137.0,149.07,114.32
2016,4,2,17,30,405.0,69.0,3.2,13.0,152.0,153.13,107.74
2016,4,2,17,45,304.5,54.0,3.15,12.5,106.0,96.87,62.3
2016,4,2,18,0,204.0,39.0,3.1,12.0,60.0,53.26,29.87
2016,4,2,18,15,102.0,19.5,3.0,11.5,30.0,17.8,0.0
2016,4,2,18,30,0.0,0.0,2.9,11.0,0.0,0.0,0.0
2016,4,2,18,45,0.0,0.0,2.85,11.0,0.0,0.0,0.0
2016,4,2,19,0,0.0,0.0,2.8,11.0,0.0,0.0,0.0
2016,4,2,19,15,0.0,0.0,2.65,11.0,0.0,0.0,0.0
2016,4,2,19,30,0.0,0.0,2.5,11.0,0.0,0.0,0.0
2016,4,2,19,45,0.0,0.0,2.45,11.0,0.0,0.0,0.0
2016,4,2,20,0,0.0,0.0,2.4,11.0,0.0,0.0,0.0
2016,4,2,20,15,0.0,0.0,2.35,10.5,0.0,0.0,0.0
2016,4,2,20,30,0.0,0.0,2.3,10.0,0.0,0.0,0.0
2016,4,2,20,45,0.0,0.0,2.25,10.0,0.0,0.0,0.0
2016,4,2,21,0,0.0,0.0,2.2,10.0,0.0,0.0,0.0
2016,4,2,21,15,0.0,0.0,2.2,10.0,0.0,0.0,0.0
2016,4,2,21,30,0.0,0.0,2.2,10.0,0.0,0.0,0.0
2016,4,2,21,45,0.0,0.0,2.2,10.0,0.0,0.0,0.0
2016,4,2,22,0,0.0,0.0,2.2,10.0,0.0,0.0,0.0
2016,4,2,22,15,0.0,0.0,2.2,9.5,0.0,0.0,0.0
2016,4,2,22,30,0.0,0.0,2.2,9.0,0.0,0.0,0.0
2016,4,2,22,45,0.0,0.0,2.2,9.0,0.0,0.0,0.0
2016,4,2,23,0,0.0,0.0,2.2,9.0,0.0,0.0,0.0
2016,4,2,23,15,0.0,0.0,2.2,9.0,0.0,0.0,0.0
2016,4,2,23,30,0.0,0.0,2.2,9.0,0.0,0.0,0.0
2016,4,2,23,45,0.0,0.0,2.25,9.0,0.0,0.0,0.0
2016,4,3,0,0,0.0,0.0,2.3,9.0,0.0,0.0,0.0
2016,4,3,0,15,0.0,0.0,2.3,9.0,0.0,0.0,0.0
2016,4,3,0,30,0.0,0.0,2.3,9.0,0.0,0.0,0.0
2016,4,3,0,45,0.0,0.0,2.35,9.0,0.0,0.0,0.0
2016,4,3,1,0,0.0,0.0,2.4,9.0,0.0,0.0,0.0
2016,4,3,1,15,0.0,0.0,2.4,8.5,0.0,0.0,0.0
2016,4,3,1,30,0.0,0.0,2.4,8.0,0.0,0.0,0.0
2016,4,3,1,45,0.0,0.0,2.4,8.0,0.0,0.0,0.0
2016,4,3,2,0,0.0,0.0,2.4,8.0,0.0,0.0,0.0
2016,4,3,2,15,0.0,0.0,2.35,8.0,0.0,0.0,0.0
2016,4,3,2,30,0.0,0.0,2.3,8.0,0.0,0.0,0.0
2016,4,3,2,45,0.0,0.0,2.3,8.0,0.0,0.0,0.0
2016,4,3,3,0,0.0,0.0,2.3,8.0,0.0,0.0,0.0
2016,4,3,3,15,0.0,0.0,2.25,8.0,0.0,0.0,0.0
2016,4,3,3,30,0.0,0.0,2.2,8.0,0.0,0.0,0.0
2016,4,3,3,45,0.0,0.0,2.15,8.0,0.0,0.0,0.0
2016,4,3,4,0,0.0,0.0,2.1,8.0,0.0,0.0,0.0
2016,4,3,4,15,0.0,0.0,2.05,8.0,0.0,0.0,0.0
2016,4,3,4,30,0.0,0.0,2.0,8.0,0.0,0.0,0.0
2016,4,3,4,45,0.0,0.0,2.0,8.0,0.0,0.0,0.0
2016,4,3,5,0,0.0,0.0,2.0,8.0,0.0,0.0,0.0
2016,4,3,5,15,0.0,0.0,2.0,8.0,0.0,0.0,0.0
2016,4,3,5,30,0.0,0.0,2.0,8.0,0.0,0.0,0.0
2016,4,3,5,45,0.0,0.0,2.05,8.0,0.0,0.0,0.0
2016,4,3,6,0,0.0,0.0,2.1,8.0,0.0,0.0,0.0
2016,4,3,6,15,163.0,20.0,2.1,8.0,39.5,24.03,7.22
2016,4,3,6,30,326.0,40.0,2.1,8.0,79.0,72.58,41.7
2016,4,3,6,45,421.0,51.0,2.15,8.5,127.5,121.51,79.82
2016,4,3,7,0,516.0,62.0,2.2,9.0,176.0,182.28,131.21
2016,4,3,7,15,261.5,87.5,2.15,9.0,145.5,163.16,127.53
2016,4,3,7,30,7.0,113.0,2.1,9.0,115.0,108.68,88.32
2016,4,3,7,45,12.5,132.5,2.1,9.5,137.0,130.06,106.3
2016,4,3,8,0,18.0,152.0,2.1,10.0,159.0,152.16,124.49
2016,4,3,8,15,400.5,124.5,2.1,10.5,325.5,344.22,284.69
2016,4,3,8,30,783.0,97.0,2.1,11.0,492.0,562.16,458.67
2016,4,3,8,45,805.5,100.5,2.15,11.5,540.5,621.52,503.42
2016,4,3,9,0,828.0,104.0,2.2,12.0,589.0,680.98,547.99
2016,4,3,9,15,844.5,107.0,2.25,12.0,632.5,735.33,587.76
2016,4,3,9,30,861.0,110.0,2.3,12.0,676.0,788.57,624.98
2016,4,3,9,45,873.0,112.0,2.35,12.5,713.5,835.67,656.12
2016,4,3,10,0,885.0,114.0,2.4,13.0,751.0,874.96,681.38
2016,4,3,10,15,894.0,116.0,2.45,13.0,782.5,914.5,707.93
2016,4,3,10,30,903.0,118.0,2.5,13.0,814.0,951.31,732.43
2016,4,3,10,45,723.0,205.0,2.55,13.5,772.5,912.17,703.24
2016,4,3,11,0,543.0,292.0,2.6,14.0,731.0,844.93,651.42
2016,4,3,11,15,510.5,309.5,2.65,14.0,729.0,842.56,649.29
2016,4,3,11,30,478.0,327.0,2.7,14.0,727.0,836.83,644.25
2016,4,3,11,45,386.5,367.0,2.75,14.5,692.0,781.82,601.73
2016,4,3,12,0,295.0,407.0,2.8,15.0,657.0,735.77,565.3
2016,4,3,12,15,607.0,267.5,2.9,15.0,781.5,915.36,702.62
2016,4,3,12,30,919.0,128.0,3.0,15.0,906.0,1062.27,803.56
2016,4,3,12,45,695.0,228.0,3.15,15.0,813.0,955.39,731.07
2016,4,3,13,0,471.0,328.0,3.3,15.0,720.0,828.61,638.83
2016,4,3,13,15,526.0,302.0,3.4,15.0,731.5,846.35,655.03
2016,4,3,13,30,581.0,276.0,3.5,15.0,743.0,859.73,667.04
2016,4,3,13,45,575.5,266.5,3.65,15.0,717.5,829.85,647.08
2016,4,3,14,0,570.0,257.0,3.8,15.0,692.0,797.91,625.67
2016,4,3,14,15,711.0,193.5,3.9,15.0,714.0,838.58,659.57
2016,4,3,14,30,852.0,130.0,4.0,15.0,736.0,859.37,675.93
2016,4,3,14,45,625.0,195.0,4.1,15.0,627.5,717.08,571.13
2016,4,3,15,0,398.0,260.0,4.2,15.0,519.0,573.54,459.64
2016,4,3,15,15,593.0,189.0,4.25,14.5,545.0,627.34,506.73
2016,4,3,15,30,788.0,118.0,4.3,14.0,571.0,655.07,531.87
2016,4,3,15,45,768.0,112.5,4.35,14.0,523.0,597.75,486.61
2016,4,3,16,0,748.0,107.0,4.4,14.0,475.0,539.04,439.43
2016,4,3,16,15,716.0,101.5,4.35,13.5,423.5,474.69,386.81
2016,4,3,16,30,684.0,96.0,4.3,13.0,372.0,412.4,334.2
2016,4,3,16,45,643.5,88.5,4.3,13.0,319.0,347.18,277.27
2016,4,3,17,0,603.0,81.0,4.3,13.0,266.0,285.77,222.26
2016,4,3,17,15,538.0,72.0,4.15,12.5,213.5,220.46,164.42
2016,4,3,17,30,473.0,63.0,4.0,12.0,161.0,162.66,113.5
2016,4,3,17,45,375.0,50.5,3.85,11.5,114.0,104.66,66.07
2016,4,3,18,0,277.0,38.0,3.7,11.0,67.0,57.97,31.31
2016,4,3,18,15,138.5,19.0,3.6,10.5,33.5,17.97,0.0
2016,4,3,18,30,0.0,0.0,3.5,10.0,0.0,0.0,0.0
2016,4,3,18,45,0.0,0.0,3.45,10.0,0.0,0.0,0.0
2016,4,3,19,0,0.0,0.0,3.4,10.0,0.0,0.0,0.0
2016,4,3,19,15,0.0,0.0,3.35,10.0,0.0,0.0,0.0
2016,4,3,19,30,0.0,0.0,3.3,10.0,0.0,0.0,0.0
2016,4,3,19,45,0.0,0.0,3.3,10.0,0.0,0.0,0.0
2016,4,3,20,0,0.0,0.0,3.3,10.0,0.0,0.0,0.0
2016,4,3,20,15,0.0,0.0,3.25,10.0,0.0,0.0,0.0
2016,4,3,20,30,0.0,0.0,3.2,10.0,0.0,0.0,0.0
2016,4,3,20,45,0.0,0.0,3.2,10.0,0.0,0.0,0.0
2016,4,3,21,0,0.0,0.0,3.2,10.0,0.0,0.0,0.0
2016,4,3,21,15,0.0,0.0,3.2,10.0,0.0,0.0,0.0
2016,4,3,21,30,0.0,0.0,3.2,10.0,0.0,0.0,0.0
2016,4,3,21,45,0.0,0.0,3.2,10.5,0.0,0.0,0.0
2016,4,3,22,0,0.0,0.0,3.2,11.0,0.0,0.0,0.0
2016,4,3,22,15,0.0,0.0,3.3,11.0,0.0,0.0,0.0
2016,4,3,22,30,0.0,0.0,3.4,11.0,0.0,0.0,0.0
2016,4,3,22,45,0.0,0.0,3.5,11.0,0.0,0.0,0.0
2016,4,3,23,0,0.0,0.0,3.6,11.0,0.0,0.0,0.0
2016,4,3,23,15,0.0,0.0,3.7,11.0,0.0,0.0,0.0
2016,4,3,23,30,0.0,0.0,3.8,11.0,0.0,0.0,0.0
2016,4,3,23,45,0.0,0.0,3.9,11.0,0.0,0.0,0.0
2016,4,4,0,0,0.0,0.0,4.0,11.0,0.0,0.0,0.0
2016,4,4,0,15,0.0,0.0,4.1,11.0,0.0,0.0,0.0
2016,4,4,0,30,0.0,0.0,4.2,11.0,0.0,0.0,0.0
2016,4,4,0,45,0.0,0.0,4.3,11.0,0.0,0.0,0.0
2016,4,4,1,0,0.0,0.0,4.4,11.0,0.0,0.0,0.0
2016,4,4,1,15,0.0,0.0,4.45,11.0,0.0,0.0,0.0
2016,4,4,1,30,0.0,0.0,4.5,11.0,0.0,0.0,0.0
2016,4,4,1,45,0.0,0.0,4.6,11.0,0.0,0.0,0.0
2016,4,4,2,0,0.0,0.0,4.7,11.0,0.0,0.0,0.0
2016,4,4,2,15,0.0,0.0,4.75,11.0,0.0,0.0,0.0
2016,4,4,2,30,0.0,0.0,4.8,11.0,0.0,0.0,0.0
2016,4,4,2,45,0.0,0.0,4.85,11.0,0.0,0.0,0.0
2016,4,4,3,0,0.0,0.0,4.9,11.0,0.0,0.0,0.0
2016,4,4,3,15,0.0,0.0,4.95,10.5,0.0,0.0,0.0
2016,4,4,3,30,0.0,0.0,5.0,10.0,0.0,0.0,0.0
2016,4,4,3,45,0.0,0.0,5.05,10.0,0.0,0.0,0.0
2016,4,4,4,0,0.0,0.0,5.1,10.0,0.0,0.0,0.0
2016,4,4,4,15,0.0,0.0,5.1,10.0,0.0,0.0,0.0
2016,4,4,4,30,0.0,0.0,5.1,10.0,0.0,0.0,0.0
2016,4,4,4,45,0.0,0.0,5.1,10.0,0.0,0.0,0.0
2016,4,4,5,0,0.0,0.0,5.1,10.0,0.0,0.0,0.0
2016,4,4,5,15,0.0,0.0,5.2,10.0,0.0,0.0,0.0
2016,4,4,5,30,0.0,0.0,5.3,10.0,0.0,0.0,0.0
2016,4,4,5,45,0.0,6.0,5.4,10.5,6.0,0.0,0.0
2016,4,4,6,0,0.0,12.0,5.5,11.0,12.0,11.44,0.0
2016,4,4,6,15,164.0,27.0,5.6,11.0,47.5,30.59,12.43
2016,4,4,6,30,328.0,42.0,5.7,11.0,83.0,75.47,43.6
2016,4,4,6,45,427.5,52.5,5.8,11.5,133.0,125.02,81.94
2016,4,4,7,0,527.0,63.0,5.9,12.0,183.0,186.95,134.18
2016,4,4,7,15,589.0,70.5,5.85,12.0,236.5,247.03,188.5
2016,4,4,7,30,651.0,78.0,5.8,12.0,290.0,314.06,249.03
2016,4,4,7,45,695.0,83.5,5.75,12.5,344.5,378.2,306.29
2016,4,4,8,0,739.0,89.0,5.7,13.0,399.0,446.32,365.34
2016,4,4,8,15,769.0,93.0,5.8,13.0,451.5,508.67,419.15
2016,4,4,8,30,799.0,97.0,5.9,13.0,504.0,572.87,473.08
2016,4,4,8,45,821.0,100.5,6.0,13.5,552.5,632.7,521.27
2016,4,4,9,0,843.0,104.0,6.1,14.0,601.0,692.54,568.18
2016,4,4,9,15,859.0,106.5,6.1,14.0,645.0,746.64,609.34
2016,4,4,9,30,875.0,109.0,6.1,14.0,689.0,799.52,648.01
2016,4,4,9,45,886.5,111.5,6.15,14.5,726.5,842.08,677.42
2016,4,4,10,0,898.0,114.0,6.2,15.0,764.0,887.09,708.39
2016,4,4,10,15,906.5,116.0,6.05,15.0,795.0,926.55,735.3
2016,4,4,10,30,915.0,118.0,5.9,15.0,826.0,963.2,759.87
2016,4,4,10,45,919.5,120.0,5.8,15.5,849.5,993.09,778.17
2016,4,4,11,0,924.0,122.0,5.7,16.0,873.0,1019.59,793.91
2016,4,4,11,15,927.5,122.5,5.65,16.0,888.5,1040.01,807.2
2016,4,4,11,30,931.0,123.0,5.6,16.0,904.0,1056.76,817.98
2016,4,4,11,45,931.0,124.5,5.6,16.0,911.0,1067.33,824.93
2016,4,4,12,0,931.0,126.0,5.6,16.0,918.0,1074.01,829.35
2016,4,4,12,15,712.5,228.0,5.5,16.0,834.5,980.46,762.55
2016,4,4,12,30,494.0,330.0,5.4,16.0,751.0,863.42,673.05
2016,4,4,12,45,713.0,225.5,5.35,16.0,825.5,970.66,756.14
2016,4,4,13,0,932.0,121.0,5.3,16.0,900.0,1051.14,812.27
2016,4,4,13,15,927.5,120.5,5.3,16.0,882.5,1031.97,798.86
2016,4,4,13,30,923.0,120.0,5.3,16.0,865.0,1009.2,783.65
2016,4,4,13,45,913.0,120.0,5.35,16.0,839.0,978.41,763.16
2016,4,4,14,0,903.0,120.0,5.4,16.0,813.0,944.58,740.46
2016,4,4,14,15,893.0,118.0,5.75,16.0,780.5,905.8,715.8
2016,4,4,14,30,883.0,116.0,6.1,16.0,748.0,870.01,692.74
2016,4,4,14,45,867.0,114.5,6.5,16.0,708.0,821.49,659.77
2016,4,4,15,0,851.0,113.0,6.9,16.0,668.0,771.29,624.75
2016,4,4,15,15,833.5,110.0,7.05,15.5,623.5,717.08,586.24
2016,4,4,15,30,816.0,107.0,7.2,15.0,579.0,661.96,544.11
2016,4,4,15,45,789.5,104.5,7.4,15.0,529.5,601.27,495.36
2016,4,4,16,0,763.0,102.0,7.6,15.0,480.0,541.92,446.36
2016,4,4,16,15,731.0,97.0,7.4,14.5,428.0,477.34,392.16
2016,4,4,16,30,699.0,92.0,7.2,14.0,376.0,414.79,338.17
2016,4,4,16,45,652.0,86.0,7.0,14.0,322.0,347.76,278.78
2016,4,4,17,0,605.0,80.0,6.8,14.0,268.0,285.26,222.29
2016,4,4,17,15,537.5,71.5,6.4,13.5,215.5,219.68,163.89
2016,4,4,17,30,470.0,63.0,6.0,13.0,163.0,161.92,112.93
2016,4,4,17,45,365.5,51.0,5.6,12.5,115.5,103.68,65.56
2016,4,4,18,0,261.0,39.0,5.2,12.0,68.0,57.52,31.58
2016,4,4,18,15,130.5,19.5,4.95,11.5,34.0,18.26,1.15
2016,4,4,18,30,0.0,0.0,4.7,11.0,0.0,0.0,0.0
2016,4,4,18,45,0.0,0.0,4.5,11.0,0.0,0.0,0.0
2016,4,4,19,0,0.0,0.0,4.3,11.0,0.0,0.0,0.0
2016,4,4,19,15,0.0,0.0,4.2,11.0,0.0,0.0,0.0
2016,4,4,19,30,0.0,0.0,4.1,11.0,0.0,0.0,0.0
2016,4,4,19,45,0.0,0.0,4.0,11.0,0.0,0.0,0.0
2016,4,4,20,0,0.0,0.0,3.9,11.0,0.0,0.0,0.0
2016,4,4,20,15,0.0,0.0,3.85,10.5,0.0,0.0,0.0
2016,4,4,20,30,0.0,0.0,3.8,10.0,0.0,0.0,0.0
2016,4,4,20,45,0.0,0.0,3.75,10.0,0.0,0.0,0.0
2016,4,4,21,0,0.0,0.0,3.7,10.0,0.0,0.0,0.0
2016,4,4,21,15,0.0,0.0,3.7,10.0,0.0,0.0,0.0
2016,4,4,21,30,0.0,0.0,3.7,10.0,0.0,0.0,0.0
2016,4,4,21,45,0.0,0.0,3.7,10.0,0.0,0.0,0.0
2016,4,4,22,0,0.0,0.0,3.7,10.0,0.0,0.0,0.0
2016,4,4,22,15,0.0,0.0,3.7,10.0,0.0,0.0,0.0
2016,4,4,22,30,0.0,0.0,3.7,10.0,0.0,0.0,0.0
2016,4,4,22,45,0.0,0.0,3.75,10.0,0.0,0.0,0.0
2016,4,4,23,0,0.0,0.0,3.8,10.0,0.0,0.0,0.0
2016,4,4,23,15,0.0,0.0,3.75,10.0,0.0,0.0,0.0
2016,4,4,23,30,0.0,0.0,3.7,10.0,0.0,0.0,0.0
2016,4,4,23,45,0.0,0.0,3.7,10.0,0.0,0.0,0.0
2016,4,5,0,0,0.0,0.0,3.7,10.0,0.0,0.0,0.0
2016,4,5,0,15,0.0,0.0,3.6,9.5,0.0,0.0,0.0
2016,4,5,0,30,0.0,0.0,3.5,9.0,0.0,0.0,0.0
2016,4,5,0,45,0.0,0.0,3.45,9.0,0.0,0.0,0.0
2016,4,5,1,0,0.0,0.0,3.4,9.0,0.0,0.0,0.0
2016,4,5,1,15,0.0,0.0,3.25,9.0,0.0,0.0,0.0
2016,4,5,1,30,0.0,0.0,3.1,9.0,0.0,0.0,0.0
2016,4,5,1,45,0.0,0.0,3.0,9.0,0.0,0.0,0.0
2016,4,5,2,0,0.0,0.0,2.9,9.0,0.0,0.0,0.0
2016,4,5,2,15,0.0,0.0,2.85,9.0,0.0,0.0,0.0
2016,4,5,2,30,0.0,0.0,2.8,9.0,0.0,0.0,0.0
2016,4,5,2,45,0.0,0.0,2.75,9.5,0.0,0.0,0.0
2016,4,5,3,0,0.0,0.0,2.7,10.0,0.0,0.0,0.0
2016,4,5,3,15,0.0,0.0,2.7,9.5,0.0,0.0,0.0
2016,4,5,3,30,0.0,0.0,2.7,9.0,0.0,0.0,0.0
2016,4,5,3,45,0.0,0.0,2.7,9.0,0.0,0.0,0.0
2016,4,5,4,0,0.0,0.0,2.7,9.0,0.0,0.0,0.0
2016,4,5,4,15,0.0,0.0,2.75,9.0,0.0,0.0,0.0
2016,4,5,4,30,0.0,0.0,2.8,9.0,0.0,0.0,0.0
2016,4,5,4,45,0.0,0.0,2.85,9.0,0.0,0.0,0.0
2016,4,5,5,0,0.0,0.0,2.9,9.0,0.0,0.0,0.0
2016,4,5,5,15,0.0,0.0,2.85,9.0,0.0,0.0,0.0
2016,4,5,5,30,0.0,0.0,2.8,9.0,0.0,0.0,0.0
2016,4,5,5,45,44.5,6.0,2.75,9.5,7.5,0.0,0.0
2016,4,5,6,0,89.0,12.0,2.7,10.0,15.0,11.44,0.0
2016,4,5,6,15,242.0,25.5,2.65,10.5,52.5,33.7,13.7
2016,4,5,6,30,395.0,39.0,2.6,11.0,90.0,80.38,44.94
2016,4,5,6,45,483.5,48.5,2.55,11.5,140.0,131.51,84.99
2016,4,5,7,0,572.0,58.0,2.5,12.0,190.0,193.58,137.7
2016,4,5,7,15,630.0,64.5,2.4,12.5,244.5,254.27,191.88
2016,4,5,7,30,688.0,71.0,2.3,13.0,299.0,321.36,251.02
2016,4,5,7,45,731.5,75.0,2.2,13.5,353.5,386.0,307.12
2016,4,5,8,0,775.0,79.0,2.1,14.0,408.0,454.2,364.12
2016,4,5,8,15,802.5,83.0,2.15,14.5,460.5,517.37,415.65
2016,4,5,8,30,830.0,87.0,2.2,15.0,513.0,581.79,466.29
2016,4,5,8,45,853.0,88.5,2.25,15.5,562.0,641.56,511.78
2016,4,5,9,0,876.0,90.0,2.3,16.0,611.0,698.18,553.62
2016,4,5,9,15,890.5,92.5,2.4,16.0,654.5,752.02,591.66
2016,4,5,9,30,905.0,95.0,2.5,16.0,698.0,804.42,628.0
2016,4,5,9,45,914.5,97.5,2.7,16.5,735.5,851.05,659.39
2016,4,5,10,0,924.0,100.0,2.9,17.0,773.0,895.31,688.86
2016,4,5,10,15,932.0,101.5,2.95,17.0,803.5,934.55,714.85
2016,4,5,10,30,940.0,103.0,3.0,17.0,834.0,970.86,738.74
2016,4,5,10,45,944.0,104.5,3.15,17.5,857.0,1000.3,757.32
2016,4,5,11,0,948.0,106.0,3.3,18.0,880.0,1026.24,773.57
2016,4,5,11,15,951.5,106.5,3.3,18.0,895.5,1046.99,786.62
2016,4,5,11,30,955.0,107.0,3.3,18.0,911.0,1063.98,797.28
2016,4,5,11,45,956.5,107.0,3.35,18.5,918.5,1074.59,802.74
2016,4,5,12,0,958.0,107.0,3.4,19.0,926.0,1081.24,805.76
2016,4,5,12,15,957.5,107.0,3.35,19.0,925.0,1081.9,805.65
2016,4,5,12,30,957.0,107.0,3.3,19.0,924.0,1078.55,803.09
2016,4,5,12,45,955.5,106.0,3.3,19.5,915.0,1069.15,795.64
2016,4,5,13,0,954.0,105.0,3.3,20.0,906.0,1055.82,785.79
2016,4,5,13,15,723.5,206.0,3.3,20.0,807.0,939.84,708.61
2016,4,5,13,30,493.0,307.0,3.3,20.0,708.0,808.41,614.39
2016,4,5,13,45,713.0,204.5,3.3,20.0,764.0,895.56,681.67
2016,4,5,14,0,933.0,102.0,3.3,20.0,820.0,952.29,720.78
2016,4,5,14,15,924.0,100.0,3.3,20.0,787.5,913.43,694.75
2016,4,5,14,30,915.0,98.0,3.3,20.0,755.0,871.81,667.42
2016,4,5,14,45,902.0,96.5,3.35,20.0,716.0,825.02,636.48
2016,4,5,15,0,889.0,95.0,3.4,20.0,677.0,776.26,603.74
2016,4,5,15,15,873.5,92.5,3.45,19.5,632.5,722.95,568.28
2016,4,5,15,30,858.0,90.0,3.5,19.0,588.0,671.42,532.01
2016,4,5,15,45,835.0,87.0,3.6,19.0,538.5,610.42,485.72
2016,4,5,16,0,812.0,84.0,3.7,19.0,489.0,549.63,438.13
2016,4,5,16,15,783.0,80.5,3.7,18.5,437.0,485.84,387.2
2016,4,5,16,30,754.0,77.0,3.7,18.0,385.0,423.62,335.68
2016,4,5,16,45,712.0,72.0,3.7,17.5,331.0,356.72,278.84
2016,4,5,17,0,670.0,67.0,3.7,17.0,277.0,293.28,223.29
2016,4,5,17,15,608.5,60.0,3.55,16.5,223.5,227.04,165.09
2016,4,5,17,30,547.0,53.0,3.4,16.0,170.0,167.78,113.16
2016,4,5,17,45,447.5,43.5,3.25,15.5,121.5,107.95,64.74
2016,4,5,18,0,348.0,34.0,3.1,15.0,73.0,60.52,30.54
2016,4,5,18,15,174.0,17.0,2.95,14.5,36.5,16.85,1.34
2016,4,5,18,30,0.0,0.0,2.8,14.0,0.0,0.0,0.0
2016,4,5,18,45,0.0,0.0,2.7,14.0,0.0,0.0,0.0
2016,4,5,19,0,0.0,0.0,2.6,14.0,0.0,0.0,0.0
2016,4,5,19,15,0.0,0.0,2.45,14.0,0.0,0.0,0.0
2016,4,5,19,30,0.0,0.0,2.3,14.0,0.0,0.0,0.0
2016,4,5,19,45,0.0,0.0,2.15,14.0,0.0,0.0,0.0
2016,4,5,20,0,0.0,0.0,2.0,14.0,0.0,0.0,0.0
2016,4,5,20,15,0.0,0.0,1.85,14.0,0.0,0.0,0.0
2016,4,5,20,30,0.0,0.0,1.7,14.0,0.0,0.0,0.0
2016,4,5,20,45,0.0,0.0,1.6,14.0,0.0,0.0,0.0
2016,4,5,21,0,0.0,0.0,1.5,14.0,0.0,0.0,0.0
2016,4,5,21,15,0.0,0.0,1.4,14.0,0.0,0.0,0.0
2016,4,5,21,30,0.0,0.0,1.3,14.0,0.0,0.0,0.0
2016,4,5,21,45,0.0,0.0,1.2,14.0,0.0,0.0,0.0
2016,4,5,22,0,0.0,0.0,1.1,14.0,0.0,0.0,0.0
2016,4,5,22,15,0.0,0.0,1.05,14.0,0.0,0.0,0.0
2016,4,5,22,30,0.0,0.0,1.0,14.0,0.0,0.0,0.0
2016,4,5,22,45,0.0,0.0,1.0,14.0,0.0,0.0,0.0
2016,4,5,23,0,0.0,0.0,1.0,14.0,0.0,0.0,0.0
2016,4,5,23,15,0.0,0.0,1.0,14.0,0.0,0.0,0.0
2016,4,5,23,30,0.0,0.0,1.0,14.0,0.0,0.0,0.0
2016,4,5,23,45,0.0,0.0,1.05,14.0,0.0,0.0,0.0
2016,4,6,0,0,0.0,0.0,1.1,14.0,0.0,0.0,0.0
2016,4,6,0,15,0.0,0.0,1.15,14.0,0.0,0.0,0.0
2016,4,6,0,30,0.0,0.0,1.2,14.0,0.0,0.0,0.0
2016,4,6,0,45,0.0,0.0,1.25,14.0,0.0,0.0,0.0
2016,4,6,1,0,0.0,0.0,1.3,14.0,0.0,0.0,0.0
2016,4,6,1,15,0.0,0.0,1.35,13.5,0.0,0.0,0.0
2016,4,6,1,30,0.0,0.0,1.4,13.0,0.0,0.0,0.0
2016,4,6,1,45,0.0,0.0,1.45,13.0,0.0,0.0,0.0
2016,4,6,2,0,0.0,0.0,1.5,13.0,0.0,0.0,0.0
2016,4,6,2,15,0.0,0.0,1.6,13.0,0.0,0.0,0.0
2016,4,6,2,30,0.0,0.0,1.7,13.0,0.0,0.0,0.0
2016,4,6,2,45,0.0,0.0,1.85,13.0,0.0,0.0,0.0
2016,4,6,3,0,0.0,0.0,2.0,13.0,0.0,0.0,0.0
2016,4,6,3,15,0.0,0.0,2.15,12.5,0.0,0.0,0.0
2016,4,6,3,30,0.0,0.0,2.3,12.0,0.0,0.0,0.0
2016,4,6,3,45,0.0,0.0,2.45,12.0,0.0,0.0,0.0
2016,4,6,4,0,0.0,0.0,2.6,12.0,0.0,0.0,0.0
2016,4,6,4,15,0.0,0.0,2.7,12.0,0.0,0.0,0.0
2016,4,6,4,30,0.0,0.0,2.8,12.0,0.0,0.0,0.0
2016,4,6,4,45,0.0,0.0,2.9,12.0,0.0,0.0,0.0
2016,4,6,5,0,0.0,0.0,3.0,12.0,0.0,0.0,0.0
2016,4,6,5,15,0.0,0.0,3.05,12.0,0.0,0.0,0.0
2016,4,6,5,30,0.0,0.0,3.1,12.0,0.0,0.0,0.0
2016,4,6,5,45,48.5,6.5,3.2,12.5,8.0,0.0,0.0
2016,4,6,6,0,97.0,13.0,3.3,13.0,16.0,12.39,0.0
2016,4,6,6,15,241.5,26.5,3.4,13.5,54.0,35.24,15.07
2016,4,6,6,30,386.0,40.0,3.5,14.0,92.0,81.28,45.58
2016,4,6,6,45,475.5,49.5,3.6,14.5,142.0,132.22,85.19
2016,4,6,7,0,565.0,59.0,3.7,15.0,192.0,194.2,137.43
2016,4,6,7,15,622.0,66.0,3.65,15.5,246.0,254.77,191.19
2016,4,6,7,30,679.0,73.0,3.6,16.0,300.0,321.62,249.91
2016,4,6,7,45,718.5,78.0,3.55,16.5,354.0,385.03,305.0
2016,4,6,8,0,758.0,83.0,3.5,17.0,408.0,451.81,361.09
2016,4,6,8,15,786.0,87.0,3.45,17.5,460.0,514.34,412.04
2016,4,6,8,30,814.0,91.0,3.4,18.0,512.0,578.18,462.18
2016,4,6,8,45,834.5,94.0,3.4,18.5,560.5,637.16,507.08
2016,4,6,9,0,855.0,97.0,3.4,19.0,609.0,695.96,550.41
2016,4,6,9,15,870.0,100.0,3.4,19.5,652.5,750.24,587.72
2016,4,6,9,30,885.0,103.0,3.4,20.0,696.0,798.81,619.68
2016,4,6,9,45,895.5,105.5,3.45,20.5,733.5,845.4,650.01
2016,4,6,10,0,906.0,108.0,3.5,21.0,771.0,889.74,678.38
2016,4,6,10,15,914.0,109.5,3.4,21.0,801.5,928.33,702.86
2016,4,6,10,30,922.0,111.0,3.3,21.0,832.0,964.04,725.15
2016,4,6,10,45,926.0,113.0,3.25,21.5,855.0,993.47,741.97
2016,4,6,11,0,930.0,115.0,3.2,22.0,878.0,1019.47,756.42
2016,4,6,11,15,933.0,115.5,3.1,22.0,893.0,1039.34,767.82
2016,4,6,11,30,936.0,116.0,3.0,22.0,908.0,1055.5,776.84
2016,4,6,11,45,936.0,117.0,2.9,22.5,914.5,1065.43,780.35
2016,4,6,12,0,936.0,118.0,2.8,23.0,921.0,1071.46,781.45
2016,4,6,12,15,935.0,118.0,2.65,23.0,919.5,1071.51,779.81
2016,4,6,12,30,934.0,118.0,2.5,23.0,918.0,1067.66,775.79
2016,4,6,12,45,927.0,120.0,2.45,23.5,907.0,1056.1,766.62
2016,4,6,13,0,920.0,122.0,2.4,24.0,896.0,1040.81,755.3
2016,4,6,13,15,732.0,208.0,2.25,24.0,816.5,950.07,695.68
2016,4,6,13,30,544.0,294.0,2.1,24.0,737.0,842.9,621.25
2016,4,6,13,45,547.0,280.5,1.95,24.5,715.0,817.45,603.59
2016,4,6,14,0,550.0,267.0,1.8,25.0,693.0,789.63,583.56
2016,4,6,14,15,547.5,255.5,1.7,25.0,665.0,756.82,561.55
2016,4,6,14,30,545.0,244.0,1.6,25.0,637.0,722.16,538.12
2016,4,6,14,45,545.5,227.5,1.5,25.5,603.5,682.96,510.53
2016,4,6,15,0,546.0,211.0,1.4,26.0,570.0,641.94,481.44
2016,4,6,15,15,439.5,226.0,1.3,26.0,503.0,555.75,419.1
2016,4,6,15,30,333.0,241.0,1.2,26.0,436.0,470.67,356.88
2016,4,6,15,45,343.0,217.0,1.1,26.0,403.0,434.08,330.76
2016,4,6,16,0,353.0,193.0,1.0,26.0,370.0,395.79,302.36
2016,4,6,16,15,364.5,169.0,0.85,25.5,335.0,356.6,272.79
2016,4,6,16,30,376.0,145.0,0.7,25.0,300.0,320.34,244.3
2016,4,6,16,45,488.5,112.0,0.55,24.5,284.5,307.23,231.09
2016,4,6,17,0,601.0,79.0,0.4,24.0,269.0,282.59,206.17
2016,4,6,17,15,537.0,71.0,0.35,23.5,217.0,218.75,153.58
2016,4,6,17,30,473.0,63.0,0.3,23.0,165.0,162.27,107.19
2016,4,6,17,45,377.0,51.0,0.3,23.0,118.0,105.07,63.08
2016,4,6,18,0,281.0,39.0,0.3,23.0,71.0,58.89,30.66
2016,4,6,18,15,140.5,19.5,0.45,22.5,35.5,18.42,3.07
2016,4,6,18,30,0.0,0.0,0.6,22.0,0.0,0.0,0.0
2016,4,6,18,45,0.0,0.0,0.75,21.5,0.0,0.0,0.0
2016,4,6,19,0,0.0,0.0,0.9,21.0,0.0,0.0,0.0
2016,4,6,19,15,0.0,0.0,1.0,20.5,0.0,0.0,0.0
2016,4,6,19,30,0.0,0.0,1.1,20.0,0.0,0.0,0.0
2016,4,6,19,45,0.0,0.0,1.2,20.0,0.0,0.0,0.0
2016,4,6,20,0,0.0,0.0,1.3,20.0,0.0,0.0,0.0
2016,4,6,20,15,0.0,0.0,1.4,19.5,0.0,0.0,0.0
2016,4,6,20,30,0.0,0.0,1.5,19.0,0.0,0.0,0.0
2016,4,6,20,45,0.0,0.0,1.65,18.5,0.0,0.0,0.0
2016,4,6,21,0,0.0,0.0,1.8,18.0,0.0,0.0,0.0
2016,4,6,21,15,0.0,0.0,2.0,17.5,0.0,0.0,0.0
2016,4,6,21,30,0.0,0.0,2.2,17.0,0.0,0.0,0.0
2016,4,6,21,45,0.0,0.0,2.4,16.5,0.0,0.0,0.0
2016,4,6,22,0,0.0,0.0,2.6,16.0,0.0,0.0,0.0
2016,4,6,22,15,0.0,0.0,2.7,15.5,0.0,0.0,0.0
2016,4,6,22,30,0.0,0.0,2.8,15.0,0.0,0.0,0.0
2016,4,6,22,45,0.0,0.0,2.95,14.5,0.0,0.0,0.0
2016,4,6,23,0,0.0,0.0,3.1,14.0,0.0,0.0,0.0
2016,4,6,23,15,0.0,0.0,3.2,14.0,0.0,0.0,0.0
2016,4,6,23,30,0.0,0.0,3.3,14.0,0.0,0.0,0.0
2016,4,6,23,45,0.0,0.0,3.4,14.0,0.0,0.0,0.0
2016,4,7,0,0,0.0,0.0,3.5,14.0,0.0,0.0,0.0
2016,4,7,0,15,0.0,0.0,3.65,14.0,0.0,0.0,0.0
2016,4,7,0,30,0.0,0.0,3.8,14.0,0.0,0.0,0.0
2016,4,7,0,45,0.0,0.0,3.95,14.0,0.0,0.0,0.0
2016,4,7,1,0,0.0,0.0,4.1,14.0,0.0,0.0,0.0
2016,4,7,1,15,0.0,0.0,4.2,13.5,0.0,0.0,0.0
2016,4,7,1,30,0.0,0.0,4.3,13.0,0.0,0.0,0.0
2016,4,7,1,45,0.0,0.0,4.4,13.0,0.0,0.0,0.0
2016,4,7,2,0,0.0,0.0,4.5,13.0,0.0,0.0,0.0
2016,4,7,2,15,0.0,0.0,4.4,13.0,0.0,0.0,0.0
2016,4,7,2,30,0.0,0.0,4.3,13.0,0.0,0.0,0.0
2016,4,7,2,45,0.0,0.0,4.2,13.0,0.0,0.0,0.0
2016,4,7,3,0,0.0,0.0,4.1,13.0,0.0,0.0,0.0
2016,4,7,3,15,0.0,0.0,3.95,13.0,0.0,0.0,0.0
2016,4,7,3,30,0.0,0.0,3.8,13.0,0.0,0.0,0.0
2016,4,7,3,45,0.0,0.0,3.65,13.0,0.0,0.0,0.0
2016,4,7,4,0,0.0,0.0,3.5,13.0,0.0,0.0,0.0
2016,4,7,4,15,0.0,0.0,3.4,13.0,0.0,0.0,0.0
2016,4,7,4,30,0.0,0.0,3.3,13.0,0.0,0.0,0.0
2016,4,7,4,45,0.0,0.0,3.25,13.0,0.0,0.0,0.0
2016,4,7,5,0,0.0,0.0,3.2,13.0,0.0,0.0,0.0
2016,4,7,5,15,0.0,0.0,3.2,13.0,0.0,0.0,0.0
2016,4,7,5,30,0.0,0.0,3.2,13.0,0.0,0.0,0.0
2016,4,7,5,45,0.0,3.0,3.25,13.5,3.0,2.86,0.0
2016,4,7,6,0,0.0,6.0,3.3,14.0,6.0,5.55,0.0
2016,4,7,6,15,0.0,19.0,3.45,14.0,19.0,17.63,8.01
2016,4,7,6,30,0.0,32.0,3.6,14.0,32.0,29.72,19.19
2016,4,7,6,45,0.0,49.0,3.75,14.5,49.0,45.53,32.96
2016,4,7,7,0,0.0,66.0,3.9,15.0,66.0,61.43,46.68
2016,4,7,7,15,0.0,84.5,3.9,15.0,84.5,78.86,61.56
2016,4,7,7,30,0.0,103.0,3.9,15.0,103.0,96.4,76.29
2016,4,7,7,45,312.0,101.5,3.95,15.0,237.0,237.81,191.73
2016,4,7,8,0,624.0,100.0,4.0,15.0,371.0,407.29,329.98
2016,4,7,8,15,501.0,149.0,3.9,15.0,383.5,425.07,345.25
2016,4,7,8,30,378.0,198.0,3.8,15.0,396.0,425.14,345.0
2016,4,7,8,45,408.5,211.5,3.75,15.5,442.5,485.98,392.42
2016,4,7,9,0,439.0,225.0,3.7,16.0,489.0,542.61,435.3
2016,4,7,9,15,478.5,227.0,3.6,16.0,533.5,595.79,475.76
2016,4,7,9,30,518.0,229.0,3.5,16.0,578.0,650.87,516.87
2016,4,7,9,45,539.5,236.5,3.45,16.0,617.5,698.49,551.46
2016,4,7,10,0,561.0,244.0,3.4,16.0,657.0,745.86,585.32
2016,4,7,10,15,706.5,190.5,3.3,16.0,732.0,842.55,656.27
2016,4,7,10,30,852.0,137.0,3.2,16.0,807.0,935.88,719.44
2016,4,7,10,45,697.0,219.0,3.15,16.5,777.5,904.56,694.36
2016,4,7,11,0,542.0,301.0,3.1,17.0,748.0,854.19,653.34
2016,4,7,11,15,545.5,308.0,3.05,17.0,765.0,875.55,667.81
2016,4,7,11,30,549.0,315.0,3.0,17.0,782.0,894.58,680.04
2016,4,7,11,45,557.5,309.5,2.95,17.0,787.0,903.1,685.5
2016,4,7,12,0,566.0,304.0,2.9,17.0,792.0,909.11,689.39
2016,4,7,12,15,537.5,319.0,2.9,17.0,782.0,896.9,679.98
2016,4,7,12,30,509.0,334.0,2.9,17.0,772.0,882.1,669.0
2016,4,7,12,45,417.0,365.0,2.9,17.0,721.5,818.33,622.36
2016,4,7,13,0,325.0,396.0,2.9,17.0,671.0,744.93,568.82
2016,4,7,13,15,363.0,373.5,2.9,16.5,675.5,751.83,577.06
2016,4,7,13,30,401.0,351.0,2.9,16.0,680.0,755.85,582.7
2016,4,7,13,45,391.0,344.5,2.95,16.0,657.0,729.24,564.21
2016,4,7,14,0,381.0,338.0,3.0,16.0,634.0,701.53,545.02
2016,4,7,14,15,366.5,326.5,3.0,16.0,602.5,663.75,518.13
2016,4,7,14,30,352.0,315.0,3.0,16.0,571.0,625.59,490.73
2016,4,7,14,45,311.0,306.0,3.0,16.0,523.5,568.84,448.55
2016,4,7,15,0,270.0,297.0,3.0,16.0,476.0,514.29,407.5
2016,4,7,15,15,199.0,281.5,2.95,15.5,408.5,426.77,340.65
2016,4,7,15,30,128.0,266.0,2.9,15.0,341.0,353.6,283.57
2016,4,7,15,45,80.0,230.5,2.9,15.0,276.5,274.59,220.93
2016,4,7,16,0,32.0,195.0,2.9,15.0,212.0,207.5,166.79
2016,4,7,16,15,39.5,179.5,2.8,14.5,197.5,193.82,156.46
2016,4,7,16,30,47.0,164.0,2.7,14.0,183.0,179.29,145.0
2016,4,7,16,45,39.0,142.5,2.6,14.0,157.0,151.95,122.4
2016,4,7,17,0,31.0,121.0,2.5,14.0,131.0,125.66,100.45
2016,4,7,17,15,21.5,99.5,2.35,14.0,105.5,100.08,78.92
2016,4,7,17,30,12.0,78.0,2.2,14.0,80.0,75.02,57.67
2016,4,7,17,45,6.0,56.5,2.1,14.0,57.5,53.16,38.91
2016,4,7,18,0,0.0,35.0,2.0,14.0,35.0,32.35,20.92
2016,4,7,18,15,0.0,17.5,1.9,13.5,17.5,16.24,4.12
2016,4,7,18,30,0.0,0.0,1.8,13.0,0.0,0.0,0.0
2016,4,7,18,45,0.0,0.0,1.75,13.0,0.0,0.0,0.0
2016,4,7,19,0,0.0,0.0,1.7,13.0,0.0,0.0,0.0
2016,4,7,19,15,0.0,0.0,1.6,13.0,0.0,0.0,0.0
2016,4,7,19,30,0.0,0.0,1.5,13.0,0.0,0.0,0.0
2016,4,7,19,45,0.0,0.0,1.45,13.0,0.0,0.0,0.0
2016,4,7,20,0,0.0,0.0,1.4,13.0,0.0,0.0,0.0
2016,4,7,20,15,0.0,0.0,1.35,12.5,0.0,0.0,0.0
2016,4,7,20,30,0.0,0.0,1.3,12.0,0.0,0.0,0.0
2016,4,7,20,45,0.0,0.0,1.3,12.0,0.0,0.0,0.0
2016,4,7,21,0,0.0,0.0,1.3,12.0,0.0,0.0,0.0
2016,4,7,21,15,0.0,0.0,1.25,12.0,0.0,0.0,0.0
2016,4,7,21,30,0.0,0.0,1.2,12.0,0.0,0.0,0.0
2016,4,7,21,45,0.0,0.0,1.2,12.0,0.0,0.0,0.0
2016,4,7,22,0,0.0,0.0,1.2,12.0,0.0,0.0,0.0
2016,4,7,22,15,0.0,0.0,1.2,12.0,0.0,0.0,0.0
2016,4,7,22,30,0.0,0.0,1.2,12.0,0.0,0.0,0.0
2016,4,7,22,45,0.0,0.0,1.2,12.0,0.0,0.0,0.0
2016,4,7,23,0,0.0,0.0,1.2,12.0,0.0,0.0,0.0
2016,4,7,23,15,0.0,0.0,1.2,12.0,0.0,0.0,0.0
2016,4,7,23,30,0.0,0.0,1.2,12.0,0.0,0.0,0.0
2016,4,7,23,45,0.0,0.0,1.2,12.0,0.0,0.0,0.0
2016,4,8,0,0,0.0,0.0,1.2,12.0,0.0,0.0,0.0
2016,4,8,0,15,0.0,0.0,1.2,12.0,0.0,0.0,0.0
2016,4,8,0,30,0.0,0.0,1.2,12.0,0.0,0.0,0.0
2016,4,8,0,45,0.0,0.0,1.2,12.0,0.0,0.0,0.0
2016,4,8,1,0,0.0,0.0,1.2,12.0,0.0,0.0,0.0
2016,4,8,1,15,0.0,0.0,1.2,12.0,0.0,0.0,0.0
2016,4,8,1,30,0.0,0.0,1.2,12.0,0.0,0.0,0.0
2016,4,8,1,45,0.0,0.0,1.3,12.0,0.0,0.0,0.0
2016,4,8,2,0,0.0,0.0,1.4,12.0,0.0,0.0,0.0
2016,4,8,2,15,0.0,0.0,1.45,12.0,0.0,0.0,0.0
2016,4,8,2,30,0.0,0.0,1.5,12.0,0.0,0.0,0.0
2016,4,8,2,45,0.0,0.0,1.55,12.0,0.0,0.0,0.0
2016,4,8,3,0,0.0,0.0,1.6,12.0,0.0,0.0,0.0
2016,4,8,3,15,0.0,0.0,1.6,12.0,0.0,0.0,0.0
2016,4,8,3,30,0.0,0.0,1.6,12.0,0.0,0.0,0.0
2016,4,8,3,45,0.0,0.0,1.65,12.0,0.0,0.0,0.0
2016,4,8,4,0,0.0,0.0,1.7,12.0,0.0,0.0,0.0
2016,4,8,4,15,0.0,0.0,1.7,11.5,0.0,0.0,0.0
2016,4,8,4,30,0.0,0.0,1.7,11.0,0.0,0.0,0.0
2016,4,8,4,45,0.0,0.0,1.7,11.0,0.0,0.0,0.0
2016,4,8,5,0,0.0,0.0,1.7,11.0,0.0,0.0,0.0
2016,4,8,5,15,0.0,0.0,1.65,11.0,0.0,0.0,0.0
2016,4,8,5,30,0.0,0.0,1.6,11.0,0.0,0.0,0.0
2016,4,8,5,45,0.0,2.5,1.6,11.5,2.5,2.38,0.0
2016,4,8,6,0,0.0,5.0,1.6,12.0,5.0,4.62,0.0
2016,4,8,6,15,0.0,14.5,1.6,12.0,14.5,13.44,5.04
2016,4,8,6,30,0.0,24.0,1.6,12.0,24.0,22.26,13.18
2016,4,8,6,45,0.0,36.5,1.65,12.5,36.5,33.89,23.4
2016,4,8,7,0,0.0,49.0,1.7,13.0,49.0,45.54,33.53
2016,4,8,7,15,0.0,63.0,1.6,13.0,63.0,58.61,44.79
2016,4,8,7,30,0.0,77.0,1.5,13.0,77.0,71.74,55.92
2016,4,8,7,45,0.0,91.0,1.45,13.5,91.0,84.93,66.8
2016,4,8,8,0,0.0,105.0,1.4,14.0,105.0,98.17,77.53
2016,4,8,8,15,0.5,132.5,1.35,14.0,132.5,124.67,99.23
2016,4,8,8,30,1.0,160.0,1.3,14.0,160.0,151.44,120.79
2016,4,8,8,45,34.0,212.0,1.3,14.5,232.5,228.55,182.93
2016,4,8,9,0,67.0,264.0,1.3,15.0,305.0,306.02,243.41
2016,4,8,9,15,54.0,272.5,1.3,15.0,307.0,308.5,244.1
2016,4,8,9,30,41.0,281.0,1.3,15.0,309.0,309.7,244.14
2016,4,8,9,45,62.0,312.0,1.3,15.0,357.0,360.78,283.39
2016,4,8,10,0,83.0,343.0,1.3,15.0,405.0,413.53,322.97
2016,4,8,10,15,46.0,282.0,1.3,15.0,317.0,320.28,250.77
2016,4,8,10,30,9.0,221.0,1.3,15.0,229.0,218.3,170.72
2016,4,8,10,45,19.0,275.5,1.35,15.0,292.0,281.66,220.61
2016,4,8,11,0,29.0,330.0,1.4,15.0,355.0,358.12,278.77
2016,4,8,11,15,41.5,357.5,1.45,15.0,393.5,399.93,310.06
2016,4,8,11,30,54.0,385.0,1.5,15.0,432.0,442.14,341.53
2016,4,8,11,45,48.5,381.0,1.55,15.0,423.5,433.03,334.34
2016,4,8,12,0,43.0,377.0,1.6,15.0,415.0,423.59,327.28
2016,4,8,12,15,52.0,388.0,1.65,15.0,433.5,444.37,343.21
2016,4,8,12,30,61.0,399.0,1.7,15.0,452.0,464.87,358.74
2016,4,8,12,45,107.0,412.0,1.75,15.0,503.5,523.91,403.93
2016,4,8,13,0,153.0,425.0,1.8,15.0,555.0,594.1,456.11
2016,4,8,13,15,104.0,396.5,1.85,15.0,484.0,501.2,387.2
2016,4,8,13,30,55.0,368.0,1.9,15.0,413.0,422.25,327.99
2016,4,8,13,45,41.0,336.0,2.0,15.0,369.5,374.09,292.25
2016,4,8,14,0,27.0,304.0,2.1,15.0,326.0,326.76,256.36
2016,4,8,14,15,34.5,304.5,2.1,15.0,331.0,332.68,261.77
2016,4,8,14,30,42.0,305.0,2.1,15.0,336.0,338.0,266.51
2016,4,8,14,45,103.0,308.0,2.15,15.0,378.0,387.68,307.2
2016,4,8,15,0,164.0,311.0,2.2,15.0,420.0,440.35,349.26
2016,4,8,15,15,82.0,234.0,2.15,15.0,288.5,287.43,229.53
2016,4,8,15,30,0.0,157.0,2.1,15.0,157.0,147.86,116.72
2016,4,8,15,45,233.0,163.5,2.1,15.0,282.0,311.44,253.31
2016,4,8,16,0,466.0,170.0,2.1,15.0,407.0,441.1,355.44
2016,4,8,16,15,395.0,163.0,2.0,14.5,349.0,370.72,298.44
2016,4,8,16,30,324.0,156.0,1.9,14.0,291.0,302.89,243.67
2016,4,8,16,45,268.5,148.0,1.85,14.0,250.0,253.01,202.19
2016,4,8,17,0,213.0,140.0,1.8,14.0,209.0,209.18,165.46
2016,4,8,17,15,177.0,117.5,1.7,13.5,167.5,160.75,124.8
2016,4,8,17,30,141.0,95.0,1.6,13.0,126.0,119.57,90.17
2016,4,8,17,45,102.0,70.5,1.5,13.0,90.0,80.78,57.99
2016,4,8,18,0,63.0,46.0,1.4,13.0,54.0,47.35,31.05
2016,4,8,18,15,31.5,25.0,1.3,13.0,29.0,22.68,8.63
2016,4,8,18,30,0.0,4.0,1.2,13.0,4.0,3.81,0.0
2016,4,8,18,45,0.0,2.0,1.2,13.0,2.0,0.0,0.0
2016,4,8,19,0,0.0,0.0,1.2,13.0,0.0,0.0,0.0
2016,4,8,19,15,0.0,0.0,1.2,13.0,0.0,0.0,0.0
2016,4,8,19,30,0.0,0.0,1.2,13.0,0.0,0.0,0.0
2016,4,8,19,45,0.0,0.0,1.2,13.0,0.0,0.0,0.0
2016,4,8,20,0,0.0,0.0,1.2,13.0,0.0,0.0,0.0
2016,4,8,20,15,0.0,0.0,1.2,13.0,0.0,0.0,0.0
2016,4,8,20,30,0.0,0.0,1.2,13.0,0.0,0.0,0.0
2016,4,8,20,45,0.0,0.0,1.25,13.0,0.0,0.0,0.0
2016,4,8,21,0,0.0,0.0,1.3,13.0,0.0,0.0,0.0
2016,4,8,21,15,0.0,0.0,1.3,13.0,0.0,0.0,0.0
2016,4,8,21,30,0.0,0.0,1.3,13.0,0.0,0.0,0.0
2016,4,8,21,45,0.0,0.0,1.35,13.0,0.0,0.0,0.0
2016,4,8,22,0,0.0,0.0,1.4,13.0,0.0,0.0,0.0
2016,4,8,22,15,0.0,0.0,1.45,13.0,0.0,0.0,0.0
2016,4,8,22,30,0.0,0.0,1.5,13.0,0.0,0.0,0.0
2016,4,8,22,45,0.0,0.0,1.55,13.0,0.0,0.0,0.0
2016,4,8,23,0,0.0,0.0,1.6,13.0,0.0,0.0,0.0
2016,4,8,23,15,0.0,0.0,1.65,13.0,0.0,0.0,0.0
2016,4,8,23,30,0.0,0.0,1.7,13.0,0.0,0.0,0.0
2016,4,8,23,45,0.0,0.0,1.75,13.0,0.0,0.0,0.0
2016,4,9,0,0,0.0,0.0,1.8,13.0,0.0,0.0,0.0
2016,4,9,0,15,0.0,0.0,1.85,13.0,0.0,0.0,0.0
2016,4,9,0,30,0.0,0.0,1.9,13.0,0.0,0.0,0.0
2016,4,9,0,45,0.0,0.0,1.95,13.0,0.0,0.0,0.0
2016,4,9,1,0,0.0,0.0,2.0,13.0,0.0,0.0,0.0
2016,4,9,1,15,0.0,0.0,2.0,13.0,0.0,0.0,0.0
2016,4,9,1,30,0.0,0.0,2.0,13.0,0.0,0.0,0.0
2016,4,9,1,45,0.0,0.0,2.05,13.0,0.0,0.0,0.0
2016,4,9,2,0,0.0,0.0,2.1,13.0,0.0,0.0,0.0
2016,4,9,2,15,0.0,0.0,2.05,13.0,0.0,0.0,0.0
2016,4,9,2,30,0.0,0.0,2.0,13.0,0.0,0.0,0.0
2016,4,9,2,45,0.0,0.0,2.0,13.0,0.0,0.0,0.0
2016,4,9,3,0,0.0,0.0,2.0,13.0,0.0,0.0,0.0
2016,4,9,3,15,0.0,0.0,1.95,12.5,0.0,0.0,0.0
2016,4,9,3,30,0.0,0.0,1.9,12.0,0.0,0.0,0.0
2016,4,9,3,45,0.0,0.0,1.9,12.0,0.0,0.0,0.0
2016,4,9,4,0,0.0,0.0,1.9,12.0,0.0,0.0,0.0
2016,4,9,4,15,0.0,0.0,1.9,12.0,0.0,0.0,0.0
2016,4,9,4,30,0.0,0.0,1.9,12.0,0.0,0.0,0.0
2016,4,9,4,45,0.0,0.0,1.9,12.0,0.0,0.0,0.0
2016,4,9,5,0,0.0,0.0,1.9,12.0,0.0,0.0,0.0
2016,4,9,5,15,0.0,0.0,1.85,12.0,0.0,0.0,0.0
2016,4,9,5,30,0.0,0.0,1.8,12.0,0.0,0.0,0.0
2016,4,9,5,45,0.0,1.0,1.8,12.5,1.0,0.95,0.0
2016,4,9,6,0,0.0,2.0,1.8,13.0,2.0,1.85,0.0
2016,4,9,6,15,0.0,7.0,1.85,13.0,7.0,6.48,0.0
2016,4,9,6,30,0.0,12.0,1.9,13.0,12.0,11.11,3.74
2016,4,9,6,45,0.0,18.0,2.0,13.0,18.0,16.68,8.66
2016,4,9,7,0,0.0,24.0,2.1,13.0,24.0,22.25,13.55
2016,4,9,7,15,0.0,30.0,2.05,13.0,30.0,27.83,18.4
2016,4,9,7,30,0.0,36.0,2.0,13.0,36.0,33.42,23.18
2016,4,9,7,45,0.0,74.0,2.0,13.0,74.0,68.87,53.37
2016,4,9,8,0,0.0,112.0,2.0,13.0,112.0,104.81,83.44
2016,4,9,8,15,0.0,115.5,1.95,13.0,115.5,108.11,85.85
2016,4,9,8,30,0.0,119.0,1.9,13.0,119.0,111.41,88.31
2016,4,9,8,45,2.5,153.5,1.9,13.5,155.5,146.06,116.45
2016,4,9,9,0,5.0,188.0,1.9,14.0,192.0,181.27,144.48
2016,4,9,9,15,6.0,197.5,1.85,14.0,202.0,191.45,152.22
2016,4,9,9,30,7.0,207.0,1.8,14.0,212.0,201.73,160.08
2016,4,9,9,45,11.0,229.5,1.8,14.0,237.5,227.28,180.18
2016,4,9,10,0,15.0,252.0,1.8,14.0,263.0,253.23,200.38
2016,4,9,10,15,13.5,251.0,1.75,14.0,261.5,251.41,198.44
2016,4,9,10,30,12.0,250.0,1.7,14.0,260.0,249.46,196.55
2016,4,9,10,45,6.0,162.5,1.7,14.5,167.5,158.91,124.24
2016,4,9,11,0,0.0,75.0,1.7,15.0,75.0,70.04,52.08
2016,4,9,11,15,1.0,116.0,1.65,15.0,117.0,109.8,84.52
2016,4,9,11,30,2.0,157.0,1.6,15.0,159.0,150.09,116.8
2016,4,9,11,45,4.0,169.0,1.6,15.0,173.0,163.7,127.6
2016,4,9,12,0,6.0,181.0,1.6,15.0,187.0,177.35,138.46
2016,4,9,12,15,12.5,244.5,1.55,15.0,256.0,245.86,192.42
2016,4,9,12,30,19.0,308.0,1.5,15.0,325.0,315.25,245.73
2016,4,9,12,45,44.0,353.5,1.5,15.0,391.5,398.91,309.57
2016,4,9,13,0,69.0,399.0,1.5,15.0,458.0,470.93,363.31
2016,4,9,13,15,47.5,358.5,1.55,15.0,399.0,405.97,314.46
2016,4,9,13,30,26.0,318.0,1.6,15.0,340.0,342.01,266.3
2016,4,9,13,45,75.5,349.5,1.65,15.0,409.5,419.82,327.64
2016,4,9,14,0,125.0,381.0,1.7,15.0,479.0,505.71,392.83
2016,4,9,14,15,68.5,308.0,1.7,15.0,361.5,365.48,286.47
2016,4,9,14,30,12.0,235.0,1.7,15.0,244.0,233.67,183.76
2016,4,9,14,45,11.0,225.5,1.75,15.0,233.5,223.11,176.25
2016,4,9,15,0,10.0,216.0,1.8,15.0,223.0,212.61,168.33
2016,4,9,15,15,5.0,156.5,1.8,15.0,160.0,150.85,119.02
2016,4,9,15,30,0.0,97.0,1.8,15.0,97.0,90.48,69.91
2016,4,9,15,45,2.5,131.5,1.85,15.0,132.5,124.87,98.65
2016,4,9,16,0,5.0,166.0,1.9,15.0,168.0,159.39,127.24
2016,4,9,16,15,2.5,99.0,1.85,14.5,100.0,93.69,73.43
2016,4,9,16,30,0.0,32.0,1.8,14.0,32.0,29.71,19.78
2016,4,9,16,45,0.0,27.5,1.8,14.0,27.5,25.52,16.28
2016,4,9,17,0,0.0,23.0,1.8,14.0,23.0,21.33,12.72
2016,4,9,17,15,0.0,18.5,1.7,13.5,18.5,17.15,9.15
2016,4,9,17,30,0.0,14.0,1.6,13.0,14.0,12.97,5.52
2016,4,9,17,45,0.0,10.0,1.55,13.0,10.0,9.26,2.24
2016,4,9,18,0,0.0,6.0,1.5,13.0,6.0,5.55,0.0
2016,4,9,18,15,0.0,3.0,1.4,13.0,3.0,2.77,0.0
2016,4,9,18,30,0.0,0.0,1.3,13.0,0.0,0.0,0.0
2016,4,9,18,45,0.0,0.0,1.25,13.0,0.0,0.0,0.0
2016,4,9,19,0,0.0,0.0,1.2,13.0,0.0,0.0,0.0
2016,4,9,19,15,0.0,0.0,1.15,13.0,0.0,0.0,0.0
2016,4,9,19,30,0.0,0.0,1.1,13.0,0.0,0.0,0.0
2016,4,9,19,45,0.0,0.0,1.05,13.0,0.0,0.0,0.0
2016,4,9,20,0,0.0,0.0,1.0,13.0,0.0,0.0,0.0
2016,4,9,20,15,0.0,0.0,0.95,12.5,0.0,0.0,0.0
2016,4,9,20,30,0.0,0.0,0.9,12.0,0.0,0.0,0.0
2016,4,9,20,45,0.0,0.0,0.9,12.0,0.0,0.0,0.0
2016,4,9,21,0,0.0,0.0,0.9,12.0,0.0,0.0,0.0
2016,4,9,21,15,0.0,0.0,0.95,12.0,0.0,0.0,0.0
2016,4,9,21,30,0.0,0.0,1.0,12.0,0.0,0.0,0.0
2016,4,9,21,45,0.0,0.0,1.05,12.0,0.0,0.0,0.0
2016,4,9,22,0,0.0,0.0,1.1,12.0,0.0,0.0,0.0
2016,4,9,22,15,0.0,0.0,1.15,12.0,0.0,0.0,0.0
2016,4,9,22,30,0.0,0.0,1.2,12.0,0.0,0.0,0.0
2016,4,9,22,45,0.0,0.0,1.25,12.0,0.0,0.0,0.0
2016,4,9,23,0,0.0,0.0,1.3,12.0,0.0,0.0,0.0
2016,4,9,23,15,0.0,0.0,1.3,12.0,0.0,0.0,0.0
2016,4,9,23,30,0.0,0.0,1.3,12.0,0.0,0.0,0.0
2016,4,9,23,45,0.0,0.0,1.35,12.0,0.0,0.0,0.0
2016,4,10,0,0,0.0,0.0,1.4,12.0,0.0,0.0,0.0
2016,4,10,0,15,0.0,0.0,1.5,12.0,0.0,0.0,0.0
2016,4,10,0,30,0.0,0.0,1.6,12.0,0.0,0.0,0.0
2016,4,10,0,45,0.0,0.0,1.7,12.0,0.0,0.0,0.0
2016,4,10,1,0,0.0,0.0,1.8,12.0,0.0,0.0,0.0
2016,4,10,1,15,0.0,0.0,1.9,12.0,0.0,0.0,0.0
2016,4,10,1,30,0.0,0.0,2.0,12.0,0.0,0.0,0.0
2016,4,10,1,45,0.0,0.0,2.1,12.0,0.0,0.0,0.0
2016,4,10,2,0,0.0,0.0,2.2,12.0,0.0,0.0,0.0
2016,4,10,2,15,0.0,0.0,2.25,12.0,0.0,0.0,0.0
2016,4,10,2,30,0.0,0.0,2.3,12.0,0.0,0.0,0.0
2016,4,10,2,45,0.0,0.0,2.35,12.0,0.0,0.0,0.0
2016,4,10,3,0,0.0,0.0,2.4,12.0,0.0,0.0,0.0
2016,4,10,3,15,0.0,0.0,2.45,12.0,0.0,0.0,0.0
2016,4,10,3,30,0.0,0.0,2.5,12.0,0.0,0.0,0.0
2016,4,10,3,45,0.0,0.0,2.55,12.0,0.0,0.0,0.0
2016,4,10,4,0,0.0,0.0,2.6,12.0,0.0,0.0,0.0
2016,4,10,4,15,0.0,0.0,2.6,12.0,0.0,0.0,0.0
2016,4,10,4,30,0.0,0.0,2.6,12.0,0.0,0.0,0.0
2016,4,10,4,45,0.0,0.0,2.65,12.0,0.0,0.0,0.0
2016,4,10,5,0,0.0,0.0,2.7,12.0,0.0,0.0,0.0
2016,4,10,5,15,0.0,0.0,2.75,12.0,0.0,0.0,0.0
2016,4,10,5,30,0.0,0.0,2.8,12.0,0.0,0.0,0.0
2016,4,10,5,45,0.0,1.0,2.9,12.0,1.0,0.95,0.0
2016,4,10,6,0,0.0,2.0,3.0,12.0,2.0,1.85,0.0
2016,4,10,6,15,0.0,5.0,3.1,12.0,5.0,4.62,0.0
2016,4,10,6,30,0.0,8.0,3.2,12.0,8.0,7.4,0.63
2016,4,10,6,45,0.0,12.0,3.3,12.5,12.0,11.11,3.9
2016,4,10,7,0,0.0,16.0,3.4,13.0,16.0,14.82,7.14
2016,4,10,7,15,0.0,20.0,3.45,13.0,20.0,18.54,10.37
2016,4,10,7,30,0.0,24.0,3.5,13.0,24.0,22.26,13.56
2016,4,10,7,45,0.0,22.5,3.6,13.0,22.5,20.88,12.32
2016,4,10,8,0,0.0,21.0,3.7,13.0,21.0,19.49,11.07
2016,4,10,8,15,0.0,29.5,3.7,13.0,29.5,27.4,17.78
2016,4,10,8,30,0.0,38.0,3.7,13.0,38.0,35.32,24.43
2016,4,10,8,45,0.0,68.0,3.75,13.0,68.0,63.31,47.95
2016,4,10,9,0,0.0,98.0,3.8,13.0,98.0,91.43,71.29
2016,4,10,9,15,0.0,119.0,3.85,13.0,119.0,111.38,87.62
2016,4,10,9,30,0.0,140.0,3.9,13.0,140.0,131.46,103.92
2016,4,10,9,45,3.5,173.5,3.95,13.0,176.0,166.56,132.5
2016,4,10,10,0,7.0,207.0,4.0,13.0,212.0,202.21,161.21
2016,4,10,10,15,6.5,198.5,4.05,13.0,203.5,193.75,154.08
2016,4,10,10,30,6.0,190.0,4.1,13.0,195.0,185.27,147.04
2016,4,10,10,45,11.0,235.5,4.2,13.5,244.5,234.54,186.32
2016,4,10,11,0,16.0,281.0,4.3,14.0,294.0,284.49,225.46
2016,4,10,11,15,11.5,236.0,4.35,14.0,245.5,236.04,186.75
2016,4,10,11,30,7.0,191.0,4.4,14.0,197.0,187.88,148.14
2016,4,10,11,45,3.5,167.0,4.5,14.0,170.5,161.26,126.61
2016,4,10,12,0,0.0,143.0,4.6,14.0,144.0,134.7,104.97
2016,4,10,12,15,4.0,173.0,4.6,14.0,177.0,167.59,131.79
2016,4,10,12,30,8.0,203.0,4.6,14.0,210.0,200.66,158.51
2016,4,10,12,45,10.5,234.0,4.7,14.0,243.0,233.33,184.72
2016,4,10,13,0,13.0,265.0,4.8,14.0,276.0,266.13,210.92
2016,4,10,13,15,12.0,253.0,4.8,14.0,263.0,253.08,200.61
2016,4,10,13,30,11.0,241.0,4.8,14.0,250.0,240.05,190.41
2016,4,10,13,45,10.5,234.0,4.8,14.0,242.5,232.41,184.52
2016,4,10,14,0,10.0,227.0,4.8,14.0,235.0,224.78,178.63
2016,4,10,14,15,9.0,220.0,4.75,13.5,227.0,216.72,172.7
2016,4,10,14,30,8.0,213.0,4.7,13.0,219.0,208.72,166.81
2016,4,10,14,45,22.5,242.5,4.7,13.0,258.0,248.84,200.05
2016,4,10,15,0,37.0,272.0,4.7,13.0,297.0,295.8,238.48
2016,4,10,15,15,28.0,244.5,4.65,13.0,262.5,259.46,209.39
2016,4,10,15,30,19.0,217.0,4.6,13.0,228.0,218.62,176.56
2016,4,10,15,45,98.5,220.0,4.55,13.0,271.5,274.51,224.13
2016,4,10,16,0,178.0,223.0,4.5,13.0,315.0,321.73,263.3
2016,4,10,16,15,229.5,194.0,4.4,12.5,299.5,312.59,256.25
2016,4,10,16,30,281.0,165.0,4.3,12.0,284.0,292.11,238.99
2016,4,10,16,45,248.5,149.5,4.2,12.0,244.0,246.2,199.7
2016,4,10,17,0,216.0,134.0,4.1,12.0,204.0,203.82,163.11
2016,4,10,17,15,280.5,108.0,3.95,12.0,182.5,181.04,139.92
2016,4,10,17,30,345.0,82.0,3.8,12.0,161.0,152.02,110.04
2016,4,10,17,45,264.5,66.0,3.65,12.0,117.0,101.37,68.52
2016,4,10,18,0,184.0,50.0,3.5,12.0,73.0,60.59,37.69
2016,4,10,18,15,99.0,29.5,3.4,11.5,41.0,26.94,12.27
2016,4,10,18,30,14.0,9.0,3.3,11.0,9.0,8.58,0.0
2016,4,10,18,45,7.0,4.5,3.2,11.0,4.5,0.0,0.0
2016,4,10,19,0,0.0,0.0,3.1,11.0,0.0,0.0,0.0
2016,4,10,19,15,0.0,0.0,3.05,11.0,0.0,0.0,0.0
2016,4,10,19,30,0.0,0.0,3.0,11.0,0.0,0.0,0.0
2016,4,10,19,45,0.0,0.0,2.95,11.0,0.0,0.0,0.0
2016,4,10,20,0,0.0,0.0,2.9,11.0,0.0,0.0,0.0
2016,4,10,20,15,0.0,0.0,2.85,11.0,0.0,0.0,0.0
2016,4,10,20,30,0.0,0.0,2.8,11.0,0.0,0.0,0.0
2016,4,10,20,45,0.0,0.0,2.75,11.0,0.0,0.0,0.0
2016,4,10,21,0,0.0,0.0,2.7,11.0,0.0,0.0,0.0
2016,4,10,21,15,0.0,0.0,2.65,11.0,0.0,0.0,0.0
2016,4,10,21,30,0.0,0.0,2.6,11.0,0.0,0.0,0.0
2016,4,10,21,45,0.0,0.0,2.6,11.0,0.0,0.0,0.0
2016,4,10,22,0,0.0,0.0,2.6,11.0,0.0,0.0,0.0
2016,4,10,22,15,0.0,0.0,2.55,11.0,0.0,0.0,0.0
2016,4,10,22,30,0.0,0.0,2.5,11.0,0.0,0.0,0.0
2016,4,10,22,45,0.0,0.0,2.5,11.0,0.0,0.0,0.0
2016,4,10,23,0,0.0,0.0,2.5,11.0,0.0,0.0,0.0
2016,4,10,23,15,0.0,0.0,2.5,11.0,0.0,0.0,0.0
2016,4,10,23,30,0.0,0.0,2.5,11.0,0.0,0.0,0.0
2016,4,10,23,45,0.0,0.0,2.5,11.0,0.0,0.0,0.0
2016,4,11,0,0,0.0,0.0,2.5,11.0,0.0,0.0,0.0
2016,4,11,0,15,0.0,0.0,2.45,11.0,0.0,0.0,0.0
2016,4,11,0,30,0.0,0.0,2.4,11.0,0.0,0.0,0.0
2016,4,11,0,45,0.0,0.0,2.35,11.0,0.0,0.0,0.0
2016,4,11,1,0,0.0,0.0,2.3,11.0,0.0,0.0,0.0
2016,4,11,1,15,0.0,0.0,2.25,11.0,0.0,0.0,0.0
2016,4,11,1,30,0.0,0.0,2.2,11.0,0.0,0.0,0.0
2016,4,11,1,45,0.0,0.0,2.2,11.0,0.0,0.0,0.0
2016,4,11,2,0,0.0,0.0,2.2,11.0,0.0,0.0,0.0
2016,4,11,2,15,0.0,0.0,2.15,11.0,0.0,0.0,0.0
2016,4,11,2,30,0.0,0.0,2.1,11.0,0.0,0.0,0.0
2016,4,11,2,45,0.0,0.0,2.05,11.0,0.0,0.0,0.0
2016,4,11,3,0,0.0,0.0,2.0,11.0,0.0,0.0,0.0
2016,4,11,3,15,0.0,0.0,1.9,11.0,0.0,0.0,0.0
2016,4,11,3,30,0.0,0.0,1.8,11.0,0.0,0.0,0.0
2016,4,11,3,45,0.0,0.0,1.75,11.0,0.0,0.0,0.0
2016,4,11,4,0,0.0,0.0,1.7,11.0,0.0,0.0,0.0
2016,4,11,4,15,0.0,0.0,1.6,11.0,0.0,0.0,0.0
2016,4,11,4,30,0.0,0.0,1.5,11.0,0.0,0.0,0.0
2016,4,11,4,45,0.0,0.0,1.4,11.0,0.0,0.0,0.0
2016,4,11,5,0,0.0,0.0,1.3,11.0,0.0,0.0,0.0
2016,4,11,5,15,0.0,0.0,1.2,11.0,0.0,0.0,0.0
2016,4,11,5,30,0.0,0.0,1.1,11.0,0.0,0.0,0.0
2016,4,11,5,45,43.5,11.0,1.05,11.0,13.5,10.48,0.0
2016,4,11,6,0,87.0,22.0,1.0,11.0,27.0,18.32,2.65
2016,4,11,6,15,195.5,39.0,1.05,11.0,65.5,46.15,26.12
2016,4,11,6,30,304.0,56.0,1.1,11.0,104.0,89.68,56.98
2016,4,11,6,45,385.0,67.5,1.15,11.5,152.0,136.7,94.36
2016,4,11,7,0,466.0,79.0,1.2,12.0,200.0,193.63,142.27
2016,4,11,7,15,272.0,111.0,1.3,12.0,185.5,193.05,151.12
2016,4,11,7,30,78.0,143.0,1.4,12.0,171.0,165.17,133.31
2016,4,11,7,45,60.5,160.5,1.5,12.5,184.5,179.81,145.74
2016,4,11,8,0,43.0,178.0,1.6,13.0,198.0,192.41,155.74
2016,4,11,8,15,34.0,191.0,1.65,13.0,208.0,203.13,164.13
2016,4,11,8,30,25.0,204.0,1.7,13.0,218.0,208.14,167.69
2016,4,11,8,45,12.5,162.0,1.8,13.5,169.0,160.59,128.24
2016,4,11,9,0,0.0,120.0,1.9,14.0,120.0,112.32,88.02
2016,4,11,9,15,0.0,125.5,1.9,14.0,125.5,117.57,92.17
2016,4,11,9,30,0.0,131.0,1.9,14.0,131.0,122.84,96.25
2016,4,11,9,45,5.5,183.0,1.95,14.0,187.0,177.35,140.37
2016,4,11,10,0,11.0,235.0,2.0,14.0,243.0,232.94,184.47
2016,4,11,10,15,110.5,313.0,2.05,14.0,401.5,419.13,331.84
2016,4,11,10,30,210.0,391.0,2.1,14.0,560.0,595.94,464.52
2016,4,11,10,45,107.0,280.5,2.15,14.5,366.5,389.23,306.44
2016,4,11,11,0,4.0,170.0,2.2,15.0,173.0,164.37,127.95
2016,4,11,11,15,83.5,302.0,2.2,15.0,374.0,393.86,310.19
2016,4,11,11,30,163.0,434.0,2.2,15.0,575.0,613.76,473.07
2016,4,11,11,45,314.0,393.5,2.25,15.0,667.0,736.07,563.93
2016,4,11,12,0,465.0,353.0,2.3,15.0,759.0,858.08,652.48
2016,4,11,12,15,263.5,378.5,2.3,15.0,608.5,671.42,515.17
2016,4,11,12,30,62.0,404.0,2.3,15.0,458.0,470.14,362.95
2016,4,11,12,45,62.5,397.0,2.35,15.0,451.0,462.61,358.81
2016,4,11,13,0,63.0,390.0,2.4,15.0,444.0,454.77,353.35
2016,4,11,13,15,65.5,387.0,2.4,15.0,442.0,452.78,352.23
2016,4,11,13,30,68.0,384.0,2.4,15.0,440.0,450.42,350.85
2016,4,11,13,45,69.0,373.0,2.4,15.0,429.0,437.84,341.84
2016,4,11,14,0,70.0,362.0,2.4,15.0,418.0,424.98,332.68
2016,4,11,14,15,164.0,352.5,2.35,15.0,475.5,503.87,395.49
2016,4,11,14,30,258.0,343.0,2.3,15.0,533.0,574.81,450.47
2016,4,11,14,45,521.0,236.5,2.3,15.0,595.0,670.94,528.22
2016,4,11,15,0,784.0,130.0,2.3,15.0,657.0,737.2,581.2
2016,4,11,15,15,766.5,126.5,2.25,15.0,614.0,685.26,542.84
2016,4,11,15,30,749.0,123.0,2.2,15.0,571.0,633.93,504.42
2016,4,11,15,45,727.0,118.0,2.2,15.0,524.0,576.37,460.64
2016,4,11,16,0,705.0,113.0,2.2,15.0,477.0,519.24,415.93
2016,4,11,16,15,674.0,107.5,2.2,14.5,426.5,457.79,367.18
2016,4,11,16,30,643.0,102.0,2.2,14.0,376.0,398.39,318.4
2016,4,11,16,45,607.0,94.0,2.2,14.0,325.0,336.94,265.95
2016,4,11,17,0,571.0,86.0,2.2,14.0,274.0,278.83,214.98
2016,4,11,17,15,511.0,77.0,2.2,13.5,223.5,216.97,161.22
2016,4,11,17,30,451.0,68.0,2.2,13.0,173.0,162.02,113.53
2016,4,11,17,45,370.0,55.5,2.2,13.0,127.0,106.6,67.97
2016,4,11,18,0,289.0,43.0,2.2,13.0,81.0,62.85,35.49
2016,4,11,18,15,168.0,27.0,2.3,12.5,47.0,25.36,10.83
2016,4,11,18,30,47.0,11.0,2.4,12.0,13.0,10.48,0.0
2016,4,11,18,45,23.5,5.5,2.5,12.0,6.5,0.0,0.0
2016,4,11,19,0,0.0,0.0,2.6,12.0,0.0,0.0,0.0
2016,4,11,19,15,0.0,0.0,2.65,11.5,0.0,0.0,0.0
2016,4,11,19,30,0.0,0.0,2.7,11.0,0.0,0.0,0.0
2016,4,11,19,45,0.0,0.0,2.75,11.0,0.0,0.0,0.0
2016,4,11,20,0,0.0,0.0,2.8,11.0,0.0,0.0,0.0
2016,4,11,20,15,0.0,0.0,2.8,11.0,0.0,0.0,0.0
2016,4,11,20,30,0.0,0.0,2.8,11.0,0.0,0.0,0.0
2016,4,11,20,45,0.0,0.0,2.8,11.0,0.0,0.0,0.0
2016,4,11,21,0,0.0,0.0,2.8,11.0,0.0,0.0,0.0
2016,4,11,21,15,0.0,0.0,2.75,11.0,0.0,0.0,0.0
2016,4,11,21,30,0.0,0.0,2.7,11.0,0.0,0.0,0.0
2016,4,11,21,45,0.0,0.0,2.7,11.0,0.0,0.0,0.0
2016,4,11,22,0,0.0,0.0,2.7,11.0,0.0,0.0,0.0
2016,4,11,22,15,0.0,0.0,2.7,11.0,0.0,0.0,0.0
2016,4,11,22,30,0.0,0.0,2.7,11.0,0.0,0.0,0.0
2016,4,11,22,45,0.0,0.0,2.7,11.0,0.0,0.0,0.0
2016,4,11,23,0,0.0,0.0,2.7,11.0,0.0,0.0,0.0
2016,4,11,23,15,0.0,0.0,2.7,11.0,0.0,0.0,0.0
2016,4,11,23,30,0.0,0.0,2.7,11.0,0.0,0.0,0.0
2016,4,11,23,45,0.0,0.0,2.75,11.0,0.0,0.0,0.0
2016,4,12,0,0,0.0,0.0,2.8,11.0,0.0,0.0,0.0
2016,4,12,0,15,0.0,0.0,2.85,11.0,0.0,0.0,0.0
2016,4,12,0,30,0.0,0.0,2.9,11.0,0.0,0.0,0.0
2016,4,12,0,45,0.0,0.0,2.95,11.0,0.0,0.0,0.0
2016,4,12,1,0,0.0,0.0,3.0,11.0,0.0,0.0,0.0
2016,4,12,1,15,0.0,0.0,3.0,11.0,0.0,0.0,0.0
2016,4,12,1,30,0.0,0.0,3.0,11.0,0.0,0.0,0.0
2016,4,12,1,45,0.0,0.0,3.05,11.0,0.0,0.0,0.0
2016,4,12,2,0,0.0,0.0,3.1,11.0,0.0,0.0,0.0
2016,4,12,2,15,0.0,0.0,3.05,11.0,0.0,0.0,0.0
2016,4,12,2,30,0.0,0.0,3.0,11.0,0.0,0.0,0.0
2016,4,12,2,45,0.0,0.0,2.95,11.0,0.0,0.0,0.0
2016,4,12,3,0,0.0,0.0,2.9,11.0,0.0,0.0,0.0
2016,4,12,3,15,0.0,0.0,2.9,11.0,0.0,0.0,0.0
2016,4,12,3,30,0.0,0.0,2.9,11.0,0.0,0.0,0.0
2016,4,12,3,45,0.0,0.0,2.95,11.0,0.0,0.0,0.0
2016,4,12,4,0,0.0,0.0,3.0,11.0,0.0,0.0,0.0
2016,4,12,4,15,0.0,0.0,3.05,11.0,0.0,0.0,0.0
2016,4,12,4,30,0.0,0.0,3.1,11.0,0.0,0.0,0.0
2016,4,12,4,45,0.0,0.0,3.2,11.0,0.0,0.0,0.0
2016,4,12,5,0,0.0,0.0,3.3,11.0,0.0,0.0,0.0
2016,4,12,5,15,0.0,0.0,3.45,11.0,0.0,0.0,0.0
2016,4,12,5,30,0.0,0.0,3.6,11.0,0.0,0.0,0.0
2016,4,12,5,45,46.5,11.5,3.75,11.0,14.0,10.96,0.0
2016,4,12,6,0,93.0,23.0,3.9,11.0,28.0,19.14,5.18
2016,4,12,6,15,194.5,40.0,3.95,11.0,66.5,47.43,27.2
2016,4,12,6,30,296.0,57.0,4.0,11.0,105.0,90.26,57.93
2016,4,12,6,45,374.5,69.0,4.1,11.5,153.0,136.95,95.49
2016,4,12,7,0,453.0,81.0,4.2,12.0,201.0,193.24,143.5
2016,4,12,7,15,226.5,75.0,4.2,12.0,135.0,146.99,114.69
2016,4,12,7,30,0.0,69.0,4.2,12.0,69.0,64.2,49.61
2016,4,12,7,45,0.0,106.5,4.25,12.0,107.0,99.53,79.58
2016,4,12,8,0,0.0,144.0,4.3,12.0,145.0,135.27,109.38
2016,4,12,8,15,0.0,102.5,4.35,12.0,103.0,95.7,75.77
2016,4,12,8,30,0.0,61.0,4.4,12.0,61.0,56.77,42.7
2016,4,12,8,45,0.0,106.5,4.45,12.5,106.5,99.47,78.35
2016,4,12,9,0,0.0,152.0,4.5,13.0,152.0,142.89,113.9
2016,4,12,9,15,77.5,240.0,4.55,13.0,294.0,292.03,237.08
2016,4,12,9,30,155.0,328.0,4.6,13.0,436.0,454.61,366.53
2016,4,12,9,45,99.0,323.5,4.65,13.5,394.0,402.11,322.43
2016,4,12,10,0,43.0,319.0,4.7,14.0,352.0,353.43,281.59
2016,4,12,10,15,142.5,353.5,4.8,14.0,468.0,489.58,390.49
2016,4,12,10,30,242.0,388.0,4.9,14.0,584.0,621.85,493.11
2016,4,12,10,45,129.5,339.5,5.0,14.0,445.0,471.92,375.45
2016,4,12,11,0,17.0,291.0,5.1,14.0,306.0,295.19,233.86
2016,4,12,11,15,101.5,363.0,5.1,14.0,451.0,475.39,377.57
2016,4,12,11,30,186.0,435.0,5.1,14.0,596.0,637.25,501.66
2016,4,12,11,45,323.5,395.0,5.2,14.0,678.0,746.85,587.38
2016,4,12,12,0,461.0,355.0,5.3,14.0,760.0,855.86,671.19
2016,4,12,12,15,445.5,360.5,5.3,14.0,751.5,846.27,663.12
2016,4,12,12,30,430.0,366.0,5.3,14.0,743.0,834.5,654.18
2016,4,12,12,45,622.5,269.5,5.35,14.5,809.0,924.88,725.41
2016,4,12,13,0,815.0,173.0,5.4,15.0,875.0,1000.07,779.36
2016,4,12,13,15,677.5,238.0,5.45,15.0,814.0,927.29,727.66
2016,4,12,13,30,540.0,303.0,5.5,15.0,753.0,846.4,665.97
2016,4,12,13,45,481.5,313.5,5.6,15.0,706.0,788.77,623.48
2016,4,12,14,0,423.0,324.0,5.7,15.0,659.0,731.85,580.78
2016,4,12,14,15,600.5,241.5,5.75,14.5,696.0,788.93,630.91
2016,4,12,14,30,778.0,159.0,5.8,14.0,733.0,829.45,665.93
2016,4,12,14,45,643.5,194.5,5.9,14.0,653.0,728.41,589.21
2016,4,12,15,0,509.0,230.0,6.0,14.0,573.0,631.37,512.79
2016,4,12,15,15,467.5,227.5,6.0,14.0,527.0,574.77,468.53
2016,4,12,15,30,426.0,225.0,6.0,14.0,481.0,520.46,425.31
2016,4,12,15,45,440.5,201.0,6.05,14.0,447.0,481.78,394.97
2016,4,12,16,0,455.0,177.0,6.1,14.0,413.0,440.65,361.73
2016,4,12,16,15,463.5,155.0,6.0,13.5,374.0,396.06,325.04
2016,4,12,16,30,472.0,133.0,5.9,13.0,335.0,349.74,285.67
2016,4,12,16,45,411.0,129.5,5.8,13.0,289.0,292.96,236.45
2016,4,12,17,0,350.0,126.0,5.7,13.0,243.0,239.69,190.06
2016,4,12,17,15,305.5,108.5,5.55,12.5,198.0,187.88,144.96
2016,4,12,17,30,261.0,91.0,5.4,12.0,153.0,141.36,104.65
2016,4,12,17,45,201.5,71.5,5.25,12.0,112.0,96.31,67.23
2016,4,12,18,0,142.0,52.0,5.1,12.0,71.0,58.86,38.03
2016,4,12,18,15,71.0,31.5,5.0,11.5,41.0,28.17,14.47
2016,4,12,18,30,0.0,11.0,4.9,11.0,11.0,10.48,0.0
2016,4,12,18,45,0.0,5.5,4.8,11.0,5.5,0.0,0.0
2016,4,12,19,0,0.0,0.0,4.7,11.0,0.0,0.0,0.0
2016,4,12,19,15,0.0,0.0,4.65,11.0,0.0,0.0,0.0
2016,4,12,19,30,0.0,0.0,4.6,11.0,0.0,0.0,0.0
2016,4,12,19,45,0.0,0.0,4.55,11.0,0.0,0.0,0.0
2016,4,12,20,0,0.0,0.0,4.5,11.0,0.0,0.0,0.0
2016,4,12,20,15,0.0,0.0,4.35,11.0,0.0,0.0,0.0
2016,4,12,20,30,0.0,0.0,4.2,11.0,0.0,0.0,0.0
2016,4,12,20,45,0.0,0.0,4.1,11.0,0.0,0.0,0.0
2016,4,12,21,0,0.0,0.0,4.0,11.0,0.0,0.0,0.0
2016,4,12,21,15,0.0,0.0,3.9,11.0,0.0,0.0,0.0
2016,4,12,21,30,0.0,0.0,3.8,11.0,0.0,0.0,0.0
2016,4,12,21,45,0.0,0.0,3.75,11.0,0.0,0.0,0.0
2016,4,12,22,0,0.0,0.0,3.7,11.0,0.0,0.0,0.0
2016,4,12,22,15,0.0,0.0,3.65,11.0,0.0,0.0,0.0
2016,4,12,22,30,0.0,0.0,3.6,11.0,0.0,0.0,0.0
2016,4,12,22,45,0.0,0.0,3.6,11.0,0.0,0.0,0.0
2016,4,12,23,0,0.0,0.0,3.6,11.0,0.0,0.0,0.0
2016,4,12,23,15,0.0,0.0,3.55,11.0,0.0,0.0,0.0
2016,4,12,23,30,0.0,0.0,3.5,11.0,0.0,0.0,0.0
2016,4,12,23,45,0.0,0.0,3.5,11.0,0.0,0.0,0.0
2016,4,13,0,0,0.0,0.0,3.5,11.0,0.0,0.0,0.0
2016,4,13,0,15,0.0,0.0,3.5,10.5,0.0,0.0,0.0
2016,4,13,0,30,0.0,0.0,3.5,10.0,0.0,0.0,0.0
2016,4,13,0,45,0.0,0.0,3.5,10.0,0.0,0.0,0.0
2016,4,13,1,0,0.0,0.0,3.5,10.0,0.0,0.0,0.0
2016,4,13,1,15,0.0,0.0,3.45,10.0,0.0,0.0,0.0
2016,4,13,1,30,0.0,0.0,3.4,10.0,0.0,0.0,0.0
2016,4,13,1,45,0.0,0.0,3.35,10.0,0.0,0.0,0.0
2016,4,13,2,0,0.0,0.0,3.3,10.0,0.0,0.0,0.0
2016,4,13,2,15,0.0,0.0,3.2,10.0,0.0,0.0,0.0
2016,4,13,2,30,0.0,0.0,3.1,10.0,0.0,0.0,0.0
2016,4,13,2,45,0.0,0.0,3.05,10.0,0.0,0.0,0.0
2016,4,13,3,0,0.0,0.0,3.0,10.0,0.0,0.0,0.0
2016,4,13,3,15,0.0,0.0,2.95,10.0,0.0,0.0,0.0
2016,4,13,3,30,0.0,0.0,2.9,10.0,0.0,0.0,0.0
2016,4,13,3,45,0.0,0.0,2.9,10.0,0.0,0.0,0.0
2016,4,13,4,0,0.0,0.0,2.9,10.0,0.0,0.0,0.0
2016,4,13,4,15,0.0,0.0,2.9,10.0,0.0,0.0,0.0
2016,4,13,4,30,0.0,0.0,2.9,10.0,0.0,0.0,0.0
2016,4,13,4,45,0.0,0.0,2.9,10.0,0.0,0.0,0.0
2016,4,13,5,0,0.0,0.0,2.9,10.0,0.0,0.0,0.0
2016,4,13,5,15,0.0,0.0,2.95,10.0,0.0,0.0,0.0
2016,4,13,5,30,0.0,0.0,3.0,10.0,0.0,0.0,0.0
2016,4,13,5,45,0.0,9.5,3.05,10.5,9.5,9.05,0.0
2016,4,13,6,0,0.0,19.0,3.1,11.0,19.0,17.64,5.77
2016,4,13,6,15,17.5,39.5,3.25,11.0,42.5,37.21,24.67
2016,4,13,6,30,35.0,60.0,3.4,11.0,66.0,59.78,43.74
2016,4,13,6,45,53.5,83.0,3.55,11.5,95.5,87.39,67.07
2016,4,13,7,0,72.0,106.0,3.7,12.0,125.0,117.63,92.77
2016,4,13,7,15,88.5,127.0,3.7,12.0,156.0,150.01,120.49
2016,4,13,7,30,105.0,148.0,3.7,12.0,187.0,182.89,148.48
2016,4,13,7,45,398.0,127.5,3.7,12.5,306.0,303.5,246.77
2016,4,13,8,0,691.0,107.0,3.7,13.0,425.0,453.2,368.51
2016,4,13,8,15,522.5,161.0,3.65,13.0,417.0,453.01,369.27
2016,4,13,8,30,354.0,215.0,3.6,13.0,409.0,430.5,350.66
2016,4,13,8,45,364.5,234.0,3.55,13.5,448.5,475.98,385.96
2016,4,13,9,0,375.0,253.0,3.5,14.0,488.0,521.66,420.26
2016,4,13,9,15,353.0,278.5,3.4,14.0,511.5,550.04,440.6
2016,4,13,9,30,331.0,304.0,3.3,14.0,535.0,575.58,458.39
2016,4,13,9,45,600.5,213.5,3.2,14.5,659.0,730.7,578.62
2016,4,13,10,0,870.0,123.0,3.1,15.0,783.0,886.9,689.29
2016,4,13,10,15,877.5,125.0,3.1,15.0,812.5,918.01,708.66
2016,4,13,10,30,885.0,127.0,3.1,15.0,842.0,952.19,731.14
2016,4,13,10,45,890.0,128.5,3.1,15.0,864.0,980.53,749.49
2016,4,13,11,0,895.0,130.0,3.1,15.0,886.0,1005.62,765.64
2016,4,13,11,15,898.0,131.0,3.05,15.0,900.5,1024.86,777.43
2016,4,13,11,30,901.0,132.0,3.0,15.0,915.0,1040.54,786.91
2016,4,13,11,45,899.5,134.0,3.0,15.5,921.0,1049.13,790.74
2016,4,13,12,0,898.0,136.0,3.0,16.0,927.0,1053.98,792.25
2016,4,13,12,15,897.5,136.0,3.0,16.0,925.5,1054.03,792.21
2016,4,13,12,30,897.0,136.0,3.0,16.0,924.0,1050.36,789.88
2016,4,13,12,45,689.0,238.0,3.05,16.0,839.5,958.72,728.72
2016,4,13,13,0,481.0,340.0,3.1,16.0,755.0,847.78,647.59
2016,4,13,13,15,487.0,327.5,3.15,16.0,741.0,831.97,638.47
2016,4,13,13,30,493.0,315.0,3.2,16.0,727.0,813.78,626.86
2016,4,13,13,45,444.5,327.5,3.3,16.0,690.5,768.37,594.33
2016,4,13,14,0,396.0,340.0,3.4,16.0,654.0,714.44,555.58
2016,4,13,14,15,451.5,301.5,3.4,15.5,646.0,718.06,561.88
2016,4,13,14,30,507.0,263.0,3.4,15.0,638.0,707.37,557.45
2016,4,13,14,45,651.0,200.0,3.45,15.0,656.5,739.51,585.33
2016,4,13,15,0,795.0,137.0,3.5,15.0,675.0,752.05,597.64
2016,4,13,15,15,777.5,133.5,3.55,14.5,631.5,701.31,561.41
2016,4,13,15,30,760.0,130.0,3.6,14.0,588.0,647.87,522.08
2016,4,13,15,45,734.0,126.5,3.65,14.0,539.5,588.84,476.3
2016,4,13,16,0,708.0,123.0,3.7,14.0,491.0,530.59,429.86
2016,4,13,16,15,677.0,117.0,3.75,13.5,440.5,468.4,379.75
2016,4,13,16,30,646.0,111.0,3.8,13.0,390.0,408.28,329.64
2016,4,13,16,45,599.5,104.5,3.9,13.0,337.0,344.01,274.35
2016,4,13,17,0,553.0,98.0,4.0,13.0,284.0,284.3,221.74
2016,4,13,17,15,492.5,88.0,3.9,12.5,232.0,220.45,165.93
2016,4,13,17,30,432.0,78.0,3.8,12.0,180.0,165.78,118.22
2016,4,13,17,45,333.5,65.0,3.75,11.5,132.0,110.03,73.06
2016,4,13,18,0,235.0,52.0,3.7,11.0,84.0,66.48,41.02
2016,4,13,18,15,131.5,32.5,3.6,10.5,49.0,30.14,15.7
2016,4,13,18,30,28.0,13.0,3.5,10.0,14.0,12.39,0.0
2016,4,13,18,45,14.0,6.5,3.45,10.0,7.0,0.0,0.0
2016,4,13,19,0,0.0,0.0,3.4,10.0,0.0,0.0,0.0
2016,4,13,19,15,0.0,0.0,3.4,10.0,0.0,0.0,0.0
2016,4,13,19,30,0.0,0.0,3.4,10.0,0.0,0.0,0.0
2016,4,13,19,45,0.0,0.0,3.4,10.0,0.0,0.0,0.0
2016,4,13,20,0,0.0,0.0,3.4,10.0,0.0,0.0,0.0
2016,4,13,20,15,0.0,0.0,3.4,10.0,0.0,0.0,0.0
2016,4,13,20,30,0.0,0.0,3.4,10.0,0.0,0.0,0.0
2016,4,13,20,45,0.0,0.0,3.45,10.0,0.0,0.0,0.0
2016,4,13,21,0,0.0,0.0,3.5,10.0,0.0,0.0,0.0
2016,4,13,21,15,0.0,0.0,3.55,10.0,0.0,0.0,0.0
2016,4,13,21,30,0.0,0.0,3.6,10.0,0.0,0.0,0.0
2016,4,13,21,45,0.0,0.0,3.7,10.0,0.0,0.0,0.0
2016,4,13,22,0,0.0,0.0,3.8,10.0,0.0,0.0,0.0
2016,4,13,22,15,0.0,0.0,3.85,10.0,0.0,0.0,0.0
2016,4,13,22,30,0.0,0.0,3.9,10.0,0.0,0.0,0.0
2016,4,13,22,45,0.0,0.0,3.95,10.5,0.0,0.0,0.0
2016,4,13,23,0,0.0,0.0,4.0,11.0,0.0,0.0,0.0
2016,4,13,23,15,0.0,0.0,4.05,11.0,0.0,0.0,0.0
2016,4,13,23,30,0.0,0.0,4.1,11.0,0.0,0.0,0.0
2016,4,13,23,45,0.0,0.0,4.2,11.0,0.0,0.0,0.0
2016,4,14,0,0,0.0,0.0,4.3,11.0,0.0,0.0,0.0
2016,4,14,0,15,0.0,0.0,4.3,11.0,0.0,0.0,0.0
2016,4,14,0,30,0.0,0.0,4.3,11.0,0.0,0.0,0.0
2016,4,14,0,45,0.0,0.0,4.3,11.0,0.0,0.0,0.0
2016,4,14,1,0,0.0,0.0,4.3,11.0,0.0,0.0,0.0
2016,4,14,1,15,0.0,0.0,4.25,11.0,0.0,0.0,0.0
2016,4,14,1,30,0.0,0.0,4.2,11.0,0.0,0.0,0.0
2016,4,14,1,45,0.0,0.0,4.2,11.0,0.0,0.0,0.0
2016,4,14,2,0,0.0,0.0,4.2,11.0,0.0,0.0,0.0
2016,4,14,2,15,0.0,0.0,4.1,11.0,0.0,0.0,0.0
2016,4,14,2,30,0.0,0.0,4.0,11.0,0.0,0.0,0.0
2016,4,14,2,45,0.0,0.0,3.95,11.0,0.0,0.0,0.0
2016,4,14,3,0,0.0,0.0,3.9,11.0,0.0,0.0,0.0
2016,4,14,3,15,0.0,0.0,3.85,10.5,0.0,0.0,0.0
2016,4,14,3,30,0.0,0.0,3.8,10.0,0.0,0.0,0.0
2016,4,14,3,45,0.0,0.0,3.8,10.0,0.0,0.0,0.0
2016,4,14,4,0,0.0,0.0,3.8,10.0,0.0,0.0,0.0
2016,4,14,4,15,0.0,0.0,3.8,9.5,0.0,0.0,0.0
2016,4,14,4,30,0.0,0.0,3.8,9.0,0.0,0.0,0.0
2016,4,14,4,45,0.0,0.0,3.8,9.0,0.0,0.0,0.0
2016,4,14,5,0,0.0,0.0,3.8,9.0,0.0,0.0,0.0
2016,4,14,5,15,0.0,0.0,3.85,9.0,0.0,0.0,0.0
2016,4,14,5,30,0.0,0.0,3.9,9.0,0.0,0.0,0.0
2016,4,14,5,45,60.0,14.5,4.0,9.5,18.5,13.82,0.0
2016,4,14,6,0,120.0,29.0,4.1,10.0,37.0,24.08,11.38
2016,4,14,6,15,237.5,44.5,4.2,10.0,79.0,55.07,32.24
2016,4,14,6,30,355.0,60.0,4.3,10.0,121.0,101.73,65.39
2016,4,14,6,45,430.5,72.0,4.45,10.5,171.5,151.85,106.45
2016,4,14,7,0,506.0,84.0,4.6,11.0,222.0,213.0,159.29
2016,4,14,7,15,426.5,107.0,4.6,11.0,240.0,241.52,190.04
2016,4,14,7,30,347.0,130.0,4.6,11.0,258.0,261.99,211.99
2016,4,14,7,45,491.0,118.0,4.6,11.5,329.5,334.75,273.31
2016,4,14,8,0,635.0,106.0,4.6,12.0,401.0,425.87,349.44
2016,4,14,8,15,630.5,122.0,4.6,12.0,442.5,476.48,392.16
2016,4,14,8,30,626.0,138.0,4.6,12.0,484.0,525.29,432.22
2016,4,14,8,45,639.5,149.0,4.6,12.5,528.5,578.74,474.14
2016,4,14,9,0,653.0,160.0,4.6,13.0,573.0,631.88,514.61
2016,4,14,9,15,726.0,153.5,4.65,13.0,640.5,710.43,575.74
2016,4,14,9,30,799.0,147.0,4.7,13.0,708.0,790.27,635.44
2016,4,14,9,45,825.0,142.5,4.8,13.5,747.0,839.26,669.33
2016,4,14,10,0,851.0,138.0,4.9,14.0,786.0,887.16,702.22
2016,4,14,10,15,859.0,140.0,4.95,14.0,815.5,924.51,728.21
2016,4,14,10,30,867.0,142.0,5.0,14.0,845.0,959.12,752.22
2016,4,14,10,45,859.5,151.5,5.1,14.0,864.0,984.14,769.75
2016,4,14,11,0,852.0,161.0,5.2,14.0,883.0,1005.36,784.73
2016,4,14,11,15,855.5,162.0,5.3,14.0,897.5,1024.72,798.51
2016,4,14,11,30,859.0,163.0,5.4,14.0,912.0,1040.62,809.97
2016,4,14,11,45,844.0,174.0,5.5,14.5,914.5,1044.89,811.8
2016,4,14,12,0,829.0,185.0,5.6,15.0,917.0,1045.24,811.06
2016,4,14,12,15,829.0,184.5,5.7,15.0,915.5,1045.2,811.76
2016,4,14,12,30,829.0,184.0,5.8,15.0,914.0,1041.59,810.06
2016,4,14,12,45,857.0,164.0,5.95,15.0,912.0,1042.1,811.78
2016,4,14,13,0,885.0,144.0,6.1,15.0,910.0,1029.17,803.99
2016,4,14,13,15,698.5,229.5,6.2,15.0,827.0,938.21,739.61
2016,4,14,13,30,512.0,315.0,6.3,15.0,744.0,831.36,657.55
2016,4,14,13,45,519.5,300.5,6.4,15.0,725.0,809.69,643.28
2016,4,14,14,0,527.0,286.0,6.5,15.0,706.0,785.55,626.66
2016,4,14,14,15,676.0,215.5,6.55,14.5,732.0,827.5,664.47
2016,4,14,14,30,825.0,145.0,6.6,14.0,758.0,850.18,684.55
2016,4,14,14,45,812.5,141.5,6.7,14.0,719.5,804.2,651.34
2016,4,14,15,0,800.0,138.0,6.8,14.0,681.0,756.5,616.72
2016,4,14,15,15,782.0,134.0,6.85,14.0,637.0,704.66,577.1
2016,4,14,15,30,764.0,130.0,6.9,14.0,593.0,650.17,534.13
2016,4,14,15,45,750.5,122.0,7.0,14.0,546.5,593.93,489.03
2016,4,14,16,0,737.0,114.0,7.1,14.0,500.0,537.25,442.36
2016,4,14,16,15,706.0,109.0,7.1,13.5,448.5,474.63,390.14
2016,4,14,16,30,675.0,104.0,7.1,13.0,397.0,414.0,338.09
2016,4,14,16,45,635.5,97.0,7.1,13.0,344.0,350.4,281.79
2016,4,14,17,0,596.0,90.0,7.1,13.0,291.0,290.5,227.64
2016,4,14,17,15,536.0,81.5,7.0,12.5,239.0,227.66,171.57
2016,4,14,17,30,476.0,73.0,6.9,12.0,187.0,171.69,121.95
2016,4,14,17,45,388.0,61.0,6.8,12.0,138.5,114.1,74.14
2016,4,14,18,0,300.0,49.0,6.7,12.0,90.0,69.02,40.55
2016,4,14,18,15,176.5,32.0,6.55,11.5,53.5,29.79,15.09
2016,4,14,18,30,53.0,15.0,6.4,11.0,17.0,14.3,0.0
2016,4,14,18,45,26.5,7.5,6.3,11.0,8.5,7.15,0.0
2016,4,14,19,0,0.0,0.0,6.2,11.0,0.0,0.0,0.0
2016,4,14,19,15,0.0,0.0,6.15,10.5,0.0,0.0,0.0
2016,4,14,19,30,0.0,0.0,6.1,10.0,0.0,0.0,0.0
2016,4,14,19,45,0.0,0.0,6.1,10.0,0.0,0.0,0.0
2016,4,14,20,0,0.0,0.0,6.1,10.0,0.0,0.0,0.0
2016,4,14,20,15,0.0,0.0,6.05,10.0,0.0,0.0,0.0
2016,4,14,20,30,0.0,0.0,6.0,10.0,0.0,0.0,0.0
2016,4,14,20,45,0.0,0.0,5.95,10.0,0.0,0.0,0.0
2016,4,14,21,0,0.0,0.0,5.9,10.0,0.0,0.0,0.0
2016,4,14,21,15,0.0,0.0,5.85,10.0,0.0,0.0,0.0
2016,4,14,21,30,0.0,0.0,5.8,10.0,0.0,0.0,0.0
2016,4,14,21,45,0.0,0.0,5.8,10.0,0.0,0.0,0.0
2016,4,14,22,0,0.0,0.0,5.8,10.0,0.0,0.0,0.0
2016,4,14,22,15,0.0,0.0,5.85,9.5,0.0,0.0,0.0
2016,4,14,22,30,0.0,0.0,5.9,9.0,0.0,0.0,0.0
2016,4,14,22,45,0.0,0.0,6.0,9.0,0.0,0.0,0.0
2016,4,14,23,0,0.0,0.0,6.1,9.0,0.0,0.0,0.0
2016,4,14,23,15,0.0,0.0,6.1,9.0,0.0,0.0,0.0
2016,4,14,23,30,0.0,0.0,6.1,9.0,0.0,0.0,0.0
2016,4,14,23,45,0.0,0.0,6.15,9.0,0.0,0.0,0.0
2016,4,15,0,0,0.0,0.0,6.2,9.0,0.0,0.0,0.0
2016,4,15,0,15,0.0,0.0,6.15,9.0,0.0,0.0,0.0
2016,4,15,0,30,0.0,0.0,6.1,9.0,0.0,0.0,0.0
2016,4,15,0,45,0.0,0.0,6.1,9.0,0.0,0.0,0.0
2016,4,15,1,0,0.0,0.0,6.1,9.0,0.0,0.0,0.0
2016,4,15,1,15,0.0,0.0,6.0,8.5,0.0,0.0,0.0
2016,4,15,1,30,0.0,0.0,5.9,8.0,0.0,0.0,0.0
2016,4,15,1,45,0.0,0.0,5.8,8.0,0.0,0.0,0.0
2016,4,15,2,0,0.0,0.0,5.7,8.0,0.0,0.0,0.0
2016,4,15,2,15,0.0,0.0,5.55,8.0,0.0,0.0,0.0
2016,4,15,2,30,0.0,0.0,5.4,8.0,0.0,0.0,0.0
2016,4,15,2,45,0.0,0.0,5.3,8.0,0.0,0.0,0.0
2016,4,15,3,0,0.0,0.0,5.2,8.0,0.0,0.0,0.0
2016,4,15,3,15,0.0,0.0,5.1,8.0,0.0,0.0,0.0
2016,4,15,3,30,0.0,0.0,5.0,8.0,0.0,0.0,0.0
2016,4,15,3,45,0.0,0.0,4.9,8.0,0.0,0.0,0.0
2016,4,15,4,0,0.0,0.0,4.8,8.0,0.0,0.0,0.0
2016,4,15,4,15,0.0,0.0,4.7,8.0,0.0,0.0,0.0
2016,4,15,4,30,0.0,0.0,4.6,8.0,0.0,0.0,0.0
2016,4,15,4,45,0.0,0.0,4.55,8.0,0.0,0.0,0.0
2016,4,15,5,0,0.0,0.0,4.5,8.0,0.0,0.0,0.0
2016,4,15,5,15,0.0,0.0,4.45,8.0,0.0,0.0,0.0
2016,4,15,5,30,0.0,0.0,4.4,8.0,0.0,0.0,0.0
2016,4,15,5,45,112.0,13.5,4.4,8.5,21.5,12.87,0.0
2016,4,15,6,0,224.0,27.0,4.4,9.0,43.0,22.9,11.58
2016,4,15,6,15,343.5,39.0,4.45,9.5,87.5,58.61,31.54
2016,4,15,6,30,463.0,51.0,4.5,10.0,132.0,109.25,67.05
2016,4,15,6,45,534.5,59.5,4.55,10.5,184.0,162.2,111.07
2016,4,15,7,0,606.0,68.0,4.6,11.0,236.0,223.77,165.21
2016,4,15,7,15,655.5,74.5,4.7,11.0,290.5,284.72,220.9
2016,4,15,7,30,705.0,81.0,4.8,11.0,345.0,350.87,280.69
2016,4,15,7,45,735.5,87.0,4.9,11.5,398.5,413.13,335.94
2016,4,15,8,0,766.0,93.0,5.0,12.0,452.0,477.75,391.5
2016,4,15,8,15,791.5,97.5,4.95,12.5,503.5,539.71,443.0
2016,4,15,8,30,817.0,102.0,4.9,13.0,555.0,602.67,493.56
2016,4,15,8,45,834.5,106.0,4.85,13.5,603.0,660.54,538.53
2016,4,15,9,0,852.0,110.0,4.8,14.0,651.0,717.91,581.72
2016,4,15,9,15,866.0,112.5,4.65,14.0,693.5,770.28,619.07
2016,4,15,9,30,880.0,115.0,4.5,14.0,736.0,821.21,654.23
2016,4,15,9,45,897.0,114.0,4.4,14.5,774.5,864.11,681.94
2016,4,15,10,0,914.0,113.0,4.3,15.0,813.0,909.75,711.09
2016,4,15,10,15,921.5,114.5,4.25,15.0,843.0,947.43,736.01
2016,4,15,10,30,929.0,116.0,4.2,15.0,873.0,982.17,758.84
2016,4,15,10,45,936.5,115.5,4.2,15.5,896.0,1011.69,776.79
2016,4,15,11,0,944.0,115.0,4.2,16.0,919.0,1037.9,792.4
2016,4,15,11,15,947.0,116.0,4.3,16.0,933.5,1057.8,805.88
2016,4,15,11,30,950.0,117.0,4.4,16.0,948.0,1073.97,817.19
2016,4,15,11,45,952.5,116.5,4.55,16.5,955.0,1084.25,823.74
2016,4,15,12,0,955.0,116.0,4.7,17.0,962.0,1090.64,827.78
2016,4,15,12,15,954.0,115.5,4.85,17.0,960.0,1089.56,828.48
2016,4,15,12,30,953.0,115.0,5.0,17.0,958.0,1084.55,826.63
2016,4,15,12,45,953.5,112.5,5.15,17.0,948.5,1075.0,821.75
2016,4,15,13,0,954.0,110.0,5.3,17.0,939.0,1061.54,814.23
2016,4,15,13,15,949.5,109.5,5.4,17.0,920.5,1041.48,801.73
2016,4,15,13,30,945.0,109.0,5.5,17.0,902.0,1017.79,786.71
2016,4,15,13,45,939.5,107.0,5.65,17.0,876.5,988.1,767.76
2016,4,15,14,0,934.0,105.0,5.8,17.0,851.0,955.11,746.29
2016,4,15,14,15,925.0,103.5,5.8,17.0,818.0,916.49,719.7
2016,4,15,14,30,916.0,102.0,5.8,17.0,785.0,875.16,691.0
2016,4,15,14,45,903.5,100.5,5.85,17.0,745.5,828.56,658.44
2016,4,15,15,0,891.0,99.0,5.9,17.0,706.0,779.99,624.07
2016,4,15,15,15,876.0,96.5,5.85,17.0,661.5,726.91,585.51
2016,4,15,15,30,861.0,94.0,5.8,17.0,617.0,675.27,546.08
2016,4,15,15,45,839.5,91.0,5.75,17.0,567.5,615.1,498.36
2016,4,15,16,0,818.0,88.0,5.7,17.0,518.0,555.02,449.54
2016,4,15,16,15,791.0,84.0,5.6,16.5,466.0,491.55,397.4
2016,4,15,16,30,764.0,80.0,5.5,16.0,414.0,429.46,344.77
2016,4,15,16,45,728.0,75.0,5.45,16.0,360.0,364.56,287.89
2016,4,15,17,0,692.0,70.0,5.4,16.0,306.0,302.07,231.82
2016,4,15,17,15,638.5,64.0,5.3,15.0,252.5,237.89,174.9
2016,4,15,17,30,585.0,58.0,5.2,14.0,199.0,179.62,123.21
2016,4,15,17,45,503.0,49.0,5.15,13.5,149.5,120.55,74.05
2016,4,15,18,0,421.0,40.0,5.1,13.0,100.0,71.58,37.91
2016,4,15,18,15,283.5,27.5,5.05,12.5,60.5,28.44,12.85
2016,4,15,18,30,146.0,15.0,5.0,12.0,21.0,11.91,0.0
2016,4,15,18,45,73.0,7.5,4.95,12.0,10.5,7.15,0.0
2016,4,15,19,0,0.0,0.0,4.9,12.0,0.0,0.0,0.0
2016,4,15,19,15,0.0,0.0,4.8,12.0,0.0,0.0,0.0
2016,4,15,19,30,0.0,0.0,4.7,12.0,0.0,0.0,0.0
2016,4,15,19,45,0.0,0.0,4.65,12.0,0.0,0.0,0.0
2016,4,15,20,0,0.0,0.0,4.6,12.0,0.0,0.0,0.0
2016,4,15,20,15,0.0,0.0,4.45,11.5,0.0,0.0,0.0
2016,4,15,20,30,0.0,0.0,4.3,11.0,0.0,0.0,0.0
2016,4,15,20,45,0.0,0.0,4.2,11.0,0.0,0.0,0.0
2016,4,15,21,0,0.0,0.0,4.1,11.0,0.0,0.0,0.0
2016,4,15,21,15,0.0,0.0,3.95,11.0,0.0,0.0,0.0
2016,4,15,21,30,0.0,0.0,3.8,11.0,0.0,0.0,0.0
2016,4,15,21,45,0.0,0.0,3.7,11.0,0.0,0.0,0.0
2016,4,15,22,0,0.0,0.0,3.6,11.0,0.0,0.0,0.0
2016,4,15,22,15,0.0,0.0,3.45,11.0,0.0,0.0,0.0
2016,4,15,22,30,0.0,0.0,3.3,11.0,0.0,0.0,0.0
2016,4,15,22,45,0.0,0.0,3.15,11.0,0.0,0.0,0.0
2016,4,15,23,0,0.0,0.0,3.0,11.0,0.0,0.0,0.0
2016,4,15,23,15,0.0,0.0,2.85,11.0,0.0,0.0,0.0
2016,4,15,23,30,0.0,0.0,2.7,11.0,0.0,0.0,0.0
2016,4,15,23,45,0.0,0.0,2.6,11.0,0.0,0.0,0.0
2016,4,16,0,0,0.0,0.0,2.5,11.0,0.0,0.0,0.0
2016,4,16,0,15,0.0,0.0,2.45,11.0,0.0,0.0,0.0
2016,4,16,0,30,0.0,0.0,2.4,11.0,0.0,0.0,0.0
2016,4,16,0,45,0.0,0.0,2.35,11.0,0.0,0.0,0.0
2016,4,16,1,0,0.0,0.0,2.3,11.0,0.0,0.0,0.0
2016,4,16,1,15,0.0,0.0,2.25,11.0,0.0,0.0,0.0
2016,4,16,1,30,0.0,0.0,2.2,11.0,0.0,0.0,0.0
2016,4,16,1,45,0.0,0.0,2.15,11.0,0.0,0.0,0.0
2016,4,16,2,0,0.0,0.0,2.1,11.0,0.0,0.0,0.0
2016,4,16,2,15,0.0,0.0,2.05,11.0,0.0,0.0,0.0
2016,4,16,2,30,0.0,0.0,2.0,11.0,0.0,0.0,0.0
2016,4,16,2,45,0.0,0.0,2.0,11.0,0.0,0.0,0.0
2016,4,16,3,0,0.0,0.0,2.0,11.0,0.0,0.0,0.0
2016,4,16,3,15,0.0,0.0,1.95,10.5,0.0,0.0,0.0
2016,4,16,3,30,0.0,0.0,1.9,10.0,0.0,0.0,0.0
2016,4,16,3,45,0.0,0.0,1.85,10.0,0.0,0.0,0.0
2016,4,16,4,0,0.0,0.0,1.8,10.0,0.0,0.0,0.0
2016,4,16,4,15,0.0,0.0,1.75,10.0,0.0,0.0,0.0
2016,4,16,4,30,0.0,0.0,1.7,10.0,0.0,0.0,0.0
2016,4,16,4,45,0.0,0.0,1.7,10.0,0.0,0.0,0.0
2016,4,16,5,0,0.0,0.0,1.7,10.0,0.0,0.0,0.0
2016,4,16,5,15,0.0,0.0,1.6,10.5,0.0,0.0,0.0
2016,4,16,5,30,0.0,0.0,1.5,11.0,0.0,0.0,0.0
2016,4,16,5,45,124.0,13.5,1.4,11.5,23.0,12.87,0.0
2016,4,16,6,0,248.0,27.0,1.3,12.0,46.0,23.5,12.6
2016,4,16,6,15,359.0,38.5,1.3,12.5,90.5,59.87,31.58
2016,4,16,6,30,470.0,50.0,1.3,13.0,135.0,110.11,66.62
2016,4,16,6,45,539.0,59.0,1.3,13.5,186.5,163.6,110.42
2016,4,16,7,0,608.0,68.0,1.3,14.0,238.0,225.38,163.46
2016,4,16,7,15,655.0,74.0,1.3,14.0,292.0,285.19,216.44
2016,4,16,7,30,702.0,80.0,1.3,14.0,346.0,349.88,272.7
2016,4,16,7,45,733.5,85.5,1.3,14.5,399.5,411.86,325.01
2016,4,16,8,0,765.0,91.0,1.3,15.0,453.0,476.36,377.37
2016,4,16,8,15,789.5,95.0,1.35,15.5,504.0,537.15,425.28
2016,4,16,8,30,814.0,99.0,1.4,16.0,555.0,598.81,472.15
2016,4,16,8,45,831.0,103.5,1.5,16.5,602.0,656.64,514.98
2016,4,16,9,0,848.0,108.0,1.6,17.0,649.0,713.94,556.18
2016,4,16,9,15,862.0,110.5,1.6,17.5,691.5,766.04,590.24
2016,4,16,9,30,876.0,113.0,1.6,18.0,734.0,812.25,619.29
2016,4,16,9,45,885.5,116.0,1.65,18.5,770.5,857.43,647.74
2016,4,16,10,0,895.0,119.0,1.7,19.0,807.0,900.31,674.26
2016,4,16,10,15,902.5,120.5,1.75,19.0,836.5,937.31,697.93
2016,4,16,10,30,910.0,122.0,1.8,19.0,866.0,971.44,719.67
2016,4,16,10,45,921.0,120.0,1.85,19.5,890.0,1002.17,737.76
2016,4,16,11,0,932.0,118.0,1.9,20.0,914.0,1029.8,753.81
2016,4,16,11,15,935.0,118.5,1.95,20.0,928.0,1048.9,765.86
2016,4,16,11,30,938.0,119.0,2.0,20.0,942.0,1064.32,775.75
2016,4,16,11,45,944.5,116.0,2.05,20.0,950.0,1075.81,783.29
2016,4,16,12,0,951.0,113.0,2.1,20.0,958.0,1083.5,788.58
2016,4,16,12,15,950.0,112.5,2.15,20.0,956.0,1082.36,788.43
2016,4,16,12,30,949.0,112.0,2.2,20.0,954.0,1077.31,786.0
2016,4,16,12,45,727.0,225.5,2.25,20.5,866.5,982.69,724.25
2016,4,16,13,0,505.0,339.0,2.3,21.0,779.0,869.09,644.06
2016,4,16,13,15,721.5,224.0,2.35,21.0,839.0,954.04,708.06
2016,4,16,13,30,938.0,109.0,2.4,21.0,899.0,1010.93,745.76
2016,4,16,13,45,932.5,107.5,2.5,21.0,873.5,981.91,727.92
2016,4,16,14,0,927.0,106.0,2.6,21.0,848.0,949.62,708.62
2016,4,16,14,15,918.5,104.5,2.65,21.0,815.5,911.64,684.84
2016,4,16,14,30,910.0,103.0,2.7,21.0,783.0,870.93,659.0
2016,4,16,14,45,900.0,100.0,2.8,21.0,744.5,824.97,629.54
2016,4,16,15,0,890.0,97.0,2.9,21.0,706.0,776.86,598.08
2016,4,16,15,15,875.5,94.5,2.95,20.5,662.0,724.19,563.61
2016,4,16,15,30,861.0,92.0,3.0,20.0,618.0,670.3,526.14
2016,4,16,15,45,841.0,89.5,3.05,20.0,569.0,614.16,483.82
2016,4,16,16,0,821.0,87.0,3.1,20.0,520.0,555.4,438.27
2016,4,16,16,15,795.0,83.0,3.05,19.5,468.5,492.31,388.46
2016,4,16,16,30,769.0,79.0,3.0,19.0,417.0,430.49,337.89
2016,4,16,16,45,721.0,77.0,3.0,18.5,362.0,363.72,281.98
2016,4,16,17,0,673.0,75.0,3.0,18.0,307.0,300.7,227.68
2016,4,16,17,15,620.0,68.5,2.8,17.5,254.0,237.27,172.31
2016,4,16,17,30,567.0,62.0,2.6,17.0,201.0,179.73,122.09
2016,4,16,17,45,463.0,54.5,2.4,16.5,150.0,120.02,74.33
2016,4,16,18,0,359.0,47.0,2.2,16.0,99.0,73.19,41.12
2016,4,16,18,15,237.5,32.0,2.1,15.5,60.5,30.99,15.39
2016,4,16,18,30,116.0,17.0,2.0,15.0,22.0,13.42,0.0
2016,4,16,18,45,58.0,8.5,1.9,15.0,11.0,8.1,0.0
2016,4,16,19,0,0.0,0.0,1.8,15.0,0.0,0.0,0.0
2016,4,16,19,15,0.0,0.0,1.75,14.5,0.0,0.0,0.0
2016,4,16,19,30,0.0,0.0,1.7,14.0,0.0,0.0,0.0
2016,4,16,19,45,0.0,0.0,1.65,14.0,0.0,0.0,0.0
2016,4,16,20,0,0.0,0.0,1.6,14.0,0.0,0.0,0.0
2016,4,16,20,15,0.0,0.0,1.6,14.0,0.0,0.0,0.0
2016,4,16,20,30,0.0,0.0,1.6,14.0,0.0,0.0,0.0
2016,4,16,20,45,0.0,0.0,1.65,14.0,0.0,0.0,0.0
2016,4,16,21,0,0.0,0.0,1.7,14.0,0.0,0.0,0.0
2016,4,16,21,15,0.0,0.0,1.7,13.5,0.0,0.0,0.0
2016,4,16,21,30,0.0,0.0,1.7,13.0,0.0,0.0,0.0
2016,4,16,21,45,0.0,0.0,1.75,13.0,0.0,0.0,0.0
2016,4,16,22,0,0.0,0.0,1.8,13.0,0.0,0.0,0.0
2016,4,16,22,15,0.0,0.0,1.75,13.0,0.0,0.0,0.0
2016,4,16,22,30,0.0,0.0,1.7,13.0,0.0,0.0,0.0
2016,4,16,22,45,0.0,0.0,1.65,13.0,0.0,0.0,0.0
2016,4,16,23,0,0.0,0.0,1.6,13.0,0.0,0.0,0.0
2016,4,16,23,15,0.0,0.0,1.5,12.5,0.0,0.0,0.0
2016,4,16,23,30,0.0,0.0,1.4,12.0,0.0,0.0,0.0
2016,4,16,23,45,0.0,0.0,1.35,12.0,0.0,0.0,0.0
2016,4,17,0,0,0.0,0.0,1.3,12.0,0.0,0.0,0.0
2016,4,17,0,15,0.0,0.0,1.2,12.0,0.0,0.0,0.0
2016,4,17,0,30,0.0,0.0,1.1,12.0,0.0,0.0,0.0
2016,4,17,0,45,0.0,0.0,1.05,12.5,0.0,0.0,0.0
2016,4,17,1,0,0.0,0.0,1.0,13.0,0.0,0.0,0.0
2016,4,17,1,15,0.0,0.0,0.9,13.0,0.0,0.0,0.0
2016,4,17,1,30,0.0,0.0,0.8,13.0,0.0,0.0,0.0
2016,4,17,1,45,0.0,0.0,0.7,13.0,0.0,0.0,0.0
2016,4,17,2,0,0.0,0.0,0.6,13.0,0.0,0.0,0.0
2016,4,17,2,15,0.0,0.0,0.5,13.0,0.0,0.0,0.0
2016,4,17,2,30,0.0,0.0,0.4,13.0,0.0,0.0,0.0
2016,4,17,2,45,0.0,0.0,0.3,13.0,0.0,0.0,0.0
2016,4,17,3,0,0.0,0.0,0.2,13.0,0.0,0.0,0.0
2016,4,17,3,15,0.0,0.0,0.25,13.0,0.0,0.0,0.0
2016,4,17,3,30,0.0,0.0,0.3,13.0,0.0,0.0,0.0
2016,4,17,3,45,0.0,0.0,0.4,13.0,0.0,0.0,0.0
2016,4,17,4,0,0.0,0.0,0.5,13.0,0.0,0.0,0.0
2016,4,17,4,15,0.0,0.0,0.55,13.0,0.0,0.0,0.0
2016,4,17,4,30,0.0,0.0,0.6,13.0,0.0,0.0,0.0
2016,4,17,4,45,0.0,0.0,0.7,13.0,0.0,0.0,0.0
2016,4,17,5,0,0.0,0.0,0.8,13.0,0.0,0.0,0.0
2016,4,17,5,15,0.0,0.0,0.85,13.0,0.0,0.0,0.0
2016,4,17,5,30,0.0,0.0,0.9,13.0,0.0,0.0,0.0
2016,4,17,5,45,109.5,14.5,0.95,13.0,23.5,13.82,0.0
2016,4,17,6,0,219.0,29.0,1.0,13.0,47.0,25.01,14.28
2016,4,17,6,15,323.0,42.0,1.1,13.0,91.0,61.37,33.95
2016,4,17,6,30,427.0,55.0,1.2,13.0,135.0,110.07,68.53
2016,4,17,6,45,497.0,64.5,1.3,13.5,185.5,161.7,110.7
2016,4,17,7,0,567.0,74.0,1.4,14.0,236.0,221.77,162.09
2016,4,17,7,15,614.5,81.0,1.35,14.5,289.0,280.33,213.29
2016,4,17,7,30,662.0,88.0,1.3,15.0,342.0,343.9,267.64
2016,4,17,7,45,698.0,93.0,1.3,15.5,395.0,405.09,318.86
2016,4,17,8,0,734.0,98.0,1.3,16.0,448.0,469.19,370.57
2016,4,17,8,15,759.5,102.5,1.3,16.5,498.5,529.41,417.5
2016,4,17,8,30,785.0,107.0,1.3,17.0,549.0,590.62,463.44
2016,4,17,8,45,805.5,109.5,1.3,17.5,596.0,647.2,504.41
2016,4,17,9,0,826.0,112.0,1.3,18.0,643.0,703.61,543.9
2016,4,17,9,15,840.5,115.0,1.35,18.5,685.0,755.58,578.25
2016,4,17,9,30,855.0,118.0,1.4,19.0,727.0,806.23,610.65
2016,4,17,9,45,870.5,117.5,1.5,19.5,764.0,847.28,636.67
2016,4,17,10,0,886.0,117.0,1.6,20.0,801.0,891.08,664.36
2016,4,17,10,15,893.5,119.0,1.65,20.0,830.5,928.23,688.03
2016,4,17,10,30,901.0,121.0,1.7,20.0,860.0,962.54,709.82
2016,4,17,10,45,907.5,121.5,1.75,20.5,883.0,991.33,726.6
2016,4,17,11,0,914.0,122.0,1.8,21.0,906.0,1016.88,741.3
2016,4,17,11,15,917.5,122.5,1.8,21.5,920.5,1036.1,751.29
2016,4,17,11,30,921.0,123.0,1.8,22.0,935.0,1051.72,759.09
2016,4,17,11,45,923.0,123.0,1.8,22.5,941.5,1061.64,763.39
2016,4,17,12,0,925.0,123.0,1.8,23.0,948.0,1067.79,765.5
2016,4,17,12,15,925.0,123.0,1.7,23.0,946.5,1068.12,764.1
2016,4,17,12,30,925.0,123.0,1.6,23.0,945.0,1064.64,760.47
2016,4,17,12,45,925.0,121.0,1.55,23.5,936.0,1055.26,752.66
2016,4,17,13,0,925.0,119.0,1.5,24.0,927.0,1042.11,742.73
2016,4,17,13,15,921.0,118.0,1.35,24.0,909.5,1022.4,728.66
2016,4,17,13,30,917.0,117.0,1.2,24.0,892.0,999.16,712.51
2016,4,17,13,45,913.5,114.0,1.1,24.0,867.5,970.9,694.16
2016,4,17,14,0,910.0,111.0,1.0,24.0,843.0,939.34,673.81
2016,4,17,14,15,902.0,109.5,1.05,24.0,811.0,902.3,652.53
2016,4,17,14,30,894.0,108.0,1.1,24.0,779.0,862.57,629.25
2016,4,17,14,45,885.5,104.5,1.15,24.0,741.0,817.88,602.34
2016,4,17,15,0,877.0,101.0,1.2,24.0,703.0,770.97,573.48
2016,4,17,15,15,862.5,98.5,1.3,23.5,659.0,718.89,542.05
2016,4,17,15,30,848.0,96.0,1.4,23.0,615.0,668.21,509.06
2016,4,17,15,45,830.5,92.0,1.5,23.0,567.0,610.11,467.85
2016,4,17,16,0,813.0,88.0,1.6,23.0,519.0,551.73,424.83
2016,4,17,16,15,787.5,84.0,1.7,22.5,468.0,489.36,377.81
2016,4,17,16,30,762.0,80.0,1.8,22.0,417.0,428.21,329.65
2016,4,17,16,45,726.5,75.0,1.9,21.5,363.5,363.7,277.01
2016,4,17,17,0,691.0,70.0,2.0,21.0,310.0,301.48,224.37
2016,4,17,17,15,640.5,64.0,1.95,20.0,257.0,238.25,170.35
2016,4,17,17,30,590.0,58.0,1.9,19.0,204.0,180.55,120.75
2016,4,17,17,45,510.0,49.5,1.85,18.5,154.0,122.0,73.32
2016,4,17,18,0,430.0,41.0,1.8,18.0,104.0,73.25,38.17
2016,4,17,18,15,303.5,28.5,1.7,17.5,64.0,29.75,13.54
2016,4,17,18,30,177.0,16.0,1.6,17.0,24.0,12.66,0.0
2016,4,17,18,45,88.5,8.0,1.55,16.5,12.0,7.63,0.0
2016,4,17,19,0,0.0,0.0,1.5,16.0,0.0,0.0,0.0
2016,4,17,19,15,0.0,0.0,1.4,15.5,0.0,0.0,0.0
2016,4,17,19,30,0.0,0.0,1.3,15.0,0.0,0.0,0.0
2016,4,17,19,45,0.0,0.0,1.2,15.0,0.0,0.0,0.0
2016,4,17,20,0,0.0,0.0,1.1,15.0,0.0,0.0,0.0
2016,4,17,20,15,0.0,0.0,1.05,15.0,0.0,0.0,0.0
2016,4,17,20,30,0.0,0.0,1.0,15.0,0.0,0.0,0.0
2016,4,17,20,45,0.0,0.0,0.95,15.0,0.0,0.0,0.0
2016,4,17,21,0,0.0,0.0,0.9,15.0,0.0,0.0,0.0
2016,4,17,21,15,0.0,0.0,0.85,15.0,0.0,0.0,0.0
2016,4,17,21,30,0.0,0.0,0.8,15.0,0.0,0.0,0.0
2016,4,17,21,45,0.0,0.0,0.8,15.0,0.0,0.0,0.0
2016,4,17,22,0,0.0,0.0,0.8,15.0,0.0,0.0,0.0
2016,4,17,22,15,0.0,0.0,0.8,15.0,0.0,0.0,0.0
2016,4,17,22,30,0.0,0.0,0.8,15.0,0.0,0.0,0.0
2016,4,17,22,45,0.0,0.0,0.85,15.0,0.0,0.0,0.0
2016,4,17,23,0,0.0,0.0,0.9,15.0,0.0,0.0,0.0
2016,4,17,23,15,0.0,0.0,0.9,15.0,0.0,0.0,0.0
2016,4,17,23,30,0.0,0.0,0.9,15.0,0.0,0.0,0.0
2016,4,17,23,45,0.0,0.0,0.95,15.0,0.0,0.0,0.0
2016,4,18,0,0,0.0,0.0,1.0,15.0,0.0,0.0,0.0
2016,4,18,0,15,0.0,0.0,0.95,14.5,0.0,0.0,0.0
2016,4,18,0,30,0.0,0.0,0.9,14.0,0.0,0.0,0.0
2016,4,18,0,45,0.0,0.0,0.9,14.0,0.0,0.0,0.0
2016,4,18,1,0,0.0,0.0,0.9,14.0,0.0,0.0,0.0
2016,4,18,1,15,0.0,0.0,0.85,14.0,0.0,0.0,0.0
2016,4,18,1,30,0.0,0.0,0.8,14.0,0.0,0.0,0.0
2016,4,18,1,45,0.0,0.0,0.75,14.0,0.0,0.0,0.0
2016,4,18,2,0,0.0,0.0,0.7,14.0,0.0,0.0,0.0
2016,4,18,2,15,0.0,0.0,0.65,14.0,0.0,0.0,0.0
2016,4,18,2,30,0.0,0.0,0.6,14.0,0.0,0.0,0.0
2016,4,18,2,45,0.0,0.0,0.6,14.0,0.0,0.0,0.0
2016,4,18,3,0,0.0,0.0,0.6,14.0,0.0,0.0,0.0
2016,4,18,3,15,0.0,0.0,0.55,14.0,0.0,0.0,0.0
2016,4,18,3,30,0.0,0.0,0.5,14.0,0.0,0.0,0.0
2016,4,18,3,45,0.0,0.0,0.45,14.0,0.0,0.0,0.0
2016,4,18,4,0,0.0,0.0,0.4,14.0,0.0,0.0,0.0
2016,4,18,4,15,0.0,0.0,0.35,14.0,0.0,0.0,0.0
2016,4,18,4,30,0.0,0.0,0.3,14.0,0.0,0.0,0.0
2016,4,18,4,45,0.0,0.0,0.3,14.0,0.0,0.0,0.0
2016,4,18,5,0,0.0,0.0,0.3,14.0,0.0,0.0,0.0
2016,4,18,5,15,0.0,0.0,0.3,14.0,0.0,0.0,0.0
2016,4,18,5,30,0.0,0.0,0.3,14.0,0.0,0.0,0.0
2016,4,18,5,45,133.0,14.5,0.35,14.0,26.5,11.45,0.0
2016,4,18,6,0,266.0,29.0,0.4,14.0,53.0,26.6,13.13
2016,4,18,6,15,372.5,41.0,0.5,14.5,98.5,64.65,34.58
2016,4,18,6,30,479.0,53.0,0.6,15.0,144.0,116.01,70.61
2016,4,18,6,45,547.5,61.5,0.75,15.5,196.0,169.69,114.28
2016,4,18,7,0,616.0,70.0,0.9,16.0,248.0,231.55,166.9
2016,4,18,7,15,662.0,76.0,0.95,16.0,302.5,291.6,219.44
2016,4,18,7,30,708.0,82.0,1.0,16.0,357.0,356.38,275.04
2016,4,18,7,45,740.5,87.5,1.1,16.5,410.5,419.12,327.46
2016,4,18,8,0,773.0,93.0,1.2,17.0,464.0,484.51,380.17
2016,4,18,8,15,797.0,97.0,1.25,17.5,515.0,545.39,427.5
2016,4,18,8,30,821.0,101.0,1.3,18.0,566.0,607.05,473.74
2016,4,18,8,45,841.0,103.5,1.4,18.5,614.0,665.0,516.18
2016,4,18,9,0,861.0,106.0,1.5,19.0,662.0,722.63,557.19
2016,4,18,9,15,874.5,108.0,1.55,19.5,704.0,774.25,590.66
2016,4,18,9,30,888.0,110.0,1.6,20.0,746.0,820.03,619.57
2016,4,18,9,45,903.0,109.5,1.7,20.5,783.5,866.42,649.08
2016,4,18,10,0,918.0,109.0,1.8,21.0,821.0,910.84,676.92
2016,4,18,10,15,925.0,110.5,1.85,21.0,850.5,947.95,700.45
2016,4,18,10,30,932.0,112.0,1.9,21.0,880.0,982.08,722.0
2016,4,18,10,45,938.0,112.5,2.0,21.5,902.5,1011.06,739.42
2016,4,18,11,0,944.0,113.0,2.1,22.0,925.0,1036.67,754.69
2016,4,18,11,15,946.5,113.5,2.1,22.0,939.0,1055.33,765.76
2016,4,18,11,30,949.0,114.0,2.1,22.0,953.0,1070.25,774.61
2016,4,18,11,45,949.0,114.5,2.15,22.5,959.0,1078.86,778.76
2016,4,18,12,0,949.0,115.0,2.2,23.0,965.0,1083.57,780.64
2016,4,18,12,15,948.0,115.5,2.15,23.0,963.0,1083.37,779.79
2016,4,18,12,30,947.0,116.0,2.1,23.0,961.0,1079.27,776.67
2016,4,18,12,45,940.0,118.0,2.1,23.5,949.0,1066.88,767.68
2016,4,18,13,0,933.0,120.0,2.1,24.0,937.0,1050.8,756.57
2016,4,18,13,15,928.5,119.5,2.1,23.5,919.0,1030.96,746.14
2016,4,18,13,30,924.0,119.0,2.1,23.0,901.0,1007.6,733.49
2016,4,18,13,45,910.5,121.0,2.1,23.0,874.0,975.11,713.52
2016,4,18,14,0,897.0,123.0,2.1,23.0,847.0,939.83,691.72
2016,4,18,14,15,888.0,121.5,2.1,22.5,814.5,902.31,669.61
2016,4,18,14,30,879.0,120.0,2.1,22.0,782.0,862.2,645.49
2016,4,18,14,45,857.5,122.0,2.15,22.0,741.0,818.18,617.58
2016,4,18,15,0,836.0,124.0,2.2,22.0,700.0,767.74,584.82
2016,4,18,15,15,819.5,121.0,2.25,21.5,656.0,714.85,550.35
2016,4,18,15,30,803.0,118.0,2.3,21.0,612.0,661.07,512.89
2016,4,18,15,45,705.0,127.5,2.35,21.0,536.0,570.51,445.5
2016,4,18,16,0,607.0,137.0,2.4,21.0,460.0,486.81,381.69
2016,4,18,16,15,618.0,118.5,2.45,20.5,420.0,438.84,344.74
2016,4,18,16,30,629.0,100.0,2.5,20.0,380.0,388.49,304.03
2016,4,18,16,45,557.0,105.5,2.55,19.5,330.0,327.47,253.82
2016,4,18,17,0,485.0,111.0,2.6,19.0,280.0,271.44,206.99
2016,4,18,17,15,441.5,97.0,2.6,18.0,231.5,214.7,158.99
2016,4,18,17,30,398.0,83.0,2.6,17.0,183.0,162.95,114.96
2016,4,18,17,45,330.5,68.0,2.65,16.5,138.0,112.0,73.59
2016,4,18,18,0,263.0,53.0,2.7,16.0,93.0,69.43,41.8
2016,4,18,18,15,131.5,37.0,2.65,15.5,57.0,34.02,19.48
2016,4,18,18,30,0.0,21.0,2.6,15.0,21.0,18.91,0.0
2016,4,18,18,45,0.0,10.5,2.6,14.5,10.5,10.01,0.0
2016,4,18,19,0,0.0,0.0,2.6,14.0,0.0,0.0,0.0
2016,4,18,19,15,0.0,0.0,2.5,14.0,0.0,0.0,0.0
2016,4,18,19,30,0.0,0.0,2.4,14.0,0.0,0.0,0.0
2016,4,18,19,45,0.0,0.0,2.35,14.0,0.0,0.0,0.0
2016,4,18,20,0,0.0,0.0,2.3,14.0,0.0,0.0,0.0
2016,4,18,20,15,0.0,0.0,2.25,13.5,0.0,0.0,0.0
2016,4,18,20,30,0.0,0.0,2.2,13.0,0.0,0.0,0.0
2016,4,18,20,45,0.0,0.0,2.15,13.0,0.0,0.0,0.0
2016,4,18,21,0,0.0,0.0,2.1,13.0,0.0,0.0,0.0
2016,4,18,21,15,0.0,0.0,2.0,13.0,0.0,0.0,0.0
2016,4,18,21,30,0.0,0.0,1.9,13.0,0.0,0.0,0.0
2016,4,18,21,45,0.0,0.0,1.85,13.0,0.0,0.0,0.0
2016,4,18,22,0,0.0,0.0,1.8,13.0,0.0,0.0,0.0
2016,4,18,22,15,0.0,0.0,1.7,13.0,0.0,0.0,0.0
2016,4,18,22,30,0.0,0.0,1.6,13.0,0.0,0.0,0.0
2016,4,18,22,45,0.0,0.0,1.55,13.0,0.0,0.0,0.0
2016,4,18,23,0,0.0,0.0,1.5,13.0,0.0,0.0,0.0
2016,4,18,23,15,0.0,0.0,1.4,13.0,0.0,0.0,0.0
2016,4,18,23,30,0.0,0.0,1.3,13.0,0.0,0.0,0.0
2016,4,18,23,45,0.0,0.0,1.2,13.0,0.0,0.0,0.0
2016,4,19,0,0,0.0,0.0,1.1,13.0,0.0,0.0,0.0
2016,4,19,0,15,0.0,0.0,1.05,13.0,0.0,0.0,0.0
2016,4,19,0,30,0.0,0.0,1.0,13.0,0.0,0.0,0.0
2016,4,19,0,45,0.0,0.0,1.0,13.0,0.0,0.0,0.0
2016,4,19,1,0,0.0,0.0,1.0,13.0,0.0,0.0,0.0
2016,4,19,1,15,0.0,0.0,1.0,13.0,0.0,0.0,0.0
2016,4,19,1,30,0.0,0.0,1.0,13.0,0.0,0.0,0.0
2016,4,19,1,45,0.0,0.0,1.0,13.0,0.0,0.0,0.0
2016,4,19,2,0,0.0,0.0,1.0,13.0,0.0,0.0,0.0
2016,4,19,2,15,0.0,0.0,0.95,13.0,0.0,0.0,0.0
2016,4,19,2,30,0.0,0.0,0.9,13.0,0.0,0.0,0.0
2016,4,19,2,45,0.0,0.0,0.9,13.0,0.0,0.0,0.0
2016,4,19,3,0,0.0,0.0,0.9,13.0,0.0,0.0,0.0
2016,4,19,3,15,0.0,0.0,0.9,13.0,0.0,0.0,0.0
2016,4,19,3,30,0.0,0.0,0.9,13.0,0.0,0.0,0.0
2016,4,19,3,45,0.0,0.0,0.95,13.0,0.0,0.0,0.0
2016,4,19,4,0,0.0,0.0,1.0,13.0,0.0,0.0,0.0
2016,4,19,4,15,0.0,0.0,0.95,13.0,0.0,0.0,0.0
2016,4,19,4,30,0.0,0.0,0.9,13.0,0.0,0.0,0.0
2016,4,19,4,45,0.0,0.0,0.9,13.0,0.0,0.0,0.0
2016,4,19,5,0,0.0,0.0,0.9,13.0,0.0,0.0,0.0
2016,4,19,5,15,0.0,0.0,0.8,13.0,0.0,0.0,0.0
2016,4,19,5,30,0.0,0.0,0.7,13.0,0.0,0.0,0.0
2016,4,19,5,45,120.5,16.0,0.65,13.0,27.0,12.59,0.0
2016,4,19,6,0,241.0,32.0,0.6,13.0,54.0,28.87,15.1
2016,4,19,6,15,344.0,44.5,0.6,13.5,99.0,66.55,37.25
2016,4,19,6,30,447.0,57.0,0.6,14.0,144.0,116.31,72.61
2016,4,19,6,45,526.5,64.0,0.6,14.5,196.5,168.87,114.94
2016,4,19,7,0,606.0,71.0,0.6,15.0,249.0,230.95,167.12
2016,4,19,7,15,651.5,77.5,0.65,15.0,303.0,290.75,219.28
2016,4,19,7,30,697.0,84.0,0.7,15.0,357.0,355.25,274.41
2016,4,19,7,45,732.0,88.0,0.75,15.5,410.5,416.92,325.54
2016,4,19,8,0,767.0,92.0,0.8,16.0,464.0,481.54,377.16
2016,4,19,8,15,791.0,96.0,0.9,16.5,514.5,542.03,424.28
2016,4,19,8,30,815.0,100.0,1.0,17.0,565.0,603.32,470.45
2016,4,19,8,45,827.5,105.5,1.15,17.5,611.0,659.11,511.61
2016,4,19,9,0,840.0,111.0,1.3,18.0,657.0,713.93,551.0
2016,4,19,9,15,853.5,114.0,1.3,18.5,699.0,765.63,584.3
2016,4,19,9,30,867.0,117.0,1.3,19.0,741.0,815.88,615.68
2016,4,19,9,45,870.0,123.0,1.35,19.5,775.0,858.89,642.26
2016,4,19,10,0,873.0,129.0,1.4,20.0,809.0,899.17,666.77
2016,4,19,10,15,768.5,187.0,1.4,20.0,802.0,898.64,664.93
2016,4,19,10,30,664.0,245.0,1.4,20.0,795.0,884.72,654.19
2016,4,19,10,45,777.0,193.0,1.45,20.5,852.5,955.47,699.96
2016,4,19,11,0,890.0,141.0,1.5,21.0,910.0,1013.63,735.05
2016,4,19,11,15,744.5,226.5,1.5,21.0,877.0,989.13,718.21
2016,4,19,11,30,599.0,312.0,1.5,21.0,844.0,939.72,683.56
2016,4,19,11,45,557.0,334.0,1.5,21.0,831.0,925.98,673.79
2016,4,19,12,0,515.0,356.0,1.5,21.0,818.0,908.99,661.51
2016,4,19,12,15,438.0,384.0,1.6,21.0,776.5,859.95,628.65
2016,4,19,12,30,361.0,412.0,1.7,21.0,735.0,800.09,588.42
2016,4,19,12,45,416.5,382.5,1.8,21.0,751.0,830.74,612.33
2016,4,19,13,0,472.0,353.0,1.9,21.0,767.0,849.48,627.56
2016,4,19,13,15,361.0,384.0,1.95,21.0,697.5,755.49,561.8
2016,4,19,13,30,250.0,415.0,2.0,21.0,628.0,674.19,503.89
2016,4,19,13,45,245.0,403.0,2.15,21.0,606.5,649.72,488.73
2016,4,19,14,0,240.0,391.0,2.3,21.0,585.0,614.66,465.49
2016,4,19,14,15,162.5,371.0,2.4,20.5,500.0,518.32,396.18
2016,4,19,14,30,85.0,351.0,2.5,20.0,415.0,417.83,321.94
2016,4,19,14,45,100.5,337.0,2.6,20.0,409.0,412.02,319.26
2016,4,19,15,0,116.0,323.0,2.7,20.0,403.0,412.13,320.46
2016,4,19,15,15,178.5,299.0,2.75,19.5,413.5,425.61,333.43
2016,4,19,15,30,241.0,275.0,2.8,19.0,424.0,433.03,341.36
2016,4,19,15,45,152.5,250.0,2.9,18.5,341.5,340.84,270.06
2016,4,19,16,0,64.0,225.0,3.0,18.0,259.0,252.75,200.78
2016,4,19,16,15,204.0,195.5,3.0,17.5,289.0,294.27,235.61
2016,4,19,16,30,344.0,166.0,3.0,17.0,319.0,318.93,254.52
2016,4,19,16,45,315.0,152.5,3.0,16.5,279.0,272.88,216.24
2016,4,19,17,0,286.0,139.0,3.0,16.0,239.0,229.79,179.96
2016,4,19,17,15,392.5,107.0,2.9,15.5,220.0,210.84,159.04
2016,4,19,17,30,499.0,75.0,2.8,15.0,201.0,178.01,124.46
2016,4,19,17,45,438.0,61.5,2.7,15.0,153.5,123.01,78.52
2016,4,19,18,0,377.0,48.0,2.6,15.0,106.0,75.56,42.68
2016,4,19,18,15,254.5,33.5,2.5,14.5,66.0,32.74,16.95
2016,4,19,18,30,132.0,19.0,2.4,14.0,26.0,14.96,0.0
2016,4,19,18,45,66.0,9.5,2.35,14.0,13.0,9.05,0.0
2016,4,19,19,0,0.0,0.0,2.3,14.0,0.0,0.0,0.0
2016,4,19,19,15,0.0,0.0,2.25,13.5,0.0,0.0,0.0
2016,4,19,19,30,0.0,0.0,2.2,13.0,0.0,0.0,0.0
2016,4,19,19,45,0.0,0.0,2.2,13.0,0.0,0.0,0.0
2016,4,19,20,0,0.0,0.0,2.2,13.0,0.0,0.0,0.0
2016,4,19,20,15,0.0,0.0,2.15,12.5,0.0,0.0,0.0
2016,4,19,20,30,0.0,0.0,2.1,12.0,0.0,0.0,0.0
2016,4,19,20,45,0.0,0.0,2.1,12.0,0.0,0.0,0.0
2016,4,19,21,0,0.0,0.0,2.1,12.0,0.0,0.0,0.0
2016,4,19,21,15,0.0,0.0,2.05,12.0,0.0,0.0,0.0
2016,4,19,21,30,0.0,0.0,2.0,12.0,0.0,0.0,0.0
2016,4,19,21,45,0.0,0.0,2.0,12.0,0.0,0.0,0.0
2016,4,19,22,0,0.0,0.0,2.0,12.0,0.0,0.0,0.0
2016,4,19,22,15,0.0,0.0,1.9,12.0,0.0,0.0,0.0
2016,4,19,22,30,0.0,0.0,1.8,12.0,0.0,0.0,0.0
2016,4,19,22,45,0.0,0.0,1.75,12.0,0.0,0.0,0.0
2016,4,19,23,0,0.0,0.0,1.7,12.0,0.0,0.0,0.0
2016,4,19,23,15,0.0,0.0,1.6,12.0,0.0,0.0,0.0
2016,4,19,23,30,0.0,0.0,1.5,12.0,0.0,0.0,0.0
2016,4,19,23,45,0.0,0.0,1.4,12.0,0.0,0.0,0.0
2016,4,20,0,0,0.0,0.0,1.3,12.0,0.0,0.0,0.0
2016,4,20,0,15,0.0,0.0,1.2,12.0,0.0,0.0,0.0
2016,4,20,0,30,0.0,0.0,1.1,12.0,0.0,0.0,0.0
2016,4,20,0,45,0.0,0.0,1.0,12.0,0.0,0.0,0.0
2016,4,20,1,0,0.0,0.0,0.9,12.0,0.0,0.0,0.0
2016,4,20,1,15,0.0,0.0,0.7,12.0,0.0,0.0,0.0
2016,4,20,1,30,0.0,0.0,0.5,12.0,0.0,0.0,0.0
2016,4,20,1,45,0.0,0.0,0.35,12.0,0.0,0.0,0.0
2016,4,20,2,0,0.0,0.0,0.2,12.0,0.0,0.0,0.0
2016,4,20,2,15,0.0,0.0,0.3,12.0,0.0,0.0,0.0
2016,4,20,2,30,0.0,0.0,0.4,12.0,0.0,0.0,0.0
2016,4,20,2,45,0.0,0.0,0.5,12.0,0.0,0.0,0.0
2016,4,20,3,0,0.0,0.0,0.6,12.0,0.0,0.0,0.0
2016,4,20,3,15,0.0,0.0,0.75,12.0,0.0,0.0,0.0
2016,4,20,3,30,0.0,0.0,0.9,12.0,0.0,0.0,0.0
2016,4,20,3,45,0.0,0.0,1.1,12.0,0.0,0.0,0.0
2016,4,20,4,0,0.0,0.0,1.3,12.0,0.0,0.0,0.0
2016,4,20,4,15,0.0,0.0,1.4,12.0,0.0,0.0,0.0
2016,4,20,4,30,0.0,0.0,1.5,12.0,0.0,0.0,0.0
2016,4,20,4,45,0.0,0.0,1.65,12.0,0.0,0.0,0.0
2016,4,20,5,0,0.0,0.0,1.8,12.0,0.0,0.0,0.0
2016,4,20,5,15,0.0,0.0,1.85,12.0,0.0,0.0,0.0
2016,4,20,5,30,0.0,0.0,1.9,12.0,0.0,0.0,0.0
2016,4,20,5,45,146.5,15.5,2.0,12.5,30.0,12.1,0.0
2016,4,20,6,0,293.0,31.0,2.1,13.0,60.0,29.93,15.26
2016,4,20,6,15,395.5,42.0,2.15,13.5,106.0,68.78,37.06
2016,4,20,6,30,498.0,53.0,2.2,14.0,152.0,120.41,74.03
2016,4,20,6,45,565.5,60.5,2.3,14.5,204.5,174.26,118.66
2016,4,20,7,0,633.0,68.0,2.4,15.0,257.0,236.11,172.21
2016,4,20,7,15,677.0,73.5,2.3,15.0,310.5,296.04,225.63
2016,4,20,7,30,721.0,79.0,2.2,15.0,364.0,360.42,281.89
2016,4,20,7,45,753.0,83.5,2.15,15.5,417.5,423.08,334.95
2016,4,20,8,0,785.0,88.0,2.1,16.0,471.0,487.42,387.42
2016,4,20,8,15,807.5,91.5,2.1,16.0,521.5,547.46,435.7
2016,4,20,8,30,830.0,95.0,2.1,16.0,572.0,608.09,482.89
2016,4,20,8,45,616.0,177.0,2.1,16.5,546.5,594.96,469.64
2016,4,20,9,0,402.0,259.0,2.1,17.0,521.0,547.83,430.29
2016,4,20,9,15,482.5,246.0,2.1,17.0,580.5,622.09,486.59
2016,4,20,9,30,563.0,233.0,2.1,17.0,640.0,694.56,539.76
2016,4,20,9,45,609.0,230.0,2.1,17.5,689.5,756.06,582.17
2016,4,20,10,0,655.0,227.0,2.1,18.0,739.0,816.05,622.7
2016,4,20,10,15,638.0,247.5,2.1,18.0,761.5,843.74,639.94
2016,4,20,10,30,621.0,268.0,2.1,18.0,784.0,867.87,654.87
2016,4,20,10,45,625.0,276.0,2.15,18.5,806.5,896.18,672.43
2016,4,20,11,0,629.0,284.0,2.2,19.0,829.0,922.07,688.16
2016,4,20,11,15,639.5,280.5,2.2,19.0,842.0,940.47,700.11
2016,4,20,11,30,650.0,277.0,2.2,19.0,855.0,956.28,710.43
2016,4,20,11,45,783.0,204.5,2.2,19.0,905.5,1021.14,753.72
2016,4,20,12,0,916.0,132.0,2.2,19.0,956.0,1067.77,783.04
2016,4,20,12,15,915.0,132.0,2.2,19.0,954.0,1066.94,781.96
2016,4,20,12,30,914.0,132.0,2.2,19.0,952.0,1062.34,779.14
2016,4,20,12,45,720.0,236.0,2.25,19.0,878.5,985.1,729.76
2016,4,20,13,0,526.0,340.0,2.3,19.0,805.0,888.88,662.34
2016,4,20,13,15,532.5,328.5,2.3,19.0,791.0,873.76,653.8
2016,4,20,13,30,539.0,317.0,2.3,19.0,777.0,856.1,642.75
2016,4,20,13,45,710.5,222.5,2.35,19.0,810.5,906.62,682.72
2016,4,20,14,0,882.0,128.0,2.4,19.0,844.0,930.82,699.89
2016,4,20,14,15,692.5,200.0,2.4,18.5,749.0,823.27,628.33
2016,4,20,14,30,503.0,272.0,2.4,18.0,654.0,709.89,546.58
2016,4,20,14,45,566.5,234.0,2.45,18.0,643.5,700.52,543.29
2016,4,20,15,0,630.0,196.0,2.5,18.0,633.0,687.84,536.34
2016,4,20,15,15,616.0,184.5,2.45,18.0,589.5,636.51,498.88
2016,4,20,15,30,602.0,173.0,2.4,18.0,546.0,584.71,460.56
2016,4,20,15,45,595.0,158.5,2.4,18.0,503.5,533.98,422.45
2016,4,20,16,0,588.0,144.0,2.4,18.0,461.0,482.56,382.7
2016,4,20,16,15,404.5,164.5,2.35,17.5,372.5,373.35,296.93
2016,4,20,16,30,221.0,185.0,2.3,17.0,284.0,278.7,221.85
2016,4,20,16,45,205.5,164.5,2.3,16.5,248.0,238.75,189.55
2016,4,20,17,0,190.0,144.0,2.3,16.0,212.0,200.47,157.75
2016,4,20,17,15,365.0,105.0,2.25,15.5,208.0,201.42,151.98
2016,4,20,17,30,540.0,66.0,2.2,15.0,204.0,177.84,122.63
2016,4,20,17,45,465.0,56.0,2.15,15.0,155.5,121.67,76.22
2016,4,20,18,0,390.0,46.0,2.1,15.0,107.0,74.74,41.51
2016,4,20,18,15,270.5,33.0,2.05,14.5,67.5,33.35,17.27
2016,4,20,18,30,151.0,20.0,2.0,14.0,28.0,15.75,0.0
2016,4,20,18,45,75.5,10.0,1.95,13.5,14.0,9.53,0.0
2016,4,20,19,0,0.0,0.0,1.9,13.0,0.0,0.0,0.0
2016,4,20,19,15,0.0,0.0,1.8,13.0,0.0,0.0,0.0
2016,4,20,19,30,0.0,0.0,1.7,13.0,0.0,0.0,0.0
2016,4,20,19,45,0.0,0.0,1.65,13.0,0.0,0.0,0.0
2016,4,20,20,0,0.0,0.0,1.6,13.0,0.0,0.0,0.0
2016,4,20,20,15,0.0,0.0,1.55,13.0,0.0,0.0,0.0
2016,4,20,20,30,0.0,0.0,1.5,13.0,0.0,0.0,0.0
2016,4,20,20,45,0.0,0.0,1.45,13.0,0.0,0.0,0.0
2016,4,20,21,0,0.0,0.0,1.4,13.0,0.0,0.0,0.0
2016,4,20,21,15,0.0,0.0,1.3,13.0,0.0,0.0,0.0
2016,4,20,21,30,0.0,0.0,1.2,13.0,0.0,0.0,0.0
2016,4,20,21,45,0.0,0.0,1.15,13.0,0.0,0.0,0.0
2016,4,20,22,0,0.0,0.0,1.1,13.0,0.0,0.0,0.0
2016,4,20,22,15,0.0,0.0,1.05,13.0,0.0,0.0,0.0
2016,4,20,22,30,0.0,0.0,1.0,13.0,0.0,0.0,0.0
2016,4,20,22,45,0.0,0.0,0.95,13.0,0.0,0.0,0.0
2016,4,20,23,0,0.0,0.0,0.9,13.0,0.0,0.0,0.0
2016,4,20,23,15,0.0,0.0,0.85,13.0,0.0,0.0,0.0
2016,4,20,23,30,0.0,0.0,0.8,13.0,0.0,0.0,0.0
2016,4,20,23,45,0.0,0.0,0.8,13.0,0.0,0.0,0.0
2016,4,21,0,0,0.0,0.0,0.8,13.0,0.0,0.0,0.0
2016,4,21,0,15,0.0,0.0,0.8,13.0,0.0,0.0,0.0
2016,4,21,0,30,0.0,0.0,0.8,13.0,0.0,0.0,0.0
2016,4,21,0,45,0.0,0.0,0.8,13.0,0.0,0.0,0.0
2016,4,21,1,0,0.0,0.0,0.8,13.0,0.0,0.0,0.0
2016,4,21,1,15,0.0,0.0,0.8,13.0,0.0,0.0,0.0
2016,4,21,1,30,0.0,0.0,0.8,13.0,0.0,0.0,0.0
2016,4,21,1,45,0.0,0.0,0.8,13.0,0.0,0.0,0.0
2016,4,21,2,0,0.0,0.0,0.8,13.0,0.0,0.0,0.0
2016,4,21,2,15,0.0,0.0,0.75,13.0,0.0,0.0,0.0
2016,4,21,2,30,0.0,0.0,0.7,13.0,0.0,0.0,0.0
2016,4,21,2,45,0.0,0.0,0.65,13.0,0.0,0.0,0.0
2016,4,21,3,0,0.0,0.0,0.6,13.0,0.0,0.0,0.0
2016,4,21,3,15,0.0,0.0,0.6,13.0,0.0,0.0,0.0
2016,4,21,3,30,0.0,0.0,0.6,13.0,0.0,0.0,0.0
2016,4,21,3,45,0.0,0.0,0.65,13.0,0.0,0.0,0.0
2016,4,21,4,0,0.0,0.0,0.7,13.0,0.0,0.0,0.0
2016,4,21,4,15,0.0,0.0,0.75,13.0,0.0,0.0,0.0
2016,4,21,4,30,0.0,0.0,0.8,13.0,0.0,0.0,0.0
2016,4,21,4,45,0.0,0.0,0.9,13.0,0.0,0.0,0.0
2016,4,21,5,0,0.0,0.0,1.0,13.0,0.0,0.0,0.0
2016,4,21,5,15,0.0,0.0,1.05,13.0,0.0,0.0,0.0
2016,4,21,5,30,0.0,0.0,1.1,13.0,0.0,0.0,0.0
2016,4,21,5,45,19.5,17.5,1.2,13.5,19.5,15.5,0.0
2016,4,21,6,0,39.0,35.0,1.3,14.0,39.0,31.21,19.0
2016,4,21,6,15,70.5,56.0,1.45,14.0,68.5,55.99,38.62
2016,4,21,6,30,102.0,77.0,1.6,14.0,98.0,85.28,62.13
2016,4,21,6,45,122.0,100.0,1.75,14.5,132.0,118.26,89.73
2016,4,21,7,0,142.0,123.0,1.9,15.0,166.0,153.96,119.82
2016,4,21,7,15,163.5,142.5,1.95,15.0,201.0,189.43,149.82
2016,4,21,7,30,185.0,162.0,2.0,15.0,236.0,227.42,181.66
2016,4,21,7,45,109.5,176.0,2.15,15.0,221.5,219.47,176.41
2016,4,21,8,0,34.0,190.0,2.3,15.0,207.0,198.81,159.55
2016,4,21,8,15,67.5,223.0,2.4,15.0,261.0,252.09,202.61
2016,4,21,8,30,101.0,256.0,2.5,15.0,315.0,309.17,248.01
2016,4,21,8,45,118.0,280.0,2.6,15.5,353.5,355.85,283.87
2016,4,21,9,0,135.0,304.0,2.7,16.0,392.0,398.77,316.32
2016,4,21,9,15,226.0,313.5,2.75,16.0,472.5,483.68,382.68
2016,4,21,9,30,317.0,323.0,2.8,16.0,553.0,583.72,458.69
2016,4,21,9,45,173.5,317.5,2.85,16.5,444.5,464.57,364.83
2016,4,21,10,0,30.0,312.0,2.9,17.0,336.0,333.09,259.86
2016,4,21,10,15,173.5,350.0,2.9,17.0,494.0,511.46,399.55
2016,4,21,10,30,317.0,388.0,2.9,17.0,652.0,699.03,538.29
2016,4,21,10,45,187.0,391.5,2.95,17.0,548.5,578.07,445.9
2016,4,21,11,0,57.0,395.0,3.0,17.0,445.0,449.45,346.91
2016,4,21,11,15,190.0,409.0,3.0,17.0,578.0,607.63,468.43
2016,4,21,11,30,323.0,423.0,3.0,17.0,711.0,769.07,586.05
2016,4,21,11,45,336.0,415.0,3.05,17.0,717.0,776.99,591.04
2016,4,21,12,0,349.0,407.0,3.1,17.0,723.0,783.41,596.19
2016,4,21,12,15,613.0,274.0,3.15,17.0,826.5,924.87,703.39
2016,4,21,12,30,877.0,141.0,3.2,17.0,930.0,1034.13,778.25
2016,4,21,12,45,639.0,261.5,3.3,17.5,833.5,930.0,705.51
2016,4,21,13,0,401.0,382.0,3.4,18.0,737.0,798.49,607.15
2016,4,21,13,15,413.0,364.0,3.5,17.5,723.0,793.54,607.0
2016,4,21,13,30,425.0,346.0,3.6,17.0,709.0,776.92,597.88
2016,4,21,13,45,387.5,356.0,3.7,17.0,679.5,731.56,565.44
2016,4,21,14,0,350.0,366.0,3.8,17.0,650.0,696.19,539.81
2016,4,21,14,15,397.5,331.5,3.85,17.0,642.5,689.24,537.33
2016,4,21,14,30,445.0,297.0,3.9,17.0,635.0,686.32,537.31
2016,4,21,14,45,326.5,311.5,3.95,17.0,553.0,580.38,456.88
2016,4,21,15,0,208.0,326.0,4.0,17.0,471.0,483.48,381.95
2016,4,21,15,15,171.5,305.5,4.0,17.0,420.0,426.48,338.45
2016,4,21,15,30,135.0,285.0,4.0,17.0,369.0,372.45,296.5
2016,4,21,15,45,465.5,186.5,4.0,17.0,444.0,479.35,385.4
2016,4,21,16,0,796.0,88.0,4.0,17.0,519.0,541.3,434.79
2016,4,21,16,15,421.5,133.5,4.0,16.5,359.5,350.99,282.65
2016,4,21,16,30,47.0,179.0,4.0,16.0,200.0,191.56,153.55
2016,4,21,16,45,42.5,157.5,4.0,16.0,175.0,165.75,132.74
2016,4,21,17,0,38.0,136.0,4.0,16.0,150.0,140.58,111.95
2016,4,21,17,15,31.0,115.0,3.9,15.5,125.0,115.87,91.53
2016,4,21,17,30,24.0,94.0,3.8,15.0,100.0,92.19,71.72
2016,4,21,17,45,13.5,73.0,3.75,14.5,76.5,68.99,52.27
2016,4,21,18,0,3.0,52.0,3.7,14.0,53.0,47.81,34.4
2016,4,21,18,15,1.5,33.0,3.6,13.5,33.5,30.23,18.87
2016,4,21,18,30,0.0,14.0,3.5,13.0,14.0,12.98,0.0
2016,4,21,18,45,0.0,7.0,3.45,13.0,7.0,6.67,0.0
2016,4,21,19,0,0.0,0.0,3.4,13.0,0.0,0.0,0.0
2016,4,21,19,15,0.0,0.0,3.4,13.0,0.0,0.0,0.0
2016,4,21,19,30,0.0,0.0,3.4,13.0,0.0,0.0,0.0
2016,4,21,19,45,0.0,0.0,3.45,13.0,0.0,0.0,0.0
2016,4,21,20,0,0.0,0.0,3.5,13.0,0.0,0.0,0.0
2016,4,21,20,15,0.0,0.0,3.6,13.0,0.0,0.0,0.0
2016,4,21,20,30,0.0,0.0,3.7,13.0,0.0,0.0,0.0
2016,4,21,20,45,0.0,0.0,3.8,13.0,0.0,0.0,0.0
2016,4,21,21,0,0.0,0.0,3.9,13.0,0.0,0.0,0.0
2016,4,21,21,15,0.0,0.0,4.0,13.0,0.0,0.0,0.0
2016,4,21,21,30,0.0,0.0,4.1,13.0,0.0,0.0,0.0
2016,4,21,21,45,0.0,0.0,4.2,13.0,0.0,0.0,0.0
2016,4,21,22,0,0.0,0.0,4.3,13.0,0.0,0.0,0.0
2016,4,21,22,15,0.0,0.0,4.35,13.0,0.0,0.0,0.0
2016,4,21,22,30,0.0,0.0,4.4,13.0,0.0,0.0,0.0
2016,4,21,22,45,0.0,0.0,4.5,13.0,0.0,0.0,0.0
2016,4,21,23,0,0.0,0.0,4.6,13.0,0.0,0.0,0.0
2016,4,21,23,15,0.0,0.0,4.6,13.0,0.0,0.0,0.0
2016,4,21,23,30,0.0,0.0,4.6,13.0,0.0,0.0,0.0
2016,4,21,23,45,0.0,0.0,4.65,13.0,0.0,0.0,0.0
2016,4,22,0,0,0.0,0.0,4.7,13.0,0.0,0.0,0.0
2016,4,22,0,15,0.0,0.0,4.75,13.0,0.0,0.0,0.0
2016,4,22,0,30,0.0,0.0,4.8,13.0,0.0,0.0,0.0
2016,4,22,0,45,0.0,0.0,4.85,13.0,0.0,0.0,0.0
2016,4,22,1,0,0.0,0.0,4.9,13.0,0.0,0.0,0.0
2016,4,22,1,15,0.0,0.0,4.9,13.0,0.0,0.0,0.0
2016,4,22,1,30,0.0,0.0,4.9,13.0,0.0,0.0,0.0
2016,4,22,1,45,0.0,0.0,4.9,13.0,0.0,0.0,0.0
2016,4,22,2,0,0.0,0.0,4.9,13.0,0.0,0.0,0.0
2016,4,22,2,15,0.0,0.0,4.95,13.0,0.0,0.0,0.0
2016,4,22,2,30,0.0,0.0,5.0,13.0,0.0,0.0,0.0
2016,4,22,2,45,0.0,0.0,5.05,13.0,0.0,0.0,0.0
2016,4,22,3,0,0.0,0.0,5.1,13.0,0.0,0.0,0.0
2016,4,22,3,15,0.0,0.0,5.15,13.0,0.0,0.0,0.0
2016,4,22,3,30,0.0,0.0,5.2,13.0,0.0,0.0,0.0
2016,4,22,3,45,0.0,0.0,5.3,13.0,0.0,0.0,0.0
2016,4,22,4,0,0.0,0.0,5.4,13.0,0.0,0.0,0.0
2016,4,22,4,15,0.0,0.0,5.5,13.0,0.0,0.0,0.0
2016,4,22,4,30,0.0,0.0,5.6,13.0,0.0,0.0,0.0
2016,4,22,4,45,0.0,0.0,5.75,13.0,0.0,0.0,0.0
2016,4,22,5,0,0.0,0.0,5.9,13.0,0.0,0.0,0.0
2016,4,22,5,15,0.0,0.0,5.9,13.0,0.0,0.0,0.0
2016,4,22,5,30,0.0,0.0,5.9,13.0,0.0,0.0,0.0
2016,4,22,5,45,109.0,19.0,5.95,13.5,30.5,14.88,0.22
2016,4,22,6,0,218.0,38.0,6.0,14.0,61.0,35.08,19.82
2016,4,22,6,15,318.0,50.5,6.05,14.0,105.0,70.77,41.43
2016,4,22,6,30,418.0,63.0,6.1,14.0,149.0,120.2,77.69
2016,4,22,6,45,492.0,70.5,6.2,14.0,200.0,170.65,119.65
2016,4,22,7,0,566.0,78.0,6.3,14.0,251.0,229.96,171.45
2016,4,22,7,15,371.0,121.5,6.4,14.0,243.5,242.19,191.02
2016,4,22,7,30,176.0,165.0,6.5,14.0,236.0,226.94,183.6
2016,4,22,7,45,175.5,189.0,6.6,14.0,268.0,261.37,212.98
2016,4,22,8,0,175.0,213.0,6.7,14.0,300.0,295.66,241.6
2016,4,22,8,15,99.5,215.0,6.8,14.0,266.0,261.91,213.54
2016,4,22,8,30,24.0,217.0,6.9,14.0,232.0,219.4,177.32
2016,4,22,8,45,12.0,158.0,7.05,14.5,165.5,156.19,124.67
2016,4,22,9,0,0.0,99.0,7.2,15.0,99.0,92.38,71.31
2016,4,22,9,15,41.5,216.5,7.3,15.0,247.0,240.88,193.78
2016,4,22,9,30,83.0,334.0,7.4,15.0,395.0,394.02,316.54
2016,4,22,9,45,157.0,356.5,7.5,15.0,478.0,490.55,393.9
2016,4,22,10,0,231.0,379.0,7.6,15.0,561.0,584.17,468.06
2016,4,22,10,15,144.5,378.5,7.75,15.0,494.0,514.64,411.11
2016,4,22,10,30,58.0,378.0,7.9,15.0,427.0,429.09,341.23
2016,4,22,10,45,51.5,379.5,8.05,15.0,424.0,426.32,338.74
2016,4,22,11,0,45.0,381.0,8.2,15.0,421.0,423.03,335.73
2016,4,22,11,15,32.5,351.0,8.25,14.5,380.5,380.79,302.64
2016,4,22,11,30,20.0,321.0,8.3,14.0,340.0,327.51,260.57
2016,4,22,11,45,10.0,202.5,8.4,14.0,212.0,201.84,159.83
2016,4,22,12,0,0.0,84.0,8.5,14.0,84.0,78.63,59.21
2016,4,22,12,15,158.0,257.5,8.4,14.0,400.0,433.2,350.97
2016,4,22,12,30,316.0,431.0,8.3,14.0,716.0,773.29,615.43
2016,4,22,12,45,378.5,398.5,8.25,14.0,736.5,798.44,635.93
2016,4,22,13,0,441.0,366.0,8.2,14.0,757.0,830.58,662.29
2016,4,22,13,15,652.0,254.5,8.05,14.0,819.5,915.18,732.87
2016,4,22,13,30,863.0,143.0,7.9,14.0,882.0,980.86,782.26
2016,4,22,13,45,664.0,229.5,7.8,14.0,789.0,869.78,699.16
2016,4,22,14,0,465.0,316.0,7.7,14.0,696.0,756.43,607.75
2016,4,22,14,15,648.0,227.5,7.65,14.0,734.0,811.61,656.04
2016,4,22,14,30,831.0,139.0,7.6,14.0,772.0,845.86,684.18
2016,4,22,14,45,834.5,129.5,7.6,14.0,738.5,806.22,655.07
2016,4,22,15,0,838.0,120.0,7.6,14.0,705.0,763.61,623.73
2016,4,22,15,15,670.0,164.5,7.55,13.5,614.0,653.81,537.36
2016,4,22,15,30,502.0,209.0,7.5,13.0,523.0,550.72,453.57
2016,4,22,15,45,646.0,154.0,7.45,13.0,526.0,559.94,462.65
2016,4,22,16,0,790.0,99.0,7.4,13.0,529.0,549.04,453.78
2016,4,22,16,15,763.5,95.0,7.2,13.0,477.5,487.51,400.97
2016,4,22,16,30,737.0,91.0,7.0,13.0,426.0,426.91,347.82
2016,4,22,16,45,697.0,87.0,6.85,13.0,372.5,363.01,290.97
2016,4,22,17,0,657.0,83.0,6.7,13.0,319.0,302.71,236.22
2016,4,22,17,15,603.0,76.0,6.45,12.5,266.0,239.64,179.53
2016,4,22,17,30,549.0,69.0,6.2,12.0,213.0,182.58,128.47
2016,4,22,17,45,457.0,61.0,5.95,12.0,162.5,125.3,80.89
2016,4,22,18,0,365.0,53.0,5.7,12.0,112.0,78.03,45.86
2016,4,22,18,15,241.0,39.0,5.5,11.5,72.0,37.27,21.21
2016,4,22,18,30,117.0,25.0,5.3,11.0,32.0,19.75,4.4
2016,4,22,18,45,58.5,12.5,5.15,11.0,16.0,11.91,0.0
2016,4,22,19,0,0.0,0.0,5.0,11.0,0.0,0.0,0.0
2016,4,22,19,15,0.0,0.0,4.85,11.0,0.0,0.0,0.0
2016,4,22,19,30,0.0,0.0,4.7,11.0,0.0,0.0,0.0
2016,4,22,19,45,0.0,0.0,4.55,11.0,0.0,0.0,0.0
2016,4,22,20,0,0.0,0.0,4.4,11.0,0.0,0.0,0.0
2016,4,22,20,15,0.0,0.0,4.3,10.5,0.0,0.0,0.0
2016,4,22,20,30,0.0,0.0,4.2,10.0,0.0,0.0,0.0
2016,4,22,20,45,0.0,0.0,4.1,10.0,0.0,0.0,0.0
2016,4,22,21,0,0.0,0.0,4.0,10.0,0.0,0.0,0.0
2016,4,22,21,15,0.0,0.0,3.9,10.0,0.0,0.0,0.0
2016,4,22,21,30,0.0,0.0,3.8,10.0,0.0,0.0,0.0
2016,4,22,21,45,0.0,0.0,3.75,10.0,0.0,0.0,0.0
2016,4,22,22,0,0.0,0.0,3.7,10.0,0.0,0.0,0.0
2016,4,22,22,15,0.0,0.0,3.65,10.0,0.0,0.0,0.0
2016,4,22,22,30,0.0,0.0,3.6,10.0,0.0,0.0,0.0
2016,4,22,22,45,0.0,0.0,3.55,10.0,0.0,0.0,0.0
2016,4,22,23,0,0.0,0.0,3.5,10.0,0.0,0.0,0.0
2016,4,22,23,15,0.0,0.0,3.5,10.0,0.0,0.0,0.0
2016,4,22,23,30,0.0,0.0,3.5,10.0,0.0,0.0,0.0
2016,4,22,23,45,0.0,0.0,3.5,10.0,0.0,0.0,0.0
2016,4,23,0,0,0.0,0.0,3.5,10.0,0.0,0.0,0.0
2016,4,23,0,15,0.0,0.0,3.45,10.0,0.0,0.0,0.0
2016,4,23,0,30,0.0,0.0,3.4,10.0,0.0,0.0,0.0
2016,4,23,0,45,0.0,0.0,3.35,10.0,0.0,0.0,0.0
2016,4,23,1,0,0.0,0.0,3.3,10.0,0.0,0.0,0.0
2016,4,23,1,15,0.0,0.0,3.25,10.0,0.0,0.0,0.0
2016,4,23,1,30,0.0,0.0,3.2,10.0,0.0,0.0,0.0
2016,4,23,1,45,0.0,0.0,3.15,10.0,0.0,0.0,0.0
2016,4,23,2,0,0.0,0.0,3.1,10.0,0.0,0.0,0.0
2016,4,23,2,15,0.0,0.0,3.05,10.0,0.0,0.0,0.0
2016,4,23,2,30,0.0,0.0,3.0,10.0,0.0,0.0,0.0
2016,4,23,2,45,0.0,0.0,2.95,10.0,0.0,0.0,0.0
2016,4,23,3,0,0.0,0.0,2.9,10.0,0.0,0.0,0.0
2016,4,23,3,15,0.0,0.0,2.95,10.0,0.0,0.0,0.0
2016,4,23,3,30,0.0,0.0,3.0,10.0,0.0,0.0,0.0
2016,4,23,3,45,0.0,0.0,3.05,10.0,0.0,0.0,0.0
2016,4,23,4,0,0.0,0.0,3.1,10.0,0.0,0.0,0.0
2016,4,23,4,15,0.0,0.0,3.15,10.0,0.0,0.0,0.0
2016,4,23,4,30,0.0,0.0,3.2,10.0,0.0,0.0,0.0
2016,4,23,4,45,0.0,0.0,3.3,10.0,0.0,0.0,0.0
2016,4,23,5,0,0.0,0.0,3.4,10.0,0.0,0.0,0.0
2016,4,23,5,15,0.0,0.0,3.55,10.5,0.0,0.0,0.0
2016,4,23,5,30,0.0,0.0,3.7,11.0,0.0,0.0,0.0
2016,4,23,5,45,141.0,18.5,3.85,11.5,33.5,14.45,1.77
2016,4,23,6,0,282.0,37.0,4.0,12.0,67.0,37.03,20.58
2016,4,23,6,15,380.0,48.0,4.05,12.0,113.0,75.29,43.08
2016,4,23,6,30,478.0,59.0,4.1,12.0,159.0,125.79,80.33
2016,4,23,6,45,540.0,67.0,4.2,12.5,210.0,178.01,124.47
2016,4,23,7,0,602.0,75.0,4.3,13.0,261.0,237.54,176.84
2016,4,23,7,15,645.5,81.0,4.2,13.0,314.0,296.03,229.66
2016,4,23,7,30,689.0,87.0,4.1,13.0,367.0,358.93,285.5
2016,4,23,7,45,718.0,92.5,4.1,13.0,418.5,418.93,338.11
2016,4,23,8,0,747.0,98.0,4.1,13.0,470.0,481.0,390.93
2016,4,23,8,15,770.0,102.0,4.1,13.0,519.5,539.93,439.84
2016,4,23,8,30,793.0,106.0,4.1,13.0,569.0,599.34,487.75
2016,4,23,8,45,807.0,110.5,4.2,13.5,614.0,653.72,529.92
2016,4,23,9,0,821.0,115.0,4.3,14.0,659.0,707.32,570.39
2016,4,23,9,15,834.0,117.5,4.3,14.0,699.5,757.01,606.22
2016,4,23,9,30,847.0,120.0,4.3,14.0,740.0,805.24,640.24
2016,4,23,9,45,866.5,116.5,4.35,14.5,777.0,845.91,667.44
2016,4,23,10,0,886.0,113.0,4.4,15.0,814.0,889.51,696.51
2016,4,23,10,15,669.0,223.0,4.4,15.0,763.0,847.02,664.35
2016,4,23,10,30,452.0,333.0,4.4,15.0,712.0,775.59,605.8
2016,4,23,10,45,451.5,343.5,4.45,15.5,730.0,798.28,621.13
2016,4,23,11,0,451.0,354.0,4.5,16.0,748.0,819.04,634.38
2016,4,23,11,15,681.0,238.0,4.4,16.0,844.0,937.82,724.44
2016,4,23,11,30,911.0,122.0,4.3,16.0,940.0,1040.66,793.62
2016,4,23,11,45,640.0,267.0,4.25,16.0,843.5,941.28,722.69
2016,4,23,12,0,369.0,412.0,4.2,16.0,747.0,807.88,619.94
2016,4,23,12,15,416.0,390.0,4.25,16.0,767.5,841.92,646.57
2016,4,23,12,30,463.0,368.0,4.3,16.0,788.0,864.85,664.57
2016,4,23,12,45,477.0,350.5,4.35,16.0,779.0,856.58,659.84
2016,4,23,13,0,491.0,333.0,4.4,16.0,770.0,845.75,653.54
2016,4,23,13,15,490.5,326.0,4.55,16.0,755.0,829.0,643.08
2016,4,23,13,30,490.0,319.0,4.7,16.0,740.0,810.12,631.02
2016,4,23,13,45,679.0,223.0,4.9,16.0,788.5,876.51,686.28
2016,4,23,14,0,868.0,127.0,5.1,16.0,837.0,916.09,716.51
2016,4,23,14,15,859.0,125.5,5.2,16.0,805.0,879.47,691.5
2016,4,23,14,30,850.0,124.0,5.3,16.0,773.0,845.56,668.69
2016,4,23,14,45,833.0,124.0,5.45,16.0,734.0,798.91,636.44
2016,4,23,15,0,816.0,124.0,5.6,16.0,695.0,750.86,602.68
2016,4,23,15,15,799.5,121.0,5.6,15.5,652.0,698.98,565.4
2016,4,23,15,30,783.0,118.0,5.6,15.0,609.0,646.29,525.43
2016,4,23,15,45,759.0,115.5,5.65,15.0,561.5,589.01,479.92
2016,4,23,16,0,735.0,113.0,5.7,15.0,514.0,532.48,433.87
2016,4,23,16,15,707.0,108.0,5.65,14.5,463.5,471.84,383.93
2016,4,23,16,30,679.0,103.0,5.6,14.0,413.0,412.87,333.92
2016,4,23,16,45,631.5,99.5,5.6,14.0,360.5,349.77,278.9
2016,4,23,17,0,584.0,96.0,5.6,14.0,308.0,291.21,226.82
2016,4,23,17,15,530.5,87.5,5.5,13.5,256.5,231.13,173.71
2016,4,23,17,30,477.0,79.0,5.4,13.0,205.0,177.11,126.14
2016,4,23,17,45,393.5,68.5,5.35,13.0,157.0,121.57,80.25
2016,4,23,18,0,310.0,58.0,5.3,13.0,109.0,77.83,47.69
2016,4,23,18,15,204.5,41.5,5.2,12.5,70.0,38.6,22.81
2016,4,23,18,30,99.0,25.0,5.1,12.0,31.0,20.69,6.16
2016,4,23,18,45,49.5,12.5,5.05,12.0,15.5,11.91,0.0
2016,4,23,19,0,0.0,0.0,5.0,12.0,0.0,0.0,0.0
2016,4,23,19,15,0.0,0.0,4.9,12.0,0.0,0.0,0.0
2016,4,23,19,30,0.0,0.0,4.8,12.0,0.0,0.0,0.0
2016,4,23,19,45,0.0,0.0,4.7,12.0,0.0,0.0,0.0
2016,4,23,20,0,0.0,0.0,4.6,12.0,0.0,0.0,0.0
2016,4,23,20,15,0.0,0.0,4.5,12.0,0.0,0.0,0.0
2016,4,23,20,30,0.0,0.0,4.4,12.0,0.0,0.0,0.0
2016,4,23,20,45,0.0,0.0,4.3,12.0,0.0,0.0,0.0
2016,4,23,21,0,0.0,0.0,4.2,12.0,0.0,0.0,0.0
2016,4,23,21,15,0.0,0.0,4.15,11.5,0.0,0.0,0.0
2016,4,23,21,30,0.0,0.0,4.1,11.0,0.0,0.0,0.0
2016,4,23,21,45,0.0,0.0,4.05,11.0,0.0,0.0,0.0
2016,4,23,22,0,0.0,0.0,4.0,11.0,0.0,0.0,0.0
2016,4,23,22,15,0.0,0.0,3.9,11.0,0.0,0.0,0.0
2016,4,23,22,30,0.0,0.0,3.8,11.0,0.0,0.0,0.0
2016,4,23,22,45,0.0,0.0,3.75,11.0,0.0,0.0,0.0
2016,4,23,23,0,0.0,0.0,3.7,11.0,0.0,0.0,0.0
2016,4,23,23,15,0.0,0.0,3.75,11.0,0.0,0.0,0.0
2016,4,23,23,30,0.0,0.0,3.8,11.0,0.0,0.0,0.0
2016,4,23,23,45,0.0,0.0,3.85,11.0,0.0,0.0,0.0
2016,4,24,0,0,0.0,0.0,3.9,11.0,0.0,0.0,0.0
2016,4,24,0,15,0.0,0.0,4.0,11.0,0.0,0.0,0.0
2016,4,24,0,30,0.0,0.0,4.1,11.0,0.0,0.0,0.0
2016,4,24,0,45,0.0,0.0,4.2,11.0,0.0,0.0,0.0
2016,4,24,1,0,0.0,0.0,4.3,11.0,0.0,0.0,0.0
2016,4,24,1,15,0.0,0.0,4.35,11.0,0.0,0.0,0.0
2016,4,24,1,30,0.0,0.0,4.4,11.0,0.0,0.0,0.0
2016,4,24,1,45,0.0,0.0,4.5,11.0,0.0,0.0,0.0
2016,4,24,2,0,0.0,0.0,4.6,11.0,0.0,0.0,0.0
2016,4,24,2,15,0.0,0.0,4.6,11.0,0.0,0.0,0.0
2016,4,24,2,30,0.0,0.0,4.6,11.0,0.0,0.0,0.0
2016,4,24,2,45,0.0,0.0,4.65,11.0,0.0,0.0,0.0
2016,4,24,3,0,0.0,0.0,4.7,11.0,0.0,0.0,0.0
2016,4,24,3,15,0.0,0.0,4.8,10.5,0.0,0.0,0.0
2016,4,24,3,30,0.0,0.0,4.9,10.0,0.0,0.0,0.0
2016,4,24,3,45,0.0,0.0,5.05,10.0,0.0,0.0,0.0
2016,4,24,4,0,0.0,0.0,5.2,10.0,0.0,0.0,0.0
2016,4,24,4,15,0.0,0.0,5.35,10.0,0.0,0.0,0.0
2016,4,24,4,30,0.0,0.0,5.5,10.0,0.0,0.0,0.0
2016,4,24,4,45,0.0,0.0,5.65,10.5,0.0,0.0,0.0
2016,4,24,5,0,0.0,0.0,5.8,11.0,0.0,0.0,0.0
2016,4,24,5,15,0.0,0.0,6.0,11.0,0.0,0.0,0.0
2016,4,24,5,30,0.0,0.0,6.2,11.0,0.0,0.0,0.0
2016,4,24,5,45,82.5,23.0,6.45,11.5,32.5,19.14,5.79
2016,4,24,6,0,165.0,46.0,6.7,12.0,65.0,42.35,26.58
2016,4,24,6,15,255.5,63.0,6.7,12.0,109.5,77.63,49.93
2016,4,24,6,30,346.0,80.0,6.7,12.0,154.0,125.04,85.74
2016,4,24,6,45,428.0,89.5,6.7,12.0,206.5,174.97,127.01
2016,4,24,7,0,510.0,99.0,6.7,12.0,259.0,234.62,178.67
2016,4,24,7,15,388.0,129.0,6.65,12.0,263.5,255.77,203.6
2016,4,24,7,30,266.0,159.0,6.6,12.0,268.0,259.18,210.9
2016,4,24,7,45,489.0,138.0,6.6,12.5,371.5,359.54,294.25
2016,4,24,8,0,712.0,117.0,6.6,13.0,475.0,483.36,396.88
2016,4,24,8,15,737.5,122.0,6.6,13.0,525.0,542.95,447.11
2016,4,24,8,30,763.0,127.0,6.6,13.0,575.0,603.61,497.13
2016,4,24,8,45,792.5,126.0,6.6,13.5,623.5,660.54,542.31
2016,4,24,9,0,822.0,125.0,6.6,14.0,672.0,718.83,587.39
2016,4,24,9,15,836.0,127.5,6.55,14.5,713.5,769.31,623.94
2016,4,24,9,30,850.0,130.0,6.5,15.0,755.0,818.41,658.24
2016,4,24,9,45,865.5,129.5,6.5,15.5,791.5,863.97,689.59
2016,4,24,10,0,881.0,129.0,6.5,16.0,828.0,901.83,714.9
2016,4,24,10,15,888.0,131.0,6.55,16.0,857.0,937.84,740.32
2016,4,24,10,30,895.0,133.0,6.6,16.0,886.0,971.01,763.61
2016,4,24,10,45,898.5,135.0,6.7,16.0,907.0,997.83,782.6
2016,4,24,11,0,902.0,137.0,6.8,16.0,928.0,1021.34,799.27
2016,4,24,11,15,905.0,138.0,7.05,16.0,941.5,1039.9,813.34
2016,4,24,11,30,908.0,139.0,7.3,16.0,955.0,1054.93,824.99
2016,4,24,11,45,902.0,143.5,7.55,16.0,959.0,1060.85,830.22
2016,4,24,12,0,896.0,148.0,7.8,16.0,963.0,1063.01,832.88
2016,4,24,12,15,895.0,148.0,8.0,16.0,961.0,1061.99,833.1
2016,4,24,12,30,894.0,148.0,8.2,16.0,959.0,1057.31,830.79
2016,4,24,12,45,713.0,245.5,8.45,16.0,888.0,986.02,779.97
2016,4,24,13,0,532.0,343.0,8.7,16.0,817.0,895.73,709.16
2016,4,24,13,15,544.0,329.0,8.85,15.5,805.5,883.26,702.85
2016,4,24,13,30,556.0,315.0,9.0,15.0,794.0,868.02,694.15
2016,4,24,13,45,567.0,297.5,9.15,15.0,774.5,845.48,678.63
2016,4,24,14,0,578.0,280.0,9.3,15.0,755.0,820.14,660.87
2016,4,24,14,15,668.5,234.0,9.35,14.5,762.5,834.78,676.66
2016,4,24,14,30,759.0,188.0,9.4,14.0,770.0,838.59,683.33
2016,4,24,14,45,740.0,187.0,9.5,14.0,731.5,791.99,648.11
2016,4,24,15,0,721.0,186.0,9.6,14.0,693.0,744.4,611.11
2016,4,24,15,15,702.5,180.5,9.6,14.0,649.5,692.0,569.72
2016,4,24,15,30,684.0,175.0,9.6,14.0,606.0,639.25,527.36
2016,4,24,15,45,677.0,162.0,9.65,14.0,561.5,586.09,484.2
2016,4,24,16,0,670.0,149.0,9.7,14.0,517.0,532.04,439.32
2016,4,24,16,15,639.0,142.5,9.75,13.5,466.0,471.59,388.69
2016,4,24,16,30,608.0,136.0,9.8,13.0,415.0,413.27,338.6
2016,4,24,16,45,579.5,124.0,9.85,13.0,364.0,353.15,285.36
2016,4,24,17,0,551.0,112.0,9.9,13.0,313.0,293.43,231.58
2016,4,24,17,15,495.5,101.5,9.9,12.5,261.0,232.99,177.84
2016,4,24,17,30,440.0,91.0,9.9,12.0,209.0,178.83,130.0
2016,4,24,17,45,364.0,77.5,9.9,12.0,160.5,125.41,85.32
2016,4,24,18,0,288.0,64.0,9.9,12.0,112.0,81.29,51.72
2016,4,24,18,15,189.0,45.0,9.9,11.5,72.0,41.25,25.35
2016,4,24,18,30,90.0,26.0,9.9,11.0,32.0,21.48,7.76
2016,4,24,18,45,45.0,13.0,9.95,11.0,16.0,12.39,0.0
2016,4,24,19,0,0.0,0.0,10.0,11.0,0.0,0.0,0.0
2016,4,24,19,15,0.0,0.0,9.95,11.0,0.0,0.0,0.0
2016,4,24,19,30,0.0,0.0,9.9,11.0,0.0,0.0,0.0
2016,4,24,19,45,0.0,0.0,9.9,11.0,0.0,0.0,0.0
2016,4,24,20,0,0.0,0.0,9.9,11.0,0.0,0.0,0.0
2016,4,24,20,15,0.0,0.0,9.8,10.5,0.0,0.0,0.0
2016,4,24,20,30,0.0,0.0,9.7,10.0,0.0,0.0,0.0
2016,4,24,20,45,0.0,0.0,9.6,10.0,0.0,0.0,0.0
2016,4,24,21,0,0.0,0.0,9.5,10.0,0.0,0.0,0.0
2016,4,24,21,15,0.0,0.0,9.35,10.0,0.0,0.0,0.0
2016,4,24,21,30,0.0,0.0,9.2,10.0,0.0,0.0,0.0
2016,4,24,21,45,0.0,0.0,9.05,10.0,0.0,0.0,0.0
2016,4,24,22,0,0.0,0.0,8.9,10.0,0.0,0.0,0.0
2016,4,24,22,15,0.0,0.0,8.8,9.5,0.0,0.0,0.0
2016,4,24,22,30,0.0,0.0,8.7,9.0,0.0,0.0,0.0
2016,4,24,22,45,0.0,0.0,8.6,9.0,0.0,0.0,0.0
2016,4,24,23,0,0.0,0.0,8.5,9.0,0.0,0.0,0.0
2016,4,24,23,15,0.0,0.0,8.45,9.0,0.0,0.0,0.0
2016,4,24,23,30,0.0,0.0,8.4,9.0,0.0,0.0,0.0
2016,4,24,23,45,0.0,0.0,8.35,9.0,0.0,0.0,0.0
2016,4,25,0,0,0.0,0.0,8.3,9.0,0.0,0.0,0.0
2016,4,25,0,15,0.0,0.0,8.15,9.0,0.0,0.0,0.0
2016,4,25,0,30,0.0,0.0,8.0,9.0,0.0,0.0,0.0
2016,4,25,0,45,0.0,0.0,7.9,9.0,0.0,0.0,0.0
2016,4,25,1,0,0.0,0.0,7.8,9.0,0.0,0.0,0.0
2016,4,25,1,15,0.0,0.0,7.65,9.0,0.0,0.0,0.0
2016,4,25,1,30,0.0,0.0,7.5,9.0,0.0,0.0,0.0
2016,4,25,1,45,0.0,0.0,7.35,9.0,0.0,0.0,0.0
2016,4,25,2,0,0.0,0.0,7.2,9.0,0.0,0.0,0.0
2016,4,25,2,15,0.0,0.0,7.0,8.5,0.0,0.0,0.0
2016,4,25,2,30,0.0,0.0,6.8,8.0,0.0,0.0,0.0
2016,4,25,2,45,0.0,0.0,6.65,8.0,0.0,0.0,0.0
2016,4,25,3,0,0.0,0.0,6.5,8.0,0.0,0.0,0.0
2016,4,25,3,15,0.0,0.0,6.35,8.0,0.0,0.0,0.0
2016,4,25,3,30,0.0,0.0,6.2,8.0,0.0,0.0,0.0
2016,4,25,3,45,0.0,0.0,6.05,8.0,0.0,0.0,0.0
2016,4,25,4,0,0.0,0.0,5.9,8.0,0.0,0.0,0.0
2016,4,25,4,15,0.0,0.0,5.8,8.0,0.0,0.0,0.0
2016,4,25,4,30,0.0,0.0,5.7,8.0,0.0,0.0,0.0
2016,4,25,4,45,0.0,0.0,5.6,8.0,0.0,0.0,0.0
2016,4,25,5,0,0.0,0.0,5.5,8.0,0.0,0.0,0.0
2016,4,25,5,15,0.0,0.0,5.6,8.0,0.0,0.0,0.0
2016,4,25,5,30,0.0,0.0,5.7,8.0,0.0,0.0,0.0
2016,4,25,5,45,196.0,17.0,5.8,8.5,40.0,12.87,2.94
2016,4,25,6,0,392.0,34.0,5.9,9.0,80.0,37.87,19.24
2016,4,25,6,15,485.0,43.0,6.0,9.5,129.0,80.95,43.96
2016,4,25,6,30,578.0,52.0,6.1,10.0,178.0,135.54,85.04
2016,4,25,6,45,638.0,58.0,6.2,10.5,231.5,191.6,133.64
2016,4,25,7,0,698.0,64.0,6.3,11.0,285.0,255.72,191.43
2016,4,25,7,15,737.5,68.5,6.3,11.0,340.0,316.84,248.21
2016,4,25,7,30,777.0,73.0,6.3,11.0,395.0,381.76,307.55
2016,4,25,7,45,805.0,77.0,6.3,11.5,448.5,444.43,363.32
2016,4,25,8,0,833.0,81.0,6.3,12.0,502.0,508.88,418.86
2016,4,25,8,15,854.0,84.5,6.2,12.0,553.0,570.32,470.98
2016,4,25,8,30,875.0,88.0,6.1,12.0,604.0,630.4,520.56
2016,4,25,8,45,890.0,90.5,6.05,12.5,651.5,686.66,564.85
2016,4,25,9,0,905.0,93.0,6.0,13.0,699.0,741.97,606.03
2016,4,25,9,15,917.0,95.0,6.0,13.0,740.5,793.29,643.58
2016,4,25,9,30,929.0,97.0,6.0,13.0,782.0,842.83,679.38
2016,4,25,9,45,936.0,99.5,6.05,13.5,817.5,886.71,709.53
2016,4,25,10,0,943.0,102.0,6.1,14.0,853.0,927.93,737.43
2016,4,25,10,15,949.0,103.5,6.15,14.0,882.0,964.36,763.06
2016,4,25,10,30,955.0,105.0,6.2,14.0,911.0,997.68,786.4
2016,4,25,10,45,958.5,106.5,6.3,14.5,932.5,1025.36,804.44
2016,4,25,11,0,962.0,108.0,6.4,15.0,954.0,1049.5,819.96
2016,4,25,11,15,964.5,108.5,6.45,15.0,967.5,1067.96,832.75
2016,4,25,11,30,967.0,109.0,6.5,15.0,981.0,1082.65,843.0
2016,4,25,11,45,965.0,110.5,6.6,15.0,986.0,1090.01,848.53
2016,4,25,12,0,963.0,112.0,6.7,15.0,991.0,1093.43,851.43
2016,4,25,12,15,726.0,240.0,6.75,15.0,902.0,1002.52,786.58
2016,4,25,12,30,489.0,368.0,6.8,15.0,813.0,889.91,698.63
2016,4,25,12,45,717.5,242.5,6.85,15.0,887.5,986.92,777.16
2016,4,25,13,0,946.0,117.0,6.9,15.0,962.0,1058.21,828.88
2016,4,25,13,15,942.0,116.5,6.95,15.0,944.0,1038.49,815.19
2016,4,25,13,30,938.0,116.0,7.0,15.0,926.0,1015.22,799.41
2016,4,25,13,45,711.5,214.0,7.05,15.5,818.5,896.27,711.89
2016,4,25,14,0,485.0,312.0,7.1,16.0,711.0,768.71,610.94
2016,4,25,14,15,511.5,288.5,7.15,15.5,695.0,750.84,600.7
2016,4,25,14,30,538.0,265.0,7.2,15.0,679.0,729.39,587.15
2016,4,25,14,45,710.5,186.0,7.25,15.0,704.5,767.16,621.04
2016,4,25,15,0,883.0,107.0,7.3,15.0,730.0,779.1,632.31
2016,4,25,15,15,868.0,104.5,7.35,15.0,685.5,729.55,595.65
2016,4,25,15,30,853.0,102.0,7.4,15.0,641.0,675.35,553.2
2016,4,25,15,45,832.5,99.0,7.45,15.0,592.0,616.44,505.7
2016,4,25,16,0,812.0,96.0,7.5,15.0,543.0,557.58,457.06
2016,4,25,16,15,786.0,92.0,7.5,14.5,491.0,495.28,405.1
2016,4,25,16,30,760.0,88.0,7.5,14.0,439.0,434.28,352.64
2016,4,25,16,45,722.5,84.0,7.5,14.0,385.0,369.62,295.28
2016,4,25,17,0,685.0,80.0,7.5,14.0,331.0,308.83,240.09
2016,4,25,17,15,634.5,73.5,7.35,13.5,277.5,245.67,183.19
2016,4,25,17,30,584.0,67.0,7.2,13.0,224.0,188.04,131.44
2016,4,25,17,45,503.5,59.0,7.1,12.5,173.0,130.37,83.12
2016,4,25,18,0,423.0,51.0,7.0,12.0,122.0,82.52,47.4
2016,4,25,18,15,304.0,38.0,6.75,11.5,80.0,39.01,21.66
2016,4,25,18,30,185.0,25.0,6.5,11.0,38.0,19.64,7.45
2016,4,25,18,45,92.5,12.5,6.3,11.0,19.0,11.91,0.0
2016,4,25,19,0,0.0,0.0,6.1,11.0,0.0,0.0,0.0
2016,4,25,19,15,0.0,0.0,5.85,10.5,0.0,0.0,0.0
2016,4,25,19,30,0.0,0.0,5.6,10.0,0.0,0.0,0.0
2016,4,25,19,45,0.0,0.0,5.4,10.0,0.0,0.0,0.0
2016,4,25,20,0,0.0,0.0,5.2,10.0,0.0,0.0,0.0
2016,4,25,20,15,0.0,0.0,5.15,10.0,0.0,0.0,0.0
2016,4,25,20,30,0.0,0.0,5.1,10.0,0.0,0.0,0.0
2016,4,25,20,45,0.0,0.0,5.05,10.0,0.0,0.0,0.0
2016,4,25,21,0,0.0,0.0,5.0,10.0,0.0,0.0,0.0
2016,4,25,21,15,0.0,0.0,4.95,10.0,0.0,0.0,0.0
2016,4,25,21,30,0.0,0.0,4.9,10.0,0.0,0.0,0.0
2016,4,25,21,45,0.0,0.0,4.9,10.0,0.0,0.0,0.0
2016,4,25,22,0,0.0,0.0,4.9,10.0,0.0,0.0,0.0
2016,4,25,22,15,0.0,0.0,4.9,9.5,0.0,0.0,0.0
2016,4,25,22,30,0.0,0.0,4.9,9.0,0.0,0.0,0.0
2016,4,25,22,45,0.0,0.0,4.95,9.0,0.0,0.0,0.0
2016,4,25,23,0,0.0,0.0,5.0,9.0,0.0,0.0,0.0
2016,4,25,23,15,0.0,0.0,5.0,9.0,0.0,0.0,0.0
2016,4,25,23,30,0.0,0.0,5.0,9.0,0.0,0.0,0.0
2016,4,25,23,45,0.0,0.0,5.0,9.0,0.0,0.0,0.0
2016,4,26,0,0,0.0,0.0,5.0,9.0,0.0,0.0,0.0
2016,4,26,0,15,0.0,0.0,4.9,9.0,0.0,0.0,0.0
2016,4,26,0,30,0.0,0.0,4.8,9.0,0.0,0.0,0.0
2016,4,26,0,45,0.0,0.0,4.7,9.0,0.0,0.0,0.0
2016,4,26,1,0,0.0,0.0,4.6,9.0,0.0,0.0,0.0
2016,4,26,1,15,0.0,0.0,4.45,9.0,0.0,0.0,0.0
2016,4,26,1,30,0.0,0.0,4.3,9.0,0.0,0.0,0.0
2016,4,26,1,45,0.0,0.0,4.15,9.0,0.0,0.0,0.0
2016,4,26,2,0,0.0,0.0,4.0,9.0,0.0,0.0,0.0
2016,4,26,2,15,0.0,0.0,3.95,8.5,0.0,0.0,0.0
2016,4,26,2,30,0.0,0.0,3.9,8.0,0.0,0.0,0.0
2016,4,26,2,45,0.0,0.0,3.85,8.0,0.0,0.0,0.0
2016,4,26,3,0,0.0,0.0,3.8,8.0,0.0,0.0,0.0
2016,4,26,3,15,0.0,0.0,3.75,8.0,0.0,0.0,0.0
2016,4,26,3,30,0.0,0.0,3.7,8.0,0.0,0.0,0.0
2016,4,26,3,45,0.0,0.0,3.7,8.0,0.0,0.0,0.0
2016,4,26,4,0,0.0,0.0,3.7,8.0,0.0,0.0,0.0
2016,4,26,4,15,0.0,0.0,3.65,8.0,0.0,0.0,0.0
2016,4,26,4,30,0.0,0.0,3.6,8.0,0.0,0.0,0.0
2016,4,26,4,45,0.0,0.0,3.55,8.0,0.0,0.0,0.0
2016,4,26,5,0,0.0,0.0,3.5,8.0,0.0,0.0,0.0
2016,4,26,5,15,0.0,4.0,3.5,8.5,4.0,0.0,0.0
2016,4,26,5,30,0.0,8.0,3.5,9.0,8.0,7.63,0.0
2016,4,26,5,45,62.5,26.0,3.55,9.5,33.5,21.52,9.69
2016,4,26,6,0,125.0,44.0,3.6,10.0,59.0,40.52,25.94
2016,4,26,6,15,170.0,63.5,3.65,10.0,94.5,71.61,48.65
2016,4,26,6,30,215.0,83.0,3.7,10.0,130.0,108.63,78.25
2016,4,26,6,45,239.0,103.5,3.8,10.5,169.0,147.83,112.0
2016,4,26,7,0,263.0,124.0,3.9,11.0,208.0,190.05,148.85
2016,4,26,7,15,295.5,138.5,3.9,11.5,249.0,232.33,185.47
2016,4,26,7,30,328.0,153.0,3.9,12.0,290.0,278.15,224.72
2016,4,26,7,45,479.5,136.0,3.9,12.5,365.5,354.18,287.62
2016,4,26,8,0,631.0,119.0,3.9,13.0,441.0,445.66,362.69
2016,4,26,8,15,574.5,154.0,3.8,13.0,469.0,484.68,394.45
2016,4,26,8,30,518.0,189.0,3.7,13.0,497.0,513.54,416.99
2016,4,26,8,45,454.0,230.0,3.6,13.0,515.0,539.5,435.92
2016,4,26,9,0,390.0,271.0,3.5,13.0,533.0,551.82,443.62
2016,4,26,9,15,382.0,292.5,3.45,13.0,562.0,586.31,469.04
2016,4,26,9,30,374.0,314.0,3.4,13.0,591.0,619.07,492.57
2016,4,26,9,45,427.0,307.0,3.4,13.5,637.5,679.71,537.27
2016,4,26,10,0,480.0,300.0,3.4,14.0,684.0,735.57,577.63
2016,4,26,10,15,444.5,328.5,3.55,14.0,693.5,749.21,586.01
2016,4,26,10,30,409.0,357.0,3.7,14.0,703.0,759.02,591.83
2016,4,26,10,45,430.5,357.5,3.9,14.0,729.5,791.49,616.13
2016,4,26,11,0,452.0,358.0,4.1,14.0,756.0,822.98,639.51
2016,4,26,11,15,312.5,407.5,4.3,14.0,685.0,735.68,572.68
2016,4,26,11,30,173.0,457.0,4.5,14.0,614.0,641.71,500.03
2016,4,26,11,45,233.0,450.0,4.75,14.5,663.0,696.47,542.79
2016,4,26,12,0,293.0,443.0,5.0,15.0,712.0,762.11,592.16
2016,4,26,12,15,316.0,435.0,5.15,15.0,724.0,776.92,604.11
2016,4,26,12,30,339.0,427.0,5.3,15.0,736.0,790.05,615.16
2016,4,26,12,45,581.5,301.5,5.5,15.0,824.5,908.79,710.76
2016,4,26,13,0,824.0,176.0,5.7,15.0,913.0,1007.21,785.22
2016,4,26,13,15,649.0,258.5,5.8,15.0,832.5,914.18,718.13
2016,4,26,13,30,474.0,341.0,5.9,15.0,752.0,815.55,641.88
2016,4,26,13,45,533.0,308.5,6.05,15.0,758.0,824.17,651.74
2016,4,26,14,0,592.0,276.0,6.2,15.0,764.0,827.53,657.18
2016,4,26,14,15,699.5,213.0,6.2,15.0,768.0,839.53,669.9
2016,4,26,14,30,807.0,150.0,6.2,15.0,772.0,835.5,668.1
2016,4,26,14,45,683.5,187.5,6.25,15.0,696.5,746.85,601.63
2016,4,26,15,0,560.0,225.0,6.3,15.0,621.0,658.55,532.2
2016,4,26,15,15,518.5,223.5,6.3,14.5,573.0,600.99,488.32
2016,4,26,15,30,477.0,222.0,6.3,14.0,525.0,545.6,445.2
2016,4,26,15,45,600.0,171.5,6.3,14.0,522.5,547.82,448.47
2016,4,26,16,0,723.0,121.0,6.3,14.0,520.0,533.15,436.79
2016,4,26,16,15,694.5,115.5,6.3,13.5,469.5,472.45,386.46
2016,4,26,16,30,666.0,110.0,6.3,13.0,419.0,413.52,336.27
2016,4,26,16,45,631.0,103.0,6.35,13.0,368.0,352.65,282.73
2016,4,26,17,0,596.0,96.0,6.4,13.0,317.0,294.96,230.86
2016,4,26,17,15,544.0,88.0,6.35,12.5,265.5,235.17,177.6
2016,4,26,17,30,492.0,80.0,6.3,12.0,214.0,181.21,129.71
2016,4,26,17,45,413.5,69.5,6.3,12.0,165.5,125.55,83.2
2016,4,26,18,0,335.0,59.0,6.3,12.0,117.0,81.03,49.65
2016,4,26,18,15,231.5,43.5,6.2,11.5,77.0,41.14,24.61
2016,4,26,18,30,128.0,28.0,6.1,11.0,37.0,22.01,9.79
2016,4,26,18,45,64.0,14.0,6.0,11.0,18.5,13.34,0.0
2016,4,26,19,0,0.0,0.0,5.9,11.0,0.0,0.0,0.0
2016,4,26,19,15,0.0,0.0,5.8,11.0,0.0,0.0,0.0
2016,4,26,19,30,0.0,0.0,5.7,11.0,0.0,0.0,0.0
2016,4,26,19,45,0.0,0.0,5.65,11.0,0.0,0.0,0.0
2016,4,26,20,0,0.0,0.0,5.6,11.0,0.0,0.0,0.0
2016,4,26,20,15,0.0,0.0,5.5,11.0,0.0,0.0,0.0
2016,4,26,20,30,0.0,0.0,5.4,11.0,0.0,0.0,0.0
2016,4,26,20,45,0.0,0.0,5.35,11.0,0.0,0.0,0.0
2016,4,26,21,0,0.0,0.0,5.3,11.0,0.0,0.0,0.0
2016,4,26,21,15,0.0,0.0,5.15,11.0,0.0,0.0,0.0
2016,4,26,21,30,0.0,0.0,5.0,11.0,0.0,0.0,0.0
2016,4,26,21,45,0.0,0.0,4.9,11.0,0.0,0.0,0.0
2016,4,26,22,0,0.0,0.0,4.8,11.0,0.0,0.0,0.0
2016,4,26,22,15,0.0,0.0,4.65,11.0,0.0,0.0,0.0
2016,4,26,22,30,0.0,0.0,4.5,11.0,0.0,0.0,0.0
2016,4,26,22,45,0.0,0.0,4.4,11.0,0.0,0.0,0.0
2016,4,26,23,0,0.0,0.0,4.3,11.0,0.0,0.0,0.0
2016,4,26,23,15,0.0,0.0,4.15,10.5,0.0,0.0,0.0
2016,4,26,23,30,0.0,0.0,4.0,10.0,0.0,0.0,0.0
2016,4,26,23,45,0.0,0.0,3.85,10.0,0.0,0.0,0.0
2016,4,27,0,0,0.0,0.0,3.7,10.0,0.0,0.0,0.0
2016,4,27,0,15,0.0,0.0,3.6,10.0,0.0,0.0,0.0
2016,4,27,0,30,0.0,0.0,3.5,10.0,0.0,0.0,0.0
2016,4,27,0,45,0.0,0.0,3.45,10.0,0.0,0.0,0.0
2016,4,27,1,0,0.0,0.0,3.4,10.0,0.0,0.0,0.0
2016,4,27,1,15,0.0,0.0,3.4,10.0,0.0,0.0,0.0
2016,4,27,1,30,0.0,0.0,3.4,10.0,0.0,0.0,0.0
2016,4,27,1,45,0.0,0.0,3.4,10.0,0.0,0.0,0.0
2016,4,27,2,0,0.0,0.0,3.4,10.0,0.0,0.0,0.0
2016,4,27,2,15,0.0,0.0,3.35,10.0,0.0,0.0,0.0
2016,4,27,2,30,0.0,0.0,3.3,10.0,0.0,0.0,0.0
2016,4,27,2,45,0.0,0.0,3.25,10.0,0.0,0.0,0.0
2016,4,27,3,0,0.0,0.0,3.2,10.0,0.0,0.0,0.0
2016,4,27,3,15,0.0,0.0,3.1,10.0,0.0,0.0,0.0
2016,4,27,3,30,0.0,0.0,3.0,10.0,0.0,0.0,0.0
2016,4,27,3,45,0.0,0.0,2.9,10.0,0.0,0.0,0.0
2016,4,27,4,0,0.0,0.0,2.8,10.0,0.0,0.0,0.0
2016,4,27,4,15,0.0,0.0,2.85,10.0,0.0,0.0,0.0
2016,4,27,4,30,0.0,0.0,2.9,10.0,0.0,0.0,0.0
2016,4,27,4,45,0.0,0.0,2.95,10.0,0.0,0.0,0.0
2016,4,27,5,0,0.0,0.0,3.0,10.0,0.0,0.0,0.0
2016,4,27,5,15,18.0,5.5,3.3,10.5,6.0,0.0,0.0
2016,4,27,5,30,36.0,11.0,3.6,11.0,12.0,10.48,0.0
2016,4,27,5,45,162.0,26.0,3.9,11.5,44.5,20.32,9.44
2016,4,27,6,0,288.0,41.0,4.2,12.0,77.0,41.82,23.64
2016,4,27,6,15,379.0,52.5,4.35,12.0,123.5,81.84,48.41
2016,4,27,6,30,470.0,64.0,4.5,12.0,170.0,132.21,86.41
2016,4,27,6,45,235.0,71.0,4.7,12.0,124.0,118.22,86.61
2016,4,27,7,0,0.0,78.0,4.9,12.0,78.0,72.47,56.78
2016,4,27,7,15,0.0,93.0,5.15,12.0,93.0,86.49,68.68
2016,4,27,7,30,0.0,108.0,5.4,12.0,108.0,100.59,80.45
2016,4,27,7,45,56.5,164.5,5.7,12.5,193.5,181.44,147.84
2016,4,27,8,0,113.0,221.0,6.0,13.0,279.0,272.02,222.39
2016,4,27,8,15,56.5,119.5,6.3,13.0,148.5,148.66,120.24
2016,4,27,8,30,0.0,18.0,6.6,13.0,18.0,16.73,8.52
2016,4,27,8,45,176.5,150.5,6.9,13.0,269.5,269.85,222.97
2016,4,27,9,0,353.0,283.0,7.2,13.0,521.0,537.61,440.08
2016,4,27,9,15,233.5,317.0,7.35,13.0,478.5,492.07,400.55
2016,4,27,9,30,114.0,351.0,7.5,13.0,436.0,442.37,357.45
2016,4,27,9,45,61.5,285.0,7.7,13.0,331.0,329.39,266.04
2016,4,27,10,0,9.0,219.0,7.9,13.0,226.0,214.83,171.66
2016,4,27,10,15,166.0,306.5,7.95,13.0,447.5,458.85,372.57
2016,4,27,10,30,323.0,394.0,8.0,13.0,669.0,708.76,569.68
2016,4,27,10,45,596.0,275.5,8.05,13.0,797.5,866.92,698.05
2016,4,27,11,0,869.0,157.0,8.1,13.0,926.0,1017.95,812.61
2016,4,27,11,15,873.5,158.0,8.05,13.0,940.5,1037.69,825.83
2016,4,27,11,30,878.0,159.0,8.0,13.0,955.0,1054.0,837.09
2016,4,27,11,45,876.5,161.5,8.0,13.0,961.0,1062.31,842.84
2016,4,27,12,0,875.0,164.0,8.0,13.0,967.0,1066.94,846.06
2016,4,27,12,15,875.0,164.0,8.0,13.0,965.0,1066.82,845.96
2016,4,27,12,30,875.0,164.0,8.0,13.0,963.0,1063.02,843.32
2016,4,27,12,45,685.5,261.0,8.0,13.0,883.5,972.77,776.97
2016,4,27,13,0,496.0,358.0,8.0,13.0,804.0,873.82,697.26
2016,4,27,13,15,675.0,261.5,8.0,13.0,855.0,941.75,754.95
2016,4,27,13,30,854.0,165.0,8.0,13.0,906.0,992.87,794.02
2016,4,27,13,45,675.5,238.0,8.05,13.0,814.0,886.32,714.59
2016,4,27,14,0,497.0,311.0,8.1,13.0,722.0,777.37,627.45
2016,4,27,14,15,280.5,329.0,8.1,13.0,559.5,582.69,472.28
2016,4,27,14,30,64.0,347.0,8.1,13.0,397.0,393.81,317.22
2016,4,27,14,45,433.5,246.0,8.15,13.0,556.0,604.21,495.67
2016,4,27,15,0,803.0,145.0,8.2,13.0,715.0,760.97,625.71
2016,4,27,15,15,785.0,141.0,8.15,13.0,670.5,709.02,584.3
2016,4,27,15,30,767.0,137.0,8.1,13.0,626.0,654.69,540.72
2016,4,27,15,45,744.5,132.5,8.1,13.0,577.5,596.82,493.49
2016,4,27,16,0,722.0,128.0,8.1,13.0,529.0,539.39,445.62
2016,4,27,16,15,692.5,122.5,8.05,13.0,477.5,478.23,393.57
2016,4,27,16,30,663.0,117.0,8.0,13.0,426.0,418.93,341.94
2016,4,27,16,45,628.0,109.0,8.0,13.0,374.0,357.24,287.39
2016,4,27,17,0,593.0,101.0,8.0,13.0,322.0,298.75,234.63
2016,4,27,17,15,539.0,92.5,7.95,12.5,269.5,238.11,180.57
2016,4,27,17,30,485.0,84.0,7.9,12.0,217.0,181.83,130.72
2016,4,27,17,45,418.5,71.5,7.85,12.0,168.5,128.18,85.3
2016,4,27,18,0,352.0,59.0,7.8,12.0,120.0,82.59,50.32
2016,4,27,18,15,244.5,44.0,7.75,11.5,79.5,41.99,25.07
2016,4,27,18,30,137.0,29.0,7.7,11.0,39.0,22.79,10.97
2016,4,27,18,45,68.5,14.5,7.65,11.0,19.5,13.82,0.0
2016,4,27,19,0,0.0,0.0,7.6,11.0,0.0,0.0,0.0
2016,4,27,19,15,0.0,0.0,7.55,11.0,0.0,0.0,0.0
2016,4,27,19,30,0.0,0.0,7.5,11.0,0.0,0.0,0.0
2016,4,27,19,45,0.0,0.0,7.5,11.0,0.0,0.0,0.0
2016,4,27,20,0,0.0,0.0,7.5,11.0,0.0,0.0,0.0
2016,4,27,20,15,0.0,0.0,7.4,10.5,0.0,0.0,0.0
2016,4,27,20,30,0.0,0.0,7.3,10.0,0.0,0.0,0.0
2016,4,27,20,45,0.0,0.0,7.25,10.0,0.0,0.0,0.0
2016,4,27,21,0,0.0,0.0,7.2,10.0,0.0,0.0,0.0
2016,4,27,21,15,0.0,0.0,7.15,10.0,0.0,0.0,0.0
2016,4,27,21,30,0.0,0.0,7.1,10.0,0.0,0.0,0.0
2016,4,27,21,45,0.0,0.0,7.05,10.0,0.0,0.0,0.0
2016,4,27,22,0,0.0,0.0,7.0,10.0,0.0,0.0,0.0
2016,4,27,22,15,0.0,0.0,6.9,10.0,0.0,0.0,0.0
2016,4,27,22,30,0.0,0.0,6.8,10.0,0.0,0.0,0.0
2016,4,27,22,45,0.0,0.0,6.7,10.0,0.0,0.0,0.0
2016,4,27,23,0,0.0,0.0,6.6,10.0,0.0,0.0,0.0
2016,4,27,23,15,0.0,0.0,6.5,9.5,0.0,0.0,0.0
2016,4,27,23,30,0.0,0.0,6.4,9.0,0.0,0.0,0.0
2016,4,27,23,45,0.0,0.0,6.35,9.0,0.0,0.0,0.0
2016,4,28,0,0,0.0,0.0,6.3,9.0,0.0,0.0,0.0
2016,4,28,0,15,0.0,0.0,6.15,9.0,0.0,0.0,0.0
2016,4,28,0,30,0.0,0.0,6.0,9.0,0.0,0.0,0.0
2016,4,28,0,45,0.0,0.0,5.9,9.0,0.0,0.0,0.0
2016,4,28,1,0,0.0,0.0,5.8,9.0,0.0,0.0,0.0
2016,4,28,1,15,0.0,0.0,5.65,9.0,0.0,0.0,0.0
2016,4,28,1,30,0.0,0.0,5.5,9.0,0.0,0.0,0.0
2016,4,28,1,45,0.0,0.0,5.35,9.0,0.0,0.0,0.0
2016,4,28,2,0,0.0,0.0,5.2,9.0,0.0,0.0,0.0
2016,4,28,2,15,0.0,0.0,5.15,9.0,0.0,0.0,0.0
2016,4,28,2,30,0.0,0.0,5.1,9.0,0.0,0.0,0.0
2016,4,28,2,45,0.0,0.0,5.05,9.0,0.0,0.0,0.0
2016,4,28,3,0,0.0,0.0,5.0,9.0,0.0,0.0,0.0
2016,4,28,3,15,0.0,0.0,5.0,9.0,0.0,0.0,0.0
2016,4,28,3,30,0.0,0.0,5.0,9.0,0.0,0.0,0.0
2016,4,28,3,45,0.0,0.0,5.0,9.0,0.0,0.0,0.0
2016,4,28,4,0,0.0,0.0,5.0,9.0,0.0,0.0,0.0
2016,4,28,4,15,0.0,0.0,5.0,9.0,0.0,0.0,0.0
2016,4,28,4,30,0.0,0.0,5.0,9.0,0.0,0.0,0.0
2016,4,28,4,45,0.0,0.0,5.0,9.0,0.0,0.0,0.0
2016,4,28,5,0,0.0,0.0,5.0,9.0,0.0,0.0,0.0
2016,4,28,5,15,26.0,6.0,5.2,9.5,7.0,0.0,0.0
2016,4,28,5,30,52.0,12.0,5.4,10.0,14.0,11.44,0.0
2016,4,28,5,45,181.0,27.0,5.65,10.5,48.0,21.09,10.62
2016,4,28,6,0,310.0,42.0,5.9,11.0,82.0,44.84,25.61
2016,4,28,6,15,400.0,52.5,5.9,11.0,128.5,84.32,49.8
2016,4,28,6,30,490.0,63.0,5.9,11.0,175.0,134.98,88.35
2016,4,28,6,45,554.0,70.0,5.95,11.5,227.0,187.68,133.46
2016,4,28,7,0,618.0,77.0,6.0,12.0,279.0,247.84,186.85
2016,4,28,7,15,659.5,82.5,5.85,12.0,332.0,306.12,240.08
2016,4,28,7,30,701.0,88.0,5.7,12.0,385.0,368.5,296.14
2016,4,28,7,45,735.0,91.5,5.6,12.5,438.0,429.24,349.25
2016,4,28,8,0,769.0,95.0,5.5,13.0,491.0,492.92,403.16
2016,4,28,8,15,791.0,98.5,5.3,13.5,540.5,551.41,451.07
2016,4,28,8,30,813.0,102.0,5.1,14.0,590.0,610.45,497.7
2016,4,28,8,45,831.0,104.5,4.95,14.5,636.0,666.03,540.21
2016,4,28,9,0,849.0,107.0,4.8,15.0,682.0,721.1,580.64
2016,4,28,9,15,862.0,109.0,4.65,15.0,723.0,767.54,613.0
2016,4,28,9,30,875.0,111.0,4.5,15.0,764.0,815.44,645.88
2016,4,28,9,45,894.0,108.0,4.4,15.5,802.0,861.39,675.79
2016,4,28,10,0,913.0,105.0,4.3,16.0,840.0,905.65,703.89
2016,4,28,10,15,920.0,106.5,4.2,16.0,868.5,941.82,727.53
2016,4,28,10,30,927.0,108.0,4.1,16.0,897.0,975.06,748.99
2016,4,28,10,45,929.0,110.5,4.05,16.5,918.0,1001.47,764.47
2016,4,28,11,0,931.0,113.0,4.0,17.0,939.0,1024.41,777.53
2016,4,28,11,15,934.0,114.0,4.05,17.0,953.0,1043.2,789.94
2016,4,28,11,30,937.0,115.0,4.1,17.0,967.0,1058.36,800.01
2016,4,28,11,45,936.0,116.5,4.2,17.5,972.5,1066.33,804.17
2016,4,28,12,0,935.0,118.0,4.3,18.0,978.0,1070.5,805.94
2016,4,28,12,15,935.0,118.0,4.45,18.0,976.0,1070.33,807.02
2016,4,28,12,30,935.0,118.0,4.6,18.0,974.0,1066.38,806.02
2016,4,28,12,45,936.0,115.5,4.75,18.0,965.0,1057.07,801.45
2016,4,28,13,0,937.0,113.0,4.9,18.0,956.0,1043.98,794.35
2016,4,28,13,15,933.5,112.5,5.05,17.5,938.5,1024.86,784.63
2016,4,28,13,30,930.0,112.0,5.2,17.0,921.0,1002.22,772.36
2016,4,28,13,45,705.0,214.5,5.35,17.0,818.0,889.16,693.97
2016,4,28,14,0,480.0,317.0,5.5,17.0,715.0,767.63,601.64
2016,4,28,14,15,691.0,212.5,5.65,17.0,761.0,830.65,655.83
2016,4,28,14,30,902.0,108.0,5.8,17.0,807.0,865.24,682.94
2016,4,28,14,45,886.5,108.0,5.95,17.0,767.5,818.51,650.27
2016,4,28,15,0,871.0,108.0,6.1,17.0,728.0,770.14,616.29
2016,4,28,15,15,857.0,105.5,6.2,16.5,685.0,721.85,582.81
2016,4,28,15,30,843.0,103.0,6.3,16.0,642.0,668.93,543.13
2016,4,28,15,45,816.5,103.0,6.45,15.5,592.5,610.08,497.37
2016,4,28,16,0,790.0,103.0,6.6,15.0,543.0,551.84,450.68
2016,4,28,16,15,764.5,98.5,6.6,14.5,492.0,490.57,399.95
2016,4,28,16,30,739.0,94.0,6.6,14.0,441.0,429.99,348.26
2016,4,28,16,45,696.0,91.0,6.6,14.0,387.0,366.04,291.97
2016,4,28,17,0,653.0,88.0,6.6,14.0,333.0,306.01,238.0
2016,4,28,17,15,603.0,81.0,6.55,13.5,280.5,244.46,182.98
2016,4,28,17,30,553.0,74.0,6.5,13.0,228.0,188.41,132.99
2016,4,28,17,45,467.0,66.0,6.45,12.5,177.0,131.83,86.06
2016,4,28,18,0,381.0,58.0,6.4,12.0,126.0,84.36,50.64
2016,4,28,18,15,271.0,44.0,6.15,11.5,84.0,42.78,25.25
2016,4,28,18,30,161.0,30.0,5.9,11.0,42.0,23.57,12.1
2016,4,28,18,45,80.5,15.0,5.65,11.0,21.0,14.3,0.0
2016,4,28,19,0,0.0,0.0,5.4,11.0,0.0,0.0,0.0
2016,4,28,19,15,0.0,0.0,5.15,10.5,0.0,0.0,0.0
2016,4,28,19,30,0.0,0.0,4.9,10.0,0.0,0.0,0.0
2016,4,28,19,45,0.0,0.0,4.7,10.0,0.0,0.0,0.0
2016,4,28,20,0,0.0,0.0,4.5,10.0,0.0,0.0,0.0
2016,4,28,20,15,0.0,0.0,4.55,10.0,0.0,0.0,0.0
2016,4,28,20,30,0.0,0.0,4.6,10.0,0.0,0.0,0.0
2016,4,28,20,45,0.0,0.0,4.7,10.0,0.0,0.0,0.0
2016,4,28,21,0,0.0,0.0,4.8,10.0,0.0,0.0,0.0
2016,4,28,21,15,0.0,0.0,4.65,10.0,0.0,0.0,0.0
2016,4,28,21,30,0.0,0.0,4.5,10.0,0.0,0.0,0.0
2016,4,28,21,45,0.0,0.0,4.35,10.0,0.0,0.0,0.0
2016,4,28,22,0,0.0,0.0,4.2,10.0,0.0,0.0,0.0
2016,4,28,22,15,0.0,0.0,4.2,10.0,0.0,0.0,0.0
2016,4,28,22,30,0.0,0.0,4.2,10.0,0.0,0.0,0.0
2016,4,28,22,45,0.0,0.0,4.2,10.0,0.0,0.0,0.0
2016,4,28,23,0,0.0,0.0,4.2,10.0,0.0,0.0,0.0
2016,4,28,23,15,0.0,0.0,4.25,10.0,0.0,0.0,0.0
2016,4,28,23,30,0.0,0.0,4.3,10.0,0.0,0.0,0.0
2016,4,28,23,45,0.0,0.0,4.35,10.0,0.0,0.0,0.0
2016,4,29,0,0,0.0,0.0,4.4,10.0,0.0,0.0,0.0
2016,4,29,0,15,0.0,0.0,4.4,10.0,0.0,0.0,0.0
2016,4,29,0,30,0.0,0.0,4.4,10.0,0.0,0.0,0.0
2016,4,29,0,45,0.0,0.0,4.45,10.0,0.0,0.0,0.0
2016,4,29,1,0,0.0,0.0,4.5,10.0,0.0,0.0,0.0
2016,4,29,1,15,0.0,0.0,4.45,10.0,0.0,0.0,0.0
2016,4,29,1,30,0.0,0.0,4.4,10.0,0.0,0.0,0.0
2016,4,29,1,45,0.0,0.0,4.35,10.0,0.0,0.0,0.0
2016,4,29,2,0,0.0,0.0,4.3,10.0,0.0,0.0,0.0
2016,4,29,2,15,0.0,0.0,4.3,10.0,0.0,0.0,0.0
2016,4,29,2,30,0.0,0.0,4.3,10.0,0.0,0.0,0.0
2016,4,29,2,45,0.0,0.0,4.35,10.0,0.0,0.0,0.0
2016,4,29,3,0,0.0,0.0,4.4,10.0,0.0,0.0,0.0
2016,4,29,3,15,0.0,0.0,4.3,10.0,0.0,0.0,0.0
2016,4,29,3,30,0.0,0.0,4.2,10.0,0.0,0.0,0.0
2016,4,29,3,45,0.0,0.0,4.15,10.0,0.0,0.0,0.0
2016,4,29,4,0,0.0,0.0,4.1,10.0,0.0,0.0,0.0
2016,4,29,4,15,0.0,0.0,3.85,10.0,0.0,0.0,0.0
2016,4,29,4,30,0.0,0.0,3.6,10.0,0.0,0.0,0.0
2016,4,29,4,45,0.0,0.0,3.4,10.0,0.0,0.0,0.0
2016,4,29,5,0,0.0,0.0,3.2,10.0,0.0,0.0,0.0
2016,4,29,5,15,0.0,6.0,3.25,10.0,6.0,5.72,0.0
2016,4,29,5,30,0.0,12.0,3.3,10.0,12.0,11.44,0.0
2016,4,29,5,45,89.5,33.5,3.35,10.0,45.0,27.36,16.09
2016,4,29,6,0,179.0,55.0,3.4,10.0,78.0,51.87,34.22
2016,4,29,6,15,263.5,71.0,3.45,10.0,123.0,87.4,58.21
2016,4,29,6,30,348.0,87.0,3.5,10.0,168.0,134.09,94.13
2016,4,29,6,45,418.5,97.5,3.6,10.5,219.0,183.06,134.96
2016,4,29,7,0,489.0,108.0,3.7,11.0,270.0,240.32,184.27
2016,4,29,7,15,534.5,116.5,3.75,11.0,321.5,295.28,233.14
2016,4,29,7,30,580.0,125.0,3.8,11.0,373.0,357.33,287.41
2016,4,29,7,45,614.5,132.0,3.9,11.0,424.0,415.22,337.59
2016,4,29,8,0,649.0,139.0,4.0,11.0,475.0,475.95,388.96
2016,4,29,8,15,674.5,144.5,4.1,11.0,523.5,532.62,436.02
2016,4,29,8,30,700.0,150.0,4.2,11.0,572.0,590.46,482.98
2016,4,29,8,45,720.5,153.5,4.3,11.5,616.5,643.82,524.52
2016,4,29,9,0,741.0,157.0,4.4,12.0,661.0,697.19,565.1
2016,4,29,9,15,755.5,160.5,4.4,12.0,701.0,745.72,601.71
2016,4,29,9,30,770.0,164.0,4.4,12.0,741.0,793.15,636.18
2016,4,29,9,45,801.0,156.0,4.4,12.0,780.0,838.36,668.05
2016,4,29,10,0,832.0,148.0,4.4,12.0,819.0,885.47,701.0
2016,4,29,10,15,655.5,240.0,4.5,12.0,780.0,851.27,674.56
2016,4,29,10,30,479.0,332.0,4.6,12.0,741.0,797.83,630.33
2016,4,29,10,45,669.0,243.0,4.75,12.5,829.5,903.26,712.59
2016,4,29,11,0,859.0,154.0,4.9,13.0,918.0,1004.69,783.73
2016,4,29,11,15,863.0,155.0,5.2,13.0,932.0,1023.67,798.4
2016,4,29,11,30,867.0,156.0,5.5,13.0,946.0,1039.25,811.29
2016,4,29,11,45,867.5,157.0,5.8,13.5,952.0,1047.83,817.71
2016,4,29,12,0,868.0,158.0,6.1,14.0,958.0,1052.81,821.62
2016,4,29,12,15,868.0,158.0,6.2,14.0,956.5,1052.62,822.15
2016,4,29,12,30,868.0,158.0,6.3,14.0,955.0,1048.81,820.24
2016,4,29,12,45,678.0,260.0,6.4,14.5,878.5,963.19,757.83
2016,4,29,13,0,488.0,362.0,6.5,15.0,802.0,868.82,682.3
2016,4,29,13,15,491.5,351.0,6.55,15.0,786.5,851.89,671.14
2016,4,29,13,30,495.0,340.0,6.6,15.0,771.0,832.71,657.95
2016,4,29,13,45,482.0,330.5,6.65,15.0,741.0,797.61,632.49
2016,4,29,14,0,469.0,321.0,6.7,15.0,711.0,761.24,605.94
2016,4,29,14,15,485.0,301.0,6.75,15.0,691.0,738.41,590.21
2016,4,29,14,30,501.0,281.0,6.8,15.0,671.0,712.8,572.14
2016,4,29,14,45,499.5,265.5,6.85,15.0,638.0,675.01,544.09
2016,4,29,15,0,498.0,250.0,6.9,15.0,605.0,635.77,514.55
2016,4,29,15,15,632.5,192.0,6.95,15.0,615.5,651.98,530.31
2016,4,29,15,30,767.0,134.0,7.0,15.0,626.0,650.97,531.68
2016,4,29,15,45,745.0,130.5,7.05,15.0,578.5,594.53,486.21
2016,4,29,16,0,723.0,127.0,7.1,15.0,531.0,538.49,440.15
2016,4,29,16,15,695.5,121.5,7.15,14.5,481.0,478.38,390.48
2016,4,29,16,30,668.0,116.0,7.2,14.0,431.0,419.93,340.76
2016,4,29,16,45,634.5,108.5,7.3,14.0,379.5,359.14,287.37
2016,4,29,17,0,601.0,101.0,7.4,14.0,328.0,301.34,235.51
2016,4,29,17,15,549.5,93.0,7.4,13.5,276.5,241.46,182.29
2016,4,29,17,30,498.0,85.0,7.4,13.0,225.0,187.34,134.38
2016,4,29,17,45,425.5,74.0,7.45,12.5,176.0,131.65,87.82
2016,4,29,18,0,353.0,63.0,7.5,12.0,127.0,86.41,53.51
2016,4,29,18,15,247.0,47.5,7.45,11.5,85.5,45.21,27.67
2016,4,29,18,30,141.0,32.0,7.4,11.0,44.0,25.14,13.76
2016,4,29,18,45,70.5,16.0,7.4,11.0,22.0,15.25,0.0
2016,4,29,19,0,0.0,0.0,7.4,11.0,0.0,0.0,0.0
2016,4,29,19,15,0.0,0.0,7.4,11.0,0.0,0.0,0.0
2016,4,29,19,30,0.0,0.0,7.4,11.0,0.0,0.0,0.0
2016,4,29,19,45,0.0,0.0,7.45,11.0,0.0,0.0,0.0
2016,4,29,20,0,0.0,0.0,7.5,11.0,0.0,0.0,0.0
2016,4,29,20,15,0.0,0.0,7.45,11.0,0.0,0.0,0.0
2016,4,29,20,30,0.0,0.0,7.4,11.0,0.0,0.0,0.0
2016,4,29,20,45,0.0,0.0,7.35,11.0,0.0,0.0,0.0
2016,4,29,21,0,0.0,0.0,7.3,11.0,0.0,0.0,0.0
2016,4,29,21,15,0.0,0.0,7.15,11.0,0.0,0.0,0.0
2016,4,29,21,30,0.0,0.0,7.0,11.0,0.0,0.0,0.0
2016,4,29,21,45,0.0,0.0,6.9,11.0,0.0,0.0,0.0
2016,4,29,22,0,0.0,0.0,6.8,11.0,0.0,0.0,0.0
2016,4,29,22,15,0.0,0.0,6.6,11.0,0.0,0.0,0.0
2016,4,29,22,30,0.0,0.0,6.4,11.0,0.0,0.0,0.0
2016,4,29,22,45,0.0,0.0,6.25,11.0,0.0,0.0,0.0
2016,4,29,23,0,0.0,0.0,6.1,11.0,0.0,0.0,0.0
2016,4,29,23,15,0.0,0.0,6.05,11.0,0.0,0.0,0.0
2016,4,29,23,30,0.0,0.0,6.0,11.0,0.0,0.0,0.0
2016,4,29,23,45,0.0,0.0,5.95,11.0,0.0,0.0,0.0
2016,4,30,0,0,0.0,0.0,5.9,11.0,0.0,0.0,0.0
2016,4,30,0,15,0.0,0.0,5.9,11.0,0.0,0.0,0.0
2016,4,30,0,30,0.0,0.0,5.9,11.0,0.0,0.0,0.0
2016,4,30,0,45,0.0,0.0,5.95,11.0,0.0,0.0,0.0
2016,4,30,1,0,0.0,0.0,6.0,11.0,0.0,0.0,0.0
2016,4,30,1,15,0.0,0.0,5.95,11.0,0.0,0.0,0.0
2016,4,30,1,30,0.0,0.0,5.9,11.0,0.0,0.0,0.0
2016,4,30,1,45,0.0,0.0,5.85,11.0,0.0,0.0,0.0
2016,4,30,2,0,0.0,0.0,5.8,11.0,0.0,0.0,0.0
2016,4,30,2,15,0.0,0.0,5.7,11.0,0.0,0.0,0.0
2016,4,30,2,30,0.0,0.0,5.6,11.0,0.0,0.0,0.0
2016,4,30,2,45,0.0,0.0,5.55,11.0,0.0,0.0,0.0
2016,4,30,3,0,0.0,0.0,5.5,11.0,0.0,0.0,0.0
2016,4,30,3,15,0.0,0.0,5.45,11.0,0.0,0.0,0.0
2016,4,30,3,30,0.0,0.0,5.4,11.0,0.0,0.0,0.0
2016,4,30,3,45,0.0,0.0,5.35,11.0,0.0,0.0,0.0
2016,4,30,4,0,0.0,0.0,5.3,11.0,0.0,0.0,0.0
2016,4,30,4,15,0.0,0.0,5.2,11.0,0.0,0.0,0.0
2016,4,30,4,30,0.0,0.0,5.1,11.0,0.0,0.0,0.0
2016,4,30,4,45,0.0,0.0,5.1,11.0,0.0,0.0,0.0
2016,4,30,5,0,0.0,0.0,5.1,11.0,0.0,0.0,0.0
2016,4,30,5,15,56.5,7.0,5.1,11.0,9.5,6.67,0.0
2016,4,30,5,30,113.0,14.0,5.1,11.0,19.0,11.02,0.0
2016,4,30,5,45,250.5,27.0,5.2,11.5,56.0,21.32,11.53
2016,4,30,6,0,388.0,40.0,5.3,12.0,93.0,46.43,24.72
2016,4,30,6,15,473.5,49.5,5.3,12.5,141.5,89.59,50.81
2016,4,30,6,30,559.0,59.0,5.3,13.0,190.0,143.29,91.75
2016,4,30,6,45,617.0,65.0,5.35,13.5,243.5,197.98,138.81
2016,4,30,7,0,675.0,71.0,5.4,14.0,297.0,259.3,193.32
2016,4,30,7,15,713.0,76.0,5.45,14.0,350.5,319.18,247.92
2016,4,30,7,30,751.0,81.0,5.5,14.0,404.0,383.57,305.54
2016,4,30,7,45,780.0,85.0,5.55,14.5,457.0,445.05,359.09
2016,4,30,8,0,809.0,89.0,5.6,15.0,510.0,508.41,412.58
2016,4,30,8,15,829.5,92.0,5.5,15.0,560.0,567.52,461.69
2016,4,30,8,30,850.0,95.0,5.4,15.0,610.0,626.92,509.59
2016,4,30,8,45,865.0,98.0,5.3,15.5,656.0,680.41,550.62
2016,4,30,9,0,880.0,101.0,5.2,16.0,702.0,734.73,590.12
2016,4,30,9,15,891.5,103.0,5.1,16.0,742.5,784.22,625.02
2016,4,30,9,30,903.0,105.0,5.0,16.0,783.0,831.97,658.13
2016,4,30,9,45,917.0,103.5,4.95,16.5,819.5,876.19,687.18
2016,4,30,10,0,931.0,102.0,4.9,17.0,856.0,918.3,714.3
2016,4,30,10,15,937.0,103.5,4.85,17.0,884.0,953.99,737.93
2016,4,30,10,30,943.0,105.0,4.8,17.0,912.0,986.63,759.3
2016,4,30,10,45,946.5,105.5,4.8,17.5,932.5,1012.64,774.88
2016,4,30,11,0,950.0,106.0,4.8,18.0,953.0,1035.19,788.05
2016,4,30,11,15,952.5,106.5,4.75,18.0,966.5,1053.16,799.22
2016,4,30,11,30,955.0,107.0,4.7,18.0,980.0,1067.43,807.93
2016,4,30,11,45,955.0,107.5,4.7,18.5,985.0,1075.43,811.39
2016,4,30,12,0,955.0,108.0,4.7,19.0,990.0,1079.57,812.41
2016,4,30,12,15,954.5,108.0,4.7,19.0,987.5,1078.84,811.89
2016,4,30,12,30,954.0,108.0,4.7,19.0,985.0,1074.26,808.94
2016,4,30,12,45,948.0,109.5,4.7,19.0,973.5,1061.92,800.91
2016,4,30,13,0,942.0,111.0,4.7,19.0,962.0,1045.92,790.54
2016,4,30,13,15,938.0,110.0,4.7,19.0,943.5,1025.72,777.42
2016,4,30,13,30,934.0,109.0,4.7,19.0,925.0,1002.0,761.96
2016,4,30,13,45,928.0,108.0,4.75,19.0,899.5,973.06,743.33
2016,4,30,14,0,922.0,107.0,4.8,19.0,874.0,940.97,722.44
2016,4,30,14,15,914.0,105.0,4.85,19.0,842.0,903.14,697.39
2016,4,30,14,30,906.0,103.0,4.9,19.0,810.0,862.65,670.25
2016,4,30,14,45,895.5,101.0,4.95,19.0,771.5,817.74,639.63
2016,4,30,15,0,885.0,99.0,5.0,19.0,733.0,770.8,607.19
2016,4,30,15,15,871.5,96.5,5.0,19.0,689.5,719.46,570.83
2016,4,30,15,30,858.0,94.0,5.0,19.0,646.0,666.87,531.54
2016,4,30,15,45,840.0,91.0,5.05,19.0,598.0,611.6,488.63
2016,4,30,16,0,822.0,88.0,5.1,19.0,550.0,554.06,442.8
2016,4,30,16,15,798.5,84.5,5.1,18.5,499.0,493.33,393.8
2016,4,30,16,30,775.0,81.0,5.1,18.0,448.0,433.59,343.95
2016,4,30,16,45,742.0,77.0,5.15,18.0,395.0,370.95,289.8
2016,4,30,17,0,709.0,73.0,5.2,18.0,342.0,311.03,236.64
2016,4,30,17,15,663.0,67.5,5.15,17.5,289.0,247.84,180.83
2016,4,30,17,30,617.0,62.0,5.1,17.0,236.0,190.67,130.23
2016,4,30,17,45,547.0,55.0,5.1,16.5,185.5,133.65,82.74
2016,4,30,18,0,477.0,48.0,5.1,16.0,135.0,85.03,46.55
2016,4,30,18,15,367.5,37.5,5.0,15.5,91.5,40.66,21.24
2016,4,30,18,30,258.0,27.0,4.9,15.0,48.0,21.53,11.08
2016,4,30,18,45,129.0,13.5,4.85,15.0,24.0,12.87,0.0
2016,4,30,19,0,0.0,0.0,4.8,15.0,0.0,0.0,0.0
2016,4,30,19,15,0.0,0.0,4.65,14.5,0.0,0.0,0.0
2016,4,30,19,30,0.0,0.0,4.5,14.0,0.0,0.0,0.0
2016,4,30,19,45,0.0,0.0,4.4,14.0,0.0,0.0,0.0
2016,4,30,20,0,0.0,0.0,4.3,14.0,0.0,0.0,0.0
2016,4,30,20,15,0.0,0.0,4.1,14.0,0.0,0.0,0.0
2016,4,30,20,30,0.0,0.0,3.9,14.0,0.0,0.0,0.0
2016,4,30,20,45,0.0,0.0,3.75,14.0,0.0,0.0,0.0
2016,4,30,21,0,0.0,0.0,3.6,14.0,0.0,0.0,0.0
2016,4,30,21,15,0.0,0.0,3.45,14.0,0.0,0.0,0.0
2016,4,30,21,30,0.0,0.0,3.3,14.0,0.0,0.0,0.0
2016,4,30,21,45,0.0,0.0,3.15,14.0,0.0,0.0,0.0
2016,4,30,22,0,0.0,0.0,3.0,14.0,0.0,0.0,0.0
2016,4,30,22,15,0.0,0.0,2.9,13.5,0.0,0.0,0.0
2016,4,30,22,30,0.0,0.0,2.8,13.0,0.0,0.0,0.0
2016,4,30,22,45,0.0,0.0,2.75,13.0,0.0,0.0,0.0
2016,4,30,23,0,0.0,0.0,2.7,13.0,0.0,0.0,0.0
2016,4,30,23,15,0.0,0.0,2.65,13.0,0.0,0.0,0.0
2016,4,30,23,30,0.0,0.0,2.6,13.0,0.0,0.0,0.0
2016,4,30,23,45,0.0,0.0,2.55,13.0,0.0,0.0,0.0
2016,5,1,0,0,0.0,0.0,2.5,13.0,0.0,0.0,0.0
2016,5,1,0,15,0.0,0.0,2.45,13.0,0.0,0.0,0.0
2016,5,1,0,30,0.0,0.0,2.4,13.0,0.0,0.0,0.0
2016,5,1,0,45,0.0,0.0,2.35,13.0,0.0,0.0,0.0
2016,5,1,1,0,0.0,0.0,2.3,13.0,0.0,0.0,0.0
2016,5,1,1,15,0.0,0.0,2.25,12.5,0.0,0.0,0.0
2016,5,1,1,30,0.0,0.0,2.2,12.0,0.0,0.0,0.0
2016,5,1,1,45,0.0,0.0,2.15,12.0,0.0,0.0,0.0
2016,5,1,2,0,0.0,0.0,2.1,12.0,0.0,0.0,0.0
2016,5,1,2,15,0.0,0.0,2.05,12.0,0.0,0.0,0.0
2016,5,1,2,30,0.0,0.0,2.0,12.0,0.0,0.0,0.0
2016,5,1,2,45,0.0,0.0,1.95,12.0,0.0,0.0,0.0
2016,5,1,3,0,0.0,0.0,1.9,12.0,0.0,0.0,0.0
2016,5,1,3,15,0.0,0.0,1.8,12.0,0.0,0.0,0.0
2016,5,1,3,30,0.0,0.0,1.7,12.0,0.0,0.0,0.0
2016,5,1,3,45,0.0,0.0,1.65,12.0,0.0,0.0,0.0
2016,5,1,4,0,0.0,0.0,1.6,12.0,0.0,0.0,0.0
2016,5,1,4,15,0.0,0.0,1.5,12.0,0.0,0.0,0.0
2016,5,1,4,30,0.0,0.0,1.4,12.0,0.0,0.0,0.0
2016,5,1,4,45,0.0,0.0,1.35,12.0,0.0,0.0,0.0
2016,5,1,5,0,0.0,0.0,1.3,12.0,0.0,0.0,0.0
2016,5,1,5,15,63.5,7.5,1.25,12.5,10.0,7.15,0.0
2016,5,1,5,30,127.0,15.0,1.2,13.0,20.0,11.84,0.0
2016,5,1,5,45,259.5,27.5,1.15,13.5,57.5,21.63,11.99
2016,5,1,6,0,392.0,40.0,1.1,14.0,95.0,47.1,24.78
2016,5,1,6,15,476.0,48.5,1.1,14.0,143.0,89.52,50.23
2016,5,1,6,30,560.0,57.0,1.1,14.0,191.0,142.25,90.1
2016,5,1,6,45,612.5,64.0,1.1,14.5,243.0,196.74,136.31
2016,5,1,7,0,665.0,71.0,1.1,15.0,295.0,257.21,188.78
2016,5,1,7,15,703.0,76.0,1.1,15.5,348.5,316.46,240.42
2016,5,1,7,30,741.0,81.0,1.1,16.0,402.0,380.25,294.37
2016,5,1,7,45,767.5,85.0,1.15,16.5,453.5,439.97,343.79
2016,5,1,8,0,794.0,89.0,1.2,17.0,505.0,501.31,392.72
2016,5,1,8,15,814.5,92.5,1.15,17.5,554.5,560.05,437.33
2016,5,1,8,30,835.0,96.0,1.1,18.0,604.0,619.14,480.35
2016,5,1,8,45,849.5,99.0,1.05,18.5,649.5,673.73,518.45
2016,5,1,9,0,864.0,102.0,1.0,19.0,695.0,724.68,551.99
2016,5,1,9,15,876.0,104.0,0.9,19.5,735.5,773.78,581.32
2016,5,1,9,30,888.0,106.0,0.8,20.0,776.0,821.22,608.58
2016,5,1,9,45,896.5,108.0,0.7,20.5,810.5,863.84,631.82
2016,5,1,10,0,905.0,110.0,0.6,21.0,845.0,904.04,652.83
2016,5,1,10,15,911.5,111.5,0.6,21.0,873.0,939.32,673.54
2016,5,1,10,30,918.0,113.0,0.6,21.0,901.0,971.66,692.33
2016,5,1,10,45,922.5,114.0,0.65,21.5,922.0,998.5,707.44
2016,5,1,11,0,927.0,115.0,0.7,22.0,943.0,1022.0,720.55
2016,5,1,11,15,929.5,115.5,0.85,22.0,956.5,1039.56,733.75
2016,5,1,11,30,932.0,116.0,1.0,22.0,970.0,1053.51,744.86
2016,5,1,11,45,932.0,117.0,1.2,22.0,975.0,1061.79,753.51
2016,5,1,12,0,932.0,118.0,1.4,22.0,980.0,1066.32,759.78
2016,5,1,12,15,931.5,118.0,1.55,22.0,978.0,1065.57,761.83
2016,5,1,12,30,931.0,118.0,1.7,22.0,976.0,1061.06,761.56
2016,5,1,12,45,928.5,117.5,1.9,22.0,965.5,1050.32,758.04
2016,5,1,13,0,926.0,117.0,2.1,22.0,955.0,1035.93,752.04
2016,5,1,13,15,922.0,116.0,2.2,21.5,937.0,1015.98,742.55
2016,5,1,13,30,918.0,115.0,2.3,21.0,919.0,992.6,730.74
2016,5,1,13,45,910.5,115.0,2.45,21.0,893.5,963.69,714.26
2016,5,1,14,0,903.0,115.0,2.6,21.0,868.0,931.78,695.54
2016,5,1,14,15,895.0,113.0,2.65,20.5,836.5,894.56,673.42
2016,5,1,14,30,887.0,111.0,2.7,20.0,805.0,854.75,649.22
2016,5,1,14,45,874.0,110.0,2.75,20.0,766.5,809.63,619.73
2016,5,1,15,0,861.0,109.0,2.8,20.0,728.0,762.73,588.59
2016,5,1,15,15,847.0,106.5,2.75,19.5,684.5,714.92,556.88
2016,5,1,15,30,833.0,104.0,2.7,19.0,641.0,662.6,519.35
2016,5,1,15,45,812.0,101.5,2.7,19.0,593.0,605.17,476.06
2016,5,1,16,0,791.0,99.0,2.7,19.0,545.0,547.87,431.64
2016,5,1,16,15,766.0,95.0,2.6,18.5,494.5,487.5,384.02
2016,5,1,16,30,741.0,91.0,2.5,18.0,444.0,428.35,335.79
2016,5,1,16,45,704.5,87.0,2.4,18.0,391.0,365.31,282.58
2016,5,1,17,0,668.0,83.0,2.3,18.0,338.0,306.16,231.29
2016,5,1,17,15,620.5,76.5,2.1,17.5,285.5,245.07,178.38
2016,5,1,17,30,573.0,70.0,1.9,17.0,233.0,189.13,129.84
2016,5,1,17,45,500.0,62.0,1.75,16.5,183.0,133.34,84.2
2016,5,1,18,0,427.0,54.0,1.6,16.0,133.0,86.39,49.56
2016,5,1,18,15,322.0,41.5,1.45,15.5,90.5,43.31,24.19
2016,5,1,18,30,217.0,29.0,1.3,15.0,48.0,22.64,12.28
2016,5,1,18,45,108.5,14.5,1.2,14.5,24.0,13.82,0.0
2016,5,1,19,0,0.0,0.0,1.1,14.0,0.0,0.0,0.0
2016,5,1,19,15,0.0,0.0,1.05,13.5,0.0,0.0,0.0
2016,5,1,19,30,0.0,0.0,1.0,13.0,0.0,0.0,0.0
2016,5,1,19,45,0.0,0.0,1.0,13.0,0.0,0.0,0.0
2016,5,1,20,0,0.0,0.0,1.0,13.0,0.0,0.0,0.0
2016,5,1,20,15,0.0,0.0,1.05,12.5,0.0,0.0,0.0
2016,5,1,20,30,0.0,0.0,1.1,12.0,0.0,0.0,0.0
2016,5,1,20,45,0.0,0.0,1.15,12.0,0.0,0.0,0.0
2016,5,1,21,0,0.0,0.0,1.2,12.0,0.0,0.0,0.0
2016,5,1,21,15,0.0,0.0,1.25,12.0,0.0,0.0,0.0
2016,5,1,21,30,0.0,0.0,1.3,12.0,0.0,0.0,0.0
2016,5,1,21,45,0.0,0.0,1.4,12.0,0.0,0.0,0.0
2016,5,1,22,0,0.0,0.0,1.5,12.0,0.0,0.0,0.0
2016,5,1,22,15,0.0,0.0,1.5,11.5,0.0,0.0,0.0
2016,5,1,22,30,0.0,0.0,1.5,11.0,0.0,0.0,0.0
2016,5,1,22,45,0.0,0.0,1.55,11.0,0.0,0.0,0.0
2016,5,1,23,0,0.0,0.0,1.6,11.0,0.0,0.0,0.0
2016,5,1,23,15,0.0,0.0,1.6,11.0,0.0,0.0,0.0
2016,5,1,23,30,0.0,0.0,1.6,11.0,0.0,0.0,0.0
2016,5,1,23,45,0.0,0.0,1.65,11.0,0.0,0.0,0.0
2016,5,2,0,0,0.0,0.0,1.7,11.0,0.0,0.0,0.0
2016,5,2,0,15,0.0,0.0,1.7,11.0,0.0,0.0,0.0
2016,5,2,0,30,0.0,0.0,1.7,11.0,0.0,0.0,0.0
2016,5,2,0,45,0.0,0.0,1.7,11.0,0.0,0.0,0.0
2016,5,2,1,0,0.0,0.0,1.7,11.0,0.0,0.0,0.0
2016,5,2,1,15,0.0,0.0,1.65,10.5,0.0,0.0,0.0
2016,5,2,1,30,0.0,0.0,1.6,10.0,0.0,0.0,0.0
2016,5,2,1,45,0.0,0.0,1.6,10.0,0.0,0.0,0.0
2016,5,2,2,0,0.0,0.0,1.6,10.0,0.0,0.0,0.0
2016,5,2,2,15,0.0,0.0,1.5,10.0,0.0,0.0,0.0
2016,5,2,2,30,0.0,0.0,1.4,10.0,0.0,0.0,0.0
2016,5,2,2,45,0.0,0.0,1.35,10.0,0.0,0.0,0.0
2016,5,2,3,0,0.0,0.0,1.3,10.0,0.0,0.0,0.0
2016,5,2,3,15,0.0,0.0,1.25,10.0,0.0,0.0,0.0
2016,5,2,3,30,0.0,0.0,1.2,10.0,0.0,0.0,0.0
2016,5,2,3,45,0.0,0.0,1.2,10.0,0.0,0.0,0.0
2016,5,2,4,0,0.0,0.0,1.2,10.0,0.0,0.0,0.0
2016,5,2,4,15,0.0,0.0,1.2,10.0,0.0,0.0,0.0
2016,5,2,4,30,0.0,0.0,1.2,10.0,0.0,0.0,0.0
2016,5,2,4,45,0.0,0.0,1.2,10.0,0.0,0.0,0.0
2016,5,2,5,0,0.0,0.0,1.2,10.0,0.0,0.0,0.0
2016,5,2,5,15,35.0,8.5,1.25,10.5,10.0,8.1,0.0
2016,5,2,5,30,70.0,17.0,1.3,11.0,20.0,14.29,0.0
2016,5,2,5,45,179.5,33.0,1.4,11.5,55.5,25.7,15.7
2016,5,2,6,0,289.0,49.0,1.5,12.0,91.0,50.97,30.42
2016,5,2,6,15,196.0,71.5,1.5,12.0,105.0,82.6,56.51
2016,5,2,6,30,103.0,94.0,1.5,12.0,119.0,102.02,77.14
2016,5,2,6,45,126.0,114.0,1.55,12.5,152.0,133.24,103.21
2016,5,2,7,0,149.0,134.0,1.6,13.0,185.0,167.37,131.84
2016,5,2,7,15,129.5,157.5,1.55,13.0,207.5,193.02,154.4
2016,5,2,7,30,110.0,181.0,1.5,13.0,230.0,216.47,174.32
2016,5,2,7,45,205.5,196.5,1.5,13.5,300.5,282.61,227.33
2016,5,2,8,0,301.0,212.0,1.5,14.0,371.0,362.79,290.74
2016,5,2,8,15,346.0,224.5,1.45,14.0,423.5,418.34,334.13
2016,5,2,8,30,391.0,237.0,1.4,14.0,476.0,477.85,379.78
2016,5,2,8,45,473.0,226.5,1.4,14.5,537.0,548.93,433.2
2016,5,2,9,0,555.0,216.0,1.4,15.0,598.0,620.95,486.0
2016,5,2,9,15,452.5,272.5,1.3,15.5,596.0,625.78,484.49
2016,5,2,9,30,350.0,329.0,1.2,16.0,594.0,614.02,471.33
2016,5,2,9,45,605.5,229.5,1.2,16.5,712.5,752.56,573.82
2016,5,2,10,0,861.0,130.0,1.2,17.0,831.0,886.15,662.89
2016,5,2,10,15,868.0,131.5,1.2,17.0,858.5,920.49,682.87
2016,5,2,10,30,875.0,133.0,1.2,17.0,886.0,952.06,702.18
2016,5,2,10,45,877.0,135.5,1.2,17.5,906.0,976.98,715.8
2016,5,2,11,0,879.0,138.0,1.2,18.0,926.0,998.62,727.34
2016,5,2,11,15,605.5,287.5,1.2,18.0,834.0,909.76,667.35
2016,5,2,11,30,332.0,437.0,1.2,18.0,742.0,787.27,578.62
2016,5,2,11,45,605.5,291.5,1.3,18.0,851.5,926.92,682.29
2016,5,2,12,0,879.0,146.0,1.4,18.0,961.0,1040.83,757.14
2016,5,2,12,15,624.5,281.5,1.55,18.0,860.5,938.5,690.77
2016,5,2,12,30,370.0,417.0,1.7,18.0,760.0,807.48,598.65
2016,5,2,12,45,376.0,405.5,1.9,18.0,750.5,797.88,595.87
2016,5,2,13,0,382.0,394.0,2.1,18.0,741.0,786.45,590.39
2016,5,2,13,15,342.0,405.0,2.25,18.0,711.5,751.9,566.79
2016,5,2,13,30,302.0,416.0,2.4,18.0,682.0,717.2,542.88
2016,5,2,13,45,343.5,389.0,2.55,18.0,683.5,719.14,547.26
2016,5,2,14,0,385.0,362.0,2.7,18.0,685.0,717.68,548.88
2016,5,2,14,15,295.5,369.5,2.75,17.5,611.5,634.49,488.75
2016,5,2,14,30,206.0,377.0,2.8,17.0,538.0,548.1,425.37
2016,5,2,14,45,274.0,343.5,2.85,17.0,547.5,566.22,441.83
2016,5,2,15,0,342.0,310.0,2.9,17.0,557.0,570.51,447.27
2016,5,2,15,15,248.0,303.5,2.9,16.5,477.0,480.82,379.34
2016,5,2,15,30,154.0,297.0,2.9,16.0,397.0,393.39,312.12
2016,5,2,15,45,217.5,267.0,2.9,16.0,396.5,393.58,314.07
2016,5,2,16,0,281.0,237.0,2.9,16.0,396.0,391.33,312.97
2016,5,2,16,15,356.5,199.0,2.85,15.5,381.5,375.54,301.0
2016,5,2,16,30,432.0,161.0,2.8,15.0,367.0,354.72,283.53
2016,5,2,16,45,270.0,158.5,2.75,15.0,282.0,259.0,206.1
2016,5,2,17,0,108.0,156.0,2.7,15.0,197.0,183.1,145.64
2016,5,2,17,15,89.0,135.5,2.65,14.5,166.0,149.7,118.19
2016,5,2,17,30,70.0,115.0,2.6,14.0,135.0,120.28,93.85
2016,5,2,17,45,172.5,93.5,2.6,13.5,129.5,110.87,81.0
2016,5,2,18,0,275.0,72.0,2.6,13.0,124.0,87.65,57.43
2016,5,2,18,15,191.0,53.5,2.55,12.5,84.0,50.1,32.59
2016,5,2,18,30,107.0,35.0,2.5,12.0,44.0,28.56,17.5
2016,5,2,18,45,53.5,17.5,2.45,12.0,22.0,14.64,0.0
2016,5,2,19,0,0.0,0.0,2.4,12.0,0.0,0.0,0.0
2016,5,2,19,15,0.0,0.0,2.3,12.0,0.0,0.0,0.0
2016,5,2,19,30,0.0,0.0,2.2,12.0,0.0,0.0,0.0
2016,5,2,19,45,0.0,0.0,2.15,12.0,0.0,0.0,0.0
2016,5,2,20,0,0.0,0.0,2.1,12.0,0.0,0.0,0.0
2016,5,2,20,15,0.0,0.0,2.05,12.0,0.0,0.0,0.0
2016,5,2,20,30,0.0,0.0,2.0,12.0,0.0,0.0,0.0
2016,5,2,20,45,0.0,0.0,1.95,12.0,0.0,0.0,0.0
2016,5,2,21,0,0.0,0.0,1.9,12.0,0.0,0.0,0.0
2016,5,2,21,15,0.0,0.0,1.9,12.0,0.0,0.0,0.0
2016,5,2,21,30,0.0,0.0,1.9,12.0,0.0,0.0,0.0
2016,5,2,21,45,0.0,0.0,1.9,12.0,0.0,0.0,0.0
2016,5,2,22,0,0.0,0.0,1.9,12.0,0.0,0.0,0.0
2016,5,2,22,15,0.0,0.0,1.9,11.5,0.0,0.0,0.0
2016,5,2,22,30,0.0,0.0,1.9,11.0,0.0,0.0,0.0
2016,5,2,22,45,0.0,0.0,1.95,11.0,0.0,0.0,0.0
2016,5,2,23,0,0.0,0.0,2.0,11.0,0.0,0.0,0.0
2016,5,2,23,15,0.0,0.0,1.95,11.0,0.0,0.0,0.0
2016,5,2,23,30,0.0,0.0,1.9,11.0,0.0,0.0,0.0
2016,5,2,23,45,0.0,0.0,1.9,11.0,0.0,0.0,0.0
2016,5,3,0,0,0.0,0.0,1.9,11.0,0.0,0.0,0.0
2016,5,3,0,15,0.0,0.0,1.9,11.0,0.0,0.0,0.0
2016,5,3,0,30,0.0,0.0,1.9,11.0,0.0,0.0,0.0
2016,5,3,0,45,0.0,0.0,1.9,11.0,0.0,0.0,0.0
2016,5,3,1,0,0.0,0.0,1.9,11.0,0.0,0.0,0.0
2016,5,3,1,15,0.0,0.0,1.9,11.0,0.0,0.0,0.0
2016,5,3,1,30,0.0,0.0,1.9,11.0,0.0,0.0,0.0
2016,5,3,1,45,0.0,0.0,1.9,11.0,0.0,0.0,0.0
2016,5,3,2,0,0.0,0.0,1.9,11.0,0.0,0.0,0.0
2016,5,3,2,15,0.0,0.0,1.9,11.0,0.0,0.0,0.0
2016,5,3,2,30,0.0,0.0,1.9,11.0,0.0,0.0,0.0
2016,5,3,2,45,0.0,0.0,1.95,11.0,0.0,0.0,0.0
2016,5,3,3,0,0.0,0.0,2.0,11.0,0.0,0.0,0.0
2016,5,3,3,15,0.0,0.0,1.95,11.0,0.0,0.0,0.0
2016,5,3,3,30,0.0,0.0,1.9,11.0,0.0,0.0,0.0
2016,5,3,3,45,0.0,0.0,1.9,11.0,0.0,0.0,0.0
2016,5,3,4,0,0.0,0.0,1.9,11.0,0.0,0.0,0.0
2016,5,3,4,15,0.0,0.0,1.85,11.0,0.0,0.0,0.0
2016,5,3,4,30,0.0,0.0,1.8,11.0,0.0,0.0,0.0
2016,5,3,4,45,0.0,0.0,1.75,11.0,0.0,0.0,0.0
2016,5,3,5,0,0.0,0.0,1.7,11.0,0.0,0.0,0.0
2016,5,3,5,15,0.0,3.0,1.65,11.0,3.0,2.86,0.0
2016,5,3,5,30,0.0,6.0,1.6,11.0,6.0,5.55,0.0
2016,5,3,5,45,0.0,17.0,1.6,11.5,17.0,15.76,7.59
2016,5,3,6,0,0.0,28.0,1.6,12.0,28.0,25.99,16.33
2016,5,3,6,15,0.0,42.0,1.5,12.0,42.0,39.02,27.84
2016,5,3,6,30,0.0,56.0,1.4,12.0,56.0,52.0,39.21
2016,5,3,6,45,0.0,71.5,1.35,12.0,71.5,66.32,51.57
2016,5,3,7,0,0.0,87.0,1.3,12.0,87.0,80.75,63.81
2016,5,3,7,15,137.0,129.0,1.45,12.0,189.5,169.2,135.42
2016,5,3,7,30,274.0,171.0,1.6,12.0,292.0,275.06,221.3
2016,5,3,7,45,158.5,191.0,1.8,12.5,263.0,255.93,206.87
2016,5,3,8,0,43.0,211.0,2.0,13.0,234.0,222.52,179.37
2016,5,3,8,15,127.0,243.0,2.1,13.0,319.0,308.18,248.83
2016,5,3,8,30,211.0,275.0,2.2,13.0,404.0,399.12,320.96
2016,5,3,8,45,241.0,292.5,2.35,13.5,451.0,448.05,358.27
2016,5,3,9,0,271.0,310.0,2.5,14.0,498.0,505.4,401.53
2016,5,3,9,15,285.0,327.0,2.45,14.0,534.5,546.63,431.86
2016,5,3,9,30,299.0,344.0,2.4,14.0,571.0,588.23,462.06
2016,5,3,9,45,193.5,364.5,2.35,14.5,514.0,526.14,411.64
2016,5,3,10,0,88.0,385.0,2.3,15.0,457.0,454.78,354.17
2016,5,3,10,15,171.5,401.5,2.15,15.0,548.0,558.89,433.31
2016,5,3,10,30,255.0,418.0,2.0,15.0,639.0,668.0,512.28
2016,5,3,10,45,222.5,434.0,1.9,15.5,630.0,651.33,496.61
2016,5,3,11,0,190.0,450.0,1.8,16.0,621.0,641.65,486.86
2016,5,3,11,15,161.0,456.5,1.7,16.0,603.0,623.65,472.35
2016,5,3,11,30,132.0,463.0,1.6,16.0,585.0,604.05,456.78
2016,5,3,11,45,225.5,453.0,1.5,16.0,662.5,688.95,518.9
2016,5,3,12,0,319.0,443.0,1.4,16.0,740.0,784.52,585.21
2016,5,3,12,15,388.0,413.5,1.45,16.0,773.5,823.35,613.25
2016,5,3,12,30,457.0,384.0,1.5,16.0,807.0,869.34,646.28
2016,5,3,12,45,453.0,379.0,1.55,16.0,794.5,855.78,637.47
2016,5,3,13,0,449.0,374.0,1.6,16.0,782.0,840.19,627.97
2016,5,3,13,15,476.5,358.0,1.7,16.0,784.0,842.09,631.73
2016,5,3,13,30,504.0,342.0,1.8,16.0,786.0,840.92,633.2
2016,5,3,13,45,438.0,356.0,1.9,16.0,734.0,780.19,591.22
2016,5,3,14,0,372.0,370.0,2.0,16.0,682.0,713.71,544.99
2016,5,3,14,15,403.5,340.5,2.1,16.0,667.5,705.09,541.68
2016,5,3,14,30,435.0,311.0,2.2,16.0,653.0,685.92,530.31
2016,5,3,14,45,396.0,309.0,2.35,16.0,609.0,627.54,488.83
2016,5,3,15,0,357.0,307.0,2.5,16.0,565.0,578.36,453.3
2016,5,3,15,15,268.0,302.5,2.65,15.5,489.5,493.57,390.09
2016,5,3,15,30,179.0,298.0,2.8,15.0,414.0,410.55,326.75
2016,5,3,15,45,143.5,274.0,2.95,15.0,362.5,355.08,283.97
2016,5,3,16,0,108.0,250.0,3.1,15.0,311.0,298.98,239.89
2016,5,3,16,15,100.5,226.0,3.1,15.0,278.5,265.33,213.3
2016,5,3,16,30,93.0,202.0,3.1,15.0,246.0,232.5,186.92
2016,5,3,16,45,177.5,174.5,3.1,15.0,247.5,235.51,188.48
2016,5,3,17,0,262.0,147.0,3.1,15.0,249.0,227.64,179.31
2016,5,3,17,15,222.0,132.5,3.0,14.5,210.0,185.46,143.9
2016,5,3,17,30,182.0,118.0,2.9,14.0,171.0,147.29,112.1
2016,5,3,17,45,153.5,96.0,2.85,14.0,134.5,110.18,81.11
2016,5,3,18,0,125.0,74.0,2.8,14.0,98.0,76.85,54.25
2016,5,3,18,15,82.5,53.0,2.6,13.5,67.0,47.88,32.72
2016,5,3,18,30,40.0,32.0,2.4,13.0,36.0,27.46,16.79
2016,5,3,18,45,20.0,16.0,2.25,13.0,18.0,14.15,0.0
2016,5,3,19,0,0.0,0.0,2.1,13.0,0.0,0.0,0.0
2016,5,3,19,15,0.0,0.0,2.05,13.0,0.0,0.0,0.0
2016,5,3,19,30,0.0,0.0,2.0,13.0,0.0,0.0,0.0
2016,5,3,19,45,0.0,0.0,2.0,13.0,0.0,0.0,0.0
2016,5,3,20,0,0.0,0.0,2.0,13.0,0.0,0.0,0.0
2016,5,3,20,15,0.0,0.0,2.05,12.5,0.0,0.0,0.0
2016,5,3,20,30,0.0,0.0,2.1,12.0,0.0,0.0,0.0
2016,5,3,20,45,0.0,0.0,2.15,12.0,0.0,0.0,0.0
2016,5,3,21,0,0.0,0.0,2.2,12.0,0.0,0.0,0.0
2016,5,3,21,15,0.0,0.0,2.2,12.0,0.0,0.0,0.0
2016,5,3,21,30,0.0,0.0,2.2,12.0,0.0,0.0,0.0
2016,5,3,21,45,0.0,0.0,2.2,12.0,0.0,0.0,0.0
2016,5,3,22,0,0.0,0.0,2.2,12.0,0.0,0.0,0.0
2016,5,3,22,15,0.0,0.0,2.1,12.0,0.0,0.0,0.0
2016,5,3,22,30,0.0,0.0,2.0,12.0,0.0,0.0,0.0
2016,5,3,22,45,0.0,0.0,1.95,12.0,0.0,0.0,0.0
2016,5,3,23,0,0.0,0.0,1.9,12.0,0.0,0.0,0.0
2016,5,3,23,15,0.0,0.0,1.85,12.0,0.0,0.0,0.0
2016,5,3,23,30,0.0,0.0,1.8,12.0,0.0,0.0,0.0
2016,5,3,23,45,0.0,0.0,1.75,12.0,0.0,0.0,0.0
2016,5,4,0,0,0.0,0.0,1.7,12.0,0.0,0.0,0.0
2016,5,4,0,15,0.0,0.0,1.7,12.0,0.0,0.0,0.0
2016,5,4,0,30,0.0,0.0,1.7,12.0,0.0,0.0,0.0
2016,5,4,0,45,0.0,0.0,1.7,12.0,0.0,0.0,0.0
2016,5,4,1,0,0.0,0.0,1.7,12.0,0.0,0.0,0.0
2016,5,4,1,15,0.0,0.0,1.7,12.0,0.0,0.0,0.0
2016,5,4,1,30,0.0,0.0,1.7,12.0,0.0,0.0,0.0
2016,5,4,1,45,0.0,0.0,1.75,12.0,0.0,0.0,0.0
2016,5,4,2,0,0.0,0.0,1.8,12.0,0.0,0.0,0.0
2016,5,4,2,15,0.0,0.0,1.9,12.0,0.0,0.0,0.0
2016,5,4,2,30,0.0,0.0,2.0,12.0,0.0,0.0,0.0
2016,5,4,2,45,0.0,0.0,2.1,12.0,0.0,0.0,0.0
2016,5,4,3,0,0.0,0.0,2.2,12.0,0.0,0.0,0.0
2016,5,4,3,15,0.0,0.0,2.25,12.0,0.0,0.0,0.0
2016,5,4,3,30,0.0,0.0,2.3,12.0,0.0,0.0,0.0
2016,5,4,3,45,0.0,0.0,2.4,12.0,0.0,0.0,0.0
2016,5,4,4,0,0.0,0.0,2.5,12.0,0.0,0.0,0.0
2016,5,4,4,15,0.0,0.0,2.5,12.0,0.0,0.0,0.0
2016,5,4,4,30,0.0,0.0,2.5,12.0,0.0,0.0,0.0
2016,5,4,4,45,0.0,0.0,2.55,12.0,0.0,0.0,0.0
2016,5,4,5,0,0.0,0.0,2.6,12.0,0.0,0.0,0.0
2016,5,4,5,15,0.0,8.5,2.55,12.0,8.5,8.1,0.0
2016,5,4,5,30,0.0,17.0,2.5,12.0,17.0,15.76,0.0
2016,5,4,5,45,66.5,38.5,2.5,12.0,48.5,32.52,21.76
2016,5,4,6,0,133.0,60.0,2.5,12.0,80.0,55.73,38.01
2016,5,4,6,15,188.5,80.0,2.45,12.0,120.0,89.53,62.71
2016,5,4,6,30,244.0,100.0,2.4,12.0,160.0,130.39,95.02
2016,5,4,6,45,326.0,104.0,2.4,12.0,205.0,170.45,127.27
2016,5,4,7,0,408.0,108.0,2.4,12.0,250.0,219.58,168.64
2016,5,4,7,15,338.5,141.0,2.3,12.0,271.0,251.11,199.2
2016,5,4,7,30,269.0,174.0,2.2,12.0,292.0,275.97,222.32
2016,5,4,7,45,205.5,203.5,2.15,12.5,300.0,289.28,233.94
2016,5,4,8,0,142.0,233.0,2.1,13.0,308.0,297.78,240.36
2016,5,4,8,15,143.5,256.5,2.0,13.0,338.5,330.44,266.05
2016,5,4,8,30,145.0,280.0,1.9,13.0,369.0,363.12,291.11
2016,5,4,8,45,165.5,301.5,1.85,13.0,411.0,406.46,324.39
2016,5,4,9,0,186.0,323.0,1.8,13.0,453.0,451.42,358.32
2016,5,4,9,15,239.0,335.0,1.7,13.0,511.5,512.92,404.72
2016,5,4,9,30,292.0,347.0,1.6,13.0,570.0,585.38,457.89
2016,5,4,9,45,289.0,365.5,1.55,13.5,594.0,614.22,476.32
2016,5,4,10,0,286.0,384.0,1.5,14.0,618.0,641.91,493.93
2016,5,4,10,15,243.0,406.5,1.5,14.0,610.0,636.57,487.98
2016,5,4,10,30,200.0,429.0,1.5,14.0,602.0,618.72,473.51
2016,5,4,10,45,202.5,439.5,1.5,14.0,618.5,637.61,486.7
2016,5,4,11,0,205.0,450.0,1.5,14.0,635.0,655.74,498.99
2016,5,4,11,15,237.5,451.5,1.65,14.0,668.5,693.28,527.08
2016,5,4,11,30,270.0,453.0,1.8,14.0,702.0,741.0,561.79
2016,5,4,11,45,240.5,461.5,2.0,14.5,684.5,712.31,540.79
2016,5,4,12,0,211.0,470.0,2.2,15.0,667.0,692.52,526.27
2016,5,4,12,15,318.0,431.5,2.3,15.0,727.0,770.97,585.77
2016,5,4,12,30,425.0,393.0,2.4,15.0,787.0,845.67,640.94
2016,5,4,12,45,420.0,390.0,2.5,15.0,776.0,833.37,632.63
2016,5,4,13,0,415.0,387.0,2.6,15.0,765.0,819.17,623.76
2016,5,4,13,15,396.0,388.5,2.65,15.0,744.0,785.97,600.99
2016,5,4,13,30,377.0,390.0,2.7,15.0,723.0,760.38,583.35
2016,5,4,13,45,379.5,377.5,2.8,15.5,705.0,739.52,568.91
2016,5,4,14,0,382.0,365.0,2.9,16.0,687.0,717.06,553.18
2016,5,4,14,15,401.5,342.0,2.95,16.0,668.5,697.08,540.5
2016,5,4,14,30,421.0,319.0,3.0,16.0,650.0,681.71,530.8
2016,5,4,14,45,433.0,297.5,3.05,16.0,624.0,651.8,510.26
2016,5,4,15,0,445.0,276.0,3.1,16.0,598.0,619.61,487.75
2016,5,4,15,15,461.0,252.0,3.1,15.5,568.5,585.52,464.17
2016,5,4,15,30,477.0,228.0,3.1,15.0,539.0,548.77,437.92
2016,5,4,15,45,453.5,217.0,3.1,15.0,495.0,497.95,398.7
2016,5,4,16,0,430.0,206.0,3.1,15.0,451.0,448.42,359.77
2016,5,4,16,15,287.0,206.0,3.0,14.5,363.0,346.9,279.11
2016,5,4,16,30,144.0,206.0,2.9,14.0,275.0,261.81,210.91
2016,5,4,16,45,227.5,174.0,2.85,14.0,269.0,256.77,205.74
2016,5,4,17,0,311.0,142.0,2.8,14.0,263.0,239.27,188.34
2016,5,4,17,15,270.5,128.0,2.7,13.5,222.5,194.6,150.47
2016,5,4,17,30,230.0,114.0,2.6,13.0,182.0,154.54,116.69
2016,5,4,17,45,194.0,94.0,2.55,13.0,143.5,114.65,83.39
2016,5,4,18,0,158.0,74.0,2.5,13.0,105.0,79.34,55.23
2016,5,4,18,15,109.0,54.0,2.35,12.5,72.0,48.37,32.75
2016,5,4,18,30,60.0,34.0,2.2,12.0,39.0,29.04,18.39
2016,5,4,18,45,30.0,17.0,2.1,12.0,19.5,14.99,0.0
2016,5,4,19,0,0.0,0.0,2.0,12.0,0.0,0.0,0.0
2016,5,4,19,15,0.0,0.0,1.95,12.0,0.0,0.0,0.0
2016,5,4,19,30,0.0,0.0,1.9,12.0,0.0,0.0,0.0
2016,5,4,19,45,0.0,0.0,1.85,12.0,0.0,0.0,0.0
2016,5,4,20,0,0.0,0.0,1.8,12.0,0.0,0.0,0.0
2016,5,4,20,15,0.0,0.0,1.8,12.0,0.0,0.0,0.0
2016,5,4,20,30,0.0,0.0,1.8,12.0,0.0,0.0,0.0
2016,5,4,20,45,0.0,0.0,1.8,12.0,0.0,0.0,0.0
2016,5,4,21,0,0.0,0.0,1.8,12.0,0.0,0.0,0.0
2016,5,4,21,15,0.0,0.0,1.8,12.0,0.0,0.0,0.0
2016,5,4,21,30,0.0,0.0,1.8,12.0,0.0,0.0,0.0
2016,5,4,21,45,0.0,0.0,1.85,12.0,0.0,0.0,0.0
2016,5,4,22,0,0.0,0.0,1.9,12.0,0.0,0.0,0.0
2016,5,4,22,15,0.0,0.0,1.95,12.0,0.0,0.0,0.0
2016,5,4,22,30,0.0,0.0,2.0,12.0,0.0,0.0,0.0
2016,5,4,22,45,0.0,0.0,2.05,12.0,0.0,0.0,0.0
2016,5,4,23,0,0.0,0.0,2.1,12.0,0.0,0.0,0.0
2016,5,4,23,15,0.0,0.0,2.1,12.0,0.0,0.0,0.0
2016,5,4,23,30,0.0,0.0,2.1,12.0,0.0,0.0,0.0
2016,5,4,23,45,0.0,0.0,2.15,12.0,0.0,0.0,0.0
2016,5,5,0,0,0.0,0.0,2.2,12.0,0.0,0.0,0.0
2016,5,5,0,15,0.0,0.0,2.2,12.0,0.0,0.0,0.0
2016,5,5,0,30,0.0,0.0,2.2,12.0,0.0,0.0,0.0
2016,5,5,0,45,0.0,0.0,2.2,12.0,0.0,0.0,0.0
2016,5,5,1,0,0.0,0.0,2.2,12.0,0.0,0.0,0.0
2016,5,5,1,15,0.0,0.0,2.2,12.0,0.0,0.0,0.0
2016,5,5,1,30,0.0,0.0,2.2,12.0,0.0,0.0,0.0
2016,5,5,1,45,0.0,0.0,2.2,12.0,0.0,0.0,0.0
2016,5,5,2,0,0.0,0.0,2.2,12.0,0.0,0.0,0.0
2016,5,5,2,15,0.0,0.0,2.15,12.0,0.0,0.0,0.0
2016,5,5,2,30,0.0,0.0,2.1,12.0,0.0,0.0,0.0
2016,5,5,2,45,0.0,0.0,2.05,12.0,0.0,0.0,0.0
2016,5,5,3,0,0.0,0.0,2.0,12.0,0.0,0.0,0.0
2016,5,5,3,15,0.0,0.0,1.95,12.0,0.0,0.0,0.0
2016,5,5,3,30,0.0,0.0,1.9,12.0,0.0,0.0,0.0
2016,5,5,3,45,0.0,0.0,1.9,12.0,0.0,0.0,0.0
2016,5,5,4,0,0.0,0.0,1.9,12.0,0.0,0.0,0.0
2016,5,5,4,15,0.0,0.0,1.85,12.0,0.0,0.0,0.0
2016,5,5,4,30,0.0,0.0,1.8,12.0,0.0,0.0,0.0
2016,5,5,4,45,0.0,0.0,1.8,12.0,0.0,0.0,0.0
2016,5,5,5,0,0.0,0.0,1.8,12.0,0.0,0.0,0.0
2016,5,5,5,15,0.0,7.5,1.9,12.0,7.5,7.15,0.0
2016,5,5,5,30,0.0,15.0,2.0,12.0,15.0,13.92,0.0
2016,5,5,5,45,21.5,35.0,2.1,12.5,38.0,31.08,20.69
2016,5,5,6,0,43.0,55.0,2.2,13.0,61.0,50.46,35.74
2016,5,5,6,15,64.0,77.0,2.25,13.0,90.5,75.55,55.97
2016,5,5,6,30,85.0,99.0,2.3,13.0,120.0,103.72,79.21
2016,5,5,6,45,108.0,119.0,2.35,13.0,152.5,133.93,104.44
2016,5,5,7,0,131.0,139.0,2.4,13.0,185.0,167.02,132.3
2016,5,5,7,15,164.5,161.0,2.4,13.0,228.0,208.35,166.75
2016,5,5,7,30,198.0,183.0,2.4,13.0,271.0,253.61,204.29
2016,5,5,7,45,118.0,196.5,2.45,13.5,250.5,242.51,195.8
2016,5,5,8,0,38.0,210.0,2.5,14.0,230.0,218.81,175.93
2016,5,5,8,15,69.0,243.0,2.45,14.0,284.5,270.98,217.85
2016,5,5,8,30,100.0,276.0,2.4,14.0,339.0,326.57,261.72
2016,5,5,8,45,145.5,300.0,2.4,14.0,398.0,391.47,312.52
2016,5,5,9,0,191.0,324.0,2.4,14.0,457.0,455.76,362.04
2016,5,5,9,15,154.0,343.5,2.35,14.0,455.0,456.91,361.02
2016,5,5,9,30,117.0,363.0,2.3,14.0,453.0,454.58,357.52
2016,5,5,9,45,245.0,361.5,2.3,14.5,559.5,573.2,448.37
2016,5,5,10,0,373.0,360.0,2.3,15.0,666.0,692.74,536.16
2016,5,5,10,15,278.0,395.5,2.3,15.0,628.0,656.43,505.83
2016,5,5,10,30,183.0,431.0,2.3,15.0,590.0,604.66,465.3
2016,5,5,10,45,225.5,435.5,2.3,15.5,636.0,654.92,501.82
2016,5,5,11,0,268.0,440.0,2.3,16.0,682.0,715.85,544.37
2016,5,5,11,15,240.0,452.5,2.3,16.0,671.5,696.33,529.03
2016,5,5,11,30,212.0,465.0,2.3,16.0,661.0,684.81,519.82
2016,5,5,11,45,270.0,454.0,2.35,16.0,705.0,744.18,563.54
2016,5,5,12,0,328.0,443.0,2.4,16.0,749.0,792.48,598.68
2016,5,5,12,15,341.5,429.5,2.4,16.0,747.5,792.0,598.58
2016,5,5,12,30,355.0,416.0,2.4,16.0,746.0,789.78,597.77
2016,5,5,12,45,354.5,411.5,2.4,16.0,738.5,781.08,591.96
2016,5,5,13,0,354.0,407.0,2.4,16.0,731.0,770.74,585.12
2016,5,5,13,15,302.5,415.0,2.4,16.0,688.0,722.44,550.12
2016,5,5,13,30,251.0,423.0,2.4,16.0,645.0,674.58,515.35
2016,5,5,13,45,244.0,416.0,2.4,16.0,626.5,653.48,500.91
2016,5,5,14,0,237.0,409.0,2.4,16.0,608.0,623.13,479.65
2016,5,5,14,15,121.5,301.5,2.4,16.0,403.5,406.58,318.25
2016,5,5,14,30,6.0,194.0,2.4,16.0,199.0,187.59,146.35
2016,5,5,14,45,51.0,264.5,2.4,16.0,302.0,296.26,234.07
2016,5,5,15,0,96.0,335.0,2.4,16.0,405.0,397.14,312.63
2016,5,5,15,15,133.0,317.5,2.35,15.5,408.0,406.64,321.3
2016,5,5,15,30,170.0,300.0,2.3,15.0,411.0,406.04,322.5
2016,5,5,15,45,249.5,265.5,2.25,15.0,415.0,415.61,331.36
2016,5,5,16,0,329.0,231.0,2.2,15.0,419.0,411.6,328.87
2016,5,5,16,15,493.5,173.5,2.2,15.0,427.0,423.61,338.2
2016,5,5,16,30,658.0,116.0,2.2,15.0,435.0,415.01,328.91
2016,5,5,16,45,621.5,110.0,2.2,15.0,384.0,355.38,278.42
2016,5,5,17,0,585.0,104.0,2.2,15.0,333.0,299.06,229.76
2016,5,5,17,15,537.0,95.5,2.25,14.5,282.0,240.83,179.61
2016,5,5,17,30,489.0,87.0,2.3,14.0,231.0,186.24,132.48
2016,5,5,17,45,420.5,76.5,2.35,14.0,183.0,133.96,89.25
2016,5,5,18,0,352.0,66.0,2.4,14.0,135.0,89.84,55.9
2016,5,5,18,15,260.0,51.0,2.25,13.5,94.0,49.41,30.39
2016,5,5,18,30,168.0,36.0,2.1,13.0,53.0,28.07,17.7
2016,5,5,18,45,84.0,18.0,2.0,13.0,26.5,14.16,0.0
2016,5,5,19,0,0.0,0.0,1.9,13.0,0.0,0.0,0.0
2016,5,5,19,15,0.0,0.0,1.8,12.5,0.0,0.0,0.0
2016,5,5,19,30,0.0,0.0,1.7,12.0,0.0,0.0,0.0
2016,5,5,19,45,0.0,0.0,1.65,12.0,0.0,0.0,0.0
2016,5,5,20,0,0.0,0.0,1.6,12.0,0.0,0.0,0.0
2016,5,5,20,15,0.0,0.0,1.7,12.0,0.0,0.0,0.0
2016,5,5,20,30,0.0,0.0,1.8,12.0,0.0,0.0,0.0
2016,5,5,20,45,0.0,0.0,1.9,12.0,0.0,0.0,0.0
2016,5,5,21,0,0.0,0.0,2.0,12.0,0.0,0.0,0.0
2016,5,5,21,15,0.0,0.0,2.25,12.0,0.0,0.0,0.0
2016,5,5,21,30,0.0,0.0,2.5,12.0,0.0,0.0,0.0
2016,5,5,21,45,0.0,0.0,2.8,12.0,0.0,0.0,0.0
2016,5,5,22,0,0.0,0.0,3.1,12.0,0.0,0.0,0.0
2016,5,5,22,15,0.0,0.0,3.2,12.0,0.0,0.0,0.0
2016,5,5,22,30,0.0,0.0,3.3,12.0,0.0,0.0,0.0
2016,5,5,22,45,0.0,0.0,3.45,12.0,0.0,0.0,0.0
2016,5,5,23,0,0.0,0.0,3.6,12.0,0.0,0.0,0.0
2016,5,5,23,15,0.0,0.0,3.5,11.5,0.0,0.0,0.0
2016,5,5,23,30,0.0,0.0,3.4,11.0,0.0,0.0,0.0
2016,5,5,23,45,0.0,0.0,3.35,11.0,0.0,0.0,0.0
2016,5,6,0,0,0.0,0.0,3.3,11.0,0.0,0.0,0.0
2016,5,6,0,15,0.0,0.0,3.25,11.0,0.0,0.0,0.0
2016,5,6,0,30,0.0,0.0,3.2,11.0,0.0,0.0,0.0
2016,5,6,0,45,0.0,0.0,3.15,11.0,0.0,0.0,0.0
2016,5,6,1,0,0.0,0.0,3.1,11.0,0.0,0.0,0.0
2016,5,6,1,15,0.0,0.0,3.05,11.0,0.0,0.0,0.0
2016,5,6,1,30,0.0,0.0,3.0,11.0,0.0,0.0,0.0
2016,5,6,1,45,0.0,0.0,3.0,11.0,0.0,0.0,0.0
2016,5,6,2,0,0.0,0.0,3.0,11.0,0.0,0.0,0.0
2016,5,6,2,15,0.0,0.0,2.95,11.0,0.0,0.0,0.0
2016,5,6,2,30,0.0,0.0,2.9,11.0,0.0,0.0,0.0
2016,5,6,2,45,0.0,0.0,2.9,11.0,0.0,0.0,0.0
2016,5,6,3,0,0.0,0.0,2.9,11.0,0.0,0.0,0.0
2016,5,6,3,15,0.0,0.0,2.9,11.0,0.0,0.0,0.0
2016,5,6,3,30,0.0,0.0,2.9,11.0,0.0,0.0,0.0
2016,5,6,3,45,0.0,0.0,2.9,11.0,0.0,0.0,0.0
2016,5,6,4,0,0.0,0.0,2.9,11.0,0.0,0.0,0.0
2016,5,6,4,15,0.0,0.0,2.85,11.0,0.0,0.0,0.0
2016,5,6,4,30,0.0,0.0,2.8,11.0,0.0,0.0,0.0
2016,5,6,4,45,0.0,0.0,2.75,11.0,0.0,0.0,0.0
2016,5,6,5,0,0.0,0.0,2.7,11.0,0.0,0.0,0.0
2016,5,6,5,15,0.0,4.0,2.7,11.0,4.0,3.81,0.0
2016,5,6,5,30,0.0,8.0,2.7,11.0,8.0,7.41,0.0
2016,5,6,5,45,0.0,20.0,2.7,11.5,20.0,18.55,10.22
2016,5,6,6,0,0.0,32.0,2.7,12.0,32.0,29.71,19.55
2016,5,6,6,15,0.0,47.5,2.65,12.0,47.5,44.1,32.22
2016,5,6,6,30,0.0,63.0,2.6,12.0,63.0,58.34,44.66
2016,5,6,6,45,0.0,79.5,2.55,12.0,79.5,73.61,57.8
2016,5,6,7,0,0.0,96.0,2.5,12.0,96.0,88.99,70.82
2016,5,6,7,15,61.5,141.5,2.45,12.0,169.5,153.3,123.69
2016,5,6,7,30,123.0,187.0,2.4,12.0,243.0,227.15,184.2
2016,5,6,7,45,61.5,158.5,2.4,12.0,186.5,177.8,143.98
2016,5,6,8,0,0.0,130.0,2.4,12.0,130.0,121.29,96.78
2016,5,6,8,15,10.0,177.5,2.35,12.0,184.0,171.81,138.4
2016,5,6,8,30,20.0,225.0,2.3,12.0,238.0,223.78,180.3
2016,5,6,8,45,13.0,211.5,2.3,12.5,220.5,207.45,166.1
2016,5,6,9,0,6.0,198.0,2.3,13.0,203.0,190.35,151.5
2016,5,6,9,15,5.5,190.5,2.3,13.0,195.0,183.22,145.46
2016,5,6,9,30,5.0,183.0,2.3,13.0,187.0,176.0,139.37
2016,5,6,9,45,6.5,195.5,2.3,13.0,201.0,189.48,150.02
2016,5,6,10,0,8.0,208.0,2.3,13.0,215.0,203.07,160.68
2016,5,6,10,15,4.0,163.5,2.3,13.0,167.0,157.32,123.63
2016,5,6,10,30,0.0,119.0,2.3,13.0,119.0,111.55,86.36
2016,5,6,10,45,7.5,201.5,2.3,13.5,208.5,197.35,155.47
2016,5,6,11,0,15.0,284.0,2.3,14.0,298.0,284.53,223.48
2016,5,6,11,15,17.5,305.5,2.3,14.0,322.0,308.28,241.47
2016,5,6,11,30,20.0,327.0,2.3,14.0,346.0,332.1,259.64
2016,5,6,11,45,22.0,341.0,2.35,14.0,362.0,348.06,271.79
2016,5,6,12,0,24.0,355.0,2.4,14.0,378.0,363.96,283.91
2016,5,6,12,15,21.0,336.0,2.4,14.0,356.5,342.26,267.22
2016,5,6,12,30,18.0,317.0,2.4,14.0,335.0,320.5,250.59
2016,5,6,12,45,13.5,264.5,2.4,14.0,278.0,264.68,207.45
2016,5,6,13,0,9.0,212.0,2.4,14.0,221.0,209.31,164.14
2016,5,6,13,15,10.0,227.5,2.35,14.0,237.0,224.95,176.75
2016,5,6,13,30,11.0,243.0,2.3,14.0,253.0,240.53,189.09
2016,5,6,13,45,14.0,265.0,2.3,14.0,277.5,264.15,207.84
2016,5,6,14,0,17.0,287.0,2.3,14.0,302.0,287.6,226.38
2016,5,6,14,15,18.5,286.5,2.25,14.0,302.0,287.7,226.67
2016,5,6,14,30,20.0,286.0,2.2,14.0,302.0,287.63,226.96
2016,5,6,14,45,10.0,192.5,2.15,14.0,200.5,188.94,149.12
2016,5,6,15,0,0.0,99.0,2.1,14.0,99.0,92.42,71.06
2016,5,6,15,15,11.0,169.5,1.95,14.0,177.0,166.7,132.28
2016,5,6,15,30,22.0,240.0,1.8,14.0,255.0,240.4,191.62
2016,5,6,15,45,11.0,189.5,1.7,14.0,197.0,184.34,146.66
2016,5,6,16,0,0.0,139.0,1.6,14.0,139.0,129.83,102.64
2016,5,6,16,15,0.0,101.5,1.4,13.5,101.5,94.6,74.09
2016,5,6,16,30,0.0,64.0,1.2,13.0,64.0,59.54,45.07
2016,5,6,16,45,0.0,50.0,1.0,13.0,50.0,46.47,34.18
2016,5,6,17,0,0.0,36.0,0.8,13.0,36.0,33.43,23.15
2016,5,6,17,15,0.0,30.5,0.7,13.0,30.5,28.3,18.82
2016,5,6,17,30,0.0,25.0,0.6,13.0,25.0,23.18,14.43
2016,5,6,17,45,0.0,20.0,0.5,13.0,20.0,18.54,10.39
2016,5,6,18,0,0.0,15.0,0.4,13.0,15.0,13.89,6.3
2016,5,6,18,15,0.0,10.0,0.45,12.5,10.0,9.26,2.2
2016,5,6,18,30,0.0,5.0,0.5,12.0,5.0,4.62,0.0
2016,5,6,18,45,0.0,2.5,0.55,12.0,2.5,2.31,0.0
2016,5,6,19,0,0.0,0.0,0.6,12.0,0.0,0.0,0.0
2016,5,6,19,15,0.0,0.0,0.6,12.0,0.0,0.0,0.0
2016,5,6,19,30,0.0,0.0,0.6,12.0,0.0,0.0,0.0
2016,5,6,19,45,0.0,0.0,0.6,12.0,0.0,0.0,0.0
2016,5,6,20,0,0.0,0.0,0.6,12.0,0.0,0.0,0.0
2016,5,6,20,15,0.0,0.0,0.6,11.5,0.0,0.0,0.0
2016,5,6,20,30,0.0,0.0,0.6,11.0,0.0,0.0,0.0
2016,5,6,20,45,0.0,0.0,0.6,11.0,0.0,0.0,0.0
2016,5,6,21,0,0.0,0.0,0.6,11.0,0.0,0.0,0.0
2016,5,6,21,15,0.0,0.0,0.6,11.0,0.0,0.0,0.0
2016,5,6,21,30,0.0,0.0,0.6,11.0,0.0,0.0,0.0
2016,5,6,21,45,0.0,0.0,0.6,11.0,0.0,0.0,0.0
2016,5,6,22,0,0.0,0.0,0.6,11.0,0.0,0.0,0.0
2016,5,6,22,15,0.0,0.0,0.6,11.0,0.0,0.0,0.0
2016,5,6,22,30,0.0,0.0,0.6,11.0,0.0,0.0,0.0
2016,5,6,22,45,0.0,0.0,0.6,11.0,0.0,0.0,0.0
2016,5,6,23,0,0.0,0.0,0.6,11.0,0.0,0.0,0.0
2016,5,6,23,15,0.0,0.0,0.55,11.0,0.0,0.0,0.0
2016,5,6,23,30,0.0,0.0,0.5,11.0,0.0,0.0,0.0
2016,5,6,23,45,0.0,0.0,0.5,11.0,0.0,0.0,0.0
2016,5,7,0,0,0.0,0.0,0.5,11.0,0.0,0.0,0.0
2016,5,7,0,15,0.0,0.0,0.55,11.0,0.0,0.0,0.0
2016,5,7,0,30,0.0,0.0,0.6,11.0,0.0,0.0,0.0
2016,5,7,0,45,0.0,0.0,0.7,11.0,0.0,0.0,0.0
2016,5,7,1,0,0.0,0.0,0.8,11.0,0.0,0.0,0.0
2016,5,7,1,15,0.0,0.0,0.85,11.0,0.0,0.0,0.0
2016,5,7,1,30,0.0,0.0,0.9,11.0,0.0,0.0,0.0
2016,5,7,1,45,0.0,0.0,1.0,11.0,0.0,0.0,0.0
2016,5,7,2,0,0.0,0.0,1.1,11.0,0.0,0.0,0.0
2016,5,7,2,15,0.0,0.0,1.2,11.0,0.0,0.0,0.0
2016,5,7,2,30,0.0,0.0,1.3,11.0,0.0,0.0,0.0
2016,5,7,2,45,0.0,0.0,1.4,11.0,0.0,0.0,0.0
2016,5,7,3,0,0.0,0.0,1.5,11.0,0.0,0.0,0.0
2016,5,7,3,15,0.0,0.0,1.5,11.0,0.0,0.0,0.0
2016,5,7,3,30,0.0,0.0,1.5,11.0,0.0,0.0,0.0
2016,5,7,3,45,0.0,0.0,1.55,11.0,0.0,0.0,0.0
2016,5,7,4,0,0.0,0.0,1.6,11.0,0.0,0.0,0.0
2016,5,7,4,15,0.0,0.0,1.55,11.0,0.0,0.0,0.0
2016,5,7,4,30,0.0,0.0,1.5,11.0,0.0,0.0,0.0
2016,5,7,4,45,0.0,0.0,1.5,11.0,0.0,0.0,0.0
2016,5,7,5,0,0.0,0.0,1.5,11.0,0.0,0.0,0.0
2016,5,7,5,15,0.0,8.0,1.65,11.0,8.0,7.63,0.0
2016,5,7,5,30,0.0,16.0,1.8,11.0,16.0,14.85,2.23
2016,5,7,5,45,15.5,36.5,2.0,11.5,39.0,32.4,22.19
2016,5,7,6,0,31.0,57.0,2.2,12.0,62.0,51.8,37.4
2016,5,7,6,15,50.0,79.0,2.25,12.0,90.5,75.98,57.21
2016,5,7,6,30,69.0,101.0,2.3,12.0,119.0,102.96,79.61
2016,5,7,6,45,92.0,121.5,2.35,12.5,151.0,132.63,104.17
2016,5,7,7,0,115.0,142.0,2.4,13.0,183.0,165.23,131.26
2016,5,7,7,15,89.5,162.0,2.45,13.0,197.0,181.82,146.2
2016,5,7,7,30,64.0,182.0,2.5,13.0,211.0,196.47,158.8
2016,5,7,7,45,41.5,188.5,2.6,13.0,208.0,196.87,159.12
2016,5,7,8,0,19.0,195.0,2.7,13.0,205.0,192.09,154.83
2016,5,7,8,15,10.0,180.0,2.75,13.0,185.5,174.14,139.7
2016,5,7,8,30,1.0,165.0,2.8,13.0,166.0,155.08,123.62
2016,5,7,8,45,0.5,154.5,2.9,13.5,155.0,144.98,114.84
2016,5,7,9,0,0.0,144.0,3.0,14.0,144.0,134.8,106.05
2016,5,7,9,15,13.0,218.0,2.95,14.0,228.0,215.11,171.04
2016,5,7,9,30,26.0,292.0,2.9,14.0,312.0,303.77,240.91
2016,5,7,9,45,13.0,201.5,2.9,14.5,211.5,200.6,158.19
2016,5,7,10,0,0.0,111.0,2.9,15.0,111.0,103.88,79.69
2016,5,7,10,15,0.0,93.5,2.85,15.0,93.5,87.43,66.31
2016,5,7,10,30,0.0,76.0,2.8,15.0,76.0,71.02,52.86
2016,5,7,10,45,0.0,104.5,2.75,15.0,104.5,97.9,74.69
2016,5,7,11,0,0.0,133.0,2.7,15.0,133.0,124.94,96.44
2016,5,7,11,15,0.0,99.0,2.65,15.0,99.0,92.8,70.37
2016,5,7,11,30,0.0,65.0,2.6,15.0,65.0,60.8,44.34
2016,5,7,11,45,0.0,79.0,2.6,15.5,79.0,73.98,54.99
2016,5,7,12,0,0.0,93.0,2.6,16.0,93.0,87.19,65.56
2016,5,7,12,15,0.0,101.5,2.55,16.0,101.5,95.23,72.03
2016,5,7,12,30,0.0,110.0,2.5,16.0,110.0,103.25,78.5
2016,5,7,12,45,0.0,106.5,2.5,16.0,106.5,99.91,75.82
2016,5,7,13,0,0.0,103.0,2.5,16.0,103.0,96.57,73.17
2016,5,7,13,15,20.0,240.0,2.45,16.0,257.5,253.2,198.3
2016,5,7,13,30,40.0,377.0,2.4,16.0,412.0,408.81,317.28
2016,5,7,13,45,25.5,311.5,2.4,16.0,334.0,327.98,255.26
2016,5,7,14,0,11.0,246.0,2.4,16.0,256.0,242.54,189.37
2016,5,7,14,15,5.5,197.0,2.4,16.0,202.5,190.29,148.59
2016,5,7,14,30,0.0,148.0,2.4,16.0,149.0,138.8,107.66
2016,5,7,14,45,0.0,149.0,2.4,16.0,150.0,139.67,108.66
2016,5,7,15,0,0.0,150.0,2.4,16.0,151.0,140.54,109.59
2016,5,7,15,15,0.0,140.0,2.35,15.5,140.5,131.01,102.33
2016,5,7,15,30,0.0,130.0,2.3,15.0,130.0,121.51,95.06
2016,5,7,15,45,20.5,180.0,2.3,15.0,192.0,181.1,144.24
2016,5,7,16,0,41.0,230.0,2.3,15.0,254.0,241.74,193.39
2016,5,7,16,15,25.5,198.0,2.25,15.0,212.5,197.91,158.2
2016,5,7,16,30,10.0,166.0,2.2,15.0,171.0,159.16,127.09
2016,5,7,16,45,5.0,141.5,2.2,15.0,144.0,133.47,106.4
2016,5,7,17,0,0.0,117.0,2.2,15.0,117.0,108.52,86.08
2016,5,7,17,15,0.0,99.5,2.1,14.5,99.5,92.11,72.71
2016,5,7,17,30,0.0,82.0,2.0,14.0,82.0,75.8,59.15
2016,5,7,17,45,171.0,74.5,1.95,14.0,109.0,94.21,67.04
2016,5,7,18,0,342.0,67.0,1.9,14.0,136.0,90.16,56.58
2016,5,7,18,15,254.0,52.5,1.85,13.5,95.5,50.84,31.57
2016,5,7,18,30,166.0,38.0,1.8,13.0,55.0,29.58,19.28
2016,5,7,18,45,83.0,19.0,1.75,13.0,27.5,14.9,0.0
2016,5,7,19,0,0.0,0.0,1.7,13.0,0.0,0.0,0.0
2016,5,7,19,15,0.0,0.0,1.6,13.0,0.0,0.0,0.0
2016,5,7,19,30,0.0,0.0,1.5,13.0,0.0,0.0,0.0
2016,5,7,19,45,0.0,0.0,1.45,13.0,0.0,0.0,0.0
2016,5,7,20,0,0.0,0.0,1.4,13.0,0.0,0.0,0.0
2016,5,7,20,15,0.0,0.0,1.3,12.5,0.0,0.0,0.0
2016,5,7,20,30,0.0,0.0,1.2,12.0,0.0,0.0,0.0
2016,5,7,20,45,0.0,0.0,1.2,12.0,0.0,0.0,0.0
2016,5,7,21,0,0.0,0.0,1.2,12.0,0.0,0.0,0.0
2016,5,7,21,15,0.0,0.0,1.15,12.0,0.0,0.0,0.0
2016,5,7,21,30,0.0,0.0,1.1,12.0,0.0,0.0,0.0
2016,5,7,21,45,0.0,0.0,1.05,12.0,0.0,0.0,0.0
2016,5,7,22,0,0.0,0.0,1.0,12.0,0.0,0.0,0.0
2016,5,7,22,15,0.0,0.0,0.95,12.0,0.0,0.0,0.0
2016,5,7,22,30,0.0,0.0,0.9,12.0,0.0,0.0,0.0
2016,5,7,22,45,0.0,0.0,0.9,12.0,0.0,0.0,0.0
2016,5,7,23,0,0.0,0.0,0.9,12.0,0.0,0.0,0.0
2016,5,7,23,15,0.0,0.0,0.9,12.0,0.0,0.0,0.0
2016,5,7,23,30,0.0,0.0,0.9,12.0,0.0,0.0,0.0
2016,5,7,23,45,0.0,0.0,0.9,12.0,0.0,0.0,0.0
2016,5,8,0,0,0.0,0.0,0.9,12.0,0.0,0.0,0.0
2016,5,8,0,15,0.0,0.0,0.9,12.0,0.0,0.0,0.0
2016,5,8,0,30,0.0,0.0,0.9,12.0,0.0,0.0,0.0
2016,5,8,0,45,0.0,0.0,0.95,12.0,0.0,0.0,0.0
2016,5,8,1,0,0.0,0.0,1.0,12.0,0.0,0.0,0.0
2016,5,8,1,15,0.0,0.0,1.0,12.0,0.0,0.0,0.0
2016,5,8,1,30,0.0,0.0,1.0,12.0,0.0,0.0,0.0
2016,5,8,1,45,0.0,0.0,1.0,12.0,0.0,0.0,0.0
2016,5,8,2,0,0.0,0.0,1.0,12.0,0.0,0.0,0.0
2016,5,8,2,15,0.0,0.0,1.0,11.5,0.0,0.0,0.0
2016,5,8,2,30,0.0,0.0,1.0,11.0,0.0,0.0,0.0
2016,5,8,2,45,0.0,0.0,1.05,11.0,0.0,0.0,0.0
2016,5,8,3,0,0.0,0.0,1.1,11.0,0.0,0.0,0.0
2016,5,8,3,15,0.0,0.0,1.1,11.0,0.0,0.0,0.0
2016,5,8,3,30,0.0,0.0,1.1,11.0,0.0,0.0,0.0
2016,5,8,3,45,0.0,0.0,1.15,11.0,0.0,0.0,0.0
2016,5,8,4,0,0.0,0.0,1.2,11.0,0.0,0.0,0.0
2016,5,8,4,15,0.0,0.0,1.2,11.0,0.0,0.0,0.0
2016,5,8,4,30,0.0,0.0,1.2,11.0,0.0,0.0,0.0
2016,5,8,4,45,0.0,0.0,1.2,11.5,0.0,0.0,0.0
2016,5,8,5,0,0.0,0.0,1.2,12.0,0.0,0.0,0.0
2016,5,8,5,15,41.5,12.0,1.2,12.0,14.5,11.44,0.0
2016,5,8,5,30,83.0,24.0,1.2,12.0,29.0,19.92,6.13
2016,5,8,5,45,178.5,40.5,1.25,12.5,65.5,31.36,21.32
2016,5,8,6,0,274.0,57.0,1.3,13.0,102.0,59.26,36.9
2016,5,8,6,15,348.0,69.5,1.3,13.0,147.0,97.69,62.5
2016,5,8,6,30,422.0,82.0,1.3,13.0,192.0,145.08,99.2
2016,5,8,6,45,211.0,98.5,1.35,13.5,153.5,139.54,104.92
2016,5,8,7,0,0.0,115.0,1.4,14.0,115.0,106.3,84.62
2016,5,8,7,15,0.0,128.0,1.4,14.0,128.0,118.7,94.8
2016,5,8,7,30,0.0,141.0,1.4,14.0,141.0,131.1,104.74
2016,5,8,7,45,16.0,175.0,1.45,14.0,183.5,170.49,136.69
2016,5,8,8,0,32.0,209.0,1.5,14.0,226.0,214.49,171.95
2016,5,8,8,15,21.0,207.0,1.5,14.0,219.0,205.85,164.35
2016,5,8,8,30,10.0,205.0,1.5,14.0,212.0,198.49,157.87
2016,5,8,8,45,27.5,248.5,1.5,14.5,268.0,256.65,203.7
2016,5,8,9,0,45.0,292.0,1.5,15.0,324.0,313.66,247.36
2016,5,8,9,15,46.0,308.5,1.5,15.0,343.0,333.36,261.75
2016,5,8,9,30,47.0,325.0,1.5,15.0,362.0,353.08,276.24
2016,5,8,9,45,50.0,345.0,1.55,15.0,385.5,377.97,294.7
2016,5,8,10,0,53.0,365.0,1.6,15.0,409.0,403.0,313.13
2016,5,8,10,15,99.0,399.0,1.65,15.0,484.5,480.9,372.06
2016,5,8,10,30,145.0,433.0,1.7,15.0,560.0,570.42,437.72
2016,5,8,10,45,132.0,442.0,1.8,15.5,559.5,571.77,436.82
2016,5,8,11,0,119.0,451.0,1.9,16.0,559.0,571.96,435.79
2016,5,8,11,15,124.5,452.0,2.0,16.0,567.0,581.09,442.77
2016,5,8,11,30,130.0,453.0,2.1,16.0,575.0,589.69,449.35
2016,5,8,11,45,227.0,449.5,2.25,16.0,662.5,684.66,520.79
2016,5,8,12,0,324.0,446.0,2.4,16.0,750.0,789.88,597.11
2016,5,8,12,15,341.5,428.5,2.45,16.0,748.5,789.34,596.99
2016,5,8,12,30,359.0,411.0,2.5,16.0,747.0,787.03,596.63
2016,5,8,12,45,615.5,273.5,2.65,16.0,841.5,909.28,690.78
2016,5,8,13,0,872.0,136.0,2.8,16.0,936.0,998.69,753.33
2016,5,8,13,15,868.0,135.0,2.85,16.0,919.0,979.71,740.6
2016,5,8,13,30,864.0,134.0,2.9,16.0,902.0,957.53,726.76
2016,5,8,13,45,590.5,263.0,3.0,16.0,781.5,826.82,635.65
2016,5,8,14,0,317.0,392.0,3.1,16.0,661.0,684.47,527.79
2016,5,8,14,15,579.0,258.0,3.15,16.0,727.0,774.06,601.85
2016,5,8,14,30,841.0,124.0,3.2,16.0,793.0,827.35,643.5
2016,5,8,14,45,834.5,119.5,3.25,16.0,757.0,789.82,617.64
2016,5,8,15,0,828.0,115.0,3.3,16.0,721.0,745.52,587.3
2016,5,8,15,15,609.0,188.5,3.35,16.0,620.0,629.01,498.8
2016,5,8,15,30,390.0,262.0,3.4,16.0,519.0,518.08,411.72
2016,5,8,15,45,580.0,181.5,3.45,16.0,533.0,542.29,433.45
2016,5,8,16,0,770.0,101.0,3.5,16.0,547.0,537.56,430.67
2016,5,8,16,15,746.5,97.0,3.55,15.5,497.5,479.45,383.91
2016,5,8,16,30,723.0,93.0,3.6,15.0,448.0,421.58,336.03
2016,5,8,16,45,694.5,87.5,3.7,15.0,398.0,362.29,285.0
2016,5,8,17,0,666.0,82.0,3.8,15.0,348.0,305.28,234.56
2016,5,8,17,15,623.0,76.0,3.85,14.5,297.0,246.34,182.49
2016,5,8,17,30,580.0,70.0,3.9,14.0,246.0,191.95,134.27
2016,5,8,17,45,519.5,62.5,3.95,14.0,197.0,138.25,88.75
2016,5,8,18,0,459.0,55.0,4.0,14.0,148.0,91.73,53.09
2016,5,8,18,15,364.5,44.5,3.9,13.5,105.0,48.67,27.27
2016,5,8,18,30,270.0,34.0,3.8,13.0,62.0,27.07,17.27
2016,5,8,18,45,135.0,17.0,3.7,12.5,31.0,13.28,0.0
2016,5,8,19,0,0.0,0.0,3.6,12.0,0.0,0.0,0.0
2016,5,8,19,15,0.0,0.0,3.55,12.0,0.0,0.0,0.0
2016,5,8,19,30,0.0,0.0,3.5,12.0,0.0,0.0,0.0
2016,5,8,19,45,0.0,0.0,3.45,12.0,0.0,0.0,0.0
2016,5,8,20,0,0.0,0.0,3.4,12.0,0.0,0.0,0.0
2016,5,8,20,15,0.0,0.0,3.4,11.5,0.0,0.0,0.0
2016,5,8,20,30,0.0,0.0,3.4,11.0,0.0,0.0,0.0
2016,5,8,20,45,0.0,0.0,3.4,11.0,0.0,0.0,0.0
2016,5,8,21,0,0.0,0.0,3.4,11.0,0.0,0.0,0.0
2016,5,8,21,15,0.0,0.0,3.4,11.0,0.0,0.0,0.0
2016,5,8,21,30,0.0,0.0,3.4,11.0,0.0,0.0,0.0
2016,5,8,21,45,0.0,0.0,3.45,11.0,0.0,0.0,0.0
2016,5,8,22,0,0.0,0.0,3.5,11.0,0.0,0.0,0.0
2016,5,8,22,15,0.0,0.0,3.5,11.0,0.0,0.0,0.0
2016,5,8,22,30,0.0,0.0,3.5,11.0,0.0,0.0,0.0
2016,5,8,22,45,0.0,0.0,3.55,11.0,0.0,0.0,0.0
2016,5,8,23,0,0.0,0.0,3.6,11.0,0.0,0.0,0.0
2016,5,8,23,15,0.0,0.0,3.6,11.0,0.0,0.0,0.0
2016,5,8,23,30,0.0,0.0,3.6,11.0,0.0,0.0,0.0
2016,5,8,23,45,0.0,0.0,3.65,11.0,0.0,0.0,0.0
2016,5,9,0,0,0.0,0.0,3.7,11.0,0.0,0.0,0.0
2016,5,9,0,15,0.0,0.0,3.65,11.0,0.0,0.0,0.0
2016,5,9,0,30,0.0,0.0,3.6,11.0,0.0,0.0,0.0
2016,5,9,0,45,0.0,0.0,3.6,11.0,0.0,0.0,0.0
2016,5,9,1,0,0.0,0.0,3.6,11.0,0.0,0.0,0.0
2016,5,9,1,15,0.0,0.0,3.55,11.0,0.0,0.0,0.0
2016,5,9,1,30,0.0,0.0,3.5,11.0,0.0,0.0,0.0
2016,5,9,1,45,0.0,0.0,3.5,11.0,0.0,0.0,0.0
2016,5,9,2,0,0.0,0.0,3.5,11.0,0.0,0.0,0.0
2016,5,9,2,15,0.0,0.0,3.4,10.5,0.0,0.0,0.0
2016,5,9,2,30,0.0,0.0,3.3,10.0,0.0,0.0,0.0
2016,5,9,2,45,0.0,0.0,3.25,10.0,0.0,0.0,0.0
2016,5,9,3,0,0.0,0.0,3.2,10.0,0.0,0.0,0.0
2016,5,9,3,15,0.0,0.0,3.1,10.0,0.0,0.0,0.0
2016,5,9,3,30,0.0,0.0,3.0,10.0,0.0,0.0,0.0
2016,5,9,3,45,0.0,0.0,2.9,10.0,0.0,0.0,0.0
2016,5,9,4,0,0.0,0.0,2.8,10.0,0.0,0.0,0.0
2016,5,9,4,15,0.0,0.0,2.75,10.0,0.0,0.0,0.0
2016,5,9,4,30,0.0,0.0,2.7,10.0,0.0,0.0,0.0
2016,5,9,4,45,0.0,0.0,2.7,10.0,0.0,0.0,0.0
2016,5,9,5,0,0.0,0.0,2.7,10.0,0.0,0.0,0.0
2016,5,9,5,15,50.5,13.0,2.7,10.0,16.5,12.39,0.0
2016,5,9,5,30,101.0,26.0,2.7,10.0,33.0,21.5,8.2
2016,5,9,5,45,207.0,42.0,2.75,10.5,71.0,32.54,22.59
2016,5,9,6,0,313.0,58.0,2.8,11.0,109.0,62.19,38.48
2016,5,9,6,15,156.5,65.5,2.8,11.0,91.0,74.87,51.91
2016,5,9,6,30,0.0,73.0,2.8,11.0,73.0,67.32,52.56
2016,5,9,6,45,0.0,91.5,2.8,11.0,91.5,84.47,67.32
2016,5,9,7,0,0.0,110.0,2.8,11.0,110.0,101.75,81.93
2016,5,9,7,15,91.5,149.5,2.75,11.0,191.5,172.57,139.76
2016,5,9,7,30,183.0,189.0,2.7,11.0,273.0,253.16,205.78
2016,5,9,7,45,112.5,203.0,2.7,11.5,256.5,245.83,199.99
2016,5,9,8,0,42.0,217.0,2.7,12.0,240.0,227.17,184.04
2016,5,9,8,15,54.0,243.5,2.65,12.0,276.0,262.48,212.4
2016,5,9,8,30,66.0,270.0,2.6,12.0,312.0,299.14,241.36
2016,5,9,8,45,43.5,263.0,2.6,12.5,291.5,281.33,225.78
2016,5,9,9,0,21.0,256.0,2.6,13.0,271.0,256.33,204.57
2016,5,9,9,15,28.5,284.5,2.55,13.0,306.0,296.28,235.95
2016,5,9,9,30,36.0,313.0,2.5,13.0,341.0,332.22,263.61
2016,5,9,9,45,79.5,357.5,2.5,13.5,423.0,414.85,327.44
2016,5,9,10,0,123.0,402.0,2.5,14.0,505.0,508.79,397.78
2016,5,9,10,15,176.5,415.5,2.5,14.0,568.0,575.46,447.7
2016,5,9,10,30,230.0,429.0,2.5,14.0,631.0,644.52,498.66
2016,5,9,10,45,214.5,442.0,2.5,14.5,634.0,649.51,499.85
2016,5,9,11,0,199.0,455.0,2.5,15.0,637.0,652.95,500.4
2016,5,9,11,15,554.0,291.0,2.55,15.0,805.0,857.59,656.8
2016,5,9,11,30,909.0,127.0,2.6,15.0,973.0,1038.36,780.84
2016,5,9,11,45,681.5,260.0,2.65,15.5,896.5,967.82,730.55
2016,5,9,12,0,454.0,393.0,2.7,16.0,820.0,874.36,659.03
2016,5,9,12,15,471.5,376.0,2.75,16.0,818.5,874.79,661.33
2016,5,9,12,30,489.0,359.0,2.8,16.0,817.0,872.8,661.21
2016,5,9,12,45,696.5,243.5,2.9,16.0,888.0,958.95,727.23
2016,5,9,13,0,904.0,128.0,3.0,16.0,959.0,1021.49,769.9
2016,5,9,13,15,900.5,127.0,3.05,16.0,941.5,1002.49,757.45
2016,5,9,13,30,897.0,126.0,3.1,16.0,924.0,980.15,743.54
2016,5,9,13,45,607.0,259.5,3.2,16.0,793.0,838.05,644.88
2016,5,9,14,0,317.0,393.0,3.3,16.0,662.0,685.01,528.87
2016,5,9,14,15,593.5,256.5,3.35,16.0,737.5,784.64,610.6
2016,5,9,14,30,870.0,120.0,3.4,16.0,813.0,846.98,658.45
2016,5,9,14,45,576.0,226.0,3.45,16.0,676.0,694.64,545.77
2016,5,9,15,0,282.0,332.0,3.5,16.0,539.0,544.88,428.79
2016,5,9,15,15,320.5,301.5,3.5,15.5,524.0,527.62,418.71
2016,5,9,15,30,359.0,271.0,3.5,15.0,509.0,506.25,404.31
2016,5,9,15,45,348.5,251.5,3.55,15.0,469.0,461.37,369.8
2016,5,9,16,0,338.0,232.0,3.6,15.0,429.0,416.85,334.96
2016,5,9,16,15,269.5,220.0,3.65,15.0,368.0,350.7,282.0
2016,5,9,16,30,201.0,208.0,3.7,15.0,307.0,288.74,231.98
2016,5,9,16,45,437.5,147.5,3.75,15.0,332.0,316.6,251.43
2016,5,9,17,0,674.0,87.0,3.8,15.0,357.0,312.98,240.73
2016,5,9,17,15,630.0,81.0,3.85,14.5,305.0,253.28,187.97
2016,5,9,17,30,586.0,75.0,3.9,14.0,253.0,198.23,139.28
2016,5,9,17,45,514.5,68.0,4.0,14.0,202.5,142.89,92.88
2016,5,9,18,0,443.0,61.0,4.1,14.0,152.0,96.1,57.4
2016,5,9,18,15,346.0,49.0,4.05,13.5,108.0,52.5,30.76
2016,5,9,18,30,249.0,37.0,4.0,13.0,64.0,28.73,18.77
2016,5,9,18,45,124.5,18.5,3.95,12.5,32.0,14.45,1.17
2016,5,9,19,0,0.0,0.0,3.9,12.0,0.0,0.0,0.0
2016,5,9,19,15,0.0,0.0,3.85,11.5,0.0,0.0,0.0
2016,5,9,19,30,0.0,0.0,3.8,11.0,0.0,0.0,0.0
2016,5,9,19,45,0.0,0.0,3.75,11.0,0.0,0.0,0.0
2016,5,9,20,0,0.0,0.0,3.7,11.0,0.0,0.0,0.0
2016,5,9,20,15,0.0,0.0,3.65,11.0,0.0,0.0,0.0
2016,5,9,20,30,0.0,0.0,3.6,11.0,0.0,0.0,0.0
2016,5,9,20,45,0.0,0.0,3.55,11.0,0.0,0.0,0.0
2016,5,9,21,0,0.0,0.0,3.5,11.0,0.0,0.0,0.0
2016,5,9,21,15,0.0,0.0,3.4,11.0,0.0,0.0,0.0
2016,5,9,21,30,0.0,0.0,3.3,11.0,0.0,0.0,0.0
2016,5,9,21,45,0.0,0.0,3.25,11.0,0.0,0.0,0.0
2016,5,9,22,0,0.0,0.0,3.2,11.0,0.0,0.0,0.0
2016,5,9,22,15,0.0,0.0,3.15,10.5,0.0,0.0,0.0
2016,5,9,22,30,0.0,0.0,3.1,10.0,0.0,0.0,0.0
2016,5,9,22,45,0.0,0.0,3.1,10.0,0.0,0.0,0.0
2016,5,9,23,0,0.0,0.0,3.1,10.0,0.0,0.0,0.0
2016,5,9,23,15,0.0,0.0,3.05,10.0,0.0,0.0,0.0
2016,5,9,23,30,0.0,0.0,3.0,10.0,0.0,0.0,0.0
2016,5,9,23,45,0.0,0.0,3.0,10.0,0.0,0.0,0.0
2016,5,10,0,0,0.0,0.0,3.0,10.0,0.0,0.0,0.0
2016,5,10,0,15,0.0,0.0,2.9,10.0,0.0,0.0,0.0
2016,5,10,0,30,0.0,0.0,2.8,10.0,0.0,0.0,0.0
2016,5,10,0,45,0.0,0.0,2.75,10.0,0.0,0.0,0.0
2016,5,10,1,0,0.0,0.0,2.7,10.0,0.0,0.0,0.0
2016,5,10,1,15,0.0,0.0,2.6,10.0,0.0,0.0,0.0
2016,5,10,1,30,0.0,0.0,2.5,10.0,0.0,0.0,0.0
2016,5,10,1,45,0.0,0.0,2.45,10.0,0.0,0.0,0.0
2016,5,10,2,0,0.0,0.0,2.4,10.0,0.0,0.0,0.0
2016,5,10,2,15,0.0,0.0,2.3,10.0,0.0,0.0,0.0
2016,5,10,2,30,0.0,0.0,2.2,10.0,0.0,0.0,0.0
2016,5,10,2,45,0.0,0.0,2.15,10.0,0.0,0.0,0.0
2016,5,10,3,0,0.0,0.0,2.1,10.0,0.0,0.0,0.0
2016,5,10,3,15,0.0,0.0,2.05,10.0,0.0,0.0,0.0
2016,5,10,3,30,0.0,0.0,2.0,10.0,0.0,0.0,0.0
2016,5,10,3,45,0.0,0.0,1.95,10.0,0.0,0.0,0.0
2016,5,10,4,0,0.0,0.0,1.9,10.0,0.0,0.0,0.0
2016,5,10,4,15,0.0,0.0,1.95,10.0,0.0,0.0,0.0
2016,5,10,4,30,0.0,0.0,2.0,10.0,0.0,0.0,0.0
2016,5,10,4,45,0.0,0.0,2.05,10.5,0.0,0.0,0.0
2016,5,10,5,0,0.0,0.0,2.1,11.0,0.0,0.0,0.0
2016,5,10,5,15,63.5,13.0,2.15,11.0,17.5,12.39,0.0
2016,5,10,5,30,127.0,26.0,2.2,11.0,35.0,20.41,8.25
2016,5,10,5,45,241.0,40.0,2.25,11.5,74.0,30.89,21.16
2016,5,10,6,0,355.0,54.0,2.3,12.0,113.0,61.11,36.12
2016,5,10,6,15,430.0,64.0,2.25,12.0,161.0,103.49,64.14
2016,5,10,6,30,505.0,74.0,2.2,12.0,209.0,153.78,103.53
2016,5,10,6,45,286.0,108.0,2.2,12.0,187.5,165.49,124.73
2016,5,10,7,0,67.0,142.0,2.2,12.0,166.0,150.46,120.6
2016,5,10,7,15,53.0,159.5,2.15,12.5,180.5,166.82,134.57
2016,5,10,7,30,39.0,177.0,2.1,13.0,195.0,181.54,146.56
2016,5,10,7,45,37.5,195.0,2.05,13.5,214.0,200.93,161.86
2016,5,10,8,0,36.0,213.0,2.0,14.0,233.0,220.18,176.72
2016,5,10,8,15,81.0,249.0,1.9,14.0,299.0,283.0,226.9
2016,5,10,8,30,126.0,285.0,1.8,14.0,365.0,355.18,283.33
2016,5,10,8,45,166.5,306.5,1.75,14.5,420.0,410.84,325.46
2016,5,10,9,0,207.0,328.0,1.7,15.0,475.0,469.99,369.39
2016,5,10,9,15,520.0,230.5,1.7,15.5,626.5,633.72,495.92
2016,5,10,9,30,833.0,133.0,1.7,16.0,778.0,808.63,621.46
2016,5,10,9,45,828.5,143.5,1.7,16.5,808.0,847.14,643.8
2016,5,10,10,0,824.0,154.0,1.7,17.0,838.0,882.54,665.17
2016,5,10,10,15,831.5,156.0,1.65,17.0,865.5,916.92,686.31
2016,5,10,10,30,839.0,158.0,1.6,17.0,893.0,948.7,705.48
2016,5,10,10,45,846.0,158.5,1.6,17.5,914.0,975.68,720.73
2016,5,10,11,0,853.0,159.0,1.6,18.0,935.0,999.69,734.01
2016,5,10,11,15,856.5,159.5,1.6,18.0,948.5,1017.14,744.48
2016,5,10,11,30,860.0,160.0,1.6,18.0,962.0,1031.25,752.94
2016,5,10,11,45,864.0,159.0,1.65,18.0,968.0,1031.32,753.35
2016,5,10,12,0,868.0,158.0,1.7,18.0,974.0,1037.44,757.91
2016,5,10,12,15,576.5,307.5,1.8,18.0,849.0,910.38,673.64
2016,5,10,12,30,285.0,457.0,1.9,18.0,724.0,759.12,564.59
2016,5,10,12,45,370.0,418.0,2.05,18.5,761.0,800.43,597.38
2016,5,10,13,0,455.0,379.0,2.2,19.0,798.0,846.95,631.41
2016,5,10,13,15,663.0,261.0,2.3,19.0,859.0,922.09,689.49
2016,5,10,13,30,871.0,143.0,2.4,19.0,920.0,972.11,724.24
2016,5,10,13,45,675.0,235.0,2.55,19.0,827.5,875.77,660.79
2016,5,10,14,0,479.0,327.0,2.7,19.0,735.0,770.45,584.74
2016,5,10,14,15,486.5,309.5,2.75,19.0,711.0,742.79,567.35
2016,5,10,14,30,494.0,292.0,2.8,19.0,687.0,712.93,547.52
2016,5,10,14,45,440.0,298.0,2.9,19.0,637.5,655.4,506.13
2016,5,10,15,0,386.0,304.0,3.0,19.0,588.0,594.64,461.89
2016,5,10,15,15,306.0,302.0,3.05,18.5,519.0,517.61,404.95
2016,5,10,15,30,226.0,300.0,3.1,18.0,450.0,441.7,347.72
2016,5,10,15,45,211.0,278.5,3.15,18.0,410.5,399.05,315.51
2016,5,10,16,0,196.0,257.0,3.2,18.0,371.0,357.54,283.51
2016,5,10,16,15,459.0,180.0,3.25,17.5,415.5,411.87,327.75
2016,5,10,16,30,722.0,103.0,3.3,17.0,460.0,431.17,340.67
2016,5,10,16,45,391.5,131.0,3.4,16.5,322.0,282.91,223.03
2016,5,10,17,0,61.0,159.0,3.5,16.0,184.0,168.14,133.76
2016,5,10,17,15,53.0,138.0,3.45,15.5,157.5,141.87,112.4
2016,5,10,17,30,45.0,117.0,3.4,15.0,131.0,116.7,91.58
2016,5,10,17,45,253.0,88.0,3.4,15.0,143.5,119.12,84.14
2016,5,10,18,0,461.0,59.0,3.4,15.0,156.0,96.21,56.49
2016,5,10,18,15,367.0,48.0,3.25,14.5,111.5,52.51,30.04
2016,5,10,18,30,273.0,37.0,3.1,14.0,67.0,28.7,18.76
2016,5,10,18,45,136.5,18.5,3.0,13.5,33.5,14.43,2.08
2016,5,10,19,0,0.0,0.0,2.9,13.0,0.0,0.0,0.0
2016,5,10,19,15,0.0,0.0,2.7,12.5,0.0,0.0,0.0
2016,5,10,19,30,0.0,0.0,2.5,12.0,0.0,0.0,0.0
2016,5,10,19,45,0.0,0.0,2.4,12.0,0.0,0.0,0.0
2016,5,10,20,0,0.0,0.0,2.3,12.0,0.0,0.0,0.0
2016,5,10,20,15,0.0,0.0,2.25,12.0,0.0,0.0,0.0
2016,5,10,20,30,0.0,0.0,2.2,12.0,0.0,0.0,0.0
2016,5,10,20,45,0.0,0.0,2.15,12.0,0.0,0.0,0.0
2016,5,10,21,0,0.0,0.0,2.1,12.0,0.0,0.0,0.0
2016,5,10,21,15,0.0,0.0,2.05,12.0,0.0,0.0,0.0
2016,5,10,21,30,0.0,0.0,2.0,12.0,0.0,0.0,0.0
2016,5,10,21,45,0.0,0.0,2.0,12.0,0.0,0.0,0.0
2016,5,10,22,0,0.0,0.0,2.0,12.0,0.0,0.0,0.0
2016,5,10,22,15,0.0,0.0,2.0,11.5,0.0,0.0,0.0
2016,5,10,22,30,0.0,0.0,2.0,11.0,0.0,0.0,0.0
2016,5,10,22,45,0.0,0.0,2.0,11.0,0.0,0.0,0.0
2016,5,10,23,0,0.0,0.0,2.0,11.0,0.0,0.0,0.0
2016,5,10,23,15,0.0,0.0,2.0,11.0,0.0,0.0,0.0
2016,5,10,23,30,0.0,0.0,2.0,11.0,0.0,0.0,0.0
2016,5,10,23,45,0.0,0.0,2.0,11.0,0.0,0.0,0.0
2016,5,11,0,0,0.0,0.0,2.0,11.0,0.0,0.0,0.0
2016,5,11,0,15,0.0,0.0,2.05,11.0,0.0,0.0,0.0
2016,5,11,0,30,0.0,0.0,2.1,11.0,0.0,0.0,0.0
2016,5,11,0,45,0.0,0.0,2.15,11.0,0.0,0.0,0.0
2016,5,11,1,0,0.0,0.0,2.2,11.0,0.0,0.0,0.0
2016,5,11,1,15,0.0,0.0,2.25,11.0,0.0,0.0,0.0
2016,5,11,1,30,0.0,0.0,2.3,11.0,0.0,0.0,0.0
2016,5,11,1,45,0.0,0.0,2.35,11.0,0.0,0.0,0.0
2016,5,11,2,0,0.0,0.0,2.4,11.0,0.0,0.0,0.0
2016,5,11,2,15,0.0,0.0,2.4,10.5,0.0,0.0,0.0
2016,5,11,2,30,0.0,0.0,2.4,10.0,0.0,0.0,0.0
2016,5,11,2,45,0.0,0.0,2.45,10.0,0.0,0.0,0.0
2016,5,11,3,0,0.0,0.0,2.5,10.0,0.0,0.0,0.0
2016,5,11,3,15,0.0,0.0,2.5,10.0,0.0,0.0,0.0
2016,5,11,3,30,0.0,0.0,2.5,10.0,0.0,0.0,0.0
2016,5,11,3,45,0.0,0.0,2.5,10.0,0.0,0.0,0.0
2016,5,11,4,0,0.0,0.0,2.5,10.0,0.0,0.0,0.0
2016,5,11,4,15,0.0,0.0,2.5,10.0,0.0,0.0,0.0
2016,5,11,4,30,0.0,0.0,2.5,10.0,0.0,0.0,0.0
2016,5,11,4,45,0.0,0.0,2.5,10.5,0.0,0.0,0.0
2016,5,11,5,0,0.0,0.0,2.5,11.0,0.0,0.0,0.0
2016,5,11,5,15,99.5,12.5,2.55,11.0,19.5,11.91,0.0
2016,5,11,5,30,199.0,25.0,2.6,11.0,39.0,19.59,8.3
2016,5,11,5,45,310.0,36.5,2.65,11.5,79.5,28.56,19.2
2016,5,11,6,0,421.0,48.0,2.7,12.0,120.0,60.18,33.32
2016,5,11,6,15,493.5,56.5,2.65,12.0,168.5,103.7,61.57
2016,5,11,6,30,566.0,65.0,2.6,12.0,217.0,156.0,102.86
2016,5,11,6,45,286.5,94.5,2.55,12.5,172.0,154.07,115.04
2016,5,11,7,0,7.0,124.0,2.5,13.0,127.0,116.46,93.37
2016,5,11,7,15,8.0,139.5,2.45,13.0,143.5,131.98,106.22
2016,5,11,7,30,9.0,155.0,2.4,13.0,160.0,147.64,118.92
2016,5,11,7,45,8.5,166.5,2.35,13.5,171.5,159.01,127.7
2016,5,11,8,0,8.0,178.0,2.3,14.0,183.0,170.31,136.28
2016,5,11,8,15,7.0,184.0,2.25,14.0,188.5,176.08,140.52
2016,5,11,8,30,6.0,190.0,2.2,14.0,194.0,181.7,144.63
2016,5,11,8,45,58.0,258.5,2.15,14.5,300.0,286.38,228.45
2016,5,11,9,0,110.0,327.0,2.1,15.0,406.0,393.93,311.38
2016,5,11,9,15,115.5,348.0,2.05,15.0,434.5,430.69,338.18
2016,5,11,9,30,121.0,369.0,2.0,15.0,463.0,462.01,360.94
2016,5,11,9,45,145.5,388.0,1.95,15.5,506.0,507.3,393.63
2016,5,11,10,0,170.0,407.0,1.9,16.0,549.0,553.87,426.55
2016,5,11,10,15,120.0,407.5,1.9,16.0,509.5,516.02,396.73
2016,5,11,10,30,70.0,408.0,1.9,16.0,470.0,465.76,358.1
2016,5,11,10,45,73.5,421.0,1.9,16.5,487.5,484.52,371.25
2016,5,11,11,0,77.0,434.0,1.9,17.0,505.0,503.14,383.77
2016,5,11,11,15,147.0,451.5,1.9,17.0,588.0,601.48,456.4
2016,5,11,11,30,217.0,469.0,1.9,17.0,671.0,691.21,520.63
2016,5,11,11,45,562.0,302.0,1.95,17.0,830.5,887.63,666.31
2016,5,11,12,0,907.0,135.0,2.0,17.0,990.0,1053.36,777.01
2016,5,11,12,15,537.5,305.5,2.05,17.0,812.0,868.63,650.14
2016,5,11,12,30,168.0,476.0,2.1,17.0,634.0,651.19,489.88
2016,5,11,12,45,311.5,427.5,2.2,17.5,716.5,751.66,566.46
2016,5,11,13,0,455.0,379.0,2.3,18.0,799.0,846.38,634.65
2016,5,11,13,15,354.5,407.5,2.35,18.0,731.0,761.77,573.62
2016,5,11,13,30,254.0,436.0,2.4,18.0,663.0,687.58,519.96
2016,5,11,13,45,574.0,278.5,2.5,18.0,773.0,825.2,627.9
2016,5,11,14,0,894.0,121.0,2.6,18.0,883.0,925.65,700.04
2016,5,11,14,15,886.0,119.5,2.6,17.5,851.5,889.57,676.69
2016,5,11,14,30,878.0,118.0,2.6,17.0,820.0,850.97,652.62
2016,5,11,14,45,599.0,221.0,2.6,17.0,690.0,707.21,549.18
2016,5,11,15,0,320.0,324.0,2.6,17.0,560.0,564.74,440.02
2016,5,11,15,15,308.0,306.0,2.55,17.0,522.5,522.67,409.75
2016,5,11,15,30,296.0,288.0,2.5,17.0,485.0,480.89,378.61
2016,5,11,15,45,290.5,268.5,2.45,17.0,450.5,442.09,349.34
2016,5,11,16,0,285.0,249.0,2.4,17.0,416.0,403.27,319.48
2016,5,11,16,15,517.0,171.0,2.35,16.5,441.0,432.53,343.38
2016,5,11,16,30,749.0,93.0,2.3,16.0,466.0,434.47,342.53
2016,5,11,16,45,719.0,88.0,2.3,16.0,414.0,372.86,290.15
2016,5,11,17,0,689.0,83.0,2.3,16.0,362.0,314.56,239.39
2016,5,11,17,15,646.0,77.5,2.25,15.5,310.0,254.85,187.31
2016,5,11,17,30,603.0,72.0,2.2,15.0,258.0,199.65,138.87
2016,5,11,17,45,543.0,64.0,2.2,14.5,208.0,144.19,92.38
2016,5,11,18,0,483.0,56.0,2.2,14.0,158.0,95.84,55.4
2016,5,11,18,15,390.5,46.0,2.2,13.5,113.5,51.74,28.85
2016,5,11,18,30,298.0,36.0,2.2,13.0,69.0,28.56,18.83
2016,5,11,18,45,149.0,18.0,2.25,13.0,34.5,13.85,2.53
2016,5,11,19,0,0.0,0.0,2.3,13.0,0.0,0.0,0.0
2016,5,11,19,15,0.0,0.0,2.35,12.5,0.0,0.0,0.0
2016,5,11,19,30,0.0,0.0,2.4,12.0,0.0,0.0,0.0
2016,5,11,19,45,0.0,0.0,2.45,12.0,0.0,0.0,0.0
2016,5,11,20,0,0.0,0.0,2.5,12.0,0.0,0.0,0.0
2016,5,11,20,15,0.0,0.0,2.5,12.0,0.0,0.0,0.0
2016,5,11,20,30,0.0,0.0,2.5,12.0,0.0,0.0,0.0
2016,5,11,20,45,0.0,0.0,2.5,12.0,0.0,0.0,0.0
2016,5,11,21,0,0.0,0.0,2.5,12.0,0.0,0.0,0.0
2016,5,11,21,15,0.0,0.0,2.5,11.5,0.0,0.0,0.0
2016,5,11,21,30,0.0,0.0,2.5,11.0,0.0,0.0,0.0
2016,5,11,21,45,0.0,0.0,2.5,11.0,0.0,0.0,0.0
2016,5,11,22,0,0.0,0.0,2.5,11.0,0.0,0.0,0.0
2016,5,11,22,15,0.0,0.0,2.45,11.0,0.0,0.0,0.0
2016,5,11,22,30,0.0,0.0,2.4,11.0,0.0,0.0,0.0
2016,5,11,22,45,0.0,0.0,2.4,11.0,0.0,0.0,0.0
2016,5,11,23,0,0.0,0.0,2.4,11.0,0.0,0.0,0.0
2016,5,11,23,15,0.0,0.0,2.4,11.0,0.0,0.0,0.0
2016,5,11,23,30,0.0,0.0,2.4,11.0,0.0,0.0,0.0
2016,5,11,23,45,0.0,0.0,2.4,11.0,0.0,0.0,0.0
2016,5,12,0,0,0.0,0.0,2.4,11.0,0.0,0.0,0.0
2016,5,12,0,15,0.0,0.0,2.35,11.0,0.0,0.0,0.0
2016,5,12,0,30,0.0,0.0,2.3,11.0,0.0,0.0,0.0
2016,5,12,0,45,0.0,0.0,2.3,11.0,0.0,0.0,0.0
2016,5,12,1,0,0.0,0.0,2.3,11.0,0.0,0.0,0.0
2016,5,12,1,15,0.0,0.0,2.3,10.5,0.0,0.0,0.0
2016,5,12,1,30,0.0,0.0,2.3,10.0,0.0,0.0,0.0
2016,5,12,1,45,0.0,0.0,2.3,10.0,0.0,0.0,0.0
2016,5,12,2,0,0.0,0.0,2.3,10.0,0.0,0.0,0.0
2016,5,12,2,15,0.0,0.0,2.3,10.0,0.0,0.0,0.0
2016,5,12,2,30,0.0,0.0,2.3,10.0,0.0,0.0,0.0
2016,5,12,2,45,0.0,0.0,2.35,10.0,0.0,0.0,0.0
2016,5,12,3,0,0.0,0.0,2.4,10.0,0.0,0.0,0.0
2016,5,12,3,15,0.0,0.0,2.4,10.0,0.0,0.0,0.0
2016,5,12,3,30,0.0,0.0,2.4,10.0,0.0,0.0,0.0
2016,5,12,3,45,0.0,0.0,2.45,10.0,0.0,0.0,0.0
2016,5,12,4,0,0.0,0.0,2.5,10.0,0.0,0.0,0.0
2016,5,12,4,15,0.0,0.0,2.6,10.0,0.0,0.0,0.0
2016,5,12,4,30,0.0,0.0,2.7,10.0,0.0,0.0,0.0
2016,5,12,4,45,0.0,0.0,2.85,10.0,0.0,0.0,0.0
2016,5,12,5,0,0.0,0.0,3.0,10.0,0.0,0.0,0.0
2016,5,12,5,15,65.5,13.5,3.1,10.0,18.5,12.87,0.0
2016,5,12,5,30,131.0,27.0,3.2,10.0,37.0,21.13,9.97
2016,5,12,5,45,228.0,42.5,3.3,10.5,75.5,32.76,23.0
2016,5,12,6,0,325.0,58.0,3.4,11.0,114.0,63.65,39.08
2016,5,12,6,15,162.5,69.0,3.35,11.0,97.0,78.9,55.12
2016,5,12,6,30,0.0,80.0,3.3,11.0,80.0,73.57,57.94
2016,5,12,6,45,0.0,99.5,3.25,11.5,99.5,91.66,73.32
2016,5,12,7,0,0.0,119.0,3.2,12.0,119.0,109.9,88.5
2016,5,12,7,15,18.0,148.0,3.1,12.0,156.5,143.23,115.95
2016,5,12,7,30,36.0,177.0,3.0,12.0,194.0,180.21,146.29
2016,5,12,7,45,30.5,191.0,2.95,12.5,206.5,193.79,156.9
2016,5,12,8,0,25.0,205.0,2.9,13.0,219.0,204.37,164.83
2016,5,12,8,15,105.0,246.0,2.85,13.0,312.0,297.38,240.37
2016,5,12,8,30,185.0,287.0,2.8,13.0,405.0,393.31,316.57
2016,5,12,8,45,234.5,302.0,2.75,13.5,461.5,451.47,361.14
2016,5,12,9,0,284.0,317.0,2.7,14.0,518.0,519.34,412.29
2016,5,12,9,15,234.5,344.5,2.65,14.0,517.0,516.98,408.42
2016,5,12,9,30,185.0,372.0,2.6,14.0,516.0,515.65,405.4
2016,5,12,9,45,241.0,380.0,2.6,14.5,575.5,585.82,457.63
2016,5,12,10,0,297.0,388.0,2.6,15.0,635.0,652.3,505.72
2016,5,12,10,15,240.5,412.5,2.55,15.0,617.0,636.95,491.67
2016,5,12,10,30,184.0,437.0,2.5,15.0,599.0,608.97,469.06
2016,5,12,10,45,195.5,446.5,2.45,15.0,622.5,634.88,487.67
2016,5,12,11,0,207.0,456.0,2.4,15.0,646.0,660.44,505.52
2016,5,12,11,15,312.0,426.5,2.35,15.0,717.0,747.01,569.55
2016,5,12,11,30,417.0,397.0,2.3,15.0,788.0,833.74,631.64
2016,5,12,11,45,361.0,425.5,2.3,15.5,765.5,802.31,606.08
2016,5,12,12,0,305.0,454.0,2.3,16.0,743.0,776.82,585.52
2016,5,12,12,15,232.5,465.0,2.35,16.0,685.0,705.23,534.04
2016,5,12,12,30,160.0,476.0,2.4,16.0,627.0,642.78,488.26
2016,5,12,12,45,305.5,428.5,2.5,16.0,712.0,746.23,567.57
2016,5,12,13,0,451.0,381.0,2.6,16.0,797.0,843.89,639.85
2016,5,12,13,15,398.0,397.0,2.7,16.0,759.5,792.43,602.84
2016,5,12,13,30,345.0,413.0,2.8,16.0,722.0,749.52,572.39
2016,5,12,13,45,390.0,378.5,2.9,16.0,718.5,746.31,573.1
2016,5,12,14,0,435.0,344.0,3.0,16.0,715.0,747.03,576.07
2016,5,12,14,15,284.5,365.0,3.1,16.0,604.5,616.14,478.62
2016,5,12,14,30,134.0,386.0,3.2,16.0,494.0,494.07,385.34
2016,5,12,14,45,134.5,368.0,3.3,16.0,472.0,470.04,368.66
2016,5,12,15,0,135.0,350.0,3.4,16.0,450.0,445.6,350.98
2016,5,12,15,15,257.0,309.0,3.45,15.5,485.5,489.41,388.66
2016,5,12,15,30,379.0,268.0,3.5,15.0,521.0,515.81,411.99
2016,5,12,15,45,477.0,215.5,3.55,15.0,510.5,509.16,408.26
2016,5,12,16,0,575.0,163.0,3.6,15.0,500.0,489.36,393.4
2016,5,12,16,15,623.5,140.0,3.65,14.5,476.0,459.12,369.06
2016,5,12,16,30,672.0,117.0,3.7,14.0,452.0,422.52,338.1
2016,5,12,16,45,643.5,109.5,3.75,14.0,402.0,364.13,287.97
2016,5,12,17,0,615.0,102.0,3.8,14.0,352.0,308.12,238.71
2016,5,12,17,15,570.0,94.5,3.85,13.5,301.0,250.15,187.94
2016,5,12,17,30,525.0,87.0,3.9,13.0,250.0,197.05,141.27
2016,5,12,17,45,463.5,77.0,4.0,13.0,201.5,144.11,96.59
2016,5,12,18,0,402.0,67.0,4.1,13.0,153.0,97.13,60.14
2016,5,12,18,15,313.0,54.0,4.1,12.5,110.0,55.31,33.67
2016,5,12,18,30,224.0,41.0,4.1,12.0,67.0,31.76,21.72
2016,5,12,18,45,112.0,24.5,4.1,12.0,37.5,19.22,6.58
2016,5,12,19,0,0.0,8.0,4.1,12.0,8.0,7.63,0.0
2016,5,12,19,15,0.0,4.0,4.05,11.5,4.0,0.0,0.0
2016,5,12,19,30,0.0,0.0,4.0,11.0,0.0,0.0,0.0
2016,5,12,19,45,0.0,0.0,4.0,11.0,0.0,0.0,0.0
2016,5,12,20,0,0.0,0.0,4.0,11.0,0.0,0.0,0.0
2016,5,12,20,15,0.0,0.0,3.95,11.0,0.0,0.0,0.0
2016,5,12,20,30,0.0,0.0,3.9,11.0,0.0,0.0,0.0
2016,5,12,20,45,0.0,0.0,3.9,11.0,0.0,0.0,0.0
2016,5,12,21,0,0.0,0.0,3.9,11.0,0.0,0.0,0.0
2016,5,12,21,15,0.0,0.0,3.85,11.0,0.0,0.0,0.0
2016,5,12,21,30,0.0,0.0,3.8,11.0,0.0,0.0,0.0
2016,5,12,21,45,0.0,0.0,3.8,11.0,0.0,0.0,0.0
2016,5,12,22,0,0.0,0.0,3.8,11.0,0.0,0.0,0.0
2016,5,12,22,15,0.0,0.0,3.7,11.0,0.0,0.0,0.0
2016,5,12,22,30,0.0,0.0,3.6,11.0,0.0,0.0,0.0
2016,5,12,22,45,0.0,0.0,3.55,11.0,0.0,0.0,0.0
2016,5,12,23,0,0.0,0.0,3.5,11.0,0.0,0.0,0.0
2016,5,12,23,15,0.0,0.0,3.45,11.0,0.0,0.0,0.0
2016,5,12,23,30,0.0,0.0,3.4,11.0,0.0,0.0,0.0
2016,5,12,23,45,0.0,0.0,3.35,11.0,0.0,0.0,0.0
2016,5,13,0,0,0.0,0.0,3.3,11.0,0.0,0.0,0.0
2016,5,13,0,15,0.0,0.0,3.25,11.0,0.0,0.0,0.0
2016,5,13,0,30,0.0,0.0,3.2,11.0,0.0,0.0,0.0
2016,5,13,0,45,0.0,0.0,3.2,11.0,0.0,0.0,0.0
2016,5,13,1,0,0.0,0.0,3.2,11.0,0.0,0.0,0.0
2016,5,13,1,15,0.0,0.0,3.2,11.0,0.0,0.0,0.0
2016,5,13,1,30,0.0,0.0,3.2,11.0,0.0,0.0,0.0
2016,5,13,1,45,0.0,0.0,3.2,11.0,0.0,0.0,0.0
2016,5,13,2,0,0.0,0.0,3.2,11.0,0.0,0.0,0.0
2016,5,13,2,15,0.0,0.0,3.2,11.0,0.0,0.0,0.0
2016,5,13,2,30,0.0,0.0,3.2,11.0,0.0,0.0,0.0
2016,5,13,2,45,0.0,0.0,3.2,11.0,0.0,0.0,0.0
2016,5,13,3,0,0.0,0.0,3.2,11.0,0.0,0.0,0.0
2016,5,13,3,15,0.0,0.0,3.2,10.5,0.0,0.0,0.0
2016,5,13,3,30,0.0,0.0,3.2,10.0,0.0,0.0,0.0
2016,5,13,3,45,0.0,0.0,3.2,10.0,0.0,0.0,0.0
2016,5,13,4,0,0.0,0.0,3.2,10.0,0.0,0.0,0.0
2016,5,13,4,15,0.0,0.0,3.2,10.0,0.0,0.0,0.0
2016,5,13,4,30,0.0,0.0,3.2,10.0,0.0,0.0,0.0
2016,5,13,4,45,0.0,0.0,3.25,10.0,0.0,0.0,0.0
2016,5,13,5,0,0.0,0.0,3.3,10.0,0.0,0.0,0.0
2016,5,13,5,15,0.0,6.0,3.35,10.0,6.0,5.72,0.0
2016,5,13,5,30,0.0,12.0,3.4,10.0,12.0,11.12,2.8
2016,5,13,5,45,0.0,24.5,3.45,10.5,24.5,22.73,14.29
2016,5,13,6,0,0.0,37.0,3.5,11.0,37.0,34.37,23.77
2016,5,13,6,15,0.0,51.5,3.45,11.0,51.5,47.79,35.63
2016,5,13,6,30,0.0,66.0,3.4,11.0,66.0,61.13,47.28
2016,5,13,6,45,0.0,81.5,3.4,11.0,81.5,75.46,59.61
2016,5,13,7,0,0.0,97.0,3.4,11.0,97.0,89.89,71.83
2016,5,13,7,15,0.0,114.0,3.35,11.0,114.0,105.78,85.11
2016,5,13,7,30,0.0,131.0,3.3,11.0,131.0,121.76,98.28
2016,5,13,7,45,0.0,142.5,3.3,11.5,142.5,132.7,106.89
2016,5,13,8,0,0.0,154.0,3.3,12.0,154.0,143.65,115.41
2016,5,13,8,15,6.0,183.0,3.3,12.0,187.0,174.5,140.54
2016,5,13,8,30,12.0,212.0,3.3,12.0,220.0,206.15,166.04
2016,5,13,8,45,16.5,236.0,3.3,12.5,247.5,232.77,186.86
2016,5,13,9,0,21.0,260.0,3.3,13.0,275.0,259.9,207.84
2016,5,13,9,15,28.5,288.5,3.4,13.0,310.5,299.64,239.1
2016,5,13,9,30,36.0,317.0,3.5,13.0,346.0,335.51,266.99
2016,5,13,9,45,77.5,361.0,3.65,13.5,425.5,415.81,329.6
2016,5,13,10,0,119.0,405.0,3.8,14.0,505.0,507.02,398.92
2016,5,13,10,15,133.5,421.0,3.9,14.0,536.5,541.02,424.2
2016,5,13,10,30,148.0,437.0,4.0,14.0,568.0,575.37,449.86
2016,5,13,10,45,211.5,440.5,4.15,14.5,632.0,643.54,501.28
2016,5,13,11,0,275.0,444.0,4.3,15.0,696.0,722.68,559.74
2016,5,13,11,15,322.0,432.5,4.4,15.0,731.5,762.42,589.82
2016,5,13,11,30,369.0,421.0,4.5,15.0,767.0,801.84,619.77
2016,5,13,11,45,401.0,410.0,4.6,15.0,788.0,825.91,638.29
2016,5,13,12,0,433.0,399.0,4.7,15.0,809.0,856.88,661.64
2016,5,13,12,15,440.0,396.5,4.75,15.0,812.0,861.21,665.07
2016,5,13,12,30,447.0,394.0,4.8,15.0,815.0,863.37,667.19
2016,5,13,12,45,434.0,392.0,4.9,15.0,797.0,844.01,653.84
2016,5,13,13,0,421.0,390.0,5.0,15.0,779.0,822.88,639.28
2016,5,13,13,15,395.5,394.5,5.0,15.0,755.0,786.99,613.14
2016,5,13,13,30,370.0,399.0,5.0,15.0,731.0,758.41,592.07
2016,5,13,13,45,410.0,368.5,5.05,15.0,727.0,761.52,596.51
2016,5,13,14,0,450.0,338.0,5.1,15.0,723.0,754.06,593.16
2016,5,13,14,15,390.5,348.5,5.1,15.0,674.5,690.35,545.04
2016,5,13,14,30,331.0,359.0,5.1,15.0,626.0,636.64,503.93
2016,5,13,14,45,606.0,231.5,5.1,15.0,691.0,722.26,576.28
2016,5,13,15,0,881.0,104.0,5.1,15.0,756.0,769.82,615.93
2016,5,13,15,15,869.0,101.5,5.05,14.5,714.0,720.38,580.75
2016,5,13,15,30,857.0,99.0,5.0,14.0,672.0,669.58,542.77
2016,5,13,15,45,846.0,94.5,4.95,14.0,626.5,617.54,501.36
2016,5,13,16,0,835.0,90.0,4.9,14.0,581.0,562.83,456.82
2016,5,13,16,15,814.0,86.5,4.85,13.5,531.0,503.43,408.1
2016,5,13,16,30,793.0,83.0,4.8,13.0,481.0,444.72,358.37
2016,5,13,16,45,770.5,78.0,4.75,13.0,430.0,384.93,305.65
2016,5,13,17,0,748.0,73.0,4.7,13.0,379.0,326.6,252.85
2016,5,13,17,15,709.5,68.0,4.65,12.5,326.5,265.55,197.78
2016,5,13,17,30,671.0,63.0,4.6,12.0,274.0,208.41,146.0
2016,5,13,17,45,616.5,57.0,4.55,12.0,223.0,150.04,95.34
2016,5,13,18,0,562.0,51.0,4.5,12.0,172.0,99.7,55.79
2016,5,13,18,15,472.5,42.5,4.45,11.5,125.5,52.26,27.23
2016,5,13,18,30,383.0,34.0,4.4,11.0,79.0,26.5,17.34
2016,5,13,18,45,236.5,22.0,4.35,11.0,45.5,17.4,6.09
2016,5,13,19,0,90.0,10.0,4.3,11.0,12.0,9.53,0.0
2016,5,13,19,15,45.0,5.0,4.3,11.0,6.0,0.0,0.0
2016,5,13,19,30,0.0,0.0,4.3,11.0,0.0,0.0,0.0
2016,5,13,19,45,0.0,0.0,4.3,11.0,0.0,0.0,0.0
2016,5,13,20,0,0.0,0.0,4.3,11.0,0.0,0.0,0.0
2016,5,13,20,15,0.0,0.0,4.2,11.0,0.0,0.0,0.0
2016,5,13,20,30,0.0,0.0,4.1,11.0,0.0,0.0,0.0
2016,5,13,20,45,0.0,0.0,4.1,11.0,0.0,0.0,0.0
2016,5,13,21,0,0.0,0.0,4.1,11.0,0.0,0.0,0.0
2016,5,13,21,15,0.0,0.0,4.0,11.0,0.0,0.0,0.0
2016,5,13,21,30,0.0,0.0,3.9,11.0,0.0,0.0,0.0
2016,5,13,21,45,0.0,0.0,3.8,11.0,0.0,0.0,0.0
2016,5,13,22,0,0.0,0.0,3.7,11.0,0.0,0.0,0.0
2016,5,13,22,15,0.0,0.0,3.55,11.0,0.0,0.0,0.0
2016,5,13,22,30,0.0,0.0,3.4,11.0,0.0,0.0,0.0
2016,5,13,22,45,0.0,0.0,3.3,11.0,0.0,0.0,0.0
2016,5,13,23,0,0.0,0.0,3.2,11.0,0.0,0.0,0.0
2016,5,13,23,15,0.0,0.0,3.15,11.0,0.0,0.0,0.0
2016,5,13,23,30,0.0,0.0,3.1,11.0,0.0,0.0,0.0
2016,5,13,23,45,0.0,0.0,3.1,11.0,0.0,0.0,0.0
2016,5,14,0,0,0.0,0.0,3.1,11.0,0.0,0.0,0.0
2016,5,14,0,15,0.0,0.0,3.05,11.0,0.0,0.0,0.0
2016,5,14,0,30,0.0,0.0,3.0,11.0,0.0,0.0,0.0
2016,5,14,0,45,0.0,0.0,3.0,11.0,0.0,0.0,0.0
2016,5,14,1,0,0.0,0.0,3.0,11.0,0.0,0.0,0.0
2016,5,14,1,15,0.0,0.0,2.9,11.0,0.0,0.0,0.0
2016,5,14,1,30,0.0,0.0,2.8,11.0,0.0,0.0,0.0
2016,5,14,1,45,0.0,0.0,2.75,11.0,0.0,0.0,0.0
2016,5,14,2,0,0.0,0.0,2.7,11.0,0.0,0.0,0.0
2016,5,14,2,15,0.0,0.0,2.65,11.0,0.0,0.0,0.0
2016,5,14,2,30,0.0,0.0,2.6,11.0,0.0,0.0,0.0
2016,5,14,2,45,0.0,0.0,2.6,11.5,0.0,0.0,0.0
2016,5,14,3,0,0.0,0.0,2.6,12.0,0.0,0.0,0.0
2016,5,14,3,15,0.0,0.0,2.6,12.0,0.0,0.0,0.0
2016,5,14,3,30,0.0,0.0,2.6,12.0,0.0,0.0,0.0
2016,5,14,3,45,0.0,0.0,2.6,12.0,0.0,0.0,0.0
2016,5,14,4,0,0.0,0.0,2.6,12.0,0.0,0.0,0.0
2016,5,14,4,15,0.0,0.0,2.65,12.0,0.0,0.0,0.0
2016,5,14,4,30,0.0,0.0,2.7,12.0,0.0,0.0,0.0
2016,5,14,4,45,0.0,0.0,2.75,12.0,0.0,0.0,0.0
2016,5,14,5,0,0.0,0.0,2.8,12.0,0.0,0.0,0.0
2016,5,14,5,15,121.0,13.0,2.95,12.0,23.0,12.39,0.0
2016,5,14,5,30,242.0,26.0,3.1,12.0,46.0,20.69,10.31
2016,5,14,5,45,353.0,36.0,3.3,12.5,87.5,27.76,18.55
2016,5,14,6,0,464.0,46.0,3.5,13.0,129.0,61.43,32.58
2016,5,14,6,15,533.0,53.5,3.5,13.0,178.0,106.29,61.78
2016,5,14,6,30,602.0,61.0,3.5,13.0,227.0,159.41,103.99
2016,5,14,6,45,641.0,68.0,3.5,13.5,278.0,213.18,151.22
2016,5,14,7,0,680.0,75.0,3.5,14.0,329.0,271.18,203.05
2016,5,14,7,15,368.5,131.0,3.35,14.0,271.0,255.21,201.07
2016,5,14,7,30,57.0,187.0,3.2,14.0,213.0,197.88,159.32
2016,5,14,7,45,64.5,210.5,3.05,14.5,244.0,227.64,183.19
2016,5,14,8,0,72.0,234.0,2.9,15.0,275.0,258.31,207.2
2016,5,14,8,15,77.0,257.5,2.7,15.0,304.5,288.39,230.67
2016,5,14,8,30,82.0,281.0,2.5,15.0,334.0,318.98,254.17
2016,5,14,8,45,78.0,299.5,2.4,15.5,352.5,339.16,268.65
2016,5,14,9,0,74.0,318.0,2.3,16.0,371.0,358.85,282.5
2016,5,14,9,15,100.5,345.0,2.25,16.0,421.5,409.51,321.11
2016,5,14,9,30,127.0,372.0,2.2,16.0,472.0,468.9,365.45
2016,5,14,9,45,78.0,350.5,2.15,16.5,413.0,405.56,315.28
2016,5,14,10,0,29.0,329.0,2.1,17.0,354.0,345.05,267.29
2016,5,14,10,15,76.0,381.5,2.1,17.0,448.5,441.15,340.82
2016,5,14,10,30,123.0,434.0,2.1,17.0,543.0,548.92,420.02
2016,5,14,10,45,88.0,423.0,2.15,17.0,501.5,499.46,382.2
2016,5,14,11,0,53.0,412.0,2.2,17.0,460.0,456.82,349.88
2016,5,14,11,15,255.0,401.0,2.25,17.0,639.5,664.22,507.05
2016,5,14,11,30,457.0,390.0,2.3,17.0,819.0,865.35,650.23
2016,5,14,11,45,455.5,393.5,2.35,17.0,823.0,871.46,652.61
2016,5,14,12,0,454.0,397.0,2.4,17.0,827.0,875.38,655.44
2016,5,14,12,15,465.5,394.5,2.45,17.0,834.5,884.2,662.11
2016,5,14,12,30,477.0,392.0,2.5,17.0,842.0,890.74,667.24
2016,5,14,12,45,443.0,393.5,2.6,17.0,808.0,853.83,642.24
2016,5,14,13,0,409.0,395.0,2.7,17.0,774.0,815.53,616.33
2016,5,14,13,15,414.0,384.5,2.8,17.0,762.5,802.0,608.49
2016,5,14,13,30,419.0,374.0,2.9,17.0,751.0,786.49,599.0
2016,5,14,13,45,427.0,356.0,3.0,17.0,731.0,764.42,585.06
2016,5,14,14,0,435.0,338.0,3.1,17.0,711.0,740.27,569.51
2016,5,14,14,15,642.5,233.5,3.2,17.0,762.0,802.25,620.76
2016,5,14,14,30,850.0,129.0,3.3,17.0,813.0,837.95,648.58
2016,5,14,14,45,837.0,128.0,3.4,17.0,775.5,798.86,622.13
2016,5,14,15,0,824.0,127.0,3.5,17.0,738.0,753.45,591.33
2016,5,14,15,15,809.5,124.0,3.55,16.5,696.0,703.6,556.97
2016,5,14,15,30,795.0,121.0,3.6,16.0,654.0,652.78,519.92
2016,5,14,15,45,774.0,118.5,3.7,16.0,607.5,597.79,477.77
2016,5,14,16,0,753.0,116.0,3.8,16.0,561.0,542.72,434.35
2016,5,14,16,15,406.0,160.5,3.8,15.5,398.0,366.15,294.25
2016,5,14,16,30,59.0,205.0,3.8,15.0,235.0,219.03,175.79
2016,5,14,16,45,53.5,184.0,3.85,15.0,209.0,192.79,154.83
2016,5,14,17,0,48.0,163.0,3.9,15.0,183.0,167.26,133.94
2016,5,14,17,15,298.5,123.5,3.85,14.5,220.5,198.77,153.09
2016,5,14,17,30,549.0,84.0,3.8,14.0,258.0,200.03,142.46
2016,5,14,17,45,494.5,74.5,3.8,14.0,209.5,147.26,97.54
2016,5,14,18,0,440.0,65.0,3.8,14.0,161.0,100.96,61.47
2016,5,14,18,15,350.0,53.5,3.7,13.5,117.0,56.91,33.73
2016,5,14,18,30,260.0,42.0,3.6,13.0,73.0,32.49,22.4
2016,5,14,18,45,130.0,27.0,3.5,13.0,42.5,21.19,9.18
2016,5,14,19,0,0.0,12.0,3.4,13.0,12.0,11.44,0.0
2016,5,14,19,15,0.0,6.0,3.4,13.0,6.0,0.0,0.0
2016,5,14,19,30,0.0,0.0,3.4,13.0,0.0,0.0,0.0
2016,5,14,19,45,0.0,0.0,3.45,13.0,0.0,0.0,0.0
2016,5,14,20,0,0.0,0.0,3.5,13.0,0.0,0.0,0.0
2016,5,14,20,15,0.0,0.0,3.55,13.0,0.0,0.0,0.0
2016,5,14,20,30,0.0,0.0,3.6,13.0,0.0,0.0,0.0
2016,5,14,20,45,0.0,0.0,3.65,13.0,0.0,0.0,0.0
2016,5,14,21,0,0.0,0.0,3.7,13.0,0.0,0.0,0.0
2016,5,14,21,15,0.0,0.0,3.65,12.5,0.0,0.0,0.0
2016,5,14,21,30,0.0,0.0,3.6,12.0,0.0,0.0,0.0
2016,5,14,21,45,0.0,0.0,3.6,12.0,0.0,0.0,0.0
2016,5,14,22,0,0.0,0.0,3.6,12.0,0.0,0.0,0.0
2016,5,14,22,15,0.0,0.0,3.6,12.0,0.0,0.0,0.0
2016,5,14,22,30,0.0,0.0,3.6,12.0,0.0,0.0,0.0
2016,5,14,22,45,0.0,0.0,3.6,12.0,0.0,0.0,0.0
2016,5,14,23,0,0.0,0.0,3.6,12.0,0.0,0.0,0.0
2016,5,14,23,15,0.0,0.0,3.7,12.0,0.0,0.0,0.0
2016,5,14,23,30,0.0,0.0,3.8,12.0,0.0,0.0,0.0
2016,5,14,23,45,0.0,0.0,3.9,12.0,0.0,0.0,0.0
2016,5,15,0,0,0.0,0.0,4.0,12.0,0.0,0.0,0.0
2016,5,15,0,15,0.0,0.0,4.05,12.0,0.0,0.0,0.0
2016,5,15,0,30,0.0,0.0,4.1,12.0,0.0,0.0,0.0
2016,5,15,0,45,0.0,0.0,4.15,12.0,0.0,0.0,0.0
2016,5,15,1,0,0.0,0.0,4.2,12.0,0.0,0.0,0.0
2016,5,15,1,15,0.0,0.0,4.1,12.0,0.0,0.0,0.0
2016,5,15,1,30,0.0,0.0,4.0,12.0,0.0,0.0,0.0
2016,5,15,1,45,0.0,0.0,3.95,12.0,0.0,0.0,0.0
2016,5,15,2,0,0.0,0.0,3.9,12.0,0.0,0.0,0.0
2016,5,15,2,15,0.0,0.0,3.85,12.0,0.0,0.0,0.0
2016,5,15,2,30,0.0,0.0,3.8,12.0,0.0,0.0,0.0
2016,5,15,2,45,0.0,0.0,3.8,12.0,0.0,0.0,0.0
2016,5,15,3,0,0.0,0.0,3.8,12.0,0.0,0.0,0.0
2016,5,15,3,15,0.0,0.0,3.8,11.5,0.0,0.0,0.0
2016,5,15,3,30,0.0,0.0,3.8,11.0,0.0,0.0,0.0
2016,5,15,3,45,0.0,0.0,3.8,11.0,0.0,0.0,0.0
2016,5,15,4,0,0.0,0.0,3.8,11.0,0.0,0.0,0.0
2016,5,15,4,15,0.0,0.0,3.85,11.0,0.0,0.0,0.0
2016,5,15,4,30,0.0,0.0,3.9,11.0,0.0,0.0,0.0
2016,5,15,4,45,0.0,0.0,3.95,11.5,0.0,0.0,0.0
2016,5,15,5,0,0.0,0.0,4.0,12.0,0.0,0.0,0.0
2016,5,15,5,15,78.0,15.0,4.1,12.0,21.5,14.3,0.0
2016,5,15,5,30,156.0,30.0,4.2,12.0,43.0,23.46,12.75
2016,5,15,5,45,263.5,43.0,4.3,12.5,83.0,33.03,23.18
2016,5,15,6,0,371.0,56.0,4.4,13.0,123.0,65.08,38.34
2016,5,15,6,15,442.5,65.5,4.3,13.0,170.5,107.57,66.8
2016,5,15,6,30,514.0,75.0,4.2,13.0,218.0,157.6,106.36
2016,5,15,6,45,308.5,112.5,4.1,13.5,203.5,175.3,131.83
2016,5,15,7,0,103.0,150.0,4.0,14.0,189.0,168.9,134.31
2016,5,15,7,15,81.5,169.0,3.9,14.5,203.0,185.27,148.56
2016,5,15,7,30,60.0,188.0,3.8,15.0,217.0,199.97,160.68
2016,5,15,7,45,408.0,146.5,3.75,15.5,371.5,334.27,268.61
2016,5,15,8,0,756.0,105.0,3.7,16.0,526.0,500.99,401.31
2016,5,15,8,15,776.5,108.5,3.6,16.0,574.0,556.99,445.97
2016,5,15,8,30,797.0,112.0,3.5,16.0,622.0,613.38,490.09
2016,5,15,8,45,530.0,218.0,3.45,16.5,567.0,576.85,457.73
2016,5,15,9,0,263.0,324.0,3.4,17.0,512.0,510.34,401.3
2016,5,15,9,15,559.5,222.0,3.35,17.0,651.0,656.31,517.03
2016,5,15,9,30,856.0,120.0,3.3,17.0,790.0,808.24,629.43
2016,5,15,9,45,878.5,114.5,3.3,17.0,827.0,853.04,658.94
2016,5,15,10,0,901.0,109.0,3.3,17.0,864.0,896.41,687.95
2016,5,15,10,15,907.5,110.5,3.4,17.0,891.5,930.83,711.2
2016,5,15,10,30,914.0,112.0,3.5,17.0,919.0,962.39,732.49
2016,5,15,10,45,917.5,113.5,3.65,17.5,939.5,988.07,748.71
2016,5,15,11,0,921.0,115.0,3.8,18.0,960.0,1010.46,762.72
2016,5,15,11,15,649.0,266.5,4.05,18.0,866.5,924.69,704.09
2016,5,15,11,30,377.0,418.0,4.3,18.0,773.0,805.67,613.33
2016,5,15,11,45,369.0,425.0,4.6,18.0,774.0,808.22,617.21
2016,5,15,12,0,361.0,432.0,4.9,18.0,775.0,808.93,618.94
2016,5,15,12,15,409.0,413.5,5.1,18.0,801.0,845.74,647.62
2016,5,15,12,30,457.0,395.0,5.3,18.0,827.0,873.18,669.61
2016,5,15,12,45,695.5,252.5,5.5,18.0,902.0,963.43,742.59
2016,5,15,13,0,934.0,110.0,5.7,18.0,977.0,1029.59,790.24
2016,5,15,13,15,643.0,260.0,5.8,18.0,852.0,899.12,697.71
2016,5,15,13,30,352.0,410.0,5.9,18.0,727.0,751.67,582.85
2016,5,15,13,45,633.0,259.0,6.0,18.0,810.0,858.48,671.28
2016,5,15,14,0,914.0,108.0,6.1,18.0,893.0,928.88,724.55
2016,5,15,14,15,907.0,107.0,6.1,18.0,862.0,893.75,699.77
2016,5,15,14,30,900.0,106.0,6.1,18.0,831.0,855.98,673.47
2016,5,15,14,45,890.5,104.0,6.2,18.0,794.0,812.78,643.42
2016,5,15,15,0,881.0,102.0,6.3,18.0,757.0,767.53,611.52
2016,5,15,15,15,868.5,99.5,6.4,17.5,714.5,717.86,576.97
2016,5,15,15,30,856.0,97.0,6.5,17.0,672.0,666.89,539.14
2016,5,15,15,45,837.5,95.0,6.6,17.0,625.0,612.91,496.26
2016,5,15,16,0,819.0,93.0,6.7,17.0,578.0,557.08,450.86
2016,5,15,16,15,797.5,90.0,6.7,16.5,528.0,498.87,402.98
2016,5,15,16,30,776.0,87.0,6.7,16.0,478.0,441.43,354.25
2016,5,15,16,45,743.5,83.5,6.7,16.0,426.0,380.19,300.57
2016,5,15,17,0,711.0,80.0,6.7,16.0,374.0,320.15,246.86
2016,5,15,17,15,670.5,75.0,6.65,15.5,322.0,260.52,193.46
2016,5,15,17,30,630.0,70.0,6.6,15.0,270.0,205.05,143.66
2016,5,15,17,45,566.5,64.0,6.55,14.5,219.5,149.34,96.28
2016,5,15,18,0,503.0,58.0,6.5,14.0,169.0,101.07,58.97
2016,5,15,18,15,414.5,48.5,6.4,13.5,124.0,56.23,31.41
2016,5,15,18,30,326.0,39.0,6.3,13.0,79.0,30.87,21.04
2016,5,15,18,45,192.5,25.5,6.2,13.0,46.0,19.96,8.8
2016,5,15,19,0,59.0,12.0,6.1,13.0,13.0,11.44,0.0
2016,5,15,19,15,29.5,6.0,6.05,13.0,6.5,0.0,0.0
2016,5,15,19,30,0.0,0.0,6.0,13.0,0.0,0.0,0.0
2016,5,15,19,45,0.0,0.0,5.95,13.0,0.0,0.0,0.0
2016,5,15,20,0,0.0,0.0,5.9,13.0,0.0,0.0,0.0
2016,5,15,20,15,0.0,0.0,5.8,12.5,0.0,0.0,0.0
2016,5,15,20,30,0.0,0.0,5.7,12.0,0.0,0.0,0.0
2016,5,15,20,45,0.0,0.0,5.6,12.0,0.0,0.0,0.0
2016,5,15,21,0,0.0,0.0,5.5,12.0,0.0,0.0,0.0
2016,5,15,21,15,0.0,0.0,5.4,12.0,0.0,0.0,0.0
2016,5,15,21,30,0.0,0.0,5.3,12.0,0.0,0.0,0.0
2016,5,15,21,45,0.0,0.0,5.2,12.0,0.0,0.0,0.0
2016,5,15,22,0,0.0,0.0,5.1,12.0,0.0,0.0,0.0
2016,5,15,22,15,0.0,0.0,5.1,12.0,0.0,0.0,0.0
2016,5,15,22,30,0.0,0.0,5.1,12.0,0.0,0.0,0.0
2016,5,15,22,45,0.0,0.0,5.1,12.0,0.0,0.0,0.0
2016,5,15,23,0,0.0,0.0,5.1,12.0,0.0,0.0,0.0
2016,5,15,23,15,0.0,0.0,5.1,12.0,0.0,0.0,0.0
2016,5,15,23,30,0.0,0.0,5.1,12.0,0.0,0.0,0.0
2016,5,15,23,45,0.0,0.0,5.1,12.0,0.0,0.0,0.0
2016,5,16,0,0,0.0,0.0,5.1,12.0,0.0,0.0,0.0
2016,5,16,0,15,0.0,0.0,5.05,11.5,0.0,0.0,0.0
2016,5,16,0,30,0.0,0.0,5.0,11.0,0.0,0.0,0.0
2016,5,16,0,45,0.0,0.0,5.0,11.0,0.0,0.0,0.0
2016,5,16,1,0,0.0,0.0,5.0,11.0,0.0,0.0,0.0
2016,5,16,1,15,0.0,0.0,4.9,11.0,0.0,0.0,0.0
2016,5,16,1,30,0.0,0.0,4.8,11.0,0.0,0.0,0.0
2016,5,16,1,45,0.0,0.0,4.7,11.0,0.0,0.0,0.0
2016,5,16,2,0,0.0,0.0,4.6,11.0,0.0,0.0,0.0
2016,5,16,2,15,0.0,0.0,4.55,11.0,0.0,0.0,0.0
2016,5,16,2,30,0.0,0.0,4.5,11.0,0.0,0.0,0.0
2016,5,16,2,45,0.0,0.0,4.45,11.0,0.0,0.0,0.0
2016,5,16,3,0,0.0,0.0,4.4,11.0,0.0,0.0,0.0
2016,5,16,3,15,0.0,0.0,4.35,11.0,0.0,0.0,0.0
2016,5,16,3,30,0.0,0.0,4.3,11.0,0.0,0.0,0.0
2016,5,16,3,45,0.0,0.0,4.25,11.0,0.0,0.0,0.0
2016,5,16,4,0,0.0,0.0,4.2,11.0,0.0,0.0,0.0
2016,5,16,4,15,0.0,0.0,4.1,11.0,0.0,0.0,0.0
2016,5,16,4,30,0.0,0.0,4.0,11.0,0.0,0.0,0.0
2016,5,16,4,45,0.0,0.0,3.95,11.0,0.0,0.0,0.0
2016,5,16,5,0,0.0,0.0,3.9,11.0,0.0,0.0,0.0
2016,5,16,5,15,79.0,15.0,3.9,11.5,22.0,11.82,0.0
2016,5,16,5,30,158.0,30.0,3.9,12.0,44.0,23.42,12.98
2016,5,16,5,45,255.5,44.0,3.9,12.5,83.0,33.77,23.87
2016,5,16,6,0,353.0,58.0,3.9,13.0,122.0,66.05,39.64
2016,5,16,6,15,423.5,68.0,3.8,13.0,169.0,106.78,66.94
2016,5,16,6,30,494.0,78.0,3.7,13.0,216.0,157.14,106.8
2016,5,16,6,45,546.5,85.0,3.6,13.5,266.5,207.66,150.12
2016,5,16,7,0,599.0,92.0,3.5,14.0,317.0,264.09,199.44
2016,5,16,7,15,635.5,97.5,3.4,14.5,368.0,319.11,247.88
2016,5,16,7,30,672.0,103.0,3.3,15.0,419.0,377.56,298.14
2016,5,16,7,45,704.5,106.0,3.25,15.5,470.0,434.84,346.27
2016,5,16,8,0,737.0,109.0,3.2,16.0,521.0,494.44,394.75
2016,5,16,8,15,757.5,113.0,3.15,16.0,568.0,550.53,439.79
2016,5,16,8,30,778.0,117.0,3.1,16.0,615.0,606.44,483.42
2016,5,16,8,45,797.5,118.0,3.1,16.5,660.0,658.8,522.51
2016,5,16,9,0,817.0,119.0,3.1,17.0,705.0,710.85,560.28
2016,5,16,9,15,829.0,121.5,3.1,17.0,743.5,758.16,593.16
2016,5,16,9,30,841.0,124.0,3.1,17.0,782.0,803.96,624.47
2016,5,16,9,45,861.5,119.5,3.1,17.5,818.5,843.51,649.8
2016,5,16,10,0,882.0,115.0,3.1,18.0,855.0,885.6,676.6
2016,5,16,10,15,888.5,116.5,3.15,18.0,882.5,919.42,699.01
2016,5,16,10,30,895.0,118.0,3.2,18.0,910.0,950.44,719.5
2016,5,16,10,45,900.5,118.5,3.25,18.5,930.5,976.54,735.25
2016,5,16,11,0,906.0,119.0,3.3,19.0,951.0,999.5,748.87
2016,5,16,11,15,909.0,119.5,3.4,19.0,964.5,1016.73,760.52
2016,5,16,11,30,912.0,120.0,3.5,19.0,978.0,1030.53,770.02
2016,5,16,11,45,913.5,120.5,3.6,19.5,984.0,1039.33,774.83
2016,5,16,12,0,915.0,121.0,3.7,20.0,990.0,1044.57,777.39
2016,5,16,12,15,915.0,121.0,3.85,20.0,988.0,1044.21,778.22
2016,5,16,12,30,915.0,121.0,4.0,20.0,986.0,1040.27,776.76
2016,5,16,12,45,914.5,119.5,4.15,20.0,977.0,1030.74,771.65
2016,5,16,13,0,914.0,118.0,4.3,20.0,968.0,1017.66,764.21
2016,5,16,13,15,911.0,117.5,4.4,20.0,951.0,999.67,753.12
2016,5,16,13,30,908.0,117.0,4.5,20.0,934.0,978.32,740.19
2016,5,16,13,45,905.0,114.5,4.6,20.0,910.5,951.69,723.59
2016,5,16,14,0,902.0,112.0,4.7,20.0,887.0,921.92,704.69
2016,5,16,14,15,894.5,110.5,4.75,19.5,856.5,886.27,682.5
2016,5,16,14,30,887.0,109.0,4.8,19.0,826.0,848.05,658.21
2016,5,16,14,45,875.0,108.5,4.9,19.0,788.5,804.92,629.07
2016,5,16,15,0,863.0,108.0,5.0,19.0,751.0,759.98,598.22
2016,5,16,15,15,850.5,105.5,5.0,19.0,709.0,711.13,563.59
2016,5,16,15,30,838.0,103.0,5.0,19.0,667.0,662.83,527.04
2016,5,16,15,45,814.0,103.0,5.05,19.0,619.5,606.72,483.53
2016,5,16,16,0,790.0,103.0,5.1,19.0,572.0,550.99,439.21
2016,5,16,16,15,767.5,99.5,5.1,18.5,522.5,493.28,392.86
2016,5,16,16,30,745.0,96.0,5.1,18.0,473.0,436.5,345.78
2016,5,16,16,45,708.0,93.0,5.15,17.5,421.0,374.45,293.3
2016,5,16,17,0,671.0,90.0,5.2,17.0,369.0,316.52,242.89
2016,5,16,17,15,629.0,84.0,5.25,16.5,317.5,257.78,191.2
2016,5,16,17,30,587.0,78.0,5.3,16.0,266.0,203.43,143.17
2016,5,16,17,45,523.5,70.5,5.35,15.5,216.0,148.84,97.28
2016,5,16,18,0,460.0,63.0,5.4,15.0,166.0,101.75,61.05
2016,5,16,18,15,371.5,52.5,5.3,14.5,122.0,58.54,34.16
2016,5,16,18,30,283.0,42.0,5.2,14.0,78.0,32.4,22.33
2016,5,16,18,45,160.5,27.0,5.15,14.0,45.5,21.12,10.02
2016,5,16,19,0,38.0,12.0,5.1,14.0,13.0,11.44,0.0
2016,5,16,19,15,19.0,6.0,4.9,13.5,6.5,0.0,0.0
2016,5,16,19,30,0.0,0.0,4.7,13.0,0.0,0.0,0.0
2016,5,16,19,45,0.0,0.0,4.55,13.0,0.0,0.0,0.0
2016,5,16,20,0,0.0,0.0,4.4,13.0,0.0,0.0,0.0
2016,5,16,20,15,0.0,0.0,4.25,12.5,0.0,0.0,0.0
2016,5,16,20,30,0.0,0.0,4.1,12.0,0.0,0.0,0.0
2016,5,16,20,45,0.0,0.0,4.0,12.0,0.0,0.0,0.0
2016,5,16,21,0,0.0,0.0,3.9,12.0,0.0,0.0,0.0
2016,5,16,21,15,0.0,0.0,3.85,12.0,0.0,0.0,0.0
2016,5,16,21,30,0.0,0.0,3.8,12.0,0.0,0.0,0.0
2016,5,16,21,45,0.0,0.0,3.75,12.0,0.0,0.0,0.0
2016,5,16,22,0,0.0,0.0,3.7,12.0,0.0,0.0,0.0
2016,5,16,22,15,0.0,0.0,3.65,12.0,0.0,0.0,0.0
2016,5,16,22,30,0.0,0.0,3.6,12.0,0.0,0.0,0.0
2016,5,16,22,45,0.0,0.0,3.6,12.0,0.0,0.0,0.0
2016,5,16,23,0,0.0,0.0,3.6,12.0,0.0,0.0,0.0
2016,5,16,23,15,0.0,0.0,3.5,12.0,0.0,0.0,0.0
2016,5,16,23,30,0.0,0.0,3.4,12.0,0.0,0.0,0.0
2016,5,16,23,45,0.0,0.0,3.35,12.0,0.0,0.0,0.0
2016,5,17,0,0,0.0,0.0,3.3,12.0,0.0,0.0,0.0
2016,5,17,0,15,0.0,0.0,3.25,12.0,0.0,0.0,0.0
2016,5,17,0,30,0.0,0.0,3.2,12.0,0.0,0.0,0.0
2016,5,17,0,45,0.0,0.0,3.15,12.0,0.0,0.0,0.0
2016,5,17,1,0,0.0,0.0,3.1,12.0,0.0,0.0,0.0
2016,5,17,1,15,0.0,0.0,3.0,12.0,0.0,0.0,0.0
2016,5,17,1,30,0.0,0.0,2.9,12.0,0.0,0.0,0.0
2016,5,17,1,45,0.0,0.0,2.85,12.0,0.0,0.0,0.0
2016,5,17,2,0,0.0,0.0,2.8,12.0,0.0,0.0,0.0
2016,5,17,2,15,0.0,0.0,2.75,12.0,0.0,0.0,0.0
2016,5,17,2,30,0.0,0.0,2.7,12.0,0.0,0.0,0.0
2016,5,17,2,45,0.0,0.0,2.65,12.0,0.0,0.0,0.0
2016,5,17,3,0,0.0,0.0,2.6,12.0,0.0,0.0,0.0
2016,5,17,3,15,0.0,0.0,2.6,12.0,0.0,0.0,0.0
2016,5,17,3,30,0.0,0.0,2.6,12.0,0.0,0.0,0.0
2016,5,17,3,45,0.0,0.0,2.65,12.0,0.0,0.0,0.0
2016,5,17,4,0,0.0,0.0,2.7,12.0,0.0,0.0,0.0
2016,5,17,4,15,0.0,0.0,2.65,12.0,0.0,0.0,0.0
2016,5,17,4,30,0.0,0.0,2.6,12.0,0.0,0.0,0.0
2016,5,17,4,45,0.0,0.0,2.6,12.5,0.0,0.0,0.0
2016,5,17,5,0,0.0,0.0,2.6,13.0,0.0,0.0,0.0
2016,5,17,5,15,127.0,14.0,2.65,13.5,25.0,10.97,0.0
2016,5,17,5,30,254.0,28.0,2.7,14.0,50.0,22.27,12.16
2016,5,17,5,45,360.0,38.5,2.75,14.5,92.5,29.72,20.19
2016,5,17,6,0,466.0,49.0,2.8,15.0,135.0,65.08,34.99
2016,5,17,6,15,533.5,56.5,2.7,15.5,184.0,109.89,64.11
2016,5,17,6,30,601.0,64.0,2.6,16.0,233.0,162.78,105.6
2016,5,17,6,45,649.5,69.0,2.55,16.5,285.5,216.74,151.93
2016,5,17,7,0,698.0,74.0,2.5,17.0,338.0,275.99,203.66
2016,5,17,7,15,731.0,78.5,2.55,17.5,390.5,335.7,255.88
2016,5,17,7,30,764.0,83.0,2.6,18.0,443.0,396.73,308.01
2016,5,17,7,45,789.5,86.0,2.65,18.5,494.5,455.4,356.9
2016,5,17,8,0,815.0,89.0,2.7,19.0,546.0,515.48,405.29
2016,5,17,8,15,833.5,92.0,2.75,19.5,594.5,572.68,449.93
2016,5,17,8,30,852.0,95.0,2.8,20.0,643.0,628.72,492.29
2016,5,17,8,45,866.5,97.5,2.9,20.5,688.0,682.07,531.61
2016,5,17,9,0,881.0,100.0,3.0,21.0,733.0,734.5,568.27
2016,5,17,9,15,892.0,102.0,3.0,21.0,772.5,782.59,600.78
2016,5,17,9,30,903.0,104.0,3.0,21.0,812.0,828.91,631.68
2016,5,17,9,45,911.5,105.5,3.05,21.5,846.5,870.65,658.12
2016,5,17,10,0,920.0,107.0,3.1,22.0,881.0,909.97,682.65
2016,5,17,10,15,926.0,108.0,3.1,22.0,908.0,943.94,704.33
2016,5,17,10,30,932.0,109.0,3.1,22.0,935.0,974.95,723.96
2016,5,17,10,45,935.5,110.5,3.1,22.5,955.5,1001.0,738.83
2016,5,17,11,0,939.0,112.0,3.1,23.0,976.0,1023.69,751.47
2016,5,17,11,15,941.5,112.5,3.1,23.0,989.0,1040.93,762.04
2016,5,17,11,30,944.0,113.0,3.1,23.0,1002.0,1054.6,770.41
2016,5,17,11,45,943.5,114.0,3.15,23.0,1006.5,1062.15,775.39
2016,5,17,12,0,943.0,115.0,3.2,23.0,1011.0,1066.0,778.15
2016,5,17,12,15,942.5,115.0,3.25,23.0,1008.5,1065.15,778.01
2016,5,17,12,30,942.0,115.0,3.3,23.0,1006.0,1060.6,775.63
2016,5,17,12,45,940.5,113.5,3.4,23.5,996.0,1049.88,768.27
2016,5,17,13,0,939.0,112.0,3.5,24.0,986.0,1035.53,758.66
2016,5,17,13,15,935.5,111.5,3.6,24.0,968.5,1016.69,747.65
2016,5,17,13,30,932.0,111.0,3.7,24.0,951.0,994.42,734.38
2016,5,17,13,45,925.5,110.5,3.8,24.0,926.0,966.08,717.02
2016,5,17,14,0,919.0,110.0,3.9,24.0,901.0,934.7,697.52
2016,5,17,14,15,911.5,108.5,3.95,23.5,869.5,898.58,675.69
2016,5,17,14,30,904.0,107.0,4.0,23.0,838.0,859.85,651.79
2016,5,17,14,45,894.0,105.0,4.1,23.0,800.5,816.22,623.12
2016,5,17,15,0,884.0,103.0,4.2,23.0,763.0,770.57,592.65
2016,5,17,15,15,871.5,101.0,4.25,22.5,720.5,721.39,560.11
2016,5,17,15,30,859.0,99.0,4.3,22.0,678.0,670.9,524.34
2016,5,17,15,45,842.5,96.0,4.4,22.0,631.5,617.09,483.73
2016,5,17,16,0,826.0,93.0,4.5,22.0,585.0,561.24,440.48
2016,5,17,16,15,804.5,89.5,4.5,21.5,535.0,502.28,394.02
2016,5,17,16,30,783.0,86.0,4.5,21.0,485.0,444.08,346.59
2016,5,17,16,45,752.5,82.5,4.55,21.0,433.0,383.35,295.22
2016,5,17,17,0,722.0,79.0,4.6,21.0,381.0,324.99,244.51
2016,5,17,17,15,682.5,74.0,4.5,20.0,328.5,263.67,191.58
2016,5,17,17,30,643.0,69.0,4.4,19.0,276.0,207.78,142.84
2016,5,17,17,45,583.0,63.0,4.35,18.5,225.5,151.89,96.03
2016,5,17,18,0,523.0,57.0,4.3,18.0,175.0,102.98,58.64
2016,5,17,18,15,437.0,47.5,4.1,17.5,129.0,56.95,30.58
2016,5,17,18,30,351.0,38.0,3.9,17.0,83.0,29.67,19.76
2016,5,17,18,45,217.5,25.5,3.75,16.5,49.0,20.24,9.59
2016,5,17,19,0,84.0,13.0,3.6,16.0,15.0,12.39,0.0
2016,5,17,19,15,42.0,6.5,3.4,15.5,7.5,6.2,0.0
2016,5,17,19,30,0.0,0.0,3.2,15.0,0.0,0.0,0.0
2016,5,17,19,45,0.0,0.0,3.05,15.0,0.0,0.0,0.0
2016,5,17,20,0,0.0,0.0,2.9,15.0,0.0,0.0,0.0
2016,5,17,20,15,0.0,0.0,2.8,15.0,0.0,0.0,0.0
2016,5,17,20,30,0.0,0.0,2.7,15.0,0.0,0.0,0.0
2016,5,17,20,45,0.0,0.0,2.65,15.0,0.0,0.0,0.0
2016,5,17,21,0,0.0,0.0,2.6,15.0,0.0,0.0,0.0
2016,5,17,21,15,0.0,0.0,2.55,14.5,0.0,0.0,0.0
2016,5,17,21,30,0.0,0.0,2.5,14.0,0.0,0.0,0.0
2016,5,17,21,45,0.0,0.0,2.5,14.0,0.0,0.0,0.0
2016,5,17,22,0,0.0,0.0,2.5,14.0,0.0,0.0,0.0
2016,5,17,22,15,0.0,0.0,2.45,14.0,0.0,0.0,0.0
2016,5,17,22,30,0.0,0.0,2.4,14.0,0.0,0.0,0.0
2016,5,17,22,45,0.0,0.0,2.4,14.0,0.0,0.0,0.0
2016,5,17,23,0,0.0,0.0,2.4,14.0,0.0,0.0,0.0
2016,5,17,23,15,0.0,0.0,2.35,14.0,0.0,0.0,0.0
2016,5,17,23,30,0.0,0.0,2.3,14.0,0.0,0.0,0.0
2016,5,17,23,45,0.0,0.0,2.25,14.0,0.0,0.0,0.0
2016,5,18,0,0,0.0,0.0,2.2,14.0,0.0,0.0,0.0
2016,5,18,0,15,0.0,0.0,2.15,13.5,0.0,0.0,0.0
2016,5,18,0,30,0.0,0.0,2.1,13.0,0.0,0.0,0.0
2016,5,18,0,45,0.0,0.0,2.05,13.0,0.0,0.0,0.0
2016,5,18,1,0,0.0,0.0,2.0,13.0,0.0,0.0,0.0
2016,5,18,1,15,0.0,0.0,1.95,13.0,0.0,0.0,0.0
2016,5,18,1,30,0.0,0.0,1.9,13.0,0.0,0.0,0.0
2016,5,18,1,45,0.0,0.0,1.9,13.0,0.0,0.0,0.0
2016,5,18,2,0,0.0,0.0,1.9,13.0,0.0,0.0,0.0
2016,5,18,2,15,0.0,0.0,1.9,13.0,0.0,0.0,0.0
2016,5,18,2,30,0.0,0.0,1.9,13.0,0.0,0.0,0.0
2016,5,18,2,45,0.0,0.0,1.9,13.0,0.0,0.0,0.0
2016,5,18,3,0,0.0,0.0,1.9,13.0,0.0,0.0,0.0
2016,5,18,3,15,0.0,0.0,1.9,12.5,0.0,0.0,0.0
2016,5,18,3,30,0.0,0.0,1.9,12.0,0.0,0.0,0.0
2016,5,18,3,45,0.0,0.0,1.95,12.0,0.0,0.0,0.0
2016,5,18,4,0,0.0,0.0,2.0,12.0,0.0,0.0,0.0
2016,5,18,4,15,0.0,0.0,2.0,12.0,0.0,0.0,0.0
2016,5,18,4,30,0.0,0.0,2.0,12.0,0.0,0.0,0.0
2016,5,18,4,45,0.0,0.0,2.05,12.5,0.0,0.0,0.0
2016,5,18,5,0,0.0,0.0,2.1,13.0,0.0,0.0,0.0
2016,5,18,5,15,107.0,15.0,2.1,13.0,24.5,11.79,0.0
2016,5,18,5,30,214.0,30.0,2.1,13.0,49.0,23.38,13.32
2016,5,18,5,45,314.5,42.0,2.15,13.5,90.0,32.8,23.01
2016,5,18,6,0,415.0,54.0,2.2,14.0,131.0,67.18,38.4
2016,5,18,6,15,482.0,62.5,2.0,14.0,179.0,109.78,66.59
2016,5,18,6,30,549.0,71.0,1.8,14.0,227.0,160.44,106.56
2016,5,18,6,45,597.0,77.5,1.65,14.5,278.0,212.63,151.2
2016,5,18,7,0,645.0,84.0,1.5,15.0,329.0,270.12,201.0
2016,5,18,7,15,679.0,89.0,1.4,15.5,380.0,326.28,249.61
2016,5,18,7,30,713.0,94.0,1.3,16.0,431.0,385.52,299.33
2016,5,18,7,45,739.5,97.5,1.2,16.5,481.0,443.54,346.41
2016,5,18,8,0,766.0,101.0,1.1,17.0,531.0,501.98,391.91
2016,5,18,8,15,785.0,104.5,1.15,17.5,578.5,557.45,434.34
2016,5,18,8,30,804.0,108.0,1.2,18.0,626.0,613.14,475.53
2016,5,18,8,45,817.5,111.5,1.25,18.5,669.0,665.09,512.74
2016,5,18,9,0,831.0,115.0,1.3,19.0,712.0,716.16,548.2
2016,5,18,9,15,842.0,117.0,1.4,19.0,750.5,759.45,577.5
2016,5,18,9,30,853.0,119.0,1.5,19.0,789.0,803.79,607.36
2016,5,18,9,45,865.0,119.0,1.6,19.5,823.0,845.11,633.74
2016,5,18,10,0,877.0,119.0,1.7,20.0,857.0,884.4,658.52
2016,5,18,10,15,883.5,120.5,1.8,20.0,884.0,918.0,680.65
2016,5,18,10,30,890.0,122.0,1.9,20.0,911.0,948.83,700.96
2016,5,18,10,45,891.5,124.5,2.05,20.5,930.5,973.0,716.16
2016,5,18,11,0,893.0,127.0,2.2,21.0,950.0,993.89,729.26
2016,5,18,11,15,896.0,127.5,2.3,21.0,963.0,1010.89,740.74
2016,5,18,11,30,899.0,128.0,2.4,21.0,976.0,1024.52,750.15
2016,5,18,11,45,899.0,129.0,2.5,21.0,981.0,1032.22,755.85
2016,5,18,12,0,899.0,130.0,2.6,21.0,986.0,1036.4,759.43
2016,5,18,12,15,899.0,130.0,2.6,21.0,984.0,1036.08,759.18
2016,5,18,12,30,899.0,130.0,2.6,21.0,982.0,1032.24,756.82
2016,5,18,12,45,898.0,128.5,2.65,21.0,972.5,1022.42,751.22
2016,5,18,13,0,897.0,127.0,2.7,21.0,963.0,1009.12,743.48
2016,5,18,13,15,893.5,126.5,2.8,20.5,946.0,991.0,734.49
2016,5,18,13,30,890.0,126.0,2.9,20.0,929.0,969.6,723.29
2016,5,18,13,45,885.5,124.0,3.0,20.0,905.5,942.62,706.87
2016,5,18,14,0,881.0,122.0,3.1,20.0,882.0,912.64,688.32
2016,5,18,14,15,873.5,120.0,3.25,20.0,851.0,877.23,666.17
2016,5,18,14,30,866.0,118.0,3.4,20.0,820.0,839.33,641.98
2016,5,18,14,45,853.5,117.5,3.6,20.0,783.0,796.66,614.29
2016,5,18,15,0,841.0,117.0,3.8,20.0,746.0,755.42,587.11
2016,5,18,15,15,827.5,114.5,3.95,19.5,704.5,706.33,554.32
2016,5,18,15,30,814.0,112.0,4.1,19.0,663.0,656.15,518.24
2016,5,18,15,45,793.5,110.0,4.25,18.5,616.5,601.36,477.43
2016,5,18,16,0,773.0,108.0,4.4,18.0,570.0,546.69,435.54
2016,5,18,16,15,750.0,104.0,4.45,17.5,521.0,489.2,389.75
2016,5,18,16,30,727.0,100.0,4.5,17.0,472.0,431.73,342.46
2016,5,18,16,45,701.0,94.5,4.6,17.0,422.0,373.66,292.72
2016,5,18,17,0,675.0,89.0,4.7,17.0,372.0,317.54,243.33
2016,5,18,17,15,634.5,83.0,4.75,16.5,321.0,259.07,191.96
2016,5,18,17,30,594.0,77.0,4.8,16.0,270.0,204.79,144.02
2016,5,18,17,45,539.0,69.0,4.85,15.5,220.5,150.72,98.19
2016,5,18,18,0,484.0,61.0,4.9,15.0,171.0,103.08,61.08
2016,5,18,18,15,399.0,51.0,4.9,14.5,126.5,58.94,33.48
2016,5,18,18,30,314.0,41.0,4.9,14.0,82.0,32.32,22.36
2016,5,18,18,45,187.5,27.5,4.9,14.0,49.0,21.46,10.96
2016,5,18,19,0,61.0,14.0,4.9,14.0,16.0,13.34,0.0
2016,5,18,19,15,30.5,7.0,4.9,13.5,8.0,6.67,0.0
2016,5,18,19,30,0.0,0.0,4.9,13.0,0.0,0.0,0.0
2016,5,18,19,45,0.0,0.0,4.9,13.0,0.0,0.0,0.0
2016,5,18,20,0,0.0,0.0,4.9,13.0,0.0,0.0,0.0
2016,5,18,20,15,0.0,0.0,4.85,13.0,0.0,0.0,0.0
2016,5,18,20,30,0.0,0.0,4.8,13.0,0.0,0.0,0.0
2016,5,18,20,45,0.0,0.0,4.75,13.0,0.0,0.0,0.0
2016,5,18,21,0,0.0,0.0,4.7,13.0,0.0,0.0,0.0
2016,5,18,21,15,0.0,0.0,4.65,12.5,0.0,0.0,0.0
2016,5,18,21,30,0.0,0.0,4.6,12.0,0.0,0.0,0.0
2016,5,18,21,45,0.0,0.0,4.6,12.0,0.0,0.0,0.0
2016,5,18,22,0,0.0,0.0,4.6,12.0,0.0,0.0,0.0
2016,5,18,22,15,0.0,0.0,4.75,12.0,0.0,0.0,0.0
2016,5,18,22,30,0.0,0.0,4.9,12.0,0.0,0.0,0.0
2016,5,18,22,45,0.0,0.0,5.05,12.0,0.0,0.0,0.0
2016,5,18,23,0,0.0,0.0,5.2,12.0,0.0,0.0,0.0
2016,5,18,23,15,0.0,0.0,5.3,12.0,0.0,0.0,0.0
2016,5,18,23,30,0.0,0.0,5.4,12.0,0.0,0.0,0.0
2016,5,18,23,45,0.0,0.0,5.55,12.0,0.0,0.0,0.0
2016,5,19,0,0,0.0,0.0,5.7,12.0,0.0,0.0,0.0
2016,5,19,0,15,0.0,0.0,5.8,11.5,0.0,0.0,0.0
2016,5,19,0,30,0.0,0.0,5.9,11.0,0.0,0.0,0.0
2016,5,19,0,45,0.0,0.0,6.0,11.0,0.0,0.0,0.0
2016,5,19,1,0,0.0,0.0,6.1,11.0,0.0,0.0,0.0
2016,5,19,1,15,0.0,0.0,6.25,11.0,0.0,0.0,0.0
2016,5,19,1,30,0.0,0.0,6.4,11.0,0.0,0.0,0.0
2016,5,19,1,45,0.0,0.0,6.55,11.0,0.0,0.0,0.0
2016,5,19,2,0,0.0,0.0,6.7,11.0,0.0,0.0,0.0
2016,5,19,2,15,0.0,0.0,6.75,11.0,0.0,0.0,0.0
2016,5,19,2,30,0.0,0.0,6.8,11.0,0.0,0.0,0.0
2016,5,19,2,45,0.0,0.0,6.85,11.0,0.0,0.0,0.0
2016,5,19,3,0,0.0,0.0,6.9,11.0,0.0,0.0,0.0
2016,5,19,3,15,0.0,0.0,6.7,11.0,0.0,0.0,0.0
2016,5,19,3,30,0.0,0.0,6.5,11.0,0.0,0.0,0.0
2016,5,19,3,45,0.0,0.0,6.3,11.0,0.0,0.0,0.0
2016,5,19,4,0,0.0,0.0,6.1,11.0,0.0,0.0,0.0
2016,5,19,4,15,0.0,0.0,6.1,11.0,0.0,0.0,0.0
2016,5,19,4,30,0.0,0.0,6.1,11.0,0.0,0.0,0.0
2016,5,19,4,45,0.0,0.0,6.15,11.0,0.0,0.0,0.0
2016,5,19,5,0,0.0,0.0,6.2,11.0,0.0,0.0,0.0
2016,5,19,5,15,83.0,18.0,6.45,11.0,25.5,14.21,0.0
2016,5,19,5,30,166.0,36.0,6.7,11.0,51.0,28.2,17.53
2016,5,19,5,45,271.0,49.0,6.95,11.0,92.0,37.64,27.5
2016,5,19,6,0,376.0,62.0,7.2,11.0,133.0,71.18,43.43
2016,5,19,6,15,446.0,72.0,7.25,11.0,181.0,114.68,73.3
2016,5,19,6,30,516.0,82.0,7.3,11.0,229.0,165.09,113.82
2016,5,19,6,45,518.0,91.5,7.4,11.5,264.5,207.39,152.89
2016,5,19,7,0,520.0,101.0,7.5,12.0,300.0,249.65,192.53
2016,5,19,7,15,589.0,99.5,7.3,12.5,355.5,304.76,241.12
2016,5,19,7,30,658.0,98.0,7.1,13.0,411.0,366.92,295.39
2016,5,19,7,45,680.0,106.0,6.95,13.5,460.0,423.25,344.35
2016,5,19,8,0,702.0,114.0,6.8,14.0,509.0,480.88,392.96
2016,5,19,8,15,689.0,133.0,6.85,14.0,548.5,530.49,434.51
2016,5,19,8,30,676.0,152.0,6.9,14.0,588.0,577.36,472.74
2016,5,19,8,45,763.0,137.0,6.95,14.5,661.0,653.85,533.86
2016,5,19,9,0,850.0,122.0,7.0,15.0,734.0,736.45,598.41
2016,5,19,9,15,863.0,124.0,6.9,15.0,774.5,785.27,633.94
2016,5,19,9,30,876.0,126.0,6.8,15.0,815.0,828.57,664.91
2016,5,19,9,45,882.0,130.5,6.75,15.5,849.0,870.16,693.2
2016,5,19,10,0,888.0,135.0,6.7,16.0,883.0,909.26,719.3
2016,5,19,10,15,894.5,136.5,6.65,16.0,910.5,943.17,742.76
2016,5,19,10,30,901.0,138.0,6.6,16.0,938.0,974.27,764.09
2016,5,19,10,45,907.5,138.0,6.6,16.0,959.0,1000.91,782.42
2016,5,19,11,0,914.0,138.0,6.6,16.0,980.0,1024.41,798.53
2016,5,19,11,15,701.0,264.5,6.65,16.0,916.0,971.16,759.93
2016,5,19,11,30,488.0,391.0,6.7,16.0,852.0,894.14,696.97
2016,5,19,11,45,495.0,386.5,6.75,16.5,856.0,901.06,701.33
2016,5,19,12,0,502.0,382.0,6.8,17.0,860.0,905.72,703.75
2016,5,19,12,15,710.5,260.5,6.85,17.0,936.0,993.58,774.05
2016,5,19,12,30,919.0,139.0,6.9,17.0,1012.0,1060.5,821.82
2016,5,19,12,45,702.5,261.0,7.0,17.0,924.5,976.54,762.2
2016,5,19,13,0,486.0,383.0,7.1,17.0,837.0,876.3,683.35
2016,5,19,13,15,540.0,349.5,7.3,16.5,845.0,885.98,695.15
2016,5,19,13,30,594.0,316.0,7.5,16.0,853.0,891.35,703.38
2016,5,19,13,45,564.5,317.5,7.75,16.0,817.0,850.34,673.6
2016,5,19,14,0,535.0,319.0,8.0,16.0,781.0,808.56,643.0
2016,5,19,14,15,564.5,291.0,8.1,16.0,763.5,788.09,629.55
2016,5,19,14,30,594.0,263.0,8.2,16.0,746.0,765.36,614.08
2016,5,19,14,45,731.0,192.0,8.3,16.0,758.5,780.46,629.89
2016,5,19,15,0,868.0,121.0,8.4,16.0,771.0,779.59,631.42
2016,5,19,15,15,679.5,176.5,8.45,15.5,668.0,664.77,541.45
2016,5,19,15,30,491.0,232.0,8.5,15.0,565.0,558.82,455.67
2016,5,19,15,45,540.5,197.5,8.55,14.5,540.5,529.93,434.24
2016,5,19,16,0,590.0,163.0,8.6,14.0,516.0,497.68,408.83
2016,5,19,16,15,544.5,161.0,8.7,13.5,465.5,437.07,358.6
2016,5,19,16,30,499.0,159.0,8.8,13.0,415.0,382.79,312.65
2016,5,19,16,45,480.5,144.0,8.9,13.0,369.0,331.15,267.53
2016,5,19,17,0,462.0,129.0,9.0,13.0,323.0,281.04,222.9
2016,5,19,17,15,413.5,122.0,8.95,12.5,279.0,231.49,179.36
2016,5,19,17,30,365.0,115.0,8.9,12.0,235.0,187.15,140.65
2016,5,19,17,45,325.5,99.0,8.85,12.0,192.0,141.77,101.61
2016,5,19,18,0,286.0,83.0,8.8,12.0,149.0,101.12,68.69
2016,5,19,18,15,230.0,66.0,8.8,11.5,110.5,65.2,43.67
2016,5,19,18,30,174.0,49.0,8.8,11.0,72.0,39.48,28.95
2016,5,19,18,45,87.0,32.0,8.8,11.0,43.5,26.23,15.17
2016,5,19,19,0,0.0,15.0,8.8,11.0,15.0,13.83,0.0
2016,5,19,19,15,0.0,7.5,8.85,11.0,7.5,7.15,0.0
2016,5,19,19,30,0.0,0.0,8.9,11.0,0.0,0.0,0.0
2016,5,19,19,45,0.0,0.0,8.95,11.0,0.0,0.0,0.0
2016,5,19,20,0,0.0,0.0,9.0,11.0,0.0,0.0,0.0
2016,5,19,20,15,0.0,0.0,9.0,11.0,0.0,0.0,0.0
2016,5,19,20,30,0.0,0.0,9.0,11.0,0.0,0.0,0.0
2016,5,19,20,45,0.0,0.0,9.0,11.0,0.0,0.0,0.0
2016,5,19,21,0,0.0,0.0,9.0,11.0,0.0,0.0,0.0
2016,5,19,21,15,0.0,0.0,9.1,11.0,0.0,0.0,0.0
2016,5,19,21,30,0.0,0.0,9.2,11.0,0.0,0.0,0.0
2016,5,19,21,45,0.0,0.0,9.3,11.0,0.0,0.0,0.0
2016,5,19,22,0,0.0,0.0,9.4,11.0,0.0,0.0,0.0
2016,5,19,22,15,0.0,0.0,9.45,11.0,0.0,0.0,0.0
2016,5,19,22,30,0.0,0.0,9.5,11.0,0.0,0.0,0.0
2016,5,19,22,45,0.0,0.0,9.55,11.0,0.0,0.0,0.0
2016,5,19,23,0,0.0,0.0,9.6,11.0,0.0,0.0,0.0
2016,5,19,23,15,0.0,0.0,9.55,10.5,0.0,0.0,0.0
2016,5,19,23,30,0.0,0.0,9.5,10.0,0.0,0.0,0.0
2016,5,19,23,45,0.0,0.0,9.5,10.0,0.0,0.0,0.0
2016,5,20,0,0,0.0,0.0,9.5,10.0,0.0,0.0,0.0
2016,5,20,0,15,0.0,0.0,9.45,10.0,0.0,0.0,0.0
2016,5,20,0,30,0.0,0.0,9.4,10.0,0.0,0.0,0.0
2016,5,20,0,45,0.0,0.0,9.35,10.0,0.0,0.0,0.0
2016,5,20,1,0,0.0,0.0,9.3,10.0,0.0,0.0,0.0
2016,5,20,1,15,0.0,0.0,9.25,10.0,0.0,0.0,0.0
2016,5,20,1,30,0.0,0.0,9.2,10.0,0.0,0.0,0.0
2016,5,20,1,45,0.0,0.0,9.15,10.0,0.0,0.0,0.0
2016,5,20,2,0,0.0,0.0,9.1,10.0,0.0,0.0,0.0
2016,5,20,2,15,0.0,0.0,8.95,10.0,0.0,0.0,0.0
2016,5,20,2,30,0.0,0.0,8.8,10.0,0.0,0.0,0.0
2016,5,20,2,45,0.0,0.0,8.7,10.0,0.0,0.0,0.0
2016,5,20,3,0,0.0,0.0,8.6,10.0,0.0,0.0,0.0
2016,5,20,3,15,0.0,0.0,8.45,10.0,0.0,0.0,0.0
2016,5,20,3,30,0.0,0.0,8.3,10.0,0.0,0.0,0.0
2016,5,20,3,45,0.0,0.0,8.2,10.0,0.0,0.0,0.0
2016,5,20,4,0,0.0,0.0,8.1,10.0,0.0,0.0,0.0
2016,5,20,4,15,0.0,0.0,8.0,10.0,0.0,0.0,0.0
2016,5,20,4,30,0.0,0.0,7.9,10.0,0.0,0.0,0.0
2016,5,20,4,45,0.0,0.0,7.8,10.0,0.0,0.0,0.0
2016,5,20,5,0,0.0,0.0,7.7,10.0,0.0,0.0,0.0
2016,5,20,5,15,100.0,17.5,7.7,10.0,27.0,13.78,0.0
2016,5,20,5,30,200.0,35.0,7.7,10.0,54.0,27.36,17.07
2016,5,20,5,45,306.5,47.0,7.7,10.5,96.0,36.03,26.18
2016,5,20,6,0,413.0,59.0,7.7,11.0,138.0,72.03,42.95
2016,5,20,6,15,482.5,68.0,7.65,11.0,187.0,115.21,72.15
2016,5,20,6,30,552.0,77.0,7.6,11.0,236.0,166.78,113.74
2016,5,20,6,45,277.5,101.5,7.6,11.5,181.5,158.44,120.2
2016,5,20,7,0,3.0,126.0,7.6,12.0,127.0,117.03,94.56
2016,5,20,7,15,13.5,150.5,7.55,12.0,157.0,143.8,116.79
2016,5,20,7,30,24.0,175.0,7.5,12.0,187.0,171.95,140.06
2016,5,20,7,45,131.0,208.0,7.5,12.5,281.5,258.0,210.98
2016,5,20,8,0,238.0,241.0,7.5,13.0,376.0,356.09,291.43
2016,5,20,8,15,526.0,178.0,7.45,13.0,509.0,478.48,393.83
2016,5,20,8,30,814.0,115.0,7.4,13.0,642.0,625.83,515.54
2016,5,20,8,45,606.0,204.0,7.4,13.0,611.5,614.96,503.9
2016,5,20,9,0,398.0,293.0,7.4,13.0,581.0,574.73,468.14
2016,5,20,9,15,630.5,210.5,7.35,13.0,694.5,696.9,568.87
2016,5,20,9,30,863.0,128.0,7.3,13.0,808.0,823.84,668.39
2016,5,20,9,45,875.5,128.0,7.3,13.5,842.5,861.84,694.32
2016,5,20,10,0,888.0,128.0,7.3,14.0,877.0,901.87,721.83
2016,5,20,10,15,894.0,129.5,7.25,14.0,904.5,935.31,745.4
2016,5,20,10,30,900.0,131.0,7.2,14.0,932.0,965.9,766.79
2016,5,20,10,45,656.5,261.0,7.2,14.0,852.0,899.05,715.61
2016,5,20,11,0,413.0,391.0,7.2,14.0,772.0,805.99,638.02
2016,5,20,11,15,442.0,393.0,7.15,14.0,806.5,843.95,666.83
2016,5,20,11,30,471.0,395.0,7.1,14.0,841.0,880.69,694.09
2016,5,20,11,45,461.5,399.5,7.1,14.0,838.5,879.91,692.92
2016,5,20,12,0,452.0,404.0,7.1,14.0,836.0,876.85,690.27
2016,5,20,12,15,452.5,402.5,7.1,14.0,834.0,875.7,689.49
2016,5,20,12,30,453.0,401.0,7.1,14.0,832.0,872.37,687.16
2016,5,20,12,45,449.0,395.0,7.1,14.0,818.0,858.04,676.79
2016,5,20,13,0,445.0,389.0,7.1,14.0,804.0,841.73,665.01
2016,5,20,13,15,443.0,380.0,7.1,14.0,787.0,822.52,651.22
2016,5,20,13,30,441.0,371.0,7.1,14.0,770.0,801.49,636.06
2016,5,20,13,45,659.0,254.5,7.1,14.0,833.0,875.76,699.17
2016,5,20,14,0,877.0,138.0,7.1,14.0,896.0,924.31,736.85
2016,5,20,14,15,868.5,136.0,7.05,14.0,865.0,888.27,710.58
2016,5,20,14,30,860.0,134.0,7.0,14.0,834.0,854.52,686.31
2016,5,20,14,45,847.5,132.5,7.0,14.0,796.0,810.58,654.4
2016,5,20,15,0,835.0,131.0,7.0,14.0,758.0,764.94,620.98
2016,5,20,15,15,820.5,128.0,6.95,13.5,715.5,714.95,584.09
2016,5,20,15,30,806.0,125.0,6.9,13.0,673.0,663.96,544.63
2016,5,20,15,45,786.5,122.0,6.85,13.0,626.5,609.19,500.23
2016,5,20,16,0,767.0,119.0,6.8,13.0,580.0,554.47,454.91
2016,5,20,16,15,743.0,114.5,6.7,12.5,530.5,495.66,406.0
2016,5,20,16,30,719.0,110.0,6.6,12.0,481.0,438.37,356.99
2016,5,20,16,45,691.0,104.0,6.55,12.0,430.0,379.46,304.9
2016,5,20,17,0,663.0,98.0,6.5,12.0,379.0,322.74,253.64
2016,5,20,17,15,620.0,91.5,6.4,12.0,327.0,263.76,200.29
2016,5,20,17,30,577.0,85.0,6.3,12.0,275.0,209.27,151.05
2016,5,20,17,45,516.5,77.0,6.2,12.0,225.0,155.27,104.55
2016,5,20,18,0,456.0,69.0,6.1,12.0,175.0,108.39,67.49
2016,5,20,18,15,369.0,58.5,5.95,11.5,130.5,64.0,38.71
2016,5,20,18,30,282.0,48.0,5.8,11.0,86.0,36.98,26.83
2016,5,20,18,45,164.5,32.5,5.7,11.0,52.5,25.43,14.82
2016,5,20,19,0,47.0,17.0,5.6,11.0,19.0,14.25,0.0
2016,5,20,19,15,23.5,8.5,5.5,11.0,9.5,8.1,0.0
2016,5,20,19,30,0.0,0.0,5.4,11.0,0.0,0.0,0.0
2016,5,20,19,45,0.0,0.0,5.35,11.0,0.0,0.0,0.0
2016,5,20,20,0,0.0,0.0,5.3,11.0,0.0,0.0,0.0
2016,5,20,20,15,0.0,0.0,5.2,11.0,0.0,0.0,0.0
2016,5,20,20,30,0.0,0.0,5.1,11.0,0.0,0.0,0.0
2016,5,20,20,45,0.0,0.0,5.05,11.0,0.0,0.0,0.0
2016,5,20,21,0,0.0,0.0,5.0,11.0,0.0,0.0,0.0
2016,5,20,21,15,0.0,0.0,4.9,11.0,0.0,0.0,0.0
2016,5,20,21,30,0.0,0.0,4.8,11.0,0.0,0.0,0.0
2016,5,20,21,45,0.0,0.0,4.7,11.0,0.0,0.0,0.0
2016,5,20,22,0,0.0,0.0,4.6,11.0,0.0,0.0,0.0
2016,5,20,22,15,0.0,0.0,4.55,11.0,0.0,0.0,0.0
2016,5,20,22,30,0.0,0.0,4.5,11.0,0.0,0.0,0.0
2016,5,20,22,45,0.0,0.0,4.5,11.0,0.0,0.0,0.0
2016,5,20,23,0,0.0,0.0,4.5,11.0,0.0,0.0,0.0
2016,5,20,23,15,0.0,0.0,4.45,11.0,0.0,0.0,0.0
2016,5,20,23,30,0.0,0.0,4.4,11.0,0.0,0.0,0.0
2016,5,20,23,45,0.0,0.0,4.4,11.0,0.0,0.0,0.0
2016,5,21,0,0,0.0,0.0,4.4,11.0,0.0,0.0,0.0
2016,5,21,0,15,0.0,0.0,4.3,11.0,0.0,0.0,0.0
2016,5,21,0,30,0.0,0.0,4.2,11.0,0.0,0.0,0.0
2016,5,21,0,45,0.0,0.0,4.15,11.0,0.0,0.0,0.0
2016,5,21,1,0,0.0,0.0,4.1,11.0,0.0,0.0,0.0
2016,5,21,1,15,0.0,0.0,3.95,11.0,0.0,0.0,0.0
2016,5,21,1,30,0.0,0.0,3.8,11.0,0.0,0.0,0.0
2016,5,21,1,45,0.0,0.0,3.7,11.0,0.0,0.0,0.0
2016,5,21,2,0,0.0,0.0,3.6,11.0,0.0,0.0,0.0
2016,5,21,2,15,0.0,0.0,3.55,11.0,0.0,0.0,0.0
2016,5,21,2,30,0.0,0.0,3.5,11.0,0.0,0.0,0.0
2016,5,21,2,45,0.0,0.0,3.5,11.0,0.0,0.0,0.0
2016,5,21,3,0,0.0,0.0,3.5,11.0,0.0,0.0,0.0
2016,5,21,3,15,0.0,0.0,3.4,11.0,0.0,0.0,0.0
2016,5,21,3,30,0.0,0.0,3.3,11.0,0.0,0.0,0.0
2016,5,21,3,45,0.0,0.0,3.25,11.0,0.0,0.0,0.0
2016,5,21,4,0,0.0,0.0,3.2,11.0,0.0,0.0,0.0
2016,5,21,4,15,0.0,0.0,3.2,11.0,0.0,0.0,0.0
2016,5,21,4,30,0.0,0.0,3.2,11.0,0.0,0.0,0.0
2016,5,21,4,45,0.0,0.0,3.2,11.0,0.0,0.0,0.0
2016,5,21,5,0,0.0,0.0,3.2,11.0,0.0,0.0,0.0
2016,5,21,5,15,0.0,13.0,3.3,11.0,13.0,12.06,0.0
2016,5,21,5,30,0.0,26.0,3.4,11.0,26.0,24.08,14.43
2016,5,21,5,45,1.5,45.0,3.55,11.0,45.5,40.63,30.24
2016,5,21,6,0,3.0,64.0,3.7,11.0,65.0,57.89,43.89
2016,5,21,6,15,12.0,84.0,3.75,11.0,88.0,77.44,60.59
2016,5,21,6,30,21.0,104.0,3.8,11.0,111.0,98.32,78.24
2016,5,21,6,45,29.0,124.5,3.85,11.5,135.0,120.42,96.69
2016,5,21,7,0,37.0,145.0,3.9,12.0,159.0,144.18,116.36
2016,5,21,7,15,106.0,172.5,3.95,12.0,221.5,197.98,160.08
2016,5,21,7,30,175.0,200.0,4.0,12.0,284.0,259.26,210.3
2016,5,21,7,45,170.0,224.5,4.1,12.5,313.0,291.26,236.47
2016,5,21,8,0,165.0,249.0,4.2,13.0,342.0,322.65,261.55
2016,5,21,8,15,289.0,248.0,4.3,13.0,428.5,406.16,329.56
2016,5,21,8,30,413.0,247.0,4.4,13.0,515.0,502.79,407.16
2016,5,21,8,45,292.5,293.0,4.5,13.0,489.5,484.1,390.5
2016,5,21,9,0,172.0,339.0,4.6,13.0,464.0,453.01,363.59
2016,5,21,9,15,197.5,356.5,4.6,13.0,507.0,498.27,398.87
2016,5,21,9,30,223.0,374.0,4.6,13.0,550.0,545.09,434.71
2016,5,21,9,45,325.0,357.5,4.6,13.0,626.0,629.85,501.15
2016,5,21,10,0,427.0,341.0,4.6,13.0,702.0,720.79,570.83
2016,5,21,10,15,443.0,348.0,4.55,13.0,733.0,756.76,596.47
2016,5,21,10,30,459.0,355.0,4.5,13.0,764.0,791.93,621.53
2016,5,21,10,45,440.5,371.0,4.45,13.0,770.5,802.36,627.5
2016,5,21,11,0,422.0,387.0,4.4,13.0,777.0,810.2,631.73
2016,5,21,11,15,405.0,401.0,4.35,13.0,779.5,815.09,633.93
2016,5,21,11,30,388.0,415.0,4.3,13.0,782.0,810.48,629.51
2016,5,21,11,45,367.5,429.0,4.3,13.0,778.0,807.76,626.64
2016,5,21,12,0,347.0,443.0,4.3,13.0,774.0,803.1,622.41
2016,5,21,12,15,307.5,455.0,4.3,13.0,748.5,775.67,601.38
2016,5,21,12,30,268.0,467.0,4.3,13.0,723.0,746.85,579.42
2016,5,21,12,45,315.5,444.5,4.3,13.0,742.5,768.1,596.89
2016,5,21,13,0,363.0,422.0,4.3,13.0,762.0,786.93,612.27
2016,5,21,13,15,330.5,426.5,4.3,13.0,731.5,753.42,587.19
2016,5,21,13,30,298.0,431.0,4.3,13.0,701.0,719.56,562.03
2016,5,21,13,45,345.0,400.0,4.35,13.0,705.0,723.06,567.19
2016,5,21,14,0,392.0,369.0,4.4,13.0,709.0,722.98,569.46
2016,5,21,14,15,396.0,353.5,4.35,13.0,686.5,697.44,551.09
2016,5,21,14,30,400.0,338.0,4.3,13.0,664.0,676.36,535.93
2016,5,21,14,45,397.0,324.0,4.3,13.0,635.5,637.58,507.63
2016,5,21,15,0,394.0,310.0,4.3,13.0,607.0,603.89,482.77
2016,5,21,15,15,248.0,309.5,4.25,13.0,493.0,481.63,386.55
2016,5,21,15,30,102.0,309.0,4.2,13.0,379.0,362.3,291.0
2016,5,21,15,45,305.0,250.0,4.2,13.0,438.5,431.78,350.03
2016,5,21,16,0,508.0,191.0,4.2,13.0,498.0,476.11,386.29
2016,5,21,16,15,406.0,197.5,4.15,13.0,429.5,401.37,325.04
2016,5,21,16,30,304.0,204.0,4.1,13.0,361.0,333.73,269.64
2016,5,21,16,45,477.5,150.5,4.1,13.0,367.5,336.37,268.9
2016,5,21,17,0,651.0,97.0,4.1,13.0,374.0,318.03,247.52
2016,5,21,17,15,610.5,90.5,4.1,13.0,323.5,260.49,196.14
2016,5,21,17,30,570.0,84.0,4.1,13.0,273.0,207.16,148.48
2016,5,21,17,45,514.5,75.5,4.1,13.0,224.0,153.94,102.9
2016,5,21,18,0,459.0,67.0,4.1,13.0,175.0,107.22,66.0
2016,5,21,18,15,377.5,56.5,3.9,12.5,131.0,63.13,37.43
2016,5,21,18,30,296.0,46.0,3.7,12.0,87.0,35.34,25.34
2016,5,21,18,45,183.0,31.5,3.55,11.5,53.0,24.58,14.34
2016,5,21,19,0,70.0,17.0,3.4,11.0,19.0,14.27,0.0
2016,5,21,19,15,35.0,8.5,3.35,11.0,9.5,8.1,0.0
2016,5,21,19,30,0.0,0.0,3.3,11.0,0.0,0.0,0.0
2016,5,21,19,45,0.0,0.0,3.3,11.0,0.0,0.0,0.0
2016,5,21,20,0,0.0,0.0,3.3,11.0,0.0,0.0,0.0
2016,5,21,20,15,0.0,0.0,3.25,11.0,0.0,0.0,0.0
2016,5,21,20,30,0.0,0.0,3.2,11.0,0.0,0.0,0.0
2016,5,21,20,45,0.0,0.0,3.2,11.0,0.0,0.0,0.0
2016,5,21,21,0,0.0,0.0,3.2,11.0,0.0,0.0,0.0
2016,5,21,21,15,0.0,0.0,3.15,10.5,0.0,0.0,0.0
2016,5,21,21,30,0.0,0.0,3.1,10.0,0.0,0.0,0.0
2016,5,21,21,45,0.0,0.0,3.05,10.0,0.0,0.0,0.0
2016,5,21,22,0,0.0,0.0,3.0,10.0,0.0,0.0,0.0
2016,5,21,22,15,0.0,0.0,3.0,10.0,0.0,0.0,0.0
2016,5,21,22,30,0.0,0.0,3.0,10.0,0.0,0.0,0.0
2016,5,21,22,45,0.0,0.0,3.0,10.0,0.0,0.0,0.0
2016,5,21,23,0,0.0,0.0,3.0,10.0,0.0,0.0,0.0
2016,5,21,23,15,0.0,0.0,3.0,10.0,0.0,0.0,0.0
2016,5,21,23,30,0.0,0.0,3.0,10.0,0.0,0.0,0.0
2016,5,21,23,45,0.0,0.0,3.0,10.0,0.0,0.0,0.0
2016,5,22,0,0,0.0,0.0,3.0,10.0,0.0,0.0,0.0
2016,5,22,0,15,0.0,0.0,2.95,10.0,0.0,0.0,0.0
2016,5,22,0,30,0.0,0.0,2.9,10.0,0.0,0.0,0.0
2016,5,22,0,45,0.0,0.0,2.85,10.0,0.0,0.0,0.0
2016,5,22,1,0,0.0,0.0,2.8,10.0,0.0,0.0,0.0
2016,5,22,1,15,0.0,0.0,2.75,10.0,0.0,0.0,0.0
2016,5,22,1,30,0.0,0.0,2.7,10.0,0.0,0.0,0.0
2016,5,22,1,45,0.0,0.0,2.65,10.0,0.0,0.0,0.0
2016,5,22,2,0,0.0,0.0,2.6,10.0,0.0,0.0,0.0
2016,5,22,2,15,0.0,0.0,2.55,10.0,0.0,0.0,0.0
2016,5,22,2,30,0.0,0.0,2.5,10.0,0.0,0.0,0.0
2016,5,22,2,45,0.0,0.0,2.45,10.0,0.0,0.0,0.0
2016,5,22,3,0,0.0,0.0,2.4,10.0,0.0,0.0,0.0
2016,5,22,3,15,0.0,0.0,2.4,10.0,0.0,0.0,0.0
2016,5,22,3,30,0.0,0.0,2.4,10.0,0.0,0.0,0.0
2016,5,22,3,45,0.0,0.0,2.4,10.0,0.0,0.0,0.0
2016,5,22,4,0,0.0,0.0,2.4,10.0,0.0,0.0,0.0
2016,5,22,4,15,0.0,0.0,2.4,10.0,0.0,0.0,0.0
2016,5,22,4,30,0.0,0.0,2.4,10.0,0.0,0.0,0.0
2016,5,22,4,45,0.0,0.0,2.4,10.5,0.0,0.0,0.0
2016,5,22,5,0,0.0,0.0,2.4,11.0,0.0,0.0,0.0
2016,5,22,5,15,47.0,17.5,2.5,11.0,22.0,14.7,0.0
2016,5,22,5,30,94.0,35.0,2.6,11.0,44.0,28.62,18.34
2016,5,22,5,45,143.0,53.5,2.75,11.5,76.5,42.85,32.16
2016,5,22,6,0,192.0,72.0,2.9,12.0,109.0,71.07,48.89
2016,5,22,6,15,224.5,90.5,2.85,12.0,146.5,104.78,74.21
2016,5,22,6,30,257.0,109.0,2.8,12.0,184.0,142.57,105.13
2016,5,22,6,45,292.5,122.5,2.8,12.5,223.5,180.61,137.17
2016,5,22,7,0,328.0,136.0,2.8,13.0,263.0,222.64,173.05
2016,5,22,7,15,211.0,168.0,2.75,13.0,254.0,231.88,185.06
2016,5,22,7,30,94.0,200.0,2.7,13.0,245.0,224.38,181.04
2016,5,22,7,45,158.5,222.0,2.7,13.0,308.0,283.48,228.98
2016,5,22,8,0,223.0,244.0,2.7,13.0,371.0,347.82,280.68
2016,5,22,8,15,162.0,267.5,2.7,13.0,364.0,348.67,280.68
2016,5,22,8,30,101.0,291.0,2.7,13.0,357.0,339.16,272.03
2016,5,22,8,45,216.5,301.0,2.7,13.5,454.5,436.27,348.95
2016,5,22,9,0,332.0,311.0,2.7,14.0,552.0,544.61,432.01
2016,5,22,9,15,576.5,227.0,2.75,14.0,671.5,671.22,531.14
2016,5,22,9,30,821.0,143.0,2.8,14.0,791.0,804.68,630.73
2016,5,22,9,45,844.0,136.5,2.85,14.5,827.5,847.9,658.38
2016,5,22,10,0,867.0,130.0,2.9,15.0,864.0,884.68,681.95
2016,5,22,10,15,873.5,131.5,2.95,15.0,890.5,917.89,704.18
2016,5,22,10,30,880.0,133.0,3.0,15.0,917.0,948.37,724.49
2016,5,22,10,45,881.5,135.5,3.1,15.0,936.5,972.24,740.67
2016,5,22,11,0,883.0,138.0,3.2,15.0,956.0,992.87,754.75
2016,5,22,11,15,885.5,139.0,3.25,15.0,968.5,1009.7,765.94
2016,5,22,11,30,888.0,140.0,3.3,15.0,981.0,1023.19,774.99
2016,5,22,11,45,671.5,271.0,3.35,15.0,909.0,960.84,732.15
2016,5,22,12,0,455.0,402.0,3.4,15.0,837.0,876.81,667.31
2016,5,22,12,15,451.0,401.0,3.5,15.0,831.0,871.68,664.92
2016,5,22,12,30,447.0,400.0,3.6,15.0,825.0,864.4,660.44
2016,5,22,12,45,663.5,271.0,3.75,15.0,895.0,946.35,726.2
2016,5,22,13,0,880.0,142.0,3.9,15.0,965.0,1005.53,768.33
2016,5,22,13,15,682.0,252.0,4.0,15.0,883.0,925.22,713.16
2016,5,22,13,30,484.0,362.0,4.1,15.0,801.0,832.25,642.42
2016,5,22,13,45,460.0,355.5,4.2,15.0,764.0,790.87,613.86
2016,5,22,14,0,436.0,349.0,4.3,15.0,727.0,748.87,584.3
2016,5,22,14,15,340.0,368.0,4.35,15.0,656.5,663.51,520.23
2016,5,22,14,30,244.0,387.0,4.4,15.0,586.0,589.81,463.73
2016,5,22,14,45,235.0,369.5,4.45,15.0,554.5,548.33,433.48
2016,5,22,15,0,226.0,352.0,4.5,15.0,523.0,513.48,407.63
2016,5,22,15,15,301.5,314.0,4.55,14.5,528.5,523.58,418.59
2016,5,22,15,30,377.0,276.0,4.6,14.0,534.0,520.87,419.1
2016,5,22,15,45,359.5,259.0,4.65,14.0,491.5,473.73,382.27
2016,5,22,16,0,342.0,242.0,4.7,14.0,449.0,427.56,345.71
2016,5,22,16,15,527.0,175.0,4.7,13.5,463.0,441.85,358.06
2016,5,22,16,30,712.0,108.0,4.7,13.0,477.0,433.78,349.76
2016,5,22,16,45,628.0,110.5,4.75,13.0,411.0,361.13,287.99
2016,5,22,17,0,544.0,113.0,4.8,13.0,345.0,296.85,232.78
2016,5,22,17,15,496.5,107.5,4.8,13.0,298.5,242.61,185.02
2016,5,22,17,30,449.0,102.0,4.8,13.0,252.0,195.22,143.28
2016,5,22,17,45,412.5,88.5,4.8,13.0,208.0,147.78,102.29
2016,5,22,18,0,376.0,75.0,4.8,13.0,164.0,104.63,67.38
2016,5,22,18,15,348.0,59.5,4.65,12.5,126.5,64.62,39.4
2016,5,22,18,30,320.0,44.0,4.5,12.0,89.0,34.61,24.73
2016,5,22,18,45,211.5,30.5,4.35,11.5,55.0,23.75,13.85
2016,5,22,19,0,103.0,17.0,4.2,11.0,21.0,13.4,0.0
2016,5,22,19,15,51.5,8.5,4.1,11.0,10.5,8.1,0.0
2016,5,22,19,30,0.0,0.0,4.0,11.0,0.0,0.0,0.0
2016,5,22,19,45,0.0,0.0,3.9,11.0,0.0,0.0,0.0
2016,5,22,20,0,0.0,0.0,3.8,11.0,0.0,0.0,0.0
2016,5,22,20,15,0.0,0.0,3.75,11.0,0.0,0.0,0.0
2016,5,22,20,30,0.0,0.0,3.7,11.0,0.0,0.0,0.0
2016,5,22,20,45,0.0,0.0,3.65,11.0,0.0,0.0,0.0
2016,5,22,21,0,0.0,0.0,3.6,11.0,0.0,0.0,0.0
2016,5,22,21,15,0.0,0.0,3.55,10.5,0.0,0.0,0.0
2016,5,22,21,30,0.0,0.0,3.5,10.0,0.0,0.0,0.0
2016,5,22,21,45,0.0,0.0,3.5,10.0,0.0,0.0,0.0
2016,5,22,22,0,0.0,0.0,3.5,10.0,0.0,0.0,0.0
2016,5,22,22,15,0.0,0.0,3.45,10.0,0.0,0.0,0.0
2016,5,22,22,30,0.0,0.0,3.4,10.0,0.0,0.0,0.0
2016,5,22,22,45,0.0,0.0,3.4,10.0,0.0,0.0,0.0
2016,5,22,23,0,0.0,0.0,3.4,10.0,0.0,0.0,0.0
2016,5,22,23,15,0.0,0.0,3.4,10.0,0.0,0.0,0.0
2016,5,22,23,30,0.0,0.0,3.4,10.0,0.0,0.0,0.0
2016,5,22,23,45,0.0,0.0,3.45,10.0,0.0,0.0,0.0
2016,5,23,0,0,0.0,0.0,3.5,10.0,0.0,0.0,0.0
2016,5,23,0,15,0.0,0.0,3.45,10.0,0.0,0.0,0.0
2016,5,23,0,30,0.0,0.0,3.4,10.0,0.0,0.0,0.0
2016,5,23,0,45,0.0,0.0,3.4,10.0,0.0,0.0,0.0
2016,5,23,1,0,0.0,0.0,3.4,10.0,0.0,0.0,0.0
2016,5,23,1,15,0.0,0.0,3.35,10.0,0.0,0.0,0.0
2016,5,23,1,30,0.0,0.0,3.3,10.0,0.0,0.0,0.0
2016,5,23,1,45,0.0,0.0,3.3,10.0,0.0,0.0,0.0
2016,5,23,2,0,0.0,0.0,3.3,10.0,0.0,0.0,0.0
2016,5,23,2,15,0.0,0.0,3.25,10.0,0.0,0.0,0.0
2016,5,23,2,30,0.0,0.0,3.2,10.0,0.0,0.0,0.0
2016,5,23,2,45,0.0,0.0,3.2,10.0,0.0,0.0,0.0
2016,5,23,3,0,0.0,0.0,3.2,10.0,0.0,0.0,0.0
2016,5,23,3,15,0.0,0.0,3.15,10.0,0.0,0.0,0.0
2016,5,23,3,30,0.0,0.0,3.1,10.0,0.0,0.0,0.0
2016,5,23,3,45,0.0,0.0,3.1,10.0,0.0,0.0,0.0
2016,5,23,4,0,0.0,0.0,3.1,10.0,0.0,0.0,0.0
2016,5,23,4,15,0.0,0.0,3.1,10.0,0.0,0.0,0.0
2016,5,23,4,30,0.0,0.0,3.1,10.0,0.0,0.0,0.0
2016,5,23,4,45,0.0,0.0,3.1,10.5,0.0,0.0,0.0
2016,5,23,5,0,0.0,0.0,3.1,11.0,0.0,0.0,0.0
2016,5,23,5,15,0.0,15.0,3.2,11.0,15.0,13.92,0.0
2016,5,23,5,30,0.0,30.0,3.3,11.0,30.0,27.44,17.45
2016,5,23,5,45,15.5,49.5,3.45,11.5,52.5,43.31,32.59
2016,5,23,6,0,31.0,69.0,3.6,12.0,75.0,62.6,46.86
2016,5,23,6,15,43.0,90.5,3.6,12.0,101.5,85.64,65.98
2016,5,23,6,30,55.0,112.0,3.6,12.0,128.0,110.52,86.82
2016,5,23,6,45,65.5,133.0,3.6,12.5,155.5,136.32,108.38
2016,5,23,7,0,76.0,154.0,3.6,13.0,183.0,163.53,130.99
2016,5,23,7,15,372.5,130.5,3.6,13.0,306.0,255.6,202.36
2016,5,23,7,30,669.0,107.0,3.6,13.0,429.0,379.6,302.33
2016,5,23,7,45,693.0,113.0,3.65,13.5,477.5,435.4,349.53
2016,5,23,8,0,717.0,119.0,3.7,14.0,526.0,492.65,396.73
2016,5,23,8,15,570.5,182.5,3.7,14.0,524.0,507.33,408.58
2016,5,23,8,30,424.0,246.0,3.7,14.0,522.0,508.02,407.87
2016,5,23,8,45,606.5,189.5,3.7,14.5,613.5,600.27,481.13
2016,5,23,9,0,789.0,133.0,3.7,15.0,705.0,702.43,560.0
2016,5,23,9,15,801.0,136.0,3.7,15.0,743.5,748.83,593.25
2016,5,23,9,30,813.0,139.0,3.7,15.0,782.0,793.82,624.64
2016,5,23,9,45,831.5,135.5,3.75,15.0,817.0,835.99,653.9
2016,5,23,10,0,850.0,132.0,3.8,15.0,852.0,871.46,678.19
2016,5,23,10,15,857.0,133.5,3.75,15.0,878.5,904.59,700.21
2016,5,23,10,30,864.0,135.0,3.7,15.0,905.0,935.08,720.24
2016,5,23,10,45,666.0,257.0,3.7,15.5,859.0,902.31,694.48
2016,5,23,11,0,468.0,379.0,3.7,16.0,813.0,845.51,646.53
2016,5,23,11,15,675.5,257.0,3.65,16.0,892.5,936.4,716.89
2016,5,23,11,30,883.0,135.0,3.6,16.0,972.0,1012.78,767.97
2016,5,23,11,45,886.5,133.5,3.55,16.0,978.0,1021.39,772.56
2016,5,23,12,0,890.0,132.0,3.5,16.0,984.0,1026.62,775.52
2016,5,23,12,15,889.5,132.0,3.45,16.0,982.0,1025.89,774.6
2016,5,23,12,30,889.0,132.0,3.4,16.0,980.0,1021.72,771.52
2016,5,23,12,45,649.5,265.5,3.4,16.0,882.0,926.63,706.27
2016,5,23,13,0,410.0,399.0,3.4,16.0,784.0,816.04,622.18
2016,5,23,13,15,424.5,377.5,3.4,16.0,770.0,801.08,613.53
2016,5,23,13,30,439.0,356.0,3.4,16.0,756.0,783.75,602.49
2016,5,23,13,45,633.0,253.5,3.45,16.0,813.0,849.89,656.14
2016,5,23,14,0,827.0,151.0,3.5,16.0,870.0,898.2,691.92
2016,5,23,14,15,819.0,149.0,3.55,16.0,839.5,863.62,668.41
2016,5,23,14,30,811.0,147.0,3.6,16.0,809.0,826.74,643.72
2016,5,23,14,45,579.0,236.5,3.7,16.0,698.5,703.44,552.39
2016,5,23,15,0,347.0,326.0,3.8,16.0,588.0,584.07,459.61
2016,5,23,15,15,263.5,321.0,3.9,15.5,513.5,503.42,399.04
2016,5,23,15,30,180.0,316.0,4.0,15.0,439.0,424.76,338.5
2016,5,23,15,45,179.0,294.5,4.1,15.0,410.0,393.13,314.58
2016,5,23,16,0,178.0,273.0,4.2,15.0,381.0,361.31,289.98
2016,5,23,16,15,89.0,200.5,4.3,15.0,254.5,233.99,188.03
2016,5,23,16,30,0.0,128.0,4.4,15.0,128.0,119.09,94.12
2016,5,23,16,45,13.5,143.0,4.5,15.0,149.0,138.04,110.2
2016,5,23,17,0,27.0,158.0,4.6,15.0,170.0,155.43,124.62
2016,5,23,17,15,21.5,138.5,4.6,14.5,147.0,133.37,106.68
2016,5,23,17,30,16.0,119.0,4.6,14.0,124.0,112.48,89.56
2016,5,23,17,45,242.0,92.5,4.7,13.5,151.0,123.54,89.19
2016,5,23,18,0,468.0,66.0,4.8,13.0,178.0,108.07,66.32
2016,5,23,18,15,388.5,56.0,4.75,12.5,133.5,64.91,38.34
2016,5,23,18,30,309.0,46.0,4.7,12.0,89.0,35.24,25.33
2016,5,23,18,45,199.5,31.5,4.7,12.0,55.5,24.51,14.59
2016,5,23,19,0,90.0,17.0,4.7,12.0,22.0,13.36,0.0
2016,5,23,19,15,45.0,8.5,4.65,12.0,11.0,8.1,0.0
2016,5,23,19,30,0.0,0.0,4.6,12.0,0.0,0.0,0.0
2016,5,23,19,45,0.0,0.0,4.6,12.0,0.0,0.0,0.0
2016,5,23,20,0,0.0,0.0,4.6,12.0,0.0,0.0,0.0
2016,5,23,20,15,0.0,0.0,4.5,12.0,0.0,0.0,0.0
2016,5,23,20,30,0.0,0.0,4.4,12.0,0.0,0.0,0.0
2016,5,23,20,45,0.0,0.0,4.35,12.0,0.0,0.0,0.0
2016,5,23,21,0,0.0,0.0,4.3,12.0,0.0,0.0,0.0
2016,5,23,21,15,0.0,0.0,4.2,11.5,0.0,0.0,0.0
2016,5,23,21,30,0.0,0.0,4.1,11.0,0.0,0.0,0.0
2016,5,23,21,45,0.0,0.0,4.0,11.0,0.0,0.0,0.0
2016,5,23,22,0,0.0,0.0,3.9,11.0,0.0,0.0,0.0
2016,5,23,22,15,0.0,0.0,3.85,11.0,0.0,0.0,0.0
2016,5,23,22,30,0.0,0.0,3.8,11.0,0.0,0.0,0.0
2016,5,23,22,45,0.0,0.0,3.75,11.0,0.0,0.0,0.0
2016,5,23,23,0,0.0,0.0,3.7,11.0,0.0,0.0,0.0
2016,5,23,23,15,0.0,0.0,3.7,11.0,0.0,0.0,0.0
2016,5,23,23,30,0.0,0.0,3.7,11.0,0.0,0.0,0.0
2016,5,23,23,45,0.0,0.0,3.7,11.0,0.0,0.0,0.0
2016,5,24,0,0,0.0,0.0,3.7,11.0,0.0,0.0,0.0
2016,5,24,0,15,0.0,0.0,3.65,11.0,0.0,0.0,0.0
2016,5,24,0,30,0.0,0.0,3.6,11.0,0.0,0.0,0.0
2016,5,24,0,45,0.0,0.0,3.55,11.0,0.0,0.0,0.0
2016,5,24,1,0,0.0,0.0,3.5,11.0,0.0,0.0,0.0
2016,5,24,1,15,0.0,0.0,3.45,11.0,0.0,0.0,0.0
2016,5,24,1,30,0.0,0.0,3.4,11.0,0.0,0.0,0.0
2016,5,24,1,45,0.0,0.0,3.4,11.0,0.0,0.0,0.0
2016,5,24,2,0,0.0,0.0,3.4,11.0,0.0,0.0,0.0
2016,5,24,2,15,0.0,0.0,3.4,11.0,0.0,0.0,0.0
2016,5,24,2,30,0.0,0.0,3.4,11.0,0.0,0.0,0.0
2016,5,24,2,45,0.0,0.0,3.4,11.0,0.0,0.0,0.0
2016,5,24,3,0,0.0,0.0,3.4,11.0,0.0,0.0,0.0
2016,5,24,3,15,0.0,0.0,3.35,11.0,0.0,0.0,0.0
2016,5,24,3,30,0.0,0.0,3.3,11.0,0.0,0.0,0.0
2016,5,24,3,45,0.0,0.0,3.3,11.0,0.0,0.0,0.0
2016,5,24,4,0,0.0,0.0,3.3,11.0,0.0,0.0,0.0
2016,5,24,4,15,0.0,0.0,3.35,11.0,0.0,0.0,0.0
2016,5,24,4,30,0.0,0.0,3.4,11.0,0.0,0.0,0.0
2016,5,24,4,45,0.0,0.0,3.5,11.5,0.0,0.0,0.0
2016,5,24,5,0,0.0,0.0,3.6,12.0,0.0,0.0,0.0
2016,5,24,5,15,116.5,17.5,3.7,12.0,29.0,13.71,0.0
2016,5,24,5,30,233.0,35.0,3.8,12.0,58.0,27.24,17.29
2016,5,24,5,45,331.0,46.0,3.9,12.0,99.5,35.94,26.07
2016,5,24,6,0,429.0,57.0,4.0,12.0,141.0,71.31,41.5
2016,5,24,6,15,214.5,60.5,4.0,12.0,102.5,77.0,51.05
2016,5,24,6,30,0.0,64.0,4.0,12.0,64.0,59.43,45.64
2016,5,24,6,45,0.0,77.5,4.0,12.5,77.5,71.89,56.18
2016,5,24,7,0,0.0,91.0,4.0,13.0,91.0,84.42,66.58
2016,5,24,7,15,0.0,111.0,4.0,13.0,111.0,102.97,82.02
2016,5,24,7,30,0.0,131.0,4.0,13.0,131.0,121.63,97.36
2016,5,24,7,45,19.5,178.0,4.0,13.0,189.0,174.43,140.79
2016,5,24,8,0,39.0,225.0,4.0,13.0,247.0,231.77,187.37
2016,5,24,8,15,52.5,253.0,4.0,13.0,285.5,268.96,217.08
2016,5,24,8,30,66.0,281.0,4.0,13.0,324.0,307.65,247.75
2016,5,24,8,45,110.5,311.0,4.0,13.5,389.0,370.32,297.14
2016,5,24,9,0,155.0,341.0,4.0,14.0,454.0,442.09,352.64
2016,5,24,9,15,122.0,354.5,4.0,14.0,447.0,438.62,348.39
2016,5,24,9,30,89.0,368.0,4.0,14.0,440.0,425.91,337.21
2016,5,24,9,45,132.5,391.5,4.0,14.5,502.5,496.05,390.82
2016,5,24,10,0,176.0,415.0,4.0,15.0,565.0,562.68,440.51
2016,5,24,10,15,168.5,429.5,4.0,15.0,576.5,577.1,450.15
2016,5,24,10,30,161.0,444.0,4.0,15.0,588.0,590.48,459.24
2016,5,24,10,45,123.0,445.0,4.0,15.0,557.0,560.64,435.49
2016,5,24,11,0,85.0,446.0,4.0,15.0,526.0,519.63,403.55
2016,5,24,11,15,115.0,462.5,4.0,15.0,571.0,576.69,446.77
2016,5,24,11,30,145.0,479.0,4.0,15.0,616.0,625.01,482.72
2016,5,24,11,45,219.0,471.5,4.05,15.5,680.5,692.62,533.3
2016,5,24,12,0,293.0,464.0,4.1,16.0,745.0,769.06,589.01
2016,5,24,12,15,234.5,474.0,4.1,16.0,698.5,711.6,545.69
2016,5,24,12,30,176.0,484.0,4.1,16.0,652.0,662.33,508.49
2016,5,24,12,45,118.5,458.5,4.15,16.0,571.5,577.94,445.69
2016,5,24,13,0,61.0,433.0,4.2,16.0,491.0,484.81,375.37
2016,5,24,13,15,92.0,441.5,4.25,16.0,526.5,521.53,404.63
2016,5,24,13,30,123.0,450.0,4.3,16.0,562.0,565.18,438.25
2016,5,24,13,45,82.0,409.0,4.35,16.0,482.5,474.41,369.67
2016,5,24,14,0,41.0,368.0,4.4,16.0,403.0,394.19,308.2
2016,5,24,14,15,35.0,344.0,4.45,15.5,373.5,363.31,285.55
2016,5,24,14,30,29.0,320.0,4.5,15.0,344.0,332.83,262.78
2016,5,24,14,45,50.0,329.5,4.55,15.0,368.5,356.85,282.71
2016,5,24,15,0,71.0,339.0,4.6,15.0,393.0,378.97,300.92
2016,5,24,15,15,155.0,324.5,4.65,15.0,433.0,425.11,339.41
2016,5,24,15,30,239.0,310.0,4.7,15.0,473.0,457.88,366.77
2016,5,24,15,45,129.5,264.0,4.8,15.0,351.5,333.7,268.03
2016,5,24,16,0,20.0,218.0,4.9,15.0,230.0,214.76,171.76
2016,5,24,16,15,27.0,209.0,4.9,14.5,224.0,210.27,169.09
2016,5,24,16,30,34.0,200.0,4.9,14.0,218.0,202.56,163.46
2016,5,24,16,45,27.5,178.0,4.95,14.0,191.5,176.61,142.42
2016,5,24,17,0,21.0,156.0,5.0,14.0,165.0,151.11,121.6
2016,5,24,17,15,16.0,136.5,5.0,13.5,143.0,130.02,104.46
2016,5,24,17,30,11.0,117.0,5.0,13.0,121.0,109.61,87.68
2016,5,24,17,45,248.5,91.5,5.0,13.0,152.0,123.99,89.49
2016,5,24,18,0,486.0,66.0,5.0,13.0,183.0,110.46,67.54
2016,5,24,18,15,406.0,56.0,4.9,12.5,138.0,66.15,38.72
2016,5,24,18,30,326.0,46.0,4.8,12.0,93.0,35.21,25.33
2016,5,24,18,45,211.5,32.5,4.75,12.0,58.5,25.29,15.38
2016,5,24,19,0,97.0,19.0,4.7,12.0,24.0,14.98,0.0
2016,5,24,19,15,48.5,9.5,4.6,12.0,12.0,9.05,0.0
2016,5,24,19,30,0.0,0.0,4.5,12.0,0.0,0.0,0.0
2016,5,24,19,45,0.0,0.0,4.45,12.0,0.0,0.0,0.0
2016,5,24,20,0,0.0,0.0,4.4,12.0,0.0,0.0,0.0
2016,5,24,20,15,0.0,0.0,4.3,12.0,0.0,0.0,0.0
2016,5,24,20,30,0.0,0.0,4.2,12.0,0.0,0.0,0.0
2016,5,24,20,45,0.0,0.0,4.15,12.0,0.0,0.0,0.0
2016,5,24,21,0,0.0,0.0,4.1,12.0,0.0,0.0,0.0
2016,5,24,21,15,0.0,0.0,4.05,12.0,0.0,0.0,0.0
2016,5,24,21,30,0.0,0.0,4.0,12.0,0.0,0.0,0.0
2016,5,24,21,45,0.0,0.0,4.0,12.0,0.0,0.0,0.0
2016,5,24,22,0,0.0,0.0,4.0,12.0,0.0,0.0,0.0
2016,5,24,22,15,0.0,0.0,3.95,12.0,0.0,0.0,0.0
2016,5,24,22,30,0.0,0.0,3.9,12.0,0.0,0.0,0.0
2016,5,24,22,45,0.0,0.0,3.85,12.0,0.0,0.0,0.0
2016,5,24,23,0,0.0,0.0,3.8,12.0,0.0,0.0,0.0
2016,5,24,23,15,0.0,0.0,3.8,12.0,0.0,0.0,0.0
2016,5,24,23,30,0.0,0.0,3.8,12.0,0.0,0.0,0.0
2016,5,24,23,45,0.0,0.0,3.8,12.0,0.0,0.0,0.0
2016,5,25,0,0,0.0,0.0,3.8,12.0,0.0,0.0,0.0
2016,5,25,0,15,0.0,0.0,3.75,12.0,0.0,0.0,0.0
2016,5,25,0,30,0.0,0.0,3.7,12.0,0.0,0.0,0.0
2016,5,25,0,45,0.0,0.0,3.7,12.0,0.0,0.0,0.0
2016,5,25,1,0,0.0,0.0,3.7,12.0,0.0,0.0,0.0
2016,5,25,1,15,0.0,0.0,3.65,12.0,0.0,0.0,0.0
2016,5,25,1,30,0.0,0.0,3.6,12.0,0.0,0.0,0.0
2016,5,25,1,45,0.0,0.0,3.55,12.0,0.0,0.0,0.0
2016,5,25,2,0,0.0,0.0,3.5,12.0,0.0,0.0,0.0
2016,5,25,2,15,0.0,0.0,3.45,11.5,0.0,0.0,0.0
2016,5,25,2,30,0.0,0.0,3.4,11.0,0.0,0.0,0.0
2016,5,25,2,45,0.0,0.0,3.35,11.0,0.0,0.0,0.0
2016,5,25,3,0,0.0,0.0,3.3,11.0,0.0,0.0,0.0
2016,5,25,3,15,0.0,0.0,3.15,11.0,0.0,0.0,0.0
2016,5,25,3,30,0.0,0.0,3.0,11.0,0.0,0.0,0.0
2016,5,25,3,45,0.0,0.0,2.9,11.0,0.0,0.0,0.0
2016,5,25,4,0,0.0,0.0,2.8,11.0,0.0,0.0,0.0
2016,5,25,4,15,0.0,0.0,2.85,11.0,0.0,0.0,0.0
2016,5,25,4,30,0.0,0.0,2.9,11.0,0.0,0.0,0.0
2016,5,25,4,45,0.0,0.0,2.95,11.5,0.0,0.0,0.0
2016,5,25,5,0,0.0,0.0,3.0,12.0,0.0,0.0,0.0
2016,5,25,5,15,118.0,17.5,3.1,12.0,29.5,13.69,0.0
2016,5,25,5,30,236.0,35.0,3.2,12.0,59.0,27.22,17.34
2016,5,25,5,45,327.5,46.5,3.3,12.0,100.0,35.47,25.68
2016,5,25,6,0,419.0,58.0,3.4,12.0,141.0,71.69,42.13
2016,5,25,6,15,483.0,66.0,3.4,12.0,188.5,113.61,70.37
2016,5,25,6,30,547.0,74.0,3.4,12.0,236.0,163.17,110.09
2016,5,25,6,45,273.5,65.0,3.4,12.5,146.0,124.35,90.75
2016,5,25,7,0,0.0,56.0,3.4,13.0,56.0,52.06,39.01
2016,5,25,7,15,0.0,66.5,3.45,13.0,66.5,61.87,47.26
2016,5,25,7,30,0.0,77.0,3.5,13.0,77.0,71.68,55.39
2016,5,25,7,45,0.0,106.5,3.55,13.5,106.5,99.16,78.11
2016,5,25,8,0,0.0,136.0,3.6,14.0,136.0,126.71,100.5
2016,5,25,8,15,0.5,151.0,3.7,14.0,151.5,141.15,112.04
2016,5,25,8,30,1.0,166.0,3.8,14.0,167.0,155.7,123.61
2016,5,25,8,45,3.0,177.0,3.9,14.0,179.5,167.58,132.99
2016,5,25,9,0,5.0,188.0,4.0,14.0,192.0,179.67,142.52
2016,5,25,9,15,6.0,194.5,4.05,14.0,199.5,186.94,148.12
2016,5,25,9,30,7.0,201.0,4.1,14.0,207.0,194.28,153.78
2016,5,25,9,45,8.5,217.5,4.2,14.5,225.0,211.62,167.16
2016,5,25,10,0,10.0,234.0,4.3,15.0,243.0,229.09,180.54
2016,5,25,10,15,16.0,281.0,4.3,15.0,295.5,279.93,220.53
2016,5,25,10,30,22.0,328.0,4.3,15.0,348.0,331.38,260.44
2016,5,25,10,45,20.5,325.0,4.35,15.0,344.0,327.81,257.29
2016,5,25,11,0,19.0,322.0,4.4,15.0,340.0,324.06,254.21
2016,5,25,11,15,24.5,350.5,4.4,15.0,374.0,366.41,286.91
2016,5,25,11,30,30.0,379.0,4.4,15.0,408.0,401.0,313.3
2016,5,25,11,45,46.0,412.0,4.4,15.5,456.5,450.59,350.67
2016,5,25,12,0,62.0,445.0,4.4,16.0,505.0,500.21,387.47
2016,5,25,12,15,179.5,453.0,4.45,16.0,625.0,635.19,491.55
2016,5,25,12,30,297.0,461.0,4.5,16.0,745.0,767.92,590.65
2016,5,25,12,45,311.5,451.0,4.6,16.0,746.5,769.07,591.96
2016,5,25,13,0,326.0,441.0,4.7,16.0,748.0,768.48,592.81
2016,5,25,13,15,388.0,405.0,4.85,16.0,764.0,785.39,608.33
2016,5,25,13,30,450.0,369.0,5.0,16.0,780.0,806.08,626.3
2016,5,25,13,45,340.0,396.0,5.15,16.0,702.0,713.23,556.55
2016,5,25,14,0,230.0,423.0,5.3,16.0,624.0,624.27,488.66
2016,5,25,14,15,341.5,369.0,5.4,16.0,655.5,665.06,523.79
2016,5,25,14,30,453.0,315.0,5.5,16.0,687.0,697.0,551.41
2016,5,25,14,45,246.5,313.5,5.65,16.0,515.0,507.97,404.47
2016,5,25,15,0,40.0,312.0,5.8,16.0,343.0,329.35,260.99
2016,5,25,15,15,40.0,295.5,5.9,15.5,325.0,310.77,247.68
2016,5,25,15,30,40.0,279.0,6.0,15.0,307.0,292.14,233.87
2016,5,25,15,45,44.5,264.0,6.1,15.0,293.0,277.66,222.9
2016,5,25,16,0,49.0,249.0,6.2,15.0,279.0,262.68,211.38
2016,5,25,16,15,47.5,229.0,6.25,14.5,256.0,239.42,193.28
2016,5,25,16,30,46.0,209.0,6.3,14.0,233.0,216.35,175.07
2016,5,25,16,45,376.0,146.5,6.35,14.0,311.5,292.65,235.32
2016,5,25,17,0,706.0,84.0,6.4,14.0,390.0,326.15,254.14
2016,5,25,17,15,668.5,79.0,6.35,13.5,339.0,267.96,201.61
2016,5,25,17,30,631.0,74.0,6.3,13.0,288.0,213.5,152.35
2016,5,25,17,45,570.0,69.0,6.3,13.0,237.5,159.04,105.2
2016,5,25,18,0,509.0,64.0,6.3,13.0,187.0,111.6,67.51
2016,5,25,18,15,429.0,55.0,6.2,12.5,142.0,66.79,38.42
2016,5,25,18,30,349.0,46.0,6.1,12.0,97.0,36.13,26.16
2016,5,25,18,45,222.0,33.0,6.1,12.0,61.0,25.66,15.8
2016,5,25,19,0,95.0,20.0,6.1,12.0,25.0,15.77,0.0
2016,5,25,19,15,47.5,10.0,6.05,12.0,12.5,9.53,0.0
2016,5,25,19,30,0.0,0.0,6.0,12.0,0.0,0.0,0.0
2016,5,25,19,45,0.0,0.0,6.0,12.0,0.0,0.0,0.0
2016,5,25,20,0,0.0,0.0,6.0,12.0,0.0,0.0,0.0
2016,5,25,20,15,0.0,0.0,5.95,12.0,0.0,0.0,0.0
2016,5,25,20,30,0.0,0.0,5.9,12.0,0.0,0.0,0.0
2016,5,25,20,45,0.0,0.0,5.85,12.0,0.0,0.0,0.0
2016,5,25,21,0,0.0,0.0,5.8,12.0,0.0,0.0,0.0
2016,5,25,21,15,0.0,0.0,5.7,12.0,0.0,0.0,0.0
2016,5,25,21,30,0.0,0.0,5.6,12.0,0.0,0.0,0.0
2016,5,25,21,45,0.0,0.0,5.55,12.0,0.0,0.0,0.0
2016,5,25,22,0,0.0,0.0,5.5,12.0,0.0,0.0,0.0
2016,5,25,22,15,0.0,0.0,5.45,11.5,0.0,0.0,0.0
2016,5,25,22,30,0.0,0.0,5.4,11.0,0.0,0.0,0.0
2016,5,25,22,45,0.0,0.0,5.35,11.0,0.0,0.0,0.0
2016,5,25,23,0,0.0,0.0,5.3,11.0,0.0,0.0,0.0
2016,5,25,23,15,0.0,0.0,5.25,11.0,0.0,0.0,0.0
2016,5,25,23,30,0.0,0.0,5.2,11.0,0.0,0.0,0.0
2016,5,25,23,45,0.0,0.0,5.2,11.0,0.0,0.0,0.0
2016,5,26,0,0,0.0,0.0,5.2,11.0,0.0,0.0,0.0
2016,5,26,0,15,0.0,0.0,5.1,11.0,0.0,0.0,0.0
2016,5,26,0,30,0.0,0.0,5.0,11.0,0.0,0.0,0.0
2016,5,26,0,45,0.0,0.0,4.95,11.0,0.0,0.0,0.0
2016,5,26,1,0,0.0,0.0,4.9,11.0,0.0,0.0,0.0
2016,5,26,1,15,0.0,0.0,4.85,11.0,0.0,0.0,0.0
2016,5,26,1,30,0.0,0.0,4.8,11.0,0.0,0.0,0.0
2016,5,26,1,45,0.0,0.0,4.75,11.0,0.0,0.0,0.0
2016,5,26,2,0,0.0,0.0,4.7,11.0,0.0,0.0,0.0
2016,5,26,2,15,0.0,0.0,4.65,11.0,0.0,0.0,0.0
2016,5,26,2,30,0.0,0.0,4.6,11.0,0.0,0.0,0.0
2016,5,26,2,45,0.0,0.0,4.6,11.0,0.0,0.0,0.0
2016,5,26,3,0,0.0,0.0,4.6,11.0,0.0,0.0,0.0
2016,5,26,3,15,0.0,0.0,4.5,11.0,0.0,0.0,0.0
2016,5,26,3,30,0.0,0.0,4.4,11.0,0.0,0.0,0.0
2016,5,26,3,45,0.0,0.0,4.35,11.0,0.0,0.0,0.0
2016,5,26,4,0,0.0,0.0,4.3,11.0,0.0,0.0,0.0
2016,5,26,4,15,0.0,0.0,4.2,11.0,0.0,0.0,0.0
2016,5,26,4,30,0.0,0.0,4.1,11.0,0.0,0.0,0.0
2016,5,26,4,45,0.0,0.0,4.1,11.5,0.0,0.0,0.0
2016,5,26,5,0,0.0,0.0,4.1,12.0,0.0,0.0,0.0
2016,5,26,5,15,88.5,19.5,4.1,12.0,29.0,15.28,0.22
2016,5,26,5,30,177.0,39.0,4.1,12.0,58.0,30.38,20.08
2016,5,26,5,45,268.0,52.5,4.1,12.0,98.0,40.12,29.78
2016,5,26,6,0,359.0,66.0,4.1,12.0,138.0,74.12,46.12
2016,5,26,6,15,425.5,76.5,4.05,12.0,185.0,115.2,74.27
2016,5,26,6,30,492.0,87.0,4.0,12.0,232.0,165.54,114.5
2016,5,26,6,45,353.5,120.0,4.0,12.5,234.5,192.72,145.26
2016,5,26,7,0,215.0,153.0,4.0,13.0,237.0,204.37,161.2
2016,5,26,7,15,433.5,134.5,3.95,13.0,334.5,280.26,221.39
2016,5,26,7,30,652.0,116.0,3.9,13.0,432.0,380.62,303.3
2016,5,26,7,45,353.0,175.0,3.85,13.5,348.5,333.95,269.39
2016,5,26,8,0,54.0,234.0,3.8,14.0,265.0,247.76,199.24
2016,5,26,8,15,188.5,253.5,3.75,14.0,375.0,349.77,282.22
2016,5,26,8,30,323.0,273.0,3.7,14.0,485.0,466.25,374.71
2016,5,26,8,45,553.0,207.0,3.65,14.5,598.0,577.82,463.21
2016,5,26,9,0,783.0,141.0,3.6,15.0,711.0,704.7,561.04
2016,5,26,9,15,795.5,143.5,3.5,15.0,749.5,750.67,593.66
2016,5,26,9,30,808.0,146.0,3.4,15.0,788.0,795.3,624.18
2016,5,26,9,45,814.0,150.5,3.35,15.5,820.0,834.95,649.76
2016,5,26,10,0,820.0,155.0,3.3,16.0,852.0,872.34,673.39
2016,5,26,10,15,827.0,157.0,3.2,16.0,879.0,905.68,694.86
2016,5,26,10,30,834.0,159.0,3.1,16.0,906.0,936.46,714.36
2016,5,26,10,45,840.5,159.5,3.05,16.5,926.0,962.54,729.51
2016,5,26,11,0,847.0,160.0,3.0,17.0,946.0,985.7,742.61
2016,5,26,11,15,850.0,160.5,3.0,17.0,959.0,1002.41,753.17
2016,5,26,11,30,853.0,161.0,3.0,17.0,972.0,1015.88,761.69
2016,5,26,11,45,856.5,160.0,3.0,17.5,978.0,1015.66,759.75
2016,5,26,12,0,860.0,159.0,3.0,18.0,984.0,1021.34,761.98
2016,5,26,12,15,859.5,159.0,3.1,18.0,982.5,1020.7,762.38
2016,5,26,12,30,859.0,159.0,3.2,18.0,981.0,1016.74,760.72
2016,5,26,12,45,867.5,151.5,3.3,18.0,974.5,1011.14,758.05
2016,5,26,13,0,876.0,144.0,3.4,18.0,968.0,1001.98,753.07
2016,5,26,13,15,658.0,258.5,3.6,18.0,871.0,907.03,689.62
2016,5,26,13,30,440.0,373.0,3.8,18.0,774.0,800.27,610.23
2016,5,26,13,45,448.0,358.5,4.05,18.0,757.5,781.52,599.52
2016,5,26,14,0,456.0,344.0,4.3,18.0,741.0,760.64,586.48
2016,5,26,14,15,648.5,241.0,4.55,17.5,784.5,811.19,631.7
2016,5,26,14,30,841.0,138.0,4.8,17.0,828.0,842.12,659.01
2016,5,26,14,45,671.5,201.5,5.05,17.0,737.5,742.0,586.36
2016,5,26,15,0,502.0,265.0,5.3,17.0,647.0,646.13,512.47
2016,5,26,15,15,646.5,197.0,5.45,17.0,660.5,661.26,527.94
2016,5,26,15,30,791.0,129.0,5.6,17.0,674.0,658.65,528.7
2016,5,26,15,45,773.5,125.5,5.75,17.0,628.5,605.65,487.25
2016,5,26,16,0,756.0,122.0,5.9,17.0,583.0,552.11,444.46
2016,5,26,16,15,733.5,118.0,5.95,16.5,535.0,495.79,398.88
2016,5,26,16,30,711.0,114.0,6.0,16.0,487.0,440.44,352.71
2016,5,26,16,45,680.0,109.0,6.05,15.5,436.5,381.95,302.77
2016,5,26,17,0,649.0,104.0,6.1,15.0,386.0,325.95,253.7
2016,5,26,17,15,608.5,97.5,6.05,14.5,335.5,268.59,202.92
2016,5,26,17,30,568.0,91.0,6.0,14.0,285.0,215.4,155.64
2016,5,26,17,45,507.5,83.5,6.0,14.0,235.0,162.33,110.26
2016,5,26,18,0,447.0,76.0,6.0,14.0,185.0,114.85,72.63
2016,5,26,18,15,366.0,64.5,5.85,13.5,140.0,71.24,43.76
2016,5,26,18,30,285.0,53.0,5.7,13.0,95.0,40.64,30.03
2016,5,26,18,45,175.5,37.0,5.6,12.5,60.0,28.82,18.53
2016,5,26,19,0,66.0,21.0,5.5,12.0,25.0,17.49,0.0
2016,5,26,19,15,33.0,10.5,5.35,12.0,12.5,10.01,0.0
2016,5,26,19,30,0.0,0.0,5.2,12.0,0.0,0.0,0.0
2016,5,26,19,45,0.0,0.0,5.1,12.0,0.0,0.0,0.0
2016,5,26,20,0,0.0,0.0,5.0,12.0,0.0,0.0,0.0
2016,5,26,20,15,0.0,0.0,4.9,11.5,0.0,0.0,0.0
2016,5,26,20,30,0.0,0.0,4.8,11.0,0.0,0.0,0.0
2016,5,26,20,45,0.0,0.0,4.75,11.0,0.0,0.0,0.0
2016,5,26,21,0,0.0,0.0,4.7,11.0,0.0,0.0,0.0
2016,5,26,21,15,0.0,0.0,4.55,11.0,0.0,0.0,0.0
2016,5,26,21,30,0.0,0.0,4.4,11.0,0.0,0.0,0.0
2016,5,26,21,45,0.0,0.0,4.3,11.0,0.0,0.0,0.0
2016,5,26,22,0,0.0,0.0,4.2,11.0,0.0,0.0,0.0
2016,5,26,22,15,0.0,0.0,4.05,11.0,0.0,0.0,0.0
2016,5,26,22,30,0.0,0.0,3.9,11.0,0.0,0.0,0.0
2016,5,26,22,45,0.0,0.0,3.8,11.0,0.0,0.0,0.0
2016,5,26,23,0,0.0,0.0,3.7,11.0,0.0,0.0,0.0
2016,5,26,23,15,0.0,0.0,3.65,11.0,0.0,0.0,0.0
2016,5,26,23,30,0.0,0.0,3.6,11.0,0.0,0.0,0.0
2016,5,26,23,45,0.0,0.0,3.55,11.0,0.0,0.0,0.0
2016,5,27,0,0,0.0,0.0,3.5,11.0,0.0,0.0,0.0
2016,5,27,0,15,0.0,0.0,3.5,10.5,0.0,0.0,0.0
2016,5,27,0,30,0.0,0.0,3.5,10.0,0.0,0.0,0.0
2016,5,27,0,45,0.0,0.0,3.5,10.0,0.0,0.0,0.0
2016,5,27,1,0,0.0,0.0,3.5,10.0,0.0,0.0,0.0
2016,5,27,1,15,0.0,0.0,3.5,10.0,0.0,0.0,0.0
2016,5,27,1,30,0.0,0.0,3.5,10.0,0.0,0.0,0.0
2016,5,27,1,45,0.0,0.0,3.5,10.0,0.0,0.0,0.0
2016,5,27,2,0,0.0,0.0,3.5,10.0,0.0,0.0,0.0
2016,5,27,2,15,0.0,0.0,3.45,10.0,0.0,0.0,0.0
2016,5,27,2,30,0.0,0.0,3.4,10.0,0.0,0.0,0.0
2016,5,27,2,45,0.0,0.0,3.35,10.0,0.0,0.0,0.0
2016,5,27,3,0,0.0,0.0,3.3,10.0,0.0,0.0,0.0
2016,5,27,3,15,0.0,0.0,3.15,10.0,0.0,0.0,0.0
2016,5,27,3,30,0.0,0.0,3.0,10.0,0.0,0.0,0.0
2016,5,27,3,45,0.0,0.0,2.95,10.0,0.0,0.0,0.0
2016,5,27,4,0,0.0,0.0,2.9,10.0,0.0,0.0,0.0
2016,5,27,4,15,0.0,0.0,2.85,10.0,0.0,0.0,0.0
2016,5,27,4,30,0.0,0.0,2.8,10.0,0.0,0.0,0.0
2016,5,27,4,45,0.0,0.0,2.75,10.5,0.0,0.0,0.0
2016,5,27,5,0,0.0,0.0,2.7,11.0,0.0,0.0,0.0
2016,5,27,5,15,82.0,20.5,2.6,11.0,29.0,17.14,1.72
2016,5,27,5,30,164.0,41.0,2.5,11.0,58.0,33.27,22.71
2016,5,27,5,45,259.0,55.0,2.4,11.5,99.5,42.07,31.6
2016,5,27,6,0,354.0,69.0,2.3,12.0,141.0,76.33,48.15
2016,5,27,6,15,420.5,79.5,2.15,12.5,188.0,117.15,75.91
2016,5,27,6,30,487.0,90.0,2.0,13.0,235.0,165.77,114.16
2016,5,27,6,45,540.5,97.0,1.85,13.5,286.0,217.37,157.76
2016,5,27,7,0,594.0,104.0,1.7,14.0,337.0,273.4,205.76
2016,5,27,7,15,629.5,110.0,1.55,14.0,388.0,327.86,253.04
2016,5,27,7,30,665.0,116.0,1.4,14.0,439.0,385.64,301.88
2016,5,27,7,45,698.5,118.5,1.3,14.5,489.5,442.13,347.84
2016,5,27,8,0,732.0,121.0,1.2,15.0,540.0,501.03,393.92
2016,5,27,8,15,752.5,125.0,1.1,15.5,587.0,556.11,435.27
2016,5,27,8,30,773.0,129.0,1.0,16.0,634.0,611.68,475.25
2016,5,27,8,45,794.0,129.5,0.9,16.5,678.5,663.93,511.27
2016,5,27,9,0,815.0,130.0,0.8,17.0,723.0,716.01,545.68
2016,5,27,9,15,826.5,132.0,0.75,17.5,761.5,762.0,574.22
2016,5,27,9,30,838.0,134.0,0.7,18.0,800.0,806.47,600.49
2016,5,27,9,45,858.5,129.0,0.7,18.5,836.0,845.09,623.18
2016,5,27,10,0,879.0,124.0,0.7,19.0,872.0,886.37,647.3
2016,5,27,10,15,885.5,125.5,0.75,19.0,899.0,919.87,668.27
2016,5,27,10,30,892.0,127.0,0.8,19.0,926.0,950.61,687.54
2016,5,27,10,45,898.0,126.5,0.9,19.5,946.5,976.0,703.11
2016,5,27,11,0,904.0,126.0,1.0,20.0,967.0,998.31,716.79
2016,5,27,11,15,906.5,127.0,1.25,20.0,979.5,1015.49,731.44
2016,5,27,11,30,909.0,128.0,1.5,20.0,992.0,1029.28,743.79
2016,5,27,11,45,911.0,127.5,1.75,20.5,998.0,1037.66,751.09
2016,5,27,12,0,913.0,127.0,2.0,21.0,1004.0,1042.54,756.01
2016,5,27,12,15,912.5,127.0,2.25,21.0,1002.0,1041.92,758.69
2016,5,27,12,30,912.0,127.0,2.5,21.0,1000.0,1037.78,758.99
2016,5,27,12,45,907.5,128.5,2.8,21.0,989.5,1027.68,755.74
2016,5,27,13,0,903.0,130.0,3.1,21.0,979.0,1014.18,750.01
2016,5,27,13,15,899.5,129.0,3.3,21.0,962.5,995.86,740.06
2016,5,27,13,30,896.0,128.0,3.5,21.0,946.0,974.27,727.81
2016,5,27,13,45,889.5,127.5,3.7,21.0,922.0,947.26,711.73
2016,5,27,14,0,883.0,127.0,3.9,21.0,898.0,917.36,693.47
2016,5,27,14,15,875.5,125.5,4.0,21.0,868.0,882.89,671.28
2016,5,27,14,30,868.0,124.0,4.1,21.0,838.0,845.92,647.16
2016,5,27,14,45,857.5,122.5,4.2,21.0,801.5,804.27,619.46
2016,5,27,15,0,847.0,121.0,4.3,21.0,765.0,763.85,592.32
2016,5,27,15,15,834.5,118.5,4.3,20.5,724.0,715.74,559.7
2016,5,27,15,30,822.0,116.0,4.3,20.0,683.0,666.42,523.93
2016,5,27,15,45,804.0,113.5,4.35,20.0,637.5,612.76,483.18
2016,5,27,16,0,786.0,111.0,4.4,20.0,592.0,558.96,441.2
2016,5,27,16,15,764.5,107.0,4.4,19.5,543.5,502.02,396.28
2016,5,27,16,30,743.0,103.0,4.4,19.0,495.0,444.79,349.71
2016,5,27,16,45,712.0,99.0,4.4,19.0,444.0,385.65,299.68
2016,5,27,17,0,681.0,95.0,4.4,19.0,393.0,328.93,250.49
2016,5,27,17,15,642.5,89.5,4.35,18.5,342.0,271.34,200.43
2016,5,27,17,30,604.0,84.0,4.3,18.0,291.0,217.64,153.41
2016,5,27,17,45,547.5,77.0,4.25,17.5,241.0,163.59,107.93
2016,5,27,18,0,491.0,70.0,4.2,17.0,191.0,116.1,70.81
2016,5,27,18,15,412.0,59.5,4.05,16.5,145.5,70.94,41.44
2016,5,27,18,30,333.0,49.0,3.9,16.0,100.0,37.45,26.93
2016,5,27,18,45,219.5,35.0,3.8,15.5,63.5,27.19,17.04
2016,5,27,19,0,106.0,21.0,3.7,15.0,27.0,16.53,0.13
2016,5,27,19,15,53.0,10.5,3.6,14.5,13.5,10.01,0.0
2016,5,27,19,30,0.0,0.0,3.5,14.0,0.0,0.0,0.0
2016,5,27,19,45,0.0,0.0,3.4,14.0,0.0,0.0,0.0
2016,5,27,20,0,0.0,0.0,3.3,14.0,0.0,0.0,0.0
2016,5,27,20,15,0.0,0.0,3.3,13.5,0.0,0.0,0.0
2016,5,27,20,30,0.0,0.0,3.3,13.0,0.0,0.0,0.0
2016,5,27,20,45,0.0,0.0,3.3,13.0,0.0,0.0,0.0
2016,5,27,21,0,0.0,0.0,3.3,13.0,0.0,0.0,0.0
2016,5,27,21,15,0.0,0.0,3.3,13.0,0.0,0.0,0.0
2016,5,27,21,30,0.0,0.0,3.3,13.0,0.0,0.0,0.0
2016,5,27,21,45,0.0,0.0,3.35,13.0,0.0,0.0,0.0
2016,5,27,22,0,0.0,0.0,3.4,13.0,0.0,0.0,0.0
2016,5,27,22,15,0.0,0.0,3.35,13.0,0.0,0.0,0.0
2016,5,27,22,30,0.0,0.0,3.3,13.0,0.0,0.0,0.0
2016,5,27,22,45,0.0,0.0,3.3,13.0,0.0,0.0,0.0
2016,5,27,23,0,0.0,0.0,3.3,13.0,0.0,0.0,0.0
2016,5,27,23,15,0.0,0.0,3.2,12.5,0.0,0.0,0.0
2016,5,27,23,30,0.0,0.0,3.1,12.0,0.0,0.0,0.0
2016,5,27,23,45,0.0,0.0,3.05,12.0,0.0,0.0,0.0
2016,5,28,0,0,0.0,0.0,3.0,12.0,0.0,0.0,0.0
2016,5,28,0,15,0.0,0.0,2.9,12.0,0.0,0.0,0.0
2016,5,28,0,30,0.0,0.0,2.8,12.0,0.0,0.0,0.0
2016,5,28,0,45,0.0,0.0,2.7,12.0,0.0,0.0,0.0
2016,5,28,1,0,0.0,0.0,2.6,12.0,0.0,0.0,0.0
2016,5,28,1,15,0.0,0.0,2.55,12.0,0.0,0.0,0.0
2016,5,28,1,30,0.0,0.0,2.5,12.0,0.0,0.0,0.0
2016,5,28,1,45,0.0,0.0,2.45,12.0,0.0,0.0,0.0
2016,5,28,2,0,0.0,0.0,2.4,12.0,0.0,0.0,0.0
2016,5,28,2,15,0.0,0.0,2.35,12.0,0.0,0.0,0.0
2016,5,28,2,30,0.0,0.0,2.3,12.0,0.0,0.0,0.0
2016,5,28,2,45,0.0,0.0,2.25,12.0,0.0,0.0,0.0
2016,5,28,3,0,0.0,0.0,2.2,12.0,0.0,0.0,0.0
2016,5,28,3,15,0.0,0.0,2.2,12.0,0.0,0.0,0.0
2016,5,28,3,30,0.0,0.0,2.2,12.0,0.0,0.0,0.0
2016,5,28,3,45,0.0,0.0,2.25,12.0,0.0,0.0,0.0
2016,5,28,4,0,0.0,0.0,2.3,12.0,0.0,0.0,0.0
2016,5,28,4,15,0.0,0.0,2.3,12.0,0.0,0.0,0.0
2016,5,28,4,30,0.0,0.0,2.3,12.0,0.0,0.0,0.0
2016,5,28,4,45,0.0,0.0,2.3,12.5,0.0,0.0,0.0
2016,5,28,5,0,0.0,0.0,2.3,13.0,0.0,0.0,0.0
2016,5,28,5,15,112.0,18.5,2.35,13.0,30.5,14.45,1.04
2016,5,28,5,30,224.0,37.0,2.4,13.0,61.0,28.74,18.74
2016,5,28,5,45,317.5,49.0,2.5,13.5,102.5,37.34,27.21
2016,5,28,6,0,411.0,61.0,2.6,14.0,144.0,73.94,43.93
2016,5,28,6,15,474.0,69.5,2.55,14.5,191.5,115.62,71.74
2016,5,28,6,30,537.0,78.0,2.5,15.0,239.0,164.83,110.5
2016,5,28,6,45,584.5,84.5,2.45,15.5,289.5,215.86,154.05
2016,5,28,7,0,632.0,91.0,2.4,16.0,340.0,272.09,202.79
2016,5,28,7,15,665.5,96.5,2.4,16.5,391.0,327.41,250.91
2016,5,28,7,30,699.0,102.0,2.4,17.0,442.0,385.75,300.43
2016,5,28,7,45,726.0,106.0,2.4,17.5,492.0,442.37,347.31
2016,5,28,8,0,753.0,110.0,2.4,18.0,542.0,501.48,394.59
2016,5,28,8,15,772.5,113.5,2.35,18.5,589.0,556.16,436.85
2016,5,28,8,30,792.0,117.0,2.3,19.0,636.0,611.14,477.89
2016,5,28,8,45,807.0,120.0,2.3,19.5,679.5,662.65,515.28
2016,5,28,9,0,822.0,123.0,2.3,20.0,723.0,713.47,551.07
2016,5,28,9,15,713.5,185.5,2.25,20.0,726.0,731.07,560.39
2016,5,28,9,30,605.0,248.0,2.2,20.0,729.0,735.71,560.29
2016,5,28,9,45,733.5,190.5,2.2,20.5,798.0,809.54,613.03
2016,5,28,10,0,862.0,133.0,2.2,21.0,867.0,880.01,658.15
2016,5,28,10,15,869.0,134.5,2.2,21.0,894.5,913.44,678.97
2016,5,28,10,30,876.0,136.0,2.2,21.0,922.0,944.21,698.26
2016,5,28,10,45,880.0,137.5,2.25,21.5,942.0,969.32,712.95
2016,5,28,11,0,884.0,139.0,2.3,22.0,962.0,991.34,725.63
2016,5,28,11,15,887.0,140.0,2.4,22.0,975.0,1008.71,737.27
2016,5,28,11,30,890.0,141.0,2.5,22.0,988.0,1022.77,746.91
2016,5,28,11,45,891.0,141.5,2.6,22.0,994.0,1031.0,752.9
2016,5,28,12,0,892.0,142.0,2.7,22.0,1000.0,1035.81,756.83
2016,5,28,12,15,891.5,142.0,2.8,22.0,998.0,1035.22,757.38
2016,5,28,12,30,891.0,142.0,2.9,22.0,996.0,1031.21,755.83
2016,5,28,12,45,881.0,147.5,3.05,22.0,984.5,1019.76,749.96
2016,5,28,13,0,871.0,153.0,3.2,22.0,973.0,1005.11,742.01
2016,5,28,13,15,867.0,152.0,3.3,22.0,956.0,986.87,731.3
2016,5,28,13,30,863.0,151.0,3.4,22.0,939.0,965.51,718.48
2016,5,28,13,45,857.5,149.0,3.5,22.0,915.5,938.77,702.01
2016,5,28,14,0,852.0,147.0,3.6,22.0,892.0,915.38,687.75
2016,5,28,14,15,844.5,145.0,3.65,21.5,862.0,880.77,666.67
2016,5,28,14,30,837.0,143.0,3.7,21.0,832.0,843.76,643.71
2016,5,28,14,45,827.0,140.0,3.8,21.0,796.0,801.55,615.81
2016,5,28,15,0,817.0,137.0,3.9,21.0,760.0,757.53,586.26
2016,5,28,15,15,615.5,203.0,3.9,20.5,658.0,645.23,502.73
2016,5,28,15,30,414.0,269.0,3.9,20.0,556.0,542.94,424.45
2016,5,28,15,45,408.0,250.5,3.9,20.0,517.5,499.48,392.08
2016,5,28,16,0,402.0,232.0,3.9,20.0,479.0,455.73,358.54
2016,5,28,16,15,490.0,185.0,3.85,19.5,461.5,433.35,341.81
2016,5,28,16,30,578.0,138.0,3.8,19.0,444.0,403.11,317.13
2016,5,28,16,45,572.0,124.0,3.8,19.0,401.5,353.39,275.19
2016,5,28,17,0,566.0,110.0,3.8,19.0,359.0,303.63,232.12
2016,5,28,17,15,571.0,100.0,3.7,18.5,323.5,260.96,193.78
2016,5,28,17,30,576.0,90.0,3.6,18.0,288.0,217.26,153.96
2016,5,28,17,45,522.0,81.5,3.5,17.5,238.5,163.87,109.16
2016,5,28,18,0,468.0,73.0,3.4,17.0,189.0,116.76,72.27
2016,5,28,18,15,389.5,62.0,3.2,16.5,144.0,71.26,42.24
2016,5,28,18,30,311.0,51.0,3.0,16.0,99.0,38.96,28.27
2016,5,28,18,45,204.5,36.5,2.9,15.5,63.0,28.35,18.11
2016,5,28,19,0,98.0,22.0,2.8,15.0,27.0,17.32,1.59
2016,5,28,19,15,49.0,11.0,2.75,14.5,13.5,10.48,0.0
2016,5,28,19,30,0.0,0.0,2.7,14.0,0.0,0.0,0.0
2016,5,28,19,45,0.0,0.0,2.65,14.0,0.0,0.0,0.0
2016,5,28,20,0,0.0,0.0,2.6,14.0,0.0,0.0,0.0
2016,5,28,20,15,0.0,0.0,2.6,13.5,0.0,0.0,0.0
2016,5,28,20,30,0.0,0.0,2.6,13.0,0.0,0.0,0.0
2016,5,28,20,45,0.0,0.0,2.65,13.0,0.0,0.0,0.0
2016,5,28,21,0,0.0,0.0,2.7,13.0,0.0,0.0,0.0
2016,5,28,21,15,0.0,0.0,2.7,13.0,0.0,0.0,0.0
2016,5,28,21,30,0.0,0.0,2.7,13.0,0.0,0.0,0.0
2016,5,28,21,45,0.0,0.0,2.75,13.0,0.0,0.0,0.0
2016,5,28,22,0,0.0,0.0,2.8,13.0,0.0,0.0,0.0
2016,5,28,22,15,0.0,0.0,2.8,12.5,0.0,0.0,0.0
2016,5,28,22,30,0.0,0.0,2.8,12.0,0.0,0.0,0.0
2016,5,28,22,45,0.0,0.0,2.8,12.0,0.0,0.0,0.0
2016,5,28,23,0,0.0,0.0,2.8,12.0,0.0,0.0,0.0
2016,5,28,23,15,0.0,0.0,2.7,12.0,0.0,0.0,0.0
2016,5,28,23,30,0.0,0.0,2.6,12.0,0.0,0.0,0.0
2016,5,28,23,45,0.0,0.0,2.55,12.0,0.0,0.0,0.0
2016,5,29,0,0,0.0,0.0,2.5,12.0,0.0,0.0,0.0
2016,5,29,0,15,0.0,0.0,2.45,11.5,0.0,0.0,0.0
2016,5,29,0,30,0.0,0.0,2.4,11.0,0.0,0.0,0.0
2016,5,29,0,45,0.0,0.0,2.35,11.0,0.0,0.0,0.0
2016,5,29,1,0,0.0,0.0,2.3,11.0,0.0,0.0,0.0
2016,5,29,1,15,0.0,0.0,2.25,11.0,0.0,0.0,0.0
2016,5,29,1,30,0.0,0.0,2.2,11.0,0.0,0.0,0.0
2016,5,29,1,45,0.0,0.0,2.2,11.0,0.0,0.0,0.0
2016,5,29,2,0,0.0,0.0,2.2,11.0,0.0,0.0,0.0
2016,5,29,2,15,0.0,0.0,2.15,11.0,0.0,0.0,0.0
2016,5,29,2,30,0.0,0.0,2.1,11.0,0.0,0.0,0.0
2016,5,29,2,45,0.0,0.0,2.1,11.0,0.0,0.0,0.0
2016,5,29,3,0,0.0,0.0,2.1,11.0,0.0,0.0,0.0
2016,5,29,3,15,0.0,0.0,2.05,11.0,0.0,0.0,0.0
2016,5,29,3,30,0.0,0.0,2.0,11.0,0.0,0.0,0.0
2016,5,29,3,45,0.0,0.0,2.0,11.0,0.0,0.0,0.0
2016,5,29,4,0,0.0,0.0,2.0,11.0,0.0,0.0,0.0
2016,5,29,4,15,0.0,0.0,2.0,11.0,0.0,0.0,0.0
2016,5,29,4,30,0.0,0.0,2.0,11.0,0.0,0.0,0.0
2016,5,29,4,45,0.0,0.0,2.05,11.0,0.0,0.0,0.0
2016,5,29,5,0,0.0,0.0,2.1,11.0,0.0,0.0,0.0
2016,5,29,5,15,117.0,19.0,2.1,11.5,31.5,14.84,1.74
2016,5,29,5,30,234.0,38.0,2.1,12.0,63.0,29.54,19.56
2016,5,29,5,45,329.5,49.5,2.1,12.5,105.5,37.73,27.69
2016,5,29,6,0,425.0,61.0,2.1,13.0,148.0,74.66,44.28
2016,5,29,6,15,490.0,69.5,2.0,13.0,196.0,117.37,72.91
2016,5,29,6,30,555.0,78.0,1.9,13.0,244.0,167.84,112.96
2016,5,29,6,45,601.0,84.5,1.8,13.5,295.0,219.54,157.32
2016,5,29,7,0,647.0,91.0,1.7,14.0,346.0,276.25,206.62
2016,5,29,7,15,680.5,96.0,1.65,14.5,397.5,331.91,255.02
2016,5,29,7,30,714.0,101.0,1.6,15.0,449.0,390.57,304.62
2016,5,29,7,45,739.5,105.5,1.55,15.5,499.0,447.75,351.6
2016,5,29,8,0,765.0,110.0,1.5,16.0,549.0,507.27,398.61
2016,5,29,8,15,784.0,113.5,1.55,16.0,596.5,562.24,441.91
2016,5,29,8,30,803.0,117.0,1.6,16.0,644.0,617.45,484.2
2016,5,29,8,45,817.5,120.0,1.7,16.5,687.5,669.12,522.18
2016,5,29,9,0,832.0,123.0,1.8,17.0,731.0,720.02,558.64
2016,5,29,9,15,843.5,125.5,1.85,17.0,770.0,767.14,591.0
2016,5,29,9,30,855.0,128.0,1.9,17.0,809.0,812.7,621.61
2016,5,29,9,45,861.5,131.5,2.0,17.5,841.5,848.88,644.75
2016,5,29,10,0,868.0,135.0,2.1,18.0,874.0,886.54,668.79
2016,5,29,10,15,874.5,136.5,2.15,18.0,901.0,919.7,690.4
2016,5,29,10,30,881.0,138.0,2.2,18.0,928.0,950.15,710.16
2016,5,29,10,45,883.0,140.5,2.3,18.5,947.5,974.49,725.02
2016,5,29,11,0,885.0,143.0,2.4,19.0,967.0,995.63,737.81
2016,5,29,11,15,887.5,144.0,2.45,19.0,980.0,1012.53,748.77
2016,5,29,11,30,890.0,145.0,2.5,19.0,993.0,1026.11,757.67
2016,5,29,11,45,888.5,147.0,2.55,19.0,997.5,1033.34,762.55
2016,5,29,12,0,887.0,149.0,2.6,19.0,1002.0,1037.12,765.37
2016,5,29,12,15,887.0,149.0,2.65,19.0,1000.5,1037.07,765.81
2016,5,29,12,30,887.0,149.0,2.7,19.0,999.0,1033.61,764.17
2016,5,29,12,45,878.5,152.5,2.75,19.0,987.5,1021.75,757.14
2016,5,29,13,0,870.0,156.0,2.8,19.0,976.0,1006.69,748.13
2016,5,29,13,15,866.5,155.0,2.9,19.0,959.5,989.0,737.88
2016,5,29,13,30,863.0,154.0,3.0,19.0,943.0,968.16,725.5
2016,5,29,13,45,859.0,151.5,3.1,19.0,920.0,949.28,714.41
2016,5,29,14,0,855.0,149.0,3.2,19.0,897.0,919.93,696.11
2016,5,29,14,15,847.0,147.0,3.3,19.0,867.0,884.86,673.76
2016,5,29,14,30,839.0,145.0,3.4,19.0,837.0,847.4,649.53
2016,5,29,14,45,831.5,141.0,3.5,19.0,801.5,806.15,622.31
2016,5,29,15,0,824.0,137.0,3.6,19.0,766.0,762.88,593.3
2016,5,29,15,15,810.5,134.0,3.6,18.5,724.5,714.57,559.97
2016,5,29,15,30,797.0,131.0,3.6,18.0,683.0,665.19,524.28
2016,5,29,15,45,782.0,126.5,3.65,18.0,638.0,612.61,484.42
2016,5,29,16,0,767.0,122.0,3.7,18.0,593.0,559.65,443.17
2016,5,29,16,15,601.5,151.5,3.7,17.5,503.0,461.37,366.01
2016,5,29,16,30,436.0,181.0,3.7,17.0,413.0,376.3,298.39
2016,5,29,16,45,428.0,162.5,3.75,17.0,371.0,329.33,259.44
2016,5,29,17,0,420.0,144.0,3.8,17.0,329.0,282.81,219.75
2016,5,29,17,15,502.5,117.0,3.85,16.5,310.5,255.52,192.8
2016,5,29,17,30,585.0,90.0,3.9,16.0,292.0,219.84,157.1
2016,5,29,17,45,530.5,81.5,4.0,16.0,242.5,165.82,111.16
2016,5,29,18,0,476.0,73.0,4.1,16.0,193.0,118.13,73.37
2016,5,29,18,15,397.0,62.5,4.1,15.5,147.5,72.54,43.12
2016,5,29,18,30,318.0,52.0,4.1,15.0,102.0,39.71,29.07
2016,5,29,18,45,207.5,37.5,4.1,14.5,65.5,29.12,18.92
2016,5,29,19,0,97.0,23.0,4.1,14.0,29.0,19.11,3.47
2016,5,29,19,15,48.5,11.5,4.05,13.5,14.5,10.96,0.0
2016,5,29,19,30,0.0,0.0,4.0,13.0,0.0,0.0,0.0
2016,5,29,19,45,0.0,0.0,4.0,13.0,0.0,0.0,0.0
2016,5,29,20,0,0.0,0.0,4.0,13.0,0.0,0.0,0.0
2016,5,29,20,15,0.0,0.0,3.9,12.5,0.0,0.0,0.0
2016,5,29,20,30,0.0,0.0,3.8,12.0,0.0,0.0,0.0
2016,5,29,20,45,0.0,0.0,3.7,12.0,0.0,0.0,0.0
2016,5,29,21,0,0.0,0.0,3.6,12.0,0.0,0.0,0.0
2016,5,29,21,15,0.0,0.0,3.5,12.0,0.0,0.0,0.0
2016,5,29,21,30,0.0,0.0,3.4,12.0,0.0,0.0,0.0
2016,5,29,21,45,0.0,0.0,3.35,12.0,0.0,0.0,0.0
2016,5,29,22,0,0.0,0.0,3.3,12.0,0.0,0.0,0.0
2016,5,29,22,15,0.0,0.0,3.2,11.5,0.0,0.0,0.0
2016,5,29,22,30,0.0,0.0,3.1,11.0,0.0,0.0,0.0
2016,5,29,22,45,0.0,0.0,3.05,11.0,0.0,0.0,0.0
2016,5,29,23,0,0.0,0.0,3.0,11.0,0.0,0.0,0.0
2016,5,29,23,15,0.0,0.0,2.95,11.0,0.0,0.0,0.0
2016,5,29,23,30,0.0,0.0,2.9,11.0,0.0,0.0,0.0
2016,5,29,23,45,0.0,0.0,2.85,11.0,0.0,0.0,0.0
2016,5,30,0,0,0.0,0.0,2.8,11.0,0.0,0.0,0.0
2016,5,30,0,15,0.0,0.0,2.75,11.0,0.0,0.0,0.0
2016,5,30,0,30,0.0,0.0,2.7,11.0,0.0,0.0,0.0
2016,5,30,0,45,0.0,0.0,2.7,11.0,0.0,0.0,0.0
2016,5,30,1,0,0.0,0.0,2.7,11.0,0.0,0.0,0.0
2016,5,30,1,15,0.0,0.0,2.65,11.0,0.0,0.0,0.0
2016,5,30,1,30,0.0,0.0,2.6,11.0,0.0,0.0,0.0
2016,5,30,1,45,0.0,0.0,2.55,11.0,0.0,0.0,0.0
2016,5,30,2,0,0.0,0.0,2.5,11.0,0.0,0.0,0.0
2016,5,30,2,15,0.0,0.0,2.45,10.5,0.0,0.0,0.0
2016,5,30,2,30,0.0,0.0,2.4,10.0,0.0,0.0,0.0
2016,5,30,2,45,0.0,0.0,2.35,10.0,0.0,0.0,0.0
2016,5,30,3,0,0.0,0.0,2.3,10.0,0.0,0.0,0.0
2016,5,30,3,15,0.0,0.0,2.2,10.0,0.0,0.0,0.0
2016,5,30,3,30,0.0,0.0,2.1,10.0,0.0,0.0,0.0
2016,5,30,3,45,0.0,0.0,2.05,10.0,0.0,0.0,0.0
2016,5,30,4,0,0.0,0.0,2.0,10.0,0.0,0.0,0.0
2016,5,30,4,15,0.0,0.0,1.95,10.0,0.0,0.0,0.0
2016,5,30,4,30,0.0,0.0,1.9,10.0,0.0,0.0,0.0
2016,5,30,4,45,0.0,0.0,1.9,10.5,0.0,0.0,0.0
2016,5,30,5,0,0.0,0.0,1.9,11.0,0.0,0.0,0.0
2016,5,30,5,15,128.5,18.5,1.9,11.5,32.5,14.43,1.92
2016,5,30,5,30,257.0,37.0,1.9,12.0,65.0,28.73,18.91
2016,5,30,5,45,354.0,48.0,1.95,12.5,108.0,37.39,27.42
2016,5,30,6,0,451.0,59.0,2.0,13.0,151.0,74.17,43.05
2016,5,30,6,15,514.5,66.5,1.95,13.0,199.5,117.31,71.79
2016,5,30,6,30,578.0,74.0,1.9,13.0,248.0,168.0,112.1
2016,5,30,6,45,362.5,116.5,1.85,13.5,233.0,191.11,142.42
2016,5,30,7,0,147.0,159.0,1.8,14.0,218.0,188.8,148.82
2016,5,30,7,15,212.0,176.0,1.8,14.5,273.0,237.38,187.84
2016,5,30,7,30,277.0,193.0,1.8,15.0,328.0,294.66,233.71
2016,5,30,7,45,533.0,147.0,1.8,15.5,441.0,389.67,308.54
2016,5,30,8,0,789.0,101.0,1.8,16.0,554.0,510.38,402.72
2016,5,30,8,15,807.5,104.0,1.85,16.0,601.5,565.71,446.19
2016,5,30,8,30,826.0,107.0,1.9,16.0,649.0,621.18,488.98
2016,5,30,8,45,840.5,109.5,1.95,16.5,693.0,673.34,527.23
2016,5,30,9,0,855.0,112.0,2.0,17.0,737.0,722.4,562.08
2016,5,30,9,15,865.5,114.5,2.05,17.5,775.5,769.1,592.82
2016,5,30,9,30,876.0,117.0,2.1,18.0,814.0,814.1,621.93
2016,5,30,9,45,883.5,119.0,2.15,18.5,847.5,854.22,647.3
2016,5,30,10,0,891.0,121.0,2.2,19.0,881.0,891.99,670.81
2016,5,30,10,15,897.5,122.5,2.2,19.0,908.0,925.82,692.31
2016,5,30,10,30,904.0,124.0,2.2,19.0,935.0,956.88,711.86
2016,5,30,10,45,908.0,125.0,2.25,19.5,955.0,982.16,726.7
2016,5,30,11,0,912.0,126.0,2.3,20.0,975.0,1004.26,739.48
2016,5,30,11,15,914.5,126.5,2.3,20.0,988.0,1021.12,749.76
2016,5,30,11,30,917.0,127.0,2.3,20.0,1001.0,1034.56,757.94
2016,5,30,11,45,917.5,127.5,2.3,20.0,1006.0,1042.57,762.74
2016,5,30,12,0,918.0,128.0,2.3,20.0,1011.0,1047.05,765.43
2016,5,30,12,15,683.5,266.5,2.3,20.0,923.5,966.77,713.13
2016,5,30,12,30,449.0,405.0,2.3,20.0,836.0,867.76,640.53
2016,5,30,12,45,679.0,267.0,2.35,20.0,911.5,954.12,707.25
2016,5,30,13,0,909.0,129.0,2.4,20.0,987.0,1018.06,749.41
2016,5,30,13,15,905.5,128.0,2.45,20.0,970.5,999.8,737.79
2016,5,30,13,30,902.0,127.0,2.5,20.0,954.0,978.26,724.87
2016,5,30,13,45,897.5,125.5,2.6,20.0,930.0,952.12,709.35
2016,5,30,14,0,893.0,124.0,2.7,20.0,906.0,922.97,691.69
2016,5,30,14,15,886.0,122.5,2.8,20.0,876.0,888.8,670.44
2016,5,30,14,30,879.0,121.0,2.9,20.0,846.0,852.08,647.19
2016,5,30,14,45,870.0,118.0,3.0,20.0,810.0,809.93,619.85
2016,5,30,15,0,861.0,115.0,3.1,20.0,774.0,765.77,590.68
2016,5,30,15,15,848.5,113.0,3.1,19.5,732.5,718.31,559.3
2016,5,30,15,30,836.0,111.0,3.1,19.0,691.0,671.38,525.76
2016,5,30,15,45,821.0,107.5,3.15,19.0,646.0,618.11,485.75
2016,5,30,16,0,806.0,104.0,3.2,19.0,601.0,564.37,444.24
2016,5,30,16,15,785.0,100.5,3.15,18.5,552.0,507.34,399.49
2016,5,30,16,30,764.0,97.0,3.1,18.0,503.0,451.01,353.84
2016,5,30,16,45,737.5,92.5,3.1,18.0,452.5,392.47,304.52
2016,5,30,17,0,711.0,88.0,3.1,18.0,402.0,334.21,254.22
2016,5,30,17,15,674.0,83.0,3.0,17.5,350.5,275.94,203.55
2016,5,30,17,30,637.0,78.0,2.9,17.0,299.0,221.32,155.59
2016,5,30,17,45,585.0,71.5,2.85,17.0,249.0,166.59,108.93
2016,5,30,18,0,533.0,65.0,2.8,17.0,199.0,117.79,70.23
2016,5,30,18,15,456.5,56.0,2.7,16.5,153.0,71.47,40.02
2016,5,30,18,30,380.0,47.0,2.6,16.0,107.0,36.48,26.17
2016,5,30,18,45,265.0,35.0,2.55,15.5,69.5,27.12,17.24
2016,5,30,19,0,150.0,23.0,2.5,15.0,32.0,18.11,3.84
2016,5,30,19,15,75.0,11.5,2.5,14.5,16.0,10.96,0.0
2016,5,30,19,30,0.0,0.0,2.5,14.0,0.0,0.0,0.0
2016,5,30,19,45,0.0,0.0,2.5,14.0,0.0,0.0,0.0
2016,5,30,20,0,0.0,0.0,2.5,14.0,0.0,0.0,0.0
2016,5,30,20,15,0.0,0.0,2.45,13.5,0.0,0.0,0.0
2016,5,30,20,30,0.0,0.0,2.4,13.0,0.0,0.0,0.0
2016,5,30,20,45,0.0,0.0,2.35,13.0,0.0,0.0,0.0
2016,5,30,21,0,0.0,0.0,2.3,13.0,0.0,0.0,0.0
2016,5,30,21,15,0.0,0.0,2.3,13.0,0.0,0.0,0.0
2016,5,30,21,30,0.0,0.0,2.3,13.0,0.0,0.0,0.0
2016,5,30,21,45,0.0,0.0,2.3,13.0,0.0,0.0,0.0
2016,5,30,22,0,0.0,0.0,2.3,13.0,0.0,0.0,0.0
2016,5,30,22,15,0.0,0.0,2.3,12.5,0.0,0.0,0.0
2016,5,30,22,30,0.0,0.0,2.3,12.0,0.0,0.0,0.0
2016,5,30,22,45,0.0,0.0,2.35,12.0,0.0,0.0,0.0
2016,5,30,23,0,0.0,0.0,2.4,12.0,0.0,0.0,0.0
2016,5,30,23,15,0.0,0.0,2.4,12.0,0.0,0.0,0.0
2016,5,30,23,30,0.0,0.0,2.4,12.0,0.0,0.0,0.0
2016,5,30,23,45,0.0,0.0,2.45,12.0,0.0,0.0,0.0
2016,5,31,0,0,0.0,0.0,2.5,12.0,0.0,0.0,0.0
2016,5,31,0,15,0.0,0.0,2.45,12.0,0.0,0.0,0.0
2016,5,31,0,30,0.0,0.0,2.4,12.0,0.0,0.0,0.0
2016,5,31,0,45,0.0,0.0,2.4,12.0,0.0,0.0,0.0
2016,5,31,1,0,0.0,0.0,2.4,12.0,0.0,0.0,0.0
2016,5,31,1,15,0.0,0.0,2.35,11.5,0.0,0.0,0.0
2016,5,31,1,30,0.0,0.0,2.3,11.0,0.0,0.0,0.0
2016,5,31,1,45,0.0,0.0,2.25,11.0,0.0,0.0,0.0
2016,5,31,2,0,0.0,0.0,2.2,11.0,0.0,0.0,0.0
2016,5,31,2,15,0.0,0.0,2.15,11.0,0.0,0.0,0.0
2016,5,31,2,30,0.0,0.0,2.1,11.0,0.0,0.0,0.0
2016,5,31,2,45,0.0,0.0,2.05,11.0,0.0,0.0,0.0
2016,5,31,3,0,0.0,0.0,2.0,11.0,0.0,0.0,0.0
2016,5,31,3,15,0.0,0.0,2.0,11.0,0.0,0.0,0.0
2016,5,31,3,30,0.0,0.0,2.0,11.0,0.0,0.0,0.0
2016,5,31,3,45,0.0,0.0,2.0,11.0,0.0,0.0,0.0
2016,5,31,4,0,0.0,0.0,2.0,11.0,0.0,0.0,0.0
2016,5,31,4,15,0.0,0.0,2.0,11.0,0.0,0.0,0.0
2016,5,31,4,30,0.0,0.0,2.0,11.0,0.0,0.0,0.0
2016,5,31,4,45,0.0,0.0,2.0,11.5,0.0,0.0,0.0
2016,5,31,5,0,0.0,0.0,2.0,12.0,0.0,0.0,0.0
2016,5,31,5,15,136.0,18.5,2.05,12.0,33.5,14.43,2.23
2016,5,31,5,30,272.0,37.0,2.1,12.0,67.0,28.72,18.94
2016,5,31,5,45,364.5,47.5,2.15,12.5,109.5,36.88,26.97
2016,5,31,6,0,457.0,58.0,2.2,13.0,152.0,73.46,42.28
2016,5,31,6,15,520.5,66.0,2.1,13.5,201.0,117.39,71.48
2016,5,31,6,30,584.0,74.0,2.0,14.0,250.0,168.85,112.14
2016,5,31,6,45,628.5,79.5,1.9,14.5,301.0,220.85,156.83
2016,5,31,7,0,673.0,85.0,1.8,15.0,352.0,277.65,206.31
2016,5,31,7,15,456.0,142.0,1.75,15.5,334.0,293.89,227.78
2016,5,31,7,30,239.0,199.0,1.7,16.0,316.0,284.51,224.71
2016,5,31,7,45,514.0,150.0,1.7,16.5,436.0,383.41,302.37
2016,5,31,8,0,789.0,101.0,1.7,17.0,556.0,509.92,400.48
2016,5,31,8,15,808.0,104.5,1.75,17.0,603.5,566.0,444.2
2016,5,31,8,30,827.0,108.0,1.8,17.0,651.0,622.28,487.31
2016,5,31,8,45,842.0,110.0,1.85,17.5,695.0,674.29,525.24
2016,5,31,9,0,857.0,112.0,1.9,18.0,739.0,723.26,559.85
2016,5,31,9,15,868.0,114.5,1.9,18.5,778.0,770.41,590.3
2016,5,31,9,30,879.0,117.0,1.9,19.0,817.0,815.89,619.07
2016,5,31,9,45,890.0,117.0,1.95,19.5,851.5,857.02,644.88
2016,5,31,10,0,901.0,117.0,2.0,20.0,886.0,896.02,669.0
2016,5,31,10,15,907.5,118.5,2.0,20.0,913.0,930.16,690.43
2016,5,31,10,30,914.0,120.0,2.0,20.0,940.0,961.49,709.92
2016,5,31,10,45,918.5,121.0,2.05,20.5,960.5,987.47,725.08
2016,5,31,11,0,923.0,122.0,2.1,21.0,981.0,1010.27,738.18
2016,5,31,11,15,925.5,122.5,2.1,21.0,994.5,1027.32,748.45
2016,5,31,11,30,928.0,123.0,2.1,21.0,1008.0,1040.92,756.62
2016,5,31,11,45,929.5,123.0,2.1,21.0,1014.0,1049.53,761.74
2016,5,31,12,0,931.0,123.0,2.1,21.0,1020.0,1054.6,764.76
2016,5,31,12,15,931.0,123.0,2.15,21.0,1018.5,1054.62,765.34
2016,5,31,12,30,931.0,123.0,2.2,21.0,1017.0,1051.06,763.81
2016,5,31,12,45,933.5,120.0,2.25,21.5,1009.0,1043.42,758.34
2016,5,31,13,0,936.0,117.0,2.3,22.0,1001.0,1032.15,750.68
2016,5,31,13,15,933.0,116.5,2.4,22.0,984.5,1014.49,740.98
2016,5,31,13,30,930.0,116.0,2.5,22.0,968.0,993.43,729.08
2016,5,31,13,45,924.5,115.0,2.6,22.0,944.0,966.29,713.11
2016,5,31,14,0,919.0,114.0,2.7,22.0,920.0,936.1,695.01
2016,5,31,14,15,912.5,113.0,2.8,22.0,890.0,902.15,674.19
2016,5,31,14,30,906.0,112.0,2.9,22.0,860.0,865.52,651.31
2016,5,31,14,45,896.5,110.5,3.0,22.0,824.0,823.55,624.43
2016,5,31,15,0,887.0,109.0,3.1,22.0,788.0,779.53,595.73
2016,5,31,15,15,875.5,106.5,3.15,21.5,746.5,731.28,564.41
2016,5,31,15,30,864.0,104.0,3.2,21.0,705.0,681.61,529.86
2016,5,31,15,45,848.0,101.5,3.25,21.0,659.0,629.07,490.62
2016,5,31,16,0,832.0,99.0,3.3,21.0,613.0,574.52,448.78
2016,5,31,16,15,812.0,96.0,3.25,20.5,564.0,517.24,404.16
2016,5,31,16,30,792.0,93.0,3.2,20.0,515.0,460.5,358.47
2016,5,31,16,45,765.5,89.0,3.2,20.0,463.5,400.97,308.66
2016,5,31,17,0,739.0,85.0,3.2,20.0,412.0,343.28,259.02
2016,5,31,17,15,702.5,80.0,3.15,19.5,360.0,282.02,206.24
2016,5,31,17,30,666.0,75.0,3.1,19.0,308.0,225.9,157.22
2016,5,31,17,45,614.5,69.0,3.05,18.5,257.0,170.03,109.96
2016,5,31,18,0,563.0,63.0,3.0,18.0,206.0,120.0,70.48
2016,5,31,18,15,486.5,55.0,2.95,17.5,159.0,72.76,39.81
2016,5,31,18,30,410.0,47.0,2.9,17.0,112.0,36.41,26.02
2016,5,31,18,45,291.0,35.5,2.85,16.5,73.5,28.24,18.16
2016,5,31,19,0,172.0,24.0,2.8,16.0,35.0,18.91,4.99
2016,5,31,19,15,86.0,12.0,2.75,15.5,17.5,11.44,0.0
2016,5,31,19,30,0.0,0.0,2.7,15.0,0.0,0.0,0.0
2016,5,31,19,45,0.0,0.0,2.65,15.0,0.0,0.0,0.0
2016,5,31,20,0,0.0,0.0,2.6,15.0,0.0,0.0,0.0
2016,5,31,20,15,0.0,0.0,2.55,14.5,0.0,0.0,0.0
2016,5,31,20,30,0.0,0.0,2.5,14.0,0.0,0.0,0.0
2016,5,31,20,45,0.0,0.0,2.45,14.0,0.0,0.0,0.0
2016,5,31,21,0,0.0,0.0,2.4,14.0,0.0,0.0,0.0
2016,5,31,21,15,0.0,0.0,2.4,13.5,0.0,0.0,0.0
2016,5,31,21,30,0.0,0.0,2.4,13.0,0.0,0.0,0.0
2016,5,31,21,45,0.0,0.0,2.4,13.0,0.0,0.0,0.0
2016,5,31,22,0,0.0,0.0,2.4,13.0,0.0,0.0,0.0
2016,5,31,22,15,0.0,0.0,2.35,13.0,0.0,0.0,0.0
2016,5,31,22,30,0.0,0.0,2.3,13.0,0.0,0.0,0.0
2016,5,31,22,45,0.0,0.0,2.3,13.0,0.0,0.0,0.0
2016,5,31,23,0,0.0,0.0,2.3,13.0,0.0,0.0,0.0
2016,5,31,23,15,0.0,0.0,2.25,13.0,0.0,0.0,0.0
2016,5,31,23,30,0.0,0.0,2.2,13.0,0.0,0.0,0.0
2016,5,31,23,45,0.0,0.0,2.2,13.0,0.0,0.0,0.0
2016,6,1,0,0,0.0,0.0,2.2,13.0,0.0,0.0,0.0
2016,6,1,0,15,0.0,0.0,2.15,12.5,0.0,0.0,0.0
2016,6,1,0,30,0.0,0.0,2.1,12.0,0.0,0.0,0.0
2016,6,1,0,45,0.0,0.0,2.05,12.0,0.0,0.0,0.0
2016,6,1,1,0,0.0,0.0,2.0,12.0,0.0,0.0,0.0
2016,6,1,1,15,0.0,0.0,2.0,12.0,0.0,0.0,0.0
2016,6,1,1,30,0.0,0.0,2.0,12.0,0.0,0.0,0.0
2016,6,1,1,45,0.0,0.0,2.0,12.0,0.0,0.0,0.0
2016,6,1,2,0,0.0,0.0,2.0,12.0,0.0,0.0,0.0
2016,6,1,2,15,0.0,0.0,2.05,12.0,0.0,0.0,0.0
2016,6,1,2,30,0.0,0.0,2.1,12.0,0.0,0.0,0.0
2016,6,1,2,45,0.0,0.0,2.15,12.0,0.0,0.0,0.0
2016,6,1,3,0,0.0,0.0,2.2,12.0,0.0,0.0,0.0
2016,6,1,3,15,0.0,0.0,2.25,11.5,0.0,0.0,0.0
2016,6,1,3,30,0.0,0.0,2.3,11.0,0.0,0.0,0.0
2016,6,1,3,45,0.0,0.0,2.4,11.0,0.0,0.0,0.0
2016,6,1,4,0,0.0,0.0,2.5,11.0,0.0,0.0,0.0
2016,6,1,4,15,0.0,0.0,2.55,11.0,0.0,0.0,0.0
2016,6,1,4,30,0.0,0.0,2.6,11.0,0.0,0.0,0.0
2016,6,1,4,45,15.5,4.5,2.7,11.5,5.0,0.0,0.0
2016,6,1,5,0,31.0,9.0,2.8,12.0,10.0,8.58,0.0
2016,6,1,5,15,161.0,23.0,2.9,12.5,40.0,18.09,4.54
2016,6,1,5,30,291.0,37.0,3.0,13.0,70.0,29.71,19.71
2016,6,1,5,45,383.0,48.0,3.15,13.5,113.5,37.32,27.24
2016,6,1,6,0,475.0,59.0,3.3,14.0,157.0,75.26,43.09
2016,6,1,6,15,538.5,66.5,3.2,14.0,206.5,119.75,72.61
2016,6,1,6,30,602.0,74.0,3.1,14.0,256.0,171.77,113.99
2016,6,1,6,45,375.5,117.0,3.05,14.5,237.5,194.21,144.31
2016,6,1,7,0,149.0,160.0,3.0,15.0,219.0,190.04,149.6
2016,6,1,7,15,194.0,179.5,2.9,15.0,267.5,233.92,185.55
2016,6,1,7,30,239.0,199.0,2.8,15.0,316.0,284.3,226.63
2016,6,1,7,45,524.0,150.0,2.75,15.5,441.5,387.67,308.58
2016,6,1,8,0,809.0,101.0,2.7,16.0,567.0,519.73,412.49
2016,6,1,8,15,827.5,104.0,2.65,16.0,615.0,576.03,456.94
2016,6,1,8,30,846.0,107.0,2.6,16.0,663.0,632.43,500.51
2016,6,1,8,45,861.0,109.5,2.6,16.5,707.5,685.81,539.81
2016,6,1,9,0,876.0,112.0,2.6,17.0,752.0,736.14,575.56
2016,6,1,9,15,886.5,114.0,2.55,17.0,792.0,783.19,607.26
2016,6,1,9,30,897.0,116.0,2.5,17.0,832.0,828.51,637.28
2016,6,1,9,45,907.5,116.5,2.5,17.5,866.0,870.37,663.62
2016,6,1,10,0,918.0,117.0,2.5,18.0,900.0,910.01,688.1
2016,6,1,10,15,924.0,118.5,2.5,18.0,928.0,944.21,709.95
2016,6,1,10,30,930.0,120.0,2.5,18.0,956.0,975.52,729.8
2016,6,1,10,45,932.5,122.0,2.5,18.5,976.0,1001.0,744.3
2016,6,1,11,0,935.0,124.0,2.5,19.0,996.0,1023.16,756.61
2016,6,1,11,15,937.5,125.0,2.5,19.0,1009.5,1040.9,767.5
2016,6,1,11,30,940.0,126.0,2.5,19.0,1023.0,1055.16,776.23
2016,6,1,11,45,939.0,128.0,2.55,19.0,1028.0,1063.39,781.74
2016,6,1,12,0,938.0,130.0,2.6,19.0,1033.0,1068.0,785.07
2016,6,1,12,15,600.0,302.0,2.65,19.0,879.5,917.47,683.82
2016,6,1,12,30,262.0,474.0,2.7,19.0,726.0,743.85,555.81
2016,6,1,12,45,365.5,433.5,2.8,19.0,781.5,802.26,601.68
2016,6,1,13,0,469.0,393.0,2.9,19.0,837.0,864.34,647.6
2016,6,1,13,15,535.0,355.0,2.95,19.0,852.5,881.82,661.8
2016,6,1,13,30,601.0,317.0,3.0,19.0,868.0,894.61,673.15
2016,6,1,13,45,745.0,229.0,3.05,19.0,894.5,925.99,698.77
2016,6,1,14,0,889.0,141.0,3.1,19.0,921.0,935.92,706.4
2016,6,1,14,15,719.0,215.0,3.1,19.0,832.0,845.52,644.97
2016,6,1,14,30,549.0,289.0,3.1,19.0,743.0,750.18,574.76
2016,6,1,14,45,505.0,286.5,3.1,19.0,690.5,691.07,532.85
2016,6,1,15,0,461.0,284.0,3.1,19.0,638.0,633.6,491.15
2016,6,1,15,15,366.5,296.5,3.05,18.5,568.5,552.01,430.66
2016,6,1,15,30,272.0,309.0,3.0,18.0,499.0,482.87,378.37
2016,6,1,15,45,267.0,287.5,2.95,18.0,464.0,444.18,349.46
2016,6,1,16,0,262.0,266.0,2.9,18.0,429.0,405.48,319.88
2016,6,1,16,15,155.0,239.5,2.85,17.5,334.0,307.04,243.25
2016,6,1,16,30,48.0,213.0,2.8,17.0,239.0,220.89,175.34
2016,6,1,16,45,43.5,193.5,2.75,17.0,215.5,197.19,156.7
2016,6,1,17,0,39.0,174.0,2.7,17.0,192.0,174.04,138.16
2016,6,1,17,15,330.5,131.0,2.65,16.5,249.0,218.91,167.55
2016,6,1,17,30,622.0,88.0,2.6,16.0,306.0,228.25,162.5
2016,6,1,17,45,572.0,80.0,2.6,16.0,255.5,173.27,115.44
2016,6,1,18,0,522.0,72.0,2.6,16.0,205.0,124.04,76.12
2016,6,1,18,15,444.0,62.0,2.55,15.5,158.0,77.27,45.12
2016,6,1,18,30,366.0,52.0,2.5,15.0,111.0,40.96,30.24
2016,6,1,18,45,255.0,38.5,2.5,14.5,73.0,29.85,19.76
2016,6,1,19,0,144.0,25.0,2.5,14.0,35.0,19.68,6.2
2016,6,1,19,15,72.0,12.5,2.45,13.5,17.5,11.91,0.0
2016,6,1,19,30,0.0,0.0,2.4,13.0,0.0,0.0,0.0
2016,6,1,19,45,0.0,0.0,2.35,13.0,0.0,0.0,0.0
2016,6,1,20,0,0.0,0.0,2.3,13.0,0.0,0.0,0.0
2016,6,1,20,15,0.0,0.0,2.25,12.5,0.0,0.0,0.0
2016,6,1,20,30,0.0,0.0,2.2,12.0,0.0,0.0,0.0
2016,6,1,20,45,0.0,0.0,2.2,12.0,0.0,0.0,0.0
2016,6,1,21,0,0.0,0.0,2.2,12.0,0.0,0.0,0.0
2016,6,1,21,15,0.0,0.0,2.2,12.0,0.0,0.0,0.0
2016,6,1,21,30,0.0,0.0,2.2,12.0,0.0,0.0,0.0
2016,6,1,21,45,0.0,0.0,2.25,12.0,0.0,0.0,0.0
2016,6,1,22,0,0.0,0.0,2.3,12.0,0.0,0.0,0.0
2016,6,1,22,15,0.0,0.0,2.25,12.0,0.0,0.0,0.0
2016,6,1,22,30,0.0,0.0,2.2,12.0,0.0,0.0,0.0
2016,6,1,22,45,0.0,0.0,2.2,12.0,0.0,0.0,0.0
2016,6,1,23,0,0.0,0.0,2.2,12.0,0.0,0.0,0.0
2016,6,1,23,15,0.0,0.0,2.15,11.5,0.0,0.0,0.0
2016,6,1,23,30,0.0,0.0,2.1,11.0,0.0,0.0,0.0
2016,6,1,23,45,0.0,0.0,2.1,11.0,0.0,0.0,0.0
2016,6,2,0,0,0.0,0.0,2.1,11.0,0.0,0.0,0.0
2016,6,2,0,15,0.0,0.0,2.1,11.0,0.0,0.0,0.0
2016,6,2,0,30,0.0,0.0,2.1,11.0,0.0,0.0,0.0
2016,6,2,0,45,0.0,0.0,2.1,11.0,0.0,0.0,0.0
2016,6,2,1,0,0.0,0.0,2.1,11.0,0.0,0.0,0.0
2016,6,2,1,15,0.0,0.0,2.1,11.0,0.0,0.0,0.0
2016,6,2,1,30,0.0,0.0,2.1,11.0,0.0,0.0,0.0
2016,6,2,1,45,0.0,0.0,2.15,11.0,0.0,0.0,0.0
2016,6,2,2,0,0.0,0.0,2.2,11.0,0.0,0.0,0.0
2016,6,2,2,15,0.0,0.0,2.2,10.5,0.0,0.0,0.0
2016,6,2,2,30,0.0,0.0,2.2,10.0,0.0,0.0,0.0
2016,6,2,2,45,0.0,0.0,2.25,10.0,0.0,0.0,0.0
2016,6,2,3,0,0.0,0.0,2.3,10.0,0.0,0.0,0.0
2016,6,2,3,15,0.0,0.0,2.25,10.0,0.0,0.0,0.0
2016,6,2,3,30,0.0,0.0,2.2,10.0,0.0,0.0,0.0
2016,6,2,3,45,0.0,0.0,2.2,10.0,0.0,0.0,0.0
2016,6,2,4,0,0.0,0.0,2.2,10.0,0.0,0.0,0.0
2016,6,2,4,15,0.0,0.0,2.15,10.0,0.0,0.0,0.0
2016,6,2,4,30,0.0,0.0,2.1,10.0,0.0,0.0,0.0
2016,6,2,4,45,18.0,4.5,2.1,10.5,5.0,0.0,0.0
2016,6,2,5,0,36.0,9.0,2.1,11.0,10.0,8.58,0.0
2016,6,2,5,15,169.0,23.0,2.1,11.5,40.5,18.08,4.88
2016,6,2,5,30,302.0,37.0,2.1,12.0,71.0,29.68,19.81
2016,6,2,5,45,398.5,47.0,2.15,12.5,115.5,36.37,26.54
2016,6,2,6,0,495.0,57.0,2.2,13.0,160.0,74.38,41.92
2016,6,2,6,15,558.0,64.0,2.15,13.0,210.0,119.51,71.79
2016,6,2,6,30,621.0,71.0,2.1,13.0,260.0,172.07,113.66
2016,6,2,6,45,310.5,95.5,2.05,13.5,190.0,159.61,118.24
2016,6,2,7,0,0.0,120.0,2.0,14.0,120.0,110.64,88.13
2016,6,2,7,15,18.5,154.0,1.9,14.5,163.0,148.45,118.76
2016,6,2,7,30,37.0,188.0,1.8,15.0,206.0,189.38,151.43
2016,6,2,7,45,79.0,220.5,1.75,15.5,264.5,241.86,192.87
2016,6,2,8,0,121.0,253.0,1.7,16.0,323.0,301.64,239.43
2016,6,2,8,15,91.5,267.0,1.65,16.0,322.5,303.19,239.87
2016,6,2,8,30,62.0,281.0,1.6,16.0,322.0,304.05,239.66
2016,6,2,8,45,104.0,312.0,1.55,16.5,386.0,365.49,286.56
2016,6,2,9,0,146.0,343.0,1.5,17.0,450.0,435.48,338.47
2016,6,2,9,15,91.5,334.5,1.5,17.5,403.0,389.01,301.19
2016,6,2,9,30,37.0,326.0,1.5,18.0,356.0,342.34,263.96
2016,6,2,9,45,472.5,225.0,1.5,18.5,627.0,622.97,481.15
2016,6,2,10,0,908.0,124.0,1.5,19.0,898.0,907.73,676.38
2016,6,2,10,15,913.5,125.0,1.45,19.0,925.5,940.71,692.99
2016,6,2,10,30,919.0,126.0,1.4,19.0,953.0,970.81,710.55
2016,6,2,10,45,645.0,270.0,1.4,19.5,856.5,889.66,654.21
2016,6,2,11,0,371.0,414.0,1.4,20.0,760.0,775.57,569.84
2016,6,2,11,15,651.5,272.0,1.4,20.5,890.0,922.31,674.86
2016,6,2,11,30,932.0,130.0,1.4,21.0,1020.0,1050.73,753.84
2016,6,2,11,45,933.0,130.0,1.45,21.5,1025.5,1058.94,756.41
2016,6,2,12,0,934.0,130.0,1.5,22.0,1031.0,1063.59,758.47
2016,6,2,12,15,933.5,130.0,1.55,22.0,1028.5,1063.19,758.99
2016,6,2,12,30,933.0,130.0,1.6,22.0,1026.0,1059.22,757.44
2016,6,2,12,45,938.0,124.5,1.65,22.0,1018.5,1051.68,753.8
2016,6,2,13,0,943.0,119.0,1.7,22.0,1011.0,1040.44,747.94
2016,6,2,13,15,694.5,247.0,1.8,22.0,898.0,928.52,678.27
2016,6,2,13,30,446.0,375.0,1.9,22.0,785.0,806.02,592.79
2016,6,2,13,45,686.0,245.0,2.05,22.5,857.0,887.68,656.14
2016,6,2,14,0,926.0,115.0,2.2,23.0,929.0,943.27,693.18
2016,6,2,14,15,919.0,113.5,2.3,22.5,898.5,908.3,672.7
2016,6,2,14,30,912.0,112.0,2.4,22.0,868.0,870.68,650.94
2016,6,2,14,45,902.5,110.5,2.5,22.0,831.0,828.61,624.49
2016,6,2,15,0,893.0,109.0,2.6,22.0,794.0,784.47,596.18
2016,6,2,15,15,881.0,106.5,2.65,22.0,752.5,735.73,563.85
2016,6,2,15,30,869.0,104.0,2.7,22.0,711.0,685.6,528.49
2016,6,2,15,45,853.0,101.5,2.8,22.0,664.5,632.92,489.88
2016,6,2,16,0,837.0,99.0,2.9,22.0,618.0,578.22,448.6
2016,6,2,16,15,817.0,96.0,2.9,21.5,569.0,520.78,404.42
2016,6,2,16,30,797.0,93.0,2.9,21.0,520.0,463.86,359.09
2016,6,2,16,45,770.5,89.0,2.95,20.5,468.5,404.12,310.17
2016,6,2,17,0,744.0,85.0,3.0,20.0,417.0,346.21,261.15
2016,6,2,17,15,708.5,80.0,2.95,19.5,365.0,284.98,208.46
2016,6,2,17,30,673.0,75.0,2.9,19.0,313.0,228.78,159.37
2016,6,2,17,45,623.0,69.0,2.85,18.5,262.0,172.75,111.88
2016,6,2,18,0,573.0,63.0,2.8,18.0,211.0,122.35,71.92
2016,6,2,18,15,498.5,55.0,2.7,17.5,163.5,74.54,40.55
2016,6,2,18,30,424.0,47.0,2.6,17.0,116.0,36.21,25.89
2016,6,2,18,45,309.5,35.5,2.55,16.5,76.5,28.05,18.11
2016,6,2,19,0,195.0,24.0,2.5,16.0,37.0,19.41,6.51
2016,6,2,19,15,97.5,12.0,2.4,15.5,18.5,11.44,0.0
2016,6,2,19,30,0.0,0.0,2.3,15.0,0.0,0.0,0.0
2016,6,2,19,45,0.0,0.0,2.25,15.0,0.0,0.0,0.0
2016,6,2,20,0,0.0,0.0,2.2,15.0,0.0,0.0,0.0
2016,6,2,20,15,0.0,0.0,2.2,14.5,0.0,0.0,0.0
2016,6,2,20,30,0.0,0.0,2.2,14.0,0.0,0.0,0.0
2016,6,2,20,45,0.0,0.0,2.2,14.0,0.0,0.0,0.0
2016,6,2,21,0,0.0,0.0,2.2,14.0,0.0,0.0,0.0
2016,6,2,21,15,0.0,0.0,2.25,14.0,0.0,0.0,0.0
2016,6,2,21,30,0.0,0.0,2.3,14.0,0.0,0.0,0.0
2016,6,2,21,45,0.0,0.0,2.35,14.0,0.0,0.0,0.0
2016,6,2,22,0,0.0,0.0,2.4,14.0,0.0,0.0,0.0
2016,6,2,22,15,0.0,0.0,2.4,13.5,0.0,0.0,0.0
2016,6,2,22,30,0.0,0.0,2.4,13.0,0.0,0.0,0.0
2016,6,2,22,45,0.0,0.0,2.45,13.0,0.0,0.0,0.0
2016,6,2,23,0,0.0,0.0,2.5,13.0,0.0,0.0,0.0
2016,6,2,23,15,0.0,0.0,2.45,13.0,0.0,0.0,0.0
2016,6,2,23,30,0.0,0.0,2.4,13.0,0.0,0.0,0.0
2016,6,2,23,45,0.0,0.0,2.4,13.0,0.0,0.0,0.0
2016,6,3,0,0,0.0,0.0,2.4,13.0,0.0,0.0,0.0
2016,6,3,0,15,0.0,0.0,2.35,13.0,0.0,0.0,0.0
2016,6,3,0,30,0.0,0.0,2.3,13.0,0.0,0.0,0.0
2016,6,3,0,45,0.0,0.0,2.25,13.0,0.0,0.0,0.0
2016,6,3,1,0,0.0,0.0,2.2,13.0,0.0,0.0,0.0
2016,6,3,1,15,0.0,0.0,2.1,12.5,0.0,0.0,0.0
2016,6,3,1,30,0.0,0.0,2.0,12.0,0.0,0.0,0.0
2016,6,3,1,45,0.0,0.0,1.9,12.0,0.0,0.0,0.0
2016,6,3,2,0,0.0,0.0,1.8,12.0,0.0,0.0,0.0
2016,6,3,2,15,0.0,0.0,1.7,12.0,0.0,0.0,0.0
2016,6,3,2,30,0.0,0.0,1.6,12.0,0.0,0.0,0.0
2016,6,3,2,45,0.0,0.0,1.55,12.0,0.0,0.0,0.0
2016,6,3,3,0,0.0,0.0,1.5,12.0,0.0,0.0,0.0
2016,6,3,3,15,0.0,0.0,1.45,12.0,0.0,0.0,0.0
2016,6,3,3,30,0.0,0.0,1.4,12.0,0.0,0.0,0.0
2016,6,3,3,45,0.0,0.0,1.4,12.0,0.0,0.0,0.0
2016,6,3,4,0,0.0,0.0,1.4,12.0,0.0,0.0,0.0
2016,6,3,4,15,0.0,0.0,1.35,12.0,0.0,0.0,0.0
2016,6,3,4,30,0.0,0.0,1.3,12.0,0.0,0.0,0.0
2016,6,3,4,45,24.0,4.5,1.3,12.5,5.0,0.0,0.0
2016,6,3,5,0,48.0,9.0,1.3,13.0,10.0,8.58,0.0
2016,6,3,5,15,181.0,22.5,1.25,13.5,40.5,17.67,4.81
2016,6,3,5,30,314.0,36.0,1.2,14.0,71.0,28.68,18.83
2016,6,3,5,45,405.0,45.5,1.2,14.5,114.5,34.95,25.1
2016,6,3,6,0,496.0,55.0,1.2,15.0,158.0,72.42,39.94
2016,6,3,6,15,557.0,62.0,1.1,15.0,207.0,117.33,69.37
2016,6,3,6,30,618.0,69.0,1.0,15.0,256.0,169.42,110.36
2016,6,3,6,45,660.0,74.5,0.9,15.5,307.5,222.65,155.72
2016,6,3,7,0,702.0,80.0,0.8,16.0,359.0,280.35,205.33
2016,6,3,7,15,732.5,84.0,0.8,16.5,410.5,338.43,255.06
2016,6,3,7,30,763.0,88.0,0.8,17.0,462.0,397.25,304.06
2016,6,3,7,45,787.0,91.5,0.8,17.5,512.0,454.9,350.59
2016,6,3,8,0,811.0,95.0,0.8,18.0,562.0,513.82,396.34
2016,6,3,8,15,828.0,98.0,0.8,18.5,609.5,569.27,437.84
2016,6,3,8,30,845.0,101.0,0.8,19.0,657.0,624.68,477.78
2016,6,3,8,45,858.0,103.5,0.85,20.0,700.5,675.11,512.46
2016,6,3,9,0,871.0,106.0,0.9,21.0,744.0,725.54,545.62
2016,6,3,9,15,881.0,107.5,0.9,21.5,782.5,771.48,573.81
2016,6,3,9,30,891.0,109.0,0.9,22.0,821.0,815.67,600.33
2016,6,3,9,45,905.5,107.0,0.95,23.0,856.0,858.08,624.82
2016,6,3,10,0,920.0,105.0,1.0,24.0,891.0,898.57,647.66
2016,6,3,10,15,748.5,211.5,1.05,24.0,864.0,889.11,641.06
2016,6,3,10,30,577.0,318.0,1.1,24.0,837.0,857.04,616.88
2016,6,3,10,45,756.5,214.0,1.2,24.5,910.5,938.15,672.45
2016,6,3,11,0,936.0,110.0,1.3,25.0,984.0,1009.12,715.5
2016,6,3,11,15,938.5,110.5,1.45,25.0,997.0,1026.45,727.31
2016,6,3,11,30,941.0,111.0,1.6,25.0,1010.0,1040.3,737.68
2016,6,3,11,45,940.5,112.0,1.75,25.0,1015.5,1048.13,744.38
2016,6,3,12,0,940.0,113.0,1.9,25.0,1021.0,1052.37,748.91
2016,6,3,12,15,940.0,113.0,2.05,25.0,1019.0,1052.5,750.94
2016,6,3,12,30,940.0,113.0,2.2,25.0,1017.0,1049.04,750.75
2016,6,3,12,45,927.0,120.0,2.35,25.0,1004.5,1036.16,744.61
2016,6,3,13,0,914.0,127.0,2.5,25.0,992.0,1019.95,736.36
2016,6,3,13,15,911.0,126.0,2.6,25.0,976.0,1002.3,726.63
2016,6,3,13,30,908.0,125.0,2.7,25.0,960.0,981.34,714.71
2016,6,3,13,45,903.0,123.5,2.85,25.0,936.5,954.84,699.52
2016,6,3,14,0,898.0,122.0,3.0,25.0,913.0,925.33,682.17
2016,6,3,14,15,891.0,120.5,3.05,25.0,883.0,891.25,660.85
2016,6,3,14,30,884.0,119.0,3.1,25.0,853.0,854.6,637.63
2016,6,3,14,45,710.0,189.0,3.15,25.0,762.0,760.18,573.51
2016,6,3,15,0,536.0,259.0,3.2,25.0,671.0,665.91,504.37
2016,6,3,15,15,689.0,184.5,3.2,24.5,685.0,680.12,519.29
2016,6,3,15,30,842.0,110.0,3.2,24.0,699.0,675.61,519.42
2016,6,3,15,45,826.5,107.0,3.25,24.0,653.5,622.46,479.97
2016,6,3,16,0,811.0,104.0,3.3,24.0,608.0,568.87,439.36
2016,6,3,16,15,791.0,100.5,3.25,23.5,559.5,512.27,395.84
2016,6,3,16,30,771.0,97.0,3.2,23.0,511.0,456.25,351.33
2016,6,3,16,45,744.0,93.0,3.2,23.0,460.5,397.74,303.0
2016,6,3,17,0,717.0,89.0,3.2,23.0,410.0,339.5,253.7
2016,6,3,17,15,681.0,84.0,3.1,22.5,358.5,281.24,204.0
2016,6,3,17,30,645.0,79.0,3.0,22.0,307.0,226.47,156.77
2016,6,3,17,45,595.5,72.0,2.95,21.5,257.0,171.2,110.52
2016,6,3,18,0,546.0,65.0,2.9,21.0,207.0,121.54,71.53
2016,6,3,18,15,472.5,56.5,2.7,20.0,160.5,74.88,41.09
2016,6,3,18,30,399.0,48.0,2.5,19.0,114.0,37.02,26.38
2016,6,3,18,45,290.0,36.5,2.35,18.5,75.5,28.88,18.69
2016,6,3,19,0,181.0,25.0,2.2,18.0,37.0,19.65,7.06
2016,6,3,19,15,90.5,12.5,2.15,17.5,18.5,11.91,0.0
2016,6,3,19,30,0.0,0.0,2.1,17.0,0.0,0.0,0.0
2016,6,3,19,45,0.0,0.0,2.05,17.0,0.0,0.0,0.0
2016,6,3,20,0,0.0,0.0,2.0,17.0,0.0,0.0,0.0
2016,6,3,20,15,0.0,0.0,2.0,16.5,0.0,0.0,0.0
2016,6,3,20,30,0.0,0.0,2.0,16.0,0.0,0.0,0.0
2016,6,3,20,45,0.0,0.0,2.0,16.0,0.0,0.0,0.0
2016,6,3,21,0,0.0,0.0,2.0,16.0,0.0,0.0,0.0
2016,6,3,21,15,0.0,0.0,2.0,15.5,0.0,0.0,0.0
2016,6,3,21,30,0.0,0.0,2.0,15.0,0.0,0.0,0.0
2016,6,3,21,45,0.0,0.0,2.0,15.0,0.0,0.0,0.0
2016,6,3,22,0,0.0,0.0,2.0,15.0,0.0,0.0,0.0
2016,6,3,22,15,0.0,0.0,1.95,15.0,0.0,0.0,0.0
2016,6,3,22,30,0.0,0.0,1.9,15.0,0.0,0.0,0.0
2016,6,3,22,45,0.0,0.0,1.85,15.0,0.0,0.0,0.0
2016,6,3,23,0,0.0,0.0,1.8,15.0,0.0,0.0,0.0
2016,6,3,23,15,0.0,0.0,1.85,15.0,0.0,0.0,0.0
2016,6,3,23,30,0.0,0.0,1.9,15.0,0.0,0.0,0.0
2016,6,3,23,45,0.0,0.0,1.95,15.0,0.0,0.0,0.0
2016,6,4,0,0,0.0,0.0,2.0,15.0,0.0,0.0,0.0
2016,6,4,0,15,0.0,0.0,2.0,15.0,0.0,0.0,0.0
2016,6,4,0,30,0.0,0.0,2.0,15.0,0.0,0.0,0.0
2016,6,4,0,45,0.0,0.0,2.0,15.0,0.0,0.0,0.0
2016,6,4,1,0,0.0,0.0,2.0,15.0,0.0,0.0,0.0
2016,6,4,1,15,0.0,0.0,1.95,14.5,0.0,0.0,0.0
2016,6,4,1,30,0.0,0.0,1.9,14.0,0.0,0.0,0.0
2016,6,4,1,45,0.0,0.0,1.85,14.0,0.0,0.0,0.0
2016,6,4,2,0,0.0,0.0,1.8,14.0,0.0,0.0,0.0
2016,6,4,2,15,0.0,0.0,1.65,14.0,0.0,0.0,0.0
2016,6,4,2,30,0.0,0.0,1.5,14.0,0.0,0.0,0.0
2016,6,4,2,45,0.0,0.0,1.4,14.0,0.0,0.0,0.0
2016,6,4,3,0,0.0,0.0,1.3,14.0,0.0,0.0,0.0
2016,6,4,3,15,0.0,0.0,1.15,14.0,0.0,0.0,0.0
2016,6,4,3,30,0.0,0.0,1.0,14.0,0.0,0.0,0.0
2016,6,4,3,45,0.0,0.0,0.9,14.0,0.0,0.0,0.0
2016,6,4,4,0,0.0,0.0,0.8,14.0,0.0,0.0,0.0
2016,6,4,4,15,0.0,0.0,0.7,14.0,0.0,0.0,0.0
2016,6,4,4,30,0.0,0.0,0.6,14.0,0.0,0.0,0.0
2016,6,4,4,45,0.0,3.0,0.5,14.5,3.0,0.0,0.0
2016,6,4,5,0,0.0,6.0,0.4,15.0,6.0,5.72,0.0
2016,6,4,5,15,20.5,22.0,0.5,15.0,24.5,19.95,6.34
2016,6,4,5,30,41.0,38.0,0.6,15.0,43.0,32.43,21.97
2016,6,4,5,45,64.0,57.5,0.75,15.5,69.5,47.85,36.25
2016,6,4,6,0,87.0,77.0,0.9,16.0,96.0,70.61,51.17
2016,6,4,6,15,102.5,98.5,1.0,16.0,126.0,97.82,72.52
2016,6,4,6,30,118.0,120.0,1.1,16.0,156.0,127.27,96.47
2016,6,4,6,45,132.5,140.5,1.2,16.5,187.5,157.71,121.42
2016,6,4,7,0,147.0,161.0,1.3,17.0,219.0,189.95,147.82
2016,6,4,7,15,73.5,154.5,1.3,17.0,184.0,168.27,132.41
2016,6,4,7,30,0.0,148.0,1.3,17.0,149.0,137.12,108.01
2016,6,4,7,45,106.5,199.0,1.3,17.0,261.0,236.44,187.34
2016,6,4,8,0,213.0,250.0,1.3,17.0,373.0,345.66,272.44
2016,6,4,8,15,149.0,270.5,1.25,17.0,360.5,341.64,268.17
2016,6,4,8,30,85.0,291.0,1.2,17.0,348.0,327.4,256.04
2016,6,4,8,45,169.5,312.5,1.2,17.5,434.0,413.03,321.34
2016,6,4,9,0,254.0,334.0,1.2,18.0,520.0,507.22,390.5
2016,6,4,9,15,232.5,357.0,1.2,18.0,534.5,521.09,398.87
2016,6,4,9,30,211.0,380.0,1.2,18.0,549.0,537.32,409.35
2016,6,4,9,45,117.0,348.5,1.2,18.5,443.0,438.46,334.66
2016,6,4,10,0,23.0,317.0,1.2,19.0,337.0,319.28,243.61
2016,6,4,10,15,21.5,318.5,1.2,19.0,338.0,320.37,244.74
2016,6,4,10,30,20.0,320.0,1.2,19.0,339.0,321.29,245.1
2016,6,4,10,45,74.5,392.5,1.3,19.0,462.5,451.93,342.9
2016,6,4,11,0,129.0,465.0,1.4,19.0,586.0,586.87,439.39
2016,6,4,11,15,178.0,471.0,1.4,19.0,640.5,643.39,478.81
2016,6,4,11,30,227.0,477.0,1.4,19.0,695.0,700.38,518.58
2016,6,4,11,45,270.5,472.0,1.45,19.5,732.5,749.25,551.58
2016,6,4,12,0,314.0,467.0,1.5,20.0,770.0,788.92,578.21
2016,6,4,12,15,353.5,443.0,1.5,20.0,784.0,804.14,589.39
2016,6,4,12,30,393.0,419.0,1.5,20.0,798.0,817.51,599.59
2016,6,4,12,45,210.5,396.0,1.55,20.5,599.0,611.55,455.01
2016,6,4,13,0,28.0,373.0,1.6,21.0,400.0,391.2,293.45
2016,6,4,13,15,166.0,404.5,1.6,21.0,557.5,562.16,422.27
2016,6,4,13,30,304.0,436.0,1.6,21.0,715.0,726.39,537.94
2016,6,4,13,45,376.5,393.0,1.65,21.5,730.5,741.62,548.87
2016,6,4,14,0,449.0,350.0,1.7,22.0,746.0,758.75,562.24
2016,6,4,14,15,297.5,376.5,1.75,22.0,635.0,633.27,473.12
2016,6,4,14,30,146.0,403.0,1.8,22.0,524.0,516.26,388.05
2016,6,4,14,45,139.0,384.0,1.85,22.0,495.0,485.27,367.14
2016,6,4,15,0,132.0,365.0,1.9,22.0,466.0,454.42,345.48
2016,6,4,15,15,236.0,330.0,1.9,21.5,499.5,491.91,376.58
2016,6,4,15,30,340.0,295.0,1.9,21.0,533.0,514.79,395.99
2016,6,4,15,45,560.5,203.0,1.95,21.0,565.0,549.39,424.67
2016,6,4,16,0,781.0,111.0,2.0,21.0,597.0,559.17,433.19
2016,6,4,16,15,760.5,107.0,2.0,20.5,549.5,503.36,390.25
2016,6,4,16,30,740.0,103.0,2.0,20.0,502.0,448.23,346.79
2016,6,4,16,45,383.0,134.0,2.05,20.0,339.5,286.07,221.56
2016,6,4,17,0,26.0,165.0,2.1,20.0,177.0,161.46,126.25
2016,6,4,17,15,21.0,145.5,2.1,19.5,154.5,139.74,109.44
2016,6,4,17,30,16.0,126.0,2.1,19.0,132.0,118.98,92.94
2016,6,4,17,45,274.0,96.0,2.1,18.5,168.5,135.17,95.72
2016,6,4,18,0,532.0,66.0,2.1,18.0,205.0,121.34,72.79
2016,6,4,18,15,461.0,57.0,2.1,17.5,159.0,75.14,41.96
2016,6,4,18,30,390.0,48.0,2.1,17.0,113.0,37.45,27.01
2016,6,4,18,45,288.0,36.0,2.15,16.5,75.0,28.3,18.43
2016,6,4,19,0,186.0,24.0,2.2,16.0,37.0,18.8,7.02
2016,6,4,19,15,93.0,12.0,2.2,15.5,18.5,11.44,0.0
2016,6,4,19,30,0.0,0.0,2.2,15.0,0.0,0.0,0.0
2016,6,4,19,45,0.0,0.0,2.25,14.5,0.0,0.0,0.0
2016,6,4,20,0,0.0,0.0,2.3,14.0,0.0,0.0,0.0
2016,6,4,20,15,0.0,0.0,2.25,14.0,0.0,0.0,0.0
2016,6,4,20,30,0.0,0.0,2.2,14.0,0.0,0.0,0.0
2016,6,4,20,45,0.0,0.0,2.15,14.0,0.0,0.0,0.0
2016,6,4,21,0,0.0,0.0,2.1,14.0,0.0,0.0,0.0
2016,6,4,21,15,0.0,0.0,2.0,13.5,0.0,0.0,0.0
2016,6,4,21,30,0.0,0.0,1.9,13.0,0.0,0.0,0.0
2016,6,4,21,45,0.0,0.0,1.8,13.0,0.0,0.0,0.0
2016,6,4,22,0,0.0,0.0,1.7,13.0,0.0,0.0,0.0
2016,6,4,22,15,0.0,0.0,1.65,13.0,0.0,0.0,0.0
2016,6,4,22,30,0.0,0.0,1.6,13.0,0.0,0.0,0.0
2016,6,4,22,45,0.0,0.0,1.6,13.0,0.0,0.0,0.0
2016,6,4,23,0,0.0,0.0,1.6,13.0,0.0,0.0,0.0
2016,6,4,23,15,0.0,0.0,1.6,13.0,0.0,0.0,0.0
2016,6,4,23,30,0.0,0.0,1.6,13.0,0.0,0.0,0.0
2016,6,4,23,45,0.0,0.0,1.6,13.0,0.0,0.0,0.0
2016,6,5,0,0,0.0,0.0,1.6,13.0,0.0,0.0,0.0
2016,6,5,0,15,0.0,0.0,1.65,12.5,0.0,0.0,0.0
2016,6,5,0,30,0.0,0.0,1.7,12.0,0.0,0.0,0.0
2016,6,5,0,45,0.0,0.0,1.75,12.0,0.0,0.0,0.0
2016,6,5,1,0,0.0,0.0,1.8,12.0,0.0,0.0,0.0
2016,6,5,1,15,0.0,0.0,1.8,12.0,0.0,0.0,0.0
2016,6,5,1,30,0.0,0.0,1.8,12.0,0.0,0.0,0.0
2016,6,5,1,45,0.0,0.0,1.8,12.0,0.0,0.0,0.0
2016,6,5,2,0,0.0,0.0,1.8,12.0,0.0,0.0,0.0
2016,6,5,2,15,0.0,0.0,1.8,12.0,0.0,0.0,0.0
2016,6,5,2,30,0.0,0.0,1.8,12.0,0.0,0.0,0.0
2016,6,5,2,45,0.0,0.0,1.8,12.0,0.0,0.0,0.0
2016,6,5,3,0,0.0,0.0,1.8,12.0,0.0,0.0,0.0
2016,6,5,3,15,0.0,0.0,1.75,12.0,0.0,0.0,0.0
2016,6,5,3,30,0.0,0.0,1.7,12.0,0.0,0.0,0.0
2016,6,5,3,45,0.0,0.0,1.7,12.0,0.0,0.0,0.0
2016,6,5,4,0,0.0,0.0,1.7,12.0,0.0,0.0,0.0
2016,6,5,4,15,0.0,0.0,1.7,12.0,0.0,0.0,0.0
2016,6,5,4,30,0.0,0.0,1.7,12.0,0.0,0.0,0.0
2016,6,5,4,45,27.0,4.5,1.7,12.0,5.0,0.0,0.0
2016,6,5,5,0,54.0,9.0,1.7,12.0,10.0,8.58,0.0
2016,6,5,5,15,177.0,22.5,1.75,12.5,40.0,17.65,5.2
2016,6,5,5,30,300.0,36.0,1.8,13.0,70.0,28.6,18.87
2016,6,5,5,45,390.0,46.0,1.9,13.5,113.0,35.33,25.54
2016,6,5,6,0,480.0,56.0,2.0,14.0,156.0,72.01,40.4
2016,6,5,6,15,540.0,63.5,1.95,14.0,205.0,116.23,69.57
2016,6,5,6,30,600.0,71.0,1.9,14.0,254.0,167.51,110.23
2016,6,5,6,45,300.0,92.5,1.9,14.5,184.0,153.88,113.33
2016,6,5,7,0,0.0,114.0,1.9,15.0,114.0,105.22,83.26
2016,6,5,7,15,6.0,141.0,1.9,15.0,144.0,132.28,105.41
2016,6,5,7,30,12.0,168.0,1.9,15.0,174.0,160.22,127.93
2016,6,5,7,45,30.0,200.5,1.9,15.5,217.5,200.71,160.06
2016,6,5,8,0,48.0,233.0,1.9,16.0,261.0,242.8,192.98
2016,6,5,8,15,220.0,245.5,1.95,16.5,388.5,360.93,286.45
2016,6,5,8,30,392.0,258.0,2.0,17.0,516.0,491.08,386.41
2016,6,5,8,45,275.0,301.0,2.05,17.5,488.0,475.54,371.57
2016,6,5,9,0,158.0,344.0,2.1,18.0,460.0,444.23,345.0
2016,6,5,9,15,162.0,364.0,2.2,18.0,488.5,474.94,367.88
2016,6,5,9,30,166.0,384.0,2.3,18.0,517.0,505.58,390.15
2016,6,5,9,45,123.0,391.5,2.45,18.0,492.5,485.24,373.78
2016,6,5,10,0,80.0,399.0,2.6,18.0,468.0,454.67,349.91
2016,6,5,10,15,160.5,419.0,2.65,18.0,562.0,556.21,426.76
2016,6,5,10,30,241.0,439.0,2.7,18.0,656.0,662.27,504.23
2016,6,5,10,45,585.0,277.0,2.75,18.5,819.5,838.85,637.16
2016,6,5,11,0,929.0,115.0,2.8,19.0,983.0,1006.39,750.06
2016,6,5,11,15,932.0,115.5,2.8,19.0,996.5,1024.15,759.69
2016,6,5,11,30,935.0,116.0,2.8,19.0,1010.0,1038.47,768.58
2016,6,5,11,45,935.5,116.5,2.8,19.0,1015.5,1046.82,773.67
2016,6,5,12,0,936.0,117.0,2.8,19.0,1021.0,1051.6,776.6
2016,6,5,12,15,936.0,117.0,2.8,19.0,1020.0,1051.82,776.69
2016,6,5,12,30,936.0,117.0,2.8,19.0,1019.0,1048.47,774.6
2016,6,5,12,45,927.0,122.0,2.8,19.5,1008.0,1037.65,766.3
2016,6,5,13,0,918.0,127.0,2.8,20.0,997.0,1023.45,755.98
2016,6,5,13,15,915.0,126.0,2.85,20.0,981.0,1005.85,745.44
2016,6,5,13,30,912.0,125.0,2.9,20.0,965.0,984.93,732.74
2016,6,5,13,45,908.5,123.0,3.0,20.0,942.0,959.34,717.33
2016,6,5,14,0,905.0,121.0,3.1,20.0,919.0,930.65,699.73
2016,6,5,14,15,898.5,119.5,3.15,20.0,889.5,896.91,678.19
2016,6,5,14,30,892.0,118.0,3.2,20.0,860.0,860.55,654.69
2016,6,5,14,45,553.0,240.5,3.25,20.0,694.5,686.39,529.09
2016,6,5,15,0,214.0,363.0,3.3,20.0,529.0,514.09,396.55
2016,6,5,15,15,226.0,340.5,3.35,19.5,507.0,490.22,381.27
2016,6,5,15,30,238.0,318.0,3.4,19.0,485.0,464.82,363.73
2016,6,5,15,45,229.5,296.5,3.45,19.0,449.5,426.12,334.68
2016,6,5,16,0,221.0,275.0,3.5,19.0,414.0,387.84,305.51
2016,6,5,16,15,121.5,235.5,3.45,18.5,311.5,286.21,226.28
2016,6,5,16,30,22.0,196.0,3.4,18.0,209.0,192.0,151.75
2016,6,5,16,45,24.0,181.0,3.35,18.0,193.5,177.17,140.27
2016,6,5,17,0,26.0,166.0,3.3,18.0,178.0,162.37,128.48
2016,6,5,17,15,42.0,151.5,3.25,17.5,168.0,151.22,119.36
2016,6,5,17,30,58.0,137.0,3.2,17.0,158.0,138.16,108.18
2016,6,5,17,45,312.0,100.5,3.15,17.0,185.5,145.58,103.44
2016,6,5,18,0,566.0,64.0,3.1,17.0,213.0,124.22,74.04
2016,6,5,18,15,494.5,56.0,3.05,16.5,165.5,76.85,42.29
2016,6,5,18,30,423.0,48.0,3.0,16.0,118.0,38.02,27.64
2016,6,5,18,45,315.0,36.5,2.95,15.5,79.0,28.71,18.9
2016,6,5,19,0,207.0,25.0,2.9,15.0,40.0,20.13,8.33
2016,6,5,19,15,103.5,12.5,2.9,14.5,20.0,11.91,0.0
2016,6,5,19,30,0.0,0.0,2.9,14.0,0.0,0.0,0.0
2016,6,5,19,45,0.0,0.0,2.9,14.0,0.0,0.0,0.0
2016,6,5,20,0,0.0,0.0,2.9,14.0,0.0,0.0,0.0
2016,6,5,20,15,0.0,0.0,2.8,13.5,0.0,0.0,0.0
2016,6,5,20,30,0.0,0.0,2.7,13.0,0.0,0.0,0.0
2016,6,5,20,45,0.0,0.0,2.65,13.0,0.0,0.0,0.0
2016,6,5,21,0,0.0,0.0,2.6,13.0,0.0,0.0,0.0
2016,6,5,21,15,0.0,0.0,2.55,13.0,0.0,0.0,0.0
2016,6,5,21,30,0.0,0.0,2.5,13.0,0.0,0.0,0.0
2016,6,5,21,45,0.0,0.0,2.5,13.0,0.0,0.0,0.0
2016,6,5,22,0,0.0,0.0,2.5,13.0,0.0,0.0,0.0
2016,6,5,22,15,0.0,0.0,2.55,13.0,0.0,0.0,0.0
2016,6,5,22,30,0.0,0.0,2.6,13.0,0.0,0.0,0.0
2016,6,5,22,45,0.0,0.0,2.65,13.0,0.0,0.0,0.0
2016,6,5,23,0,0.0,0.0,2.7,13.0,0.0,0.0,0.0
2016,6,5,23,15,0.0,0.0,2.7,12.5,0.0,0.0,0.0
2016,6,5,23,30,0.0,0.0,2.7,12.0,0.0,0.0,0.0
2016,6,5,23,45,0.0,0.0,2.7,12.0,0.0,0.0,0.0
2016,6,6,0,0,0.0,0.0,2.7,12.0,0.0,0.0,0.0
2016,6,6,0,15,0.0,0.0,2.7,12.0,0.0,0.0,0.0
2016,6,6,0,30,0.0,0.0,2.7,12.0,0.0,0.0,0.0
2016,6,6,0,45,0.0,0.0,2.75,12.0,0.0,0.0,0.0
2016,6,6,1,0,0.0,0.0,2.8,12.0,0.0,0.0,0.0
2016,6,6,1,15,0.0,0.0,2.8,12.0,0.0,0.0,0.0
2016,6,6,1,30,0.0,0.0,2.8,12.0,0.0,0.0,0.0
2016,6,6,1,45,0.0,0.0,2.85,12.0,0.0,0.0,0.0
2016,6,6,2,0,0.0,0.0,2.9,12.0,0.0,0.0,0.0
2016,6,6,2,15,0.0,0.0,2.9,12.0,0.0,0.0,0.0
2016,6,6,2,30,0.0,0.0,2.9,12.0,0.0,0.0,0.0
2016,6,6,2,45,0.0,0.0,2.9,12.0,0.0,0.0,0.0
2016,6,6,3,0,0.0,0.0,2.9,12.0,0.0,0.0,0.0
2016,6,6,3,15,0.0,0.0,2.9,12.0,0.0,0.0,0.0
2016,6,6,3,30,0.0,0.0,2.9,12.0,0.0,0.0,0.0
2016,6,6,3,45,0.0,0.0,2.9,12.0,0.0,0.0,0.0
2016,6,6,4,0,0.0,0.0,2.9,12.0,0.0,0.0,0.0
2016,6,6,4,15,0.0,0.0,3.0,12.0,0.0,0.0,0.0
2016,6,6,4,30,0.0,0.0,3.1,12.0,0.0,0.0,0.0
2016,6,6,4,45,29.0,4.5,3.25,12.5,5.5,0.0,0.0
2016,6,6,5,0,58.0,9.0,3.4,13.0,11.0,8.58,0.0
2016,6,6,5,15,178.5,22.0,3.45,13.0,40.0,17.51,5.21
2016,6,6,5,30,299.0,35.0,3.5,13.0,69.0,27.62,18.02
2016,6,6,5,45,384.5,44.0,3.55,13.5,110.5,33.47,23.89
2016,6,6,6,0,470.0,53.0,3.6,14.0,152.0,68.51,37.81
2016,6,6,6,15,527.5,60.0,3.6,14.0,199.0,111.34,66.1
2016,6,6,6,30,585.0,67.0,3.6,14.0,246.0,160.91,105.63
2016,6,6,6,45,293.5,98.0,3.6,14.5,188.0,157.09,116.51
2016,6,6,7,0,2.0,129.0,3.6,15.0,130.0,119.25,95.05
2016,6,6,7,15,1.0,137.0,3.55,15.0,137.5,126.91,101.2
2016,6,6,7,30,0.0,145.0,3.5,15.0,145.0,134.36,107.02
2016,6,6,7,45,18.5,185.5,3.45,15.5,196.5,180.49,144.2
2016,6,6,8,0,37.0,226.0,3.4,16.0,248.0,230.59,183.98
2016,6,6,8,15,45.0,251.0,3.35,16.0,280.0,261.52,208.22
2016,6,6,8,30,53.0,276.0,3.3,16.0,312.0,293.36,232.97
2016,6,6,8,45,47.0,288.5,3.3,16.5,321.5,304.89,240.91
2016,6,6,9,0,41.0,301.0,3.3,17.0,331.0,315.74,248.26
2016,6,6,9,15,86.0,341.5,3.25,17.0,409.0,391.12,306.85
2016,6,6,9,30,131.0,382.0,3.2,17.0,487.0,475.93,371.17
2016,6,6,9,45,499.0,248.0,3.2,17.5,671.0,665.9,520.5
2016,6,6,10,0,867.0,114.0,3.2,18.0,855.0,860.45,660.64
2016,6,6,10,15,577.5,271.0,3.15,18.0,771.5,794.23,608.57
2016,6,6,10,30,288.0,428.0,3.1,18.0,688.0,693.9,528.21
2016,6,6,10,45,287.5,439.0,3.05,18.5,703.0,712.53,540.36
2016,6,6,11,0,287.0,450.0,3.0,19.0,718.0,729.96,550.75
2016,6,6,11,15,324.5,441.0,2.95,19.0,748.0,762.98,574.37
2016,6,6,11,30,362.0,432.0,2.9,19.0,778.0,795.51,597.34
2016,6,6,11,45,262.5,461.0,2.85,19.0,713.0,729.76,547.94
2016,6,6,12,0,163.0,490.0,2.8,19.0,648.0,653.06,490.94
2016,6,6,12,15,149.0,488.0,2.75,19.0,632.5,637.22,479.61
2016,6,6,12,30,135.0,486.0,2.7,19.0,617.0,620.55,467.31
2016,6,6,12,45,176.5,480.0,2.7,19.0,649.5,653.73,492.47
2016,6,6,13,0,218.0,474.0,2.7,19.0,682.0,685.24,515.96
2016,6,6,13,15,270.5,455.0,2.7,19.0,708.0,720.09,542.03
2016,6,6,13,30,323.0,436.0,2.7,19.0,734.0,743.92,560.36
2016,6,6,13,45,329.5,419.0,2.7,19.0,716.5,724.23,547.21
2016,6,6,14,0,336.0,402.0,2.7,19.0,699.0,702.99,533.23
2016,6,6,14,15,268.0,402.5,2.7,18.5,634.0,633.37,483.56
2016,6,6,14,30,200.0,403.0,2.7,18.0,569.0,560.78,431.09
2016,6,6,14,45,158.5,383.5,2.75,18.0,511.5,500.12,386.6
2016,6,6,15,0,117.0,364.0,2.8,18.0,454.0,442.12,343.31
2016,6,6,15,15,188.0,339.5,2.8,18.0,475.5,462.3,360.97
2016,6,6,15,30,259.0,315.0,2.8,18.0,497.0,480.17,375.98
2016,6,6,15,45,206.0,298.0,2.85,18.0,437.0,413.07,324.63
2016,6,6,16,0,153.0,281.0,2.9,18.0,377.0,354.78,279.68
2016,6,6,16,15,126.5,256.5,2.9,17.5,331.5,308.33,244.13
2016,6,6,16,30,100.0,232.0,2.9,17.0,286.0,262.66,208.63
2016,6,6,16,45,82.5,206.5,2.95,17.0,248.5,225.14,178.85
2016,6,6,17,0,65.0,181.0,3.0,17.0,211.0,189.69,150.45
2016,6,6,17,15,36.5,151.5,3.05,16.5,168.0,149.63,118.57
2016,6,6,17,30,8.0,122.0,3.1,16.0,125.0,113.61,89.93
2016,6,6,17,45,263.5,94.5,3.2,15.5,164.5,132.54,95.28
2016,6,6,18,0,519.0,67.0,3.3,15.0,204.0,121.78,74.65
2016,6,6,18,15,449.0,58.5,3.35,14.5,159.0,76.76,43.98
2016,6,6,18,30,379.0,50.0,3.4,14.0,114.0,40.13,29.75
2016,6,6,18,45,278.0,38.0,3.45,14.0,76.5,29.29,19.56
2016,6,6,19,0,177.0,26.0,3.5,14.0,39.0,20.38,8.88
2016,6,6,19,15,88.5,13.0,3.6,13.5,19.5,12.39,0.0
2016,6,6,19,30,0.0,0.0,3.7,13.0,0.0,0.0,0.0
2016,6,6,19,45,0.0,0.0,3.8,13.0,0.0,0.0,0.0
2016,6,6,20,0,0.0,0.0,3.9,13.0,0.0,0.0,0.0
2016,6,6,20,15,0.0,0.0,3.95,13.0,0.0,0.0,0.0
2016,6,6,20,30,0.0,0.0,4.0,13.0,0.0,0.0,0.0
2016,6,6,20,45,0.0,0.0,4.05,13.0,0.0,0.0,0.0
2016,6,6,21,0,0.0,0.0,4.1,13.0,0.0,0.0,0.0
2016,6,6,21,15,0.0,0.0,4.1,13.0,0.0,0.0,0.0
2016,6,6,21,30,0.0,0.0,4.1,13.0,0.0,0.0,0.0
2016,6,6,21,45,0.0,0.0,4.1,13.0,0.0,0.0,0.0
2016,6,6,22,0,0.0,0.0,4.1,13.0,0.0,0.0,0.0
2016,6,6,22,15,0.0,0.0,4.1,13.0,0.0,0.0,0.0
2016,6,6,22,30,0.0,0.0,4.1,13.0,0.0,0.0,0.0
2016,6,6,22,45,0.0,0.0,4.1,13.0,0.0,0.0,0.0
2016,6,6,23,0,0.0,0.0,4.1,13.0,0.0,0.0,0.0
2016,6,6,23,15,0.0,0.0,4.1,13.0,0.0,0.0,0.0
2016,6,6,23,30,0.0,0.0,4.1,13.0,0.0,0.0,0.0
2016,6,6,23,45,0.0,0.0,4.1,13.0,0.0,0.0,0.0
2016,6,7,0,0,0.0,0.0,4.1,13.0,0.0,0.0,0.0
2016,6,7,0,15,0.0,0.0,4.1,13.0,0.0,0.0,0.0
2016,6,7,0,30,0.0,0.0,4.1,13.0,0.0,0.0,0.0
2016,6,7,0,45,0.0,0.0,4.1,13.0,0.0,0.0,0.0
2016,6,7,1,0,0.0,0.0,4.1,13.0,0.0,0.0,0.0
2016,6,7,1,15,0.0,0.0,4.05,13.0,0.0,0.0,0.0
2016,6,7,1,30,0.0,0.0,4.0,13.0,0.0,0.0,0.0
2016,6,7,1,45,0.0,0.0,3.95,13.0,0.0,0.0,0.0
2016,6,7,2,0,0.0,0.0,3.9,13.0,0.0,0.0,0.0
2016,6,7,2,15,0.0,0.0,3.8,13.0,0.0,0.0,0.0
2016,6,7,2,30,0.0,0.0,3.7,13.0,0.0,0.0,0.0
2016,6,7,2,45,0.0,0.0,3.6,13.0,0.0,0.0,0.0
2016,6,7,3,0,0.0,0.0,3.5,13.0,0.0,0.0,0.0
2016,6,7,3,15,0.0,0.0,3.4,13.0,0.0,0.0,0.0
2016,6,7,3,30,0.0,0.0,3.3,13.0,0.0,0.0,0.0
2016,6,7,3,45,0.0,0.0,3.25,13.0,0.0,0.0,0.0
2016,6,7,4,0,0.0,0.0,3.2,13.0,0.0,0.0,0.0
2016,6,7,4,15,0.0,0.0,3.15,13.0,0.0,0.0,0.0
2016,6,7,4,30,0.0,0.0,3.1,13.0,0.0,0.0,0.0
2016,6,7,4,45,20.5,5.0,3.1,13.0,5.0,0.0,0.0
2016,6,7,5,0,41.0,10.0,3.1,13.0,10.0,9.53,0.0
2016,6,7,5,15,154.0,24.0,3.05,13.0,39.0,18.84,6.15
2016,6,7,5,30,267.0,38.0,3.0,13.0,68.0,29.44,19.59
2016,6,7,5,45,358.5,48.0,2.95,13.5,110.0,37.09,27.08
2016,6,7,6,0,450.0,58.0,2.9,14.0,152.0,71.71,41.22
2016,6,7,6,15,510.0,65.5,2.85,14.0,199.5,114.05,69.13
2016,6,7,6,30,570.0,73.0,2.8,14.0,247.0,163.47,108.29
2016,6,7,6,45,385.0,115.5,2.8,14.5,242.5,193.6,143.26
2016,6,7,7,0,200.0,158.0,2.8,15.0,238.0,202.25,158.1
2016,6,7,7,15,105.0,161.5,2.75,15.0,204.5,186.05,147.91
2016,6,7,7,30,10.0,165.0,2.7,15.0,171.0,156.63,125.08
2016,6,7,7,45,55.0,208.0,2.7,15.5,240.0,218.91,175.07
2016,6,7,8,0,100.0,251.0,2.7,16.0,309.0,285.87,227.93
2016,6,7,8,15,135.5,275.5,2.7,16.0,361.0,338.16,268.94
2016,6,7,8,30,171.0,300.0,2.7,16.0,413.0,391.56,310.39
2016,6,7,8,45,226.0,314.0,2.7,16.5,473.5,451.01,355.69
2016,6,7,9,0,281.0,328.0,2.7,17.0,534.0,519.53,406.89
2016,6,7,9,15,568.0,223.0,2.8,17.0,667.5,653.38,512.13
2016,6,7,9,30,855.0,118.0,2.9,17.0,801.0,793.88,616.46
2016,6,7,9,45,867.0,118.0,3.0,17.5,835.0,834.97,642.73
2016,6,7,10,0,879.0,118.0,3.1,18.0,869.0,874.1,668.14
2016,6,7,10,15,885.5,119.5,3.15,18.0,896.5,907.65,690.47
2016,6,7,10,30,892.0,121.0,3.2,18.0,924.0,938.5,710.91
2016,6,7,10,45,894.0,123.5,3.3,18.5,943.5,963.26,726.18
2016,6,7,11,0,896.0,126.0,3.4,19.0,963.0,984.83,739.32
2016,6,7,11,15,899.5,126.5,3.4,19.0,977.0,1002.61,750.63
2016,6,7,11,30,903.0,127.0,3.4,19.0,991.0,1017.1,759.82
2016,6,7,11,45,650.5,273.0,3.4,19.0,897.5,934.22,702.86
2016,6,7,12,0,398.0,419.0,3.4,19.0,804.0,823.3,618.93
2016,6,7,12,15,652.5,273.0,3.4,19.0,902.5,939.44,707.96
2016,6,7,12,30,907.0,127.0,3.4,19.0,1001.0,1029.13,768.15
2016,6,7,12,45,907.0,125.5,3.4,19.0,993.0,1021.06,762.19
2016,6,7,13,0,907.0,124.0,3.4,19.0,985.0,1009.54,754.89
2016,6,7,13,15,558.0,291.0,3.4,19.0,818.0,840.07,636.78
2016,6,7,13,30,209.0,458.0,3.4,19.0,651.0,651.25,493.86
2016,6,7,13,45,316.5,409.0,3.4,19.0,693.0,702.35,535.36
2016,6,7,14,0,424.0,360.0,3.4,19.0,735.0,746.02,569.62
2016,6,7,14,15,338.5,377.0,3.35,18.5,670.5,668.86,513.35
2016,6,7,14,30,253.0,394.0,3.3,18.0,606.0,601.89,464.08
2016,6,7,14,45,223.5,380.0,3.3,18.0,561.0,548.12,424.89
2016,6,7,15,0,194.0,366.0,3.3,18.0,516.0,501.96,390.69
2016,6,7,15,15,146.0,342.5,3.3,17.5,452.5,435.35,340.95
2016,6,7,15,30,98.0,319.0,3.3,17.0,389.0,368.48,290.17
2016,6,7,15,45,54.5,262.0,3.3,17.0,300.5,281.57,222.55
2016,6,7,16,0,11.0,205.0,3.3,17.0,212.0,197.4,155.78
2016,6,7,16,15,5.5,166.5,3.3,16.5,170.0,157.82,124.65
2016,6,7,16,30,0.0,128.0,3.3,16.0,128.0,119.05,93.56
2016,6,7,16,45,0.0,119.5,3.35,16.0,119.5,111.0,87.28
2016,6,7,17,0,0.0,111.0,3.4,16.0,111.0,102.96,80.91
2016,6,7,17,15,0.0,97.0,3.45,15.5,97.0,89.91,70.42
2016,6,7,17,30,0.0,83.0,3.5,15.0,83.0,76.92,59.81
2016,6,7,17,45,0.0,69.5,3.55,15.0,69.5,64.46,49.36
2016,6,7,18,0,0.0,56.0,3.6,15.0,56.0,52.07,38.8
2016,6,7,18,15,0.0,43.5,3.55,14.5,43.5,40.42,28.8
2016,6,7,18,30,0.0,31.0,3.5,14.0,31.0,28.77,19.78
2016,6,7,18,45,0.0,21.0,3.5,14.0,21.0,19.48,11.15
2016,6,7,19,0,0.0,11.0,3.5,14.0,11.0,10.19,1.76
2016,6,7,19,15,0.0,5.5,3.5,13.5,5.5,5.24,0.0
2016,6,7,19,30,0.0,0.0,3.5,13.0,0.0,0.0,0.0
2016,6,7,19,45,0.0,0.0,3.55,13.0,0.0,0.0,0.0
2016,6,7,20,0,0.0,0.0,3.6,13.0,0.0,0.0,0.0
2016,6,7,20,15,0.0,0.0,3.6,13.0,0.0,0.0,0.0
2016,6,7,20,30,0.0,0.0,3.6,13.0,0.0,0.0,0.0
2016,6,7,20,45,0.0,0.0,3.65,13.0,0.0,0.0,0.0
2016,6,7,21,0,0.0,0.0,3.7,13.0,0.0,0.0,0.0
2016,6,7,21,15,0.0,0.0,3.65,13.0,0.0,0.0,0.0
2016,6,7,21,30,0.0,0.0,3.6,13.0,0.0,0.0,0.0
2016,6,7,21,45,0.0,0.0,3.6,13.0,0.0,0.0,0.0
2016,6,7,22,0,0.0,0.0,3.6,13.0,0.0,0.0,0.0
2016,6,7,22,15,0.0,0.0,3.6,12.5,0.0,0.0,0.0
2016,6,7,22,30,0.0,0.0,3.6,12.0,0.0,0.0,0.0
2016,6,7,22,45,0.0,0.0,3.6,12.0,0.0,0.0,0.0
2016,6,7,23,0,0.0,0.0,3.6,12.0,0.0,0.0,0.0
2016,6,7,23,15,0.0,0.0,3.6,12.0,0.0,0.0,0.0
2016,6,7,23,30,0.0,0.0,3.6,12.0,0.0,0.0,0.0
2016,6,7,23,45,0.0,0.0,3.65,12.0,0.0,0.0,0.0
2016,6,8,0,0,0.0,0.0,3.7,12.0,0.0,0.0,0.0
2016,6,8,0,15,0.0,0.0,3.7,12.0,0.0,0.0,0.0
2016,6,8,0,30,0.0,0.0,3.7,12.0,0.0,0.0,0.0
2016,6,8,0,45,0.0,0.0,3.7,12.0,0.0,0.0,0.0
2016,6,8,1,0,0.0,0.0,3.7,12.0,0.0,0.0,0.0
2016,6,8,1,15,0.0,0.0,3.7,12.0,0.0,0.0,0.0
2016,6,8,1,30,0.0,0.0,3.7,12.0,0.0,0.0,0.0
2016,6,8,1,45,0.0,0.0,3.75,12.0,0.0,0.0,0.0
2016,6,8,2,0,0.0,0.0,3.8,12.0,0.0,0.0,0.0
2016,6,8,2,15,0.0,0.0,3.8,12.0,0.0,0.0,0.0
2016,6,8,2,30,0.0,0.0,3.8,12.0,0.0,0.0,0.0
2016,6,8,2,45,0.0,0.0,3.85,12.0,0.0,0.0,0.0
2016,6,8,3,0,0.0,0.0,3.9,12.0,0.0,0.0,0.0
2016,6,8,3,15,0.0,0.0,3.85,12.0,0.0,0.0,0.0
2016,6,8,3,30,0.0,0.0,3.8,12.0,0.0,0.0,0.0
2016,6,8,3,45,0.0,0.0,3.8,12.0,0.0,0.0,0.0
2016,6,8,4,0,0.0,0.0,3.8,12.0,0.0,0.0,0.0
2016,6,8,4,15,0.0,0.0,3.85,12.0,0.0,0.0,0.0
2016,6,8,4,30,0.0,0.0,3.9,12.0,0.0,0.0,0.0
2016,6,8,4,45,38.5,5.5,3.95,12.0,6.5,0.0,0.0
2016,6,8,5,0,77.0,11.0,4.0,12.0,13.0,10.48,0.0
2016,6,8,5,15,209.5,23.0,4.0,12.0,43.5,18.45,6.03
2016,6,8,5,30,342.0,35.0,4.0,12.0,74.0,27.63,18.12
2016,6,8,5,45,428.5,43.5,4.05,12.5,117.0,33.06,23.63
2016,6,8,6,0,515.0,52.0,4.1,13.0,160.0,69.51,37.58
2016,6,8,6,15,257.5,55.5,4.1,13.0,109.5,76.22,48.39
2016,6,8,6,30,0.0,59.0,4.1,13.0,59.0,54.86,41.55
2016,6,8,6,45,0.0,71.0,4.15,13.5,71.0,66.02,50.95
2016,6,8,7,0,0.0,83.0,4.2,14.0,83.0,77.12,60.11
2016,6,8,7,15,3.0,120.5,4.25,14.0,122.0,112.59,89.68
2016,6,8,7,30,6.0,158.0,4.3,14.0,161.0,148.62,119.31
2016,6,8,7,45,27.0,195.5,4.35,14.0,211.0,194.56,156.7
2016,6,8,8,0,48.0,233.0,4.4,14.0,261.0,242.55,195.45
2016,6,8,8,15,62.0,260.5,4.45,14.0,300.0,279.79,225.17
2016,6,8,8,30,76.0,288.0,4.5,14.0,339.0,318.56,255.88
2016,6,8,8,45,54.0,288.0,4.6,14.5,325.0,308.83,246.86
2016,6,8,9,0,32.0,288.0,4.7,15.0,311.0,296.77,235.99
2016,6,8,9,15,54.0,326.0,4.75,15.0,368.5,352.03,279.61
2016,6,8,9,30,76.0,364.0,4.8,15.0,426.0,409.29,324.1
2016,6,8,9,45,56.5,358.0,4.85,15.5,405.0,391.16,308.4
2016,6,8,10,0,37.0,352.0,4.9,16.0,384.0,371.35,291.61
2016,6,8,10,15,91.5,399.0,4.95,16.0,481.0,467.7,366.95
2016,6,8,10,30,146.0,446.0,5.0,16.0,578.0,574.69,448.38
2016,6,8,10,45,285.0,418.0,5.05,16.0,682.0,688.74,536.88
2016,6,8,11,0,424.0,390.0,5.1,16.0,786.0,806.84,626.28
2016,6,8,11,15,655.5,264.5,5.1,16.0,887.0,916.21,711.6
2016,6,8,11,30,887.0,139.0,5.1,16.0,988.0,1012.72,779.3
2016,6,8,11,45,661.5,274.5,5.2,16.0,910.5,946.22,731.77
2016,6,8,12,0,436.0,410.0,5.3,16.0,833.0,858.79,662.48
2016,6,8,12,15,456.5,408.0,5.3,16.0,849.5,877.4,676.75
2016,6,8,12,30,477.0,406.0,5.3,16.0,866.0,893.8,688.88
2016,6,8,12,45,482.5,398.5,5.35,16.0,860.5,887.71,685.17
2016,6,8,13,0,488.0,391.0,5.4,16.0,855.0,879.35,680.0
2016,6,8,13,15,468.0,384.0,5.35,16.0,822.5,844.85,655.0
2016,6,8,13,30,448.0,377.0,5.3,16.0,790.0,809.04,629.08
2016,6,8,13,45,471.5,359.0,5.3,16.0,784.5,801.38,624.91
2016,6,8,14,0,495.0,341.0,5.3,16.0,779.0,790.78,618.44
2016,6,8,14,15,424.0,356.0,5.2,16.0,722.0,727.6,570.28
2016,6,8,14,30,353.0,371.0,5.1,16.0,665.0,662.13,520.32
2016,6,8,14,45,401.5,331.5,5.1,16.0,652.5,652.67,515.47
2016,6,8,15,0,450.0,292.0,5.1,16.0,640.0,633.56,502.97
2016,6,8,15,15,412.5,289.5,5.05,15.5,595.5,583.3,465.19
2016,6,8,15,30,375.0,287.0,5.0,15.0,551.0,530.94,425.39
2016,6,8,15,45,360.0,270.0,4.95,15.0,510.0,485.82,390.3
2016,6,8,16,0,345.0,253.0,4.9,15.0,469.0,441.38,355.17
2016,6,8,16,15,254.5,244.0,4.9,15.0,396.5,365.98,294.57
2016,6,8,16,30,164.0,235.0,4.9,15.0,324.0,297.38,239.18
2016,6,8,16,45,318.5,186.5,4.9,15.0,338.5,307.3,245.87
2016,6,8,17,0,473.0,138.0,4.9,15.0,353.0,299.49,235.2
2016,6,8,17,15,299.5,140.5,4.9,14.5,271.0,219.5,170.86
2016,6,8,17,30,126.0,143.0,4.9,14.0,189.0,159.93,125.41
2016,6,8,17,45,111.0,123.0,4.9,14.0,159.0,130.11,100.34
2016,6,8,18,0,96.0,103.0,4.9,14.0,129.0,102.23,77.22
2016,6,8,18,15,242.5,77.5,4.8,13.5,124.0,81.11,54.88
2016,6,8,18,30,389.0,52.0,4.7,13.0,119.0,42.9,32.35
2016,6,8,18,45,288.5,40.0,4.6,13.0,81.0,30.84,21.05
2016,6,8,19,0,188.0,28.0,4.5,13.0,43.0,21.97,10.63
2016,6,8,19,15,94.0,14.0,4.45,13.0,21.5,13.34,0.0
2016,6,8,19,30,0.0,0.0,4.4,13.0,0.0,0.0,0.0
2016,6,8,19,45,0.0,0.0,4.35,13.0,0.0,0.0,0.0
2016,6,8,20,0,0.0,0.0,4.3,13.0,0.0,0.0,0.0
2016,6,8,20,15,0.0,0.0,4.2,13.0,0.0,0.0,0.0
2016,6,8,20,30,0.0,0.0,4.1,13.0,0.0,0.0,0.0
2016,6,8,20,45,0.0,0.0,4.05,13.0,0.0,0.0,0.0
2016,6,8,21,0,0.0,0.0,4.0,13.0,0.0,0.0,0.0
2016,6,8,21,15,0.0,0.0,3.95,13.0,0.0,0.0,0.0
2016,6,8,21,30,0.0,0.0,3.9,13.0,0.0,0.0,0.0
2016,6,8,21,45,0.0,0.0,3.85,13.0,0.0,0.0,0.0
2016,6,8,22,0,0.0,0.0,3.8,13.0,0.0,0.0,0.0
2016,6,8,22,15,0.0,0.0,3.75,12.5,0.0,0.0,0.0
2016,6,8,22,30,0.0,0.0,3.7,12.0,0.0,0.0,0.0
2016,6,8,22,45,0.0,0.0,3.65,12.0,0.0,0.0,0.0
2016,6,8,23,0,0.0,0.0,3.6,12.0,0.0,0.0,0.0
2016,6,8,23,15,0.0,0.0,3.55,12.0,0.0,0.0,0.0
2016,6,8,23,30,0.0,0.0,3.5,12.0,0.0,0.0,0.0
2016,6,8,23,45,0.0,0.0,3.5,12.0,0.0,0.0,0.0
2016,6,9,0,0,0.0,0.0,3.5,12.0,0.0,0.0,0.0
2016,6,9,0,15,0.0,0.0,3.5,12.0,0.0,0.0,0.0
2016,6,9,0,30,0.0,0.0,3.5,12.0,0.0,0.0,0.0
2016,6,9,0,45,0.0,0.0,3.5,12.0,0.0,0.0,0.0
2016,6,9,1,0,0.0,0.0,3.5,12.0,0.0,0.0,0.0
2016,6,9,1,15,0.0,0.0,3.5,12.0,0.0,0.0,0.0
2016,6,9,1,30,0.0,0.0,3.5,12.0,0.0,0.0,0.0
2016,6,9,1,45,0.0,0.0,3.55,12.0,0.0,0.0,0.0
2016,6,9,2,0,0.0,0.0,3.6,12.0,0.0,0.0,0.0
2016,6,9,2,15,0.0,0.0,3.6,12.0,0.0,0.0,0.0
2016,6,9,2,30,0.0,0.0,3.6,12.0,0.0,0.0,0.0
2016,6,9,2,45,0.0,0.0,3.65,12.0,0.0,0.0,0.0
2016,6,9,3,0,0.0,0.0,3.7,12.0,0.0,0.0,0.0
2016,6,9,3,15,0.0,0.0,3.8,12.0,0.0,0.0,0.0
2016,6,9,3,30,0.0,0.0,3.9,12.0,0.0,0.0,0.0
2016,6,9,3,45,0.0,0.0,4.05,12.0,0.0,0.0,0.0
2016,6,9,4,0,0.0,0.0,4.2,12.0,0.0,0.0,0.0
2016,6,9,4,15,0.0,0.0,4.3,12.0,0.0,0.0,0.0
2016,6,9,4,30,0.0,0.0,4.4,12.0,0.0,0.0,0.0
2016,6,9,4,45,18.5,5.0,4.5,12.5,5.5,0.0,0.0
2016,6,9,5,0,37.0,10.0,4.6,13.0,11.0,9.53,0.0
2016,6,9,5,15,151.0,24.5,4.7,13.0,40.5,19.24,6.54
2016,6,9,5,30,265.0,39.0,4.8,13.0,70.0,30.23,20.26
2016,6,9,5,45,356.5,49.5,4.95,13.5,112.0,38.47,28.27
2016,6,9,6,0,448.0,60.0,5.1,14.0,154.0,72.9,42.46
2016,6,9,6,15,508.5,68.0,5.05,14.0,202.0,115.53,70.57
2016,6,9,6,30,569.0,76.0,5.0,14.0,250.0,165.31,110.1
2016,6,9,6,45,284.5,89.0,4.95,14.0,176.0,146.29,108.13
2016,6,9,7,0,0.0,102.0,4.9,14.0,102.0,94.37,74.65
2016,6,9,7,15,9.0,138.0,4.85,14.0,142.5,130.54,104.61
2016,6,9,7,30,18.0,174.0,4.8,14.0,183.0,167.99,135.3
2016,6,9,7,45,9.0,167.5,4.75,14.5,172.0,159.52,127.72
2016,6,9,8,0,0.0,161.0,4.7,15.0,161.0,149.79,119.07
2016,6,9,8,15,22.0,214.5,4.7,15.0,229.0,212.19,169.79
2016,6,9,8,30,44.0,268.0,4.7,15.0,297.0,280.03,224.07
2016,6,9,8,45,55.0,295.5,4.7,15.5,334.5,316.54,252.18
2016,6,9,9,0,66.0,323.0,4.7,16.0,372.0,354.15,280.85
2016,6,9,9,15,84.5,349.5,4.7,16.0,415.5,397.36,314.27
2016,6,9,9,30,103.0,376.0,4.7,16.0,459.0,442.01,348.46
2016,6,9,9,45,59.0,324.5,4.7,16.5,372.5,360.4,283.53
2016,6,9,10,0,15.0,273.0,4.7,17.0,286.0,270.15,211.36
2016,6,9,10,15,27.0,326.0,4.7,17.0,350.5,338.75,264.91
2016,6,9,10,30,39.0,379.0,4.7,17.0,415.0,403.27,314.19
2016,6,9,10,45,44.0,396.5,4.7,17.0,437.5,426.87,331.77
2016,6,9,11,0,49.0,414.0,4.7,17.0,460.0,450.55,349.47
2016,6,9,11,15,112.5,448.5,4.7,17.0,556.0,556.47,430.53
2016,6,9,11,30,176.0,483.0,4.7,17.0,652.0,655.31,504.36
2016,6,9,11,45,183.0,479.5,4.75,17.0,656.0,660.75,508.21
2016,6,9,12,0,190.0,476.0,4.8,17.0,660.0,665.29,511.9
2016,6,9,12,15,212.0,478.5,4.9,17.0,683.5,689.75,530.71
2016,6,9,12,30,234.0,481.0,5.0,17.0,707.0,713.03,548.57
2016,6,9,12,45,229.0,477.0,5.1,17.0,697.0,701.88,540.77
2016,6,9,13,0,224.0,473.0,5.2,17.0,687.0,689.71,532.38
2016,6,9,13,15,176.0,465.5,5.25,17.0,631.5,632.04,489.09
2016,6,9,13,30,128.0,458.0,5.3,17.0,576.0,575.18,446.05
2016,6,9,13,45,95.5,430.5,5.4,17.0,517.0,506.43,394.45
2016,6,9,14,0,63.0,403.0,5.5,17.0,458.0,446.96,349.08
2016,6,9,14,15,47.5,368.0,5.55,17.0,409.5,396.45,310.59
2016,6,9,14,30,32.0,333.0,5.6,17.0,361.0,346.99,272.47
2016,6,9,14,45,93.0,350.5,5.65,17.0,424.5,410.35,324.02
2016,6,9,15,0,154.0,368.0,5.7,17.0,488.0,473.82,374.66
2016,6,9,15,15,161.5,347.5,5.75,16.5,467.5,451.22,358.53
2016,6,9,15,30,169.0,327.0,5.8,16.0,447.0,427.63,341.57
2016,6,9,15,45,130.5,301.5,5.85,16.0,390.5,369.75,295.93
2016,6,9,16,0,92.0,276.0,5.9,16.0,334.0,312.41,250.37
2016,6,9,16,15,101.5,255.5,5.9,15.5,314.5,292.12,235.02
2016,6,9,16,30,111.0,235.0,5.9,15.0,295.0,272.67,219.88
2016,6,9,16,45,419.5,160.0,5.95,15.0,355.5,326.82,261.72
2016,6,9,17,0,728.0,85.0,6.0,15.0,416.0,344.86,268.7
2016,6,9,17,15,694.0,80.0,5.95,14.5,365.5,285.06,215.24
2016,6,9,17,30,660.0,75.0,5.9,14.0,315.0,230.09,165.6
2016,6,9,17,45,612.5,69.5,5.9,14.0,265.5,175.63,117.58
2016,6,9,18,0,565.0,64.0,5.9,14.0,216.0,126.47,76.94
2016,6,9,18,15,497.0,56.5,5.85,13.5,169.5,79.62,44.51
2016,6,9,18,30,429.0,49.0,5.8,13.0,123.0,40.88,30.57
2016,6,9,18,45,327.0,38.0,5.75,13.0,84.0,29.81,20.17
2016,6,9,19,0,225.0,27.0,5.7,13.0,45.0,21.77,10.71
2016,6,9,19,15,112.5,13.5,5.6,13.0,22.5,12.87,0.0
2016,6,9,19,30,0.0,0.0,5.5,13.0,0.0,0.0,0.0
2016,6,9,19,45,0.0,0.0,5.45,13.0,0.0,0.0,0.0
2016,6,9,20,0,0.0,0.0,5.4,13.0,0.0,0.0,0.0
2016,6,9,20,15,0.0,0.0,5.3,13.0,0.0,0.0,0.0
2016,6,9,20,30,0.0,0.0,5.2,13.0,0.0,0.0,0.0
2016,6,9,20,45,0.0,0.0,5.15,13.0,0.0,0.0,0.0
2016,6,9,21,0,0.0,0.0,5.1,13.0,0.0,0.0,0.0
2016,6,9,21,15,0.0,0.0,4.95,12.5,0.0,0.0,0.0
2016,6,9,21,30,0.0,0.0,4.8,12.0,0.0,0.0,0.0
2016,6,9,21,45,0.0,0.0,4.7,12.0,0.0,0.0,0.0
2016,6,9,22,0,0.0,0.0,4.6,12.0,0.0,0.0,0.0
2016,6,9,22,15,0.0,0.0,4.6,12.0,0.0,0.0,0.0
2016,6,9,22,30,0.0,0.0,4.6,12.0,0.0,0.0,0.0
2016,6,9,22,45,0.0,0.0,4.6,12.0,0.0,0.0,0.0
2016,6,9,23,0,0.0,0.0,4.6,12.0,0.0,0.0,0.0
2016,6,9,23,15,0.0,0.0,4.6,12.0,0.0,0.0,0.0
2016,6,9,23,30,0.0,0.0,4.6,12.0,0.0,0.0,0.0
2016,6,9,23,45,0.0,0.0,4.6,12.0,0.0,0.0,0.0
2016,6,10,0,0,0.0,0.0,4.6,12.0,0.0,0.0,0.0
2016,6,10,0,15,0.0,0.0,4.55,12.0,0.0,0.0,0.0
2016,6,10,0,30,0.0,0.0,4.5,12.0,0.0,0.0,0.0
2016,6,10,0,45,0.0,0.0,4.5,12.0,0.0,0.0,0.0
2016,6,10,1,0,0.0,0.0,4.5,12.0,0.0,0.0,0.0
2016,6,10,1,15,0.0,0.0,4.45,12.0,0.0,0.0,0.0
2016,6,10,1,30,0.0,0.0,4.4,12.0,0.0,0.0,0.0
2016,6,10,1,45,0.0,0.0,4.35,12.0,0.0,0.0,0.0
2016,6,10,2,0,0.0,0.0,4.3,12.0,0.0,0.0,0.0
2016,6,10,2,15,0.0,0.0,4.2,12.0,0.0,0.0,0.0
2016,6,10,2,30,0.0,0.0,4.1,12.0,0.0,0.0,0.0
2016,6,10,2,45,0.0,0.0,4.05,12.0,0.0,0.0,0.0
2016,6,10,3,0,0.0,0.0,4.0,12.0,0.0,0.0,0.0
2016,6,10,3,15,0.0,0.0,3.95,12.0,0.0,0.0,0.0
2016,6,10,3,30,0.0,0.0,3.9,12.0,0.0,0.0,0.0
2016,6,10,3,45,0.0,0.0,3.9,12.0,0.0,0.0,0.0
2016,6,10,4,0,0.0,0.0,3.9,12.0,0.0,0.0,0.0
2016,6,10,4,15,0.0,0.0,4.05,12.0,0.0,0.0,0.0
2016,6,10,4,30,0.0,0.0,4.2,12.0,0.0,0.0,0.0
2016,6,10,4,45,42.5,5.0,4.35,12.0,6.0,0.0,0.0
2016,6,10,5,0,85.0,10.0,4.5,12.0,12.0,9.53,0.0
2016,6,10,5,15,216.0,21.5,4.7,12.5,42.5,17.02,5.18
2016,6,10,5,30,347.0,33.0,4.9,13.0,73.0,25.75,16.42
2016,6,10,5,45,428.0,42.0,5.1,13.5,115.5,31.71,22.32
2016,6,10,6,0,509.0,51.0,5.3,14.0,158.0,67.66,36.25
2016,6,10,6,15,565.0,57.0,5.4,14.0,205.5,111.52,64.76
2016,6,10,6,30,621.0,63.0,5.5,14.0,253.0,161.89,105.03
2016,6,10,6,45,412.5,110.0,5.6,14.5,246.0,194.13,143.22
2016,6,10,7,0,204.0,157.0,5.7,15.0,239.0,202.0,158.49
2016,6,10,7,15,145.5,180.5,5.7,15.0,243.0,216.57,172.97
2016,6,10,7,30,87.0,204.0,5.7,15.0,247.0,223.34,179.72
2016,6,10,7,45,173.0,223.5,5.75,15.5,320.0,288.38,232.17
2016,6,10,8,0,259.0,243.0,5.8,16.0,393.0,363.64,292.64
2016,6,10,8,15,189.0,270.5,5.8,16.0,385.0,362.93,291.68
2016,6,10,8,30,119.0,298.0,5.8,16.0,377.0,357.39,286.13
2016,6,10,8,45,106.5,316.5,5.8,16.5,390.5,370.27,295.16
2016,6,10,9,0,94.0,335.0,5.8,17.0,404.0,385.21,305.52
2016,6,10,9,15,483.5,221.5,5.8,17.0,605.0,585.41,469.5
2016,6,10,9,30,873.0,108.0,5.8,17.0,806.0,796.4,632.49
2016,6,10,9,45,884.5,108.5,5.85,17.5,840.5,838.23,660.25
2016,6,10,10,0,896.0,109.0,5.9,18.0,875.0,878.03,687.01
2016,6,10,10,15,903.0,110.0,5.95,18.0,903.0,912.1,710.79
2016,6,10,10,30,910.0,111.0,6.0,18.0,931.0,943.45,732.58
2016,6,10,10,45,914.5,112.0,6.05,18.0,952.0,969.57,750.64
2016,6,10,11,0,919.0,113.0,6.1,18.0,973.0,992.55,766.52
2016,6,10,11,15,922.5,114.0,6.1,18.0,987.5,1011.31,779.17
2016,6,10,11,30,926.0,115.0,6.1,18.0,1002.0,1026.69,789.53
2016,6,10,11,45,928.0,115.0,6.2,18.0,1009.0,1036.16,796.49
2016,6,10,12,0,930.0,115.0,6.3,18.0,1016.0,1042.12,801.14
2016,6,10,12,15,931.0,115.0,6.3,18.0,1015.5,1043.57,802.11
2016,6,10,12,30,932.0,115.0,6.3,18.0,1015.0,1041.47,800.73
2016,6,10,12,45,733.0,243.5,6.35,18.0,947.0,981.1,758.58
2016,6,10,13,0,534.0,372.0,6.4,18.0,879.0,905.24,699.31
2016,6,10,13,15,712.5,253.5,6.4,18.0,918.5,951.08,738.83
2016,6,10,13,30,891.0,135.0,6.4,18.0,958.0,975.04,756.31
2016,6,10,13,45,682.5,240.5,6.45,18.0,862.0,879.76,688.21
2016,6,10,14,0,474.0,346.0,6.5,18.0,766.0,777.0,607.54
2016,6,10,14,15,411.0,360.0,6.55,17.5,715.5,720.32,565.96
2016,6,10,14,30,348.0,374.0,6.6,17.0,665.0,661.02,521.68
2016,6,10,14,45,365.5,349.0,6.65,17.0,643.0,636.18,504.32
2016,6,10,15,0,383.0,324.0,6.7,17.0,621.0,609.03,484.82
2016,6,10,15,15,410.0,294.0,6.75,17.0,597.0,586.1,468.39
2016,6,10,15,30,437.0,264.0,6.8,17.0,573.0,555.12,445.39
2016,6,10,15,45,467.0,234.5,6.85,17.0,545.5,523.02,420.94
2016,6,10,16,0,497.0,205.0,6.9,17.0,518.0,487.09,392.7
2016,6,10,16,15,526.5,177.5,6.9,16.5,486.0,448.92,362.3
2016,6,10,16,30,556.0,150.0,6.9,16.0,454.0,409.06,329.23
2016,6,10,16,45,634.5,121.5,6.95,16.0,436.5,382.31,304.26
2016,6,10,17,0,713.0,93.0,7.0,16.0,419.0,346.11,269.49
2016,6,10,17,15,677.5,88.0,6.9,15.5,368.0,288.22,217.88
2016,6,10,17,30,642.0,83.0,6.8,15.0,317.0,233.75,168.9
2016,6,10,17,45,590.5,77.0,6.7,14.5,267.0,179.04,121.28
2016,6,10,18,0,539.0,71.0,6.6,14.0,217.0,130.14,81.21
2016,6,10,18,15,468.0,62.5,6.35,13.5,170.0,83.65,48.83
2016,6,10,18,30,397.0,54.0,6.1,13.0,123.0,45.7,34.84
2016,6,10,18,45,288.5,42.0,5.9,13.0,83.5,32.39,22.43
2016,6,10,19,0,180.0,30.0,5.7,13.0,44.0,23.55,12.26
2016,6,10,19,15,90.0,15.0,5.5,12.5,22.0,14.3,0.0
2016,6,10,19,30,0.0,0.0,5.3,12.0,0.0,0.0,0.0
2016,6,10,19,45,0.0,0.0,5.15,12.0,0.0,0.0,0.0
2016,6,10,20,0,0.0,0.0,5.0,12.0,0.0,0.0,0.0
2016,6,10,20,15,0.0,0.0,4.95,12.0,0.0,0.0,0.0
2016,6,10,20,30,0.0,0.0,4.9,12.0,0.0,0.0,0.0
2016,6,10,20,45,0.0,0.0,4.85,12.0,0.0,0.0,0.0
2016,6,10,21,0,0.0,0.0,4.8,12.0,0.0,0.0,0.0
2016,6,10,21,15,0.0,0.0,4.8,12.0,0.0,0.0,0.0
2016,6,10,21,30,0.0,0.0,4.8,12.0,0.0,0.0,0.0
2016,6,10,21,45,0.0,0.0,4.8,12.0,0.0,0.0,0.0
2016,6,10,22,0,0.0,0.0,4.8,12.0,0.0,0.0,0.0
2016,6,10,22,15,0.0,0.0,4.85,12.0,0.0,0.0,0.0
2016,6,10,22,30,0.0,0.0,4.9,12.0,0.0,0.0,0.0
2016,6,10,22,45,0.0,0.0,4.95,12.0,0.0,0.0,0.0
2016,6,10,23,0,0.0,0.0,5.0,12.0,0.0,0.0,0.0
2016,6,10,23,15,0.0,0.0,4.95,11.5,0.0,0.0,0.0
2016,6,10,23,30,0.0,0.0,4.9,11.0,0.0,0.0,0.0
2016,6,10,23,45,0.0,0.0,4.85,11.0,0.0,0.0,0.0
2016,6,11,0,0,0.0,0.0,4.8,11.0,0.0,0.0,0.0
2016,6,11,0,15,0.0,0.0,4.65,11.0,0.0,0.0,0.0
2016,6,11,0,30,0.0,0.0,4.5,11.0,0.0,0.0,0.0
2016,6,11,0,45,0.0,0.0,4.4,11.0,0.0,0.0,0.0
2016,6,11,1,0,0.0,0.0,4.3,11.0,0.0,0.0,0.0
2016,6,11,1,15,0.0,0.0,4.2,11.0,0.0,0.0,0.0
2016,6,11,1,30,0.0,0.0,4.1,11.0,0.0,0.0,0.0
2016,6,11,1,45,0.0,0.0,4.0,11.0,0.0,0.0,0.0
2016,6,11,2,0,0.0,0.0,3.9,11.0,0.0,0.0,0.0
2016,6,11,2,15,0.0,0.0,3.75,11.0,0.0,0.0,0.0
2016,6,11,2,30,0.0,0.0,3.6,11.0,0.0,0.0,0.0
2016,6,11,2,45,0.0,0.0,3.5,11.0,0.0,0.0,0.0
2016,6,11,3,0,0.0,0.0,3.4,11.0,0.0,0.0,0.0
2016,6,11,3,15,0.0,0.0,3.3,11.0,0.0,0.0,0.0
2016,6,11,3,30,0.0,0.0,3.2,11.0,0.0,0.0,0.0
2016,6,11,3,45,0.0,0.0,3.1,11.0,0.0,0.0,0.0
2016,6,11,4,0,0.0,0.0,3.0,11.0,0.0,0.0,0.0
2016,6,11,4,15,0.0,0.0,2.95,11.0,0.0,0.0,0.0
2016,6,11,4,30,0.0,0.0,2.9,11.0,0.0,0.0,0.0
2016,6,11,4,45,19.0,5.0,2.9,11.5,5.5,0.0,0.0
2016,6,11,5,0,38.0,10.0,2.9,12.0,11.0,9.53,0.0
2016,6,11,5,15,153.0,24.5,2.95,12.0,40.5,19.24,6.65
2016,6,11,5,30,268.0,39.0,3.0,12.0,70.0,30.23,20.38
2016,6,11,5,45,363.0,49.5,3.05,12.5,113.0,38.48,28.42
2016,6,11,6,0,458.0,60.0,3.1,13.0,156.0,72.83,42.45
2016,6,11,6,15,518.5,67.5,3.05,13.5,204.0,115.48,70.2
2016,6,11,6,30,579.0,75.0,3.0,14.0,252.0,165.28,109.34
2016,6,11,6,45,625.5,80.0,3.0,14.5,303.0,216.51,153.32
2016,6,11,7,0,672.0,85.0,3.0,15.0,354.0,272.74,202.61
2016,6,11,7,15,703.0,90.0,3.0,15.5,404.5,328.39,251.71
2016,6,11,7,30,734.0,95.0,3.0,16.0,455.0,386.75,301.99
2016,6,11,7,45,758.5,98.5,3.0,16.5,504.5,444.35,350.37
2016,6,11,8,0,783.0,102.0,3.0,17.0,554.0,501.86,397.19
2016,6,11,8,15,800.5,105.0,2.9,17.5,600.5,556.06,439.73
2016,6,11,8,30,818.0,108.0,2.8,18.0,647.0,610.35,480.82
2016,6,11,8,45,832.5,110.0,2.75,18.5,690.5,661.48,518.38
2016,6,11,9,0,847.0,112.0,2.7,19.0,734.0,709.77,552.79
2016,6,11,9,15,857.5,114.5,2.6,19.5,772.0,756.08,582.89
2016,6,11,9,30,868.0,117.0,2.5,20.0,810.0,800.78,611.02
2016,6,11,9,45,873.0,120.5,2.45,20.5,842.5,840.09,635.21
2016,6,11,10,0,878.0,124.0,2.4,21.0,875.0,876.96,657.39
2016,6,11,10,15,699.5,234.0,2.4,21.5,844.5,863.86,645.79
2016,6,11,10,30,521.0,344.0,2.4,22.0,814.0,828.0,614.56
2016,6,11,10,45,490.0,364.5,2.4,22.5,814.0,832.8,615.58
2016,6,11,11,0,459.0,385.0,2.4,23.0,814.0,834.34,614.03
2016,6,11,11,15,496.5,381.0,2.45,23.0,851.5,875.32,642.32
2016,6,11,11,30,534.0,377.0,2.5,23.0,889.0,915.17,669.3
2016,6,11,11,45,483.0,394.0,2.6,23.0,859.0,886.58,649.34
2016,6,11,12,0,432.0,411.0,2.7,23.0,829.0,855.11,627.86
2016,6,11,12,15,668.0,271.5,2.9,23.0,917.0,952.42,702.21
2016,6,11,12,30,904.0,132.0,3.1,23.0,1005.0,1030.33,754.61
2016,6,11,12,45,911.0,126.0,3.35,23.0,999.0,1024.97,752.65
2016,6,11,13,0,918.0,120.0,3.6,23.0,993.0,1015.99,748.99
2016,6,11,13,15,915.0,119.5,3.75,23.0,977.5,999.21,739.41
2016,6,11,13,30,912.0,119.0,3.9,23.0,962.0,979.11,727.63
2016,6,11,13,45,905.5,119.0,4.1,23.0,939.0,953.08,712.08
2016,6,11,14,0,899.0,119.0,4.3,23.0,916.0,924.11,694.36
2016,6,11,14,15,893.0,118.0,4.35,23.0,887.0,891.81,673.45
2016,6,11,14,30,887.0,117.0,4.4,23.0,858.0,856.86,650.57
2016,6,11,14,45,875.0,116.5,4.45,23.0,822.0,815.18,622.82
2016,6,11,15,0,863.0,116.0,4.5,23.0,786.0,771.67,593.61
2016,6,11,15,15,851.5,113.5,4.5,22.5,746.0,724.98,562.59
2016,6,11,15,30,840.0,111.0,4.5,22.0,706.0,678.62,529.65
2016,6,11,15,45,820.0,110.5,4.55,22.0,660.5,625.6,489.66
2016,6,11,16,0,800.0,110.0,4.6,22.0,615.0,572.5,448.59
2016,6,11,16,15,780.5,106.5,4.55,21.5,567.0,516.97,405.13
2016,6,11,16,30,761.0,103.0,4.5,21.0,519.0,461.94,360.72
2016,6,11,16,45,731.0,99.5,4.5,20.5,468.5,401.92,311.25
2016,6,11,17,0,701.0,96.0,4.5,20.0,418.0,345.26,263.09
2016,6,11,17,15,666.0,90.5,4.45,19.0,367.0,287.7,213.71
2016,6,11,17,30,631.0,85.0,4.4,18.0,316.0,233.51,166.51
2016,6,11,17,45,581.5,78.5,4.35,17.5,266.0,179.32,120.17
2016,6,11,18,0,532.0,72.0,4.3,17.0,216.0,130.71,80.87
2016,6,11,18,15,463.0,63.0,4.1,16.5,169.5,84.25,48.76
2016,6,11,18,30,394.0,54.0,3.9,16.0,123.0,46.08,30.27
2016,6,11,18,45,293.5,41.5,3.75,15.5,84.0,31.96,21.86
2016,6,11,19,0,193.0,29.0,3.6,15.0,45.0,22.72,11.7
2016,6,11,19,15,96.5,14.5,3.45,14.5,22.5,13.82,0.0
2016,6,11,19,30,0.0,0.0,3.3,14.0,0.0,0.0,0.0
2016,6,11,19,45,0.0,0.0,3.15,14.0,0.0,0.0,0.0
2016,6,11,20,0,0.0,0.0,3.0,14.0,0.0,0.0,0.0
2016,6,11,20,15,0.0,0.0,3.0,14.0,0.0,0.0,0.0
2016,6,11,20,30,0.0,0.0,3.0,14.0,0.0,0.0,0.0
2016,6,11,20,45,0.0,0.0,3.0,14.0,0.0,0.0,0.0
2016,6,11,21,0,0.0,0.0,3.0,14.0,0.0,0.0,0.0
2016,6,11,21,15,0.0,0.0,3.05,13.5,0.0,0.0,0.0
2016,6,11,21,30,0.0,0.0,3.1,13.0,0.0,0.0,0.0
2016,6,11,21,45,0.0,0.0,3.15,13.0,0.0,0.0,0.0
2016,6,11,22,0,0.0,0.0,3.2,13.0,0.0,0.0,0.0
2016,6,11,22,15,0.0,0.0,3.2,13.0,0.0,0.0,0.0
2016,6,11,22,30,0.0,0.0,3.2,13.0,0.0,0.0,0.0
2016,6,11,22,45,0.0,0.0,3.2,13.0,0.0,0.0,0.0
2016,6,11,23,0,0.0,0.0,3.2,13.0,0.0,0.0,0.0
2016,6,11,23,15,0.0,0.0,3.2,13.0,0.0,0.0,0.0
2016,6,11,23,30,0.0,0.0,3.2,13.0,0.0,0.0,0.0
2016,6,11,23,45,0.0,0.0,3.2,13.0,0.0,0.0,0.0
2016,6,12,0,0,0.0,0.0,3.2,13.0,0.0,0.0,0.0
2016,6,12,0,15,0.0,0.0,3.2,12.5,0.0,0.0,0.0
2016,6,12,0,30,0.0,0.0,3.2,12.0,0.0,0.0,0.0
2016,6,12,0,45,0.0,0.0,3.25,12.0,0.0,0.0,0.0
2016,6,12,1,0,0.0,0.0,3.3,12.0,0.0,0.0,0.0
2016,6,12,1,15,0.0,0.0,3.3,12.0,0.0,0.0,0.0
2016,6,12,1,30,0.0,0.0,3.3,12.0,0.0,0.0,0.0
2016,6,12,1,45,0.0,0.0,3.35,12.0,0.0,0.0,0.0
2016,6,12,2,0,0.0,0.0,3.4,12.0,0.0,0.0,0.0
2016,6,12,2,15,0.0,0.0,3.45,12.0,0.0,0.0,0.0
2016,6,12,2,30,0.0,0.0,3.5,12.0,0.0,0.0,0.0
2016,6,12,2,45,0.0,0.0,3.55,12.0,0.0,0.0,0.0
2016,6,12,3,0,0.0,0.0,3.6,12.0,0.0,0.0,0.0
2016,6,12,3,15,0.0,0.0,3.55,12.0,0.0,0.0,0.0
2016,6,12,3,30,0.0,0.0,3.5,12.0,0.0,0.0,0.0
2016,6,12,3,45,0.0,0.0,3.5,12.0,0.0,0.0,0.0
2016,6,12,4,0,0.0,0.0,3.5,12.0,0.0,0.0,0.0
2016,6,12,4,15,0.0,0.0,3.5,12.0,0.0,0.0,0.0
2016,6,12,4,30,0.0,0.0,3.5,12.0,0.0,0.0,0.0
2016,6,12,4,45,10.5,5.0,3.5,12.0,5.5,0.0,0.0
2016,6,12,5,0,21.0,10.0,3.5,12.0,11.0,9.53,0.0
2016,6,12,5,15,122.5,26.5,3.55,12.5,40.0,20.87,7.64
2016,6,12,5,30,224.0,43.0,3.6,13.0,69.0,33.43,23.01
2016,6,12,5,45,318.5,54.5,3.7,13.5,111.0,41.51,30.95
2016,6,12,6,0,413.0,66.0,3.8,14.0,153.0,74.35,45.03
2016,6,12,6,15,475.5,75.0,3.8,14.0,201.0,117.26,73.48
2016,6,12,6,30,538.0,84.0,3.8,14.0,249.0,166.21,111.94
2016,6,12,6,45,591.0,89.0,3.8,14.5,300.0,216.51,154.72
2016,6,12,7,0,644.0,94.0,3.8,15.0,351.0,272.64,203.59
2016,6,12,7,15,676.5,99.0,3.7,15.0,402.0,327.28,252.2
2016,6,12,7,30,709.0,104.0,3.6,15.0,453.0,384.81,302.41
2016,6,12,7,45,738.5,106.5,3.55,15.5,503.0,441.2,350.05
2016,6,12,8,0,768.0,109.0,3.5,16.0,553.0,500.48,398.5
2016,6,12,8,15,786.5,112.5,3.4,16.0,600.0,555.01,442.49
2016,6,12,8,30,805.0,116.0,3.3,16.0,647.0,609.75,485.35
2016,6,12,8,45,821.5,118.0,3.25,16.5,690.5,661.63,524.07
2016,6,12,9,0,838.0,120.0,3.2,17.0,734.0,712.96,561.21
2016,6,12,9,15,849.0,122.0,3.2,17.0,772.5,759.37,593.96
2016,6,12,9,30,860.0,124.0,3.2,17.0,811.0,800.79,622.2
2016,6,12,9,45,876.0,121.0,3.2,17.5,846.0,842.49,649.16
2016,6,12,10,0,892.0,118.0,3.2,18.0,881.0,882.47,674.53
2016,6,12,10,15,898.0,119.5,3.25,18.0,908.0,916.09,696.88
2016,6,12,10,30,904.0,121.0,3.3,18.0,935.0,946.94,717.31
2016,6,12,10,45,908.0,122.0,3.35,18.5,955.5,972.53,732.74
2016,6,12,11,0,912.0,123.0,3.4,19.0,976.0,994.97,746.05
2016,6,12,11,15,914.5,123.5,3.5,19.0,989.0,1012.22,757.71
2016,6,12,11,30,917.0,124.0,3.6,19.0,1002.0,1026.11,767.25
2016,6,12,11,45,916.5,125.0,3.7,19.0,1007.5,1034.1,772.96
2016,6,12,12,0,916.0,126.0,3.8,19.0,1013.0,1038.6,776.5
2016,6,12,12,15,915.5,126.0,3.85,19.0,1011.5,1038.65,776.83
2016,6,12,12,30,915.0,126.0,3.9,19.0,1010.0,1035.23,774.99
2016,6,12,12,45,910.0,127.5,3.95,19.0,1000.0,1025.39,768.96
2016,6,12,13,0,905.0,129.0,4.0,19.0,990.0,1012.19,760.79
2016,6,12,13,15,901.0,128.5,3.95,19.0,973.5,994.7,749.17
2016,6,12,13,30,897.0,128.0,3.9,19.0,957.0,973.99,735.44
2016,6,12,13,45,891.5,127.0,3.9,19.0,934.0,948.28,718.67
2016,6,12,14,0,886.0,126.0,3.9,19.0,911.0,919.62,699.88
2016,6,12,14,15,878.5,124.5,3.85,19.0,881.5,885.96,677.29
2016,6,12,14,30,871.0,123.0,3.8,19.0,852.0,849.79,652.88
2016,6,12,14,45,861.5,121.0,3.75,19.0,816.5,809.23,625.22
2016,6,12,15,0,852.0,119.0,3.7,19.0,781.0,766.69,595.96
2016,6,12,15,15,839.5,116.5,3.6,18.5,740.5,722.13,565.84
2016,6,12,15,30,827.0,114.0,3.5,18.0,700.0,673.4,530.46
2016,6,12,15,45,811.5,111.5,3.45,18.0,655.5,621.81,491.12
2016,6,12,16,0,796.0,109.0,3.4,18.0,611.0,569.77,450.48
2016,6,12,16,15,776.0,105.5,3.3,17.5,563.5,514.21,406.74
2016,6,12,16,30,756.0,102.0,3.2,17.0,516.0,459.21,362.1
2016,6,12,16,45,729.5,97.5,3.15,17.0,466.0,399.98,312.33
2016,6,12,17,0,703.0,93.0,3.1,17.0,416.0,343.74,263.72
2016,6,12,17,15,668.0,88.0,3.0,16.5,365.5,286.57,214.01
2016,6,12,17,30,633.0,83.0,2.9,16.0,315.0,232.75,166.62
2016,6,12,17,45,585.5,76.0,2.85,16.0,265.5,178.34,119.65
2016,6,12,18,0,538.0,69.0,2.8,16.0,216.0,129.27,79.6
2016,6,12,18,15,470.0,60.5,2.75,15.5,170.0,82.93,47.45
2016,6,12,18,30,402.0,52.0,2.7,15.0,124.0,44.71,28.92
2016,6,12,18,45,304.0,40.5,2.65,15.0,85.0,31.93,21.92
2016,6,12,19,0,206.0,29.0,2.6,15.0,46.0,22.7,11.85
2016,6,12,19,15,103.0,14.5,2.6,14.5,23.0,13.82,0.0
2016,6,12,19,30,0.0,0.0,2.6,14.0,0.0,0.0,0.0
2016,6,12,19,45,0.0,0.0,2.6,14.0,0.0,0.0,0.0
2016,6,12,20,0,0.0,0.0,2.6,14.0,0.0,0.0,0.0
2016,6,12,20,15,0.0,0.0,2.6,13.5,0.0,0.0,0.0
2016,6,12,20,30,0.0,0.0,2.6,13.0,0.0,0.0,0.0
2016,6,12,20,45,0.0,0.0,2.65,13.0,0.0,0.0,0.0
2016,6,12,21,0,0.0,0.0,2.7,13.0,0.0,0.0,0.0
2016,6,12,21,15,0.0,0.0,2.7,13.0,0.0,0.0,0.0
2016,6,12,21,30,0.0,0.0,2.7,13.0,0.0,0.0,0.0
2016,6,12,21,45,0.0,0.0,2.7,13.0,0.0,0.0,0.0
2016,6,12,22,0,0.0,0.0,2.7,13.0,0.0,0.0,0.0
2016,6,12,22,15,0.0,0.0,2.65,12.5,0.0,0.0,0.0
2016,6,12,22,30,0.0,0.0,2.6,12.0,0.0,0.0,0.0
2016,6,12,22,45,0.0,0.0,2.6,12.0,0.0,0.0,0.0
2016,6,12,23,0,0.0,0.0,2.6,12.0,0.0,0.0,0.0
2016,6,12,23,15,0.0,0.0,2.55,12.0,0.0,0.0,0.0
2016,6,12,23,30,0.0,0.0,2.5,12.0,0.0,0.0,0.0
2016,6,12,23,45,0.0,0.0,2.45,12.0,0.0,0.0,0.0
2016,6,13,0,0,0.0,0.0,2.4,12.0,0.0,0.0,0.0
2016,6,13,0,15,0.0,0.0,2.4,12.0,0.0,0.0,0.0
2016,6,13,0,30,0.0,0.0,2.4,12.0,0.0,0.0,0.0
2016,6,13,0,45,0.0,0.0,2.4,12.0,0.0,0.0,0.0
2016,6,13,1,0,0.0,