Year,Month,Day,Hour,Minute,DNI,DHI,Wind Speed,Temperature,GHI,PoA Irradiance (W/m^2),kW Generated (1000 kW Array)
2016,1,1,0,0,0.0,0.0,2.8,4.0,0.0,0.0,0.0
2016,1,1,0,15,0.0,0.0,2.8,3.5,0.0,0.0,0.0
2016,1,1,0,30,0.0,0.0,2.8,3.0,0.0,0.0,0.0
2016,1,1,0,45,0.0,0.0,2.8,3.0,0.0,0.0,0.0
2016,1,1,1,0,0.0,0.0,2.8,3.0,0.0,0.0,0.0
2016,1,1,1,15,0.0,0.0,2.85,3.0,0.0,0.0,0.0
2016,1,1,1,30,0.0,0.0,2.9,3.0,0.0,0.0,0.0
2016,1,1,1,45,0.0,0.0,2.95,3.0,0.0,0.0,0.0
2016,1,1,2,0,0.0,0.0,3.0,3.0,0.0,0.0,0.0
2016,1,1,2,15,0.0,0.0,3.05,3.0,0.0,0.0,0.0
2016,1,1,2,30,0.0,0.0,3.1,3.0,0.0,0.0,0.0
2016,1,1,2,45,0.0,0.0,3.15,3.0,0.0,0.0,0.0
2016,1,1,3,0,0.0,0.0,3.2,3.0,0.0,0.0,0.0
2016,1,1,3,15,0.0,0.0,3.25,2.5,0.0,0.0,0.0
2016,1,1,3,30,0.0,0.0,3.3,2.0,0.0,0.0,0.0
2016,1,1,3,45,0.0,0.0,3.35,2.0,0.0,0.0,0.0
2016,1,1,4,0,0.0,0.0,3.4,2.0,0.0,0.0,0.0
2016,1,1,4,15,0.0,0.0,3.45,2.0,0.0,0.0,0.0
2016,1,1,4,30,0.0,0.0,3.5,2.0,0.0,0.0,0.0
2016,1,1,4,45,0.0,0.0,3.55,2.0,0.0,0.0,0.0
2016,1,1,5,0,0.0,0.0,3.6,2.0,0.0,0.0,0.0
2016,1,1,5,15,0.0,0.0,3.6,2.0,0.0,0.0,0.0
2016,1,1,5,30,0.0,0.0,3.6,2.0,0.0,0.0,0.0
2016,1,1,5,45,0.0,0.0,3.6,2.0,0.0,0.0,0.0
2016,1,1,6,0,0.0,0.0,3.6,2.0,0.0,0.0,0.0
2016,1,1,6,15,0.0,0.0,3.55,2.0,0.0,0.0,0.0
2016,1,1,6,30,0.0,0.0,3.5,2.0,0.0,0.0,0.0
2016,1,1,6,45,0.0,0.0,3.5,2.0,0.0,0.0,0.0
2016,1,1,7,0,0.0,0.0,3.5,2.0,0.0,0.0,0.0
2016,1,1,7,15,0.0,0.0,3.5,2.0,0.0,0.0,0.0
2016,1,1,7,30,0.0,0.0,3.5,2.0,0.0,0.0,0.0
2016,1,1,7,45,175.0,15.0,3.55,2.5,30.5,89.64,0.0
2016,1,1,8,0,350.0,30.0,3.6,3.0,61.0,197.04,145.53
2016,1,1,8,15,447.5,38.5,3.65,3.5,100.5,270.28,221.63
2016,1,1,8,30,545.0,47.0,3.7,4.0,140.0,353.2,297.76
2016,1,1,8,45,603.5,53.0,3.75,4.5,181.0,420.46,359.0
2016,1,1,9,0,662.0,59.0,3.8,5.0,222.0,491.85,421.78
2016,1,1,9,15,700.5,63.0,3.8,5.5,260.5,551.49,472.8
2016,1,1,9,30,739.0,67.0,3.8,6.0,299.0,608.05,519.77
2016,1,1,9,45,766.5,70.0,3.8,6.5,333.0,660.75,560.55
2016,1,1,10,0,794.0,73.0,3.8,7.0,367.0,712.89,599.76
2016,1,1,10,15,811.5,75.0,3.75,7.0,395.5,755.04,631.29
2016,1,1,10,30,829.0,77.0,3.7,7.0,424.0,795.32,660.96
2016,1,1,10,45,840.5,79.0,3.65,7.5,445.5,828.42,683.58
2016,1,1,11,0,852.0,81.0,3.6,8.0,467.0,858.87,703.96
2016,1,1,11,15,859.5,82.0,3.5,8.0,481.5,881.7,719.49
2016,1,1,11,30,867.0,83.0,3.4,8.0,496.0,901.38,732.69
2016,1,1,11,45,869.5,83.5,3.3,8.5,503.0,912.61,738.38
2016,1,1,12,0,872.0,84.0,3.2,9.0,510.0,920.37,741.65
2016,1,1,12,15,872.0,84.0,3.1,9.0,509.5,921.7,741.74
2016,1,1,12,30,872.0,84.0,3.0,9.0,509.0,919.48,739.44
2016,1,1,12,45,872.0,82.5,2.9,9.0,501.5,911.84,733.38
2016,1,1,13,0,872.0,81.0,2.8,9.0,494.0,900.69,724.96
2016,1,1,13,15,864.0,79.5,2.65,9.0,478.5,879.06,708.65
2016,1,1,13,30,856.0,78.0,2.5,9.0,463.0,854.3,690.21
2016,1,1,13,45,844.5,76.5,2.45,9.0,440.5,823.66,668.28
2016,1,1,14,0,833.0,75.0,2.4,9.0,418.0,790.39,644.34
2016,1,1,14,15,814.5,72.5,2.35,9.0,389.0,748.01,613.36
2016,1,1,14,30,796.0,70.0,2.3,9.0,360.0,703.89,580.72
2016,1,1,14,45,769.5,67.0,2.25,9.0,325.5,652.03,541.53
2016,1,1,15,0,743.0,64.0,2.2,9.0,291.0,599.61,500.69
2016,1,1,15,15,703.0,60.0,2.15,8.5,252.0,537.31,450.32
2016,1,1,15,30,663.0,56.0,2.1,8.0,213.0,480.96,402.81
2016,1,1,15,45,601.5,50.0,2.05,8.0,172.0,408.25,339.67
2016,1,1,16,0,540.0,44.0,2.0,8.0,131.0,340.1,278.49
2016,1,1,16,15,438.5,35.5,2.05,7.5,92.0,256.81,203.49
2016,1,1,16,30,337.0,27.0,2.1,7.0,53.0,181.8,120.06
2016,1,1,16,45,168.5,13.5,2.15,7.0,26.5,68.02,0.0
2016,1,1,17,0,0.0,0.0,2.2,7.0,0.0,0.0,0.0
2016,1,1,17,15,0.0,0.0,2.25,6.5,0.0,0.0,0.0
2016,1,1,17,30,0.0,0.0,2.3,6.0,0.0,0.0,0.0
2016,1,1,17,45,0.0,0.0,2.4,6.0,0.0,0.0,0.0
2016,1,1,18,0,0.0,0.0,2.5,6.0,0.0,0.0,0.0
2016,1,1,18,15,0.0,0.0,2.55,6.0,0.0,0.0,0.0
2016,1,1,18,30,0.0,0.0,2.6,6.0,0.0,0.0,0.0
2016,1,1,18,45,0.0,0.0,2.65,6.0,0.0,0.0,0.0
2016,1,1,19,0,0.0,0.0,2.7,6.0,0.0,0.0,0.0
2016,1,1,19,15,0.0,0.0,2.65,6.0,0.0,0.0,0.0
2016,1,1,19,30,0.0,0.0,2.6,6.0,0.0,0.0,0.0
2016,1,1,19,45,0.0,0.0,2.6,6.0,0.0,0.0,0.0
2016,1,1,20,0,0.0,0.0,2.6,6.0,0.0,0.0,0.0
2016,1,1,20,15,0.0,0.0,2.55,5.5,0.0,0.0,0.0
2016,1,1,20,30,0.0,0.0,2.5,5.0,0.0,0.0,0.0
2016,1,1,20,45,0.0,0.0,2.5,5.0,0.0,0.0,0.0
2016,1,1,21,0,0.0,0.0,2.5,5.0,0.0,0.0,0.0
2016,1,1,21,15,0.0,0.0,2.5,5.0,0.0,0.0,0.0
2016,1,1,21,30,0.0,0.0,2.5,5.0,0.0,0.0,0.0
2016,1,1,21,45,0.0,0.0,2.5,5.0,0.0,0.0,0.0
2016,1,1,22,0,0.0,0.0,2.5,5.0,0.0,0.0,0.0
2016,1,1,22,15,0.0,0.0,2.5,5.0,0.0,0.0,0.0
2016,1,1,22,30,0.0,0.0,2.5,5.0,0.0,0.0,0.0
2016,1,1,22,45,0.0,0.0,2.5,5.0,0.0,0.0,0.0
2016,1,1,23,0,0.0,0.0,2.5,5.0,0.0,0.0,0.0
2016,1,1,23,15,0.0,0.0,2.45,5.0,0.0,0.0,0.0
2016,1,1,23,30,0.0,0.0,2.4,5.0,0.0,0.0,0.0
2016,1,1,23,45,0.0,0.0,2.4,5.0,0.0,0.0,0.0
2016,1,2,0,0,0.0,0.0,2.4,5.0,0.0,0.0,0.0
2016,1,2,0,15,0.0,0.0,2.4,5.0,0.0,0.0,0.0
2016,1,2,0,30,0.0,0.0,2.4,5.0,0.0,0.0,0.0
2016,1,2,0,45,0.0,0.0,2.4,5.0,0.0,0.0,0.0
2016,1,2,1,0,0.0,0.0,2.4,5.0,0.0,0.0,0.0
2016,1,2,1,15,0.0,0.0,2.4,5.0,0.0,0.0,0.0
2016,1,2,1,30,0.0,0.0,2.4,5.0,0.0,0.0,0.0
2016,1,2,1,45,0.0,0.0,2.45,5.0,0.0,0.0,0.0
2016,1,2,2,0,0.0,0.0,2.5,5.0,0.0,0.0,0.0
2016,1,2,2,15,0.0,0.0,2.5,5.0,0.0,0.0,0.0
2016,1,2,2,30,0.0,0.0,2.5,5.0,0.0,0.0,0.0
2016,1,2,2,45,0.0,0.0,2.55,5.0,0.0,0.0,0.0
2016,1,2,3,0,0.0,0.0,2.6,5.0,0.0,0.0,0.0
2016,1,2,3,15,0.0,0.0,2.6,5.0,0.0,0.0,0.0
2016,1,2,3,30,0.0,0.0,2.6,5.0,0.0,0.0,0.0
2016,1,2,3,45,0.0,0.0,2.65,5.0,0.0,0.0,0.0
2016,1,2,4,0,0.0,0.0,2.7,5.0,0.0,0.0,0.0
2016,1,2,4,15,0.0,0.0,2.7,5.0,0.0,0.0,0.0
2016,1,2,4,30,0.0,0.0,2.7,5.0,0.0,0.0,0.0
2016,1,2,4,45,0.0,0.0,2.75,5.0,0.0,0.0,0.0
2016,1,2,5,0,0.0,0.0,2.8,5.0,0.0,0.0,0.0
2016,1,2,5,15,0.0,0.0,2.9,4.5,0.0,0.0,0.0
2016,1,2,5,30,0.0,0.0,3.0,4.0,0.0,0.0,0.0
2016,1,2,5,45,0.0,0.0,3.1,4.0,0.0,0.0,0.0
2016,1,2,6,0,0.0,0.0,3.2,4.0,0.0,0.0,0.0
2016,1,2,6,15,0.0,0.0,3.25,4.0,0.0,0.0,0.0
2016,1,2,6,30,0.0,0.0,3.3,4.0,0.0,0.0,0.0
2016,1,2,6,45,0.0,0.0,3.4,4.0,0.0,0.0,0.0
2016,1,2,7,0,0.0,0.0,3.5,4.0,0.0,0.0,0.0
2016,1,2,7,15,0.0,0.0,3.55,4.0,0.0,0.0,0.0
2016,1,2,7,30,0.0,0.0,3.6,4.0,0.0,0.0,0.0
2016,1,2,7,45,30.0,15.5,3.7,4.5,18.5,28.51,0.0
2016,1,2,8,0,60.0,31.0,3.8,5.0,37.0,64.64,44.59
2016,1,2,8,15,87.5,48.0,3.8,5.0,61.0,100.03,79.57
2016,1,2,8,30,115.0,65.0,3.8,5.0,85.0,137.6,114.26
2016,1,2,8,45,131.5,82.0,3.85,5.5,110.5,171.54,145.21
2016,1,2,9,0,148.0,99.0,3.9,6.0,136.0,206.82,176.77
2016,1,2,9,15,158.0,115.0,3.85,6.5,159.5,237.82,203.9
2016,1,2,9,30,168.0,131.0,3.8,7.0,183.0,269.44,230.96
2016,1,2,9,45,182.5,142.5,3.8,7.5,205.5,298.81,255.76
2016,1,2,10,0,197.0,154.0,3.8,8.0,228.0,328.98,280.8
2016,1,2,10,15,304.5,151.5,3.85,8.0,275.0,429.8,366.52
2016,1,2,10,30,412.0,149.0,3.9,8.0,322.0,539.08,456.74
2016,1,2,10,45,607.0,111.0,4.0,8.5,379.5,675.85,566.73
2016,1,2,11,0,802.0,73.0,4.1,9.0,437.0,805.56,664.83
2016,1,2,11,15,406.0,122.0,4.2,9.5,307.0,527.8,444.56
2016,1,2,11,30,10.0,171.0,4.3,10.0,177.0,173.88,142.57
2016,1,2,11,45,32.0,189.0,4.4,10.5,205.5,229.57,190.17
2016,1,2,12,0,54.0,207.0,4.5,11.0,234.0,272.23,225.78
2016,1,2,12,15,38.5,197.5,4.55,11.0,217.0,245.97,203.45
2016,1,2,12,30,23.0,188.0,4.6,11.0,200.0,204.34,168.39
2016,1,2,12,45,11.5,172.0,4.65,11.5,178.0,176.07,144.17
2016,1,2,13,0,0.0,156.0,4.7,12.0,156.0,148.42,120.41
2016,1,2,13,15,39.5,175.5,4.7,12.0,193.5,219.97,181.92
2016,1,2,13,30,79.0,195.0,4.7,12.0,231.0,279.35,232.46
2016,1,2,13,45,39.5,163.5,4.7,12.0,181.5,205.78,170.23
2016,1,2,14,0,0.0,132.0,4.7,12.0,132.0,125.07,101.23
2016,1,2,14,15,0.0,102.5,4.6,12.0,102.5,94.29,75.32
2016,1,2,14,30,0.0,73.0,4.5,12.0,73.0,64.77,50.21
2016,1,2,14,45,0.0,66.0,4.4,12.0,66.0,58.33,44.75
2016,1,2,15,0,0.0,59.0,4.3,12.0,59.0,52.12,39.43
2016,1,2,15,15,0.0,51.0,4.05,11.5,51.0,45.02,33.37
2016,1,2,15,30,0.0,43.0,3.8,11.0,43.0,37.93,27.22
2016,1,2,15,45,0.0,34.5,3.55,10.5,34.5,30.4,20.62
2016,1,2,16,0,0.0,26.0,3.3,10.0,26.0,22.89,13.96
2016,1,2,16,15,0.0,18.5,3.35,9.5,18.5,16.27,8.0
2016,1,2,16,30,0.0,11.0,3.4,9.0,11.0,9.66,1.43
2016,1,2,16,45,0.0,5.5,3.45,9.0,5.5,5.0,0.0
2016,1,2,17,0,0.0,0.0,3.5,9.0,0.0,0.0,0.0
2016,1,2,17,15,0.0,0.0,3.6,9.0,0.0,0.0,0.0
2016,1,2,17,30,0.0,0.0,3.7,9.0,0.0,0.0,0.0
2016,1,2,17,45,0.0,0.0,3.8,9.0,0.0,0.0,0.0
2016,1,2,18,0,0.0,0.0,3.9,9.0,0.0,0.0,0.0
2016,1,2,18,15,0.0,0.0,4.0,8.5,0.0,0.0,0.0
2016,1,2,18,30,0.0,0.0,4.1,8.0,0.0,0.0,0.0
2016,1,2,18,45,0.0,0.0,4.2,8.0,0.0,0.0,0.0
2016,1,2,19,0,0.0,0.0,4.3,8.0,0.0,0.0,0.0
2016,1,2,19,15,0.0,0.0,4.35,8.0,0.0,0.0,0.0
2016,1,2,19,30,0.0,0.0,4.4,8.0,0.0,0.0,0.0
2016,1,2,19,45,0.0,0.0,4.5,8.0,0.0,0.0,0.0
2016,1,2,20,0,0.0,0.0,4.6,8.0,0.0,0.0,0.0
2016,1,2,20,15,0.0,0.0,4.6,7.5,0.0,0.0,0.0
2016,1,2,20,30,0.0,0.0,4.6,7.0,0.0,0.0,0.0
2016,1,2,20,45,0.0,0.0,4.7,7.0,0.0,0.0,0.0
2016,1,2,21,0,0.0,0.0,4.8,7.0,0.0,0.0,0.0
2016,1,2,21,15,0.0,0.0,4.85,7.0,0.0,0.0,0.0
2016,1,2,21,30,0.0,0.0,4.9,7.0,0.0,0.0,0.0
2016,1,2,21,45,0.0,0.0,4.95,7.0,0.0,0.0,0.0
2016,1,2,22,0,0.0,0.0,5.0,7.0,0.0,0.0,0.0
2016,1,2,22,15,0.0,0.0,5.05,7.0,0.0,0.0,0.0
2016,1,2,22,30,0.0,0.0,5.1,7.0,0.0,0.0,0.0
2016,1,2,22,45,0.0,0.0,5.2,7.0,0.0,0.0,0.0
2016,1,2,23,0,0.0,0.0,5.3,7.0,0.0,0.0,0.0
2016,1,2,23,15,0.0,0.0,5.3,7.0,0.0,0.0,0.0
2016,1,2,23,30,0.0,0.0,5.3,7.0,0.0,0.0,0.0
2016,1,2,23,45,0.0,0.0,5.35,7.0,0.0,0.0,0.0
2016,1,3,0,0,0.0,0.0,5.4,7.0,0.0,0.0,0.0
2016,1,3,0,15,0.0,0.0,5.35,6.5,0.0,0.0,0.0
2016,1,3,0,30,0.0,0.0,5.3,6.0,0.0,0.0,0.0
2016,1,3,0,45,0.0,0.0,5.3,6.0,0.0,0.0,0.0
2016,1,3,1,0,0.0,0.0,5.3,6.0,0.0,0.0,0.0
2016,1,3,1,15,0.0,0.0,5.3,6.0,0.0,0.0,0.0
2016,1,3,1,30,0.0,0.0,5.3,6.0,0.0,0.0,0.0
2016,1,3,1,45,0.0,0.0,5.35,6.0,0.0,0.0,0.0
2016,1,3,2,0,0.0,0.0,5.4,6.0,0.0,0.0,0.0
2016,1,3,2,15,0.0,0.0,5.45,6.0,0.0,0.0,0.0
2016,1,3,2,30,0.0,0.0,5.5,6.0,0.0,0.0,0.0
2016,1,3,2,45,0.0,0.0,5.55,6.5,0.0,0.0,0.0
2016,1,3,3,0,0.0,0.0,5.6,7.0,0.0,0.0,0.0
2016,1,3,3,15,0.0,0.0,5.7,7.0,0.0,0.0,0.0
2016,1,3,3,30,0.0,0.0,5.8,7.0,0.0,0.0,0.0
2016,1,3,3,45,0.0,0.0,5.95,7.0,0.0,0.0,0.0
2016,1,3,4,0,0.0,0.0,6.1,7.0,0.0,0.0,0.0
2016,1,3,4,15,0.0,0.0,6.1,7.0,0.0,0.0,0.0
2016,1,3,4,30,0.0,0.0,6.1,7.0,0.0,0.0,0.0
2016,1,3,4,45,0.0,0.0,6.1,7.0,0.0,0.0,0.0
2016,1,3,5,0,0.0,0.0,6.1,7.0,0.0,0.0,0.0
2016,1,3,5,15,0.0,0.0,5.85,7.0,0.0,0.0,0.0
2016,1,3,5,30,0.0,0.0,5.6,7.0,0.0,0.0,0.0
2016,1,3,5,45,0.0,0.0,5.4,7.0,0.0,0.0,0.0
2016,1,3,6,0,0.0,0.0,5.2,7.0,0.0,0.0,0.0
2016,1,3,6,15,0.0,0.0,5.0,7.0,0.0,0.0,0.0
2016,1,3,6,30,0.0,0.0,4.8,7.0,0.0,0.0,0.0
2016,1,3,6,45,0.0,0.0,4.65,7.0,0.0,0.0,0.0
2016,1,3,7,0,0.0,0.0,4.5,7.0,0.0,0.0,0.0
2016,1,3,7,15,0.0,0.0,4.4,7.0,0.0,0.0,0.0
2016,1,3,7,30,0.0,0.0,4.3,7.0,0.0,0.0,0.0
2016,1,3,7,45,0.0,10.5,4.2,7.5,10.5,9.23,0.0
2016,1,3,8,0,0.0,21.0,4.1,8.0,21.0,18.5,8.72
2016,1,3,8,15,0.0,35.0,4.0,8.0,35.0,31.81,21.31
2016,1,3,8,30,0.0,49.0,3.9,8.0,49.0,45.61,33.73
2016,1,3,8,45,0.0,63.5,3.8,8.5,63.5,59.88,46.39
2016,1,3,9,0,0.0,78.0,3.7,9.0,78.0,74.15,58.89
2016,1,3,9,15,0.0,91.5,3.6,9.0,91.5,87.32,70.4
2016,1,3,9,30,0.0,105.0,3.5,9.0,105.0,100.6,81.85
2016,1,3,9,45,0.0,116.5,3.4,9.5,116.5,111.71,91.15
2016,1,3,10,0,0.0,128.0,3.3,10.0,128.0,122.98,100.46
2016,1,3,10,15,5.0,140.0,3.35,10.0,142.5,138.92,114.04
2016,1,3,10,30,10.0,152.0,3.4,10.0,157.0,155.32,127.92
2016,1,3,10,45,28.5,170.0,3.5,10.5,183.0,204.47,169.44
2016,1,3,11,0,47.0,188.0,3.6,11.0,209.0,242.51,201.1
2016,1,3,11,15,88.5,201.5,3.8,11.0,243.0,295.97,246.45
2016,1,3,11,30,130.0,215.0,4.0,11.0,277.0,367.42,305.74
2016,1,3,11,45,74.5,200.5,4.2,11.0,236.5,282.37,234.51
2016,1,3,12,0,19.0,186.0,4.4,11.0,196.0,198.29,163.03
2016,1,3,12,15,58.5,202.5,4.4,11.0,231.5,270.38,224.46
2016,1,3,12,30,98.0,219.0,4.4,11.0,267.0,327.6,272.65
2016,1,3,12,45,235.0,203.0,4.4,11.0,316.0,464.94,388.15
2016,1,3,13,0,372.0,187.0,4.4,11.0,365.0,564.7,471.07
2016,1,3,13,15,393.5,176.5,4.05,11.0,359.5,582.41,483.89
2016,1,3,13,30,415.0,166.0,3.7,11.0,354.0,580.91,482.75
2016,1,3,13,45,368.5,165.0,3.35,11.5,326.0,514.73,428.64
2016,1,3,14,0,322.0,164.0,3.0,12.0,298.0,466.82,388.64
2016,1,3,14,15,211.0,159.5,2.65,12.0,245.0,350.71,292.93
2016,1,3,14,30,100.0,155.0,2.3,12.0,192.0,256.53,213.23
2016,1,3,14,45,91.5,141.5,2.0,12.0,173.0,219.12,182.37
2016,1,3,15,0,83.0,128.0,1.7,12.0,154.0,195.55,162.42
2016,1,3,15,15,76.0,112.0,1.55,11.5,133.5,170.27,141.15
2016,1,3,15,30,69.0,96.0,1.4,11.0,113.0,145.61,120.01
2016,1,3,15,45,54.5,79.0,1.3,11.0,90.5,116.11,94.12
2016,1,3,16,0,40.0,62.0,1.2,11.0,68.0,87.91,69.15
2016,1,3,16,15,20.0,45.0,1.3,10.5,48.0,58.47,43.14
2016,1,3,16,30,0.0,28.0,1.4,10.0,28.0,27.24,14.7
2016,1,3,16,45,0.0,14.0,1.5,10.0,14.0,12.34,0.0
2016,1,3,17,0,0.0,0.0,1.6,10.0,0.0,0.0,0.0
2016,1,3,17,15,0.0,0.0,1.7,9.5,0.0,0.0,0.0
2016,1,3,17,30,0.0,0.0,1.8,9.0,0.0,0.0,0.0
2016,1,3,17,45,0.0,0.0,1.95,9.0,0.0,0.0,0.0
2016,1,3,18,0,0.0,0.0,2.1,9.0,0.0,0.0,0.0
2016,1,3,18,15,0.0,0.0,2.2,9.0,0.0,0.0,0.0
2016,1,3,18,30,0.0,0.0,2.3,9.0,0.0,0.0,0.0
2016,1,3,18,45,0.0,0.0,2.45,9.0,0.0,0.0,0.0
2016,1,3,19,0,0.0,0.0,2.6,9.0,0.0,0.0,0.0
2016,1,3,19,15,0.0,0.0,2.7,8.5,0.0,0.0,0.0
2016,1,3,19,30,0.0,0.0,2.8,8.0,0.0,0.0,0.0
2016,1,3,19,45,0.0,0.0,2.9,8.0,0.0,0.0,0.0
2016,1,3,20,0,0.0,0.0,3.0,8.0,0.0,0.0,0.0
2016,1,3,20,15,0.0,0.0,3.05,8.0,0.0,0.0,0.0
2016,1,3,20,30,0.0,0.0,3.1,8.0,0.0,0.0,0.0
2016,1,3,20,45,0.0,0.0,3.15,8.0,0.0,0.0,0.0
2016,1,3,21,0,0.0,0.0,3.2,8.0,0.0,0.0,0.0
2016,1,3,21,15,0.0,0.0,3.25,8.0,0.0,0.0,0.0
2016,1,3,21,30,0.0,0.0,3.3,8.0,0.0,0.0,0.0
2016,1,3,21,45,0.0,0.0,3.35,8.0,0.0,0.0,0.0
2016,1,3,22,0,0.0,0.0,3.4,8.0,0.0,0.0,0.0
2016,1,3,22,15,0.0,0.0,3.45,8.0,0.0,0.0,0.0
2016,1,3,22,30,0.0,0.0,3.5,8.0,0.0,0.0,0.0
2016,1,3,22,45,0.0,0.0,3.6,8.0,0.0,0.0,0.0
2016,1,3,23,0,0.0,0.0,3.7,8.0,0.0,0.0,0.0
2016,1,3,23,15,0.0,0.0,3.75,8.0,0.0,0.0,0.0
2016,1,3,23,30,0.0,0.0,3.8,8.0,0.0,0.0,0.0
2016,1,3,23,45,0.0,0.0,3.9,8.0,0.0,0.0,0.0
2016,1,4,0,0,0.0,0.0,4.0,8.0,0.0,0.0,0.0
2016,1,4,0,15,0.0,0.0,4.1,8.0,0.0,0.0,0.0
2016,1,4,0,30,0.0,0.0,4.2,8.0,0.0,0.0,0.0
2016,1,4,0,45,0.0,0.0,4.35,8.0,0.0,0.0,0.0
2016,1,4,1,0,0.0,0.0,4.5,8.0,0.0,0.0,0.0
2016,1,4,1,15,0.0,0.0,4.65,8.0,0.0,0.0,0.0
2016,1,4,1,30,0.0,0.0,4.8,8.0,0.0,0.0,0.0
2016,1,4,1,45,0.0,0.0,5.0,8.0,0.0,0.0,0.0
2016,1,4,2,0,0.0,0.0,5.2,8.0,0.0,0.0,0.0
2016,1,4,2,15,0.0,0.0,5.3,8.0,0.0,0.0,0.0
2016,1,4,2,30,0.0,0.0,5.4,8.0,0.0,0.0,0.0
2016,1,4,2,45,0.0,0.0,5.55,8.0,0.0,0.0,0.0
2016,1,4,3,0,0.0,0.0,5.7,8.0,0.0,0.0,0.0
2016,1,4,3,15,0.0,0.0,5.75,8.0,0.0,0.0,0.0
2016,1,4,3,30,0.0,0.0,5.8,8.0,0.0,0.0,0.0
2016,1,4,3,45,0.0,0.0,5.85,8.5,0.0,0.0,0.0
2016,1,4,4,0,0.0,0.0,5.9,9.0,0.0,0.0,0.0
2016,1,4,4,15,0.0,0.0,5.85,9.0,0.0,0.0,0.0
2016,1,4,4,30,0.0,0.0,5.8,9.0,0.0,0.0,0.0
2016,1,4,4,45,0.0,0.0,5.8,9.5,0.0,0.0,0.0
2016,1,4,5,0,0.0,0.0,5.8,10.0,0.0,0.0,0.0
2016,1,4,5,15,0.0,0.0,5.7,10.0,0.0,0.0,0.0
2016,1,4,5,30,0.0,0.0,5.6,10.0,0.0,0.0,0.0
2016,1,4,5,45,0.0,0.0,5.6,10.0,0.0,0.0,0.0
2016,1,4,6,0,0.0,0.0,5.6,10.0,0.0,0.0,0.0
2016,1,4,6,15,0.0,0.0,5.45,10.0,0.0,0.0,0.0
2016,1,4,6,30,0.0,0.0,5.3,10.0,0.0,0.0,0.0
2016,1,4,6,45,0.0,0.0,5.15,10.0,0.0,0.0,0.0
2016,1,4,7,0,0.0,0.0,5.0,10.0,0.0,0.0,0.0
2016,1,4,7,15,0.0,0.0,5.0,10.0,0.0,0.0,0.0
2016,1,4,7,30,0.0,0.0,5.0,10.0,0.0,0.0,0.0
2016,1,4,7,45,184.5,13.5,5.05,10.5,29.5,89.87,0.0
2016,1,4,8,0,369.0,27.0,5.1,11.0,59.0,199.91,142.92
2016,1,4,8,15,461.0,34.0,5.15,11.0,97.5,269.3,215.38
2016,1,4,8,30,553.0,41.0,5.2,11.0,136.0,343.85,284.1
2016,1,4,8,45,612.0,45.5,5.3,11.5,176.0,410.15,344.0
2016,1,4,9,0,671.0,50.0,5.4,12.0,216.0,480.44,405.51
2016,1,4,9,15,706.5,53.5,5.5,12.0,253.0,538.03,455.7
2016,1,4,9,30,742.0,57.0,5.6,12.0,290.0,596.6,505.15
2016,1,4,9,45,519.5,101.0,5.7,12.5,273.0,516.62,437.36
2016,1,4,10,0,297.0,145.0,5.8,13.0,256.0,406.47,342.97
2016,1,4,10,15,512.0,113.0,5.9,13.0,321.0,561.35,473.95
2016,1,4,10,30,727.0,81.0,6.0,13.0,386.0,716.2,597.24
2016,1,4,10,45,599.5,118.5,6.15,13.5,378.5,677.98,565.08
2016,1,4,11,0,472.0,156.0,6.3,14.0,371.0,619.32,515.88
2016,1,4,11,15,308.0,186.0,6.4,14.0,328.0,502.68,419.03
2016,1,4,11,30,144.0,216.0,6.5,14.0,285.0,381.08,315.9
2016,1,4,11,45,325.5,190.5,6.6,14.0,350.0,531.12,442.84
2016,1,4,12,0,507.0,165.0,6.7,14.0,415.0,685.55,569.28
2016,1,4,12,15,282.0,187.5,6.75,14.0,326.5,490.05,408.17
2016,1,4,12,30,57.0,210.0,6.8,14.0,238.0,278.45,229.11
2016,1,4,12,45,28.5,179.5,6.9,14.0,193.5,214.33,175.57
2016,1,4,13,0,0.0,149.0,7.0,14.0,149.0,140.63,113.17
2016,1,4,13,15,3.5,154.5,7.0,13.5,156.5,150.16,121.67
2016,1,4,13,30,7.0,160.0,7.0,13.0,164.0,159.92,130.36
2016,1,4,13,45,3.5,104.5,7.0,13.0,106.5,98.11,78.24
2016,1,4,14,0,0.0,49.0,7.0,13.0,49.0,43.25,31.47
2016,1,4,14,15,2.5,90.5,6.75,13.0,91.5,83.76,66.25
2016,1,4,14,30,5.0,132.0,6.5,13.0,134.0,131.34,106.81
2016,1,4,14,45,2.5,120.0,6.3,13.0,121.0,117.56,95.12
2016,1,4,15,0,0.0,108.0,6.1,13.0,108.0,104.12,83.67
2016,1,4,15,15,0.0,93.5,5.95,12.5,93.5,89.72,71.52
2016,1,4,15,30,0.0,79.0,5.8,12.0,79.0,75.42,59.28
2016,1,4,15,45,0.0,64.0,5.7,12.0,64.0,60.6,46.32
2016,1,4,16,0,0.0,49.0,5.6,12.0,49.0,45.75,33.24
2016,1,4,16,15,0.0,35.0,5.55,12.0,35.0,31.97,20.99
2016,1,4,16,30,0.0,21.0,5.5,12.0,21.0,18.51,8.3
2016,1,4,16,45,0.0,10.5,5.5,12.0,10.5,9.23,0.0
2016,1,4,17,0,0.0,0.0,5.5,12.0,0.0,0.0,0.0
2016,1,4,17,15,0.0,0.0,5.55,12.0,0.0,0.0,0.0
2016,1,4,17,30,0.0,0.0,5.6,12.0,0.0,0.0,0.0
2016,1,4,17,45,0.0,0.0,5.65,12.0,0.0,0.0,0.0
2016,1,4,18,0,0.0,0.0,5.7,12.0,0.0,0.0,0.0
2016,1,4,18,15,0.0,0.0,5.7,12.0,0.0,0.0,0.0
2016,1,4,18,30,0.0,0.0,5.7,12.0,0.0,0.0,0.0
2016,1,4,18,45,0.0,0.0,5.75,12.0,0.0,0.0,0.0
2016,1,4,19,0,0.0,0.0,5.8,12.0,0.0,0.0,0.0
2016,1,4,19,15,0.0,0.0,5.8,12.0,0.0,0.0,0.0
2016,1,4,19,30,0.0,0.0,5.8,12.0,0.0,0.0,0.0
2016,1,4,19,45,0.0,0.0,5.8,12.0,0.0,0.0,0.0
2016,1,4,20,0,0.0,0.0,5.8,12.0,0.0,0.0,0.0
2016,1,4,20,15,0.0,0.0,5.9,12.0,0.0,0.0,0.0
2016,1,4,20,30,0.0,0.0,6.0,12.0,0.0,0.0,0.0
2016,1,4,20,45,0.0,0.0,6.1,12.0,0.0,0.0,0.0
2016,1,4,21,0,0.0,0.0,6.2,12.0,0.0,0.0,0.0
2016,1,4,21,15,0.0,0.0,6.25,12.0,0.0,0.0,0.0
2016,1,4,21,30,0.0,0.0,6.3,12.0,0.0,0.0,0.0
2016,1,4,21,45,0.0,0.0,6.35,12.0,0.0,0.0,0.0
2016,1,4,22,0,0.0,0.0,6.4,12.0,0.0,0.0,0.0
2016,1,4,22,15,0.0,0.0,6.6,12.0,0.0,0.0,0.0
2016,1,4,22,30,0.0,0.0,6.8,12.0,0.0,0.0,0.0
2016,1,4,22,45,0.0,0.0,7.0,12.0,0.0,0.0,0.0
2016,1,4,23,0,0.0,0.0,7.2,12.0,0.0,0.0,0.0
2016,1,4,23,15,0.0,0.0,7.35,12.0,0.0,0.0,0.0
2016,1,4,23,30,0.0,0.0,7.5,12.0,0.0,0.0,0.0
2016,1,4,23,45,0.0,0.0,7.65,12.0,0.0,0.0,0.0
2016,1,5,0,0,0.0,0.0,7.8,12.0,0.0,0.0,0.0
2016,1,5,0,15,0.0,0.0,7.85,12.0,0.0,0.0,0.0
2016,1,5,0,30,0.0,0.0,7.9,12.0,0.0,0.0,0.0
2016,1,5,0,45,0.0,0.0,8.0,12.0,0.0,0.0,0.0
2016,1,5,1,0,0.0,0.0,8.1,12.0,0.0,0.0,0.0
2016,1,5,1,15,0.0,0.0,8.1,12.0,0.0,0.0,0.0
2016,1,5,1,30,0.0,0.0,8.1,12.0,0.0,0.0,0.0
2016,1,5,1,45,0.0,0.0,8.1,12.0,0.0,0.0,0.0
2016,1,5,2,0,0.0,0.0,8.1,12.0,0.0,0.0,0.0
2016,1,5,2,15,0.0,0.0,7.95,12.0,0.0,0.0,0.0
2016,1,5,2,30,0.0,0.0,7.8,12.0,0.0,0.0,0.0
2016,1,5,2,45,0.0,0.0,7.7,12.0,0.0,0.0,0.0
2016,1,5,3,0,0.0,0.0,7.6,12.0,0.0,0.0,0.0
2016,1,5,3,15,0.0,0.0,7.2,11.5,0.0,0.0,0.0
2016,1,5,3,30,0.0,0.0,6.8,11.0,0.0,0.0,0.0
2016,1,5,3,45,0.0,0.0,6.4,11.0,0.0,0.0,0.0
2016,1,5,4,0,0.0,0.0,6.0,11.0,0.0,0.0,0.0
2016,1,5,4,15,0.0,0.0,5.5,11.0,0.0,0.0,0.0
2016,1,5,4,30,0.0,0.0,5.0,11.0,0.0,0.0,0.0
2016,1,5,4,45,0.0,0.0,4.55,11.0,0.0,0.0,0.0
2016,1,5,5,0,0.0,0.0,4.1,11.0,0.0,0.0,0.0
2016,1,5,5,15,0.0,0.0,3.95,11.0,0.0,0.0,0.0
2016,1,5,5,30,0.0,0.0,3.8,11.0,0.0,0.0,0.0
2016,1,5,5,45,0.0,0.0,3.65,11.0,0.0,0.0,0.0
2016,1,5,6,0,0.0,0.0,3.5,11.0,0.0,0.0,0.0
2016,1,5,6,15,0.0,0.0,3.55,10.5,0.0,0.0,0.0
2016,1,5,6,30,0.0,0.0,3.6,10.0,0.0,0.0,0.0
2016,1,5,6,45,0.0,0.0,3.65,10.0,0.0,0.0,0.0
2016,1,5,7,0,0.0,0.0,3.7,10.0,0.0,0.0,0.0
2016,1,5,7,15,0.0,0.0,3.95,10.0,0.0,0.0,0.0
2016,1,5,7,30,0.0,0.0,4.2,10.0,0.0,0.0,0.0
2016,1,5,7,45,0.0,13.5,4.45,10.5,13.5,11.89,0.0
2016,1,5,8,0,0.0,27.0,4.7,11.0,27.0,25.27,13.76
2016,1,5,8,15,6.0,44.0,4.8,11.0,45.0,45.75,32.67
2016,1,5,8,30,12.0,61.0,4.9,11.0,63.0,66.32,50.99
2016,1,5,8,45,19.0,77.0,5.0,11.0,81.0,93.26,74.73
2016,1,5,9,0,26.0,93.0,5.1,11.0,99.0,115.4,94.27
2016,1,5,9,15,30.5,108.0,5.1,11.0,116.5,135.31,111.67
2016,1,5,9,30,35.0,123.0,5.1,11.0,134.0,155.75,129.3
2016,1,5,9,45,37.5,136.0,5.1,11.5,149.0,172.61,143.39
2016,1,5,10,0,40.0,149.0,5.1,12.0,164.0,189.82,157.57
2016,1,5,10,15,20.0,114.5,5.15,12.0,122.0,131.12,107.31
2016,1,5,10,30,0.0,80.0,5.2,12.0,80.0,70.99,55.34
2016,1,5,10,45,0.0,44.5,5.3,12.0,44.5,39.27,28.15
2016,1,5,11,0,0.0,9.0,5.4,12.0,9.0,7.92,1.17
2016,1,5,11,15,2.0,86.0,5.5,11.5,87.0,78.13,61.49
2016,1,5,11,30,4.0,163.0,5.6,11.0,165.0,159.35,130.39
2016,1,5,11,45,2.0,85.5,5.7,11.0,86.5,77.57,60.97
2016,1,5,12,0,0.0,8.0,5.8,11.0,8.0,7.05,0.41
2016,1,5,12,15,46.5,114.0,5.8,11.0,137.0,154.58,128.42
2016,1,5,12,30,93.0,220.0,5.8,11.0,266.0,323.97,270.7
2016,1,5,12,45,52.5,197.5,5.8,11.0,223.5,258.31,214.74
2016,1,5,13,0,12.0,175.0,5.8,11.0,181.0,179.84,147.8
2016,1,5,13,15,6.0,108.0,5.7,11.0,111.0,103.38,83.2
2016,1,5,13,30,0.0,41.0,5.6,11.0,41.0,36.18,25.56
2016,1,5,13,45,0.0,23.5,5.55,11.0,23.5,20.7,12.26
2016,1,5,14,0,0.0,6.0,5.5,11.0,6.0,5.28,0.0
2016,1,5,14,15,120.5,79.0,5.45,11.0,124.0,192.43,163.72
2016,1,5,14,30,241.0,152.0,5.4,11.0,242.0,372.84,316.71
2016,1,5,14,45,227.5,140.5,5.4,11.0,219.5,340.94,289.46
2016,1,5,15,0,214.0,129.0,5.4,11.0,197.0,309.54,262.76
2016,1,5,15,15,403.5,96.0,5.15,11.0,203.5,393.53,334.79
2016,1,5,15,30,593.0,63.0,4.9,11.0,210.0,452.68,382.61
2016,1,5,15,45,527.0,57.5,4.7,11.0,170.5,380.74,318.79
2016,1,5,16,0,461.0,52.0,4.5,11.0,131.0,313.64,258.2
2016,1,5,16,15,362.0,42.5,4.25,10.5,93.5,233.27,186.17
2016,1,5,16,30,263.0,33.0,4.0,10.0,56.0,162.75,116.16
2016,1,5,16,45,131.5,16.5,3.75,10.0,28.0,73.38,0.0
2016,1,5,17,0,0.0,0.0,3.5,10.0,0.0,0.0,0.0
2016,1,5,17,15,0.0,0.0,3.4,9.5,0.0,0.0,0.0
2016,1,5,17,30,0.0,0.0,3.3,9.0,0.0,0.0,0.0
2016,1,5,17,45,0.0,0.0,3.2,9.0,0.0,0.0,0.0
2016,1,5,18,0,0.0,0.0,3.1,9.0,0.0,0.0,0.0
2016,1,5,18,15,0.0,0.0,3.15,9.0,0.0,0.0,0.0
2016,1,5,18,30,0.0,0.0,3.2,9.0,0.0,0.0,0.0
2016,1,5,18,45,0.0,0.0,3.25,9.0,0.0,0.0,0.0
2016,1,5,19,0,0.0,0.0,3.3,9.0,0.0,0.0,0.0
2016,1,5,19,15,0.0,0.0,3.35,9.0,0.0,0.0,0.0
2016,1,5,19,30,0.0,0.0,3.4,9.0,0.0,0.0,0.0
2016,1,5,19,45,0.0,0.0,3.5,9.0,0.0,0.0,0.0
2016,1,5,20,0,0.0,0.0,3.6,9.0,0.0,0.0,0.0
2016,1,5,20,15,0.0,0.0,3.65,9.0,0.0,0.0,0.0
2016,1,5,20,30,0.0,0.0,3.7,9.0,0.0,0.0,0.0
2016,1,5,20,45,0.0,0.0,3.8,9.0,0.0,0.0,0.0
2016,1,5,21,0,0.0,0.0,3.9,9.0,0.0,0.0,0.0
2016,1,5,21,15,0.0,0.0,4.05,9.0,0.0,0.0,0.0
2016,1,5,21,30,0.0,0.0,4.2,9.0,0.0,0.0,0.0
2016,1,5,21,45,0.0,0.0,4.4,9.0,0.0,0.0,0.0
2016,1,5,22,0,0.0,0.0,4.6,9.0,0.0,0.0,0.0
2016,1,5,22,15,0.0,0.0,4.8,9.0,0.0,0.0,0.0
2016,1,5,22,30,0.0,0.0,5.0,9.0,0.0,0.0,0.0
2016,1,5,22,45,0.0,0.0,5.25,9.0,0.0,0.0,0.0
2016,1,5,23,0,0.0,0.0,5.5,9.0,0.0,0.0,0.0
2016,1,5,23,15,0.0,0.0,5.7,9.0,0.0,0.0,0.0
2016,1,5,23,30,0.0,0.0,5.9,9.0,0.0,0.0,0.0
2016,1,5,23,45,0.0,0.0,6.1,9.5,0.0,0.0,0.0
2016,1,6,0,0,0.0,0.0,6.3,10.0,0.0,0.0,0.0
2016,1,6,0,15,0.0,0.0,6.65,10.0,0.0,0.0,0.0
2016,1,6,0,30,0.0,0.0,7.0,10.0,0.0,0.0,0.0
2016,1,6,0,45,0.0,0.0,7.35,10.0,0.0,0.0,0.0
2016,1,6,1,0,0.0,0.0,7.7,10.0,0.0,0.0,0.0
2016,1,6,1,15,0.0,0.0,8.05,10.0,0.0,0.0,0.0
2016,1,6,1,30,0.0,0.0,8.4,10.0,0.0,0.0,0.0
2016,1,6,1,45,0.0,0.0,8.8,10.0,0.0,0.0,0.0
2016,1,6,2,0,0.0,0.0,9.2,10.0,0.0,0.0,0.0
2016,1,6,2,15,0.0,0.0,9.3,10.0,0.0,0.0,0.0
2016,1,6,2,30,0.0,0.0,9.4,10.0,0.0,0.0,0.0
2016,1,6,2,45,0.0,0.0,9.55,10.0,0.0,0.0,0.0
2016,1,6,3,0,0.0,0.0,9.7,10.0,0.0,0.0,0.0
2016,1,6,3,15,0.0,0.0,9.45,10.0,0.0,0.0,0.0
2016,1,6,3,30,0.0,0.0,9.2,10.0,0.0,0.0,0.0
2016,1,6,3,45,0.0,0.0,9.0,10.0,0.0,0.0,0.0
2016,1,6,4,0,0.0,0.0,8.8,10.0,0.0,0.0,0.0
2016,1,6,4,15,0.0,0.0,8.6,10.0,0.0,0.0,0.0
2016,1,6,4,30,0.0,0.0,8.4,10.0,0.0,0.0,0.0
2016,1,6,4,45,0.0,0.0,8.25,10.5,0.0,0.0,0.0
2016,1,6,5,0,0.0,0.0,8.1,11.0,0.0,0.0,0.0
2016,1,6,5,15,0.0,0.0,7.9,11.0,0.0,0.0,0.0
2016,1,6,5,30,0.0,0.0,7.7,11.0,0.0,0.0,0.0
2016,1,6,5,45,0.0,0.0,7.55,11.0,0.0,0.0,0.0
2016,1,6,6,0,0.0,0.0,7.4,11.0,0.0,0.0,0.0
2016,1,6,6,15,0.0,0.0,7.3,11.0,0.0,0.0,0.0
2016,1,6,6,30,0.0,0.0,7.2,11.0,0.0,0.0,0.0
2016,1,6,6,45,0.0,0.0,7.1,11.0,0.0,0.0,0.0
2016,1,6,7,0,0.0,0.0,7.0,11.0,0.0,0.0,0.0
2016,1,6,7,15,0.0,0.0,6.8,11.0,0.0,0.0,0.0
2016,1,6,7,30,0.0,0.0,6.6,11.0,0.0,0.0,0.0
2016,1,6,7,45,0.0,2.0,6.45,11.0,2.0,1.75,0.0
2016,1,6,8,0,0.0,4.0,6.3,11.0,4.0,3.5,0.0
2016,1,6,8,15,0.0,7.5,6.3,11.0,7.5,6.58,0.0
2016,1,6,8,30,0.0,11.0,6.3,11.0,11.0,9.65,2.6
2016,1,6,8,45,0.0,14.0,6.3,11.0,14.0,12.3,4.97
2016,1,6,9,0,0.0,17.0,6.3,11.0,17.0,14.94,7.32
2016,1,6,9,15,0.0,20.5,6.35,11.0,20.5,18.03,10.03
2016,1,6,9,30,0.0,24.0,6.4,11.0,24.0,21.12,12.72
2016,1,6,9,45,0.0,26.5,6.5,11.0,26.5,23.33,14.63
2016,1,6,10,0,0.0,29.0,6.6,11.0,29.0,25.54,16.52
2016,1,6,10,15,0.0,70.5,6.7,11.0,70.5,62.33,48.25
2016,1,6,10,30,0.0,112.0,6.8,11.0,112.0,103.3,83.25
2016,1,6,10,45,12.5,145.0,6.95,11.0,151.0,148.45,122.02
2016,1,6,11,0,25.0,178.0,7.1,11.0,190.0,195.59,162.14
2016,1,6,11,15,194.0,185.0,7.0,11.0,279.0,383.64,324.78
2016,1,6,11,30,363.0,192.0,6.9,11.0,368.0,563.51,475.39
2016,1,6,11,45,427.0,181.5,6.85,11.0,391.0,629.92,529.42
2016,1,6,12,0,491.0,171.0,6.8,11.0,414.0,678.7,569.55
2016,1,6,12,15,290.5,195.5,6.65,11.0,340.0,508.07,427.18
2016,1,6,12,30,90.0,220.0,6.5,11.0,266.0,321.02,267.89
2016,1,6,12,45,112.0,219.0,6.35,11.0,274.5,339.6,284.36
2016,1,6,13,0,134.0,218.0,6.2,11.0,283.0,374.41,313.6
2016,1,6,13,15,79.5,198.0,6.15,11.0,236.5,282.94,236.52
2016,1,6,13,30,25.0,178.0,6.1,11.0,190.0,195.55,161.79
2016,1,6,13,45,267.0,155.5,6.05,11.0,269.5,418.15,355.23
2016,1,6,14,0,509.0,133.0,6.0,11.0,349.0,599.24,507.46
2016,1,6,14,15,294.5,145.0,5.9,11.0,268.0,413.19,351.02
2016,1,6,14,30,80.0,157.0,5.8,11.0,187.0,230.27,193.33
2016,1,6,14,45,72.0,144.0,5.75,11.0,169.5,207.73,174.4
2016,1,6,15,0,64.0,131.0,5.7,11.0,152.0,185.88,155.65
2016,1,6,15,15,57.0,115.0,5.55,10.5,132.0,161.37,134.71
2016,1,6,15,30,50.0,99.0,5.4,10.0,112.0,137.54,114.02
2016,1,6,15,45,38.5,81.5,5.25,10.0,90.5,109.83,89.46
2016,1,6,16,0,27.0,64.0,5.1,10.0,69.0,83.16,65.67
2016,1,6,16,15,13.5,47.0,5.05,9.5,49.5,57.25,42.6
2016,1,6,16,30,0.0,30.0,5.0,9.0,30.0,29.02,17.1
2016,1,6,16,45,0.0,15.0,4.95,9.0,15.0,13.22,0.0
2016,1,6,17,0,0.0,0.0,4.9,9.0,0.0,0.0,0.0
2016,1,6,17,15,0.0,0.0,4.9,9.0,0.0,0.0,0.0
2016,1,6,17,30,0.0,0.0,4.9,9.0,0.0,0.0,0.0
2016,1,6,17,45,0.0,0.0,4.95,9.0,0.0,0.0,0.0
2016,1,6,18,0,0.0,0.0,5.0,9.0,0.0,0.0,0.0
2016,1,6,18,15,0.0,0.0,4.95,9.0,0.0,0.0,0.0
2016,1,6,18,30,0.0,0.0,4.9,9.0,0.0,0.0,0.0
2016,1,6,18,45,0.0,0.0,4.85,9.0,0.0,0.0,0.0
2016,1,6,19,0,0.0,0.0,4.8,9.0,0.0,0.0,0.0
2016,1,6,19,15,0.0,0.0,4.7,9.0,0.0,0.0,0.0
2016,1,6,19,30,0.0,0.0,4.6,9.0,0.0,0.0,0.0
2016,1,6,19,45,0.0,0.0,4.55,9.0,0.0,0.0,0.0
2016,1,6,20,0,0.0,0.0,4.5,9.0,0.0,0.0,0.0
2016,1,6,20,15,0.0,0.0,4.4,9.0,0.0,0.0,0.0
2016,1,6,20,30,0.0,0.0,4.3,9.0,0.0,0.0,0.0
2016,1,6,20,45,0.0,0.0,4.25,9.0,0.0,0.0,0.0
2016,1,6,21,0,0.0,0.0,4.2,9.0,0.0,0.0,0.0
2016,1,6,21,15,0.0,0.0,4.05,8.5,0.0,0.0,0.0
2016,1,6,21,30,0.0,0.0,3.9,8.0,0.0,0.0,0.0
2016,1,6,21,45,0.0,0.0,3.75,8.0,0.0,0.0,0.0
2016,1,6,22,0,0.0,0.0,3.6,8.0,0.0,0.0,0.0
2016,1,6,22,15,0.0,0.0,3.3,8.0,0.0,0.0,0.0
2016,1,6,22,30,0.0,0.0,3.0,8.0,0.0,0.0,0.0
2016,1,6,22,45,0.0,0.0,2.75,8.0,0.0,0.0,0.0
2016,1,6,23,0,0.0,0.0,2.5,8.0,0.0,0.0,0.0
2016,1,6,23,15,0.0,0.0,2.2,8.0,0.0,0.0,0.0
2016,1,6,23,30,0.0,0.0,1.9,8.0,0.0,0.0,0.0
2016,1,6,23,45,0.0,0.0,1.6,8.0,0.0,0.0,0.0
2016,1,7,0,0,0.0,0.0,1.3,8.0,0.0,0.0,0.0
2016,1,7,0,15,0.0,0.0,1.1,8.0,0.0,0.0,0.0
2016,1,7,0,30,0.0,0.0,0.9,8.0,0.0,0.0,0.0
2016,1,7,0,45,0.0,0.0,0.75,8.0,0.0,0.0,0.0
2016,1,7,1,0,0.0,0.0,0.6,8.0,0.0,0.0,0.0
2016,1,7,1,15,0.0,0.0,0.5,8.0,0.0,0.0,0.0
2016,1,7,1,30,0.0,0.0,0.4,8.0,0.0,0.0,0.0
2016,1,7,1,45,0.0,0.0,0.35,8.0,0.0,0.0,0.0
2016,1,7,2,0,0.0,0.0,0.3,8.0,0.0,0.0,0.0
2016,1,7,2,15,0.0,0.0,0.3,8.0,0.0,0.0,0.0
2016,1,7,2,30,0.0,0.0,0.3,8.0,0.0,0.0,0.0
2016,1,7,2,45,0.0,0.0,0.35,8.0,0.0,0.0,0.0
2016,1,7,3,0,0.0,0.0,0.4,8.0,0.0,0.0,0.0
2016,1,7,3,15,0.0,0.0,0.5,8.0,0.0,0.0,0.0
2016,1,7,3,30,0.0,0.0,0.6,8.0,0.0,0.0,0.0
2016,1,7,3,45,0.0,0.0,0.7,8.0,0.0,0.0,0.0
2016,1,7,4,0,0.0,0.0,0.8,8.0,0.0,0.0,0.0
2016,1,7,4,15,0.0,0.0,0.9,8.0,0.0,0.0,0.0
2016,1,7,4,30,0.0,0.0,1.0,8.0,0.0,0.0,0.0
2016,1,7,4,45,0.0,0.0,1.1,8.0,0.0,0.0,0.0
2016,1,7,5,0,0.0,0.0,1.2,8.0,0.0,0.0,0.0
2016,1,7,5,15,0.0,0.0,1.3,8.0,0.0,0.0,0.0
2016,1,7,5,30,0.0,0.0,1.4,8.0,0.0,0.0,0.0
2016,1,7,5,45,0.0,0.0,1.55,8.0,0.0,0.0,0.0
2016,1,7,6,0,0.0,0.0,1.7,8.0,0.0,0.0,0.0
2016,1,7,6,15,0.0,0.0,1.75,8.0,0.0,0.0,0.0
2016,1,7,6,30,0.0,0.0,1.8,8.0,0.0,0.0,0.0
2016,1,7,6,45,0.0,0.0,1.9,8.0,0.0,0.0,0.0
2016,1,7,7,0,0.0,0.0,2.0,8.0,0.0,0.0,0.0
2016,1,7,7,15,0.0,0.0,2.05,8.0,0.0,0.0,0.0
2016,1,7,7,30,0.0,0.0,2.1,8.0,0.0,0.0,0.0
2016,1,7,7,45,101.5,17.5,2.15,8.5,27.0,64.33,0.0
2016,1,7,8,0,203.0,35.0,2.2,9.0,54.0,142.23,101.72
2016,1,7,8,15,299.5,47.0,2.3,9.0,90.5,209.24,167.44
2016,1,7,8,30,396.0,59.0,2.4,9.0,127.0,286.75,236.75
2016,1,7,8,45,485.5,63.0,2.5,9.5,168.0,362.94,303.55
2016,1,7,9,0,575.0,67.0,2.6,10.0,209.0,445.61,374.11
2016,1,7,9,15,616.5,72.0,2.6,10.0,246.5,505.13,424.42
2016,1,7,9,30,658.0,77.0,2.6,10.0,284.0,566.41,474.73
2016,1,7,9,45,717.5,73.0,2.6,10.5,322.0,630.77,524.83
2016,1,7,10,0,777.0,69.0,2.6,11.0,360.0,693.2,570.84
2016,1,7,10,15,794.5,71.0,2.55,11.0,388.5,735.3,601.19
2016,1,7,10,30,812.0,73.0,2.5,11.0,417.0,775.65,629.86
2016,1,7,10,45,823.5,75.0,2.5,11.0,438.5,808.94,653.3
2016,1,7,11,0,835.0,77.0,2.5,11.0,460.0,839.67,674.74
2016,1,7,11,15,842.5,77.5,2.5,11.0,475.5,862.21,690.16
2016,1,7,11,30,850.0,78.0,2.5,11.0,491.0,881.67,703.46
2016,1,7,11,45,854.0,78.5,2.5,11.0,498.5,894.75,712.26
2016,1,7,12,0,858.0,79.0,2.5,11.0,506.0,904.45,718.82
2016,1,7,12,15,858.0,79.0,2.55,11.0,506.0,906.4,720.47
2016,1,7,12,30,858.0,79.0,2.6,11.0,506.0,904.85,719.86
2016,1,7,12,45,857.5,77.5,2.7,11.0,499.5,897.43,715.63
2016,1,7,13,0,857.0,76.0,2.8,11.0,493.0,886.55,709.04
2016,1,7,13,15,850.0,75.5,2.85,11.0,478.5,867.82,696.46
2016,1,7,13,30,843.0,75.0,2.9,11.0,464.0,845.96,681.67
2016,1,7,13,45,833.0,73.0,2.95,11.0,442.5,816.66,661.36
2016,1,7,14,0,823.0,71.0,3.0,11.0,421.0,784.7,638.96
2016,1,7,14,15,806.5,69.0,2.9,11.0,393.0,745.12,609.75
2016,1,7,14,30,790.0,67.0,2.8,11.0,365.0,703.69,578.88
2016,1,7,14,45,768.5,63.5,2.75,11.0,332.0,655.2,542.37
2016,1,7,15,0,747.0,60.0,2.7,11.0,299.0,605.81,504.5
2016,1,7,15,15,711.5,56.5,2.5,10.5,261.5,546.83,456.83
2016,1,7,15,30,676.0,53.0,2.3,10.0,224.0,488.78,408.19
2016,1,7,15,45,625.0,47.5,2.1,10.0,184.0,421.25,349.63
2016,1,7,16,0,574.0,42.0,1.9,10.0,144.0,357.01,292.14
2016,1,7,16,15,485.5,35.0,1.85,9.5,104.5,282.5,225.46
2016,1,7,16,30,397.0,28.0,1.8,9.0,65.0,212.79,156.22
2016,1,7,16,45,198.5,14.0,1.75,9.0,32.5,96.63,0.0
2016,1,7,17,0,0.0,0.0,1.7,9.0,0.0,0.0,0.0
2016,1,7,17,15,0.0,0.0,1.65,9.0,0.0,0.0,0.0
2016,1,7,17,30,0.0,0.0,1.6,9.0,0.0,0.0,0.0
2016,1,7,17,45,0.0,0.0,1.6,9.0,0.0,0.0,0.0
2016,1,7,18,0,0.0,0.0,1.6,9.0,0.0,0.0,0.0
2016,1,7,18,15,0.0,0.0,1.5,9.0,0.0,0.0,0.0
2016,1,7,18,30,0.0,0.0,1.4,9.0,0.0,0.0,0.0
2016,1,7,18,45,0.0,0.0,1.3,9.0,0.0,0.0,0.0
2016,1,7,19,0,0.0,0.0,1.2,9.0,0.0,0.0,0.0
2016,1,7,19,15,0.0,0.0,1.05,9.0,0.0,0.0,0.0
2016,1,7,19,30,0.0,0.0,0.9,9.0,0.0,0.0,0.0
2016,1,7,19,45,0.0,0.0,0.8,9.0,0.0,0.0,0.0
2016,1,7,20,0,0.0,0.0,0.7,9.0,0.0,0.0,0.0
2016,1,7,20,15,0.0,0.0,0.6,9.0,0.0,0.0,0.0
2016,1,7,20,30,0.0,0.0,0.5,9.0,0.0,0.0,0.0
2016,1,7,20,45,0.0,0.0,0.45,9.0,0.0,0.0,0.0
2016,1,7,21,0,0.0,0.0,0.4,9.0,0.0,0.0,0.0
2016,1,7,21,15,0.0,0.0,0.5,9.0,0.0,0.0,0.0
2016,1,7,21,30,0.0,0.0,0.6,9.0,0.0,0.0,0.0
2016,1,7,21,45,0.0,0.0,0.75,9.0,0.0,0.0,0.0
2016,1,7,22,0,0.0,0.0,0.9,9.0,0.0,0.0,0.0
2016,1,7,22,15,0.0,0.0,0.95,9.0,0.0,0.0,0.0
2016,1,7,22,30,0.0,0.0,1.0,9.0,0.0,0.0,0.0
2016,1,7,22,45,0.0,0.0,1.1,9.0,0.0,0.0,0.0
2016,1,7,23,0,0.0,0.0,1.2,9.0,0.0,0.0,0.0
2016,1,7,23,15,0.0,0.0,1.2,8.5,0.0,0.0,0.0
2016,1,7,23,30,0.0,0.0,1.2,8.0,0.0,0.0,0.0
2016,1,7,23,45,0.0,0.0,1.2,8.0,0.0,0.0,0.0
2016,1,8,0,0,0.0,0.0,1.2,8.0,0.0,0.0,0.0
2016,1,8,0,15,0.0,0.0,1.15,8.0,0.0,0.0,0.0
2016,1,8,0,30,0.0,0.0,1.1,8.0,0.0,0.0,0.0
2016,1,8,0,45,0.0,0.0,1.05,8.0,0.0,0.0,0.0
2016,1,8,1,0,0.0,0.0,1.0,8.0,0.0,0.0,0.0
2016,1,8,1,15,0.0,0.0,1.0,8.0,0.0,0.0,0.0
2016,1,8,1,30,0.0,0.0,1.0,8.0,0.0,0.0,0.0
2016,1,8,1,45,0.0,0.0,1.05,8.0,0.0,0.0,0.0
2016,1,8,2,0,0.0,0.0,1.1,8.0,0.0,0.0,0.0
2016,1,8,2,15,0.0,0.0,1.15,8.0,0.0,0.0,0.0
2016,1,8,2,30,0.0,0.0,1.2,8.0,0.0,0.0,0.0
2016,1,8,2,45,0.0,0.0,1.25,8.0,0.0,0.0,0.0
2016,1,8,3,0,0.0,0.0,1.3,8.0,0.0,0.0,0.0
2016,1,8,3,15,0.0,0.0,1.25,8.0,0.0,0.0,0.0
2016,1,8,3,30,0.0,0.0,1.2,8.0,0.0,0.0,0.0
2016,1,8,3,45,0.0,0.0,1.15,8.0,0.0,0.0,0.0
2016,1,8,4,0,0.0,0.0,1.1,8.0,0.0,0.0,0.0
2016,1,8,4,15,0.0,0.0,1.05,8.0,0.0,0.0,0.0
2016,1,8,4,30,0.0,0.0,1.0,8.0,0.0,0.0,0.0
2016,1,8,4,45,0.0,0.0,0.95,8.0,0.0,0.0,0.0
2016,1,8,5,0,0.0,0.0,0.9,8.0,0.0,0.0,0.0
2016,1,8,5,15,0.0,0.0,0.9,7.5,0.0,0.0,0.0
2016,1,8,5,30,0.0,0.0,0.9,7.0,0.0,0.0,0.0
2016,1,8,5,45,0.0,0.0,0.9,7.0,0.0,0.0,0.0
2016,1,8,6,0,0.0,0.0,0.9,7.0,0.0,0.0,0.0
2016,1,8,6,15,0.0,0.0,0.95,7.0,0.0,0.0,0.0
2016,1,8,6,30,0.0,0.0,1.0,7.0,0.0,0.0,0.0
2016,1,8,6,45,0.0,0.0,1.1,7.0,0.0,0.0,0.0
2016,1,8,7,0,0.0,0.0,1.2,7.0,0.0,0.0,0.0
2016,1,8,7,15,0.0,0.0,1.25,7.0,0.0,0.0,0.0
2016,1,8,7,30,0.0,0.0,1.3,7.0,0.0,0.0,0.0
2016,1,8,7,45,0.0,11.5,1.4,7.5,11.5,10.12,0.0
2016,1,8,8,0,0.0,23.0,1.5,8.0,23.0,20.28,10.2
2016,1,8,8,15,0.0,38.5,1.6,8.0,38.5,35.92,24.86
2016,1,8,8,30,0.0,54.0,1.7,8.0,54.0,51.39,38.76
2016,1,8,8,45,0.0,70.5,1.8,8.0,70.5,67.93,53.47
2016,1,8,9,0,0.0,87.0,1.9,8.0,87.0,84.44,68.02
2016,1,8,9,15,3.5,101.0,1.85,8.0,102.0,100.28,81.89
2016,1,8,9,30,7.0,115.0,1.8,8.0,117.0,116.54,95.97
2016,1,8,9,45,9.0,126.0,1.75,8.5,129.5,128.66,106.12
2016,1,8,10,0,11.0,137.0,1.7,9.0,142.0,141.1,116.4
2016,1,8,10,15,92.5,160.5,1.65,9.0,200.0,244.19,205.31
2016,1,8,10,30,174.0,184.0,1.6,9.0,258.0,356.3,298.42
2016,1,8,10,45,89.0,171.0,1.6,9.5,209.0,255.86,213.11
2016,1,8,11,0,4.0,158.0,1.6,10.0,160.0,154.65,126.06
2016,1,8,11,15,2.0,134.0,1.65,10.0,135.0,126.5,102.55
2016,1,8,11,30,0.0,110.0,1.7,10.0,110.0,99.83,79.95
2016,1,8,11,45,30.5,162.0,1.75,10.5,177.5,194.44,160.24
2016,1,8,12,0,61.0,214.0,1.8,11.0,245.0,286.33,235.62
2016,1,8,12,15,118.5,220.0,1.85,11.0,279.5,363.91,299.43
2016,1,8,12,30,176.0,226.0,1.9,11.0,314.0,424.13,348.58
2016,1,8,12,45,171.0,224.5,2.0,11.0,309.0,416.94,342.74
2016,1,8,13,0,166.0,223.0,2.1,11.0,304.0,409.38,337.03
2016,1,8,13,15,234.0,207.5,2.1,11.0,318.0,447.96,370.01
2016,1,8,13,30,302.0,192.0,2.1,11.0,332.0,500.49,412.93
2016,1,8,13,45,184.5,186.5,2.15,11.0,271.0,371.89,308.55
2016,1,8,14,0,67.0,181.0,2.2,11.0,210.0,250.14,207.09
2016,1,8,14,15,33.5,120.5,2.2,11.0,135.0,148.47,122.31
2016,1,8,14,30,0.0,60.0,2.2,11.0,60.0,53.0,40.2
2016,1,8,14,45,0.0,54.5,2.25,11.0,54.5,48.11,36.12
2016,1,8,15,0,0.0,49.0,2.3,11.0,49.0,43.23,31.94
2016,1,8,15,15,0.0,42.5,2.15,10.5,42.5,37.47,27.01
2016,1,8,15,30,0.0,36.0,2.0,10.0,36.0,31.72,22.02
2016,1,8,15,45,0.0,29.5,1.9,10.0,29.5,25.97,16.93
2016,1,8,16,0,0.0,23.0,1.8,10.0,23.0,20.23,11.8
2016,1,8,16,15,0.0,16.5,1.85,10.0,16.5,14.5,6.66
2016,1,8,16,30,0.0,10.0,1.9,10.0,10.0,8.78,1.37
2016,1,8,16,45,0.0,5.0,2.0,10.0,5.0,4.38,0.0
2016,1,8,17,0,0.0,0.0,2.1,10.0,0.0,0.0,0.0
2016,1,8,17,15,0.0,0.0,2.2,9.5,0.0,0.0,0.0
2016,1,8,17,30,0.0,0.0,2.3,9.0,0.0,0.0,0.0
2016,1,8,17,45,0.0,0.0,2.45,9.0,0.0,0.0,0.0
2016,1,8,18,0,0.0,0.0,2.6,9.0,0.0,0.0,0.0
2016,1,8,18,15,0.0,0.0,2.65,9.0,0.0,0.0,0.0
2016,1,8,18,30,0.0,0.0,2.7,9.0,0.0,0.0,0.0
2016,1,8,18,45,0.0,0.0,2.75,9.0,0.0,0.0,0.0
2016,1,8,19,0,0.0,0.0,2.8,9.0,0.0,0.0,0.0
2016,1,8,19,15,0.0,0.0,2.85,9.0,0.0,0.0,0.0
2016,1,8,19,30,0.0,0.0,2.9,9.0,0.0,0.0,0.0
2016,1,8,19,45,0.0,0.0,3.0,9.0,0.0,0.0,0.0
2016,1,8,20,0,0.0,0.0,3.1,9.0,0.0,0.0,0.0
2016,1,8,20,15,0.0,0.0,3.15,9.0,0.0,0.0,0.0
2016,1,8,20,30,0.0,0.0,3.2,9.0,0.0,0.0,0.0
2016,1,8,20,45,0.0,0.0,3.25,9.0,0.0,0.0,0.0
2016,1,8,21,0,0.0,0.0,3.3,9.0,0.0,0.0,0.0
2016,1,8,21,15,0.0,0.0,3.3,9.0,0.0,0.0,0.0
2016,1,8,21,30,0.0,0.0,3.3,9.0,0.0,0.0,0.0
2016,1,8,21,45,0.0,0.0,3.35,9.0,0.0,0.0,0.0
2016,1,8,22,0,0.0,0.0,3.4,9.0,0.0,0.0,0.0
2016,1,8,22,15,0.0,0.0,3.4,9.0,0.0,0.0,0.0
2016,1,8,22,30,0.0,0.0,3.4,9.0,0.0,0.0,0.0
2016,1,8,22,45,0.0,0.0,3.45,9.0,0.0,0.0,0.0
2016,1,8,23,0,0.0,0.0,3.5,9.0,0.0,0.0,0.0
2016,1,8,23,15,0.0,0.0,3.5,9.0,0.0,0.0,0.0
2016,1,8,23,30,0.0,0.0,3.5,9.0,0.0,0.0,0.0
2016,1,8,23,45,0.0,0.0,3.55,9.0,0.0,0.0,0.0
2016,1,9,0,0,0.0,0.0,3.6,9.0,0.0,0.0,0.0
2016,1,9,0,15,0.0,0.0,3.7,9.0,0.0,0.0,0.0
2016,1,9,0,30,0.0,0.0,3.8,9.0,0.0,0.0,0.0
2016,1,9,0,45,0.0,0.0,3.95,9.0,0.0,0.0,0.0
2016,1,9,1,0,0.0,0.0,4.1,9.0,0.0,0.0,0.0
2016,1,9,1,15,0.0,0.0,4.25,9.0,0.0,0.0,0.0
2016,1,9,1,30,0.0,0.0,4.4,9.0,0.0,0.0,0.0
2016,1,9,1,45,0.0,0.0,4.55,9.0,0.0,0.0,0.0
2016,1,9,2,0,0.0,0.0,4.7,9.0,0.0,0.0,0.0
2016,1,9,2,15,0.0,0.0,4.85,9.0,0.0,0.0,0.0
2016,1,9,2,30,0.0,0.0,5.0,9.0,0.0,0.0,0.0
2016,1,9,2,45,0.0,0.0,5.15,9.0,0.0,0.0,0.0
2016,1,9,3,0,0.0,0.0,5.3,9.0,0.0,0.0,0.0
2016,1,9,3,15,0.0,0.0,5.3,9.0,0.0,0.0,0.0
2016,1,9,3,30,0.0,0.0,5.3,9.0,0.0,0.0,0.0
2016,1,9,3,45,0.0,0.0,5.35,9.0,0.0,0.0,0.0
2016,1,9,4,0,0.0,0.0,5.4,9.0,0.0,0.0,0.0
2016,1,9,4,15,0.0,0.0,5.35,9.0,0.0,0.0,0.0
2016,1,9,4,30,0.0,0.0,5.3,9.0,0.0,0.0,0.0
2016,1,9,4,45,0.0,0.0,5.3,9.0,0.0,0.0,0.0
2016,1,9,5,0,0.0,0.0,5.3,9.0,0.0,0.0,0.0
2016,1,9,5,15,0.0,0.0,5.3,9.0,0.0,0.0,0.0
2016,1,9,5,30,0.0,0.0,5.3,9.0,0.0,0.0,0.0
2016,1,9,5,45,0.0,0.0,5.3,9.0,0.0,0.0,0.0
2016,1,9,6,0,0.0,0.0,5.3,9.0,0.0,0.0,0.0
2016,1,9,6,15,0.0,0.0,5.3,9.0,0.0,0.0,0.0
2016,1,9,6,30,0.0,0.0,5.3,9.0,0.0,0.0,0.0
2016,1,9,6,45,0.0,0.0,5.35,9.0,0.0,0.0,0.0
2016,1,9,7,0,0.0,0.0,5.4,9.0,0.0,0.0,0.0
2016,1,9,7,15,0.0,0.0,5.45,9.0,0.0,0.0,0.0
2016,1,9,7,30,0.0,0.0,5.5,9.0,0.0,0.0,0.0
2016,1,9,7,45,0.0,12.0,5.6,9.5,12.0,10.56,0.0
2016,1,9,8,0,0.0,24.0,5.7,10.0,24.0,21.3,10.86
2016,1,9,8,15,0.0,39.5,5.7,10.0,39.5,37.1,25.58
2016,1,9,8,30,0.0,55.0,5.7,10.0,55.0,52.54,39.38
2016,1,9,8,45,0.0,71.5,5.7,10.0,71.5,69.05,54.01
2016,1,9,9,0,0.0,88.0,5.7,10.0,88.0,85.54,68.5
2016,1,9,9,15,5.0,102.0,5.55,10.0,104.0,102.3,83.18
2016,1,9,9,30,10.0,116.0,5.4,10.0,120.0,119.63,98.23
2016,1,9,9,45,10.5,127.0,5.25,10.5,131.0,130.77,107.51
2016,1,9,10,0,11.0,138.0,5.1,11.0,142.0,142.12,116.83
2016,1,9,10,15,107.0,160.5,4.85,11.0,205.5,269.38,226.79
2016,1,9,10,30,203.0,183.0,4.6,11.0,269.0,378.46,318.84
2016,1,9,10,45,156.5,193.5,4.4,11.0,262.0,356.63,298.72
2016,1,9,11,0,110.0,204.0,4.2,11.0,255.0,316.36,263.91
2016,1,9,11,15,60.5,189.5,3.9,11.0,218.0,254.77,211.34
2016,1,9,11,30,11.0,175.0,3.6,11.0,181.0,178.43,146.01
2016,1,9,11,45,53.5,199.5,3.3,11.0,226.5,260.93,215.92
2016,1,9,12,0,96.0,224.0,3.0,11.0,272.0,330.97,273.91
2016,1,9,12,15,56.0,205.5,2.75,11.0,233.5,270.69,223.08
2016,1,9,12,30,16.0,187.0,2.5,11.0,195.0,195.82,160.11
2016,1,9,12,45,16.0,184.5,2.25,11.0,192.5,193.18,158.08
2016,1,9,13,0,16.0,182.0,2.0,11.0,190.0,190.66,155.99
2016,1,9,13,15,15.5,177.0,1.8,11.0,184.5,185.02,151.34
2016,1,9,13,30,15.0,172.0,1.6,11.0,179.0,179.51,146.83
2016,1,9,13,45,16.5,167.0,1.4,11.0,174.5,175.87,143.95
2016,1,9,14,0,18.0,162.0,1.2,11.0,170.0,172.31,141.13
2016,1,9,14,15,46.0,161.0,1.05,11.0,179.5,207.74,171.5
2016,1,9,14,30,74.0,160.0,0.9,11.0,189.0,228.87,189.53
2016,1,9,14,45,70.0,147.0,0.75,11.5,172.5,209.41,172.91
2016,1,9,15,0,66.0,134.0,0.6,12.0,156.0,190.33,156.71
2016,1,9,15,15,59.5,118.0,0.55,11.5,136.0,166.05,136.65
2016,1,9,15,30,53.0,102.0,0.5,11.0,116.0,142.38,116.74
2016,1,9,15,45,43.5,85.0,0.45,11.0,95.0,116.32,94.19
2016,1,9,16,0,34.0,68.0,0.4,11.0,74.0,91.14,72.12
2016,1,9,16,15,18.0,51.0,0.45,11.0,54.0,63.81,48.07
2016,1,9,16,30,2.0,34.0,0.5,11.0,34.0,34.21,21.84
2016,1,9,16,45,1.0,17.0,0.6,11.0,17.0,15.33,0.0
2016,1,9,17,0,0.0,0.0,0.7,11.0,0.0,0.0,0.0
2016,1,9,17,15,0.0,0.0,0.65,11.0,0.0,0.0,0.0
2016,1,9,17,30,0.0,0.0,0.6,11.0,0.0,0.0,0.0
2016,1,9,17,45,0.0,0.0,0.6,11.0,0.0,0.0,0.0
2016,1,9,18,0,0.0,0.0,0.6,11.0,0.0,0.0,0.0
2016,1,9,18,15,0.0,0.0,0.55,10.5,0.0,0.0,0.0
2016,1,9,18,30,0.0,0.0,0.5,10.0,0.0,0.0,0.0
2016,1,9,18,45,0.0,0.0,0.5,10.0,0.0,0.0,0.0
2016,1,9,19,0,0.0,0.0,0.5,10.0,0.0,0.0,0.0
2016,1,9,19,15,0.0,0.0,0.5,10.0,0.0,0.0,0.0
2016,1,9,19,30,0.0,0.0,0.5,10.0,0.0,0.0,0.0
2016,1,9,19,45,0.0,0.0,0.55,10.0,0.0,0.0,0.0
2016,1,9,20,0,0.0,0.0,0.6,10.0,0.0,0.0,0.0
2016,1,9,20,15,0.0,0.0,0.65,10.0,0.0,0.0,0.0
2016,1,9,20,30,0.0,0.0,0.7,10.0,0.0,0.0,0.0
2016,1,9,20,45,0.0,0.0,0.75,10.0,0.0,0.0,0.0
2016,1,9,21,0,0.0,0.0,0.8,10.0,0.0,0.0,0.0
2016,1,9,21,15,0.0,0.0,0.65,10.0,0.0,0.0,0.0
2016,1,9,21,30,0.0,0.0,0.5,10.0,0.0,0.0,0.0
2016,1,9,21,45,0.0,0.0,0.35,10.0,0.0,0.0,0.0
2016,1,9,22,0,0.0,0.0,0.2,10.0,0.0,0.0,0.0
2016,1,9,22,15,0.0,0.0,0.3,9.5,0.0,0.0,0.0
2016,1,9,22,30,0.0,0.0,0.4,9.0,0.0,0.0,0.0
2016,1,9,22,45,0.0,0.0,0.55,9.0,0.0,0.0,0.0
2016,1,9,23,0,0.0,0.0,0.7,9.0,0.0,0.0,0.0
2016,1,9,23,15,0.0,0.0,0.9,9.0,0.0,0.0,0.0
2016,1,9,23,30,0.0,0.0,1.1,9.0,0.0,0.0,0.0
2016,1,9,23,45,0.0,0.0,1.35,9.0,0.0,0.0,0.0
2016,1,10,0,0,0.0,0.0,1.6,9.0,0.0,0.0,0.0
2016,1,10,0,15,0.0,0.0,1.6,9.0,0.0,0.0,0.0
2016,1,10,0,30,0.0,0.0,1.6,9.0,0.0,0.0,0.0
2016,1,10,0,45,0.0,0.0,1.6,9.0,0.0,0.0,0.0
2016,1,10,1,0,0.0,0.0,1.6,9.0,0.0,0.0,0.0
2016,1,10,1,15,0.0,0.0,1.45,9.0,0.0,0.0,0.0
2016,1,10,1,30,0.0,0.0,1.3,9.0,0.0,0.0,0.0
2016,1,10,1,45,0.0,0.0,1.2,9.0,0.0,0.0,0.0
2016,1,10,2,0,0.0,0.0,1.1,9.0,0.0,0.0,0.0
2016,1,10,2,15,0.0,0.0,1.05,9.0,0.0,0.0,0.0
2016,1,10,2,30,0.0,0.0,1.0,9.0,0.0,0.0,0.0
2016,1,10,2,45,0.0,0.0,1.0,9.0,0.0,0.0,0.0
2016,1,10,3,0,0.0,0.0,1.0,9.0,0.0,0.0,0.0
2016,1,10,3,15,0.0,0.0,1.1,8.5,0.0,0.0,0.0
2016,1,10,3,30,0.0,0.0,1.2,8.0,0.0,0.0,0.0
2016,1,10,3,45,0.0,0.0,1.35,8.0,0.0,0.0,0.0
2016,1,10,4,0,0.0,0.0,1.5,8.0,0.0,0.0,0.0
2016,1,10,4,15,0.0,0.0,1.6,8.0,0.0,0.0,0.0
2016,1,10,4,30,0.0,0.0,1.7,8.0,0.0,0.0,0.0
2016,1,10,4,45,0.0,0.0,1.85,8.0,0.0,0.0,0.0
2016,1,10,5,0,0.0,0.0,2.0,8.0,0.0,0.0,0.0
2016,1,10,5,15,0.0,0.0,2.1,8.0,0.0,0.0,0.0
2016,1,10,5,30,0.0,0.0,2.2,8.0,0.0,0.0,0.0
2016,1,10,5,45,0.0,0.0,2.35,8.0,0.0,0.0,0.0
2016,1,10,6,0,0.0,0.0,2.5,8.0,0.0,0.0,0.0
2016,1,10,6,15,0.0,0.0,2.6,8.0,0.0,0.0,0.0
2016,1,10,6,30,0.0,0.0,2.7,8.0,0.0,0.0,0.0
2016,1,10,6,45,0.0,0.0,2.8,8.0,0.0,0.0,0.0
2016,1,10,7,0,0.0,0.0,2.9,8.0,0.0,0.0,0.0
2016,1,10,7,15,0.0,0.0,3.05,8.0,0.0,0.0,0.0
2016,1,10,7,30,0.0,0.0,3.2,8.0,0.0,0.0,0.0
2016,1,10,7,45,156.5,15.5,3.4,8.5,29.5,81.55,0.0
2016,1,10,8,0,313.0,31.0,3.6,9.0,59.0,178.89,129.35
2016,1,10,8,15,407.5,40.0,3.7,9.0,97.5,248.87,199.83
2016,1,10,8,30,502.0,49.0,3.8,9.0,136.0,328.45,272.03
2016,1,10,8,45,565.5,54.5,3.9,9.5,177.0,395.92,332.44
2016,1,10,9,0,629.0,60.0,4.0,10.0,218.0,468.13,395.07
2016,1,10,9,15,667.5,64.5,4.0,10.0,256.0,527.43,445.93
2016,1,10,9,30,706.0,69.0,4.0,10.0,294.0,588.2,496.52
2016,1,10,9,45,739.0,70.5,4.0,10.5,329.0,638.26,535.4
2016,1,10,10,0,772.0,72.0,4.0,11.0,364.0,692.6,576.02
2016,1,10,10,15,595.5,112.0,3.85,11.0,347.5,631.91,526.99
2016,1,10,10,30,419.0,152.0,3.7,11.0,331.0,547.37,456.68
2016,1,10,10,45,313.0,177.5,3.6,11.5,315.5,483.97,403.15
2016,1,10,11,0,207.0,203.0,3.5,12.0,300.0,414.66,344.06
2016,1,10,11,15,181.5,212.0,3.3,12.0,298.5,406.57,336.51
2016,1,10,11,30,156.0,221.0,3.1,12.0,297.0,397.17,327.64
2016,1,10,11,45,275.5,208.0,2.95,12.5,345.5,507.93,417.56
2016,1,10,12,0,395.0,195.0,2.8,13.0,394.0,602.69,491.93
2016,1,10,12,15,267.5,212.0,2.75,13.0,346.5,508.04,414.76
2016,1,10,12,30,140.0,229.0,2.7,13.0,299.0,394.74,322.56
2016,1,10,12,45,81.5,209.5,2.65,13.0,250.5,298.8,244.83
2016,1,10,13,0,23.0,190.0,2.6,13.0,202.0,205.82,167.49
2016,1,10,13,15,24.0,186.0,2.55,13.0,198.0,202.55,165.19
2016,1,10,13,30,25.0,182.0,2.5,13.0,194.0,199.37,162.76
2016,1,10,13,45,12.5,158.5,2.5,13.0,164.5,162.75,132.21
2016,1,10,14,0,0.0,135.0,2.5,13.0,135.0,127.27,102.39
2016,1,10,14,15,0.0,108.5,2.45,13.0,108.5,99.89,79.58
2016,1,10,14,30,0.0,82.0,2.4,13.0,82.0,73.4,57.28
2016,1,10,14,45,0.0,75.0,2.4,13.0,75.0,66.86,51.82
2016,1,10,15,0,0.0,68.0,2.4,13.0,68.0,60.37,46.33
2016,1,10,15,15,0.0,59.5,2.3,12.5,59.5,52.56,39.75
2016,1,10,15,30,0.0,51.0,2.2,12.0,51.0,45.02,33.29
2016,1,10,15,45,0.0,42.0,2.15,11.5,42.0,37.05,26.36
2016,1,10,16,0,0.0,33.0,2.1,11.0,33.0,29.08,19.36
2016,1,10,16,15,0.0,24.0,2.15,10.5,24.0,21.13,12.29
2016,1,10,16,30,0.0,15.0,2.2,10.0,15.0,13.18,5.07
2016,1,10,16,45,0.0,7.5,2.3,10.0,7.5,6.58,0.0
2016,1,10,17,0,0.0,0.0,2.4,10.0,0.0,0.0,0.0
2016,1,10,17,15,0.0,0.0,2.45,10.0,0.0,0.0,0.0
2016,1,10,17,30,0.0,0.0,2.5,10.0,0.0,0.0,0.0
2016,1,10,17,45,0.0,0.0,2.65,10.0,0.0,0.0,0.0
2016,1,10,18,0,0.0,0.0,2.8,10.0,0.0,0.0,0.0
2016,1,10,18,15,0.0,0.0,2.9,10.0,0.0,0.0,0.0
2016,1,10,18,30,0.0,0.0,3.0,10.0,0.0,0.0,0.0
2016,1,10,18,45,0.0,0.0,3.15,10.0,0.0,0.0,0.0
2016,1,10,19,0,0.0,0.0,3.3,10.0,0.0,0.0,0.0
2016,1,10,19,15,0.0,0.0,3.35,10.0,0.0,0.0,0.0
2016,1,10,19,30,0.0,0.0,3.4,10.0,0.0,0.0,0.0
2016,1,10,19,45,0.0,0.0,3.45,10.0,0.0,0.0,0.0
2016,1,10,20,0,0.0,0.0,3.5,10.0,0.0,0.0,0.0
2016,1,10,20,15,0.0,0.0,3.5,10.0,0.0,0.0,0.0
2016,1,10,20,30,0.0,0.0,3.5,10.0,0.0,0.0,0.0
2016,1,10,20,45,0.0,0.0,3.5,10.0,0.0,0.0,0.0
2016,1,10,21,0,0.0,0.0,3.5,10.0,0.0,0.0,0.0
2016,1,10,21,15,0.0,0.0,3.45,10.0,0.0,0.0,0.0
2016,1,10,21,30,0.0,0.0,3.4,10.0,0.0,0.0,0.0
2016,1,10,21,45,0.0,0.0,3.4,10.0,0.0,0.0,0.0
2016,1,10,22,0,0.0,0.0,3.4,10.0,0.0,0.0,0.0
2016,1,10,22,15,0.0,0.0,3.35,10.0,0.0,0.0,0.0
2016,1,10,22,30,0.0,0.0,3.3,10.0,0.0,0.0,0.0
2016,1,10,22,45,0.0,0.0,3.3,10.0,0.0,0.0,0.0
2016,1,10,23,0,0.0,0.0,3.3,10.0,0.0,0.0,0.0
2016,1,10,23,15,0.0,0.0,3.25,10.0,0.0,0.0,0.0
2016,1,10,23,30,0.0,0.0,3.2,10.0,0.0,0.0,0.0
2016,1,10,23,45,0.0,0.0,3.2,10.0,0.0,0.0,0.0
2016,1,11,0,0,0.0,0.0,3.2,10.0,0.0,0.0,0.0
2016,1,11,0,15,0.0,0.0,3.15,10.0,0.0,0.0,0.0
2016,1,11,0,30,0.0,0.0,3.1,10.0,0.0,0.0,0.0
2016,1,11,0,45,0.0,0.0,3.1,10.0,0.0,0.0,0.0
2016,1,11,1,0,0.0,0.0,3.1,10.0,0.0,0.0,0.0
2016,1,11,1,15,0.0,0.0,3.1,10.0,0.0,0.0,0.0
2016,1,11,1,30,0.0,0.0,3.1,10.0,0.0,0.0,0.0
2016,1,11,1,45,0.0,0.0,3.1,10.0,0.0,0.0,0.0
2016,1,11,2,0,0.0,0.0,3.1,10.0,0.0,0.0,0.0
2016,1,11,2,15,0.0,0.0,3.1,10.0,0.0,0.0,0.0
2016,1,11,2,30,0.0,0.0,3.1,10.0,0.0,0.0,0.0
2016,1,11,2,45,0.0,0.0,3.1,10.0,0.0,0.0,0.0
2016,1,11,3,0,0.0,0.0,3.1,10.0,0.0,0.0,0.0
2016,1,11,3,15,0.0,0.0,3.1,10.0,0.0,0.0,0.0
2016,1,11,3,30,0.0,0.0,3.1,10.0,0.0,0.0,0.0
2016,1,11,3,45,0.0,0.0,3.15,10.0,0.0,0.0,0.0
2016,1,11,4,0,0.0,0.0,3.2,10.0,0.0,0.0,0.0
2016,1,11,4,15,0.0,0.0,3.2,10.0,0.0,0.0,0.0
2016,1,11,4,30,0.0,0.0,3.2,10.0,0.0,0.0,0.0
2016,1,11,4,45,0.0,0.0,3.2,10.0,0.0,0.0,0.0
2016,1,11,5,0,0.0,0.0,3.2,10.0,0.0,0.0,0.0
2016,1,11,5,15,0.0,0.0,3.2,10.0,0.0,0.0,0.0
2016,1,11,5,30,0.0,0.0,3.2,10.0,0.0,0.0,0.0
2016,1,11,5,45,0.0,0.0,3.2,10.0,0.0,0.0,0.0
2016,1,11,6,0,0.0,0.0,3.2,10.0,0.0,0.0,0.0
2016,1,11,6,15,0.0,0.0,3.2,10.0,0.0,0.0,0.0
2016,1,11,6,30,0.0,0.0,3.2,10.0,0.0,0.0,0.0
2016,1,11,6,45,0.0,0.0,3.2,10.0,0.0,0.0,0.0
2016,1,11,7,0,0.0,0.0,3.2,10.0,0.0,0.0,0.0
2016,1,11,7,15,0.0,0.0,3.15,10.0,0.0,0.0,0.0
2016,1,11,7,30,0.0,0.0,3.1,10.0,0.0,0.0,0.0
2016,1,11,7,45,45.5,16.0,3.1,10.0,20.0,37.65,0.0
2016,1,11,8,0,91.0,32.0,3.1,10.0,40.0,84.02,58.85
2016,1,11,8,15,123.0,48.5,3.15,10.0,66.0,122.44,96.61
2016,1,11,8,30,155.0,65.0,3.2,10.0,92.0,163.86,134.28
2016,1,11,8,45,173.0,81.5,3.25,10.5,119.0,200.67,167.26
2016,1,11,9,0,191.0,98.0,3.3,11.0,146.0,238.94,200.77
2016,1,11,9,15,202.0,113.5,3.25,11.0,172.0,272.77,230.08
2016,1,11,9,30,213.0,129.0,3.2,11.0,198.0,307.18,259.24
2016,1,11,9,45,222.5,142.5,3.15,11.0,221.0,338.37,285.18
2016,1,11,10,0,232.0,156.0,3.1,11.0,244.0,369.76,310.82
2016,1,11,10,15,176.0,171.5,3.0,11.0,241.0,337.51,282.81
2016,1,11,10,30,120.0,187.0,2.9,11.0,238.0,315.3,262.72
2016,1,11,10,45,61.0,172.5,2.85,11.5,198.5,233.52,193.34
2016,1,11,11,0,2.0,158.0,2.8,12.0,159.0,152.54,123.64
2016,1,11,11,15,1.0,156.0,2.75,12.0,156.5,148.83,120.52
2016,1,11,11,30,0.0,154.0,2.7,12.0,154.0,145.32,117.44
2016,1,11,11,45,4.0,165.5,2.65,12.5,167.5,161.04,130.37
2016,1,11,12,0,8.0,177.0,2.6,13.0,181.0,177.08,143.44
2016,1,11,12,15,30.0,195.5,2.55,13.0,211.0,233.87,190.8
2016,1,11,12,30,52.0,214.0,2.5,13.0,241.0,277.27,226.62
2016,1,11,12,45,27.0,188.5,2.45,13.5,202.5,222.66,180.94
2016,1,11,13,0,2.0,163.0,2.4,14.0,164.0,156.71,125.81
2016,1,11,13,15,38.0,183.5,2.35,14.0,201.5,226.86,185.01
2016,1,11,13,30,74.0,204.0,2.3,14.0,239.0,284.58,232.88
2016,1,11,13,45,83.0,196.0,2.25,14.0,234.0,282.0,231.11
2016,1,11,14,0,92.0,188.0,2.2,14.0,229.0,279.02,229.22
2016,1,11,14,15,431.5,129.0,2.1,14.0,299.0,521.21,429.95
2016,1,11,14,30,771.0,70.0,2.0,14.0,369.0,698.41,565.56
2016,1,11,14,45,749.0,66.5,1.95,14.0,336.5,650.22,528.19
2016,1,11,15,0,727.0,63.0,1.9,14.0,304.0,601.19,491.58
2016,1,11,15,15,692.5,59.5,1.75,13.5,267.0,543.49,446.36
2016,1,11,15,30,658.0,56.0,1.6,13.0,230.0,486.64,400.08
2016,1,11,15,45,606.0,51.0,1.45,13.0,190.0,423.37,346.38
2016,1,11,16,0,554.0,46.0,1.3,13.0,150.0,360.06,291.23
2016,1,11,16,15,471.0,38.5,1.25,12.5,111.0,283.61,224.95
2016,1,11,16,30,388.0,31.0,1.2,12.0,72.0,215.31,161.71
2016,1,11,16,45,247.0,20.5,1.2,12.0,42.0,125.56,50.84
2016,1,11,17,0,106.0,10.0,1.2,12.0,12.0,40.43,0.0
2016,1,11,17,15,53.0,5.0,1.2,12.0,6.0,0.0,0.0
2016,1,11,17,30,0.0,0.0,1.2,12.0,0.0,0.0,0.0
2016,1,11,17,45,0.0,0.0,1.25,12.0,0.0,0.0,0.0
2016,1,11,18,0,0.0,0.0,1.3,12.0,0.0,0.0,0.0
2016,1,11,18,15,0.0,0.0,1.4,11.5,0.0,0.0,0.0
2016,1,11,18,30,0.0,0.0,1.5,11.0,0.0,0.0,0.0
2016,1,11,18,45,0.0,0.0,1.6,11.0,0.0,0.0,0.0
2016,1,11,19,0,0.0,0.0,1.7,11.0,0.0,0.0,0.0
2016,1,11,19,15,0.0,0.0,1.8,11.0,0.0,0.0,0.0
2016,1,11,19,30,0.0,0.0,1.9,11.0,0.0,0.0,0.0
2016,1,11,19,45,0.0,0.0,2.0,11.0,0.0,0.0,0.0
2016,1,11,20,0,0.0,0.0,2.1,11.0,0.0,0.0,0.0
2016,1,11,20,15,0.0,0.0,2.15,10.5,0.0,0.0,0.0
2016,1,11,20,30,0.0,0.0,2.2,10.0,0.0,0.0,0.0
2016,1,11,20,45,0.0,0.0,2.25,10.0,0.0,0.0,0.0
2016,1,11,21,0,0.0,0.0,2.3,10.0,0.0,0.0,0.0
2016,1,11,21,15,0.0,0.0,2.4,10.0,0.0,0.0,0.0
2016,1,11,21,30,0.0,0.0,2.5,10.0,0.0,0.0,0.0
2016,1,11,21,45,0.0,0.0,2.65,10.0,0.0,0.0,0.0
2016,1,11,22,0,0.0,0.0,2.8,10.0,0.0,0.0,0.0
2016,1,11,22,15,0.0,0.0,2.9,9.5,0.0,0.0,0.0
2016,1,11,22,30,0.0,0.0,3.0,9.0,0.0,0.0,0.0
2016,1,11,22,45,0.0,0.0,3.2,9.0,0.0,0.0,0.0
2016,1,11,23,0,0.0,0.0,3.4,9.0,0.0,0.0,0.0
2016,1,11,23,15,0.0,0.0,3.45,9.0,0.0,0.0,0.0
2016,1,11,23,30,0.0,0.0,3.5,9.0,0.0,0.0,0.0
2016,1,11,23,45,0.0,0.0,3.55,9.0,0.0,0.0,0.0
2016,1,12,0,0,0.0,0.0,3.6,9.0,0.0,0.0,0.0
2016,1,12,0,15,0.0,0.0,3.35,8.5,0.0,0.0,0.0
2016,1,12,0,30,0.0,0.0,3.1,8.0,0.0,0.0,0.0
2016,1,12,0,45,0.0,0.0,2.9,8.0,0.0,0.0,0.0
2016,1,12,1,0,0.0,0.0,2.7,8.0,0.0,0.0,0.0
2016,1,12,1,15,0.0,0.0,2.4,8.0,0.0,0.0,0.0
2016,1,12,1,30,0.0,0.0,2.1,8.0,0.0,0.0,0.0
2016,1,12,1,45,0.0,0.0,1.85,8.0,0.0,0.0,0.0
2016,1,12,2,0,0.0,0.0,1.6,8.0,0.0,0.0,0.0
2016,1,12,2,15,0.0,0.0,1.7,8.0,0.0,0.0,0.0
2016,1,12,2,30,0.0,0.0,1.8,8.0,0.0,0.0,0.0
2016,1,12,2,45,0.0,0.0,1.9,8.5,0.0,0.0,0.0
2016,1,12,3,0,0.0,0.0,2.0,9.0,0.0,0.0,0.0
2016,1,12,3,15,0.0,0.0,2.4,9.0,0.0,0.0,0.0
2016,1,12,3,30,0.0,0.0,2.8,9.0,0.0,0.0,0.0
2016,1,12,3,45,0.0,0.0,3.25,9.0,0.0,0.0,0.0
2016,1,12,4,0,0.0,0.0,3.7,9.0,0.0,0.0,0.0
2016,1,12,4,15,0.0,0.0,3.9,8.5,0.0,0.0,0.0
2016,1,12,4,30,0.0,0.0,4.1,8.0,0.0,0.0,0.0
2016,1,12,4,45,0.0,0.0,4.35,8.0,0.0,0.0,0.0
2016,1,12,5,0,0.0,0.0,4.6,8.0,0.0,0.0,0.0
2016,1,12,5,15,0.0,0.0,4.6,8.0,0.0,0.0,0.0
2016,1,12,5,30,0.0,0.0,4.6,8.0,0.0,0.0,0.0
2016,1,12,5,45,0.0,0.0,4.65,8.0,0.0,0.0,0.0
2016,1,12,6,0,0.0,0.0,4.7,8.0,0.0,0.0,0.0
2016,1,12,6,15,0.0,0.0,4.45,8.0,0.0,0.0,0.0
2016,1,12,6,30,0.0,0.0,4.2,8.0,0.0,0.0,0.0
2016,1,12,6,45,0.0,0.0,4.0,8.0,0.0,0.0,0.0
2016,1,12,7,0,0.0,0.0,3.8,8.0,0.0,0.0,0.0
2016,1,12,7,15,0.0,0.0,3.75,8.0,0.0,0.0,0.0
2016,1,12,7,30,0.0,0.0,3.7,8.0,0.0,0.0,0.0
2016,1,12,7,45,181.0,14.0,3.65,8.5,30.5,87.56,0.0
2016,1,12,8,0,362.0,28.0,3.6,9.0,61.0,194.19,141.36
2016,1,12,8,15,453.0,36.0,3.5,9.0,100.5,263.69,211.72
2016,1,12,8,30,544.0,44.0,3.4,9.0,140.0,342.55,283.34
2016,1,12,8,45,601.0,49.5,3.35,9.5,180.5,408.28,342.09
2016,1,12,9,0,658.0,55.0,3.3,10.0,221.0,474.51,399.42
2016,1,12,9,15,499.0,86.5,3.15,10.0,224.0,444.35,375.24
2016,1,12,9,30,340.0,118.0,3.0,10.0,227.0,392.06,331.36
2016,1,12,9,45,355.0,128.5,2.95,10.5,253.5,429.47,361.95
2016,1,12,10,0,370.0,139.0,2.9,11.0,280.0,466.94,391.42
2016,1,12,10,15,454.0,134.0,2.95,11.5,320.5,540.29,450.43
2016,1,12,10,30,538.0,129.0,3.0,12.0,361.0,616.97,510.47
2016,1,12,10,45,454.5,155.5,3.05,12.5,358.0,593.1,488.35
2016,1,12,11,0,371.0,182.0,3.1,13.0,355.0,546.34,449.32
2016,1,12,11,15,458.5,168.5,3.1,13.0,390.0,631.97,517.11
2016,1,12,11,30,546.0,155.0,3.1,13.0,425.0,701.71,571.13
2016,1,12,11,45,503.0,169.0,3.15,13.0,421.0,685.64,557.38
2016,1,12,12,0,460.0,183.0,3.2,13.0,417.0,666.44,541.81
2016,1,12,12,15,434.0,189.0,3.2,13.0,410.5,650.93,529.43
2016,1,12,12,30,408.0,195.0,3.2,13.0,404.0,633.4,515.51
2016,1,12,12,45,299.5,209.5,3.25,13.5,361.5,532.54,434.97
2016,1,12,13,0,191.0,224.0,3.3,14.0,319.0,432.74,353.97
2016,1,12,13,15,238.5,212.0,3.3,14.0,327.5,474.86,389.04
2016,1,12,13,30,286.0,200.0,3.3,14.0,336.0,497.43,408.21
2016,1,12,13,45,258.5,193.5,3.35,14.0,312.5,460.12,378.57
2016,1,12,14,0,231.0,187.0,3.4,14.0,289.0,423.21,349.23
2016,1,12,14,15,115.5,160.5,3.45,14.0,212.0,276.14,228.48
2016,1,12,14,30,0.0,134.0,3.5,14.0,135.0,128.16,102.98
2016,1,12,14,45,0.0,122.0,3.6,14.0,122.5,116.35,93.41
2016,1,12,15,0,0.0,110.0,3.7,14.0,110.0,104.68,83.69
2016,1,12,15,15,0.0,96.5,3.75,13.5,96.5,91.45,72.69
2016,1,12,15,30,0.0,83.0,3.8,13.0,83.0,78.32,61.6
2016,1,12,15,45,0.0,68.5,3.9,13.0,68.5,64.14,49.33
2016,1,12,16,0,0.0,54.0,4.0,13.0,54.0,49.97,36.96
2016,1,12,16,15,0.0,40.0,4.1,12.5,40.0,36.34,25.01
2016,1,12,16,30,0.0,26.0,4.2,12.0,26.0,22.92,13.05
2016,1,12,16,45,0.0,15.0,4.3,12.0,15.0,13.2,1.48
2016,1,12,17,0,0.0,4.0,4.4,12.0,4.0,3.64,0.0
2016,1,12,17,15,0.0,2.0,4.5,12.0,2.0,0.0,0.0
2016,1,12,17,30,0.0,0.0,4.6,12.0,0.0,0.0,0.0
2016,1,12,17,45,0.0,0.0,4.75,12.0,0.0,0.0,0.0
2016,1,12,18,0,0.0,0.0,4.9,12.0,0.0,0.0,0.0
2016,1,12,18,15,0.0,0.0,5.05,12.0,0.0,0.0,0.0
2016,1,12,18,30,0.0,0.0,5.2,12.0,0.0,0.0,0.0
2016,1,12,18,45,0.0,0.0,5.35,12.0,0.0,0.0,0.0
2016,1,12,19,0,0.0,0.0,5.5,12.0,0.0,0.0,0.0
2016,1,12,19,15,0.0,0.0,5.65,12.0,0.0,0.0,0.0
2016,1,12,19,30,0.0,0.0,5.8,12.0,0.0,0.0,0.0
2016,1,12,19,45,0.0,0.0,5.95,12.0,0.0,0.0,0.0
2016,1,12,20,0,0.0,0.0,6.1,12.0,0.0,0.0,0.0
2016,1,12,20,15,0.0,0.0,6.2,12.0,0.0,0.0,0.0
2016,1,12,20,30,0.0,0.0,6.3,12.0,0.0,0.0,0.0
2016,1,12,20,45,0.0,0.0,6.4,12.0,0.0,0.0,0.0
2016,1,12,21,0,0.0,0.0,6.5,12.0,0.0,0.0,0.0
2016,1,12,21,15,0.0,0.0,6.7,12.0,0.0,0.0,0.0
2016,1,12,21,30,0.0,0.0,6.9,12.0,0.0,0.0,0.0
2016,1,12,21,45,0.0,0.0,7.1,12.0,0.0,0.0,0.0
2016,1,12,22,0,0.0,0.0,7.3,12.0,0.0,0.0,0.0
2016,1,12,22,15,0.0,0.0,7.6,12.0,0.0,0.0,0.0
2016,1,12,22,30,0.0,0.0,7.9,12.0,0.0,0.0,0.0
2016,1,12,22,45,0.0,0.0,8.2,12.5,0.0,0.0,0.0
2016,1,12,23,0,0.0,0.0,8.5,13.0,0.0,0.0,0.0
2016,1,12,23,15,0.0,0.0,8.55,13.0,0.0,0.0,0.0
2016,1,12,23,30,0.0,0.0,8.6,13.0,0.0,0.0,0.0
2016,1,12,23,45,0.0,0.0,8.65,13.0,0.0,0.0,0.0
2016,1,13,0,0,0.0,0.0,8.7,13.0,0.0,0.0,0.0
2016,1,13,0,15,0.0,0.0,8.6,13.0,0.0,0.0,0.0
2016,1,13,0,30,0.0,0.0,8.5,13.0,0.0,0.0,0.0
2016,1,13,0,45,0.0,0.0,8.45,13.0,0.0,0.0,0.0
2016,1,13,1,0,0.0,0.0,8.4,13.0,0.0,0.0,0.0
2016,1,13,1,15,0.0,0.0,8.3,13.0,0.0,0.0,0.0
2016,1,13,1,30,0.0,0.0,8.2,13.0,0.0,0.0,0.0
2016,1,13,1,45,0.0,0.0,8.15,13.0,0.0,0.0,0.0
2016,1,13,2,0,0.0,0.0,8.1,13.0,0.0,0.0,0.0
2016,1,13,2,15,0.0,0.0,7.9,13.0,0.0,0.0,0.0
2016,1,13,2,30,0.0,0.0,7.7,13.0,0.0,0.0,0.0
2016,1,13,2,45,0.0,0.0,7.5,13.0,0.0,0.0,0.0
2016,1,13,3,0,0.0,0.0,7.3,13.0,0.0,0.0,0.0
2016,1,13,3,15,0.0,0.0,7.1,13.0,0.0,0.0,0.0
2016,1,13,3,30,0.0,0.0,6.9,13.0,0.0,0.0,0.0
2016,1,13,3,45,0.0,0.0,6.7,13.0,0.0,0.0,0.0
2016,1,13,4,0,0.0,0.0,6.5,13.0,0.0,0.0,0.0
2016,1,13,4,15,0.0,0.0,6.3,12.5,0.0,0.0,0.0
2016,1,13,4,30,0.0,0.0,6.1,12.0,0.0,0.0,0.0
2016,1,13,4,45,0.0,0.0,5.95,12.0,0.0,0.0,0.0
2016,1,13,5,0,0.0,0.0,5.8,12.0,0.0,0.0,0.0
2016,1,13,5,15,0.0,0.0,5.65,12.0,0.0,0.0,0.0
2016,1,13,5,30,0.0,0.0,5.5,12.0,0.0,0.0,0.0
2016,1,13,5,45,0.0,0.0,5.4,12.0,0.0,0.0,0.0
2016,1,13,6,0,0.0,0.0,5.3,12.0,0.0,0.0,0.0
2016,1,13,6,15,0.0,0.0,5.2,12.0,0.0,0.0,0.0
2016,1,13,6,30,0.0,0.0,5.1,12.0,0.0,0.0,0.0
2016,1,13,6,45,0.0,0.0,5.1,12.0,0.0,0.0,0.0
2016,1,13,7,0,0.0,0.0,5.1,12.0,0.0,0.0,0.0
2016,1,13,7,15,0.0,0.0,5.25,12.0,0.0,0.0,0.0
2016,1,13,7,30,0.0,0.0,5.4,12.0,0.0,0.0,0.0
2016,1,13,7,45,143.0,16.5,5.6,12.5,30.0,77.93,0.0
2016,1,13,8,0,286.0,33.0,5.8,13.0,60.0,169.01,121.79
2016,1,13,8,15,384.5,42.5,5.9,13.0,98.5,239.97,190.88
2016,1,13,8,30,483.0,52.0,6.0,13.0,137.0,320.94,263.71
2016,1,13,8,45,543.0,58.5,6.15,13.0,177.5,386.97,323.46
2016,1,13,9,0,603.0,65.0,6.3,13.0,218.0,457.5,385.71
2016,1,13,9,15,643.5,70.0,6.4,13.0,257.0,517.87,438.13
2016,1,13,9,30,684.0,75.0,6.5,13.0,296.0,579.94,490.7
2016,1,13,9,45,701.5,81.0,6.65,13.5,329.0,627.97,529.44
2016,1,13,10,0,719.0,87.0,6.8,14.0,362.0,675.12,565.72
2016,1,13,10,15,739.0,89.5,6.9,14.0,391.0,718.72,599.63
2016,1,13,10,30,759.0,92.0,7.0,14.0,420.0,760.96,632.14
2016,1,13,10,45,572.0,136.0,7.1,14.0,390.5,668.9,558.64
2016,1,13,11,0,385.0,180.0,7.2,14.0,361.0,555.95,464.65
2016,1,13,11,15,425.0,178.0,7.2,14.0,384.0,613.63,511.33
2016,1,13,11,30,465.0,176.0,7.2,14.0,407.0,654.19,543.99
2016,1,13,11,45,465.0,179.5,7.25,14.0,413.5,663.79,551.26
2016,1,13,12,0,465.0,183.0,7.3,14.0,420.0,671.38,557.1
2016,1,13,12,15,297.0,207.5,7.25,13.5,359.5,529.68,440.94
2016,1,13,12,30,129.0,232.0,7.2,13.0,299.0,387.88,321.81
2016,1,13,12,45,64.5,167.0,7.2,13.0,200.5,230.72,191.16
2016,1,13,13,0,0.0,102.0,7.2,13.0,102.0,91.67,72.26
2016,1,13,13,15,179.0,145.5,7.15,13.0,231.0,338.47,285.2
2016,1,13,13,30,358.0,189.0,7.1,13.0,360.0,546.83,458.77
2016,1,13,13,45,568.5,139.0,7.05,13.0,397.0,675.7,566.42
2016,1,13,14,0,779.0,89.0,7.0,13.0,434.0,778.21,647.85
2016,1,13,14,15,761.5,87.0,6.7,12.5,406.0,743.92,621.62
2016,1,13,14,30,744.0,85.0,6.4,12.0,378.0,703.05,590.45
2016,1,13,14,45,725.5,80.0,6.15,12.0,346.0,656.3,553.3
2016,1,13,15,0,707.0,75.0,5.9,12.0,314.0,608.54,514.67
2016,1,13,15,15,670.5,71.0,5.5,11.5,276.0,549.51,465.37
2016,1,13,15,30,634.0,67.0,5.1,11.0,238.0,491.6,415.81
2016,1,13,15,45,595.0,59.5,4.75,11.0,199.0,429.74,361.14
2016,1,13,16,0,556.0,52.0,4.4,11.0,160.0,370.22,307.06
2016,1,13,16,15,469.0,44.0,4.2,10.5,119.5,290.67,236.05
2016,1,13,16,30,382.0,36.0,4.0,10.0,79.0,219.42,169.69
2016,1,13,16,45,237.5,24.5,3.8,10.0,47.0,128.77,68.26
2016,1,13,17,0,93.0,13.0,3.6,10.0,15.0,39.64,0.0
2016,1,13,17,15,46.5,6.5,3.5,9.5,7.5,0.0,0.0
2016,1,13,17,30,0.0,0.0,3.4,9.0,0.0,0.0,0.0
2016,1,13,17,45,0.0,0.0,3.35,9.0,0.0,0.0,0.0
2016,1,13,18,0,0.0,0.0,3.3,9.0,0.0,0.0,0.0
2016,1,13,18,15,0.0,0.0,3.2,9.0,0.0,0.0,0.0
2016,1,13,18,30,0.0,0.0,3.1,9.0,0.0,0.0,0.0
2016,1,13,18,45,0.0,0.0,3.05,9.0,0.0,0.0,0.0
2016,1,13,19,0,0.0,0.0,3.0,9.0,0.0,0.0,0.0
2016,1,13,19,15,0.0,0.0,2.9,9.0,0.0,0.0,0.0
2016,1,13,19,30,0.0,0.0,2.8,9.0,0.0,0.0,0.0
2016,1,13,19,45,0.0,0.0,2.7,9.0,0.0,0.0,0.0
2016,1,13,20,0,0.0,0.0,2.6,9.0,0.0,0.0,0.0
2016,1,13,20,15,0.0,0.0,2.5,9.0,0.0,0.0,0.0
2016,1,13,20,30,0.0,0.0,2.4,9.0,0.0,0.0,0.0
2016,1,13,20,45,0.0,0.0,2.35,9.0,0.0,0.0,0.0
2016,1,13,21,0,0.0,0.0,2.3,9.0,0.0,0.0,0.0
2016,1,13,21,15,0.0,0.0,2.15,9.0,0.0,0.0,0.0
2016,1,13,21,30,0.0,0.0,2.0,9.0,0.0,0.0,0.0
2016,1,13,21,45,0.0,0.0,1.85,9.0,0.0,0.0,0.0
2016,1,13,22,0,0.0,0.0,1.7,9.0,0.0,0.0,0.0
2016,1,13,22,15,0.0,0.0,1.75,9.0,0.0,0.0,0.0
2016,1,13,22,30,0.0,0.0,1.8,9.0,0.0,0.0,0.0
2016,1,13,22,45,0.0,0.0,1.9,9.0,0.0,0.0,0.0
2016,1,13,23,0,0.0,0.0,2.0,9.0,0.0,0.0,0.0
2016,1,13,23,15,0.0,0.0,1.95,9.0,0.0,0.0,0.0
2016,1,13,23,30,0.0,0.0,1.9,9.0,0.0,0.0,0.0
2016,1,13,23,45,0.0,0.0,1.85,9.0,0.0,0.0,0.0
2016,1,14,0,0,0.0,0.0,1.8,9.0,0.0,0.0,0.0
2016,1,14,0,15,0.0,0.0,1.85,9.0,0.0,0.0,0.0
2016,1,14,0,30,0.0,0.0,1.9,9.0,0.0,0.0,0.0
2016,1,14,0,45,0.0,0.0,2.0,9.0,0.0,0.0,0.0
2016,1,14,1,0,0.0,0.0,2.1,9.0,0.0,0.0,0.0
2016,1,14,1,15,0.0,0.0,2.1,9.0,0.0,0.0,0.0
2016,1,14,1,30,0.0,0.0,2.1,9.0,0.0,0.0,0.0
2016,1,14,1,45,0.0,0.0,2.1,9.0,0.0,0.0,0.0
2016,1,14,2,0,0.0,0.0,2.1,9.0,0.0,0.0,0.0
2016,1,14,2,15,0.0,0.0,2.1,9.0,0.0,0.0,0.0
2016,1,14,2,30,0.0,0.0,2.1,9.0,0.0,0.0,0.0
2016,1,14,2,45,0.0,0.0,2.1,9.0,0.0,0.0,0.0
2016,1,14,3,0,0.0,0.0,2.1,9.0,0.0,0.0,0.0
2016,1,14,3,15,0.0,0.0,2.05,9.0,0.0,0.0,0.0
2016,1,14,3,30,0.0,0.0,2.0,9.0,0.0,0.0,0.0
2016,1,14,3,45,0.0,0.0,1.95,9.0,0.0,0.0,0.0
2016,1,14,4,0,0.0,0.0,1.9,9.0,0.0,0.0,0.0
2016,1,14,4,15,0.0,0.0,1.75,9.0,0.0,0.0,0.0
2016,1,14,4,30,0.0,0.0,1.6,9.0,0.0,0.0,0.0
2016,1,14,4,45,0.0,0.0,1.5,9.0,0.0,0.0,0.0
2016,1,14,5,0,0.0,0.0,1.4,9.0,0.0,0.0,0.0
2016,1,14,5,15,0.0,0.0,1.5,9.0,0.0,0.0,0.0
2016,1,14,5,30,0.0,0.0,1.6,9.0,0.0,0.0,0.0
2016,1,14,5,45,0.0,0.0,1.7,9.0,0.0,0.0,0.0
2016,1,14,6,0,0.0,0.0,1.8,9.0,0.0,0.0,0.0
2016,1,14,6,15,0.0,0.0,1.95,8.5,0.0,0.0,0.0
2016,1,14,6,30,0.0,0.0,2.1,8.0,0.0,0.0,0.0
2016,1,14,6,45,0.0,0.0,2.25,8.0,0.0,0.0,0.0
2016,1,14,7,0,0.0,0.0,2.4,8.0,0.0,0.0,0.0
2016,1,14,7,15,0.0,0.0,2.5,8.5,0.0,0.0,0.0
2016,1,14,7,30,0.0,0.0,2.6,9.0,0.0,0.0,0.0
2016,1,14,7,45,37.0,16.5,2.75,9.5,20.0,31.46,0.0
2016,1,14,8,0,74.0,33.0,2.9,10.0,40.0,78.07,55.09
2016,1,14,8,15,97.0,50.5,3.1,10.0,64.5,105.15,82.47
2016,1,14,8,30,120.0,68.0,3.3,10.0,89.0,141.21,115.26
2016,1,14,8,45,133.0,85.0,3.5,10.5,114.0,173.22,143.97
2016,1,14,9,0,146.0,102.0,3.7,11.0,139.0,206.31,173.04
2016,1,14,9,15,153.0,118.5,3.85,11.0,163.0,235.92,198.83
2016,1,14,9,30,160.0,135.0,4.0,11.0,187.0,265.93,224.49
2016,1,14,9,45,165.0,149.0,4.2,11.0,207.5,291.54,246.15
2016,1,14,10,0,170.0,163.0,4.4,11.0,228.0,317.28,267.63
2016,1,14,10,15,192.0,174.5,4.55,11.0,253.5,353.22,297.73
2016,1,14,10,30,214.0,186.0,4.7,11.0,279.0,390.14,328.35
2016,1,14,10,45,199.0,198.0,4.85,11.5,288.0,397.13,332.71
2016,1,14,11,0,184.0,210.0,5.0,12.0,297.0,402.87,336.07
2016,1,14,11,15,127.0,213.5,5.2,12.0,274.5,359.32,298.81
2016,1,14,11,30,70.0,217.0,5.4,12.0,252.0,296.75,245.73
2016,1,14,11,45,68.5,220.5,5.65,12.0,255.5,299.83,248.32
2016,1,14,12,0,67.0,224.0,5.9,12.0,259.0,302.9,250.81
2016,1,14,12,15,42.0,208.5,6.1,12.0,230.5,260.27,214.83
2016,1,14,12,30,17.0,193.0,6.3,12.0,202.0,202.53,166.08
2016,1,14,12,45,28.0,199.5,6.5,12.0,214.5,236.34,194.78
2016,1,14,13,0,39.0,206.0,6.7,12.0,227.0,254.68,210.54
2016,1,14,13,15,19.5,156.5,6.75,12.0,167.0,165.29,135.46
2016,1,14,13,30,0.0,107.0,6.8,12.0,107.0,96.87,77.08
2016,1,14,13,45,0.0,94.5,6.85,12.0,94.5,84.7,66.86
2016,1,14,14,0,0.0,82.0,6.9,12.0,82.0,72.7,56.74
2016,1,14,14,15,0.0,99.0,6.75,11.5,99.0,89.8,71.56
2016,1,14,14,30,0.0,116.0,6.6,11.0,116.0,108.14,87.5
2016,1,14,14,45,0.0,105.0,6.5,11.0,105.0,97.44,78.46
2016,1,14,15,0,0.0,94.0,6.4,11.0,94.0,86.84,69.46
2016,1,14,15,15,0.0,82.5,6.3,11.0,82.5,75.79,60.0
2016,1,14,15,30,0.0,71.0,6.2,11.0,71.0,64.82,50.51
2016,1,14,15,45,0.0,58.5,6.15,11.0,58.5,52.84,40.05
2016,1,14,16,0,0.0,46.0,6.1,11.0,46.0,40.9,29.53
2016,1,14,16,15,0.0,34.0,6.1,11.0,34.0,29.98,19.85
2016,1,14,16,30,0.0,22.0,6.1,11.0,22.0,19.37,10.35
2016,1,14,16,45,0.0,13.0,6.2,11.0,13.0,11.43,1.67
2016,1,14,17,0,0.0,4.0,6.3,11.0,4.0,3.64,0.0
2016,1,14,17,15,0.0,2.0,6.35,11.0,2.0,0.0,0.0
2016,1,14,17,30,0.0,0.0,6.4,11.0,0.0,0.0,0.0
2016,1,14,17,45,0.0,0.0,6.45,11.0,0.0,0.0,0.0
2016,1,14,18,0,0.0,0.0,6.5,11.0,0.0,0.0,0.0
2016,1,14,18,15,0.0,0.0,6.5,11.0,0.0,0.0,0.0
2016,1,14,18,30,0.0,0.0,6.5,11.0,0.0,0.0,0.0
2016,1,14,18,45,0.0,0.0,6.5,11.5,0.0,0.0,0.0
2016,1,14,19,0,0.0,0.0,6.5,12.0,0.0,0.0,0.0
2016,1,14,19,15,0.0,0.0,6.4,12.0,0.0,0.0,0.0
2016,1,14,19,30,0.0,0.0,6.3,12.0,0.0,0.0,0.0
2016,1,14,19,45,0.0,0.0,6.2,12.0,0.0,0.0,0.0
2016,1,14,20,0,0.0,0.0,6.1,12.0,0.0,0.0,0.0
2016,1,14,20,15,0.0,0.0,5.95,12.0,0.0,0.0,0.0
2016,1,14,20,30,0.0,0.0,5.8,12.0,0.0,0.0,0.0
2016,1,14,20,45,0.0,0.0,5.65,12.0,0.0,0.0,0.0
2016,1,14,21,0,0.0,0.0,5.5,12.0,0.0,0.0,0.0
2016,1,14,21,15,0.0,0.0,5.15,12.0,0.0,0.0,0.0
2016,1,14,21,30,0.0,0.0,4.8,12.0,0.0,0.0,0.0
2016,1,14,21,45,0.0,0.0,4.5,12.0,0.0,0.0,0.0
2016,1,14,22,0,0.0,0.0,4.2,12.0,0.0,0.0,0.0
2016,1,14,22,15,0.0,0.0,4.05,11.5,0.0,0.0,0.0
2016,1,14,22,30,0.0,0.0,3.9,11.0,0.0,0.0,0.0
2016,1,14,22,45,0.0,0.0,3.75,11.0,0.0,0.0,0.0
2016,1,14,23,0,0.0,0.0,3.6,11.0,0.0,0.0,0.0
2016,1,14,23,15,0.0,0.0,3.5,11.0,0.0,0.0,0.0
2016,1,14,23,30,0.0,0.0,3.4,11.0,0.0,0.0,0.0
2016,1,14,23,45,0.0,0.0,3.35,11.0,0.0,0.0,0.0
2016,1,15,0,0,0.0,0.0,3.3,11.0,0.0,0.0,0.0
2016,1,15,0,15,0.0,0.0,3.15,10.5,0.0,0.0,0.0
2016,1,15,0,30,0.0,0.0,3.0,10.0,0.0,0.0,0.0
2016,1,15,0,45,0.0,0.0,2.95,10.0,0.0,0.0,0.0
2016,1,15,1,0,0.0,0.0,2.9,10.0,0.0,0.0,0.0
2016,1,15,1,15,0.0,0.0,2.85,10.0,0.0,0.0,0.0
2016,1,15,1,30,0.0,0.0,2.8,10.0,0.0,0.0,0.0
2016,1,15,1,45,0.0,0.0,2.75,10.0,0.0,0.0,0.0
2016,1,15,2,0,0.0,0.0,2.7,10.0,0.0,0.0,0.0
2016,1,15,2,15,0.0,0.0,2.55,10.0,0.0,0.0,0.0
2016,1,15,2,30,0.0,0.0,2.4,10.0,0.0,0.0,0.0
2016,1,15,2,45,0.0,0.0,2.3,10.0,0.0,0.0,0.0
2016,1,15,3,0,0.0,0.0,2.2,10.0,0.0,0.0,0.0
2016,1,15,3,15,0.0,0.0,2.0,10.0,0.0,0.0,0.0
2016,1,15,3,30,0.0,0.0,1.8,10.0,0.0,0.0,0.0
2016,1,15,3,45,0.0,0.0,1.65,10.0,0.0,0.0,0.0
2016,1,15,4,0,0.0,0.0,1.5,10.0,0.0,0.0,0.0
2016,1,15,4,15,0.0,0.0,1.4,10.0,0.0,0.0,0.0
2016,1,15,4,30,0.0,0.0,1.3,10.0,0.0,0.0,0.0
2016,1,15,4,45,0.0,0.0,1.25,10.0,0.0,0.0,0.0
2016,1,15,5,0,0.0,0.0,1.2,10.0,0.0,0.0,0.0
2016,1,15,5,15,0.0,0.0,1.1,10.0,0.0,0.0,0.0
2016,1,15,5,30,0.0,0.0,1.0,10.0,0.0,0.0,0.0
2016,1,15,5,45,0.0,0.0,0.9,10.0,0.0,0.0,0.0
2016,1,15,6,0,0.0,0.0,0.8,10.0,0.0,0.0,0.0
2016,1,15,6,15,0.0,0.0,0.7,10.0,0.0,0.0,0.0
2016,1,15,6,30,0.0,0.0,0.6,10.0,0.0,0.0,0.0
2016,1,15,6,45,0.0,0.0,0.55,10.0,0.0,0.0,0.0
2016,1,15,7,0,0.0,0.0,0.5,10.0,0.0,0.0,0.0
2016,1,15,7,15,0.0,0.0,0.45,10.0,0.0,0.0,0.0
2016,1,15,7,30,0.0,0.0,0.4,10.0,0.0,0.0,0.0
2016,1,15,7,45,158.0,16.0,0.4,10.5,31.0,82.28,0.0
2016,1,15,8,0,316.0,32.0,0.4,11.0,62.0,179.16,129.83
2016,1,15,8,15,409.0,40.5,0.55,11.0,100.5,248.06,195.49
2016,1,15,8,30,502.0,49.0,0.7,11.0,139.0,326.38,264.09
2016,1,15,8,45,560.0,55.5,0.9,11.0,179.5,392.11,321.61
2016,1,15,9,0,618.0,62.0,1.1,11.0,220.0,462.26,381.25
2016,1,15,9,15,656.5,66.0,1.3,11.0,258.5,520.82,430.32
2016,1,15,9,30,695.0,70.0,1.5,11.0,297.0,580.91,479.38
2016,1,15,9,45,690.0,75.5,1.7,11.5,321.0,612.72,503.98
2016,1,15,10,0,685.0,81.0,1.9,12.0,345.0,641.98,525.64
2016,1,15,10,15,641.0,99.5,1.95,12.0,361.5,653.76,533.84
2016,1,15,10,30,597.0,118.0,2.0,12.0,378.0,659.55,537.62
2016,1,15,10,45,599.0,124.5,2.15,12.0,397.0,685.67,557.43
2016,1,15,11,0,601.0,131.0,2.3,12.0,416.0,709.52,575.32
2016,1,15,11,15,571.0,145.0,2.25,12.0,423.5,704.09,570.13
2016,1,15,11,30,541.0,159.0,2.2,12.0,431.0,703.04,568.47
2016,1,15,11,45,433.5,187.0,2.2,12.5,407.5,644.43,520.68
2016,1,15,12,0,326.0,215.0,2.2,13.0,384.0,565.06,457.45
2016,1,15,12,15,261.0,224.5,2.15,13.0,360.0,517.88,419.87
2016,1,15,12,30,196.0,234.0,2.1,13.0,336.0,451.84,367.31
2016,1,15,12,45,514.0,160.5,2.05,13.0,422.0,688.85,556.42
2016,1,15,13,0,832.0,87.0,2.0,13.0,508.0,886.98,698.17
2016,1,15,13,15,824.0,86.0,1.9,13.0,493.5,867.54,681.68
2016,1,15,13,30,816.0,85.0,1.8,13.0,479.0,845.02,665.52
2016,1,15,13,45,810.0,81.5,1.75,13.0,458.5,818.23,646.91
2016,1,15,14,0,804.0,78.0,1.7,13.0,438.0,788.6,626.27
2016,1,15,14,15,786.0,76.0,1.6,13.0,410.0,748.47,597.44
2016,1,15,14,30,768.0,74.0,1.5,13.0,382.0,706.57,567.15
2016,1,15,14,45,747.0,70.5,1.45,13.0,349.0,659.15,532.82
2016,1,15,15,0,726.0,67.0,1.4,13.0,316.0,610.79,497.19
2016,1,15,15,15,691.0,63.0,1.3,13.0,278.5,551.96,451.23
2016,1,15,15,30,656.0,59.0,1.2,13.0,241.0,497.69,407.0
2016,1,15,15,45,604.0,54.0,1.1,13.0,201.0,430.44,351.26
2016,1,15,16,0,552.0,49.0,1.0,13.0,161.0,366.73,296.72
2016,1,15,16,15,472.0,42.0,1.0,12.5,121.0,291.59,232.41
2016,1,15,16,30,392.0,35.0,1.0,12.0,81.0,224.07,171.87
2016,1,15,16,45,255.0,24.0,1.05,12.0,49.0,137.38,82.73
2016,1,15,17,0,118.0,13.0,1.1,12.0,17.0,47.51,0.0
2016,1,15,17,15,59.0,6.5,1.15,12.0,8.5,0.0,0.0
2016,1,15,17,30,0.0,0.0,1.2,12.0,0.0,0.0,0.0
2016,1,15,17,45,0.0,0.0,1.25,12.0,0.0,0.0,0.0
2016,1,15,18,0,0.0,0.0,1.3,12.0,0.0,0.0,0.0
2016,1,15,18,15,0.0,0.0,1.4,11.5,0.0,0.0,0.0
2016,1,15,18,30,0.0,0.0,1.5,11.0,0.0,0.0,0.0
2016,1,15,18,45,0.0,0.0,1.65,11.0,0.0,0.0,0.0
2016,1,15,19,0,0.0,0.0,1.8,11.0,0.0,0.0,0.0
2016,1,15,19,15,0.0,0.0,1.85,11.0,0.0,0.0,0.0
2016,1,15,19,30,0.0,0.0,1.9,11.0,0.0,0.0,0.0
2016,1,15,19,45,0.0,0.0,2.0,11.0,0.0,0.0,0.0
2016,1,15,20,0,0.0,0.0,2.1,11.0,0.0,0.0,0.0
2016,1,15,20,15,0.0,0.0,2.1,11.0,0.0,0.0,0.0
2016,1,15,20,30,0.0,0.0,2.1,11.0,0.0,0.0,0.0
2016,1,15,20,45,0.0,0.0,2.15,11.0,0.0,0.0,0.0
2016,1,15,21,0,0.0,0.0,2.2,11.0,0.0,0.0,0.0
2016,1,15,21,15,0.0,0.0,2.25,11.0,0.0,0.0,0.0
2016,1,15,21,30,0.0,0.0,2.3,11.0,0.0,0.0,0.0
2016,1,15,21,45,0.0,0.0,2.4,11.0,0.0,0.0,0.0
2016,1,15,22,0,0.0,0.0,2.5,11.0,0.0,0.0,0.0
2016,1,15,22,15,0.0,0.0,2.65,11.0,0.0,0.0,0.0
2016,1,15,22,30,0.0,0.0,2.8,11.0,0.0,0.0,0.0
2016,1,15,22,45,0.0,0.0,3.0,11.0,0.0,0.0,0.0
2016,1,15,23,0,0.0,0.0,3.2,11.0,0.0,0.0,0.0
2016,1,15,23,15,0.0,0.0,3.45,11.0,0.0,0.0,0.0
2016,1,15,23,30,0.0,0.0,3.7,11.0,0.0,0.0,0.0
2016,1,15,23,45,0.0,0.0,3.95,11.0,0.0,0.0,0.0
2016,1,16,0,0,0.0,0.0,4.2,11.0,0.0,0.0,0.0
2016,1,16,0,15,0.0,0.0,4.4,11.0,0.0,0.0,0.0
2016,1,16,0,30,0.0,0.0,4.6,11.0,0.0,0.0,0.0
2016,1,16,0,45,0.0,0.0,4.8,11.0,0.0,0.0,0.0
2016,1,16,1,0,0.0,0.0,5.0,11.0,0.0,0.0,0.0
2016,1,16,1,15,0.0,0.0,5.05,11.0,0.0,0.0,0.0
2016,1,16,1,30,0.0,0.0,5.1,11.0,0.0,0.0,0.0
2016,1,16,1,45,0.0,0.0,5.2,11.0,0.0,0.0,0.0
2016,1,16,2,0,0.0,0.0,5.3,11.0,0.0,0.0,0.0
2016,1,16,2,15,0.0,0.0,5.3,11.0,0.0,0.0,0.0
2016,1,16,2,30,0.0,0.0,5.3,11.0,0.0,0.0,0.0
2016,1,16,2,45,0.0,0.0,5.3,11.0,0.0,0.0,0.0
2016,1,16,3,0,0.0,0.0,5.3,11.0,0.0,0.0,0.0
2016,1,16,3,15,0.0,0.0,5.3,11.0,0.0,0.0,0.0
2016,1,16,3,30,0.0,0.0,5.3,11.0,0.0,0.0,0.0
2016,1,16,3,45,0.0,0.0,5.35,11.0,0.0,0.0,0.0
2016,1,16,4,0,0.0,0.0,5.4,11.0,0.0,0.0,0.0
2016,1,16,4,15,0.0,0.0,5.3,11.0,0.0,0.0,0.0
2016,1,16,4,30,0.0,0.0,5.2,11.0,0.0,0.0,0.0
2016,1,16,4,45,0.0,0.0,5.15,11.0,0.0,0.0,0.0
2016,1,16,5,0,0.0,0.0,5.1,11.0,0.0,0.0,0.0
2016,1,16,5,15,0.0,0.0,4.95,11.0,0.0,0.0,0.0
2016,1,16,5,30,0.0,0.0,4.8,11.0,0.0,0.0,0.0
2016,1,16,5,45,0.0,0.0,4.7,11.0,0.0,0.0,0.0
2016,1,16,6,0,0.0,0.0,4.6,11.0,0.0,0.0,0.0
2016,1,16,6,15,0.0,0.0,4.5,11.0,0.0,0.0,0.0
2016,1,16,6,30,0.0,0.0,4.4,11.0,0.0,0.0,0.0
2016,1,16,6,45,0.0,0.0,4.35,11.5,0.0,0.0,0.0
2016,1,16,7,0,0.0,0.0,4.3,12.0,0.0,0.0,0.0
2016,1,16,7,15,0.0,0.0,4.3,12.0,0.0,0.0,0.0
2016,1,16,7,30,0.0,0.0,4.3,12.0,0.0,0.0,0.0
2016,1,16,7,45,130.0,17.5,4.35,12.0,30.0,72.81,0.0
2016,1,16,8,0,260.0,35.0,4.4,12.0,60.0,160.36,117.22
2016,1,16,8,15,353.0,45.0,4.35,12.0,98.0,227.58,181.47
2016,1,16,8,30,446.0,55.0,4.3,12.0,136.0,304.83,250.53
2016,1,16,8,45,516.5,60.5,4.3,12.5,177.0,373.88,311.46
2016,1,16,9,0,587.0,66.0,4.3,13.0,218.0,448.39,375.27
2016,1,16,9,15,372.5,102.0,4.2,13.0,204.0,377.68,317.15
2016,1,16,9,30,158.0,138.0,4.1,13.0,190.0,267.87,224.05
2016,1,16,9,45,162.0,151.5,4.0,13.5,210.0,292.02,243.96
2016,1,16,10,0,166.0,165.0,3.9,14.0,230.0,316.24,263.2
2016,1,16,10,15,87.0,160.5,3.8,14.0,195.0,237.91,196.76
2016,1,16,10,30,8.0,156.0,3.7,14.0,160.0,156.39,126.54
2016,1,16,10,45,4.0,117.0,3.65,14.5,119.0,110.73,88.12
2016,1,16,11,0,0.0,78.0,3.6,15.0,78.0,69.02,52.79
2016,1,16,11,15,0.0,117.5,3.55,15.0,117.5,107.2,84.7
2016,1,16,11,30,0.0,157.0,3.5,15.0,157.0,147.91,118.31
2016,1,16,11,45,27.5,189.0,3.5,15.0,203.5,222.59,180.52
2016,1,16,12,0,55.0,221.0,3.5,15.0,250.0,287.37,233.62
2016,1,16,12,15,27.5,189.5,3.5,15.0,204.0,223.02,180.45
2016,1,16,12,30,0.0,158.0,3.5,15.0,158.0,148.4,118.39
2016,1,16,12,45,0.0,156.5,3.5,15.0,156.5,146.94,117.34
2016,1,16,13,0,0.0,155.0,3.5,15.0,155.0,145.58,116.28
2016,1,16,13,15,0.0,121.5,3.4,15.0,121.5,111.11,87.81
2016,1,16,13,30,0.0,88.0,3.3,15.0,88.0,78.17,60.43
2016,1,16,13,45,0.0,100.5,3.2,15.0,100.5,90.53,70.89
2016,1,16,14,0,0.0,113.0,3.1,15.0,113.0,103.43,81.77
2016,1,16,14,15,73.0,143.5,3.0,15.0,173.5,206.38,169.95
2016,1,16,14,30,146.0,174.0,2.9,15.0,234.0,314.43,259.61
2016,1,16,14,45,138.0,161.0,2.8,15.0,213.5,288.67,238.28
2016,1,16,15,0,130.0,148.0,2.7,15.0,193.0,263.33,217.52
2016,1,16,15,15,122.5,131.5,2.55,14.5,170.0,234.21,193.74
2016,1,16,15,30,115.0,115.0,2.4,14.0,147.0,205.61,169.92
2016,1,16,15,45,102.0,97.5,2.3,14.0,122.5,173.1,142.0
2016,1,16,16,0,89.0,80.0,2.2,14.0,98.0,141.73,114.61
2016,1,16,16,15,69.0,62.0,2.15,13.5,74.0,107.54,84.69
2016,1,16,16,30,49.0,44.0,2.1,13.0,50.0,75.11,55.9
2016,1,16,16,45,24.5,27.5,2.1,13.0,30.5,38.47,21.07
2016,1,16,17,0,0.0,11.0,2.1,13.0,11.0,10.01,0.0
2016,1,16,17,15,0.0,5.5,2.15,13.0,5.5,5.0,0.0
2016,1,16,17,30,0.0,0.0,2.2,13.0,0.0,0.0,0.0
2016,1,16,17,45,0.0,0.0,2.25,13.0,0.0,0.0,0.0
2016,1,16,18,0,0.0,0.0,2.3,13.0,0.0,0.0,0.0
2016,1,16,18,15,0.0,0.0,2.35,13.0,0.0,0.0,0.0
2016,1,16,18,30,0.0,0.0,2.4,13.0,0.0,0.0,0.0
2016,1,16,18,45,0.0,0.0,2.5,13.0,0.0,0.0,0.0
2016,1,16,19,0,0.0,0.0,2.6,13.0,0.0,0.0,0.0
2016,1,16,19,15,0.0,0.0,2.6,12.5,0.0,0.0,0.0
2016,1,16,19,30,0.0,0.0,2.6,12.0,0.0,0.0,0.0
2016,1,16,19,45,0.0,0.0,2.65,12.0,0.0,0.0,0.0
2016,1,16,20,0,0.0,0.0,2.7,12.0,0.0,0.0,0.0
2016,1,16,20,15,0.0,0.0,2.7,12.0,0.0,0.0,0.0
2016,1,16,20,30,0.0,0.0,2.7,12.0,0.0,0.0,0.0
2016,1,16,20,45,0.0,0.0,2.7,12.0,0.0,0.0,0.0
2016,1,16,21,0,0.0,0.0,2.7,12.0,0.0,0.0,0.0
2016,1,16,21,15,0.0,0.0,2.85,12.0,0.0,0.0,0.0
2016,1,16,21,30,0.0,0.0,3.0,12.0,0.0,0.0,0.0
2016,1,16,21,45,0.0,0.0,3.15,12.0,0.0,0.0,0.0
2016,1,16,22,0,0.0,0.0,3.3,12.0,0.0,0.0,0.0
2016,1,16,22,15,0.0,0.0,3.35,12.0,0.0,0.0,0.0
2016,1,16,22,30,0.0,0.0,3.4,12.0,0.0,0.0,0.0
2016,1,16,22,45,0.0,0.0,3.5,12.0,0.0,0.0,0.0
2016,1,16,23,0,0.0,0.0,3.6,12.0,0.0,0.0,0.0
2016,1,16,23,15,0.0,0.0,3.65,12.0,0.0,0.0,0.0
2016,1,16,23,30,0.0,0.0,3.7,12.0,0.0,0.0,0.0
2016,1,16,23,45,0.0,0.0,3.8,12.0,0.0,0.0,0.0
2016,1,17,0,0,0.0,0.0,3.9,12.0,0.0,0.0,0.0
2016,1,17,0,15,0.0,0.0,3.9,12.0,0.0,0.0,0.0
2016,1,17,0,30,0.0,0.0,3.9,12.0,0.0,0.0,0.0
2016,1,17,0,45,0.0,0.0,3.95,12.5,0.0,0.0,0.0
2016,1,17,1,0,0.0,0.0,4.0,13.0,0.0,0.0,0.0
2016,1,17,1,15,0.0,0.0,3.95,12.5,0.0,0.0,0.0
2016,1,17,1,30,0.0,0.0,3.9,12.0,0.0,0.0,0.0
2016,1,17,1,45,0.0,0.0,3.85,12.0,0.0,0.0,0.0
2016,1,17,2,0,0.0,0.0,3.8,12.0,0.0,0.0,0.0
2016,1,17,2,15,0.0,0.0,3.9,12.0,0.0,0.0,0.0
2016,1,17,2,30,0.0,0.0,4.0,12.0,0.0,0.0,0.0
2016,1,17,2,45,0.0,0.0,4.1,12.5,0.0,0.0,0.0
2016,1,17,3,0,0.0,0.0,4.2,13.0,0.0,0.0,0.0
2016,1,17,3,15,0.0,0.0,4.25,13.0,0.0,0.0,0.0
2016,1,17,3,30,0.0,0.0,4.3,13.0,0.0,0.0,0.0
2016,1,17,3,45,0.0,0.0,4.4,13.0,0.0,0.0,0.0
2016,1,17,4,0,0.0,0.0,4.5,13.0,0.0,0.0,0.0
2016,1,17,4,15,0.0,0.0,4.5,13.0,0.0,0.0,0.0
2016,1,17,4,30,0.0,0.0,4.5,13.0,0.0,0.0,0.0
2016,1,17,4,45,0.0,0.0,4.55,13.0,0.0,0.0,0.0
2016,1,17,5,0,0.0,0.0,4.6,13.0,0.0,0.0,0.0
2016,1,17,5,15,0.0,0.0,4.7,13.0,0.0,0.0,0.0
2016,1,17,5,30,0.0,0.0,4.8,13.0,0.0,0.0,0.0
2016,1,17,5,45,0.0,0.0,4.9,13.0,0.0,0.0,0.0
2016,1,17,6,0,0.0,0.0,5.0,13.0,0.0,0.0,0.0
2016,1,17,6,15,0.0,0.0,5.1,13.0,0.0,0.0,0.0
2016,1,17,6,30,0.0,0.0,5.2,13.0,0.0,0.0,0.0
2016,1,17,6,45,0.0,0.0,5.35,13.0,0.0,0.0,0.0
2016,1,17,7,0,0.0,0.0,5.5,13.0,0.0,0.0,0.0
2016,1,17,7,15,0.0,0.0,5.55,13.0,0.0,0.0,0.0
2016,1,17,7,30,0.0,0.0,5.6,13.0,0.0,0.0,0.0
2016,1,17,7,45,0.0,13.5,5.65,13.0,13.5,11.88,0.0
2016,1,17,8,0,0.0,27.0,5.7,13.0,27.0,24.42,13.66
2016,1,17,8,15,0.0,43.5,5.7,13.0,43.5,41.18,28.82
2016,1,17,8,30,0.0,60.0,5.7,13.0,60.0,57.6,43.31
2016,1,17,8,45,2.5,76.5,5.75,13.5,77.5,75.26,58.67
2016,1,17,9,0,5.0,93.0,5.8,14.0,95.0,93.17,74.08
2016,1,17,9,15,10.0,108.0,5.8,14.0,111.0,111.21,89.61
2016,1,17,9,30,15.0,123.0,5.8,14.0,127.0,129.79,105.47
2016,1,17,9,45,18.0,135.5,5.8,14.0,142.0,144.58,117.93
2016,1,17,10,0,21.0,148.0,5.8,14.0,157.0,159.72,130.59
2016,1,17,10,15,10.5,116.5,5.75,14.0,121.0,116.24,93.56
2016,1,17,10,30,0.0,85.0,5.7,14.0,85.0,75.64,58.78
2016,1,17,10,45,0.0,71.0,5.7,14.0,71.0,62.79,47.83
2016,1,17,11,0,0.0,57.0,5.7,14.0,57.0,50.36,37.24
2016,1,17,11,15,1.0,112.0,5.7,14.0,112.5,102.51,81.22
2016,1,17,11,30,2.0,167.0,5.7,14.0,168.0,160.3,129.38
2016,1,17,11,45,1.0,159.5,5.75,14.0,160.0,151.03,121.5
2016,1,17,12,0,0.0,152.0,5.8,14.0,152.0,142.02,113.92
2016,1,17,12,15,0.0,156.0,5.85,14.0,156.0,146.14,117.34
2016,1,17,12,30,0.0,160.0,5.9,14.0,160.0,150.38,120.87
2016,1,17,12,45,4.0,169.5,5.95,14.0,171.5,164.35,132.68
2016,1,17,13,0,8.0,179.0,6.0,14.0,183.0,178.57,144.71
2016,1,17,13,15,4.0,169.0,6.0,14.0,171.5,164.42,132.89
2016,1,17,13,30,0.0,159.0,6.0,14.0,160.0,150.56,121.32
2016,1,17,13,45,0.0,110.0,6.0,14.0,110.5,99.94,79.1
2016,1,17,14,0,0.0,61.0,6.0,14.0,61.0,53.9,40.31
2016,1,17,14,15,0.0,58.5,5.95,14.0,58.5,51.68,38.5
2016,1,17,14,30,0.0,56.0,5.9,14.0,56.0,49.45,36.67
2016,1,17,14,45,0.0,51.0,5.85,14.0,51.0,45.01,32.94
2016,1,17,15,0,0.0,46.0,5.8,14.0,46.0,40.58,29.2
2016,1,17,15,15,0.0,41.0,5.65,13.5,41.0,36.15,25.48
2016,1,17,15,30,0.0,36.0,5.5,13.0,36.0,31.72,21.72
2016,1,17,15,45,0.0,30.0,5.4,13.0,30.0,26.41,17.1
2016,1,17,16,0,0.0,24.0,5.3,13.0,24.0,21.11,12.45
2016,1,17,16,15,0.0,18.0,5.25,13.0,18.0,15.82,7.77
2016,1,17,16,30,0.0,12.0,5.2,13.0,12.0,10.54,3.08
2016,1,17,16,45,0.0,7.5,5.2,13.0,7.5,6.58,0.0
2016,1,17,17,0,0.0,3.0,5.2,13.0,3.0,2.73,0.0
2016,1,17,17,15,0.0,1.5,5.2,13.0,1.5,1.36,0.0
2016,1,17,17,30,0.0,0.0,5.2,13.0,0.0,0.0,0.0
2016,1,17,17,45,0.0,0.0,5.25,13.0,0.0,0.0,0.0
2016,1,17,18,0,0.0,0.0,5.3,13.0,0.0,0.0,0.0
2016,1,17,18,15,0.0,0.0,5.3,13.0,0.0,0.0,0.0
2016,1,17,18,30,0.0,0.0,5.3,13.0,0.0,0.0,0.0
2016,1,17,18,45,0.0,0.0,5.3,13.0,0.0,0.0,0.0
2016,1,17,19,0,0.0,0.0,5.3,13.0,0.0,0.0,0.0
2016,1,17,19,15,0.0,0.0,5.2,13.0,0.0,0.0,0.0
2016,1,17,19,30,0.0,0.0,5.1,13.0,0.0,0.0,0.0
2016,1,17,19,45,0.0,0.0,5.05,13.0,0.0,0.0,0.0
2016,1,17,20,0,0.0,0.0,5.0,13.0,0.0,0.0,0.0
2016,1,17,20,15,0.0,0.0,4.9,13.0,0.0,0.0,0.0
2016,1,17,20,30,0.0,0.0,4.8,13.0,0.0,0.0,0.0
2016,1,17,20,45,0.0,0.0,4.75,13.0,0.0,0.0,0.0
2016,1,17,21,0,0.0,0.0,4.7,13.0,0.0,0.0,0.0
2016,1,17,21,15,0.0,0.0,4.55,13.0,0.0,0.0,0.0
2016,1,17,21,30,0.0,0.0,4.4,13.0,0.0,0.0,0.0
2016,1,17,21,45,0.0,0.0,4.3,13.0,0.0,0.0,0.0
2016,1,17,22,0,0.0,0.0,4.2,13.0,0.0,0.0,0.0
2016,1,17,22,15,0.0,0.0,4.0,13.0,0.0,0.0,0.0
2016,1,17,22,30,0.0,0.0,3.8,13.0,0.0,0.0,0.0
2016,1,17,22,45,0.0,0.0,3.65,13.0,0.0,0.0,0.0
2016,1,17,23,0,0.0,0.0,3.5,13.0,0.0,0.0,0.0
2016,1,17,23,15,0.0,0.0,3.4,13.0,0.0,0.0,0.0
2016,1,17,23,30,0.0,0.0,3.3,13.0,0.0,0.0,0.0
2016,1,17,23,45,0.0,0.0,3.2,13.0,0.0,0.0,0.0
2016,1,18,0,0,0.0,0.0,3.1,13.0,0.0,0.0,0.0
2016,1,18,0,15,0.0,0.0,3.05,12.5,0.0,0.0,0.0
2016,1,18,0,30,0.0,0.0,3.0,12.0,0.0,0.0,0.0
2016,1,18,0,45,0.0,0.0,2.95,12.0,0.0,0.0,0.0
2016,1,18,1,0,0.0,0.0,2.9,12.0,0.0,0.0,0.0
2016,1,18,1,15,0.0,0.0,2.95,12.0,0.0,0.0,0.0
2016,1,18,1,30,0.0,0.0,3.0,12.0,0.0,0.0,0.0
2016,1,18,1,45,0.0,0.0,3.15,12.0,0.0,0.0,0.0
2016,1,18,2,0,0.0,0.0,3.3,12.0,0.0,0.0,0.0
2016,1,18,2,15,0.0,0.0,3.65,12.0,0.0,0.0,0.0
2016,1,18,2,30,0.0,0.0,4.0,12.0,0.0,0.0,0.0
2016,1,18,2,45,0.0,0.0,4.35,12.0,0.0,0.0,0.0
2016,1,18,3,0,0.0,0.0,4.7,12.0,0.0,0.0,0.0
2016,1,18,3,15,0.0,0.0,4.6,12.0,0.0,0.0,0.0
2016,1,18,3,30,0.0,0.0,4.5,12.0,0.0,0.0,0.0
2016,1,18,3,45,0.0,0.0,4.45,12.0,0.0,0.0,0.0
2016,1,18,4,0,0.0,0.0,4.4,12.0,0.0,0.0,0.0
2016,1,18,4,15,0.0,0.0,3.9,11.5,0.0,0.0,0.0
2016,1,18,4,30,0.0,0.0,3.4,11.0,0.0,0.0,0.0
2016,1,18,4,45,0.0,0.0,2.9,11.0,0.0,0.0,0.0
2016,1,18,5,0,0.0,0.0,2.4,11.0,0.0,0.0,0.0
2016,1,18,5,15,0.0,0.0,2.2,11.0,0.0,0.0,0.0
2016,1,18,5,30,0.0,0.0,2.0,11.0,0.0,0.0,0.0
2016,1,18,5,45,0.0,0.0,1.8,11.0,0.0,0.0,0.0
2016,1,18,6,0,0.0,0.0,1.6,11.0,0.0,0.0,0.0
2016,1,18,6,15,0.0,0.0,1.65,11.0,0.0,0.0,0.0
2016,1,18,6,30,0.0,0.0,1.7,11.0,0.0,0.0,0.0
2016,1,18,6,45,0.0,0.0,1.8,11.0,0.0,0.0,0.0
2016,1,18,7,0,0.0,0.0,1.9,11.0,0.0,0.0,0.0
2016,1,18,7,15,0.0,0.0,2.1,11.0,0.0,0.0,0.0
2016,1,18,7,30,0.0,0.0,2.3,11.0,0.0,0.0,0.0
2016,1,18,7,45,204.0,14.5,2.5,11.5,34.5,95.42,12.74
2016,1,18,8,0,408.0,29.0,2.7,12.0,69.0,210.47,155.08
2016,1,18,8,15,496.0,36.0,2.65,12.0,109.5,280.04,222.53
2016,1,18,8,30,584.0,43.0,2.6,12.0,150.0,354.91,289.83
2016,1,18,8,45,641.0,47.5,2.6,12.5,192.5,422.14,348.77
2016,1,18,9,0,698.0,52.0,2.6,13.0,235.0,493.33,408.81
2016,1,18,9,15,732.5,55.5,2.6,13.0,274.5,552.52,458.05
2016,1,18,9,30,767.0,59.0,2.6,13.0,314.0,612.68,506.36
2016,1,18,9,45,785.5,63.0,2.6,13.5,348.5,662.5,542.71
2016,1,18,10,0,804.0,67.0,2.6,14.0,383.0,711.25,577.38
2016,1,18,10,15,519.5,128.0,2.7,14.0,338.0,584.78,479.28
2016,1,18,10,30,235.0,189.0,2.8,14.0,293.0,425.6,349.4
2016,1,18,10,45,238.5,199.5,2.95,14.5,309.5,447.58,366.78
2016,1,18,11,0,242.0,210.0,3.1,15.0,326.0,468.95,382.63
2016,1,18,11,15,239.0,218.5,3.2,15.0,336.5,464.35,378.93
2016,1,18,11,30,236.0,227.0,3.3,15.0,347.0,475.44,387.34
2016,1,18,11,45,231.5,231.5,3.4,15.0,351.5,479.23,390.05
2016,1,18,12,0,227.0,236.0,3.5,15.0,356.0,482.2,392.2
2016,1,18,12,15,228.0,236.0,3.5,15.0,356.5,483.74,393.37
2016,1,18,12,30,229.0,236.0,3.5,15.0,357.0,484.54,394.03
2016,1,18,12,45,228.0,233.5,3.5,15.0,352.5,479.56,390.23
2016,1,18,13,0,227.0,231.0,3.5,15.0,348.0,473.84,385.94
2016,1,18,13,15,297.0,213.0,3.5,15.0,362.0,529.18,431.12
2016,1,18,13,30,367.0,195.0,3.5,15.0,376.0,563.84,459.92
2016,1,18,13,45,293.5,197.0,3.5,15.0,337.5,495.51,405.25
2016,1,18,14,0,220.0,199.0,3.5,15.0,299.0,413.77,339.86
2016,1,18,14,15,230.0,185.0,3.4,14.5,284.5,414.4,341.67
2016,1,18,14,30,240.0,171.0,3.3,14.0,270.0,398.0,329.71
2016,1,18,14,45,173.0,159.5,3.25,14.0,228.0,312.4,259.45
2016,1,18,15,0,106.0,148.0,3.2,14.0,186.0,245.87,203.63
2016,1,18,15,15,99.0,132.5,2.95,14.0,164.5,219.36,181.59
2016,1,18,15,30,92.0,117.0,2.7,14.0,143.0,193.4,159.59
2016,1,18,15,45,81.5,99.5,2.45,14.0,120.0,163.37,133.8
2016,1,18,16,0,71.0,82.0,2.2,14.0,97.0,134.29,108.45
2016,1,18,16,15,56.5,64.0,2.2,13.5,74.0,96.05,75.35
2016,1,18,16,30,42.0,46.0,2.2,13.0,51.0,67.48,50.07
2016,1,18,16,45,21.0,29.5,2.2,13.0,32.0,39.69,23.69
2016,1,18,17,0,0.0,13.0,2.2,13.0,13.0,11.45,0.0
2016,1,18,17,15,0.0,6.5,2.2,13.0,6.5,5.91,0.0
2016,1,18,17,30,0.0,0.0,2.2,13.0,0.0,0.0,0.0
2016,1,18,17,45,0.0,0.0,2.2,13.0,0.0,0.0,0.0
2016,1,18,18,0,0.0,0.0,2.2,13.0,0.0,0.0,0.0
2016,1,18,18,15,0.0,0.0,2.15,13.0,0.0,0.0,0.0
2016,1,18,18,30,0.0,0.0,2.1,13.0,0.0,0.0,0.0
2016,1,18,18,45,0.0,0.0,2.1,13.0,0.0,0.0,0.0
2016,1,18,19,0,0.0,0.0,2.1,13.0,0.0,0.0,0.0
2016,1,18,19,15,0.0,0.0,2.1,13.0,0.0,0.0,0.0
2016,1,18,19,30,0.0,0.0,2.1,13.0,0.0,0.0,0.0
2016,1,18,19,45,0.0,0.0,2.1,13.0,0.0,0.0,0.0
2016,1,18,20,0,0.0,0.0,2.1,13.0,0.0,0.0,0.0
2016,1,18,20,15,0.0,0.0,2.1,13.0,0.0,0.0,0.0
2016,1,18,20,30,0.0,0.0,2.1,13.0,0.0,0.0,0.0
2016,1,18,20,45,0.0,0.0,2.15,13.0,0.0,0.0,0.0
2016,1,18,21,0,0.0,0.0,2.2,13.0,0.0,0.0,0.0
2016,1,18,21,15,0.0,0.0,2.2,13.0,0.0,0.0,0.0
2016,1,18,21,30,0.0,0.0,2.2,13.0,0.0,0.0,0.0
2016,1,18,21,45,0.0,0.0,2.25,13.0,0.0,0.0,0.0
2016,1,18,22,0,0.0,0.0,2.3,13.0,0.0,0.0,0.0
2016,1,18,22,15,0.0,0.0,2.3,13.0,0.0,0.0,0.0
2016,1,18,22,30,0.0,0.0,2.3,13.0,0.0,0.0,0.0
2016,1,18,22,45,0.0,0.0,2.3,13.0,0.0,0.0,0.0
2016,1,18,23,0,0.0,0.0,2.3,13.0,0.0,0.0,0.0
2016,1,18,23,15,0.0,0.0,2.4,13.0,0.0,0.0,0.0
2016,1,18,23,30,0.0,0.0,2.5,13.0,0.0,0.0,0.0
2016,1,18,23,45,0.0,0.0,2.7,13.0,0.0,0.0,0.0
2016,1,19,0,0,0.0,0.0,2.9,13.0,0.0,0.0,0.0
2016,1,19,0,15,0.0,0.0,3.1,12.5,0.0,0.0,0.0
2016,1,19,0,30,0.0,0.0,3.3,12.0,0.0,0.0,0.0
2016,1,19,0,45,0.0,0.0,3.5,12.0,0.0,0.0,0.0
2016,1,19,1,0,0.0,0.0,3.7,12.0,0.0,0.0,0.0
2016,1,19,1,15,0.0,0.0,3.9,12.0,0.0,0.0,0.0
2016,1,19,1,30,0.0,0.0,4.1,12.0,0.0,0.0,0.0
2016,1,19,1,45,0.0,0.0,4.35,12.0,0.0,0.0,0.0
2016,1,19,2,0,0.0,0.0,4.6,12.0,0.0,0.0,0.0
2016,1,19,2,15,0.0,0.0,4.75,12.0,0.0,0.0,0.0
2016,1,19,2,30,0.0,0.0,4.9,12.0,0.0,0.0,0.0
2016,1,19,2,45,0.0,0.0,5.05,12.0,0.0,0.0,0.0
2016,1,19,3,0,0.0,0.0,5.2,12.0,0.0,0.0,0.0
2016,1,19,3,15,0.0,0.0,5.5,12.0,0.0,0.0,0.0
2016,1,19,3,30,0.0,0.0,5.8,12.0,0.0,0.0,0.0
2016,1,19,3,45,0.0,0.0,6.15,12.0,0.0,0.0,0.0
2016,1,19,4,0,0.0,0.0,6.5,12.0,0.0,0.0,0.0
2016,1,19,4,15,0.0,0.0,6.6,12.0,0.0,0.0,0.0
2016,1,19,4,30,0.0,0.0,6.7,12.0,0.0,0.0,0.0
2016,1,19,4,45,0.0,0.0,6.85,12.5,0.0,0.0,0.0
2016,1,19,5,0,0.0,0.0,7.0,13.0,0.0,0.0,0.0
2016,1,19,5,15,0.0,0.0,7.15,13.0,0.0,0.0,0.0
2016,1,19,5,30,0.0,0.0,7.3,13.0,0.0,0.0,0.0
2016,1,19,5,45,0.0,0.0,7.45,13.0,0.0,0.0,0.0
2016,1,19,6,0,0.0,0.0,7.6,13.0,0.0,0.0,0.0
2016,1,19,6,15,0.0,0.0,7.8,13.0,0.0,0.0,0.0
2016,1,19,6,30,0.0,0.0,8.0,13.0,0.0,0.0,0.0
2016,1,19,6,45,0.0,0.0,8.25,13.0,0.0,0.0,0.0
2016,1,19,7,0,0.0,0.0,8.5,13.0,0.0,0.0,0.0
2016,1,19,7,15,0.0,0.0,8.55,13.0,0.0,0.0,0.0
2016,1,19,7,30,0.0,0.0,8.6,13.0,0.0,0.0,0.0
2016,1,19,7,45,0.0,0.5,8.7,13.0,0.5,0.44,0.0
2016,1,19,8,0,0.0,1.0,8.8,13.0,1.0,0.88,0.0
2016,1,19,8,15,0.0,1.5,8.95,13.0,1.5,1.31,0.0
2016,1,19,8,30,0.0,2.0,9.1,13.0,2.0,1.75,0.0
2016,1,19,8,45,0.0,3.0,9.25,13.5,3.0,2.63,0.0
2016,1,19,9,0,0.0,4.0,9.4,14.0,4.0,3.51,0.0
2016,1,19,9,15,0.0,4.5,9.25,14.0,4.5,3.95,0.0
2016,1,19,9,30,0.0,5.0,9.1,14.0,5.0,4.39,0.0
2016,1,19,9,45,38.5,85.5,9.0,14.5,101.0,110.73,90.07
2016,1,19,10,0,77.0,166.0,8.9,15.0,197.0,235.89,195.81
2016,1,19,10,15,38.5,128.5,8.6,15.0,144.0,160.3,131.28
2016,1,19,10,30,0.0,91.0,8.3,15.0,91.0,81.45,63.43
2016,1,19,10,45,0.0,104.5,8.05,15.0,104.5,94.53,74.36
2016,1,19,11,0,0.0,118.0,7.8,15.0,118.0,107.78,85.36
2016,1,19,11,15,6.5,152.5,7.65,15.0,156.0,148.93,119.88
2016,1,19,11,30,13.0,187.0,7.5,15.0,194.0,191.76,155.49
2016,1,19,11,45,15.0,192.0,7.4,15.0,200.0,198.8,161.23
2016,1,19,12,0,17.0,197.0,7.3,15.0,206.0,205.99,167.15
2016,1,19,12,15,65.0,219.0,7.05,15.0,253.5,293.12,240.41
2016,1,19,12,30,113.0,241.0,6.8,15.0,301.0,365.5,300.59
2016,1,19,12,45,156.5,238.0,6.55,15.0,320.0,419.08,344.9
2016,1,19,13,0,200.0,235.0,6.3,15.0,339.0,454.12,374.17
2016,1,19,13,15,148.0,228.0,6.3,15.0,303.5,396.26,326.26
2016,1,19,13,30,96.0,221.0,6.3,15.0,268.0,323.14,265.83
2016,1,19,13,45,183.5,208.0,6.35,15.0,294.0,397.75,329.64
2016,1,19,14,0,271.0,195.0,6.4,15.0,320.0,467.45,388.38
2016,1,19,14,15,340.5,171.5,6.35,14.5,319.0,487.46,407.37
2016,1,19,14,30,410.0,148.0,6.3,14.0,318.0,517.89,434.31
2016,1,19,14,45,379.0,139.5,6.25,14.0,286.5,469.49,394.57
2016,1,19,15,0,348.0,131.0,6.2,14.0,255.0,408.43,344.38
2016,1,19,15,15,314.0,123.0,5.95,13.5,226.0,362.39,305.89
2016,1,19,15,30,280.0,115.0,5.7,13.0,197.0,318.69,268.64
2016,1,19,15,45,259.5,99.0,5.5,13.0,166.0,275.06,230.62
2016,1,19,16,0,239.0,83.0,5.3,13.0,135.0,232.96,193.16
2016,1,19,16,15,200.0,66.5,4.9,12.5,103.5,183.11,148.81
2016,1,19,16,30,161.0,50.0,4.5,12.0,72.0,137.13,107.23
2016,1,19,16,45,80.5,34.5,4.15,12.0,45.5,81.63,55.5
2016,1,19,17,0,0.0,19.0,3.8,12.0,19.0,18.3,0.0
2016,1,19,17,15,0.0,9.5,3.6,12.0,9.5,8.64,0.0
2016,1,19,17,30,0.0,0.0,3.4,12.0,0.0,0.0,0.0
2016,1,19,17,45,0.0,0.0,3.25,12.0,0.0,0.0,0.0
2016,1,19,18,0,0.0,0.0,3.1,12.0,0.0,0.0,0.0
2016,1,19,18,15,0.0,0.0,2.95,12.0,0.0,0.0,0.0
2016,1,19,18,30,0.0,0.0,2.8,12.0,0.0,0.0,0.0
2016,1,19,18,45,0.0,0.0,2.65,12.0,0.0,0.0,0.0
2016,1,19,19,0,0.0,0.0,2.5,12.0,0.0,0.0,0.0
2016,1,19,19,15,0.0,0.0,2.3,11.5,0.0,0.0,0.0
2016,1,19,19,30,0.0,0.0,2.1,11.0,0.0,0.0,0.0
2016,1,19,19,45,0.0,0.0,1.95,11.0,0.0,0.0,0.0
2016,1,19,20,0,0.0,0.0,1.8,11.0,0.0,0.0,0.0
2016,1,19,20,15,0.0,0.0,1.7,11.0,0.0,0.0,0.0
2016,1,19,20,30,0.0,0.0,1.6,11.0,0.0,0.0,0.0
2016,1,19,20,45,0.0,0.0,1.5,11.0,0.0,0.0,0.0
2016,1,19,21,0,0.0,0.0,1.4,11.0,0.0,0.0,0.0
2016,1,19,21,15,0.0,0.0,1.45,11.0,0.0,0.0,0.0
2016,1,19,21,30,0.0,0.0,1.5,11.0,0.0,0.0,0.0
2016,1,19,21,45,0.0,0.0,1.55,11.0,0.0,0.0,0.0
2016,1,19,22,0,0.0,0.0,1.6,11.0,0.0,0.0,0.0
2016,1,19,22,15,0.0,0.0,1.65,10.5,0.0,0.0,0.0
2016,1,19,22,30,0.0,0.0,1.7,10.0,0.0,0.0,0.0
2016,1,19,22,45,0.0,0.0,1.8,10.0,0.0,0.0,0.0
2016,1,19,23,0,0.0,0.0,1.9,10.0,0.0,0.0,0.0
2016,1,19,23,15,0.0,0.0,1.95,10.0,0.0,0.0,0.0
2016,1,19,23,30,0.0,0.0,2.0,10.0,0.0,0.0,0.0
2016,1,19,23,45,0.0,0.0,2.15,10.0,0.0,0.0,0.0
2016,1,20,0,0,0.0,0.0,2.3,10.0,0.0,0.0,0.0
2016,1,20,0,15,0.0,0.0,2.35,10.0,0.0,0.0,0.0
2016,1,20,0,30,0.0,0.0,2.4,10.0,0.0,0.0,0.0
2016,1,20,0,45,0.0,0.0,2.5,10.0,0.0,0.0,0.0
2016,1,20,1,0,0.0,0.0,2.6,10.0,0.0,0.0,0.0
2016,1,20,1,15,0.0,0.0,2.6,10.0,0.0,0.0,0.0
2016,1,20,1,30,0.0,0.0,2.6,10.0,0.0,0.0,0.0
2016,1,20,1,45,0.0,0.0,2.6,10.0,0.0,0.0,0.0
2016,1,20,2,0,0.0,0.0,2.6,10.0,0.0,0.0,0.0
2016,1,20,2,15,0.0,0.0,2.55,10.0,0.0,0.0,0.0
2016,1,20,2,30,0.0,0.0,2.5,10.0,0.0,0.0,0.0
2016,1,20,2,45,0.0,0.0,2.45,10.0,0.0,0.0,0.0
2016,1,20,3,0,0.0,0.0,2.4,10.0,0.0,0.0,0.0
2016,1,20,3,15,0.0,0.0,2.25,10.0,0.0,0.0,0.0
2016,1,20,3,30,0.0,0.0,2.1,10.0,0.0,0.0,0.0
2016,1,20,3,45,0.0,0.0,2.0,10.0,0.0,0.0,0.0
2016,1,20,4,0,0.0,0.0,1.9,10.0,0.0,0.0,0.0
2016,1,20,4,15,0.0,0.0,1.7,10.0,0.0,0.0,0.0
2016,1,20,4,30,0.0,0.0,1.5,10.0,0.0,0.0,0.0
2016,1,20,4,45,0.0,0.0,1.3,10.0,0.0,0.0,0.0
2016,1,20,5,0,0.0,0.0,1.1,10.0,0.0,0.0,0.0
2016,1,20,5,15,0.0,0.0,0.9,10.0,0.0,0.0,0.0
2016,1,20,5,30,0.0,0.0,0.7,10.0,0.0,0.0,0.0
2016,1,20,5,45,0.0,0.0,0.55,10.0,0.0,0.0,0.0
2016,1,20,6,0,0.0,0.0,0.4,10.0,0.0,0.0,0.0
2016,1,20,6,15,0.0,0.0,0.55,10.0,0.0,0.0,0.0
2016,1,20,6,30,0.0,0.0,0.7,10.0,0.0,0.0,0.0
2016,1,20,6,45,0.0,0.0,0.9,10.0,0.0,0.0,0.0
2016,1,20,7,0,0.0,0.0,1.1,10.0,0.0,0.0,0.0
2016,1,20,7,15,0.0,0.0,1.2,10.0,0.0,0.0,0.0
2016,1,20,7,30,0.0,0.0,1.3,10.0,0.0,0.0,0.0
2016,1,20,7,45,2.5,17.0,1.45,10.0,17.5,15.8,0.0
2016,1,20,8,0,5.0,34.0,1.6,10.0,35.0,34.8,22.53
2016,1,20,8,15,18.0,51.5,1.75,10.0,55.0,63.01,47.73
2016,1,20,8,30,31.0,69.0,1.9,10.0,75.0,88.98,70.85
2016,1,20,8,45,39.0,86.5,2.05,10.5,96.0,113.46,92.41
2016,1,20,9,0,47.0,104.0,2.2,11.0,117.0,138.72,114.32
2016,1,20,9,15,52.5,119.5,2.25,11.0,136.0,160.57,133.18
2016,1,20,9,30,58.0,135.0,2.3,11.0,155.0,183.01,152.25
2016,1,20,9,45,206.0,142.0,2.4,11.5,222.0,323.49,271.72
2016,1,20,10,0,354.0,149.0,2.5,12.0,289.0,451.35,376.78
2016,1,20,10,15,199.0,166.0,2.45,12.0,246.0,346.41,288.4
2016,1,20,10,30,44.0,183.0,2.4,12.0,203.0,230.21,189.15
2016,1,20,10,45,207.0,187.0,2.35,12.5,287.5,388.65,322.19
2016,1,20,11,0,370.0,191.0,2.3,13.0,372.0,556.76,455.37
2016,1,20,11,15,467.5,174.0,2.15,13.0,410.0,648.38,524.68
2016,1,20,11,30,565.0,157.0,2.0,13.0,448.0,724.42,580.91
2016,1,20,11,45,542.0,167.5,1.95,13.5,450.5,722.83,577.0
2016,1,20,12,0,519.0,178.0,1.9,14.0,453.0,718.41,571.46
2016,1,20,12,15,593.0,155.0,1.75,14.0,470.0,768.94,607.63
2016,1,20,12,30,667.0,132.0,1.6,14.0,487.0,811.52,636.01
2016,1,20,12,45,586.5,155.0,1.45,14.5,464.5,759.57,596.04
2016,1,20,13,0,506.0,178.0,1.3,15.0,442.0,700.86,551.09
2016,1,20,13,15,688.5,125.0,1.25,15.0,475.0,804.41,626.37
2016,1,20,13,30,871.0,72.0,1.2,15.0,508.0,875.28,674.1
2016,1,20,13,45,698.0,109.5,1.15,15.0,449.5,767.2,598.08
2016,1,20,14,0,525.0,147.0,1.1,15.0,391.0,640.32,507.67
2016,1,20,14,15,553.0,131.0,1.1,15.0,374.5,628.52,501.59
2016,1,20,14,30,581.0,115.0,1.1,15.0,358.0,619.97,496.25
2016,1,20,14,45,493.5,119.0,1.1,15.0,314.0,531.46,429.2
2016,1,20,15,0,406.0,123.0,1.1,15.0,270.0,454.51,369.7
2016,1,20,15,15,390.0,112.0,1.1,14.5,240.5,413.25,338.36
2016,1,20,15,30,374.0,101.0,1.1,14.0,211.0,372.3,305.92
2016,1,20,15,45,348.5,88.0,1.1,14.0,178.5,324.02,265.96
2016,1,20,16,0,323.0,75.0,1.1,14.0,146.0,277.48,226.23
2016,1,20,16,15,289.0,60.0,1.05,13.5,113.0,226.46,182.04
2016,1,20,16,30,255.0,45.0,1.0,13.0,80.0,178.61,139.22
2016,1,20,16,45,127.5,33.5,1.0,13.0,51.0,96.67,67.01
2016,1,20,17,0,0.0,22.0,1.0,13.0,22.0,22.08,0.0
2016,1,20,17,15,0.0,11.0,0.9,13.0,11.0,10.01,0.0
2016,1,20,17,30,0.0,0.0,0.8,13.0,0.0,0.0,0.0
2016,1,20,17,45,0.0,0.0,0.75,13.0,0.0,0.0,0.0
2016,1,20,18,0,0.0,0.0,0.7,13.0,0.0,0.0,0.0
2016,1,20,18,15,0.0,0.0,0.65,12.5,0.0,0.0,0.0
2016,1,20,18,30,0.0,0.0,0.6,12.0,0.0,0.0,0.0
2016,1,20,18,45,0.0,0.0,0.55,12.0,0.0,0.0,0.0
2016,1,20,19,0,0.0,0.0,0.5,12.0,0.0,0.0,0.0
2016,1,20,19,15,0.0,0.0,0.6,12.0,0.0,0.0,0.0
2016,1,20,19,30,0.0,0.0,0.7,12.0,0.0,0.0,0.0
2016,1,20,19,45,0.0,0.0,0.85,12.0,0.0,0.0,0.0
2016,1,20,20,0,0.0,0.0,1.0,12.0,0.0,0.0,0.0
2016,1,20,20,15,0.0,0.0,1.15,12.0,0.0,0.0,0.0
2016,1,20,20,30,0.0,0.0,1.3,12.0,0.0,0.0,0.0
2016,1,20,20,45,0.0,0.0,1.45,12.0,0.0,0.0,0.0
2016,1,20,21,0,0.0,0.0,1.6,12.0,0.0,0.0,0.0
2016,1,20,21,15,0.0,0.0,1.65,11.5,0.0,0.0,0.0
2016,1,20,21,30,0.0,0.0,1.7,11.0,0.0,0.0,0.0
2016,1,20,21,45,0.0,0.0,1.8,11.0,0.0,0.0,0.0
2016,1,20,22,0,0.0,0.0,1.9,11.0,0.0,0.0,0.0
2016,1,20,22,15,0.0,0.0,1.95,11.0,0.0,0.0,0.0
2016,1,20,22,30,0.0,0.0,2.0,11.0,0.0,0.0,0.0
2016,1,20,22,45,0.0,0.0,2.1,11.0,0.0,0.0,0.0
2016,1,20,23,0,0.0,0.0,2.2,11.0,0.0,0.0,0.0
2016,1,20,23,15,0.0,0.0,2.3,11.0,0.0,0.0,0.0
2016,1,20,23,30,0.0,0.0,2.4,11.0,0.0,0.0,0.0
2016,1,20,23,45,0.0,0.0,2.5,11.0,0.0,0.0,0.0
2016,1,21,0,0,0.0,0.0,2.6,11.0,0.0,0.0,0.0
2016,1,21,0,15,0.0,0.0,2.65,11.0,0.0,0.0,0.0
2016,1,21,0,30,0.0,0.0,2.7,11.0,0.0,0.0,0.0
2016,1,21,0,45,0.0,0.0,2.8,11.0,0.0,0.0,0.0
2016,1,21,1,0,0.0,0.0,2.9,11.0,0.0,0.0,0.0
2016,1,21,1,15,0.0,0.0,2.95,10.5,0.0,0.0,0.0
2016,1,21,1,30,0.0,0.0,3.0,10.0,0.0,0.0,0.0
2016,1,21,1,45,0.0,0.0,3.05,10.0,0.0,0.0,0.0
2016,1,21,2,0,0.0,0.0,3.1,10.0,0.0,0.0,0.0
2016,1,21,2,15,0.0,0.0,3.15,10.0,0.0,0.0,0.0
2016,1,21,2,30,0.0,0.0,3.2,10.0,0.0,0.0,0.0
2016,1,21,2,45,0.0,0.0,3.25,10.0,0.0,0.0,0.0
2016,1,21,3,0,0.0,0.0,3.3,10.0,0.0,0.0,0.0
2016,1,21,3,15,0.0,0.0,3.4,10.0,0.0,0.0,0.0
2016,1,21,3,30,0.0,0.0,3.5,10.0,0.0,0.0,0.0
2016,1,21,3,45,0.0,0.0,3.6,10.0,0.0,0.0,0.0
2016,1,21,4,0,0.0,0.0,3.7,10.0,0.0,0.0,0.0
2016,1,21,4,15,0.0,0.0,3.8,10.0,0.0,0.0,0.0
2016,1,21,4,30,0.0,0.0,3.9,10.0,0.0,0.0,0.0
2016,1,21,4,45,0.0,0.0,4.0,10.0,0.0,0.0,0.0
2016,1,21,5,0,0.0,0.0,4.1,10.0,0.0,0.0,0.0
2016,1,21,5,15,0.0,0.0,4.1,10.0,0.0,0.0,0.0
2016,1,21,5,30,0.0,0.0,4.1,10.0,0.0,0.0,0.0
2016,1,21,5,45,0.0,0.0,4.2,10.0,0.0,0.0,0.0
2016,1,21,6,0,0.0,0.0,4.3,10.0,0.0,0.0,0.0
2016,1,21,6,15,0.0,0.0,4.25,10.0,0.0,0.0,0.0
2016,1,21,6,30,0.0,0.0,4.2,10.0,0.0,0.0,0.0
2016,1,21,6,45,0.0,0.0,4.2,10.0,0.0,0.0,0.0
2016,1,21,7,0,0.0,0.0,4.2,10.0,0.0,0.0,0.0
2016,1,21,7,15,0.0,0.0,4.25,10.0,0.0,0.0,0.0
2016,1,21,7,30,0.0,0.0,4.3,10.0,0.0,0.0,0.0
2016,1,21,7,45,176.0,16.5,4.35,10.5,34.5,89.18,26.79
2016,1,21,8,0,352.0,33.0,4.4,11.0,69.0,192.27,144.38
2016,1,21,8,15,439.0,41.0,4.3,11.0,109.0,259.97,208.87
2016,1,21,8,30,526.0,49.0,4.2,11.0,149.0,336.5,277.85
2016,1,21,8,45,586.0,54.0,4.15,11.5,190.5,402.98,336.78
2016,1,21,9,0,646.0,59.0,4.1,12.0,232.0,474.05,397.59
2016,1,21,9,15,682.0,63.0,3.95,12.5,271.0,529.19,443.48
2016,1,21,9,30,718.0,67.0,3.8,13.0,310.0,589.23,491.53
2016,1,21,9,45,744.0,69.5,3.7,13.5,345.0,641.09,530.41
2016,1,21,10,0,770.0,72.0,3.6,14.0,380.0,692.52,567.57
2016,1,21,10,15,667.5,101.5,3.65,14.5,383.0,678.46,554.71
2016,1,21,10,30,565.0,131.0,3.7,15.0,386.0,642.79,525.73
2016,1,21,10,45,628.0,121.0,3.8,15.5,417.5,708.55,574.6
2016,1,21,11,0,691.0,111.0,3.9,16.0,449.0,767.41,616.82
2016,1,21,11,15,666.0,122.5,4.0,16.0,458.0,773.13,620.39
2016,1,21,11,30,641.0,134.0,4.1,16.0,467.0,774.96,621.55
2016,1,21,11,45,631.0,141.0,4.2,16.0,473.0,781.84,626.63
2016,1,21,12,0,621.0,148.0,4.3,16.0,479.0,785.69,629.66
2016,1,21,12,15,490.0,184.0,4.3,16.0,445.5,701.01,564.7
2016,1,21,12,30,359.0,220.0,4.3,16.0,412.0,603.61,488.05
2016,1,21,12,45,249.0,230.0,4.35,16.0,363.0,512.37,415.49
2016,1,21,13,0,139.0,240.0,4.4,16.0,314.0,404.09,328.03
2016,1,21,13,15,286.5,213.0,4.4,15.5,359.5,520.11,424.99
2016,1,21,13,30,434.0,186.0,4.4,15.0,405.0,630.93,515.04
2016,1,21,13,45,308.5,196.5,4.45,15.0,349.0,508.46,417.24
2016,1,21,14,0,183.0,207.0,4.5,15.0,293.0,392.47,322.9
2016,1,21,14,15,254.0,186.5,4.55,15.0,298.0,436.04,360.42
2016,1,21,14,30,325.0,166.0,4.6,15.0,303.0,458.8,380.7
2016,1,21,14,45,246.0,159.5,4.7,15.0,258.5,380.67,316.48
2016,1,21,15,0,167.0,153.0,4.8,15.0,214.0,294.94,245.3
2016,1,21,15,15,158.0,137.5,4.8,14.5,190.0,264.55,220.59
2016,1,21,15,30,149.0,122.0,4.8,14.0,166.0,234.7,195.7
2016,1,21,15,45,137.5,104.5,4.85,14.0,140.5,201.41,167.03
2016,1,21,16,0,126.0,87.0,4.9,14.0,115.0,169.05,138.62
2016,1,21,16,15,107.0,69.0,4.9,14.0,89.0,133.38,106.96
2016,1,21,16,30,88.0,51.0,4.9,14.0,63.0,99.44,76.49
2016,1,21,16,45,44.0,34.5,4.95,14.0,40.5,60.12,40.77
2016,1,21,17,0,0.0,18.0,5.0,14.0,18.0,16.52,0.0
2016,1,21,17,15,0.0,9.0,5.05,13.5,9.0,8.19,0.0
2016,1,21,17,30,0.0,0.0,5.1,13.0,0.0,0.0,0.0
2016,1,21,17,45,0.0,0.0,5.2,13.0,0.0,0.0,0.0
2016,1,21,18,0,0.0,0.0,5.3,13.0,0.0,0.0,0.0
2016,1,21,18,15,0.0,0.0,5.4,13.0,0.0,0.0,0.0
2016,1,21,18,30,0.0,0.0,5.5,13.0,0.0,0.0,0.0
2016,1,21,18,45,0.0,0.0,5.6,13.0,0.0,0.0,0.0
2016,1,21,19,0,0.0,0.0,5.7,13.0,0.0,0.0,0.0
2016,1,21,19,15,0.0,0.0,6.0,13.0,0.0,0.0,0.0
2016,1,21,19,30,0.0,0.0,6.3,13.0,0.0,0.0,0.0
2016,1,21,19,45,0.0,0.0,6.6,13.0,0.0,0.0,0.0
2016,1,21,20,0,0.0,0.0,6.9,13.0,0.0,0.0,0.0
2016,1,21,20,15,0.0,0.0,6.95,13.0,0.0,0.0,0.0
2016,1,21,20,30,0.0,0.0,7.0,13.0,0.0,0.0,0.0
2016,1,21,20,45,0.0,0.0,7.05,13.0,0.0,0.0,0.0
2016,1,21,21,0,0.0,0.0,7.1,13.0,0.0,0.0,0.0
2016,1,21,21,15,0.0,0.0,7.15,13.0,0.0,0.0,0.0
2016,1,21,21,30,0.0,0.0,7.2,13.0,0.0,0.0,0.0
2016,1,21,21,45,0.0,0.0,7.25,13.0,0.0,0.0,0.0
2016,1,21,22,0,0.0,0.0,7.3,13.0,0.0,0.0,0.0
2016,1,21,22,15,0.0,0.0,7.25,13.0,0.0,0.0,0.0
2016,1,21,22,30,0.0,0.0,7.2,13.0,0.0,0.0,0.0
2016,1,21,22,45,0.0,0.0,7.15,13.0,0.0,0.0,0.0
2016,1,21,23,0,0.0,0.0,7.1,13.0,0.0,0.0,0.0
2016,1,21,23,15,0.0,0.0,6.9,13.0,0.0,0.0,0.0
2016,1,21,23,30,0.0,0.0,6.7,13.0,0.0,0.0,0.0
2016,1,21,23,45,0.0,0.0,6.55,13.0,0.0,0.0,0.0
2016,1,22,0,0,0.0,0.0,6.4,13.0,0.0,0.0,0.0
2016,1,22,0,15,0.0,0.0,6.4,13.0,0.0,0.0,0.0
2016,1,22,0,30,0.0,0.0,6.4,13.0,0.0,0.0,0.0
2016,1,22,0,45,0.0,0.0,6.45,13.0,0.0,0.0,0.0
2016,1,22,1,0,0.0,0.0,6.5,13.0,0.0,0.0,0.0
2016,1,22,1,15,0.0,0.0,6.45,13.0,0.0,0.0,0.0
2016,1,22,1,30,0.0,0.0,6.4,13.0,0.0,0.0,0.0
2016,1,22,1,45,0.0,0.0,6.4,13.0,0.0,0.0,0.0
2016,1,22,2,0,0.0,0.0,6.4,13.0,0.0,0.0,0.0
2016,1,22,2,15,0.0,0.0,6.6,13.0,0.0,0.0,0.0
2016,1,22,2,30,0.0,0.0,6.8,13.0,0.0,0.0,0.0
2016,1,22,2,45,0.0,0.0,7.05,13.0,0.0,0.0,0.0
2016,1,22,3,0,0.0,0.0,7.3,13.0,0.0,0.0,0.0
2016,1,22,3,15,0.0,0.0,7.35,13.0,0.0,0.0,0.0
2016,1,22,3,30,0.0,0.0,7.4,13.0,0.0,0.0,0.0
2016,1,22,3,45,0.0,0.0,7.5,13.0,0.0,0.0,0.0
2016,1,22,4,0,0.0,0.0,7.6,13.0,0.0,0.0,0.0
2016,1,22,4,15,0.0,0.0,7.6,13.0,0.0,0.0,0.0
2016,1,22,4,30,0.0,0.0,7.6,13.0,0.0,0.0,0.0
2016,1,22,4,45,0.0,0.0,7.65,13.0,0.0,0.0,0.0
2016,1,22,5,0,0.0,0.0,7.7,13.0,0.0,0.0,0.0
2016,1,22,5,15,0.0,0.0,7.65,13.0,0.0,0.0,0.0
2016,1,22,5,30,0.0,0.0,7.6,13.0,0.0,0.0,0.0
2016,1,22,5,45,0.0,0.0,7.55,13.0,0.0,0.0,0.0
2016,1,22,6,0,0.0,0.0,7.5,13.0,0.0,0.0,0.0
2016,1,22,6,15,0.0,0.0,7.4,13.0,0.0,0.0,0.0
2016,1,22,6,30,0.0,0.0,7.3,13.0,0.0,0.0,0.0
2016,1,22,6,45,0.0,0.0,7.2,13.0,0.0,0.0,0.0
2016,1,22,7,0,0.0,0.0,7.1,13.0,0.0,0.0,0.0
2016,1,22,7,15,0.0,0.0,6.9,13.0,0.0,0.0,0.0
2016,1,22,7,30,0.0,0.0,6.7,13.0,0.0,0.0,0.0
2016,1,22,7,45,0.0,7.5,6.55,13.0,7.5,6.58,0.0
2016,1,22,8,0,0.0,15.0,6.4,13.0,15.0,13.18,4.99
2016,1,22,8,15,0.0,23.5,6.4,13.0,23.5,20.68,11.76
2016,1,22,8,30,0.0,32.0,6.4,13.0,32.0,28.19,18.41
2016,1,22,8,45,0.0,41.5,6.4,13.5,41.5,36.6,25.74
2016,1,22,9,0,0.0,51.0,6.4,14.0,51.0,45.02,33.0
2016,1,22,9,15,0.0,59.5,6.5,14.0,59.5,52.56,39.48
2016,1,22,9,30,0.0,68.0,6.6,14.0,68.0,60.17,45.95
2016,1,22,9,45,4.5,106.5,6.75,14.0,108.5,101.98,81.58
2016,1,22,10,0,9.0,145.0,6.9,14.0,149.0,146.1,118.78
2016,1,22,10,15,4.5,143.0,6.95,14.0,145.0,139.19,112.59
2016,1,22,10,30,0.0,141.0,7.0,14.0,141.0,132.43,106.57
2016,1,22,10,45,0.0,142.0,7.05,14.0,142.0,132.74,106.66
2016,1,22,11,0,0.0,143.0,7.1,14.0,143.0,133.21,106.91
2016,1,22,11,15,14.0,174.5,7.2,14.0,182.0,178.75,145.35
2016,1,22,11,30,28.0,206.0,7.3,14.0,221.0,225.86,184.75
2016,1,22,11,45,20.5,200.0,7.4,14.0,211.5,212.04,172.88
2016,1,22,12,0,13.0,194.0,7.5,14.0,202.0,198.3,161.14
2016,1,22,12,15,8.0,184.0,7.3,14.0,189.0,182.66,147.94
2016,1,22,12,30,3.0,174.0,7.1,14.0,176.0,167.27,134.95
2016,1,22,12,45,1.5,126.0,6.9,14.0,127.0,116.33,92.51
2016,1,22,13,0,0.0,78.0,6.7,14.0,78.0,69.04,52.82
2016,1,22,13,15,2.0,123.5,6.45,14.0,124.5,114.49,91.16
2016,1,22,13,30,4.0,169.0,6.2,14.0,171.0,163.93,132.51
2016,1,22,13,45,3.0,163.0,5.95,14.0,164.5,157.16,126.93
2016,1,22,14,0,2.0,157.0,5.7,14.0,158.0,150.57,121.55
2016,1,22,14,15,1.0,135.0,5.6,14.0,135.5,127.0,101.99
2016,1,22,14,30,0.0,113.0,5.5,14.0,113.0,103.92,82.73
2016,1,22,14,45,0.0,112.5,5.45,14.0,112.5,104.2,83.12
2016,1,22,15,0,0.0,112.0,5.4,14.0,112.0,104.78,83.75
2016,1,22,15,15,0.0,99.5,5.35,13.5,99.5,92.7,73.76
2016,1,22,15,30,0.0,87.0,5.3,13.0,87.0,80.71,63.72
2016,1,22,15,45,0.0,73.5,5.3,13.0,73.5,67.73,52.57
2016,1,22,16,0,0.0,60.0,5.3,13.0,60.0,54.79,41.33
2016,1,22,16,15,0.0,46.5,5.2,13.0,46.5,41.88,30.01
2016,1,22,16,30,0.0,33.0,5.1,13.0,33.0,29.11,18.76
2016,1,22,16,45,0.0,21.0,5.1,13.0,21.0,18.49,9.04
2016,1,22,17,0,0.0,9.0,5.1,13.0,9.0,7.9,0.0
2016,1,22,17,15,0.0,4.5,5.1,13.0,4.5,4.09,0.0
2016,1,22,17,30,0.0,0.0,5.1,13.0,0.0,0.0,0.0
2016,1,22,17,45,0.0,0.0,5.2,13.0,0.0,0.0,0.0
2016,1,22,18,0,0.0,0.0,5.3,13.0,0.0,0.0,0.0
2016,1,22,18,15,0.0,0.0,5.4,13.0,0.0,0.0,0.0
2016,1,22,18,30,0.0,0.0,5.5,13.0,0.0,0.0,0.0
2016,1,22,18,45,0.0,0.0,5.6,13.0,0.0,0.0,0.0
2016,1,22,19,0,0.0,0.0,5.7,13.0,0.0,0.0,0.0
2016,1,22,19,15,0.0,0.0,5.9,13.0,0.0,0.0,0.0
2016,1,22,19,30,0.0,0.0,6.1,13.0,0.0,0.0,0.0
2016,1,22,19,45,0.0,0.0,6.35,13.0,0.0,0.0,0.0
2016,1,22,20,0,0.0,0.0,6.6,13.0,0.0,0.0,0.0
2016,1,22,20,15,0.0,0.0,6.6,13.0,0.0,0.0,0.0
2016,1,22,20,30,0.0,0.0,6.6,13.0,0.0,0.0,0.0
2016,1,22,20,45,0.0,0.0,6.65,13.0,0.0,0.0,0.0
2016,1,22,21,0,0.0,0.0,6.7,13.0,0.0,0.0,0.0
2016,1,22,21,15,0.0,0.0,6.75,13.0,0.0,0.0,0.0
2016,1,22,21,30,0.0,0.0,6.8,13.0,0.0,0.0,0.0
2016,1,22,21,45,0.0,0.0,6.85,13.0,0.0,0.0,0.0
2016,1,22,22,0,0.0,0.0,6.9,13.0,0.0,0.0,0.0
2016,1,22,22,15,0.0,0.0,6.7,12.5,0.0,0.0,0.0
2016,1,22,22,30,0.0,0.0,6.5,12.0,0.0,0.0,0.0
2016,1,22,22,45,0.0,0.0,6.3,12.0,0.0,0.0,0.0
2016,1,22,23,0,0.0,0.0,6.1,12.0,0.0,0.0,0.0
2016,1,22,23,15,0.0,0.0,5.95,12.0,0.0,0.0,0.0
2016,1,22,23,30,0.0,0.0,5.8,12.0,0.0,0.0,0.0
2016,1,22,23,45,0.0,0.0,5.65,12.0,0.0,0.0,0.0
2016,1,23,0,0,0.0,0.0,5.5,12.0,0.0,0.0,0.0
2016,1,23,0,15,0.0,0.0,5.45,11.5,0.0,0.0,0.0
2016,1,23,0,30,0.0,0.0,5.4,11.0,0.0,0.0,0.0
2016,1,23,0,45,0.0,0.0,5.35,11.0,0.0,0.0,0.0
2016,1,23,1,0,0.0,0.0,5.3,11.0,0.0,0.0,0.0
2016,1,23,1,15,0.0,0.0,5.35,11.0,0.0,0.0,0.0
2016,1,23,1,30,0.0,0.0,5.4,11.0,0.0,0.0,0.0
2016,1,23,1,45,0.0,0.0,5.45,11.0,0.0,0.0,0.0
2016,1,23,2,0,0.0,0.0,5.5,11.0,0.0,0.0,0.0
2016,1,23,2,15,0.0,0.0,5.55,11.0,0.0,0.0,0.0
2016,1,23,2,30,0.0,0.0,5.6,11.0,0.0,0.0,0.0
2016,1,23,2,45,0.0,0.0,5.7,11.0,0.0,0.0,0.0
2016,1,23,3,0,0.0,0.0,5.8,11.0,0.0,0.0,0.0
2016,1,23,3,15,0.0,0.0,5.8,11.0,0.0,0.0,0.0
2016,1,23,3,30,0.0,0.0,5.8,11.0,0.0,0.0,0.0
2016,1,23,3,45,0.0,0.0,5.8,11.0,0.0,0.0,0.0
2016,1,23,4,0,0.0,0.0,5.8,11.0,0.0,0.0,0.0
2016,1,23,4,15,0.0,0.0,5.7,11.0,0.0,0.0,0.0
2016,1,23,4,30,0.0,0.0,5.6,11.0,0.0,0.0,0.0
2016,1,23,4,45,0.0,0.0,5.6,11.0,0.0,0.0,0.0
2016,1,23,5,0,0.0,0.0,5.6,11.0,0.0,0.0,0.0
2016,1,23,5,15,0.0,0.0,5.55,10.5,0.0,0.0,0.0
2016,1,23,5,30,0.0,0.0,5.5,10.0,0.0,0.0,0.0
2016,1,23,5,45,0.0,0.0,5.5,10.0,0.0,0.0,0.0
2016,1,23,6,0,0.0,0.0,5.5,10.0,0.0,0.0,0.0
2016,1,23,6,15,0.0,0.0,5.5,10.0,0.0,0.0,0.0
2016,1,23,6,30,0.0,0.0,5.5,10.0,0.0,0.0,0.0
2016,1,23,6,45,0.0,0.0,5.55,10.0,0.0,0.0,0.0
2016,1,23,7,0,0.0,0.0,5.6,10.0,0.0,0.0,0.0
2016,1,23,7,15,0.0,0.0,5.8,10.5,0.0,0.0,0.0
2016,1,23,7,30,0.0,0.0,6.0,11.0,0.0,0.0,0.0
2016,1,23,7,45,53.0,24.5,6.2,11.5,30.0,47.45,16.6
2016,1,23,8,0,106.0,49.0,6.4,12.0,60.0,111.24,83.26
2016,1,23,8,15,187.0,66.0,6.5,12.0,97.5,170.78,136.86
2016,1,23,8,30,268.0,83.0,6.6,12.0,135.0,239.37,197.82
2016,1,23,8,45,311.0,98.5,6.75,12.0,173.0,293.73,246.64
2016,1,23,9,0,354.0,114.0,6.9,12.0,211.0,361.09,305.47
2016,1,23,9,15,399.5,123.5,6.9,12.0,248.5,418.62,355.29
2016,1,23,9,30,445.0,133.0,6.9,12.0,286.0,479.21,406.73
2016,1,23,9,45,549.0,121.0,6.95,12.0,329.5,559.54,474.85
2016,1,23,10,0,653.0,109.0,7.0,12.0,373.0,652.42,551.68
2016,1,23,10,15,511.0,142.5,6.95,12.0,358.5,596.09,503.16
2016,1,23,10,30,369.0,176.0,6.9,12.0,344.0,519.13,437.57
2016,1,23,10,45,184.5,155.5,6.9,12.0,239.5,346.26,291.76
2016,1,23,11,0,0.0,135.0,6.9,12.0,135.0,124.79,100.47
2016,1,23,11,15,177.0,174.5,6.85,12.0,267.5,353.75,297.9
2016,1,23,11,30,354.0,214.0,6.8,12.0,400.0,583.76,487.8
2016,1,23,11,45,192.5,215.0,6.8,12.0,316.5,421.86,352.25
2016,1,23,12,0,31.0,216.0,6.8,12.0,233.0,256.41,210.85
2016,1,23,12,15,23.5,208.5,6.8,12.0,221.5,223.77,183.73
2016,1,23,12,30,16.0,201.0,6.8,12.0,210.0,208.46,170.74
2016,1,23,12,45,8.0,171.0,6.8,12.0,175.5,168.66,137.32
2016,1,23,13,0,0.0,141.0,6.8,12.0,141.0,130.14,104.77
2016,1,23,13,15,10.5,168.0,6.85,12.0,173.5,168.15,137.24
2016,1,23,13,30,21.0,195.0,6.9,12.0,206.0,207.37,170.52
2016,1,23,13,45,162.5,196.0,6.95,12.0,274.0,363.93,305.55
2016,1,23,14,0,304.0,197.0,7.0,12.0,342.0,498.44,419.24
2016,1,23,14,15,252.0,191.0,7.0,12.0,306.5,440.15,370.45
2016,1,23,14,30,200.0,185.0,7.0,12.0,271.0,369.69,311.72
2016,1,23,14,45,122.5,167.0,7.05,12.0,218.5,283.11,238.1
2016,1,23,15,0,45.0,149.0,7.1,12.0,166.0,189.67,157.71
2016,1,23,15,15,39.0,134.0,6.95,12.0,147.5,167.81,139.19
2016,1,23,15,30,33.0,119.0,6.8,12.0,129.0,146.59,120.97
2016,1,23,15,45,278.0,93.5,6.7,12.0,158.5,279.03,236.33
2016,1,23,16,0,523.0,68.0,6.6,12.0,188.0,380.29,319.44
2016,1,23,16,15,445.5,59.5,6.4,11.5,146.0,304.14,251.44
2016,1,23,16,30,368.0,51.0,6.2,11.0,104.0,234.93,188.66
2016,1,23,16,45,257.5,37.5,6.05,10.5,68.5,157.91,117.8
2016,1,23,17,0,147.0,24.0,5.9,10.0,33.0,85.47,20.63
2016,1,23,17,15,73.5,12.0,5.75,10.0,16.5,29.99,0.0
2016,1,23,17,30,0.0,0.0,5.6,10.0,0.0,0.0,0.0
2016,1,23,17,45,0.0,0.0,5.45,10.0,0.0,0.0,0.0
2016,1,23,18,0,0.0,0.0,5.3,10.0,0.0,0.0,0.0
2016,1,23,18,15,0.0,0.0,5.2,10.0,0.0,0.0,0.0
2016,1,23,18,30,0.0,0.0,5.1,10.0,0.0,0.0,0.0
2016,1,23,18,45,0.0,0.0,5.0,10.0,0.0,0.0,0.0
2016,1,23,19,0,0.0,0.0,4.9,10.0,0.0,0.0,0.0
2016,1,23,19,15,0.0,0.0,4.85,9.5,0.0,0.0,0.0
2016,1,23,19,30,0.0,0.0,4.8,9.0,0.0,0.0,0.0
2016,1,23,19,45,0.0,0.0,4.8,9.0,0.0,0.0,0.0
2016,1,23,20,0,0.0,0.0,4.8,9.0,0.0,0.0,0.0
2016,1,23,20,15,0.0,0.0,4.75,9.0,0.0,0.0,0.0
2016,1,23,20,30,0.0,0.0,4.7,9.0,0.0,0.0,0.0
2016,1,23,20,45,0.0,0.0,4.7,9.0,0.0,0.0,0.0
2016,1,23,21,0,0.0,0.0,4.7,9.0,0.0,0.0,0.0
2016,1,23,21,15,0.0,0.0,4.6,9.0,0.0,0.0,0.0
2016,1,23,21,30,0.0,0.0,4.5,9.0,0.0,0.0,0.0
2016,1,23,21,45,0.0,0.0,4.45,9.0,0.0,0.0,0.0
2016,1,23,22,0,0.0,0.0,4.4,9.0,0.0,0.0,0.0
2016,1,23,22,15,0.0,0.0,4.3,9.0,0.0,0.0,0.0
2016,1,23,22,30,0.0,0.0,4.2,9.0,0.0,0.0,0.0
2016,1,23,22,45,0.0,0.0,4.15,9.0,0.0,0.0,0.0
2016,1,23,23,0,0.0,0.0,4.1,9.0,0.0,0.0,0.0
2016,1,23,23,15,0.0,0.0,4.05,9.0,0.0,0.0,0.0
2016,1,23,23,30,0.0,0.0,4.0,9.0,0.0,0.0,0.0
2016,1,23,23,45,0.0,0.0,3.95,9.0,0.0,0.0,0.0
2016,1,24,0,0,0.0,0.0,3.9,9.0,0.0,0.0,0.0
2016,1,24,0,15,0.0,0.0,3.9,8.5,0.0,0.0,0.0
2016,1,24,0,30,0.0,0.0,3.9,8.0,0.0,0.0,0.0
2016,1,24,0,45,0.0,0.0,3.9,8.0,0.0,0.0,0.0
2016,1,24,1,0,0.0,0.0,3.9,8.0,0.0,0.0,0.0
2016,1,24,1,15,0.0,0.0,3.9,8.0,0.0,0.0,0.0
2016,1,24,1,30,0.0,0.0,3.9,8.0,0.0,0.0,0.0
2016,1,24,1,45,0.0,0.0,3.95,8.0,0.0,0.0,0.0
2016,1,24,2,0,0.0,0.0,4.0,8.0,0.0,0.0,0.0
2016,1,24,2,15,0.0,0.0,4.0,8.0,0.0,0.0,0.0
2016,1,24,2,30,0.0,0.0,4.0,8.0,0.0,0.0,0.0
2016,1,24,2,45,0.0,0.0,4.0,8.0,0.0,0.0,0.0
2016,1,24,3,0,0.0,0.0,4.0,8.0,0.0,0.0,0.0
2016,1,24,3,15,0.0,0.0,4.0,8.0,0.0,0.0,0.0
2016,1,24,3,30,0.0,0.0,4.0,8.0,0.0,0.0,0.0
2016,1,24,3,45,0.0,0.0,4.05,8.0,0.0,0.0,0.0
2016,1,24,4,0,0.0,0.0,4.1,8.0,0.0,0.0,0.0
2016,1,24,4,15,0.0,0.0,4.1,8.0,0.0,0.0,0.0
2016,1,24,4,30,0.0,0.0,4.1,8.0,0.0,0.0,0.0
2016,1,24,4,45,0.0,0.0,4.2,8.0,0.0,0.0,0.0
2016,1,24,5,0,0.0,0.0,4.3,8.0,0.0,0.0,0.0
2016,1,24,5,15,0.0,0.0,4.25,8.0,0.0,0.0,0.0
2016,1,24,5,30,0.0,0.0,4.2,8.0,0.0,0.0,0.0
2016,1,24,5,45,0.0,0.0,4.2,8.0,0.0,0.0,0.0
2016,1,24,6,0,0.0,0.0,4.2,8.0,0.0,0.0,0.0
2016,1,24,6,15,0.0,0.0,4.1,8.0,0.0,0.0,0.0
2016,1,24,6,30,0.0,0.0,4.0,8.0,0.0,0.0,0.0
2016,1,24,6,45,0.0,0.0,3.95,8.5,0.0,0.0,0.0
2016,1,24,7,0,0.0,0.0,3.9,9.0,0.0,0.0,0.0
2016,1,24,7,15,0.0,4.5,3.8,9.0,4.5,0.0,0.0
2016,1,24,7,30,0.0,9.0,3.7,9.0,9.0,8.19,0.0
2016,1,24,7,45,73.5,24.5,3.65,9.5,32.5,58.73,24.57
2016,1,24,8,0,147.0,40.0,3.6,10.0,56.0,112.46,84.68
2016,1,24,8,15,190.5,56.5,3.6,10.0,87.5,158.35,127.32
2016,1,24,8,30,234.0,73.0,3.6,10.0,119.0,208.74,172.86
2016,1,24,8,45,262.5,88.5,3.6,10.0,151.5,253.93,213.47
2016,1,24,9,0,291.0,104.0,3.6,10.0,184.0,301.6,255.33
2016,1,24,9,15,320.0,114.5,3.6,10.0,215.0,345.44,293.24
2016,1,24,9,30,349.0,125.0,3.6,10.0,246.0,404.56,342.67
2016,1,24,9,45,339.0,141.5,3.6,10.5,269.0,418.07,353.03
2016,1,24,10,0,329.0,158.0,3.6,11.0,292.0,443.11,372.19
2016,1,24,10,15,319.5,172.5,3.45,11.0,311.0,464.36,388.32
2016,1,24,10,30,310.0,187.0,3.3,11.0,330.0,483.98,402.85
2016,1,24,10,45,333.0,193.5,3.15,11.5,354.0,519.88,430.12
2016,1,24,11,0,356.0,200.0,3.0,12.0,378.0,555.8,456.82
2016,1,24,11,15,489.0,172.0,2.95,12.0,425.0,666.63,544.24
2016,1,24,11,30,622.0,144.0,2.9,12.0,472.0,771.06,622.61
2016,1,24,11,45,640.0,141.5,2.85,12.5,484.0,793.01,636.07
2016,1,24,12,0,658.0,139.0,2.8,13.0,496.0,812.44,648.32
2016,1,24,12,15,684.5,131.5,2.9,13.0,504.0,831.23,662.34
2016,1,24,12,30,711.0,124.0,3.0,13.0,512.0,846.9,674.23
2016,1,24,12,45,796.0,101.5,3.1,13.0,532.0,889.74,705.89
2016,1,24,13,0,881.0,79.0,3.2,13.0,552.0,924.26,731.32
2016,1,24,13,15,875.0,78.5,3.4,13.0,538.0,907.25,720.71
2016,1,24,13,30,869.0,78.0,3.6,13.0,524.0,886.95,708.08
2016,1,24,13,45,855.0,78.0,3.85,13.0,502.5,865.58,694.85
2016,1,24,14,0,841.0,78.0,4.1,13.0,481.0,832.68,672.87
2016,1,24,14,15,826.5,76.0,4.2,12.5,453.5,794.38,647.16
2016,1,24,14,30,812.0,74.0,4.3,12.0,426.0,753.9,619.59
2016,1,24,14,45,787.5,72.5,4.4,12.0,391.5,704.54,583.42
2016,1,24,15,0,763.0,71.0,4.5,12.0,357.0,654.24,545.79
2016,1,24,15,15,733.0,67.5,4.25,11.5,319.0,597.27,501.15
2016,1,24,15,30,703.0,64.0,4.0,11.0,281.0,540.58,454.43
2016,1,24,15,45,662.5,58.5,3.75,11.0,239.5,479.58,402.2
2016,1,24,16,0,622.0,53.0,3.5,11.0,198.0,417.45,347.64
2016,1,24,16,15,553.5,46.5,3.3,10.5,155.5,343.27,282.36
2016,1,24,16,30,485.0,40.0,3.1,10.0,113.0,275.28,220.64
2016,1,24,16,45,372.0,30.5,2.95,10.0,75.0,194.15,145.77
2016,1,24,17,0,259.0,21.0,2.8,10.0,37.0,119.25,42.83
2016,1,24,17,15,129.5,10.5,2.65,9.5,18.5,43.32,0.0
2016,1,24,17,30,0.0,0.0,2.5,9.0,0.0,0.0,0.0
2016,1,24,17,45,0.0,0.0,2.45,9.0,0.0,0.0,0.0
2016,1,24,18,0,0.0,0.0,2.4,9.0,0.0,0.0,0.0
2016,1,24,18,15,0.0,0.0,2.35,9.0,0.0,0.0,0.0
2016,1,24,18,30,0.0,0.0,2.3,9.0,0.0,0.0,0.0
2016,1,24,18,45,0.0,0.0,2.3,9.0,0.0,0.0,0.0
2016,1,24,19,0,0.0,0.0,2.3,9.0,0.0,0.0,0.0
2016,1,24,19,15,0.0,0.0,2.25,9.0,0.0,0.0,0.0
2016,1,24,19,30,0.0,0.0,2.2,9.0,0.0,0.0,0.0
2016,1,24,19,45,0.0,0.0,2.2,9.0,0.0,0.0,0.0
2016,1,24,20,0,0.0,0.0,2.2,9.0,0.0,0.0,0.0
2016,1,24,20,15,0.0,0.0,2.15,9.0,0.0,0.0,0.0
2016,1,24,20,30,0.0,0.0,2.1,9.0,0.0,0.0,0.0
2016,1,24,20,45,0.0,0.0,2.1,9.5,0.0,0.0,0.0
2016,1,24,21,0,0.0,0.0,2.1,10.0,0.0,0.0,0.0
2016,1,24,21,15,0.0,0.0,2.0,10.0,0.0,0.0,0.0
2016,1,24,21,30,0.0,0.0,1.9,10.0,0.0,0.0,0.0
2016,1,24,21,45,0.0,0.0,1.85,10.0,0.0,0.0,0.0
2016,1,24,22,0,0.0,0.0,1.8,10.0,0.0,0.0,0.0
2016,1,24,22,15,0.0,0.0,1.75,10.0,0.0,0.0,0.0
2016,1,24,22,30,0.0,0.0,1.7,10.0,0.0,0.0,0.0
2016,1,24,22,45,0.0,0.0,1.65,10.0,0.0,0.0,0.0
2016,1,24,23,0,0.0,0.0,1.6,10.0,0.0,0.0,0.0
2016,1,24,23,15,0.0,0.0,1.6,10.0,0.0,0.0,0.0
2016,1,24,23,30,0.0,0.0,1.6,10.0,0.0,0.0,0.0
2016,1,24,23,45,0.0,0.0,1.6,10.5,0.0,0.0,0.0
2016,1,25,0,0,0.0,0.0,1.6,11.0,0.0,0.0,0.0
2016,1,25,0,15,0.0,0.0,1.5,11.0,0.0,0.0,0.0
2016,1,25,0,30,0.0,0.0,1.4,11.0,0.0,0.0,0.0
2016,1,25,0,45,0.0,0.0,1.3,11.0,0.0,0.0,0.0
2016,1,25,1,0,0.0,0.0,1.2,11.0,0.0,0.0,0.0
2016,1,25,1,15,0.0,0.0,1.15,11.0,0.0,0.0,0.0
2016,1,25,1,30,0.0,0.0,1.1,11.0,0.0,0.0,0.0
2016,1,25,1,45,0.0,0.0,1.05,11.0,0.0,0.0,0.0
2016,1,25,2,0,0.0,0.0,1.0,11.0,0.0,0.0,0.0
2016,1,25,2,15,0.0,0.0,0.85,11.0,0.0,0.0,0.0
2016,1,25,2,30,0.0,0.0,0.7,11.0,0.0,0.0,0.0
2016,1,25,2,45,0.0,0.0,0.6,11.0,0.0,0.0,0.0
2016,1,25,3,0,0.0,0.0,0.5,11.0,0.0,0.0,0.0
2016,1,25,3,15,0.0,0.0,0.35,11.0,0.0,0.0,0.0
2016,1,25,3,30,0.0,0.0,0.2,11.0,0.0,0.0,0.0
2016,1,25,3,45,0.0,0.0,0.1,11.0,0.0,0.0,0.0
2016,1,25,4,0,0.0,0.0,0.0,11.0,0.0,0.0,0.0
2016,1,25,4,15,0.0,0.0,0.1,10.5,0.0,0.0,0.0
2016,1,25,4,30,0.0,0.0,0.2,10.0,0.0,0.0,0.0
2016,1,25,4,45,0.0,0.0,0.3,10.0,0.0,0.0,0.0
2016,1,25,5,0,0.0,0.0,0.4,10.0,0.0,0.0,0.0
2016,1,25,5,15,0.0,0.0,0.45,10.0,0.0,0.0,0.0
2016,1,25,5,30,0.0,0.0,0.5,10.0,0.0,0.0,0.0
2016,1,25,5,45,0.0,0.0,0.55,10.0,0.0,0.0,0.0
2016,1,25,6,0,0.0,0.0,0.6,10.0,0.0,0.0,0.0
2016,1,25,6,15,0.0,0.0,0.55,10.0,0.0,0.0,0.0
2016,1,25,6,30,0.0,0.0,0.5,10.0,0.0,0.0,0.0
2016,1,25,6,45,0.0,0.0,0.5,10.0,0.0,0.0,0.0
2016,1,25,7,0,0.0,0.0,0.5,10.0,0.0,0.0,0.0
2016,1,25,7,15,45.0,5.5,0.5,10.0,6.5,0.0,0.0
2016,1,25,7,30,90.0,11.0,0.5,10.0,13.0,33.97,0.0
2016,1,25,7,45,231.5,23.0,0.5,10.5,45.0,115.49,56.37
2016,1,25,8,0,373.0,35.0,0.5,11.0,77.0,201.46,151.9
2016,1,25,8,15,458.5,43.0,0.45,11.0,118.0,269.91,213.79
2016,1,25,8,30,544.0,51.0,0.4,11.0,159.0,347.03,280.05
2016,1,25,8,45,599.5,56.5,0.35,11.5,201.5,412.92,334.87
2016,1,25,9,0,655.0,62.0,0.3,12.0,244.0,483.0,390.56
2016,1,25,9,15,690.5,66.0,0.3,12.0,283.5,542.12,436.81
2016,1,25,9,30,726.0,70.0,0.3,12.0,323.0,599.09,479.99
2016,1,25,9,45,426.5,123.5,0.3,12.5,276.0,474.07,381.59
2016,1,25,10,0,127.0,177.0,0.3,13.0,229.0,298.93,241.27
2016,1,25,10,15,446.5,135.5,0.35,13.0,338.5,536.77,432.26
2016,1,25,10,30,766.0,94.0,0.4,13.0,448.0,773.92,601.65
2016,1,25,10,45,588.5,142.0,0.5,13.0,422.5,700.11,546.91
2016,1,25,11,0,411.0,190.0,0.6,13.0,397.0,608.81,479.67
2016,1,25,11,15,405.0,199.0,0.6,13.0,408.5,622.81,490.29
2016,1,25,11,30,399.0,208.0,0.6,13.0,420.0,617.72,486.21
2016,1,25,11,45,392.0,216.0,0.65,13.5,427.5,625.88,491.27
2016,1,25,12,0,385.0,224.0,0.7,14.0,435.0,632.32,494.96
2016,1,25,12,15,387.5,224.0,0.7,14.0,437.0,636.19,497.63
2016,1,25,12,30,390.0,224.0,0.7,14.0,439.0,638.47,499.28
2016,1,25,12,45,400.5,217.0,0.75,14.0,435.5,638.0,499.99
2016,1,25,13,0,411.0,210.0,0.8,14.0,432.0,653.31,511.7
2016,1,25,13,15,438.5,197.5,0.85,14.0,429.5,658.49,516.92
2016,1,25,13,30,466.0,185.0,0.9,14.0,427.0,660.87,520.29
2016,1,25,13,45,438.5,183.0,0.95,14.0,403.0,624.15,494.1
2016,1,25,14,0,411.0,181.0,1.0,14.0,379.0,586.82,467.48
2016,1,25,14,15,374.5,176.0,1.05,14.0,348.5,522.84,420.68
2016,1,25,14,30,338.0,171.0,1.1,14.0,318.0,476.29,385.9
2016,1,25,14,45,326.5,160.0,1.15,14.0,293.5,442.68,360.83
2016,1,25,15,0,315.0,149.0,1.2,14.0,269.0,408.99,335.03
2016,1,25,15,15,494.0,108.5,1.2,13.5,274.0,482.37,395.66
2016,1,25,15,30,673.0,68.0,1.2,13.0,279.0,531.07,434.29
2016,1,25,15,45,630.0,63.0,1.2,13.0,238.0,467.07,381.79
2016,1,25,16,0,587.0,58.0,1.2,13.0,197.0,405.57,330.45
2016,1,25,16,15,519.0,51.0,1.2,12.5,155.0,332.56,268.71
2016,1,25,16,30,451.0,44.0,1.2,12.0,113.0,265.67,210.06
2016,1,25,16,45,342.0,33.5,1.2,12.0,75.5,186.5,139.29
2016,1,25,17,0,233.0,23.0,1.2,12.0,38.0,114.08,49.62
2016,1,25,17,15,116.5,11.5,1.25,12.0,19.0,40.98,0.0
2016,1,25,17,30,0.0,0.0,1.3,12.0,0.0,0.0,0.0
2016,1,25,17,45,0.0,0.0,1.4,12.0,0.0,0.0,0.0
2016,1,25,18,0,0.0,0.0,1.5,12.0,0.0,0.0,0.0
2016,1,25,18,15,0.0,0.0,1.55,11.5,0.0,0.0,0.0
2016,1,25,18,30,0.0,0.0,1.6,11.0,0.0,0.0,0.0
2016,1,25,18,45,0.0,0.0,1.65,11.0,0.0,0.0,0.0
2016,1,25,19,0,0.0,0.0,1.7,11.0,0.0,0.0,0.0
2016,1,25,19,15,0.0,0.0,1.65,11.0,0.0,0.0,0.0
2016,1,25,19,30,0.0,0.0,1.6,11.0,0.0,0.0,0.0
2016,1,25,19,45,0.0,0.0,1.6,11.0,0.0,0.0,0.0
2016,1,25,20,0,0.0,0.0,1.6,11.0,0.0,0.0,0.0
2016,1,25,20,15,0.0,0.0,1.55,11.0,0.0,0.0,0.0
2016,1,25,20,30,0.0,0.0,1.5,11.0,0.0,0.0,0.0
2016,1,25,20,45,0.0,0.0,1.5,11.0,0.0,0.0,0.0
2016,1,25,21,0,0.0,0.0,1.5,11.0,0.0,0.0,0.0
2016,1,25,21,15,0.0,0.0,1.5,10.5,0.0,0.0,0.0
2016,1,25,21,30,0.0,0.0,1.5,10.0,0.0,0.0,0.0
2016,1,25,21,45,0.0,0.0,1.5,10.0,0.0,0.0,0.0
2016,1,25,22,0,0.0,0.0,1.5,10.0,0.0,0.0,0.0
2016,1,25,22,15,0.0,0.0,1.5,10.0,0.0,0.0,0.0
2016,1,25,22,30,0.0,0.0,1.5,10.0,0.0,0.0,0.0
2016,1,25,22,45,0.0,0.0,1.55,10.0,0.0,0.0,0.0
2016,1,25,23,0,0.0,0.0,1.6,10.0,0.0,0.0,0.0
2016,1,25,23,15,0.0,0.0,1.6,10.0,0.0,0.0,0.0
2016,1,25,23,30,0.0,0.0,1.6,10.0,0.0,0.0,0.0
2016,1,25,23,45,0.0,0.0,1.65,10.0,0.0,0.0,0.0
2016,1,26,0,0,0.0,0.0,1.7,10.0,0.0,0.0,0.0
2016,1,26,0,15,0.0,0.0,1.65,10.0,0.0,0.0,0.0
2016,1,26,0,30,0.0,0.0,1.6,10.0,0.0,0.0,0.0
2016,1,26,0,45,0.0,0.0,1.6,10.0,0.0,0.0,0.0
2016,1,26,1,0,0.0,0.0,1.6,10.0,0.0,0.0,0.0
2016,1,26,1,15,0.0,0.0,1.5,10.0,0.0,0.0,0.0
2016,1,26,1,30,0.0,0.0,1.4,10.0,0.0,0.0,0.0
2016,1,26,1,45,0.0,0.0,1.3,10.0,0.0,0.0,0.0
2016,1,26,2,0,0.0,0.0,1.2,10.0,0.0,0.0,0.0
2016,1,26,2,15,0.0,0.0,1.05,10.0,0.0,0.0,0.0
2016,1,26,2,30,0.0,0.0,0.9,10.0,0.0,0.0,0.0
2016,1,26,2,45,0.0,0.0,0.8,10.0,0.0,0.0,0.0
2016,1,26,3,0,0.0,0.0,0.7,10.0,0.0,0.0,0.0
2016,1,26,3,15,0.0,0.0,0.6,10.0,0.0,0.0,0.0
2016,1,26,3,30,0.0,0.0,0.5,10.0,0.0,0.0,0.0
2016,1,26,3,45,0.0,0.0,0.45,10.0,0.0,0.0,0.0
2016,1,26,4,0,0.0,0.0,0.4,10.0,0.0,0.0,0.0
2016,1,26,4,15,0.0,0.0,0.4,10.0,0.0,0.0,0.0
2016,1,26,4,30,0.0,0.0,0.4,10.0,0.0,0.0,0.0
2016,1,26,4,45,0.0,0.0,0.4,10.0,0.0,0.0,0.0
2016,1,26,5,0,0.0,0.0,0.4,10.0,0.0,0.0,0.0
2016,1,26,5,15,0.0,0.0,0.45,10.0,0.0,0.0,0.0
2016,1,26,5,30,0.0,0.0,0.5,10.0,0.0,0.0,0.0
2016,1,26,5,45,0.0,0.0,0.6,10.0,0.0,0.0,0.0
2016,1,26,6,0,0.0,0.0,0.7,10.0,0.0,0.0,0.0
2016,1,26,6,15,0.0,0.0,0.85,9.5,0.0,0.0,0.0
2016,1,26,6,30,0.0,0.0,1.0,9.0,0.0,0.0,0.0
2016,1,26,6,45,0.0,0.0,1.15,9.0,0.0,0.0,0.0
2016,1,26,7,0,0.0,0.0,1.3,9.0,0.0,0.0,0.0
2016,1,26,7,15,55.5,5.5,1.35,9.0,7.0,0.0,0.0
2016,1,26,7,30,111.0,11.0,1.4,9.0,14.0,39.52,0.0
2016,1,26,7,45,254.0,23.0,1.5,9.5,47.0,123.21,64.91
2016,1,26,8,0,397.0,35.0,1.6,10.0,80.0,210.45,160.68
2016,1,26,8,15,481.5,43.0,1.7,10.0,122.5,279.82,224.82
2016,1,26,8,30,566.0,51.0,1.8,10.0,165.0,357.74,294.01
2016,1,26,8,45,621.0,56.5,1.9,10.5,208.0,424.57,352.17
2016,1,26,9,0,676.0,62.0,2.0,11.0,251.0,495.5,411.69
2016,1,26,9,15,347.5,97.0,2.05,11.0,195.0,354.24,297.07
2016,1,26,9,30,19.0,132.0,2.1,11.0,139.0,140.61,115.01
2016,1,26,9,45,403.0,105.5,2.2,11.5,271.5,435.33,366.32
2016,1,26,10,0,787.0,79.0,2.3,12.0,404.0,716.02,584.79
2016,1,26,10,15,804.5,81.5,2.3,12.0,435.0,761.1,614.83
2016,1,26,10,30,822.0,84.0,2.3,12.0,466.0,804.45,645.23
2016,1,26,10,45,834.5,85.5,2.35,12.5,490.5,840.29,669.01
2016,1,26,11,0,847.0,87.0,2.4,13.0,515.0,873.56,690.8
2016,1,26,11,15,855.0,88.0,2.4,13.0,532.5,899.39,708.03
2016,1,26,11,30,863.0,89.0,2.4,13.0,550.0,922.07,723.12
2016,1,26,11,45,785.5,107.0,2.4,13.5,532.5,882.48,693.13
2016,1,26,12,0,708.0,125.0,2.4,14.0,515.0,844.41,664.87
2016,1,26,12,15,710.5,125.0,2.4,14.0,517.5,849.74,668.89
2016,1,26,12,30,713.0,125.0,2.4,14.0,520.0,852.03,670.47
2016,1,26,12,45,627.5,150.5,2.45,14.0,495.5,798.5,632.56
2016,1,26,13,0,542.0,176.0,2.5,14.0,471.0,735.91,587.57
2016,1,26,13,15,595.0,154.5,2.5,14.0,471.0,758.93,605.85
2016,1,26,13,30,648.0,133.0,2.5,14.0,471.0,772.01,615.79
2016,1,26,13,45,628.5,132.5,2.5,14.0,450.0,740.19,593.01
2016,1,26,14,0,609.0,132.0,2.5,14.0,429.0,706.58,569.14
2016,1,26,14,15,559.5,135.5,2.5,14.0,396.5,644.41,523.43
2016,1,26,14,30,510.0,139.0,2.5,14.0,364.0,590.94,482.64
2016,1,26,14,45,487.0,134.5,2.5,14.0,335.5,549.48,450.96
2016,1,26,15,0,464.0,130.0,2.5,14.0,307.0,508.05,418.62
2016,1,26,15,15,586.5,99.5,2.35,13.5,300.0,540.77,446.16
2016,1,26,15,30,709.0,69.0,2.2,13.0,293.0,556.32,458.55
2016,1,26,15,45,661.5,64.5,2.1,13.0,250.0,488.44,402.32
2016,1,26,16,0,614.0,60.0,2.0,13.0,207.0,423.39,347.21
2016,1,26,16,15,546.0,53.0,2.05,12.5,164.0,348.77,283.64
2016,1,26,16,30,478.0,46.0,2.1,12.0,121.0,280.16,223.02
2016,1,26,16,45,364.0,35.5,2.15,11.5,81.5,197.28,149.19
2016,1,26,17,0,250.0,25.0,2.2,11.0,42.0,122.59,61.8
2016,1,26,17,15,125.0,12.5,2.25,11.0,21.0,44.26,0.0
2016,1,26,17,30,0.0,0.0,2.3,11.0,0.0,0.0,0.0
2016,1,26,17,45,0.0,0.0,2.35,11.0,0.0,0.0,0.0
2016,1,26,18,0,0.0,0.0,2.4,11.0,0.0,0.0,0.0
2016,1,26,18,15,0.0,0.0,2.4,11.0,0.0,0.0,0.0
2016,1,26,18,30,0.0,0.0,2.4,11.0,0.0,0.0,0.0
2016,1,26,18,45,0.0,0.0,2.4,11.0,0.0,0.0,0.0
2016,1,26,19,0,0.0,0.0,2.4,11.0,0.0,0.0,0.0
2016,1,26,19,15,0.0,0.0,2.4,10.5,0.0,0.0,0.0
2016,1,26,19,30,0.0,0.0,2.4,10.0,0.0,0.0,0.0
2016,1,26,19,45,0.0,0.0,2.4,10.0,0.0,0.0,0.0
2016,1,26,20,0,0.0,0.0,2.4,10.0,0.0,0.0,0.0
2016,1,26,20,15,0.0,0.0,2.4,10.0,0.0,0.0,0.0
2016,1,26,20,30,0.0,0.0,2.4,10.0,0.0,0.0,0.0
2016,1,26,20,45,0.0,0.0,2.45,10.0,0.0,0.0,0.0
2016,1,26,21,0,0.0,0.0,2.5,10.0,0.0,0.0,0.0
2016,1,26,21,15,0.0,0.0,2.55,10.0,0.0,0.0,0.0
2016,1,26,21,30,0.0,0.0,2.6,10.0,0.0,0.0,0.0
2016,1,26,21,45,0.0,0.0,2.65,10.0,0.0,0.0,0.0
2016,1,26,22,0,0.0,0.0,2.7,10.0,0.0,0.0,0.0
2016,1,26,22,15,0.0,0.0,2.7,9.5,0.0,0.0,0.0
2016,1,26,22,30,0.0,0.0,2.7,9.0,0.0,0.0,0.0
2016,1,26,22,45,0.0,0.0,2.75,9.0,0.0,0.0,0.0
2016,1,26,23,0,0.0,0.0,2.8,9.0,0.0,0.0,0.0
2016,1,26,23,15,0.0,0.0,2.85,9.0,0.0,0.0,0.0
2016,1,26,23,30,0.0,0.0,2.9,9.0,0.0,0.0,0.0
2016,1,26,23,45,0.0,0.0,2.95,9.0,0.0,0.0,0.0
2016,1,27,0,0,0.0,0.0,3.0,9.0,0.0,0.0,0.0
2016,1,27,0,15,0.0,0.0,3.05,9.0,0.0,0.0,0.0
2016,1,27,0,30,0.0,0.0,3.1,9.0,0.0,0.0,0.0
2016,1,27,0,45,0.0,0.0,3.2,9.0,0.0,0.0,0.0
2016,1,27,1,0,0.0,0.0,3.3,9.0,0.0,0.0,0.0
2016,1,27,1,15,0.0,0.0,3.25,9.0,0.0,0.0,0.0
2016,1,27,1,30,0.0,0.0,3.2,9.0,0.0,0.0,0.0
2016,1,27,1,45,0.0,0.0,3.2,9.0,0.0,0.0,0.0
2016,1,27,2,0,0.0,0.0,3.2,9.0,0.0,0.0,0.0
2016,1,27,2,15,0.0,0.0,3.1,9.0,0.0,0.0,0.0
2016,1,27,2,30,0.0,0.0,3.0,9.0,0.0,0.0,0.0
2016,1,27,2,45,0.0,0.0,2.9,9.0,0.0,0.0,0.0
2016,1,27,3,0,0.0,0.0,2.8,9.0,0.0,0.0,0.0
2016,1,27,3,15,0.0,0.0,2.75,8.5,0.0,0.0,0.0
2016,1,27,3,30,0.0,0.0,2.7,8.0,0.0,0.0,0.0
2016,1,27,3,45,0.0,0.0,2.7,8.0,0.0,0.0,0.0
2016,1,27,4,0,0.0,0.0,2.7,8.0,0.0,0.0,0.0
2016,1,27,4,15,0.0,0.0,2.75,8.0,0.0,0.0,0.0
2016,1,27,4,30,0.0,0.0,2.8,8.0,0.0,0.0,0.0
2016,1,27,4,45,0.0,0.0,2.9,8.0,0.0,0.0,0.0
2016,1,27,5,0,0.0,0.0,3.0,8.0,0.0,0.0,0.0
2016,1,27,5,15,0.0,0.0,3.1,8.0,0.0,0.0,0.0
2016,1,27,5,30,0.0,0.0,3.2,8.0,0.0,0.0,0.0
2016,1,27,5,45,0.0,0.0,3.35,8.0,0.0,0.0,0.0
2016,1,27,6,0,0.0,0.0,3.5,8.0,0.0,0.0,0.0
2016,1,27,6,15,0.0,0.0,3.55,8.0,0.0,0.0,0.0
2016,1,27,6,30,0.0,0.0,3.6,8.0,0.0,0.0,0.0
2016,1,27,6,45,0.0,0.0,3.7,8.0,0.0,0.0,0.0
2016,1,27,7,0,0.0,0.0,3.8,8.0,0.0,0.0,0.0
2016,1,27,7,15,0.0,7.0,3.85,8.0,7.0,0.0,0.0
2016,1,27,7,30,0.0,14.0,3.9,8.0,14.0,12.73,0.0
2016,1,27,7,45,179.5,26.0,3.95,8.5,47.0,101.73,56.66
2016,1,27,8,0,359.0,38.0,4.0,9.0,80.0,198.75,153.63
2016,1,27,8,15,443.5,47.5,3.85,9.0,122.0,267.93,217.86
2016,1,27,8,30,528.0,57.0,3.7,9.0,164.0,345.71,287.78
2016,1,27,8,45,583.0,63.0,3.55,9.5,207.0,411.55,345.87
2016,1,27,9,0,638.0,69.0,3.4,10.0,250.0,481.49,405.31
2016,1,27,9,15,675.0,73.5,3.3,10.5,290.5,541.76,454.93
2016,1,27,9,30,712.0,78.0,3.2,11.0,331.0,603.47,503.92
2016,1,27,9,45,757.0,76.5,3.1,11.5,370.0,660.87,547.1
2016,1,27,10,0,802.0,75.0,3.0,12.0,409.0,723.26,592.0
2016,1,27,10,15,819.0,77.0,2.75,12.5,440.0,767.89,621.46
2016,1,27,10,30,836.0,79.0,2.5,13.0,471.0,810.7,648.71
2016,1,27,10,45,849.0,80.5,2.25,13.5,496.0,847.38,670.57
2016,1,27,11,0,862.0,82.0,2.0,14.0,521.0,881.49,689.83
2016,1,27,11,15,869.0,83.0,1.75,14.0,538.0,906.75,703.45
2016,1,27,11,30,876.0,84.0,1.5,14.0,555.0,928.79,714.33
2016,1,27,11,45,880.5,84.5,1.3,14.0,565.0,944.51,721.14
2016,1,27,12,0,885.0,85.0,1.1,14.0,575.0,947.1,718.92
2016,1,27,12,15,885.5,85.0,1.05,14.0,577.0,951.18,720.51
2016,1,27,12,30,886.0,85.0,1.0,14.0,579.0,951.62,719.81
2016,1,27,12,45,728.0,126.5,0.95,14.5,529.5,865.85,660.24
2016,1,27,13,0,570.0,168.0,0.9,15.0,480.0,753.12,582.18
2016,1,27,13,15,724.0,124.0,0.95,15.0,510.5,843.46,647.34
2016,1,27,13,30,878.0,80.0,1.0,15.0,541.0,901.9,687.18
2016,1,27,13,45,870.5,78.0,1.05,15.0,520.5,883.6,675.6
2016,1,27,14,0,863.0,76.0,1.1,15.0,500.0,853.34,656.9
2016,1,27,14,15,849.5,74.5,1.05,15.0,472.5,815.86,631.67
2016,1,27,14,30,836.0,73.0,1.0,15.0,445.0,776.05,604.69
2016,1,27,14,45,818.5,70.5,1.0,15.0,411.5,729.85,573.54
2016,1,27,15,0,801.0,68.0,1.0,15.0,378.0,682.16,540.76
2016,1,27,15,15,773.0,64.5,0.85,15.0,339.0,624.86,498.6
2016,1,27,15,30,745.0,61.0,0.7,15.0,300.0,567.59,453.84
2016,1,27,15,45,707.0,56.5,0.55,15.0,257.5,503.64,402.69
2016,1,27,16,0,669.0,52.0,0.4,15.0,215.0,441.44,351.35
2016,1,27,16,15,606.0,46.0,0.45,14.5,171.5,367.52,291.23
2016,1,27,16,30,543.0,40.0,0.5,14.0,128.0,302.48,235.57
2016,1,27,16,45,438.5,31.5,0.6,14.0,87.5,221.75,165.16
2016,1,27,17,0,334.0,23.0,0.7,14.0,47.0,149.09,81.51
2016,1,27,17,15,167.0,11.5,0.75,13.5,23.5,54.59,0.0
2016,1,27,17,30,0.0,0.0,0.8,13.0,0.0,0.0,0.0
2016,1,27,17,45,0.0,0.0,0.9,13.0,0.0,0.0,0.0
2016,1,27,18,0,0.0,0.0,1.0,13.0,0.0,0.0,0.0
2016,1,27,18,15,0.0,0.0,1.0,12.5,0.0,0.0,0.0
2016,1,27,18,30,0.0,0.0,1.0,12.0,0.0,0.0,0.0
2016,1,27,18,45,0.0,0.0,1.05,12.0,0.0,0.0,0.0
2016,1,27,19,0,0.0,0.0,1.1,12.0,0.0,0.0,0.0
2016,1,27,19,15,0.0,0.0,1.1,12.0,0.0,0.0,0.0
2016,1,27,19,30,0.0,0.0,1.1,12.0,0.0,0.0,0.0
2016,1,27,19,45,0.0,0.0,1.1,12.0,0.0,0.0,0.0
2016,1,27,20,0,0.0,0.0,1.1,12.0,0.0,0.0,0.0
2016,1,27,20,15,0.0,0.0,1.1,11.5,0.0,0.0,0.0
2016,1,27,20,30,0.0,0.0,1.1,11.0,0.0,0.0,0.0
2016,1,27,20,45,0.0,0.0,1.1,11.0,0.0,0.0,0.0
2016,1,27,21,0,0.0,0.0,1.1,11.0,0.0,0.0,0.0
2016,1,27,21,15,0.0,0.0,1.1,11.0,0.0,0.0,0.0
2016,1,27,21,30,0.0,0.0,1.1,11.0,0.0,0.0,0.0
2016,1,27,21,45,0.0,0.0,1.15,11.0,0.0,0.0,0.0
2016,1,27,22,0,0.0,0.0,1.2,11.0,0.0,0.0,0.0
2016,1,27,22,15,0.0,0.0,1.15,11.0,0.0,0.0,0.0
2016,1,27,22,30,0.0,0.0,1.1,11.0,0.0,0.0,0.0
2016,1,27,22,45,0.0,0.0,1.05,11.0,0.0,0.0,0.0
2016,1,27,23,0,0.0,0.0,1.0,11.0,0.0,0.0,0.0
2016,1,27,23,15,0.0,0.0,0.85,11.0,0.0,0.0,0.0
2016,1,27,23,30,0.0,0.0,0.7,11.0,0.0,0.0,0.0
2016,1,27,23,45,0.0,0.0,0.6,11.0,0.0,0.0,0.0
2016,1,28,0,0,0.0,0.0,0.5,11.0,0.0,0.0,0.0
2016,1,28,0,15,0.0,0.0,0.4,11.0,0.0,0.0,0.0
2016,1,28,0,30,0.0,0.0,0.3,11.0,0.0,0.0,0.0
2016,1,28,0,45,0.0,0.0,0.25,11.0,0.0,0.0,0.0
2016,1,28,1,0,0.0,0.0,0.2,11.0,0.0,0.0,0.0
2016,1,28,1,15,0.0,0.0,0.25,10.5,0.0,0.0,0.0
2016,1,28,1,30,0.0,0.0,0.3,10.0,0.0,0.0,0.0
2016,1,28,1,45,0.0,0.0,0.35,10.0,0.0,0.0,0.0
2016,1,28,2,0,0.0,0.0,0.4,10.0,0.0,0.0,0.0
2016,1,28,2,15,0.0,0.0,0.45,10.0,0.0,0.0,0.0
2016,1,28,2,30,0.0,0.0,0.5,10.0,0.0,0.0,0.0
2016,1,28,2,45,0.0,0.0,0.6,10.0,0.0,0.0,0.0
2016,1,28,3,0,0.0,0.0,0.7,10.0,0.0,0.0,0.0
2016,1,28,3,15,0.0,0.0,0.7,10.0,0.0,0.0,0.0
2016,1,28,3,30,0.0,0.0,0.7,10.0,0.0,0.0,0.0
2016,1,28,3,45,0.0,0.0,0.75,10.0,0.0,0.0,0.0
2016,1,28,4,0,0.0,0.0,0.8,10.0,0.0,0.0,0.0
2016,1,28,4,15,0.0,0.0,0.8,10.0,0.0,0.0,0.0
2016,1,28,4,30,0.0,0.0,0.8,10.0,0.0,0.0,0.0
2016,1,28,4,45,0.0,0.0,0.8,10.0,0.0,0.0,0.0
2016,1,28,5,0,0.0,0.0,0.8,10.0,0.0,0.0,0.0
2016,1,28,5,15,0.0,0.0,0.75,10.0,0.0,0.0,0.0
2016,1,28,5,30,0.0,0.0,0.7,10.0,0.0,0.0,0.0
2016,1,28,5,45,0.0,0.0,0.7,10.0,0.0,0.0,0.0
2016,1,28,6,0,0.0,0.0,0.7,10.0,0.0,0.0,0.0
2016,1,28,6,15,0.0,0.0,0.6,10.0,0.0,0.0,0.0
2016,1,28,6,30,0.0,0.0,0.5,10.0,0.0,0.0,0.0
2016,1,28,6,45,0.0,0.0,0.45,10.0,0.0,0.0,0.0
2016,1,28,7,0,0.0,0.0,0.4,10.0,0.0,0.0,0.0
2016,1,28,7,15,0.0,1.5,0.4,10.0,1.5,0.0,0.0
2016,1,28,7,30,0.0,3.0,0.4,10.0,3.0,2.73,0.0
2016,1,28,7,45,0.0,9.0,0.4,10.5,9.0,7.9,0.0
2016,1,28,8,0,0.0,15.0,0.4,11.0,15.0,13.18,5.37
2016,1,28,8,15,0.0,23.0,0.55,11.0,23.0,20.24,11.7
2016,1,28,8,30,0.0,31.0,0.7,11.0,31.0,27.3,18.0
2016,1,28,8,45,0.0,39.5,0.9,11.5,39.5,34.82,24.58
2016,1,28,9,0,0.0,48.0,1.1,12.0,48.0,42.35,31.07
2016,1,28,9,15,0.0,55.5,1.05,12.0,55.5,49.0,36.8
2016,1,28,9,30,0.0,63.0,1.0,12.0,63.0,55.66,42.47
2016,1,28,9,45,27.0,118.0,1.0,12.5,129.5,137.8,112.58
2016,1,28,10,0,54.0,173.0,1.0,13.0,196.0,223.6,183.22
2016,1,28,10,15,242.0,172.0,1.3,13.0,285.0,401.44,330.29
2016,1,28,10,30,430.0,171.0,1.6,13.0,374.0,580.19,471.26
2016,1,28,10,45,442.5,178.0,1.95,13.5,396.5,612.01,494.43
2016,1,28,11,0,455.0,185.0,2.3,14.0,419.0,642.73,517.78
2016,1,28,11,15,244.5,202.0,2.25,14.0,328.5,464.91,377.11
2016,1,28,11,30,34.0,219.0,2.2,14.0,238.0,261.25,210.51
2016,1,28,11,45,34.5,223.0,2.2,14.0,242.5,266.4,215.23
2016,1,28,12,0,35.0,227.0,2.2,14.0,247.0,271.62,219.3
2016,1,28,12,15,17.5,151.5,2.0,14.0,161.5,156.63,125.65
2016,1,28,12,30,0.0,76.0,1.8,14.0,76.0,67.28,51.11
2016,1,28,12,45,75.5,165.5,1.6,14.5,207.0,253.44,206.7
2016,1,28,13,0,151.0,255.0,1.4,15.0,338.0,432.07,346.44
2016,1,28,13,15,283.0,229.0,1.3,15.0,380.5,537.39,428.39
2016,1,28,13,30,415.0,203.0,1.2,15.0,423.0,637.36,503.85
2016,1,28,13,45,245.5,209.0,1.2,15.0,338.0,469.5,375.08
2016,1,28,14,0,76.0,215.0,1.2,15.0,253.0,293.72,236.08
2016,1,28,14,15,70.0,202.0,1.1,15.0,235.5,272.19,219.97
2016,1,28,14,30,64.0,189.0,1.0,15.0,218.0,251.03,203.19
2016,1,28,14,45,32.0,144.5,0.95,15.0,159.0,172.08,138.91
2016,1,28,15,0,0.0,100.0,0.9,15.0,100.0,91.27,71.59
2016,1,28,15,15,0.0,89.5,0.85,15.0,89.5,81.33,63.54
2016,1,28,15,30,0.0,79.0,0.8,15.0,79.0,71.45,55.31
2016,1,28,15,45,0.0,68.0,0.75,15.0,68.0,61.13,46.59
2016,1,28,16,0,0.0,57.0,0.7,15.0,57.0,50.86,37.81
2016,1,28,16,15,0.0,45.5,0.75,14.5,45.5,40.17,28.61
2016,1,28,16,30,0.0,34.0,0.8,14.0,34.0,29.98,19.72
2016,1,28,16,45,0.0,23.0,0.9,13.5,23.0,20.25,11.09
2016,1,28,17,0,0.0,12.0,1.0,13.0,12.0,10.54,1.48
2016,1,28,17,15,0.0,6.0,1.05,13.0,6.0,5.46,0.0
2016,1,28,17,30,0.0,0.0,1.1,13.0,0.0,0.0,0.0
2016,1,28,17,45,0.0,0.0,1.2,13.0,0.0,0.0,0.0
2016,1,28,18,0,0.0,0.0,1.3,13.0,0.0,0.0,0.0
2016,1,28,18,15,0.0,0.0,1.35,13.0,0.0,0.0,0.0
2016,1,28,18,30,0.0,0.0,1.4,13.0,0.0,0.0,0.0
2016,1,28,18,45,0.0,0.0,1.45,13.0,0.0,0.0,0.0
2016,1,28,19,0,0.0,0.0,1.5,13.0,0.0,0.0,0.0
2016,1,28,19,15,0.0,0.0,1.55,13.0,0.0,0.0,0.0
2016,1,28,19,30,0.0,0.0,1.6,13.0,0.0,0.0,0.0
2016,1,28,19,45,0.0,0.0,1.7,13.0,0.0,0.0,0.0
2016,1,28,20,0,0.0,0.0,1.8,13.0,0.0,0.0,0.0
2016,1,28,20,15,0.0,0.0,1.75,13.0,0.0,0.0,0.0
2016,1,28,20,30,0.0,0.0,1.7,13.0,0.0,0.0,0.0
2016,1,28,20,45,0.0,0.0,1.7,13.0,0.0,0.0,0.0
2016,1,28,21,0,0.0,0.0,1.7,13.0,0.0,0.0,0.0
2016,1,28,21,15,0.0,0.0,1.65,13.0,0.0,0.0,0.0
2016,1,28,21,30,0.0,0.0,1.6,13.0,0.0,0.0,0.0
2016,1,28,21,45,0.0,0.0,1.55,13.0,0.0,0.0,0.0
2016,1,28,22,0,0.0,0.0,1.5,13.0,0.0,0.0,0.0
2016,1,28,22,15,0.0,0.0,1.5,13.0,0.0,0.0,0.0
2016,1,28,22,30,0.0,0.0,1.5,13.0,0.0,0.0,0.0
2016,1,28,22,45,0.0,0.0,1.55,13.0,0.0,0.0,0.0
2016,1,28,23,0,0.0,0.0,1.6,13.0,0.0,0.0,0.0
2016,1,28,23,15,0.0,0.0,1.65,12.5,0.0,0.0,0.0
2016,1,28,23,30,0.0,0.0,1.7,12.0,0.0,0.0,0.0
2016,1,28,23,45,0.0,0.0,1.8,12.0,0.0,0.0,0.0
2016,1,29,0,0,0.0,0.0,1.9,12.0,0.0,0.0,0.0
2016,1,29,0,15,0.0,0.0,1.95,12.0,0.0,0.0,0.0
2016,1,29,0,30,0.0,0.0,2.0,12.0,0.0,0.0,0.0
2016,1,29,0,45,0.0,0.0,2.05,12.0,0.0,0.0,0.0
2016,1,29,1,0,0.0,0.0,2.1,12.0,0.0,0.0,0.0
2016,1,29,1,15,0.0,0.0,2.15,12.0,0.0,0.0,0.0
2016,1,29,1,30,0.0,0.0,2.2,12.0,0.0,0.0,0.0
2016,1,29,1,45,0.0,0.0,2.25,12.0,0.0,0.0,0.0
2016,1,29,2,0,0.0,0.0,2.3,12.0,0.0,0.0,0.0
2016,1,29,2,15,0.0,0.0,2.35,12.0,0.0,0.0,0.0
2016,1,29,2,30,0.0,0.0,2.4,12.0,0.0,0.0,0.0
2016,1,29,2,45,0.0,0.0,2.45,12.0,0.0,0.0,0.0
2016,1,29,3,0,0.0,0.0,2.5,12.0,0.0,0.0,0.0
2016,1,29,3,15,0.0,0.0,2.5,12.0,0.0,0.0,0.0
2016,1,29,3,30,0.0,0.0,2.5,12.0,0.0,0.0,0.0
2016,1,29,3,45,0.0,0.0,2.55,12.0,0.0,0.0,0.0
2016,1,29,4,0,0.0,0.0,2.6,12.0,0.0,0.0,0.0
2016,1,29,4,15,0.0,0.0,2.6,12.0,0.0,0.0,0.0
2016,1,29,4,30,0.0,0.0,2.6,12.0,0.0,0.0,0.0
2016,1,29,4,45,0.0,0.0,2.6,12.0,0.0,0.0,0.0
2016,1,29,5,0,0.0,0.0,2.6,12.0,0.0,0.0,0.0
2016,1,29,5,15,0.0,0.0,2.6,12.0,0.0,0.0,0.0
2016,1,29,5,30,0.0,0.0,2.6,12.0,0.0,0.0,0.0
2016,1,29,5,45,0.0,0.0,2.65,12.5,0.0,0.0,0.0
2016,1,29,6,0,0.0,0.0,2.7,13.0,0.0,0.0,0.0
2016,1,29,6,15,0.0,0.0,2.7,13.0,0.0,0.0,0.0
2016,1,29,6,30,0.0,0.0,2.7,13.0,0.0,0.0,0.0
2016,1,29,6,45,0.0,0.0,2.75,13.0,0.0,0.0,0.0
2016,1,29,7,0,0.0,0.0,2.8,13.0,0.0,0.0,0.0
2016,1,29,7,15,0.0,0.0,3.0,13.0,0.0,0.0,0.0
2016,1,29,7,30,0.0,0.0,3.2,13.0,0.0,0.0,0.0
2016,1,29,7,45,0.0,0.5,3.4,13.5,0.5,0.44,0.0
2016,1,29,8,0,0.0,1.0,3.6,14.0,1.0,0.88,0.0
2016,1,29,8,15,0.0,1.5,3.65,14.0,1.5,1.31,0.0
2016,1,29,8,30,0.0,2.0,3.7,14.0,2.0,1.75,0.0
2016,1,29,8,45,0.0,2.5,3.8,14.0,2.5,2.19,0.0
2016,1,29,9,0,0.0,3.0,3.9,14.0,3.0,2.63,0.0
2016,1,29,9,15,0.0,4.0,3.95,14.0,4.0,3.51,0.0
2016,1,29,9,30,0.0,5.0,4.0,14.0,5.0,4.39,0.0
2016,1,29,9,45,0.0,10.0,4.1,14.5,10.0,8.8,1.89
2016,1,29,10,0,0.0,15.0,4.2,15.0,15.0,13.2,5.63
2016,1,29,10,15,0.0,27.0,4.2,15.0,27.0,23.8,14.64
2016,1,29,10,30,0.0,39.0,4.2,15.0,39.0,34.41,23.62
2016,1,29,10,45,0.0,39.0,4.25,15.0,39.0,34.42,23.57
2016,1,29,11,0,0.0,39.0,4.3,15.0,39.0,34.43,23.54
2016,1,29,11,15,0.0,70.0,4.3,15.0,70.0,61.93,46.66
2016,1,29,11,30,0.0,101.0,4.3,15.0,101.0,90.26,70.29
2016,1,29,11,45,0.0,87.0,4.35,15.0,87.0,77.06,59.21
2016,1,29,12,0,0.0,73.0,4.4,15.0,73.0,64.61,48.77
2016,1,29,12,15,0.0,73.5,4.4,15.0,73.5,65.06,49.14
2016,1,29,12,30,0.0,74.0,4.4,15.0,74.0,65.5,49.51
2016,1,29,12,45,0.0,67.5,4.45,15.0,67.5,59.72,44.68
2016,1,29,13,0,0.0,61.0,4.5,15.0,61.0,53.95,39.86
2016,1,29,13,15,2.0,118.0,4.55,15.0,119.0,108.6,85.66
2016,1,29,13,30,4.0,175.0,4.6,15.0,177.0,168.89,135.63
2016,1,29,13,45,2.0,146.5,4.65,15.0,147.5,137.67,109.88
2016,1,29,14,0,0.0,118.0,4.7,15.0,118.0,107.35,84.77
2016,1,29,14,15,0.0,62.5,4.75,14.5,62.5,55.24,41.28
2016,1,29,14,30,0.0,7.0,4.8,14.0,7.0,6.16,0.0
2016,1,29,14,45,27.0,84.5,4.85,14.0,95.5,101.3,81.61
2016,1,29,15,0,54.0,162.0,4.9,14.0,184.0,209.85,173.21
2016,1,29,15,15,51.0,146.0,4.9,14.0,165.0,188.43,155.28
2016,1,29,15,30,48.0,130.0,4.9,14.0,146.0,167.35,137.61
2016,1,29,15,45,42.5,113.0,4.95,14.0,125.5,143.88,117.64
2016,1,29,16,0,37.0,96.0,5.0,14.0,105.0,121.02,97.91
2016,1,29,16,15,28.0,78.0,5.0,13.5,84.0,95.74,76.0
2016,1,29,16,30,19.0,60.0,5.0,13.0,63.0,71.38,54.65
2016,1,29,16,45,9.5,42.0,5.05,13.0,43.5,44.12,30.74
2016,1,29,17,0,0.0,24.0,5.1,13.0,24.0,21.99,9.88
2016,1,29,17,15,0.0,12.0,5.1,13.0,12.0,10.91,0.0
2016,1,29,17,30,0.0,0.0,5.1,13.0,0.0,0.0,0.0
2016,1,29,17,45,0.0,0.0,5.15,13.0,0.0,0.0,0.0
2016,1,29,18,0,0.0,0.0,5.2,13.0,0.0,0.0,0.0
2016,1,29,18,15,0.0,0.0,5.1,13.0,0.0,0.0,0.0
2016,1,29,18,30,0.0,0.0,5.0,13.0,0.0,0.0,0.0
2016,1,29,18,45,0.0,0.0,4.9,13.0,0.0,0.0,0.0
2016,1,29,19,0,0.0,0.0,4.8,13.0,0.0,0.0,0.0
2016,1,29,19,15,0.0,0.0,4.55,13.0,0.0,0.0,0.0
2016,1,29,19,30,0.0,0.0,4.3,13.0,0.0,0.0,0.0
2016,1,29,19,45,0.0,0.0,4.1,13.0,0.0,0.0,0.0
2016,1,29,20,0,0.0,0.0,3.9,13.0,0.0,0.0,0.0
2016,1,29,20,15,0.0,0.0,3.65,12.5,0.0,0.0,0.0
2016,1,29,20,30,0.0,0.0,3.4,12.0,0.0,0.0,0.0
2016,1,29,20,45,0.0,0.0,3.2,12.0,0.0,0.0,0.0
2016,1,29,21,0,0.0,0.0,3.0,12.0,0.0,0.0,0.0
2016,1,29,21,15,0.0,0.0,2.85,12.0,0.0,0.0,0.0
2016,1,29,21,30,0.0,0.0,2.7,12.0,0.0,0.0,0.0
2016,1,29,21,45,0.0,0.0,2.6,12.0,0.0,0.0,0.0
2016,1,29,22,0,0.0,0.0,2.5,12.0,0.0,0.0,0.0
2016,1,29,22,15,0.0,0.0,2.55,11.5,0.0,0.0,0.0
2016,1,29,22,30,0.0,0.0,2.6,11.0,0.0,0.0,0.0
2016,1,29,22,45,0.0,0.0,2.65,11.0,0.0,0.0,0.0
2016,1,29,23,0,0.0,0.0,2.7,11.0,0.0,0.0,0.0
2016,1,29,23,15,0.0,0.0,2.95,11.0,0.0,0.0,0.0
2016,1,29,23,30,0.0,0.0,3.2,11.0,0.0,0.0,0.0
2016,1,29,23,45,0.0,0.0,3.5,11.0,0.0,0.0,0.0
2016,1,30,0,0,0.0,0.0,3.8,11.0,0.0,0.0,0.0
2016,1,30,0,15,0.0,0.0,3.9,10.5,0.0,0.0,0.0
2016,1,30,0,30,0.0,0.0,4.0,10.0,0.0,0.0,0.0
2016,1,30,0,45,0.0,0.0,4.1,10.0,0.0,0.0,0.0
2016,1,30,1,0,0.0,0.0,4.2,10.0,0.0,0.0,0.0
2016,1,30,1,15,0.0,0.0,4.05,10.0,0.0,0.0,0.0
2016,1,30,1,30,0.0,0.0,3.9,10.0,0.0,0.0,0.0
2016,1,30,1,45,0.0,0.0,3.8,10.0,0.0,0.0,0.0
2016,1,30,2,0,0.0,0.0,3.7,10.0,0.0,0.0,0.0
2016,1,30,2,15,0.0,0.0,3.7,10.0,0.0,0.0,0.0
2016,1,30,2,30,0.0,0.0,3.7,10.0,0.0,0.0,0.0
2016,1,30,2,45,0.0,0.0,3.7,10.0,0.0,0.0,0.0
2016,1,30,3,0,0.0,0.0,3.7,10.0,0.0,0.0,0.0
2016,1,30,3,15,0.0,0.0,3.75,10.0,0.0,0.0,0.0
2016,1,30,3,30,0.0,0.0,3.8,10.0,0.0,0.0,0.0
2016,1,30,3,45,0.0,0.0,3.9,10.0,0.0,0.0,0.0
2016,1,30,4,0,0.0,0.0,4.0,10.0,0.0,0.0,0.0
2016,1,30,4,15,0.0,0.0,4.2,9.5,0.0,0.0,0.0
2016,1,30,4,30,0.0,0.0,4.4,9.0,0.0,0.0,0.0
2016,1,30,4,45,0.0,0.0,4.6,9.0,0.0,0.0,0.0
2016,1,30,5,0,0.0,0.0,4.8,9.0,0.0,0.0,0.0
2016,1,30,5,15,0.0,0.0,4.8,9.0,0.0,0.0,0.0
2016,1,30,5,30,0.0,0.0,4.8,9.0,0.0,0.0,0.0
2016,1,30,5,45,0.0,0.0,4.85,9.0,0.0,0.0,0.0
2016,1,30,6,0,0.0,0.0,4.9,9.0,0.0,0.0,0.0
2016,1,30,6,15,0.0,0.0,4.75,9.0,0.0,0.0,0.0
2016,1,30,6,30,0.0,0.0,4.6,9.0,0.0,0.0,0.0
2016,1,30,6,45,0.0,0.0,4.5,9.0,0.0,0.0,0.0
2016,1,30,7,0,0.0,0.0,4.4,9.0,0.0,0.0,0.0
2016,1,30,7,15,0.0,9.5,4.55,9.0,9.5,0.0,0.0
2016,1,30,7,30,0.0,19.0,4.7,9.0,19.0,17.28,0.0
2016,1,30,7,45,228.0,26.0,4.85,9.5,54.5,119.88,75.8
2016,1,30,8,0,456.0,33.0,5.0,10.0,90.0,230.19,178.96
2016,1,30,8,15,534.5,40.0,4.95,10.0,133.0,299.1,243.56
2016,1,30,8,30,613.0,47.0,4.9,10.0,176.0,373.0,311.0
2016,1,30,8,45,668.0,50.5,4.9,10.5,220.5,440.39,371.04
2016,1,30,9,0,723.0,54.0,4.9,11.0,265.0,511.6,432.25
2016,1,30,9,15,502.0,98.0,4.9,11.0,254.5,454.36,385.0
2016,1,30,9,30,281.0,142.0,4.9,11.0,244.0,364.93,308.85
2016,1,30,9,45,559.5,103.0,4.9,11.5,333.0,553.78,467.6
2016,1,30,10,0,838.0,64.0,4.9,12.0,422.0,732.25,607.63
2016,1,30,10,15,854.0,66.0,4.9,12.0,453.0,776.97,640.03
2016,1,30,10,30,870.0,68.0,4.9,12.0,484.0,819.79,671.31
2016,1,30,10,45,880.0,69.5,4.95,12.0,509.0,854.6,696.59
2016,1,30,11,0,890.0,71.0,5.0,12.0,534.0,886.65,719.75
2016,1,30,11,15,897.0,72.0,5.0,12.0,551.5,912.37,737.84
2016,1,30,11,30,904.0,73.0,5.0,12.0,569.0,934.81,753.58
2016,1,30,11,45,905.5,74.5,5.05,12.5,579.0,949.33,762.51
2016,1,30,12,0,907.0,76.0,5.1,13.0,589.0,960.2,768.93
2016,1,30,12,15,908.0,76.0,5.1,13.0,591.0,964.99,772.17
2016,1,30,12,30,909.0,76.0,5.1,13.0,593.0,966.04,772.9
2016,1,30,12,45,661.0,148.0,5.1,13.0,522.0,831.19,673.2
2016,1,30,13,0,413.0,220.0,5.1,13.0,451.0,669.05,546.47
2016,1,30,13,15,489.5,192.5,5.05,13.0,460.0,702.63,575.49
2016,1,30,13,30,566.0,165.0,5.0,13.0,469.0,731.14,599.45
2016,1,30,13,45,301.0,184.0,5.0,13.0,345.5,488.28,404.69
2016,1,30,14,0,36.0,203.0,5.0,13.0,222.0,243.61,199.41
2016,1,30,14,15,297.5,169.0,5.05,12.5,306.0,451.61,378.53
2016,1,30,14,30,559.0,135.0,5.1,12.0,390.0,628.36,525.55
2016,1,30,14,45,560.5,123.0,5.2,12.0,363.0,601.11,503.82
2016,1,30,15,0,562.0,111.0,5.3,12.0,336.0,565.75,476.17
2016,1,30,15,15,534.0,105.5,5.15,11.5,302.0,515.01,435.16
2016,1,30,15,30,506.0,100.0,5.0,11.0,268.0,460.59,390.33
2016,1,30,15,45,478.5,89.5,4.9,11.0,231.0,407.18,344.63
2016,1,30,16,0,451.0,79.0,4.8,11.0,194.0,355.33,299.08
2016,1,30,16,15,404.5,67.5,4.6,10.5,156.0,294.79,245.48
2016,1,30,16,30,358.0,56.0,4.4,10.0,118.0,238.62,194.43
2016,1,30,16,45,284.0,42.5,4.2,10.0,82.0,174.24,135.69
2016,1,30,17,0,210.0,29.0,4.0,10.0,46.0,117.83,77.15
2016,1,30,17,15,105.0,14.5,3.95,9.5,23.0,41.3,0.0
2016,1,30,17,30,0.0,0.0,3.9,9.0,0.0,0.0,0.0
2016,1,30,17,45,0.0,0.0,3.9,9.0,0.0,0.0,0.0
2016,1,30,18,0,0.0,0.0,3.9,9.0,0.0,0.0,0.0
2016,1,30,18,15,0.0,0.0,3.9,9.0,0.0,0.0,0.0
2016,1,30,18,30,0.0,0.0,3.9,9.0,0.0,0.0,0.0
2016,1,30,18,45,0.0,0.0,3.95,9.0,0.0,0.0,0.0
2016,1,30,19,0,0.0,0.0,4.0,9.0,0.0,0.0,0.0
2016,1,30,19,15,0.0,0.0,3.9,9.0,0.0,0.0,0.0
2016,1,30,19,30,0.0,0.0,3.8,9.0,0.0,0.0,0.0
2016,1,30,19,45,0.0,0.0,3.75,9.0,0.0,0.0,0.0
2016,1,30,20,0,0.0,0.0,3.7,9.0,0.0,0.0,0.0
2016,1,30,20,15,0.0,0.0,3.6,9.0,0.0,0.0,0.0
2016,1,30,20,30,0.0,0.0,3.5,9.0,0.0,0.0,0.0
2016,1,30,20,45,0.0,0.0,3.4,9.0,0.0,0.0,0.0
2016,1,30,21,0,0.0,0.0,3.3,9.0,0.0,0.0,0.0
2016,1,30,21,15,0.0,0.0,3.3,9.0,0.0,0.0,0.0
2016,1,30,21,30,0.0,0.0,3.3,9.0,0.0,0.0,0.0
2016,1,30,21,45,0.0,0.0,3.3,9.0,0.0,0.0,0.0
2016,1,30,22,0,0.0,0.0,3.3,9.0,0.0,0.0,0.0
2016,1,30,22,15,0.0,0.0,3.35,9.0,0.0,0.0,0.0
2016,1,30,22,30,0.0,0.0,3.4,9.0,0.0,0.0,0.0
2016,1,30,22,45,0.0,0.0,3.45,9.0,0.0,0.0,0.0
2016,1,30,23,0,0.0,0.0,3.5,9.0,0.0,0.0,0.0
2016,1,30,23,15,0.0,0.0,3.45,8.5,0.0,0.0,0.0
2016,1,30,23,30,0.0,0.0,3.4,8.0,0.0,0.0,0.0
2016,1,30,23,45,0.0,0.0,3.35,8.0,0.0,0.0,0.0
2016,1,31,0,0,0.0,0.0,3.3,8.0,0.0,0.0,0.0
2016,1,31,0,15,0.0,0.0,3.3,8.0,0.0,0.0,0.0
2016,1,31,0,30,0.0,0.0,3.3,8.0,0.0,0.0,0.0
2016,1,31,0,45,0.0,0.0,3.3,8.0,0.0,0.0,0.0
2016,1,31,1,0,0.0,0.0,3.3,8.0,0.0,0.0,0.0
2016,1,31,1,15,0.0,0.0,3.25,8.0,0.0,0.0,0.0
2016,1,31,1,30,0.0,0.0,3.2,8.0,0.0,0.0,0.0
2016,1,31,1,45,0.0,0.0,3.2,8.0,0.0,0.0,0.0
2016,1,31,2,0,0.0,0.0,3.2,8.0,0.0,0.0,0.0
2016,1,31,2,15,0.0,0.0,3.2,8.0,0.0,0.0,0.0
2016,1,31,2,30,0.0,0.0,3.2,8.0,0.0,0.0,0.0
2016,1,31,2,45,0.0,0.0,3.2,8.0,0.0,0.0,0.0
2016,1,31,3,0,0.0,0.0,3.2,8.0,0.0,0.0,0.0
2016,1,31,3,15,0.0,0.0,3.15,8.0,0.0,0.0,0.0
2016,1,31,3,30,0.0,0.0,3.1,8.0,0.0,0.0,0.0
2016,1,31,3,45,0.0,0.0,3.1,8.0,0.0,0.0,0.0
2016,1,31,4,0,0.0,0.0,3.1,8.0,0.0,0.0,0.0
2016,1,31,4,15,0.0,0.0,3.05,8.0,0.0,0.0,0.0
2016,1,31,4,30,0.0,0.0,3.0,8.0,0.0,0.0,0.0
2016,1,31,4,45,0.0,0.0,3.0,8.0,0.0,0.0,0.0
2016,1,31,5,0,0.0,0.0,3.0,8.0,0.0,0.0,0.0
2016,1,31,5,15,0.0,0.0,3.0,8.0,0.0,0.0,0.0
2016,1,31,5,30,0.0,0.0,3.0,8.0,0.0,0.0,0.0
2016,1,31,5,45,0.0,0.0,3.05,8.0,0.0,0.0,0.0
2016,1,31,6,0,0.0,0.0,3.1,8.0,0.0,0.0,0.0
2016,1,31,6,15,0.0,0.0,3.1,8.0,0.0,0.0,0.0
2016,1,31,6,30,0.0,0.0,3.1,8.0,0.0,0.0,0.0
2016,1,31,6,45,0.0,0.0,3.15,8.0,0.0,0.0,0.0
2016,1,31,7,0,0.0,0.0,3.2,8.0,0.0,0.0,0.0
2016,1,31,7,15,0.0,10.5,3.3,8.0,10.5,9.55,0.0
2016,1,31,7,30,0.0,21.0,3.4,8.0,21.0,19.1,0.0
2016,1,31,7,45,226.5,28.5,3.55,8.5,57.5,121.51,79.45
2016,1,31,8,0,453.0,36.0,3.7,9.0,94.0,232.31,181.38
2016,1,31,8,15,534.5,42.0,3.95,9.0,137.0,301.47,245.9
2016,1,31,8,30,616.0,48.0,4.2,9.0,180.0,375.72,313.72
2016,1,31,8,45,667.0,52.5,4.5,9.0,224.5,442.37,374.11
2016,1,31,9,0,718.0,57.0,4.8,9.0,269.0,512.5,435.91
2016,1,31,9,15,763.0,56.0,5.05,9.0,310.5,575.15,490.21
2016,1,31,9,30,808.0,55.0,5.3,9.0,352.0,633.71,539.21
2016,1,31,9,45,830.0,62.5,5.55,9.5,394.0,699.2,590.37
2016,1,31,10,0,852.0,70.0,5.8,10.0,436.0,758.04,635.36
2016,1,31,10,15,869.0,71.5,5.95,10.0,468.5,804.07,670.58
2016,1,31,10,30,886.0,73.0,6.1,10.0,501.0,840.42,698.09
2016,1,31,10,45,901.5,73.5,6.35,10.5,527.5,879.24,726.58
2016,1,31,11,0,917.0,74.0,6.6,11.0,554.0,915.5,752.95
2016,1,31,11,15,924.5,75.0,6.85,11.0,572.5,942.29,773.52
2016,1,31,11,30,932.0,76.0,7.1,11.0,591.0,965.72,791.69
2016,1,31,11,45,937.5,76.0,7.35,11.0,602.0,982.48,804.93
2016,1,31,12,0,943.0,76.0,7.6,11.0,613.0,995.54,815.56
2016,1,31,12,15,944.0,76.0,7.85,11.0,615.0,1000.52,820.23
2016,1,31,12,30,945.0,76.0,8.1,11.0,617.0,1001.62,822.14
2016,1,31,12,45,936.5,78.0,8.4,11.0,610.0,992.39,816.5
2016,1,31,13,0,928.0,80.0,8.7,11.0,603.0,979.39,808.07
2016,1,31,13,15,922.5,79.5,8.9,11.0,589.0,962.4,796.26
2016,1,31,13,30,917.0,79.0,9.1,11.0,575.0,941.86,781.75
2016,1,31,13,45,900.5,80.0,9.35,11.0,552.0,909.99,758.55
2016,1,31,14,0,884.0,81.0,9.6,11.0,529.0,883.62,739.57
2016,1,31,14,15,870.5,79.5,9.65,10.5,500.5,845.42,711.9
2016,1,31,14,30,857.0,78.0,9.7,10.0,472.0,804.77,682.01
2016,1,31,14,45,829.5,77.5,9.75,10.0,436.0,752.33,640.94
2016,1,31,15,0,802.0,77.0,9.8,10.0,400.0,698.95,598.61
2016,1,31,15,15,773.0,73.5,9.8,10.0,360.0,640.5,551.39
2016,1,31,15,30,744.0,70.0,9.8,10.0,320.0,582.09,501.36
2016,1,31,15,45,696.5,66.5,9.8,10.0,276.0,516.66,443.99
2016,1,31,16,0,649.0,63.0,9.8,10.0,232.0,450.5,384.69
2016,1,31,16,15,584.0,56.5,9.8,9.5,186.5,375.37,317.03
2016,1,31,16,30,519.0,50.0,9.8,9.0,141.0,305.84,252.68
2016,1,31,16,45,414.0,40.5,9.85,9.0,99.0,223.95,177.06
2016,1,31,17,0,309.0,31.0,9.9,9.0,57.0,153.61,105.11
2016,1,31,17,15,154.5,15.5,9.95,9.0,28.5,66.8,0.0
2016,1,31,17,30,0.0,0.0,10.0,9.0,0.0,0.0,0.0
2016,1,31,17,45,0.0,0.0,10.05,9.0,0.0,0.0,0.0
2016,1,31,18,0,0.0,0.0,10.1,9.0,0.0,0.0,0.0
2016,1,31,18,15,0.0,0.0,10.05,9.0,0.0,0.0,0.0
2016,1,31,18,30,0.0,0.0,10.0,9.0,0.0,0.0,0.0
2016,1,31,18,45,0.0,0.0,9.95,9.0,0.0,0.0,0.0
2016,1,31,19,0,0.0,0.0,9.9,9.0,0.0,0.0,0.0
2016,1,31,19,15,0.0,0.0,9.85,8.5,0.0,0.0,0.0
2016,1,31,19,30,0.0,0.0,9.8,8.0,0.0,0.0,0.0
2016,1,31,19,45,0.0,0.0,9.8,8.0,0.0,0.0,0.0
2016,1,31,20,0,0.0,0.0,9.8,8.0,0.0,0.0,0.0
2016,1,31,20,15,0.0,0.0,9.8,8.0,0.0,0.0,0.0
2016,1,31,20,30,0.0,0.0,9.8,8.0,0.0,0.0,0.0
2016,1,31,20,45,0.0,0.0,9.8,8.0,0.0,0.0,0.0
2016,1,31,21,0,0.0,0.0,9.8,8.0,0.0,0.0,0.0
2016,1,31,21,15,0.0,0.0,9.65,8.0,0.0,0.0,0.0
2016,1,31,21,30,0.0,0.0,9.5,8.0,0.0,0.0,0.0
2016,1,31,21,45,0.0,0.0,9.4,8.0,0.0,0.0,0.0
2016,1,31,22,0,0.0,0.0,9.3,8.0,0.0,0.0,0.0
2016,1,31,22,15,0.0,0.0,9.05,7.5,0.0,0.0,0.0
2016,1,31,22,30,0.0,0.0,8.8,7.0,0.0,0.0,0.0
2016,1,31,22,45,0.0,0.0,8.55,7.0,0.0,0.0,0.0
2016,1,31,23,0,0.0,0.0,8.3,7.0,0.0,0.0,0.0
2016,1,31,23,15,0.0,0.0,8.05,7.0,0.0,0.0,0.0
2016,1,31,23,30,0.0,0.0,7.8,7.0,0.0,0.0,0.0
2016,1,31,23,45,0.0,0.0,7.6,7.0,0.0,0.0,0.0
2016,2,1,0,0,0.0,0.0,7.4,7.0,0.0,0.0,0.0
2016,2,1,0,15,0.0,0.0,7.3,6.5,0.0,0.0,0.0
2016,2,1,0,30,0.0,0.0,7.2,6.0,0.0,0.0,0.0
2016,2,1,0,45,0.0,0.0,7.1,6.0,0.0,0.0,0.0
2016,2,1,1,0,0.0,0.0,7.0,6.0,0.0,0.0,0.0
2016,2,1,1,15,0.0,0.0,6.95,6.0,0.0,0.0,0.0
2016,2,1,1,30,0.0,0.0,6.9,6.0,0.0,0.0,0.0
2016,2,1,1,45,0.0,0.0,6.9,6.0,0.0,0.0,0.0
2016,2,1,2,0,0.0,0.0,6.9,6.0,0.0,0.0,0.0
2016,2,1,2,15,0.0,0.0,6.95,6.0,0.0,0.0,0.0
2016,2,1,2,30,0.0,0.0,7.0,6.0,0.0,0.0,0.0
2016,2,1,2,45,0.0,0.0,7.05,6.0,0.0,0.0,0.0
2016,2,1,3,0,0.0,0.0,7.1,6.0,0.0,0.0,0.0
2016,2,1,3,15,0.0,0.0,7.1,6.0,0.0,0.0,0.0
2016,2,1,3,30,0.0,0.0,7.1,6.0,0.0,0.0,0.0
2016,2,1,3,45,0.0,0.0,7.15,6.0,0.0,0.0,0.0
2016,2,1,4,0,0.0,0.0,7.2,6.0,0.0,0.0,0.0
2016,2,1,4,15,0.0,0.0,7.15,6.0,0.0,0.0,0.0
2016,2,1,4,30,0.0,0.0,7.1,6.0,0.0,0.0,0.0
2016,2,1,4,45,0.0,0.0,7.1,6.0,0.0,0.0,0.0
2016,2,1,5,0,0.0,0.0,7.1,6.0,0.0,0.0,0.0
2016,2,1,5,15,0.0,0.0,7.0,6.0,0.0,0.0,0.0
2016,2,1,5,30,0.0,0.0,6.9,6.0,0.0,0.0,0.0
2016,2,1,5,45,0.0,0.0,6.85,6.0,0.0,0.0,0.0
2016,2,1,6,0,0.0,0.0,6.8,6.0,0.0,0.0,0.0
2016,2,1,6,15,0.0,0.0,6.8,6.0,0.0,0.0,0.0
2016,2,1,6,30,0.0,0.0,6.8,6.0,0.0,0.0,0.0
2016,2,1,6,45,0.0,0.0,6.8,6.0,0.0,0.0,0.0
2016,2,1,7,0,0.0,0.0,6.8,6.0,0.0,0.0,0.0
2016,2,1,7,15,0.0,12.5,6.9,6.5,12.5,11.37,0.0
2016,2,1,7,30,0.0,25.0,7.0,7.0,25.0,22.74,0.0
2016,2,1,7,45,281.5,28.5,7.1,7.5,65.0,140.97,95.33
2016,2,1,8,0,563.0,32.0,7.2,8.0,105.0,266.58,210.3
2016,2,1,8,15,636.5,37.5,7.25,8.0,151.5,338.18,279.0
2016,2,1,8,30,710.0,43.0,7.3,8.0,198.0,416.67,352.08
2016,2,1,8,45,756.0,47.0,7.35,8.5,244.0,484.73,414.13
2016,2,1,9,0,802.0,51.0,7.4,9.0,290.0,555.67,476.53
2016,2,1,9,15,831.5,54.0,7.3,9.0,333.0,612.08,525.81
2016,2,1,9,30,861.0,57.0,7.2,9.0,376.0,673.34,576.24
2016,2,1,9,45,870.0,62.5,7.1,9.5,412.5,722.86,613.86
2016,2,1,10,0,879.0,68.0,7.0,10.0,449.0,770.32,649.04
2016,2,1,10,15,893.5,69.5,6.85,10.0,481.0,814.83,682.33
2016,2,1,10,30,908.0,71.0,6.7,10.0,513.0,857.2,713.48
2016,2,1,10,45,913.0,74.0,6.6,10.5,537.5,890.84,736.38
2016,2,1,11,0,918.0,77.0,6.5,11.0,562.0,921.31,756.63
2016,2,1,11,15,924.0,78.0,6.4,11.0,579.5,946.83,774.44
2016,2,1,11,30,930.0,79.0,6.3,11.0,597.0,968.93,789.67
2016,2,1,11,45,928.5,81.5,6.2,11.0,606.0,982.32,798.42
2016,2,1,12,0,927.0,84.0,6.1,11.0,615.0,991.88,804.48
2016,2,1,12,15,927.0,84.0,6.0,11.0,617.0,995.9,806.58
2016,2,1,12,30,927.0,84.0,5.9,11.0,619.0,996.08,806.02
2016,2,1,12,45,924.5,83.5,5.8,11.5,613.0,989.44,799.09
2016,2,1,13,0,922.0,83.0,5.7,12.0,607.0,979.02,789.61
2016,2,1,13,15,916.0,82.5,5.7,12.0,592.5,961.64,777.34
2016,2,1,13,30,910.0,82.0,5.7,12.0,578.0,940.74,762.6
2016,2,1,13,45,903.5,80.0,5.7,12.0,557.0,914.13,743.67
2016,2,1,14,0,897.0,78.0,5.7,12.0,536.0,884.31,722.35
2016,2,1,14,15,883.5,76.0,5.65,11.5,507.0,853.36,701.19
2016,2,1,14,30,870.0,74.0,5.6,11.0,478.0,811.69,671.61
2016,2,1,14,45,853.5,71.0,5.6,11.0,443.5,764.25,636.22
2016,2,1,15,0,837.0,68.0,5.6,11.0,409.0,715.1,599.02
2016,2,1,15,15,810.0,65.0,5.35,10.5,369.0,657.27,554.48
2016,2,1,15,30,783.0,62.0,5.1,10.0,329.0,599.26,507.46
2016,2,1,15,45,745.5,58.0,4.95,10.0,285.0,533.95,451.91
2016,2,1,16,0,708.0,54.0,4.8,10.0,241.0,470.24,396.12
2016,2,1,16,15,649.5,48.5,4.65,9.5,195.5,396.41,330.99
2016,2,1,16,30,591.0,43.0,4.5,9.0,150.0,327.28,267.93
2016,2,1,16,45,495.0,35.0,4.4,9.0,106.5,249.82,196.55
2016,2,1,17,0,399.0,27.0,4.3,9.0,63.0,179.82,125.26
2016,2,1,17,15,199.5,13.5,4.3,8.5,31.5,77.4,0.0
2016,2,1,17,30,0.0,0.0,4.3,8.0,0.0,0.0,0.0
2016,2,1,17,45,0.0,0.0,4.35,8.0,0.0,0.0,0.0
2016,2,1,18,0,0.0,0.0,4.4,8.0,0.0,0.0,0.0
2016,2,1,18,15,0.0,0.0,4.4,8.0,0.0,0.0,0.0
2016,2,1,18,30,0.0,0.0,4.4,8.0,0.0,0.0,0.0
2016,2,1,18,45,0.0,0.0,4.45,8.0,0.0,0.0,0.0
2016,2,1,19,0,0.0,0.0,4.5,8.0,0.0,0.0,0.0
2016,2,1,19,15,0.0,0.0,4.4,7.5,0.0,0.0,0.0
2016,2,1,19,30,0.0,0.0,4.3,7.0,0.0,0.0,0.0
2016,2,1,19,45,0.0,0.0,4.2,7.0,0.0,0.0,0.0
2016,2,1,20,0,0.0,0.0,4.1,7.0,0.0,0.0,0.0
2016,2,1,20,15,0.0,0.0,4.0,7.0,0.0,0.0,0.0
2016,2,1,20,30,0.0,0.0,3.9,7.0,0.0,0.0,0.0
2016,2,1,20,45,0.0,0.0,3.8,7.0,0.0,0.0,0.0
2016,2,1,21,0,0.0,0.0,3.7,7.0,0.0,0.0,0.0
2016,2,1,21,15,0.0,0.0,3.7,7.0,0.0,0.0,0.0
2016,2,1,21,30,0.0,0.0,3.7,7.0,0.0,0.0,0.0
2016,2,1,21,45,0.0,0.0,3.7,7.5,0.0,0.0,0.0
2016,2,1,22,0,0.0,0.0,3.7,8.0,0.0,0.0,0.0
2016,2,1,22,15,0.0,0.0,3.7,8.0,0.0,0.0,0.0
2016,2,1,22,30,0.0,0.0,3.7,8.0,0.0,0.0,0.0
2016,2,1,22,45,0.0,0.0,3.75,8.0,0.0,0.0,0.0
2016,2,1,23,0,0.0,0.0,3.8,8.0,0.0,0.0,0.0
2016,2,1,23,15,0.0,0.0,3.8,8.0,0.0,0.0,0.0
2016,2,1,23,30,0.0,0.0,3.8,8.0,0.0,0.0,0.0
2016,2,1,23,45,0.0,0.0,3.8,8.0,0.0,0.0,0.0
2016,2,2,0,0,0.0,0.0,3.8,8.0,0.0,0.0,0.0
2016,2,2,0,15,0.0,0.0,3.6,8.0,0.0,0.0,0.0
2016,2,2,0,30,0.0,0.0,3.4,8.0,0.0,0.0,0.0
2016,2,2,0,45,0.0,0.0,3.25,8.0,0.0,0.0,0.0
2016,2,2,1,0,0.0,0.0,3.1,8.0,0.0,0.0,0.0
2016,2,2,1,15,0.0,0.0,2.95,8.0,0.0,0.0,0.0
2016,2,2,1,30,0.0,0.0,2.8,8.0,0.0,0.0,0.0
2016,2,2,1,45,0.0,0.0,2.7,8.0,0.0,0.0,0.0
2016,2,2,2,0,0.0,0.0,2.6,8.0,0.0,0.0,0.0
2016,2,2,2,15,0.0,0.0,2.6,7.5,0.0,0.0,0.0
2016,2,2,2,30,0.0,0.0,2.6,7.0,0.0,0.0,0.0
2016,2,2,2,45,0.0,0.0,2.65,7.0,0.0,0.0,0.0
2016,2,2,3,0,0.0,0.0,2.7,7.0,0.0,0.0,0.0
2016,2,2,3,15,0.0,0.0,2.8,7.0,0.0,0.0,0.0
2016,2,2,3,30,0.0,0.0,2.9,7.0,0.0,0.0,0.0
2016,2,2,3,45,0.0,0.0,3.0,7.5,0.0,0.0,0.0
2016,2,2,4,0,0.0,0.0,3.1,8.0,0.0,0.0,0.0
2016,2,2,4,15,0.0,0.0,3.15,8.0,0.0,0.0,0.0
2016,2,2,4,30,0.0,0.0,3.2,8.0,0.0,0.0,0.0
2016,2,2,4,45,0.0,0.0,3.3,8.0,0.0,0.0,0.0
2016,2,2,5,0,0.0,0.0,3.4,8.0,0.0,0.0,0.0
2016,2,2,5,15,0.0,0.0,3.45,8.0,0.0,0.0,0.0
2016,2,2,5,30,0.0,0.0,3.5,8.0,0.0,0.0,0.0
2016,2,2,5,45,0.0,0.0,3.55,8.0,0.0,0.0,0.0
2016,2,2,6,0,0.0,0.0,3.6,8.0,0.0,0.0,0.0
2016,2,2,6,15,0.0,0.0,3.6,8.0,0.0,0.0,0.0
2016,2,2,6,30,0.0,0.0,3.6,8.0,0.0,0.0,0.0
2016,2,2,6,45,0.0,0.0,3.6,8.0,0.0,0.0,0.0
2016,2,2,7,0,0.0,0.0,3.6,8.0,0.0,0.0,0.0
2016,2,2,7,15,0.0,10.5,3.6,8.0,10.5,9.55,0.0
2016,2,2,7,30,0.0,21.0,3.6,8.0,21.0,20.8,0.0
2016,2,2,7,45,171.0,33.5,3.65,8.5,56.0,110.24,75.55
2016,2,2,8,0,342.0,46.0,3.7,9.0,91.0,199.55,156.82
2016,2,2,8,15,425.0,55.0,3.65,9.0,133.5,267.53,218.87
2016,2,2,8,30,508.0,64.0,3.6,9.0,176.0,343.77,287.05
2016,2,2,8,45,569.5,69.5,3.6,9.0,220.5,412.28,347.67
2016,2,2,9,0,631.0,75.0,3.6,9.0,265.0,485.56,410.57
2016,2,2,9,15,668.0,79.5,3.5,9.0,306.5,546.17,461.21
2016,2,2,9,30,705.0,84.0,3.4,9.0,348.0,608.25,511.49
2016,2,2,9,45,741.0,85.0,3.3,9.5,387.0,666.36,555.5
2016,2,2,10,0,777.0,86.0,3.2,10.0,426.0,721.01,594.74
2016,2,2,10,15,795.5,88.0,3.05,10.0,457.5,766.68,627.1
2016,2,2,10,30,814.0,90.0,2.9,10.0,489.0,810.69,657.61
2016,2,2,10,45,407.0,124.5,2.8,10.0,324.0,518.85,431.23
2016,2,2,11,0,0.0,159.0,2.7,10.0,159.0,148.26,119.74
2016,2,2,11,15,0.0,100.5,2.65,10.0,100.5,89.75,71.09
2016,2,2,11,30,0.0,42.0,2.6,10.0,42.0,37.1,26.26
2016,2,2,11,45,0.0,34.0,2.6,10.5,34.0,30.03,20.15
2016,2,2,12,0,0.0,26.0,2.6,11.0,26.0,22.95,14.04
2016,2,2,12,15,0.0,66.0,2.7,11.0,66.0,58.4,44.26
2016,2,2,12,30,0.0,106.0,2.8,11.0,106.0,94.85,75.03
2016,2,2,12,45,0.0,105.5,2.95,11.0,105.5,94.38,74.62
2016,2,2,13,0,0.0,105.0,3.1,11.0,105.0,93.93,74.28
2016,2,2,13,15,0.0,102.5,3.15,11.0,102.5,91.59,72.36
2016,2,2,13,30,0.0,100.0,3.2,11.0,100.0,89.26,70.47
2016,2,2,13,45,441.0,88.5,3.25,11.5,315.5,525.51,439.55
2016,2,2,14,0,882.0,77.0,3.3,12.0,531.0,871.47,700.73
2016,2,2,14,15,869.0,75.5,3.3,12.0,503.0,841.97,677.27
2016,2,2,14,30,856.0,74.0,3.3,12.0,475.0,801.75,648.93
2016,2,2,14,45,837.5,71.5,3.3,12.0,440.5,753.82,614.55
2016,2,2,15,0,819.0,69.0,3.3,12.0,406.0,704.38,578.51
2016,2,2,15,15,792.5,66.0,3.2,11.5,366.5,647.56,536.7
2016,2,2,15,30,766.0,63.0,3.1,11.0,327.0,590.56,492.28
2016,2,2,15,45,722.5,60.0,3.05,11.0,283.0,523.49,437.04
2016,2,2,16,0,679.0,57.0,3.0,11.0,239.0,458.56,381.83
2016,2,2,16,15,620.0,51.5,2.95,10.5,194.0,388.9,321.56
2016,2,2,16,30,561.0,46.0,2.9,10.0,149.0,321.31,261.14
2016,2,2,16,45,461.0,37.5,2.85,9.5,106.0,239.93,188.35
2016,2,2,17,0,361.0,29.0,2.8,9.0,63.0,169.65,120.1
2016,2,2,17,15,180.5,14.5,2.85,8.5,31.5,74.1,0.0
2016,2,2,17,30,0.0,0.0,2.9,8.0,0.0,0.0,0.0
2016,2,2,17,45,0.0,0.0,3.0,8.0,0.0,0.0,0.0
2016,2,2,18,0,0.0,0.0,3.1,8.0,0.0,0.0,0.0
2016,2,2,18,15,0.0,0.0,3.1,8.0,0.0,0.0,0.0
2016,2,2,18,30,0.0,0.0,3.1,8.0,0.0,0.0,0.0
2016,2,2,18,45,0.0,0.0,3.1,8.0,0.0,0.0,0.0
2016,2,2,19,0,0.0,0.0,3.1,8.0,0.0,0.0,0.0
2016,2,2,19,15,0.0,0.0,3.05,7.5,0.0,0.0,0.0
2016,2,2,19,30,0.0,0.0,3.0,7.0,0.0,0.0,0.0
2016,2,2,19,45,0.0,0.0,2.95,7.0,0.0,0.0,0.0
2016,2,2,20,0,0.0,0.0,2.9,7.0,0.0,0.0,0.0
2016,2,2,20,15,0.0,0.0,2.85,6.5,0.0,0.0,0.0
2016,2,2,20,30,0.0,0.0,2.8,6.0,0.0,0.0,0.0
2016,2,2,20,45,0.0,0.0,2.8,6.0,0.0,0.0,0.0
2016,2,2,21,0,0.0,0.0,2.8,6.0,0.0,0.0,0.0
2016,2,2,21,15,0.0,0.0,2.8,6.0,0.0,0.0,0.0
2016,2,2,21,30,0.0,0.0,2.8,6.0,0.0,0.0,0.0
2016,2,2,21,45,0.0,0.0,2.85,6.0,0.0,0.0,0.0
2016,2,2,22,0,0.0,0.0,2.9,6.0,0.0,0.0,0.0
2016,2,2,22,15,0.0,0.0,2.9,6.0,0.0,0.0,0.0
2016,2,2,22,30,0.0,0.0,2.9,6.0,0.0,0.0,0.0
2016,2,2,22,45,0.0,0.0,2.95,6.0,0.0,0.0,0.0
2016,2,2,23,0,0.0,0.0,3.0,6.0,0.0,0.0,0.0
2016,2,2,23,15,0.0,0.0,3.05,6.0,0.0,0.0,0.0
2016,2,2,23,30,0.0,0.0,3.1,6.0,0.0,0.0,0.0
2016,2,2,23,45,0.0,0.0,3.15,6.0,0.0,0.0,0.0
2016,2,3,0,0,0.0,0.0,3.2,6.0,0.0,0.0,0.0
2016,2,3,0,15,0.0,0.0,3.25,6.0,0.0,0.0,0.0
2016,2,3,0,30,0.0,0.0,3.3,6.0,0.0,0.0,0.0
2016,2,3,0,45,0.0,0.0,3.35,6.0,0.0,0.0,0.0
2016,2,3,1,0,0.0,0.0,3.4,6.0,0.0,0.0,0.0
2016,2,3,1,15,0.0,0.0,3.4,6.0,0.0,0.0,0.0
2016,2,3,1,30,0.0,0.0,3.4,6.0,0.0,0.0,0.0
2016,2,3,1,45,0.0,0.0,3.45,6.0,0.0,0.0,0.0
2016,2,3,2,0,0.0,0.0,3.5,6.0,0.0,0.0,0.0
2016,2,3,2,15,0.0,0.0,3.45,6.0,0.0,0.0,0.0
2016,2,3,2,30,0.0,0.0,3.4,6.0,0.0,0.0,0.0
2016,2,3,2,45,0.0,0.0,3.4,6.0,0.0,0.0,0.0
2016,2,3,3,0,0.0,0.0,3.4,6.0,0.0,0.0,0.0
2016,2,3,3,15,0.0,0.0,3.35,5.5,0.0,0.0,0.0
2016,2,3,3,30,0.0,0.0,3.3,5.0,0.0,0.0,0.0
2016,2,3,3,45,0.0,0.0,3.3,5.0,0.0,0.0,0.0
2016,2,3,4,0,0.0,0.0,3.3,5.0,0.0,0.0,0.0
2016,2,3,4,15,0.0,0.0,3.25,5.0,0.0,0.0,0.0
2016,2,3,4,30,0.0,0.0,3.2,5.0,0.0,0.0,0.0
2016,2,3,4,45,0.0,0.0,3.2,5.0,0.0,0.0,0.0
2016,2,3,5,0,0.0,0.0,3.2,5.0,0.0,0.0,0.0
2016,2,3,5,15,0.0,0.0,3.15,5.0,0.0,0.0,0.0
2016,2,3,5,30,0.0,0.0,3.1,5.0,0.0,0.0,0.0
2016,2,3,5,45,0.0,0.0,3.05,5.0,0.0,0.0,0.0
2016,2,3,6,0,0.0,0.0,3.0,5.0,0.0,0.0,0.0
2016,2,3,6,15,0.0,0.0,2.9,5.0,0.0,0.0,0.0
2016,2,3,6,30,0.0,0.0,2.8,5.0,0.0,0.0,0.0
2016,2,3,6,45,0.0,0.0,2.75,5.5,0.0,0.0,0.0
2016,2,3,7,0,0.0,0.0,2.7,6.0,0.0,0.0,0.0
2016,2,3,7,15,0.0,12.5,2.8,6.0,12.5,11.37,0.0
2016,2,3,7,30,0.0,25.0,2.9,6.0,25.0,25.98,0.0
2016,2,3,7,45,214.0,32.5,3.05,6.5,62.0,122.37,86.01
2016,2,3,8,0,428.0,40.0,3.2,7.0,99.0,226.94,179.72
2016,2,3,8,15,504.5,48.0,3.2,7.0,142.5,295.29,243.04
2016,2,3,8,30,581.0,56.0,3.2,7.0,186.0,371.31,311.69
2016,2,3,8,45,628.5,61.5,3.25,7.5,230.0,435.63,368.56
2016,2,3,9,0,676.0,67.0,3.3,8.0,274.0,503.34,426.28
2016,2,3,9,15,710.0,71.5,3.3,8.5,315.5,564.02,476.26
2016,2,3,9,30,744.0,76.0,3.3,9.0,357.0,622.49,522.93
2016,2,3,9,45,483.5,132.0,3.3,9.5,322.0,526.8,442.09
2016,2,3,10,0,223.0,188.0,3.3,10.0,287.0,383.18,320.84
2016,2,3,10,15,519.0,139.0,3.2,10.0,389.5,601.37,501.56
2016,2,3,10,30,815.0,90.0,3.1,10.0,492.0,812.44,661.35
2016,2,3,10,45,824.0,92.5,3.05,10.5,516.5,846.96,682.48
2016,2,3,11,0,833.0,95.0,3.0,11.0,541.0,878.76,702.82
2016,2,3,11,15,770.0,112.5,3.0,11.0,535.0,865.16,691.83
2016,2,3,11,30,707.0,130.0,3.0,11.0,529.0,841.38,673.96
2016,2,3,11,45,387.0,193.5,3.0,11.5,413.0,615.55,500.25
2016,2,3,12,0,67.0,257.0,3.0,12.0,297.0,335.84,272.58
2016,2,3,12,15,34.0,215.5,3.0,12.0,236.0,254.7,207.24
2016,2,3,12,30,1.0,174.0,3.0,12.0,175.0,163.33,131.37
2016,2,3,12,45,123.0,217.5,3.05,12.0,289.0,359.15,295.47
2016,2,3,13,0,245.0,261.0,3.1,12.0,403.0,526.21,429.38
2016,2,3,13,15,183.5,257.5,3.1,12.0,362.5,462.03,376.91
2016,2,3,13,30,122.0,254.0,3.1,12.0,322.0,399.0,325.84
2016,2,3,13,45,193.0,240.0,3.15,12.0,342.5,443.39,364.06
2016,2,3,14,0,264.0,226.0,3.2,12.0,363.0,500.42,411.05
2016,2,3,14,15,299.5,207.5,3.15,12.0,355.5,500.59,412.38
2016,2,3,14,30,335.0,189.0,3.1,12.0,348.0,497.65,411.45
2016,2,3,14,45,407.0,161.5,3.1,12.0,340.5,523.72,433.91
2016,2,3,15,0,479.0,134.0,3.1,12.0,333.0,528.38,439.26
2016,2,3,15,15,446.0,128.0,3.05,11.5,299.5,477.49,398.89
2016,2,3,15,30,413.0,122.0,3.0,11.0,266.0,428.09,359.05
2016,2,3,15,45,386.0,109.0,3.0,11.0,229.5,376.22,315.85
2016,2,3,16,0,359.0,96.0,3.0,11.0,193.0,326.1,272.97
2016,2,3,16,15,322.5,81.0,2.95,10.5,156.5,270.97,225.2
2016,2,3,16,30,286.0,66.0,2.9,10.0,120.0,219.24,179.11
2016,2,3,16,45,226.5,50.5,2.9,10.0,85.5,161.74,127.38
2016,2,3,17,0,167.0,35.0,2.9,10.0,51.0,111.1,79.43
2016,2,3,17,15,83.5,17.5,2.9,10.0,25.5,50.06,0.0
2016,2,3,17,30,0.0,0.0,2.9,10.0,0.0,0.0,0.0
2016,2,3,17,45,0.0,0.0,2.9,10.0,0.0,0.0,0.0
2016,2,3,18,0,0.0,0.0,2.9,10.0,0.0,0.0,0.0
2016,2,3,18,15,0.0,0.0,2.85,10.0,0.0,0.0,0.0
2016,2,3,18,30,0.0,0.0,2.8,10.0,0.0,0.0,0.0
2016,2,3,18,45,0.0,0.0,2.8,10.0,0.0,0.0,0.0
2016,2,3,19,0,0.0,0.0,2.8,10.0,0.0,0.0,0.0
2016,2,3,19,15,0.0,0.0,2.65,10.0,0.0,0.0,0.0
2016,2,3,19,30,0.0,0.0,2.5,10.0,0.0,0.0,0.0
2016,2,3,19,45,0.0,0.0,2.45,10.0,0.0,0.0,0.0
2016,2,3,20,0,0.0,0.0,2.4,10.0,0.0,0.0,0.0
2016,2,3,20,15,0.0,0.0,2.4,10.0,0.0,0.0,0.0
2016,2,3,20,30,0.0,0.0,2.4,10.0,0.0,0.0,0.0
2016,2,3,20,45,0.0,0.0,2.45,10.0,0.0,0.0,0.0
2016,2,3,21,0,0.0,0.0,2.5,10.0,0.0,0.0,0.0
2016,2,3,21,15,0.0,0.0,2.5,10.0,0.0,0.0,0.0
2016,2,3,21,30,0.0,0.0,2.5,10.0,0.0,0.0,0.0
2016,2,3,21,45,0.0,0.0,2.5,10.0,0.0,0.0,0.0
2016,2,3,22,0,0.0,0.0,2.5,10.0,0.0,0.0,0.0
2016,2,3,22,15,0.0,0.0,2.4,10.0,0.0,0.0,0.0
2016,2,3,22,30,0.0,0.0,2.3,10.0,0.0,0.0,0.0
2016,2,3,22,45,0.0,0.0,2.2,10.0,0.0,0.0,0.0
2016,2,3,23,0,0.0,0.0,2.1,10.0,0.0,0.0,0.0
2016,2,3,23,15,0.0,0.0,2.0,10.0,0.0,0.0,0.0
2016,2,3,23,30,0.0,0.0,1.9,10.0,0.0,0.0,0.0
2016,2,3,23,45,0.0,0.0,1.85,10.0,0.0,0.0,0.0
2016,2,4,0,0,0.0,0.0,1.8,10.0,0.0,0.0,0.0
2016,2,4,0,15,0.0,0.0,1.8,10.0,0.0,0.0,0.0
2016,2,4,0,30,0.0,0.0,1.8,10.0,0.0,0.0,0.0
2016,2,4,0,45,0.0,0.0,1.8,10.0,0.0,0.0,0.0
2016,2,4,1,0,0.0,0.0,1.8,10.0,0.0,0.0,0.0
2016,2,4,1,15,0.0,0.0,1.85,9.5,0.0,0.0,0.0
2016,2,4,1,30,0.0,0.0,1.9,9.0,0.0,0.0,0.0
2016,2,4,1,45,0.0,0.0,2.0,9.0,0.0,0.0,0.0
2016,2,4,2,0,0.0,0.0,2.1,9.0,0.0,0.0,0.0
2016,2,4,2,15,0.0,0.0,2.15,9.0,0.0,0.0,0.0
2016,2,4,2,30,0.0,0.0,2.2,9.0,0.0,0.0,0.0
2016,2,4,2,45,0.0,0.0,2.25,9.0,0.0,0.0,0.0
2016,2,4,3,0,0.0,0.0,2.3,9.0,0.0,0.0,0.0
2016,2,4,3,15,0.0,0.0,2.35,8.5,0.0,0.0,0.0
2016,2,4,3,30,0.0,0.0,2.4,8.0,0.0,0.0,0.0
2016,2,4,3,45,0.0,0.0,2.45,8.0,0.0,0.0,0.0
2016,2,4,4,0,0.0,0.0,2.5,8.0,0.0,0.0,0.0
2016,2,4,4,15,0.0,0.0,2.55,7.5,0.0,0.0,0.0
2016,2,4,4,30,0.0,0.0,2.6,7.0,0.0,0.0,0.0
2016,2,4,4,45,0.0,0.0,2.7,7.0,0.0,0.0,0.0
2016,2,4,5,0,0.0,0.0,2.8,7.0,0.0,0.0,0.0
2016,2,4,5,15,0.0,0.0,2.85,7.0,0.0,0.0,0.0
2016,2,4,5,30,0.0,0.0,2.9,7.0,0.0,0.0,0.0
2016,2,4,5,45,0.0,0.0,3.0,7.0,0.0,0.0,0.0
2016,2,4,6,0,0.0,0.0,3.1,7.0,0.0,0.0,0.0
2016,2,4,6,15,0.0,0.0,3.2,7.0,0.0,0.0,0.0
2016,2,4,6,30,0.0,0.0,3.3,7.0,0.0,0.0,0.0
2016,2,4,6,45,0.0,0.0,3.4,7.0,0.0,0.0,0.0
2016,2,4,7,0,0.0,0.0,3.5,7.0,0.0,0.0,0.0
2016,2,4,7,15,0.0,13.5,3.6,7.0,13.5,12.28,0.0
2016,2,4,7,30,0.0,27.0,3.7,7.0,27.0,28.48,0.0
2016,2,4,7,45,225.0,33.5,3.8,7.5,65.0,126.82,90.22
2016,2,4,8,0,450.0,40.0,3.9,8.0,103.0,235.4,186.32
2016,2,4,8,15,525.0,47.5,3.85,8.0,147.0,303.83,249.74
2016,2,4,8,30,600.0,55.0,3.8,8.0,191.0,379.74,318.28
2016,2,4,8,45,646.5,60.5,3.75,8.5,235.0,444.55,375.41
2016,2,4,9,0,693.0,66.0,3.7,9.0,279.0,512.64,433.17
2016,2,4,9,15,725.5,70.0,3.7,9.0,321.0,569.53,481.0
2016,2,4,9,30,758.0,74.0,3.7,9.0,363.0,630.51,530.6
2016,2,4,9,45,778.0,77.5,3.7,9.5,399.5,682.19,568.91
2016,2,4,10,0,798.0,81.0,3.7,10.0,436.0,732.94,605.61
2016,2,4,10,15,814.5,83.5,3.65,10.0,467.5,778.39,638.51
2016,2,4,10,30,831.0,86.0,3.6,10.0,499.0,822.02,669.6
2016,2,4,10,45,842.5,87.5,3.6,10.5,524.0,857.98,693.65
2016,2,4,11,0,854.0,89.0,3.6,11.0,549.0,891.29,715.56
2016,2,4,11,15,861.5,90.0,3.5,11.0,567.0,917.45,732.84
2016,2,4,11,30,869.0,91.0,3.4,11.0,585.0,940.4,747.77
2016,2,4,11,45,873.0,91.5,3.35,11.5,595.5,956.05,756.49
2016,2,4,12,0,877.0,92.0,3.3,12.0,606.0,968.14,762.79
2016,2,4,12,15,774.5,121.0,3.15,12.0,576.0,914.96,723.5
2016,2,4,12,30,672.0,150.0,3.0,12.0,546.0,851.79,677.42
2016,2,4,12,45,775.0,120.5,2.9,12.5,573.0,911.94,719.34
2016,2,4,13,0,878.0,91.0,2.8,13.0,600.0,961.46,751.89
2016,2,4,13,15,739.5,126.0,2.65,13.0,548.0,869.31,685.43
2016,2,4,13,30,601.0,161.0,2.5,13.0,496.0,769.64,613.7
2016,2,4,13,45,571.0,163.5,2.45,13.0,473.0,725.6,582.52
2016,2,4,14,0,541.0,166.0,2.4,13.0,450.0,687.88,554.58
2016,2,4,14,15,495.0,167.0,2.3,13.0,416.5,634.21,513.76
2016,2,4,14,30,449.0,168.0,2.2,13.0,383.0,581.24,473.08
2016,2,4,14,45,486.5,147.0,2.15,13.0,365.0,569.31,465.53
2016,2,4,15,0,524.0,126.0,2.1,13.0,347.0,552.74,453.77
2016,2,4,15,15,496.0,120.5,2.05,12.5,313.5,504.04,416.14
2016,2,4,15,30,468.0,115.0,2.0,12.0,280.0,456.27,378.47
2016,2,4,15,45,449.0,101.5,2.0,12.0,243.5,405.94,337.43
2016,2,4,16,0,430.0,88.0,2.0,12.0,207.0,356.39,295.74
2016,2,4,16,15,483.5,69.0,2.0,11.5,180.0,341.19,281.08
2016,2,4,16,30,537.0,50.0,2.0,11.0,153.0,316.25,256.02
2016,2,4,16,45,446.5,41.0,2.05,11.0,110.5,238.92,187.1
2016,2,4,17,0,356.0,32.0,2.1,11.0,68.0,171.52,123.68
2016,2,4,17,15,178.0,16.0,2.2,10.5,34.0,76.49,8.64
2016,2,4,17,30,0.0,0.0,2.3,10.0,0.0,0.0,0.0
2016,2,4,17,45,0.0,0.0,2.4,10.0,0.0,0.0,0.0
2016,2,4,18,0,0.0,0.0,2.5,10.0,0.0,0.0,0.0
2016,2,4,18,15,0.0,0.0,2.65,9.5,0.0,0.0,0.0
2016,2,4,18,30,0.0,0.0,2.8,9.0,0.0,0.0,0.0
2016,2,4,18,45,0.0,0.0,2.95,9.0,0.0,0.0,0.0
2016,2,4,19,0,0.0,0.0,3.1,9.0,0.0,0.0,0.0
2016,2,4,19,15,0.0,0.0,3.2,9.0,0.0,0.0,0.0
2016,2,4,19,30,0.0,0.0,3.3,9.0,0.0,0.0,0.0
2016,2,4,19,45,0.0,0.0,3.4,9.0,0.0,0.0,0.0
2016,2,4,20,0,0.0,0.0,3.5,9.0,0.0,0.0,0.0
2016,2,4,20,15,0.0,0.0,3.5,9.0,0.0,0.0,0.0
2016,2,4,20,30,0.0,0.0,3.5,9.0,0.0,0.0,0.0
2016,2,4,20,45,0.0,0.0,3.55,9.0,0.0,0.0,0.0
2016,2,4,21,0,0.0,0.0,3.6,9.0,0.0,0.0,0.0
2016,2,4,21,15,0.0,0.0,3.55,8.5,0.0,0.0,0.0
2016,2,4,21,30,0.0,0.0,3.5,8.0,0.0,0.0,0.0
2016,2,4,21,45,0.0,0.0,3.5,8.0,0.0,0.0,0.0
2016,2,4,22,0,0.0,0.0,3.5,8.0,0.0,0.0,0.0
2016,2,4,22,15,0.0,0.0,3.4,8.0,0.0,0.0,0.0
2016,2,4,22,30,0.0,0.0,3.3,8.0,0.0,0.0,0.0
2016,2,4,22,45,0.0,0.0,3.25,8.0,0.0,0.0,0.0
2016,2,4,23,0,0.0,0.0,3.2,8.0,0.0,0.0,0.0
2016,2,4,23,15,0.0,0.0,3.15,8.0,0.0,0.0,0.0
2016,2,4,23,30,0.0,0.0,3.1,8.0,0.0,0.0,0.0
2016,2,4,23,45,0.0,0.0,3.05,8.0,0.0,0.0,0.0
2016,2,5,0,0,0.0,0.0,3.0,8.0,0.0,0.0,0.0
2016,2,5,0,15,0.0,0.0,2.95,7.5,0.0,0.0,0.0
2016,2,5,0,30,0.0,0.0,2.9,7.0,0.0,0.0,0.0
2016,2,5,0,45,0.0,0.0,2.9,7.0,0.0,0.0,0.0
2016,2,5,1,0,0.0,0.0,2.9,7.0,0.0,0.0,0.0
2016,2,5,1,15,0.0,0.0,2.9,7.0,0.0,0.0,0.0
2016,2,5,1,30,0.0,0.0,2.9,7.0,0.0,0.0,0.0
2016,2,5,1,45,0.0,0.0,2.9,7.0,0.0,0.0,0.0
2016,2,5,2,0,0.0,0.0,2.9,7.0,0.0,0.0,0.0
2016,2,5,2,15,0.0,0.0,2.95,7.0,0.0,0.0,0.0
2016,2,5,2,30,0.0,0.0,3.0,7.0,0.0,0.0,0.0
2016,2,5,2,45,0.0,0.0,3.05,7.0,0.0,0.0,0.0
2016,2,5,3,0,0.0,0.0,3.1,7.0,0.0,0.0,0.0
2016,2,5,3,15,0.0,0.0,3.1,6.5,0.0,0.0,0.0
2016,2,5,3,30,0.0,0.0,3.1,6.0,0.0,0.0,0.0
2016,2,5,3,45,0.0,0.0,3.15,6.0,0.0,0.0,0.0
2016,2,5,4,0,0.0,0.0,3.2,6.0,0.0,0.0,0.0
2016,2,5,4,15,0.0,0.0,3.2,6.0,0.0,0.0,0.0
2016,2,5,4,30,0.0,0.0,3.2,6.0,0.0,0.0,0.0
2016,2,5,4,45,0.0,0.0,3.2,6.0,0.0,0.0,0.0
2016,2,5,5,0,0.0,0.0,3.2,6.0,0.0,0.0,0.0
2016,2,5,5,15,0.0,0.0,3.2,6.0,0.0,0.0,0.0
2016,2,5,5,30,0.0,0.0,3.2,6.0,0.0,0.0,0.0
2016,2,5,5,45,0.0,0.0,3.2,6.0,0.0,0.0,0.0
2016,2,5,6,0,0.0,0.0,3.2,6.0,0.0,0.0,0.0
2016,2,5,6,15,0.0,0.0,3.15,6.0,0.0,0.0,0.0
2016,2,5,6,30,0.0,0.0,3.1,6.0,0.0,0.0,0.0
2016,2,5,6,45,0.0,0.0,3.1,6.0,0.0,0.0,0.0
2016,2,5,7,0,0.0,0.0,3.1,6.0,0.0,0.0,0.0
2016,2,5,7,15,96.0,9.5,3.15,6.5,14.5,28.56,0.0
2016,2,5,7,30,192.0,19.0,3.2,7.0,29.0,80.91,0.0
2016,2,5,7,45,318.0,31.0,3.3,7.5,67.5,155.02,111.62
2016,2,5,8,0,444.0,43.0,3.4,8.0,106.0,236.26,187.24
2016,2,5,8,15,520.5,51.0,3.35,8.5,151.5,305.85,250.88
2016,2,5,8,30,597.0,59.0,3.3,9.0,197.0,383.04,319.42
2016,2,5,8,45,644.5,65.0,3.3,9.5,242.0,449.06,377.01
2016,2,5,9,0,692.0,71.0,3.3,10.0,287.0,518.45,435.29
2016,2,5,9,15,726.0,75.0,3.25,10.5,329.5,579.57,484.84
2016,2,5,9,30,760.0,79.0,3.2,11.0,372.0,638.22,530.86
2016,2,5,9,45,789.5,81.0,3.15,11.5,411.0,695.44,572.66
2016,2,5,10,0,819.0,83.0,3.1,12.0,450.0,752.35,612.94
2016,2,5,10,15,835.5,85.0,2.85,12.0,482.5,798.07,643.94
2016,2,5,10,30,852.0,87.0,2.6,12.0,515.0,841.86,672.72
2016,2,5,10,45,862.5,89.0,2.4,12.5,540.0,878.24,694.49
2016,2,5,11,0,873.0,91.0,2.2,13.0,565.0,911.83,713.7
2016,2,5,11,15,879.5,92.5,2.0,13.0,583.0,938.16,728.65
2016,2,5,11,30,886.0,94.0,1.8,13.0,601.0,961.16,740.98
2016,2,5,11,45,752.0,131.0,1.6,13.5,566.5,896.42,691.82
2016,2,5,12,0,618.0,168.0,1.4,14.0,532.0,817.9,634.06
2016,2,5,12,15,669.5,152.0,1.2,14.0,548.0,852.44,656.16
2016,2,5,12,30,721.0,136.0,1.0,14.0,564.0,883.33,673.65
2016,2,5,12,45,799.0,117.5,0.8,14.5,587.5,926.32,697.19
2016,2,5,13,0,877.0,99.0,0.6,15.0,611.0,971.75,720.95
2016,2,5,13,15,732.5,132.5,0.8,15.0,554.0,871.67,658.98
2016,2,5,13,30,588.0,166.0,1.0,15.0,497.0,764.0,590.46
2016,2,5,13,45,558.5,169.0,1.25,15.0,474.0,721.61,565.28
2016,2,5,14,0,529.0,172.0,1.5,15.0,451.0,685.08,541.73
2016,2,5,14,15,684.0,127.5,1.6,15.0,469.0,756.41,596.56
2016,2,5,14,30,839.0,83.0,1.7,15.0,487.0,802.93,631.1
2016,2,5,14,45,825.5,79.5,1.85,15.0,453.5,758.03,600.97
2016,2,5,15,0,812.0,76.0,2.0,15.0,420.0,711.27,569.61
2016,2,5,15,15,787.0,73.0,1.9,14.5,380.5,655.45,529.94
2016,2,5,15,30,762.0,70.0,1.8,14.0,341.0,599.3,487.62
2016,2,5,15,45,721.5,66.5,1.75,14.0,297.0,533.16,435.11
2016,2,5,16,0,681.0,63.0,1.7,14.0,253.0,472.21,384.91
2016,2,5,16,15,624.0,57.0,1.7,13.5,207.5,399.4,324.41
2016,2,5,16,30,567.0,51.0,1.7,13.0,162.0,331.34,265.56
2016,2,5,16,45,464.0,42.5,1.7,12.5,117.0,247.76,193.0
2016,2,5,17,0,361.0,34.0,1.7,12.0,72.0,175.39,127.13
2016,2,5,17,15,180.5,17.0,1.75,11.5,36.0,79.03,19.47
2016,2,5,17,30,0.0,0.0,1.8,11.0,0.0,0.0,0.0
2016,2,5,17,45,0.0,0.0,1.9,11.0,0.0,0.0,0.0
2016,2,5,18,0,0.0,0.0,2.0,11.0,0.0,0.0,0.0
2016,2,5,18,15,0.0,0.0,2.25,10.5,0.0,0.0,0.0
2016,2,5,18,30,0.0,0.0,2.5,10.0,0.0,0.0,0.0
2016,2,5,18,45,0.0,0.0,2.75,10.0,0.0,0.0,0.0
2016,2,5,19,0,0.0,0.0,3.0,10.0,0.0,0.0,0.0
2016,2,5,19,15,0.0,0.0,3.05,10.0,0.0,0.0,0.0
2016,2,5,19,30,0.0,0.0,3.1,10.0,0.0,0.0,0.0
2016,2,5,19,45,0.0,0.0,3.15,10.0,0.0,0.0,0.0
2016,2,5,20,0,0.0,0.0,3.2,10.0,0.0,0.0,0.0
2016,2,5,20,15,0.0,0.0,3.25,9.5,0.0,0.0,0.0
2016,2,5,20,30,0.0,0.0,3.3,9.0,0.0,0.0,0.0
2016,2,5,20,45,0.0,0.0,3.35,9.0,0.0,0.0,0.0
2016,2,5,21,0,0.0,0.0,3.4,9.0,0.0,0.0,0.0
2016,2,5,21,15,0.0,0.0,3.45,9.0,0.0,0.0,0.0
2016,2,5,21,30,0.0,0.0,3.5,9.0,0.0,0.0,0.0
2016,2,5,21,45,0.0,0.0,3.55,9.0,0.0,0.0,0.0
2016,2,5,22,0,0.0,0.0,3.6,9.0,0.0,0.0,0.0
2016,2,5,22,15,0.0,0.0,3.6,8.5,0.0,0.0,0.0
2016,2,5,22,30,0.0,0.0,3.6,8.0,0.0,0.0,0.0
2016,2,5,22,45,0.0,0.0,3.6,8.0,0.0,0.0,0.0
2016,2,5,23,0,0.0,0.0,3.6,8.0,0.0,0.0,0.0
2016,2,5,23,15,0.0,0.0,3.4,8.0,0.0,0.0,0.0
2016,2,5,23,30,0.0,0.0,3.2,8.0,0.0,0.0,0.0
2016,2,5,23,45,0.0,0.0,3.05,8.0,0.0,0.0,0.0
2016,2,6,0,0,0.0,0.0,2.9,8.0,0.0,0.0,0.0
2016,2,6,0,15,0.0,0.0,2.8,8.0,0.0,0.0,0.0
2016,2,6,0,30,0.0,0.0,2.7,8.0,0.0,0.0,0.0
2016,2,6,0,45,0.0,0.0,2.6,8.0,0.0,0.0,0.0
2016,2,6,1,0,0.0,0.0,2.5,8.0,0.0,0.0,0.0
2016,2,6,1,15,0.0,0.0,2.5,8.0,0.0,0.0,0.0
2016,2,6,1,30,0.0,0.0,2.5,8.0,0.0,0.0,0.0
2016,2,6,1,45,0.0,0.0,2.5,8.0,0.0,0.0,0.0
2016,2,6,2,0,0.0,0.0,2.5,8.0,0.0,0.0,0.0
2016,2,6,2,15,0.0,0.0,2.55,7.5,0.0,0.0,0.0
2016,2,6,2,30,0.0,0.0,2.6,7.0,0.0,0.0,0.0
2016,2,6,2,45,0.0,0.0,2.65,7.0,0.0,0.0,0.0
2016,2,6,3,0,0.0,0.0,2.7,7.0,0.0,0.0,0.0
2016,2,6,3,15,0.0,0.0,2.7,7.0,0.0,0.0,0.0
2016,2,6,3,30,0.0,0.0,2.7,7.0,0.0,0.0,0.0
2016,2,6,3,45,0.0,0.0,2.75,7.0,0.0,0.0,0.0
2016,2,6,4,0,0.0,0.0,2.8,7.0,0.0,0.0,0.0
2016,2,6,4,15,0.0,0.0,2.85,7.0,0.0,0.0,0.0
2016,2,6,4,30,0.0,0.0,2.9,7.0,0.0,0.0,0.0
2016,2,6,4,45,0.0,0.0,2.95,7.0,0.0,0.0,0.0
2016,2,6,5,0,0.0,0.0,3.0,7.0,0.0,0.0,0.0
2016,2,6,5,15,0.0,0.0,3.05,6.5,0.0,0.0,0.0
2016,2,6,5,30,0.0,0.0,3.1,6.0,0.0,0.0,0.0
2016,2,6,5,45,0.0,0.0,3.15,6.0,0.0,0.0,0.0
2016,2,6,6,0,0.0,0.0,3.2,6.0,0.0,0.0,0.0
2016,2,6,6,15,0.0,0.0,3.25,6.0,0.0,0.0,0.0
2016,2,6,6,30,0.0,0.0,3.3,6.0,0.0,0.0,0.0
2016,2,6,6,45,0.0,0.0,3.35,6.5,0.0,0.0,0.0
2016,2,6,7,0,0.0,0.0,3.4,7.0,0.0,0.0,0.0
2016,2,6,7,15,113.5,9.5,3.55,7.5,15.5,32.18,0.0
2016,2,6,7,30,227.0,19.0,3.7,8.0,31.0,90.81,5.83
2016,2,6,7,45,345.5,30.0,3.85,8.5,70.0,162.94,118.12
2016,2,6,8,0,464.0,41.0,4.0,9.0,109.0,241.98,191.58
2016,2,6,8,15,536.5,48.5,3.9,9.0,153.5,310.29,254.62
2016,2,6,8,30,609.0,56.0,3.8,9.0,198.0,385.82,322.45
2016,2,6,8,45,660.0,60.0,3.7,9.5,243.5,451.97,380.26
2016,2,6,9,0,711.0,64.0,3.6,10.0,289.0,519.02,436.79
2016,2,6,9,15,742.0,67.5,3.5,10.5,330.5,578.54,485.15
2016,2,6,9,30,773.0,71.0,3.4,11.0,372.0,638.75,532.08
2016,2,6,9,45,797.0,73.5,3.35,11.5,409.5,692.91,571.41
2016,2,6,10,0,821.0,76.0,3.3,12.0,447.0,746.39,609.28
2016,2,6,10,15,836.0,78.0,3.1,12.5,478.5,790.93,638.81
2016,2,6,10,30,851.0,80.0,2.9,13.0,510.0,833.47,666.12
2016,2,6,10,45,863.5,80.5,2.75,13.5,535.5,869.68,688.53
2016,2,6,11,0,876.0,81.0,2.6,14.0,561.0,894.55,702.46
2016,2,6,11,15,882.0,82.0,2.5,14.0,578.5,919.52,718.1
2016,2,6,11,30,888.0,83.0,2.4,14.0,596.0,941.21,731.35
2016,2,6,11,45,742.5,130.0,2.35,14.5,563.5,887.25,691.11
2016,2,6,12,0,597.0,177.0,2.3,15.0,531.0,808.41,633.84
2016,2,6,12,15,601.5,176.0,2.4,15.0,534.0,814.68,639.68
2016,2,6,12,30,606.0,175.0,2.5,15.0,537.0,818.16,642.84
2016,2,6,12,45,597.0,176.0,2.6,15.0,530.5,808.03,636.39
2016,2,6,13,0,588.0,177.0,2.7,15.0,524.0,788.46,623.3
2016,2,6,13,15,733.5,130.0,2.7,15.0,552.5,870.7,682.93
2016,2,6,13,30,879.0,83.0,2.7,15.0,581.0,920.68,718.09
2016,2,6,13,45,871.5,81.5,2.75,15.5,560.0,894.34,698.97
2016,2,6,14,0,864.0,80.0,2.8,16.0,539.0,864.93,678.39
2016,2,6,14,15,771.0,95.5,2.8,16.0,489.5,788.59,624.79
2016,2,6,14,30,678.0,111.0,2.8,16.0,440.0,710.48,569.11
2016,2,6,14,45,621.5,116.0,2.8,16.0,401.5,646.95,523.16
2016,2,6,15,0,565.0,121.0,2.8,16.0,363.0,584.63,475.59
2016,2,6,15,15,544.5,113.5,2.65,15.5,329.0,536.37,438.89
2016,2,6,15,30,524.0,106.0,2.5,15.0,295.0,483.24,397.46
2016,2,6,15,45,606.0,81.5,2.35,15.0,273.5,484.43,397.8
2016,2,6,16,0,688.0,57.0,2.2,15.0,252.0,467.05,381.83
2016,2,6,16,15,633.5,52.0,2.15,14.5,207.0,396.21,322.2
2016,2,6,16,30,579.0,47.0,2.1,14.0,162.0,332.66,266.65
2016,2,6,16,45,492.0,39.0,2.05,13.5,118.5,255.24,198.71
2016,2,6,17,0,405.0,31.0,2.0,13.0,75.0,187.33,136.3
2016,2,6,17,15,202.5,15.5,1.95,12.5,37.5,83.81,29.09
2016,2,6,17,30,0.0,0.0,1.9,12.0,0.0,0.0,0.0
2016,2,6,17,45,0.0,0.0,1.9,12.0,0.0,0.0,0.0
2016,2,6,18,0,0.0,0.0,1.9,12.0,0.0,0.0,0.0
2016,2,6,18,15,0.0,0.0,1.9,12.0,0.0,0.0,0.0
2016,2,6,18,30,0.0,0.0,1.9,12.0,0.0,0.0,0.0
2016,2,6,18,45,0.0,0.0,1.95,12.0,0.0,0.0,0.0
2016,2,6,19,0,0.0,0.0,2.0,12.0,0.0,0.0,0.0
2016,2,6,19,15,0.0,0.0,2.0,12.0,0.0,0.0,0.0
2016,2,6,19,30,0.0,0.0,2.0,12.0,0.0,0.0,0.0
2016,2,6,19,45,0.0,0.0,2.05,12.0,0.0,0.0,0.0
2016,2,6,20,0,0.0,0.0,2.1,12.0,0.0,0.0,0.0
2016,2,6,20,15,0.0,0.0,2.1,11.5,0.0,0.0,0.0
2016,2,6,20,30,0.0,0.0,2.1,11.0,0.0,0.0,0.0
2016,2,6,20,45,0.0,0.0,2.15,11.0,0.0,0.0,0.0
2016,2,6,21,0,0.0,0.0,2.2,11.0,0.0,0.0,0.0
2016,2,6,21,15,0.0,0.0,2.2,11.0,0.0,0.0,0.0
2016,2,6,21,30,0.0,0.0,2.2,11.0,0.0,0.0,0.0
2016,2,6,21,45,0.0,0.0,2.2,11.0,0.0,0.0,0.0
2016,2,6,22,0,0.0,0.0,2.2,11.0,0.0,0.0,0.0
2016,2,6,22,15,0.0,0.0,2.15,11.0,0.0,0.0,0.0
2016,2,6,22,30,0.0,0.0,2.1,11.0,0.0,0.0,0.0
2016,2,6,22,45,0.0,0.0,2.05,11.0,0.0,0.0,0.0
2016,2,6,23,0,0.0,0.0,2.0,11.0,0.0,0.0,0.0
2016,2,6,23,15,0.0,0.0,1.95,11.0,0.0,0.0,0.0
2016,2,6,23,30,0.0,0.0,1.9,11.0,0.0,0.0,0.0
2016,2,6,23,45,0.0,0.0,1.85,11.0,0.0,0.0,0.0
2016,2,7,0,0,0.0,0.0,1.8,11.0,0.0,0.0,0.0
2016,2,7,0,15,0.0,0.0,1.75,11.0,0.0,0.0,0.0
2016,2,7,0,30,0.0,0.0,1.7,11.0,0.0,0.0,0.0
2016,2,7,0,45,0.0,0.0,1.65,11.0,0.0,0.0,0.0
2016,2,7,1,0,0.0,0.0,1.6,11.0,0.0,0.0,0.0
2016,2,7,1,15,0.0,0.0,1.55,11.0,0.0,0.0,0.0
2016,2,7,1,30,0.0,0.0,1.5,11.0,0.0,0.0,0.0
2016,2,7,1,45,0.0,0.0,1.5,11.0,0.0,0.0,0.0
2016,2,7,2,0,0.0,0.0,1.5,11.0,0.0,0.0,0.0
2016,2,7,2,15,0.0,0.0,1.55,11.0,0.0,0.0,0.0
2016,2,7,2,30,0.0,0.0,1.6,11.0,0.0,0.0,0.0
2016,2,7,2,45,0.0,0.0,1.65,11.0,0.0,0.0,0.0
2016,2,7,3,0,0.0,0.0,1.7,11.0,0.0,0.0,0.0
2016,2,7,3,15,0.0,0.0,1.8,10.5,0.0,0.0,0.0
2016,2,7,3,30,0.0,0.0,1.9,10.0,0.0,0.0,0.0
2016,2,7,3,45,0.0,0.0,2.0,10.0,0.0,0.0,0.0
2016,2,7,4,0,0.0,0.0,2.1,10.0,0.0,0.0,0.0
2016,2,7,4,15,0.0,0.0,2.2,10.0,0.0,0.0,0.0
2016,2,7,4,30,0.0,0.0,2.3,10.0,0.0,0.0,0.0
2016,2,7,4,45,0.0,0.0,2.45,10.0,0.0,0.0,0.0
2016,2,7,5,0,0.0,0.0,2.6,10.0,0.0,0.0,0.0
2016,2,7,5,15,0.0,0.0,2.65,9.5,0.0,0.0,0.0
2016,2,7,5,30,0.0,0.0,2.7,9.0,0.0,0.0,0.0
2016,2,7,5,45,0.0,0.0,2.8,9.0,0.0,0.0,0.0
2016,2,7,6,0,0.0,0.0,2.9,9.0,0.0,0.0,0.0
2016,2,7,6,15,0.0,0.0,2.9,9.0,0.0,0.0,0.0
2016,2,7,6,30,0.0,0.0,2.9,9.0,0.0,0.0,0.0
2016,2,7,6,45,0.0,0.0,2.95,9.0,0.0,0.0,0.0
2016,2,7,7,0,0.0,0.0,3.0,9.0,0.0,0.0,0.0
2016,2,7,7,15,155.5,9.0,3.2,9.5,18.0,40.42,0.0
2016,2,7,7,30,311.0,18.0,3.4,10.0,36.0,110.8,22.35
2016,2,7,7,45,434.0,26.5,3.6,10.5,77.0,185.02,133.89
2016,2,7,8,0,557.0,35.0,3.8,11.0,118.0,268.41,210.8
2016,2,7,8,15,624.5,40.5,3.9,11.0,164.5,337.63,274.89
2016,2,7,8,30,692.0,46.0,4.0,11.0,211.0,413.19,342.8
2016,2,7,8,45,736.0,49.5,4.15,11.5,256.5,479.25,400.72
2016,2,7,9,0,780.0,53.0,4.3,12.0,302.0,548.04,458.9
2016,2,7,9,15,809.0,56.0,4.2,12.5,345.0,608.77,507.87
2016,2,7,9,30,838.0,59.0,4.1,13.0,388.0,664.24,549.88
2016,2,7,9,45,852.0,63.0,4.05,13.5,425.5,715.04,586.4
2016,2,7,10,0,866.0,67.0,4.0,14.0,463.0,764.24,620.89
2016,2,7,10,15,881.0,68.5,3.8,14.0,495.0,809.23,652.07
2016,2,7,10,30,896.0,70.0,3.6,14.0,527.0,852.14,681.11
2016,2,7,10,45,905.5,72.0,3.45,14.5,552.5,888.51,703.87
2016,2,7,11,0,915.0,74.0,3.3,15.0,578.0,921.95,724.16
2016,2,7,11,15,921.5,74.5,3.2,15.0,596.5,947.61,740.43
2016,2,7,11,30,928.0,75.0,3.1,15.0,615.0,969.85,754.28
2016,2,7,11,45,931.5,75.5,3.05,15.5,625.5,985.67,762.69
2016,2,7,12,0,935.0,76.0,3.0,16.0,636.0,997.73,768.63
2016,2,7,12,15,935.5,76.0,2.95,16.0,638.0,1002.45,771.11
2016,2,7,12,30,936.0,76.0,2.9,16.0,640.0,1003.26,771.15
2016,2,7,12,45,936.5,75.0,2.9,16.5,635.0,998.91,766.88
2016,2,7,13,0,937.0,74.0,2.9,17.0,630.0,990.66,760.17
2016,2,7,13,15,932.0,73.5,2.9,17.0,616.0,974.01,749.32
2016,2,7,13,30,927.0,73.0,2.9,17.0,602.0,953.72,736.14
2016,2,7,13,45,918.5,72.0,2.95,17.5,580.5,926.11,717.0
2016,2,7,14,0,910.0,71.0,3.0,18.0,559.0,895.28,695.66
2016,2,7,14,15,898.5,69.5,2.95,18.0,531.0,858.24,670.49
2016,2,7,14,30,887.0,68.0,2.9,18.0,503.0,818.58,643.32
2016,2,7,14,45,870.5,66.0,2.9,18.0,468.0,772.0,611.19
2016,2,7,15,0,854.0,64.0,2.9,18.0,433.0,723.67,577.33
2016,2,7,15,15,830.0,61.5,2.7,17.5,393.0,673.74,541.78
2016,2,7,15,30,806.0,59.0,2.5,17.0,353.0,617.04,499.56
2016,2,7,15,45,772.5,55.5,2.35,16.5,309.0,553.18,449.48
2016,2,7,16,0,739.0,52.0,2.2,16.0,265.0,490.52,398.59
2016,2,7,16,15,688.0,47.5,2.15,15.5,219.0,419.41,339.39
2016,2,7,16,30,637.0,43.0,2.1,15.0,173.0,352.2,281.12
2016,2,7,16,45,553.0,36.5,2.05,15.0,128.0,274.14,212.3
2016,2,7,17,0,469.0,30.0,2.0,15.0,83.0,204.76,148.53
2016,2,7,17,15,234.5,15.0,2.0,14.5,41.5,92.53,39.14
2016,2,7,17,30,0.0,0.0,2.0,14.0,0.0,0.0,0.0
2016,2,7,17,45,0.0,0.0,2.0,14.0,0.0,0.0,0.0
2016,2,7,18,0,0.0,0.0,2.0,14.0,0.0,0.0,0.0
2016,2,7,18,15,0.0,0.0,2.0,13.5,0.0,0.0,0.0
2016,2,7,18,30,0.0,0.0,2.0,13.0,0.0,0.0,0.0
2016,2,7,18,45,0.0,0.0,2.0,13.0,0.0,0.0,0.0
2016,2,7,19,0,0.0,0.0,2.0,13.0,0.0,0.0,0.0
2016,2,7,19,15,0.0,0.0,2.0,13.0,0.0,0.0,0.0
2016,2,7,19,30,0.0,0.0,2.0,13.0,0.0,0.0,0.0
2016,2,7,19,45,0.0,0.0,2.05,13.0,0.0,0.0,0.0
2016,2,7,20,0,0.0,0.0,2.1,13.0,0.0,0.0,0.0
2016,2,7,20,15,0.0,0.0,2.1,12.5,0.0,0.0,0.0
2016,2,7,20,30,0.0,0.0,2.1,12.0,0.0,0.0,0.0
2016,2,7,20,45,0.0,0.0,2.15,12.0,0.0,0.0,0.0
2016,2,7,21,0,0.0,0.0,2.2,12.0,0.0,0.0,0.0
2016,2,7,21,15,0.0,0.0,2.25,12.0,0.0,0.0,0.0
2016,2,7,21,30,0.0,0.0,2.3,12.0,0.0,0.0,0.0
2016,2,7,21,45,0.0,0.0,2.4,12.0,0.0,0.0,0.0
2016,2,7,22,0,0.0,0.0,2.5,12.0,0.0,0.0,0.0
2016,2,7,22,15,0.0,0.0,2.55,11.5,0.0,0.0,0.0
2016,2,7,22,30,0.0,0.0,2.6,11.0,0.0,0.0,0.0
2016,2,7,22,45,0.0,0.0,2.7,11.0,0.0,0.0,0.0
2016,2,7,23,0,0.0,0.0,2.8,11.0,0.0,0.0,0.0
2016,2,7,23,15,0.0,0.0,2.9,11.0,0.0,0.0,0.0
2016,2,7,23,30,0.0,0.0,3.0,11.0,0.0,0.0,0.0
2016,2,7,23,45,0.0,0.0,3.1,11.0,0.0,0.0,0.0
2016,2,8,0,0,0.0,0.0,3.2,11.0,0.0,0.0,0.0
2016,2,8,0,15,0.0,0.0,3.4,11.0,0.0,0.0,0.0
2016,2,8,0,30,0.0,0.0,3.6,11.0,0.0,0.0,0.0
2016,2,8,0,45,0.0,0.0,3.85,11.0,0.0,0.0,0.0
2016,2,8,1,0,0.0,0.0,4.1,11.0,0.0,0.0,0.0
2016,2,8,1,15,0.0,0.0,4.2,10.5,0.0,0.0,0.0
2016,2,8,1,30,0.0,0.0,4.3,10.0,0.0,0.0,0.0
2016,2,8,1,45,0.0,0.0,4.45,10.0,0.0,0.0,0.0
2016,2,8,2,0,0.0,0.0,4.6,10.0,0.0,0.0,0.0
2016,2,8,2,15,0.0,0.0,4.6,10.0,0.0,0.0,0.0
2016,2,8,2,30,0.0,0.0,4.6,10.0,0.0,0.0,0.0
2016,2,8,2,45,0.0,0.0,4.65,10.0,0.0,0.0,0.0
2016,2,8,3,0,0.0,0.0,4.7,10.0,0.0,0.0,0.0
2016,2,8,3,15,0.0,0.0,4.7,10.0,0.0,0.0,0.0
2016,2,8,3,30,0.0,0.0,4.7,10.0,0.0,0.0,0.0
2016,2,8,3,45,0.0,0.0,4.7,10.0,0.0,0.0,0.0
2016,2,8,4,0,0.0,0.0,4.7,10.0,0.0,0.0,0.0
2016,2,8,4,15,0.0,0.0,4.65,10.0,0.0,0.0,0.0
2016,2,8,4,30,0.0,0.0,4.6,10.0,0.0,0.0,0.0
2016,2,8,4,45,0.0,0.0,4.6,10.0,0.0,0.0,0.0
2016,2,8,5,0,0.0,0.0,4.6,10.0,0.0,0.0,0.0
2016,2,8,5,15,0.0,0.0,4.55,9.5,0.0,0.0,0.0
2016,2,8,5,30,0.0,0.0,4.5,9.0,0.0,0.0,0.0
2016,2,8,5,45,0.0,0.0,4.5,9.0,0.0,0.0,0.0
2016,2,8,6,0,0.0,0.0,4.5,9.0,0.0,0.0,0.0
2016,2,8,6,15,0.0,0.0,4.45,9.0,0.0,0.0,0.0
2016,2,8,6,30,0.0,0.0,4.4,9.0,0.0,0.0,0.0
2016,2,8,6,45,0.0,0.0,4.4,9.5,0.0,0.0,0.0
2016,2,8,7,0,0.0,0.0,4.4,10.0,0.0,0.0,0.0
2016,2,8,7,15,125.5,10.5,4.5,10.5,18.0,35.57,0.0
2016,2,8,7,30,251.0,21.0,4.6,11.0,36.0,100.43,30.5
2016,2,8,7,45,371.5,31.5,4.75,11.5,76.5,172.95,126.29
2016,2,8,8,0,492.0,42.0,4.9,12.0,117.0,254.06,200.06
2016,2,8,8,15,565.0,49.0,4.8,12.5,163.5,323.83,263.48
2016,2,8,8,30,638.0,56.0,4.7,13.0,210.0,400.81,331.38
2016,2,8,8,45,682.0,61.0,4.6,13.5,255.5,466.03,387.79
2016,2,8,9,0,726.0,66.0,4.5,14.0,301.0,531.43,442.33
2016,2,8,9,15,757.5,69.5,4.35,14.5,344.0,592.22,490.96
2016,2,8,9,30,789.0,73.0,4.2,15.0,387.0,653.69,537.95
2016,2,8,9,45,821.5,73.0,4.05,15.5,427.0,712.01,579.67
2016,2,8,10,0,854.0,73.0,3.9,16.0,467.0,770.14,620.13
2016,2,8,10,15,869.0,75.0,3.8,16.0,499.0,815.96,651.94
2016,2,8,10,30,884.0,77.0,3.7,16.0,531.0,851.88,676.13
2016,2,8,10,45,895.0,78.0,3.6,16.5,557.0,888.02,698.96
2016,2,8,11,0,906.0,79.0,3.5,17.0,583.0,921.36,719.44
2016,2,8,11,15,912.5,80.0,3.4,17.5,601.0,947.51,734.66
2016,2,8,11,30,919.0,81.0,3.3,18.0,619.0,970.27,747.43
2016,2,8,11,45,923.0,81.0,3.2,18.5,629.5,985.87,755.23
2016,2,8,12,0,927.0,81.0,3.1,19.0,640.0,997.74,760.58
2016,2,8,12,15,927.5,81.0,3.0,19.0,642.5,1002.44,762.62
2016,2,8,12,30,928.0,81.0,2.9,19.0,645.0,1003.27,762.22
2016,2,8,12,45,929.5,79.5,2.8,19.0,639.5,999.3,758.77
2016,2,8,13,0,931.0,78.0,2.7,19.0,634.0,991.44,752.88
2016,2,8,13,15,926.5,77.5,2.65,19.0,620.5,975.32,742.06
2016,2,8,13,30,922.0,77.0,2.6,19.0,607.0,955.55,728.96
2016,2,8,13,45,913.0,76.0,2.55,19.5,585.5,927.56,709.0
2016,2,8,14,0,904.0,75.0,2.5,20.0,564.0,896.39,687.01
2016,2,8,14,15,892.5,73.5,2.4,20.0,535.5,859.47,661.94
2016,2,8,14,30,881.0,72.0,2.3,20.0,507.0,819.95,634.97
2016,2,8,14,45,863.5,70.0,2.25,20.0,472.5,772.72,602.71
2016,2,8,15,0,846.0,68.0,2.2,20.0,438.0,730.14,573.43
2016,2,8,15,15,822.5,65.5,2.05,19.5,397.5,674.48,534.51
2016,2,8,15,30,799.0,63.0,1.9,19.0,357.0,618.29,493.52
2016,2,8,15,45,764.0,59.5,1.75,18.5,313.0,553.68,443.73
2016,2,8,16,0,729.0,56.0,1.6,18.0,269.0,490.39,393.25
2016,2,8,16,15,677.0,51.0,1.6,17.5,222.5,418.5,334.76
2016,2,8,16,30,625.0,46.0,1.6,17.0,176.0,350.62,277.14
2016,2,8,16,45,540.0,39.0,1.65,17.0,130.5,272.05,209.14
2016,2,8,17,0,455.0,32.0,1.7,17.0,85.0,205.61,148.96
2016,2,8,17,15,297.5,21.5,1.7,16.5,49.0,118.68,58.0
2016,2,8,17,30,140.0,11.0,1.7,16.0,13.0,40.4,0.0
2016,2,8,17,45,70.0,5.5,1.75,16.0,6.5,0.0,0.0
2016,2,8,18,0,0.0,0.0,1.8,16.0,0.0,0.0,0.0
2016,2,8,18,15,0.0,0.0,1.8,15.5,0.0,0.0,0.0
2016,2,8,18,30,0.0,0.0,1.8,15.0,0.0,0.0,0.0
2016,2,8,18,45,0.0,0.0,1.8,15.0,0.0,0.0,0.0
2016,2,8,19,0,0.0,0.0,1.8,15.0,0.0,0.0,0.0
2016,2,8,19,15,0.0,0.0,1.8,14.5,0.0,0.0,0.0
2016,2,8,19,30,0.0,0.0,1.8,14.0,0.0,0.0,0.0
2016,2,8,19,45,0.0,0.0,1.85,14.0,0.0,0.0,0.0
2016,2,8,20,0,0.0,0.0,1.9,14.0,0.0,0.0,0.0
2016,2,8,20,15,0.0,0.0,1.9,14.0,0.0,0.0,0.0
2016,2,8,20,30,0.0,0.0,1.9,14.0,0.0,0.0,0.0
2016,2,8,20,45,0.0,0.0,1.9,14.0,0.0,0.0,0.0
2016,2,8,21,0,0.0,0.0,1.9,14.0,0.0,0.0,0.0
2016,2,8,21,15,0.0,0.0,1.9,13.5,0.0,0.0,0.0
2016,2,8,21,30,0.0,0.0,1.9,13.0,0.0,0.0,0.0
2016,2,8,21,45,0.0,0.0,1.9,13.0,0.0,0.0,0.0
2016,2,8,22,0,0.0,0.0,1.9,13.0,0.0,0.0,0.0
2016,2,8,22,15,0.0,0.0,1.9,13.0,0.0,0.0,0.0
2016,2,8,22,30,0.0,0.0,1.9,13.0,0.0,0.0,0.0
2016,2,8,22,45,0.0,0.0,1.9,13.0,0.0,0.0,0.0
2016,2,8,23,0,0.0,0.0,1.9,13.0,0.0,0.0,0.0
2016,2,8,23,15,0.0,0.0,1.9,12.5,0.0,0.0,0.0
2016,2,8,23,30,0.0,0.0,1.9,12.0,0.0,0.0,0.0
2016,2,8,23,45,0.0,0.0,1.95,12.0,0.0,0.0,0.0
2016,2,9,0,0,0.0,0.0,2.0,12.0,0.0,0.0,0.0
2016,2,9,0,15,0.0,0.0,2.05,12.0,0.0,0.0,0.0
2016,2,9,0,30,0.0,0.0,2.1,12.0,0.0,0.0,0.0
2016,2,9,0,45,0.0,0.0,2.15,12.0,0.0,0.0,0.0
2016,2,9,1,0,0.0,0.0,2.2,12.0,0.0,0.0,0.0
2016,2,9,1,15,0.0,0.0,2.3,11.5,0.0,0.0,0.0
2016,2,9,1,30,0.0,0.0,2.4,11.0,0.0,0.0,0.0
2016,2,9,1,45,0.0,0.0,2.5,11.0,0.0,0.0,0.0
2016,2,9,2,0,0.0,0.0,2.6,11.0,0.0,0.0,0.0
2016,2,9,2,15,0.0,0.0,2.7,11.0,0.0,0.0,0.0
2016,2,9,2,30,0.0,0.0,2.8,11.0,0.0,0.0,0.0
2016,2,9,2,45,0.0,0.0,2.95,11.0,0.0,0.0,0.0
2016,2,9,3,0,0.0,0.0,3.1,11.0,0.0,0.0,0.0
2016,2,9,3,15,0.0,0.0,3.15,11.0,0.0,0.0,0.0
2016,2,9,3,30,0.0,0.0,3.2,11.0,0.0,0.0,0.0
2016,2,9,3,45,0.0,0.0,3.25,11.0,0.0,0.0,0.0
2016,2,9,4,0,0.0,0.0,3.3,11.0,0.0,0.0,0.0
2016,2,9,4,15,0.0,0.0,3.3,10.5,0.0,0.0,0.0
2016,2,9,4,30,0.0,0.0,3.3,10.0,0.0,0.0,0.0
2016,2,9,4,45,0.0,0.0,3.3,10.0,0.0,0.0,0.0
2016,2,9,5,0,0.0,0.0,3.3,10.0,0.0,0.0,0.0
2016,2,9,5,15,0.0,0.0,3.25,10.0,0.0,0.0,0.0
2016,2,9,5,30,0.0,0.0,3.2,10.0,0.0,0.0,0.0
2016,2,9,5,45,0.0,0.0,3.15,10.0,0.0,0.0,0.0
2016,2,9,6,0,0.0,0.0,3.1,10.0,0.0,0.0,0.0
2016,2,9,6,15,0.0,0.0,3.05,10.0,0.0,0.0,0.0
2016,2,9,6,30,0.0,0.0,3.0,10.0,0.0,0.0,0.0
2016,2,9,6,45,0.0,0.0,3.0,10.0,0.0,0.0,0.0
2016,2,9,7,0,0.0,0.0,3.0,10.0,0.0,0.0,0.0
2016,2,9,7,15,142.0,11.0,3.2,10.5,19.5,39.46,0.0
2016,2,9,7,30,284.0,22.0,3.4,11.0,39.0,110.93,43.4
2016,2,9,7,45,402.5,31.5,3.6,11.5,81.0,183.1,134.39
2016,2,9,8,0,521.0,41.0,3.8,12.0,123.0,264.31,207.88
2016,2,9,8,15,591.5,48.0,3.85,12.5,170.0,334.65,271.57
2016,2,9,8,30,662.0,55.0,3.9,13.0,217.0,409.1,337.16
2016,2,9,8,45,708.0,59.5,3.95,13.5,263.5,476.43,395.06
2016,2,9,9,0,754.0,64.0,4.0,14.0,310.0,546.69,453.27
2016,2,9,9,15,784.5,67.0,3.75,14.0,353.5,607.61,502.33
2016,2,9,9,30,815.0,70.0,3.5,14.0,397.0,669.05,549.41
2016,2,9,9,45,748.0,86.5,3.25,14.5,408.5,674.3,549.93
2016,2,9,10,0,681.0,103.0,3.0,15.0,420.0,676.09,548.04
2016,2,9,10,15,714.0,102.5,2.7,15.5,454.5,727.86,583.11
2016,2,9,10,30,747.0,102.0,2.4,16.0,489.0,779.15,616.14
2016,2,9,10,45,675.0,131.5,2.15,16.5,494.0,773.76,607.82
2016,2,9,11,0,603.0,161.0,1.9,17.0,499.0,759.8,593.91
2016,2,9,11,15,639.5,155.0,1.75,17.5,523.5,800.81,619.87
2016,2,9,11,30,676.0,149.0,1.6,18.0,548.0,840.06,643.36
2016,2,9,11,45,659.0,158.0,1.45,18.5,552.5,843.45,641.81
2016,2,9,12,0,642.0,167.0,1.3,19.0,557.0,843.4,638.32
2016,2,9,12,15,784.5,126.5,1.2,19.0,604.5,936.86,699.11
2016,2,9,12,30,927.0,86.0,1.1,19.0,652.0,1009.92,743.47
2016,2,9,12,45,758.5,134.0,1.05,19.0,595.0,918.17,682.19
2016,2,9,13,0,590.0,182.0,1.0,19.0,538.0,798.46,603.01
2016,2,9,13,15,533.0,198.0,1.05,19.0,514.0,755.84,575.31
2016,2,9,13,30,476.0,214.0,1.1,19.0,490.0,711.95,544.91
2016,2,9,13,45,457.0,209.5,1.2,19.0,467.0,679.02,523.51
2016,2,9,14,0,438.0,205.0,1.3,19.0,444.0,644.98,500.74
2016,2,9,14,15,343.5,210.5,1.35,18.5,392.0,541.85,426.21
2016,2,9,14,30,249.0,216.0,1.4,18.0,340.0,459.93,365.12
2016,2,9,14,45,256.5,199.5,1.5,18.0,319.5,437.38,349.77
2016,2,9,15,0,264.0,183.0,1.6,18.0,299.0,413.51,332.6
2016,2,9,15,15,320.0,157.5,1.5,17.5,286.0,411.72,333.14
2016,2,9,15,30,376.0,132.0,1.4,17.0,273.0,416.89,338.13
2016,2,9,15,45,352.0,120.0,1.35,17.0,239.0,369.37,299.92
2016,2,9,16,0,328.0,108.0,1.3,17.0,205.0,323.37,262.33
2016,2,9,16,15,301.0,92.5,1.25,16.5,170.0,273.75,221.28
2016,2,9,16,30,274.0,77.0,1.2,16.0,135.0,226.55,180.99
2016,2,9,16,45,235.0,59.5,1.15,15.5,100.5,175.02,136.28
2016,2,9,17,0,196.0,42.0,1.1,15.0,66.0,127.81,94.14
2016,2,9,17,15,98.0,26.5,1.1,15.0,38.5,62.78,32.58
2016,2,9,17,30,0.0,11.0,1.1,15.0,11.0,10.01,0.0
2016,2,9,17,45,0.0,5.5,1.15,15.0,5.5,0.0,0.0
2016,2,9,18,0,0.0,0.0,1.2,15.0,0.0,0.0,0.0
2016,2,9,18,15,0.0,0.0,1.15,15.0,0.0,0.0,0.0
2016,2,9,18,30,0.0,0.0,1.1,15.0,0.0,0.0,0.0
2016,2,9,18,45,0.0,0.0,1.1,15.0,0.0,0.0,0.0
2016,2,9,19,0,0.0,0.0,1.1,15.0,0.0,0.0,0.0
2016,2,9,19,15,0.0,0.0,1.05,15.0,0.0,0.0,0.0
2016,2,9,19,30,0.0,0.0,1.0,15.0,0.0,0.0,0.0
2016,2,9,19,45,0.0,0.0,0.95,15.0,0.0,0.0,0.0
2016,2,9,20,0,0.0,0.0,0.9,15.0,0.0,0.0,0.0
2016,2,9,20,15,0.0,0.0,0.85,14.5,0.0,0.0,0.0
2016,2,9,20,30,0.0,0.0,0.8,14.0,0.0,0.0,0.0
2016,2,9,20,45,0.0,0.0,0.75,14.0,0.0,0.0,0.0
2016,2,9,21,0,0.0,0.0,0.7,14.0,0.0,0.0,0.0
2016,2,9,21,15,0.0,0.0,0.65,14.0,0.0,0.0,0.0
2016,2,9,21,30,0.0,0.0,0.6,14.0,0.0,0.0,0.0
2016,2,9,21,45,0.0,0.0,0.6,14.0,0.0,0.0,0.0
2016,2,9,22,0,0.0,0.0,0.6,14.0,0.0,0.0,0.0
2016,2,9,22,15,0.0,0.0,0.6,14.0,0.0,0.0,0.0
2016,2,9,22,30,0.0,0.0,0.6,14.0,0.0,0.0,0.0
2016,2,9,22,45,0.0,0.0,0.6,14.0,0.0,0.0,0.0
2016,2,9,23,0,0.0,0.0,0.6,14.0,0.0,0.0,0.0
2016,2,9,23,15,0.0,0.0,0.55,13.5,0.0,0.0,0.0
2016,2,9,23,30,0.0,0.0,0.5,13.0,0.0,0.0,0.0
2016,2,9,23,45,0.0,0.0,0.45,13.0,0.0,0.0,0.0
2016,2,10,0,0,0.0,0.0,0.4,13.0,0.0,0.0,0.0
2016,2,10,0,15,0.0,0.0,0.4,13.0,0.0,0.0,0.0
2016,2,10,0,30,0.0,0.0,0.4,13.0,0.0,0.0,0.0
2016,2,10,0,45,0.0,0.0,0.4,13.0,0.0,0.0,0.0
2016,2,10,1,0,0.0,0.0,0.4,13.0,0.0,0.0,0.0
2016,2,10,1,15,0.0,0.0,0.35,13.0,0.0,0.0,0.0
2016,2,10,1,30,0.0,0.0,0.3,13.0,0.0,0.0,0.0
2016,2,10,1,45,0.0,0.0,0.3,13.0,0.0,0.0,0.0
2016,2,10,2,0,0.0,0.0,0.3,13.0,0.0,0.0,0.0
2016,2,10,2,15,0.0,0.0,0.5,12.5,0.0,0.0,0.0
2016,2,10,2,30,0.0,0.0,0.7,12.0,0.0,0.0,0.0
2016,2,10,2,45,0.0,0.0,0.95,12.0,0.0,0.0,0.0
2016,2,10,3,0,0.0,0.0,1.2,12.0,0.0,0.0,0.0
2016,2,10,3,15,0.0,0.0,1.35,12.0,0.0,0.0,0.0
2016,2,10,3,30,0.0,0.0,1.5,12.0,0.0,0.0,0.0
2016,2,10,3,45,0.0,0.0,1.65,12.0,0.0,0.0,0.0
2016,2,10,4,0,0.0,0.0,1.8,12.0,0.0,0.0,0.0
2016,2,10,4,15,0.0,0.0,1.85,11.5,0.0,0.0,0.0
2016,2,10,4,30,0.0,0.0,1.9,11.0,0.0,0.0,0.0
2016,2,10,4,45,0.0,0.0,1.95,11.0,0.0,0.0,0.0
2016,2,10,5,0,0.0,0.0,2.0,11.0,0.0,0.0,0.0
2016,2,10,5,15,0.0,0.0,2.05,11.0,0.0,0.0,0.0
2016,2,10,5,30,0.0,0.0,2.1,11.0,0.0,0.0,0.0
2016,2,10,5,45,0.0,0.0,2.15,11.0,0.0,0.0,0.0
2016,2,10,6,0,0.0,0.0,2.2,11.0,0.0,0.0,0.0
2016,2,10,6,15,0.0,0.0,2.15,11.0,0.0,0.0,0.0
2016,2,10,6,30,0.0,0.0,2.1,11.0,0.0,0.0,0.0
2016,2,10,6,45,0.0,0.0,2.05,11.0,0.0,0.0,0.0
2016,2,10,7,0,0.0,0.0,2.0,11.0,0.0,0.0,0.0
2016,2,10,7,15,127.5,11.5,2.0,11.0,20.0,36.93,0.0
2016,2,10,7,30,255.0,23.0,2.0,11.0,40.0,104.93,47.98
2016,2,10,7,45,367.5,34.0,2.0,11.5,81.0,174.32,128.54
2016,2,10,8,0,480.0,45.0,2.0,12.0,122.0,253.0,198.63
2016,2,10,8,15,549.5,52.5,2.0,12.0,168.5,321.42,260.08
2016,2,10,8,30,619.0,60.0,2.0,12.0,215.0,396.68,325.68
2016,2,10,8,45,662.5,66.0,2.0,12.5,260.5,462.1,380.86
2016,2,10,9,0,706.0,72.0,2.0,13.0,306.0,530.49,436.26
2016,2,10,9,15,725.0,71.5,1.85,13.0,339.5,574.73,471.37
2016,2,10,9,30,744.0,71.0,1.7,13.0,373.0,621.5,506.75
2016,2,10,9,45,782.5,77.5,1.6,13.5,420.5,690.28,554.99
2016,2,10,10,0,821.0,84.0,1.5,14.0,468.0,759.65,601.67
2016,2,10,10,15,836.0,86.0,1.5,14.0,500.5,804.57,631.73
2016,2,10,10,30,851.0,88.0,1.5,14.0,533.0,847.46,660.21
2016,2,10,10,45,861.0,90.0,1.55,14.5,558.0,883.67,683.12
2016,2,10,11,0,871.0,92.0,1.6,15.0,583.0,917.07,703.98
2016,2,10,11,15,878.0,93.0,1.65,15.0,601.5,943.45,721.33
2016,2,10,11,30,885.0,94.0,1.7,15.0,620.0,966.49,736.56
2016,2,10,11,45,812.0,115.0,1.8,15.5,604.0,933.69,713.53
2016,2,10,12,0,739.0,136.0,1.9,16.0,588.0,901.95,691.75
2016,2,10,12,15,817.0,115.0,1.9,16.0,616.5,949.76,724.55
2016,2,10,12,30,895.0,94.0,1.9,16.0,645.0,990.15,751.19
2016,2,10,12,45,894.5,93.0,1.95,16.5,640.0,985.05,746.68
2016,2,10,13,0,894.0,92.0,2.0,17.0,635.0,976.2,740.36
2016,2,10,13,15,730.5,137.0,2.0,17.0,574.5,880.35,675.67
2016,2,10,13,30,567.0,182.0,2.0,17.0,514.0,760.03,592.61
2016,2,10,13,45,594.0,166.5,2.0,17.5,503.0,761.09,594.31
2016,2,10,14,0,621.0,151.0,2.0,18.0,492.0,752.36,587.77
2016,2,10,14,15,620.5,142.0,1.95,18.0,468.5,723.11,567.4
2016,2,10,14,30,620.0,133.0,1.9,18.0,445.0,691.43,545.38
2016,2,10,14,45,514.0,147.0,1.9,18.0,394.0,593.78,472.97
2016,2,10,15,0,408.0,161.0,1.9,18.0,343.0,509.22,408.42
2016,2,10,15,15,299.5,159.0,1.8,17.5,286.0,399.0,323.15
2016,2,10,15,30,191.0,157.0,1.7,17.0,229.0,300.36,244.46
2016,2,10,15,45,176.5,140.0,1.6,16.5,200.5,263.66,215.34
2016,2,10,16,0,162.0,123.0,1.5,16.0,172.0,228.14,186.21
2016,2,10,16,15,147.5,103.5,1.5,15.5,142.5,190.84,155.02
2016,2,10,16,30,133.0,84.0,1.5,15.0,113.0,154.94,124.19
2016,2,10,16,45,111.5,64.5,1.55,15.0,84.5,117.7,91.51
2016,2,10,17,0,90.0,45.0,1.6,15.0,56.0,82.66,60.32
2016,2,10,17,15,45.0,27.5,1.6,14.5,33.0,44.91,24.03
2016,2,10,17,30,0.0,10.0,1.6,14.0,10.0,9.1,0.0
2016,2,10,17,45,0.0,5.0,1.6,14.0,5.0,0.0,0.0
2016,2,10,18,0,0.0,0.0,1.6,14.0,0.0,0.0,0.0
2016,2,10,18,15,0.0,0.0,1.6,14.0,0.0,0.0,0.0
2016,2,10,18,30,0.0,0.0,1.6,14.0,0.0,0.0,0.0
2016,2,10,18,45,0.0,0.0,1.6,14.0,0.0,0.0,0.0
2016,2,10,19,0,0.0,0.0,1.6,14.0,0.0,0.0,0.0
2016,2,10,19,15,0.0,0.0,1.55,14.0,0.0,0.0,0.0
2016,2,10,19,30,0.0,0.0,1.5,14.0,0.0,0.0,0.0
2016,2,10,19,45,0.0,0.0,1.5,14.0,0.0,0.0,0.0
2016,2,10,20,0,0.0,0.0,1.5,14.0,0.0,0.0,0.0
2016,2,10,20,15,0.0,0.0,1.45,13.5,0.0,0.0,0.0
2016,2,10,20,30,0.0,0.0,1.4,13.0,0.0,0.0,0.0
2016,2,10,20,45,0.0,0.0,1.4,13.0,0.0,0.0,0.0
2016,2,10,21,0,0.0,0.0,1.4,13.0,0.0,0.0,0.0
2016,2,10,21,15,0.0,0.0,1.35,13.0,0.0,0.0,0.0
2016,2,10,21,30,0.0,0.0,1.3,13.0,0.0,0.0,0.0
2016,2,10,21,45,0.0,0.0,1.3,13.0,0.0,0.0,0.0
2016,2,10,22,0,0.0,0.0,1.3,13.0,0.0,0.0,0.0
2016,2,10,22,15,0.0,0.0,1.25,13.0,0.0,0.0,0.0
2016,2,10,22,30,0.0,0.0,1.2,13.0,0.0,0.0,0.0
2016,2,10,22,45,0.0,0.0,1.15,13.0,0.0,0.0,0.0
2016,2,10,23,0,0.0,0.0,1.1,13.0,0.0,0.0,0.0
2016,2,10,23,15,0.0,0.0,1.05,13.0,0.0,0.0,0.0
2016,2,10,23,30,0.0,0.0,1.0,13.0,0.0,0.0,0.0
2016,2,10,23,45,0.0,0.0,1.0,13.0,0.0,0.0,0.0
2016,2,11,0,0,0.0,0.0,1.0,13.0,0.0,0.0,0.0
2016,2,11,0,15,0.0,0.0,0.95,13.0,0.0,0.0,0.0
2016,2,11,0,30,0.0,0.0,0.9,13.0,0.0,0.0,0.0
2016,2,11,0,45,0.0,0.0,0.9,13.0,0.0,0.0,0.0
2016,2,11,1,0,0.0,0.0,0.9,13.0,0.0,0.0,0.0
2016,2,11,1,15,0.0,0.0,0.95,12.5,0.0,0.0,0.0
2016,2,11,1,30,0.0,0.0,1.0,12.0,0.0,0.0,0.0
2016,2,11,1,45,0.0,0.0,1.05,12.0,0.0,0.0,0.0
2016,2,11,2,0,0.0,0.0,1.1,12.0,0.0,0.0,0.0
2016,2,11,2,15,0.0,0.0,1.2,12.0,0.0,0.0,0.0
2016,2,11,2,30,0.0,0.0,1.3,12.0,0.0,0.0,0.0
2016,2,11,2,45,0.0,0.0,1.4,12.0,0.0,0.0,0.0
2016,2,11,3,0,0.0,0.0,1.5,12.0,0.0,0.0,0.0
2016,2,11,3,15,0.0,0.0,1.55,11.5,0.0,0.0,0.0
2016,2,11,3,30,0.0,0.0,1.6,11.0,0.0,0.0,0.0
2016,2,11,3,45,0.0,0.0,1.7,11.0,0.0,0.0,0.0
2016,2,11,4,0,0.0,0.0,1.8,11.0,0.0,0.0,0.0
2016,2,11,4,15,0.0,0.0,1.85,11.0,0.0,0.0,0.0
2016,2,11,4,30,0.0,0.0,1.9,11.0,0.0,0.0,0.0
2016,2,11,4,45,0.0,0.0,1.95,11.0,0.0,0.0,0.0
2016,2,11,5,0,0.0,0.0,2.0,11.0,0.0,0.0,0.0
2016,2,11,5,15,0.0,0.0,1.95,11.0,0.0,0.0,0.0
2016,2,11,5,30,0.0,0.0,1.9,11.0,0.0,0.0,0.0
2016,2,11,5,45,0.0,0.0,1.9,11.0,0.0,0.0,0.0
2016,2,11,6,0,0.0,0.0,1.9,11.0,0.0,0.0,0.0
2016,2,11,6,15,0.0,0.0,1.85,11.0,0.0,0.0,0.0
2016,2,11,6,30,0.0,0.0,1.8,11.0,0.0,0.0,0.0
2016,2,11,6,45,0.0,0.0,1.8,11.0,0.0,0.0,0.0
2016,2,11,7,0,0.0,0.0,1.8,11.0,0.0,0.0,0.0
2016,2,11,7,15,77.5,12.5,1.85,11.5,17.5,27.47,0.0
2016,2,11,7,30,155.0,25.0,1.9,12.0,35.0,79.84,40.19
2016,2,11,7,45,217.0,41.0,1.95,12.5,68.5,131.14,97.15
2016,2,11,8,0,279.0,57.0,2.0,13.0,102.0,186.44,146.69
2016,2,11,8,15,317.5,72.0,1.8,13.0,139.5,237.21,192.15
2016,2,11,8,30,356.0,87.0,1.6,13.0,177.0,291.96,239.79
2016,2,11,8,45,386.5,98.5,1.45,13.5,213.0,341.9,281.69
2016,2,11,9,0,417.0,110.0,1.3,14.0,249.0,394.25,323.9
2016,2,11,9,15,407.5,128.0,1.1,14.0,279.0,429.89,351.28
2016,2,11,9,30,398.0,146.0,0.9,14.0,309.0,463.48,375.86
2016,2,11,9,45,493.5,139.0,0.75,14.5,359.5,544.66,436.64
2016,2,11,10,0,589.0,132.0,0.6,15.0,410.0,638.39,503.05
2016,2,11,10,15,580.5,144.5,0.6,15.0,434.5,668.06,522.28
2016,2,11,10,30,572.0,157.0,0.6,15.0,459.0,688.66,535.76
2016,2,11,10,45,361.5,210.5,0.6,15.5,404.5,565.9,441.89
2016,2,11,11,0,151.0,264.0,0.6,16.0,350.0,431.76,337.69
2016,2,11,11,15,238.0,262.0,0.6,16.0,402.5,512.5,400.8
2016,2,11,11,30,325.0,260.0,0.6,16.0,455.0,613.82,474.47
2016,2,11,11,45,319.5,268.0,0.6,16.0,462.0,622.48,478.79
2016,2,11,12,0,314.0,276.0,0.6,16.0,469.0,629.66,483.25
2016,2,11,12,15,404.5,250.5,0.6,16.0,500.5,688.34,526.84
2016,2,11,12,30,495.0,225.0,0.6,16.0,532.0,765.03,580.82
2016,2,11,12,45,406.0,247.0,0.65,16.5,497.5,684.17,522.07
2016,2,11,13,0,317.0,269.0,0.7,17.0,463.0,621.91,476.78
2016,2,11,13,15,432.0,230.0,0.65,17.0,488.5,697.92,533.46
2016,2,11,13,30,547.0,191.0,0.6,17.0,514.0,752.55,572.79
2016,2,11,13,45,593.0,168.5,0.6,17.5,507.5,763.11,579.61
2016,2,11,14,0,639.0,146.0,0.6,18.0,501.0,763.57,579.49
2016,2,11,14,15,583.5,154.5,0.65,18.0,466.0,705.7,541.06
2016,2,11,14,30,528.0,163.0,0.7,18.0,431.0,643.55,498.4
2016,2,11,14,45,484.0,160.0,0.8,18.0,393.0,585.52,458.41
2016,2,11,15,0,440.0,157.0,0.9,18.0,355.0,528.99,418.15
2016,2,11,15,15,405.0,152.0,0.95,17.5,322.0,478.6,381.77
2016,2,11,15,30,370.0,147.0,1.0,17.0,289.0,418.26,336.77
2016,2,11,15,45,350.5,131.5,1.1,17.0,253.0,370.62,300.02
2016,2,11,16,0,331.0,116.0,1.2,17.0,217.0,324.16,262.82
2016,2,11,16,15,298.0,99.5,1.3,16.5,179.0,271.02,219.37
2016,2,11,16,30,265.0,83.0,1.4,16.0,141.0,221.01,177.09
2016,2,11,16,45,216.5,65.5,1.5,15.5,105.0,167.01,130.61
2016,2,11,17,0,168.0,48.0,1.6,15.0,69.0,118.46,88.02
2016,2,11,17,15,84.0,30.0,1.65,14.5,40.5,64.04,37.92
2016,2,11,17,30,0.0,12.0,1.7,14.0,12.0,10.91,0.0
2016,2,11,17,45,0.0,6.0,1.8,14.0,6.0,0.0,0.0
2016,2,11,18,0,0.0,0.0,1.9,14.0,0.0,0.0,0.0
2016,2,11,18,15,0.0,0.0,1.95,13.5,0.0,0.0,0.0
2016,2,11,18,30,0.0,0.0,2.0,13.0,0.0,0.0,0.0
2016,2,11,18,45,0.0,0.0,2.05,13.0,0.0,0.0,0.0
2016,2,11,19,0,0.0,0.0,2.1,13.0,0.0,0.0,0.0
2016,2,11,19,15,0.0,0.0,2.15,12.5,0.0,0.0,0.0
2016,2,11,19,30,0.0,0.0,2.2,12.0,0.0,0.0,0.0
2016,2,11,19,45,0.0,0.0,2.3,12.0,0.0,0.0,0.0
2016,2,11,20,0,0.0,0.0,2.4,12.0,0.0,0.0,0.0
2016,2,11,20,15,0.0,0.0,2.45,12.0,0.0,0.0,0.0
2016,2,11,20,30,0.0,0.0,2.5,12.0,0.0,0.0,0.0
2016,2,11,20,45,0.0,0.0,2.55,12.0,0.0,0.0,0.0
2016,2,11,21,0,0.0,0.0,2.6,12.0,0.0,0.0,0.0
2016,2,11,21,15,0.0,0.0,2.6,11.5,0.0,0.0,0.0
2016,2,11,21,30,0.0,0.0,2.6,11.0,0.0,0.0,0.0
2016,2,11,21,45,0.0,0.0,2.65,11.0,0.0,0.0,0.0
2016,2,11,22,0,0.0,0.0,2.7,11.0,0.0,0.0,0.0
2016,2,11,22,15,0.0,0.0,2.7,11.0,0.0,0.0,0.0
2016,2,11,22,30,0.0,0.0,2.7,11.0,0.0,0.0,0.0
2016,2,11,22,45,0.0,0.0,2.7,11.0,0.0,0.0,0.0
2016,2,11,23,0,0.0,0.0,2.7,11.0,0.0,0.0,0.0
2016,2,11,23,15,0.0,0.0,2.65,11.0,0.0,0.0,0.0
2016,2,11,23,30,0.0,0.0,2.6,11.0,0.0,0.0,0.0
2016,2,11,23,45,0.0,0.0,2.6,11.0,0.0,0.0,0.0
2016,2,12,0,0,0.0,0.0,2.6,11.0,0.0,0.0,0.0
2016,2,12,0,15,0.0,0.0,2.55,11.0,0.0,0.0,0.0
2016,2,12,0,30,0.0,0.0,2.5,11.0,0.0,0.0,0.0
2016,2,12,0,45,0.0,0.0,2.45,11.0,0.0,0.0,0.0
2016,2,12,1,0,0.0,0.0,2.4,11.0,0.0,0.0,0.0
2016,2,12,1,15,0.0,0.0,2.35,11.0,0.0,0.0,0.0
2016,2,12,1,30,0.0,0.0,2.3,11.0,0.0,0.0,0.0
2016,2,12,1,45,0.0,0.0,2.25,11.0,0.0,0.0,0.0
2016,2,12,2,0,0.0,0.0,2.2,11.0,0.0,0.0,0.0
2016,2,12,2,15,0.0,0.0,2.15,11.0,0.0,0.0,0.0
2016,2,12,2,30,0.0,0.0,2.1,11.0,0.0,0.0,0.0
2016,2,12,2,45,0.0,0.0,2.05,11.0,0.0,0.0,0.0
2016,2,12,3,0,0.0,0.0,2.0,11.0,0.0,0.0,0.0
2016,2,12,3,15,0.0,0.0,1.95,11.0,0.0,0.0,0.0
2016,2,12,3,30,0.0,0.0,1.9,11.0,0.0,0.0,0.0
2016,2,12,3,45,0.0,0.0,1.85,11.0,0.0,0.0,0.0
2016,2,12,4,0,0.0,0.0,1.8,11.0,0.0,0.0,0.0
2016,2,12,4,15,0.0,0.0,1.75,11.0,0.0,0.0,0.0
2016,2,12,4,30,0.0,0.0,1.7,11.0,0.0,0.0,0.0
2016,2,12,4,45,0.0,0.0,1.7,11.0,0.0,0.0,0.0
2016,2,12,5,0,0.0,0.0,1.7,11.0,0.0,0.0,0.0
2016,2,12,5,15,0.0,0.0,1.65,11.0,0.0,0.0,0.0
2016,2,12,5,30,0.0,0.0,1.6,11.0,0.0,0.0,0.0
2016,2,12,5,45,0.0,0.0,1.6,11.0,0.0,0.0,0.0
2016,2,12,6,0,0.0,0.0,1.6,11.0,0.0,0.0,0.0
2016,2,12,6,15,0.0,0.0,1.6,11.0,0.0,0.0,0.0
2016,2,12,6,30,0.0,0.0,1.6,11.0,0.0,0.0,0.0
2016,2,12,6,45,0.0,0.0,1.6,11.0,0.0,0.0,0.0
2016,2,12,7,0,0.0,0.0,1.6,11.0,0.0,0.0,0.0
2016,2,12,7,15,127.0,13.0,1.65,11.5,22.5,38.26,0.0
2016,2,12,7,30,254.0,26.0,1.7,12.0,45.0,109.19,60.47
2016,2,12,7,45,364.5,37.0,1.8,12.5,86.5,176.58,131.09
2016,2,12,8,0,475.0,48.0,1.9,13.0,128.0,254.67,199.88
2016,2,12,8,15,386.5,71.0,1.8,13.0,149.5,266.77,215.86
2016,2,12,8,30,298.0,94.0,1.7,13.0,171.0,261.54,215.03
2016,2,12,8,45,329.5,106.5,1.65,13.0,206.5,319.39,264.2
2016,2,12,9,0,361.0,119.0,1.6,13.0,242.0,370.64,306.62
2016,2,12,9,15,356.5,137.0,1.55,13.0,271.5,406.74,335.4
2016,2,12,9,30,352.0,155.0,1.5,13.0,301.0,428.62,352.46
2016,2,12,9,45,476.0,142.5,1.5,13.5,358.5,536.03,436.68
2016,2,12,10,0,600.0,130.0,1.5,14.0,416.0,645.52,518.88
2016,2,12,10,15,640.5,127.5,1.6,14.0,451.5,699.34,557.73
2016,2,12,10,30,681.0,125.0,1.7,14.0,487.0,753.18,596.09
2016,2,12,10,45,760.5,112.5,1.8,14.5,534.5,828.88,648.34
2016,2,12,11,0,840.0,100.0,1.9,15.0,582.0,901.01,696.76
2016,2,12,11,15,846.5,101.5,1.95,15.0,600.0,927.0,713.58
2016,2,12,11,30,853.0,103.0,2.0,15.0,618.0,949.74,728.75
2016,2,12,11,45,853.0,105.0,2.15,15.0,627.0,963.48,739.07
2016,2,12,12,0,853.0,107.0,2.3,15.0,636.0,973.58,747.11
2016,2,12,12,15,625.5,182.0,2.35,15.0,571.0,849.66,661.31
2016,2,12,12,30,398.0,257.0,2.4,15.0,506.0,690.13,543.44
2016,2,12,12,45,329.0,269.5,2.5,15.0,474.0,636.74,504.15
2016,2,12,13,0,260.0,282.0,2.6,15.0,442.0,582.75,462.85
2016,2,12,13,15,429.5,228.5,2.65,15.0,486.0,694.27,551.46
2016,2,12,13,30,599.0,175.0,2.7,15.0,530.0,789.81,625.06
2016,2,12,13,45,392.0,215.5,2.75,15.0,445.0,627.88,501.48
2016,2,12,14,0,185.0,256.0,2.8,15.0,360.0,449.16,361.64
2016,2,12,14,15,272.5,230.0,2.8,15.0,374.5,504.27,408.05
2016,2,12,14,30,360.0,204.0,2.8,15.0,389.0,536.84,435.65
2016,2,12,14,45,378.0,186.0,2.8,15.0,368.0,516.92,421.17
2016,2,12,15,0,396.0,168.0,2.8,15.0,347.0,508.49,415.35
2016,2,12,15,15,387.5,153.0,2.65,14.5,315.5,467.5,383.93
2016,2,12,15,30,379.0,138.0,2.5,14.0,284.0,426.09,351.64
2016,2,12,15,45,347.0,127.0,2.45,14.0,248.5,374.43,309.55
2016,2,12,16,0,315.0,116.0,2.4,14.0,213.0,315.0,260.42
2016,2,12,16,15,286.0,99.5,2.45,14.0,177.0,264.68,217.7
2016,2,12,16,30,257.0,83.0,2.5,14.0,141.0,217.09,176.18
2016,2,12,16,45,212.0,66.0,2.55,14.0,106.0,165.48,130.71
2016,2,12,17,0,167.0,49.0,2.6,14.0,71.0,118.96,89.22
2016,2,12,17,15,83.5,32.0,2.65,13.5,43.0,66.85,41.58
2016,2,12,17,30,0.0,15.0,2.7,13.0,15.0,13.64,0.0
2016,2,12,17,45,0.0,7.5,2.75,13.0,7.5,6.82,0.0
2016,2,12,18,0,0.0,0.0,2.8,13.0,0.0,0.0,0.0
2016,2,12,18,15,0.0,0.0,2.75,13.0,0.0,0.0,0.0
2016,2,12,18,30,0.0,0.0,2.7,13.0,0.0,0.0,0.0
2016,2,12,18,45,0.0,0.0,2.7,13.0,0.0,0.0,0.0
2016,2,12,19,0,0.0,0.0,2.7,13.0,0.0,0.0,0.0
2016,2,12,19,15,0.0,0.0,2.7,13.0,0.0,0.0,0.0
2016,2,12,19,30,0.0,0.0,2.7,13.0,0.0,0.0,0.0
2016,2,12,19,45,0.0,0.0,2.7,13.0,0.0,0.0,0.0
2016,2,12,20,0,0.0,0.0,2.7,13.0,0.0,0.0,0.0
2016,2,12,20,15,0.0,0.0,2.75,12.5,0.0,0.0,0.0
2016,2,12,20,30,0.0,0.0,2.8,12.0,0.0,0.0,0.0
2016,2,12,20,45,0.0,0.0,2.85,12.0,0.0,0.0,0.0
2016,2,12,21,0,0.0,0.0,2.9,12.0,0.0,0.0,0.0
2016,2,12,21,15,0.0,0.0,3.0,12.0,0.0,0.0,0.0
2016,2,12,21,30,0.0,0.0,3.1,12.0,0.0,0.0,0.0
2016,2,12,21,45,0.0,0.0,3.25,12.0,0.0,0.0,0.0
2016,2,12,22,0,0.0,0.0,3.4,12.0,0.0,0.0,0.0
2016,2,12,22,15,0.0,0.0,3.5,11.5,0.0,0.0,0.0
2016,2,12,22,30,0.0,0.0,3.6,11.0,0.0,0.0,0.0
2016,2,12,22,45,0.0,0.0,3.75,11.0,0.0,0.0,0.0
2016,2,12,23,0,0.0,0.0,3.9,11.0,0.0,0.0,0.0
2016,2,12,23,15,0.0,0.0,3.95,11.0,0.0,0.0,0.0
2016,2,12,23,30,0.0,0.0,4.0,11.0,0.0,0.0,0.0
2016,2,12,23,45,0.0,0.0,4.1,11.0,0.0,0.0,0.0
2016,2,13,0,0,0.0,0.0,4.2,11.0,0.0,0.0,0.0
2016,2,13,0,15,0.0,0.0,4.2,11.0,0.0,0.0,0.0
2016,2,13,0,30,0.0,0.0,4.2,11.0,0.0,0.0,0.0
2016,2,13,0,45,0.0,0.0,4.25,11.0,0.0,0.0,0.0
2016,2,13,1,0,0.0,0.0,4.3,11.0,0.0,0.0,0.0
2016,2,13,1,15,0.0,0.0,4.2,10.5,0.0,0.0,0.0
2016,2,13,1,30,0.0,0.0,4.1,10.0,0.0,0.0,0.0
2016,2,13,1,45,0.0,0.0,4.05,10.0,0.0,0.0,0.0
2016,2,13,2,0,0.0,0.0,4.0,10.0,0.0,0.0,0.0
2016,2,13,2,15,0.0,0.0,3.9,10.0,0.0,0.0,0.0
2016,2,13,2,30,0.0,0.0,3.8,10.0,0.0,0.0,0.0
2016,2,13,2,45,0.0,0.0,3.7,10.0,0.0,0.0,0.0
2016,2,13,3,0,0.0,0.0,3.6,10.0,0.0,0.0,0.0
2016,2,13,3,15,0.0,0.0,3.5,10.0,0.0,0.0,0.0
2016,2,13,3,30,0.0,0.0,3.4,10.0,0.0,0.0,0.0
2016,2,13,3,45,0.0,0.0,3.3,10.0,0.0,0.0,0.0
2016,2,13,4,0,0.0,0.0,3.2,10.0,0.0,0.0,0.0
2016,2,13,4,15,0.0,0.0,3.2,9.5,0.0,0.0,0.0
2016,2,13,4,30,0.0,0.0,3.2,9.0,0.0,0.0,0.0
2016,2,13,4,45,0.0,0.0,3.2,9.0,0.0,0.0,0.0
2016,2,13,5,0,0.0,0.0,3.2,9.0,0.0,0.0,0.0
2016,2,13,5,15,0.0,0.0,3.3,9.0,0.0,0.0,0.0
2016,2,13,5,30,0.0,0.0,3.4,9.0,0.0,0.0,0.0
2016,2,13,5,45,0.0,0.0,3.5,9.0,0.0,0.0,0.0
2016,2,13,6,0,0.0,0.0,3.6,9.0,0.0,0.0,0.0
2016,2,13,6,15,0.0,0.0,3.65,9.0,0.0,0.0,0.0
2016,2,13,6,30,0.0,0.0,3.7,9.0,0.0,0.0,0.0
2016,2,13,6,45,0.0,0.0,3.75,9.5,0.0,0.0,0.0
2016,2,13,7,0,0.0,0.0,3.8,10.0,0.0,0.0,0.0
2016,2,13,7,15,173.0,12.5,3.8,10.0,26.0,47.45,0.0
2016,2,13,7,30,346.0,25.0,3.8,10.0,52.0,134.01,79.59
2016,2,13,7,45,458.5,33.5,3.85,10.5,96.0,204.02,153.39
2016,2,13,8,0,571.0,42.0,3.9,11.0,140.0,283.07,224.83
2016,2,13,8,15,635.0,48.0,3.75,11.5,188.0,353.0,288.26
2016,2,13,8,30,699.0,54.0,3.6,12.0,236.0,428.84,354.61
2016,2,13,8,45,418.5,98.0,3.45,12.5,212.5,359.34,299.53
2016,2,13,9,0,138.0,142.0,3.3,13.0,189.0,240.53,199.59
2016,2,13,9,15,489.0,104.5,3.15,13.0,303.5,456.59,381.62
2016,2,13,9,30,840.0,67.0,3.0,13.0,418.0,686.45,563.37
2016,2,13,9,45,866.0,67.5,2.9,13.5,458.0,736.75,596.84
2016,2,13,10,0,892.0,68.0,2.8,14.0,498.0,791.98,634.32
2016,2,13,10,15,906.0,69.5,2.65,14.5,531.0,837.52,663.42
2016,2,13,10,30,920.0,71.0,2.5,15.0,564.0,880.81,690.21
2016,2,13,10,45,931.5,71.5,2.45,15.5,590.5,918.09,713.07
2016,2,13,11,0,943.0,72.0,2.4,16.0,617.0,952.42,733.61
2016,2,13,11,15,949.0,73.0,2.45,16.0,636.0,979.1,751.16
2016,2,13,11,30,955.0,74.0,2.5,16.0,655.0,1002.19,766.41
2016,2,13,11,45,960.0,73.5,2.6,16.5,666.0,1018.71,776.4
2016,2,13,12,0,965.0,73.0,2.7,17.0,677.0,1031.35,783.95
2016,2,13,12,15,966.0,73.5,2.8,17.0,679.5,1037.38,788.7
2016,2,13,12,30,967.0,74.0,2.9,17.0,682.0,1039.36,790.94
2016,2,13,12,45,958.5,76.5,3.0,17.0,675.0,1030.56,786.08
2016,2,13,13,0,950.0,79.0,3.1,17.0,668.0,1017.83,778.75
2016,2,13,13,15,944.5,78.5,3.35,17.0,654.0,1000.42,769.54
2016,2,13,13,30,939.0,78.0,3.6,17.0,640.0,979.29,757.61
2016,2,13,13,45,929.0,78.0,3.9,17.0,617.5,951.08,740.85
2016,2,13,14,0,919.0,78.0,4.2,17.0,595.0,919.63,721.47
2016,2,13,14,15,907.0,76.5,4.5,16.5,565.5,881.6,698.85
2016,2,13,14,30,895.0,75.0,4.8,16.0,536.0,840.91,673.88
2016,2,13,14,45,876.5,73.5,5.1,16.0,500.0,792.65,641.13
2016,2,13,15,0,858.0,72.0,5.4,16.0,464.0,749.07,611.06
2016,2,13,15,15,835.0,69.0,5.3,15.5,423.0,692.21,569.49
2016,2,13,15,30,812.0,66.0,5.2,15.0,382.0,634.73,525.93
2016,2,13,15,45,774.0,63.5,5.1,15.0,336.5,568.31,471.6
2016,2,13,16,0,736.0,61.0,5.0,15.0,291.0,503.43,417.03
2016,2,13,16,15,685.5,56.0,4.8,14.5,243.0,431.32,355.57
2016,2,13,16,30,635.0,51.0,4.6,14.0,195.0,363.03,295.39
2016,2,13,16,45,549.5,44.5,4.45,13.5,148.0,286.19,227.04
2016,2,13,17,0,464.0,38.0,4.3,13.0,101.0,215.93,163.3
2016,2,13,17,15,322.5,27.0,4.25,12.5,62.0,135.11,88.03
2016,2,13,17,30,181.0,16.0,4.2,12.0,23.0,54.22,0.0
2016,2,13,17,45,90.5,8.0,4.2,12.0,11.5,7.28,0.0
2016,2,13,18,0,0.0,0.0,4.2,12.0,0.0,0.0,0.0
2016,2,13,18,15,0.0,0.0,4.1,12.0,0.0,0.0,0.0
2016,2,13,18,30,0.0,0.0,4.0,12.0,0.0,0.0,0.0
2016,2,13,18,45,0.0,0.0,3.9,12.0,0.0,0.0,0.0
2016,2,13,19,0,0.0,0.0,3.8,12.0,0.0,0.0,0.0
2016,2,13,19,15,0.0,0.0,3.85,12.0,0.0,0.0,0.0
2016,2,13,19,30,0.0,0.0,3.9,12.0,0.0,0.0,0.0
2016,2,13,19,45,0.0,0.0,3.95,12.0,0.0,0.0,0.0
2016,2,13,20,0,0.0,0.0,4.0,12.0,0.0,0.0,0.0
2016,2,13,20,15,0.0,0.0,4.05,11.5,0.0,0.0,0.0
2016,2,13,20,30,0.0,0.0,4.1,11.0,0.0,0.0,0.0
2016,2,13,20,45,0.0,0.0,4.2,11.0,0.0,0.0,0.0
2016,2,13,21,0,0.0,0.0,4.3,11.0,0.0,0.0,0.0
2016,2,13,21,15,0.0,0.0,4.2,11.0,0.0,0.0,0.0
2016,2,13,21,30,0.0,0.0,4.1,11.0,0.0,0.0,0.0
2016,2,13,21,45,0.0,0.0,4.1,11.0,0.0,0.0,0.0
2016,2,13,22,0,0.0,0.0,4.1,11.0,0.0,0.0,0.0
2016,2,13,22,15,0.0,0.0,4.1,10.5,0.0,0.0,0.0
2016,2,13,22,30,0.0,0.0,4.1,10.0,0.0,0.0,0.0
2016,2,13,22,45,0.0,0.0,4.2,10.0,0.0,0.0,0.0
2016,2,13,23,0,0.0,0.0,4.3,10.0,0.0,0.0,0.0
2016,2,13,23,15,0.0,0.0,4.3,10.0,0.0,0.0,0.0
2016,2,13,23,30,0.0,0.0,4.3,10.0,0.0,0.0,0.0
2016,2,13,23,45,0.0,0.0,4.35,10.0,0.0,0.0,0.0
2016,2,14,0,0,0.0,0.0,4.4,10.0,0.0,0.0,0.0
2016,2,14,0,15,0.0,0.0,4.45,10.0,0.0,0.0,0.0
2016,2,14,0,30,0.0,0.0,4.5,10.0,0.0,0.0,0.0
2016,2,14,0,45,0.0,0.0,4.6,10.0,0.0,0.0,0.0
2016,2,14,1,0,0.0,0.0,4.7,10.0,0.0,0.0,0.0
2016,2,14,1,15,0.0,0.0,4.75,10.0,0.0,0.0,0.0
2016,2,14,1,30,0.0,0.0,4.8,10.0,0.0,0.0,0.0
2016,2,14,1,45,0.0,0.0,4.85,10.0,0.0,0.0,0.0
2016,2,14,2,0,0.0,0.0,4.9,10.0,0.0,0.0,0.0
2016,2,14,2,15,0.0,0.0,4.85,10.0,0.0,0.0,0.0
2016,2,14,2,30,0.0,0.0,4.8,10.0,0.0,0.0,0.0
2016,2,14,2,45,0.0,0.0,4.8,10.0,0.0,0.0,0.0
2016,2,14,3,0,0.0,0.0,4.8,10.0,0.0,0.0,0.0
2016,2,14,3,15,0.0,0.0,4.7,10.0,0.0,0.0,0.0
2016,2,14,3,30,0.0,0.0,4.6,10.0,0.0,0.0,0.0
2016,2,14,3,45,0.0,0.0,4.55,10.0,0.0,0.0,0.0
2016,2,14,4,0,0.0,0.0,4.5,10.0,0.0,0.0,0.0
2016,2,14,4,15,0.0,0.0,4.35,9.5,0.0,0.0,0.0
2016,2,14,4,30,0.0,0.0,4.2,9.0,0.0,0.0,0.0
2016,2,14,4,45,0.0,0.0,4.05,9.0,0.0,0.0,0.0
2016,2,14,5,0,0.0,0.0,3.9,9.0,0.0,0.0,0.0
2016,2,14,5,15,0.0,0.0,3.9,9.0,0.0,0.0,0.0
2016,2,14,5,30,0.0,0.0,3.9,9.0,0.0,0.0,0.0
2016,2,14,5,45,0.0,0.0,3.9,9.0,0.0,0.0,0.0
2016,2,14,6,0,0.0,0.0,3.9,9.0,0.0,0.0,0.0
2016,2,14,6,15,0.0,0.0,4.0,9.5,0.0,0.0,0.0
2016,2,14,6,30,0.0,0.0,4.1,10.0,0.0,0.0,0.0
2016,2,14,6,45,0.0,0.0,4.25,10.5,0.0,0.0,0.0
2016,2,14,7,0,0.0,0.0,4.4,11.0,0.0,0.0,0.0
2016,2,14,7,15,174.5,12.5,4.45,11.0,26.5,47.84,0.0
2016,2,14,7,30,349.0,25.0,4.5,11.0,53.0,135.79,84.01
2016,2,14,7,45,451.5,33.5,4.55,11.5,96.5,201.85,151.96
2016,2,14,8,0,554.0,42.0,4.6,12.0,140.0,279.39,222.0
2016,2,14,8,15,615.0,47.5,4.5,12.5,186.5,344.05,281.04
2016,2,14,8,30,676.0,53.0,4.4,13.0,233.0,416.76,344.96
2016,2,14,8,45,716.5,57.0,4.3,13.5,278.5,481.47,400.3
2016,2,14,9,0,757.0,61.0,4.2,14.0,324.0,548.62,455.45
2016,2,14,9,15,668.0,88.0,4.15,14.5,341.5,562.39,465.31
2016,2,14,9,30,579.0,115.0,4.1,15.0,359.0,562.3,463.43
2016,2,14,9,45,409.0,162.5,4.05,15.5,342.5,509.32,417.87
2016,2,14,10,0,239.0,210.0,4.0,16.0,326.0,433.6,353.58
2016,2,14,10,15,467.0,167.0,4.0,16.0,412.5,595.85,485.17
2016,2,14,10,30,695.0,124.0,4.0,16.0,499.0,765.6,614.37
2016,2,14,10,45,786.0,103.5,4.05,16.5,546.5,838.03,664.48
2016,2,14,11,0,877.0,83.0,4.1,17.0,594.0,907.39,712.0
2016,2,14,11,15,884.0,84.0,4.1,17.0,612.0,933.64,729.32
2016,2,14,11,30,891.0,85.0,4.1,17.0,630.0,956.59,744.65
2016,2,14,11,45,668.0,165.5,4.15,17.5,578.5,864.93,677.67
2016,2,14,12,0,445.0,246.0,4.2,18.0,527.0,738.86,581.38
2016,2,14,12,15,673.0,166.5,4.2,18.0,592.0,880.63,688.91
2016,2,14,12,30,901.0,87.0,4.2,18.0,657.0,992.61,766.94
2016,2,14,12,45,902.5,85.5,4.2,18.0,653.0,988.76,763.54
2016,2,14,13,0,904.0,84.0,4.2,18.0,649.0,981.1,758.55
2016,2,14,13,15,900.5,83.5,4.25,18.0,636.0,966.12,748.91
2016,2,14,13,30,897.0,83.0,4.3,18.0,623.0,947.52,736.88
2016,2,14,13,45,886.5,83.5,4.4,18.5,602.0,920.26,717.81
2016,2,14,14,0,876.0,84.0,4.5,19.0,581.0,889.94,696.74
2016,2,14,14,15,732.5,117.5,4.55,18.5,519.5,794.15,630.13
2016,2,14,14,30,589.0,151.0,4.6,18.0,458.0,687.99,553.53
2016,2,14,14,45,579.5,141.5,4.65,18.0,427.0,647.34,523.99
2016,2,14,15,0,570.0,132.0,4.7,18.0,396.0,605.27,492.46
2016,2,14,15,15,567.0,119.5,4.75,17.5,362.5,563.5,461.52
2016,2,14,15,30,564.0,107.0,4.8,17.0,329.0,520.16,428.39
2016,2,14,15,45,526.5,101.5,4.85,17.0,290.0,461.5,380.76
2016,2,14,16,0,489.0,96.0,4.9,17.0,251.0,401.16,330.68
2016,2,14,16,15,452.0,84.5,4.85,16.5,210.0,342.02,280.76
2016,2,14,16,30,415.0,73.0,4.8,16.0,169.0,286.08,232.05
2016,2,14,16,45,360.5,59.5,4.75,15.5,129.0,224.4,177.61
2016,2,14,17,0,306.0,46.0,4.7,15.0,89.0,168.77,127.53
2016,2,14,17,15,153.0,33.5,4.75,14.5,55.0,93.37,61.93
2016,2,14,17,30,0.0,21.0,4.8,14.0,21.0,20.1,0.0
2016,2,14,17,45,0.0,10.5,4.9,14.0,10.5,9.55,0.0
2016,2,14,18,0,0.0,0.0,5.0,14.0,0.0,0.0,0.0
2016,2,14,18,15,0.0,0.0,5.0,14.0,0.0,0.0,0.0
2016,2,14,18,30,0.0,0.0,5.0,14.0,0.0,0.0,0.0
2016,2,14,18,45,0.0,0.0,5.0,14.0,0.0,0.0,0.0
2016,2,14,19,0,0.0,0.0,5.0,14.0,0.0,0.0,0.0
2016,2,14,19,15,0.0,0.0,5.0,14.0,0.0,0.0,0.0
2016,2,14,19,30,0.0,0.0,5.0,14.0,0.0,0.0,0.0
2016,2,14,19,45,0.0,0.0,5.05,14.0,0.0,0.0,0.0
2016,2,14,20,0,0.0,0.0,5.1,14.0,0.0,0.0,0.0
2016,2,14,20,15,0.0,0.0,5.1,14.0,0.0,0.0,0.0
2016,2,14,20,30,0.0,0.0,5.1,14.0,0.0,0.0,0.0
2016,2,14,20,45,0.0,0.0,5.15,14.0,0.0,0.0,0.0
2016,2,14,21,0,0.0,0.0,5.2,14.0,0.0,0.0,0.0
2016,2,14,21,15,0.0,0.0,5.2,14.0,0.0,0.0,0.0
2016,2,14,21,30,0.0,0.0,5.2,14.0,0.0,0.0,0.0
2016,2,14,21,45,0.0,0.0,5.2,14.0,0.0,0.0,0.0
2016,2,14,22,0,0.0,0.0,5.2,14.0,0.0,0.0,0.0
2016,2,14,22,15,0.0,0.0,5.0,14.0,0.0,0.0,0.0
2016,2,14,22,30,0.0,0.0,4.8,14.0,0.0,0.0,0.0
2016,2,14,22,45,0.0,0.0,4.65,14.0,0.0,0.0,0.0
2016,2,14,23,0,0.0,0.0,4.5,14.0,0.0,0.0,0.0
2016,2,14,23,15,0.0,0.0,4.35,13.5,0.0,0.0,0.0
2016,2,14,23,30,0.0,0.0,4.2,13.0,0.0,0.0,0.0
2016,2,14,23,45,0.0,0.0,4.1,13.0,0.0,0.0,0.0
2016,2,15,0,0,0.0,0.0,4.0,13.0,0.0,0.0,0.0
2016,2,15,0,15,0.0,0.0,3.9,13.0,0.0,0.0,0.0
2016,2,15,0,30,0.0,0.0,3.8,13.0,0.0,0.0,0.0
2016,2,15,0,45,0.0,0.0,3.7,13.0,0.0,0.0,0.0
2016,2,15,1,0,0.0,0.0,3.6,13.0,0.0,0.0,0.0
2016,2,15,1,15,0.0,0.0,3.55,13.0,0.0,0.0,0.0
2016,2,15,1,30,0.0,0.0,3.5,13.0,0.0,0.0,0.0
2016,2,15,1,45,0.0,0.0,3.45,13.0,0.0,0.0,0.0
2016,2,15,2,0,0.0,0.0,3.4,13.0,0.0,0.0,0.0
2016,2,15,2,15,0.0,0.0,3.35,13.0,0.0,0.0,0.0
2016,2,15,2,30,0.0,0.0,3.3,13.0,0.0,0.0,0.0
2016,2,15,2,45,0.0,0.0,3.3,13.0,0.0,0.0,0.0
2016,2,15,3,0,0.0,0.0,3.3,13.0,0.0,0.0,0.0
2016,2,15,3,15,0.0,0.0,3.3,13.0,0.0,0.0,0.0
2016,2,15,3,30,0.0,0.0,3.3,13.0,0.0,0.0,0.0
2016,2,15,3,45,0.0,0.0,3.3,13.0,0.0,0.0,0.0
2016,2,15,4,0,0.0,0.0,3.3,13.0,0.0,0.0,0.0
2016,2,15,4,15,0.0,0.0,3.25,13.0,0.0,0.0,0.0
2016,2,15,4,30,0.0,0.0,3.2,13.0,0.0,0.0,0.0
2016,2,15,4,45,0.0,0.0,3.2,13.0,0.0,0.0,0.0
2016,2,15,5,0,0.0,0.0,3.2,13.0,0.0,0.0,0.0
2016,2,15,5,15,0.0,0.0,3.15,12.5,0.0,0.0,0.0
2016,2,15,5,30,0.0,0.0,3.1,12.0,0.0,0.0,0.0
2016,2,15,5,45,0.0,0.0,3.05,12.0,0.0,0.0,0.0
2016,2,15,6,0,0.0,0.0,3.0,12.0,0.0,0.0,0.0
2016,2,15,6,15,0.0,0.0,2.9,12.0,0.0,0.0,0.0
2016,2,15,6,30,0.0,0.0,2.8,12.0,0.0,0.0,0.0
2016,2,15,6,45,0.0,0.0,2.7,12.5,0.0,0.0,0.0
2016,2,15,7,0,0.0,0.0,2.6,13.0,0.0,0.0,0.0
2016,2,15,7,15,211.0,12.5,2.65,13.5,30.5,55.57,0.0
2016,2,15,7,30,422.0,25.0,2.7,14.0,61.0,153.44,96.64
2016,2,15,7,45,523.0,32.0,2.75,14.5,106.5,221.83,164.84
2016,2,15,8,0,624.0,39.0,2.8,15.0,152.0,301.65,235.84
2016,2,15,8,15,682.0,44.0,2.8,15.0,200.0,370.77,298.05
2016,2,15,8,30,740.0,49.0,2.8,15.0,248.0,445.11,362.66
2016,2,15,8,45,777.5,52.5,2.8,15.5,295.5,510.93,417.7
2016,2,15,9,0,815.0,56.0,2.8,16.0,343.0,578.77,472.13
2016,2,15,9,15,840.5,58.5,2.85,16.0,386.5,633.97,516.19
2016,2,15,9,30,866.0,61.0,2.9,16.0,430.0,693.64,560.49
2016,2,15,9,45,884.0,63.0,2.95,16.5,468.5,746.69,597.4
2016,2,15,10,0,902.0,65.0,3.0,17.0,507.0,798.36,632.58
2016,2,15,10,15,914.5,66.0,3.0,17.0,539.5,842.52,662.7
2016,2,15,10,30,927.0,67.0,3.0,17.0,572.0,884.28,690.82
2016,2,15,10,45,935.0,68.5,3.05,17.5,598.0,920.01,713.48
2016,2,15,11,0,943.0,70.0,3.1,18.0,624.0,952.59,733.83
2016,2,15,11,15,948.5,70.5,3.1,18.0,642.0,978.23,750.35
2016,2,15,11,30,954.0,71.0,3.1,18.0,660.0,1000.26,764.48
2016,2,15,11,45,956.5,71.5,3.15,18.5,670.0,1015.64,773.17
2016,2,15,12,0,959.0,72.0,3.2,19.0,680.0,1027.1,779.37
2016,2,15,12,15,959.5,72.0,3.25,19.0,682.5,1031.99,782.8
2016,2,15,12,30,960.0,72.0,3.3,19.0,685.0,1032.83,783.73
2016,2,15,12,45,796.0,125.5,3.35,19.0,631.0,944.29,723.7
2016,2,15,13,0,632.0,179.0,3.4,19.0,577.0,847.24,657.1
2016,2,15,13,15,634.5,172.5,3.4,19.0,565.0,834.05,648.91
2016,2,15,13,30,637.0,166.0,3.4,19.0,553.0,817.9,638.07
2016,2,15,13,45,776.5,121.0,3.45,19.0,576.5,879.64,683.14
2016,2,15,14,0,916.0,76.0,3.5,19.0,600.0,916.79,710.07
2016,2,15,14,15,905.0,74.5,3.45,19.0,571.0,879.58,684.34
2016,2,15,14,30,894.0,73.0,3.4,19.0,542.0,839.64,657.13
2016,2,15,14,45,876.0,72.0,3.4,19.0,506.5,792.29,624.61
2016,2,15,15,0,858.0,71.0,3.4,19.0,471.0,749.55,595.08
2016,2,15,15,15,836.5,68.5,3.2,18.5,430.5,694.22,555.93
2016,2,15,15,30,815.0,66.0,3.0,18.0,390.0,638.13,514.94
2016,2,15,15,45,783.0,62.5,2.85,18.0,345.0,573.93,464.32
2016,2,15,16,0,751.0,59.0,2.7,18.0,300.0,510.73,413.02
2016,2,15,16,15,704.5,54.5,2.55,17.5,252.5,440.31,355.1
2016,2,15,16,30,658.0,50.0,2.4,17.0,205.0,373.29,297.85
2016,2,15,16,45,586.0,43.5,2.3,16.5,157.5,297.71,232.27
2016,2,15,17,0,514.0,37.0,2.2,16.0,110.0,232.07,173.34
2016,2,15,17,15,382.0,27.0,2.1,16.0,69.5,151.66,100.74
2016,2,15,17,30,250.0,17.0,2.0,16.0,29.0,80.25,0.0
2016,2,15,17,45,125.0,8.5,1.9,16.0,14.5,27.84,0.0
2016,2,15,18,0,0.0,0.0,1.8,16.0,0.0,0.0,0.0
2016,2,15,18,15,0.0,0.0,1.75,16.0,0.0,0.0,0.0
2016,2,15,18,30,0.0,0.0,1.7,16.0,0.0,0.0,0.0
2016,2,15,18,45,0.0,0.0,1.65,16.0,0.0,0.0,0.0
2016,2,15,19,0,0.0,0.0,1.6,16.0,0.0,0.0,0.0
2016,2,15,19,15,0.0,0.0,1.6,16.0,0.0,0.0,0.0
2016,2,15,19,30,0.0,0.0,1.6,16.0,0.0,0.0,0.0
2016,2,15,19,45,0.0,0.0,1.6,16.0,0.0,0.0,0.0
2016,2,15,20,0,0.0,0.0,1.6,16.0,0.0,0.0,0.0
2016,2,15,20,15,0.0,0.0,1.6,15.5,0.0,0.0,0.0
2016,2,15,20,30,0.0,0.0,1.6,15.0,0.0,0.0,0.0
2016,2,15,20,45,0.0,0.0,1.65,15.0,0.0,0.0,0.0
2016,2,15,21,0,0.0,0.0,1.7,15.0,0.0,0.0,0.0
2016,2,15,21,15,0.0,0.0,1.65,14.5,0.0,0.0,0.0
2016,2,15,21,30,0.0,0.0,1.6,14.0,0.0,0.0,0.0
2016,2,15,21,45,0.0,0.0,1.6,14.0,0.0,0.0,0.0
2016,2,15,22,0,0.0,0.0,1.6,14.0,0.0,0.0,0.0
2016,2,15,22,15,0.0,0.0,1.55,14.0,0.0,0.0,0.0
2016,2,15,22,30,0.0,0.0,1.5,14.0,0.0,0.0,0.0
2016,2,15,22,45,0.0,0.0,1.45,14.0,0.0,0.0,0.0
2016,2,15,23,0,0.0,0.0,1.4,14.0,0.0,0.0,0.0
2016,2,15,23,15,0.0,0.0,1.3,14.0,0.0,0.0,0.0
2016,2,15,23,30,0.0,0.0,1.2,14.0,0.0,0.0,0.0
2016,2,15,23,45,0.0,0.0,1.15,14.0,0.0,0.0,0.0
2016,2,16,0,0,0.0,0.0,1.1,14.0,0.0,0.0,0.0
2016,2,16,0,15,0.0,0.0,1.05,14.0,0.0,0.0,0.0
2016,2,16,0,30,0.0,0.0,1.0,14.0,0.0,0.0,0.0
2016,2,16,0,45,0.0,0.0,0.95,14.0,0.0,0.0,0.0
2016,2,16,1,0,0.0,0.0,0.9,14.0,0.0,0.0,0.0
2016,2,16,1,15,0.0,0.0,0.95,14.0,0.0,0.0,0.0
2016,2,16,1,30,0.0,0.0,1.0,14.0,0.0,0.0,0.0
2016,2,16,1,45,0.0,0.0,1.1,14.0,0.0,0.0,0.0
2016,2,16,2,0,0.0,0.0,1.2,14.0,0.0,0.0,0.0
2016,2,16,2,15,0.0,0.0,1.2,13.5,0.0,0.0,0.0
2016,2,16,2,30,0.0,0.0,1.2,13.0,0.0,0.0,0.0
2016,2,16,2,45,0.0,0.0,1.3,13.0,0.0,0.0,0.0
2016,2,16,3,0,0.0,0.0,1.4,13.0,0.0,0.0,0.0
2016,2,16,3,15,0.0,0.0,1.45,12.5,0.0,0.0,0.0
2016,2,16,3,30,0.0,0.0,1.5,12.0,0.0,0.0,0.0
2016,2,16,3,45,0.0,0.0,1.6,12.0,0.0,0.0,0.0
2016,2,16,4,0,0.0,0.0,1.7,12.0,0.0,0.0,0.0
2016,2,16,4,15,0.0,0.0,1.75,12.0,0.0,0.0,0.0
2016,2,16,4,30,0.0,0.0,1.8,12.0,0.0,0.0,0.0
2016,2,16,4,45,0.0,0.0,1.85,12.0,0.0,0.0,0.0
2016,2,16,5,0,0.0,0.0,1.9,12.0,0.0,0.0,0.0
2016,2,16,5,15,0.0,0.0,1.95,11.5,0.0,0.0,0.0
2016,2,16,5,30,0.0,0.0,2.0,11.0,0.0,0.0,0.0
2016,2,16,5,45,0.0,0.0,2.05,11.0,0.0,0.0,0.0
2016,2,16,6,0,0.0,0.0,2.1,11.0,0.0,0.0,0.0
2016,2,16,6,15,0.0,0.0,2.1,11.0,0.0,0.0,0.0
2016,2,16,6,30,0.0,0.0,2.1,11.0,0.0,0.0,0.0
2016,2,16,6,45,0.0,0.0,2.15,11.5,0.0,0.0,0.0
2016,2,16,7,0,0.0,0.0,2.2,12.0,0.0,0.0,0.0
2016,2,16,7,15,200.5,13.0,2.3,12.5,31.0,62.1,0.0
2016,2,16,7,30,401.0,26.0,2.4,13.0,62.0,148.94,96.66
2016,2,16,7,45,499.5,34.5,2.5,13.5,107.5,216.89,162.41
2016,2,16,8,0,598.0,43.0,2.6,14.0,153.0,296.17,232.84
2016,2,16,8,15,656.5,48.5,2.5,14.0,201.0,364.91,294.44
2016,2,16,8,30,715.0,54.0,2.4,14.0,249.0,438.9,358.4
2016,2,16,8,45,753.0,58.0,2.3,14.5,296.0,504.5,412.75
2016,2,16,9,0,791.0,62.0,2.2,15.0,343.0,572.19,466.37
2016,2,16,9,15,817.0,64.5,2.15,15.5,386.5,631.81,511.88
2016,2,16,9,30,843.0,67.0,2.1,16.0,430.0,691.47,554.45
2016,2,16,9,45,863.5,68.5,2.1,16.5,469.0,739.26,586.63
2016,2,16,10,0,884.0,70.0,2.1,17.0,508.0,791.54,621.42
2016,2,16,10,15,897.0,72.0,2.15,17.0,541.0,836.77,652.13
2016,2,16,10,30,910.0,74.0,2.2,17.0,574.0,879.69,680.97
2016,2,16,10,45,827.5,100.5,2.25,17.5,571.0,873.44,674.25
2016,2,16,11,0,745.0,127.0,2.3,18.0,568.0,855.93,660.35
2016,2,16,11,15,841.0,102.5,2.35,18.0,614.5,927.75,709.82
2016,2,16,11,30,937.0,78.0,2.4,18.0,661.0,994.21,754.03
2016,2,16,11,45,939.0,79.0,2.45,18.5,671.0,1009.52,762.16
2016,2,16,12,0,941.0,80.0,2.5,19.0,681.0,1020.95,768.35
2016,2,16,12,15,941.5,80.0,2.5,19.0,683.5,1025.75,771.24
2016,2,16,12,30,942.0,80.0,2.5,19.0,686.0,1026.57,771.71
2016,2,16,12,45,803.5,125.5,2.55,19.5,639.0,952.65,721.32
2016,2,16,13,0,665.0,171.0,2.6,20.0,592.0,871.15,665.65
2016,2,16,13,15,668.0,164.5,2.6,20.0,580.0,857.93,657.67
2016,2,16,13,30,671.0,158.0,2.6,20.0,568.0,841.62,647.01
2016,2,16,13,45,668.0,152.0,2.6,20.0,549.0,817.33,630.86
2016,2,16,14,0,665.0,146.0,2.6,20.0,530.0,790.36,612.86
2016,2,16,14,15,780.0,109.0,2.55,20.0,538.0,821.79,635.99
2016,2,16,14,30,895.0,72.0,2.5,20.0,546.0,840.2,649.46
2016,2,16,14,45,880.0,70.0,2.45,20.0,511.0,793.88,617.52
2016,2,16,15,0,865.0,68.0,2.4,20.0,476.0,745.65,584.39
2016,2,16,15,15,843.5,66.0,2.2,20.0,435.0,691.15,545.33
2016,2,16,15,30,822.0,64.0,2.0,20.0,394.0,641.02,508.53
2016,2,16,15,45,790.0,61.0,1.85,20.0,348.5,577.03,459.05
2016,2,16,16,0,758.0,58.0,1.7,20.0,303.0,514.01,408.93
2016,2,16,16,15,712.5,53.5,1.55,19.5,255.5,443.69,352.28
2016,2,16,16,30,667.0,49.0,1.4,19.0,208.0,376.66,296.17
2016,2,16,16,45,590.5,43.0,1.3,18.5,160.5,299.25,230.49
2016,2,16,17,0,514.0,37.0,1.2,18.0,113.0,232.08,171.55
2016,2,16,17,15,257.0,34.0,1.15,17.5,72.0,122.4,82.17
2016,2,16,17,30,0.0,31.0,1.1,17.0,31.0,32.36,0.0
2016,2,16,17,45,0.0,15.5,1.05,17.0,15.5,14.1,0.0
2016,2,16,18,0,0.0,0.0,1.0,17.0,0.0,0.0,0.0
2016,2,16,18,15,0.0,0.0,0.95,17.0,0.0,0.0,0.0
2016,2,16,18,30,0.0,0.0,0.9,17.0,0.0,0.0,0.0
2016,2,16,18,45,0.0,0.0,0.9,17.0,0.0,0.0,0.0
2016,2,16,19,0,0.0,0.0,0.9,17.0,0.0,0.0,0.0
2016,2,16,19,15,0.0,0.0,0.95,16.5,0.0,0.0,0.0
2016,2,16,19,30,0.0,0.0,1.0,16.0,0.0,0.0,0.0
2016,2,16,19,45,0.0,0.0,1.1,16.0,0.0,0.0,0.0
2016,2,16,20,0,0.0,0.0,1.2,16.0,0.0,0.0,0.0
2016,2,16,20,15,0.0,0.0,1.3,15.5,0.0,0.0,0.0
2016,2,16,20,30,0.0,0.0,1.4,15.0,0.0,0.0,0.0
2016,2,16,20,45,0.0,0.0,1.5,15.0,0.0,0.0,0.0
2016,2,16,21,0,0.0,0.0,1.6,15.0,0.0,0.0,0.0
2016,2,16,21,15,0.0,0.0,1.7,14.5,0.0,0.0,0.0
2016,2,16,21,30,0.0,0.0,1.8,14.0,0.0,0.0,0.0
2016,2,16,21,45,0.0,0.0,1.95,14.0,0.0,0.0,0.0
2016,2,16,22,0,0.0,0.0,2.1,14.0,0.0,0.0,0.0
2016,2,16,22,15,0.0,0.0,2.25,14.0,0.0,0.0,0.0
2016,2,16,22,30,0.0,0.0,2.4,14.0,0.0,0.0,0.0
2016,2,16,22,45,0.0,0.0,2.55,14.0,0.0,0.0,0.0
2016,2,16,23,0,0.0,0.0,2.7,14.0,0.0,0.0,0.0
2016,2,16,23,15,0.0,0.0,2.85,14.0,0.0,0.0,0.0
2016,2,16,23,30,0.0,0.0,3.0,14.0,0.0,0.0,0.0
2016,2,16,23,45,0.0,0.0,3.15,14.0,0.0,0.0,0.0
2016,2,17,0,0,0.0,0.0,3.3,14.0,0.0,0.0,0.0
2016,2,17,0,15,0.0,0.0,3.45,13.5,0.0,0.0,0.0
2016,2,17,0,30,0.0,0.0,3.6,13.0,0.0,0.0,0.0
2016,2,17,0,45,0.0,0.0,3.75,13.0,0.0,0.0,0.0
2016,2,17,1,0,0.0,0.0,3.9,13.0,0.0,0.0,0.0
2016,2,17,1,15,0.0,0.0,4.15,13.0,0.0,0.0,0.0
2016,2,17,1,30,0.0,0.0,4.4,13.0,0.0,0.0,0.0
2016,2,17,1,45,0.0,0.0,4.65,13.5,0.0,0.0,0.0
2016,2,17,2,0,0.0,0.0,4.9,14.0,0.0,0.0,0.0
2016,2,17,2,15,0.0,0.0,5.05,14.0,0.0,0.0,0.0
2016,2,17,2,30,0.0,0.0,5.2,14.0,0.0,0.0,0.0
2016,2,17,2,45,0.0,0.0,5.35,14.0,0.0,0.0,0.0
2016,2,17,3,0,0.0,0.0,5.5,14.0,0.0,0.0,0.0
2016,2,17,3,15,0.0,0.0,5.5,14.0,0.0,0.0,0.0
2016,2,17,3,30,0.0,0.0,5.5,14.0,0.0,0.0,0.0
2016,2,17,3,45,0.0,0.0,5.55,14.0,0.0,0.0,0.0
2016,2,17,4,0,0.0,0.0,5.6,14.0,0.0,0.0,0.0
2016,2,17,4,15,0.0,0.0,5.6,14.0,0.0,0.0,0.0
2016,2,17,4,30,0.0,0.0,5.6,14.0,0.0,0.0,0.0
2016,2,17,4,45,0.0,0.0,5.6,14.0,0.0,0.0,0.0
2016,2,17,5,0,0.0,0.0,5.6,14.0,0.0,0.0,0.0
2016,2,17,5,15,0.0,0.0,5.75,14.0,0.0,0.0,0.0
2016,2,17,5,30,0.0,0.0,5.9,14.0,0.0,0.0,0.0
2016,2,17,5,45,0.0,0.0,6.1,14.0,0.0,0.0,0.0
2016,2,17,6,0,0.0,0.0,6.3,14.0,0.0,0.0,0.0
2016,2,17,6,15,0.0,0.0,6.6,14.0,0.0,0.0,0.0
2016,2,17,6,30,0.0,0.0,6.9,14.0,0.0,0.0,0.0
2016,2,17,6,45,0.0,0.0,7.2,14.5,0.0,0.0,0.0
2016,2,17,7,0,0.0,0.0,7.5,15.0,0.0,0.0,0.0
2016,2,17,7,15,0.0,11.5,7.55,15.0,11.5,10.12,0.0
2016,2,17,7,30,0.0,23.0,7.6,15.0,23.0,20.27,10.06
2016,2,17,7,45,0.0,40.0,7.65,15.0,40.0,36.34,24.57
2016,2,17,8,0,0.0,57.0,7.7,15.0,57.0,52.51,38.75
2016,2,17,8,15,0.0,76.0,7.6,15.0,76.0,70.79,54.61
2016,2,17,8,30,0.0,95.0,7.5,15.0,95.0,89.08,70.32
2016,2,17,8,45,3.5,112.0,7.45,15.5,113.5,107.25,85.6
2016,2,17,9,0,7.0,129.0,7.4,16.0,132.0,125.88,101.06
2016,2,17,9,15,232.0,138.0,7.55,16.0,239.0,313.43,261.62
2016,2,17,9,30,457.0,147.0,7.7,16.0,346.0,507.71,423.56
2016,2,17,9,45,229.5,155.0,7.85,16.0,255.0,351.93,292.8
2016,2,17,10,0,2.0,163.0,8.0,16.0,164.0,153.73,123.04
2016,2,17,10,15,19.0,194.0,8.05,16.0,205.0,199.36,161.17
2016,2,17,10,30,36.0,225.0,8.1,16.0,246.0,261.83,212.54
2016,2,17,10,45,19.5,203.5,8.15,16.0,215.5,209.31,168.74
2016,2,17,11,0,3.0,182.0,8.2,16.0,185.0,172.02,137.31
2016,2,17,11,15,267.0,198.0,8.1,16.0,366.0,480.86,396.58
2016,2,17,11,30,531.0,214.0,8.0,16.0,547.0,775.12,631.48
2016,2,17,11,45,532.0,218.0,7.95,16.0,556.0,788.16,640.04
2016,2,17,12,0,533.0,222.0,7.9,16.0,565.0,798.81,647.7
2016,2,17,12,15,289.0,250.0,7.9,16.0,436.0,575.82,468.96
2016,2,17,12,30,45.0,278.0,7.9,16.0,307.0,332.81,268.1
2016,2,17,12,45,43.0,273.5,7.95,16.0,301.5,325.52,262.59
2016,2,17,13,0,41.0,269.0,8.0,16.0,296.0,318.22,256.79
2016,2,17,13,15,20.5,141.0,8.05,16.0,154.5,156.54,125.13
2016,2,17,13,30,0.0,13.0,8.1,16.0,13.0,11.47,3.96
2016,2,17,13,45,0.0,66.0,8.15,16.0,66.0,58.42,43.28
2016,2,17,14,0,0.0,119.0,8.2,16.0,119.0,107.12,83.88
2016,2,17,14,15,0.0,121.0,8.2,15.5,121.0,109.2,85.89
2016,2,17,14,30,0.0,123.0,8.2,15.0,123.0,111.37,88.03
2016,2,17,14,45,0.0,70.5,8.25,15.0,70.5,62.36,47.1
2016,2,17,15,0,0.0,18.0,8.3,15.0,18.0,15.86,7.83
2016,2,17,15,15,0.0,16.0,8.3,15.0,16.0,14.09,6.35
2016,2,17,15,30,0.0,14.0,8.3,15.0,14.0,12.32,4.87
2016,2,17,15,45,0.0,12.5,8.35,15.0,12.5,10.99,3.75
2016,2,17,16,0,0.0,11.0,8.4,15.0,11.0,9.67,2.63
2016,2,17,16,15,0.0,9.0,8.45,14.5,9.0,7.9,1.13
2016,2,17,16,30,0.0,7.0,8.5,14.0,7.0,6.14,0.0
2016,2,17,16,45,0.0,5.5,8.55,14.0,5.5,4.82,0.0
2016,2,17,17,0,0.0,4.0,8.6,14.0,4.0,3.51,0.0
2016,2,17,17,15,0.0,2.5,8.6,14.0,2.5,2.19,0.0
2016,2,17,17,30,0.0,1.0,8.6,14.0,1.0,0.87,0.0
2016,2,17,17,45,0.0,0.5,8.6,14.0,0.5,0.45,0.0
2016,2,17,18,0,0.0,0.0,8.6,14.0,0.0,0.0,0.0
2016,2,17,18,15,0.0,0.0,8.4,13.5,0.0,0.0,0.0
2016,2,17,18,30,0.0,0.0,8.2,13.0,0.0,0.0,0.0
2016,2,17,18,45,0.0,0.0,8.05,13.0,0.0,0.0,0.0
2016,2,17,19,0,0.0,0.0,7.9,13.0,0.0,0.0,0.0
2016,2,17,19,15,0.0,0.0,7.9,12.5,0.0,0.0,0.0
2016,2,17,19,30,0.0,0.0,7.9,12.0,0.0,0.0,0.0
2016,2,17,19,45,0.0,0.0,7.9,12.0,0.0,0.0,0.0
2016,2,17,20,0,0.0,0.0,7.9,12.0,0.0,0.0,0.0
2016,2,17,20,15,0.0,0.0,7.25,12.0,0.0,0.0,0.0
2016,2,17,20,30,0.0,0.0,6.6,12.0,0.0,0.0,0.0
2016,2,17,20,45,0.0,0.0,6.0,12.0,0.0,0.0,0.0
2016,2,17,21,0,0.0,0.0,5.4,12.0,0.0,0.0,0.0
2016,2,17,21,15,0.0,0.0,5.15,11.5,0.0,0.0,0.0
2016,2,17,21,30,0.0,0.0,4.9,11.0,0.0,0.0,0.0
2016,2,17,21,45,0.0,0.0,4.7,11.0,0.0,0.0,0.0
2016,2,17,22,0,0.0,0.0,4.5,11.0,0.0,0.0,0.0
2016,2,17,22,15,0.0,0.0,4.6,11.0,0.0,0.0,0.0
2016,2,17,22,30,0.0,0.0,4.7,11.0,0.0,0.0,0.0
2016,2,17,22,45,0.0,0.0,4.8,11.0,0.0,0.0,0.0
2016,2,17,23,0,0.0,0.0,4.9,11.0,0.0,0.0,0.0
2016,2,17,23,15,0.0,0.0,4.95,11.0,0.0,0.0,0.0
2016,2,17,23,30,0.0,0.0,5.0,11.0,0.0,0.0,0.0
2016,2,17,23,45,0.0,0.0,5.05,11.0,0.0,0.0,0.0
2016,2,18,0,0,0.0,0.0,5.1,11.0,0.0,0.0,0.0
2016,2,18,0,15,0.0,0.0,5.1,11.0,0.0,0.0,0.0
2016,2,18,0,30,0.0,0.0,5.1,11.0,0.0,0.0,0.0
2016,2,18,0,45,0.0,0.0,5.15,11.0,0.0,0.0,0.0
2016,2,18,1,0,0.0,0.0,5.2,11.0,0.0,0.0,0.0
2016,2,18,1,15,0.0,0.0,5.4,11.0,0.0,0.0,0.0
2016,2,18,1,30,0.0,0.0,5.6,11.0,0.0,0.0,0.0
2016,2,18,1,45,0.0,0.0,5.85,11.0,0.0,0.0,0.0
2016,2,18,2,0,0.0,0.0,6.1,11.0,0.0,0.0,0.0
2016,2,18,2,15,0.0,0.0,6.2,11.0,0.0,0.0,0.0
2016,2,18,2,30,0.0,0.0,6.3,11.0,0.0,0.0,0.0
2016,2,18,2,45,0.0,0.0,6.45,11.0,0.0,0.0,0.0
2016,2,18,3,0,0.0,0.0,6.6,11.0,0.0,0.0,0.0
2016,2,18,3,15,0.0,0.0,6.65,11.0,0.0,0.0,0.0
2016,2,18,3,30,0.0,0.0,6.7,11.0,0.0,0.0,0.0
2016,2,18,3,45,0.0,0.0,6.75,11.0,0.0,0.0,0.0
2016,2,18,4,0,0.0,0.0,6.8,11.0,0.0,0.0,0.0
2016,2,18,4,15,0.0,0.0,6.75,11.0,0.0,0.0,0.0
2016,2,18,4,30,0.0,0.0,6.7,11.0,0.0,0.0,0.0
2016,2,18,4,45,0.0,0.0,6.65,11.0,0.0,0.0,0.0
2016,2,18,5,0,0.0,0.0,6.6,11.0,0.0,0.0,0.0
2016,2,18,5,15,0.0,0.0,6.45,11.0,0.0,0.0,0.0
2016,2,18,5,30,0.0,0.0,6.3,11.0,0.0,0.0,0.0
2016,2,18,5,45,0.0,0.0,6.15,11.0,0.0,0.0,0.0
2016,2,18,6,0,0.0,0.0,6.0,11.0,0.0,0.0,0.0
2016,2,18,6,15,0.0,0.0,5.95,11.0,0.0,0.0,0.0
2016,2,18,6,30,0.0,0.0,5.9,11.0,0.0,0.0,0.0
2016,2,18,6,45,0.0,0.0,5.9,11.0,0.0,0.0,0.0
2016,2,18,7,0,0.0,0.0,5.9,11.0,0.0,0.0,0.0
2016,2,18,7,15,83.5,20.5,6.0,11.0,29.0,42.44,0.0
2016,2,18,7,30,167.0,41.0,6.1,11.0,58.0,98.62,68.12
2016,2,18,7,45,270.5,55.5,6.25,11.5,100.0,164.41,126.78
2016,2,18,8,0,374.0,70.0,6.4,12.0,142.0,238.12,191.8
2016,2,18,8,15,444.0,80.0,6.35,12.0,189.0,303.52,250.78
2016,2,18,8,30,514.0,90.0,6.3,12.0,236.0,376.27,315.13
2016,2,18,8,45,564.0,97.0,6.3,12.5,282.0,445.1,374.31
2016,2,18,9,0,614.0,104.0,6.3,13.0,328.0,514.96,432.78
2016,2,18,9,15,648.0,109.0,6.2,13.0,371.0,575.31,482.67
2016,2,18,9,30,682.0,114.0,6.1,13.0,414.0,636.85,532.29
2016,2,18,9,45,357.0,157.5,6.1,13.0,315.5,465.66,389.57
2016,2,18,10,0,32.0,201.0,6.1,13.0,217.0,230.37,188.68
2016,2,18,10,15,402.0,163.5,6.05,13.0,387.5,539.51,450.42
2016,2,18,10,30,772.0,126.0,6.0,13.0,558.0,837.61,685.13
2016,2,18,10,45,785.0,128.0,6.0,13.5,583.5,874.98,709.53
2016,2,18,11,0,798.0,130.0,6.0,14.0,609.0,909.89,733.1
2016,2,18,11,15,805.5,131.0,5.95,14.0,627.5,935.75,750.98
2016,2,18,11,30,813.0,132.0,5.9,14.0,646.0,952.01,761.83
2016,2,18,11,45,817.5,133.0,5.85,14.0,656.0,968.49,773.0
2016,2,18,12,0,822.0,134.0,5.8,14.0,666.0,981.5,781.73
2016,2,18,12,15,703.0,170.0,5.7,14.0,626.5,917.36,733.79
2016,2,18,12,30,584.0,206.0,5.6,14.0,587.0,833.82,671.2
2016,2,18,12,45,610.5,195.0,5.6,14.0,590.0,851.31,685.13
2016,2,18,13,0,637.0,184.0,5.6,14.0,593.0,859.75,691.63
2016,2,18,13,15,625.0,186.0,5.5,14.0,580.5,841.67,678.02
2016,2,18,13,30,613.0,188.0,5.4,14.0,568.0,820.98,662.69
2016,2,18,13,45,524.0,207.0,5.35,14.0,524.0,741.0,600.93
2016,2,18,14,0,435.0,226.0,5.3,14.0,480.0,668.36,543.85
2016,2,18,14,15,498.5,195.0,5.2,13.5,473.0,675.17,552.64
2016,2,18,14,30,562.0,164.0,5.1,13.0,466.0,675.62,556.07
2016,2,18,14,45,670.0,130.0,5.0,13.0,467.5,709.08,583.77
2016,2,18,15,0,778.0,96.0,4.9,13.0,469.0,720.41,593.22
2016,2,18,15,15,753.0,92.5,4.75,13.0,428.5,667.75,552.97
2016,2,18,15,30,728.0,89.0,4.6,13.0,388.0,611.26,507.7
2016,2,18,15,45,699.5,83.0,4.5,13.0,344.0,549.85,457.69
2016,2,18,16,0,671.0,77.0,4.4,13.0,300.0,489.38,407.1
2016,2,18,16,15,621.0,71.0,4.1,12.5,253.0,419.1,347.32
2016,2,18,16,30,571.0,65.0,3.8,12.0,206.0,352.83,289.37
2016,2,18,16,45,498.0,56.5,3.55,12.0,159.5,279.1,223.7
2016,2,18,17,0,425.0,48.0,3.3,12.0,113.0,213.02,163.76
2016,2,18,17,15,300.0,35.5,3.15,11.5,73.0,136.76,96.37
2016,2,18,17,30,175.0,23.0,3.0,11.0,33.0,70.45,15.29
2016,2,18,17,45,87.5,11.5,2.95,11.0,16.5,24.49,0.0
2016,2,18,18,0,0.0,0.0,2.9,11.0,0.0,0.0,0.0
2016,2,18,18,15,0.0,0.0,2.85,11.0,0.0,0.0,0.0
2016,2,18,18,30,0.0,0.0,2.8,11.0,0.0,0.0,0.0
2016,2,18,18,45,0.0,0.0,2.75,11.0,0.0,0.0,0.0
2016,2,18,19,0,0.0,0.0,2.7,11.0,0.0,0.0,0.0
2016,2,18,19,15,0.0,0.0,2.65,10.5,0.0,0.0,0.0
2016,2,18,19,30,0.0,0.0,2.6,10.0,0.0,0.0,0.0
2016,2,18,19,45,0.0,0.0,2.6,10.0,0.0,0.0,0.0
2016,2,18,20,0,0.0,0.0,2.6,10.0,0.0,0.0,0.0
2016,2,18,20,15,0.0,0.0,2.55,10.0,0.0,0.0,0.0
2016,2,18,20,30,0.0,0.0,2.5,10.0,0.0,0.0,0.0
2016,2,18,20,45,0.0,0.0,2.5,10.0,0.0,0.0,0.0
2016,2,18,21,0,0.0,0.0,2.5,10.0,0.0,0.0,0.0
2016,2,18,21,15,0.0,0.0,2.5,10.0,0.0,0.0,0.0
2016,2,18,21,30,0.0,0.0,2.5,10.0,0.0,0.0,0.0
2016,2,18,21,45,0.0,0.0,2.55,10.0,0.0,0.0,0.0
2016,2,18,22,0,0.0,0.0,2.6,10.0,0.0,0.0,0.0
2016,2,18,22,15,0.0,0.0,2.65,10.0,0.0,0.0,0.0
2016,2,18,22,30,0.0,0.0,2.7,10.0,0.0,0.0,0.0
2016,2,18,22,45,0.0,0.0,2.8,10.0,0.0,0.0,0.0
2016,2,18,23,0,0.0,0.0,2.9,10.0,0.0,0.0,0.0
2016,2,18,23,15,0.0,0.0,2.95,9.5,0.0,0.0,0.0
2016,2,18,23,30,0.0,0.0,3.0,9.0,0.0,0.0,0.0
2016,2,18,23,45,0.0,0.0,3.1,9.0,0.0,0.0,0.0
2016,2,19,0,0,0.0,0.0,3.2,9.0,0.0,0.0,0.0
2016,2,19,0,15,0.0,0.0,3.25,9.0,0.0,0.0,0.0
2016,2,19,0,30,0.0,0.0,3.3,9.0,0.0,0.0,0.0
2016,2,19,0,45,0.0,0.0,3.4,9.0,0.0,0.0,0.0
2016,2,19,1,0,0.0,0.0,3.5,9.0,0.0,0.0,0.0
2016,2,19,1,15,0.0,0.0,3.55,9.0,0.0,0.0,0.0
2016,2,19,1,30,0.0,0.0,3.6,9.0,0.0,0.0,0.0
2016,2,19,1,45,0.0,0.0,3.7,9.0,0.0,0.0,0.0
2016,2,19,2,0,0.0,0.0,3.8,9.0,0.0,0.0,0.0
2016,2,19,2,15,0.0,0.0,3.85,9.0,0.0,0.0,0.0
2016,2,19,2,30,0.0,0.0,3.9,9.0,0.0,0.0,0.0
2016,2,19,2,45,0.0,0.0,4.0,9.0,0.0,0.0,0.0
2016,2,19,3,0,0.0,0.0,4.1,9.0,0.0,0.0,0.0
2016,2,19,3,15,0.0,0.0,4.1,9.0,0.0,0.0,0.0
2016,2,19,3,30,0.0,0.0,4.1,9.0,0.0,0.0,0.0
2016,2,19,3,45,0.0,0.0,4.2,9.0,0.0,0.0,0.0
2016,2,19,4,0,0.0,0.0,4.3,9.0,0.0,0.0,0.0
2016,2,19,4,15,0.0,0.0,4.35,9.0,0.0,0.0,0.0
2016,2,19,4,30,0.0,0.0,4.4,9.0,0.0,0.0,0.0
2016,2,19,4,45,0.0,0.0,4.45,9.0,0.0,0.0,0.0
2016,2,19,5,0,0.0,0.0,4.5,9.0,0.0,0.0,0.0
2016,2,19,5,15,0.0,0.0,4.55,9.0,0.0,0.0,0.0
2016,2,19,5,30,0.0,0.0,4.6,9.0,0.0,0.0,0.0
2016,2,19,5,45,0.0,0.0,4.7,9.0,0.0,0.0,0.0
2016,2,19,6,0,0.0,0.0,4.8,9.0,0.0,0.0,0.0
2016,2,19,6,15,0.0,0.0,4.95,9.5,0.0,0.0,0.0
2016,2,19,6,30,0.0,0.0,5.1,10.0,0.0,0.0,0.0
2016,2,19,6,45,0.0,0.0,5.3,10.5,0.0,0.0,0.0
2016,2,19,7,0,0.0,0.0,5.5,11.0,0.0,0.0,0.0
2016,2,19,7,15,169.0,16.5,5.8,11.0,33.5,60.91,2.56
2016,2,19,7,30,338.0,33.0,6.1,11.0,67.0,142.05,98.82
2016,2,19,7,45,427.0,43.0,6.4,11.5,111.0,205.04,157.71
2016,2,19,8,0,516.0,53.0,6.7,12.0,155.0,278.46,224.18
2016,2,19,8,15,576.5,60.0,6.85,12.0,202.0,345.44,285.65
2016,2,19,8,30,637.0,67.0,7.0,12.0,249.0,418.2,350.85
2016,2,19,8,45,670.0,73.0,7.2,12.5,294.0,479.58,404.54
2016,2,19,9,0,703.0,79.0,7.4,13.0,339.0,542.81,458.16
2016,2,19,9,15,696.0,86.5,7.45,13.0,369.5,582.66,491.77
2016,2,19,9,30,689.0,94.0,7.5,13.0,400.0,619.86,522.31
2016,2,19,9,45,487.5,155.0,7.55,13.5,381.0,561.47,470.39
2016,2,19,10,0,286.0,216.0,7.6,14.0,362.0,476.99,396.47
2016,2,19,10,15,342.5,219.5,7.5,14.0,405.0,538.63,446.99
2016,2,19,10,30,399.0,223.0,7.4,14.0,448.0,603.0,498.73
2016,2,19,10,45,293.5,253.5,7.35,14.0,423.0,556.45,457.96
2016,2,19,11,0,188.0,284.0,7.3,14.0,398.0,486.23,398.48
2016,2,19,11,15,164.5,293.0,7.1,13.5,395.0,478.55,391.81
2016,2,19,11,30,141.0,302.0,6.9,13.0,392.0,469.4,383.84
2016,2,19,11,45,191.5,304.0,6.75,13.0,428.5,522.36,427.19
2016,2,19,12,0,242.0,306.0,6.6,13.0,465.0,575.67,470.22
2016,2,19,12,15,294.0,297.0,6.35,13.0,490.0,635.87,517.84
2016,2,19,12,30,346.0,288.0,6.1,13.0,515.0,676.44,549.98
2016,2,19,12,45,232.5,297.5,5.9,13.0,449.5,556.46,453.23
2016,2,19,13,0,119.0,307.0,5.7,13.0,384.0,455.85,370.3
2016,2,19,13,15,88.0,290.0,5.4,13.0,346.5,386.77,314.73
2016,2,19,13,30,57.0,273.0,5.1,13.0,309.0,336.67,273.67
2016,2,19,13,45,38.5,247.0,4.85,13.0,271.0,288.83,234.73
2016,2,19,14,0,20.0,221.0,4.6,13.0,233.0,227.57,184.56
2016,2,19,14,15,19.0,211.5,4.35,12.5,222.5,216.88,176.41
2016,2,19,14,30,18.0,202.0,4.1,12.0,212.0,206.31,168.25
2016,2,19,14,45,9.0,173.5,3.95,12.0,178.5,169.58,137.83
2016,2,19,15,0,0.0,145.0,3.8,12.0,145.0,133.95,108.11
2016,2,19,15,15,54.5,161.0,3.75,12.0,183.5,200.4,165.61
2016,2,19,15,30,109.0,177.0,3.7,12.0,222.0,265.91,221.09
2016,2,19,15,45,99.0,159.5,3.7,12.0,197.0,225.22,187.16
2016,2,19,16,0,89.0,142.0,3.7,12.0,172.0,196.54,162.99
2016,2,19,16,15,80.0,121.0,3.65,11.5,145.0,165.22,136.46
2016,2,19,16,30,71.0,100.0,3.6,11.0,118.0,134.89,110.24
2016,2,19,16,45,55.0,79.0,3.55,11.0,91.5,102.71,81.88
2016,2,19,17,0,39.0,58.0,3.5,11.0,65.0,72.32,54.98
2016,2,19,17,15,19.5,38.5,3.45,10.5,42.0,44.49,30.33
2016,2,19,17,30,0.0,19.0,3.4,10.0,19.0,16.92,1.92
2016,2,19,17,45,0.0,9.5,3.4,10.0,9.5,8.64,0.0
2016,2,19,18,0,0.0,0.0,3.4,10.0,0.0,0.0,0.0
2016,2,19,18,15,0.0,0.0,3.35,9.5,0.0,0.0,0.0
2016,2,19,18,30,0.0,0.0,3.3,9.0,0.0,0.0,0.0
2016,2,19,18,45,0.0,0.0,3.25,9.0,0.0,0.0,0.0
2016,2,19,19,0,0.0,0.0,3.2,9.0,0.0,0.0,0.0
2016,2,19,19,15,0.0,0.0,3.1,9.0,0.0,0.0,0.0
2016,2,19,19,30,0.0,0.0,3.0,9.0,0.0,0.0,0.0
2016,2,19,19,45,0.0,0.0,2.95,9.0,0.0,0.0,0.0
2016,2,19,20,0,0.0,0.0,2.9,9.0,0.0,0.0,0.0
2016,2,19,20,15,0.0,0.0,2.85,9.0,0.0,0.0,0.0
2016,2,19,20,30,0.0,0.0,2.8,9.0,0.0,0.0,0.0
2016,2,19,20,45,0.0,0.0,2.75,9.0,0.0,0.0,0.0
2016,2,19,21,0,0.0,0.0,2.7,9.0,0.0,0.0,0.0
2016,2,19,21,15,0.0,0.0,2.65,8.5,0.0,0.0,0.0
2016,2,19,21,30,0.0,0.0,2.6,8.0,0.0,0.0,0.0
2016,2,19,21,45,0.0,0.0,2.55,8.0,0.0,0.0,0.0
2016,2,19,22,0,0.0,0.0,2.5,8.0,0.0,0.0,0.0
2016,2,19,22,15,0.0,0.0,2.5,8.0,0.0,0.0,0.0
2016,2,19,22,30,0.0,0.0,2.5,8.0,0.0,0.0,0.0
2016,2,19,22,45,0.0,0.0,2.5,8.0,0.0,0.0,0.0
2016,2,19,23,0,0.0,0.0,2.5,8.0,0.0,0.0,0.0
2016,2,19,23,15,0.0,0.0,2.5,8.0,0.0,0.0,0.0
2016,2,19,23,30,0.0,0.0,2.5,8.0,0.0,0.0,0.0
2016,2,19,23,45,0.0,0.0,2.55,8.0,0.0,0.0,0.0
2016,2,20,0,0,0.0,0.0,2.6,8.0,0.0,0.0,0.0
2016,2,20,0,15,0.0,0.0,2.55,8.0,0.0,0.0,0.0
2016,2,20,0,30,0.0,0.0,2.5,8.0,0.0,0.0,0.0
2016,2,20,0,45,0.0,0.0,2.5,8.0,0.0,0.0,0.0
2016,2,20,1,0,0.0,0.0,2.5,8.0,0.0,0.0,0.0
2016,2,20,1,15,0.0,0.0,2.5,8.0,0.0,0.0,0.0
2016,2,20,1,30,0.0,0.0,2.5,8.0,0.0,0.0,0.0
2016,2,20,1,45,0.0,0.0,2.55,8.0,0.0,0.0,0.0
2016,2,20,2,0,0.0,0.0,2.6,8.0,0.0,0.0,0.0
2016,2,20,2,15,0.0,0.0,2.6,7.5,0.0,0.0,0.0
2016,2,20,2,30,0.0,0.0,2.6,7.0,0.0,0.0,0.0
2016,2,20,2,45,0.0,0.0,2.6,7.0,0.0,0.0,0.0
2016,2,20,3,0,0.0,0.0,2.6,7.0,0.0,0.0,0.0
2016,2,20,3,15,0.0,0.0,2.7,7.0,0.0,0.0,0.0
2016,2,20,3,30,0.0,0.0,2.8,7.0,0.0,0.0,0.0
2016,2,20,3,45,0.0,0.0,2.9,7.0,0.0,0.0,0.0
2016,2,20,4,0,0.0,0.0,3.0,7.0,0.0,0.0,0.0
2016,2,20,4,15,0.0,0.0,3.1,6.5,0.0,0.0,0.0
2016,2,20,4,30,0.0,0.0,3.2,6.0,0.0,0.0,0.0
2016,2,20,4,45,0.0,0.0,3.3,6.0,0.0,0.0,0.0
2016,2,20,5,0,0.0,0.0,3.4,6.0,0.0,0.0,0.0
2016,2,20,5,15,0.0,0.0,3.45,6.0,0.0,0.0,0.0
2016,2,20,5,30,0.0,0.0,3.5,6.0,0.0,0.0,0.0
2016,2,20,5,45,0.0,0.0,3.55,6.0,0.0,0.0,0.0
2016,2,20,6,0,0.0,0.0,3.6,6.0,0.0,0.0,0.0
2016,2,20,6,15,0.0,0.0,3.6,6.0,0.0,0.0,0.0
2016,2,20,6,30,0.0,0.0,3.6,6.0,0.0,0.0,0.0
2016,2,20,6,45,0.0,0.0,3.6,6.5,0.0,0.0,0.0
2016,2,20,7,0,0.0,0.0,3.6,7.0,0.0,0.0,0.0
2016,2,20,7,15,115.0,19.0,3.6,7.0,31.0,51.14,9.85
2016,2,20,7,30,230.0,38.0,3.6,7.0,62.0,116.66,83.65
2016,2,20,7,45,294.0,53.5,3.6,7.5,101.5,169.88,133.08
2016,2,20,8,0,358.0,69.0,3.6,8.0,141.0,230.82,188.25
2016,2,20,8,15,401.5,82.0,3.45,8.5,183.0,286.85,238.81
2016,2,20,8,30,445.0,95.0,3.3,9.0,225.0,347.28,291.7
2016,2,20,8,45,491.0,100.0,3.15,9.5,265.5,404.06,340.15
2016,2,20,9,0,537.0,105.0,3.0,10.0,306.0,469.87,394.25
2016,2,20,9,15,617.0,99.0,2.85,10.0,356.0,545.16,455.51
2016,2,20,9,30,697.0,93.0,2.7,10.0,406.0,625.14,518.61
2016,2,20,9,45,720.5,96.5,2.55,10.5,444.5,678.22,556.36
2016,2,20,10,0,744.0,100.0,2.4,11.0,483.0,730.82,592.4
2016,2,20,10,15,738.5,110.5,2.25,11.0,510.5,766.95,616.43
2016,2,20,10,30,733.0,121.0,2.1,11.0,538.0,799.92,637.82
2016,2,20,10,45,692.0,142.5,1.95,11.5,550.0,810.65,641.68
2016,2,20,11,0,651.0,164.0,1.8,12.0,562.0,815.65,641.62
2016,2,20,11,15,652.0,170.0,1.65,12.0,578.5,838.16,655.16
2016,2,20,11,30,653.0,176.0,1.5,12.0,595.0,857.84,666.28
2016,2,20,11,45,522.5,226.0,1.4,12.5,564.5,789.49,613.4
2016,2,20,12,0,392.0,276.0,1.3,13.0,534.0,705.6,548.97
2016,2,20,12,15,408.5,272.5,1.3,13.0,542.0,719.59,560.21
2016,2,20,12,30,425.0,269.0,1.3,13.0,550.0,749.09,580.96
2016,2,20,12,45,543.5,223.5,1.35,13.0,580.0,812.7,629.42
2016,2,20,13,0,662.0,178.0,1.4,13.0,610.0,878.93,676.9
2016,2,20,13,15,658.0,176.0,1.5,13.0,597.5,863.9,667.47
2016,2,20,13,30,654.0,174.0,1.6,13.0,585.0,846.0,657.03
2016,2,20,13,45,772.5,132.5,1.7,13.5,603.0,893.66,691.06
2016,2,20,14,0,891.0,91.0,1.8,14.0,621.0,917.57,707.85
2016,2,20,14,15,880.5,89.5,1.9,14.0,592.0,889.29,690.29
2016,2,20,14,30,870.0,88.0,2.0,14.0,563.0,849.65,665.1
2016,2,20,14,45,858.5,84.5,2.15,14.0,528.5,804.31,635.89
2016,2,20,15,0,847.0,81.0,2.3,14.0,494.0,756.82,604.39
2016,2,20,15,15,825.5,78.0,2.4,13.5,453.0,700.83,566.48
2016,2,20,15,30,804.0,75.0,2.5,13.0,412.0,644.1,526.12
2016,2,20,15,45,777.0,70.5,2.6,13.0,366.5,581.82,477.73
2016,2,20,16,0,750.0,66.0,2.7,13.0,321.0,520.09,427.95
2016,2,20,16,15,706.0,61.0,2.65,12.5,273.0,449.88,369.82
2016,2,20,16,30,662.0,56.0,2.6,12.0,225.0,382.81,312.08
2016,2,20,16,45,594.0,49.0,2.55,11.5,176.0,309.74,247.68
2016,2,20,17,0,526.0,42.0,2.5,11.0,127.0,241.6,185.98
2016,2,20,17,15,407.0,32.0,2.5,11.0,84.0,163.43,116.14
2016,2,20,17,30,288.0,22.0,2.5,11.0,41.0,96.11,38.27
2016,2,20,17,45,144.0,11.0,2.55,11.0,20.5,33.02,0.0
2016,2,20,18,0,0.0,0.0,2.6,11.0,0.0,0.0,0.0
2016,2,20,18,15,0.0,0.0,2.55,10.5,0.0,0.0,0.0
2016,2,20,18,30,0.0,0.0,2.5,10.0,0.0,0.0,0.0
2016,2,20,18,45,0.0,0.0,2.5,10.0,0.0,0.0,0.0
2016,2,20,19,0,0.0,0.0,2.5,10.0,0.0,0.0,0.0
2016,2,20,19,15,0.0,0.0,2.5,10.0,0.0,0.0,0.0
2016,2,20,19,30,0.0,0.0,2.5,10.0,0.0,0.0,0.0
2016,2,20,19,45,0.0,0.0,2.55,10.0,0.0,0.0,0.0
2016,2,20,20,0,0.0,0.0,2.6,10.0,0.0,0.0,0.0
2016,2,20,20,15,0.0,0.0,2.6,9.5,0.0,0.0,0.0
2016,2,20,20,30,0.0,0.0,2.6,9.0,0.0,0.0,0.0
2016,2,20,20,45,0.0,0.0,2.65,9.0,0.0,0.0,0.0
2016,2,20,21,0,0.0,0.0,2.7,9.0,0.0,0.0,0.0
2016,2,20,21,15,0.0,0.0,2.7,9.0,0.0,0.0,0.0
2016,2,20,21,30,0.0,0.0,2.7,9.0,0.0,0.0,0.0
2016,2,20,21,45,0.0,0.0,2.75,9.0,0.0,0.0,0.0
2016,2,20,22,0,0.0,0.0,2.8,9.0,0.0,0.0,0.0
2016,2,20,22,15,0.0,0.0,2.8,9.0,0.0,0.0,0.0
2016,2,20,22,30,0.0,0.0,2.8,9.0,0.0,0.0,0.0
2016,2,20,22,45,0.0,0.0,2.85,9.0,0.0,0.0,0.0
2016,2,20,23,0,0.0,0.0,2.9,9.0,0.0,0.0,0.0
2016,2,20,23,15,0.0,0.0,2.95,9.0,0.0,0.0,0.0
2016,2,20,23,30,0.0,0.0,3.0,9.0,0.0,0.0,0.0
2016,2,20,23,45,0.0,0.0,3.05,9.0,0.0,0.0,0.0
2016,2,21,0,0,0.0,0.0,3.1,9.0,0.0,0.0,0.0
2016,2,21,0,15,0.0,0.0,3.1,8.5,0.0,0.0,0.0
2016,2,21,0,30,0.0,0.0,3.1,8.0,0.0,0.0,0.0
2016,2,21,0,45,0.0,0.0,3.15,8.0,0.0,0.0,0.0
2016,2,21,1,0,0.0,0.0,3.2,8.0,0.0,0.0,0.0
2016,2,21,1,15,0.0,0.0,3.15,8.0,0.0,0.0,0.0
2016,2,21,1,30,0.0,0.0,3.1,8.0,0.0,0.0,0.0
2016,2,21,1,45,0.0,0.0,3.1,8.0,0.0,0.0,0.0
2016,2,21,2,0,0.0,0.0,3.1,8.0,0.0,0.0,0.0
2016,2,21,2,15,0.0,0.0,3.05,8.0,0.0,0.0,0.0
2016,2,21,2,30,0.0,0.0,3.0,8.0,0.0,0.0,0.0
2016,2,21,2,45,0.0,0.0,3.0,8.0,0.0,0.0,0.0
2016,2,21,3,0,0.0,0.0,3.0,8.0,0.0,0.0,0.0
2016,2,21,3,15,0.0,0.0,2.95,8.0,0.0,0.0,0.0
2016,2,21,3,30,0.0,0.0,2.9,8.0,0.0,0.0,0.0
2016,2,21,3,45,0.0,0.0,2.9,8.0,0.0,0.0,0.0
2016,2,21,4,0,0.0,0.0,2.9,8.0,0.0,0.0,0.0
2016,2,21,4,15,0.0,0.0,2.9,8.0,0.0,0.0,0.0
2016,2,21,4,30,0.0,0.0,2.9,8.0,0.0,0.0,0.0
2016,2,21,4,45,0.0,0.0,2.95,8.0,0.0,0.0,0.0
2016,2,21,5,0,0.0,0.0,3.0,8.0,0.0,0.0,0.0
2016,2,21,5,15,0.0,0.0,3.0,7.5,0.0,0.0,0.0
2016,2,21,5,30,0.0,0.0,3.0,7.0,0.0,0.0,0.0
2016,2,21,5,45,0.0,0.0,3.05,7.0,0.0,0.0,0.0
2016,2,21,6,0,0.0,0.0,3.1,7.0,0.0,0.0,0.0
2016,2,21,6,15,0.0,0.0,3.1,7.0,0.0,0.0,0.0
2016,2,21,6,30,0.0,0.0,3.1,7.0,0.0,0.0,0.0
2016,2,21,6,45,0.0,0.0,3.1,7.5,0.0,0.0,0.0
2016,2,21,7,0,0.0,0.0,3.1,8.0,0.0,0.0,0.0
2016,2,21,7,15,216.0,16.5,3.2,8.5,40.0,72.16,23.38
2016,2,21,7,30,432.0,33.0,3.3,9.0,80.0,168.53,119.94
2016,2,21,7,45,526.0,41.0,3.45,9.5,128.0,237.01,183.35
2016,2,21,8,0,620.0,49.0,3.6,10.0,176.0,316.33,254.87
2016,2,21,8,15,675.5,54.5,3.6,10.5,226.0,383.42,315.58
2016,2,21,8,30,731.0,60.0,3.6,11.0,276.0,457.61,380.09
2016,2,21,8,45,771.0,63.5,3.6,11.5,325.0,525.19,437.08
2016,2,21,9,0,811.0,67.0,3.6,12.0,374.0,594.99,493.73
2016,2,21,9,15,836.0,70.0,3.55,12.0,419.0,655.95,542.31
2016,2,21,9,30,861.0,73.0,3.5,12.0,464.0,716.8,587.9
2016,2,21,9,45,880.5,75.0,3.5,12.5,504.0,765.56,621.82
2016,2,21,10,0,900.0,77.0,3.5,13.0,544.0,818.65,658.35
2016,2,21,10,15,913.0,78.5,3.45,13.0,577.5,864.08,689.56
2016,2,21,10,30,926.0,80.0,3.4,13.0,611.0,907.1,718.68
2016,2,21,10,45,935.0,81.0,3.4,13.5,637.0,943.25,741.59
2016,2,21,11,0,944.0,82.0,3.4,14.0,663.0,976.27,762.13
2016,2,21,11,15,949.5,83.0,3.4,14.0,682.0,1002.63,779.37
2016,2,21,11,30,955.0,84.0,3.4,14.0,701.0,1025.34,794.16
2016,2,21,11,45,957.5,84.5,3.4,14.0,711.0,1040.73,804.02
2016,2,21,12,0,960.0,85.0,3.4,14.0,721.0,1052.14,811.35
2016,2,21,12,15,960.5,85.0,3.5,14.0,723.5,1056.94,815.19
2016,2,21,12,30,961.0,85.0,3.6,14.0,726.0,1057.65,816.45
2016,2,21,12,45,819.0,129.5,3.7,14.5,672.5,977.35,760.12
2016,2,21,13,0,677.0,174.0,3.8,15.0,619.0,889.79,698.34
2016,2,21,13,15,677.5,169.0,3.9,15.0,606.5,875.56,689.8
2016,2,21,13,30,678.0,164.0,4.0,15.0,594.0,858.27,678.54
2016,2,21,13,45,725.5,141.0,4.15,15.0,587.5,860.92,682.08
2016,2,21,14,0,773.0,118.0,4.3,15.0,581.0,852.53,677.71
2016,2,21,14,15,773.5,110.5,4.45,15.0,555.0,821.54,657.13
2016,2,21,14,30,774.0,103.0,4.6,15.0,529.0,787.49,634.15
2016,2,21,14,45,700.5,114.5,4.75,15.0,481.5,717.16,583.31
2016,2,21,15,0,627.0,126.0,4.9,15.0,434.0,644.98,529.28
2016,2,21,15,15,636.0,112.0,4.95,14.5,402.0,607.31,501.87
2016,2,21,15,30,645.0,98.0,5.0,14.0,370.0,566.74,471.08
2016,2,21,15,45,700.5,82.5,5.05,13.5,348.5,550.63,459.0
2016,2,21,16,0,756.0,67.0,5.1,13.0,327.0,524.91,437.76
2016,2,21,16,15,710.5,62.0,4.95,12.5,278.0,453.51,377.0
2016,2,21,16,30,665.0,57.0,4.8,12.0,229.0,387.51,318.89
2016,2,21,16,45,594.5,50.5,4.65,12.0,179.5,311.59,250.68
2016,2,21,17,0,524.0,44.0,4.5,12.0,130.0,242.97,187.67
2016,2,21,17,15,404.0,34.0,4.4,11.5,86.5,164.49,117.78
2016,2,21,17,30,284.0,24.0,4.3,11.0,43.0,97.63,44.71
2016,2,21,17,45,142.0,12.0,4.25,11.0,21.5,33.57,0.0
2016,2,21,18,0,0.0,0.0,4.2,11.0,0.0,0.0,0.0
2016,2,21,18,15,0.0,0.0,4.1,10.5,0.0,0.0,0.0
2016,2,21,18,30,0.0,0.0,4.0,10.0,0.0,0.0,0.0
2016,2,21,18,45,0.0,0.0,3.9,10.0,0.0,0.0,0.0
2016,2,21,19,0,0.0,0.0,3.8,10.0,0.0,0.0,0.0
2016,2,21,19,15,0.0,0.0,3.7,10.0,0.0,0.0,0.0
2016,2,21,19,30,0.0,0.0,3.6,10.0,0.0,0.0,0.0
2016,2,21,19,45,0.0,0.0,3.55,10.0,0.0,0.0,0.0
2016,2,21,20,0,0.0,0.0,3.5,10.0,0.0,0.0,0.0
2016,2,21,20,15,0.0,0.0,3.35,10.0,0.0,0.0,0.0
2016,2,21,20,30,0.0,0.0,3.2,10.0,0.0,0.0,0.0
2016,2,21,20,45,0.0,0.0,3.1,10.0,0.0,0.0,0.0
2016,2,21,21,0,0.0,0.0,3.0,10.0,0.0,0.0,0.0
2016,2,21,21,15,0.0,0.0,3.0,10.0,0.0,0.0,0.0
2016,2,21,21,30,0.0,0.0,3.0,10.0,0.0,0.0,0.0
2016,2,21,21,45,0.0,0.0,3.05,10.0,0.0,0.0,0.0
2016,2,21,22,0,0.0,0.0,3.1,10.0,0.0,0.0,0.0
2016,2,21,22,15,0.0,0.0,3.1,10.0,0.0,0.0,0.0
2016,2,21,22,30,0.0,0.0,3.1,10.0,0.0,0.0,0.0
2016,2,21,22,45,0.0,0.0,3.15,10.0,0.0,0.0,0.0
2016,2,21,23,0,0.0,0.0,3.2,10.0,0.0,0.0,0.0
2016,2,21,23,15,0.0,0.0,3.25,9.5,0.0,0.0,0.0
2016,2,21,23,30,0.0,0.0,3.3,9.0,0.0,0.0,0.0
2016,2,21,23,45,0.0,0.0,3.35,9.0,0.0,0.0,0.0
2016,2,22,0,0,0.0,0.0,3.4,9.0,0.0,0.0,0.0
2016,2,22,0,15,0.0,0.0,3.45,9.0,0.0,0.0,0.0
2016,2,22,0,30,0.0,0.0,3.5,9.0,0.0,0.0,0.0
2016,2,22,0,45,0.0,0.0,3.55,9.0,0.0,0.0,0.0
2016,2,22,1,0,0.0,0.0,3.6,9.0,0.0,0.0,0.0
2016,2,22,1,15,0.0,0.0,3.55,9.0,0.0,0.0,0.0
2016,2,22,1,30,0.0,0.0,3.5,9.0,0.0,0.0,0.0
2016,2,22,1,45,0.0,0.0,3.5,9.0,0.0,0.0,0.0
2016,2,22,2,0,0.0,0.0,3.5,9.0,0.0,0.0,0.0
2016,2,22,2,15,0.0,0.0,3.45,9.0,0.0,0.0,0.0
2016,2,22,2,30,0.0,0.0,3.4,9.0,0.0,0.0,0.0
2016,2,22,2,45,0.0,0.0,3.35,9.0,0.0,0.0,0.0
2016,2,22,3,0,0.0,0.0,3.3,9.0,0.0,0.0,0.0
2016,2,22,3,15,0.0,0.0,3.3,9.0,0.0,0.0,0.0
2016,2,22,3,30,0.0,0.0,3.3,9.0,0.0,0.0,0.0
2016,2,22,3,45,0.0,0.0,3.35,9.0,0.0,0.0,0.0
2016,2,22,4,0,0.0,0.0,3.4,9.0,0.0,0.0,0.0
2016,2,22,4,15,0.0,0.0,3.4,8.5,0.0,0.0,0.0
2016,2,22,4,30,0.0,0.0,3.4,8.0,0.0,0.0,0.0
2016,2,22,4,45,0.0,0.0,3.4,8.0,0.0,0.0,0.0
2016,2,22,5,0,0.0,0.0,3.4,8.0,0.0,0.0,0.0
2016,2,22,5,15,0.0,0.0,3.35,8.0,0.0,0.0,0.0
2016,2,22,5,30,0.0,0.0,3.3,8.0,0.0,0.0,0.0
2016,2,22,5,45,0.0,0.0,3.25,8.0,0.0,0.0,0.0
2016,2,22,6,0,0.0,0.0,3.2,8.0,0.0,0.0,0.0
2016,2,22,6,15,0.0,0.0,3.1,8.0,0.0,0.0,0.0
2016,2,22,6,30,0.0,0.0,3.0,8.0,0.0,0.0,0.0
2016,2,22,6,45,0.0,0.0,2.95,8.5,0.0,0.0,0.0
2016,2,22,7,0,0.0,0.0,2.9,9.0,0.0,0.0,0.0
2016,2,22,7,15,232.5,16.0,2.95,9.5,43.0,75.72,30.84
2016,2,22,7,30,465.0,32.0,3.0,10.0,86.0,176.94,126.16
2016,2,22,7,45,551.0,39.5,3.1,10.5,133.5,242.26,186.78
2016,2,22,8,0,637.0,47.0,3.2,11.0,181.0,319.56,256.45
2016,2,22,8,15,690.5,52.0,3.15,11.0,231.0,388.36,318.67
2016,2,22,8,30,744.0,57.0,3.1,11.0,281.0,461.8,382.77
2016,2,22,8,45,779.0,61.0,3.05,11.5,329.5,527.79,437.98
2016,2,22,9,0,814.0,65.0,3.0,12.0,378.0,595.5,492.37
2016,2,22,9,15,838.5,68.0,3.0,12.5,422.5,656.29,539.56
2016,2,22,9,30,863.0,71.0,3.0,13.0,467.0,716.93,583.45
2016,2,22,9,45,880.0,73.5,3.0,13.5,506.5,764.52,616.05
2016,2,22,10,0,897.0,76.0,3.0,14.0,546.0,816.24,651.13
2016,2,22,10,15,910.0,77.5,2.95,14.0,579.5,861.59,681.84
2016,2,22,10,30,923.0,79.0,2.9,14.0,613.0,904.55,710.46
2016,2,22,10,45,930.5,81.0,2.9,14.5,639.0,940.5,732.89
2016,2,22,11,0,938.0,83.0,2.9,15.0,665.0,973.23,752.94
2016,2,22,11,15,944.5,84.0,2.9,15.0,684.0,1000.42,770.49
2016,2,22,11,30,951.0,85.0,2.9,15.0,703.0,1023.99,785.65
2016,2,22,11,45,953.0,86.0,2.95,15.5,713.5,1039.43,794.37
2016,2,22,12,0,955.0,87.0,3.0,16.0,724.0,1050.9,800.6
2016,2,22,12,15,956.0,87.0,3.05,16.0,726.5,1056.14,804.31
2016,2,22,12,30,957.0,87.0,3.1,16.0,729.0,1057.31,805.52
2016,2,22,12,45,895.5,102.0,3.2,16.5,698.5,1010.87,773.51
2016,2,22,13,0,834.0,117.0,3.3,17.0,668.0,971.52,746.59
2016,2,22,13,15,801.0,125.0,3.35,17.0,646.0,938.12,724.61
2016,2,22,13,30,768.0,133.0,3.4,17.0,624.0,908.11,704.85
2016,2,22,13,45,718.5,144.0,3.45,17.0,591.0,858.5,671.01
2016,2,22,14,0,669.0,155.0,3.5,17.0,558.0,807.44,635.85
2016,2,22,14,15,716.0,131.0,3.45,17.0,544.5,800.68,632.1
2016,2,22,14,30,763.0,107.0,3.4,17.0,531.0,783.35,620.43
2016,2,22,14,45,820.5,93.5,3.4,17.0,523.0,785.61,623.49
2016,2,22,15,0,878.0,80.0,3.4,17.0,515.0,780.33,621.01
2016,2,22,15,15,858.0,77.0,3.2,16.5,473.5,723.95,581.0
2016,2,22,15,30,838.0,74.0,3.0,16.0,432.0,666.61,539.34
2016,2,22,15,45,807.5,71.0,2.9,16.0,385.0,602.07,488.85
2016,2,22,16,0,777.0,68.0,2.8,16.0,338.0,538.28,437.45
2016,2,22,16,15,733.5,63.0,2.65,15.0,288.5,466.69,379.56
2016,2,22,16,30,690.0,58.0,2.5,14.0,239.0,398.12,321.79
2016,2,22,16,45,620.0,51.5,2.45,13.5,188.5,322.95,256.38
2016,2,22,17,0,550.0,45.0,2.4,13.0,138.0,252.88,193.68
2016,2,22,17,15,432.0,35.0,2.35,13.0,93.0,173.28,123.45
2016,2,22,17,30,314.0,25.0,2.3,13.0,48.0,105.72,52.71
2016,2,22,17,45,157.0,12.5,2.25,13.0,24.0,36.37,0.0
2016,2,22,18,0,0.0,0.0,2.2,13.0,0.0,0.0,0.0
2016,2,22,18,15,0.0,0.0,2.15,12.5,0.0,0.0,0.0
2016,2,22,18,30,0.0,0.0,2.1,12.0,0.0,0.0,0.0
2016,2,22,18,45,0.0,0.0,2.1,12.0,0.0,0.0,0.0
2016,2,22,19,0,0.0,0.0,2.1,12.0,0.0,0.0,0.0
2016,2,22,19,15,0.0,0.0,2.05,12.0,0.0,0.0,0.0
2016,2,22,19,30,0.0,0.0,2.0,12.0,0.0,0.0,0.0
2016,2,22,19,45,0.0,0.0,1.95,12.0,0.0,0.0,0.0
2016,2,22,20,0,0.0,0.0,1.9,12.0,0.0,0.0,0.0
2016,2,22,20,15,0.0,0.0,1.85,12.0,0.0,0.0,0.0
2016,2,22,20,30,0.0,0.0,1.8,12.0,0.0,0.0,0.0
2016,2,22,20,45,0.0,0.0,1.75,12.0,0.0,0.0,0.0
2016,2,22,21,0,0.0,0.0,1.7,12.0,0.0,0.0,0.0
2016,2,22,21,15,0.0,0.0,1.65,12.0,0.0,0.0,0.0
2016,2,22,21,30,0.0,0.0,1.6,12.0,0.0,0.0,0.0
2016,2,22,21,45,0.0,0.0,1.6,12.0,0.0,0.0,0.0
2016,2,22,22,0,0.0,0.0,1.6,12.0,0.0,0.0,0.0
2016,2,22,22,15,0.0,0.0,1.55,11.5,0.0,0.0,0.0
2016,2,22,22,30,0.0,0.0,1.5,11.0,0.0,0.0,0.0
2016,2,22,22,45,0.0,0.0,1.5,11.0,0.0,0.0,0.0
2016,2,22,23,0,0.0,0.0,1.5,11.0,0.0,0.0,0.0
2016,2,22,23,15,0.0,0.0,1.45,11.0,0.0,0.0,0.0
2016,2,22,23,30,0.0,0.0,1.4,11.0,0.0,0.0,0.0
2016,2,22,23,45,0.0,0.0,1.4,11.0,0.0,0.0,0.0
2016,2,23,0,0,0.0,0.0,1.4,11.0,0.0,0.0,0.0
2016,2,23,0,15,0.0,0.0,1.3,11.0,0.0,0.0,0.0
2016,2,23,0,30,0.0,0.0,1.2,11.0,0.0,0.0,0.0
2016,2,23,0,45,0.0,0.0,1.1,11.0,0.0,0.0,0.0
2016,2,23,1,0,0.0,0.0,1.0,11.0,0.0,0.0,0.0
2016,2,23,1,15,0.0,0.0,0.95,11.0,0.0,0.0,0.0
2016,2,23,1,30,0.0,0.0,0.9,11.0,0.0,0.0,0.0
2016,2,23,1,45,0.0,0.0,0.85,11.0,0.0,0.0,0.0
2016,2,23,2,0,0.0,0.0,0.8,11.0,0.0,0.0,0.0
2016,2,23,2,15,0.0,0.0,0.75,11.0,0.0,0.0,0.0
2016,2,23,2,30,0.0,0.0,0.7,11.0,0.0,0.0,0.0
2016,2,23,2,45,0.0,0.0,0.7,11.0,0.0,0.0,0.0
2016,2,23,3,0,0.0,0.0,0.7,11.0,0.0,0.0,0.0
2016,2,23,3,15,0.0,0.0,0.7,11.0,0.0,0.0,0.0
2016,2,23,3,30,0.0,0.0,0.7,11.0,0.0,0.0,0.0
2016,2,23,3,45,0.0,0.0,0.7,11.0,0.0,0.0,0.0
2016,2,23,4,0,0.0,0.0,0.7,11.0,0.0,0.0,0.0
2016,2,23,4,15,0.0,0.0,0.75,11.0,0.0,0.0,0.0
2016,2,23,4,30,0.0,0.0,0.8,11.0,0.0,0.0,0.0
2016,2,23,4,45,0.0,0.0,0.85,11.0,0.0,0.0,0.0
2016,2,23,5,0,0.0,0.0,0.9,11.0,0.0,0.0,0.0
2016,2,23,5,15,0.0,0.0,1.0,11.0,0.0,0.0,0.0
2016,2,23,5,30,0.0,0.0,1.1,11.0,0.0,0.0,0.0
2016,2,23,5,45,0.0,0.0,1.25,11.0,0.0,0.0,0.0
2016,2,23,6,0,0.0,0.0,1.4,11.0,0.0,0.0,0.0
2016,2,23,6,15,0.0,0.0,1.55,11.0,0.0,0.0,0.0
2016,2,23,6,30,0.0,0.0,1.7,11.0,0.0,0.0,0.0
2016,2,23,6,45,0.0,6.5,1.85,11.0,6.5,0.0,0.0
2016,2,23,7,0,0.0,13.0,2.0,11.0,13.0,11.82,0.0
2016,2,23,7,15,226.0,24.5,2.15,11.0,51.5,84.28,40.75
2016,2,23,7,30,452.0,36.0,2.3,11.0,90.0,177.77,127.32
2016,2,23,7,45,543.0,44.0,2.5,11.5,139.0,246.91,190.13
2016,2,23,8,0,634.0,52.0,2.7,12.0,188.0,326.43,260.92
2016,2,23,8,15,689.0,57.5,2.85,12.0,239.5,394.35,322.04
2016,2,23,8,30,744.0,63.0,3.0,12.0,291.0,469.31,387.12
2016,2,23,8,45,783.5,66.5,3.15,12.0,340.5,537.56,444.98
2016,2,23,9,0,823.0,70.0,3.3,12.0,390.0,607.91,502.77
2016,2,23,9,15,667.0,108.5,3.25,12.5,387.0,591.29,487.56
2016,2,23,9,30,511.0,147.0,3.2,13.0,384.0,548.52,451.37
2016,2,23,9,45,712.0,113.5,3.15,13.5,473.5,694.21,565.09
2016,2,23,10,0,913.0,80.0,3.1,14.0,563.0,835.05,665.8
2016,2,23,10,15,925.5,82.0,2.9,14.0,597.0,881.21,695.14
2016,2,23,10,30,938.0,84.0,2.7,14.0,631.0,924.86,722.76
2016,2,23,10,45,947.0,85.5,2.5,14.5,657.5,962.0,743.82
2016,2,23,11,0,956.0,87.0,2.3,15.0,684.0,995.94,762.11
2016,2,23,11,15,961.5,87.5,2.15,15.5,703.0,1021.96,775.17
2016,2,23,11,30,967.0,88.0,2.0,16.0,722.0,1044.26,785.54
2016,2,23,11,45,967.5,89.5,1.9,16.5,732.0,1059.02,791.53
2016,2,23,12,0,968.0,91.0,1.8,17.0,742.0,1069.7,794.94
2016,2,23,12,15,968.0,91.5,1.7,17.0,743.5,1074.59,796.18
2016,2,23,12,30,968.0,92.0,1.6,17.0,745.0,1075.33,794.92
2016,2,23,12,45,963.5,92.5,1.55,17.5,738.0,1067.51,787.71
2016,2,23,13,0,959.0,93.0,1.5,18.0,731.0,1055.64,778.21
2016,2,23,13,15,954.0,92.0,1.45,18.0,716.5,1037.55,766.38
2016,2,23,13,30,949.0,91.0,1.4,18.0,702.0,1015.62,752.29
2016,2,23,13,45,939.5,90.5,1.35,18.0,678.5,986.42,733.6
2016,2,23,14,0,930.0,90.0,1.3,18.0,655.0,953.87,712.82
2016,2,23,14,15,919.0,88.5,1.35,18.0,625.0,915.71,689.84
2016,2,23,14,30,908.0,87.0,1.4,18.0,595.0,874.73,664.69
2016,2,23,14,45,891.0,85.0,1.45,18.0,558.0,832.74,638.46
2016,2,23,15,0,874.0,83.0,1.5,18.0,521.0,781.32,605.15
2016,2,23,15,15,852.5,80.0,1.5,17.5,478.5,723.92,567.5
2016,2,23,15,30,831.0,77.0,1.5,17.0,436.0,665.69,527.63
2016,2,23,15,45,796.0,74.5,1.5,17.0,388.0,599.1,477.69
2016,2,23,16,0,761.0,72.0,1.5,17.0,340.0,533.69,426.93
2016,2,23,16,15,716.0,67.0,1.5,16.5,290.0,464.25,371.86
2016,2,23,16,30,671.0,62.0,1.5,16.0,240.0,395.93,315.42
2016,2,23,16,45,591.0,55.5,1.55,15.5,189.0,315.52,247.66
2016,2,23,17,0,511.0,49.0,1.6,15.0,138.0,243.46,184.99
2016,2,23,17,15,395.0,38.0,1.65,14.5,93.0,165.61,117.86
2016,2,23,17,30,279.0,27.0,1.7,14.0,48.0,100.31,53.42
2016,2,23,17,45,139.5,13.5,1.75,14.0,24.0,34.44,0.0
2016,2,23,18,0,0.0,0.0,1.8,14.0,0.0,0.0,0.0
2016,2,23,18,15,0.0,0.0,1.85,13.5,0.0,0.0,0.0
2016,2,23,18,30,0.0,0.0,1.9,13.0,0.0,0.0,0.0
2016,2,23,18,45,0.0,0.0,1.95,13.0,0.0,0.0,0.0
2016,2,23,19,0,0.0,0.0,2.0,13.0,0.0,0.0,0.0
2016,2,23,19,15,0.0,0.0,2.0,13.0,0.0,0.0,0.0
2016,2,23,19,30,0.0,0.0,2.0,13.0,0.0,0.0,0.0
2016,2,23,19,45,0.0,0.0,2.0,13.0,0.0,0.0,0.0
2016,2,23,20,0,0.0,0.0,2.0,13.0,0.0,0.0,0.0
2016,2,23,20,15,0.0,0.0,2.0,12.5,0.0,0.0,0.0
2016,2,23,20,30,0.0,0.0,2.0,12.0,0.0,0.0,0.0
2016,2,23,20,45,0.0,0.0,2.0,12.0,0.0,0.0,0.0
2016,2,23,21,0,0.0,0.0,2.0,12.0,0.0,0.0,0.0
2016,2,23,21,15,0.0,0.0,2.0,12.0,0.0,0.0,0.0
2016,2,23,21,30,0.0,0.0,2.0,12.0,0.0,0.0,0.0
2016,2,23,21,45,0.0,0.0,2.0,12.0,0.0,0.0,0.0
2016,2,23,22,0,0.0,0.0,2.0,12.0,0.0,0.0,0.0
2016,2,23,22,15,0.0,0.0,2.0,11.5,0.0,0.0,0.0
2016,2,23,22,30,0.0,0.0,2.0,11.0,0.0,0.0,0.0
2016,2,23,22,45,0.0,0.0,2.05,11.0,0.0,0.0,0.0
2016,2,23,23,0,0.0,0.0,2.1,11.0,0.0,0.0,0.0
2016,2,23,23,15,0.0,0.0,2.05,11.0,0.0,0.0,0.0
2016,2,23,23,30,0.0,0.0,2.0,11.0,0.0,0.0,0.0
2016,2,23,23,45,0.0,0.0,2.0,11.0,0.0,0.0,0.0
2016,2,24,0,0,0.0,0.0,2.0,11.0,0.0,0.0,0.0
2016,2,24,0,15,0.0,0.0,1.95,11.0,0.0,0.0,0.0
2016,2,24,0,30,0.0,0.0,1.9,11.0,0.0,0.0,0.0
2016,2,24,0,45,0.0,0.0,1.85,11.0,0.0,0.0,0.0
2016,2,24,1,0,0.0,0.0,1.8,11.0,0.0,0.0,0.0
2016,2,24,1,15,0.0,0.0,1.7,11.0,0.0,0.0,0.0
2016,2,24,1,30,0.0,0.0,1.6,11.0,0.0,0.0,0.0
2016,2,24,1,45,0.0,0.0,1.5,11.0,0.0,0.0,0.0
2016,2,24,2,0,0.0,0.0,1.4,11.0,0.0,0.0,0.0
2016,2,24,2,15,0.0,0.0,1.3,11.0,0.0,0.0,0.0
2016,2,24,2,30,0.0,0.0,1.2,11.0,0.0,0.0,0.0
2016,2,24,2,45,0.0,0.0,1.15,11.0,0.0,0.0,0.0
2016,2,24,3,0,0.0,0.0,1.1,11.0,0.0,0.0,0.0
2016,2,24,3,15,0.0,0.0,1.05,11.0,0.0,0.0,0.0
2016,2,24,3,30,0.0,0.0,1.0,11.0,0.0,0.0,0.0
2016,2,24,3,45,0.0,0.0,1.0,11.0,0.0,0.0,0.0
2016,2,24,4,0,0.0,0.0,1.0,11.0,0.0,0.0,0.0
2016,2,24,4,15,0.0,0.0,0.95,10.5,0.0,0.0,0.0
2016,2,24,4,30,0.0,0.0,0.9,10.0,0.0,0.0,0.0
2016,2,24,4,45,0.0,0.0,0.9,10.0,0.0,0.0,0.0
2016,2,24,5,0,0.0,0.0,0.9,10.0,0.0,0.0,0.0
2016,2,24,5,15,0.0,0.0,0.9,10.0,0.0,0.0,0.0
2016,2,24,5,30,0.0,0.0,0.9,10.0,0.0,0.0,0.0
2016,2,24,5,45,0.0,0.0,0.95,10.0,0.0,0.0,0.0
2016,2,24,6,0,0.0,0.0,1.0,10.0,0.0,0.0,0.0
2016,2,24,6,15,0.0,0.0,1.05,10.0,0.0,0.0,0.0
2016,2,24,6,30,0.0,0.0,1.1,10.0,0.0,0.0,0.0
2016,2,24,6,45,0.0,6.5,1.15,10.0,6.5,0.0,0.0
2016,2,24,7,0,0.0,13.0,1.2,10.0,13.0,11.82,0.0
2016,2,24,7,15,182.0,26.0,1.3,10.0,48.5,75.96,40.56
2016,2,24,7,30,364.0,39.0,1.4,10.0,84.0,156.42,113.43
2016,2,24,7,45,456.0,48.0,1.55,10.5,131.0,221.87,171.9
2016,2,24,8,0,548.0,57.0,1.7,11.0,178.0,297.92,238.93
2016,2,24,8,15,604.0,63.5,1.65,11.5,226.5,364.7,297.32
2016,2,24,8,30,660.0,70.0,1.6,12.0,275.0,436.69,357.85
2016,2,24,8,45,702.0,74.0,1.6,12.5,323.0,502.52,411.47
2016,2,24,9,0,744.0,78.0,1.6,13.0,371.0,568.69,463.39
2016,2,24,9,15,770.5,81.5,1.5,13.5,415.0,628.34,507.69
2016,2,24,9,30,797.0,85.0,1.4,14.0,459.0,688.16,549.51
2016,2,24,9,45,818.0,87.5,1.3,14.5,498.0,742.45,584.78
2016,2,24,10,0,839.0,90.0,1.2,15.0,537.0,795.69,618.17
2016,2,24,10,15,852.0,92.0,1.15,15.0,569.5,840.25,646.43
2016,2,24,10,30,865.0,94.0,1.1,15.0,602.0,882.54,672.71
2016,2,24,10,45,874.0,95.5,1.05,15.5,627.5,918.11,692.81
2016,2,24,11,0,883.0,97.0,1.0,16.0,653.0,941.52,704.64
2016,2,24,11,15,888.5,98.0,0.95,16.0,671.5,966.6,718.94
2016,2,24,11,30,894.0,99.0,0.9,16.0,690.0,988.24,730.92
2016,2,24,11,45,896.0,100.0,0.9,16.5,699.5,1002.9,738.13
2016,2,24,12,0,898.0,101.0,0.9,17.0,709.0,1013.81,743.14
2016,2,24,12,15,898.5,101.5,1.0,17.0,711.0,1018.84,748.1
2016,2,24,12,30,899.0,102.0,1.1,17.0,713.0,1020.02,750.79
2016,2,24,12,45,899.0,100.5,1.2,17.5,707.5,1014.5,747.92
2016,2,24,13,0,899.0,99.0,1.3,18.0,702.0,1005.15,742.7
2016,2,24,13,15,894.0,98.0,1.4,18.0,687.5,987.75,733.72
2016,2,24,13,30,889.0,97.0,1.5,18.0,673.0,966.77,722.4
2016,2,24,13,45,881.0,96.0,1.65,18.0,651.0,939.54,707.53
2016,2,24,14,0,873.0,95.0,1.8,18.0,629.0,917.84,696.13
2016,2,24,14,15,862.0,93.0,1.85,18.0,600.0,880.12,672.37
2016,2,24,14,30,851.0,91.0,1.9,18.0,571.0,839.76,646.66
2016,2,24,14,45,834.0,89.0,1.95,18.0,535.0,792.17,615.49
2016,2,24,15,0,817.0,87.0,2.0,18.0,499.0,742.87,582.59
2016,2,24,15,15,795.0,84.0,2.0,17.5,458.0,687.43,545.24
2016,2,24,15,30,773.0,81.0,2.0,17.0,417.0,631.37,505.55
2016,2,24,15,45,742.0,77.0,2.05,17.0,371.5,568.29,457.57
2016,2,24,16,0,711.0,73.0,2.1,17.0,326.0,508.41,410.36
2016,2,24,16,15,667.0,67.5,2.05,16.5,278.0,439.32,354.65
2016,2,24,16,30,623.0,62.0,2.0,16.0,230.0,373.59,299.6
2016,2,24,16,45,556.5,54.5,1.95,15.5,182.0,300.31,236.84
2016,2,24,17,0,490.0,47.0,1.9,15.0,134.0,233.98,178.34
2016,2,24,17,15,383.0,36.5,1.9,14.5,90.5,160.51,114.6
2016,2,24,17,30,276.0,26.0,1.9,14.0,47.0,99.24,55.44
2016,2,24,17,45,138.0,13.0,1.95,13.5,23.5,33.7,0.0
2016,2,24,18,0,0.0,0.0,2.0,13.0,0.0,0.0,0.0
2016,2,24,18,15,0.0,0.0,1.95,13.0,0.0,0.0,0.0
2016,2,24,18,30,0.0,0.0,1.9,13.0,0.0,0.0,0.0
2016,2,24,18,45,0.0,0.0,1.9,13.0,0.0,0.0,0.0
2016,2,24,19,0,0.0,0.0,1.9,13.0,0.0,0.0,0.0
2016,2,24,19,15,0.0,0.0,1.85,13.0,0.0,0.0,0.0
2016,2,24,19,30,0.0,0.0,1.8,13.0,0.0,0.0,0.0
2016,2,24,19,45,0.0,0.0,1.75,13.0,0.0,0.0,0.0
2016,2,24,20,0,0.0,0.0,1.7,13.0,0.0,0.0,0.0
2016,2,24,20,15,0.0,0.0,1.65,13.0,0.0,0.0,0.0
2016,2,24,20,30,0.0,0.0,1.6,13.0,0.0,0.0,0.0
2016,2,24,20,45,0.0,0.0,1.6,13.0,0.0,0.0,0.0
2016,2,24,21,0,0.0,0.0,1.6,13.0,0.0,0.0,0.0
2016,2,24,21,15,0.0,0.0,1.55,13.0,0.0,0.0,0.0
2016,2,24,21,30,0.0,0.0,1.5,13.0,0.0,0.0,0.0
2016,2,24,21,45,0.0,0.0,1.45,13.0,0.0,0.0,0.0
2016,2,24,22,0,0.0,0.0,1.4,13.0,0.0,0.0,0.0
2016,2,24,22,15,0.0,0.0,1.3,13.0,0.0,0.0,0.0
2016,2,24,22,30,0.0,0.0,1.2,13.0,0.0,0.0,0.0
2016,2,24,22,45,0.0,0.0,1.15,13.0,0.0,0.0,0.0
2016,2,24,23,0,0.0,0.0,1.1,13.0,0.0,0.0,0.0
2016,2,24,23,15,0.0,0.0,0.95,13.0,0.0,0.0,0.0
2016,2,24,23,30,0.0,0.0,0.8,13.0,0.0,0.0,0.0
2016,2,24,23,45,0.0,0.0,0.7,13.0,0.0,0.0,0.0
2016,2,25,0,0,0.0,0.0,0.6,13.0,0.0,0.0,0.0
2016,2,25,0,15,0.0,0.0,0.55,13.0,0.0,0.0,0.0
2016,2,25,0,30,0.0,0.0,0.5,13.0,0.0,0.0,0.0
2016,2,25,0,45,0.0,0.0,0.45,13.0,0.0,0.0,0.0
2016,2,25,1,0,0.0,0.0,0.4,13.0,0.0,0.0,0.0
2016,2,25,1,15,0.0,0.0,0.4,12.5,0.0,0.0,0.0
2016,2,25,1,30,0.0,0.0,0.4,12.0,0.0,0.0,0.0
2016,2,25,1,45,0.0,0.0,0.45,12.0,0.0,0.0,0.0
2016,2,25,2,0,0.0,0.0,0.5,12.0,0.0,0.0,0.0
2016,2,25,2,15,0.0,0.0,0.5,12.0,0.0,0.0,0.0
2016,2,25,2,30,0.0,0.0,0.5,12.0,0.0,0.0,0.0
2016,2,25,2,45,0.0,0.0,0.55,12.0,0.0,0.0,0.0
2016,2,25,3,0,0.0,0.0,0.6,12.0,0.0,0.0,0.0
2016,2,25,3,15,0.0,0.0,0.55,12.0,0.0,0.0,0.0
2016,2,25,3,30,0.0,0.0,0.5,12.0,0.0,0.0,0.0
2016,2,25,3,45,0.0,0.0,0.45,12.0,0.0,0.0,0.0
2016,2,25,4,0,0.0,0.0,0.4,12.0,0.0,0.0,0.0
2016,2,25,4,15,0.0,0.0,0.35,12.0,0.0,0.0,0.0
2016,2,25,4,30,0.0,0.0,0.3,12.0,0.0,0.0,0.0
2016,2,25,4,45,0.0,0.0,0.25,12.0,0.0,0.0,0.0
2016,2,25,5,0,0.0,0.0,0.2,12.0,0.0,0.0,0.0
2016,2,25,5,15,0.0,0.0,0.2,11.5,0.0,0.0,0.0
2016,2,25,5,30,0.0,0.0,0.2,11.0,0.0,0.0,0.0
2016,2,25,5,45,0.0,0.0,0.2,11.0,0.0,0.0,0.0
2016,2,25,6,0,0.0,0.0,0.2,11.0,0.0,0.0,0.0
2016,2,25,6,15,0.0,0.0,0.2,11.0,0.0,0.0,0.0
2016,2,25,6,30,0.0,0.0,0.2,11.0,0.0,0.0,0.0
2016,2,25,6,45,36.5,6.0,0.2,11.5,7.0,0.0,0.0
2016,2,25,7,0,73.0,12.0,0.2,12.0,14.0,22.34,0.0
2016,2,25,7,15,200.0,27.5,0.25,12.0,49.5,82.29,46.8
2016,2,25,7,30,327.0,43.0,0.3,12.0,85.0,150.07,108.48
2016,2,25,7,45,407.5,54.5,0.35,12.5,130.5,212.14,162.63
2016,2,25,8,0,488.0,66.0,0.4,13.0,176.0,283.55,223.84
2016,2,25,8,15,544.5,74.0,0.45,13.0,223.5,349.11,279.84
2016,2,25,8,30,601.0,82.0,0.5,13.0,271.0,420.01,338.41
2016,2,25,8,45,639.5,88.0,0.55,13.5,317.5,483.31,388.6
2016,2,25,9,0,678.0,94.0,0.6,14.0,364.0,549.04,438.84
2016,2,25,9,15,705.5,98.0,0.65,14.5,406.5,607.09,481.68
2016,2,25,9,30,733.0,102.0,0.7,15.0,449.0,665.62,523.55
2016,2,25,9,45,758.5,104.0,0.75,15.5,488.0,720.36,560.37
2016,2,25,10,0,784.0,106.0,0.8,16.0,527.0,770.81,593.19
2016,2,25,10,15,800.0,104.0,0.8,16.0,556.0,811.61,619.27
2016,2,25,10,30,816.0,102.0,0.8,16.0,585.0,850.32,643.75
2016,2,25,10,45,733.5,137.5,0.8,16.5,586.0,846.4,638.32
2016,2,25,11,0,651.0,173.0,0.8,17.0,587.0,829.32,624.86
2016,2,25,11,15,641.5,183.0,0.75,17.5,600.5,846.12,633.6
2016,2,25,11,30,632.0,193.0,0.7,18.0,614.0,859.64,639.65
2016,2,25,11,45,631.5,198.0,0.65,18.5,623.5,873.45,645.95
2016,2,25,12,0,631.0,203.0,0.6,19.0,633.0,884.28,650.32
2016,2,25,12,15,631.0,203.5,0.45,19.0,635.0,887.87,649.33
2016,2,25,12,30,631.0,204.0,0.3,19.0,637.0,888.44,646.61
2016,2,25,12,45,640.0,198.0,0.2,19.0,633.5,888.03,644.59
2016,2,25,13,0,649.0,192.0,0.1,19.0,630.0,884.43,640.98
2016,2,25,13,15,760.0,147.5,0.2,19.0,650.5,932.92,673.83
2016,2,25,13,30,871.0,103.0,0.3,19.0,671.0,967.21,697.17
2016,2,25,13,45,860.5,103.0,0.4,19.5,649.0,938.75,680.36
2016,2,25,14,0,850.0,103.0,0.5,20.0,627.0,907.22,662.53
2016,2,25,14,15,839.0,101.0,0.7,19.5,598.5,870.04,645.15
2016,2,25,14,30,828.0,99.0,0.9,19.0,570.0,830.29,625.1
2016,2,25,14,45,807.5,98.0,1.1,19.0,534.0,781.68,596.7
2016,2,25,15,0,787.0,97.0,1.3,19.0,498.0,731.67,566.1
2016,2,25,15,15,765.0,93.5,1.55,18.5,457.5,676.73,532.06
2016,2,25,15,30,743.0,90.0,1.8,18.0,417.0,624.2,496.58
2016,2,25,15,45,712.0,85.5,2.05,18.0,372.0,561.72,450.42
2016,2,25,16,0,681.0,81.0,2.3,18.0,327.0,500.38,403.05
2016,2,25,16,15,636.5,75.0,2.25,17.0,279.0,431.87,348.59
2016,2,25,16,30,592.0,69.0,2.2,16.0,231.0,366.8,294.75
2016,2,25,16,45,535.5,59.5,2.15,15.5,184.0,297.03,234.79
2016,2,25,17,0,479.0,50.0,2.1,15.0,137.0,233.11,178.19
2016,2,25,17,15,374.5,39.0,2.0,14.5,93.5,160.4,115.09
2016,2,25,17,30,270.0,28.0,1.9,14.0,50.0,100.28,58.43
2016,2,25,17,45,135.0,14.0,1.85,14.0,25.0,34.08,0.0
2016,2,25,18,0,0.0,0.0,1.8,14.0,0.0,0.0,0.0
2016,2,25,18,15,0.0,0.0,1.75,14.0,0.0,0.0,0.0
2016,2,25,18,30,0.0,0.0,1.7,14.0,0.0,0.0,0.0
2016,2,25,18,45,0.0,0.0,1.65,14.0,0.0,0.0,0.0
2016,2,25,19,0,0.0,0.0,1.6,14.0,0.0,0.0,0.0
2016,2,25,19,15,0.0,0.0,1.55,13.5,0.0,0.0,0.0
2016,2,25,19,30,0.0,0.0,1.5,13.0,0.0,0.0,0.0
2016,2,25,19,45,0.0,0.0,1.45,13.0,0.0,0.0,0.0
2016,2,25,20,0,0.0,0.0,1.4,13.0,0.0,0.0,0.0
2016,2,25,20,15,0.0,0.0,1.35,13.0,0.0,0.0,0.0
2016,2,25,20,30,0.0,0.0,1.3,13.0,0.0,0.0,0.0
2016,2,25,20,45,0.0,0.0,1.3,13.0,0.0,0.0,0.0
2016,2,25,21,0,0.0,0.0,1.3,13.0,0.0,0.0,0.0
2016,2,25,21,15,0.0,0.0,1.25,13.0,0.0,0.0,0.0
2016,2,25,21,30,0.0,0.0,1.2,13.0,0.0,0.0,0.0
2016,2,25,21,45,0.0,0.0,1.2,13.0,0.0,0.0,0.0
2016,2,25,22,0,0.0,0.0,1.2,13.0,0.0,0.0,0.0
2016,2,25,22,15,0.0,0.0,1.2,13.0,0.0,0.0,0.0
2016,2,25,22,30,0.0,0.0,1.2,13.0,0.0,0.0,0.0
2016,2,25,22,45,0.0,0.0,1.3,13.0,0.0,0.0,0.0
2016,2,25,23,0,0.0,0.0,1.4,13.0,0.0,0.0,0.0
2016,2,25,23,15,0.0,0.0,1.45,12.5,0.0,0.0,0.0
2016,2,25,23,30,0.0,0.0,1.5,12.0,0.0,0.0,0.0
2016,2,25,23,45,0.0,0.0,1.55,12.0,0.0,0.0,0.0
2016,2,26,0,0,0.0,0.0,1.6,12.0,0.0,0.0,0.0
2016,2,26,0,15,0.0,0.0,1.6,12.0,0.0,0.0,0.0
2016,2,26,0,30,0.0,0.0,1.6,12.0,0.0,0.0,0.0
2016,2,26,0,45,0.0,0.0,1.65,12.0,0.0,0.0,0.0
2016,2,26,1,0,0.0,0.0,1.7,12.0,0.0,0.0,0.0
2016,2,26,1,15,0.0,0.0,1.6,12.0,0.0,0.0,0.0
2016,2,26,1,30,0.0,0.0,1.5,12.0,0.0,0.0,0.0
2016,2,26,1,45,0.0,0.0,1.45,12.0,0.0,0.0,0.0
2016,2,26,2,0,0.0,0.0,1.4,12.0,0.0,0.0,0.0
2016,2,26,2,15,0.0,0.0,1.3,12.0,0.0,0.0,0.0
2016,2,26,2,30,0.0,0.0,1.2,12.0,0.0,0.0,0.0
2016,2,26,2,45,0.0,0.0,1.1,12.0,0.0,0.0,0.0
2016,2,26,3,0,0.0,0.0,1.0,12.0,0.0,0.0,0.0
2016,2,26,3,15,0.0,0.0,0.85,12.0,0.0,0.0,0.0
2016,2,26,3,30,0.0,0.0,0.7,12.0,0.0,0.0,0.0
2016,2,26,3,45,0.0,0.0,0.6,12.0,0.0,0.0,0.0
2016,2,26,4,0,0.0,0.0,0.5,12.0,0.0,0.0,0.0
2016,2,26,4,15,0.0,0.0,0.4,12.0,0.0,0.0,0.0
2016,2,26,4,30,0.0,0.0,0.3,12.0,0.0,0.0,0.0
2016,2,26,4,45,0.0,0.0,0.25,12.0,0.0,0.0,0.0
2016,2,26,5,0,0.0,0.0,0.2,12.0,0.0,0.0,0.0
2016,2,26,5,15,0.0,0.0,0.35,12.0,0.0,0.0,0.0
2016,2,26,5,30,0.0,0.0,0.5,12.0,0.0,0.0,0.0
2016,2,26,5,45,0.0,0.0,0.7,12.0,0.0,0.0,0.0
2016,2,26,6,0,0.0,0.0,0.9,12.0,0.0,0.0,0.0
2016,2,26,6,15,0.0,0.0,1.0,12.0,0.0,0.0,0.0
2016,2,26,6,30,0.0,0.0,1.1,12.0,0.0,0.0,0.0
2016,2,26,6,45,0.0,6.0,1.2,12.0,6.0,0.0,0.0
2016,2,26,7,0,0.0,12.0,1.3,12.0,12.0,10.91,0.0
2016,2,26,7,15,57.5,30.5,1.4,12.0,38.0,46.59,27.22
2016,2,26,7,30,115.0,49.0,1.5,12.0,64.0,90.36,66.47
2016,2,26,7,45,144.5,69.5,1.65,12.5,97.0,130.08,101.62
2016,2,26,8,0,174.0,90.0,1.8,13.0,130.0,173.28,139.52
2016,2,26,8,15,193.5,110.0,1.85,13.0,164.5,214.65,175.67
2016,2,26,8,30,213.0,130.0,1.9,13.0,199.0,258.07,212.77
2016,2,26,8,45,232.5,146.5,1.95,13.5,232.0,299.38,246.94
2016,2,26,9,0,252.0,163.0,2.0,14.0,265.0,342.39,281.64
2016,2,26,9,15,292.0,176.5,2.0,14.0,307.0,397.3,325.79
2016,2,26,9,30,332.0,190.0,2.0,14.0,349.0,455.34,371.45
2016,2,26,9,45,291.5,214.5,2.05,14.5,362.5,467.01,378.2
2016,2,26,10,0,251.0,239.0,2.1,15.0,376.0,474.5,381.68
2016,2,26,10,15,385.5,220.5,2.05,15.0,444.5,576.16,461.45
2016,2,26,10,30,520.0,202.0,2.0,15.0,513.0,702.81,555.97
2016,2,26,10,45,535.5,206.0,2.0,15.5,537.5,737.73,578.62
2016,2,26,11,0,551.0,210.0,2.0,16.0,562.0,771.25,600.75
2016,2,26,11,15,542.0,220.0,2.0,16.0,574.5,786.6,610.39
2016,2,26,11,30,533.0,230.0,2.0,16.0,587.0,799.2,618.27
2016,2,26,11,45,584.5,216.0,2.05,16.0,613.0,841.35,649.07
2016,2,26,12,0,636.0,202.0,2.1,16.0,639.0,888.82,682.3
2016,2,26,12,15,573.0,225.5,2.15,16.0,620.0,848.9,653.51
2016,2,26,12,30,510.0,249.0,2.2,16.0,601.0,812.73,627.24
2016,2,26,12,45,538.5,236.0,2.3,16.0,605.0,823.97,637.28
2016,2,26,13,0,567.0,223.0,2.4,16.0,609.0,832.19,644.84
2016,2,26,13,15,578.0,213.5,2.45,16.0,600.0,824.18,640.29
2016,2,26,13,30,589.0,204.0,2.5,16.0,591.0,813.24,633.85
2016,2,26,13,45,559.0,207.0,2.65,16.0,564.5,775.39,607.83
2016,2,26,14,0,529.0,210.0,2.8,16.0,538.0,736.42,580.75
2016,2,26,14,15,673.0,155.5,2.85,16.0,553.5,792.19,624.78
2016,2,26,14,30,817.0,101.0,2.9,16.0,569.0,823.76,648.56
2016,2,26,14,45,805.5,96.0,2.95,16.0,534.0,778.13,616.88
2016,2,26,15,0,794.0,91.0,3.0,16.0,499.0,730.52,583.91
2016,2,26,15,15,449.0,141.0,3.05,15.5,368.0,498.45,406.36
2016,2,26,15,30,104.0,191.0,3.1,15.0,237.0,264.29,215.62
2016,2,26,15,45,399.0,133.0,3.15,15.0,282.5,412.41,340.42
2016,2,26,16,0,694.0,75.0,3.2,15.0,328.0,500.91,411.37
2016,2,26,16,15,650.5,70.0,3.1,14.5,280.5,433.41,354.95
2016,2,26,16,30,607.0,65.0,3.0,14.0,233.0,369.23,300.16
2016,2,26,16,45,542.5,57.5,2.9,13.5,185.5,297.53,237.76
2016,2,26,17,0,478.0,50.0,2.8,13.0,138.0,232.56,179.69
2016,2,26,17,15,372.5,39.5,2.55,12.5,95.0,160.1,116.22
2016,2,26,17,30,267.0,29.0,2.3,12.0,52.0,100.69,61.0
2016,2,26,17,45,133.5,14.5,2.05,12.0,26.0,34.24,0.0
2016,2,26,18,0,0.0,0.0,1.8,12.0,0.0,0.0,0.0
2016,2,26,18,15,0.0,0.0,1.8,12.0,0.0,0.0,0.0
2016,2,26,18,30,0.0,0.0,1.8,12.0,0.0,0.0,0.0
2016,2,26,18,45,0.0,0.0,1.8,12.0,0.0,0.0,0.0
2016,2,26,19,0,0.0,0.0,1.8,12.0,0.0,0.0,0.0
2016,2,26,19,15,0.0,0.0,1.95,12.0,0.0,0.0,0.0
2016,2,26,19,30,0.0,0.0,2.1,12.0,0.0,0.0,0.0
2016,2,26,19,45,0.0,0.0,2.3,12.0,0.0,0.0,0.0
2016,2,26,20,0,0.0,0.0,2.5,12.0,0.0,0.0,0.0
2016,2,26,20,15,0.0,0.0,2.6,12.0,0.0,0.0,0.0
2016,2,26,20,30,0.0,0.0,2.7,12.0,0.0,0.0,0.0
2016,2,26,20,45,0.0,0.0,2.85,12.0,0.0,0.0,0.0
2016,2,26,21,0,0.0,0.0,3.0,12.0,0.0,0.0,0.0
2016,2,26,21,15,0.0,0.0,2.85,12.0,0.0,0.0,0.0
2016,2,26,21,30,0.0,0.0,2.7,12.0,0.0,0.0,0.0
2016,2,26,21,45,0.0,0.0,2.55,12.0,0.0,0.0,0.0
2016,2,26,22,0,0.0,0.0,2.4,12.0,0.0,0.0,0.0
2016,2,26,22,15,0.0,0.0,2.45,11.5,0.0,0.0,0.0
2016,2,26,22,30,0.0,0.0,2.5,11.0,0.0,0.0,0.0
2016,2,26,22,45,0.0,0.0,2.6,11.0,0.0,0.0,0.0
2016,2,26,23,0,0.0,0.0,2.7,11.0,0.0,0.0,0.0
2016,2,26,23,15,0.0,0.0,2.85,11.0,0.0,0.0,0.0
2016,2,26,23,30,0.0,0.0,3.0,11.0,0.0,0.0,0.0
2016,2,26,23,45,0.0,0.0,3.15,11.0,0.0,0.0,0.0
2016,2,27,0,0,0.0,0.0,3.3,11.0,0.0,0.0,0.0
2016,2,27,0,15,0.0,0.0,3.25,11.0,0.0,0.0,0.0
2016,2,27,0,30,0.0,0.0,3.2,11.0,0.0,0.0,0.0
2016,2,27,0,45,0.0,0.0,3.2,11.0,0.0,0.0,0.0
2016,2,27,1,0,0.0,0.0,3.2,11.0,0.0,0.0,0.0
2016,2,27,1,15,0.0,0.0,3.15,11.0,0.0,0.0,0.0
2016,2,27,1,30,0.0,0.0,3.1,11.0,0.0,0.0,0.0
2016,2,27,1,45,0.0,0.0,3.05,11.0,0.0,0.0,0.0
2016,2,27,2,0,0.0,0.0,3.0,11.0,0.0,0.0,0.0
2016,2,27,2,15,0.0,0.0,2.9,10.5,0.0,0.0,0.0
2016,2,27,2,30,0.0,0.0,2.8,10.0,0.0,0.0,0.0
2016,2,27,2,45,0.0,0.0,2.75,10.0,0.0,0.0,0.0
2016,2,27,3,0,0.0,0.0,2.7,10.0,0.0,0.0,0.0
2016,2,27,3,15,0.0,0.0,2.65,10.0,0.0,0.0,0.0
2016,2,27,3,30,0.0,0.0,2.6,10.0,0.0,0.0,0.0
2016,2,27,3,45,0.0,0.0,2.55,10.0,0.0,0.0,0.0
2016,2,27,4,0,0.0,0.0,2.5,10.0,0.0,0.0,0.0
2016,2,27,4,15,0.0,0.0,2.45,10.0,0.0,0.0,0.0
2016,2,27,4,30,0.0,0.0,2.4,10.0,0.0,0.0,0.0
2016,2,27,4,45,0.0,0.0,2.35,10.0,0.0,0.0,0.0
2016,2,27,5,0,0.0,0.0,2.3,10.0,0.0,0.0,0.0
2016,2,27,5,15,0.0,0.0,2.25,10.0,0.0,0.0,0.0
2016,2,27,5,30,0.0,0.0,2.2,10.0,0.0,0.0,0.0
2016,2,27,5,45,0.0,0.0,2.15,10.0,0.0,0.0,0.0
2016,2,27,6,0,0.0,0.0,2.1,10.0,0.0,0.0,0.0
2016,2,27,6,15,0.0,0.0,2.05,10.0,0.0,0.0,0.0
2016,2,27,6,30,0.0,0.0,2.0,10.0,0.0,0.0,0.0
2016,2,27,6,45,0.0,11.0,2.0,10.5,11.0,10.01,0.0
2016,2,27,7,0,0.0,22.0,2.0,11.0,22.0,20.01,0.0
2016,2,27,7,15,223.5,30.5,2.1,11.0,61.5,91.53,56.99
2016,2,27,7,30,447.0,39.0,2.2,11.0,101.0,181.0,132.36
2016,2,27,7,45,531.0,46.0,2.3,11.5,149.5,246.93,191.78
2016,2,27,8,0,615.0,53.0,2.4,12.0,198.0,322.36,258.71
2016,2,27,8,15,665.5,58.5,2.35,12.0,247.0,387.88,316.94
2016,2,27,8,30,716.0,64.0,2.3,12.0,296.0,459.51,378.18
2016,2,27,8,45,751.0,67.5,2.3,12.5,344.0,523.9,431.01
2016,2,27,9,0,786.0,71.0,2.3,13.0,392.0,590.03,483.21
2016,2,27,9,15,809.5,74.5,2.25,13.5,436.0,649.7,528.3
2016,2,27,9,30,833.0,78.0,2.2,14.0,480.0,709.18,570.2
2016,2,27,9,45,848.5,81.0,2.15,14.5,518.5,761.39,605.13
2016,2,27,10,0,864.0,84.0,2.1,15.0,557.0,812.03,638.13
2016,2,27,10,15,876.5,85.5,2.05,15.0,590.0,848.98,662.01
2016,2,27,10,30,889.0,87.0,2.0,15.0,623.0,890.5,688.9
2016,2,27,10,45,896.5,89.0,1.95,15.0,648.5,925.47,710.89
2016,2,27,11,0,904.0,91.0,1.9,15.0,674.0,957.33,730.62
2016,2,27,11,15,909.5,92.0,1.9,15.0,692.0,982.81,746.6
2016,2,27,11,30,915.0,93.0,1.9,15.0,710.0,1004.75,760.31
2016,2,27,11,45,749.0,157.5,1.95,15.5,667.5,945.26,718.83
2016,2,27,12,0,583.0,222.0,2.0,16.0,625.0,852.54,654.23
2016,2,27,12,15,585.5,221.5,2.05,16.0,627.0,857.16,658.83
2016,2,27,12,30,588.0,221.0,2.1,16.0,629.0,859.05,660.62
2016,2,27,12,45,492.5,255.0,2.2,16.0,595.0,799.81,617.5
2016,2,27,13,0,397.0,289.0,2.3,16.0,561.0,722.07,561.28
2016,2,27,13,15,395.5,283.5,2.35,16.0,550.0,708.82,553.09
2016,2,27,13,30,394.0,278.0,2.4,16.0,539.0,693.88,543.12
2016,2,27,13,45,519.5,226.0,2.45,16.0,558.0,760.01,595.12
2016,2,27,14,0,645.0,174.0,2.5,16.0,577.0,808.29,632.67
2016,2,27,14,15,649.0,161.5,2.5,16.0,551.0,777.95,611.48
2016,2,27,14,30,653.0,149.0,2.5,16.0,525.0,744.7,588.79
2016,2,27,14,45,577.5,161.0,2.5,16.0,479.0,664.51,530.09
2016,2,27,15,0,502.0,173.0,2.5,16.0,433.0,595.49,478.02
2016,2,27,15,15,649.0,126.5,2.5,15.5,435.0,633.41,510.86
2016,2,27,15,30,796.0,80.0,2.5,15.0,437.0,646.29,523.4
2016,2,27,15,45,772.0,75.5,2.5,15.0,391.5,585.73,476.05
2016,2,27,16,0,748.0,71.0,2.5,15.0,346.0,525.43,427.91
2016,2,27,16,15,706.5,66.0,2.45,14.5,297.0,456.08,371.49
2016,2,27,16,30,665.0,61.0,2.4,14.0,248.0,391.45,316.75
2016,2,27,16,45,608.0,54.0,2.35,13.5,199.0,319.99,254.72
2016,2,27,17,0,551.0,47.0,2.3,13.0,150.0,254.31,195.83
2016,2,27,17,15,445.0,37.5,2.4,12.5,104.5,178.32,129.19
2016,2,27,17,30,339.0,28.0,2.5,12.0,59.0,115.36,70.99
2016,2,27,17,45,169.5,14.0,2.6,12.0,29.5,45.21,0.0
2016,2,27,18,0,0.0,0.0,2.7,12.0,0.0,0.0,0.0
2016,2,27,18,15,0.0,0.0,2.75,11.5,0.0,0.0,0.0
2016,2,27,18,30,0.0,0.0,2.8,11.0,0.0,0.0,0.0
2016,2,27,18,45,0.0,0.0,2.9,11.0,0.0,0.0,0.0
2016,2,27,19,0,0.0,0.0,3.0,11.0,0.0,0.0,0.0
2016,2,27,19,15,0.0,0.0,3.1,11.0,0.0,0.0,0.0
2016,2,27,19,30,0.0,0.0,3.2,11.0,0.0,0.0,0.0
2016,2,27,19,45,0.0,0.0,3.35,11.0,0.0,0.0,0.0
2016,2,27,20,0,0.0,0.0,3.5,11.0,0.0,0.0,0.0
2016,2,27,20,15,0.0,0.0,3.45,11.0,0.0,0.0,0.0
2016,2,27,20,30,0.0,0.0,3.4,11.0,0.0,0.0,0.0
2016,2,27,20,45,0.0,0.0,3.35,11.0,0.0,0.0,0.0
2016,2,27,21,0,0.0,0.0,3.3,11.0,0.0,0.0,0.0
2016,2,27,21,15,0.0,0.0,3.15,11.0,0.0,0.0,0.0
2016,2,27,21,30,0.0,0.0,3.0,11.0,0.0,0.0,0.0
2016,2,27,21,45,0.0,0.0,2.85,11.0,0.0,0.0,0.0
2016,2,27,22,0,0.0,0.0,2.7,11.0,0.0,0.0,0.0
2016,2,27,22,15,0.0,0.0,2.75,10.5,0.0,0.0,0.0
2016,2,27,22,30,0.0,0.0,2.8,10.0,0.0,0.0,0.0
2016,2,27,22,45,0.0,0.0,2.85,10.0,0.0,0.0,0.0
2016,2,27,23,0,0.0,0.0,2.9,10.0,0.0,0.0,0.0
2016,2,27,23,15,0.0,0.0,2.9,10.0,0.0,0.0,0.0
2016,2,27,23,30,0.0,0.0,2.9,10.0,0.0,0.0,0.0
2016,2,27,23,45,0.0,0.0,2.95,10.0,0.0,0.0,0.0
2016,2,28,0,0,0.0,0.0,3.0,10.0,0.0,0.0,0.0
2016,2,28,0,15,0.0,0.0,2.9,10.0,0.0,0.0,0.0
2016,2,28,0,30,0.0,0.0,2.8,10.0,0.0,0.0,0.0
2016,2,28,0,45,0.0,0.0,2.7,10.0,0.0,0.0,0.0
2016,2,28,1,0,0.0,0.0,2.6,10.0,0.0,0.0,0.0
2016,2,28,1,15,0.0,0.0,2.55,10.0,0.0,0.0,0.0
2016,2,28,1,30,0.0,0.0,2.5,10.0,0.0,0.0,0.0
2016,2,28,1,45,0.0,0.0,2.5,10.0,0.0,0.0,0.0
2016,2,28,2,0,0.0,0.0,2.5,10.0,0.0,0.0,0.0
2016,2,28,2,15,0.0,0.0,2.5,10.0,0.0,0.0,0.0
2016,2,28,2,30,0.0,0.0,2.5,10.0,0.0,0.0,0.0
2016,2,28,2,45,0.0,0.0,2.5,10.0,0.0,0.0,0.0
2016,2,28,3,0,0.0,0.0,2.5,10.0,0.0,0.0,0.0
2016,2,28,3,15,0.0,0.0,2.45,10.0,0.0,0.0,0.0
2016,2,28,3,30,0.0,0.0,2.4,10.0,0.0,0.0,0.0
2016,2,28,3,45,0.0,0.0,2.4,10.0,0.0,0.0,0.0
2016,2,28,4,0,0.0,0.0,2.4,10.0,0.0,0.0,0.0
2016,2,28,4,15,0.0,0.0,2.4,9.5,0.0,0.0,0.0
2016,2,28,4,30,0.0,0.0,2.4,9.0,0.0,0.0,0.0
2016,2,28,4,45,0.0,0.0,2.4,9.0,0.0,0.0,0.0
2016,2,28,5,0,0.0,0.0,2.4,9.0,0.0,0.0,0.0
2016,2,28,5,15,0.0,0.0,2.45,9.0,0.0,0.0,0.0
2016,2,28,5,30,0.0,0.0,2.5,9.0,0.0,0.0,0.0
2016,2,28,5,45,0.0,0.0,2.6,9.0,0.0,0.0,0.0
2016,2,28,6,0,0.0,0.0,2.7,9.0,0.0,0.0,0.0
2016,2,28,6,15,0.0,0.0,2.7,9.5,0.0,0.0,0.0
2016,2,28,6,30,0.0,0.0,2.7,10.0,0.0,0.0,0.0
2016,2,28,6,45,0.0,3.5,2.75,10.5,3.5,3.18,0.0
2016,2,28,7,0,0.0,7.0,2.8,11.0,7.0,6.14,0.0
2016,2,28,7,15,0.0,18.5,2.85,11.0,18.5,16.28,7.19
2016,2,28,7,30,0.0,30.0,2.9,11.0,30.0,26.44,16.73
2016,2,28,7,45,0.0,44.5,3.0,11.5,44.5,39.4,28.18
2016,2,28,8,0,0.0,59.0,3.1,12.0,59.0,52.75,39.86
2016,2,28,8,15,0.0,73.5,3.05,12.0,73.5,66.16,51.49
2016,2,28,8,30,0.0,88.0,3.0,12.0,88.0,79.62,63.01
2016,2,28,8,45,0.0,102.0,2.95,12.5,102.0,92.65,73.85
2016,2,28,9,0,0.0,116.0,2.9,13.0,116.0,105.76,84.58
2016,2,28,9,15,20.5,156.5,2.8,13.0,167.0,159.65,129.94
2016,2,28,9,30,41.0,197.0,2.7,13.0,218.0,227.81,186.17
2016,2,28,9,45,164.0,218.0,2.65,13.5,308.0,359.42,294.53
2016,2,28,10,0,287.0,239.0,2.6,14.0,398.0,503.22,407.84
2016,2,28,10,15,332.0,244.5,2.55,14.0,438.5,558.54,449.6
2016,2,28,10,30,377.0,250.0,2.5,14.0,479.0,615.79,492.58
2016,2,28,10,45,439.0,241.5,2.5,14.5,518.5,690.11,546.92
2016,2,28,11,0,501.0,233.0,2.5,15.0,558.0,751.11,590.57
2016,2,28,11,15,533.5,227.5,2.55,15.0,582.5,787.7,616.97
2016,2,28,11,30,566.0,222.0,2.6,15.0,607.0,822.98,642.49
2016,2,28,11,45,555.5,230.0,2.65,15.5,612.0,829.54,645.25
2016,2,28,12,0,545.0,238.0,2.7,16.0,617.0,833.28,646.35
2016,2,28,12,15,370.0,288.0,2.75,16.0,546.0,699.53,546.37
2016,2,28,12,30,195.0,338.0,2.8,16.0,475.0,564.45,442.84
2016,2,28,12,45,290.0,316.0,2.9,16.0,517.5,650.76,510.77
2016,2,28,13,0,385.0,294.0,3.0,16.0,560.0,715.91,561.22
2016,2,28,13,15,377.5,292.5,3.05,16.0,548.5,701.58,550.66
2016,2,28,13,30,370.0,291.0,3.1,16.0,537.0,685.78,539.61
2016,2,28,13,45,415.0,265.5,3.15,16.0,533.5,690.02,545.08
2016,2,28,14,0,460.0,240.0,3.2,16.0,530.0,706.93,559.34
2016,2,28,14,15,535.0,202.0,3.2,15.5,524.0,716.08,569.91
2016,2,28,14,30,610.0,164.0,3.2,15.0,518.0,724.65,579.84
2016,2,28,14,45,326.0,188.5,3.25,15.0,376.5,476.71,387.4
2016,2,28,15,0,42.0,213.0,3.3,15.0,235.0,246.96,199.34
2016,2,28,15,15,90.0,204.5,3.3,15.0,247.0,271.64,221.66
2016,2,28,15,30,138.0,196.0,3.3,15.0,259.0,302.95,248.19
2016,2,28,15,45,178.0,173.5,3.3,15.0,245.5,296.5,243.8
2016,2,28,16,0,218.0,151.0,3.3,15.0,232.0,295.18,242.97
2016,2,28,16,15,194.5,134.0,3.3,14.5,199.0,243.54,200.24
2016,2,28,16,30,171.0,117.0,3.3,14.0,166.0,203.76,166.51
2016,2,28,16,45,151.0,96.0,3.3,13.5,133.0,163.38,131.57
2016,2,28,17,0,131.0,75.0,3.3,13.0,100.0,125.28,97.98
2016,2,28,17,15,95.5,54.5,3.3,12.5,69.5,85.72,63.38
2016,2,28,17,30,60.0,34.0,3.3,12.0,39.0,50.38,31.66
2016,2,28,17,45,30.0,17.0,3.3,12.0,19.5,21.91,0.0
2016,2,28,18,0,0.0,0.0,3.3,12.0,0.0,0.0,0.0
2016,2,28,18,15,0.0,0.0,3.3,12.0,0.0,0.0,0.0
2016,2,28,18,30,0.0,0.0,3.3,12.0,0.0,0.0,0.0
2016,2,28,18,45,0.0,0.0,3.3,12.0,0.0,0.0,0.0
2016,2,28,19,0,0.0,0.0,3.3,12.0,0.0,0.0,0.0
2016,2,28,19,15,0.0,0.0,3.3,11.5,0.0,0.0,0.0
2016,2,28,19,30,0.0,0.0,3.3,11.0,0.0,0.0,0.0
2016,2,28,19,45,0.0,0.0,3.35,11.0,0.0,0.0,0.0
2016,2,28,20,0,0.0,0.0,3.4,11.0,0.0,0.0,0.0
2016,2,28,20,15,0.0,0.0,3.4,10.5,0.0,0.0,0.0
2016,2,28,20,30,0.0,0.0,3.4,10.0,0.0,0.0,0.0
2016,2,28,20,45,0.0,0.0,3.45,10.0,0.0,0.0,0.0
2016,2,28,21,0,0.0,0.0,3.5,10.0,0.0,0.0,0.0
2016,2,28,21,15,0.0,0.0,3.35,10.0,0.0,0.0,0.0
2016,2,28,21,30,0.0,0.0,3.2,10.0,0.0,0.0,0.0
2016,2,28,21,45,0.0,0.0,3.1,10.0,0.0,0.0,0.0
2016,2,28,22,0,0.0,0.0,3.0,10.0,0.0,0.0,0.0
2016,2,28,22,15,0.0,0.0,2.85,10.0,0.0,0.0,0.0
2016,2,28,22,30,0.0,0.0,2.7,10.0,0.0,0.0,0.0
2016,2,28,22,45,0.0,0.0,2.6,10.0,0.0,0.0,0.0
2016,2,28,23,0,0.0,0.0,2.5,10.0,0.0,0.0,0.0
2016,2,28,23,15,0.0,0.0,2.45,10.0,0.0,0.0,0.0
2016,2,28,23,30,0.0,0.0,2.4,10.0,0.0,0.0,0.0
2016,2,28,23,45,0.0,0.0,2.4,10.0,0.0,0.0,0.0
2016,2,29,0,0,0.0,0.0,2.4,10.0,0.0,0.0,0.0
2016,2,29,0,15,0.0,0.0,2.35,10.0,0.0,0.0,0.0
2016,2,29,0,30,0.0,0.0,2.3,10.0,0.0,0.0,0.0
2016,2,29,0,45,0.0,0.0,2.3,10.0,0.0,0.0,0.0
2016,2,29,1,0,0.0,0.0,2.3,10.0,0.0,0.0,0.0
2016,2,29,1,15,0.0,0.0,2.25,10.0,0.0,0.0,0.0
2016,2,29,1,30,0.0,0.0,2.2,10.0,0.0,0.0,0.0
2016,2,29,1,45,0.0,0.0,2.2,10.0,0.0,0.0,0.0
2016,2,29,2,0,0.0,0.0,2.2,10.0,0.0,0.0,0.0
2016,2,29,2,15,0.0,0.0,2.15,9.5,0.0,0.0,0.0
2016,2,29,2,30,0.0,0.0,2.1,9.0,0.0,0.0,0.0
2016,2,29,2,45,0.0,0.0,2.1,9.0,0.0,0.0,0.0
2016,2,29,3,0,0.0,0.0,2.1,9.0,0.0,0.0,0.0
2016,2,29,3,15,0.0,0.0,2.1,9.0,0.0,0.0,0.0
2016,2,29,3,30,0.0,0.0,2.1,9.0,0.0,0.0,0.0
2016,2,29,3,45,0.0,0.0,2.1,9.0,0.0,0.0,0.0
2016,2,29,4,0,0.0,0.0,2.1,9.0,0.0,0.0,0.0
2016,2,29,4,15,0.0,0.0,2.1,9.0,0.0,0.0,0.0
2016,2,29,4,30,0.0,0.0,2.1,9.0,0.0,0.0,0.0
2016,2,29,4,45,0.0,0.0,2.1,9.0,0.0,0.0,0.0
2016,2,29,5,0,0.0,0.0,2.1,9.0,0.0,0.0,0.0
2016,2,29,5,15,0.0,0.0,2.1,9.0,0.0,0.0,0.0
2016,2,29,5,30,0.0,0.0,2.1,9.0,0.0,0.0,0.0
2016,2,29,5,45,0.0,0.0,2.15,9.0,0.0,0.0,0.0
2016,2,29,6,0,0.0,0.0,2.2,9.0,0.0,0.0,0.0
2016,2,29,6,15,0.0,0.0,2.25,9.0,0.0,0.0,0.0
2016,2,29,6,30,0.0,0.0,2.3,9.0,0.0,0.0,0.0
2016,2,29,6,45,94.5,9.0,2.35,9.5,13.5,17.7,0.0
2016,2,29,7,0,189.0,18.0,2.4,10.0,27.0,54.3,1.22
2016,2,29,7,15,321.5,30.0,2.45,10.5,68.0,114.6,75.37
2016,2,29,7,30,454.0,42.0,2.5,11.0,109.0,187.39,138.74
2016,2,29,7,45,541.5,48.5,2.6,11.5,158.5,254.91,199.29
2016,2,29,8,0,629.0,55.0,2.7,12.0,208.0,332.32,267.69
2016,2,29,8,15,677.5,60.0,2.7,12.5,258.0,397.66,325.13
2016,2,29,8,30,726.0,65.0,2.7,13.0,308.0,468.62,385.07
2016,2,29,8,45,759.0,69.0,2.7,13.5,356.5,533.12,437.77
2016,2,29,9,0,792.0,73.0,2.7,14.0,405.0,599.16,489.72
2016,2,29,9,15,815.0,76.5,2.65,14.5,449.0,658.91,534.81
2016,2,29,9,30,838.0,80.0,2.6,15.0,493.0,718.41,576.58
2016,2,29,9,45,848.5,84.5,2.55,15.5,530.5,768.82,610.26
2016,2,29,10,0,859.0,89.0,2.5,16.0,568.0,817.24,641.82
2016,2,29,10,15,871.0,91.0,2.4,16.0,600.5,861.71,670.81
2016,2,29,10,30,883.0,93.0,2.3,16.0,633.0,895.62,691.96
2016,2,29,10,45,893.0,93.5,2.25,16.5,659.0,930.91,713.06
2016,2,29,11,0,903.0,94.0,2.2,17.0,685.0,963.21,731.81
2016,2,29,11,15,909.0,95.0,2.1,17.0,703.5,989.08,746.89
2016,2,29,11,30,915.0,96.0,2.0,17.0,722.0,1011.42,759.56
2016,2,29,11,45,923.0,94.0,1.95,17.0,733.0,1028.54,769.43
2016,2,29,12,0,931.0,92.0,1.9,17.0,744.0,1041.88,776.95
2016,2,29,12,15,932.0,92.0,1.9,17.0,746.5,1046.7,779.78
2016,2,29,12,30,933.0,92.0,1.9,17.0,749.0,1047.52,780.26
2016,2,29,12,45,776.0,150.0,1.9,17.5,693.5,971.59,728.98
2016,2,29,13,0,619.0,208.0,1.9,18.0,638.0,874.04,663.16
2016,2,29,13,15,616.0,205.0,1.85,18.0,625.5,858.97,653.82
2016,2,29,13,30,613.0,202.0,1.8,18.0,613.0,841.11,641.68
2016,2,29,13,45,610.5,194.5,1.8,18.5,593.0,816.38,624.31
2016,2,29,14,0,608.0,187.0,1.8,19.0,573.0,789.08,605.19
2016,2,29,14,15,746.5,136.5,1.75,19.0,588.5,836.15,638.81
2016,2,29,14,30,885.0,86.0,1.7,19.0,604.0,857.35,653.51
2016,2,29,14,45,862.5,86.5,1.65,19.0,566.0,814.04,624.24
2016,2,29,15,0,840.0,87.0,1.6,19.0,528.0,761.91,589.2
2016,2,29,15,15,819.5,84.0,1.5,19.0,486.5,706.13,550.67
2016,2,29,15,30,799.0,81.0,1.4,19.0,445.0,649.56,510.22
2016,2,29,15,45,766.5,78.0,1.3,19.0,398.0,584.99,461.61
2016,2,29,16,0,734.0,75.0,1.2,19.0,351.0,521.51,412.48
2016,2,29,16,15,693.0,70.0,1.1,18.5,302.0,454.72,359.96
2016,2,29,16,30,652.0,65.0,1.0,18.0,253.0,389.11,306.47
2016,2,29,16,45,582.5,59.0,0.95,18.0,203.0,314.23,243.82
2016,2,29,17,0,513.0,53.0,0.9,18.0,153.0,246.58,185.58
2016,2,29,17,15,412.0,42.5,0.85,17.5,107.5,173.12,123.4
2016,2,29,17,30,311.0,32.0,0.8,17.0,62.0,112.08,70.68
2016,2,29,17,45,155.5,16.0,0.8,17.0,31.0,45.38,0.0
2016,2,29,18,0,0.0,0.0,0.8,17.0,0.0,0.0,0.0
2016,2,29,18,15,0.0,0.0,0.75,17.0,0.0,0.0,0.0
2016,2,29,18,30,0.0,0.0,0.7,17.0,0.0,0.0,0.0
2016,2,29,18,45,0.0,0.0,0.7,17.0,0.0,0.0,0.0
2016,2,29,19,0,0.0,0.0,0.7,17.0,0.0,0.0,0.0
2016,2,29,19,15,0.0,0.0,0.7,16.5,0.0,0.0,0.0
2016,2,29,19,30,0.0,0.0,0.7,16.0,0.0,0.0,0.0
2016,2,29,19,45,0.0,0.0,0.7,16.0,0.0,0.0,0.0
2016,2,29,20,0,0.0,0.0,0.7,16.0,0.0,0.0,0.0
2016,2,29,20,15,0.0,0.0,0.75,16.0,0.0,0.0,0.0
2016,2,29,20,30,0.0,0.0,0.8,16.0,0.0,0.0,0.0
2016,2,29,20,45,0.0,0.0,0.9,16.0,0.0,0.0,0.0
2016,2,29,21,0,0.0,0.0,1.0,16.0,0.0,0.0,0.0
2016,2,29,21,15,0.0,0.0,1.05,15.5,0.0,0.0,0.0
2016,2,29,21,30,0.0,0.0,1.1,15.0,0.0,0.0,0.0
2016,2,29,21,45,0.0,0.0,1.15,15.0,0.0,0.0,0.0
2016,2,29,22,0,0.0,0.0,1.2,15.0,0.0,0.0,0.0
2016,2,29,22,15,0.0,0.0,1.2,14.5,0.0,0.0,0.0
2016,2,29,22,30,0.0,0.0,1.2,14.0,0.0,0.0,0.0
2016,2,29,22,45,0.0,0.0,1.2,14.0,0.0,0.0,0.0
2016,2,29,23,0,0.0,0.0,1.2,14.0,0.0,0.0,0.0
2016,2,29,23,15,0.0,0.0,1.2,13.5,0.0,0.0,0.0
2016,2,29,23,30,0.0,0.0,1.2,13.0,0.0,0.0,0.0
2016,2,29,23,45,0.0,0.0,1.25,13.0,0.0,0.0,0.0
2016,3,1,0,0,0.0,0.0,1.3,13.0,0.0,0.0,0.0
2016,3,1,0,15,0.0,0.0,1.25,13.0,0.0,0.0,0.0
2016,3,1,0,30,0.0,0.0,1.2,13.0,0.0,0.0,0.0
2016,3,1,0,45,0.0,0.0,1.15,13.0,0.0,0.0,0.0
2016,3,1,1,0,0.0,0.0,1.1,13.0,0.0,0.0,0.0
2016,3,1,1,15,0.0,0.0,1.0,13.0,0.0,0.0,0.0
2016,3,1,1,30,0.0,0.0,0.9,13.0,0.0,0.0,0.0
2016,3,1,1,45,0.0,0.0,0.85,13.0,0.0,0.0,0.0
2016,3,1,2,0,0.0,0.0,0.8,13.0,0.0,0.0,0.0
2016,3,1,2,15,0.0,0.0,0.8,13.0,0.0,0.0,0.0
2016,3,1,2,30,0.0,0.0,0.8,13.0,0.0,0.0,0.0
2016,3,1,2,45,0.0,0.0,0.8,13.0,0.0,0.0,0.0
2016,3,1,3,0,0.0,0.0,0.8,13.0,0.0,0.0,0.0
2016,3,1,3,15,0.0,0.0,0.85,12.5,0.0,0.0,0.0
2016,3,1,3,30,0.0,0.0,0.9,12.0,0.0,0.0,0.0
2016,3,1,3,45,0.0,0.0,0.95,12.0,0.0,0.0,0.0
2016,3,1,4,0,0.0,0.0,1.0,12.0,0.0,0.0,0.0
2016,3,1,4,15,0.0,0.0,1.1,12.0,0.0,0.0,0.0
2016,3,1,4,30,0.0,0.0,1.2,12.0,0.0,0.0,0.0
2016,3,1,4,45,0.0,0.0,1.3,12.0,0.0,0.0,0.0
2016,3,1,5,0,0.0,0.0,1.4,12.0,0.0,0.0,0.0
2016,3,1,5,15,0.0,0.0,1.5,11.5,0.0,0.0,0.0
2016,3,1,5,30,0.0,0.0,1.6,11.0,0.0,0.0,0.0
2016,3,1,5,45,0.0,0.0,1.75,11.0,0.0,0.0,0.0
2016,3,1,6,0,0.0,0.0,1.9,11.0,0.0,0.0,0.0
2016,3,1,6,15,0.0,0.0,1.95,11.0,0.0,0.0,0.0
2016,3,1,6,30,0.0,0.0,2.0,11.0,0.0,0.0,0.0
2016,3,1,6,45,110.5,10.0,2.15,11.5,15.5,20.3,0.0
2016,3,1,7,0,221.0,20.0,2.3,12.0,31.0,62.18,12.0
2016,3,1,7,15,352.5,31.0,2.35,12.5,73.5,122.88,81.12
2016,3,1,7,30,484.0,42.0,2.4,13.0,116.0,196.54,144.7
2016,3,1,7,45,564.0,49.0,2.5,13.5,166.5,263.94,204.99
2016,3,1,8,0,644.0,56.0,2.6,14.0,217.0,340.32,272.09
2016,3,1,8,15,691.5,61.5,2.5,14.0,267.0,406.74,330.26
2016,3,1,8,30,739.0,67.0,2.4,14.0,317.0,478.62,390.75
2016,3,1,8,45,722.5,74.5,2.35,14.5,349.0,518.96,423.75
2016,3,1,9,0,706.0,82.0,2.3,15.0,381.0,557.71,453.95
2016,3,1,9,15,662.5,105.5,2.35,15.0,409.0,591.15,479.39
2016,3,1,9,30,619.0,129.0,2.4,15.0,437.0,617.77,498.76
2016,3,1,9,45,670.0,125.0,2.45,15.5,482.0,681.42,546.0
2016,3,1,10,0,721.0,121.0,2.5,16.0,527.0,746.53,591.32
2016,3,1,10,15,818.5,102.0,2.5,16.0,587.5,831.05,650.32
2016,3,1,10,30,916.0,83.0,2.5,16.0,648.0,914.08,706.67
2016,3,1,10,45,926.0,83.5,2.55,16.5,674.5,950.28,728.81
2016,3,1,11,0,936.0,84.0,2.6,17.0,701.0,983.37,749.14
2016,3,1,11,15,941.5,84.5,2.55,17.0,719.5,1008.82,764.67
2016,3,1,11,30,947.0,85.0,2.5,17.0,738.0,1030.59,777.78
2016,3,1,11,45,952.5,84.5,2.5,17.0,749.0,1047.35,788.21
2016,3,1,12,0,958.0,84.0,2.5,17.0,760.0,1060.17,796.19
2016,3,1,12,15,958.5,84.0,2.5,17.0,762.0,1064.55,798.78
2016,3,1,12,30,959.0,84.0,2.5,17.0,764.0,1064.8,798.91
2016,3,1,12,45,957.5,84.0,2.5,17.0,758.0,1058.94,795.21
2016,3,1,13,0,956.0,84.0,2.5,17.0,752.0,1049.0,789.03
2016,3,1,13,15,951.5,83.0,2.5,17.0,737.0,1030.91,777.62
2016,3,1,13,30,947.0,82.0,2.5,17.0,722.0,1008.97,763.81
2016,3,1,13,45,941.0,81.0,2.55,17.0,699.5,981.9,747.13
2016,3,1,14,0,935.0,80.0,2.6,17.0,677.0,951.32,728.04
2016,3,1,14,15,924.0,78.5,2.6,16.5,646.5,912.4,703.98
2016,3,1,14,30,913.0,77.0,2.6,16.0,616.0,870.66,677.71
2016,3,1,14,45,899.5,75.0,2.6,16.0,579.0,823.72,646.15
2016,3,1,15,0,886.0,73.0,2.6,16.0,542.0,774.66,612.69
2016,3,1,15,15,866.0,70.5,2.55,16.0,499.5,718.47,573.18
2016,3,1,15,30,846.0,68.0,2.5,16.0,457.0,661.36,532.35
2016,3,1,15,45,818.0,65.5,2.5,16.0,410.0,602.88,487.29
2016,3,1,16,0,790.0,63.0,2.5,16.0,363.0,540.12,437.53
2016,3,1,16,15,751.0,59.0,2.3,15.5,313.0,470.86,381.16
2016,3,1,16,30,712.0,55.0,2.1,15.0,263.0,404.19,324.93
2016,3,1,16,45,650.0,50.0,1.95,14.5,212.5,330.12,261.18
2016,3,1,17,0,588.0,45.0,1.8,14.0,162.0,262.21,200.9
2016,3,1,17,15,490.0,37.0,1.7,13.5,115.0,188.98,136.67
2016,3,1,17,30,392.0,29.0,1.6,13.0,68.0,126.51,81.06
2016,3,1,17,45,196.0,14.5,1.55,13.0,34.0,50.16,1.32
2016,3,1,18,0,0.0,0.0,1.5,13.0,0.0,0.0,0.0
2016,3,1,18,15,0.0,0.0,1.45,12.5,0.0,0.0,0.0
2016,3,1,18,30,0.0,0.0,1.4,12.0,0.0,0.0,0.0
2016,3,1,18,45,0.0,0.0,1.35,12.0,0.0,0.0,0.0
2016,3,1,19,0,0.0,0.0,1.3,12.0,0.0,0.0,0.0
2016,3,1,19,15,0.0,0.0,1.35,12.0,0.0,0.0,0.0
2016,3,1,19,30,0.0,0.0,1.4,12.0,0.0,0.0,0.0
2016,3,1,19,45,0.0,0.0,1.45,12.0,0.0,0.0,0.0
2016,3,1,20,0,0.0,0.0,1.5,12.0,0.0,0.0,0.0
2016,3,1,20,15,0.0,0.0,1.55,12.0,0.0,0.0,0.0
2016,3,1,20,30,0.0,0.0,1.6,12.0,0.0,0.0,0.0
2016,3,1,20,45,0.0,0.0,1.7,12.0,0.0,0.0,0.0
2016,3,1,21,0,0.0,0.0,1.8,12.0,0.0,0.0,0.0
2016,3,1,21,15,0.0,0.0,1.75,12.0,0.0,0.0,0.0
2016,3,1,21,30,0.0,0.0,1.7,12.0,0.0,0.0,0.0
2016,3,1,21,45,0.0,0.0,1.7,12.0,0.0,0.0,0.0
2016,3,1,22,0,0.0,0.0,1.7,12.0,0.0,0.0,0.0
2016,3,1,22,15,0.0,0.0,1.6,12.0,0.0,0.0,0.0
2016,3,1,22,30,0.0,0.0,1.5,12.0,0.0,0.0,0.0
2016,3,1,22,45,0.0,0.0,1.4,12.0,0.0,0.0,0.0
2016,3,1,23,0,0.0,0.0,1.3,12.0,0.0,0.0,0.0
2016,3,1,23,15,0.0,0.0,1.15,12.0,0.0,0.0,0.0
2016,3,1,23,30,0.0,0.0,1.0,12.0,0.0,0.0,0.0
2016,3,1,23,45,0.0,0.0,0.85,12.0,0.0,0.0,0.0
2016,3,2,0,0,0.0,0.0,0.7,12.0,0.0,0.0,0.0
2016,3,2,0,15,0.0,0.0,0.6,12.0,0.0,0.0,0.0
2016,3,2,0,30,0.0,0.0,0.5,12.0,0.0,0.0,0.0
2016,3,2,0,45,0.0,0.0,0.45,12.0,0.0,0.0,0.0
2016,3,2,1,0,0.0,0.0,0.4,12.0,0.0,0.0,0.0
2016,3,2,1,15,0.0,0.0,0.4,12.0,0.0,0.0,0.0
2016,3,2,1,30,0.0,0.0,0.4,12.0,0.0,0.0,0.0
2016,3,2,1,45,0.0,0.0,0.45,12.0,0.0,0.0,0.0
2016,3,2,2,0,0.0,0.0,0.5,12.0,0.0,0.0,0.0
2016,3,2,2,15,0.0,0.0,0.55,12.0,0.0,0.0,0.0
2016,3,2,2,30,0.0,0.0,0.6,12.0,0.0,0.0,0.0
2016,3,2,2,45,0.0,0.0,0.7,12.0,0.0,0.0,0.0
2016,3,2,3,0,0.0,0.0,0.8,12.0,0.0,0.0,0.0
2016,3,2,3,15,0.0,0.0,0.85,12.0,0.0,0.0,0.0
2016,3,2,3,30,0.0,0.0,0.9,12.0,0.0,0.0,0.0
2016,3,2,3,45,0.0,0.0,0.95,12.0,0.0,0.0,0.0
2016,3,2,4,0,0.0,0.0,1.0,12.0,0.0,0.0,0.0
2016,3,2,4,15,0.0,0.0,1.05,12.0,0.0,0.0,0.0
2016,3,2,4,30,0.0,0.0,1.1,12.0,0.0,0.0,0.0
2016,3,2,4,45,0.0,0.0,1.2,12.0,0.0,0.0,0.0
2016,3,2,5,0,0.0,0.0,1.3,12.0,0.0,0.0,0.0
2016,3,2,5,15,0.0,0.0,1.4,12.0,0.0,0.0,0.0
2016,3,2,5,30,0.0,0.0,1.5,12.0,0.0,0.0,0.0
2016,3,2,5,45,0.0,0.0,1.6,12.0,0.0,0.0,0.0
2016,3,2,6,0,0.0,0.0,1.7,12.0,0.0,0.0,0.0
2016,3,2,6,15,0.0,0.0,1.8,12.0,0.0,0.0,0.0
2016,3,2,6,30,0.0,0.0,1.9,12.0,0.0,0.0,0.0
2016,3,2,6,45,119.0,10.0,2.05,12.0,17.0,21.26,0.0
2016,3,2,7,0,238.0,20.0,2.2,12.0,34.0,65.73,20.3
2016,3,2,7,15,363.5,30.5,2.3,12.5,76.0,125.14,83.27
2016,3,2,7,30,489.0,41.0,2.4,13.0,118.0,197.43,145.69
2016,3,2,7,45,275.5,70.0,2.5,13.5,116.5,182.0,143.0
2016,3,2,8,0,62.0,99.0,2.6,14.0,115.0,123.2,98.65
2016,3,2,8,15,71.0,119.5,2.5,14.0,141.5,151.71,123.32
2016,3,2,8,30,80.0,140.0,2.4,14.0,168.0,181.29,148.32
2016,3,2,8,45,212.5,151.0,2.3,14.5,239.0,291.91,240.26
2016,3,2,9,0,345.0,162.0,2.2,15.0,310.0,399.8,327.43
2016,3,2,9,15,588.0,121.0,2.2,15.0,404.0,557.83,453.36
2016,3,2,9,30,831.0,80.0,2.2,15.0,498.0,715.44,572.5
2016,3,2,9,45,692.0,128.5,2.25,15.5,494.5,703.11,559.89
2016,3,2,10,0,553.0,177.0,2.3,16.0,491.0,665.52,528.52
2016,3,2,10,15,719.5,133.5,2.35,16.0,566.0,787.91,618.94
2016,3,2,10,30,886.0,90.0,2.4,16.0,641.0,896.92,694.03
2016,3,2,10,45,824.5,116.5,2.5,16.5,645.5,905.98,697.73
2016,3,2,11,0,763.0,143.0,2.6,17.0,650.0,905.21,695.73
2016,3,2,11,15,652.5,190.0,2.7,17.0,632.0,868.68,670.37
2016,3,2,11,30,542.0,237.0,2.8,17.0,614.0,817.78,633.08
2016,3,2,11,45,486.0,265.0,2.95,17.0,606.0,800.82,620.29
2016,3,2,12,0,430.0,293.0,3.1,17.0,598.0,779.84,604.24
2016,3,2,12,15,439.5,289.5,3.2,17.0,602.0,787.63,610.68
2016,3,2,12,30,449.0,286.0,3.3,17.0,606.0,793.21,615.42
2016,3,2,12,45,390.5,301.0,3.4,17.0,578.0,732.34,570.94
2016,3,2,13,0,332.0,316.0,3.5,17.0,550.0,687.98,537.89
2016,3,2,13,15,316.5,320.0,3.5,16.5,539.0,672.63,527.68
2016,3,2,13,30,301.0,324.0,3.5,16.0,528.0,656.28,516.53
2016,3,2,13,45,165.5,290.5,3.5,16.0,402.5,467.38,372.02
2016,3,2,14,0,30.0,257.0,3.5,16.0,277.0,286.14,227.66
2016,3,2,14,15,65.0,264.0,3.45,16.0,304.0,324.43,260.01
2016,3,2,14,30,100.0,271.0,3.4,16.0,331.0,360.67,289.84
2016,3,2,14,45,210.5,246.5,3.4,16.0,362.0,433.32,350.23
2016,3,2,15,0,321.0,222.0,3.4,16.0,393.0,495.64,401.25
2016,3,2,15,15,185.0,206.0,3.35,15.5,302.5,352.12,286.85
2016,3,2,15,30,49.0,190.0,3.3,15.0,212.0,222.89,180.89
2016,3,2,15,45,91.5,175.5,3.3,15.0,212.5,232.54,190.26
2016,3,2,16,0,134.0,161.0,3.3,15.0,213.0,246.67,202.4
2016,3,2,16,15,119.0,142.0,3.15,14.5,183.5,211.23,173.03
2016,3,2,16,30,104.0,123.0,3.0,14.0,154.0,177.41,144.59
2016,3,2,16,45,94.0,101.0,2.95,14.0,125.0,143.97,115.72
2016,3,2,17,0,84.0,79.0,2.9,14.0,96.0,111.73,87.4
2016,3,2,17,15,60.5,57.5,2.8,13.5,68.0,77.46,57.67
2016,3,2,17,30,37.0,36.0,2.7,13.0,40.0,46.03,30.29
2016,3,2,17,45,18.5,18.0,2.6,13.0,20.0,19.44,0.17
2016,3,2,18,0,0.0,0.0,2.5,13.0,0.0,0.0,0.0
2016,3,2,18,15,0.0,0.0,2.5,12.5,0.0,0.0,0.0
2016,3,2,18,30,0.0,0.0,2.5,12.0,0.0,0.0,0.0
2016,3,2,18,45,0.0,0.0,2.5,12.0,0.0,0.0,0.0
2016,3,2,19,0,0.0,0.0,2.5,12.0,0.0,0.0,0.0
2016,3,2,19,15,0.0,0.0,2.5,12.0,0.0,0.0,0.0
2016,3,2,19,30,0.0,0.0,2.5,12.0,0.0,0.0,0.0
2016,3,2,19,45,0.0,0.0,2.55,12.0,0.0,0.0,0.0
2016,3,2,20,0,0.0,0.0,2.6,12.0,0.0,0.0,0.0
2016,3,2,20,15,0.0,0.0,2.65,12.0,0.0,0.0,0.0
2016,3,2,20,30,0.0,0.0,2.7,12.0,0.0,0.0,0.0
2016,3,2,20,45,0.0,0.0,2.8,12.0,0.0,0.0,0.0
2016,3,2,21,0,0.0,0.0,2.9,12.0,0.0,0.0,0.0
2016,3,2,21,15,0.0,0.0,2.9,12.0,0.0,0.0,0.0
2016,3,2,21,30,0.0,0.0,2.9,12.0,0.0,0.0,0.0
2016,3,2,21,45,0.0,0.0,2.95,12.0,0.0,0.0,0.0
2016,3,2,22,0,0.0,0.0,3.0,12.0,0.0,0.0,0.0
2016,3,2,22,15,0.0,0.0,3.0,12.0,0.0,0.0,0.0
2016,3,2,22,30,0.0,0.0,3.0,12.0,0.0,0.0,0.0
2016,3,2,22,45,0.0,0.0,3.0,12.0,0.0,0.0,0.0
2016,3,2,23,0,0.0,0.0,3.0,12.0,0.0,0.0,0.0
2016,3,2,23,15,0.0,0.0,2.95,12.0,0.0,0.0,0.0
2016,3,2,23,30,0.0,0.0,2.9,12.0,0.0,0.0,0.0
2016,3,2,23,45,0.0,0.0,2.85,12.0,0.0,0.0,0.0
2016,3,3,0,0,0.0,0.0,2.8,12.0,0.0,0.0,0.0
2016,3,3,0,15,0.0,0.0,2.7,12.0,0.0,0.0,0.0
2016,3,3,0,30,0.0,0.0,2.6,12.0,0.0,0.0,0.0
2016,3,3,0,45,0.0,0.0,2.55,12.0,0.0,0.0,0.0
2016,3,3,1,0,0.0,0.0,2.5,12.0,0.0,0.0,0.0
2016,3,3,1,15,0.0,0.0,2.45,12.0,0.0,0.0,0.0
2016,3,3,1,30,0.0,0.0,2.4,12.0,0.0,0.0,0.0
2016,3,3,1,45,0.0,0.0,2.35,12.0,0.0,0.0,0.0
2016,3,3,2,0,0.0,0.0,2.3,12.0,0.0,0.0,0.0
2016,3,3,2,15,0.0,0.0,2.35,12.0,0.0,0.0,0.0
2016,3,3,2,30,0.0,0.0,2.4,12.0,0.0,0.0,0.0
2016,3,3,2,45,0.0,0.0,2.45,12.0,0.0,0.0,0.0
2016,3,3,3,0,0.0,0.0,2.5,12.0,0.0,0.0,0.0
2016,3,3,3,15,0.0,0.0,2.55,12.0,0.0,0.0,0.0
2016,3,3,3,30,0.0,0.0,2.6,12.0,0.0,0.0,0.0
2016,3,3,3,45,0.0,0.0,2.65,12.0,0.0,0.0,0.0
2016,3,3,4,0,0.0,0.0,2.7,12.0,0.0,0.0,0.0
2016,3,3,4,15,0.0,0.0,2.6,12.0,0.0,0.0,0.0
2016,3,3,4,30,0.0,0.0,2.5,12.0,0.0,0.0,0.0
2016,3,3,4,45,0.0,0.0,2.4,12.0,0.0,0.0,0.0
2016,3,3,5,0,0.0,0.0,2.3,12.0,0.0,0.0,0.0
2016,3,3,5,15,0.0,0.0,2.3,12.0,0.0,0.0,0.0
2016,3,3,5,30,0.0,0.0,2.3,12.0,0.0,0.0,0.0
2016,3,3,5,45,0.0,0.0,2.3,12.0,0.0,0.0,0.0
2016,3,3,6,0,0.0,0.0,2.3,12.0,0.0,0.0,0.0
2016,3,3,6,15,0.0,0.0,2.25,12.0,0.0,0.0,0.0
2016,3,3,6,30,0.0,0.0,2.2,12.0,0.0,0.0,0.0
2016,3,3,6,45,0.0,10.0,2.2,12.5,10.0,9.1,0.0
2016,3,3,7,0,0.0,20.0,2.2,13.0,20.0,17.71,4.63
2016,3,3,7,15,27.0,39.5,2.3,13.0,44.0,44.34,29.9
2016,3,3,7,30,54.0,59.0,2.4,13.0,68.0,77.31,58.26
2016,3,3,7,45,70.0,80.5,2.5,13.5,96.0,108.75,85.68
2016,3,3,8,0,86.0,102.0,2.6,14.0,124.0,142.17,114.57
2016,3,3,8,15,97.0,123.0,2.5,14.0,153.0,174.57,142.4
2016,3,3,8,30,108.0,144.0,2.4,14.0,182.0,208.25,170.76
2016,3,3,8,45,54.0,125.0,2.3,14.0,144.0,152.41,124.04
2016,3,3,9,0,0.0,106.0,2.2,14.0,106.0,95.43,75.33
2016,3,3,9,15,0.0,96.5,2.1,14.0,96.5,86.08,67.35
2016,3,3,9,30,0.0,87.0,2.0,14.0,87.0,77.06,59.6
2016,3,3,9,45,9.0,149.0,1.95,14.5,154.5,142.92,114.22
2016,3,3,10,0,18.0,211.0,1.9,15.0,222.0,212.11,169.97
2016,3,3,10,15,17.5,219.0,1.9,15.0,230.0,219.83,175.58
2016,3,3,10,30,17.0,227.0,1.9,15.0,238.0,227.55,181.39
2016,3,3,10,45,37.5,261.0,1.95,15.0,286.0,297.11,236.82
2016,3,3,11,0,58.0,295.0,2.0,15.0,334.0,354.99,281.97
2016,3,3,11,15,83.5,314.0,2.2,15.0,372.0,401.85,318.69
2016,3,3,11,30,109.0,333.0,2.4,15.0,410.0,449.56,355.8
2016,3,3,11,45,110.5,336.5,2.6,15.0,415.5,456.15,360.84
2016,3,3,12,0,112.0,340.0,2.8,15.0,421.0,462.4,365.88
2016,3,3,12,15,77.0,323.0,2.7,15.0,378.5,408.24,323.1
2016,3,3,12,30,42.0,306.0,2.6,15.0,336.0,353.91,280.03
2016,3,3,12,45,84.0,324.0,2.55,15.0,383.5,416.04,329.67
2016,3,3,13,0,126.0,342.0,2.5,15.0,431.0,495.73,391.06
2016,3,3,13,15,127.0,334.0,2.4,15.0,422.5,485.74,383.15
2016,3,3,13,30,128.0,326.0,2.3,15.0,414.0,475.21,375.38
2016,3,3,13,45,72.5,280.5,2.25,15.0,330.5,351.98,279.94
2016,3,3,14,0,17.0,235.0,2.2,15.0,247.0,235.69,187.4
2016,3,3,14,15,19.0,230.5,2.1,15.0,243.0,232.85,185.81
2016,3,3,14,30,21.0,226.0,2.0,15.0,239.0,229.93,183.82
2016,3,3,14,45,73.5,234.5,1.95,15.0,275.0,294.81,237.52
2016,3,3,15,0,126.0,243.0,1.9,15.0,311.0,355.6,286.73
2016,3,3,15,15,63.0,184.5,1.9,15.0,218.5,227.74,184.06
2016,3,3,15,30,0.0,126.0,1.9,15.0,126.0,114.4,90.46
2016,3,3,15,45,15.0,137.5,1.9,15.0,143.5,135.85,109.07
2016,3,3,16,0,30.0,149.0,1.9,15.0,161.0,164.09,132.82
2016,3,3,16,15,24.0,130.0,1.75,14.5,138.5,133.69,107.75
2016,3,3,16,30,18.0,111.0,1.6,14.0,116.0,111.55,89.35
2016,3,3,16,45,10.0,91.0,1.5,14.0,94.0,88.31,69.6
2016,3,3,17,0,2.0,71.0,1.4,14.0,72.0,66.09,50.55
2016,3,3,17,15,1.0,51.0,1.3,13.5,51.5,46.85,33.85
2016,3,3,17,30,0.0,31.0,1.2,13.0,31.0,27.73,16.99
2016,3,3,17,45,0.0,15.5,1.2,13.0,15.5,13.65,0.14
2016,3,3,18,0,0.0,0.0,1.2,13.0,0.0,0.0,0.0
2016,3,3,18,15,0.0,0.0,1.2,13.0,0.0,0.0,0.0
2016,3,3,18,30,0.0,0.0,1.2,13.0,0.0,0.0,0.0
2016,3,3,18,45,0.0,0.0,1.2,13.0,0.0,0.0,0.0
2016,3,3,19,0,0.0,0.0,1.2,13.0,0.0,0.0,0.0
2016,3,3,19,15,0.0,0.0,1.2,13.0,0.0,0.0,0.0
2016,3,3,19,30,0.0,0.0,1.2,13.0,0.0,0.0,0.0
2016,3,3,19,45,0.0,0.0,1.25,13.0,0.0,0.0,0.0
2016,3,3,20,0,0.0,0.0,1.3,13.0,0.0,0.0,0.0
2016,3,3,20,15,0.0,0.0,1.25,12.5,0.0,0.0,0.0
2016,3,3,20,30,0.0,0.0,1.2,12.0,0.0,0.0,0.0
2016,3,3,20,45,0.0,0.0,1.2,12.0,0.0,0.0,0.0
2016,3,3,21,0,0.0,0.0,1.2,12.0,0.0,0.0,0.0
2016,3,3,21,15,0.0,0.0,1.15,12.0,0.0,0.0,0.0
2016,3,3,21,30,0.0,0.0,1.1,12.0,0.0,0.0,0.0
2016,3,3,21,45,0.0,0.0,1.05,12.0,0.0,0.0,0.0
2016,3,3,22,0,0.0,0.0,1.0,12.0,0.0,0.0,0.0
2016,3,3,22,15,0.0,0.0,1.05,12.0,0.0,0.0,0.0
2016,3,3,22,30,0.0,0.0,1.1,12.0,0.0,0.0,0.0
2016,3,3,22,45,0.0,0.0,1.15,12.0,0.0,0.0,0.0
2016,3,3,23,0,0.0,0.0,1.2,12.0,0.0,0.0,0.0
2016,3,3,23,15,0.0,0.0,1.2,12.0,0.0,0.0,0.0
2016,3,3,23,30,0.0,0.0,1.2,12.0,0.0,0.0,0.0
2016,3,3,23,45,0.0,0.0,1.3,12.0,0.0,0.0,0.0
2016,3,4,0,0,0.0,0.0,1.4,12.0,0.0,0.0,0.0
2016,3,4,0,15,0.0,0.0,1.45,12.0,0.0,0.0,0.0
2016,3,4,0,30,0.0,0.0,1.5,12.0,0.0,0.0,0.0
2016,3,4,0,45,0.0,0.0,1.6,12.0,0.0,0.0,0.0
2016,3,4,1,0,0.0,0.0,1.7,12.0,0.0,0.0,0.0
2016,3,4,1,15,0.0,0.0,1.7,12.0,0.0,0.0,0.0
2016,3,4,1,30,0.0,0.0,1.7,12.0,0.0,0.0,0.0
2016,3,4,1,45,0.0,0.0,1.7,12.0,0.0,0.0,0.0
2016,3,4,2,0,0.0,0.0,1.7,12.0,0.0,0.0,0.0
2016,3,4,2,15,0.0,0.0,1.7,12.0,0.0,0.0,0.0
2016,3,4,2,30,0.0,0.0,1.7,12.0,0.0,0.0,0.0
2016,3,4,2,45,0.0,0.0,1.7,12.0,0.0,0.0,0.0
2016,3,4,3,0,0.0,0.0,1.7,12.0,0.0,0.0,0.0
2016,3,4,3,15,0.0,0.0,1.55,12.0,0.0,0.0,0.0
2016,3,4,3,30,0.0,0.0,1.4,12.0,0.0,0.0,0.0
2016,3,4,3,45,0.0,0.0,1.3,12.0,0.0,0.0,0.0
2016,3,4,4,0,0.0,0.0,1.2,12.0,0.0,0.0,0.0
2016,3,4,4,15,0.0,0.0,1.15,12.0,0.0,0.0,0.0
2016,3,4,4,30,0.0,0.0,1.1,12.0,0.0,0.0,0.0
2016,3,4,4,45,0.0,0.0,1.05,12.0,0.0,0.0,0.0
2016,3,4,5,0,0.0,0.0,1.0,12.0,0.0,0.0,0.0
2016,3,4,5,15,0.0,0.0,1.1,12.0,0.0,0.0,0.0
2016,3,4,5,30,0.0,0.0,1.2,12.0,0.0,0.0,0.0
2016,3,4,5,45,0.0,0.0,1.3,12.0,0.0,0.0,0.0
2016,3,4,6,0,0.0,0.0,1.4,12.0,0.0,0.0,0.0
2016,3,4,6,15,0.0,0.0,1.5,12.0,0.0,0.0,0.0
2016,3,4,6,30,0.0,0.0,1.6,12.0,0.0,0.0,0.0
2016,3,4,6,45,0.0,9.5,1.75,12.5,9.5,8.64,0.0
2016,3,4,7,0,0.0,19.0,1.9,13.0,19.0,16.74,5.24
2016,3,4,7,15,5.5,38.5,2.05,13.0,39.5,36.27,24.19
2016,3,4,7,30,11.0,58.0,2.2,13.0,60.0,56.55,42.02
2016,3,4,7,45,20.5,78.5,2.35,13.5,84.0,83.52,65.28
2016,3,4,8,0,30.0,99.0,2.5,14.0,108.0,109.15,87.24
2016,3,4,8,15,37.5,119.0,2.65,14.0,132.0,134.5,108.88
2016,3,4,8,30,45.0,139.0,2.8,14.0,156.0,160.81,131.04
2016,3,4,8,45,22.5,127.5,2.95,14.5,136.0,136.37,110.07
2016,3,4,9,0,0.0,116.0,3.1,15.0,116.0,105.0,83.08
2016,3,4,9,15,0.0,127.0,3.3,15.0,127.0,115.21,91.38
2016,3,4,9,30,0.0,138.0,3.5,15.0,138.0,125.48,99.64
2016,3,4,9,45,15.0,183.5,3.7,15.5,192.0,181.65,145.77
2016,3,4,10,0,30.0,229.0,3.9,16.0,246.0,253.2,203.33
2016,3,4,10,15,15.0,189.0,3.9,16.0,197.5,187.27,149.29
2016,3,4,10,30,0.0,149.0,3.9,16.0,149.0,135.12,106.17
2016,3,4,10,45,0.0,150.5,3.95,16.0,150.5,136.45,107.15
2016,3,4,11,0,0.0,152.0,4.0,16.0,152.0,137.8,108.11
2016,3,4,11,15,0.0,85.5,4.0,15.5,85.5,75.84,57.41
2016,3,4,11,30,0.0,19.0,4.0,15.0,19.0,16.8,8.42
2016,3,4,11,45,2.5,107.0,4.05,15.0,108.5,97.9,75.83
2016,3,4,12,0,5.0,195.0,4.1,15.0,198.0,184.22,146.14
2016,3,4,12,15,5.5,200.5,4.2,15.0,204.5,190.11,150.77
2016,3,4,12,30,6.0,206.0,4.3,15.0,211.0,196.02,155.57
2016,3,4,12,45,20.5,250.5,4.4,15.0,265.5,254.98,203.54
2016,3,4,13,0,35.0,295.0,4.5,15.0,320.0,333.74,266.47
2016,3,4,13,15,35.5,288.5,4.45,15.0,313.5,326.67,260.85
2016,3,4,13,30,36.0,282.0,4.4,15.0,307.0,319.5,255.42
2016,3,4,13,45,37.0,276.0,4.35,15.0,301.0,313.28,250.8
2016,3,4,14,0,38.0,270.0,4.3,15.0,295.0,306.96,246.12
2016,3,4,14,15,27.5,245.0,4.1,15.0,263.0,269.36,216.05
2016,3,4,14,30,17.0,220.0,3.9,15.0,231.0,220.14,176.51
2016,3,4,14,45,38.5,226.0,3.75,15.0,247.5,256.61,207.07
2016,3,4,15,0,60.0,232.0,3.6,15.0,264.0,279.16,226.08
2016,3,4,15,15,30.0,125.5,3.55,14.5,141.5,141.41,113.85
2016,3,4,15,30,0.0,19.0,3.5,14.0,19.0,16.74,8.64
2016,3,4,15,45,0.0,26.5,3.5,14.0,26.5,23.35,14.36
2016,3,4,16,0,0.0,34.0,3.5,14.0,34.0,29.97,20.08
2016,3,4,16,15,0.0,29.5,3.6,14.0,29.5,25.98,16.71
2016,3,4,16,30,0.0,25.0,3.7,14.0,25.0,22.0,13.3
2016,3,4,16,45,0.0,20.0,3.8,14.0,20.0,17.59,9.48
2016,3,4,17,0,0.0,15.0,3.9,14.0,15.0,13.18,5.63
2016,3,4,17,15,0.0,10.5,4.05,14.0,10.5,9.21,2.13
2016,3,4,17,30,0.0,6.0,4.2,14.0,6.0,5.26,0.0
2016,3,4,17,45,0.0,3.0,4.35,14.0,3.0,2.63,0.0
2016,3,4,18,0,0.0,0.0,4.5,14.0,0.0,0.0,0.0
2016,3,4,18,15,0.0,0.0,4.6,14.0,0.0,0.0,0.0
2016,3,4,18,30,0.0,0.0,4.7,14.0,0.0,0.0,0.0
2016,3,4,18,45,0.0,0.0,4.85,14.0,0.0,0.0,0.0
2016,3,4,19,0,0.0,0.0,5.0,14.0,0.0,0.0,0.0
2016,3,4,19,15,0.0,0.0,4.95,14.0,0.0,0.0,0.0
2016,3,4,19,30,0.0,0.0,4.9,14.0,0.0,0.0,0.0
2016,3,4,19,45,0.0,0.0,4.9,14.0,0.0,0.0,0.0
2016,3,4,20,0,0.0,0.0,4.9,14.0,0.0,0.0,0.0
2016,3,4,20,15,0.0,0.0,4.9,14.0,0.0,0.0,0.0
2016,3,4,20,30,0.0,0.0,4.9,14.0,0.0,0.0,0.0
2016,3,4,20,45,0.0,0.0,4.9,14.0,0.0,0.0,0.0
2016,3,4,21,0,0.0,0.0,4.9,14.0,0.0,0.0,0.0
2016,3,4,21,15,0.0,0.0,4.8,13.5,0.0,0.0,0.0
2016,3,4,21,30,0.0,0.0,4.7,13.0,0.0,0.0,0.0
2016,3,4,21,45,0.0,0.0,4.65,13.0,0.0,0.0,0.0
2016,3,4,22,0,0.0,0.0,4.6,13.0,0.0,0.0,0.0
2016,3,4,22,15,0.0,0.0,4.5,13.0,0.0,0.0,0.0
2016,3,4,22,30,0.0,0.0,4.4,13.0,0.0,0.0,0.0
2016,3,4,22,45,0.0,0.0,4.3,13.0,0.0,0.0,0.0
2016,3,4,23,0,0.0,0.0,4.2,13.0,0.0,0.0,0.0
2016,3,4,23,15,0.0,0.0,4.25,13.0,0.0,0.0,0.0
2016,3,4,23,30,0.0,0.0,4.3,13.0,0.0,0.0,0.0
2016,3,4,23,45,0.0,0.0,4.4,13.0,0.0,0.0,0.0
2016,3,5,0,0,0.0,0.0,4.5,13.0,0.0,0.0,0.0
2016,3,5,0,15,0.0,0.0,4.5,13.0,0.0,0.0,0.0
2016,3,5,0,30,0.0,0.0,4.5,13.0,0.0,0.0,0.0
2016,3,5,0,45,0.0,0.0,4.5,13.0,0.0,0.0,0.0
2016,3,5,1,0,0.0,0.0,4.5,13.0,0.0,0.0,0.0
2016,3,5,1,15,0.0,0.0,4.5,13.0,0.0,0.0,0.0
2016,3,5,1,30,0.0,0.0,4.5,13.0,0.0,0.0,0.0
2016,3,5,1,45,0.0,0.0,4.5,13.0,0.0,0.0,0.0
2016,3,5,2,0,0.0,0.0,4.5,13.0,0.0,0.0,0.0
2016,3,5,2,15,0.0,0.0,4.35,13.0,0.0,0.0,0.0
2016,3,5,2,30,0.0,0.0,4.2,13.0,0.0,0.0,0.0
2016,3,5,2,45,0.0,0.0,4.1,13.0,0.0,0.0,0.0
2016,3,5,3,0,0.0,0.0,4.0,13.0,0.0,0.0,0.0
2016,3,5,3,15,0.0,0.0,3.95,13.0,0.0,0.0,0.0
2016,3,5,3,30,0.0,0.0,3.9,13.0,0.0,0.0,0.0
2016,3,5,3,45,0.0,0.0,3.9,13.0,0.0,0.0,0.0
2016,3,5,4,0,0.0,0.0,3.9,13.0,0.0,0.0,0.0
2016,3,5,4,15,0.0,0.0,3.95,13.0,0.0,0.0,0.0
2016,3,5,4,30,0.0,0.0,4.0,13.0,0.0,0.0,0.0
2016,3,5,4,45,0.0,0.0,4.1,13.0,0.0,0.0,0.0
2016,3,5,5,0,0.0,0.0,4.2,13.0,0.0,0.0,0.0
2016,3,5,5,15,0.0,0.0,4.3,13.0,0.0,0.0,0.0
2016,3,5,5,30,0.0,0.0,4.4,13.0,0.0,0.0,0.0
2016,3,5,5,45,0.0,0.0,4.5,13.0,0.0,0.0,0.0
2016,3,5,6,0,0.0,0.0,4.6,13.0,0.0,0.0,0.0
2016,3,5,6,15,0.0,0.0,4.95,13.0,0.0,0.0,0.0
2016,3,5,6,30,0.0,0.0,5.3,13.0,0.0,0.0,0.0
2016,3,5,6,45,0.0,7.5,5.65,13.5,7.5,6.82,0.0
2016,3,5,7,0,0.0,15.0,6.0,14.0,15.0,13.19,3.52
2016,3,5,7,15,0.0,31.0,6.25,14.0,31.0,27.35,16.98
2016,3,5,7,30,0.0,47.0,6.5,14.0,47.0,42.04,29.94
2016,3,5,7,45,0.0,64.5,6.75,14.5,64.5,58.25,44.02
2016,3,5,8,0,0.0,82.0,7.0,15.0,82.0,74.52,57.96
2016,3,5,8,15,0.0,100.5,7.0,15.0,100.5,91.86,72.69
2016,3,5,8,30,0.0,119.0,7.0,15.0,119.0,109.29,87.3
2016,3,5,8,45,0.0,92.5,7.0,15.0,92.5,82.76,64.71
2016,3,5,9,0,0.0,66.0,7.0,15.0,66.0,58.34,43.92
2016,3,5,9,15,0.0,64.0,7.0,15.0,64.0,56.58,42.3
2016,3,5,9,30,0.0,62.0,7.0,15.0,62.0,54.82,40.7
2016,3,5,9,45,0.0,92.5,7.05,15.5,92.5,82.06,63.29
2016,3,5,10,0,0.0,123.0,7.1,16.0,123.0,110.53,86.61
2016,3,5,10,15,4.0,164.5,7.3,16.0,167.5,153.63,122.06
2016,3,5,10,30,8.0,206.0,7.5,16.0,212.0,197.96,158.18
2016,3,5,10,45,4.0,163.0,7.75,16.5,166.0,152.07,120.13
2016,3,5,11,0,0.0,120.0,8.0,17.0,120.0,107.49,83.17
2016,3,5,11,15,4.0,168.5,8.1,17.0,172.0,157.38,124.0
2016,3,5,11,30,8.0,217.0,8.2,17.0,224.0,208.76,165.64
2016,3,5,11,45,4.0,165.0,8.3,17.0,168.5,154.04,121.07
2016,3,5,12,0,0.0,113.0,8.4,17.0,113.0,100.99,77.6
2016,3,5,12,15,76.0,235.0,8.5,16.5,290.0,309.27,249.83
2016,3,5,12,30,152.0,357.0,8.6,16.0,467.0,539.69,434.13
2016,3,5,12,45,80.0,285.0,8.7,16.0,343.0,367.31,296.09
2016,3,5,13,0,8.0,213.0,8.8,16.0,219.0,204.79,162.9
2016,3,5,13,15,7.5,209.0,9.25,16.0,214.5,200.33,159.53
2016,3,5,13,30,7.0,205.0,9.7,16.0,210.0,195.89,156.09
2016,3,5,13,45,3.5,139.0,10.15,16.0,141.5,128.66,101.13
2016,3,5,14,0,0.0,73.0,10.6,16.0,73.0,64.68,48.26
2016,3,5,14,15,0.0,64.5,11.15,15.5,64.5,57.11,42.14
2016,3,5,14,30,0.0,56.0,11.7,15.0,56.0,49.54,35.98
2016,3,5,14,45,0.0,40.5,12.3,15.0,40.5,35.78,24.5
2016,3,5,15,0,0.0,25.0,12.9,15.0,25.0,22.06,12.99
2016,3,5,15,15,0.0,32.0,13.1,15.0,32.0,28.24,18.26
2016,3,5,15,30,0.0,39.0,13.3,15.0,39.0,34.41,23.56
2016,3,5,15,45,0.0,22.5,13.5,15.0,22.5,19.82,11.23
2016,3,5,16,0,0.0,6.0,13.7,15.0,6.0,5.28,0.0
2016,3,5,16,15,0.0,5.0,13.65,15.0,5.0,4.39,0.0
2016,3,5,16,30,0.0,4.0,13.6,15.0,4.0,3.51,0.0
2016,3,5,16,45,0.0,3.5,13.6,15.0,3.5,3.07,0.0
2016,3,5,17,0,0.0,3.0,13.6,15.0,3.0,2.63,0.0
2016,3,5,17,15,0.0,2.0,13.35,14.5,2.0,1.75,0.0
2016,3,5,17,30,0.0,1.0,13.1,14.0,1.0,0.88,0.0
2016,3,5,17,45,0.0,0.5,12.85,14.0,0.5,0.44,0.0
2016,3,5,18,0,0.0,0.0,12.6,14.0,0.0,0.0,0.0
2016,3,5,18,15,0.0,0.0,12.2,14.0,0.0,0.0,0.0
2016,3,5,18,30,0.0,0.0,11.8,14.0,0.0,0.0,0.0
2016,3,5,18,45,0.0,0.0,11.45,14.0,0.0,0.0,0.0
2016,3,5,19,0,0.0,0.0,11.1,14.0,0.0,0.0,0.0
2016,3,5,19,15,0.0,0.0,10.45,14.0,0.0,0.0,0.0
2016,3,5,19,30,0.0,0.0,9.8,14.0,0.0,0.0,0.0
2016,3,5,19,45,0.0,0.0,9.25,14.0,0.0,0.0,0.0
2016,3,5,20,0,0.0,0.0,8.7,14.0,0.0,0.0,0.0
2016,3,5,20,15,0.0,0.0,8.5,13.5,0.0,0.0,0.0
2016,3,5,20,30,0.0,0.0,8.3,13.0,0.0,0.0,0.0
2016,3,5,20,45,0.0,0.0,8.2,13.0,0.0,0.0,0.0
2016,3,5,21,0,0.0,0.0,8.1,13.0,0.0,0.0,0.0
2016,3,5,21,15,0.0,0.0,7.95,13.0,0.0,0.0,0.0
2016,3,5,21,30,0.0,0.0,7.8,13.0,0.0,0.0,0.0
2016,3,5,21,45,0.0,0.0,7.7,13.0,0.0,0.0,0.0
2016,3,5,22,0,0.0,0.0,7.6,13.0,0.0,0.0,0.0
2016,3,5,22,15,0.0,0.0,7.35,12.5,0.0,0.0,0.0
2016,3,5,22,30,0.0,0.0,7.1,12.0,0.0,0.0,0.0
2016,3,5,22,45,0.0,0.0,6.9,12.0,0.0,0.0,0.0
2016,3,5,23,0,0.0,0.0,6.7,12.0,0.0,0.0,0.0
2016,3,5,23,15,0.0,0.0,6.6,12.0,0.0,0.0,0.0
2016,3,5,23,30,0.0,0.0,6.5,12.0,0.0,0.0,0.0
2016,3,5,23,45,0.0,0.0,6.45,12.0,0.0,0.0,0.0
2016,3,6,0,0,0.0,0.0,6.4,12.0,0.0,0.0,0.0
2016,3,6,0,15,0.0,0.0,6.35,11.5,0.0,0.0,0.0
2016,3,6,0,30,0.0,0.0,6.3,11.0,0.0,0.0,0.0
2016,3,6,0,45,0.0,0.0,6.3,11.0,0.0,0.0,0.0
2016,3,6,1,0,0.0,0.0,6.3,11.0,0.0,0.0,0.0
2016,3,6,1,15,0.0,0.0,6.15,11.0,0.0,0.0,0.0
2016,3,6,1,30,0.0,0.0,6.0,11.0,0.0,0.0,0.0
2016,3,6,1,45,0.0,0.0,5.85,11.0,0.0,0.0,0.0
2016,3,6,2,0,0.0,0.0,5.7,11.0,0.0,0.0,0.0
2016,3,6,2,15,0.0,0.0,5.5,11.0,0.0,0.0,0.0
2016,3,6,2,30,0.0,0.0,5.3,11.0,0.0,0.0,0.0
2016,3,6,2,45,0.0,0.0,5.1,11.0,0.0,0.0,0.0
2016,3,6,3,0,0.0,0.0,4.9,11.0,0.0,0.0,0.0
2016,3,6,3,15,0.0,0.0,4.9,11.0,0.0,0.0,0.0
2016,3,6,3,30,0.0,0.0,4.9,11.0,0.0,0.0,0.0
2016,3,6,3,45,0.0,0.0,4.95,11.0,0.0,0.0,0.0
2016,3,6,4,0,0.0,0.0,5.0,11.0,0.0,0.0,0.0
2016,3,6,4,15,0.0,0.0,5.05,11.0,0.0,0.0,0.0
2016,3,6,4,30,0.0,0.0,5.1,11.0,0.0,0.0,0.0
2016,3,6,4,45,0.0,0.0,5.15,11.0,0.0,0.0,0.0
2016,3,6,5,0,0.0,0.0,5.2,11.0,0.0,0.0,0.0
2016,3,6,5,15,0.0,0.0,5.1,11.0,0.0,0.0,0.0
2016,3,6,5,30,0.0,0.0,5.0,11.0,0.0,0.0,0.0
2016,3,6,5,45,0.0,0.0,4.95,11.0,0.0,0.0,0.0
2016,3,6,6,0,0.0,0.0,4.9,11.0,0.0,0.0,0.0
2016,3,6,6,15,0.0,0.0,4.85,11.0,0.0,0.0,0.0
2016,3,6,6,30,0.0,0.0,4.8,11.0,0.0,0.0,0.0
2016,3,6,6,45,63.5,16.5,4.8,11.5,21.5,21.76,0.0
2016,3,6,7,0,127.0,33.0,4.8,12.0,43.0,59.22,33.14
2016,3,6,7,15,242.0,49.0,4.95,12.0,85.5,115.38,81.81
2016,3,6,7,30,357.0,65.0,5.1,12.0,128.0,182.93,139.62
2016,3,6,7,45,433.5,76.0,5.25,12.5,177.5,245.62,195.44
2016,3,6,8,0,510.0,87.0,5.4,13.0,227.0,320.02,260.84
2016,3,6,8,15,562.5,94.5,5.45,13.0,276.5,385.78,318.82
2016,3,6,8,30,615.0,102.0,5.5,13.0,326.0,456.3,379.46
2016,3,6,8,45,650.0,108.5,5.6,13.0,374.0,519.78,433.08
2016,3,6,9,0,685.0,115.0,5.7,13.0,422.0,585.24,487.03
2016,3,6,9,15,711.5,119.5,5.65,13.0,466.0,644.24,534.27
2016,3,6,9,30,738.0,124.0,5.6,13.0,510.0,703.53,580.64
2016,3,6,9,45,758.0,127.0,5.6,13.0,548.5,755.99,620.0
2016,3,6,10,0,778.0,130.0,5.6,13.0,587.0,807.43,657.65
2016,3,6,10,15,653.5,173.5,5.5,13.0,572.0,778.0,633.25
2016,3,6,10,30,529.0,217.0,5.4,13.0,557.0,731.09,593.72
2016,3,6,10,45,423.5,262.5,5.35,13.5,541.0,700.07,565.27
2016,3,6,11,0,318.0,308.0,5.3,14.0,525.0,647.2,520.27
2016,3,6,11,15,384.5,295.5,5.35,14.0,565.0,704.47,565.72
2016,3,6,11,30,451.0,283.0,5.4,14.0,605.0,779.54,623.15
2016,3,6,11,45,502.5,267.0,5.45,14.0,630.0,819.88,654.27
2016,3,6,12,0,554.0,251.0,5.5,14.0,655.0,858.48,684.15
2016,3,6,12,15,320.5,298.5,5.65,14.0,532.5,660.62,530.21
2016,3,6,12,30,87.0,346.0,5.8,14.0,410.0,442.78,355.05
2016,3,6,12,45,78.5,339.0,5.95,14.0,396.5,425.95,342.38
2016,3,6,13,0,70.0,332.0,6.1,14.0,383.0,409.0,329.06
2016,3,6,13,15,69.0,325.5,6.25,14.0,375.0,399.92,322.26
2016,3,6,13,30,68.0,319.0,6.4,14.0,367.0,390.68,315.33
2016,3,6,13,45,176.0,310.0,6.55,14.0,427.5,497.25,403.93
2016,3,6,14,0,284.0,301.0,6.7,14.0,488.0,597.01,485.5
2016,3,6,14,15,237.5,292.5,6.8,13.5,444.5,521.64,426.65
2016,3,6,14,30,191.0,284.0,6.9,13.0,401.0,464.63,381.62
2016,3,6,14,45,103.0,241.5,7.05,13.0,304.0,325.07,267.58
2016,3,6,15,0,15.0,199.0,7.2,13.0,207.0,196.83,160.08
2016,3,6,15,15,7.5,172.0,7.3,13.0,176.0,164.27,133.26
2016,3,6,15,30,0.0,145.0,7.4,13.0,145.0,132.66,106.93
2016,3,6,15,45,0.0,121.5,7.5,13.0,121.5,110.23,88.33
2016,3,6,16,0,0.0,98.0,7.6,13.0,98.0,88.03,69.73
2016,3,6,16,15,0.0,84.5,7.65,12.5,84.5,75.57,59.39
2016,3,6,16,30,0.0,71.0,7.7,12.0,71.0,63.18,48.94
2016,3,6,16,45,0.0,57.0,7.8,12.0,57.0,50.39,37.88
2016,3,6,17,0,0.0,43.0,7.9,12.0,43.0,37.94,27.0
2016,3,6,17,15,0.0,31.0,7.95,12.0,31.0,27.31,17.6
2016,3,6,17,30,0.0,19.0,8.0,12.0,19.0,16.71,8.19
2016,3,6,17,45,0.0,9.5,8.1,12.0,9.5,8.34,0.0
2016,3,6,18,0,0.0,0.0,8.2,12.0,0.0,0.0,0.0
2016,3,6,18,15,0.0,0.0,8.25,12.0,0.0,0.0,0.0
2016,3,6,18,30,0.0,0.0,8.3,12.0,0.0,0.0,0.0
2016,3,6,18,45,0.0,0.0,8.4,12.0,0.0,0.0,0.0
2016,3,6,19,0,0.0,0.0,8.5,12.0,0.0,0.0,0.0
2016,3,6,19,15,0.0,0.0,8.45,12.0,0.0,0.0,0.0
2016,3,6,19,30,0.0,0.0,8.4,12.0,0.0,0.0,0.0
2016,3,6,19,45,0.0,0.0,8.4,12.0,0.0,0.0,0.0
2016,3,6,20,0,0.0,0.0,8.4,12.0,0.0,0.0,0.0
2016,3,6,20,15,0.0,0.0,8.35,12.0,0.0,0.0,0.0
2016,3,6,20,30,0.0,0.0,8.3,12.0,0.0,0.0,0.0
2016,3,6,20,45,0.0,0.0,8.3,12.0,0.0,0.0,0.0
2016,3,6,21,0,0.0,0.0,8.3,12.0,0.0,0.0,0.0
2016,3,6,21,15,0.0,0.0,8.15,12.0,0.0,0.0,0.0
2016,3,6,21,30,0.0,0.0,8.0,12.0,0.0,0.0,0.0
2016,3,6,21,45,0.0,0.0,7.85,12.0,0.0,0.0,0.0
2016,3,6,22,0,0.0,0.0,7.7,12.0,0.0,0.0,0.0
2016,3,6,22,15,0.0,0.0,7.55,12.0,0.0,0.0,0.0
2016,3,6,22,30,0.0,0.0,7.4,12.0,0.0,0.0,0.0
2016,3,6,22,45,0.0,0.0,7.25,12.0,0.0,0.0,0.0
2016,3,6,23,0,0.0,0.0,7.1,12.0,0.0,0.0,0.0
2016,3,6,23,15,0.0,0.0,6.9,11.5,0.0,0.0,0.0
2016,3,6,23,30,0.0,0.0,6.7,11.0,0.0,0.0,0.0
2016,3,6,23,45,0.0,0.0,6.55,11.0,0.0,0.0,0.0
2016,3,7,0,0,0.0,0.0,6.4,11.0,0.0,0.0,0.0
2016,3,7,0,15,0.0,0.0,6.55,11.0,0.0,0.0,0.0
2016,3,7,0,30,0.0,0.0,6.7,11.0,0.0,0.0,0.0
2016,3,7,0,45,0.0,0.0,6.9,11.0,0.0,0.0,0.0
2016,3,7,1,0,0.0,0.0,7.1,11.0,0.0,0.0,0.0
2016,3,7,1,15,0.0,0.0,7.5,10.5,0.0,0.0,0.0
2016,3,7,1,30,0.0,0.0,7.9,10.0,0.0,0.0,0.0
2016,3,7,1,45,0.0,0.0,8.3,9.5,0.0,0.0,0.0
2016,3,7,2,0,0.0,0.0,8.7,9.0,0.0,0.0,0.0
2016,3,7,2,15,0.0,0.0,8.5,9.0,0.0,0.0,0.0
2016,3,7,2,30,0.0,0.0,8.3,9.0,0.0,0.0,0.0
2016,3,7,2,45,0.0,0.0,8.1,9.0,0.0,0.0,0.0
2016,3,7,3,0,0.0,0.0,7.9,9.0,0.0,0.0,0.0
2016,3,7,3,15,0.0,0.0,7.45,9.0,0.0,0.0,0.0
2016,3,7,3,30,0.0,0.0,7.0,9.0,0.0,0.0,0.0
2016,3,7,3,45,0.0,0.0,6.55,9.0,0.0,0.0,0.0
2016,3,7,4,0,0.0,0.0,6.1,9.0,0.0,0.0,0.0
2016,3,7,4,15,0.0,0.0,5.7,9.0,0.0,0.0,0.0
2016,3,7,4,30,0.0,0.0,5.3,9.0,0.0,0.0,0.0
2016,3,7,4,45,0.0,0.0,4.95,9.0,0.0,0.0,0.0
2016,3,7,5,0,0.0,0.0,4.6,9.0,0.0,0.0,0.0
2016,3,7,5,15,0.0,0.0,4.5,9.0,0.0,0.0,0.0
2016,3,7,5,30,0.0,0.0,4.4,9.0,0.0,0.0,0.0
2016,3,7,5,45,0.0,0.0,4.35,9.0,0.0,0.0,0.0
2016,3,7,6,0,0.0,0.0,4.3,9.0,0.0,0.0,0.0
2016,3,7,6,15,0.0,0.0,4.45,9.0,0.0,0.0,0.0
2016,3,7,6,30,0.0,0.0,4.6,9.0,0.0,0.0,0.0
2016,3,7,6,45,0.0,7.0,4.8,9.0,7.0,6.37,0.0
2016,3,7,7,0,0.0,14.0,5.0,9.0,14.0,12.31,3.83
2016,3,7,7,15,0.0,26.5,5.2,9.0,26.5,23.34,14.17
2016,3,7,7,30,0.0,39.0,5.4,9.0,39.0,34.4,24.11
2016,3,7,7,45,0.0,53.0,5.65,9.5,53.0,46.92,35.17
2016,3,7,8,0,0.0,67.0,5.9,10.0,67.0,59.69,46.3
2016,3,7,8,15,0.0,81.0,5.95,10.0,81.0,72.53,57.4
2016,3,7,8,30,0.0,95.0,6.0,10.0,95.0,85.43,68.42
2016,3,7,8,45,397.0,88.5,6.05,10.0,268.5,342.44,291.83
2016,3,7,9,0,794.0,82.0,6.1,10.0,442.0,617.76,521.87
2016,3,7,9,15,816.0,85.0,6.1,10.0,486.0,676.61,569.1
2016,3,7,9,30,838.0,88.0,6.1,10.0,530.0,735.05,613.9
2016,3,7,9,45,419.0,50.0,6.1,10.5,271.0,397.28,337.7
2016,3,7,10,0,0.0,12.0,6.1,11.0,12.0,10.59,3.38
2016,3,7,10,15,47.0,156.0,6.2,11.0,186.5,190.35,156.72
2016,3,7,10,30,94.0,300.0,6.3,11.0,361.0,388.57,319.49
2016,3,7,10,45,166.0,313.5,6.4,11.0,426.0,488.3,400.91
2016,3,7,11,0,238.0,327.0,6.5,11.0,491.0,575.83,471.76
2016,3,7,11,15,184.0,338.0,6.65,11.0,466.5,541.29,442.32
2016,3,7,11,30,130.0,349.0,6.8,11.0,442.0,504.0,410.83
2016,3,7,11,45,193.0,350.5,6.95,11.5,491.0,570.04,464.41
2016,3,7,12,0,256.0,352.0,7.1,12.0,540.0,654.89,531.37
2016,3,7,12,15,374.5,314.5,7.25,12.0,590.5,732.73,595.77
2016,3,7,12,30,493.0,277.0,7.4,12.0,641.0,827.55,672.04
2016,3,7,12,45,461.0,288.5,7.6,12.0,626.0,805.09,654.24
2016,3,7,13,0,429.0,300.0,7.8,12.0,611.0,780.59,635.23
2016,3,7,13,15,523.5,257.5,7.85,12.0,629.5,820.57,669.73
2016,3,7,13,30,618.0,215.0,7.9,12.0,648.0,860.06,703.39
2016,3,7,13,45,459.0,257.5,7.95,12.0,574.0,736.75,604.4
2016,3,7,14,0,300.0,300.0,8.0,12.0,500.0,609.92,501.24
2016,3,7,14,15,200.0,291.5,8.0,12.0,422.5,486.88,401.52
2016,3,7,14,30,100.0,283.0,8.0,12.0,345.0,371.33,305.82
2016,3,7,14,45,123.0,268.0,8.05,12.0,339.5,383.82,317.37
2016,3,7,15,0,146.0,253.0,8.1,12.0,334.0,379.83,315.35
2016,3,7,15,15,251.5,220.5,8.0,12.0,347.0,426.09,356.27
2016,3,7,15,30,357.0,188.0,7.9,12.0,360.0,449.26,377.54
2016,3,7,15,45,521.5,141.5,7.85,12.0,366.0,494.75,416.87
2016,3,7,16,0,686.0,95.0,7.8,12.0,372.0,515.6,434.15
2016,3,7,16,15,643.5,89.0,7.7,11.5,322.5,447.09,375.51
2016,3,7,16,30,601.0,83.0,7.6,11.0,273.0,381.85,318.22
2016,3,7,16,45,542.0,74.5,7.5,11.0,223.0,311.07,254.55
2016,3,7,17,0,483.0,66.0,7.4,11.0,173.0,246.43,195.3
2016,3,7,17,15,386.5,55.0,7.35,10.5,126.0,175.44,132.09
2016,3,7,17,30,290.0,44.0,7.3,10.0,79.0,115.39,79.5
2016,3,7,17,45,158.5,27.0,7.3,10.0,45.0,56.55,26.74
2016,3,7,18,0,27.0,10.0,7.3,10.0,11.0,11.49,0.0
2016,3,7,18,15,13.5,5.0,7.3,10.0,5.5,0.0,0.0
2016,3,7,18,30,0.0,0.0,7.3,10.0,0.0,0.0,0.0
2016,3,7,18,45,0.0,0.0,7.35,10.0,0.0,0.0,0.0
2016,3,7,19,0,0.0,0.0,7.4,10.0,0.0,0.0,0.0
2016,3,7,19,15,0.0,0.0,7.5,10.0,0.0,0.0,0.0
2016,3,7,19,30,0.0,0.0,7.6,10.0,0.0,0.0,0.0
2016,3,7,19,45,0.0,0.0,7.75,10.0,0.0,0.0,0.0
2016,3,7,20,0,0.0,0.0,7.9,10.0,0.0,0.0,0.0
2016,3,7,20,15,0.0,0.0,7.85,9.5,0.0,0.0,0.0
2016,3,7,20,30,0.0,0.0,7.8,9.0,0.0,0.0,0.0
2016,3,7,20,45,0.0,0.0,7.75,9.0,0.0,0.0,0.0
2016,3,7,21,0,0.0,0.0,7.7,9.0,0.0,0.0,0.0
2016,3,7,21,15,0.0,0.0,7.6,9.0,0.0,0.0,0.0
2016,3,7,21,30,0.0,0.0,7.5,9.0,0.0,0.0,0.0
2016,3,7,21,45,0.0,0.0,7.4,9.0,0.0,0.0,0.0
2016,3,7,22,0,0.0,0.0,7.3,9.0,0.0,0.0,0.0
2016,3,7,22,15,0.0,0.0,7.2,9.0,0.0,0.0,0.0
2016,3,7,22,30,0.0,0.0,7.1,9.0,0.0,0.0,0.0
2016,3,7,22,45,0.0,0.0,7.0,9.0,0.0,0.0,0.0
2016,3,7,23,0,0.0,0.0,6.9,9.0,0.0,0.0,0.0
2016,3,7,23,15,0.0,0.0,6.85,8.5,0.0,0.0,0.0
2016,3,7,23,30,0.0,0.0,6.8,8.0,0.0,0.0,0.0
2016,3,7,23,45,0.0,0.0,6.8,8.0,0.0,0.0,0.0
2016,3,8,0,0,0.0,0.0,6.8,8.0,0.0,0.0,0.0
2016,3,8,0,15,0.0,0.0,6.65,8.0,0.0,0.0,0.0
2016,3,8,0,30,0.0,0.0,6.5,8.0,0.0,0.0,0.0
2016,3,8,0,45,0.0,0.0,6.4,8.0,0.0,0.0,0.0
2016,3,8,1,0,0.0,0.0,6.3,8.0,0.0,0.0,0.0
2016,3,8,1,15,0.0,0.0,6.2,8.0,0.0,0.0,0.0
2016,3,8,1,30,0.0,0.0,6.1,8.0,0.0,0.0,0.0
2016,3,8,1,45,0.0,0.0,6.0,8.0,0.0,0.0,0.0
2016,3,8,2,0,0.0,0.0,5.9,8.0,0.0,0.0,0.0
2016,3,8,2,15,0.0,0.0,5.8,8.0,0.0,0.0,0.0
2016,3,8,2,30,0.0,0.0,5.7,8.0,0.0,0.0,0.0
2016,3,8,2,45,0.0,0.0,5.6,8.0,0.0,0.0,0.0
2016,3,8,3,0,0.0,0.0,5.5,8.0,0.0,0.0,0.0
2016,3,8,3,15,0.0,0.0,5.25,7.5,0.0,0.0,0.0
2016,3,8,3,30,0.0,0.0,5.0,7.0,0.0,0.0,0.0
2016,3,8,3,45,0.0,0.0,4.8,7.0,0.0,0.0,0.0
2016,3,8,4,0,0.0,0.0,4.6,7.0,0.0,0.0,0.0
2016,3,8,4,15,0.0,0.0,4.45,7.0,0.0,0.0,0.0
2016,3,8,4,30,0.0,0.0,4.3,7.0,0.0,0.0,0.0
2016,3,8,4,45,0.0,0.0,4.15,7.0,0.0,0.0,0.0
2016,3,8,5,0,0.0,0.0,4.0,7.0,0.0,0.0,0.0
2016,3,8,5,15,0.0,0.0,4.0,7.0,0.0,0.0,0.0
2016,3,8,5,30,0.0,0.0,4.0,7.0,0.0,0.0,0.0
2016,3,8,5,45,0.0,0.0,4.0,7.0,0.0,0.0,0.0
2016,3,8,6,0,0.0,0.0,4.0,7.0,0.0,0.0,0.0
2016,3,8,6,15,0.0,0.0,4.0,7.5,0.0,0.0,0.0
2016,3,8,6,30,0.0,0.0,4.0,8.0,0.0,0.0,0.0
2016,3,8,6,45,146.5,15.5,4.0,9.0,28.0,33.78,0.0
2016,3,8,7,0,293.0,31.0,4.0,10.0,56.0,90.06,53.34
2016,3,8,7,15,403.5,41.5,3.95,10.0,102.5,147.89,104.38
2016,3,8,7,30,514.0,52.0,3.9,10.0,149.0,219.66,167.58
2016,3,8,7,45,569.5,61.0,3.9,10.5,198.5,283.27,225.79
2016,3,8,8,0,625.0,70.0,3.9,11.0,248.0,352.88,287.97
2016,3,8,8,15,668.5,76.0,3.8,11.0,298.5,419.02,346.27
2016,3,8,8,30,712.0,82.0,3.7,11.0,349.0,488.77,405.7
2016,3,8,8,45,728.5,90.5,3.65,11.5,394.5,548.46,454.4
2016,3,8,9,0,745.0,99.0,3.6,12.0,440.0,608.09,501.27
2016,3,8,9,15,764.5,95.5,3.5,12.0,475.0,653.48,536.92
2016,3,8,9,30,784.0,92.0,3.4,12.0,510.0,700.58,571.64
2016,3,8,9,45,769.5,106.5,3.3,12.0,541.5,740.22,599.37
2016,3,8,10,0,755.0,121.0,3.2,12.0,573.0,779.77,626.68
2016,3,8,10,15,659.5,164.5,3.15,12.0,574.5,774.85,621.22
2016,3,8,10,30,564.0,208.0,3.1,12.0,576.0,753.05,602.32
2016,3,8,10,45,411.5,266.5,3.05,12.0,540.5,693.48,553.25
2016,3,8,11,0,259.0,325.0,3.0,12.0,505.0,610.0,486.01
2016,3,8,11,15,224.5,338.5,2.9,12.0,497.5,580.5,462.73
2016,3,8,11,30,190.0,352.0,2.8,12.0,490.0,565.79,449.94
2016,3,8,11,45,95.0,232.0,2.75,12.0,301.0,339.79,274.14
2016,3,8,12,0,0.0,112.0,2.7,12.0,112.0,100.06,77.82
2016,3,8,12,15,105.0,237.0,2.7,12.0,314.5,356.6,289.47
2016,3,8,12,30,210.0,362.0,2.7,12.0,517.0,601.92,478.25
2016,3,8,12,45,266.5,348.0,2.75,12.0,543.0,659.76,521.45
2016,3,8,13,0,323.0,334.0,2.8,12.0,569.0,697.08,550.74
2016,3,8,13,15,163.5,264.0,2.9,12.0,383.0,440.09,354.34
2016,3,8,13,30,4.0,194.0,3.0,12.0,197.0,181.85,145.05
2016,3,8,13,45,3.5,189.5,3.2,12.0,192.0,177.02,141.82
2016,3,8,14,0,3.0,185.0,3.4,12.0,187.0,172.23,138.13
2016,3,8,14,15,35.0,229.5,3.3,11.5,251.5,257.59,209.46
2016,3,8,14,30,67.0,274.0,3.2,11.0,316.0,332.69,271.29
2016,3,8,14,45,33.5,196.5,3.15,11.0,217.5,219.28,178.85
2016,3,8,15,0,0.0,119.0,3.1,11.0,119.0,106.78,85.0
2016,3,8,15,15,6.0,146.5,2.8,11.0,149.5,137.74,111.52
2016,3,8,15,30,12.0,174.0,2.5,11.0,180.0,169.34,138.23
2016,3,8,15,45,6.0,132.5,2.25,11.0,135.5,124.5,100.79
2016,3,8,16,0,0.0,91.0,2.0,11.0,91.0,81.26,64.32
2016,3,8,16,15,0.0,79.0,1.65,10.5,79.0,70.27,55.23
2016,3,8,16,30,0.0,67.0,1.3,10.0,67.0,59.34,46.01
2016,3,8,16,45,0.0,55.0,1.0,10.0,55.0,48.57,36.7
2016,3,8,17,0,0.0,43.0,0.7,10.0,43.0,37.93,27.36
2016,3,8,17,15,0.0,31.5,1.05,9.5,31.5,27.75,18.33
2016,3,8,17,30,0.0,20.0,1.4,9.0,20.0,17.59,9.23
2016,3,8,17,45,0.0,11.5,1.75,9.0,11.5,10.1,1.5
2016,3,8,18,0,0.0,3.0,2.1,9.0,3.0,2.73,0.0
2016,3,8,18,15,0.0,1.5,2.2,9.0,1.5,0.0,0.0
2016,3,8,18,30,0.0,0.0,2.3,9.0,0.0,0.0,0.0
2016,3,8,18,45,0.0,0.0,2.45,9.0,0.0,0.0,0.0
2016,3,8,19,0,0.0,0.0,2.6,9.0,0.0,0.0,0.0
2016,3,8,19,15,0.0,0.0,2.65,9.0,0.0,0.0,0.0
2016,3,8,19,30,0.0,0.0,2.7,9.0,0.0,0.0,0.0
2016,3,8,19,45,0.0,0.0,2.75,9.0,0.0,0.0,0.0
2016,3,8,20,0,0.0,0.0,2.8,9.0,0.0,0.0,0.0
2016,3,8,20,15,0.0,0.0,2.85,9.0,0.0,0.0,0.0
2016,3,8,20,30,0.0,0.0,2.9,9.0,0.0,0.0,0.0
2016,3,8,20,45,0.0,0.0,3.0,9.0,0.0,0.0,0.0
2016,3,8,21,0,0.0,0.0,3.1,9.0,0.0,0.0,0.0
2016,3,8,21,15,0.0,0.0,3.15,9.0,0.0,0.0,0.0
2016,3,8,21,30,0.0,0.0,3.2,9.0,0.0,0.0,0.0
2016,3,8,21,45,0.0,0.0,3.3,9.5,0.0,0.0,0.0
2016,3,8,22,0,0.0,0.0,3.4,10.0,0.0,0.0,0.0
2016,3,8,22,15,0.0,0.0,3.5,10.0,0.0,0.0,0.0
2016,3,8,22,30,0.0,0.0,3.6,10.0,0.0,0.0,0.0
2016,3,8,22,45,0.0,0.0,3.7,10.0,0.0,0.0,0.0
2016,3,8,23,0,0.0,0.0,3.8,10.0,0.0,0.0,0.0
2016,3,8,23,15,0.0,0.0,3.85,10.0,0.0,0.0,0.0
2016,3,8,23,30,0.0,0.0,3.9,10.0,0.0,0.0,0.0
2016,3,8,23,45,0.0,0.0,4.0,10.0,0.0,0.0,0.0
2016,3,9,0,0,0.0,0.0,4.1,10.0,0.0,0.0,0.0
2016,3,9,0,15,0.0,0.0,4.1,10.0,0.0,0.0,0.0
2016,3,9,0,30,0.0,0.0,4.1,10.0,0.0,0.0,0.0
2016,3,9,0,45,0.0,0.0,4.15,10.0,0.0,0.0,0.0
2016,3,9,1,0,0.0,0.0,4.2,10.0,0.0,0.0,0.0
2016,3,9,1,15,0.0,0.0,4.15,10.0,0.0,0.0,0.0
2016,3,9,1,30,0.0,0.0,4.1,10.0,0.0,0.0,0.0
2016,3,9,1,45,0.0,0.0,4.1,10.0,0.0,0.0,0.0
2016,3,9,2,0,0.0,0.0,4.1,10.0,0.0,0.0,0.0
2016,3,9,2,15,0.0,0.0,4.1,10.0,0.0,0.0,0.0
2016,3,9,2,30,0.0,0.0,4.1,10.0,0.0,0.0,0.0
2016,3,9,2,45,0.0,0.0,4.1,10.0,0.0,0.0,0.0
2016,3,9,3,0,0.0,0.0,4.1,10.0,0.0,0.0,0.0
2016,3,9,3,15,0.0,0.0,4.1,10.0,0.0,0.0,0.0
2016,3,9,3,30,0.0,0.0,4.1,10.0,0.0,0.0,0.0
2016,3,9,3,45,0.0,0.0,4.15,10.0,0.0,0.0,0.0
2016,3,9,4,0,0.0,0.0,4.2,10.0,0.0,0.0,0.0
2016,3,9,4,15,0.0,0.0,4.2,10.0,0.0,0.0,0.0
2016,3,9,4,30,0.0,0.0,4.2,10.0,0.0,0.0,0.0
2016,3,9,4,45,0.0,0.0,4.25,10.5,0.0,0.0,0.0
2016,3,9,5,0,0.0,0.0,4.3,11.0,0.0,0.0,0.0
2016,3,9,5,15,0.0,0.0,4.25,11.0,0.0,0.0,0.0
2016,3,9,5,30,0.0,0.0,4.2,11.0,0.0,0.0,0.0
2016,3,9,5,45,0.0,0.0,4.2,11.0,0.0,0.0,0.0
2016,3,9,6,0,0.0,0.0,4.2,11.0,0.0,0.0,0.0
2016,3,9,6,15,0.0,0.0,4.25,11.0,0.0,0.0,0.0
2016,3,9,6,30,0.0,0.0,4.3,11.0,0.0,0.0,0.0
2016,3,9,6,45,0.0,3.0,4.35,11.0,3.0,2.63,0.0
2016,3,9,7,0,0.0,6.0,4.4,11.0,6.0,5.26,0.0
2016,3,9,7,15,0.0,10.5,4.4,11.0,10.5,9.21,2.16
2016,3,9,7,30,0.0,15.0,4.4,11.0,15.0,13.18,5.71
2016,3,9,7,45,0.0,20.5,4.4,11.5,20.5,18.02,9.98
2016,3,9,8,0,0.0,26.0,4.4,12.0,26.0,22.88,14.2
2016,3,9,8,15,0.0,31.0,4.3,12.0,31.0,27.3,18.02
2016,3,9,8,30,0.0,36.0,4.2,12.0,36.0,31.73,21.79
2016,3,9,8,45,0.0,75.5,4.1,12.5,75.5,66.78,51.67
2016,3,9,9,0,0.0,115.0,4.0,13.0,115.0,103.57,82.47
2016,3,9,9,15,17.0,164.5,3.9,13.0,174.0,163.12,132.36
2016,3,9,9,30,34.0,214.0,3.8,13.0,233.0,236.72,192.83
2016,3,9,9,45,21.5,207.0,3.75,13.5,219.5,209.34,169.24
2016,3,9,10,0,9.0,200.0,3.7,14.0,206.0,192.32,154.32
2016,3,9,10,15,26.5,239.0,3.7,14.0,256.5,246.43,198.45
2016,3,9,10,30,44.0,278.0,3.7,14.0,307.0,318.38,255.94
2016,3,9,10,45,23.0,226.0,3.7,14.5,241.5,230.95,184.71
2016,3,9,11,0,2.0,174.0,3.7,15.0,176.0,160.48,126.7
2016,3,9,11,15,2.5,176.5,3.7,15.0,178.5,163.36,129.03
2016,3,9,11,30,3.0,179.0,3.7,15.0,181.0,166.25,131.28
2016,3,9,11,45,1.5,146.5,3.75,15.0,147.5,133.78,104.81
2016,3,9,12,0,0.0,114.0,3.8,15.0,114.0,101.91,78.72
2016,3,9,12,15,15.0,207.0,3.8,15.0,218.0,205.5,163.44
2016,3,9,12,30,30.0,300.0,3.8,15.0,322.0,332.34,264.14
2016,3,9,12,45,86.0,329.5,3.85,15.5,392.5,421.06,334.32
2016,3,9,13,0,142.0,359.0,3.9,16.0,463.0,527.22,415.97
2016,3,9,13,15,113.5,345.5,3.9,16.0,427.5,464.29,367.28
2016,3,9,13,30,85.0,332.0,3.9,16.0,392.0,419.89,332.82
2016,3,9,13,45,77.5,318.0,3.9,16.0,371.5,395.57,314.33
2016,3,9,14,0,70.0,304.0,3.9,16.0,351.0,371.44,295.84
2016,3,9,14,15,99.5,297.5,3.9,16.0,361.0,388.63,310.78
2016,3,9,14,30,129.0,291.0,3.9,16.0,371.0,418.01,334.88
2016,3,9,14,45,166.5,272.5,3.9,16.0,370.0,422.87,340.28
2016,3,9,15,0,204.0,254.0,3.9,16.0,369.0,424.37,343.0
2016,3,9,15,15,143.0,232.5,3.85,15.5,310.5,347.36,281.92
2016,3,9,15,30,82.0,211.0,3.8,15.0,252.0,265.08,215.66
2016,3,9,15,45,77.0,190.0,3.8,15.0,225.5,236.06,192.5
2016,3,9,16,0,72.0,169.0,3.8,15.0,199.0,207.56,169.31
2016,3,9,16,15,64.0,149.0,3.65,14.5,173.0,179.16,146.06
2016,3,9,16,30,56.0,129.0,3.5,14.0,147.0,151.71,123.2
2016,3,9,16,45,48.5,107.5,3.35,14.0,121.0,123.85,99.39
2016,3,9,17,0,41.0,86.0,3.2,14.0,95.0,96.98,76.12
2016,3,9,17,15,27.0,65.0,3.15,13.5,70.0,69.86,52.74
2016,3,9,17,30,13.0,44.0,3.1,13.0,45.0,44.57,30.95
2016,3,9,17,45,6.5,26.0,3.1,13.0,26.5,24.34,11.67
2016,3,9,18,0,0.0,8.0,3.1,13.0,8.0,7.28,0.0
2016,3,9,18,15,0.0,4.0,3.15,13.0,4.0,0.0,0.0
2016,3,9,18,30,0.0,0.0,3.2,13.0,0.0,0.0,0.0
2016,3,9,18,45,0.0,0.0,3.3,13.0,0.0,0.0,0.0
2016,3,9,19,0,0.0,0.0,3.4,13.0,0.0,0.0,0.0
2016,3,9,19,15,0.0,0.0,3.5,12.5,0.0,0.0,0.0
2016,3,9,19,30,0.0,0.0,3.6,12.0,0.0,0.0,0.0
2016,3,9,19,45,0.0,0.0,3.7,12.0,0.0,0.0,0.0
2016,3,9,20,0,0.0,0.0,3.8,12.0,0.0,0.0,0.0
2016,3,9,20,15,0.0,0.0,3.9,12.0,0.0,0.0,0.0
2016,3,9,20,30,0.0,0.0,4.0,12.0,0.0,0.0,0.0
2016,3,9,20,45,0.0,0.0,4.15,12.0,0.0,0.0,0.0
2016,3,9,21,0,0.0,0.0,4.3,12.0,0.0,0.0,0.0
2016,3,9,21,15,0.0,0.0,4.4,12.0,0.0,0.0,0.0
2016,3,9,21,30,0.0,0.0,4.5,12.0,0.0,0.0,0.0
2016,3,9,21,45,0.0,0.0,4.65,12.0,0.0,0.0,0.0
2016,3,9,22,0,0.0,0.0,4.8,12.0,0.0,0.0,0.0
2016,3,9,22,15,0.0,0.0,4.85,12.0,0.0,0.0,0.0
2016,3,9,22,30,0.0,0.0,4.9,12.0,0.0,0.0,0.0
2016,3,9,22,45,0.0,0.0,5.0,12.0,0.0,0.0,0.0
2016,3,9,23,0,0.0,0.0,5.1,12.0,0.0,0.0,0.0
2016,3,9,23,15,0.0,0.0,5.1,12.0,0.0,0.0,0.0
2016,3,9,23,30,0.0,0.0,5.1,12.0,0.0,0.0,0.0
2016,3,9,23,45,0.0,0.0,5.15,12.0,0.0,0.0,0.0
2016,3,10,0,0,0.0,0.0,5.2,12.0,0.0,0.0,0.0
2016,3,10,0,15,0.0,0.0,5.2,12.0,0.0,0.0,0.0
2016,3,10,0,30,0.0,0.0,5.2,12.0,0.0,0.0,0.0
2016,3,10,0,45,0.0,0.0,5.2,12.0,0.0,0.0,0.0
2016,3,10,1,0,0.0,0.0,5.2,12.0,0.0,0.0,0.0
2016,3,10,1,15,0.0,0.0,5.2,12.0,0.0,0.0,0.0
2016,3,10,1,30,0.0,0.0,5.2,12.0,0.0,0.0,0.0
2016,3,10,1,45,0.0,0.0,5.2,12.0,0.0,0.0,0.0
2016,3,10,2,0,0.0,0.0,5.2,12.0,0.0,0.0,0.0
2016,3,10,2,15,0.0,0.0,5.2,11.5,0.0,0.0,0.0
2016,3,10,2,30,0.0,0.0,5.2,11.0,0.0,0.0,0.0
2016,3,10,2,45,0.0,0.0,5.2,11.0,0.0,0.0,0.0
2016,3,10,3,0,0.0,0.0,5.2,11.0,0.0,0.0,0.0
2016,3,10,3,15,0.0,0.0,5.3,11.0,0.0,0.0,0.0
2016,3,10,3,30,0.0,0.0,5.4,11.0,0.0,0.0,0.0
2016,3,10,3,45,0.0,0.0,5.5,11.5,0.0,0.0,0.0
2016,3,10,4,0,0.0,0.0,5.6,12.0,0.0,0.0,0.0
2016,3,10,4,15,0.0,0.0,5.6,12.0,0.0,0.0,0.0
2016,3,10,4,30,0.0,0.0,5.6,12.0,0.0,0.0,0.0
2016,3,10,4,45,0.0,0.0,5.65,12.0,0.0,0.0,0.0
2016,3,10,5,0,0.0,0.0,5.7,12.0,0.0,0.0,0.0
2016,3,10,5,15,0.0,0.0,5.65,12.0,0.0,0.0,0.0
2016,3,10,5,30,0.0,0.0,5.6,12.0,0.0,0.0,0.0
2016,3,10,5,45,0.0,0.0,5.6,12.0,0.0,0.0,0.0
2016,3,10,6,0,0.0,0.0,5.6,12.0,0.0,0.0,0.0
2016,3,10,6,15,0.0,0.0,5.75,12.0,0.0,0.0,0.0
2016,3,10,6,30,0.0,0.0,5.9,12.0,0.0,0.0,0.0
2016,3,10,6,45,30.0,17.5,6.05,12.5,20.5,20.19,0.0
2016,3,10,7,0,60.0,35.0,6.2,13.0,41.0,46.13,28.95
2016,3,10,7,15,95.0,55.5,6.3,13.0,71.5,79.24,57.66
2016,3,10,7,30,130.0,76.0,6.4,13.0,102.0,116.82,90.49
2016,3,10,7,45,149.5,97.5,6.5,13.5,135.5,154.19,123.58
2016,3,10,8,0,169.0,119.0,6.6,14.0,169.0,193.92,158.29
2016,3,10,8,15,187.0,138.5,6.8,14.0,203.0,232.98,192.27
2016,3,10,8,30,205.0,158.0,7.0,14.0,237.0,273.93,227.34
2016,3,10,8,45,102.5,128.0,7.2,14.5,167.5,191.57,157.81
2016,3,10,9,0,0.0,98.0,7.4,15.0,98.0,87.42,68.29
2016,3,10,9,15,0.0,116.0,7.4,15.0,116.0,104.16,82.15
2016,3,10,9,30,0.0,134.0,7.4,15.0,134.0,121.05,95.97
2016,3,10,9,45,0.0,73.0,7.4,15.5,73.0,64.62,48.6
2016,3,10,10,0,0.0,12.0,7.4,16.0,12.0,10.59,3.23
2016,3,10,10,15,0.0,71.0,7.3,16.0,71.0,62.89,46.86
2016,3,10,10,30,0.0,130.0,7.2,16.0,130.0,116.79,91.27
2016,3,10,10,45,0.0,119.5,7.1,16.0,119.5,106.95,83.01
2016,3,10,11,0,0.0,109.0,7.0,16.0,109.0,97.22,74.91
2016,3,10,11,15,0.0,105.5,6.85,16.0,105.5,94.01,72.19
2016,3,10,11,30,0.0,102.0,6.7,16.0,102.0,90.81,69.5
2016,3,10,11,45,0.0,103.5,6.6,16.0,103.5,92.21,70.6
2016,3,10,12,0,0.0,105.0,6.5,16.0,105.0,93.6,71.71
2016,3,10,12,15,0.0,77.0,6.35,16.0,77.0,68.34,50.93
2016,3,10,12,30,0.0,49.0,6.2,16.0,49.0,43.43,30.39
2016,3,10,12,45,0.0,47.5,6.05,16.0,47.5,42.1,29.3
2016,3,10,13,0,0.0,46.0,5.9,16.0,46.0,40.76,28.21
2016,3,10,13,15,0.0,57.0,5.65,15.5,57.0,50.52,36.39
2016,3,10,13,30,0.0,68.0,5.4,15.0,68.0,60.29,44.62
2016,3,10,13,45,0.0,52.5,5.2,15.0,52.5,46.5,33.2
2016,3,10,14,0,0.0,37.0,5.0,15.0,37.0,32.73,21.77
2016,3,10,14,15,0.0,30.5,4.8,15.0,30.5,26.96,16.99
2016,3,10,14,30,0.0,24.0,4.6,15.0,24.0,21.2,12.19
2016,3,10,14,45,0.0,50.0,4.45,15.0,50.0,44.21,31.58
2016,3,10,15,0,0.0,76.0,4.3,15.0,76.0,67.28,50.99
2016,3,10,15,15,0.0,56.0,4.2,15.0,56.0,49.5,36.19
2016,3,10,15,30,0.0,36.0,4.1,15.0,36.0,31.77,21.32
2016,3,10,15,45,0.0,34.5,4.05,15.0,34.5,30.43,20.27
2016,3,10,16,0,0.0,33.0,4.0,15.0,33.0,29.09,19.2
2016,3,10,16,15,0.0,28.5,4.0,14.5,28.5,25.1,15.89
2016,3,10,16,30,0.0,24.0,4.0,14.0,24.0,21.12,12.54
2016,3,10,16,45,0.0,19.5,4.0,14.0,19.5,17.15,9.12
2016,3,10,17,0,0.0,15.0,4.0,14.0,15.0,13.18,5.66
2016,3,10,17,15,0.0,11.0,4.2,14.0,11.0,9.66,2.56
2016,3,10,17,30,0.0,7.0,4.4,14.0,7.0,6.14,0.0
2016,3,10,17,45,0.0,4.0,4.6,14.0,4.0,3.5,0.0
2016,3,10,18,0,0.0,1.0,4.8,14.0,1.0,0.91,0.0
2016,3,10,18,15,0.0,0.5,4.95,13.5,0.5,0.0,0.0
2016,3,10,18,30,0.0,0.0,5.1,13.0,0.0,0.0,0.0
2016,3,10,18,45,0.0,0.0,5.35,13.0,0.0,0.0,0.0
2016,3,10,19,0,0.0,0.0,5.6,13.0,0.0,0.0,0.0
2016,3,10,19,15,0.0,0.0,5.55,13.0,0.0,0.0,0.0
2016,3,10,19,30,0.0,0.0,5.5,13.0,0.0,0.0,0.0
2016,3,10,19,45,0.0,0.0,5.45,13.0,0.0,0.0,0.0
2016,3,10,20,0,0.0,0.0,5.4,13.0,0.0,0.0,0.0
2016,3,10,20,15,0.0,0.0,5.25,13.0,0.0,0.0,0.0
2016,3,10,20,30,0.0,0.0,5.1,13.0,0.0,0.0,0.0
2016,3,10,20,45,0.0,0.0,4.95,13.0,0.0,0.0,0.0
2016,3,10,21,0,0.0,0.0,4.8,13.0,0.0,0.0,0.0
2016,3,10,21,15,0.0,0.0,4.7,13.0,0.0,0.0,0.0
2016,3,10,21,30,0.0,0.0,4.6,13.0,0.0,0.0,0.0
2016,3,10,21,45,0.0,0.0,4.5,13.0,0.0,0.0,0.0
2016,3,10,22,0,0.0,0.0,4.4,13.0,0.0,0.0,0.0
2016,3,10,22,15,0.0,0.0,4.4,13.0,0.0,0.0,0.0
2016,3,10,22,30,0.0,0.0,4.4,13.0,0.0,0.0,0.0
2016,3,10,22,45,0.0,0.0,4.4,13.0,0.0,0.0,0.0
2016,3,10,23,0,0.0,0.0,4.4,13.0,0.0,0.0,0.0
2016,3,10,23,15,0.0,0.0,4.45,13.0,0.0,0.0,0.0
2016,3,10,23,30,0.0,0.0,4.5,13.0,0.0,0.0,0.0
2016,3,10,23,45,0.0,0.0,4.6,13.0,0.0,0.0,0.0
2016,3,11,0,0,0.0,0.0,4.7,13.0,0.0,0.0,0.0
2016,3,11,0,15,0.0,0.0,4.9,13.0,0.0,0.0,0.0
2016,3,11,0,30,0.0,0.0,5.1,13.0,0.0,0.0,0.0
2016,3,11,0,45,0.0,0.0,5.3,13.0,0.0,0.0,0.0
2016,3,11,1,0,0.0,0.0,5.5,13.0,0.0,0.0,0.0
2016,3,11,1,15,0.0,0.0,5.7,13.0,0.0,0.0,0.0
2016,3,11,1,30,0.0,0.0,5.9,13.0,0.0,0.0,0.0
2016,3,11,1,45,0.0,0.0,6.1,13.0,0.0,0.0,0.0
2016,3,11,2,0,0.0,0.0,6.3,13.0,0.0,0.0,0.0
2016,3,11,2,15,0.0,0.0,6.5,13.0,0.0,0.0,0.0
2016,3,11,2,30,0.0,0.0,6.7,13.0,0.0,0.0,0.0
2016,3,11,2,45,0.0,0.0,6.9,13.0,0.0,0.0,0.0
2016,3,11,3,0,0.0,0.0,7.1,13.0,0.0,0.0,0.0
2016,3,11,3,15,0.0,0.0,7.35,13.0,0.0,0.0,0.0
2016,3,11,3,30,0.0,0.0,7.6,13.0,0.0,0.0,0.0
2016,3,11,3,45,0.0,0.0,7.85,13.0,0.0,0.0,0.0
2016,3,11,4,0,0.0,0.0,8.1,13.0,0.0,0.0,0.0
2016,3,11,4,15,0.0,0.0,8.3,13.0,0.0,0.0,0.0
2016,3,11,4,30,0.0,0.0,8.5,13.0,0.0,0.0,0.0
2016,3,11,4,45,0.0,0.0,8.75,13.0,0.0,0.0,0.0
2016,3,11,5,0,0.0,0.0,9.0,13.0,0.0,0.0,0.0
2016,3,11,5,15,0.0,0.0,9.4,13.0,0.0,0.0,0.0
2016,3,11,5,30,0.0,0.0,9.8,13.0,0.0,0.0,0.0
2016,3,11,5,45,0.0,0.0,10.25,13.0,0.0,0.0,0.0
2016,3,11,6,0,0.0,0.0,10.7,13.0,0.0,0.0,0.0
2016,3,11,6,15,0.0,0.0,10.75,12.5,0.0,0.0,0.0
2016,3,11,6,30,0.0,0.0,10.8,12.0,0.0,0.0,0.0
2016,3,11,6,45,0.0,14.5,10.85,12.0,14.5,12.77,0.0
2016,3,11,7,0,0.0,29.0,10.9,12.0,29.0,25.72,15.27
2016,3,11,7,15,1.5,49.5,10.5,12.0,50.0,45.09,32.47
2016,3,11,7,30,3.0,70.0,10.1,12.0,71.0,64.72,49.78
2016,3,11,7,45,11.0,90.5,9.75,12.0,93.5,87.01,69.15
2016,3,11,8,0,19.0,111.0,9.4,12.0,116.0,110.34,89.33
2016,3,11,8,15,24.5,130.5,9.25,12.0,138.5,138.11,113.12
2016,3,11,8,30,30.0,150.0,9.1,12.0,161.0,162.02,133.39
2016,3,11,8,45,15.0,98.0,8.95,12.0,103.5,96.59,77.43
2016,3,11,9,0,0.0,46.0,8.8,12.0,46.0,40.61,29.19
2016,3,11,9,15,0.0,44.0,8.55,12.0,44.0,38.85,27.6
2016,3,11,9,30,0.0,42.0,8.3,12.0,42.0,37.1,26.02
2016,3,11,9,45,8.0,131.5,8.05,12.5,137.0,124.72,100.04
2016,3,11,10,0,16.0,221.0,7.8,13.0,232.0,218.69,177.66
2016,3,11,10,15,8.0,157.5,7.75,13.0,163.0,149.81,120.16
2016,3,11,10,30,0.0,94.0,7.7,13.0,94.0,83.39,64.44
2016,3,11,10,45,13.0,184.5,7.7,13.0,194.0,180.67,145.54
2016,3,11,11,0,26.0,275.0,7.7,13.0,294.0,283.03,229.26
2016,3,11,11,15,31.5,292.0,7.7,13.0,315.5,323.23,261.54
2016,3,11,11,30,37.0,309.0,7.7,13.0,337.0,347.72,281.15
2016,3,11,11,45,464.5,212.5,7.7,13.0,562.5,721.86,591.34
2016,3,11,12,0,892.0,116.0,7.7,13.0,788.0,1038.0,832.33
2016,3,11,12,15,630.0,226.5,7.75,13.0,701.5,916.78,740.4
2016,3,11,12,30,368.0,337.0,7.8,13.0,615.0,749.82,605.88
2016,3,11,12,45,284.0,351.0,7.9,13.0,564.0,679.08,549.56
2016,3,11,13,0,200.0,365.0,8.0,13.0,513.0,590.29,478.38
2016,3,11,13,15,239.5,351.0,8.15,13.0,525.5,610.18,496.12
2016,3,11,13,30,279.0,337.0,8.3,13.0,538.0,644.99,525.0
2016,3,11,13,45,196.0,330.0,8.5,13.0,469.5,535.55,437.29
2016,3,11,14,0,113.0,323.0,8.7,13.0,401.0,430.76,351.87
2016,3,11,14,15,58.0,252.0,8.65,12.5,292.0,301.0,246.41
2016,3,11,14,30,3.0,181.0,8.6,12.0,183.0,168.2,135.79
2016,3,11,14,45,1.5,96.0,8.6,12.0,97.0,86.44,67.64
2016,3,11,15,0,0.0,11.0,8.6,12.0,11.0,9.7,2.62
2016,3,11,15,15,0.0,25.0,8.55,11.5,25.0,22.06,13.25
2016,3,11,15,30,0.0,39.0,8.5,11.0,39.0,34.42,23.96
2016,3,11,15,45,0.0,50.0,8.5,11.0,50.0,44.15,32.41
2016,3,11,16,0,0.0,61.0,8.5,11.0,61.0,53.89,40.9
2016,3,11,16,15,0.0,53.0,8.45,10.5,53.0,46.79,34.95
2016,3,11,16,30,0.0,45.0,8.4,10.0,45.0,39.69,28.93
2016,3,11,16,45,0.0,37.0,8.4,10.0,37.0,32.6,22.77
2016,3,11,17,0,0.0,29.0,8.4,10.0,29.0,25.53,16.54
2016,3,11,17,15,0.0,21.5,8.35,10.0,21.5,18.91,10.65
2016,3,11,17,30,0.0,14.0,8.3,10.0,14.0,12.3,4.74
2016,3,11,17,45,0.0,8.0,8.25,10.0,8.0,7.02,0.0
2016,3,11,18,0,0.0,2.0,8.2,10.0,2.0,1.82,0.0
2016,3,11,18,15,0.0,1.0,8.2,10.0,1.0,0.0,0.0
2016,3,11,18,30,0.0,0.0,8.2,10.0,0.0,0.0,0.0
2016,3,11,18,45,0.0,0.0,8.2,10.0,0.0,0.0,0.0
2016,3,11,19,0,0.0,0.0,8.2,10.0,0.0,0.0,0.0
2016,3,11,19,15,0.0,0.0,8.1,10.0,0.0,0.0,0.0
2016,3,11,19,30,0.0,0.0,8.0,10.0,0.0,0.0,0.0
2016,3,11,19,45,0.0,0.0,7.95,10.0,0.0,0.0,0.0
2016,3,11,20,0,0.0,0.0,7.9,10.0,0.0,0.0,0.0
2016,3,11,20,15,0.0,0.0,7.8,10.0,0.0,0.0,0.0
2016,3,11,20,30,0.0,0.0,7.7,10.0,0.0,0.0,0.0
2016,3,11,20,45,0.0,0.0,7.6,10.0,0.0,0.0,0.0
2016,3,11,21,0,0.0,0.0,7.5,10.0,0.0,0.0,0.0
2016,3,11,21,15,0.0,0.0,7.3,10.0,0.0,0.0,0.0
2016,3,11,21,30,0.0,0.0,7.1,10.0,0.0,0.0,0.0
2016,3,11,21,45,0.0,0.0,6.9,10.0,0.0,0.0,0.0
2016,3,11,22,0,0.0,0.0,6.7,10.0,0.0,0.0,0.0
2016,3,11,22,15,0.0,0.0,6.5,10.0,0.0,0.0,0.0
2016,3,11,22,30,0.0,0.0,6.3,10.0,0.0,0.0,0.0
2016,3,11,22,45,0.0,0.0,6.15,10.0,0.0,0.0,0.0
2016,3,11,23,0,0.0,0.0,6.0,10.0,0.0,0.0,0.0
2016,3,11,23,15,0.0,0.0,5.8,10.0,0.0,0.0,0.0
2016,3,11,23,30,0.0,0.0,5.6,10.0,0.0,0.0,0.0
2016,3,11,23,45,0.0,0.0,5.45,10.0,0.0,0.0,0.0
2016,3,12,0,0,0.0,0.0,5.3,10.0,0.0,0.0,0.0
2016,3,12,0,15,0.0,0.0,5.05,9.5,0.0,0.0,0.0
2016,3,12,0,30,0.0,0.0,4.8,9.0,0.0,0.0,0.0
2016,3,12,0,45,0.0,0.0,4.6,9.0,0.0,0.0,0.0
2016,3,12,1,0,0.0,0.0,4.4,9.0,0.0,0.0,0.0
2016,3,12,1,15,0.0,0.0,4.3,9.0,0.0,0.0,0.0
2016,3,12,1,30,0.0,0.0,4.2,9.0,0.0,0.0,0.0
2016,3,12,1,45,0.0,0.0,4.1,9.0,0.0,0.0,0.0
2016,3,12,2,0,0.0,0.0,4.0,9.0,0.0,0.0,0.0
2016,3,12,2,15,0.0,0.0,3.95,9.0,0.0,0.0,0.0
2016,3,12,2,30,0.0,0.0,3.9,9.0,0.0,0.0,0.0
2016,3,12,2,45,0.0,0.0,3.85,9.0,0.0,0.0,0.0
2016,3,12,3,0,0.0,0.0,3.8,9.0,0.0,0.0,0.0
2016,3,12,3,15,0.0,0.0,3.7,9.0,0.0,0.0,0.0
2016,3,12,3,30,0.0,0.0,3.6,9.0,0.0,0.0,0.0
2016,3,12,3,45,0.0,0.0,3.55,9.0,0.0,0.0,0.0
2016,3,12,4,0,0.0,0.0,3.5,9.0,0.0,0.0,0.0
2016,3,12,4,15,0.0,0.0,3.5,9.0,0.0,0.0,0.0
2016,3,12,4,30,0.0,0.0,3.5,9.0,0.0,0.0,0.0
2016,3,12,4,45,0.0,0.0,3.55,9.5,0.0,0.0,0.0
2016,3,12,5,0,0.0,0.0,3.6,10.0,0.0,0.0,0.0
2016,3,12,5,15,0.0,0.0,3.75,10.0,0.0,0.0,0.0
2016,3,12,5,30,0.0,0.0,3.9,10.0,0.0,0.0,0.0
2016,3,12,5,45,0.0,0.0,4.1,10.0,0.0,0.0,0.0
2016,3,12,6,0,0.0,0.0,4.3,10.0,0.0,0.0,0.0
2016,3,12,6,15,0.0,0.0,4.55,10.0,0.0,0.0,0.0
2016,3,12,6,30,0.0,0.0,4.8,10.0,0.0,0.0,0.0
2016,3,12,6,45,0.0,7.0,5.05,10.5,7.0,6.14,0.0
2016,3,12,7,0,0.0,14.0,5.3,11.0,14.0,12.3,4.49
2016,3,12,7,15,0.0,24.5,5.6,11.0,24.5,21.56,12.75
2016,3,12,7,30,0.0,35.0,5.9,11.0,35.0,30.84,20.99
2016,3,12,7,45,0.0,46.5,6.2,11.0,46.5,41.03,29.95
2016,3,12,8,0,0.0,58.0,6.5,11.0,58.0,51.23,38.82
2016,3,12,8,15,0.0,69.5,6.7,11.0,69.5,61.44,47.58
2016,3,12,8,30,0.0,81.0,6.9,11.0,81.0,71.89,56.45
2016,3,12,8,45,33.5,141.5,7.1,11.5,157.5,155.71,128.08
2016,3,12,9,0,67.0,202.0,7.3,12.0,234.0,242.56,200.92
2016,3,12,9,15,38.5,196.5,7.4,12.0,215.0,219.1,180.31
2016,3,12,9,30,10.0,191.0,7.5,12.0,196.0,183.82,149.75
2016,3,12,9,45,5.5,181.5,7.65,12.5,184.0,170.85,138.24
2016,3,12,10,0,1.0,172.0,7.8,13.0,172.0,157.77,126.7
2016,3,12,10,15,2.0,178.5,7.8,13.0,180.0,164.76,132.27
2016,3,12,10,30,3.0,185.0,7.8,13.0,188.0,171.85,137.92
2016,3,12,10,45,4.0,190.0,7.8,13.0,193.5,177.58,142.47
2016,3,12,11,0,5.0,195.0,7.8,13.0,199.0,183.37,147.09
2016,3,12,11,15,44.0,271.5,7.8,13.0,304.5,312.7,253.81
2016,3,12,11,30,83.0,348.0,7.8,13.0,410.0,435.95,353.29
2016,3,12,11,45,44.5,276.0,7.8,13.0,309.5,319.23,258.45
2016,3,12,12,0,6.0,204.0,7.8,13.0,209.0,193.21,154.67
2016,3,12,12,15,6.5,205.5,7.8,13.0,210.5,195.18,156.37
2016,3,12,12,30,7.0,207.0,7.8,13.0,212.0,197.14,158.0
2016,3,12,12,45,5.5,196.5,7.85,13.0,201.0,185.42,148.4
2016,3,12,13,0,4.0,186.0,7.9,13.0,190.0,173.77,138.86
2016,3,12,13,15,2.5,176.5,7.9,13.0,179.0,163.14,130.17
2016,3,12,13,30,1.0,167.0,7.9,13.0,168.0,152.6,121.54
2016,3,12,13,45,0.5,131.0,7.9,13.0,131.5,118.12,93.15
2016,3,12,14,0,0.0,95.0,7.9,13.0,95.0,84.32,65.15
2016,3,12,14,15,2.5,144.0,7.8,13.0,145.5,132.13,105.2
2016,3,12,14,30,5.0,193.0,7.7,13.0,196.0,181.49,146.34
2016,3,12,14,45,37.0,221.5,7.65,13.0,243.0,247.37,202.05
2016,3,12,15,0,69.0,250.0,7.6,13.0,290.0,301.79,247.88
2016,3,12,15,15,34.5,168.5,7.45,13.0,188.5,187.4,153.07
2016,3,12,15,30,0.0,87.0,7.3,13.0,87.0,77.07,59.91
2016,3,12,15,45,0.0,63.0,7.15,13.0,63.0,55.68,41.95
2016,3,12,16,0,0.0,39.0,7.0,13.0,39.0,34.4,23.89
2016,3,12,16,15,0.0,34.0,6.9,13.0,34.0,29.96,20.15
2016,3,12,16,30,0.0,29.0,6.8,13.0,29.0,25.54,16.39
2016,3,12,16,45,0.0,23.5,6.7,13.0,23.5,20.67,12.2
2016,3,12,17,0,0.0,18.0,6.6,13.0,18.0,15.82,7.97
2016,3,12,17,15,0.0,13.5,6.45,12.5,13.5,11.86,4.49
2016,3,12,17,30,0.0,9.0,6.3,12.0,9.0,7.9,0.99
2016,3,12,17,45,0.0,5.0,6.15,12.0,5.0,4.38,0.0
2016,3,12,18,0,0.0,1.0,6.0,12.0,1.0,0.87,0.0
2016,3,12,18,15,0.0,0.5,6.0,12.0,0.5,0.45,0.0
2016,3,12,18,30,0.0,0.0,6.0,12.0,0.0,0.0,0.0
2016,3,12,18,45,0.0,0.0,6.0,12.0,0.0,0.0,0.0
2016,3,12,19,0,0.0,0.0,6.0,12.0,0.0,0.0,0.0
2016,3,12,19,15,0.0,0.0,5.95,12.0,0.0,0.0,0.0
2016,3,12,19,30,0.0,0.0,5.9,12.0,0.0,0.0,0.0
2016,3,12,19,45,0.0,0.0,5.85,12.0,0.0,0.0,0.0
2016,3,12,20,0,0.0,0.0,5.8,12.0,0.0,0.0,0.0
2016,3,12,20,15,0.0,0.0,5.7,12.0,0.0,0.0,0.0
2016,3,12,20,30,0.0,0.0,5.6,12.0,0.0,0.0,0.0
2016,3,12,20,45,0.0,0.0,5.6,12.0,0.0,0.0,0.0
2016,3,12,21,0,0.0,0.0,5.6,12.0,0.0,0.0,0.0
2016,3,12,21,15,0.0,0.0,5.5,12.0,0.0,0.0,0.0
2016,3,12,21,30,0.0,0.0,5.4,12.0,0.0,0.0,0.0
2016,3,12,21,45,0.0,0.0,5.35,12.0,0.0,0.0,0.0
2016,3,12,22,0,0.0,0.0,5.3,12.0,0.0,0.0,0.0
2016,3,12,22,15,0.0,0.0,5.25,12.0,0.0,0.0,0.0
2016,3,12,22,30,0.0,0.0,5.2,12.0,0.0,0.0,0.0
2016,3,12,22,45,0.0,0.0,5.2,12.0,0.0,0.0,0.0
2016,3,12,23,0,0.0,0.0,5.2,12.0,0.0,0.0,0.0
2016,3,12,23,15,0.0,0.0,5.2,12.0,0.0,0.0,0.0
2016,3,12,23,30,0.0,0.0,5.2,12.0,0.0,0.0,0.0
2016,3,12,23,45,0.0,0.0,5.25,12.0,0.0,0.0,0.0
2016,3,13,0,0,0.0,0.0,5.3,12.0,0.0,0.0,0.0
2016,3,13,0,15,0.0,0.0,5.35,12.0,0.0,0.0,0.0
2016,3,13,0,30,0.0,0.0,5.4,12.0,0.0,0.0,0.0
2016,3,13,0,45,0.0,0.0,5.45,12.0,0.0,0.0,0.0
2016,3,13,1,0,0.0,0.0,5.5,12.0,0.0,0.0,0.0
2016,3,13,1,15,0.0,0.0,5.55,12.0,0.0,0.0,0.0
2016,3,13,1,30,0.0,0.0,5.6,12.0,0.0,0.0,0.0
2016,3,13,1,45,0.0,0.0,5.65,12.0,0.0,0.0,0.0
2016,3,13,2,0,0.0,0.0,5.7,12.0,0.0,0.0,0.0
2016,3,13,2,15,0.0,0.0,5.6,12.0,0.0,0.0,0.0
2016,3,13,2,30,0.0,0.0,5.5,12.0,0.0,0.0,0.0
2016,3,13,2,45,0.0,0.0,5.45,12.0,0.0,0.0,0.0
2016,3,13,3,0,0.0,0.0,5.4,12.0,0.0,0.0,0.0
2016,3,13,3,15,0.0,0.0,5.3,12.0,0.0,0.0,0.0
2016,3,13,3,30,0.0,0.0,5.2,12.0,0.0,0.0,0.0
2016,3,13,3,45,0.0,0.0,5.1,12.0,0.0,0.0,0.0
2016,3,13,4,0,0.0,0.0,5.0,12.0,0.0,0.0,0.0
2016,3,13,4,15,0.0,0.0,5.0,12.0,0.0,0.0,0.0
2016,3,13,4,30,0.0,0.0,5.0,12.0,0.0,0.0,0.0
2016,3,13,4,45,0.0,0.0,5.05,12.0,0.0,0.0,0.0
2016,3,13,5,0,0.0,0.0,5.1,12.0,0.0,0.0,0.0
2016,3,13,5,15,0.0,0.0,5.05,12.0,0.0,0.0,0.0
2016,3,13,5,30,0.0,0.0,5.0,12.0,0.0,0.0,0.0
2016,3,13,5,45,0.0,0.0,5.0,12.0,0.0,0.0,0.0
2016,3,13,6,0,0.0,0.0,5.0,12.0,0.0,0.0,0.0
2016,3,13,6,15,0.0,0.0,5.2,12.0,0.0,0.0,0.0
2016,3,13,6,30,0.0,0.0,5.4,12.0,0.0,0.0,0.0
2016,3,13,6,45,0.0,2.0,5.6,12.5,2.0,1.75,0.0
2016,3,13,7,0,0.0,4.0,5.8,13.0,4.0,3.5,0.0
2016,3,13,7,15,0.0,7.5,5.9,13.0,7.5,6.58,0.0
2016,3,13,7,30,0.0,11.0,6.0,13.0,11.0,9.66,2.64
2016,3,13,7,45,0.0,14.5,6.1,13.0,14.5,12.74,5.35
2016,3,13,8,0,0.0,18.0,6.2,13.0,18.0,15.83,8.02
2016,3,13,8,15,0.0,21.5,6.25,13.0,21.5,18.92,10.67
2016,3,13,8,30,0.0,25.0,6.3,13.0,25.0,22.02,13.3
2016,3,13,8,45,0.0,38.0,6.35,13.0,38.0,33.52,23.1
2016,3,13,9,0,0.0,51.0,6.4,13.0,51.0,45.04,32.84
2016,3,13,9,15,0.0,63.0,6.45,13.0,63.0,55.71,41.78
2016,3,13,9,30,0.0,75.0,6.5,13.0,75.0,66.39,50.67
2016,3,13,9,45,0.0,82.0,6.55,13.0,82.0,72.64,55.79
2016,3,13,10,0,0.0,89.0,6.6,13.0,89.0,78.9,60.9
2016,3,13,10,15,0.0,128.0,6.6,13.0,128.0,114.86,90.77
2016,3,13,10,30,0.0,167.0,6.6,13.0,167.0,151.73,121.09
2016,3,13,10,45,0.0,139.5,6.6,13.5,139.5,125.6,99.12
2016,3,13,11,0,0.0,112.0,6.6,14.0,112.0,99.99,77.69
2016,3,13,11,15,0.0,98.0,6.6,14.0,98.0,87.14,66.99
2016,3,13,11,30,0.0,84.0,6.6,14.0,84.0,74.57,56.53
2016,3,13,11,45,4.5,156.0,6.6,14.0,159.5,145.63,115.26
2016,3,13,12,0,9.0,228.0,6.6,14.0,235.0,219.55,175.51
2016,3,13,12,15,7.5,215.5,6.6,14.0,221.5,205.82,164.23
2016,3,13,12,30,6.0,203.0,6.6,14.0,208.0,192.15,153.09
2016,3,13,12,45,3.0,180.5,6.65,14.0,183.5,167.45,132.9
2016,3,13,13,0,0.0,158.0,6.7,14.0,159.0,143.02,112.87
2016,3,13,13,15,0.0,120.5,6.65,14.0,121.0,107.88,84.07
2016,3,13,13,30,0.0,83.0,6.6,14.0,83.0,73.66,55.84
2016,3,13,13,45,2.5,139.5,6.6,14.0,141.0,127.94,100.96
2016,3,13,14,0,5.0,196.0,6.6,14.0,199.0,184.21,147.36
2016,3,13,14,15,2.5,168.0,6.5,14.0,169.5,154.93,123.42
2016,3,13,14,30,0.0,140.0,6.4,14.0,140.0,126.17,99.82
2016,3,13,14,45,0.5,156.0,6.3,14.0,156.5,141.93,113.12
2016,3,13,15,0,1.0,172.0,6.2,14.0,173.0,158.0,126.69
2016,3,13,15,15,0.5,154.5,6.1,14.0,155.0,140.96,112.85
2016,3,13,15,30,0.0,137.0,6.0,14.0,137.0,124.08,99.09
2016,3,13,15,45,0.0,116.5,5.95,14.0,116.5,104.83,83.24
2016,3,13,16,0,0.0,96.0,5.9,14.0,96.0,85.75,67.39
2016,3,13,16,15,0.0,83.5,5.85,13.5,83.5,74.31,58.0
2016,3,13,16,30,0.0,71.0,5.8,13.0,71.0,62.93,48.5
2016,3,13,16,45,0.0,58.5,5.75,13.0,58.5,51.68,38.88
2016,3,13,17,0,0.0,46.0,5.7,13.0,46.0,40.59,29.27
2016,3,13,17,15,0.0,34.0,5.55,13.0,34.0,29.96,19.95
2016,3,13,17,30,0.0,22.0,5.4,13.0,22.0,19.36,10.61
2016,3,13,17,45,0.0,13.0,5.3,13.0,13.0,11.42,3.28
2016,3,13,18,0,0.0,4.0,5.2,13.0,4.0,3.5,0.0
2016,3,13,18,15,0.0,2.0,5.05,13.0,2.0,1.82,0.0
2016,3,13,18,30,0.0,0.0,4.9,13.0,0.0,0.0,0.0
2016,3,13,18,45,0.0,0.0,4.75,13.0,0.0,0.0,0.0
2016,3,13,19,0,0.0,0.0,4.6,13.0,0.0,0.0,0.0
2016,3,13,19,15,0.0,0.0,4.35,12.5,0.0,0.0,0.0
2016,3,13,19,30,0.0,0.0,4.1,12.0,0.0,0.0,0.0
2016,3,13,19,45,0.0,0.0,3.85,12.0,0.0,0.0,0.0
2016,3,13,20,0,0.0,0.0,3.6,12.0,0.0,0.0,0.0
2016,3,13,20,15,0.0,0.0,3.55,12.0,0.0,0.0,0.0
2016,3,13,20,30,0.0,0.0,3.5,12.0,0.0,0.0,0.0
2016,3,13,20,45,0.0,0.0,3.5,12.0,0.0,0.0,0.0
2016,3,13,21,0,0.0,0.0,3.5,12.0,0.0,0.0,0.0
2016,3,13,21,15,0.0,0.0,3.55,11.5,0.0,0.0,0.0
2016,3,13,21,30,0.0,0.0,3.6,11.0,0.0,0.0,0.0
2016,3,13,21,45,0.0,0.0,3.65,11.0,0.0,0.0,0.0
2016,3,13,22,0,0.0,0.0,3.7,11.0,0.0,0.0,0.0
2016,3,13,22,15,0.0,0.0,3.7,11.0,0.0,0.0,0.0
2016,3,13,22,30,0.0,0.0,3.7,11.0,0.0,0.0,0.0
2016,3,13,22,45,0.0,0.0,3.75,11.0,0.0,0.0,0.0
2016,3,13,23,0,0.0,0.0,3.8,11.0,0.0,0.0,0.0
2016,3,13,23,15,0.0,0.0,3.8,11.0,0.0,0.0,0.0
2016,3,13,23,30,0.0,0.0,3.8,11.0,0.0,0.0,0.0
2016,3,13,23,45,0.0,0.0,3.8,11.0,0.0,0.0,0.0
2016,3,14,0,0,0.0,0.0,3.8,11.0,0.0,0.0,0.0
2016,3,14,0,15,0.0,0.0,3.8,11.0,0.0,0.0,0.0
2016,3,14,0,30,0.0,0.0,3.8,11.0,0.0,0.0,0.0
2016,3,14,0,45,0.0,0.0,3.85,11.0,0.0,0.0,0.0
2016,3,14,1,0,0.0,0.0,3.9,11.0,0.0,0.0,0.0
2016,3,14,1,15,0.0,0.0,3.95,11.0,0.0,0.0,0.0
2016,3,14,1,30,0.0,0.0,4.0,11.0,0.0,0.0,0.0
2016,3,14,1,45,0.0,0.0,4.1,11.0,0.0,0.0,0.0
2016,3,14,2,0,0.0,0.0,4.2,11.0,0.0,0.0,0.0
2016,3,14,2,15,0.0,0.0,4.3,10.5,0.0,0.0,0.0
2016,3,14,2,30,0.0,0.0,4.4,10.0,0.0,0.0,0.0
2016,3,14,2,45,0.0,0.0,4.5,10.0,0.0,0.0,0.0
2016,3,14,3,0,0.0,0.0,4.6,10.0,0.0,0.0,0.0
2016,3,14,3,15,0.0,0.0,4.6,10.0,0.0,0.0,0.0
2016,3,14,3,30,0.0,0.0,4.6,10.0,0.0,0.0,0.0
2016,3,14,3,45,0.0,0.0,4.7,10.0,0.0,0.0,0.0
2016,3,14,4,0,0.0,0.0,4.8,10.0,0.0,0.0,0.0
2016,3,14,4,15,0.0,0.0,4.7,10.0,0.0,0.0,0.0
2016,3,14,4,30,0.0,0.0,4.6,10.0,0.0,0.0,0.0
2016,3,14,4,45,0.0,0.0,4.6,10.0,0.0,0.0,0.0
2016,3,14,5,0,0.0,0.0,4.6,10.0,0.0,0.0,0.0
2016,3,14,5,15,0.0,0.0,4.5,10.0,0.0,0.0,0.0
2016,3,14,5,30,0.0,0.0,4.4,10.0,0.0,0.0,0.0
2016,3,14,5,45,0.0,0.0,4.3,10.0,0.0,0.0,0.0
2016,3,14,6,0,0.0,0.0,4.2,10.0,0.0,0.0,0.0
2016,3,14,6,15,0.0,0.0,4.25,10.0,0.0,0.0,0.0
2016,3,14,6,30,0.0,0.0,4.3,10.0,0.0,0.0,0.0
2016,3,14,6,45,80.5,24.0,4.35,10.5,33.5,34.26,14.05
2016,3,14,7,0,161.0,48.0,4.4,11.0,67.0,80.12,54.28
2016,3,14,7,15,235.5,66.0,4.4,11.0,109.5,127.78,94.79
2016,3,14,7,30,310.0,84.0,4.4,11.0,152.0,189.84,148.84
2016,3,14,7,45,359.5,99.0,4.4,11.0,197.5,244.85,198.02
2016,3,14,8,0,409.0,114.0,4.4,11.0,243.0,305.54,251.5
2016,3,14,8,15,481.0,112.5,4.35,11.0,289.0,365.5,303.66
2016,3,14,8,30,553.0,111.0,4.3,11.0,335.0,437.41,364.64
2016,3,14,8,45,533.0,133.0,4.25,11.5,370.5,475.57,395.62
2016,3,14,9,0,513.0,155.0,4.2,12.0,406.0,515.36,426.58
2016,3,14,9,15,527.5,166.0,4.1,12.0,444.0,564.35,464.98
2016,3,14,9,30,542.0,177.0,4.0,12.0,482.0,613.16,502.4
2016,3,14,9,45,486.0,210.5,3.95,12.5,498.5,629.61,511.82
2016,3,14,10,0,430.0,244.0,3.9,13.0,515.0,639.5,516.0
2016,3,14,10,15,519.5,224.5,3.85,13.0,567.5,714.17,573.67
2016,3,14,10,30,609.0,205.0,3.8,13.0,620.0,797.87,636.33
2016,3,14,10,45,554.5,234.5,3.8,13.0,622.5,792.15,629.42
2016,3,14,11,0,500.0,264.0,3.8,13.0,625.0,786.91,623.31
2016,3,14,11,15,456.0,291.0,3.8,13.0,626.5,784.27,619.4
2016,3,14,11,30,412.0,318.0,3.8,13.0,628.0,762.15,601.64
2016,3,14,11,45,471.0,297.0,3.85,13.5,655.0,820.45,644.46
2016,3,14,12,0,530.0,276.0,3.9,14.0,682.0,861.55,674.22
2016,3,14,12,15,557.0,267.0,3.95,14.0,694.5,880.99,688.76
2016,3,14,12,30,584.0,258.0,4.0,14.0,707.0,897.69,701.57
2016,3,14,12,45,567.5,264.0,4.05,14.0,697.0,884.05,691.63
2016,3,14,13,0,551.0,270.0,4.1,14.0,687.0,867.87,680.13
2016,3,14,13,15,585.0,248.0,4.25,14.0,682.5,868.64,683.16
2016,3,14,13,30,619.0,226.0,4.4,14.0,678.0,871.07,687.53
2016,3,14,13,45,606.5,225.5,4.55,14.0,657.5,843.14,668.58
2016,3,14,14,0,594.0,225.0,4.7,14.0,637.0,808.6,644.82
2016,3,14,14,15,595.5,208.0,4.8,13.5,606.0,771.81,620.55
2016,3,14,14,30,597.0,191.0,4.9,13.0,575.0,738.54,598.26
2016,3,14,14,45,681.5,159.5,5.05,13.0,574.0,749.67,610.04
2016,3,14,15,0,766.0,128.0,5.2,13.0,573.0,750.61,612.93
2016,3,14,15,15,744.0,124.0,5.25,13.0,530.0,694.4,570.45
2016,3,14,15,30,722.0,120.0,5.3,13.0,487.0,637.8,526.32
2016,3,14,15,45,692.0,114.5,5.4,13.0,440.0,574.54,475.92
2016,3,14,16,0,662.0,109.0,5.5,13.0,393.0,512.46,425.08
2016,3,14,16,15,621.0,102.5,5.4,12.5,343.0,445.19,368.99
2016,3,14,16,30,580.0,96.0,5.3,12.0,293.0,381.11,313.97
2016,3,14,16,45,520.0,87.5,5.25,12.0,242.0,311.04,252.33
2016,3,14,17,0,460.0,79.0,5.2,12.0,191.0,244.94,193.2
2016,3,14,17,15,372.5,66.5,5.15,11.5,143.0,177.35,133.79
2016,3,14,17,30,285.0,54.0,5.1,11.0,95.0,120.61,84.72
2016,3,14,17,45,142.5,37.0,5.05,10.5,57.5,60.0,36.2
2016,3,14,18,0,0.0,20.0,5.0,10.0,20.0,17.69,0.0
2016,3,14,18,15,0.0,10.0,4.95,10.0,10.0,9.1,0.0
2016,3,14,18,30,0.0,0.0,4.9,10.0,0.0,0.0,0.0
2016,3,14,18,45,0.0,0.0,4.85,10.0,0.0,0.0,0.0
2016,3,14,19,0,0.0,0.0,4.8,10.0,0.0,0.0,0.0
2016,3,14,19,15,0.0,0.0,4.7,9.5,0.0,0.0,0.0
2016,3,14,19,30,0.0,0.0,4.6,9.0,0.0,0.0,0.0
2016,3,14,19,45,0.0,0.0,4.5,9.0,0.0,0.0,0.0
2016,3,14,20,0,0.0,0.0,4.4,9.0,0.0,0.0,0.0
2016,3,14,20,15,0.0,0.0,4.35,9.0,0.0,0.0,0.0
2016,3,14,20,30,0.0,0.0,4.3,9.0,0.0,0.0,0.0
2016,3,14,20,45,0.0,0.0,4.25,9.0,0.0,0.0,0.0
2016,3,14,21,0,0.0,0.0,4.2,9.0,0.0,0.0,0.0
2016,3,14,21,15,0.0,0.0,4.1,9.0,0.0,0.0,0.0
2016,3,14,21,30,0.0,0.0,4.0,9.0,0.0,0.0,0.0
2016,3,14,21,45,0.0,0.0,3.9,9.0,0.0,0.0,0.0
2016,3,14,22,0,0.0,0.0,3.8,9.0,0.0,0.0,0.0
2016,3,14,22,15,0.0,0.0,3.7,9.0,0.0,0.0,0.0
2016,3,14,22,30,0.0,0.0,3.6,9.0,0.0,0.0,0.0
2016,3,14,22,45,0.0,0.0,3.55,9.0,0.0,0.0,0.0
2016,3,14,23,0,0.0,0.0,3.5,9.0,0.0,0.0,0.0
2016,3,14,23,15,0.0,0.0,3.45,9.0,0.0,0.0,0.0
2016,3,14,23,30,0.0,0.0,3.4,9.0,0.0,0.0,0.0
2016,3,14,23,45,0.0,0.0,3.4,9.0,0.0,0.0,0.0
2016,3,15,0,0,0.0,0.0,3.4,9.0,0.0,0.0,0.0
2016,3,15,0,15,0.0,0.0,3.45,9.0,0.0,0.0,0.0
2016,3,15,0,30,0.0,0.0,3.5,9.0,0.0,0.0,0.0
2016,3,15,0,45,0.0,0.0,3.55,9.0,0.0,0.0,0.0
2016,3,15,1,0,0.0,0.0,3.6,9.0,0.0,0.0,0.0
2016,3,15,1,15,0.0,0.0,3.6,8.5,0.0,0.0,0.0
2016,3,15,1,30,0.0,0.0,3.6,8.0,0.0,0.0,0.0
2016,3,15,1,45,0.0,0.0,3.6,8.0,0.0,0.0,0.0
2016,3,15,2,0,0.0,0.0,3.6,8.0,0.0,0.0,0.0
2016,3,15,2,15,0.0,0.0,3.5,8.0,0.0,0.0,0.0
2016,3,15,2,30,0.0,0.0,3.4,8.0,0.0,0.0,0.0
2016,3,15,2,45,0.0,0.0,3.35,8.0,0.0,0.0,0.0
2016,3,15,3,0,0.0,0.0,3.3,8.0,0.0,0.0,0.0
2016,3,15,3,15,0.0,0.0,3.25,8.0,0.0,0.0,0.0
2016,3,15,3,30,0.0,0.0,3.2,8.0,0.0,0.0,0.0
2016,3,15,3,45,0.0,0.0,3.2,8.0,0.0,0.0,0.0
2016,3,15,4,0,0.0,0.0,3.2,8.0,0.0,0.0,0.0
2016,3,15,4,15,0.0,0.0,3.25,8.0,0.0,0.0,0.0
2016,3,15,4,30,0.0,0.0,3.3,8.0,0.0,0.0,0.0
2016,3,15,4,45,0.0,0.0,3.35,8.0,0.0,0.0,0.0
2016,3,15,5,0,0.0,0.0,3.4,8.0,0.0,0.0,0.0
2016,3,15,5,15,0.0,0.0,3.4,8.0,0.0,0.0,0.0
2016,3,15,5,30,0.0,0.0,3.4,8.0,0.0,0.0,0.0
2016,3,15,5,45,0.0,0.0,3.4,8.0,0.0,0.0,0.0
2016,3,15,6,0,0.0,0.0,3.4,8.0,0.0,0.0,0.0
2016,3,15,6,15,23.5,5.0,3.4,8.5,5.5,0.0,0.0
2016,3,15,6,30,47.0,10.0,3.4,9.0,11.0,11.69,0.0
2016,3,15,6,45,194.5,25.0,3.4,9.5,47.0,51.24,23.52
2016,3,15,7,0,342.0,40.0,3.4,10.0,83.0,109.94,72.02
2016,3,15,7,15,435.0,50.5,3.4,10.0,131.0,167.99,122.26
2016,3,15,7,30,528.0,61.0,3.4,10.0,179.0,237.6,184.03
2016,3,15,7,45,594.0,66.5,3.4,10.5,231.5,303.03,242.92
2016,3,15,8,0,660.0,72.0,3.4,11.0,284.0,375.51,306.58
2016,3,15,8,15,699.0,77.0,3.4,11.5,335.0,440.71,362.8
2016,3,15,8,30,738.0,82.0,3.4,12.0,386.0,507.7,418.57
2016,3,15,8,45,768.0,85.5,3.4,12.5,434.5,571.22,469.71
2016,3,15,9,0,798.0,89.0,3.4,13.0,483.0,635.83,519.96
2016,3,15,9,15,818.0,92.0,3.35,13.0,527.0,693.51,564.14
2016,3,15,9,30,838.0,95.0,3.3,13.0,571.0,750.54,604.86
2016,3,15,9,45,853.5,96.5,3.3,13.5,609.5,801.29,639.3
2016,3,15,10,0,869.0,98.0,3.3,14.0,648.0,850.32,671.92
2016,3,15,10,15,879.5,100.0,3.25,14.0,680.0,885.83,695.37
2016,3,15,10,30,890.0,102.0,3.2,14.0,712.0,925.83,721.9
2016,3,15,10,45,898.5,102.5,3.2,14.5,737.5,959.46,742.68
2016,3,15,11,0,907.0,103.0,3.2,15.0,763.0,989.93,761.16
2016,3,15,11,15,911.5,104.0,3.2,15.0,780.0,1013.71,776.45
2016,3,15,11,30,916.0,105.0,3.2,15.0,797.0,1033.82,789.35
2016,3,15,11,45,919.5,105.0,3.2,15.5,806.5,1048.04,796.87
2016,3,15,12,0,923.0,105.0,3.2,16.0,816.0,1058.36,801.92
2016,3,15,12,15,923.5,105.0,3.25,16.0,817.0,1061.69,804.39
2016,3,15,12,30,924.0,105.0,3.3,16.0,818.0,1061.01,804.39
2016,3,15,12,45,926.0,102.5,3.35,16.0,812.0,1055.0,800.99
2016,3,15,13,0,928.0,100.0,3.4,16.0,806.0,1044.95,795.05
2016,3,15,13,15,924.5,99.5,3.5,16.0,791.0,1027.76,784.79
2016,3,15,13,30,921.0,99.0,3.6,16.0,776.0,1006.78,772.02
2016,3,15,13,45,915.0,97.5,3.7,16.0,753.0,978.65,754.31
2016,3,15,14,0,909.0,96.0,3.8,16.0,730.0,947.1,734.16
2016,3,15,14,15,900.0,94.5,3.9,16.0,699.5,909.67,709.71
2016,3,15,14,30,891.0,93.0,4.0,16.0,669.0,869.38,683.0
2016,3,15,14,45,878.5,91.0,4.15,16.0,632.0,823.06,651.81
2016,3,15,15,0,866.0,89.0,4.3,16.0,595.0,774.63,618.7
2016,3,15,15,15,848.0,86.5,4.4,15.5,552.0,725.07,585.22
2016,3,15,15,30,830.0,84.0,4.5,15.0,509.0,668.57,544.7
2016,3,15,15,45,806.5,80.5,4.65,15.0,462.0,606.79,496.67
2016,3,15,16,0,783.0,77.0,4.8,15.0,415.0,545.22,447.15
2016,3,15,16,15,749.0,72.5,4.8,14.5,364.0,477.69,391.59
2016,3,15,16,30,715.0,68.0,4.8,14.0,313.0,412.29,335.81
2016,3,15,16,45,665.5,62.5,4.85,13.5,261.0,342.77,275.0
2016,3,15,17,0,616.0,57.0,4.9,13.0,209.0,277.44,216.11
2016,3,15,17,15,537.0,49.0,4.85,12.5,159.0,206.65,152.74
2016,3,15,17,30,458.0,41.0,4.8,12.0,109.0,145.33,98.29
2016,3,15,17,45,321.0,29.5,4.8,11.5,67.5,82.0,46.52
2016,3,15,18,0,184.0,18.0,4.8,11.0,26.0,33.93,0.0
2016,3,15,18,15,92.0,9.0,4.75,11.0,13.0,9.95,0.0
2016,3,15,18,30,0.0,0.0,4.7,11.0,0.0,0.0,0.0
2016,3,15,18,45,0.0,0.0,4.7,11.0,0.0,0.0,0.0
2016,3,15,19,0,0.0,0.0,4.7,11.0,0.0,0.0,0.0
2016,3,15,19,15,0.0,0.0,4.65,11.0,0.0,0.0,0.0
2016,3,15,19,30,0.0,0.0,4.6,11.0,0.0,0.0,0.0
2016,3,15,19,45,0.0,0.0,4.6,11.0,0.0,0.0,0.0
2016,3,15,20,0,0.0,0.0,4.6,11.0,0.0,0.0,0.0
2016,3,15,20,15,0.0,0.0,4.55,10.5,0.0,0.0,0.0
2016,3,15,20,30,0.0,0.0,4.5,10.0,0.0,0.0,0.0
2016,3,15,20,45,0.0,0.0,4.5,10.0,0.0,0.0,0.0
2016,3,15,21,0,0.0,0.0,4.5,10.0,0.0,0.0,0.0
2016,3,15,21,15,0.0,0.0,4.45,10.0,0.0,0.0,0.0
2016,3,15,21,30,0.0,0.0,4.4,10.0,0.0,0.0,0.0
2016,3,15,21,45,0.0,0.0,4.35,10.0,0.0,0.0,0.0
2016,3,15,22,0,0.0,0.0,4.3,10.0,0.0,0.0,0.0
2016,3,15,22,15,0.0,0.0,4.2,10.0,0.0,0.0,0.0
2016,3,15,22,30,0.0,0.0,4.1,10.0,0.0,0.0,0.0
2016,3,15,22,45,0.0,0.0,4.0,10.0,0.0,0.0,0.0
2016,3,15,23,0,0.0,0.0,3.9,10.0,0.0,0.0,0.0
2016,3,15,23,15,0.0,0.0,3.8,9.5,0.0,0.0,0.0
2016,3,15,23,30,0.0,0.0,3.7,9.0,0.0,0.0,0.0
2016,3,15,23,45,0.0,0.0,3.65,9.0,0.0,0.0,0.0
2016,3,16,0,0,0.0,0.0,3.6,9.0,0.0,0.0,0.0
2016,3,16,0,15,0.0,0.0,3.5,9.0,0.0,0.0,0.0
2016,3,16,0,30,0.0,0.0,3.4,9.0,0.0,0.0,0.0
2016,3,16,0,45,0.0,0.0,3.3,9.0,0.0,0.0,0.0
2016,3,16,1,0,0.0,0.0,3.2,9.0,0.0,0.0,0.0
2016,3,16,1,15,0.0,0.0,3.1,9.0,0.0,0.0,0.0
2016,3,16,1,30,0.0,0.0,3.0,9.0,0.0,0.0,0.0
2016,3,16,1,45,0.0,0.0,2.9,9.0,0.0,0.0,0.0
2016,3,16,2,0,0.0,0.0,2.8,9.0,0.0,0.0,0.0
2016,3,16,2,15,0.0,0.0,2.65,9.0,0.0,0.0,0.0
2016,3,16,2,30,0.0,0.0,2.5,9.0,0.0,0.0,0.0
2016,3,16,2,45,0.0,0.0,2.45,9.0,0.0,0.0,0.0
2016,3,16,3,0,0.0,0.0,2.4,9.0,0.0,0.0,0.0
2016,3,16,3,15,0.0,0.0,2.3,9.0,0.0,0.0,0.0
2016,3,16,3,30,0.0,0.0,2.2,9.0,0.0,0.0,0.0
2016,3,16,3,45,0.0,0.0,2.15,9.0,0.0,0.0,0.0
2016,3,16,4,0,0.0,0.0,2.1,9.0,0.0,0.0,0.0
2016,3,16,4,15,0.0,0.0,2.0,9.0,0.0,0.0,0.0
2016,3,16,4,30,0.0,0.0,1.9,9.0,0.0,0.0,0.0
2016,3,16,4,45,0.0,0.0,1.8,9.0,0.0,0.0,0.0
2016,3,16,5,0,0.0,0.0,1.7,9.0,0.0,0.0,0.0
2016,3,16,5,15,0.0,0.0,1.6,9.0,0.0,0.0,0.0
2016,3,16,5,30,0.0,0.0,1.5,9.0,0.0,0.0,0.0
2016,3,16,5,45,0.0,0.0,1.45,9.0,0.0,0.0,0.0
2016,3,16,6,0,0.0,0.0,1.4,9.0,0.0,0.0,0.0
2016,3,16,6,15,45.5,6.0,1.35,9.5,7.0,0.0,0.0
2016,3,16,6,30,91.0,12.0,1.3,10.0,14.0,16.05,0.0
2016,3,16,6,45,242.0,25.5,1.3,10.5,51.5,59.36,29.1
2016,3,16,7,0,393.0,39.0,1.3,11.0,89.0,118.88,77.24
2016,3,16,7,15,482.5,48.0,1.35,11.0,138.5,177.92,128.23
2016,3,16,7,30,572.0,57.0,1.4,11.0,188.0,247.98,189.94
2016,3,16,7,45,629.5,63.0,1.45,11.5,240.5,313.4,248.1
2016,3,16,8,0,687.0,69.0,1.5,12.0,293.0,384.84,309.71
2016,3,16,8,15,724.5,73.5,1.6,12.5,344.0,449.5,364.34
2016,3,16,8,30,762.0,78.0,1.7,13.0,395.0,517.59,419.75
2016,3,16,8,45,790.0,81.5,1.85,13.5,444.0,581.12,470.02
2016,3,16,9,0,818.0,85.0,2.0,14.0,493.0,645.48,519.35
2016,3,16,9,15,837.5,88.0,2.05,14.5,537.5,703.71,561.72
2016,3,16,9,30,857.0,91.0,2.1,15.0,582.0,761.18,600.82
2016,3,16,9,45,871.5,92.5,2.2,15.5,620.5,805.53,630.22
2016,3,16,10,0,886.0,94.0,2.3,16.0,659.0,853.74,662.08
2016,3,16,10,15,896.0,96.0,2.35,16.0,691.5,896.46,690.54
2016,3,16,10,30,906.0,98.0,2.4,16.0,724.0,936.48,716.99
2016,3,16,10,45,913.5,99.0,2.45,16.5,749.0,970.13,737.6
2016,3,16,11,0,921.0,100.0,2.5,17.0,774.0,1000.49,755.95
2016,3,16,11,15,925.5,100.5,2.5,17.0,791.0,1023.91,770.55
2016,3,16,11,30,930.0,101.0,2.5,17.0,808.0,1043.62,782.8
2016,3,16,11,45,932.5,101.0,2.55,17.0,817.0,1056.92,791.51
2016,3,16,12,0,935.0,101.0,2.6,17.0,826.0,1066.25,797.82
2016,3,16,12,15,935.0,101.0,2.65,17.0,826.5,1069.03,799.99
2016,3,16,12,30,935.0,101.0,2.7,17.0,827.0,1067.74,799.71
2016,3,16,12,45,937.0,98.5,2.75,17.5,820.0,1061.59,794.89
2016,3,16,13,0,939.0,96.0,2.8,18.0,813.0,1051.35,787.57
2016,3,16,13,15,934.5,95.0,2.85,18.0,797.5,1032.37,776.07
2016,3,16,13,30,930.0,94.0,2.9,18.0,782.0,1009.61,762.16
2016,3,16,13,45,924.0,93.0,2.95,18.0,758.5,981.77,744.84
2016,3,16,14,0,918.0,92.0,3.0,18.0,735.0,950.48,725.15
2016,3,16,14,15,908.5,90.5,3.05,18.0,704.0,912.27,700.57
2016,3,16,14,30,899.0,89.0,3.1,18.0,673.0,871.21,673.8
2016,3,16,14,45,886.0,86.5,3.2,18.0,635.5,823.56,642.34
2016,3,16,15,0,873.0,84.0,3.3,18.0,598.0,773.84,608.89
2016,3,16,15,15,856.0,82.0,3.3,17.5,555.0,719.98,572.44
2016,3,16,15,30,839.0,80.0,3.3,17.0,512.0,669.44,536.99
2016,3,16,15,45,815.0,76.5,3.35,17.0,464.5,606.91,489.06
2016,3,16,16,0,791.0,73.0,3.4,17.0,417.0,544.64,439.83
2016,3,16,16,15,758.0,69.0,3.35,16.5,366.5,477.78,385.87
2016,3,16,16,30,725.0,65.0,3.3,16.0,316.0,412.93,331.56
2016,3,16,16,45,676.5,60.0,3.25,15.5,264.0,343.22,271.59
2016,3,16,17,0,628.0,55.0,3.2,15.0,212.0,278.56,214.12
2016,3,16,17,15,551.5,47.5,3.2,14.5,162.0,208.32,152.06
2016,3,16,17,30,475.0,40.0,3.2,14.0,112.0,147.22,98.34
2016,3,16,17,45,342.0,29.0,3.25,14.0,70.0,83.99,47.12
2016,3,16,18,0,209.0,18.0,3.3,14.0,28.0,35.75,0.0
2016,3,16,18,15,104.5,9.0,3.35,13.5,14.0,10.04,0.0
2016,3,16,18,30,0.0,0.0,3.4,13.0,0.0,0.0,0.0
2016,3,16,18,45,0.0,0.0,3.45,13.0,0.0,0.0,0.0
2016,3,16,19,0,0.0,0.0,3.5,13.0,0.0,0.0,0.0
2016,3,16,19,15,0.0,0.0,3.4,12.5,0.0,0.0,0.0
2016,3,16,19,30,0.0,0.0,3.3,12.0,0.0,0.0,0.0
2016,3,16,19,45,0.0,0.0,3.25,12.0,0.0,0.0,0.0
2016,3,16,20,0,0.0,0.0,3.2,12.0,0.0,0.0,0.0
2016,3,16,20,15,0.0,0.0,3.05,12.0,0.0,0.0,0.0
2016,3,16,20,30,0.0,0.0,2.9,12.0,0.0,0.0,0.0
2016,3,16,20,45,0.0,0.0,2.8,12.0,0.0,0.0,0.0
2016,3,16,21,0,0.0,0.0,2.7,12.0,0.0,0.0,0.0
2016,3,16,21,15,0.0,0.0,2.55,12.0,0.0,0.0,0.0
2016,3,16,21,30,0.0,0.0,2.4,12.0,0.0,0.0,0.0
2016,3,16,21,45,0.0,0.0,2.25,12.0,0.0,0.0,0.0
2016,3,16,22,0,0.0,0.0,2.1,12.0,0.0,0.0,0.0
2016,3,16,22,15,0.0,0.0,1.95,12.0,0.0,0.0,0.0
2016,3,16,22,30,0.0,0.0,1.8,12.0,0.0,0.0,0.0
2016,3,16,22,45,0.0,0.0,1.7,12.0,0.0,0.0,0.0
2016,3,16,23,0,0.0,0.0,1.6,12.0,0.0,0.0,0.0
2016,3,16,23,15,0.0,0.0,1.5,12.0,0.0,0.0,0.0
2016,3,16,23,30,0.0,0.0,1.4,12.0,0.0,0.0,0.0
2016,3,16,23,45,0.0,0.0,1.35,12.0,0.0,0.0,0.0
2016,3,17,0,0,0.0,0.0,1.3,12.0,0.0,0.0,0.0
2016,3,17,0,15,0.0,0.0,1.3,12.0,0.0,0.0,0.0
2016,3,17,0,30,0.0,0.0,1.3,12.0,0.0,0.0,0.0
2016,3,17,0,45,0.0,0.0,1.3,12.0,0.0,0.0,0.0
2016,3,17,1,0,0.0,0.0,1.3,12.0,0.0,0.0,0.0
2016,3,17,1,15,0.0,0.0,1.35,12.0,0.0,0.0,0.0
2016,3,17,1,30,0.0,0.0,1.4,12.0,0.0,0.0,0.0
2016,3,17,1,45,0.0,0.0,1.45,12.0,0.0,0.0,0.0
2016,3,17,2,0,0.0,0.0,1.5,12.0,0.0,0.0,0.0
2016,3,17,2,15,0.0,0.0,1.55,12.0,0.0,0.0,0.0
2016,3,17,2,30,0.0,0.0,1.6,12.0,0.0,0.0,0.0
2016,3,17,2,45,0.0,0.0,1.65,12.0,0.0,0.0,0.0
2016,3,17,3,0,0.0,0.0,1.7,12.0,0.0,0.0,0.0
2016,3,17,3,15,0.0,0.0,1.75,11.5,0.0,0.0,0.0
2016,3,17,3,30,0.0,0.0,1.8,11.0,0.0,0.0,0.0
2016,3,17,3,45,0.0,0.0,1.9,11.0,0.0,0.0,0.0
2016,3,17,4,0,0.0,0.0,2.0,11.0,0.0,0.0,0.0
2016,3,17,4,15,0.0,0.0,2.05,11.0,0.0,0.0,0.0
2016,3,17,4,30,0.0,0.0,2.1,11.0,0.0,0.0,0.0
2016,3,17,4,45,0.0,0.0,2.2,11.0,0.0,0.0,0.0
2016,3,17,5,0,0.0,0.0,2.3,11.0,0.0,0.0,0.0
2016,3,17,5,15,0.0,0.0,2.35,11.0,0.0,0.0,0.0
2016,3,17,5,30,0.0,0.0,2.4,11.0,0.0,0.0,0.0
2016,3,17,5,45,0.0,0.0,2.5,11.0,0.0,0.0,0.0
2016,3,17,6,0,0.0,0.0,2.6,11.0,0.0,0.0,0.0
2016,3,17,6,15,74.5,6.5,2.7,11.5,8.5,0.0,0.0
2016,3,17,6,30,149.0,13.0,2.8,12.0,17.0,20.42,0.0
2016,3,17,6,45,299.0,25.0,2.95,12.5,57.0,66.23,32.99
2016,3,17,7,0,449.0,37.0,3.1,13.0,97.0,127.88,82.19
2016,3,17,7,15,534.0,45.0,3.05,13.0,147.5,188.41,134.97
2016,3,17,7,30,619.0,53.0,3.0,13.0,198.0,259.31,198.02
2016,3,17,7,45,672.5,58.5,2.95,13.5,251.5,325.2,257.14
2016,3,17,8,0,726.0,64.0,2.9,14.0,305.0,396.85,319.44
2016,3,17,8,15,762.0,68.5,2.75,14.5,357.0,463.7,375.79
2016,3,17,8,30,798.0,73.0,2.6,15.0,409.0,533.01,431.74
2016,3,17,8,45,823.5,76.0,2.5,15.5,458.0,596.32,480.98
2016,3,17,9,0,849.0,79.0,2.4,16.0,507.0,660.11,528.6
2016,3,17,9,15,867.0,82.0,2.35,16.0,551.5,713.83,567.55
2016,3,17,9,30,885.0,85.0,2.3,16.0,596.0,770.78,606.63
2016,3,17,9,45,898.0,87.0,2.25,16.5,635.0,821.32,639.13
2016,3,17,10,0,911.0,89.0,2.2,17.0,674.0,869.81,669.55
2016,3,17,10,15,920.5,90.5,2.1,17.5,706.5,912.36,694.78
2016,3,17,10,30,930.0,92.0,2.0,18.0,739.0,952.09,717.58
2016,3,17,10,45,936.5,93.5,1.95,18.5,764.0,985.97,736.67
2016,3,17,11,0,943.0,95.0,1.9,19.0,789.0,1016.42,753.33
2016,3,17,11,15,947.0,95.5,1.85,19.0,806.0,1039.72,766.66
2016,3,17,11,30,951.0,96.0,1.8,19.0,823.0,1059.18,777.6
2016,3,17,11,45,952.5,96.5,1.75,19.5,832.0,1072.21,783.0
2016,3,17,12,0,954.0,97.0,1.7,20.0,841.0,1081.16,785.96
2016,3,17,12,15,954.0,97.0,1.65,20.0,841.5,1083.91,786.66
2016,3,17,12,30,954.0,97.0,1.6,20.0,842.0,1082.52,784.96
2016,3,17,12,45,952.0,97.0,1.55,20.0,834.5,1074.99,779.59
2016,3,17,13,0,950.0,97.0,1.5,20.0,827.0,1063.37,771.87
2016,3,17,13,15,946.0,96.0,1.5,20.0,811.0,1044.65,760.7
2016,3,17,13,30,942.0,95.0,1.5,20.0,795.0,1022.08,747.24
2016,3,17,13,45,935.0,94.0,1.5,20.5,771.0,992.96,728.25
2016,3,17,14,0,928.0,93.0,1.5,21.0,747.0,960.39,707.13
2016,3,17,14,15,919.0,91.5,1.55,21.0,716.0,922.24,684.36
2016,3,17,14,30,910.0,90.0,1.6,21.0,685.0,881.18,659.39
2016,3,17,14,45,897.0,88.5,1.65,21.0,647.5,834.18,630.03
2016,3,17,15,0,884.0,87.0,1.7,21.0,610.0,785.06,598.74
2016,3,17,15,15,866.5,84.0,1.75,20.5,566.5,729.17,563.14
2016,3,17,15,30,849.0,81.0,1.8,20.0,523.0,676.6,528.25
2016,3,17,15,45,825.5,78.0,1.9,20.0,475.0,614.39,482.88
2016,3,17,16,0,802.0,75.0,2.0,20.0,427.0,552.35,435.9
2016,3,17,16,15,769.0,71.0,1.95,19.5,375.5,484.83,383.1
2016,3,17,16,30,736.0,67.0,1.9,19.0,324.0,419.3,329.81
2016,3,17,16,45,687.5,61.5,1.9,18.5,271.5,348.38,270.56
2016,3,17,17,0,639.0,56.0,1.9,18.0,219.0,282.5,213.48
2016,3,17,17,15,562.5,48.5,1.95,17.5,167.5,211.6,152.13
2016,3,17,17,30,486.0,41.0,2.0,17.0,116.0,149.83,98.77
2016,3,17,17,45,354.0,29.5,2.05,16.5,73.0,85.63,47.72
2016,3,17,18,0,222.0,18.0,2.1,16.0,30.0,36.57,1.17
2016,3,17,18,15,111.0,9.0,2.2,15.5,15.0,10.01,0.0
2016,3,17,18,30,0.0,0.0,2.3,15.0,0.0,0.0,0.0
2016,3,17,18,45,0.0,0.0,2.4,15.0,0.0,0.0,0.0
2016,3,17,19,0,0.0,0.0,2.5,15.0,0.0,0.0,0.0
2016,3,17,19,15,0.0,0.0,2.6,14.5,0.0,0.0,0.0
2016,3,17,19,30,0.0,0.0,2.7,14.0,0.0,0.0,0.0
2016,3,17,19,45,0.0,0.0,2.85,13.5,0.0,0.0,0.0
2016,3,17,20,0,0.0,0.0,3.0,13.0,0.0,0.0,0.0
2016,3,17,20,15,0.0,0.0,3.05,12.5,0.0,0.0,0.0
2016,3,17,20,30,0.0,0.0,3.1,12.0,0.0,0.0,0.0
2016,3,17,20,45,0.0,0.0,3.2,12.0,0.0,0.0,0.0
2016,3,17,21,0,0.0,0.0,3.3,12.0,0.0,0.0,0.0
2016,3,17,21,15,0.0,0.0,3.15,12.0,0.0,0.0,0.0
2016,3,17,21,30,0.0,0.0,3.0,12.0,0.0,0.0,0.0
2016,3,17,21,45,0.0,0.0,2.9,12.0,0.0,0.0,0.0
2016,3,17,22,0,0.0,0.0,2.8,12.0,0.0,0.0,0.0
2016,3,17,22,15,0.0,0.0,2.65,11.5,0.0,0.0,0.0
2016,3,17,22,30,0.0,0.0,2.5,11.0,0.0,0.0,0.0
2016,3,17,22,45,0.0,0.0,2.4,11.0,0.0,0.0,0.0
2016,3,17,23,0,0.0,0.0,2.3,11.0,0.0,0.0,0.0
2016,3,17,23,15,0.0,0.0,2.2,11.0,0.0,0.0,0.0
2016,3,17,23,30,0.0,0.0,2.1,11.0,0.0,0.0,0.0
2016,3,17,23,45,0.0,0.0,2.05,11.0,0.0,0.0,0.0
2016,3,18,0,0,0.0,0.0,2.0,11.0,0.0,0.0,0.0
2016,3,18,0,15,0.0,0.0,2.0,11.0,0.0,0.0,0.0
2016,3,18,0,30,0.0,0.0,2.0,11.0,0.0,0.0,0.0
2016,3,18,0,45,0.0,0.0,2.0,11.0,0.0,0.0,0.0
2016,3,18,1,0,0.0,0.0,2.0,11.0,0.0,0.0,0.0
2016,3,18,1,15,0.0,0.0,2.05,10.5,0.0,0.0,0.0
2016,3,18,1,30,0.0,0.0,2.1,10.0,0.0,0.0,0.0
2016,3,18,1,45,0.0,0.0,2.2,10.0,0.0,0.0,0.0
2016,3,18,2,0,0.0,0.0,2.3,10.0,0.0,0.0,0.0
2016,3,18,2,15,0.0,0.0,2.4,10.0,0.0,0.0,0.0
2016,3,18,2,30,0.0,0.0,2.5,10.0,0.0,0.0,0.0
2016,3,18,2,45,0.0,0.0,2.6,10.0,0.0,0.0,0.0
2016,3,18,3,0,0.0,0.0,2.7,10.0,0.0,0.0,0.0
2016,3,18,3,15,0.0,0.0,2.7,10.0,0.0,0.0,0.0
2016,3,18,3,30,0.0,0.0,2.7,10.0,0.0,0.0,0.0
2016,3,18,3,45,0.0,0.0,2.75,10.0,0.0,0.0,0.0
2016,3,18,4,0,0.0,0.0,2.8,10.0,0.0,0.0,0.0
2016,3,18,4,15,0.0,0.0,2.85,10.0,0.0,0.0,0.0
2016,3,18,4,30,0.0,0.0,2.9,10.0,0.0,0.0,0.0
2016,3,18,4,45,0.0,0.0,2.95,10.0,0.0,0.0,0.0
2016,3,18,5,0,0.0,0.0,3.0,10.0,0.0,0.0,0.0
2016,3,18,5,15,0.0,0.0,3.0,10.0,0.0,0.0,0.0
2016,3,18,5,30,0.0,0.0,3.0,10.0,0.0,0.0,0.0
2016,3,18,5,45,0.0,0.0,3.05,10.0,0.0,0.0,0.0
2016,3,18,6,0,0.0,0.0,3.1,10.0,0.0,0.0,0.0
2016,3,18,6,15,76.5,7.5,3.15,10.5,10.5,6.82,0.0
2016,3,18,6,30,153.0,15.0,3.2,11.0,21.0,24.03,0.0
2016,3,18,6,45,294.5,27.5,3.25,11.5,61.0,68.43,35.96
2016,3,18,7,0,436.0,40.0,3.3,12.0,101.0,128.96,84.25
2016,3,18,7,15,520.5,48.5,3.2,12.0,151.5,189.25,136.94
2016,3,18,7,30,605.0,57.0,3.1,12.0,202.0,259.85,199.82
2016,3,18,7,45,302.5,57.5,3.05,12.0,130.0,180.77,144.64
2016,3,18,8,0,0.0,58.0,3.0,12.0,58.0,51.22,38.57
2016,3,18,8,15,43.0,118.5,3.0,12.0,137.0,133.19,108.61
2016,3,18,8,30,86.0,179.0,3.0,12.0,216.0,221.17,182.23
2016,3,18,8,45,44.0,170.5,3.0,12.5,190.0,190.66,155.77
2016,3,18,9,0,2.0,162.0,3.0,13.0,164.0,149.12,119.96
2016,3,18,9,15,86.5,214.5,3.0,13.0,265.5,270.15,220.91
2016,3,18,9,30,171.0,267.0,3.0,13.0,367.0,405.24,329.52
2016,3,18,9,45,134.5,283.0,3.0,13.5,365.0,401.07,323.52
2016,3,18,10,0,98.0,299.0,3.0,14.0,363.0,379.97,304.91
2016,3,18,10,15,100.0,314.5,2.95,14.0,382.5,401.72,321.37
2016,3,18,10,30,102.0,330.0,2.9,14.0,402.0,423.39,337.47
2016,3,18,10,45,102.0,342.0,2.9,14.0,416.0,439.19,349.04
2016,3,18,11,0,102.0,354.0,2.9,14.0,430.0,454.7,360.38
2016,3,18,11,15,102.0,362.5,2.85,14.0,439.5,466.0,368.45
2016,3,18,11,30,102.0,371.0,2.8,14.0,449.0,476.94,376.27
2016,3,18,11,45,316.5,328.0,2.75,14.5,575.5,681.45,534.0
2016,3,18,12,0,531.0,285.0,2.7,15.0,702.0,871.41,671.75
2016,3,18,12,15,729.0,200.0,2.65,15.0,772.0,988.66,753.65
2016,3,18,12,30,927.0,115.0,2.6,15.0,842.0,1075.37,810.17
2016,3,18,12,45,773.5,181.0,2.6,15.0,784.5,1006.73,763.54
2016,3,18,13,0,620.0,247.0,2.6,15.0,727.0,914.8,700.86
2016,3,18,13,15,673.0,217.5,2.65,15.0,728.5,926.76,711.9
2016,3,18,13,30,726.0,188.0,2.7,15.0,730.0,932.82,717.04
2016,3,18,13,45,806.5,152.0,2.8,15.0,737.0,945.09,727.11
2016,3,18,14,0,887.0,116.0,2.9,15.0,744.0,957.0,737.04
2016,3,18,14,15,831.5,124.0,2.95,15.0,693.5,888.87,690.9
2016,3,18,14,30,776.0,132.0,3.0,15.0,643.0,820.67,644.52
2016,3,18,14,45,782.5,119.5,3.15,15.0,610.0,781.81,619.11
2016,3,18,15,0,789.0,107.0,3.3,15.0,577.0,739.55,590.51
2016,3,18,15,15,671.0,131.5,3.3,14.5,511.5,646.82,522.13
2016,3,18,15,30,553.0,156.0,3.3,14.0,446.0,552.77,449.74
2016,3,18,15,45,559.5,138.5,3.35,14.0,408.5,508.28,415.52
2016,3,18,16,0,566.0,121.0,3.4,14.0,371.0,466.86,382.19
2016,3,18,16,15,522.0,117.0,3.3,13.5,326.5,401.45,328.74
2016,3,18,16,30,478.0,113.0,3.2,13.0,282.0,344.94,281.13
2016,3,18,16,45,445.0,98.5,3.15,13.0,236.0,286.28,230.18
2016,3,18,17,0,412.0,84.0,3.1,13.0,190.0,231.04,181.0
2016,3,18,17,15,355.0,69.0,2.95,12.5,145.5,172.47,129.44
2016,3,18,17,30,298.0,54.0,2.8,12.0,101.0,120.95,84.37
2016,3,18,17,45,202.0,37.5,2.65,11.5,64.0,69.71,42.61
2016,3,18,18,0,106.0,21.0,2.5,11.0,27.0,29.28,3.63
2016,3,18,18,15,53.0,10.5,2.45,11.0,13.5,10.36,0.0
2016,3,18,18,30,0.0,0.0,2.4,11.0,0.0,0.0,0.0
2016,3,18,18,45,0.0,0.0,2.4,11.0,0.0,0.0,0.0
2016,3,18,19,0,0.0,0.0,2.4,11.0,0.0,0.0,0.0
2016,3,18,19,15,0.0,0.0,2.35,10.5,0.0,0.0,0.0
2016,3,18,19,30,0.0,0.0,2.3,10.0,0.0,0.0,0.0
2016,3,18,19,45,0.0,0.0,2.25,10.0,0.0,0.0,0.0
2016,3,18,20,0,0.0,0.0,2.2,10.0,0.0,0.0,0.0
2016,3,18,20,15,0.0,0.0,2.15,10.0,0.0,0.0,0.0
2016,3,18,20,30,0.0,0.0,2.1,10.0,0.0,0.0,0.0
2016,3,18,20,45,0.0,0.0,2.1,10.0,0.0,0.0,0.0
2016,3,18,21,0,0.0,0.0,2.1,10.0,0.0,0.0,0.0
2016,3,18,21,15,0.0,0.0,2.05,10.0,0.0,0.0,0.0
2016,3,18,21,30,0.0,0.0,2.0,10.0,0.0,0.0,0.0
2016,3,18,21,45,0.0,0.0,2.0,10.0,0.0,0.0,0.0
2016,3,18,22,0,0.0,0.0,2.0,10.0,0.0,0.0,0.0
2016,3,18,22,15,0.0,0.0,2.0,10.0,0.0,0.0,0.0
2016,3,18,22,30,0.0,0.0,2.0,10.0,0.0,0.0,0.0
2016,3,18,22,45,0.0,0.0,2.0,10.0,0.0,0.0,0.0
2016,3,18,23,0,0.0,0.0,2.0,10.0,0.0,0.0,0.0
2016,3,18,23,15,0.0,0.0,2.0,10.0,0.0,0.0,0.0
2016,3,18,23,30,0.0,0.0,2.0,10.0,0.0,0.0,0.0
2016,3,18,23,45,0.0,0.0,2.0,10.5,0.0,0.0,0.0
2016,3,19,0,0,0.0,0.0,2.0,11.0,0.0,0.0,0.0
2016,3,19,0,15,0.0,0.0,2.0,11.0,0.0,0.0,0.0
2016,3,19,0,30,0.0,0.0,2.0,11.0,0.0,0.0,0.0
2016,3,19,0,45,0.0,0.0,2.0,11.0,0.0,0.0,0.0
2016,3,19,1,0,0.0,0.0,2.0,11.0,0.0,0.0,0.0
2016,3,19,1,15,0.0,0.0,2.0,11.0,0.0,0.0,0.0
2016,3,19,1,30,0.0,0.0,2.0,11.0,0.0,0.0,0.0
2016,3,19,1,45,0.0,0.0,2.0,11.0,0.0,0.0,0.0
2016,3,19,2,0,0.0,0.0,2.0,11.0,0.0,0.0,0.0
2016,3,19,2,15,0.0,0.0,2.0,11.0,0.0,0.0,0.0
2016,3,19,2,30,0.0,0.0,2.0,11.0,0.0,0.0,0.0
2016,3,19,2,45,0.0,0.0,2.0,11.0,0.0,0.0,0.0
2016,3,19,3,0,0.0,0.0,2.0,11.0,0.0,0.0,0.0
2016,3,19,3,15,0.0,0.0,1.95,11.0,0.0,0.0,0.0
2016,3,19,3,30,0.0,0.0,1.9,11.0,0.0,0.0,0.0
2016,3,19,3,45,0.0,0.0,1.85,11.0,0.0,0.0,0.0
2016,3,19,4,0,0.0,0.0,1.8,11.0,0.0,0.0,0.0
2016,3,19,4,15,0.0,0.0,1.75,11.0,0.0,0.0,0.0
2016,3,19,4,30,0.0,0.0,1.7,11.0,0.0,0.0,0.0
2016,3,19,4,45,0.0,0.0,1.7,11.0,0.0,0.0,0.0
2016,3,19,5,0,0.0,0.0,1.7,11.0,0.0,0.0,0.0
2016,3,19,5,15,0.0,0.0,1.7,11.0,0.0,0.0,0.0
2016,3,19,5,30,0.0,0.0,1.7,11.0,0.0,0.0,0.0
2016,3,19,5,45,0.0,0.0,1.75,11.0,0.0,0.0,0.0
2016,3,19,6,0,0.0,0.0,1.8,11.0,0.0,0.0,0.0
2016,3,19,6,15,0.0,5.0,1.9,11.0,5.0,4.55,0.0
2016,3,19,6,30,0.0,10.0,2.0,11.0,10.0,8.79,0.0
2016,3,19,6,45,0.0,27.5,2.15,11.5,27.5,24.34,13.83
2016,3,19,7,0,0.0,45.0,2.3,12.0,45.0,40.18,28.31
2016,3,19,7,15,3.5,65.5,2.35,12.0,66.5,59.87,45.54
2016,3,19,7,30,7.0,86.0,2.4,12.0,88.0,80.14,63.16
2016,3,19,7,45,14.5,106.0,2.5,12.5,111.0,101.98,81.72
2016,3,19,8,0,22.0,126.0,2.6,13.0,134.0,124.82,100.89
2016,3,19,8,15,183.5,144.0,2.6,13.0,222.5,236.0,194.1
2016,3,19,8,30,345.0,162.0,2.6,13.0,311.0,363.3,298.9
2016,3,19,8,45,220.5,193.5,2.65,13.5,293.0,330.96,271.11
2016,3,19,9,0,96.0,225.0,2.7,14.0,275.0,283.61,230.45
2016,3,19,9,15,460.5,159.5,2.75,14.0,427.5,511.49,417.57
2016,3,19,9,30,825.0,94.0,2.8,14.0,580.0,742.84,595.03
2016,3,19,9,45,836.5,97.5,2.85,14.5,617.0,791.94,626.78
2016,3,19,10,0,848.0,101.0,2.9,15.0,654.0,839.05,658.06
2016,3,19,10,15,858.0,103.0,2.9,15.0,685.5,873.14,680.64
2016,3,19,10,30,868.0,105.0,2.9,15.0,717.0,911.78,706.39
2016,3,19,10,45,873.0,107.0,2.95,15.0,740.5,942.95,727.14
2016,3,19,11,0,878.0,109.0,3.0,15.0,764.0,970.86,745.68
2016,3,19,11,15,883.0,110.0,2.95,15.0,781.0,994.27,760.33
2016,3,19,11,30,888.0,111.0,2.9,15.0,798.0,1014.14,772.62
2016,3,19,11,45,756.5,182.0,2.9,15.0,772.0,988.72,754.72
2016,3,19,12,0,625.0,253.0,2.9,15.0,746.0,936.18,717.68
2016,3,19,12,15,592.0,266.0,2.85,15.0,733.5,914.15,701.66
2016,3,19,12,30,559.0,279.0,2.8,15.0,721.0,893.68,686.37
2016,3,19,12,45,396.0,329.0,2.8,15.0,640.5,762.84,590.38
2016,3,19,13,0,233.0,379.0,2.8,15.0,560.0,633.46,493.14
2016,3,19,13,15,238.5,367.5,2.8,15.0,550.0,622.39,486.51
2016,3,19,13,30,244.0,356.0,2.8,15.0,540.0,610.1,478.21
2016,3,19,13,45,157.0,340.0,2.8,15.0,457.0,504.72,397.78
2016,3,19,14,0,70.0,324.0,2.8,15.0,374.0,387.71,306.89
2016,3,19,14,15,136.5,317.5,2.8,15.0,410.0,451.95,359.32
2016,3,19,14,30,203.0,311.0,2.8,15.0,446.0,495.99,394.98
2016,3,19,14,45,280.5,279.0,2.85,15.0,454.0,529.02,422.59
2016,3,19,15,0,358.0,247.0,2.9,15.0,462.0,541.14,434.25
2016,3,19,15,15,311.0,236.0,2.95,14.5,413.0,478.05,386.23
2016,3,19,15,30,264.0,225.0,3.0,14.0,364.0,418.42,340.25
2016,3,19,15,45,267.0,202.5,3.15,14.0,332.5,381.79,311.99
2016,3,19,16,0,270.0,180.0,3.3,14.0,301.0,344.34,282.19
2016,3,19,16,15,259.0,160.5,3.3,13.5,265.0,302.07,247.84
2016,3,19,16,30,248.0,141.0,3.3,13.0,229.0,260.67,213.29
2016,3,19,16,45,239.0,119.0,3.3,13.0,193.0,218.51,176.8
2016,3,19,17,0,230.0,97.0,3.3,13.0,157.0,177.28,140.24
2016,3,19,17,15,203.0,77.0,3.1,12.5,121.5,134.27,102.28
2016,3,19,17,30,176.0,57.0,2.9,12.0,86.0,94.7,67.38
2016,3,19,17,45,122.5,39.0,2.7,12.0,55.5,56.98,35.79
2016,3,19,18,0,69.0,21.0,2.5,12.0,25.0,25.41,4.75
2016,3,19,18,15,34.5,10.5,2.4,11.5,12.5,10.03,0.0
2016,3,19,18,30,0.0,0.0,2.3,11.0,0.0,0.0,0.0
2016,3,19,18,45,0.0,0.0,2.25,11.0,0.0,0.0,0.0
2016,3,19,19,0,0.0,0.0,2.2,11.0,0.0,0.0,0.0
2016,3,19,19,15,0.0,0.0,2.15,11.0,0.0,0.0,0.0
2016,3,19,19,30,0.0,0.0,2.1,11.0,0.0,0.0,0.0
2016,3,19,19,45,0.0,0.0,2.05,11.0,0.0,0.0,0.0
2016,3,19,20,0,0.0,0.0,2.0,11.0,0.0,0.0,0.0
2016,3,19,20,15,0.0,0.0,2.05,10.5,0.0,0.0,0.0
2016,3,19,20,30,0.0,0.0,2.1,10.0,0.0,0.0,0.0
2016,3,19,20,45,0.0,0.0,2.15,10.0,0.0,0.0,0.0
2016,3,19,21,0,0.0,0.0,2.2,10.0,0.0,0.0,0.0
2016,3,19,21,15,0.0,0.0,2.25,10.0,0.0,0.0,0.0
2016,3,19,21,30,0.0,0.0,2.3,10.0,0.0,0.0,0.0
2016,3,19,21,45,0.0,0.0,2.4,10.0,0.0,0.0,0.0
2016,3,19,22,0,0.0,0.0,2.5,10.0,0.0,0.0,0.0
2016,3,19,22,15,0.0,0.0,2.55,10.0,0.0,0.0,0.0
2016,3,19,22,30,0.0,0.0,2.6,10.0,0.0,0.0,0.0
2016,3,19,22,45,0.0,0.0,2.65,10.0,0.0,0.0,0.0
2016,3,19,23,0,0.0,0.0,2.7,10.0,0.0,0.0,0.0
2016,3,19,23,15,0.0,0.0,2.75,10.0,0.0,0.0,0.0
2016,3,19,23,30,0.0,0.0,2.8,10.0,0.0,0.0,0.0
2016,3,19,23,45,0.0,0.0,2.85,10.5,0.0,0.0,0.0
2016,3,20,0,0,0.0,0.0,2.9,11.0,0.0,0.0,0.0
2016,3,20,0,15,0.0,0.0,2.95,11.0,0.0,0.0,0.0
2016,3,20,0,30,0.0,0.0,3.0,11.0,0.0,0.0,0.0
2016,3,20,0,45,0.0,0.0,3.05,11.0,0.0,0.0,0.0
2016,3,20,1,0,0.0,0.0,3.1,11.0,0.0,0.0,0.0
2016,3,20,1,15,0.0,0.0,3.1,11.0,0.0,0.0,0.0
2016,3,20,1,30,0.0,0.0,3.1,11.0,0.0,0.0,0.0
2016,3,20,1,45,0.0,0.0,3.15,11.0,0.0,0.0,0.0
2016,3,20,2,0,0.0,0.0,3.2,11.0,0.0,0.0,0.0
2016,3,20,2,15,0.0,0.0,3.25,11.0,0.0,0.0,0.0
2016,3,20,2,30,0.0,0.0,3.3,11.0,0.0,0.0,0.0
2016,3,20,2,45,0.0,0.0,3.35,11.0,0.0,0.0,0.0
2016,3,20,3,0,0.0,0.0,3.4,11.0,0.0,0.0,0.0
2016,3,20,3,15,0.0,0.0,3.45,11.0,0.0,0.0,0.0
2016,3,20,3,30,0.0,0.0,3.5,11.0,0.0,0.0,0.0
2016,3,20,3,45,0.0,0.0,3.55,11.0,0.0,0.0,0.0
2016,3,20,4,0,0.0,0.0,3.6,11.0,0.0,0.0,0.0
2016,3,20,4,15,0.0,0.0,3.65,11.0,0.0,0.0,0.0
2016,3,20,4,30,0.0,0.0,3.7,11.0,0.0,0.0,0.0
2016,3,20,4,45,0.0,0.0,3.75,11.0,0.0,0.0,0.0
2016,3,20,5,0,0.0,0.0,3.8,11.0,0.0,0.0,0.0
2016,3,20,5,15,0.0,0.0,3.85,11.0,0.0,0.0,0.0
2016,3,20,5,30,0.0,0.0,3.9,11.0,0.0,0.0,0.0
2016,3,20,5,45,0.0,0.0,3.95,11.5,0.0,0.0,0.0
2016,3,20,6,0,0.0,0.0,4.0,12.0,0.0,0.0,0.0
2016,3,20,6,15,0.0,10.5,4.2,12.0,10.5,9.55,0.0
2016,3,20,6,30,0.0,21.0,4.4,12.0,21.0,18.43,0.0
2016,3,20,6,45,114.5,36.0,4.6,12.5,53.0,50.89,30.54
2016,3,20,7,0,229.0,51.0,4.8,13.0,85.0,99.14,68.23
2016,3,20,7,15,271.5,68.5,4.9,13.0,125.0,144.11,107.74
2016,3,20,7,30,314.0,86.0,5.0,13.0,165.0,194.45,152.58
2016,3,20,7,45,344.5,101.5,5.1,13.5,206.0,243.31,196.04
2016,3,20,8,0,375.0,117.0,5.2,14.0,247.0,295.51,241.51
2016,3,20,8,15,287.5,150.5,5.25,14.0,259.0,302.05,248.76
2016,3,20,8,30,200.0,184.0,5.3,14.0,271.0,297.28,245.05
2016,3,20,8,45,311.0,187.0,5.35,14.5,340.0,388.6,320.47
2016,3,20,9,0,422.0,190.0,5.4,15.0,409.0,493.42,405.03
2016,3,20,9,15,326.5,228.5,5.45,15.0,406.5,477.14,390.1
2016,3,20,9,30,231.0,267.0,5.5,15.0,404.0,449.98,366.23
2016,3,20,9,45,120.5,242.0,5.6,15.5,314.0,345.13,279.76
2016,3,20,10,0,10.0,217.0,5.7,16.0,224.0,208.01,165.6
2016,3,20,10,15,5.0,171.0,5.8,16.0,174.5,159.48,126.02
2016,3,20,10,30,0.0,125.0,5.9,16.0,125.0,111.92,86.87
2016,3,20,10,45,9.0,196.5,6.0,16.0,203.5,187.76,148.82
2016,3,20,11,0,18.0,268.0,6.1,16.0,282.0,266.3,211.88
2016,3,20,11,15,16.5,267.0,6.15,16.0,280.0,264.08,209.77
2016,3,20,11,30,15.0,266.0,6.2,16.0,278.0,261.78,207.74
2016,3,20,11,45,14.5,263.0,6.3,16.0,274.5,258.43,205.0
2016,3,20,12,0,14.0,260.0,6.4,16.0,271.0,255.05,202.26
2016,3,20,12,15,8.5,216.0,6.35,16.0,223.0,206.62,163.3
2016,3,20,12,30,3.0,172.0,6.3,16.0,175.0,159.02,124.76
2016,3,20,12,45,6.0,197.0,6.3,16.0,202.0,185.79,146.59
2016,3,20,13,0,9.0,222.0,6.3,16.0,229.0,212.78,168.46
2016,3,20,13,15,5.0,193.0,6.2,16.0,197.0,180.84,142.64
2016,3,20,13,30,1.0,164.0,6.1,16.0,165.0,149.36,117.13
2016,3,20,13,45,0.5,140.5,6.05,16.0,141.0,126.81,98.91
2016,3,20,14,0,0.0,117.0,6.0,16.0,117.0,104.53,80.81
2016,3,20,14,15,15.0,190.0,5.85,15.5,200.5,186.46,148.67
2016,3,20,14,30,30.0,263.0,5.7,15.0,284.0,283.52,227.93
2016,3,20,14,45,15.0,215.5,5.6,15.0,226.5,210.47,168.72
2016,3,20,15,0,0.0,168.0,5.5,15.0,169.0,152.6,121.35
2016,3,20,15,15,0.5,165.5,5.35,15.0,166.5,150.8,120.25
2016,3,20,15,30,1.0,163.0,5.2,15.0,164.0,149.03,119.13
2016,3,20,15,45,0.5,108.5,5.1,15.0,109.0,97.27,76.41
2016,3,20,16,0,0.0,54.0,5.0,15.0,54.0,47.69,34.89
2016,3,20,16,15,11.5,94.0,4.8,14.5,98.0,89.76,70.86
2016,3,20,16,30,23.0,134.0,4.6,14.0,142.0,132.93,107.47
2016,3,20,16,45,16.5,114.0,4.45,14.0,119.0,110.3,88.33
2016,3,20,17,0,10.0,94.0,4.3,14.0,96.0,88.54,69.82
2016,3,20,17,15,5.0,73.0,4.1,13.5,74.0,67.14,51.52
2016,3,20,17,30,0.0,52.0,3.9,13.0,52.0,46.51,33.73
2016,3,20,17,45,0.0,33.5,3.75,13.0,33.5,29.73,18.77
2016,3,20,18,0,0.0,15.0,3.6,13.0,15.0,13.2,1.4
2016,3,20,18,15,0.0,7.5,3.5,13.0,7.5,6.82,0.0
2016,3,20,18,30,0.0,0.0,3.4,13.0,0.0,0.0,0.0
2016,3,20,18,45,0.0,0.0,3.35,13.0,0.0,0.0,0.0
2016,3,20,19,0,0.0,0.0,3.3,13.0,0.0,0.0,0.0
2016,3,20,19,15,0.0,0.0,3.2,13.0,0.0,0.0,0.0
2016,3,20,19,30,0.0,0.0,3.1,13.0,0.0,0.0,0.0
2016,3,20,19,45,0.0,0.0,3.05,13.0,0.0,0.0,0.0
2016,3,20,20,0,0.0,0.0,3.0,13.0,0.0,0.0,0.0
2016,3,20,20,15,0.0,0.0,2.95,12.5,0.0,0.0,0.0
2016,3,20,20,30,0.0,0.0,2.9,12.0,0.0,0.0,0.0
2016,3,20,20,45,0.0,0.0,2.85,12.0,0.0,0.0,0.0
2016,3,20,21,0,0.0,0.0,2.8,12.0,0.0,0.0,0.0
2016,3,20,21,15,0.0,0.0,2.7,11.5,0.0,0.0,0.0
2016,3,20,21,30,0.0,0.0,2.6,11.0,0.0,0.0,0.0
2016,3,20,21,45,0.0,0.0,2.55,11.0,0.0,0.0,0.0
2016,3,20,22,0,0.0,0.0,2.5,11.0,0.0,0.0,0.0
2016,3,20,22,15,0.0,0.0,2.45,11.0,0.0,0.0,0.0
2016,3,20,22,30,0.0,0.0,2.4,11.0,0.0,0.0,0.0
2016,3,20,22,45,0.0,0.0,2.35,11.0,0.0,0.0,0.0
2016,3,20,23,0,0.0,0.0,2.3,11.0,0.0,0.0,0.0
2016,3,20,23,15,0.0,0.0,2.25,11.0,0.0,0.0,0.0
2016,3,20,23,30,0.0,0.0,2.2,11.0,0.0,0.0,0.0
2016,3,20,23,45,0.0,0.0,2.15,11.0,0.0,0.0,0.0
2016,3,21,0,0,0.0,0.0,2.1,11.0,0.0,0.0,0.0
2016,3,21,0,15,0.0,0.0,2.1,11.0,0.0,0.0,0.0
2016,3,21,0,30,0.0,0.0,2.1,11.0,0.0,0.0,0.0
2016,3,21,0,45,0.0,0.0,2.1,11.0,0.0,0.0,0.0
2016,3,21,1,0,0.0,0.0,2.1,11.0,0.0,0.0,0.0
2016,3,21,1,15,0.0,0.0,2.15,10.5,0.0,0.0,0.0
2016,3,21,1,30,0.0,0.0,2.2,10.0,0.0,0.0,0.0
2016,3,21,1,45,0.0,0.0,2.25,10.0,0.0,0.0,0.0
2016,3,21,2,0,0.0,0.0,2.3,10.0,0.0,0.0,0.0
2016,3,21,2,15,0.0,0.0,2.4,10.0,0.0,0.0,0.0
2016,3,21,2,30,0.0,0.0,2.5,10.0,0.0,0.0,0.0
2016,3,21,2,45,0.0,0.0,2.6,10.0,0.0,0.0,0.0
2016,3,21,3,0,0.0,0.0,2.7,10.0,0.0,0.0,0.0
2016,3,21,3,15,0.0,0.0,2.75,10.0,0.0,0.0,0.0
2016,3,21,3,30,0.0,0.0,2.8,10.0,0.0,0.0,0.0
2016,3,21,3,45,0.0,0.0,2.9,10.5,0.0,0.0,0.0
2016,3,21,4,0,0.0,0.0,3.0,11.0,0.0,0.0,0.0
2016,3,21,4,15,0.0,0.0,3.1,11.0,0.0,0.0,0.0
2016,3,21,4,30,0.0,0.0,3.2,11.0,0.0,0.0,0.0
2016,3,21,4,45,0.0,0.0,3.35,11.0,0.0,0.0,0.0
2016,3,21,5,0,0.0,0.0,3.5,11.0,0.0,0.0,0.0
2016,3,21,5,15,0.0,0.0,3.6,11.0,0.0,0.0,0.0
2016,3,21,5,30,0.0,0.0,3.7,11.0,0.0,0.0,0.0
2016,3,21,5,45,0.0,0.0,3.85,11.0,0.0,0.0,0.0
2016,3,21,6,0,0.0,0.0,4.0,11.0,0.0,0.0,0.0
2016,3,21,6,15,0.0,9.5,4.15,11.5,9.5,8.64,0.0
2016,3,21,6,30,0.0,19.0,4.3,12.0,19.0,16.73,0.0
2016,3,21,6,45,55.5,39.0,4.5,12.5,48.0,44.53,28.23
2016,3,21,7,0,111.0,59.0,4.7,13.0,77.0,78.68,56.11
2016,3,21,7,15,144.5,80.5,4.9,13.0,112.5,115.97,88.36
2016,3,21,7,30,178.0,102.0,5.1,13.0,148.0,162.01,128.54
2016,3,21,7,45,215.0,118.5,5.3,13.0,186.0,205.03,166.2
2016,3,21,8,0,252.0,135.0,5.5,13.0,224.0,252.4,207.35
2016,3,21,8,15,461.0,114.0,5.6,13.0,306.5,359.92,298.23
2016,3,21,8,30,670.0,93.0,5.7,13.0,389.0,487.78,405.29
2016,3,21,8,45,335.0,110.0,5.85,13.5,258.0,332.36,277.16
2016,3,21,9,0,0.0,127.0,6.0,14.0,127.0,114.09,90.46
2016,3,21,9,15,31.0,193.0,6.1,14.0,211.5,207.53,168.57
2016,3,21,9,30,62.0,259.0,6.2,14.0,296.0,301.16,245.15
2016,3,21,9,45,36.0,237.0,6.3,14.0,259.0,259.48,210.13
2016,3,21,10,0,10.0,215.0,6.4,14.0,222.0,205.9,165.35
2016,3,21,10,15,6.0,196.0,6.5,14.0,200.5,184.19,147.27
2016,3,21,10,30,2.0,177.0,6.6,14.0,179.0,162.5,129.18
2016,3,21,10,45,62.5,272.0,6.75,14.5,319.5,325.62,262.93
2016,3,21,11,0,123.0,367.0,6.9,15.0,460.0,503.85,403.81
2016,3,21,11,15,64.5,285.5,7.0,15.0,334.5,344.66,276.74
2016,3,21,11,30,6.0,204.0,7.1,15.0,209.0,192.35,152.44
2016,3,21,11,45,3.0,153.0,7.2,15.0,155.5,141.09,110.76
2016,3,21,12,0,0.0,102.0,7.3,15.0,102.0,90.92,69.56
2016,3,21,12,15,0.0,102.0,7.25,15.0,102.0,90.93,69.57
2016,3,21,12,30,0.0,102.0,7.2,15.0,102.0,90.92,69.57
2016,3,21,12,45,88.0,247.0,7.2,15.0,316.5,345.67,279.25
2016,3,21,13,0,176.0,392.0,7.2,15.0,531.0,589.63,471.56
2016,3,21,13,15,178.5,382.0,7.1,15.0,520.5,578.06,462.31
2016,3,21,13,30,181.0,372.0,7.0,15.0,510.0,565.6,453.09
2016,3,21,13,45,163.5,360.0,6.9,15.0,481.5,531.3,426.32
2016,3,21,14,0,146.0,348.0,6.8,15.0,453.0,497.21,399.69
2016,3,21,14,15,73.0,207.0,6.7,14.5,259.5,276.68,224.34
2016,3,21,14,30,0.0,66.0,6.6,14.0,66.0,58.47,43.36
2016,3,21,14,45,7.5,141.0,6.55,14.0,145.5,132.9,105.76
2016,3,21,15,0,15.0,216.0,6.5,14.0,225.0,210.5,170.06
2016,3,21,15,15,46.5,223.5,6.4,14.0,249.0,250.41,203.96
2016,3,21,15,30,78.0,231.0,6.3,14.0,273.0,277.7,227.3
2016,3,21,15,45,39.0,172.0,6.25,14.0,193.0,188.59,153.59
2016,3,21,16,0,0.0,113.0,6.2,14.0,113.0,101.32,80.35
2016,3,21,16,15,236.5,122.0,6.0,13.5,207.5,249.12,206.36
2016,3,21,16,30,473.0,131.0,5.8,13.0,302.0,358.44,294.55
2016,3,21,16,45,463.5,110.5,5.65,13.0,256.5,303.35,245.35
2016,3,21,17,0,454.0,90.0,5.5,13.0,211.0,248.84,195.72
2016,3,21,17,15,375.0,77.0,5.3,12.5,162.5,183.78,138.76
2016,3,21,17,30,296.0,64.0,5.1,12.0,114.0,128.49,91.1
2016,3,21,17,45,211.5,45.5,4.9,12.0,74.5,77.29,48.93
2016,3,21,18,0,127.0,27.0,4.7,12.0,35.0,36.06,12.35
2016,3,21,18,15,63.5,13.5,4.75,11.5,17.5,13.0,0.0
2016,3,21,18,30,0.0,0.0,4.8,11.0,0.0,0.0,0.0
2016,3,21,18,45,0.0,0.0,4.9,11.0,0.0,0.0,0.0
2016,3,21,19,0,0.0,0.0,5.0,11.0,0.0,0.0,0.0
2016,3,21,19,15,0.0,0.0,4.95,11.0,0.0,0.0,0.0
2016,3,21,19,30,0.0,0.0,4.9,11.0,0.0,0.0,0.0
2016,3,21,19,45,0.0,0.0,4.9,11.0,0.0,0.0,0.0
2016,3,21,20,0,0.0,0.0,4.9,11.0,0.0,0.0,0.0
2016,3,21,20,15,0.0,0.0,4.8,10.5,0.0,0.0,0.0
2016,3,21,20,30,0.0,0.0,4.7,10.0,0.0,0.0,0.0
2016,3,21,20,45,0.0,0.0,4.65,10.0,0.0,0.0,0.0
2016,3,21,21,0,0.0,0.0,4.6,10.0,0.0,0.0,0.0
2016,3,21,21,15,0.0,0.0,4.6,10.0,0.0,0.0,0.0
2016,3,21,21,30,0.0,0.0,4.6,10.0,0.0,0.0,0.0
2016,3,21,21,45,0.0,0.0,4.6,10.0,0.0,0.0,0.0
2016,3,21,22,0,0.0,0.0,4.6,10.0,0.0,0.0,0.0
2016,3,21,22,15,0.0,0.0,4.6,10.0,0.0,0.0,0.0
2016,3,21,22,30,0.0,0.0,4.6,10.0,0.0,0.0,0.0
2016,3,21,22,45,0.0,0.0,4.6,10.0,0.0,0.0,0.0
2016,3,21,23,0,0.0,0.0,4.6,10.0,0.0,0.0,0.0
2016,3,21,23,15,0.0,0.0,4.6,10.0,0.0,0.0,0.0
2016,3,21,23,30,0.0,0.0,4.6,10.0,0.0,0.0,0.0
2016,3,21,23,45,0.0,0.0,4.6,10.0,0.0,0.0,0.0
2016,3,22,0,0,0.0,0.0,4.6,10.0,0.0,0.0,0.0
2016,3,22,0,15,0.0,0.0,4.55,10.0,0.0,0.0,0.0
2016,3,22,0,30,0.0,0.0,4.5,10.0,0.0,0.0,0.0
2016,3,22,0,45,0.0,0.0,4.45,10.0,0.0,0.0,0.0
2016,3,22,1,0,0.0,0.0,4.4,10.0,0.0,0.0,0.0
2016,3,22,1,15,0.0,0.0,4.35,10.0,0.0,0.0,0.0
2016,3,22,1,30,0.0,0.0,4.3,10.0,0.0,0.0,0.0
2016,3,22,1,45,0.0,0.0,4.3,10.0,0.0,0.0,0.0
2016,3,22,2,0,0.0,0.0,4.3,10.0,0.0,0.0,0.0
2016,3,22,2,15,0.0,0.0,4.3,9.5,0.0,0.0,0.0
2016,3,22,2,30,0.0,0.0,4.3,9.0,0.0,0.0,0.0
2016,3,22,2,45,0.0,0.0,4.3,9.0,0.0,0.0,0.0
2016,3,22,3,0,0.0,0.0,4.3,9.0,0.0,0.0,0.0
2016,3,22,3,15,0.0,0.0,4.25,9.0,0.0,0.0,0.0
2016,3,22,3,30,0.0,0.0,4.2,9.0,0.0,0.0,0.0
2016,3,22,3,45,0.0,0.0,4.2,9.0,0.0,0.0,0.0
2016,3,22,4,0,0.0,0.0,4.2,9.0,0.0,0.0,0.0
2016,3,22,4,15,0.0,0.0,4.15,9.0,0.0,0.0,0.0
2016,3,22,4,30,0.0,0.0,4.1,9.0,0.0,0.0,0.0
2016,3,22,4,45,0.0,0.0,4.1,9.0,0.0,0.0,0.0
2016,3,22,5,0,0.0,0.0,4.1,9.0,0.0,0.0,0.0
2016,3,22,5,15,0.0,0.0,4.05,9.0,0.0,0.0,0.0
2016,3,22,5,30,0.0,0.0,4.0,9.0,0.0,0.0,0.0
2016,3,22,5,45,0.0,0.0,4.0,9.0,0.0,0.0,0.0
2016,3,22,6,0,0.0,0.0,4.0,9.0,0.0,0.0,0.0
2016,3,22,6,15,83.5,11.5,4.15,9.5,16.5,10.65,0.0
2016,3,22,6,30,167.0,23.0,4.3,10.0,33.0,33.1,7.19
2016,3,22,6,45,304.0,35.5,4.45,10.5,76.0,78.66,46.1
2016,3,22,7,0,441.0,48.0,4.6,11.0,119.0,139.94,94.71
2016,3,22,7,15,521.0,56.5,4.6,11.0,170.0,200.03,147.8
2016,3,22,7,30,601.0,65.0,4.6,11.0,221.0,269.79,210.48
2016,3,22,7,45,657.0,70.0,4.7,11.5,275.0,335.91,270.2
2016,3,22,8,0,713.0,75.0,4.8,12.0,329.0,407.72,333.41
2016,3,22,8,15,748.0,79.5,4.75,12.0,381.0,473.0,390.24
2016,3,22,8,30,783.0,84.0,4.7,12.0,433.0,541.14,447.64
2016,3,22,8,45,813.0,85.5,4.7,12.0,483.0,604.89,500.08
2016,3,22,9,0,843.0,87.0,4.7,12.0,533.0,669.51,551.76
2016,3,22,9,15,860.5,89.5,4.75,12.0,577.0,726.79,595.87
2016,3,22,9,30,878.0,92.0,4.8,12.0,621.0,777.4,632.83
2016,3,22,9,45,543.0,202.0,4.85,12.5,536.5,667.66,543.45
2016,3,22,10,0,208.0,312.0,4.9,13.0,452.0,498.14,403.02
2016,3,22,10,15,206.5,328.5,4.95,13.0,472.0,522.59,422.04
2016,3,22,10,30,205.0,345.0,5.0,13.0,492.0,546.24,439.65
2016,3,22,10,45,114.5,318.5,5.05,13.0,401.0,439.11,353.51
2016,3,22,11,0,24.0,292.0,5.1,13.0,310.0,295.5,236.85
2016,3,22,11,15,245.5,300.0,5.1,13.0,493.0,569.92,459.86
2016,3,22,11,30,467.0,308.0,5.1,13.0,676.0,819.84,651.81
2016,3,22,11,45,493.0,302.5,5.2,13.5,694.0,846.3,669.61
2016,3,22,12,0,519.0,297.0,5.3,14.0,712.0,870.7,687.09
2016,3,22,12,15,737.0,198.0,5.4,14.0,788.5,993.68,780.57
2016,3,22,12,30,955.0,99.0,5.5,14.0,865.0,1085.6,845.92
2016,3,22,12,45,660.5,226.0,5.6,14.0,753.0,939.88,742.11
2016,3,22,13,0,366.0,353.0,5.7,14.0,641.0,752.72,597.35
2016,3,22,13,15,652.5,226.0,5.8,14.0,728.0,913.44,726.66
2016,3,22,13,30,939.0,99.0,5.9,14.0,815.0,1021.91,805.97
2016,3,22,13,45,933.5,97.5,6.05,14.0,791.0,993.34,786.55
2016,3,22,14,0,928.0,96.0,6.2,14.0,767.0,961.28,765.22
2016,3,22,14,15,668.5,184.5,6.25,13.5,657.5,812.67,657.31
2016,3,22,14,30,409.0,273.0,6.3,13.0,548.0,641.11,522.18
2016,3,22,14,45,421.0,252.5,6.35,13.0,522.5,624.5,510.77
2016,3,22,15,0,433.0,232.0,6.4,13.0,497.0,592.54,486.85
2016,3,22,15,15,644.5,157.5,6.35,13.0,520.0,651.55,537.88
2016,3,22,15,30,856.0,83.0,6.3,13.0,543.0,679.34,562.77
2016,3,22,15,45,834.0,80.0,6.25,13.0,494.5,617.57,512.37
2016,3,22,16,0,812.0,77.0,6.2,13.0,446.0,555.81,460.99
2016,3,22,16,15,780.5,73.0,6.1,12.5,394.5,488.47,404.34
2016,3,22,16,30,749.0,69.0,6.0,12.0,343.0,422.96,347.39
2016,3,22,16,45,704.0,64.0,5.95,12.0,290.0,353.27,284.9
2016,3,22,17,0,659.0,59.0,5.9,12.0,237.0,287.92,224.79
2016,3,22,17,15,587.0,52.0,5.7,11.5,185.0,217.75,161.26
2016,3,22,17,30,515.0,45.0,5.5,11.0,133.0,156.1,105.96
2016,3,22,17,45,392.5,34.5,5.35,11.0,87.5,92.88,54.33
2016,3,22,18,0,270.0,24.0,5.2,11.0,42.0,44.69,15.28
2016,3,22,18,15,135.0,12.0,5.15,10.5,21.0,12.28,0.0
2016,3,22,18,30,0.0,0.0,5.1,10.0,0.0,0.0,0.0
2016,3,22,18,45,0.0,0.0,5.05,10.0,0.0,0.0,0.0
2016,3,22,19,0,0.0,0.0,5.0,10.0,0.0,0.0,0.0
2016,3,22,19,15,0.0,0.0,4.95,10.0,0.0,0.0,0.0
2016,3,22,19,30,0.0,0.0,4.9,10.0,0.0,0.0,0.0
2016,3,22,19,45,0.0,0.0,4.85,10.0,0.0,0.0,0.0
2016,3,22,20,0,0.0,0.0,4.8,10.0,0.0,0.0,0.0
2016,3,22,20,15,0.0,0.0,4.75,10.0,0.0,0.0,0.0
2016,3,22,20,30,0.0,0.0,4.7,10.0,0.0,0.0,0.0
2016,3,22,20,45,0.0,0.0,4.7,10.0,0.0,0.0,0.0
2016,3,22,21,0,0.0,0.0,4.7,10.0,0.0,0.0,0.0
2016,3,22,21,15,0.0,0.0,4.65,9.5,0.0,0.0,0.0
2016,3,22,21,30,0.0,0.0,4.6,9.0,0.0,0.0,0.0
2016,3,22,21,45,0.0,0.0,4.6,9.0,0.0,0.0,0.0
2016,3,22,22,0,0.0,0.0,4.6,9.0,0.0,0.0,0.0
2016,3,22,22,15,0.0,0.0,4.5,9.0,0.0,0.0,0.0
2016,3,22,22,30,0.0,0.0,4.4,9.0,0.0,0.0,0.0
2016,3,22,22,45,0.0,0.0,4.35,9.0,0.0,0.0,0.0
2016,3,22,23,0,0.0,0.0,4.3,9.0,0.0,0.0,0.0
2016,3,22,23,15,0.0,0.0,4.25,9.0,0.0,0.0,0.0
2016,3,22,23,30,0.0,0.0,4.2,9.0,0.0,0.0,0.0
2016,3,22,23,45,0.0,0.0,4.2,9.0,0.0,0.0,0.0
2016,3,23,0,0,0.0,0.0,4.2,9.0,0.0,0.0,0.0
2016,3,23,0,15,0.0,0.0,4.15,8.5,0.0,0.0,0.0
2016,3,23,0,30,0.0,0.0,4.1,8.0,0.0,0.0,0.0
2016,3,23,0,45,0.0,0.0,4.1,8.0,0.0,0.0,0.0
2016,3,23,1,0,0.0,0.0,4.1,8.0,0.0,0.0,0.0
2016,3,23,1,15,0.0,0.0,4.1,8.0,0.0,0.0,0.0
2016,3,23,1,30,0.0,0.0,4.1,8.0,0.0,0.0,0.0
2016,3,23,1,45,0.0,0.0,4.1,8.0,0.0,0.0,0.0
2016,3,23,2,0,0.0,0.0,4.1,8.0,0.0,0.0,0.0
2016,3,23,2,15,0.0,0.0,4.05,8.0,0.0,0.0,0.0
2016,3,23,2,30,0.0,0.0,4.0,8.0,0.0,0.0,0.0
2016,3,23,2,45,0.0,0.0,3.95,8.0,0.0,0.0,0.0
2016,3,23,3,0,0.0,0.0,3.9,8.0,0.0,0.0,0.0
2016,3,23,3,15,0.0,0.0,3.85,8.0,0.0,0.0,0.0
2016,3,23,3,30,0.0,0.0,3.8,8.0,0.0,0.0,0.0
2016,3,23,3,45,0.0,0.0,3.75,8.0,0.0,0.0,0.0
2016,3,23,4,0,0.0,0.0,3.7,8.0,0.0,0.0,0.0
2016,3,23,4,15,0.0,0.0,3.65,8.0,0.0,0.0,0.0
2016,3,23,4,30,0.0,0.0,3.6,8.0,0.0,0.0,0.0
2016,3,23,4,45,0.0,0.0,3.55,8.0,0.0,0.0,0.0
2016,3,23,5,0,0.0,0.0,3.5,8.0,0.0,0.0,0.0
2016,3,23,5,15,0.0,0.0,3.4,8.0,0.0,0.0,0.0
2016,3,23,5,30,0.0,0.0,3.3,8.0,0.0,0.0,0.0
2016,3,23,5,45,0.0,0.0,3.2,8.0,0.0,0.0,0.0
2016,3,23,6,0,0.0,0.0,3.1,8.0,0.0,0.0,0.0
2016,3,23,6,15,47.0,11.0,3.1,8.5,14.0,10.17,0.0
2016,3,23,6,30,94.0,22.0,3.1,9.0,28.0,26.96,8.05
2016,3,23,6,45,162.5,40.0,3.1,9.5,62.0,63.16,39.9
2016,3,23,7,0,231.0,58.0,3.1,10.0,96.0,106.81,75.92
2016,3,23,7,15,269.0,76.5,3.05,10.5,136.0,151.89,115.7
2016,3,23,7,30,307.0,95.0,3.0,11.0,176.0,201.76,159.87
2016,3,23,7,45,339.5,109.5,3.0,11.5,217.5,250.09,202.47
2016,3,23,8,0,372.0,124.0,3.0,12.0,259.0,301.98,247.17
2016,3,23,8,15,487.5,119.0,2.95,12.5,322.5,379.22,311.49
2016,3,23,8,30,603.0,114.0,2.9,13.0,386.0,473.55,388.04
2016,3,23,8,45,592.5,132.0,2.9,13.5,423.0,520.46,424.65
2016,3,23,9,0,582.0,150.0,2.9,14.0,460.0,564.66,458.08
2016,3,23,9,15,729.5,122.5,2.8,14.0,544.0,671.92,541.21
2016,3,23,9,30,877.0,95.0,2.7,14.0,628.0,786.32,624.17
2016,3,23,9,45,891.5,96.0,2.65,14.5,667.0,830.69,652.17
2016,3,23,10,0,906.0,97.0,2.6,15.0,706.0,878.77,682.85
2016,3,23,10,15,915.5,99.0,2.5,15.0,738.0,921.33,709.96
2016,3,23,10,30,925.0,101.0,2.4,15.0,770.0,961.06,734.73
2016,3,23,10,45,932.0,101.5,2.35,15.5,794.5,993.72,753.53
2016,3,23,11,0,939.0,102.0,2.3,16.0,819.0,1022.98,769.9
2016,3,23,11,15,755.0,187.5,2.4,16.0,772.0,971.56,735.55
2016,3,23,11,30,571.0,273.0,2.5,16.0,725.0,886.03,675.75
2016,3,23,11,45,625.0,253.5,2.6,16.0,753.0,931.06,709.44
2016,3,23,12,0,679.0,234.0,2.7,16.0,781.0,970.75,737.74
2016,3,23,12,15,665.5,241.0,2.85,16.0,776.5,965.99,735.36
2016,3,23,12,30,652.0,248.0,3.0,16.0,772.0,957.92,730.81
2016,3,23,12,45,634.0,252.5,3.2,16.0,758.5,939.65,719.6
2016,3,23,13,0,616.0,257.0,3.4,16.0,745.0,918.51,706.32
2016,3,23,13,15,618.0,249.0,3.5,16.0,730.5,902.14,696.3
2016,3,23,13,30,620.0,241.0,3.6,16.0,716.0,882.78,684.09
2016,3,23,13,45,647.0,220.0,3.75,16.0,702.5,870.94,678.19
2016,3,23,14,0,674.0,199.0,3.9,16.0,689.0,854.63,668.6
2016,3,23,14,15,593.5,216.5,4.0,16.0,635.0,778.39,613.32
2016,3,23,14,30,513.0,234.0,4.1,16.0,581.0,701.06,556.19
2016,3,23,14,45,678.5,171.5,4.2,16.0,603.5,753.33,599.96
2016,3,23,15,0,844.0,109.0,4.3,16.0,626.0,779.91,621.8
2016,3,23,15,15,715.5,129.5,4.35,15.5,547.0,672.54,542.66
2016,3,23,15,30,587.0,150.0,4.4,15.0,468.0,570.76,464.34
2016,3,23,15,45,548.5,150.0,4.5,15.0,425.5,509.35,416.18
2016,3,23,16,0,510.0,150.0,4.6,15.0,383.0,455.89,372.85
2016,3,23,16,15,488.5,135.5,4.6,14.5,338.5,399.21,326.62
2016,3,23,16,30,467.0,121.0,4.6,14.0,294.0,344.05,280.22
2016,3,23,16,45,432.5,106.5,4.65,14.0,247.5,285.56,229.45
2016,3,23,17,0,398.0,92.0,4.7,14.0,201.0,230.71,180.77
2016,3,23,17,15,344.5,76.5,4.55,13.5,156.5,173.72,130.67
2016,3,23,17,30,291.0,61.0,4.4,13.0,112.0,123.34,86.73
2016,3,23,17,45,205.0,44.0,4.3,12.5,73.5,73.91,46.66
2016,3,23,18,0,119.0,27.0,4.2,12.0,35.0,35.14,14.47
2016,3,23,18,15,59.5,13.5,4.1,11.5,17.5,12.81,0.0
2016,3,23,18,30,0.0,0.0,4.0,11.0,0.0,0.0,0.0
2016,3,23,18,45,0.0,0.0,3.95,11.0,0.0,0.0,0.0
2016,3,23,19,0,0.0,0.0,3.9,11.0,0.0,0.0,0.0
2016,3,23,19,15,0.0,0.0,3.8,10.5,0.0,0.0,0.0
2016,3,23,19,30,0.0,0.0,3.7,10.0,0.0,0.0,0.0
2016,3,23,19,45,0.0,0.0,3.65,10.0,0.0,0.0,0.0
2016,3,23,20,0,0.0,0.0,3.6,10.0,0.0,0.0,0.0
2016,3,23,20,15,0.0,0.0,3.6,10.0,0.0,0.0,0.0
2016,3,23,20,30,0.0,0.0,3.6,10.0,0.0,0.0,0.0
2016,3,23,20,45,0.0,0.0,3.6,10.0,0.0,0.0,0.0
2016,3,23,21,0,0.0,0.0,3.6,10.0,0.0,0.0,0.0
2016,3,23,21,15,0.0,0.0,3.55,10.0,0.0,0.0,0.0
2016,3,23,21,30,0.0,0.0,3.5,10.0,0.0,0.0,0.0
2016,3,23,21,45,0.0,0.0,3.45,10.0,0.0,0.0,0.0
2016,3,23,22,0,0.0,0.0,3.4,10.0,0.0,0.0,0.0
2016,3,23,22,15,0.0,0.0,3.4,10.0,0.0,0.0,0.0
2016,3,23,22,30,0.0,0.0,3.4,10.0,0.0,0.0,0.0
2016,3,23,22,45,0.0,0.0,3.4,10.0,0.0,0.0,0.0
2016,3,23,23,0,0.0,0.0,3.4,10.0,0.0,0.0,0.0
2016,3,23,23,15,0.0,0.0,3.45,9.5,0.0,0.0,0.0
2016,3,23,23,30,0.0,0.0,3.5,9.0,0.0,0.0,0.0
2016,3,23,23,45,0.0,0.0,3.55,9.0,0.0,0.0,0.0
2016,3,24,0,0,0.0,0.0,3.6,9.0,0.0,0.0,0.0
2016,3,24,0,15,0.0,0.0,3.65,9.0,0.0,0.0,0.0
2016,3,24,0,30,0.0,0.0,3.7,9.0,0.0,0.0,0.0
2016,3,24,0,45,0.0,0.0,3.8,9.0,0.0,0.0,0.0
2016,3,24,1,0,0.0,0.0,3.9,9.0,0.0,0.0,0.0
2016,3,24,1,15,0.0,0.0,3.95,9.0,0.0,0.0,0.0
2016,3,24,1,30,0.0,0.0,4.0,9.0,0.0,0.0,0.0
2016,3,24,1,45,0.0,0.0,4.05,9.0,0.0,0.0,0.0
2016,3,24,2,0,0.0,0.0,4.1,9.0,0.0,0.0,0.0
2016,3,24,2,15,0.0,0.0,4.15,9.0,0.0,0.0,0.0
2016,3,24,2,30,0.0,0.0,4.2,9.0,0.0,0.0,0.0
2016,3,24,2,45,0.0,0.0,4.3,9.0,0.0,0.0,0.0
2016,3,24,3,0,0.0,0.0,4.4,9.0,0.0,0.0,0.0
2016,3,24,3,15,0.0,0.0,4.45,9.0,0.0,0.0,0.0
2016,3,24,3,30,0.0,0.0,4.5,9.0,0.0,0.0,0.0
2016,3,24,3,45,0.0,0.0,4.6,9.0,0.0,0.0,0.0
2016,3,24,4,0,0.0,0.0,4.7,9.0,0.0,0.0,0.0
2016,3,24,4,15,0.0,0.0,4.7,9.0,0.0,0.0,0.0
2016,3,24,4,30,0.0,0.0,4.7,9.0,0.0,0.0,0.0
2016,3,24,4,45,0.0,0.0,4.7,9.0,0.0,0.0,0.0
2016,3,24,5,0,0.0,0.0,4.7,9.0,0.0,0.0,0.0
2016,3,24,5,15,0.0,0.0,4.7,9.0,0.0,0.0,0.0
2016,3,24,5,30,0.0,0.0,4.7,9.0,0.0,0.0,0.0
2016,3,24,5,45,0.0,0.0,4.75,9.5,0.0,0.0,0.0
2016,3,24,6,0,0.0,0.0,4.8,10.0,0.0,0.0,0.0
2016,3,24,6,15,85.5,12.5,4.95,10.5,18.0,11.77,0.0
2016,3,24,6,30,171.0,25.0,5.1,11.0,36.0,36.05,13.36
2016,3,24,6,45,284.0,39.0,5.3,11.5,78.5,78.54,47.25
2016,3,24,7,0,397.0,53.0,5.5,12.0,121.0,137.09,94.29
2016,3,24,7,15,472.0,62.5,5.5,12.0,171.0,194.32,144.69
2016,3,24,7,30,547.0,72.0,5.5,12.0,221.0,260.65,204.06
2016,3,24,7,45,553.5,83.0,5.5,12.5,260.0,310.55,250.42
2016,3,24,8,0,560.0,94.0,5.5,13.0,299.0,360.41,295.23
2016,3,24,8,15,630.5,99.0,5.5,13.0,361.5,436.35,360.32
2016,3,24,8,30,701.0,104.0,5.5,13.0,424.0,518.91,429.38
2016,3,24,8,45,703.5,117.5,5.5,13.5,468.0,574.51,474.09
2016,3,24,9,0,706.0,131.0,5.5,14.0,512.0,628.54,516.18
2016,3,24,9,15,727.5,135.5,5.4,14.0,555.0,684.96,560.01
2016,3,24,9,30,749.0,140.0,5.3,14.0,598.0,741.08,602.54
2016,3,24,9,45,763.5,144.0,5.25,14.5,636.0,790.38,636.9
2016,3,24,10,0,778.0,148.0,5.2,15.0,674.0,838.11,669.4
2016,3,24,10,15,790.0,150.5,5.1,15.0,705.5,880.17,698.25
2016,3,24,10,30,802.0,153.0,5.0,15.0,737.0,914.47,721.19
2016,3,24,10,45,822.5,148.5,4.95,15.5,764.0,951.99,745.19
2016,3,24,11,0,843.0,144.0,4.9,16.0,791.0,986.96,767.08
2016,3,24,11,15,690.0,215.5,4.85,16.0,752.5,937.57,730.77
2016,3,24,11,30,537.0,287.0,4.8,16.0,714.0,866.76,676.14
2016,3,24,11,45,531.5,294.0,4.8,16.5,720.5,875.31,680.86
2016,3,24,12,0,526.0,301.0,4.8,17.0,727.0,881.16,683.21
2016,3,24,12,15,515.0,303.5,4.85,17.0,720.5,874.0,682.13
2016,3,24,12,30,504.0,306.0,4.9,17.0,714.0,864.25,671.22
2016,3,24,12,45,506.0,301.5,4.95,17.0,708.0,857.78,667.24
2016,3,24,13,0,508.0,297.0,5.0,17.0,702.0,848.77,661.49
2016,3,24,13,15,500.0,293.0,5.05,17.0,685.0,827.95,647.05
2016,3,24,13,30,492.0,289.0,5.1,17.0,668.0,805.03,631.11
2016,3,24,13,45,463.5,291.5,5.15,17.0,640.0,767.64,603.93
2016,3,24,14,0,435.0,294.0,5.2,17.0,612.0,729.47,575.99
2016,3,24,14,15,412.5,288.0,5.25,17.0,579.5,687.57,545.34
2016,3,24,14,30,390.0,282.0,5.3,17.0,547.0,633.04,505.05
2016,3,24,14,45,596.5,202.0,5.35,17.0,582.0,712.14,570.7
2016,3,24,15,0,803.0,122.0,5.4,17.0,617.0,761.47,611.36
2016,3,24,15,15,784.0,118.5,5.4,16.5,574.0,706.36,571.47
2016,3,24,15,30,765.0,115.0,5.4,16.0,531.0,652.82,531.07
2016,3,24,15,45,728.5,114.0,5.45,16.0,481.5,588.12,479.91
2016,3,24,16,0,692.0,113.0,5.5,16.0,432.0,525.1,428.79
2016,3,24,16,15,656.0,106.5,5.55,15.5,381.5,458.83,374.54
2016,3,24,16,30,620.0,100.0,5.6,15.0,331.0,395.19,320.75
2016,3,24,16,45,582.0,89.5,5.7,14.5,280.0,329.85,264.07
2016,3,24,17,0,544.0,79.0,5.8,14.0,229.0,268.24,209.07
2016,3,24,17,15,472.0,68.0,5.7,13.5,178.5,201.15,149.76
2016,3,24,17,30,400.0,57.0,5.6,13.0,128.0,142.79,98.74
2016,3,24,17,45,299.5,42.0,5.5,12.5,85.0,84.48,51.42
2016,3,24,18,0,199.0,27.0,5.4,12.0,42.0,40.76,16.84
2016,3,24,18,15,99.5,13.5,5.35,12.0,21.0,13.04,0.0
2016,3,24,18,30,0.0,0.0,5.3,12.0,0.0,0.0,0.0
2016,3,24,18,45,0.0,0.0,5.25,12.0,0.0,0.0,0.0
2016,3,24,19,0,0.0,0.0,5.2,12.0,0.0,0.0,0.0
2016,3,24,19,15,0.0,0.0,5.1,11.5,0.0,0.0,0.0
2016,3,24,19,30,0.0,0.0,5.0,11.0,0.0,0.0,0.0
2016,3,24,19,45,0.0,0.0,4.9,11.0,0.0,0.0,0.0
2016,3,24,20,0,0.0,0.0,4.8,11.0,0.0,0.0,0.0
2016,3,24,20,15,0.0,0.0,4.7,11.0,0.0,0.0,0.0
2016,3,24,20,30,0.0,0.0,4.6,11.0,0.0,0.0,0.0
2016,3,24,20,45,0.0,0.0,4.55,11.0,0.0,0.0,0.0
2016,3,24,21,0,0.0,0.0,4.5,11.0,0.0,0.0,0.0
2016,3,24,21,15,0.0,0.0,4.45,11.0,0.0,0.0,0.0
2016,3,24,21,30,0.0,0.0,4.4,11.0,0.0,0.0,0.0
2016,3,24,21,45,0.0,0.0,4.35,11.0,0.0,0.0,0.0
2016,3,24,22,0,0.0,0.0,4.3,11.0,0.0,0.0,0.0
2016,3,24,22,15,0.0,0.0,4.3,10.5,0.0,0.0,0.0
2016,3,24,22,30,0.0,0.0,4.3,10.0,0.0,0.0,0.0
2016,3,24,22,45,0.0,0.0,4.35,10.0,0.0,0.0,0.0
2016,3,24,23,0,0.0,0.0,4.4,10.0,0.0,0.0,0.0
2016,3,24,23,15,0.0,0.0,4.5,10.0,0.0,0.0,0.0
2016,3,24,23,30,0.0,0.0,4.6,10.0,0.0,0.0,0.0
2016,3,24,23,45,0.0,0.0,4.7,10.0,0.0,0.0,0.0
2016,3,25,0,0,0.0,0.0,4.8,10.0,0.0,0.0,0.0
2016,3,25,0,15,0.0,0.0,4.85,10.0,0.0,0.0,0.0
2016,3,25,0,30,0.0,0.0,4.9,10.0,0.0,0.0,0.0
2016,3,25,0,45,0.0,0.0,5.0,10.0,0.0,0.0,0.0
2016,3,25,1,0,0.0,0.0,5.1,10.0,0.0,0.0,0.0
2016,3,25,1,15,0.0,0.0,5.2,10.0,0.0,0.0,0.0
2016,3,25,1,30,0.0,0.0,5.3,10.0,0.0,0.0,0.0
2016,3,25,1,45,0.0,0.0,5.4,10.0,0.0,0.0,0.0
2016,3,25,2,0,0.0,0.0,5.5,10.0,0.0,0.0,0.0
2016,3,25,2,15,0.0,0.0,5.5,9.5,0.0,0.0,0.0
2016,3,25,2,30,0.0,0.0,5.5,9.0,0.0,0.0,0.0
2016,3,25,2,45,0.0,0.0,5.55,9.0,0.0,0.0,0.0
2016,3,25,3,0,0.0,0.0,5.6,9.0,0.0,0.0,0.0
2016,3,25,3,15,0.0,0.0,5.45,9.0,0.0,0.0,0.0
2016,3,25,3,30,0.0,0.0,5.3,9.0,0.0,0.0,0.0
2016,3,25,3,45,0.0,0.0,5.2,9.0,0.0,0.0,0.0
2016,3,25,4,0,0.0,0.0,5.1,9.0,0.0,0.0,0.0
2016,3,25,4,15,0.0,0.0,4.95,9.0,0.0,0.0,0.0
2016,3,25,4,30,0.0,0.0,4.8,9.0,0.0,0.0,0.0
2016,3,25,4,45,0.0,0.0,4.7,9.0,0.0,0.0,0.0
2016,3,25,5,0,0.0,0.0,4.6,9.0,0.0,0.0,0.0
2016,3,25,5,15,0.0,0.0,4.55,9.0,0.0,0.0,0.0
2016,3,25,5,30,0.0,0.0,4.5,9.0,0.0,0.0,0.0
2016,3,25,5,45,0.0,0.0,4.5,9.5,0.0,0.0,0.0
2016,3,25,6,0,0.0,0.0,4.5,10.0,0.0,0.0,0.0
2016,3,25,6,15,101.5,14.0,4.7,10.0,21.0,13.35,0.0
2016,3,25,6,30,203.0,28.0,4.9,10.0,42.0,41.53,17.71
2016,3,25,6,45,311.0,42.0,5.1,10.5,86.0,86.83,53.37
2016,3,25,7,0,419.0,56.0,5.3,11.0,130.0,144.84,100.47
2016,3,25,7,15,493.0,65.5,5.4,11.0,180.5,203.37,152.35
2016,3,25,7,30,567.0,75.0,5.5,11.0,231.0,270.82,213.03
2016,3,25,7,45,624.5,79.5,5.6,11.5,284.0,335.31,271.12
2016,3,25,8,0,682.0,84.0,5.7,12.0,337.0,405.64,333.0
2016,3,25,8,15,716.0,89.0,5.8,12.5,388.5,469.95,388.6
2016,3,25,8,30,750.0,94.0,5.9,13.0,440.0,536.56,444.42
2016,3,25,8,45,781.0,95.0,6.0,13.5,489.0,597.68,494.42
2016,3,25,9,0,812.0,96.0,6.1,14.0,538.0,660.88,544.7
2016,3,25,9,15,829.5,99.0,6.05,14.0,581.5,717.17,588.48
2016,3,25,9,30,847.0,102.0,6.0,14.0,625.0,772.48,629.11
2016,3,25,9,45,861.5,103.5,5.95,14.5,663.0,822.4,663.84
2016,3,25,10,0,876.0,105.0,5.9,15.0,701.0,863.27,691.3
2016,3,25,10,15,885.5,107.0,5.8,15.0,733.0,904.65,719.92
2016,3,25,10,30,895.0,109.0,5.7,15.0,765.0,943.28,746.24
2016,3,25,10,45,899.0,112.0,5.65,15.5,788.5,974.88,766.11
2016,3,25,11,0,903.0,115.0,5.6,16.0,812.0,1003.05,783.41
2016,3,25,11,15,907.5,115.5,5.5,16.0,829.0,1025.45,797.71
2016,3,25,11,30,912.0,116.0,5.4,16.0,846.0,1044.17,809.45
2016,3,25,11,45,726.0,207.0,5.35,16.0,791.5,984.24,766.21
2016,3,25,12,0,540.0,298.0,5.3,16.0,737.0,891.7,696.14
2016,3,25,12,15,729.0,207.5,5.25,16.0,800.0,994.67,773.53
2016,3,25,12,30,918.0,117.0,5.2,16.0,863.0,1067.18,823.45
2016,3,25,12,45,924.0,112.0,5.2,16.5,857.0,1061.83,817.87
2016,3,25,13,0,930.0,107.0,5.2,17.0,851.0,1052.36,810.12
2016,3,25,13,15,926.0,106.0,5.25,17.0,834.5,1033.33,797.88
2016,3,25,13,30,922.0,105.0,5.3,17.0,818.0,1010.55,783.1
2016,3,25,13,45,916.0,103.5,5.35,17.0,794.0,981.71,764.06
2016,3,25,14,0,910.0,102.0,5.4,17.0,770.0,949.48,742.58
2016,3,25,14,15,901.0,100.5,5.5,17.0,738.5,911.39,717.08
2016,3,25,14,30,892.0,99.0,5.6,17.0,707.0,870.47,689.28
2016,3,25,14,45,672.5,166.0,5.75,17.0,610.5,740.99,594.59
2016,3,25,15,0,453.0,233.0,5.9,17.0,514.0,606.3,488.59
2016,3,25,15,15,642.0,161.5,6.0,16.5,529.0,651.08,528.91
2016,3,25,15,30,831.0,90.0,6.1,16.0,544.0,667.38,545.7
2016,3,25,15,45,802.5,88.0,6.25,16.0,495.0,603.81,494.97
2016,3,25,16,0,774.0,86.0,6.4,16.0,446.0,540.98,443.66
2016,3,25,16,15,741.5,81.5,6.45,15.5,394.5,474.63,388.64
2016,3,25,16,30,709.0,77.0,6.5,15.0,343.0,410.7,333.8
2016,3,25,16,45,655.5,72.5,6.6,14.5,289.5,340.47,272.4
2016,3,25,17,0,602.0,68.0,6.7,14.0,236.0,275.59,214.2
2016,3,25,17,15,530.0,60.0,6.6,13.5,185.0,208.04,153.85
2016,3,25,17,30,458.0,52.0,6.5,13.0,134.0,149.09,101.8
2016,3,25,17,45,336.5,40.0,6.45,12.5,89.5,88.56,53.34
2016,3,25,18,0,215.0,28.0,6.4,12.0,45.0,42.58,18.44
2016,3,25,18,15,107.5,14.0,6.35,12.0,22.5,13.43,0.0
2016,3,25,18,30,0.0,0.0,6.3,12.0,0.0,0.0,0.0
2016,3,25,18,45,0.0,0.0,6.25,12.0,0.0,0.0,0.0
2016,3,25,19,0,0.0,0.0,6.2,12.0,0.0,0.0,0.0
2016,3,25,19,15,0.0,0.0,6.05,11.5,0.0,0.0,0.0
2016,3,25,19,30,0.0,0.0,5.9,11.0,0.0,0.0,0.0
2016,3,25,19,45,0.0,0.0,5.8,11.0,0.0,0.0,0.0
2016,3,25,20,0,0.0,0.0,5.7,11.0,0.0,0.0,0.0
2016,3,25,20,15,0.0,0.0,5.6,11.0,0.0,0.0,0.0
2016,3,25,20,30,0.0,0.0,5.5,11.0,0.0,0.0,0.0
2016,3,25,20,45,0.0,0.0,5.45,11.0,0.0,0.0,0.0
2016,3,25,21,0,0.0,0.0,5.4,11.0,0.0,0.0,0.0
2016,3,25,21,15,0.0,0.0,5.35,11.0,0.0,0.0,0.0
2016,3,25,21,30,0.0,0.0,5.3,11.0,0.0,0.0,0.0
2016,3,25,21,45,0.0,0.0,5.25,11.0,0.0,0.0,0.0
2016,3,25,22,0,0.0,0.0,5.2,11.0,0.0,0.0,0.0
2016,3,25,22,15,0.0,0.0,5.1,11.0,0.0,0.0,0.0
2016,3,25,22,30,0.0,0.0,5.0,11.0,0.0,0.0,0.0
2016,3,25,22,45,0.0,0.0,4.95,11.0,0.0,0.0,0.0
2016,3,25,23,0,0.0,0.0,4.9,11.0,0.0,0.0,0.0
2016,3,25,23,15,0.0,0.0,4.85,11.0,0.0,0.0,0.0
2016,3,25,23,30,0.0,0.0,4.8,11.0,0.0,0.0,0.0
2016,3,25,23,45,0.0,0.0,4.75,11.0,0.0,0.0,0.0
2016,3,26,0,0,0.0,0.0,4.7,11.0,0.0,0.0,0.0
2016,3,26,0,15,0.0,0.0,4.6,11.0,0.0,0.0,0.0
2016,3,26,0,30,0.0,0.0,4.5,11.0,0.0,0.0,0.0
2016,3,26,0,45,0.0,0.0,4.4,11.0,0.0,0.0,0.0
2016,3,26,1,0,0.0,0.0,4.3,11.0,0.0,0.0,0.0
2016,3,26,1,15,0.0,0.0,4.25,10.5,0.0,0.0,0.0
2016,3,26,1,30,0.0,0.0,4.2,10.0,0.0,0.0,0.0
2016,3,26,1,45,0.0,0.0,4.2,10.0,0.0,0.0,0.0
2016,3,26,2,0,0.0,0.0,4.2,10.0,0.0,0.0,0.0
2016,3,26,2,15,0.0,0.0,4.15,10.0,0.0,0.0,0.0
2016,3,26,2,30,0.0,0.0,4.1,10.0,0.0,0.0,0.0
2016,3,26,2,45,0.0,0.0,4.1,10.0,0.0,0.0,0.0
2016,3,26,3,0,0.0,0.0,4.1,10.0,0.0,0.0,0.0
2016,3,26,3,15,0.0,0.0,4.1,10.0,0.0,0.0,0.0
2016,3,26,3,30,0.0,0.0,4.1,10.0,0.0,0.0,0.0
2016,3,26,3,45,0.0,0.0,4.1,10.0,0.0,0.0,0.0
2016,3,26,4,0,0.0,0.0,4.1,10.0,0.0,0.0,0.0
2016,3,26,4,15,0.0,0.0,4.05,10.0,0.0,0.0,0.0
2016,3,26,4,30,0.0,0.0,4.0,10.0,0.0,0.0,0.0
2016,3,26,4,45,0.0,0.0,4.0,10.0,0.0,0.0,0.0
2016,3,26,5,0,0.0,0.0,4.0,10.0,0.0,0.0,0.0
2016,3,26,5,15,0.0,0.0,4.0,10.0,0.0,0.0,0.0
2016,3,26,5,30,0.0,0.0,4.0,10.0,0.0,0.0,0.0
2016,3,26,5,45,0.0,0.0,4.0,10.5,0.0,0.0,0.0
2016,3,26,6,0,0.0,0.0,4.0,11.0,0.0,0.0,0.0
2016,3,26,6,15,146.0,12.5,4.1,11.0,24.0,12.44,0.0
2016,3,26,6,30,292.0,25.0,4.2,11.0,48.0,46.68,19.65
2016,3,26,6,45,403.5,35.0,4.3,11.5,93.0,93.22,54.63
2016,3,26,7,0,515.0,45.0,4.4,12.0,138.0,154.14,104.17
2016,3,26,7,15,581.5,51.5,4.35,12.5,189.0,213.61,157.23
2016,3,26,7,30,648.0,58.0,4.3,13.0,240.0,281.09,217.8
2016,3,26,7,45,691.5,63.0,4.3,13.5,292.0,345.11,275.38
2016,3,26,8,0,735.0,68.0,4.3,14.0,344.0,413.23,334.79
2016,3,26,8,15,765.0,71.5,4.25,14.0,395.0,476.54,389.21
2016,3,26,8,30,795.0,75.0,4.2,14.0,446.0,541.54,443.24
2016,3,26,8,45,816.5,78.0,4.2,14.5,493.5,602.03,491.3
2016,3,26,9,0,838.0,81.0,4.2,15.0,541.0,662.55,537.8
2016,3,26,9,15,854.0,83.5,4.15,15.5,584.0,713.59,574.48
2016,3,26,9,30,870.0,86.0,4.1,16.0,627.0,767.47,611.55
2016,3,26,9,45,878.5,89.0,4.1,16.5,663.5,814.35,642.98
2016,3,26,10,0,887.0,92.0,4.1,17.0,700.0,858.85,672.26
2016,3,26,10,15,895.0,93.5,4.1,17.0,730.5,898.65,699.13
2016,3,26,10,30,903.0,95.0,4.1,17.0,761.0,935.57,723.82
2016,3,26,10,45,909.0,96.0,4.2,17.0,784.5,967.0,745.14
2016,3,26,11,0,915.0,97.0,4.3,17.0,808.0,995.06,764.17
2016,3,26,11,15,667.0,218.0,4.35,17.0,742.0,917.3,709.29
2016,3,26,11,30,419.0,339.0,4.4,17.0,676.0,802.46,621.04
2016,3,26,11,45,464.5,324.0,4.5,17.5,701.0,838.34,647.94
2016,3,26,12,0,510.0,309.0,4.6,18.0,726.0,872.37,672.43
2016,3,26,12,15,717.0,204.5,4.7,18.0,790.5,978.82,752.16
2016,3,26,12,30,924.0,100.0,4.8,18.0,855.0,1054.3,804.56
2016,3,26,12,45,668.0,221.5,4.9,18.0,764.5,940.62,726.0
2016,3,26,13,0,412.0,343.0,5.0,18.0,674.0,799.3,619.44
2016,3,26,13,15,649.0,227.0,5.05,18.0,737.0,908.47,706.66
2016,3,26,13,30,886.0,111.0,5.1,18.0,800.0,981.86,759.02
2016,3,26,13,45,702.5,186.5,5.2,18.0,723.0,885.86,691.73
2016,3,26,14,0,519.0,262.0,5.3,18.0,646.0,771.3,606.58
2016,3,26,14,15,518.0,250.0,5.4,17.5,619.0,739.64,586.11
2016,3,26,14,30,517.0,238.0,5.5,17.0,592.0,706.02,563.36
2016,3,26,14,45,462.0,242.5,5.6,17.0,546.0,644.0,516.29
2016,3,26,15,0,407.0,247.0,5.7,17.0,500.0,572.93,461.81
2016,3,26,15,15,373.5,235.0,5.7,16.5,455.0,516.39,418.78
2016,3,26,15,30,340.0,223.0,5.7,16.0,410.0,461.91,376.49
2016,3,26,15,45,507.5,166.5,5.75,16.0,418.0,498.24,407.68
2016,3,26,16,0,675.0,110.0,5.8,16.0,426.0,510.37,417.69
2016,3,26,16,15,591.5,109.0,5.7,15.5,363.0,426.61,348.67
2016,3,26,16,30,508.0,108.0,5.6,15.0,300.0,346.81,281.87
2016,3,26,16,45,459.0,100.0,5.6,15.0,254.0,286.99,229.78
2016,3,26,17,0,410.0,92.0,5.6,15.0,208.0,232.39,181.37
2016,3,26,17,15,353.0,77.5,5.45,14.5,163.0,174.89,131.02
2016,3,26,17,30,296.0,63.0,5.3,14.0,118.0,124.44,87.3
2016,3,26,17,45,210.5,46.5,5.15,13.5,79.0,75.53,47.93
2016,3,26,18,0,125.0,30.0,5.0,13.0,40.0,36.91,17.7
2016,3,26,18,15,62.5,15.0,4.85,13.0,20.0,13.97,0.0
2016,3,26,18,30,0.0,0.0,4.7,13.0,0.0,0.0,0.0
2016,3,26,18,45,0.0,0.0,4.55,13.0,0.0,0.0,0.0
2016,3,26,19,0,0.0,0.0,4.4,13.0,0.0,0.0,0.0
2016,3,26,19,15,0.0,0.0,4.35,12.5,0.0,0.0,0.0
2016,3,26,19,30,0.0,0.0,4.3,12.0,0.0,0.0,0.0
2016,3,26,19,45,0.0,0.0,4.25,12.0,0.0,0.0,0.0
2016,3,26,20,0,0.0,0.0,4.2,12.0,0.0,0.0,0.0
2016,3,26,20,15,0.0,0.0,4.15,12.0,0.0,0.0,0.0
2016,3,26,20,30,0.0,0.0,4.1,12.0,0.0,0.0,0.0
2016,3,26,20,45,0.0,0.0,4.1,12.0,0.0,0.0,0.0
2016,3,26,21,0,0.0,0.0,4.1,12.0,0.0,0.0,0.0
2016,3,26,21,15,0.0,0.0,4.1,12.0,0.0,0.0,0.0
2016,3,26,21,30,0.0,0.0,4.1,12.0,0.0,0.0,0.0
2016,3,26,21,45,0.0,0.0,4.1,12.0,0.0,0.0,0.0
2016,3,26,22,0,0.0,0.0,4.1,12.0,0.0,0.0,0.0
2016,3,26,22,15,0.0,0.0,4.1,12.0,0.0,0.0,0.0
2016,3,26,22,30,0.0,0.0,4.1,12.0,0.0,0.0,0.0
2016,3,26,22,45,0.0,0.0,4.1,12.0,0.0,0.0,0.0
2016,3,26,23,0,0.0,0.0,4.1,12.0,0.0,0.0,0.0
2016,3,26,23,15,0.0,0.0,4.1,12.0,0.0,0.0,0.0
2016,3,26,23,30,0.0,0.0,4.1,12.0,0.0,0.0,0.0
2016,3,26,23,45,0.0,0.0,4.2,12.0,0.0,0.0,0.0
2016,3,27,0,0,0.0,0.0,4.3,12.0,0.0,0.0,0.0
2016,3,27,0,15,0.0,0.0,4.3,11.5,0.0,0.0,0.0
2016,3,27,0,30,0.0,0.0,4.3,11.0,0.0,0.0,0.0
2016,3,27,0,45,0.0,0.0,4.35,11.0,0.0,0.0,0.0
2016,3,27,1,0,0.0,0.0,4.4,11.0,0.0,0.0,0.0
2016,3,27,1,15,0.0,0.0,4.4,11.0,0.0,0.0,0.0
2016,3,27,1,30,0.0,0.0,4.4,11.0,0.0,0.0,0.0
2016,3,27,1,45,0.0,0.0,4.4,11.0,0.0,0.0,0.0
2016,3,27,2,0,0.0,0.0,4.4,11.0,0.0,0.0,0.0
2016,3,27,2,15,0.0,0.0,4.35,11.0,0.0,0.0,0.0
2016,3,27,2,30,0.0,0.0,4.3,11.0,0.0,0.0,0.0
2016,3,27,2,45,0.0,0.0,4.25,11.0,0.0,0.0,0.0
2016,3,27,3,0,0.0,0.0,4.2,11.0,0.0,0.0,0.0
2016,3,27,3,15,0.0,0.0,4.15,10.5,0.0,0.0,0.0
2016,3,27,3,30,0.0,0.0,4.1,10.0,0.0,0.0,0.0
2016,3,27,3,45,0.0,0.0,4.1,10.0,0.0,0.0,0.0
2016,3,27,4,0,0.0,0.0,4.1,10.0,0.0,0.0,0.0
2016,3,27,4,15,0.0,0.0,4.05,10.0,0.0,0.0,0.0
2016,3,27,4,30,0.0,0.0,4.0,10.0,0.0,0.0,0.0
2016,3,27,4,45,0.0,0.0,4.0,10.0,0.0,0.0,0.0
2016,3,27,5,0,0.0,0.0,4.0,10.0,0.0,0.0,0.0
2016,3,27,5,15,0.0,0.0,4.0,10.0,0.0,0.0,0.0
2016,3,27,5,30,0.0,0.0,4.0,10.0,0.0,0.0,0.0
2016,3,27,5,45,0.0,0.0,4.05,10.5,0.0,0.0,0.0
2016,3,27,6,0,0.0,0.0,4.1,11.0,0.0,0.0,0.0
2016,3,27,6,15,129.0,14.5,4.25,11.0,25.0,14.31,0.0
2016,3,27,6,30,258.0,29.0,4.4,11.0,50.0,48.35,22.82
2016,3,27,6,45,368.5,40.5,4.55,11.5,95.5,94.16,57.13
2016,3,27,7,0,479.0,52.0,4.7,12.0,141.0,154.32,106.01
2016,3,27,7,15,549.5,60.0,4.7,12.0,193.5,214.31,159.42
2016,3,27,7,30,620.0,68.0,4.7,12.0,246.0,282.69,220.9
2016,3,27,7,45,660.0,75.5,4.7,12.5,298.0,346.53,278.35
2016,3,27,8,0,700.0,83.0,4.7,13.0,350.0,414.16,337.42
2016,3,27,8,15,479.0,139.0,4.8,13.0,333.5,396.68,326.46
2016,3,27,8,30,258.0,195.0,4.9,13.0,317.0,348.54,287.27
2016,3,27,8,45,277.0,214.0,5.0,13.0,357.0,395.24,325.73
2016,3,27,9,0,296.0,233.0,5.1,13.0,397.0,443.36,364.5
2016,3,27,9,15,328.5,246.5,5.25,13.0,441.5,496.64,407.24
2016,3,27,9,30,361.0,260.0,5.4,13.0,486.0,552.02,451.1
2016,3,27,9,45,397.5,266.5,5.55,13.5,529.5,604.94,491.88
2016,3,27,10,0,434.0,273.0,5.7,14.0,573.0,672.37,542.92
2016,3,27,10,15,485.0,265.5,5.8,14.0,614.0,727.22,585.42
2016,3,27,10,30,536.0,258.0,5.9,14.0,655.0,783.09,628.36
2016,3,27,10,45,549.5,264.0,6.0,14.0,682.5,818.42,654.57
2016,3,27,11,0,563.0,270.0,6.1,14.0,710.0,852.04,679.49
2016,3,27,11,15,532.0,288.0,6.1,14.0,710.5,852.66,678.31
2016,3,27,11,30,501.0,306.0,6.1,14.0,711.0,849.68,674.68
2016,3,27,11,45,518.5,304.5,6.15,14.5,727.5,871.93,690.21
2016,3,27,12,0,536.0,303.0,6.2,15.0,744.0,891.89,703.9
2016,3,27,12,15,728.0,214.0,6.2,15.0,812.0,999.61,786.05
2016,3,27,12,30,920.0,125.0,6.2,15.0,880.0,1077.01,840.95
2016,3,27,12,45,667.0,234.0,6.25,15.0,779.0,951.92,751.11
2016,3,27,13,0,414.0,343.0,6.3,15.0,678.0,800.55,633.36
2016,3,27,13,15,461.5,315.5,6.4,15.0,682.0,811.31,644.42
2016,3,27,13,30,509.0,288.0,6.5,15.0,686.0,817.97,651.79
2016,3,27,13,45,542.5,266.0,6.6,15.0,678.5,812.75,649.91
2016,3,27,14,0,576.0,244.0,6.7,15.0,671.0,803.41,644.97
2016,3,27,14,15,565.0,234.5,6.8,14.5,639.5,763.83,617.14
2016,3,27,14,30,554.0,225.0,6.9,14.0,608.0,722.76,587.81
2016,3,27,14,45,560.0,208.5,7.0,14.0,577.5,686.82,561.32
2016,3,27,15,0,566.0,192.0,7.1,14.0,547.0,648.48,532.47
2016,3,27,15,15,507.0,195.5,7.15,13.5,497.0,581.93,480.25
2016,3,27,15,30,448.0,199.0,7.2,13.0,447.0,518.96,429.99
2016,3,27,15,45,401.0,189.0,7.25,13.0,396.5,454.2,377.05
2016,3,27,16,0,354.0,179.0,7.3,13.0,346.0,384.95,319.73
2016,3,27,16,15,338.5,159.5,7.25,12.5,305.0,335.91,278.81
2016,3,27,16,30,323.0,140.0,7.2,12.0,264.0,288.1,237.92
2016,3,27,16,45,277.0,127.5,7.15,12.0,222.5,236.9,193.17
2016,3,27,17,0,231.0,115.0,7.1,12.0,181.0,190.93,152.72
2016,3,27,17,15,197.0,94.0,7.1,11.5,142.5,145.3,112.64
2016,3,27,17,30,163.0,73.0,7.1,11.0,104.0,104.06,76.6
2016,3,27,17,45,110.0,52.0,7.1,11.0,70.0,64.82,43.99
2016,3,27,18,0,57.0,31.0,7.1,11.0,36.0,32.2,17.01
2016,3,27,18,15,28.5,15.5,7.15,11.0,18.0,14.22,0.0
2016,3,27,18,30,0.0,0.0,7.2,11.0,0.0,0.0,0.0
2016,3,27,18,45,0.0,0.0,7.3,11.0,0.0,0.0,0.0
2016,3,27,19,0,0.0,0.0,7.4,11.0,0.0,0.0,0.0
2016,3,27,19,15,0.0,0.0,7.35,11.0,0.0,0.0,0.0
2016,3,27,19,30,0.0,0.0,7.3,11.0,0.0,0.0,0.0
2016,3,27,19,45,0.0,0.0,7.3,11.0,0.0,0.0,0.0
2016,3,27,20,0,0.0,0.0,7.3,11.0,0.0,0.0,0.0
2016,3,27,20,15,0.0,0.0,7.3,11.0,0.0,0.0,0.0
2016,3,27,20,30,0.0,0.0,7.3,11.0,0.0,0.0,0.0
2016,3,27,20,45,0.0,0.0,7.3,11.0,0.0,0.0,0.0
2016,3,27,21,0,0.0,0.0,7.3,11.0,0.0,0.0,0.0
2016,3,27,21,15,0.0,0.0,7.3,11.0,0.0,0.0,0.0
2016,3,27,21,30,0.0,0.0,7.3,11.0,0.0,0.0,0.0
2016,3,27,21,45,0.0,0.0,7.35,11.0,0.0,0.0,0.0
2016,3,27,22,0,0.0,0.0,7.4,11.0,0.0,0.0,0.0
2016,3,27,22,15,0.0,0.0,7.4,10.5,0.0,0.0,0.0
2016,3,27,22,30,0.0,0.0,7.4,10.0,0.0,0.0,0.0
2016,3,27,22,45,0.0,0.0,7.4,10.0,0.0,0.0,0.0
2016,3,27,23,0,0.0,0.0,7.4,10.0,0.0,0.0,0.0
2016,3,27,23,15,0.0,0.0,7.35,10.0,0.0,0.0,0.0
2016,3,27,23,30,0.0,0.0,7.3,10.0,0.0,0.0,0.0
2016,3,27,23,45,0.0,0.0,7.3,10.0,0.0,0.0,0.0
2016,3,28,0,0,0.0,0.0,7.3,10.0,0.0,0.0,0.0
2016,3,28,0,15,0.0,0.0,7.4,9.5,0.0,0.0,0.0
2016,3,28,0,30,0.0,0.0,7.5,9.0,0.0,0.0,0.0
2016,3,28,0,45,0.0,0.0,7.65,9.0,0.0,0.0,0.0
2016,3,28,1,0,0.0,0.0,7.8,9.0,0.0,0.0,0.0
2016,3,28,1,15,0.0,0.0,8.0,9.0,0.0,0.0,0.0
2016,3,28,1,30,0.0,0.0,8.2,9.0,0.0,0.0,0.0
2016,3,28,1,45,0.0,0.0,8.4,9.0,0.0,0.0,0.0
2016,3,28,2,0,0.0,0.0,8.6,9.0,0.0,0.0,0.0
2016,3,28,2,15,0.0,0.0,8.7,9.0,0.0,0.0,0.0
2016,3,28,2,30,0.0,0.0,8.8,9.0,0.0,0.0,0.0
2016,3,28,2,45,0.0,0.0,8.9,9.0,0.0,0.0,0.0
2016,3,28,3,0,0.0,0.0,9.0,9.0,0.0,0.0,0.0
2016,3,28,3,15,0.0,0.0,9.0,9.0,0.0,0.0,0.0
2016,3,28,3,30,0.0,0.0,9.0,9.0,0.0,0.0,0.0
2016,3,28,3,45,0.0,0.0,9.0,9.0,0.0,0.0,0.0
2016,3,28,4,0,0.0,0.0,9.0,9.0,0.0,0.0,0.0
2016,3,28,4,15,0.0,0.0,8.9,8.5,0.0,0.0,0.0
2016,3,28,4,30,0.0,0.0,8.8,8.0,0.0,0.0,0.0
2016,3,28,4,45,0.0,0.0,8.7,8.0,0.0,0.0,0.0
2016,3,28,5,0,0.0,0.0,8.6,8.0,0.0,0.0,0.0
2016,3,28,5,15,0.0,0.0,8.55,8.0,0.0,0.0,0.0
2016,3,28,5,30,0.0,0.0,8.5,8.0,0.0,0.0,0.0
2016,3,28,5,45,0.0,0.0,8.45,8.5,0.0,0.0,0.0
2016,3,28,6,0,0.0,0.0,8.4,9.0,0.0,0.0,0.0
2016,3,28,6,15,167.0,14.5,8.5,9.0,29.5,13.86,0.0
2016,3,28,6,30,334.0,29.0,8.6,9.0,59.0,54.37,25.68
2016,3,28,6,45,452.0,38.0,8.7,9.5,107.5,103.94,62.35
2016,3,28,7,0,570.0,47.0,8.8,10.0,156.0,168.7,115.85
2016,3,28,7,15,635.0,53.5,8.75,10.0,210.0,231.47,173.4
2016,3,28,7,30,700.0,60.0,8.7,10.0,264.0,302.04,238.78
2016,3,28,7,45,743.5,64.5,8.7,10.0,318.5,368.82,301.13
2016,3,28,8,0,787.0,69.0,8.7,10.0,373.0,439.56,365.63
2016,3,28,8,15,816.0,72.5,8.6,10.0,425.5,505.35,424.53
2016,3,28,8,30,845.0,76.0,8.5,10.0,478.0,572.6,482.99
2016,3,28,8,45,865.5,79.0,8.4,10.5,527.0,631.74,532.39
2016,3,28,9,0,886.0,82.0,8.3,11.0,576.0,693.37,582.21
2016,3,28,9,15,901.5,84.5,8.25,11.0,620.5,750.26,626.55
2016,3,28,9,30,917.0,87.0,8.2,11.0,665.0,805.77,668.49
2016,3,28,9,45,928.0,88.5,8.15,11.5,703.5,854.85,703.63
2016,3,28,10,0,939.0,90.0,8.1,12.0,742.0,901.56,736.51
2016,3,28,10,15,947.5,91.5,8.05,12.0,774.0,943.44,766.77
2016,3,28,10,30,956.0,93.0,8.0,12.0,806.0,982.28,794.58
2016,3,28,10,45,961.0,94.5,7.95,12.0,830.0,1014.58,817.39
2016,3,28,11,0,966.0,96.0,7.9,12.0,854.0,1043.27,837.49
2016,3,28,11,15,969.0,97.0,7.9,12.0,870.0,1065.66,853.21
2016,3,28,11,30,972.0,98.0,7.9,12.0,886.0,1084.09,866.13
2016,3,28,11,45,972.5,98.5,7.9,12.5,894.0,1095.38,872.28
2016,3,28,12,0,973.0,99.0,7.9,13.0,902.0,1102.51,875.54
2016,3,28,12,15,972.5,99.0,7.85,13.0,901.5,1103.87,876.15
2016,3,28,12,30,972.0,99.0,7.8,13.0,901.0,1101.01,873.89
2016,3,28,12,45,953.0,108.0,7.75,13.0,888.0,1085.22,862.37
2016,3,28,13,0,934.0,117.0,7.7,13.0,875.0,1065.53,848.18
2016,3,28,13,15,727.5,202.0,7.65,13.0,785.5,957.81,768.87
2016,3,28,13,30,521.0,287.0,7.6,13.0,696.0,827.62,667.46
2016,3,28,13,45,513.5,278.5,7.6,13.0,671.5,797.75,645.69
2016,3,28,14,0,506.0,270.0,7.6,13.0,647.0,766.02,622.04
2016,3,28,14,15,698.5,189.5,7.5,13.0,686.5,839.05,683.16
2016,3,28,14,30,891.0,109.0,7.4,13.0,726.0,877.72,713.29
2016,3,28,14,45,877.0,107.0,7.35,13.0,687.0,836.02,682.51
2016,3,28,15,0,863.0,105.0,7.3,13.0,648.0,785.17,644.78
2016,3,28,15,15,727.0,130.0,7.2,13.0,566.0,676.32,559.42
2016,3,28,15,30,591.0,155.0,7.1,13.0,484.0,573.84,475.84
2016,3,28,15,45,686.5,123.0,7.0,13.0,472.5,567.45,471.28
2016,3,28,16,0,782.0,91.0,6.9,13.0,461.0,547.63,454.32
2016,3,28,16,15,749.0,86.0,6.7,12.5,409.0,480.07,397.13
2016,3,28,16,30,716.0,81.0,6.5,12.0,357.0,414.94,340.44
2016,3,28,16,45,672.0,75.0,6.35,12.0,304.0,346.5,279.12
2016,3,28,17,0,628.0,69.0,6.2,12.0,251.0,282.31,220.32
2016,3,28,17,15,558.0,61.0,6.05,11.5,198.5,213.89,158.77
2016,3,28,17,30,488.0,53.0,5.9,11.0,146.0,153.81,105.34
2016,3,28,17,45,375.5,42.0,5.75,10.5,99.5,93.89,56.84
2016,3,28,18,0,263.0,31.0,5.6,10.0,53.0,48.57,23.45
2016,3,28,18,15,131.5,15.5,5.5,10.0,26.5,14.5,0.0
2016,3,28,18,30,0.0,0.0,5.4,10.0,0.0,0.0,0.0
2016,3,28,18,45,0.0,0.0,5.35,10.0,0.0,0.0,0.0
2016,3,28,19,0,0.0,0.0,5.3,10.0,0.0,0.0,0.0
2016,3,28,19,15,0.0,0.0,5.15,9.5,0.0,0.0,0.0
2016,3,28,19,30,0.0,0.0,5.0,9.0,0.0,0.0,0.0
2016,3,28,19,45,0.0,0.0,4.9,9.0,0.0,0.0,0.0
2016,3,28,20,0,0.0,0.0,4.8,9.0,0.0,0.0,0.0
2016,3,28,20,15,0.0,0.0,4.7,9.0,0.0,0.0,0.0
2016,3,28,20,30,0.0,0.0,4.6,9.0,0.0,0.0,0.0
2016,3,28,20,45,0.0,0.0,4.55,9.0,0.0,0.0,0.0
2016,3,28,21,0,0.0,0.0,4.5,9.0,0.0,0.0,0.0
2016,3,28,21,15,0.0,0.0,4.5,9.0,0.0,0.0,0.0
2016,3,28,21,30,0.0,0.0,4.5,9.0,0.0,0.0,0.0
2016,3,28,21,45,0.0,0.0,4.5,9.0,0.0,0.0,0.0
2016,3,28,22,0,0.0,0.0,4.5,9.0,0.0,0.0,0.0
2016,3,28,22,15,0.0,0.0,4.55,8.5,0.0,0.0,0.0
2016,3,28,22,30,0.0,0.0,4.6,8.0,0.0,0.0,0.0
2016,3,28,22,45,0.0,0.0,4.65,8.0,0.0,0.0,0.0
2016,3,28,23,0,0.0,0.0,4.7,8.0,0.0,0.0,0.0
2016,3,28,23,15,0.0,0.0,4.7,8.0,0.0,0.0,0.0
2016,3,28,23,30,0.0,0.0,4.7,8.0,0.0,0.0,0.0
2016,3,28,23,45,0.0,0.0,4.75,8.0,0.0,0.0,0.0
2016,3,29,0,0,0.0,0.0,4.8,8.0,0.0,0.0,0.0
2016,3,29,0,15,0.0,0.0,4.7,8.0,0.0,0.0,0.0
2016,3,29,0,30,0.0,0.0,4.6,8.0,0.0,0.0,0.0
2016,3,29,0,45,0.0,0.0,4.6,8.0,0.0,0.0,0.0
2016,3,29,1,0,0.0,0.0,4.6,8.0,0.0,0.0,0.0
2016,3,29,1,15,0.0,0.0,4.5,7.5,0.0,0.0,0.0
2016,3,29,1,30,0.0,0.0,4.4,7.0,0.0,0.0,0.0
2016,3,29,1,45,0.0,0.0,4.35,7.0,0.0,0.0,0.0
2016,3,29,2,0,0.0,0.0,4.3,7.0,0.0,0.0,0.0
2016,3,29,2,15,0.0,0.0,4.2,7.0,0.0,0.0,0.0
2016,3,29,2,30,0.0,0.0,4.1,7.0,0.0,0.0,0.0
2016,3,29,2,45,0.0,0.0,4.0,7.0,0.0,0.0,0.0
2016,3,29,3,0,0.0,0.0,3.9,7.0,0.0,0.0,0.0
2016,3,29,3,15,0.0,0.0,3.8,7.0,0.0,0.0,0.0
2016,3,29,3,30,0.0,0.0,3.7,7.0,0.0,0.0,0.0
2016,3,29,3,45,0.0,0.0,3.6,7.0,0.0,0.0,0.0
2016,3,29,4,0,0.0,0.0,3.5,7.0,0.0,0.0,0.0
2016,3,29,4,15,0.0,0.0,3.35,7.0,0.0,0.0,0.0
2016,3,29,4,30,0.0,0.0,3.2,7.0,0.0,0.0,0.0
2016,3,29,4,45,0.0,0.0,3.1,7.5,0.0,0.0,0.0
2016,3,29,5,0,0.0,0.0,3.0,8.0,0.0,0.0,0.0
2016,3,29,5,15,0.0,0.0,2.8,8.0,0.0,0.0,0.0
2016,3,29,5,30,0.0,0.0,2.6,8.0,0.0,0.0,0.0
2016,3,29,5,45,0.0,0.0,2.45,8.0,0.0,0.0,0.0
2016,3,29,6,0,0.0,0.0,2.3,8.0,0.0,0.0,0.0
2016,3,29,6,15,164.5,15.0,2.3,8.5,30.5,14.49,0.0
2016,3,29,6,30,329.0,30.0,2.3,9.0,61.0,55.33,27.08
2016,3,29,6,45,446.0,39.0,2.35,9.5,109.5,104.62,63.23
2016,3,29,7,0,563.0,48.0,2.4,10.0,158.0,168.95,115.88
2016,3,29,7,15,627.0,54.0,2.55,10.0,211.5,230.56,171.5
2016,3,29,7,30,691.0,60.0,2.7,10.0,265.0,299.9,234.34
2016,3,29,7,45,738.0,64.0,2.9,10.5,320.0,366.98,294.59
2016,3,29,8,0,785.0,68.0,3.1,11.0,375.0,438.44,356.85
2016,3,29,8,15,813.5,71.5,3.1,11.5,427.5,503.81,412.06
2016,3,29,8,30,842.0,75.0,3.1,12.0,480.0,570.59,466.33
2016,3,29,8,45,865.0,77.0,3.1,12.5,529.5,630.03,513.14
2016,3,29,9,0,888.0,79.0,3.1,13.0,579.0,692.16,560.31
2016,3,29,9,15,903.0,81.5,2.85,13.0,623.0,748.72,599.87
2016,3,29,9,30,918.0,84.0,2.6,13.0,667.0,803.83,636.66
2016,3,29,9,45,929.5,85.5,2.4,13.5,705.5,853.27,667.39
2016,3,29,10,0,941.0,87.0,2.2,14.0,744.0,900.37,695.52
2016,3,29,10,15,949.0,88.5,2.0,14.0,776.0,941.79,720.14
2016,3,29,10,30,957.0,90.0,1.8,14.0,808.0,980.13,741.95
2016,3,29,10,45,962.0,91.5,1.65,14.0,832.0,1012.37,759.78
2016,3,29,11,0,967.0,93.0,1.5,14.0,856.0,1040.99,774.85
2016,3,29,11,15,970.5,93.5,1.6,14.0,872.5,1063.24,789.9
2016,3,29,11,30,974.0,94.0,1.7,14.0,889.0,1081.55,802.58
2016,3,29,11,45,974.5,95.0,1.8,14.5,896.5,1093.33,809.7
2016,3,29,12,0,975.0,96.0,1.9,15.0,904.0,1100.93,814.29
2016,3,29,12,15,751.5,203.5,2.1,15.0,826.5,1011.16,758.32
2016,3,29,12,30,528.0,311.0,2.3,15.0,749.0,890.58,676.14
2016,3,29,12,45,532.5,305.5,2.55,15.0,743.5,885.19,676.17
2016,3,29,13,0,537.0,300.0,2.8,15.0,738.0,877.1,673.02
2016,3,29,13,15,747.5,198.0,2.95,15.0,794.0,972.32,744.39
2016,3,29,13,30,958.0,96.0,3.1,15.0,850.0,1032.47,786.47
2016,3,29,13,45,949.0,96.0,3.3,15.0,824.5,1001.39,767.24
2016,3,29,14,0,940.0,96.0,3.5,15.0,799.0,966.95,746.23
2016,3,29,14,15,931.0,94.5,3.6,14.5,767.0,927.73,722.22
2016,3,29,14,30,922.0,93.0,3.7,14.0,735.0,885.59,695.76
2016,3,29,14,45,906.0,92.5,3.8,14.0,695.0,836.24,662.36
2016,3,29,15,0,890.0,92.0,3.9,14.0,655.0,785.02,627.1
2016,3,29,15,15,873.5,89.5,3.95,14.0,611.0,729.73,588.0
2016,3,29,15,30,857.0,87.0,4.0,14.0,567.0,677.23,548.9
2016,3,29,15,45,832.0,84.5,4.05,14.0,517.5,614.0,499.53
2016,3,29,16,0,807.0,82.0,4.1,14.0,468.0,551.13,448.97
2016,3,29,16,15,776.0,78.0,4.1,13.5,415.5,484.37,394.38
2016,3,29,16,30,745.0,74.0,4.1,13.0,363.0,419.42,339.33
2016,3,29,16,45,699.5,69.0,4.1,13.0,309.0,350.01,278.44
2016,3,29,17,0,654.0,64.0,4.1,13.0,255.0,284.71,219.61
2016,3,29,17,15,587.0,57.0,3.9,12.0,202.5,216.64,159.12
2016,3,29,17,30,520.0,50.0,3.7,11.0,150.0,156.45,105.98
2016,3,29,17,45,408.0,40.0,3.55,10.5,103.0,95.66,56.94
2016,3,29,18,0,296.0,30.0,3.4,10.0,56.0,49.35,23.45
2016,3,29,18,15,148.0,15.0,3.35,10.0,28.0,12.52,0.0
2016,3,29,18,30,0.0,0.0,3.3,10.0,0.0,0.0,0.0
2016,3,29,18,45,0.0,0.0,3.3,10.0,0.0,0.0,0.0
2016,3,29,19,0,0.0,0.0,3.3,10.0,0.0,0.0,0.0
2016,3,29,19,15,0.0,0.0,3.2,9.5,0.0,0.0,0.0
2016,3,29,19,30,0.0,0.0,3.1,9.0,0.0,0.0,0.0
2016,3,29,19,45,0.0,0.0,3.05,9.0,0.0,0.0,0.0
2016,3,29,20,0,0.0,0.0,3.0,9.0,0.0,0.0,0.0
2016,3,29,20,15,0.0,0.0,2.95,9.0,0.0,0.0,0.0
2016,3,29,20,30,0.0,0.0,2.9,9.0,0.0,0.0,0.0
2016,3,29,20,45,0.0,0.0,2.85,9.0,0.0,0.0,0.0
2016,3,29,21,0,0.0,0.0,2.8,9.0,0.0,0.0,0.0
2016,3,29,21,15,0.0,0.0,2.75,9.0,0.0,0.0,0.0
2016,3,29,21,30,0.0,0.0,2.7,9.0,0.0,0.0,0.0
2016,3,29,21,45,0.0,0.0,2.65,9.0,0.0,0.0,0.0
2016,3,29,22,0,0.0,0.0,2.6,9.0,0.0,0.0,0.0
2016,3,29,22,15,0.0,0.0,2.55,9.0,0.0,0.0,0.0
2016,3,29,22,30,0.0,0.0,2.5,9.0,0.0,0.0,0.0
2016,3,29,22,45,0.0,0.0,2.5,9.0,0.0,0.0,0.0
2016,3,29,23,0,0.0,0.0,2.5,9.0,0.0,0.0,0.0
2016,3,29,23,15,0.0,0.0,2.5,9.0,0.0,0.0,0.0
2016,3,29,23,30,0.0,0.0,2.5,9.0,0.0,0.0,0.0
2016,3,29,23,45,0.0,0.0,2.5,9.0,0.0,0.0,0.0
2016,3,30,0,0,0.0,0.0,2.5,9.0,0.0,0.0,0.0
2016,3,30,0,15,0.0,0.0,2.45,8.5,0.0,0.0,0.0
2016,3,30,0,30,0.0,0.0,2.4,8.0,0.0,0.0,0.0
2016,3,30,0,45,0.0,0.0,2.4,8.0,0.0,0.0,0.0
2016,3,30,1,0,0.0,0.0,2.4,8.0,0.0,0.0,0.0
2016,3,30,1,15,0.0,0.0,2.4,8.0,0.0,0.0,0.0
2016,3,30,1,30,0.0,0.0,2.4,8.0,0.0,0.0,0.0
2016,3,30,1,45,0.0,0.0,2.45,8.0,0.0,0.0,0.0
2016,3,30,2,0,0.0,0.0,2.5,8.0,0.0,0.0,0.0
2016,3,30,2,15,0.0,0.0,2.5,8.0,0.0,0.0,0.0
2016,3,30,2,30,0.0,0.0,2.5,8.0,0.0,0.0,0.0
2016,3,30,2,45,0.0,0.0,2.55,8.0,0.0,0.0,0.0
2016,3,30,3,0,0.0,0.0,2.6,8.0,0.0,0.0,0.0
2016,3,30,3,15,0.0,0.0,2.6,8.0,0.0,0.0,0.0
2016,3,30,3,30,0.0,0.0,2.6,8.0,0.0,0.0,0.0
2016,3,30,3,45,0.0,0.0,2.65,8.0,0.0,0.0,0.0
2016,3,30,4,0,0.0,0.0,2.7,8.0,0.0,0.0,0.0
2016,3,30,4,15,0.0,0.0,2.7,8.0,0.0,0.0,0.0
2016,3,30,4,30,0.0,0.0,2.7,8.0,0.0,0.0,0.0
2016,3,30,4,45,0.0,0.0,2.75,8.0,0.0,0.0,0.0
2016,3,30,5,0,0.0,0.0,2.8,8.0,0.0,0.0,0.0
2016,3,30,5,15,0.0,0.0,2.75,8.0,0.0,0.0,0.0
2016,3,30,5,30,0.0,0.0,2.7,8.0,0.0,0.0,0.0
2016,3,30,5,45,0.0,0.0,2.65,8.5,0.0,0.0,0.0
2016,3,30,6,0,0.0,0.0,2.6,9.0,0.0,0.0,0.0
2016,3,30,6,15,117.0,18.0,2.65,9.0,29.5,16.33,0.0
2016,3,30,6,30,234.0,36.0,2.7,9.0,59.0,52.6,28.66
2016,3,30,6,45,336.0,49.5,2.8,9.5,105.0,97.63,62.39
2016,3,30,7,0,438.0,63.0,2.9,10.0,151.0,158.0,111.95
2016,3,30,7,15,506.0,72.0,2.8,10.0,202.5,216.09,163.43
2016,3,30,7,30,574.0,81.0,2.7,10.0,254.0,282.26,222.36
2016,3,30,7,45,339.0,122.5,2.65,10.5,230.0,264.1,214.62
2016,3,30,8,0,104.0,164.0,2.6,11.0,206.0,207.83,170.56
2016,3,30,8,15,161.5,185.5,2.6,11.0,259.5,265.77,219.05
2016,3,30,8,30,219.0,207.0,2.6,11.0,313.0,330.1,271.97
2016,3,30,8,45,318.5,210.5,2.65,11.5,382.0,417.14,342.25
2016,3,30,9,0,418.0,214.0,2.7,12.0,451.0,515.85,419.87
2016,3,30,9,15,413.0,234.0,2.8,12.0,483.5,555.07,449.39
2016,3,30,9,30,408.0,254.0,2.9,12.0,516.0,592.61,477.44
2016,3,30,9,45,240.5,286.5,3.0,12.5,443.0,498.18,400.52
2016,3,30,10,0,73.0,319.0,3.1,13.0,370.0,374.65,299.56
2016,3,30,10,15,164.0,338.5,3.15,13.0,460.5,492.11,393.15
2016,3,30,10,30,255.0,358.0,3.2,13.0,551.0,616.54,488.29
2016,3,30,10,45,279.0,365.0,3.3,13.0,582.0,654.89,516.43
2016,3,30,11,0,303.0,372.0,3.4,13.0,613.0,693.17,544.88
2016,3,30,11,15,400.0,343.0,3.4,13.0,667.0,764.15,599.13
2016,3,30,11,30,497.0,314.0,3.4,13.0,721.0,852.53,664.26
2016,3,30,11,45,440.0,343.0,3.45,13.5,706.0,830.97,645.14
2016,3,30,12,0,383.0,372.0,3.5,14.0,691.0,792.31,614.96
2016,3,30,12,15,433.5,348.5,3.5,14.0,709.5,834.16,646.5
2016,3,30,12,30,484.0,325.0,3.5,14.0,728.0,859.83,666.11
2016,3,30,12,45,493.0,315.0,3.5,14.0,722.0,854.58,662.78
2016,3,30,13,0,502.0,305.0,3.5,14.0,716.0,846.69,657.89
2016,3,30,13,15,506.5,299.0,3.55,14.0,706.5,835.87,651.06
2016,3,30,13,30,511.0,293.0,3.6,14.0,697.0,822.49,642.44
2016,3,30,13,45,453.0,307.0,3.65,14.0,657.0,768.58,602.81
2016,3,30,14,0,395.0,321.0,3.7,14.0,617.0,702.55,554.28
2016,3,30,14,15,454.5,282.5,3.75,14.0,610.5,713.58,565.29
2016,3,30,14,30,514.0,244.0,3.8,14.0,604.0,705.92,562.17
2016,3,30,14,45,429.5,256.5,3.9,14.0,546.0,628.35,503.1
2016,3,30,15,0,345.0,269.0,4.0,14.0,488.0,545.18,439.13
2016,3,30,15,15,404.5,234.0,4.1,13.5,474.5,544.57,441.67
2016,3,30,15,30,464.0,199.0,4.2,13.0,461.0,526.85,430.32
2016,3,30,15,45,620.0,144.0,4.3,13.0,462.0,545.69,447.06
2016,3,30,16,0,776.0,89.0,4.4,13.0,463.0,540.03,442.76
2016,3,30,16,15,744.5,85.0,4.45,12.5,411.0,474.68,388.77
2016,3,30,16,30,713.0,81.0,4.5,12.0,359.0,411.46,334.86
2016,3,30,16,45,668.0,75.0,4.6,12.0,306.0,342.92,274.51
2016,3,30,17,0,623.0,69.0,4.7,12.0,253.0,278.77,216.52
2016,3,30,17,15,555.5,61.5,4.6,11.5,201.0,212.0,156.77
2016,3,30,17,30,488.0,54.0,4.5,11.0,149.0,153.23,104.73
2016,3,30,17,45,378.5,43.0,4.4,10.5,103.0,93.97,56.95
2016,3,30,18,0,269.0,32.0,4.3,10.0,57.0,48.91,24.4
2016,3,30,18,15,134.5,16.0,4.2,10.0,28.5,13.12,0.0
2016,3,30,18,30,0.0,0.0,4.1,10.0,0.0,0.0,0.0
2016,3,30,18,45,0.0,0.0,4.05,10.0,0.0,0.0,0.0
2016,3,30,19,0,0.0,0.0,4.0,10.0,0.0,0.0,0.0
2016,3,30,19,15,0.0,0.0,3.95,10.0,0.0,0.0,0.0
2016,3,30,19,30,0.0,0.0,3.9,10.0,0.0,0.0,0.0
2016,3,30,19,45,0.0,0.0,3.85,10.0,0.0,0.0,0.0
2016,3,30,20,0,0.0,0.0,3.8,10.0,0.0,0.0,0.0
2016,3,30,20,15,0.0,0.0,3.75,10.0,0.0,0.0,0.0
2016,3,30,20,30,0.0,0.0,3.7,10.0,0.0,0.0,0.0
2016,3,30,20,45,0.0,0.0,3.7,10.0,0.0,0.0,0.0
2016,3,30,21,0,0.0,0.0,3.7,10.0,0.0,0.0,0.0
2016,3,30,21,15,0.0,0.0,3.65,10.0,0.0,0.0,0.0
2016,3,30,21,30,0.0,0.0,3.6,10.0,0.0,0.0,0.0
2016,3,30,21,45,0.0,0.0,3.6,10.0,0.0,0.0,0.0
2016,3,30,22,0,0.0,0.0,3.6,10.0,0.0,0.0,0.0
2016,3,30,22,15,0.0,0.0,3.6,10.0,0.0,0.0,0.0
2016,3,30,22,30,0.0,0.0,3.6,10.0,0.0,0.0,0.0
2016,3,30,22,45,0.0,0.0,3.6,10.0,0.0,0.0,0.0
2016,3,30,23,0,0.0,0.0,3.6,10.0,0.0,0.0,0.0
2016,3,30,23,15,0.0,0.0,3.55,10.0,0.0,0.0,0.0
2016,3,30,23,30,0.0,0.0,3.5,10.0,0.0,0.0,0.0
2016,3,30,23,45,0.0,0.0,3.5,10.0,0.0,0.0,0.0
2016,3,31,0,0,0.0,0.0,3.5,10.0,0.0,0.0,0.0
2016,3,31,0,15,0.0,0.0,3.45,9.5,0.0,0.0,0.0
2016,3,31,0,30,0.0,0.0,3.4,9.0,0.0,0.0,0.0
2016,3,31,0,45,0.0,0.0,3.4,9.0,0.0,0.0,0.0
2016,3,31,1,0,0.0,0.0,3.4,9.0,0.0,0.0,0.0
2016,3,31,1,15,0.0,0.0,3.4,9.0,0.0,0.0,0.0
2016,3,31,1,30,0.0,0.0,3.4,9.0,0.0,0.0,0.0
2016,3,31,1,45,0.0,0.0,3.45,9.5,0.0,0.0,0.0
2016,3,31,2,0,0.0,0.0,3.5,10.0,0.0,0.0,0.0
2016,3,31,2,15,0.0,0.0,3.45,10.0,0.0,0.0,0.0
2016,3,31,2,30,0.0,0.0,3.4,10.0,0.0,0.0,0.0
2016,3,31,2,45,0.0,0.0,3.4,10.0,0.0,0.0,0.0
2016,3,31,3,0,0.0,0.0,3.4,10.0,0.0,0.0,0.0
2016,3,31,3,15,0.0,0.0,3.3,10.0,0.0,0.0,0.0
2016,3,31,3,30,0.0,0.0,3.2,10.0,0.0,0.0,0.0
2016,3,31,3,45,0.0,0.0,3.1,10.0,0.0,0.0,0.0
2016,3,31,4,0,0.0,0.0,3.0,10.0,0.0,0.0,0.0
2016,3,31,4,15,0.0,0.0,2.9,10.0,0.0,0.0,0.0
2016,3,31,4,30,0.0,0.0,2.8,10.0,0.0,0.0,0.0
2016,3,31,4,45,0.0,0.0,2.7,10.0,0.0,0.0,0.0
2016,3,31,5,0,0.0,0.0,2.6,10.0,0.0,0.0,0.0
2016,3,31,5,15,0.0,0.0,2.6,10.0,0.0,0.0,0.0
2016,3,31,5,30,0.0,0.0,2.6,10.0,0.0,0.0,0.0
2016,3,31,5,45,0.0,0.0,2.6,10.0,0.0,0.0,0.0
2016,3,31,6,0,0.0,0.0,2.6,10.0,0.0,0.0,0.0
2016,3,31,6,15,142.0,18.0,2.65,10.0,33.0,16.93,0.0
2016,3,31,6,30,284.0,36.0,2.7,10.0,66.0,58.14,31.45
2016,3,31,6,45,383.0,48.0,2.75,10.5,113.0,105.14,66.51
2016,3,31,7,0,482.0,60.0,2.8,11.0,160.0,164.94,115.77
2016,3,31,7,15,547.5,68.0,2.75,11.0,212.0,224.17,168.43
2016,3,31,7,30,613.0,76.0,2.7,11.0,264.0,291.09,228.11
2016,3,31,7,45,306.5,90.0,2.65,11.5,184.0,219.04,177.14
2016,3,31,8,0,0.0,104.0,2.6,12.0,104.0,92.83,73.82
2016,3,31,8,15,7.5,140.0,2.55,12.0,143.5,130.01,105.12
2016,3,31,8,30,15.0,176.0,2.5,12.0,183.0,168.53,136.91
2016,3,31,8,45,42.0,211.5,2.5,12.0,235.0,227.71,185.55
2016,3,31,9,0,69.0,247.0,2.5,12.0,287.0,284.16,231.18
2016,3,31,9,15,117.5,274.0,2.55,12.0,347.5,360.81,292.68
2016,3,31,9,30,166.0,301.0,2.6,12.0,408.0,432.32,349.02
2016,3,31,9,45,225.0,312.0,2.7,12.5,466.5,499.46,400.92
2016,3,31,10,0,284.0,323.0,2.8,13.0,525.0,583.78,464.57
2016,3,31,10,15,599.5,214.5,2.85,13.0,662.5,779.94,616.79
2016,3,31,10,30,915.0,106.0,2.9,13.0,800.0,959.58,743.58
2016,3,31,10,45,922.0,106.5,3.0,13.5,824.0,991.32,762.29
2016,3,31,11,0,929.0,107.0,3.1,14.0,848.0,1019.68,780.04
2016,3,31,11,15,724.0,208.0,3.15,14.0,792.0,961.34,739.47
2016,3,31,11,30,519.0,309.0,3.2,14.0,736.0,868.74,670.88
2016,3,31,11,45,526.5,306.0,3.3,14.5,743.0,879.36,678.5
2016,3,31,12,0,534.0,303.0,3.4,15.0,750.0,887.46,683.55
2016,3,31,12,15,503.0,317.0,3.55,15.0,738.0,871.61,672.22
2016,3,31,12,30,472.0,331.0,3.7,15.0,726.0,853.11,659.15
2016,3,31,12,45,479.0,324.5,3.85,15.0,721.5,849.52,657.95
2016,3,31,13,0,486.0,318.0,4.0,15.0,717.0,843.39,654.87
2016,3,31,13,15,714.0,208.5,4.15,15.0,782.0,948.9,736.23
2016,3,31,13,30,942.0,99.0,4.3,15.0,847.0,1018.8,785.84
2016,3,31,13,45,935.5,98.0,4.45,15.0,822.5,989.22,766.95
2016,3,31,14,0,929.0,97.0,4.6,15.0,798.0,956.23,746.2
2016,3,31,14,15,719.0,172.0,4.65,14.5,701.5,835.64,662.33
2016,3,31,14,30,509.0,247.0,4.7,14.0,605.0,703.81,563.42
2016,3,31,14,45,504.0,234.5,4.8,14.0,573.5,664.84,535.67
2016,3,31,15,0,499.0,222.0,4.9,14.0,542.0,624.52,505.87
2016,3,31,15,15,339.0,238.5,4.95,14.0,449.0,491.06,400.0
2016,3,31,15,30,179.0,255.0,5.0,14.0,356.0,373.89,304.78
2016,3,31,15,45,175.0,233.5,5.05,14.0,325.5,339.37,277.6
2016,3,31,16,0,171.0,212.0,5.1,14.0,295.0,305.01,249.86
2016,3,31,16,15,168.0,189.0,5.05,13.5,263.0,269.89,221.35
2016,3,31,16,30,165.0,166.0,5.0,13.0,231.0,234.99,192.34
2016,3,31,16,45,416.0,115.0,5.0,13.0,247.0,281.07,226.46
2016,3,31,17,0,667.0,64.0,5.0,13.0,263.0,286.94,221.65
2016,3,31,17,15,603.5,57.5,4.85,12.5,210.5,219.62,160.99
2016,3,31,17,30,540.0,51.0,4.7,12.0,158.0,159.72,107.67
2016,3,31,17,45,432.5,41.0,4.55,11.5,110.5,98.48,58.22
2016,3,31,18,0,325.0,31.0,4.4,11.0,63.0,51.11,24.57
2016,3,31,18,15,162.5,15.5,4.25,10.5,31.5,12.46,0.0
2016,3,31,18,30,0.0,0.0,4.1,10.0,0.0,0.0,0.0
2016,3,31,18,45,0.0,0.0,3.95,10.0,0.0,0.0,0.0
2016,3,31,19,0,0.0,0.0,3.8,10.0,0.0,0.0,0.0
2016,3,31,19,15,0.0,0.0,3.65,10.0,0.0,0.0,0.0
2016,3,31,19,30,0.0,0.0,3.5,10.0,0.0,0.0,0.0
2016,3,31,19,45,0.0,0.0,3.4,10.0,0.0,0.0,0.0
2016,3,31,20,0,0.0,0.0,3.3,10.0,0.0,0.0,0.0
2016,3,31,20,15,0.0,0.0,3.2,10.0,0.0,0.0,0.0
2016,3,31,20,30,0.0,0.0,3.1,10.0,0.0,0.0,0.0
2016,3,31,20,45,0.0,0.0,3.05,10.0,0.0,0.0,0.0
2016,3,31,21,0,0.0,0.0,3.0,10.0,0.0,0.0,0.0
2016,3,31,21,15,0.0,0.0,3.0,10.0,0.0,0.0,0.0
2016,3,31,21,30,0.0,0.0,3.0,10.0,0.0,0.0,0.0
2016,3,31,21,45,0.0,0.0,3.05,10.0,0.0,0.0,0.0
2016,3,31,22,0,0.0,0.0,3.1,10.0,0.0,0.0,0.0
2016,3,31,22,15,0.0,0.0,3.15,10.0,0.0,0.0,0.0
2016,3,31,22,30,0.0,0.0,3.2,10.0,0.0,0.0,0.0
2016,3,31,22,45,0.0,0.0,3.3,10.0,0.0,0.0,0.0
2016,3,31,23,0,0.0,0.0,3.4,10.0,0.0,0.0,0.0
2016,3,31,23,15,0.0,0.0,3.45,10.0,0.0,0.0,0.0
2016,3,31,23,30,0.0,0.0,3.5,10.0,0.0,0.0,0.0
2016,3,31,23,45,0.0,0.0,3.55,10.0,0.0,0.0,0.0
2016,4,1,0,0,0.0,0.0,3.6,10.0,0.0,0.0,0.0
2016,4,1,0,15,0.0,0.0,3.65,9.5,0.0,0.0,0.0
2016,4,1,0,30,0.0,0.0,3.7,9.0,0.0,0.0,0.0
2016,4,1,0,45,0.0,0.0,3.75,9.0,0.0,0.0,0.0
2016,4,1,1,0,0.0,0.0,3.8,9.0,0.0,0.0,0.0
2016,4,1,1,15,0.0,0.0,3.85,9.0,0.0,0.0,0.0
2016,4,1,1,30,0.0,0.0,3.9,9.0,0.0,0.0,0.0
2016,4,1,1,45,0.0,0.0,3.95,9.0,0.0,0.0,0.0
2016,4,1,2,0,0.0,0.0,4.0,9.0,0.0,0.0,0.0
2016,4,1,2,15,0.0,0.0,4.0,9.0,0.0,0.0,0.0
2016,4,1,2,30,0.0,0.0,4.0,9.0,0.0,0.0,0.0
2016,4,1,2,45,0.0,0.0,4.0,9.0,0.0,0.0,0.0
2016,4,1,3,0,0.0,0.0,4.0,9.0,0.0,0.0,0.0
2016,4,1,3,15,0.0,0.0,3.9,9.0,0.0,0.0,0.0
2016,4,1,3,30,0.0,0.0,3.8,9.0,0.0,0.0,0.0
2016,4,1,3,45,0.0,0.0,3.75,9.0,0.0,0.0,0.0
2016,4,1,4,0,0.0,0.0,3.7,9.0,0.0,0.0,0.0
2016,4,1,4,15,0.0,0.0,3.65,9.0,0.0,0.0,0.0
2016,4,1,4,30,0.0,0.0,3.6,9.0,0.0,0.0,0.0
2016,4,1,4,45,0.0,0.0,3.55,9.0,0.0,0.0,0.0
2016,4,1,5,0,0.0,0.0,3.5,9.0,0.0,0.0,0.0
2016,4,1,5,15,0.0,0.0,3.45,9.0,0.0,0.0,0.0
2016,4,1,5,30,0.0,0.0,3.4,9.0,0.0,0.0,0.0
2016,4,1,5,45,0.0,0.0,3.4,9.5,0.0,0.0,0.0
2016,4,1,6,0,0.0,0.0,3.4,10.0,0.0,0.0,0.0
2016,4,1,6,15,171.0,17.5,3.45,10.0,36.0,17.55,1.79
2016,4,1,6,30,342.0,35.0,3.5,10.0,72.0,62.26,32.82
2016,4,1,6,45,437.5,45.0,3.55,10.5,120.0,110.75,68.99
2016,4,1,7,0,533.0,55.0,3.6,11.0,168.0,171.49,119.55
2016,4,1,7,15,266.5,80.5,3.55,11.0,137.0,156.63,120.62
2016,4,1,7,30,0.0,106.0,3.5,11.0,106.0,94.96,76.32
2016,4,1,7,45,5.0,124.5,3.45,11.5,126.5,113.97,92.26
2016,4,1,8,0,10.0,143.0,3.4,12.0,147.0,133.68,108.48
2016,4,1,8,15,5.5,149.5,3.35,12.0,151.5,137.8,111.61
2016,4,1,8,30,1.0,156.0,3.3,12.0,156.0,141.42,114.22
2016,4,1,8,45,29.0,200.0,3.3,12.5,216.5,207.73,168.94
2016,4,1,9,0,57.0,244.0,3.3,13.0,277.0,272.62,221.3
2016,4,1,9,15,113.0,273.5,3.25,13.0,345.0,356.63,288.96
2016,4,1,9,30,169.0,303.0,3.2,13.0,413.0,436.28,351.82
2016,4,1,9,45,184.5,321.0,3.15,13.0,447.0,475.6,381.58
2016,4,1,10,0,200.0,339.0,3.1,13.0,481.0,515.62,411.68
2016,4,1,10,15,129.5,340.5,3.05,13.0,434.0,462.74,368.48
2016,4,1,10,30,59.0,342.0,3.0,13.0,387.0,390.15,310.02
2016,4,1,10,45,97.0,368.5,2.95,13.5,445.0,455.74,360.88
2016,4,1,11,0,135.0,395.0,2.9,14.0,503.0,538.84,423.01
2016,4,1,11,15,171.5,403.0,2.85,14.0,543.0,586.47,458.6
2016,4,1,11,30,208.0,411.0,2.8,14.0,583.0,634.47,494.21
2016,4,1,11,45,235.0,410.5,2.75,14.0,607.0,663.66,515.6
2016,4,1,12,0,262.0,410.0,2.7,14.0,631.0,709.01,548.32
2016,4,1,12,15,601.0,258.5,2.7,14.0,764.0,913.38,703.04
2016,4,1,12,30,940.0,107.0,2.7,14.0,897.0,1075.24,812.54
2016,4,1,12,45,692.0,221.5,2.75,14.0,800.0,960.46,734.05
2016,4,1,13,0,444.0,336.0,2.8,14.0,703.0,819.21,631.13
2016,4,1,13,15,448.5,327.0,2.9,14.0,691.0,806.11,624.29
2016,4,1,13,30,453.0,318.0,3.0,14.0,679.0,790.68,614.67
2016,4,1,13,45,484.5,295.0,3.1,14.5,671.0,783.92,610.98
2016,4,1,14,0,516.0,272.0,3.2,15.0,663.0,773.37,604.46
2016,4,1,14,15,712.0,184.0,3.3,14.5,699.5,841.07,659.9
2016,4,1,14,30,908.0,96.0,3.4,14.0,736.0,874.04,686.0
2016,4,1,14,45,723.0,152.0,3.5,14.0,645.0,759.64,604.54
2016,4,1,15,0,538.0,208.0,3.6,14.0,554.0,638.8,512.55
2016,4,1,15,15,696.5,147.0,3.7,14.0,563.5,668.01,538.74
2016,4,1,15,30,855.0,86.0,3.8,14.0,573.0,671.38,543.68
2016,4,1,15,45,833.5,83.5,3.9,14.0,524.5,610.44,495.92
2016,4,1,16,0,812.0,81.0,4.0,14.0,476.0,549.51,447.0
2016,4,1,16,15,783.5,77.0,4.0,13.5,424.0,483.83,393.26
2016,4,1,16,30,755.0,73.0,4.0,13.0,372.0,419.68,338.82
2016,4,1,16,45,712.0,68.5,4.05,13.0,318.5,351.34,278.81
2016,4,1,17,0,669.0,64.0,4.1,13.0,265.0,286.58,220.44
2016,4,1,17,15,607.0,57.0,3.95,12.5,212.5,219.12,160.05
2016,4,1,17,30,545.0,50.0,3.8,12.0,160.0,158.9,106.63
2016,4,1,17,45,441.0,40.5,3.7,11.5,112.5,98.42,57.86
2016,4,1,18,0,337.0,31.0,3.6,11.0,65.0,51.33,24.68
2016,4,1,18,15,168.5,15.5,3.5,10.5,32.5,12.39,0.0
2016,4,1,18,30,0.0,0.0,3.4,10.0,0.0,0.0,0.0
2016,4,1,18,45,0.0,0.0,3.35,10.0,0.0,0.0,0.0
2016,4,1,19,0,0.0,0.0,3.3,10.0,0.0,0.0,0.0
2016,4,1,19,15,0.0,0.0,3.25,10.0,0.0,0.0,0.0
2016,4,1,19,30,0.0,0.0,3.2,10.0,0.0,0.0,0.0
2016,4,1,19,45,0.0,0.0,3.15,10.0,0.0,0.0,0.0
2016,4,1,20,0,0.0,0.0,3.1,10.0,0.0,0.0,0.0
2016,4,1,20,15,0.0,0.0,3.1,10.0,0.0,0.0,0.0
2016,4,1,20,30,0.0,0.0,3.1,10.0,0.0,0.0,0.0
2016,4,1,20,45,0.0,0.0,3.1,10.0,0.0,0.0,0.0
2016,4,1,21,0,0.0,0.0,3.1,10.0,0.0,0.0,0.0
2016,4,1,21,15,0.0,0.0,3.05,9.5,0.0,0.0,0.0
2016,4,1,21,30,0.0,0.0,3.0,9.0,0.0,0.0,0.0
2016,4,1,21,45,0.0,0.0,3.0,9.0,0.0,0.0,0.0
2016,4,1,22,0,0.0,0.0,3.0,9.0,0.0,0.0,0.0
2016,4,1,22,15,0.0,0.0,3.0,9.0,0.0,0.0,0.0
2016,4,1,22,30,0.0,0.0,3.0,9.0,0.0,0.0,0.0
2016,4,1,22,45,0.0,0.0,3.0,9.0,0.0,0.0,0.0
2016,4,1,23,0,0.0,0.0,3.0,9.0,0.0,0.0,0.0
2016,4,1,23,15,0.0,0.0,3.0,9.0,0.0,0.0,0.0
2016,4,1,23,30,0.0,0.0,3.0,9.0,0.0,0.0,0.0
2016,4,1,23,45,0.0,0.0,3.0,9.0,0.0,0.0,0.0
2016,4,2,0,0,0.0,0.0,3.0,9.0,0.0,0.0,0.0
2016,4,2,0,15,0.0,0.0,2.95,9.0,0.0,0.0,0.0
2016,4,2,0,30,0.0,0.0,2.9,9.0,0.0,0.0,0.0
2016,4,2,0,45,0.0,0.0,2.9,9.0,0.0,0.0,0.0
2016,4,2,1,0,0.0,0.0,2.9,9.0,0.0,0.0,0.0
2016,4,2,1,15,0.0,0.0,2.85,9.0,0.0,0.0,0.0
2016,4,2,1,30,0.0,0.0,2.8,9.0,0.0,0.0,0.0
2016,4,2,1,45,0.0,0.0,2.75,9.0,0.0,0.0,0.0
2016,4,2,2,0,0.0,0.0,2.7,9.0,0.0,0.0,0.0
2016,4,2,2,15,0.0,0.0,2.6,9.0,0.0,0.0,0.0
2016,4,2,2,30,0.0,0.0,2.5,9.0,0.0,0.0,0.0
2016,4,2,2,45,0.0,0.0,2.4,9.0,0.0,0.0,0.0
2016,4,2,3,0,0.0,0.0,2.3,9.0,0.0,0.0,0.0
2016,4,2,3,15,0.0,0.0,2.15,9.0,0.0,0.0,0.0
2016,4,2,3,30,0.0,0.0,2.0,9.0,0.0,0.0,0.0
2016,4,2,3,45,0.0,0.0,1.95,9.0,0.0,0.0,0.0
2016,4,2,4,0,0.0,0.0,1.9,9.0,0.0,0.0,0.0
2016,4,2,4,15,0.0,0.0,1.8,9.0,0.0,0.0,0.0
2016,4,2,4,30,0.0,0.0,1.7,9.0,0.0,0.0,0.0
2016,4,2,4,45,0.0,0.0,1.65,9.0,0.0,0.0,0.0
2016,4,2,5,0,0.0,0.0,1.6,9.0,0.0,0.0,0.0
2016,4,2,5,15,0.0,0.0,1.55,9.0,0.0,0.0,0.0
2016,4,2,5,30,0.0,0.0,1.5,9.0,0.0,0.0,0.0
2016,4,2,5,45,0.0,0.0,1.5,9.0,0.0,0.0,0.0
2016,4,2,6,0,0.0,0.0,1.5,9.0,0.0,0.0,0.0
2016,4,2,6,15,156.5,19.0,1.4,9.0,37.0,18.91,4.15
2016,4,2,6,30,313.0,38.0,1.3,9.0,74.0,63.06,34.89
2016,4,2,6,45,395.5,51.0,1.25,9.5,120.5,110.71,71.11
2016,4,2,7,0,478.0,64.0,1.2,10.0,167.0,169.0,119.71
2016,4,2,7,15,239.0,78.0,1.1,10.0,129.5,142.82,109.76
2016,4,2,7,30,0.0,92.0,1.0,10.0,92.0,81.98,65.35
2016,4,2,7,45,0.0,110.0,0.9,10.5,110.0,98.4,79.21
2016,4,2,8,0,0.0,128.0,0.8,11.0,128.0,114.92,92.71
2016,4,2,8,15,44.5,171.0,0.75,11.0,193.5,183.56,149.67
2016,4,2,8,30,89.0,214.0,0.7,11.0,259.0,254.41,206.96
2016,4,2,8,45,85.5,237.5,0.7,11.5,284.5,280.68,226.66
2016,4,2,9,0,82.0,261.0,0.7,12.0,310.0,306.6,245.9
2016,4,2,9,15,119.0,283.5,0.75,12.5,359.0,370.87,295.4
2016,4,2,9,30,156.0,306.0,0.8,13.0,408.0,428.95,338.9
2016,4,2,9,45,337.0,277.5,0.9,13.5,514.0,566.0,443.78
2016,4,2,10,0,518.0,249.0,1.0,14.0,620.0,718.12,554.22
2016,4,2,10,15,441.5,293.0,1.15,14.0,618.5,715.28,549.26
2016,4,2,10,30,365.0,337.0,1.3,14.0,617.0,693.3,532.66
2016,4,2,10,45,610.5,242.5,1.45,14.5,727.5,856.14,652.43
2016,4,2,11,0,856.0,148.0,1.6,15.0,838.0,1003.1,750.24
2016,4,2,11,15,860.5,149.0,1.75,15.0,853.5,1025.01,764.3
2016,4,2,11,30,865.0,150.0,1.9,15.0,869.0,1043.34,777.7
2016,4,2,11,45,873.5,146.5,2.05,15.0,878.0,1057.17,788.26
2016,4,2,12,0,882.0,143.0,2.2,15.0,887.0,1055.03,788.49
2016,4,2,12,15,881.5,143.0,2.35,15.0,886.5,1055.84,790.86
2016,4,2,12,30,881.0,143.0,2.5,15.0,886.0,1064.98,798.77
2016,4,2,12,45,887.5,137.0,2.65,15.5,879.0,1046.86,787.09
2016,4,2,13,0,894.0,131.0,2.8,16.0,872.0,1036.92,781.12
2016,4,2,13,15,714.5,210.5,2.9,16.0,795.0,949.62,723.59
2016,4,2,13,30,535.0,290.0,3.0,16.0,718.0,839.57,645.59
2016,4,2,13,45,699.5,210.0,3.15,16.0,752.5,901.11,695.09
2016,4,2,14,0,864.0,130.0,3.3,16.0,787.0,939.4,723.2
2016,4,2,14,15,854.0,128.0,3.3,15.5,755.5,900.25,697.92
2016,4,2,14,30,844.0,126.0,3.3,15.0,724.0,858.49,671.14
2016,4,2,14,45,826.0,125.5,3.35,15.0,685.0,809.53,637.9
2016,4,2,15,0,808.0,125.0,3.4,15.0,646.0,759.08,603.11
2016,4,2,15,15,790.0,121.5,3.4,15.0,602.5,704.37,563.47
2016,4,2,15,30,772.0,118.0,3.4,15.0,559.0,650.68,522.86
2016,4,2,15,45,405.0,155.5,3.4,15.0,385.5,417.71,339.31
2016,4,2,16,0,38.0,193.0,3.4,15.0,212.0,203.35,163.76
2016,4,2,16,15,40.5,174.5,3.4,14.5,193.0,184.12,149.02
2016,4,2,16,30,43.0,156.0,3.4,14.0,174.0,164.66,133.33
2016,4,2,16,45,34.5,135.0,3.4,14.0,148.0,138.35,111.43
2016,4,2,17,0,26.0,114.0,3.4,14.0,122.0,113.23,90.31
2016,4,2,17,15,215.5,91.5,3.3,13.5,137.0,144.51,110.19
2016,4,2,17,30,405.0,69.0,3.2,13.0,152.0,146.92,102.01
2016,4,2,17,45,304.5,54.0,3.15,12.5,106.0,91.12,57.59
2016,4,2,18,0,204.0,39.0,3.1,12.0,60.0,48.36,26.81
2016,4,2,18,15,102.0,19.5,3.0,11.5,30.0,15.32,0.0
2016,4,2,18,30,0.0,0.0,2.9,11.0,0.0,0.0,0.0
2016,4,2,18,45,0.0,0.0,2.85,11.0,0.0,0.0,0.0
2016,4,2,19,0,0.0,0.0,2.8,11.0,0.0,0.0,0.0
2016,4,2,19,15,0.0,0.0,2.65,11.0,0.0,0.0,0.0
2016,4,2,19,30,0.0,0.0,2.5,11.0,0.0,0.0,0.0
2016,4,2,19,45,0.0,0.0,2.45,11.0,0.0,0.0,0.0
2016,4,2,20,0,0.0,0.0,2.4,11.0,0.0,0.0,0.0
2016,4,2,20,15,0.0,0.0,2.35,10.5,0.0,0.0,0.0
2016,4,2,20,30,0.0,0.0,2.3,10.0,0.0,0.0,0.0
2016,4,2,20,45,0.0,0.0,2.25,10.0,0.0,0.0,0.0
2016,4,2,21,0,0.0,0.0,2.2,10.0,0.0,0.0,0.0
2016,4,2,21,15,0.0,0.0,2.2,10.0,0.0,0.0,0.0
2016,4,2,21,30,0.0,0.0,2.2,10.0,0.0,0.0,0.0
2016,4,2,21,45,0.0,0.0,2.2,10.0,0.0,0.0,0.0
2016,4,2,22,0,0.0,0.0,2.2,10.0,0.0,0.0,0.0
2016,4,2,22,15,0.0,0.0,2.2,9.5,0.0,0.0,0.0
2016,4,2,22,30,0.0,0.0,2.2,9.0,0.0,0.0,0.0
2016,4,2,22,45,0.0,0.0,2.2,9.0,0.0,0.0,0.0
2016,4,2,23,0,0.0,0.0,2.2,9.0,0.0,0.0,0.0
2016,4,2,23,15,0.0,0.0,2.2,9.0,0.0,0.0,0.0
2016,4,2,23,30,0.0,0.0,2.2,9.0,0.0,0.0,0.0
2016,4,2,23,45,0.0,0.0,2.25,9.0,0.0,0.0,0.0
2016,4,3,0,0,0.0,0.0,2.3,9.0,0.0,0.0,0.0
2016,4,3,0,15,0.0,0.0,2.3,9.0,0.0,0.0,0.0
2016,4,3,0,30,0.0,0.0,2.3,9.0,0.0,0.0,0.0
2016,4,3,0,45,0.0,0.0,2.35,9.0,0.0,0.0,0.0
2016,4,3,1,0,0.0,0.0,2.4,9.0,0.0,0.0,0.0
2016,4,3,1,15,0.0,0.0,2.4,8.5,0.0,0.0,0.0
2016,4,3,1,30,0.0,0.0,2.4,8.0,0.0,0.0,0.0
2016,4,3,1,45,0.0,0.0,2.4,8.0,0.0,0.0,0.0
2016,4,3,2,0,0.0,0.0,2.4,8.0,0.0,0.0,0.0
2016,4,3,2,15,0.0,0.0,2.35,8.0,0.0,0.0,0.0
2016,4,3,2,30,0.0,0.0,2.3,8.0,0.0,0.0,0.0
2016,4,3,2,45,0.0,0.0,2.3,8.0,0.0,0.0,0.0
2016,4,3,3,0,0.0,0.0,2.3,8.0,0.0,0.0,0.0
2016,4,3,3,15,0.0,0.0,2.25,8.0,0.0,0.0,0.0
2016,4,3,3,30,0.0,0.0,2.2,8.0,0.0,0.0,0.0
2016,4,3,3,45,0.0,0.0,2.15,8.0,0.0,0.0,0.0
2016,4,3,4,0,0.0,0.0,2.1,8.0,0.0,0.0,0.0
2016,4,3,4,15,0.0,0.0,2.05,8.0,0.0,0.0,0.0
2016,4,3,4,30,0.0,0.0,2.0,8.0,0.0,0.0,0.0
2016,4,3,4,45,0.0,0.0,2.0,8.0,0.0,0.0,0.0
2016,4,3,5,0,0.0,0.0,2.0,8.0,0.0,0.0,0.0
2016,4,3,5,15,0.0,0.0,2.0,8.0,0.0,0.0,0.0
2016,4,3,5,30,0.0,0.0,2.0,8.0,0.0,0.0,0.0
2016,4,3,5,45,0.0,0.0,2.05,8.0,0.0,0.0,0.0
2016,4,3,6,0,0.0,0.0,2.1,8.0,0.0,0.0,0.0
2016,4,3,6,15,163.0,20.0,2.1,8.0,39.5,20.19,5.99
2016,4,3,6,30,326.0,40.0,2.1,8.0,79.0,66.39,37.4
2016,4,3,6,45,421.0,51.0,2.15,8.5,127.5,114.98,74.06
2016,4,3,7,0,516.0,62.0,2.2,9.0,176.0,175.79,124.85
2016,4,3,7,15,261.5,87.5,2.15,9.0,145.5,158.38,123.05
2016,4,3,7,30,7.0,113.0,2.1,9.0,115.0,103.6,84.09
2016,4,3,7,45,12.5,132.5,2.1,9.5,137.0,124.21,101.46
2016,4,3,8,0,18.0,152.0,2.1,10.0,159.0,145.57,119.11
2016,4,3,8,15,400.5,124.5,2.1,10.5,325.5,343.04,283.54
2016,4,3,8,30,783.0,97.0,2.1,11.0,492.0,563.37,459.11
2016,4,3,8,45,805.5,100.5,2.15,11.5,540.5,624.28,505.1
2016,4,3,9,0,828.0,104.0,2.2,12.0,589.0,685.28,550.82
2016,4,3,9,15,844.5,107.0,2.25,12.0,632.5,741.12,591.97
2016,4,3,9,30,861.0,110.0,2.3,12.0,676.0,795.79,630.14
2016,4,3,9,45,873.0,112.0,2.35,12.5,713.5,844.23,662.15
2016,4,3,10,0,885.0,114.0,2.4,13.0,751.0,883.21,687.09
2016,4,3,10,15,894.0,116.0,2.45,13.0,782.5,923.73,714.26
2016,4,3,10,30,903.0,118.0,2.5,13.0,814.0,961.43,739.3
2016,4,3,10,45,723.0,205.0,2.55,13.5,772.5,923.81,711.21
2016,4,3,11,0,543.0,292.0,2.6,14.0,731.0,852.97,657.07
2016,4,3,11,15,510.5,309.5,2.65,14.0,729.0,850.55,654.99
2016,4,3,11,30,478.0,327.0,2.7,14.0,727.0,844.6,649.84
2016,4,3,11,45,386.5,367.0,2.75,14.5,692.0,784.97,604.27
2016,4,3,12,0,295.0,407.0,2.8,15.0,657.0,737.59,567.04
2016,4,3,12,15,607.0,267.5,2.9,15.0,781.5,926.93,710.61
2016,4,3,12,30,919.0,128.0,3.0,15.0,906.0,1074.97,811.94
2016,4,3,12,45,695.0,228.0,3.15,15.0,813.0,968.49,739.96
2016,4,3,13,0,471.0,328.0,3.3,15.0,720.0,836.08,644.23
2016,4,3,13,15,526.0,302.0,3.4,15.0,731.5,854.37,660.8
2016,4,3,13,30,581.0,276.0,3.5,15.0,743.0,868.08,672.98
2016,4,3,13,45,575.5,266.5,3.65,15.0,717.5,837.49,652.56
2016,4,3,14,0,570.0,257.0,3.8,15.0,692.0,804.74,630.63
2016,4,3,14,15,711.0,193.5,3.9,15.0,714.0,847.8,666.17
2016,4,3,14,30,852.0,130.0,4.0,15.0,736.0,868.28,682.28
2016,4,3,14,45,625.0,195.0,4.1,15.0,627.5,723.19,575.55
2016,4,3,15,0,398.0,260.0,4.2,15.0,519.0,572.32,458.91
2016,4,3,15,15,593.0,189.0,4.25,14.5,545.0,629.54,508.37
2016,4,3,15,30,788.0,118.0,4.3,14.0,571.0,658.31,533.99
2016,4,3,15,45,768.0,112.5,4.35,14.0,523.0,599.68,487.67
2016,4,3,16,0,748.0,107.0,4.4,14.0,475.0,539.36,439.16
2016,4,3,16,15,716.0,101.5,4.35,13.5,423.5,473.44,385.17
2016,4,3,16,30,684.0,96.0,4.3,13.0,372.0,409.63,331.16
2016,4,3,16,45,643.5,88.5,4.3,13.0,319.0,343.05,272.92
2016,4,3,17,0,603.0,81.0,4.3,13.0,266.0,280.37,216.71
2016,4,3,17,15,538.0,72.0,4.15,12.5,213.5,214.22,158.17
2016,4,3,17,30,473.0,63.0,4.0,12.0,161.0,155.82,107.05
2016,4,3,17,45,375.0,50.5,3.85,11.5,114.0,98.06,60.64
2016,4,3,18,0,277.0,38.0,3.7,11.0,67.0,51.62,27.44
2016,4,3,18,15,138.5,19.0,3.6,10.5,33.5,14.94,0.0
2016,4,3,18,30,0.0,0.0,3.5,10.0,0.0,0.0,0.0
2016,4,3,18,45,0.0,0.0,3.45,10.0,0.0,0.0,0.0
2016,4,3,19,0,0.0,0.0,3.4,10.0,0.0,0.0,0.0
2016,4,3,19,15,0.0,0.0,3.35,10.0,0.0,0.0,0.0
2016,4,3,19,30,0.0,0.0,3.3,10.0,0.0,0.0,0.0
2016,4,3,19,45,0.0,0.0,3.3,10.0,0.0,0.0,0.0
2016,4,3,20,0,0.0,0.0,3.3,10.0,0.0,0.0,0.0
2016,4,3,20,15,0.0,0.0,3.25,10.0,0.0,0.0,0.0
2016,4,3,20,30,0.0,0.0,3.2,10.0,0.0,0.0,0.0
2016,4,3,20,45,0.0,0.0,3.2,10.0,0.0,0.0,0.0
2016,4,3,21,0,0.0,0.0,3.2,10.0,0.0,0.0,0.0
2016,4,3,21,15,0.0,0.0,3.2,10.0,0.0,0.0,0.0
2016,4,3,21,30,0.0,0.0,3.2,10.0,0.0,0.0,0.0
2016,4,3,21,45,0.0,0.0,3.2,10.5,0.0,0.0,0.0
2016,4,3,22,0,0.0,0.0,3.2,11.0,0.0,0.0,0.0
2016,4,3,22,15,0.0,0.0,3.3,11.0,0.0,0.0,0.0
2016,4,3,22,30,0.0,0.0,3.4,11.0,0.0,0.0,0.0
2016,4,3,22,45,0.0,0.0,3.5,11.0,0.0,0.0,0.0
2016,4,3,23,0,0.0,0.0,3.6,11.0,0.0,0.0,0.0
2016,4,3,23,15,0.0,0.0,3.7,11.0,0.0,0.0,0.0
2016,4,3,23,30,0.0,0.0,3.8,11.0,0.0,0.0,0.0
2016,4,3,23,45,0.0,0.0,3.9,11.0,0.0,0.0,0.0
2016,4,4,0,0,0.0,0.0,4.0,11.0,0.0,0.0,0.0
2016,4,4,0,15,0.0,0.0,4.1,11.0,0.0,0.0,0.0
2016,4,4,0,30,0.0,0.0,4.2,11.0,0.0,0.0,0.0
2016,4,4,0,45,0.0,0.0,4.3,11.0,0.0,0.0,0.0
2016,4,4,1,0,0.0,0.0,4.4,11.0,0.0,0.0,0.0
2016,4,4,1,15,0.0,0.0,4.45,11.0,0.0,0.0,0.0
2016,4,4,1,30,0.0,0.0,4.5,11.0,0.0,0.0,0.0
2016,4,4,1,45,0.0,0.0,4.6,11.0,0.0,0.0,0.0
2016,4,4,2,0,0.0,0.0,4.7,11.0,0.0,0.0,0.0
2016,4,4,2,15,0.0,0.0,4.75,11.0,0.0,0.0,0.0
2016,4,4,2,30,0.0,0.0,4.8,11.0,0.0,0.0,0.0
2016,4,4,2,45,0.0,0.0,4.85,11.0,0.0,0.0,0.0
2016,4,4,3,0,0.0,0.0,4.9,11.0,0.0,0.0,0.0
2016,4,4,3,15,0.0,0.0,4.95,10.5,0.0,0.0,0.0
2016,4,4,3,30,0.0,0.0,5.0,10.0,0.0,0.0,0.0
2016,4,4,3,45,0.0,0.0,5.05,10.0,0.0,0.0,0.0
2016,4,4,4,0,0.0,0.0,5.1,10.0,0.0,0.0,0.0
2016,4,4,4,15,0.0,0.0,5.1,10.0,0.0,0.0,0.0
2016,4,4,4,30,0.0,0.0,5.1,10.0,0.0,0.0,0.0
2016,4,4,4,45,0.0,0.0,5.1,10.0,0.0,0.0,0.0
2016,4,4,5,0,0.0,0.0,5.1,10.0,0.0,0.0,0.0
2016,4,4,5,15,0.0,0.0,5.2,10.0,0.0,0.0,0.0
2016,4,4,5,30,0.0,0.0,5.3,10.0,0.0,0.0,0.0
2016,4,4,5,45,0.0,6.0,5.4,10.5,6.0,0.0,0.0
2016,4,4,6,0,0.0,12.0,5.5,11.0,12.0,10.91,0.0
2016,4,4,6,15,164.0,27.0,5.6,11.0,47.5,25.96,10.61
2016,4,4,6,30,328.0,42.0,5.7,11.0,83.0,68.78,38.92
2016,4,4,6,45,427.5,52.5,5.8,11.5,133.0,117.85,75.61
2016,4,4,7,0,527.0,63.0,5.9,12.0,183.0,179.68,127.06
2016,4,4,7,15,589.0,70.5,5.85,12.0,236.5,240.52,181.8
2016,4,4,7,30,651.0,78.0,5.8,12.0,290.0,308.5,243.19
2016,4,4,7,45,695.0,83.5,5.75,12.5,344.5,373.94,301.73
2016,4,4,8,0,739.0,89.0,5.7,13.0,399.0,443.46,362.14
2016,4,4,8,15,769.0,93.0,5.8,13.0,451.5,507.4,417.41
2016,4,4,8,30,799.0,97.0,5.9,13.0,504.0,573.13,472.7
2016,4,4,8,45,821.0,100.5,6.0,13.5,552.5,634.51,522.2
2016,4,4,9,0,843.0,104.0,6.1,14.0,601.0,695.88,570.34
2016,4,4,9,15,859.0,106.5,6.1,14.0,645.0,751.46,613.04
2016,4,4,9,30,875.0,109.0,6.1,14.0,689.0,805.77,652.73
2016,4,4,9,45,886.5,111.5,6.15,14.5,726.5,848.27,682.04
2016,4,4,10,0,898.0,114.0,6.2,15.0,764.0,894.37,713.75
2016,4,4,10,15,906.5,116.0,6.05,15.0,795.0,934.81,741.31
2016,4,4,10,30,915.0,118.0,5.9,15.0,826.0,972.33,766.44
2016,4,4,10,45,919.5,120.0,5.8,15.5,849.5,1002.96,785.19
2016,4,4,11,0,924.0,122.0,5.7,16.0,873.0,1030.09,801.3
2016,4,4,11,15,927.5,122.5,5.65,16.0,888.5,1051.04,814.9
2016,4,4,11,30,931.0,123.0,5.6,16.0,904.0,1068.19,825.93
2016,4,4,11,45,931.0,124.5,5.6,16.0,911.0,1079.0,833.03
2016,4,4,12,0,931.0,126.0,5.6,16.0,918.0,1085.81,837.51
2016,4,4,12,15,712.5,228.0,5.5,16.0,834.5,993.2,771.52
2016,4,4,12,30,494.0,330.0,5.4,16.0,751.0,871.05,678.69
2016,4,4,12,45,713.0,225.5,5.35,16.0,825.5,983.06,764.91
2016,4,4,13,0,932.0,121.0,5.3,16.0,900.0,1062.4,820.06
2016,4,4,13,15,927.5,120.5,5.3,16.0,882.5,1042.75,806.34
2016,4,4,13,30,923.0,120.0,5.3,16.0,865.0,1019.38,790.76
2016,4,4,13,45,913.0,120.0,5.35,16.0,839.0,987.82,769.8
2016,4,4,14,0,903.0,120.0,5.4,16.0,813.0,953.11,746.54
2016,4,4,14,15,893.0,118.0,5.75,16.0,780.5,913.4,721.29
2016,4,4,14,30,883.0,116.0,6.1,16.0,748.0,878.11,698.69
2016,4,4,14,45,867.0,114.5,6.5,16.0,708.0,828.26,664.83
2016,4,4,15,0,851.0,113.0,6.9,16.0,668.0,776.67,628.83
2016,4,4,15,15,833.5,110.0,7.05,15.5,623.5,721.0,588.87
2016,4,4,15,30,816.0,107.0,7.2,15.0,579.0,664.38,545.55
2016,4,4,15,45,789.5,104.5,7.4,15.0,529.5,602.14,495.53
2016,4,4,16,0,763.0,102.0,7.6,15.0,480.0,541.3,445.23
2016,4,4,16,15,731.0,97.0,7.4,14.5,428.0,475.17,389.63
2016,4,4,16,30,699.0,92.0,7.2,14.0,376.0,411.12,334.21
2016,4,4,16,45,652.0,86.0,7.0,14.0,322.0,342.79,273.55
2016,4,4,17,0,605.0,80.0,6.8,14.0,268.0,279.09,215.94
2016,4,4,17,15,537.5,71.5,6.4,13.5,215.5,212.78,156.96
2016,4,4,17,30,470.0,63.0,6.0,13.0,163.0,154.51,105.94
2016,4,4,17,45,365.5,51.0,5.6,12.5,115.5,96.71,59.84
2016,4,4,18,0,261.0,39.0,5.2,12.0,68.0,51.03,27.61
2016,4,4,18,15,130.5,19.5,4.95,11.5,34.0,15.3,0.98
2016,4,4,18,30,0.0,0.0,4.7,11.0,0.0,0.0,0.0
2016,4,4,18,45,0.0,0.0,4.5,11.0,0.0,0.0,0.0
2016,4,4,19,0,0.0,0.0,4.3,11.0,0.0,0.0,0.0
2016,4,4,19,15,0.0,0.0,4.2,11.0,0.0,0.0,0.0
2016,4,4,19,30,0.0,0.0,4.1,11.0,0.0,0.0,0.0
2016,4,4,19,45,0.0,0.0,4.0,11.0,0.0,0.0,0.0
2016,4,4,20,0,0.0,0.0,3.9,11.0,0.0,0.0,0.0
2016,4,4,20,15,0.0,0.0,3.85,10.5,0.0,0.0,0.0
2016,4,4,20,30,0.0,0.0,3.8,10.0,0.0,0.0,0.0
2016,4,4,20,45,0.0,0.0,3.75,10.0,0.0,0.0,0.0
2016,4,4,21,0,0.0,0.0,3.7,10.0,0.0,0.0,0.0
2016,4,4,21,15,0.0,0.0,3.7,10.0,0.0,0.0,0.0
2016,4,4,21,30,0.0,0.0,3.7,10.0,0.0,0.0,0.0
2016,4,4,21,45,0.0,0.0,3.7,10.0,0.0,0.0,0.0
2016,4,4,22,0,0.0,0.0,3.7,10.0,0.0,0.0,0.0
2016,4,4,22,15,0.0,0.0,3.7,10.0,0.0,0.0,0.0
2016,4,4,22,30,0.0,0.0,3.7,10.0,0.0,0.0,0.0
2016,4,4,22,45,0.0,0.0,3.75,10.0,0.0,0.0,0.0
2016,4,4,23,0,0.0,0.0,3.8,10.0,0.0,0.0,0.0
2016,4,4,23,15,0.0,0.0,3.75,10.0,0.0,0.0,0.0
2016,4,4,23,30,0.0,0.0,3.7,10.0,0.0,0.0,0.0
2016,4,4,23,45,0.0,0.0,3.7,10.0,0.0,0.0,0.0
2016,4,5,0,0,0.0,0.0,3.7,10.0,0.0,0.0,0.0
2016,4,5,0,15,0.0,0.0,3.6,9.5,0.0,0.0,0.0
2016,4,5,0,30,0.0,0.0,3.5,9.0,0.0,0.0,0.0
2016,4,5,0,45,0.0,0.0,3.45,9.0,0.0,0.0,0.0
2016,4,5,1,0,0.0,0.0,3.4,9.0,0.0,0.0,0.0
2016,4,5,1,15,0.0,0.0,3.25,9.0,0.0,0.0,0.0
2016,4,5,1,30,0.0,0.0,3.1,9.0,0.0,0.0,0.0
2016,4,5,1,45,0.0,0.0,3.0,9.0,0.0,0.0,0.0
2016,4,5,2,0,0.0,0.0,2.9,9.0,0.0,0.0,0.0
2016,4,5,2,15,0.0,0.0,2.85,9.0,0.0,0.0,0.0
2016,4,5,2,30,0.0,0.0,2.8,9.0,0.0,0.0,0.0
2016,4,5,2,45,0.0,0.0,2.75,9.5,0.0,0.0,0.0
2016,4,5,3,0,0.0,0.0,2.7,10.0,0.0,0.0,0.0
2016,4,5,3,15,0.0,0.0,2.7,9.5,0.0,0.0,0.0
2016,4,5,3,30,0.0,0.0,2.7,9.0,0.0,0.0,0.0
2016,4,5,3,45,0.0,0.0,2.7,9.0,0.0,0.0,0.0
2016,4,5,4,0,0.0,0.0,2.7,9.0,0.0,0.0,0.0
2016,4,5,4,15,0.0,0.0,2.75,9.0,0.0,0.0,0.0
2016,4,5,4,30,0.0,0.0,2.8,9.0,0.0,0.0,0.0
2016,4,5,4,45,0.0,0.0,2.85,9.0,0.0,0.0,0.0
2016,4,5,5,0,0.0,0.0,2.9,9.0,0.0,0.0,0.0
2016,4,5,5,15,0.0,0.0,2.85,9.0,0.0,0.0,0.0
2016,4,5,5,30,0.0,0.0,2.8,9.0,0.0,0.0,0.0
2016,4,5,5,45,44.5,6.0,2.75,9.5,7.5,0.0,0.0
2016,4,5,6,0,89.0,12.0,2.7,10.0,15.0,10.91,0.0
2016,4,5,6,15,242.0,25.5,2.65,10.5,52.5,27.55,11.44
2016,4,5,6,30,395.0,39.0,2.6,11.0,90.0,72.23,39.22
2016,4,5,6,45,483.5,48.5,2.55,11.5,140.0,123.11,77.54
2016,4,5,7,0,572.0,58.0,2.5,12.0,190.0,185.23,129.56
2016,4,5,7,15,630.0,64.5,2.4,12.5,244.5,246.74,184.24
2016,4,5,7,30,688.0,71.0,2.3,13.0,299.0,314.81,244.33
2016,4,5,7,45,731.5,75.0,2.2,13.5,353.5,380.94,301.87
2016,4,5,8,0,775.0,79.0,2.1,14.0,408.0,450.5,360.22
2016,4,5,8,15,802.5,83.0,2.15,14.5,460.5,515.19,413.14
2016,4,5,8,30,830.0,87.0,2.2,15.0,513.0,581.14,465.11
2016,4,5,8,45,853.0,88.5,2.25,15.5,562.0,642.46,511.86
2016,4,5,9,0,876.0,90.0,2.3,16.0,611.0,699.82,554.32
2016,4,5,9,15,890.5,92.5,2.4,16.0,654.5,754.98,593.78
2016,4,5,9,30,905.0,95.0,2.5,16.0,698.0,808.65,630.99
2016,4,5,9,45,914.5,97.5,2.7,16.5,735.5,856.45,663.15
2016,4,5,10,0,924.0,100.0,2.9,17.0,773.0,901.79,693.32
2016,4,5,10,15,932.0,101.5,2.95,17.0,803.5,942.03,719.93
2016,4,5,10,30,940.0,103.0,3.0,17.0,834.0,979.22,744.37
2016,4,5,10,45,944.0,104.5,3.15,17.5,857.0,1009.42,763.41
2016,4,5,11,0,948.0,106.0,3.3,18.0,880.0,1036.0,780.04
2016,4,5,11,15,951.5,106.5,3.3,18.0,895.5,1057.27,793.39
2016,4,5,11,30,955.0,107.0,3.3,18.0,911.0,1074.67,804.28
2016,4,5,11,45,956.5,107.0,3.35,18.5,918.5,1085.55,809.9
2016,4,5,12,0,958.0,107.0,3.4,19.0,926.0,1092.36,813.0
2016,4,5,12,15,957.5,107.0,3.35,19.0,925.0,1093.04,812.89
2016,4,5,12,30,957.0,107.0,3.3,19.0,924.0,1089.59,810.26
2016,4,5,12,45,955.5,106.0,3.3,19.5,915.0,1079.96,802.66
2016,4,5,13,0,954.0,105.0,3.3,20.0,906.0,1066.29,792.61
2016,4,5,13,15,723.5,206.0,3.3,20.0,807.0,950.65,715.86
2016,4,5,13,30,493.0,307.0,3.3,20.0,708.0,813.85,618.26
2016,4,5,13,45,713.0,204.5,3.3,20.0,764.0,904.77,687.98
2016,4,5,14,0,933.0,102.0,3.3,20.0,820.0,960.09,726.02
2016,4,5,14,15,924.0,100.0,3.3,20.0,787.5,920.29,699.4
2016,4,5,14,30,915.0,98.0,3.3,20.0,755.0,877.62,671.41
2016,4,5,14,45,902.0,96.5,3.35,20.0,716.0,829.68,639.73
2016,4,5,15,0,889.0,95.0,3.4,20.0,677.0,779.68,606.16
2016,4,5,15,15,873.5,92.5,3.45,19.5,632.5,725.08,569.81
2016,4,5,15,30,858.0,90.0,3.5,19.0,588.0,672.91,532.56
2016,4,5,15,45,835.0,87.0,3.6,19.0,538.5,610.38,485.04
2016,4,5,16,0,812.0,84.0,3.7,19.0,489.0,548.05,436.15
2016,4,5,16,15,783.0,80.5,3.7,18.5,437.0,482.75,383.86
2016,4,5,16,30,754.0,77.0,3.7,18.0,385.0,419.03,330.93
2016,4,5,16,45,712.0,72.0,3.7,17.5,331.0,350.82,272.79
2016,4,5,17,0,670.0,67.0,3.7,17.0,277.0,285.92,215.85
2016,4,5,17,15,608.5,60.0,3.55,16.5,223.5,218.83,156.95
2016,4,5,17,30,547.0,53.0,3.4,16.0,170.0,158.92,104.88
2016,4,5,17,45,447.5,43.5,3.25,15.5,121.5,99.36,57.77
2016,4,5,18,0,348.0,34.0,3.1,15.0,73.0,52.58,25.97
2016,4,5,18,15,174.0,17.0,2.95,14.5,36.5,13.44,1.19
2016,4,5,18,30,0.0,0.0,2.8,14.0,0.0,0.0,0.0
2016,4,5,18,45,0.0,0.0,2.7,14.0,0.0,0.0,0.0
2016,4,5,19,0,0.0,0.0,2.6,14.0,0.0,0.0,0.0
2016,4,5,19,15,0.0,0.0,2.45,14.0,0.0,0.0,0.0
2016,4,5,19,30,0.0,0.0,2.3,14.0,0.0,0.0,0.0
2016,4,5,19,45,0.0,0.0,2.15,14.0,0.0,0.0,0.0
2016,4,5,20,0,0.0,0.0,2.0,14.0,0.0,0.0,0.0
2016,4,5,20,15,0.0,0.0,1.85,14.0,0.0,0.0,0.0
2016,4,5,20,30,0.0,0.0,1.7,14.0,0.0,0.0,0.0
2016,4,5,20,45,0.0,0.0,1.6,14.0,0.0,0.0,0.0
2016,4,5,21,0,0.0,0.0,1.5,14.0,0.0,0.0,0.0
2016,4,5,21,15,0.0,0.0,1.4,14.0,0.0,0.0,0.0
2016,4,5,21,30,0.0,0.0,1.3,14.0,0.0,0.0,0.0
2016,4,5,21,45,0.0,0.0,1.2,14.0,0.0,0.0,0.0
2016,4,5,22,0,0.0,0.0,1.1,14.0,0.0,0.0,0.0
2016,4,5,22,15,0.0,0.0,1.05,14.0,0.0,0.0,0.0
2016,4,5,22,30,0.0,0.0,1.0,14.0,0.0,0.0,0.0
2016,4,5,22,45,0.0,0.0,1.0,14.0,0.0,0.0,0.0
2016,4,5,23,0,0.0,0.0,1.0,14.0,0.0,0.0,0.0
2016,4,5,23,15,0.0,0.0,1.0,14.0,0.0,0.0,0.0
2016,4,5,23,30,0.0,0.0,1.0,14.0,0.0,0.0,0.0
2016,4,5,23,45,0.0,0.0,1.05,14.0,0.0,0.0,0.0
2016,4,6,0,0,0.0,0.0,1.1,14.0,0.0,0.0,0.0
2016,4,6,0,15,0.0,0.0,1.15,14.0,0.0,0.0,0.0
2016,4,6,0,30,0.0,0.0,1.2,14.0,0.0,0.0,0.0
2016,4,6,0,45,0.0,0.0,1.25,14.0,0.0,0.0,0.0
2016,4,6,1,0,0.0,0.0,1.3,14.0,0.0,0.0,0.0
2016,4,6,1,15,0.0,0.0,1.35,13.5,0.0,0.0,0.0
2016,4,6,1,30,0.0,0.0,1.4,13.0,0.0,0.0,0.0
2016,4,6,1,45,0.0,0.0,1.45,13.0,0.0,0.0,0.0
2016,4,6,2,0,0.0,0.0,1.5,13.0,0.0,0.0,0.0
2016,4,6,2,15,0.0,0.0,1.6,13.0,0.0,0.0,0.0
2016,4,6,2,30,0.0,0.0,1.7,13.0,0.0,0.0,0.0
2016,4,6,2,45,0.0,0.0,1.85,13.0,0.0,0.0,0.0
2016,4,6,3,0,0.0,0.0,2.0,13.0,0.0,0.0,0.0
2016,4,6,3,15,0.0,0.0,2.15,12.5,0.0,0.0,0.0
2016,4,6,3,30,0.0,0.0,2.3,12.0,0.0,0.0,0.0
2016,4,6,3,45,0.0,0.0,2.45,12.0,0.0,0.0,0.0
2016,4,6,4,0,0.0,0.0,2.6,12.0,0.0,0.0,0.0
2016,4,6,4,15,0.0,0.0,2.7,12.0,0.0,0.0,0.0
2016,4,6,4,30,0.0,0.0,2.8,12.0,0.0,0.0,0.0
2016,4,6,4,45,0.0,0.0,2.9,12.0,0.0,0.0,0.0
2016,4,6,5,0,0.0,0.0,3.0,12.0,0.0,0.0,0.0
2016,4,6,5,15,0.0,0.0,3.05,12.0,0.0,0.0,0.0
2016,4,6,5,30,0.0,0.0,3.1,12.0,0.0,0.0,0.0
2016,4,6,5,45,48.5,6.5,3.2,12.5,8.0,0.0,0.0
2016,4,6,6,0,97.0,13.0,3.3,13.0,16.0,11.82,0.0
2016,4,6,6,15,241.5,26.5,3.4,13.5,54.0,28.76,12.56
2016,4,6,6,30,386.0,40.0,3.5,14.0,92.0,72.81,39.6
2016,4,6,6,45,475.5,49.5,3.6,14.5,142.0,123.35,77.37
2016,4,6,7,0,565.0,59.0,3.7,15.0,192.0,185.27,128.77
2016,4,6,7,15,622.0,66.0,3.65,15.5,246.0,246.58,182.95
2016,4,6,7,30,679.0,73.0,3.6,16.0,300.0,314.34,242.54
2016,4,6,7,45,718.5,78.0,3.55,16.5,354.0,379.02,298.91
2016,4,6,8,0,758.0,83.0,3.5,17.0,408.0,447.29,356.45
2016,4,6,8,15,786.0,87.0,3.45,17.5,460.0,511.27,408.78
2016,4,6,8,30,814.0,91.0,3.4,18.0,512.0,576.59,460.23
2016,4,6,8,45,834.5,94.0,3.4,18.5,560.5,637.07,506.4
2016,4,6,9,0,855.0,97.0,3.4,19.0,609.0,697.36,550.9
2016,4,6,9,15,870.0,100.0,3.4,19.5,652.5,753.08,589.76
2016,4,6,9,30,885.0,103.0,3.4,20.0,696.0,801.87,621.84
2016,4,6,9,45,895.5,105.5,3.45,20.5,733.5,849.6,652.95
2016,4,6,10,0,906.0,108.0,3.5,21.0,771.0,895.0,681.99
2016,4,6,10,15,914.0,109.5,3.4,21.0,801.5,934.55,707.08
2016,4,6,10,30,922.0,111.0,3.3,21.0,832.0,971.12,729.88
2016,4,6,10,45,926.0,113.0,3.25,21.5,855.0,1001.27,747.12
2016,4,6,11,0,930.0,115.0,3.2,22.0,878.0,1027.89,761.91
2016,4,6,11,15,933.0,115.5,3.1,22.0,893.0,1048.26,773.6
2016,4,6,11,30,936.0,116.0,3.0,22.0,908.0,1064.82,782.82
2016,4,6,11,45,936.0,117.0,2.9,22.5,914.5,1074.98,786.43
2016,4,6,12,0,936.0,118.0,2.8,23.0,921.0,1081.14,787.57
2016,4,6,12,15,935.0,118.0,2.65,23.0,919.5,1081.21,785.91
2016,4,6,12,30,934.0,118.0,2.5,23.0,918.0,1077.25,781.81
2016,4,6,12,45,927.0,120.0,2.45,23.5,907.0,1065.38,772.45
2016,4,6,13,0,920.0,122.0,2.4,24.0,896.0,1049.69,760.87
2016,4,6,13,15,732.0,208.0,2.25,24.0,816.5,959.96,702.03
2016,4,6,13,30,544.0,294.0,2.1,24.0,737.0,848.21,624.79
2016,4,6,13,45,547.0,280.5,1.95,24.5,715.0,822.22,606.8
2016,4,6,14,0,550.0,267.0,1.8,25.0,693.0,793.75,586.33
2016,4,6,14,15,547.5,255.5,1.7,25.0,665.0,760.14,563.79
2016,4,6,14,30,545.0,244.0,1.6,25.0,637.0,724.58,539.77
2016,4,6,14,45,545.5,227.5,1.5,25.5,603.5,684.53,511.57
2016,4,6,15,0,546.0,211.0,1.4,26.0,570.0,642.6,481.82
2016,4,6,15,15,439.5,226.0,1.3,26.0,503.0,554.75,418.4
2016,4,6,15,30,333.0,241.0,1.2,26.0,436.0,466.15,353.71
2016,4,6,15,45,343.0,217.0,1.1,26.0,403.0,429.1,327.14
2016,4,6,16,0,353.0,193.0,1.0,26.0,370.0,390.34,298.23
2016,4,6,16,15,364.5,169.0,0.85,25.5,335.0,350.64,268.09
2016,4,6,16,30,376.0,145.0,0.7,25.0,300.0,315.27,240.03
2016,4,6,16,45,488.5,112.0,0.55,24.5,284.5,300.71,225.27
2016,4,6,17,0,601.0,79.0,0.4,24.0,269.0,274.96,199.01
2016,4,6,17,15,537.0,71.0,0.35,23.5,217.0,210.49,145.92
2016,4,6,17,30,473.0,63.0,0.3,23.0,165.0,153.6,99.53
2016,4,6,17,45,377.0,51.0,0.3,23.0,118.0,96.94,56.76
2016,4,6,18,0,281.0,39.0,0.3,23.0,71.0,51.3,26.27
2016,4,6,18,15,140.5,19.5,0.45,22.5,35.5,15.27,2.85
2016,4,6,18,30,0.0,0.0,0.6,22.0,0.0,0.0,0.0
2016,4,6,18,45,0.0,0.0,0.75,21.5,0.0,0.0,0.0
2016,4,6,19,0,0.0,0.0,0.9,21.0,0.0,0.0,0.0
2016,4,6,19,15,0.0,0.0,1.0,20.5,0.0,0.0,0.0
2016,4,6,19,30,0.0,0.0,1.1,20.0,0.0,0.0,0.0
2016,4,6,19,45,0.0,0.0,1.2,20.0,0.0,0.0,0.0
2016,4,6,20,0,0.0,0.0,1.3,20.0,0.0,0.0,0.0
2016,4,6,20,15,0.0,0.0,1.4,19.5,0.0,0.0,0.0
2016,4,6,20,30,0.0,0.0,1.5,19.0,0.0,0.0,0.0
2016,4,6,20,45,0.0,0.0,1.65,18.5,0.0,0.0,0.0
2016,4,6,21,0,0.0,0.0,1.8,18.0,0.0,0.0,0.0
2016,4,6,21,15,0.0,0.0,2.0,17.5,0.0,0.0,0.0
2016,4,6,21,30,0.0,0.0,2.2,17.0,0.0,0.0,0.0
2016,4,6,21,45,0.0,0.0,2.4,16.5,0.0,0.0,0.0
2016,4,6,22,0,0.0,0.0,2.6,16.0,0.0,0.0,0.0
2016,4,6,22,15,0.0,0.0,2.7,15.5,0.0,0.0,0.0
2016,4,6,22,30,0.0,0.0,2.8,15.0,0.0,0.0,0.0
2016,4,6,22,45,0.0,0.0,2.95,14.5,0.0,0.0,0.0
2016,4,6,23,0,0.0,0.0,3.1,14.0,0.0,0.0,0.0
2016,4,6,23,15,0.0,0.0,3.2,14.0,0.0,0.0,0.0
2016,4,6,23,30,0.0,0.0,3.3,14.0,0.0,0.0,0.0
2016,4,6,23,45,0.0,0.0,3.4,14.0,0.0,0.0,0.0
2016,4,7,0,0,0.0,0.0,3.5,14.0,0.0,0.0,0.0
2016,4,7,0,15,0.0,0.0,3.65,14.0,0.0,0.0,0.0
2016,4,7,0,30,0.0,0.0,3.8,14.0,0.0,0.0,0.0
2016,4,7,0,45,0.0,0.0,3.95,14.0,0.0,0.0,0.0
2016,4,7,1,0,0.0,0.0,4.1,14.0,0.0,0.0,0.0
2016,4,7,1,15,0.0,0.0,4.2,13.5,0.0,0.0,0.0
2016,4,7,1,30,0.0,0.0,4.3,13.0,0.0,0.0,0.0
2016,4,7,1,45,0.0,0.0,4.4,13.0,0.0,0.0,0.0
2016,4,7,2,0,0.0,0.0,4.5,13.0,0.0,0.0,0.0
2016,4,7,2,15,0.0,0.0,4.4,13.0,0.0,0.0,0.0
2016,4,7,2,30,0.0,0.0,4.3,13.0,0.0,0.0,0.0
2016,4,7,2,45,0.0,0.0,4.2,13.0,0.0,0.0,0.0
2016,4,7,3,0,0.0,0.0,4.1,13.0,0.0,0.0,0.0
2016,4,7,3,15,0.0,0.0,3.95,13.0,0.0,0.0,0.0
2016,4,7,3,30,0.0,0.0,3.8,13.0,0.0,0.0,0.0
2016,4,7,3,45,0.0,0.0,3.65,13.0,0.0,0.0,0.0
2016,4,7,4,0,0.0,0.0,3.5,13.0,0.0,0.0,0.0
2016,4,7,4,15,0.0,0.0,3.4,13.0,0.0,0.0,0.0
2016,4,7,4,30,0.0,0.0,3.3,13.0,0.0,0.0,0.0
2016,4,7,4,45,0.0,0.0,3.25,13.0,0.0,0.0,0.0
2016,4,7,5,0,0.0,0.0,3.2,13.0,0.0,0.0,0.0
2016,4,7,5,15,0.0,0.0,3.2,13.0,0.0,0.0,0.0
2016,4,7,5,30,0.0,0.0,3.2,13.0,0.0,0.0,0.0
2016,4,7,5,45,0.0,3.0,3.25,13.5,3.0,2.73,0.0
2016,4,7,6,0,0.0,6.0,3.3,14.0,6.0,5.26,0.0
2016,4,7,6,15,0.0,19.0,3.45,14.0,19.0,16.73,7.33
2016,4,7,6,30,0.0,32.0,3.6,14.0,32.0,28.22,17.97
2016,4,7,6,45,0.0,49.0,3.75,14.5,49.0,43.22,31.06
2016,4,7,7,0,0.0,66.0,3.9,15.0,66.0,58.34,44.13
2016,4,7,7,15,0.0,84.5,3.9,15.0,84.5,74.95,58.34
2016,4,7,7,30,0.0,103.0,3.9,15.0,103.0,91.71,72.45
2016,4,7,7,45,312.0,101.5,3.95,15.0,237.0,233.63,187.74
2016,4,7,8,0,624.0,100.0,4.0,15.0,371.0,402.6,325.27
2016,4,7,8,15,501.0,149.0,3.9,15.0,383.5,420.62,341.22
2016,4,7,8,30,378.0,198.0,3.8,15.0,396.0,419.58,340.47
2016,4,7,8,45,408.5,211.5,3.75,15.5,442.5,483.02,390.04
2016,4,7,9,0,439.0,225.0,3.7,16.0,489.0,540.51,433.67
2016,4,7,9,15,478.5,227.0,3.6,16.0,533.5,594.89,475.06
2016,4,7,9,30,518.0,229.0,3.5,16.0,578.0,651.17,517.08
2016,4,7,9,45,539.5,236.5,3.45,16.0,617.5,699.85,552.45
2016,4,7,10,0,561.0,244.0,3.4,16.0,657.0,748.25,587.05
2016,4,7,10,15,706.5,190.5,3.3,16.0,732.0,848.71,660.63
2016,4,7,10,30,852.0,137.0,3.2,16.0,807.0,943.2,724.47
2016,4,7,10,45,697.0,219.0,3.15,16.5,777.5,912.08,699.52
2016,4,7,11,0,542.0,301.0,3.1,17.0,748.0,859.01,656.73
2016,4,7,11,15,545.5,308.0,3.05,17.0,765.0,880.87,671.56
2016,4,7,11,30,549.0,315.0,3.0,17.0,782.0,900.28,684.02
2016,4,7,11,45,557.5,309.5,2.95,17.0,787.0,909.29,689.79
2016,4,7,12,0,566.0,304.0,2.9,17.0,792.0,915.63,693.87
2016,4,7,12,15,537.5,319.0,2.9,17.0,782.0,902.99,684.21
2016,4,7,12,30,509.0,334.0,2.9,17.0,772.0,887.56,672.86
2016,4,7,12,45,417.0,365.0,2.9,17.0,721.5,822.11,625.22
2016,4,7,13,0,325.0,396.0,2.9,17.0,671.0,744.39,568.82
2016,4,7,13,15,363.0,373.5,2.9,16.5,675.5,751.42,577.14
2016,4,7,13,30,401.0,351.0,2.9,16.0,680.0,755.45,582.73
2016,4,7,13,45,391.0,344.5,2.95,16.0,657.0,728.26,563.83
2016,4,7,14,0,381.0,338.0,3.0,16.0,634.0,699.92,544.17
2016,4,7,14,15,366.5,326.5,3.0,16.0,602.5,661.51,516.8
2016,4,7,14,30,352.0,315.0,3.0,16.0,571.0,622.69,488.88
2016,4,7,14,45,311.0,306.0,3.0,16.0,523.5,565.2,446.11
2016,4,7,15,0,270.0,297.0,3.0,16.0,476.0,509.96,404.49
2016,4,7,15,15,199.0,281.5,2.95,15.5,408.5,419.82,335.56
2016,4,7,15,30,128.0,266.0,2.9,15.0,341.0,346.59,278.34
2016,4,7,15,45,80.0,230.5,2.9,15.0,276.5,266.41,214.61
2016,4,7,16,0,32.0,195.0,2.9,15.0,212.0,200.34,161.18
2016,4,7,16,15,39.5,179.5,2.8,14.5,197.5,186.9,150.95
2016,4,7,16,30,47.0,164.0,2.7,14.0,183.0,172.61,139.58
2016,4,7,16,45,39.0,142.5,2.6,14.0,157.0,145.87,117.41
2016,4,7,17,0,31.0,121.0,2.5,14.0,131.0,120.26,95.98
2016,4,7,17,15,21.5,99.5,2.35,14.0,105.5,95.47,75.09
2016,4,7,17,30,12.0,78.0,2.2,14.0,80.0,71.07,54.4
2016,4,7,17,45,6.0,56.5,2.1,14.0,57.5,50.27,36.55
2016,4,7,18,0,0.0,35.0,2.0,14.0,35.0,30.64,19.55
2016,4,7,18,15,0.0,17.5,1.9,13.5,17.5,15.42,4.04
2016,4,7,18,30,0.0,0.0,1.8,13.0,0.0,0.0,0.0
2016,4,7,18,45,0.0,0.0,1.75,13.0,0.0,0.0,0.0
2016,4,7,19,0,0.0,0.0,1.7,13.0,0.0,0.0,0.0
2016,4,7,19,15,0.0,0.0,1.6,13.0,0.0,0.0,0.0
2016,4,7,19,30,0.0,0.0,1.5,13.0,0.0,0.0,0.0
2016,4,7,19,45,0.0,0.0,1.45,13.0,0.0,0.0,0.0
2016,4,7,20,0,0.0,0.0,1.4,13.0,0.0,0.0,0.0
2016,4,7,20,15,0.0,0.0,1.35,12.5,0.0,0.0,0.0
2016,4,7,20,30,0.0,0.0,1.3,12.0,0.0,0.0,0.0
2016,4,7,20,45,0.0,0.0,1.3,12.0,0.0,0.0,0.0
2016,4,7,21,0,0.0,0.0,1.3,12.0,0.0,0.0,0.0
2016,4,7,21,15,0.0,0.0,1.25,12.0,0.0,0.0,0.0
2016,4,7,21,30,0.0,0.0,1.2,12.0,0.0,0.0,0.0
2016,4,7,21,45,0.0,0.0,1.2,12.0,0.0,0.0,0.0
2016,4,7,22,0,0.0,0.0,1.2,12.0,0.0,0.0,0.0
2016,4,7,22,15,0.0,0.0,1.2,12.0,0.0,0.0,0.0
2016,4,7,22,30,0.0,0.0,1.2,12.0,0.0,0.0,0.0
2016,4,7,22,45,0.0,0.0,1.2,12.0,0.0,0.0,0.0
2016,4,7,23,0,0.0,0.0,1.2,12.0,0.0,0.0,0.0
2016,4,7,23,15,0.0,0.0,1.2,12.0,0.0,0.0,0.0
2016,4,7,23,30,0.0,0.0,1.2,12.0,0.0,0.0,0.0
2016,4,7,23,45,0.0,0.0,1.2,12.0,0.0,0.0,0.0
2016,4,8,0,0,0.0,0.0,1.2,12.0,0.0,0.0,0.0
2016,4,8,0,15,0.0,0.0,1.2,12.0,0.0,0.0,0.0
2016,4,8,0,30,0.0,0.0,1.2,12.0,0.0,0.0,0.0
2016,4,8,0,45,0.0,0.0,1.2,12.0,0.0,0.0,0.0
2016,4,8,1,0,0.0,0.0,1.2,12.0,0.0,0.0,0.0
2016,4,8,1,15,0.0,0.0,1.2,12.0,0.0,0.0,0.0
2016,4,8,1,30,0.0,0.0,1.2,12.0,0.0,0.0,0.0
2016,4,8,1,45,0.0,0.0,1.3,12.0,0.0,0.0,0.0
2016,4,8,2,0,0.0,0.0,1.4,12.0,0.0,0.0,0.0
2016,4,8,2,15,0.0,0.0,1.45,12.0,0.0,0.0,0.0
2016,4,8,2,30,0.0,0.0,1.5,12.0,0.0,0.0,0.0
2016,4,8,2,45,0.0,0.0,1.55,12.0,0.0,0.0,0.0
2016,4,8,3,0,0.0,0.0,1.6,12.0,0.0,0.0,0.0
2016,4,8,3,15,0.0,0.0,1.6,12.0,0.0,0.0,0.0
2016,4,8,3,30,0.0,0.0,1.6,12.0,0.0,0.0,0.0
2016,4,8,3,45,0.0,0.0,1.65,12.0,0.0,0.0,0.0
2016,4,8,4,0,0.0,0.0,1.7,12.0,0.0,0.0,0.0
2016,4,8,4,15,0.0,0.0,1.7,11.5,0.0,0.0,0.0
2016,4,8,4,30,0.0,0.0,1.7,11.0,0.0,0.0,0.0
2016,4,8,4,45,0.0,0.0,1.7,11.0,0.0,0.0,0.0
2016,4,8,5,0,0.0,0.0,1.7,11.0,0.0,0.0,0.0
2016,4,8,5,15,0.0,0.0,1.65,11.0,0.0,0.0,0.0
2016,4,8,5,30,0.0,0.0,1.6,11.0,0.0,0.0,0.0
2016,4,8,5,45,0.0,2.5,1.6,11.5,2.5,2.27,0.0
2016,4,8,6,0,0.0,5.0,1.6,12.0,5.0,4.38,0.0
2016,4,8,6,15,0.0,14.5,1.6,12.0,14.5,12.74,4.51
2016,4,8,6,30,0.0,24.0,1.6,12.0,24.0,21.12,12.24
2016,4,8,6,45,0.0,36.5,1.65,12.5,36.5,32.18,21.98
2016,4,8,7,0,0.0,49.0,1.7,13.0,49.0,43.25,31.63
2016,4,8,7,15,0.0,63.0,1.6,13.0,63.0,55.68,42.36
2016,4,8,7,30,0.0,77.0,1.5,13.0,77.0,68.18,52.98
2016,4,8,7,45,0.0,91.0,1.45,13.5,91.0,80.76,63.38
2016,4,8,8,0,0.0,105.0,1.4,14.0,105.0,93.41,73.66
2016,4,8,8,15,0.5,132.5,1.35,14.0,132.5,118.78,94.5
2016,4,8,8,30,1.0,160.0,1.3,14.0,160.0,144.48,115.28
2016,4,8,8,45,34.0,212.0,1.3,14.5,232.5,221.05,177.18
2016,4,8,9,0,67.0,264.0,1.3,15.0,305.0,297.28,236.91
2016,4,8,9,15,54.0,272.5,1.3,15.0,307.0,299.78,237.68
2016,4,8,9,30,41.0,281.0,1.3,15.0,309.0,300.98,237.76
2016,4,8,9,45,62.0,312.0,1.3,15.0,357.0,351.61,276.82
2016,4,8,10,0,83.0,343.0,1.3,15.0,405.0,404.04,316.32
2016,4,8,10,15,46.0,282.0,1.3,15.0,317.0,311.96,244.79
2016,4,8,10,30,9.0,221.0,1.3,15.0,229.0,209.27,163.91
2016,4,8,10,45,19.0,275.5,1.35,15.0,292.0,270.95,212.68
2016,4,8,11,0,29.0,330.0,1.4,15.0,355.0,349.19,272.47
2016,4,8,11,15,41.5,357.5,1.45,15.0,393.5,390.73,303.67
2016,4,8,11,30,54.0,385.0,1.5,15.0,432.0,432.73,335.09
2016,4,8,11,45,48.5,381.0,1.55,15.0,423.5,423.7,327.95
2016,4,8,12,0,43.0,377.0,1.6,15.0,415.0,414.3,320.89
2016,4,8,12,15,52.0,388.0,1.65,15.0,433.5,435.0,336.81
2016,4,8,12,30,61.0,399.0,1.7,15.0,452.0,455.41,352.31
2016,4,8,12,45,107.0,412.0,1.75,15.0,503.5,514.55,397.68
2016,4,8,13,0,153.0,425.0,1.8,15.0,555.0,588.2,452.47
2016,4,8,13,15,104.0,396.5,1.85,15.0,484.0,491.77,380.8
2016,4,8,13,30,55.0,368.0,1.9,15.0,413.0,412.8,321.42
2016,4,8,13,45,41.0,336.0,2.0,15.0,369.5,364.93,285.75
2016,4,8,14,0,27.0,304.0,2.1,15.0,326.0,317.99,250.0
2016,4,8,14,15,34.5,304.5,2.1,15.0,331.0,323.8,255.32
2016,4,8,14,30,42.0,305.0,2.1,15.0,336.0,328.98,259.94
2016,4,8,14,45,103.0,308.0,2.15,15.0,378.0,378.46,300.52
2016,4,8,15,0,164.0,311.0,2.2,15.0,420.0,433.05,344.07
2016,4,8,15,15,82.0,234.0,2.15,15.0,288.5,279.42,223.48
2016,4,8,15,30,0.0,157.0,2.1,15.0,157.0,141.02,111.33
2016,4,8,15,45,233.0,163.5,2.1,15.0,282.0,307.26,249.95
2016,4,8,16,0,466.0,170.0,2.1,15.0,407.0,436.18,351.2
2016,4,8,16,15,395.0,163.0,2.0,14.5,349.0,365.18,293.61
2016,4,8,16,30,324.0,156.0,1.9,14.0,291.0,295.64,237.37
2016,4,8,16,45,268.5,148.0,1.85,14.0,250.0,245.64,195.7
2016,4,8,17,0,213.0,140.0,1.8,14.0,209.0,201.83,158.98
2016,4,8,17,15,177.0,117.5,1.7,13.5,167.5,153.26,118.19
2016,4,8,17,30,141.0,95.0,1.6,13.0,126.0,112.93,84.4
2016,4,8,17,45,102.0,70.5,1.5,13.0,90.0,75.37,53.58
2016,4,8,18,0,63.0,46.0,1.4,13.0,54.0,43.48,28.32
2016,4,8,18,15,31.5,25.0,1.3,13.0,29.0,20.94,8.43
2016,4,8,18,30,0.0,4.0,1.2,13.0,4.0,3.64,0.0
2016,4,8,18,45,0.0,2.0,1.2,13.0,2.0,0.0,0.0
2016,4,8,19,0,0.0,0.0,1.2,13.0,0.0,0.0,0.0
2016,4,8,19,15,0.0,0.0,1.2,13.0,0.0,0.0,0.0
2016,4,8,19,30,0.0,0.0,1.2,13.0,0.0,0.0,0.0
2016,4,8,19,45,0.0,0.0,1.2,13.0,0.0,0.0,0.0
2016,4,8,20,0,0.0,0.0,1.2,13.0,0.0,0.0,0.0
2016,4,8,20,15,0.0,0.0,1.2,13.0,0.0,0.0,0.0
2016,4,8,20,30,0.0,0.0,1.2,13.0,0.0,0.0,0.0
2016,4,8,20,45,0.0,0.0,1.25,13.0,0.0,0.0,0.0
2016,4,8,21,0,0.0,0.0,1.3,13.0,0.0,0.0,0.0
2016,4,8,21,15,0.0,0.0,1.3,13.0,0.0,0.0,0.0
2016,4,8,21,30,0.0,0.0,1.3,13.0,0.0,0.0,0.0
2016,4,8,21,45,0.0,0.0,1.35,13.0,0.0,0.0,0.0
2016,4,8,22,0,0.0,0.0,1.4,13.0,0.0,0.0,0.0
2016,4,8,22,15,0.0,0.0,1.45,13.0,0.0,0.0,0.0
2016,4,8,22,30,0.0,0.0,1.5,13.0,0.0,0.0,0.0
2016,4,8,22,45,0.0,0.0,1.55,13.0,0.0,0.0,0.0
2016,4,8,23,0,0.0,0.0,1.6,13.0,0.0,0.0,0.0
2016,4,8,23,15,0.0,0.0,1.65,13.0,0.0,0.0,0.0
2016,4,8,23,30,0.0,0.0,1.7,13.0,0.0,0.0,0.0
2016,4,8,23,45,0.0,0.0,1.75,13.0,0.0,0.0,0.0
2016,4,9,0,0,0.0,0.0,1.8,13.0,0.0,0.0,0.0
2016,4,9,0,15,0.0,0.0,1.85,13.0,0.0,0.0,0.0
2016,4,9,0,30,0.0,0.0,1.9,13.0,0.0,0.0,0.0
2016,4,9,0,45,0.0,0.0,1.95,13.0,0.0,0.0,0.0
2016,4,9,1,0,0.0,0.0,2.0,13.0,0.0,0.0,0.0
2016,4,9,1,15,0.0,0.0,2.0,13.0,0.0,0.0,0.0
2016,4,9,1,30,0.0,0.0,2.0,13.0,0.0,0.0,0.0
2016,4,9,1,45,0.0,0.0,2.05,13.0,0.0,0.0,0.0
2016,4,9,2,0,0.0,0.0,2.1,13.0,0.0,0.0,0.0
2016,4,9,2,15,0.0,0.0,2.05,13.0,0.0,0.0,0.0
2016,4,9,2,30,0.0,0.0,2.0,13.0,0.0,0.0,0.0
2016,4,9,2,45,0.0,0.0,2.0,13.0,0.0,0.0,0.0
2016,4,9,3,0,0.0,0.0,2.0,13.0,0.0,0.0,0.0
2016,4,9,3,15,0.0,0.0,1.95,12.5,0.0,0.0,0.0
2016,4,9,3,30,0.0,0.0,1.9,12.0,0.0,0.0,0.0
2016,4,9,3,45,0.0,0.0,1.9,12.0,0.0,0.0,0.0
2016,4,9,4,0,0.0,0.0,1.9,12.0,0.0,0.0,0.0
2016,4,9,4,15,0.0,0.0,1.9,12.0,0.0,0.0,0.0
2016,4,9,4,30,0.0,0.0,1.9,12.0,0.0,0.0,0.0
2016,4,9,4,45,0.0,0.0,1.9,12.0,0.0,0.0,0.0
2016,4,9,5,0,0.0,0.0,1.9,12.0,0.0,0.0,0.0
2016,4,9,5,15,0.0,0.0,1.85,12.0,0.0,0.0,0.0
2016,4,9,5,30,0.0,0.0,1.8,12.0,0.0,0.0,0.0
2016,4,9,5,45,0.0,1.0,1.8,12.5,1.0,0.91,0.0
2016,4,9,6,0,0.0,2.0,1.8,13.0,2.0,1.75,0.0
2016,4,9,6,15,0.0,7.0,1.85,13.0,7.0,6.14,0.0
2016,4,9,6,30,0.0,12.0,1.9,13.0,12.0,10.53,3.26
2016,4,9,6,45,0.0,18.0,2.0,13.0,18.0,15.82,7.94
2016,4,9,7,0,0.0,24.0,2.1,13.0,24.0,21.11,12.6
2016,4,9,7,15,0.0,30.0,2.05,13.0,30.0,26.41,17.21
2016,4,9,7,30,0.0,36.0,2.0,13.0,36.0,31.73,21.76
2016,4,9,7,45,0.0,74.0,2.0,13.0,74.0,65.45,50.53
2016,4,9,8,0,0.0,112.0,2.0,13.0,112.0,99.75,79.31
2016,4,9,8,15,0.0,115.5,1.95,13.0,115.5,102.91,81.63
2016,4,9,8,30,0.0,119.0,1.9,13.0,119.0,106.07,83.99
2016,4,9,8,45,2.5,153.5,1.9,13.5,155.5,139.34,111.09
2016,4,9,9,0,5.0,188.0,1.9,14.0,192.0,173.25,138.2
2016,4,9,9,15,6.0,197.5,1.85,14.0,202.0,183.1,145.72
2016,4,9,9,30,7.0,207.0,1.8,14.0,212.0,193.06,153.37
2016,4,9,9,45,11.0,229.5,1.8,14.0,237.5,217.86,172.97
2016,4,9,10,0,15.0,252.0,1.8,14.0,263.0,243.09,192.7
2016,4,9,10,15,13.5,251.0,1.75,14.0,261.5,241.33,190.83
2016,4,9,10,30,12.0,250.0,1.7,14.0,260.0,239.45,188.99
2016,4,9,10,45,6.0,162.5,1.7,14.5,167.5,151.98,118.88
2016,4,9,11,0,0.0,75.0,1.7,15.0,75.0,66.66,49.4
2016,4,9,11,15,1.0,116.0,1.65,15.0,117.0,104.71,80.52
2016,4,9,11,30,2.0,157.0,1.6,15.0,159.0,143.4,111.62
2016,4,9,11,45,4.0,169.0,1.6,15.0,173.0,156.58,122.11
2016,4,9,12,0,6.0,181.0,1.6,15.0,187.0,169.8,132.68
2016,4,9,12,15,12.5,244.5,1.55,15.0,256.0,236.14,185.14
2016,4,9,12,30,19.0,308.0,1.5,15.0,325.0,303.6,237.21
2016,4,9,12,45,44.0,353.5,1.5,15.0,391.5,389.73,303.2
2016,4,9,13,0,69.0,399.0,1.5,15.0,458.0,461.16,356.69
2016,4,9,13,15,47.5,358.5,1.55,15.0,399.0,396.56,307.92
2016,4,9,13,30,26.0,318.0,1.6,15.0,340.0,333.08,259.93
2016,4,9,13,45,75.5,349.5,1.65,15.0,409.5,410.4,321.04
2016,4,9,14,0,125.0,381.0,1.7,15.0,479.0,498.68,388.18
2016,4,9,14,15,68.5,308.0,1.7,15.0,361.5,356.44,279.98
2016,4,9,14,30,12.0,235.0,1.7,15.0,244.0,224.07,176.48
2016,4,9,14,45,11.0,225.5,1.75,15.0,233.5,213.79,169.14
2016,4,9,15,0,10.0,216.0,1.8,15.0,223.0,203.6,161.41
2016,4,9,15,15,5.0,156.5,1.8,15.0,160.0,144.01,113.65
2016,4,9,15,30,0.0,97.0,1.8,15.0,97.0,86.06,66.36
2016,4,9,15,45,2.5,131.5,1.85,15.0,132.5,119.0,93.96
2016,4,9,16,0,5.0,166.0,1.9,15.0,168.0,152.13,121.48
2016,4,9,16,15,2.5,99.0,1.85,14.5,100.0,89.15,69.75
2016,4,9,16,30,0.0,32.0,1.8,14.0,32.0,28.21,18.53
2016,4,9,16,45,0.0,27.5,1.8,14.0,27.5,24.22,15.2
2016,4,9,17,0,0.0,23.0,1.8,14.0,23.0,20.24,11.81
2016,4,9,17,15,0.0,18.5,1.7,13.5,18.5,16.26,8.41
2016,4,9,17,30,0.0,14.0,1.6,13.0,14.0,12.3,4.96
2016,4,9,17,45,0.0,10.0,1.55,13.0,10.0,8.78,1.84
2016,4,9,18,0,0.0,6.0,1.5,13.0,6.0,5.26,0.0
2016,4,9,18,15,0.0,3.0,1.4,13.0,3.0,2.63,0.0
2016,4,9,18,30,0.0,0.0,1.3,13.0,0.0,0.0,0.0
2016,4,9,18,45,0.0,0.0,1.25,13.0,0.0,0.0,0.0
2016,4,9,19,0,0.0,0.0,1.2,13.0,0.0,0.0,0.0
2016,4,9,19,15,0.0,0.0,1.15,13.0,0.0,0.0,0.0
2016,4,9,19,30,0.0,0.0,1.1,13.0,0.0,0.0,0.0
2016,4,9,19,45,0.0,0.0,1.05,13.0,0.0,0.0,0.0
2016,4,9,20,0,0.0,0.0,1.0,13.0,0.0,0.0,0.0
2016,4,9,20,15,0.0,0.0,0.95,12.5,0.0,0.0,0.0
2016,4,9,20,30,0.0,0.0,0.9,12.0,0.0,0.0,0.0
2016,4,9,20,45,0.0,0.0,0.9,12.0,0.0,0.0,0.0
2016,4,9,21,0,0.0,0.0,0.9,12.0,0.0,0.0,0.0
2016,4,9,21,15,0.0,0.0,0.95,12.0,0.0,0.0,0.0
2016,4,9,21,30,0.0,0.0,1.0,12.0,0.0,0.0,0.0
2016,4,9,21,45,0.0,0.0,1.05,12.0,0.0,0.0,0.0
2016,4,9,22,0,0.0,0.0,1.1,12.0,0.0,0.0,0.0
2016,4,9,22,15,0.0,0.0,1.15,12.0,0.0,0.0,0.0
2016,4,9,22,30,0.0,0.0,1.2,12.0,0.0,0.0,0.0
2016,4,9,22,45,0.0,0.0,1.25,12.0,0.0,0.0,0.0
2016,4,9,23,0,0.0,0.0,1.3,12.0,0.0,0.0,0.0
2016,4,9,23,15,0.0,0.0,1.3,12.0,0.0,0.0,0.0
2016,4,9,23,30,0.0,0.0,1.3,12.0,0.0,0.0,0.0
2016,4,9,23,45,0.0,0.0,1.35,12.0,0.0,0.0,0.0
2016,4,10,0,0,0.0,0.0,1.4,12.0,0.0,0.0,0.0
2016,4,10,0,15,0.0,0.0,1.5,12.0,0.0,0.0,0.0
2016,4,10,0,30,0.0,0.0,1.6,12.0,0.0,0.0,0.0
2016,4,10,0,45,0.0,0.0,1.7,12.0,0.0,0.0,0.0
2016,4,10,1,0,0.0,0.0,1.8,12.0,0.0,0.0,0.0
2016,4,10,1,15,0.0,0.0,1.9,12.0,0.0,0.0,0.0
2016,4,10,1,30,0.0,0.0,2.0,12.0,0.0,0.0,0.0
2016,4,10,1,45,0.0,0.0,2.1,12.0,0.0,0.0,0.0
2016,4,10,2,0,0.0,0.0,2.2,12.0,0.0,0.0,0.0
2016,4,10,2,15,0.0,0.0,2.25,12.0,0.0,0.0,0.0
2016,4,10,2,30,0.0,0.0,2.3,12.0,0.0,0.0,0.0
2016,4,10,2,45,0.0,0.0,2.35,12.0,0.0,0.0,0.0
2016,4,10,3,0,0.0,0.0,2.4,12.0,0.0,0.0,0.0
2016,4,10,3,15,0.0,0.0,2.45,12.0,0.0,0.0,0.0
2016,4,10,3,30,0.0,0.0,2.5,12.0,0.0,0.0,0.0
2016,4,10,3,45,0.0,0.0,2.55,12.0,0.0,0.0,0.0
2016,4,10,4,0,0.0,0.0,2.6,12.0,0.0,0.0,0.0
2016,4,10,4,15,0.0,0.0,2.6,12.0,0.0,0.0,0.0
2016,4,10,4,30,0.0,0.0,2.6,12.0,0.0,0.0,0.0
2016,4,10,4,45,0.0,0.0,2.65,12.0,0.0,0.0,0.0
2016,4,10,5,0,0.0,0.0,2.7,12.0,0.0,0.0,0.0
2016,4,10,5,15,0.0,0.0,2.75,12.0,0.0,0.0,0.0
2016,4,10,5,30,0.0,0.0,2.8,12.0,0.0,0.0,0.0
2016,4,10,5,45,0.0,1.0,2.9,12.0,1.0,0.91,0.0
2016,4,10,6,0,0.0,2.0,3.0,12.0,2.0,1.75,0.0
2016,4,10,6,15,0.0,5.0,3.1,12.0,5.0,4.38,0.0
2016,4,10,6,30,0.0,8.0,3.2,12.0,8.0,7.02,0.31
2016,4,10,6,45,0.0,12.0,3.3,12.5,12.0,10.54,3.41
2016,4,10,7,0,0.0,16.0,3.4,13.0,16.0,14.06,6.5
2016,4,10,7,15,0.0,20.0,3.45,13.0,20.0,17.59,9.57
2016,4,10,7,30,0.0,24.0,3.5,13.0,24.0,21.13,12.6
2016,4,10,7,45,0.0,22.5,3.6,13.0,22.5,19.81,11.43
2016,4,10,8,0,0.0,21.0,3.7,13.0,21.0,18.5,10.25
2016,4,10,8,15,0.0,29.5,3.7,13.0,29.5,26.02,16.63
2016,4,10,8,30,0.0,38.0,3.7,13.0,38.0,33.55,22.97
2016,4,10,8,45,0.0,68.0,3.75,13.0,68.0,60.18,45.38
2016,4,10,9,0,0.0,98.0,3.8,13.0,98.0,86.97,67.67
2016,4,10,9,15,0.0,119.0,3.85,13.0,119.0,106.05,83.33
2016,4,10,9,30,0.0,140.0,3.9,13.0,140.0,125.29,98.99
2016,4,10,9,45,3.5,173.5,3.95,13.0,176.0,159.12,126.61
2016,4,10,10,0,7.0,207.0,4.0,13.0,212.0,193.56,154.45
2016,4,10,10,15,6.5,198.5,4.05,13.0,203.5,185.43,147.57
2016,4,10,10,30,6.0,190.0,4.1,13.0,195.0,177.28,140.79
2016,4,10,10,45,11.0,235.5,4.2,13.5,244.5,224.99,178.96
2016,4,10,11,0,16.0,281.0,4.3,14.0,294.0,273.52,217.13
2016,4,10,11,15,11.5,236.0,4.35,14.0,245.5,226.52,179.45
2016,4,10,11,30,7.0,191.0,4.4,14.0,197.0,179.94,141.98
2016,4,10,11,45,3.5,167.0,4.5,14.0,170.5,154.2,121.09
2016,4,10,12,0,0.0,143.0,4.6,14.0,144.0,128.55,100.14
2016,4,10,12,15,4.0,173.0,4.6,14.0,177.0,160.32,126.11
2016,4,10,12,30,8.0,203.0,4.6,14.0,210.0,192.31,152.04
2016,4,10,12,45,10.5,234.0,4.7,14.0,243.0,223.91,177.47
2016,4,10,13,0,13.0,265.0,4.8,14.0,276.0,255.68,202.94
2016,4,10,13,15,12.0,253.0,4.8,14.0,263.0,242.99,192.88
2016,4,10,13,30,11.0,241.0,4.8,14.0,250.0,230.32,182.92
2016,4,10,13,45,10.5,234.0,4.8,14.0,242.5,222.89,177.16
2016,4,10,14,0,10.0,227.0,4.8,14.0,235.0,215.47,171.41
2016,4,10,14,15,9.0,220.0,4.75,13.5,227.0,207.62,165.61
2016,4,10,14,30,8.0,213.0,4.7,13.0,219.0,199.83,159.85
2016,4,10,14,45,22.5,242.5,4.7,13.0,258.0,238.88,192.29
2016,4,10,15,0,37.0,272.0,4.7,13.0,297.0,286.89,231.66
2016,4,10,15,15,28.0,244.5,4.65,13.0,262.5,251.11,202.92
2016,4,10,15,30,19.0,217.0,4.6,13.0,228.0,209.42,169.28
2016,4,10,15,45,98.5,220.0,4.55,13.0,271.5,265.96,217.32
2016,4,10,16,0,178.0,223.0,4.5,13.0,315.0,313.51,256.65
2016,4,10,16,15,229.5,194.0,4.4,12.5,299.5,305.36,250.14
2016,4,10,16,30,281.0,165.0,4.3,12.0,284.0,284.21,232.0
2016,4,10,16,45,248.5,149.5,4.2,12.0,244.0,238.28,192.58
2016,4,10,17,0,216.0,134.0,4.1,12.0,204.0,195.99,156.0
2016,4,10,17,15,280.5,108.0,3.95,12.0,182.5,172.09,131.58
2016,4,10,17,30,345.0,82.0,3.8,12.0,161.0,142.21,101.03
2016,4,10,17,45,264.5,66.0,3.65,12.0,117.0,92.65,61.36
2016,4,10,18,0,184.0,50.0,3.5,12.0,73.0,53.27,32.98
2016,4,10,18,15,99.0,29.5,3.4,11.5,41.0,23.75,11.86
2016,4,10,18,30,14.0,9.0,3.3,11.0,9.0,8.19,0.0
2016,4,10,18,45,7.0,4.5,3.2,11.0,4.5,0.0,0.0
2016,4,10,19,0,0.0,0.0,3.1,11.0,0.0,0.0,0.0
2016,4,10,19,15,0.0,0.0,3.05,11.0,0.0,0.0,0.0
2016,4,10,19,30,0.0,0.0,3.0,11.0,0.0,0.0,0.0
2016,4,10,19,45,0.0,0.0,2.95,11.0,0.0,0.0,0.0
2016,4,10,20,0,0.0,0.0,2.9,11.0,0.0,0.0,0.0
2016,4,10,20,15,0.0,0.0,2.85,11.0,0.0,0.0,0.0
2016,4,10,20,30,0.0,0.0,2.8,11.0,0.0,0.0,0.0
2016,4,10,20,45,0.0,0.0,2.75,11.0,0.0,0.0,0.0
2016,4,10,21,0,0.0,0.0,2.7,11.0,0.0,0.0,0.0
2016,4,10,21,15,0.0,0.0,2.65,11.0,0.0,0.0,0.0
2016,4,10,21,30,0.0,0.0,2.6,11.0,0.0,0.0,0.0
2016,4,10,21,45,0.0,0.0,2.6,11.0,0.0,0.0,0.0
2016,4,10,22,0,0.0,0.0,2.6,11.0,0.0,0.0,0.0
2016,4,10,22,15,0.0,0.0,2.55,11.0,0.0,0.0,0.0
2016,4,10,22,30,0.0,0.0,2.5,11.0,0.0,0.0,0.0
2016,4,10,22,45,0.0,0.0,2.5,11.0,0.0,0.0,0.0
2016,4,10,23,0,0.0,0.0,2.5,11.0,0.0,0.0,0.0
2016,4,10,23,15,0.0,0.0,2.5,11.0,0.0,0.0,0.0
2016,4,10,23,30,0.0,0.0,2.5,11.0,0.0,0.0,0.0
2016,4,10,23,45,0.0,0.0,2.5,11.0,0.0,0.0,0.0
2016,4,11,0,0,0.0,0.0,2.5,11.0,0.0,0.0,0.0
2016,4,11,0,15,0.0,0.0,2.45,11.0,0.0,0.0,0.0
2016,4,11,0,30,0.0,0.0,2.4,11.0,0.0,0.0,0.0
2016,4,11,0,45,0.0,0.0,2.35,11.0,0.0,0.0,0.0
2016,4,11,1,0,0.0,0.0,2.3,11.0,0.0,0.0,0.0
2016,4,11,1,15,0.0,0.0,2.25,11.0,0.0,0.0,0.0
2016,4,11,1,30,0.0,0.0,2.2,11.0,0.0,0.0,0.0
2016,4,11,1,45,0.0,0.0,2.2,11.0,0.0,0.0,0.0
2016,4,11,2,0,0.0,0.0,2.2,11.0,0.0,0.0,0.0
2016,4,11,2,15,0.0,0.0,2.15,11.0,0.0,0.0,0.0
2016,4,11,2,30,0.0,0.0,2.1,11.0,0.0,0.0,0.0
2016,4,11,2,45,0.0,0.0,2.05,11.0,0.0,0.0,0.0
2016,4,11,3,0,0.0,0.0,2.0,11.0,0.0,0.0,0.0
2016,4,11,3,15,0.0,0.0,1.9,11.0,0.0,0.0,0.0
2016,4,11,3,30,0.0,0.0,1.8,11.0,0.0,0.0,0.0
2016,4,11,3,45,0.0,0.0,1.75,11.0,0.0,0.0,0.0
2016,4,11,4,0,0.0,0.0,1.7,11.0,0.0,0.0,0.0
2016,4,11,4,15,0.0,0.0,1.6,11.0,0.0,0.0,0.0
2016,4,11,4,30,0.0,0.0,1.5,11.0,0.0,0.0,0.0
2016,4,11,4,45,0.0,0.0,1.4,11.0,0.0,0.0,0.0
2016,4,11,5,0,0.0,0.0,1.3,11.0,0.0,0.0,0.0
2016,4,11,5,15,0.0,0.0,1.2,11.0,0.0,0.0,0.0
2016,4,11,5,30,0.0,0.0,1.1,11.0,0.0,0.0,0.0
2016,4,11,5,45,43.5,11.0,1.05,11.0,13.5,10.01,0.0
2016,4,11,6,0,87.0,22.0,1.0,11.0,27.0,17.94,2.48
2016,4,11,6,15,195.5,39.0,1.05,11.0,65.5,38.58,22.19
2016,4,11,6,30,304.0,56.0,1.1,11.0,104.0,79.85,49.51
2016,4,11,6,45,385.0,67.5,1.15,11.5,152.0,125.92,84.72
2016,4,11,7,0,466.0,79.0,1.2,12.0,200.0,182.17,131.36
2016,4,11,7,15,272.0,111.0,1.3,12.0,185.5,184.59,143.3
2016,4,11,7,30,78.0,143.0,1.4,12.0,171.0,157.99,127.27
2016,4,11,7,45,60.5,160.5,1.5,12.5,184.5,172.55,139.77
2016,4,11,8,0,43.0,178.0,1.6,13.0,198.0,185.02,149.81
2016,4,11,8,15,34.0,191.0,1.65,13.0,208.0,195.63,158.2
2016,4,11,8,30,25.0,204.0,1.7,13.0,218.0,199.23,160.67
2016,4,11,8,45,12.5,162.0,1.8,13.5,169.0,153.43,122.57
2016,4,11,9,0,0.0,120.0,1.9,14.0,120.0,106.93,83.73
2016,4,11,9,15,0.0,125.5,1.9,14.0,125.5,111.97,87.72
2016,4,11,9,30,0.0,131.0,1.9,14.0,131.0,117.03,91.64
2016,4,11,9,45,5.5,183.0,1.95,14.0,187.0,169.53,134.28
2016,4,11,10,0,11.0,235.0,2.0,14.0,243.0,223.28,177.08
2016,4,11,10,15,110.5,313.0,2.05,14.0,401.5,412.62,327.29
2016,4,11,10,30,210.0,391.0,2.1,14.0,560.0,588.49,459.55
2016,4,11,10,45,107.0,280.5,2.15,14.5,366.5,383.89,302.74
2016,4,11,11,0,4.0,170.0,2.2,15.0,173.0,157.14,122.38
2016,4,11,11,15,83.5,302.0,2.2,15.0,374.0,388.53,306.52
2016,4,11,11,30,163.0,434.0,2.2,15.0,575.0,606.87,468.65
2016,4,11,11,45,314.0,393.5,2.25,15.0,667.0,733.77,562.74
2016,4,11,12,0,465.0,353.0,2.3,15.0,759.0,860.09,654.06
2016,4,11,12,15,263.5,378.5,2.3,15.0,608.5,669.27,514.01
2016,4,11,12,30,62.0,404.0,2.3,15.0,458.0,460.01,355.95
2016,4,11,12,45,62.5,397.0,2.35,15.0,451.0,452.52,351.83
2016,4,11,13,0,63.0,390.0,2.4,15.0,444.0,444.69,346.34
2016,4,11,13,15,65.5,387.0,2.4,15.0,442.0,442.64,345.16
2016,4,11,13,30,68.0,384.0,2.4,15.0,440.0,440.18,343.69
2016,4,11,13,45,69.0,373.0,2.4,15.0,429.0,427.62,334.65
2016,4,11,14,0,70.0,362.0,2.4,15.0,418.0,414.76,325.43
2016,4,11,14,15,164.0,352.5,2.35,15.0,475.5,496.28,390.26
2016,4,11,14,30,258.0,343.0,2.3,15.0,533.0,569.31,446.76
2016,4,11,14,45,521.0,236.5,2.3,15.0,595.0,668.63,526.46
2016,4,11,15,0,784.0,130.0,2.3,15.0,657.0,735.33,579.86
2016,4,11,15,15,766.5,126.5,2.25,15.0,614.0,682.16,539.93
2016,4,11,15,30,749.0,123.0,2.2,15.0,571.0,629.75,500.58
2016,4,11,15,45,727.0,118.0,2.2,15.0,524.0,570.86,455.6
2016,4,11,16,0,705.0,113.0,2.2,15.0,477.0,512.39,409.63
2016,4,11,16,15,674.0,107.5,2.2,14.5,426.5,449.73,359.63
2016,4,11,16,30,643.0,102.0,2.2,14.0,376.0,389.17,309.59
2016,4,11,16,45,607.0,94.0,2.2,14.0,325.0,326.75,256.04
2016,4,11,17,0,571.0,86.0,2.2,14.0,274.0,267.78,204.13
2016,4,11,17,15,511.0,77.0,2.2,13.5,223.5,205.66,150.2
2016,4,11,17,30,451.0,68.0,2.2,13.0,173.0,150.67,102.98
2016,4,11,17,45,370.0,55.5,2.2,13.0,127.0,95.58,58.97
2016,4,11,18,0,289.0,43.0,2.2,13.0,81.0,53.02,29.56
2016,4,11,18,15,168.0,27.0,2.3,12.5,47.0,21.11,10.34
2016,4,11,18,30,47.0,11.0,2.4,12.0,13.0,10.01,0.0
2016,4,11,18,45,23.5,5.5,2.5,12.0,6.5,0.0,0.0
2016,4,11,19,0,0.0,0.0,2.6,12.0,0.0,0.0,0.0
2016,4,11,19,15,0.0,0.0,2.65,11.5,0.0,0.0,0.0
2016,4,11,19,30,0.0,0.0,2.7,11.0,0.0,0.0,0.0
2016,4,11,19,45,0.0,0.0,2.75,11.0,0.0,0.0,0.0
2016,4,11,20,0,0.0,0.0,2.8,11.0,0.0,0.0,0.0
2016,4,11,20,15,0.0,0.0,2.8,11.0,0.0,0.0,0.0
2016,4,11,20,30,0.0,0.0,2.8,11.0,0.0,0.0,0.0
2016,4,11,20,45,0.0,0.0,2.8,11.0,0.0,0.0,0.0
2016,4,11,21,0,0.0,0.0,2.8,11.0,0.0,0.0,0.0
2016,4,11,21,15,0.0,0.0,2.75,11.0,0.0,0.0,0.0
2016,4,11,21,30,0.0,0.0,2.7,11.0,0.0,0.0,0.0
2016,4,11,21,45,0.0,0.0,2.7,11.0,0.0,0.0,0.0
2016,4,11,22,0,0.0,0.0,2.7,11.0,0.0,0.0,0.0
2016,4,11,22,15,0.0,0.0,2.7,11.0,0.0,0.0,0.0
2016,4,11,22,30,0.0,0.0,2.7,11.0,0.0,0.0,0.0
2016,4,11,22,45,0.0,0.0,2.7,11.0,0.0,0.0,0.0
2016,4,11,23,0,0.0,0.0,2.7,11.0,0.0,0.0,0.0
2016,4,11,23,15,0.0,0.0,2.7,11.0,0.0,0.0,0.0
2016,4,11,23,30,0.0,0.0,2.7,11.0,0.0,0.0,0.0
2016,4,11,23,45,0.0,0.0,2.75,11.0,0.0,0.0,0.0
2016,4,12,0,0,0.0,0.0,2.8,11.0,0.0,0.0,0.0
2016,4,12,0,15,0.0,0.0,2.85,11.0,0.0,0.0,0.0
2016,4,12,0,30,0.0,0.0,2.9,11.0,0.0,0.0,0.0
2016,4,12,0,45,0.0,0.0,2.95,11.0,0.0,0.0,0.0
2016,4,12,1,0,0.0,0.0,3.0,11.0,0.0,0.0,0.0
2016,4,12,1,15,0.0,0.0,3.0,11.0,0.0,0.0,0.0
2016,4,12,1,30,0.0,0.0,3.0,11.0,0.0,0.0,0.0
2016,4,12,1,45,0.0,0.0,3.05,11.0,0.0,0.0,0.0
2016,4,12,2,0,0.0,0.0,3.1,11.0,0.0,0.0,0.0
2016,4,12,2,15,0.0,0.0,3.05,11.0,0.0,0.0,0.0
2016,4,12,2,30,0.0,0.0,3.0,11.0,0.0,0.0,0.0
2016,4,12,2,45,0.0,0.0,2.95,11.0,0.0,0.0,0.0
2016,4,12,3,0,0.0,0.0,2.9,11.0,0.0,0.0,0.0
2016,4,12,3,15,0.0,0.0,2.9,11.0,0.0,0.0,0.0
2016,4,12,3,30,0.0,0.0,2.9,11.0,0.0,0.0,0.0
2016,4,12,3,45,0.0,0.0,2.95,11.0,0.0,0.0,0.0
2016,4,12,4,0,0.0,0.0,3.0,11.0,0.0,0.0,0.0
2016,4,12,4,15,0.0,0.0,3.05,11.0,0.0,0.0,0.0
2016,4,12,4,30,0.0,0.0,3.1,11.0,0.0,0.0,0.0
2016,4,12,4,45,0.0,0.0,3.2,11.0,0.0,0.0,0.0
2016,4,12,5,0,0.0,0.0,3.3,11.0,0.0,0.0,0.0
2016,4,12,5,15,0.0,0.0,3.45,11.0,0.0,0.0,0.0
2016,4,12,5,30,0.0,0.0,3.6,11.0,0.0,0.0,0.0
2016,4,12,5,45,46.5,11.5,3.75,11.0,14.0,10.46,0.0
2016,4,12,6,0,93.0,23.0,3.9,11.0,28.0,18.75,4.97
2016,4,12,6,15,194.5,40.0,3.95,11.0,66.5,39.61,23.04
2016,4,12,6,30,296.0,57.0,4.0,11.0,105.0,80.24,50.21
2016,4,12,6,45,374.5,69.0,4.1,11.5,153.0,125.9,85.5
2016,4,12,7,0,453.0,81.0,4.2,12.0,201.0,181.44,132.12
2016,4,12,7,15,226.5,75.0,4.2,12.0,135.0,141.11,108.95
2016,4,12,7,30,0.0,69.0,4.2,12.0,69.0,61.0,46.95
2016,4,12,7,45,0.0,106.5,4.25,12.0,107.0,94.66,75.56
2016,4,12,8,0,0.0,144.0,4.3,12.0,145.0,128.83,104.13
2016,4,12,8,15,0.0,102.5,4.35,12.0,103.0,91.03,71.94
2016,4,12,8,30,0.0,61.0,4.4,12.0,61.0,53.94,40.37
2016,4,12,8,45,0.0,106.5,4.45,12.5,106.5,94.65,74.42
2016,4,12,9,0,0.0,152.0,4.5,13.0,152.0,136.21,108.55
2016,4,12,9,15,77.5,240.0,4.55,13.0,294.0,283.42,230.39
2016,4,12,9,30,155.0,328.0,4.6,13.0,436.0,446.1,360.23
2016,4,12,9,45,99.0,323.5,4.65,13.5,394.0,391.89,314.81
2016,4,12,10,0,43.0,319.0,4.7,14.0,352.0,343.66,274.32
2016,4,12,10,15,142.5,353.5,4.8,14.0,468.0,482.02,385.1
2016,4,12,10,30,242.0,388.0,4.9,14.0,584.0,614.05,487.68
2016,4,12,10,45,129.5,339.5,5.0,14.0,445.0,465.34,370.8
2016,4,12,11,0,17.0,291.0,5.1,14.0,306.0,283.79,225.2
2016,4,12,11,15,101.5,363.0,5.1,14.0,451.0,468.9,373.04
2016,4,12,11,30,186.0,435.0,5.1,14.0,596.0,630.03,496.8
2016,4,12,11,45,323.5,395.0,5.2,14.0,678.0,744.02,585.69
2016,4,12,12,0,461.0,355.0,5.3,14.0,760.0,857.13,672.31
2016,4,12,12,15,445.5,360.5,5.3,14.0,751.5,847.38,664.12
2016,4,12,12,30,430.0,366.0,5.3,14.0,743.0,835.3,654.97
2016,4,12,12,45,622.5,269.5,5.35,14.5,809.0,928.51,727.92
2016,4,12,13,0,815.0,173.0,5.4,15.0,875.0,1003.85,782.02
2016,4,12,13,15,677.5,238.0,5.45,15.0,814.0,930.8,730.17
2016,4,12,13,30,540.0,303.0,5.5,15.0,753.0,846.87,666.33
2016,4,12,13,45,481.5,313.5,5.6,15.0,706.0,788.17,623.13
2016,4,12,14,0,423.0,324.0,5.7,15.0,659.0,730.08,579.6
2016,4,12,14,15,600.5,241.5,5.75,14.5,696.0,788.69,630.58
2016,4,12,14,30,778.0,159.0,5.8,14.0,733.0,829.4,665.89
2016,4,12,14,45,643.5,194.5,5.9,14.0,653.0,726.92,587.73
2016,4,12,15,0,509.0,230.0,6.0,14.0,573.0,627.32,509.47
2016,4,12,15,15,467.5,227.5,6.0,14.0,527.0,569.74,464.4
2016,4,12,15,30,426.0,225.0,6.0,14.0,481.0,514.48,420.34
2016,4,12,15,45,440.5,201.0,6.05,14.0,447.0,475.06,389.18
2016,4,12,16,0,455.0,177.0,6.1,14.0,413.0,433.11,355.03
2016,4,12,16,15,463.5,155.0,6.0,13.5,374.0,387.66,317.35
2016,4,12,16,30,472.0,133.0,5.9,13.0,335.0,340.47,276.9
2016,4,12,16,45,411.0,129.5,5.8,13.0,289.0,283.33,227.26
2016,4,12,17,0,350.0,126.0,5.7,13.0,243.0,229.03,180.0
2016,4,12,17,15,305.5,108.5,5.55,12.5,198.0,177.63,135.32
2016,4,12,17,30,261.0,91.0,5.4,12.0,153.0,131.71,95.89
2016,4,12,17,45,201.5,71.5,5.25,12.0,112.0,87.94,60.33
2016,4,12,18,0,142.0,52.0,5.1,12.0,71.0,52.05,33.53
2016,4,12,18,15,71.0,31.5,5.0,11.5,41.0,25.25,14.0
2016,4,12,18,30,0.0,11.0,4.9,11.0,11.0,10.01,0.0
2016,4,12,18,45,0.0,5.5,4.8,11.0,5.5,0.0,0.0
2016,4,12,19,0,0.0,0.0,4.7,11.0,0.0,0.0,0.0
2016,4,12,19,15,0.0,0.0,4.65,11.0,0.0,0.0,0.0
2016,4,12,19,30,0.0,0.0,4.6,11.0,0.0,0.0,0.0
2016,4,12,19,45,0.0,0.0,4.55,11.0,0.0,0.0,0.0
2016,4,12,20,0,0.0,0.0,4.5,11.0,0.0,0.0,0.0
2016,4,12,20,15,0.0,0.0,4.35,11.0,0.0,0.0,0.0
2016,4,12,20,30,0.0,0.0,4.2,11.0,0.0,0.0,0.0
2016,4,12,20,45,0.0,0.0,4.1,11.0,0.0,0.0,0.0
2016,4,12,21,0,0.0,0.0,4.0,11.0,0.0,0.0,0.0
2016,4,12,21,15,0.0,0.0,3.9,11.0,0.0,0.0,0.0
2016,4,12,21,30,0.0,0.0,3.8,11.0,0.0,0.0,0.0
2016,4,12,21,45,0.0,0.0,3.75,11.0,0.0,0.0,0.0
2016,4,12,22,0,0.0,0.0,3.7,11.0,0.0,0.0,0.0
2016,4,12,22,15,0.0,0.0,3.65,11.0,0.0,0.0,0.0
2016,4,12,22,30,0.0,0.0,3.6,11.0,0.0,0.0,0.0
2016,4,12,22,45,0.0,0.0,3.6,11.0,0.0,0.0,0.0
2016,4,12,23,0,0.0,0.0,3.6,11.0,0.0,0.0,0.0
2016,4,12,23,15,0.0,0.0,3.55,11.0,0.0,0.0,0.0
2016,4,12,23,30,0.0,0.0,3.5,11.0,0.0,0.0,0.0
2016,4,12,23,45,0.0,0.0,3.5,11.0,0.0,0.0,0.0
2016,4,13,0,0,0.0,0.0,3.5,11.0,0.0,0.0,0.0
2016,4,13,0,15,0.0,0.0,3.5,10.5,0.0,0.0,0.0
2016,4,13,0,30,0.0,0.0,3.5,10.0,0.0,0.0,0.0
2016,4,13,0,45,0.0,0.0,3.5,10.0,0.0,0.0,0.0
2016,4,13,1,0,0.0,0.0,3.5,10.0,0.0,0.0,0.0
2016,4,13,1,15,0.0,0.0,3.45,10.0,0.0,0.0,0.0
2016,4,13,1,30,0.0,0.0,3.4,10.0,0.0,0.0,0.0
2016,4,13,1,45,0.0,0.0,3.35,10.0,0.0,0.0,0.0
2016,4,13,2,0,0.0,0.0,3.3,10.0,0.0,0.0,0.0
2016,4,13,2,15,0.0,0.0,3.2,10.0,0.0,0.0,0.0
2016,4,13,2,30,0.0,0.0,3.1,10.0,0.0,0.0,0.0
2016,4,13,2,45,0.0,0.0,3.05,10.0,0.0,0.0,0.0
2016,4,13,3,0,0.0,0.0,3.0,10.0,0.0,0.0,0.0
2016,4,13,3,15,0.0,0.0,2.95,10.0,0.0,0.0,0.0
2016,4,13,3,30,0.0,0.0,2.9,10.0,0.0,0.0,0.0
2016,4,13,3,45,0.0,0.0,2.9,10.0,0.0,0.0,0.0
2016,4,13,4,0,0.0,0.0,2.9,10.0,0.0,0.0,0.0
2016,4,13,4,15,0.0,0.0,2.9,10.0,0.0,0.0,0.0
2016,4,13,4,30,0.0,0.0,2.9,10.0,0.0,0.0,0.0
2016,4,13,4,45,0.0,0.0,2.9,10.0,0.0,0.0,0.0
2016,4,13,5,0,0.0,0.0,2.9,10.0,0.0,0.0,0.0
2016,4,13,5,15,0.0,0.0,2.95,10.0,0.0,0.0,0.0
2016,4,13,5,30,0.0,0.0,3.0,10.0,0.0,0.0,0.0
2016,4,13,5,45,0.0,9.5,3.05,10.5,9.5,8.64,0.0
2016,4,13,6,0,0.0,19.0,3.1,11.0,19.0,16.75,5.19
2016,4,13,6,15,17.5,39.5,3.25,11.0,42.5,34.61,22.76
2016,4,13,6,30,35.0,60.0,3.4,11.0,66.0,55.81,40.52
2016,4,13,6,45,53.5,83.0,3.55,11.5,95.5,82.08,62.53
2016,4,13,7,0,72.0,106.0,3.7,12.0,125.0,111.16,87.13
2016,4,13,7,15,88.5,127.0,3.7,12.0,156.0,143.25,114.58
2016,4,13,7,30,105.0,148.0,3.7,12.0,187.0,175.54,142.12
2016,4,13,7,45,398.0,127.5,3.7,12.5,306.0,294.78,238.56
2016,4,13,8,0,691.0,107.0,3.7,13.0,425.0,443.03,358.82
2016,4,13,8,15,522.5,161.0,3.65,13.0,417.0,444.26,361.49
2016,4,13,8,30,354.0,215.0,3.6,13.0,409.0,421.76,343.46
2016,4,13,8,45,364.5,234.0,3.55,13.5,448.5,467.65,379.3
2016,4,13,9,0,375.0,253.0,3.5,14.0,488.0,513.76,414.13
2016,4,13,9,15,353.0,278.5,3.4,14.0,511.5,542.67,435.05
2016,4,13,9,30,331.0,304.0,3.3,14.0,535.0,568.68,453.35
2016,4,13,9,45,600.5,213.5,3.2,14.5,659.0,729.13,577.25
2016,4,13,10,0,870.0,123.0,3.1,15.0,783.0,886.31,688.89
2016,4,13,10,15,877.5,125.0,3.1,15.0,812.5,916.68,707.73
2016,4,13,10,30,885.0,127.0,3.1,15.0,842.0,951.59,730.74
2016,4,13,10,45,890.0,128.5,3.1,15.0,864.0,980.56,749.51
2016,4,13,11,0,895.0,130.0,3.1,15.0,886.0,1006.19,766.02
2016,4,13,11,15,898.0,131.0,3.05,15.0,900.5,1025.85,778.09
2016,4,13,11,30,901.0,132.0,3.0,15.0,915.0,1041.86,787.79
2016,4,13,11,45,899.5,134.0,3.0,15.5,921.0,1050.63,791.73
2016,4,13,12,0,898.0,136.0,3.0,16.0,927.0,1055.54,793.28
2016,4,13,12,15,897.5,136.0,3.0,16.0,925.5,1055.6,793.24
2016,4,13,12,30,897.0,136.0,3.0,16.0,924.0,1051.82,790.84
2016,4,13,12,45,689.0,238.0,3.05,16.0,839.5,962.38,731.21
2016,4,13,13,0,481.0,340.0,3.1,16.0,755.0,847.91,647.78
2016,4,13,13,15,487.0,327.5,3.15,16.0,741.0,831.83,638.47
2016,4,13,13,30,493.0,315.0,3.2,16.0,727.0,813.25,626.56
2016,4,13,13,45,444.5,327.5,3.3,16.0,690.5,766.75,593.3
2016,4,13,14,0,396.0,340.0,3.4,16.0,654.0,709.19,552.0
2016,4,13,14,15,451.5,301.5,3.4,15.5,646.0,715.2,559.89
2016,4,13,14,30,507.0,263.0,3.4,15.0,638.0,704.23,555.09
2016,4,13,14,45,651.0,200.0,3.45,15.0,656.5,737.01,583.15
2016,4,13,15,0,795.0,137.0,3.5,15.0,675.0,748.08,594.56
2016,4,13,15,15,777.5,133.5,3.55,14.5,631.5,696.44,557.04
2016,4,13,15,30,760.0,130.0,3.6,14.0,588.0,641.65,516.49
2016,4,13,15,45,734.0,126.5,3.65,14.0,539.5,581.32,469.5
2016,4,13,16,0,708.0,123.0,3.7,14.0,491.0,521.77,421.78
2016,4,13,16,15,677.0,117.0,3.75,13.5,440.5,458.43,370.39
2016,4,13,16,30,646.0,111.0,3.8,13.0,390.0,397.19,319.01
2016,4,13,16,45,599.5,104.5,3.9,13.0,337.0,332.16,262.78
2016,4,13,17,0,553.0,98.0,4.0,13.0,284.0,271.8,209.45
2016,4,13,17,15,492.5,88.0,3.9,12.5,232.0,207.23,153.11
2016,4,13,17,30,432.0,78.0,3.8,12.0,180.0,152.77,106.16
2016,4,13,17,45,333.5,65.0,3.75,11.5,132.0,98.55,63.62
2016,4,13,18,0,235.0,52.0,3.7,11.0,84.0,56.88,34.99
2016,4,13,18,15,131.5,32.5,3.6,10.5,49.0,26.12,15.16
2016,4,13,18,30,28.0,13.0,3.5,10.0,14.0,11.82,0.0
2016,4,13,18,45,14.0,6.5,3.45,10.0,7.0,0.0,0.0
2016,4,13,19,0,0.0,0.0,3.4,10.0,0.0,0.0,0.0
2016,4,13,19,15,0.0,0.0,3.4,10.0,0.0,0.0,0.0
2016,4,13,19,30,0.0,0.0,3.4,10.0,0.0,0.0,0.0
2016,4,13,19,45,0.0,0.0,3.4,10.0,0.0,0.0,0.0
2016,4,13,20,0,0.0,0.0,3.4,10.0,0.0,0.0,0.0
2016,4,13,20,15,0.0,0.0,3.4,10.0,0.0,0.0,0.0
2016,4,13,20,30,0.0,0.0,3.4,10.0,0.0,0.0,0.0
2016,4,13,20,45,0.0,0.0,3.45,10.0,0.0,0.0,0.0
2016,4,13,21,0,0.0,0.0,3.5,10.0,0.0,0.0,0.0
2016,4,13,21,15,0.0,0.0,3.55,10.0,0.0,0.0,0.0
2016,4,13,21,30,0.0,0.0,3.6,10.0,0.0,0.0,0.0
2016,4,13,21,45,0.0,0.0,3.7,10.0,0.0,0.0,0.0
2016,4,13,22,0,0.0,0.0,3.8,10.0,0.0,0.0,0.0
2016,4,13,22,15,0.0,0.0,3.85,10.0,0.0,0.0,0.0
2016,4,13,22,30,0.0,0.0,3.9,10.0,0.0,0.0,0.0
2016,4,13,22,45,0.0,0.0,3.95,10.5,0.0,0.0,0.0
2016,4,13,23,0,0.0,0.0,4.0,11.0,0.0,0.0,0.0
2016,4,13,23,15,0.0,0.0,4.05,11.0,0.0,0.0,0.0
2016,4,13,23,30,0.0,0.0,4.1,11.0,0.0,0.0,0.0
2016,4,13,23,45,0.0,0.0,4.2,11.0,0.0,0.0,0.0
2016,4,14,0,0,0.0,0.0,4.3,11.0,0.0,0.0,0.0
2016,4,14,0,15,0.0,0.0,4.3,11.0,0.0,0.0,0.0
2016,4,14,0,30,0.0,0.0,4.3,11.0,0.0,0.0,0.0
2016,4,14,0,45,0.0,0.0,4.3,11.0,0.0,0.0,0.0
2016,4,14,1,0,0.0,0.0,4.3,11.0,0.0,0.0,0.0
2016,4,14,1,15,0.0,0.0,4.25,11.0,0.0,0.0,0.0
2016,4,14,1,30,0.0,0.0,4.2,11.0,0.0,0.0,0.0
2016,4,14,1,45,0.0,0.0,4.2,11.0,0.0,0.0,0.0
2016,4,14,2,0,0.0,0.0,4.2,11.0,0.0,0.0,0.0
2016,4,14,2,15,0.0,0.0,4.1,11.0,0.0,0.0,0.0
2016,4,14,2,30,0.0,0.0,4.0,11.0,0.0,0.0,0.0
2016,4,14,2,45,0.0,0.0,3.95,11.0,0.0,0.0,0.0
2016,4,14,3,0,0.0,0.0,3.9,11.0,0.0,0.0,0.0
2016,4,14,3,15,0.0,0.0,3.85,10.5,0.0,0.0,0.0
2016,4,14,3,30,0.0,0.0,3.8,10.0,0.0,0.0,0.0
2016,4,14,3,45,0.0,0.0,3.8,10.0,0.0,0.0,0.0
2016,4,14,4,0,0.0,0.0,3.8,10.0,0.0,0.0,0.0
2016,4,14,4,15,0.0,0.0,3.8,9.5,0.0,0.0,0.0
2016,4,14,4,30,0.0,0.0,3.8,9.0,0.0,0.0,0.0
2016,4,14,4,45,0.0,0.0,3.8,9.0,0.0,0.0,0.0
2016,4,14,5,0,0.0,0.0,3.8,9.0,0.0,0.0,0.0
2016,4,14,5,15,0.0,0.0,3.85,9.0,0.0,0.0,0.0
2016,4,14,5,30,0.0,0.0,3.9,9.0,0.0,0.0,0.0
2016,4,14,5,45,60.0,14.5,4.0,9.5,18.5,13.19,0.0
2016,4,14,6,0,120.0,29.0,4.1,10.0,37.0,23.37,10.88
2016,4,14,6,15,237.5,44.5,4.2,10.0,79.0,45.32,26.95
2016,4,14,6,30,355.0,60.0,4.3,10.0,121.0,89.31,55.68
2016,4,14,6,45,430.5,72.0,4.45,10.5,171.5,138.43,94.18
2016,4,14,7,0,506.0,84.0,4.6,11.0,222.0,199.5,146.08
2016,4,14,7,15,426.5,107.0,4.6,11.0,240.0,229.72,178.54
2016,4,14,7,30,347.0,130.0,4.6,11.0,258.0,252.29,202.76
2016,4,14,7,45,491.0,118.0,4.6,11.5,329.5,324.25,263.24
2016,4,14,8,0,635.0,106.0,4.6,12.0,401.0,415.81,339.75
2016,4,14,8,15,630.5,122.0,4.6,12.0,442.5,467.71,383.93
2016,4,14,8,30,626.0,138.0,4.6,12.0,484.0,517.76,425.31
2016,4,14,8,45,639.5,149.0,4.6,12.5,528.5,572.33,468.35
2016,4,14,9,0,653.0,160.0,4.6,13.0,573.0,626.55,509.87
2016,4,14,9,15,726.0,153.5,4.65,13.0,640.5,706.05,571.8
2016,4,14,9,30,799.0,147.0,4.7,13.0,708.0,786.3,632.49
2016,4,14,9,45,825.0,142.5,4.8,13.5,747.0,836.48,667.31
2016,4,14,10,0,851.0,138.0,4.9,14.0,786.0,885.49,701.02
2016,4,14,10,15,859.0,140.0,4.95,14.0,815.5,923.81,727.72
2016,4,14,10,30,867.0,142.0,5.0,14.0,845.0,959.3,752.35
2016,4,14,10,45,859.5,151.5,5.1,14.0,864.0,985.0,770.36
2016,4,14,11,0,852.0,161.0,5.2,14.0,883.0,1006.76,785.72
2016,4,14,11,15,855.5,162.0,5.3,14.0,897.5,1026.64,799.86
2016,4,14,11,30,859.0,163.0,5.4,14.0,912.0,1042.94,811.6
2016,4,14,11,45,844.0,174.0,5.5,14.5,914.5,1047.29,813.48
2016,4,14,12,0,829.0,185.0,5.6,15.0,917.0,1047.54,812.67
2016,4,14,12,15,829.0,184.5,5.7,15.0,915.5,1047.52,813.39
2016,4,14,12,30,829.0,184.0,5.8,15.0,914.0,1043.8,811.61
2016,4,14,12,45,857.0,164.0,5.95,15.0,912.0,1044.44,813.43
2016,4,14,13,0,885.0,144.0,6.1,15.0,910.0,1028.85,803.76
2016,4,14,13,15,698.5,229.5,6.2,15.0,827.0,940.13,741.0
2016,4,14,13,30,512.0,315.0,6.3,15.0,744.0,830.09,656.65
2016,4,14,13,45,519.5,300.5,6.4,15.0,725.0,807.94,641.99
2016,4,14,14,0,527.0,286.0,6.5,15.0,706.0,783.19,624.86
2016,4,14,14,15,676.0,215.5,6.55,14.5,732.0,826.13,663.14
2016,4,14,14,30,825.0,145.0,6.6,14.0,758.0,847.48,682.52
2016,4,14,14,45,812.5,141.5,6.7,14.0,719.5,800.39,648.45
2016,4,14,15,0,800.0,138.0,6.8,14.0,681.0,751.52,612.67
2016,4,14,15,15,782.0,134.0,6.85,14.0,637.0,698.8,571.72
2016,4,14,15,30,764.0,130.0,6.9,14.0,593.0,642.98,527.53
2016,4,14,15,45,750.5,122.0,7.0,14.0,546.5,585.4,481.1
2016,4,14,16,0,737.0,114.0,7.1,14.0,500.0,527.36,433.02
2016,4,14,16,15,706.0,109.0,7.1,13.5,448.5,463.58,379.5
2016,4,14,16,30,675.0,104.0,7.1,13.0,397.0,401.82,326.14
2016,4,14,16,45,635.5,97.0,7.1,13.0,344.0,337.37,268.8
2016,4,14,17,0,596.0,90.0,7.1,13.0,291.0,276.71,213.82
2016,4,14,17,15,536.0,81.5,7.0,12.5,239.0,213.74,157.78
2016,4,14,17,30,476.0,73.0,6.9,12.0,187.0,157.87,108.95
2016,4,14,17,45,388.0,61.0,6.8,12.0,138.5,100.96,63.31
2016,4,14,18,0,300.0,49.0,6.7,12.0,90.0,57.44,33.5
2016,4,14,18,15,176.5,32.0,6.55,11.5,53.5,24.98,14.48
2016,4,14,18,30,53.0,15.0,6.4,11.0,17.0,13.64,0.0
2016,4,14,18,45,26.5,7.5,6.3,11.0,8.5,6.82,0.0
2016,4,14,19,0,0.0,0.0,6.2,11.0,0.0,0.0,0.0
2016,4,14,19,15,0.0,0.0,6.15,10.5,0.0,0.0,0.0
2016,4,14,19,30,0.0,0.0,6.1,10.0,0.0,0.0,0.0
2016,4,14,19,45,0.0,0.0,6.1,10.0,0.0,0.0,0.0
2016,4,14,20,0,0.0,0.0,6.1,10.0,0.0,0.0,0.0
2016,4,14,20,15,0.0,0.0,6.05,10.0,0.0,0.0,0.0
2016,4,14,20,30,0.0,0.0,6.0,10.0,0.0,0.0,0.0
2016,4,14,20,45,0.0,0.0,5.95,10.0,0.0,0.0,0.0
2016,4,14,21,0,0.0,0.0,5.9,10.0,0.0,0.0,0.0
2016,4,14,21,15,0.0,0.0,5.85,10.0,0.0,0.0,0.0
2016,4,14,21,30,0.0,0.0,5.8,10.0,0.0,0.0,0.0
2016,4,14,21,45,0.0,0.0,5.8,10.0,0.0,0.0,0.0
2016,4,14,22,0,0.0,0.0,5.8,10.0,0.0,0.0,0.0
2016,4,14,22,15,0.0,0.0,5.85,9.5,0.0,0.0,0.0
2016,4,14,22,30,0.0,0.0,5.9,9.0,0.0,0.0,0.0
2016,4,14,22,45,0.0,0.0,6.0,9.0,0.0,0.0,0.0
2016,4,14,23,0,0.0,0.0,6.1,9.0,0.0,0.0,0.0
2016,4,14,23,15,0.0,0.0,6.1,9.0,0.0,0.0,0.0
2016,4,14,23,30,0.0,0.0,6.1,9.0,0.0,0.0,0.0
2016,4,14,23,45,0.0,0.0,6.15,9.0,0.0,0.0,0.0
2016,4,15,0,0,0.0,0.0,6.2,9.0,0.0,0.0,0.0
2016,4,15,0,15,0.0,0.0,6.15,9.0,0.0,0.0,0.0
2016,4,15,0,30,0.0,0.0,6.1,9.0,0.0,0.0,0.0
2016,4,15,0,45,0.0,0.0,6.1,9.0,0.0,0.0,0.0
2016,4,15,1,0,0.0,0.0,6.1,9.0,0.0,0.0,0.0
2016,4,15,1,15,0.0,0.0,6.0,8.5,0.0,0.0,0.0
2016,4,15,1,30,0.0,0.0,5.9,8.0,0.0,0.0,0.0
2016,4,15,1,45,0.0,0.0,5.8,8.0,0.0,0.0,0.0
2016,4,15,2,0,0.0,0.0,5.7,8.0,0.0,0.0,0.0
2016,4,15,2,15,0.0,0.0,5.55,8.0,0.0,0.0,0.0
2016,4,15,2,30,0.0,0.0,5.4,8.0,0.0,0.0,0.0
2016,4,15,2,45,0.0,0.0,5.3,8.0,0.0,0.0,0.0
2016,4,15,3,0,0.0,0.0,5.2,8.0,0.0,0.0,0.0
2016,4,15,3,15,0.0,0.0,5.1,8.0,0.0,0.0,0.0
2016,4,15,3,30,0.0,0.0,5.0,8.0,0.0,0.0,0.0
2016,4,15,3,45,0.0,0.0,4.9,8.0,0.0,0.0,0.0
2016,4,15,4,0,0.0,0.0,4.8,8.0,0.0,0.0,0.0
2016,4,15,4,15,0.0,0.0,4.7,8.0,0.0,0.0,0.0
2016,4,15,4,30,0.0,0.0,4.6,8.0,0.0,0.0,0.0
2016,4,15,4,45,0.0,0.0,4.55,8.0,0.0,0.0,0.0
2016,4,15,5,0,0.0,0.0,4.5,8.0,0.0,0.0,0.0
2016,4,15,5,15,0.0,0.0,4.45,8.0,0.0,0.0,0.0
2016,4,15,5,30,0.0,0.0,4.4,8.0,0.0,0.0,0.0
2016,4,15,5,45,112.0,13.5,4.4,8.5,21.5,12.28,0.0
2016,4,15,6,0,224.0,27.0,4.4,9.0,43.0,22.15,11.01
2016,4,15,6,15,343.5,39.0,4.45,9.5,87.5,46.11,25.19
2016,4,15,6,30,463.0,51.0,4.5,10.0,132.0,94.32,55.38
2016,4,15,6,45,534.5,59.5,4.55,10.5,184.0,146.67,96.68
2016,4,15,7,0,606.0,68.0,4.6,11.0,236.0,207.89,149.5
2016,4,15,7,15,655.5,74.5,4.7,11.0,290.5,269.26,205.33
2016,4,15,7,30,705.0,81.0,4.8,11.0,345.0,335.99,265.79
2016,4,15,7,45,735.5,87.0,4.9,11.5,398.5,399.33,322.36
2016,4,15,8,0,766.0,93.0,5.0,12.0,452.0,465.26,379.47
2016,4,15,8,15,791.5,97.5,4.95,12.5,503.5,528.44,432.4
2016,4,15,8,30,817.0,102.0,4.9,13.0,555.0,592.61,484.31
2016,4,15,8,45,834.5,106.0,4.85,13.5,603.0,651.81,530.65
2016,4,15,9,0,852.0,110.0,4.8,14.0,651.0,710.45,575.08
2016,4,15,9,15,866.0,112.5,4.65,14.0,693.5,764.11,614.49
2016,4,15,9,30,880.0,115.0,4.5,14.0,736.0,816.25,650.62
2016,4,15,9,45,897.0,114.0,4.4,14.5,774.5,859.01,678.27
2016,4,15,10,0,914.0,113.0,4.3,15.0,813.0,905.58,708.17
2016,4,15,10,15,921.5,114.5,4.25,15.0,843.0,944.12,733.71
2016,4,15,10,30,929.0,116.0,4.2,15.0,873.0,979.61,757.08
2016,4,15,10,45,936.5,115.5,4.2,15.5,896.0,1009.81,775.51
2016,4,15,11,0,944.0,115.0,4.2,16.0,919.0,1036.59,791.52
2016,4,15,11,15,947.0,116.0,4.3,16.0,933.5,1056.94,805.3
2016,4,15,11,30,950.0,117.0,4.4,16.0,948.0,1073.44,816.83
2016,4,15,11,45,952.5,116.5,4.55,16.5,955.0,1083.96,823.54
2016,4,15,12,0,955.0,116.0,4.7,17.0,962.0,1090.47,827.67
2016,4,15,12,15,954.0,115.5,4.85,17.0,960.0,1089.41,828.38
2016,4,15,12,30,953.0,115.0,5.0,17.0,958.0,1084.29,826.45
2016,4,15,12,45,953.5,112.5,5.15,17.0,948.5,1074.55,821.44
2016,4,15,13,0,954.0,110.0,5.3,17.0,939.0,1060.78,813.7
2016,4,15,13,15,949.5,109.5,5.4,17.0,920.5,1040.27,800.89
2016,4,15,13,30,945.0,109.0,5.5,17.0,902.0,1016.03,785.48
2016,4,15,13,45,939.5,107.0,5.65,17.0,876.5,985.69,766.05
2016,4,15,14,0,934.0,105.0,5.8,17.0,851.0,951.94,744.02
2016,4,15,14,15,925.0,103.5,5.8,17.0,818.0,912.46,716.8
2016,4,15,14,30,916.0,102.0,5.8,17.0,785.0,870.18,687.38
2016,4,15,14,45,903.5,100.5,5.85,17.0,745.5,822.57,654.03
2016,4,15,15,0,891.0,99.0,5.9,17.0,706.0,772.91,618.78
2016,4,15,15,15,876.0,96.5,5.85,17.0,661.5,718.7,579.1
2016,4,15,15,30,861.0,94.0,5.8,17.0,617.0,666.47,538.16
2016,4,15,15,45,839.5,91.0,5.75,17.0,567.5,605.01,489.15
2016,4,15,16,0,818.0,88.0,5.7,17.0,518.0,543.61,438.94
2016,4,15,16,15,791.0,84.0,5.6,16.5,466.0,478.93,385.42
2016,4,15,16,30,764.0,80.0,5.5,16.0,414.0,415.65,331.35
2016,4,15,16,45,728.0,75.0,5.45,16.0,360.0,349.79,273.28
2016,4,15,17,0,692.0,70.0,5.4,16.0,306.0,286.05,215.9
2016,4,15,17,15,638.5,64.0,5.3,15.0,252.5,221.46,158.71
2016,4,15,17,30,585.0,58.0,5.2,14.0,199.0,162.96,107.58
2016,4,15,17,45,503.0,49.0,5.15,13.5,149.5,104.72,61.11
2016,4,15,18,0,421.0,40.0,5.1,13.0,100.0,56.87,29.45
2016,4,15,18,15,283.5,27.5,5.05,12.5,60.5,22.17,12.4
2016,4,15,18,30,146.0,15.0,5.0,12.0,21.0,12.13,0.0
2016,4,15,18,45,73.0,7.5,4.95,12.0,10.5,6.82,0.0
2016,4,15,19,0,0.0,0.0,4.9,12.0,0.0,0.0,0.0
2016,4,15,19,15,0.0,0.0,4.8,12.0,0.0,0.0,0.0
2016,4,15,19,30,0.0,0.0,4.7,12.0,0.0,0.0,0.0
2016,4,15,19,45,0.0,0.0,4.65,12.0,0.0,0.0,0.0
2016,4,15,20,0,0.0,0.0,4.6,12.0,0.0,0.0,0.0
2016,4,15,20,15,0.0,0.0,4.45,11.5,0.0,0.0,0.0
2016,4,15,20,30,0.0,0.0,4.3,11.0,0.0,0.0,0.0
2016,4,15,20,45,0.0,0.0,4.2,11.0,0.0,0.0,0.0
2016,4,15,21,0,0.0,0.0,4.1,11.0,0.0,0.0,0.0
2016,4,15,21,15,0.0,0.0,3.95,11.0,0.0,0.0,0.0
2016,4,15,21,30,0.0,0.0,3.8,11.0,0.0,0.0,0.0
2016,4,15,21,45,0.0,0.0,3.7,11.0,0.0,0.0,0.0
2016,4,15,22,0,0.0,0.0,3.6,11.0,0.0,0.0,0.0
2016,4,15,22,15,0.0,0.0,3.45,11.0,0.0,0.0,0.0
2016,4,15,22,30,0.0,0.0,3.3,11.0,0.0,0.0,0.0
2016,4,15,22,45,0.0,0.0,3.15,11.0,0.0,0.0,0.0
2016,4,15,23,0,0.0,0.0,3.0,11.0,0.0,0.0,0.0
2016,4,15,23,15,0.0,0.0,2.85,11.0,0.0,0.0,0.0
2016,4,15,23,30,0.0,0.0,2.7,11.0,0.0,0.0,0.0
2016,4,15,23,45,0.0,0.0,2.6,11.0,0.0,0.0,0.0
2016,4,16,0,0,0.0,0.0,2.5,11.0,0.0,0.0,0.0
2016,4,16,0,15,0.0,0.0,2.45,11.0,0.0,0.0,0.0
2016,4,16,0,30,0.0,0.0,2.4,11.0,0.0,0.0,0.0
2016,4,16,0,45,0.0,0.0,2.35,11.0,0.0,0.0,0.0
2016,4,16,1,0,0.0,0.0,2.3,11.0,0.0,0.0,0.0
2016,4,16,1,15,0.0,0.0,2.25,11.0,0.0,0.0,0.0
2016,4,16,1,30,0.0,0.0,2.2,11.0,0.0,0.0,0.0
2016,4,16,1,45,0.0,0.0,2.15,11.0,0.0,0.0,0.0
2016,4,16,2,0,0.0,0.0,2.1,11.0,0.0,0.0,0.0
2016,4,16,2,15,0.0,0.0,2.05,11.0,0.0,0.0,0.0
2016,4,16,2,30,0.0,0.0,2.0,11.0,0.0,0.0,0.0
2016,4,16,2,45,0.0,0.0,2.0,11.0,0.0,0.0,0.0
2016,4,16,3,0,0.0,0.0,2.0,11.0,0.0,0.0,0.0
2016,4,16,3,15,0.0,0.0,1.95,10.5,0.0,0.0,0.0
2016,4,16,3,30,0.0,0.0,1.9,10.0,0.0,0.0,0.0
2016,4,16,3,45,0.0,0.0,1.85,10.0,0.0,0.0,0.0
2016,4,16,4,0,0.0,0.0,1.8,10.0,0.0,0.0,0.0
2016,4,16,4,15,0.0,0.0,1.75,10.0,0.0,0.0,0.0
2016,4,16,4,30,0.0,0.0,1.7,10.0,0.0,0.0,0.0
2016,4,16,4,45,0.0,0.0,1.7,10.0,0.0,0.0,0.0
2016,4,16,5,0,0.0,0.0,1.7,10.0,0.0,0.0,0.0
2016,4,16,5,15,0.0,0.0,1.6,10.5,0.0,0.0,0.0
2016,4,16,5,30,0.0,0.0,1.5,11.0,0.0,0.0,0.0
2016,4,16,5,45,124.0,13.5,1.4,11.5,23.0,12.28,0.0
2016,4,16,6,0,248.0,27.0,1.3,12.0,46.0,22.0,11.44
2016,4,16,6,15,359.0,38.5,1.3,12.5,90.5,46.55,24.8
2016,4,16,6,30,470.0,50.0,1.3,13.0,135.0,94.53,54.55
2016,4,16,6,45,539.0,59.0,1.3,13.5,186.5,147.39,95.67
2016,4,16,7,0,608.0,68.0,1.3,14.0,238.0,208.79,147.49
2016,4,16,7,15,655.0,74.0,1.3,14.0,292.0,269.05,200.74
2016,4,16,7,30,702.0,80.0,1.3,14.0,346.0,334.33,257.76
2016,4,16,7,45,733.5,85.5,1.3,14.5,399.5,397.32,311.41
2016,4,16,8,0,765.0,91.0,1.3,15.0,453.0,463.11,365.32
2016,4,16,8,15,789.5,95.0,1.35,15.5,504.0,525.1,414.63
2016,4,16,8,30,814.0,99.0,1.4,16.0,555.0,587.96,462.82
2016,4,16,8,45,831.0,103.5,1.5,16.5,602.0,647.08,506.94
2016,4,16,9,0,848.0,108.0,1.6,17.0,649.0,705.62,549.32
2016,4,16,9,15,862.0,110.5,1.6,17.5,691.5,758.98,585.37
2016,4,16,9,30,876.0,113.0,1.6,18.0,734.0,805.23,614.53
2016,4,16,9,45,885.5,116.0,1.65,18.5,770.5,851.39,643.72
2016,4,16,10,0,895.0,119.0,1.7,19.0,807.0,895.15,670.88
2016,4,16,10,15,902.5,120.5,1.75,19.0,836.5,932.97,695.12
2016,4,16,10,30,910.0,122.0,1.8,19.0,866.0,967.83,717.35
2016,4,16,10,45,921.0,120.0,1.85,19.5,890.0,999.23,735.9
2016,4,16,11,0,932.0,118.0,1.9,20.0,914.0,1027.43,752.32
2016,4,16,11,15,935.0,118.5,1.95,20.0,928.0,1046.97,764.65
2016,4,16,11,30,938.0,119.0,2.0,20.0,942.0,1062.72,774.75
2016,4,16,11,45,944.5,116.0,2.05,20.0,950.0,1074.47,782.46
2016,4,16,12,0,951.0,113.0,2.1,20.0,958.0,1082.31,787.84
2016,4,16,12,15,950.0,112.5,2.15,20.0,956.0,1081.18,787.69
2016,4,16,12,30,949.0,112.0,2.2,20.0,954.0,1076.02,785.19
2016,4,16,12,45,727.0,225.5,2.25,20.5,866.5,983.86,725.03
2016,4,16,13,0,505.0,339.0,2.3,21.0,779.0,867.11,642.79
2016,4,16,13,15,721.5,224.0,2.35,21.0,839.0,954.22,708.2
2016,4,16,13,30,938.0,109.0,2.4,21.0,899.0,1008.12,743.92
2016,4,16,13,45,932.5,107.5,2.5,21.0,873.5,978.46,725.67
2016,4,16,14,0,927.0,106.0,2.6,21.0,848.0,945.42,705.84
2016,4,16,14,15,918.5,104.5,2.65,21.0,815.5,906.6,681.47
2016,4,16,14,30,910.0,103.0,2.7,21.0,783.0,864.96,654.95
2016,4,16,14,45,900.0,100.0,2.8,21.0,744.5,818.0,624.73
2016,4,16,15,0,890.0,97.0,2.9,21.0,706.0,768.81,592.44
2016,4,16,15,15,875.5,94.5,2.95,20.5,662.0,715.04,556.88
2016,4,16,15,30,861.0,92.0,3.0,20.0,618.0,659.98,517.42
2016,4,16,15,45,841.0,89.5,3.05,20.0,569.0,603.11,474.21
2016,4,16,16,0,821.0,87.0,3.1,20.0,520.0,543.03,427.26
2016,4,16,16,15,795.0,83.0,3.05,19.5,468.5,478.74,376.05
2016,4,16,16,30,769.0,79.0,3.0,19.0,417.0,415.74,324.03
2016,4,16,16,45,721.0,77.0,3.0,18.5,362.0,348.22,267.08
2016,4,16,17,0,673.0,75.0,3.0,18.0,307.0,284.18,211.65
2016,4,16,17,15,620.0,68.5,2.8,17.5,254.0,220.43,156.08
2016,4,16,17,30,567.0,62.0,2.6,17.0,201.0,162.73,106.48
2016,4,16,17,45,463.0,54.5,2.4,16.5,150.0,104.54,61.9
2016,4,16,18,0,359.0,47.0,2.2,16.0,99.0,59.62,33.32
2016,4,16,18,15,237.5,32.0,2.1,15.5,60.5,25.01,14.73
2016,4,16,18,30,116.0,17.0,2.0,15.0,22.0,13.41,0.0
2016,4,16,18,45,58.0,8.5,1.9,15.0,11.0,7.73,0.0
2016,4,16,19,0,0.0,0.0,1.8,15.0,0.0,0.0,0.0
2016,4,16,19,15,0.0,0.0,1.75,14.5,0.0,0.0,0.0
2016,4,16,19,30,0.0,0.0,1.7,14.0,0.0,0.0,0.0
2016,4,16,19,45,0.0,0.0,1.65,14.0,0.0,0.0,0.0
2016,4,16,20,0,0.0,0.0,1.6,14.0,0.0,0.0,0.0
2016,4,16,20,15,0.0,0.0,1.6,14.0,0.0,0.0,0.0
2016,4,16,20,30,0.0,0.0,1.6,14.0,0.0,0.0,0.0
2016,4,16,20,45,0.0,0.0,1.65,14.0,0.0,0.0,0.0
2016,4,16,21,0,0.0,0.0,1.7,14.0,0.0,0.0,0.0
2016,4,16,21,15,0.0,0.0,1.7,13.5,0.0,0.0,0.0
2016,4,16,21,30,0.0,0.0,1.7,13.0,0.0,0.0,0.0
2016,4,16,21,45,0.0,0.0,1.75,13.0,0.0,0.0,0.0
2016,4,16,22,0,0.0,0.0,1.8,13.0,0.0,0.0,0.0
2016,4,16,22,15,0.0,0.0,1.75,13.0,0.0,0.0,0.0
2016,4,16,22,30,0.0,0.0,1.7,13.0,0.0,0.0,0.0
2016,4,16,22,45,0.0,0.0,1.65,13.0,0.0,0.0,0.0
2016,4,16,23,0,0.0,0.0,1.6,13.0,0.0,0.0,0.0
2016,4,16,23,15,0.0,0.0,1.5,12.5,0.0,0.0,0.0
2016,4,16,23,30,0.0,0.0,1.4,12.0,0.0,0.0,0.0
2016,4,16,23,45,0.0,0.0,1.35,12.0,0.0,0.0,0.0
2016,4,17,0,0,0.0,0.0,1.3,12.0,0.0,0.0,0.0
2016,4,17,0,15,0.0,0.0,1.2,12.0,0.0,0.0,0.0
2016,4,17,0,30,0.0,0.0,1.1,12.0,0.0,0.0,0.0
2016,4,17,0,45,0.0,0.0,1.05,12.5,0.0,0.0,0.0
2016,4,17,1,0,0.0,0.0,1.0,13.0,0.0,0.0,0.0
2016,4,17,1,15,0.0,0.0,0.9,13.0,0.0,0.0,0.0
2016,4,17,1,30,0.0,0.0,0.8,13.0,0.0,0.0,0.0
2016,4,17,1,45,0.0,0.0,0.7,13.0,0.0,0.0,0.0
2016,4,17,2,0,0.0,0.0,0.6,13.0,0.0,0.0,0.0
2016,4,17,2,15,0.0,0.0,0.5,13.0,0.0,0.0,0.0
2016,4,17,2,30,0.0,0.0,0.4,13.0,0.0,0.0,0.0
2016,4,17,2,45,0.0,0.0,0.3,13.0,0.0,0.0,0.0
2016,4,17,3,0,0.0,0.0,0.2,13.0,0.0,0.0,0.0
2016,4,17,3,15,0.0,0.0,0.25,13.0,0.0,0.0,0.0
2016,4,17,3,30,0.0,0.0,0.3,13.0,0.0,0.0,0.0
2016,4,17,3,45,0.0,0.0,0.4,13.0,0.0,0.0,0.0
2016,4,17,4,0,0.0,0.0,0.5,13.0,0.0,0.0,0.0
2016,4,17,4,15,0.0,0.0,0.55,13.0,0.0,0.0,0.0
2016,4,17,4,30,0.0,0.0,0.6,13.0,0.0,0.0,0.0
2016,4,17,4,45,0.0,0.0,0.7,13.0,0.0,0.0,0.0
2016,4,17,5,0,0.0,0.0,0.8,13.0,0.0,0.0,0.0
2016,4,17,5,15,0.0,0.0,0.85,13.0,0.0,0.0,0.0
2016,4,17,5,30,0.0,0.0,0.9,13.0,0.0,0.0,0.0
2016,4,17,5,45,109.5,14.5,0.95,13.0,23.5,13.19,0.0
2016,4,17,6,0,219.0,29.0,1.0,13.0,47.0,22.7,12.44
2016,4,17,6,15,323.0,42.0,1.1,13.0,91.0,48.67,27.27
2016,4,17,6,30,427.0,55.0,1.2,13.0,135.0,95.07,56.82
2016,4,17,6,45,497.0,64.5,1.3,13.5,185.5,145.87,96.3
2016,4,17,7,0,567.0,74.0,1.4,14.0,236.0,205.38,146.34
2016,4,17,7,15,614.5,81.0,1.35,14.5,289.0,264.25,197.71
2016,4,17,7,30,662.0,88.0,1.3,15.0,342.0,328.27,252.73
2016,4,17,7,45,698.0,93.0,1.3,15.5,395.0,390.31,305.13
2016,4,17,8,0,734.0,98.0,1.3,16.0,448.0,455.34,358.1
2016,4,17,8,15,759.5,102.5,1.3,16.5,498.5,516.85,406.52
2016,4,17,8,30,785.0,107.0,1.3,17.0,549.0,579.18,453.73
2016,4,17,8,45,805.5,109.5,1.3,17.5,596.0,636.98,495.96
2016,4,17,9,0,826.0,112.0,1.3,18.0,643.0,694.57,536.59
2016,4,17,9,15,840.5,115.0,1.35,18.5,685.0,747.75,572.89
2016,4,17,9,30,855.0,118.0,1.4,19.0,727.0,799.53,606.17
2016,4,17,9,45,870.5,117.5,1.5,19.5,764.0,840.36,632.07
2016,4,17,10,0,886.0,117.0,1.6,20.0,801.0,885.04,660.42
2016,4,17,10,15,893.5,119.0,1.65,20.0,830.5,922.99,684.65
2016,4,17,10,30,901.0,121.0,1.7,20.0,860.0,958.0,706.91
2016,4,17,10,45,907.5,121.5,1.75,20.5,883.0,987.41,724.12
2016,4,17,11,0,914.0,122.0,1.8,21.0,906.0,1013.48,739.17
2016,4,17,11,15,917.5,122.5,1.8,21.5,920.5,1033.12,749.43
2016,4,17,11,30,921.0,123.0,1.8,22.0,935.0,1049.05,757.43
2016,4,17,11,45,923.0,123.0,1.8,22.5,941.5,1059.18,761.88
2016,4,17,12,0,925.0,123.0,1.8,23.0,948.0,1065.43,764.06
2016,4,17,12,15,925.0,123.0,1.7,23.0,946.5,1065.76,762.66
2016,4,17,12,30,925.0,123.0,1.6,23.0,945.0,1062.17,758.96
2016,4,17,12,45,925.0,121.0,1.55,23.5,936.0,1052.61,751.05
2016,4,17,13,0,925.0,119.0,1.5,24.0,927.0,1039.16,740.93
2016,4,17,13,15,921.0,118.0,1.35,24.0,909.5,1019.03,726.61
2016,4,17,13,30,917.0,117.0,1.2,24.0,892.0,995.27,710.13
2016,4,17,13,45,913.5,114.0,1.1,24.0,867.5,966.4,691.39
2016,4,17,14,0,910.0,111.0,1.0,24.0,843.0,934.13,670.59
2016,4,17,14,15,902.0,109.5,1.05,24.0,811.0,896.27,648.74
2016,4,17,14,30,894.0,108.0,1.1,24.0,779.0,855.63,624.82
2016,4,17,14,45,885.5,104.5,1.15,24.0,741.0,809.97,597.19
2016,4,17,15,0,877.0,101.0,1.2,24.0,703.0,762.02,567.54
2016,4,17,15,15,862.5,98.5,1.3,23.5,659.0,708.85,534.81
2016,4,17,15,30,848.0,96.0,1.4,23.0,615.0,657.61,500.47
2016,4,17,15,45,830.5,92.0,1.5,23.0,567.0,598.23,457.96
2016,4,17,16,0,813.0,88.0,1.6,23.0,519.0,538.56,413.54
2016,4,17,16,15,787.5,84.0,1.7,22.5,468.0,475.01,365.12
2016,4,17,16,30,762.0,80.0,1.8,22.0,417.0,412.71,315.5
2016,4,17,16,45,726.5,75.0,1.9,21.5,363.5,347.32,261.61
2016,4,17,17,0,691.0,70.0,2.0,21.0,310.0,283.9,207.61
2016,4,17,17,15,640.5,64.0,1.95,20.0,257.0,220.31,153.28
2016,4,17,17,30,590.0,58.0,1.9,19.0,204.0,162.4,104.24
2016,4,17,17,45,510.0,49.5,1.85,18.5,154.0,104.77,59.61
2016,4,17,18,0,430.0,41.0,1.8,18.0,104.0,57.24,29.19
2016,4,17,18,15,303.5,28.5,1.7,17.5,64.0,22.91,13.06
2016,4,17,18,30,177.0,16.0,1.6,17.0,24.0,12.92,0.0
2016,4,17,18,45,88.5,8.0,1.55,16.5,12.0,7.28,0.0
2016,4,17,19,0,0.0,0.0,1.5,16.0,0.0,0.0,0.0
2016,4,17,19,15,0.0,0.0,1.4,15.5,0.0,0.0,0.0
2016,4,17,19,30,0.0,0.0,1.3,15.0,0.0,0.0,0.0
2016,4,17,19,45,0.0,0.0,1.2,15.0,0.0,0.0,0.0
2016,4,17,20,0,0.0,0.0,1.1,15.0,0.0,0.0,0.0
2016,4,17,20,15,0.0,0.0,1.05,15.0,0.0,0.0,0.0
2016,4,17,20,30,0.0,0.0,1.0,15.0,0.0,0.0,0.0
2016,4,17,20,45,0.0,0.0,0.95,15.0,0.0,0.0,0.0
2016,4,17,21,0,0.0,0.0,0.9,15.0,0.0,0.0,0.0
2016,4,17,21,15,0.0,0.0,0.85,15.0,0.0,0.0,0.0
2016,4,17,21,30,0.0,0.0,0.8,15.0,0.0,0.0,0.0
2016,4,17,21,45,0.0,0.0,0.8,15.0,0.0,0.0,0.0
2016,4,17,22,0,0.0,0.0,0.8,15.0,0.0,0.0,0.0
2016,4,17,22,15,0.0,0.0,0.8,15.0,0.0,0.0,0.0
2016,4,17,22,30,0.0,0.0,0.8,15.0,0.0,0.0,0.0
2016,4,17,22,45,0.0,0.0,0.85,15.0,0.0,0.0,0.0
2016,4,17,23,0,0.0,0.0,0.9,15.0,0.0,0.0,0.0
2016,4,17,23,15,0.0,0.0,0.9,15.0,0.0,0.0,0.0
2016,4,17,23,30,0.0,0.0,0.9,15.0,0.0,0.0,0.0
2016,4,17,23,45,0.0,0.0,0.95,15.0,0.0,0.0,0.0
2016,4,18,0,0,0.0,0.0,1.0,15.0,0.0,0.0,0.0
2016,4,18,0,15,0.0,0.0,0.95,14.5,0.0,0.0,0.0
2016,4,18,0,30,0.0,0.0,0.9,14.0,0.0,0.0,0.0
2016,4,18,0,45,0.0,0.0,0.9,14.0,0.0,0.0,0.0
2016,4,18,1,0,0.0,0.0,0.9,14.0,0.0,0.0,0.0
2016,4,18,1,15,0.0,0.0,0.85,14.0,0.0,0.0,0.0
2016,4,18,1,30,0.0,0.0,0.8,14.0,0.0,0.0,0.0
2016,4,18,1,45,0.0,0.0,0.75,14.0,0.0,0.0,0.0
2016,4,18,2,0,0.0,0.0,0.7,14.0,0.0,0.0,0.0
2016,4,18,2,15,0.0,0.0,0.65,14.0,0.0,0.0,0.0
2016,4,18,2,30,0.0,0.0,0.6,14.0,0.0,0.0,0.0
2016,4,18,2,45,0.0,0.0,0.6,14.0,0.0,0.0,0.0
2016,4,18,3,0,0.0,0.0,0.6,14.0,0.0,0.0,0.0
2016,4,18,3,15,0.0,0.0,0.55,14.0,0.0,0.0,0.0
2016,4,18,3,30,0.0,0.0,0.5,14.0,0.0,0.0,0.0
2016,4,18,3,45,0.0,0.0,0.45,14.0,0.0,0.0,0.0
2016,4,18,4,0,0.0,0.0,0.4,14.0,0.0,0.0,0.0
2016,4,18,4,15,0.0,0.0,0.35,14.0,0.0,0.0,0.0
2016,4,18,4,30,0.0,0.0,0.3,14.0,0.0,0.0,0.0
2016,4,18,4,45,0.0,0.0,0.3,14.0,0.0,0.0,0.0
2016,4,18,5,0,0.0,0.0,0.3,14.0,0.0,0.0,0.0
2016,4,18,5,15,0.0,0.0,0.3,14.0,0.0,0.0,0.0
2016,4,18,5,30,0.0,0.0,0.3,14.0,0.0,0.0,0.0
2016,4,18,5,45,133.0,14.5,0.35,14.0,26.5,11.68,0.0
2016,4,18,6,0,266.0,29.0,0.4,14.0,53.0,23.54,13.48
2016,4,18,6,15,372.5,41.0,0.5,14.5,98.5,50.02,26.92
2016,4,18,6,30,479.0,53.0,0.6,15.0,144.0,99.03,57.44
2016,4,18,6,45,547.5,61.5,0.75,15.5,196.0,152.0,98.32
2016,4,18,7,0,616.0,70.0,0.9,16.0,248.0,213.39,149.64
2016,4,18,7,15,662.0,76.0,0.95,16.0,302.5,273.83,202.42
2016,4,18,7,30,708.0,82.0,1.0,16.0,357.0,339.13,258.77
2016,4,18,7,45,740.5,87.5,1.1,16.5,410.5,402.82,312.48
2016,4,18,8,0,773.0,93.0,1.2,17.0,464.0,469.43,366.7
2016,4,18,8,15,797.0,97.0,1.25,17.5,515.0,531.47,415.45
2016,4,18,8,30,821.0,101.0,1.3,18.0,566.0,594.3,463.03
2016,4,18,8,45,841.0,103.5,1.4,18.5,614.0,653.48,506.74
2016,4,18,9,0,861.0,106.0,1.5,19.0,662.0,712.32,548.91
2016,4,18,9,15,874.5,108.0,1.55,19.5,704.0,765.19,584.48
2016,4,18,9,30,888.0,110.0,1.6,20.0,746.0,811.06,613.55
2016,4,18,9,45,903.0,109.5,1.7,20.5,783.5,858.42,643.8
2016,4,18,10,0,918.0,109.0,1.8,21.0,821.0,903.72,672.29
2016,4,18,10,15,925.0,110.5,1.85,21.0,850.5,941.66,696.39
2016,4,18,10,30,932.0,112.0,1.9,21.0,880.0,976.51,718.45
2016,4,18,10,45,938.0,112.5,2.0,21.5,902.5,1006.13,736.3
2016,4,18,11,0,944.0,113.0,2.1,22.0,925.0,1032.27,751.92
2016,4,18,11,15,946.5,113.5,2.1,22.0,939.0,1051.36,763.29
2016,4,18,11,30,949.0,114.0,2.1,22.0,953.0,1066.61,772.35
2016,4,18,11,45,949.0,114.5,2.15,22.5,959.0,1075.43,776.64
2016,4,18,12,0,949.0,115.0,2.2,23.0,965.0,1080.24,778.58
2016,4,18,12,15,948.0,115.5,2.15,23.0,963.0,1080.03,777.73
2016,4,18,12,30,947.0,116.0,2.1,23.0,961.0,1075.81,774.54
2016,4,18,12,45,940.0,118.0,2.1,23.5,949.0,1063.19,765.39
2016,4,18,13,0,933.0,120.0,2.1,24.0,937.0,1046.76,754.06
2016,4,18,13,15,928.5,119.5,2.1,23.5,919.0,1026.5,743.34
2016,4,18,13,30,924.0,119.0,2.1,23.0,901.0,1002.61,730.32
2016,4,18,13,45,910.5,121.0,2.1,23.0,874.0,969.48,709.92
2016,4,18,14,0,897.0,123.0,2.1,23.0,847.0,933.47,687.6
2016,4,18,14,15,888.0,121.5,2.1,22.5,814.5,895.16,664.91
2016,4,18,14,30,879.0,120.0,2.1,22.0,782.0,854.17,640.13
2016,4,18,14,45,857.5,122.0,2.15,22.0,741.0,810.44,612.35
2016,4,18,15,0,836.0,124.0,2.2,22.0,700.0,758.88,578.7
2016,4,18,15,15,819.5,121.0,2.25,21.5,656.0,704.82,542.27
2016,4,18,15,30,803.0,118.0,2.3,21.0,612.0,649.82,503.62
2016,4,18,15,45,705.0,127.5,2.35,21.0,536.0,559.07,435.84
2016,4,18,16,0,607.0,137.0,2.4,21.0,460.0,475.21,371.67
2016,4,18,16,15,618.0,118.5,2.45,20.5,420.0,425.94,333.21
2016,4,18,16,30,629.0,100.0,2.5,20.0,380.0,374.22,290.85
2016,4,18,16,45,557.0,105.5,2.55,19.5,330.0,312.98,240.21
2016,4,18,17,0,485.0,111.0,2.6,19.0,280.0,256.1,192.61
2016,4,18,17,15,441.5,97.0,2.6,18.0,231.5,199.51,144.74
2016,4,18,17,30,398.0,83.0,2.6,17.0,183.0,148.08,101.52
2016,4,18,17,45,330.5,68.0,2.65,16.5,138.0,98.41,62.65
2016,4,18,18,0,263.0,53.0,2.7,16.0,93.0,57.38,34.51
2016,4,18,18,15,131.5,37.0,2.65,15.5,57.0,29.59,18.87
2016,4,18,18,30,0.0,21.0,2.6,15.0,21.0,17.97,0.0
2016,4,18,18,45,0.0,10.5,2.6,14.5,10.5,9.55,0.0
2016,4,18,19,0,0.0,0.0,2.6,14.0,0.0,0.0,0.0
2016,4,18,19,15,0.0,0.0,2.5,14.0,0.0,0.0,0.0
2016,4,18,19,30,0.0,0.0,2.4,14.0,0.0,0.0,0.0
2016,4,18,19,45,0.0,0.0,2.35,14.0,0.0,0.0,0.0
2016,4,18,20,0,0.0,0.0,2.3,14.0,0.0,0.0,0.0
2016,4,18,20,15,0.0,0.0,2.25,13.5,0.0,0.0,0.0
2016,4,18,20,30,0.0,0.0,2.2,13.0,0.0,0.0,0.0
2016,4,18,20,45,0.0,0.0,2.15,13.0,0.0,0.0,0.0
2016,4,18,21,0,0.0,0.0,2.1,13.0,0.0,0.0,0.0
2016,4,18,21,15,0.0,0.0,2.0,13.0,0.0,0.0,0.0
2016,4,18,21,30,0.0,0.0,1.9,13.0,0.0,0.0,0.0
2016,4,18,21,45,0.0,0.0,1.85,13.0,0.0,0.0,0.0
2016,4,18,22,0,0.0,0.0,1.8,13.0,0.0,0.0,0.0
2016,4,18,22,15,0.0,0.0,1.7,13.0,0.0,0.0,0.0
2016,4,18,22,30,0.0,0.0,1.6,13.0,0.0,0.0,0.0
2016,4,18,22,45,0.0,0.0,1.55,13.0,0.0,0.0,0.0
2016,4,18,23,0,0.0,0.0,1.5,13.0,0.0,0.0,0.0
2016,4,18,23,15,0.0,0.0,1.4,13.0,0.0,0.0,0.0
2016,4,18,23,30,0.0,0.0,1.3,13.0,0.0,0.0,0.0
2016,4,18,23,45,0.0,0.0,1.2,13.0,0.0,0.0,0.0
2016,4,19,0,0,0.0,0.0,1.1,13.0,0.0,0.0,0.0
2016,4,19,0,15,0.0,0.0,1.05,13.0,0.0,0.0,0.0
2016,4,19,0,30,0.0,0.0,1.0,13.0,0.0,0.0,0.0
2016,4,19,0,45,0.0,0.0,1.0,13.0,0.0,0.0,0.0
2016,4,19,1,0,0.0,0.0,1.0,13.0,0.0,0.0,0.0
2016,4,19,1,15,0.0,0.0,1.0,13.0,0.0,0.0,0.0
2016,4,19,1,30,0.0,0.0,1.0,13.0,0.0,0.0,0.0
2016,4,19,1,45,0.0,0.0,1.0,13.0,0.0,0.0,0.0
2016,4,19,2,0,0.0,0.0,1.0,13.0,0.0,0.0,0.0
2016,4,19,2,15,0.0,0.0,0.95,13.0,0.0,0.0,0.0
2016,4,19,2,30,0.0,0.0,0.9,13.0,0.0,0.0,0.0
2016,4,19,2,45,0.0,0.0,0.9,13.0,0.0,0.0,0.0
2016,4,19,3,0,0.0,0.0,0.9,13.0,0.0,0.0,0.0
2016,4,19,3,15,0.0,0.0,0.9,13.0,0.0,0.0,0.0
2016,4,19,3,30,0.0,0.0,0.9,13.0,0.0,0.0,0.0
2016,4,19,3,45,0.0,0.0,0.95,13.0,0.0,0.0,0.0
2016,4,19,4,0,0.0,0.0,1.0,13.0,0.0,0.0,0.0
2016,4,19,4,15,0.0,0.0,0.95,13.0,0.0,0.0,0.0
2016,4,19,4,30,0.0,0.0,0.9,13.0,0.0,0.0,0.0
2016,4,19,4,45,0.0,0.0,0.9,13.0,0.0,0.0,0.0
2016,4,19,5,0,0.0,0.0,0.9,13.0,0.0,0.0,0.0
2016,4,19,5,15,0.0,0.0,0.8,13.0,0.0,0.0,0.0
2016,4,19,5,30,0.0,0.0,0.7,13.0,0.0,0.0,0.0
2016,4,19,5,45,120.5,16.0,0.65,13.0,27.0,12.61,0.0
2016,4,19,6,0,241.0,32.0,0.6,13.0,54.0,25.0,15.05
2016,4,19,6,15,344.0,44.5,0.6,13.5,99.0,52.35,29.58
2016,4,19,6,30,447.0,57.0,0.6,14.0,144.0,99.7,59.58
2016,4,19,6,45,526.5,64.0,0.6,14.5,196.5,151.14,98.89
2016,4,19,7,0,606.0,71.0,0.6,15.0,249.0,212.39,149.49
2016,4,19,7,15,651.5,77.5,0.65,15.0,303.0,272.51,201.86
2016,4,19,7,30,697.0,84.0,0.7,15.0,357.0,337.46,257.72
2016,4,19,7,45,732.0,88.0,0.75,15.5,410.5,400.01,310.1
2016,4,19,8,0,767.0,92.0,0.8,16.0,464.0,465.79,363.21
2016,4,19,8,15,791.0,96.0,0.9,16.5,514.5,527.41,411.72
2016,4,19,8,30,815.0,100.0,1.0,17.0,565.0,589.82,459.19
2016,4,19,8,45,827.5,105.5,1.15,17.5,611.0,646.88,501.66
2016,4,19,9,0,840.0,111.0,1.3,18.0,657.0,702.93,542.23
2016,4,19,9,15,853.5,114.0,1.3,18.5,699.0,755.82,577.63
2016,4,19,9,30,867.0,117.0,1.3,19.0,741.0,807.19,609.89
2016,4,19,9,45,870.0,123.0,1.35,19.5,775.0,851.33,637.3
2016,4,19,10,0,873.0,129.0,1.4,20.0,809.0,892.64,662.55
2016,4,19,10,15,768.5,187.0,1.4,20.0,802.0,893.95,661.92
2016,4,19,10,30,664.0,245.0,1.4,20.0,795.0,880.46,651.16
2016,4,19,10,45,777.0,193.0,1.45,20.5,852.5,952.45,698.06
2016,4,19,11,0,890.0,141.0,1.5,21.0,910.0,1007.89,731.45
2016,4,19,11,15,744.5,226.5,1.5,21.0,877.0,987.03,716.94
2016,4,19,11,30,599.0,312.0,1.5,21.0,844.0,936.21,681.26
2016,4,19,11,45,557.0,334.0,1.5,21.0,831.0,922.49,671.57
2016,4,19,12,0,515.0,356.0,1.5,21.0,818.0,905.3,659.22
2016,4,19,12,15,438.0,384.0,1.6,21.0,776.5,855.83,626.15
2016,4,19,12,30,361.0,412.0,1.7,21.0,735.0,793.1,584.08
2016,4,19,12,45,416.5,382.5,1.8,21.0,751.0,826.32,609.63
2016,4,19,13,0,472.0,353.0,1.9,21.0,767.0,845.18,624.83
2016,4,19,13,15,361.0,384.0,1.95,21.0,697.5,748.0,556.97
2016,4,19,13,30,250.0,415.0,2.0,21.0,628.0,666.26,498.8
2016,4,19,13,45,245.0,403.0,2.15,21.0,606.5,641.49,483.34
2016,4,19,14,0,240.0,391.0,2.3,21.0,585.0,603.48,457.92
2016,4,19,14,15,162.5,371.0,2.4,20.5,500.0,507.74,388.87
2016,4,19,14,30,85.0,351.0,2.5,20.0,415.0,405.68,313.27
2016,4,19,14,45,100.5,337.0,2.6,20.0,409.0,399.73,310.39
2016,4,19,15,0,116.0,323.0,2.7,20.0,403.0,401.66,312.87
2016,4,19,15,15,178.5,299.0,2.75,19.5,413.5,414.37,325.06
2016,4,19,15,30,241.0,275.0,2.8,19.0,424.0,420.87,332.05
2016,4,19,15,45,152.5,250.0,2.9,18.5,341.5,330.22,261.81
2016,4,19,16,0,64.0,225.0,3.0,18.0,259.0,242.74,192.93
2016,4,19,16,15,204.0,195.5,3.0,17.5,289.0,283.22,226.39
2016,4,19,16,30,344.0,166.0,3.0,17.0,319.0,306.05,243.14
2016,4,19,16,45,315.0,152.5,3.0,16.5,279.0,260.05,204.68
2016,4,19,17,0,286.0,139.0,3.0,16.0,239.0,217.12,168.37
2016,4,19,17,15,392.5,107.0,2.9,15.5,220.0,196.03,145.1
2016,4,19,17,30,499.0,75.0,2.8,15.0,201.0,160.61,108.46
2016,4,19,17,45,438.0,61.5,2.7,15.0,153.5,106.45,65.15
2016,4,19,18,0,377.0,48.0,2.6,15.0,106.0,60.08,33.77
2016,4,19,18,15,254.5,33.5,2.5,14.5,66.0,26.12,16.22
2016,4,19,18,30,132.0,19.0,2.4,14.0,26.0,14.96,0.0
2016,4,19,18,45,66.0,9.5,2.35,14.0,13.0,8.64,0.0
2016,4,19,19,0,0.0,0.0,2.3,14.0,0.0,0.0,0.0
2016,4,19,19,15,0.0,0.0,2.25,13.5,0.0,0.0,0.0
2016,4,19,19,30,0.0,0.0,2.2,13.0,0.0,0.0,0.0
2016,4,19,19,45,0.0,0.0,2.2,13.0,0.0,0.0,0.0
2016,4,19,20,0,0.0,0.0,2.2,13.0,0.0,0.0,0.0
2016,4,19,20,15,0.0,0.0,2.15,12.5,0.0,0.0,0.0
2016,4,19,20,30,0.0,0.0,2.1,12.0,0.0,0.0,0.0
2016,4,19,20,45,0.0,0.0,2.1,12.0,0.0,0.0,0.0
2016,4,19,21,0,0.0,0.0,2.1,12.0,0.0,0.0,0.0
2016,4,19,21,15,0.0,0.0,2.05,12.0,0.0,0.0,0.0
2016,4,19,21,30,0.0,0.0,2.0,12.0,0.0,0.0,0.0
2016,4,19,21,45,0.0,0.0,2.0,12.0,0.0,0.0,0.0
2016,4,19,22,0,0.0,0.0,2.0,12.0,0.0,0.0,0.0
2016,4,19,22,15,0.0,0.0,1.9,12.0,0.0,0.0,0.0
2016,4,19,22,30,0.0,0.0,1.8,12.0,0.0,0.0,0.0
2016,4,19,22,45,0.0,0.0,1.75,12.0,0.0,0.0,0.0
2016,4,19,23,0,0.0,0.0,1.7,12.0,0.0,0.0,0.0
2016,4,19,23,15,0.0,0.0,1.6,12.0,0.0,0.0,0.0
2016,4,19,23,30,0.0,0.0,1.5,12.0,0.0,0.0,0.0
2016,4,19,23,45,0.0,0.0,1.4,12.0,0.0,0.0,0.0
2016,4,20,0,0,0.0,0.0,1.3,12.0,0.0,0.0,0.0
2016,4,20,0,15,0.0,0.0,1.2,12.0,0.0,0.0,0.0
2016,4,20,0,30,0.0,0.0,1.1,12.0,0.0,0.0,0.0
2016,4,20,0,45,0.0,0.0,1.0,12.0,0.0,0.0,0.0
2016,4,20,1,0,0.0,0.0,0.9,12.0,0.0,0.0,0.0
2016,4,20,1,15,0.0,0.0,0.7,12.0,0.0,0.0,0.0
2016,4,20,1,30,0.0,0.0,0.5,12.0,0.0,0.0,0.0
2016,4,20,1,45,0.0,0.0,0.35,12.0,0.0,0.0,0.0
2016,4,20,2,0,0.0,0.0,0.2,12.0,0.0,0.0,0.0
2016,4,20,2,15,0.0,0.0,0.3,12.0,0.0,0.0,0.0
2016,4,20,2,30,0.0,0.0,0.4,12.0,0.0,0.0,0.0
2016,4,20,2,45,0.0,0.0,0.5,12.0,0.0,0.0,0.0
2016,4,20,3,0,0.0,0.0,0.6,12.0,0.0,0.0,0.0
2016,4,20,3,15,0.0,0.0,0.75,12.0,0.0,0.0,0.0
2016,4,20,3,30,0.0,0.0,0.9,12.0,0.0,0.0,0.0
2016,4,20,3,45,0.0,0.0,1.1,12.0,0.0,0.0,0.0
2016,4,20,4,0,0.0,0.0,1.3,12.0,0.0,0.0,0.0
2016,4,20,4,15,0.0,0.0,1.4,12.0,0.0,0.0,0.0
2016,4,20,4,30,0.0,0.0,1.5,12.0,0.0,0.0,0.0
2016,4,20,4,45,0.0,0.0,1.65,12.0,0.0,0.0,0.0
2016,4,20,5,0,0.0,0.0,1.8,12.0,0.0,0.0,0.0
2016,4,20,5,15,0.0,0.0,1.85,12.0,0.0,0.0,0.0
2016,4,20,5,30,0.0,0.0,1.9,12.0,0.0,0.0,0.0
2016,4,20,5,45,146.5,15.5,2.0,12.5,30.0,12.38,0.0
2016,4,20,6,0,293.0,31.0,2.1,13.0,60.0,25.09,15.33
2016,4,20,6,15,395.5,42.0,2.15,13.5,106.0,52.54,28.25
2016,4,20,6,30,498.0,53.0,2.2,14.0,152.0,101.83,59.28
2016,4,20,6,45,565.5,60.5,2.3,14.5,204.5,154.92,100.88
2016,4,20,7,0,633.0,68.0,2.4,15.0,257.0,216.25,152.98
2016,4,20,7,15,677.0,73.5,2.3,15.0,310.5,276.56,206.62
2016,4,20,7,30,721.0,79.0,2.2,15.0,364.0,341.44,263.64
2016,4,20,7,45,753.0,83.5,2.15,15.5,417.5,405.33,318.29
2016,4,20,8,0,785.0,88.0,2.1,16.0,471.0,470.57,372.11
2016,4,20,8,15,807.5,91.5,2.1,16.0,521.5,531.76,421.85
2016,4,20,8,30,830.0,95.0,2.1,16.0,572.0,593.54,470.42
2016,4,20,8,45,616.0,177.0,2.1,16.5,546.5,583.71,460.45
2016,4,20,9,0,402.0,259.0,2.1,17.0,521.0,535.92,421.22
2016,4,20,9,15,482.5,246.0,2.1,17.0,580.5,612.58,479.37
2016,4,20,9,30,563.0,233.0,2.1,17.0,640.0,685.62,533.03
2016,4,20,9,45,609.0,230.0,2.1,17.5,689.5,748.74,576.7
2016,4,20,10,0,655.0,227.0,2.1,18.0,739.0,809.54,617.86
2016,4,20,10,15,638.0,247.5,2.1,18.0,761.5,837.83,635.65
2016,4,20,10,30,621.0,268.0,2.1,18.0,784.0,862.39,650.98
2016,4,20,10,45,625.0,276.0,2.15,18.5,806.5,891.26,668.97
2016,4,20,11,0,629.0,284.0,2.2,19.0,829.0,917.57,685.04
2016,4,20,11,15,639.5,280.5,2.2,19.0,842.0,936.64,697.44
2016,4,20,11,30,650.0,277.0,2.2,19.0,855.0,952.98,708.09
2016,4,20,11,45,783.0,204.5,2.2,19.0,905.5,1019.03,752.38
2016,4,20,12,0,916.0,132.0,2.2,19.0,956.0,1062.2,779.47
2016,4,20,12,15,915.0,132.0,2.2,19.0,954.0,1061.36,778.43
2016,4,20,12,30,914.0,132.0,2.2,19.0,952.0,1056.66,775.54
2016,4,20,12,45,720.0,236.0,2.25,19.0,878.5,982.5,728.11
2016,4,20,13,0,526.0,340.0,2.3,19.0,805.0,883.92,659.04
2016,4,20,13,15,532.5,328.5,2.3,19.0,791.0,868.47,650.25
2016,4,20,13,30,539.0,317.0,2.3,19.0,777.0,850.34,638.83
2016,4,20,13,45,710.5,222.5,2.35,19.0,810.5,901.76,679.49
2016,4,20,14,0,882.0,128.0,2.4,19.0,844.0,922.49,694.32
2016,4,20,14,15,692.5,200.0,2.4,18.5,749.0,817.06,623.83
2016,4,20,14,30,503.0,272.0,2.4,18.0,654.0,701.76,540.64
2016,4,20,14,45,566.5,234.0,2.45,18.0,643.5,691.47,536.46
2016,4,20,15,0,630.0,196.0,2.5,18.0,633.0,678.67,529.14
2016,4,20,15,15,616.0,184.5,2.45,18.0,589.5,626.47,490.82
2016,4,20,15,30,602.0,173.0,2.4,18.0,546.0,573.76,451.57
2016,4,20,15,45,595.0,158.5,2.4,18.0,503.5,522.09,412.41
2016,4,20,16,0,588.0,144.0,2.4,18.0,461.0,469.69,371.52
2016,4,20,16,15,404.5,164.5,2.35,17.5,372.5,361.18,286.32
2016,4,20,16,30,221.0,185.0,2.3,17.0,284.0,266.58,211.55
2016,4,20,16,45,205.5,164.5,2.3,16.5,248.0,227.03,179.33
2016,4,20,17,0,190.0,144.0,2.3,16.0,212.0,189.23,147.76
2016,4,20,17,15,365.0,105.0,2.25,15.5,208.0,187.03,138.47
2016,4,20,17,30,540.0,66.0,2.2,15.0,204.0,158.96,105.23
2016,4,20,17,45,465.0,56.0,2.15,15.0,155.5,103.95,61.92
2016,4,20,18,0,390.0,46.0,2.1,15.0,107.0,58.45,32.18
2016,4,20,18,15,270.5,33.0,2.05,14.5,67.5,26.63,16.78
2016,4,20,18,30,151.0,20.0,2.0,14.0,28.0,15.75,0.0
2016,4,20,18,45,75.5,10.0,1.95,13.5,14.0,9.1,0.0
2016,4,20,19,0,0.0,0.0,1.9,13.0,0.0,0.0,0.0
2016,4,20,19,15,0.0,0.0,1.8,13.0,0.0,0.0,0.0
2016,4,20,19,30,0.0,0.0,1.7,13.0,0.0,0.0,0.0
2016,4,20,19,45,0.0,0.0,1.65,13.0,0.0,0.0,0.0
2016,4,20,20,0,0.0,0.0,1.6,13.0,0.0,0.0,0.0
2016,4,20,20,15,0.0,0.0,1.55,13.0,0.0,0.0,0.0
2016,4,20,20,30,0.0,0.0,1.5,13.0,0.0,0.0,0.0
2016,4,20,20,45,0.0,0.0,1.45,13.0,0.0,0.0,0.0
2016,4,20,21,0,0.0,0.0,1.4,13.0,0.0,0.0,0.0
2016,4,20,21,15,0.0,0.0,1.3,13.0,0.0,0.0,0.0
2016,4,20,21,30,0.0,0.0,1.2,13.0,0.0,0.0,0.0
2016,4,20,21,45,0.0,0.0,1.15,13.0,0.0,0.0,0.0
2016,4,20,22,0,0.0,0.0,1.1,13.0,0.0,0.0,0.0
2016,4,20,22,15,0.0,0.0,1.05,13.0,0.0,0.0,0.0
2016,4,20,22,30,0.0,0.0,1.0,13.0,0.0,0.0,0.0
2016,4,20,22,45,0.0,0.0,0.95,13.0,0.0,0.0,0.0
2016,4,20,23,0,0.0,0.0,0.9,13.0,0.0,0.0,0.0
2016,4,20,23,15,0.0,0.0,0.85,13.0,0.0,0.0,0.0
2016,4,20,23,30,0.0,0.0,0.8,13.0,0.0,0.0,0.0
2016,4,20,23,45,0.0,0.0,0.8,13.0,0.0,0.0,0.0
2016,4,21,0,0,0.0,0.0,0.8,13.0,0.0,0.0,0.0
2016,4,21,0,15,0.0,0.0,0.8,13.0,0.0,0.0,0.0
2016,4,21,0,30,0.0,0.0,0.8,13.0,0.0,0.0,0.0
2016,4,21,0,45,0.0,0.0,0.8,13.0,0.0,0.0,0.0
2016,4,21,1,0,0.0,0.0,0.8,13.0,0.0,0.0,0.0
2016,4,21,1,15,0.0,0.0,0.8,13.0,0.0,0.0,0.0
2016,4,21,1,30,0.0,0.0,0.8,13.0,0.0,0.0,0.0
2016,4,21,1,45,0.0,0.0,0.8,13.0,0.0,0.0,0.0
2016,4,21,2,0,0.0,0.0,0.8,13.0,0.0,0.0,0.0
2016,4,21,2,15,0.0,0.0,0.75,13.0,0.0,0.0,0.0
2016,4,21,2,30,0.0,0.0,0.7,13.0,0.0,0.0,0.0
2016,4,21,2,45,0.0,0.0,0.65,13.0,0.0,0.0,0.0
2016,4,21,3,0,0.0,0.0,0.6,13.0,0.0,0.0,0.0
2016,4,21,3,15,0.0,0.0,0.6,13.0,0.0,0.0,0.0
2016,4,21,3,30,0.0,0.0,0.6,13.0,0.0,0.0,0.0
2016,4,21,3,45,0.0,0.0,0.65,13.0,0.0,0.0,0.0
2016,4,21,4,0,0.0,0.0,0.7,13.0,0.0,0.0,0.0
2016,4,21,4,15,0.0,0.0,0.75,13.0,0.0,0.0,0.0
2016,4,21,4,30,0.0,0.0,0.8,13.0,0.0,0.0,0.0
2016,4,21,4,45,0.0,0.0,0.9,13.0,0.0,0.0,0.0
2016,4,21,5,0,0.0,0.0,1.0,13.0,0.0,0.0,0.0
2016,4,21,5,15,0.0,0.0,1.05,13.0,0.0,0.0,0.0
2016,4,21,5,30,0.0,0.0,1.1,13.0,0.0,0.0,0.0
2016,4,21,5,45,19.5,17.5,1.2,13.5,19.5,14.97,0.0
2016,4,21,6,0,39.0,35.0,1.3,14.0,39.0,28.98,18.73
2016,4,21,6,15,70.5,56.0,1.45,14.0,68.5,50.08,34.58
2016,4,21,6,30,102.0,77.0,1.6,14.0,98.0,77.69,55.97
2016,4,21,6,45,122.0,100.0,1.75,14.5,132.0,109.44,82.05
2016,4,21,7,0,142.0,123.0,1.9,15.0,166.0,144.09,111.05
2016,4,21,7,15,163.5,142.5,1.95,15.0,201.0,178.79,140.37
2016,4,21,7,30,185.0,162.0,2.0,15.0,236.0,216.11,171.76
2016,4,21,7,45,109.5,176.0,2.15,15.0,221.5,210.18,168.62
2016,4,21,8,0,34.0,190.0,2.3,15.0,207.0,190.22,152.68
2016,4,21,8,15,67.5,223.0,2.4,15.0,261.0,241.83,194.45
2016,4,21,8,30,101.0,256.0,2.5,15.0,315.0,297.44,238.82
2016,4,21,8,45,118.0,280.0,2.6,15.5,353.5,345.01,275.56
2016,4,21,9,0,135.0,304.0,2.7,16.0,392.0,387.5,307.83
2016,4,21,9,15,226.0,313.5,2.75,16.0,472.5,471.39,373.5
2016,4,21,9,30,317.0,323.0,2.8,16.0,553.0,572.72,450.63
2016,4,21,9,45,173.5,317.5,2.85,16.5,444.5,454.1,357.2
2016,4,21,10,0,30.0,312.0,2.9,17.0,336.0,322.44,252.05
2016,4,21,10,15,173.5,350.0,2.9,17.0,494.0,501.17,392.23
2016,4,21,10,30,317.0,388.0,2.9,17.0,652.0,689.6,531.84
2016,4,21,10,45,187.0,391.5,2.95,17.0,548.5,567.56,438.65
2016,4,21,11,0,57.0,395.0,3.0,17.0,445.0,437.32,338.35
2016,4,21,11,15,190.0,409.0,3.0,17.0,578.0,597.39,461.47
2016,4,21,11,30,323.0,423.0,3.0,17.0,711.0,760.8,580.63
2016,4,21,11,45,336.0,415.0,3.05,17.0,717.0,769.02,585.81
2016,4,21,12,0,349.0,407.0,3.1,17.0,723.0,775.63,591.07
2016,4,21,12,15,613.0,274.0,3.15,17.0,826.5,921.56,701.01
2016,4,21,12,30,877.0,141.0,3.2,17.0,930.0,1027.46,773.81
2016,4,21,12,45,639.0,261.5,3.3,17.5,833.5,926.44,702.9
2016,4,21,13,0,401.0,382.0,3.4,18.0,737.0,790.09,601.49
2016,4,21,13,15,413.0,364.0,3.5,17.5,723.0,787.46,602.9
2016,4,21,13,30,425.0,346.0,3.6,17.0,709.0,770.6,593.5
2016,4,21,13,45,387.5,356.0,3.7,17.0,679.5,722.15,558.85
2016,4,21,14,0,350.0,366.0,3.8,17.0,650.0,686.2,532.78
2016,4,21,14,15,397.5,331.5,3.85,17.0,642.5,678.75,529.78
2016,4,21,14,30,445.0,297.0,3.9,17.0,635.0,677.48,530.76
2016,4,21,14,45,326.5,311.5,3.95,17.0,553.0,569.53,448.8
2016,4,21,15,0,208.0,326.0,4.0,17.0,471.0,471.05,372.66
2016,4,21,15,15,171.5,305.5,4.0,17.0,420.0,414.55,329.38
2016,4,21,15,30,135.0,285.0,4.0,17.0,369.0,361.12,287.78
2016,4,21,15,45,465.5,186.5,4.0,17.0,444.0,467.38,375.27
2016,4,21,16,0,796.0,88.0,4.0,17.0,519.0,524.9,420.04
2016,4,21,16,15,421.5,133.5,4.0,16.5,359.5,338.99,271.8
2016,4,21,16,30,47.0,179.0,4.0,16.0,200.0,182.78,146.39
2016,4,21,16,45,42.5,157.5,4.0,16.0,175.0,157.67,126.04
2016,4,21,17,0,38.0,136.0,4.0,16.0,150.0,133.25,105.81
2016,4,21,17,15,31.0,115.0,3.9,15.5,125.0,109.42,86.09
2016,4,21,17,30,24.0,94.0,3.8,15.0,100.0,86.7,67.11
2016,4,21,17,45,13.5,73.0,3.75,14.5,76.5,64.72,48.76
2016,4,21,18,0,3.0,52.0,3.7,14.0,53.0,44.94,32.09
2016,4,21,18,15,1.5,33.0,3.6,13.5,33.5,28.58,18.61
2016,4,21,18,30,0.0,14.0,3.5,13.0,14.0,12.32,0.0
2016,4,21,18,45,0.0,7.0,3.45,13.0,7.0,6.37,0.0
2016,4,21,19,0,0.0,0.0,3.4,13.0,0.0,0.0,0.0
2016,4,21,19,15,0.0,0.0,3.4,13.0,0.0,0.0,0.0
2016,4,21,19,30,0.0,0.0,3.4,13.0,0.0,0.0,0.0
2016,4,21,19,45,0.0,0.0,3.45,13.0,0.0,0.0,0.0
2016,4,21,20,0,0.0,0.0,3.5,13.0,0.0,0.0,0.0
2016,4,21,20,15,0.0,0.0,3.6,13.0,0.0,0.0,0.0
2016,4,21,20,30,0.0,0.0,3.7,13.0,0.0,0.0,0.0
2016,4,21,20,45,0.0,0.0,3.8,13.0,0.0,0.0,0.0
2016,4,21,21,0,0.0,0.0,3.9,13.0,0.0,0.0,0.0
2016,4,21,21,15,0.0,0.0,4.0,13.0,0.0,0.0,0.0
2016,4,21,21,30,0.0,0.0,4.1,13.0,0.0,0.0,0.0
2016,4,21,21,45,0.0,0.0,4.2,13.0,0.0,0.0,0.0
2016,4,21,22,0,0.0,0.0,4.3,13.0,0.0,0.0,0.0
2016,4,21,22,15,0.0,0.0,4.35,13.0,0.0,0.0,0.0
2016,4,21,22,30,0.0,0.0,4.4,13.0,0.0,0.0,0.0
2016,4,21,22,45,0.0,0.0,4.5,13.0,0.0,0.0,0.0
2016,4,21,23,0,0.0,0.0,4.6,13.0,0.0,0.0,0.0
2016,4,21,23,15,0.0,0.0,4.6,13.0,0.0,0.0,0.0
2016,4,21,23,30,0.0,0.0,4.6,13.0,0.0,0.0,0.0
2016,4,21,23,45,0.0,0.0,4.65,13.0,0.0,0.0,0.0
2016,4,22,0,0,0.0,0.0,4.7,13.0,0.0,0.0,0.0
2016,4,22,0,15,0.0,0.0,4.75,13.0,0.0,0.0,0.0
2016,4,22,0,30,0.0,0.0,4.8,13.0,0.0,0.0,0.0
2016,4,22,0,45,0.0,0.0,4.85,13.0,0.0,0.0,0.0
2016,4,22,1,0,0.0,0.0,4.9,13.0,0.0,0.0,0.0
2016,4,22,1,15,0.0,0.0,4.9,13.0,0.0,0.0,0.0
2016,4,22,1,30,0.0,0.0,4.9,13.0,0.0,0.0,0.0
2016,4,22,1,45,0.0,0.0,4.9,13.0,0.0,0.0,0.0
2016,4,22,2,0,0.0,0.0,4.9,13.0,0.0,0.0,0.0
2016,4,22,2,15,0.0,0.0,4.95,13.0,0.0,0.0,0.0
2016,4,22,2,30,0.0,0.0,5.0,13.0,0.0,0.0,0.0
2016,4,22,2,45,0.0,0.0,5.05,13.0,0.0,0.0,0.0
2016,4,22,3,0,0.0,0.0,5.1,13.0,0.0,0.0,0.0
2016,4,22,3,15,0.0,0.0,5.15,13.0,0.0,0.0,0.0
2016,4,22,3,30,0.0,0.0,5.2,13.0,0.0,0.0,0.0
2016,4,22,3,45,0.0,0.0,5.3,13.0,0.0,0.0,0.0
2016,4,22,4,0,0.0,0.0,5.4,13.0,0.0,0.0,0.0
2016,4,22,4,15,0.0,0.0,5.5,13.0,0.0,0.0,0.0
2016,4,22,4,30,0.0,0.0,5.6,13.0,0.0,0.0,0.0
2016,4,22,4,45,0.0,0.0,5.75,13.0,0.0,0.0,0.0
2016,4,22,5,0,0.0,0.0,5.9,13.0,0.0,0.0,0.0
2016,4,22,5,15,0.0,0.0,5.9,13.0,0.0,0.0,0.0
2016,4,22,5,30,0.0,0.0,5.9,13.0,0.0,0.0,0.0
2016,4,22,5,45,109.0,19.0,5.95,13.5,30.5,14.89,0.22
2016,4,22,6,0,218.0,38.0,6.0,14.0,61.0,29.52,19.31
2016,4,22,6,15,318.0,50.5,6.05,14.0,105.0,55.77,32.7
2016,4,22,6,30,418.0,63.0,6.1,14.0,149.0,102.95,63.75
2016,4,22,6,45,492.0,70.5,6.2,14.0,200.0,152.16,102.45
2016,4,22,7,0,566.0,78.0,6.3,14.0,251.0,210.49,152.33
2016,4,22,7,15,371.0,121.5,6.4,14.0,243.5,227.55,176.95
2016,4,22,7,30,176.0,165.0,6.5,14.0,236.0,215.51,173.39
2016,4,22,7,45,175.5,189.0,6.6,14.0,268.0,249.69,202.78
2016,4,22,8,0,175.0,213.0,6.7,14.0,300.0,283.79,231.48
2016,4,22,8,15,99.5,215.0,6.8,14.0,266.0,251.14,204.65
2016,4,22,8,30,24.0,217.0,6.9,14.0,232.0,209.37,169.28
2016,4,22,8,45,12.0,158.0,7.05,14.5,165.5,148.92,118.82
2016,4,22,9,0,0.0,99.0,7.2,15.0,99.0,87.88,67.69
2016,4,22,9,15,41.5,216.5,7.3,15.0,247.0,232.24,186.96
2016,4,22,9,30,83.0,334.0,7.4,15.0,395.0,381.47,306.9
2016,4,22,9,45,157.0,356.5,7.5,15.0,478.0,478.98,385.14
2016,4,22,10,0,231.0,379.0,7.6,15.0,561.0,571.66,458.67
2016,4,22,10,15,144.5,378.5,7.75,15.0,494.0,503.68,402.98
2016,4,22,10,30,58.0,378.0,7.9,15.0,427.0,416.79,332.04
2016,4,22,10,45,51.5,379.5,8.05,15.0,424.0,414.25,329.73
2016,4,22,11,0,45.0,381.0,8.2,15.0,421.0,411.14,326.88
2016,4,22,11,15,32.5,351.0,8.25,14.5,380.5,369.81,294.4
2016,4,22,11,30,20.0,321.0,8.3,14.0,340.0,314.66,250.73
2016,4,22,11,45,10.0,202.5,8.4,14.0,212.0,193.26,153.12
2016,4,22,12,0,0.0,84.0,8.5,14.0,84.0,74.89,56.23
2016,4,22,12,15,158.0,257.5,8.4,14.0,400.0,428.99,347.84
2016,4,22,12,30,316.0,431.0,8.3,14.0,716.0,764.62,609.22
2016,4,22,12,45,378.5,398.5,8.25,14.0,736.5,789.69,629.59
2016,4,22,13,0,441.0,366.0,8.2,14.0,757.0,824.18,657.59
2016,4,22,13,15,652.0,254.5,8.05,14.0,819.5,909.89,728.63
2016,4,22,13,30,863.0,143.0,7.9,14.0,882.0,973.98,777.18
2016,4,22,13,45,664.0,229.5,7.8,14.0,789.0,863.52,694.07
2016,4,22,14,0,465.0,316.0,7.7,14.0,696.0,748.27,601.49
2016,4,22,14,15,648.0,227.5,7.65,14.0,734.0,803.54,649.46
2016,4,22,14,30,831.0,139.0,7.6,14.0,772.0,835.62,676.41
2016,4,22,14,45,834.5,129.5,7.6,14.0,738.5,794.89,646.4
2016,4,22,15,0,838.0,120.0,7.6,14.0,705.0,751.06,614.05
2016,4,22,15,15,670.0,164.5,7.55,13.5,614.0,641.95,527.05
2016,4,22,15,30,502.0,209.0,7.5,13.0,523.0,538.11,442.73
2016,4,22,15,45,646.0,154.0,7.45,13.0,526.0,545.76,449.86
2016,4,22,16,0,790.0,99.0,7.4,13.0,529.0,531.71,437.6
2016,4,22,16,15,763.5,95.0,7.2,13.0,477.5,469.19,383.48
2016,4,22,16,30,737.0,91.0,7.0,13.0,426.0,407.29,328.74
2016,4,22,16,45,697.0,87.0,6.85,13.0,372.5,342.76,270.92
2016,4,22,17,0,657.0,83.0,6.7,13.0,319.0,281.9,215.44
2016,4,22,17,15,603.0,76.0,6.45,12.5,266.0,218.91,159.02
2016,4,22,17,30,549.0,69.0,6.2,12.0,213.0,162.1,109.21
2016,4,22,17,45,457.0,61.0,5.95,12.0,162.5,106.62,65.56
2016,4,22,18,0,365.0,53.0,5.7,12.0,112.0,61.03,35.76
2016,4,22,18,15,241.0,39.0,5.5,11.5,72.0,30.3,20.34
2016,4,22,18,30,117.0,25.0,5.3,11.0,32.0,19.65,4.36
2016,4,22,18,45,58.5,12.5,5.15,11.0,16.0,11.37,0.0
2016,4,22,19,0,0.0,0.0,5.0,11.0,0.0,0.0,0.0
2016,4,22,19,15,0.0,0.0,4.85,11.0,0.0,0.0,0.0
2016,4,22,19,30,0.0,0.0,4.7,11.0,0.0,0.0,0.0
2016,4,22,19,45,0.0,0.0,4.55,11.0,0.0,0.0,0.0
2016,4,22,20,0,0.0,0.0,4.4,11.0,0.0,0.0,0.0
2016,4,22,20,15,0.0,0.0,4.3,10.5,0.0,0.0,0.0
2016,4,22,20,30,0.0,0.0,4.2,10.0,0.0,0.0,0.0
2016,4,22,20,45,0.0,0.0,4.1,10.0,0.0,0.0,0.0
2016,4,22,21,0,0.0,0.0,4.0,10.0,0.0,0.0,0.0
2016,4,22,21,15,0.0,0.0,3.9,10.0,0.0,0.0,0.0
2016,4,22,21,30,0.0,0.0,3.8,10.0,0.0,0.0,0.0
2016,4,22,21,45,0.0,0.0,3.75,10.0,0.0,0.0,0.0
2016,4,22,22,0,0.0,0.0,3.7,10.0,0.0,0.0,0.0
2016,4,22,22,15,0.0,0.0,3.65,10.0,0.0,0.0,0.0
2016,4,22,22,30,0.0,0.0,3.6,10.0,0.0,0.0,0.0
2016,4,22,22,45,0.0,0.0,3.55,10.0,0.0,0.0,0.0
2016,4,22,23,0,0.0,0.0,3.5,10.0,0.0,0.0,0.0
2016,4,22,23,15,0.0,0.0,3.5,10.0,0.0,0.0,0.0
2016,4,22,23,30,0.0,0.0,3.5,10.0,0.0,0.0,0.0
2016,4,22,23,45,0.0,0.0,3.5,10.0,0.0,0.0,0.0
2016,4,23,0,0,0.0,0.0,3.5,10.0,0.0,0.0,0.0
2016,4,23,0,15,0.0,0.0,3.45,10.0,0.0,0.0,0.0
2016,4,23,0,30,0.0,0.0,3.4,10.0,0.0,0.0,0.0
2016,4,23,0,45,0.0,0.0,3.35,10.0,0.0,0.0,0.0
2016,4,23,1,0,0.0,0.0,3.3,10.0,0.0,0.0,0.0
2016,4,23,1,15,0.0,0.0,3.25,10.0,0.0,0.0,0.0
2016,4,23,1,30,0.0,0.0,3.2,10.0,0.0,0.0,0.0
2016,4,23,1,45,0.0,0.0,3.15,10.0,0.0,0.0,0.0
2016,4,23,2,0,0.0,0.0,3.1,10.0,0.0,0.0,0.0
2016,4,23,2,15,0.0,0.0,3.05,10.0,0.0,0.0,0.0
2016,4,23,2,30,0.0,0.0,3.0,10.0,0.0,0.0,0.0
2016,4,23,2,45,0.0,0.0,2.95,10.0,0.0,0.0,0.0
2016,4,23,3,0,0.0,0.0,2.9,10.0,0.0,0.0,0.0
2016,4,23,3,15,0.0,0.0,2.95,10.0,0.0,0.0,0.0
2016,4,23,3,30,0.0,0.0,3.0,10.0,0.0,0.0,0.0
2016,4,23,3,45,0.0,0.0,3.05,10.0,0.0,0.0,0.0
2016,4,23,4,0,0.0,0.0,3.1,10.0,0.0,0.0,0.0
2016,4,23,4,15,0.0,0.0,3.15,10.0,0.0,0.0,0.0
2016,4,23,4,30,0.0,0.0,3.2,10.0,0.0,0.0,0.0
2016,4,23,4,45,0.0,0.0,3.3,10.0,0.0,0.0,0.0
2016,4,23,5,0,0.0,0.0,3.4,10.0,0.0,0.0,0.0
2016,4,23,5,15,0.0,0.0,3.55,10.5,0.0,0.0,0.0
2016,4,23,5,30,0.0,0.0,3.7,11.0,0.0,0.0,0.0
2016,4,23,5,45,141.0,18.5,3.85,11.5,33.5,14.5,1.8
2016,4,23,6,0,282.0,37.0,4.0,12.0,67.0,30.1,20.16
2016,4,23,6,15,380.0,48.0,4.05,12.0,113.0,58.17,33.23
2016,4,23,6,30,478.0,59.0,4.1,12.0,159.0,106.15,64.32
2016,4,23,6,45,540.0,67.0,4.2,12.5,210.0,157.54,105.35
2016,4,23,7,0,602.0,75.0,4.3,13.0,261.0,216.47,156.18
2016,4,23,7,15,645.5,81.0,4.2,13.0,314.0,275.17,209.04
2016,4,23,7,30,689.0,87.0,4.1,13.0,367.0,338.4,265.47
2016,4,23,7,45,718.0,92.5,4.1,13.0,418.5,399.23,319.31
2016,4,23,8,0,747.0,98.0,4.1,13.0,470.0,462.17,373.45
2016,4,23,8,15,770.0,102.0,4.1,13.0,519.5,522.37,423.94
2016,4,23,8,30,793.0,106.0,4.1,13.0,569.0,582.79,473.16
2016,4,23,8,45,807.0,110.5,4.2,13.5,614.0,638.34,516.68
2016,4,23,9,0,821.0,115.0,4.3,14.0,659.0,693.05,558.38
2016,4,23,9,15,834.0,117.5,4.3,14.0,699.5,743.86,596.51
2016,4,23,9,30,847.0,120.0,4.3,14.0,740.0,793.15,631.42
2016,4,23,9,45,866.5,116.5,4.35,14.5,777.0,833.54,658.53
2016,4,23,10,0,886.0,113.0,4.4,15.0,814.0,877.92,688.27
2016,4,23,10,15,669.0,223.0,4.4,15.0,763.0,839.23,658.37
2016,4,23,10,30,452.0,333.0,4.4,15.0,712.0,767.43,599.92
2016,4,23,10,45,451.5,343.5,4.45,15.5,730.0,790.62,615.67
2016,4,23,11,0,451.0,354.0,4.5,16.0,748.0,811.75,629.27
2016,4,23,11,15,681.0,238.0,4.4,16.0,844.0,932.54,720.78
2016,4,23,11,30,911.0,122.0,4.3,16.0,940.0,1032.11,787.79
2016,4,23,11,45,640.0,267.0,4.25,16.0,843.5,936.29,719.03
2016,4,23,12,0,369.0,412.0,4.2,16.0,747.0,798.77,613.76
2016,4,23,12,15,416.0,390.0,4.25,16.0,767.5,835.28,642.1
2016,4,23,12,30,463.0,368.0,4.3,16.0,788.0,858.33,660.1
2016,4,23,12,45,477.0,350.5,4.35,16.0,779.0,850.14,655.36
2016,4,23,13,0,491.0,333.0,4.4,16.0,770.0,839.22,648.93
2016,4,23,13,15,490.5,326.0,4.55,16.0,755.0,822.08,638.14
2016,4,23,13,30,490.0,319.0,4.7,16.0,740.0,802.71,625.66
2016,4,23,13,45,679.0,223.0,4.9,16.0,788.5,869.46,681.07
2016,4,23,14,0,868.0,127.0,5.1,16.0,837.0,905.11,708.66
2016,4,23,14,15,859.0,125.5,5.2,16.0,805.0,867.79,683.08
2016,4,23,14,30,850.0,124.0,5.3,16.0,773.0,834.4,660.57
2016,4,23,14,45,833.0,124.0,5.45,16.0,734.0,786.79,627.48
2016,4,23,15,0,816.0,124.0,5.6,16.0,695.0,737.71,592.78
2016,4,23,15,15,799.5,121.0,5.6,15.5,652.0,684.79,553.31
2016,4,23,15,30,783.0,118.0,5.6,15.0,609.0,631.01,512.13
2016,4,23,15,45,759.0,115.5,5.65,15.0,561.5,572.74,465.44
2016,4,23,16,0,735.0,113.0,5.7,15.0,514.0,515.07,418.02
2016,4,23,16,15,707.0,108.0,5.65,14.5,463.5,453.51,366.81
2016,4,23,16,30,679.0,103.0,5.6,14.0,413.0,393.66,315.52
2016,4,23,16,45,631.5,99.5,5.6,14.0,360.5,330.21,259.82
2016,4,23,17,0,584.0,96.0,5.6,14.0,308.0,271.43,207.35
2016,4,23,17,15,530.5,87.5,5.5,13.5,256.5,211.63,154.66
2016,4,23,17,30,477.0,79.0,5.4,13.0,205.0,158.07,108.42
2016,4,23,17,45,393.5,68.5,5.35,13.0,157.0,103.81,65.71
2016,4,23,18,0,310.0,58.0,5.3,13.0,109.0,62.18,38.23
2016,4,23,18,15,204.5,41.5,5.2,12.5,70.0,32.14,21.92
2016,4,23,18,30,99.0,25.0,5.1,12.0,31.0,20.26,5.92
2016,4,23,18,45,49.5,12.5,5.05,12.0,15.5,11.37,0.0
2016,4,23,19,0,0.0,0.0,5.0,12.0,0.0,0.0,0.0
2016,4,23,19,15,0.0,0.0,4.9,12.0,0.0,0.0,0.0
2016,4,23,19,30,0.0,0.0,4.8,12.0,0.0,0.0,0.0
2016,4,23,19,45,0.0,0.0,4.7,12.0,0.0,0.0,0.0
2016,4,23,20,0,0.0,0.0,4.6,12.0,0.0,0.0,0.0
2016,4,23,20,15,0.0,0.0,4.5,12.0,0.0,0.0,0.0
2016,4,23,20,30,0.0,0.0,4.4,12.0,0.0,0.0,0.0
2016,4,23,20,45,0.0,0.0,4.3,12.0,0.0,0.0,0.0
2016,4,23,21,0,0.0,0.0,4.2,12.0,0.0,0.0,0.0
2016,4,23,21,15,0.0,0.0,4.15,11.5,0.0,0.0,0.0
2016,4,23,21,30,0.0,0.0,4.1,11.0,0.0,0.0,0.0
2016,4,23,21,45,0.0,0.0,4.05,11.0,0.0,0.0,0.0
2016,4,23,22,0,0.0,0.0,4.0,11.0,0.0,0.0,0.0
2016,4,23,22,15,0.0,0.0,3.9,11.0,0.0,0.0,0.0
2016,4,23,22,30,0.0,0.0,3.8,11.0,0.0,0.0,0.0
2016,4,23,22,45,0.0,0.0,3.75,11.0,0.0,0.0,0.0
2016,4,23,23,0,0.0,0.0,3.7,11.0,0.0,0.0,0.0
2016,4,23,23,15,0.0,0.0,3.75,11.0,0.0,0.0,0.0
2016,4,23,23,30,0.0,0.0,3.8,11.0,0.0,0.0,0.0
2016,4,23,23,45,0.0,0.0,3.85,11.0,0.0,0.0,0.0
2016,4,24,0,0,0.0,0.0,3.9,11.0,0.0,0.0,0.0
2016,4,24,0,15,0.0,0.0,4.0,11.0,0.0,0.0,0.0
2016,4,24,0,30,0.0,0.0,4.1,11.0,0.0,0.0,0.0
2016,4,24,0,45,0.0,0.0,4.2,11.0,0.0,0.0,0.0
2016,4,24,1,0,0.0,0.0,4.3,11.0,0.0,0.0,0.0
2016,4,24,1,15,0.0,0.0,4.35,11.0,0.0,0.0,0.0
2016,4,24,1,30,0.0,0.0,4.4,11.0,0.0,0.0,0.0
2016,4,24,1,45,0.0,0.0,4.5,11.0,0.0,0.0,0.0
2016,4,24,2,0,0.0,0.0,4.6,11.0,0.0,0.0,0.0
2016,4,24,2,15,0.0,0.0,4.6,11.0,0.0,0.0,0.0
2016,4,24,2,30,0.0,0.0,4.6,11.0,0.0,0.0,0.0
2016,4,24,2,45,0.0,0.0,4.65,11.0,0.0,0.0,0.0
2016,4,24,3,0,0.0,0.0,4.7,11.0,0.0,0.0,0.0
2016,4,24,3,15,0.0,0.0,4.8,10.5,0.0,0.0,0.0
2016,4,24,3,30,0.0,0.0,4.9,10.0,0.0,0.0,0.0
2016,4,24,3,45,0.0,0.0,5.05,10.0,0.0,0.0,0.0
2016,4,24,4,0,0.0,0.0,5.2,10.0,0.0,0.0,0.0
2016,4,24,4,15,0.0,0.0,5.35,10.0,0.0,0.0,0.0
2016,4,24,4,30,0.0,0.0,5.5,10.0,0.0,0.0,0.0
2016,4,24,4,45,0.0,0.0,5.65,10.5,0.0,0.0,0.0
2016,4,24,5,0,0.0,0.0,5.8,11.0,0.0,0.0,0.0
2016,4,24,5,15,0.0,0.0,6.0,11.0,0.0,0.0,0.0
2016,4,24,5,30,0.0,0.0,6.2,11.0,0.0,0.0,0.0
2016,4,24,5,45,82.5,23.0,6.45,11.5,32.5,18.75,5.56
2016,4,24,6,0,165.0,46.0,6.7,12.0,65.0,36.37,25.65
2016,4,24,6,15,255.5,63.0,6.7,12.0,109.5,63.55,41.14
2016,4,24,6,30,346.0,80.0,6.7,12.0,154.0,108.09,71.78
2016,4,24,6,45,428.0,89.5,6.7,12.0,206.5,156.2,109.56
2016,4,24,7,0,510.0,99.0,6.7,12.0,259.0,214.3,158.84
2016,4,24,7,15,388.0,129.0,6.65,12.0,263.5,239.44,187.83
2016,4,24,7,30,266.0,159.0,6.6,12.0,268.0,245.68,198.39
2016,4,24,7,45,489.0,138.0,6.6,12.5,371.5,342.93,278.5
2016,4,24,8,0,712.0,117.0,6.6,13.0,475.0,464.15,378.8
2016,4,24,8,15,737.5,122.0,6.6,13.0,525.0,524.72,430.36
2016,4,24,8,30,763.0,127.0,6.6,13.0,575.0,586.36,481.64
2016,4,24,8,45,792.5,126.0,6.6,13.5,623.5,644.27,528.01
2016,4,24,9,0,822.0,125.0,6.6,14.0,672.0,703.49,574.19
2016,4,24,9,15,836.0,127.5,6.55,14.5,713.5,755.08,613.03
2016,4,24,9,30,850.0,130.0,6.5,15.0,755.0,805.22,648.34
2016,4,24,9,45,865.5,129.5,6.5,15.5,791.5,851.76,680.55
2016,4,24,10,0,881.0,129.0,6.5,16.0,828.0,889.0,705.49
2016,4,24,10,15,888.0,131.0,6.55,16.0,857.0,925.72,731.51
2016,4,24,10,30,895.0,133.0,6.6,16.0,886.0,959.5,755.31
2016,4,24,10,45,898.5,135.0,6.7,16.0,907.0,986.87,774.72
2016,4,24,11,0,902.0,137.0,6.8,16.0,928.0,1010.81,791.74
2016,4,24,11,15,905.0,138.0,7.05,16.0,941.5,1029.73,806.07
2016,4,24,11,30,908.0,139.0,7.3,16.0,955.0,1045.01,817.9
2016,4,24,11,45,902.0,143.5,7.55,16.0,959.0,1051.05,823.2
2016,4,24,12,0,896.0,148.0,7.8,16.0,963.0,1053.22,825.84
2016,4,24,12,15,895.0,148.0,8.0,16.0,961.0,1052.2,826.05
2016,4,24,12,30,894.0,148.0,8.2,16.0,959.0,1047.42,823.63
2016,4,24,12,45,713.0,245.5,8.45,16.0,888.0,979.8,775.42
2016,4,24,13,0,532.0,343.0,8.7,16.0,817.0,887.83,703.26
2016,4,24,13,15,544.0,329.0,8.85,15.5,805.5,875.03,696.61
2016,4,24,13,30,556.0,315.0,9.0,15.0,794.0,859.31,687.46
2016,4,24,13,45,567.0,297.5,9.15,15.0,774.5,836.26,671.46
2016,4,24,14,0,578.0,280.0,9.3,15.0,755.0,810.3,653.1
2016,4,24,14,15,668.5,234.0,9.35,14.5,762.5,824.66,668.41
2016,4,24,14,30,759.0,188.0,9.4,14.0,770.0,827.22,674.43
2016,4,24,14,45,740.0,187.0,9.5,14.0,731.5,779.61,637.65
2016,4,24,15,0,721.0,186.0,9.6,14.0,693.0,730.94,599.61
2016,4,24,15,15,702.5,180.5,9.6,14.0,649.5,677.53,557.17
2016,4,24,15,30,684.0,175.0,9.6,14.0,606.0,623.73,513.68
2016,4,24,15,45,677.0,162.0,9.65,14.0,561.5,569.49,469.26
2016,4,24,16,0,670.0,149.0,9.7,14.0,517.0,514.35,423.01
2016,4,24,16,15,639.0,142.5,9.75,13.5,466.0,453.14,371.3
2016,4,24,16,30,608.0,136.0,9.8,13.0,415.0,394.13,320.16
2016,4,24,16,45,579.5,124.0,9.85,13.0,364.0,333.53,266.09
2016,4,24,17,0,551.0,112.0,9.9,13.0,313.0,272.67,211.11
2016,4,24,17,15,495.5,101.5,9.9,12.5,261.0,212.78,158.09
2016,4,24,17,30,440.0,91.0,9.9,12.0,209.0,159.35,111.83
2016,4,24,17,45,364.0,77.5,9.9,12.0,160.5,107.77,70.77
2016,4,24,18,0,288.0,64.0,9.9,12.0,112.0,65.74,42.12
2016,4,24,18,15,189.0,45.0,9.9,11.5,72.0,34.81,24.39
2016,4,24,18,30,90.0,26.0,9.9,11.0,32.0,21.03,7.48
2016,4,24,18,45,45.0,13.0,9.95,11.0,16.0,11.82,0.0
2016,4,24,19,0,0.0,0.0,10.0,11.0,0.0,0.0,0.0
2016,4,24,19,15,0.0,0.0,9.95,11.0,0.0,0.0,0.0
2016,4,24,19,30,0.0,0.0,9.9,11.0,0.0,0.0,0.0
2016,4,24,19,45,0.0,0.0,9.9,11.0,0.0,0.0,0.0
2016,4,24,20,0,0.0,0.0,9.9,11.0,0.0,0.0,0.0
2016,4,24,20,15,0.0,0.0,9.8,10.5,0.0,0.0,0.0
2016,4,24,20,30,0.0,0.0,9.7,10.0,0.0,0.0,0.0
2016,4,24,20,45,0.0,0.0,9.6,10.0,0.0,0.0,0.0
2016,4,24,21,0,0.0,0.0,9.5,10.0,0.0,0.0,0.0
2016,4,24,21,15,0.0,0.0,9.35,10.0,0.0,0.0,0.0
2016,4,24,21,30,0.0,0.0,9.2,10.0,0.0,0.0,0.0
2016,4,24,21,45,0.0,0.0,9.05,10.0,0.0,0.0,0.0
2016,4,24,22,0,0.0,0.0,8.9,10.0,0.0,0.0,0.0
2016,4,24,22,15,0.0,0.0,8.8,9.5,0.0,0.0,0.0
2016,4,24,22,30,0.0,0.0,8.7,9.0,0.0,0.0,0.0
2016,4,24,22,45,0.0,0.0,8.6,9.0,0.0,0.0,0.0
2016,4,24,23,0,0.0,0.0,8.5,9.0,0.0,0.0,0.0
2016,4,24,23,15,0.0,0.0,8.45,9.0,0.0,0.0,0.0
2016,4,24,23,30,0.0,0.0,8.4,9.0,0.0,0.0,0.0
2016,4,24,23,45,0.0,0.0,8.35,9.0,0.0,0.0,0.0
2016,4,25,0,0,0.0,0.0,8.3,9.0,0.0,0.0,0.0
2016,4,25,0,15,0.0,0.0,8.15,9.0,0.0,0.0,0.0
2016,4,25,0,30,0.0,0.0,8.0,9.0,0.0,0.0,0.0
2016,4,25,0,45,0.0,0.0,7.9,9.0,0.0,0.0,0.0
2016,4,25,1,0,0.0,0.0,7.8,9.0,0.0,0.0,0.0
2016,4,25,1,15,0.0,0.0,7.65,9.0,0.0,0.0,0.0
2016,4,25,1,30,0.0,0.0,7.5,9.0,0.0,0.0,0.0
2016,4,25,1,45,0.0,0.0,7.35,9.0,0.0,0.0,0.0
2016,4,25,2,0,0.0,0.0,7.2,9.0,0.0,0.0,0.0
2016,4,25,2,15,0.0,0.0,7.0,8.5,0.0,0.0,0.0
2016,4,25,2,30,0.0,0.0,6.8,8.0,0.0,0.0,0.0
2016,4,25,2,45,0.0,0.0,6.65,8.0,0.0,0.0,0.0
2016,4,25,3,0,0.0,0.0,6.5,8.0,0.0,0.0,0.0
2016,4,25,3,15,0.0,0.0,6.35,8.0,0.0,0.0,0.0
2016,4,25,3,30,0.0,0.0,6.2,8.0,0.0,0.0,0.0
2016,4,25,3,45,0.0,0.0,6.05,8.0,0.0,0.0,0.0
2016,4,25,4,0,0.0,0.0,5.9,8.0,0.0,0.0,0.0
2016,4,25,4,15,0.0,0.0,5.8,8.0,0.0,0.0,0.0
2016,4,25,4,30,0.0,0.0,5.7,8.0,0.0,0.0,0.0
2016,4,25,4,45,0.0,0.0,5.6,8.0,0.0,0.0,0.0
2016,4,25,5,0,0.0,0.0,5.5,8.0,0.0,0.0,0.0
2016,4,25,5,15,0.0,0.0,5.6,8.0,0.0,0.0,0.0
2016,4,25,5,30,0.0,0.0,5.7,8.0,0.0,0.0,0.0
2016,4,25,5,45,196.0,17.0,5.8,8.5,40.0,13.3,3.23
2016,4,25,6,0,392.0,34.0,5.9,9.0,80.0,27.24,18.16
2016,4,25,6,15,485.0,43.0,6.0,9.5,129.0,59.2,31.24
2016,4,25,6,30,578.0,52.0,6.1,10.0,178.0,111.54,65.1
2016,4,25,6,45,638.0,58.0,6.2,10.5,231.5,166.97,110.2
2016,4,25,7,0,698.0,64.0,6.3,11.0,285.0,231.16,166.83
2016,4,25,7,15,737.5,68.5,6.3,11.0,340.0,292.66,223.75
2016,4,25,7,30,777.0,73.0,6.3,11.0,395.0,358.04,283.85
2016,4,25,7,45,805.0,77.0,6.3,11.5,448.5,421.6,341.03
2016,4,25,8,0,833.0,81.0,6.3,12.0,502.0,486.97,398.04
2016,4,25,8,15,854.0,84.5,6.2,12.0,553.0,549.52,451.74
2016,4,25,8,30,875.0,88.0,6.1,12.0,604.0,610.44,502.6
2016,4,25,8,45,890.0,90.5,6.05,12.5,651.5,667.79,548.31
2016,4,25,9,0,905.0,93.0,6.0,13.0,699.0,724.14,591.85
2016,4,25,9,15,917.0,95.0,6.0,13.0,740.5,776.49,630.86
2016,4,25,9,30,929.0,97.0,6.0,13.0,782.0,827.0,667.55
2016,4,25,9,45,936.0,99.5,6.05,13.5,817.5,871.83,698.54
2016,4,25,10,0,943.0,102.0,6.1,14.0,853.0,913.91,727.19
2016,4,25,10,15,949.0,103.5,6.15,14.0,882.0,951.12,753.48
2016,4,25,10,30,955.0,105.0,6.2,14.0,911.0,985.12,777.37
2016,4,25,10,45,958.5,106.5,6.3,14.5,932.5,1013.4,795.9
2016,4,25,11,0,962.0,108.0,6.4,15.0,954.0,1038.03,811.82
2016,4,25,11,15,964.5,108.5,6.45,15.0,967.5,1056.89,824.93
2016,4,25,11,30,967.0,109.0,6.5,15.0,981.0,1071.87,835.4
2016,4,25,11,45,965.0,110.5,6.6,15.0,986.0,1079.44,841.07
2016,4,25,12,0,963.0,112.0,6.7,15.0,991.0,1082.95,844.03
2016,4,25,12,15,726.0,240.0,6.75,15.0,902.0,995.93,781.87
2016,4,25,12,30,489.0,368.0,6.8,15.0,813.0,881.84,692.79
2016,4,25,12,45,717.5,242.5,6.85,15.0,887.5,979.9,772.09
2016,4,25,13,0,946.0,117.0,6.9,15.0,962.0,1047.1,820.92
2016,4,25,13,15,942.0,116.5,6.95,15.0,944.0,1026.98,806.93
2016,4,25,13,30,938.0,116.0,7.0,15.0,926.0,1003.19,790.73
2016,4,25,13,45,711.5,214.0,7.05,15.5,818.5,887.41,705.38
2016,4,25,14,0,485.0,312.0,7.1,16.0,711.0,758.55,603.2
2016,4,25,14,15,511.5,288.5,7.15,15.5,695.0,739.98,592.26
2016,4,25,14,30,538.0,265.0,7.2,15.0,679.0,717.7,577.87
2016,4,25,14,45,710.5,186.0,7.25,15.0,704.5,754.5,610.56
2016,4,25,15,0,883.0,107.0,7.3,15.0,730.0,762.43,619.55
2016,4,25,15,15,868.0,104.5,7.35,15.0,685.5,712.58,581.32
2016,4,25,15,30,853.0,102.0,7.4,15.0,641.0,657.22,537.22
2016,4,25,15,45,832.5,99.0,7.45,15.0,592.0,597.24,488.41
2016,4,25,16,0,812.0,96.0,7.5,15.0,543.0,537.28,438.34
2016,4,25,16,15,786.0,92.0,7.5,14.5,491.0,474.04,384.99
2016,4,25,16,30,760.0,88.0,7.5,14.0,439.0,412.11,331.12
2016,4,25,16,45,722.5,84.0,7.5,14.0,385.0,346.47,272.43
2016,4,25,17,0,685.0,80.0,7.5,14.0,331.0,285.14,216.49
2016,4,25,17,15,634.5,73.5,7.35,13.5,277.5,222.05,159.86
2016,4,25,17,30,584.0,67.0,7.2,13.0,224.0,164.65,109.47
2016,4,25,17,45,503.5,59.0,7.1,12.5,173.0,108.55,65.24
2016,4,25,18,0,423.0,51.0,7.0,12.0,122.0,62.59,35.83
2016,4,25,18,15,304.0,38.0,6.75,11.5,80.0,30.69,20.93
2016,4,25,18,30,185.0,25.0,6.5,11.0,38.0,19.64,7.45
2016,4,25,18,45,92.5,12.5,6.3,11.0,19.0,11.37,0.0
2016,4,25,19,0,0.0,0.0,6.1,11.0,0.0,0.0,0.0
2016,4,25,19,15,0.0,0.0,5.85,10.5,0.0,0.0,0.0
2016,4,25,19,30,0.0,0.0,5.6,10.0,0.0,0.0,0.0
2016,4,25,19,45,0.0,0.0,5.4,10.0,0.0,0.0,0.0
2016,4,25,20,0,0.0,0.0,5.2,10.0,0.0,0.0,0.0
2016,4,25,20,15,0.0,0.0,5.15,10.0,0.0,0.0,0.0
2016,4,25,20,30,0.0,0.0,5.1,10.0,0.0,0.0,0.0
2016,4,25,20,45,0.0,0.0,5.05,10.0,0.0,0.0,0.0
2016,4,25,21,0,0.0,0.0,5.0,10.0,0.0,0.0,0.0
2016,4,25,21,15,0.0,0.0,4.95,10.0,0.0,0.0,0.0
2016,4,25,21,30,0.0,0.0,4.9,10.0,0.0,0.0,0.0
2016,4,25,21,45,0.0,0.0,4.9,10.0,0.0,0.0,0.0
2016,4,25,22,0,0.0,0.0,4.9,10.0,0.0,0.0,0.0
2016,4,25,22,15,0.0,0.0,4.9,9.5,0.0,0.0,0.0
2016,4,25,22,30,0.0,0.0,4.9,9.0,0.0,0.0,0.0
2016,4,25,22,45,0.0,0.0,4.95,9.0,0.0,0.0,0.0
2016,4,25,23,0,0.0,0.0,5.0,9.0,0.0,0.0,0.0
2016,4,25,23,15,0.0,0.0,5.0,9.0,0.0,0.0,0.0
2016,4,25,23,30,0.0,0.0,5.0,9.0,0.0,0.0,0.0
2016,4,25,23,45,0.0,0.0,5.0,9.0,0.0,0.0,0.0
2016,4,26,0,0,0.0,0.0,5.0,9.0,0.0,0.0,0.0
2016,4,26,0,15,0.0,0.0,4.9,9.0,0.0,0.0,0.0
2016,4,26,0,30,0.0,0.0,4.8,9.0,0.0,0.0,0.0
2016,4,26,0,45,0.0,0.0,4.7,9.0,0.0,0.0,0.0
2016,4,26,1,0,0.0,0.0,4.6,9.0,0.0,0.0,0.0
2016,4,26,1,15,0.0,0.0,4.45,9.0,0.0,0.0,0.0
2016,4,26,1,30,0.0,0.0,4.3,9.0,0.0,0.0,0.0
2016,4,26,1,45,0.0,0.0,4.15,9.0,0.0,0.0,0.0
2016,4,26,2,0,0.0,0.0,4.0,9.0,0.0,0.0,0.0
2016,4,26,2,15,0.0,0.0,3.95,8.5,0.0,0.0,0.0
2016,4,26,2,30,0.0,0.0,3.9,8.0,0.0,0.0,0.0
2016,4,26,2,45,0.0,0.0,3.85,8.0,0.0,0.0,0.0
2016,4,26,3,0,0.0,0.0,3.8,8.0,0.0,0.0,0.0
2016,4,26,3,15,0.0,0.0,3.75,8.0,0.0,0.0,0.0
2016,4,26,3,30,0.0,0.0,3.7,8.0,0.0,0.0,0.0
2016,4,26,3,45,0.0,0.0,3.7,8.0,0.0,0.0,0.0
2016,4,26,4,0,0.0,0.0,3.7,8.0,0.0,0.0,0.0
2016,4,26,4,15,0.0,0.0,3.65,8.0,0.0,0.0,0.0
2016,4,26,4,30,0.0,0.0,3.6,8.0,0.0,0.0,0.0
2016,4,26,4,45,0.0,0.0,3.55,8.0,0.0,0.0,0.0
2016,4,26,5,0,0.0,0.0,3.5,8.0,0.0,0.0,0.0
2016,4,26,5,15,0.0,4.0,3.5,8.5,4.0,0.0,0.0
2016,4,26,5,30,0.0,8.0,3.5,9.0,8.0,7.28,0.0
2016,4,26,5,45,62.5,26.0,3.55,9.5,33.5,21.06,9.36
2016,4,26,6,0,125.0,44.0,3.6,10.0,59.0,34.93,24.9
2016,4,26,6,15,170.0,63.5,3.65,10.0,94.5,60.63,41.39
2016,4,26,6,30,215.0,83.0,3.7,10.0,130.0,95.77,67.53
2016,4,26,6,45,239.0,103.5,3.8,10.5,169.0,134.03,99.39
2016,4,26,7,0,263.0,124.0,3.9,11.0,208.0,175.47,135.15
2016,4,26,7,15,295.5,138.5,3.9,11.5,249.0,217.12,171.16
2016,4,26,7,30,328.0,153.0,3.9,12.0,290.0,262.43,210.13
2016,4,26,7,45,479.5,136.0,3.9,12.5,365.5,336.9,271.48
2016,4,26,8,0,631.0,119.0,3.9,13.0,441.0,427.14,345.59
2016,4,26,8,15,574.5,154.0,3.8,13.0,469.0,468.08,379.7
2016,4,26,8,30,518.0,189.0,3.7,13.0,497.0,497.67,403.47
2016,4,26,8,45,454.0,230.0,3.6,13.0,515.0,525.04,424.05
2016,4,26,9,0,390.0,271.0,3.5,13.0,533.0,536.84,431.8
2016,4,26,9,15,382.0,292.5,3.45,13.0,562.0,571.86,457.89
2016,4,26,9,30,374.0,314.0,3.4,13.0,591.0,605.12,482.04
2016,4,26,9,45,427.0,307.0,3.4,13.5,637.5,668.04,528.55
2016,4,26,10,0,480.0,300.0,3.4,14.0,684.0,724.37,569.34
2016,4,26,10,15,444.5,328.5,3.55,14.0,693.5,738.63,578.33
2016,4,26,10,30,409.0,357.0,3.7,14.0,703.0,748.89,584.6
2016,4,26,10,45,430.5,357.5,3.9,14.0,729.5,781.86,609.3
2016,4,26,11,0,452.0,358.0,4.1,14.0,756.0,813.75,632.99
2016,4,26,11,15,312.5,407.5,4.3,14.0,685.0,725.07,565.27
2016,4,26,11,30,173.0,457.0,4.5,14.0,614.0,629.19,491.3
2016,4,26,11,45,233.0,450.0,4.75,14.5,663.0,683.57,533.79
2016,4,26,12,0,293.0,443.0,5.0,15.0,712.0,751.59,584.91
2016,4,26,12,15,316.0,435.0,5.15,15.0,724.0,766.31,596.75
2016,4,26,12,30,339.0,427.0,5.3,15.0,736.0,779.22,607.6
2016,4,26,12,45,581.5,301.5,5.5,15.0,824.5,900.48,704.67
2016,4,26,13,0,824.0,176.0,5.7,15.0,913.0,997.6,778.41
2016,4,26,13,15,649.0,258.5,5.8,15.0,832.5,905.66,711.68
2016,4,26,13,30,474.0,341.0,5.9,15.0,752.0,805.78,634.69
2016,4,26,13,45,533.0,308.5,6.05,15.0,758.0,813.74,643.9
2016,4,26,14,0,592.0,276.0,6.2,15.0,764.0,816.19,648.49
2016,4,26,14,15,699.5,213.0,6.2,15.0,768.0,828.02,660.77
2016,4,26,14,30,807.0,150.0,6.2,15.0,772.0,821.85,657.95
2016,4,26,14,45,683.5,187.5,6.25,15.0,696.5,733.86,590.99
2016,4,26,15,0,560.0,225.0,6.3,15.0,621.0,644.52,520.75
2016,4,26,15,15,518.5,223.5,6.3,14.5,573.0,586.51,476.3
2016,4,26,15,30,477.0,222.0,6.3,14.0,525.0,530.7,432.62
2016,4,26,15,45,600.0,171.5,6.3,14.0,522.5,531.25,433.87
2016,4,26,16,0,723.0,121.0,6.3,14.0,520.0,513.49,418.85
2016,4,26,16,15,694.5,115.5,6.3,13.5,469.5,451.99,367.3
2016,4,26,16,30,666.0,110.0,6.3,13.0,419.0,392.3,315.89
2016,4,26,16,45,631.0,103.0,6.35,13.0,368.0,330.98,261.49
2016,4,26,17,0,596.0,96.0,6.4,13.0,317.0,272.91,209.04
2016,4,26,17,15,544.0,88.0,6.35,12.5,265.5,213.47,156.29
2016,4,26,17,30,492.0,80.0,6.3,12.0,214.0,160.05,109.9
2016,4,26,17,45,413.5,69.5,6.3,12.0,165.5,105.72,66.89
2016,4,26,18,0,335.0,59.0,6.3,12.0,117.0,63.32,38.97
2016,4,26,18,15,231.5,43.5,6.2,11.5,77.0,33.63,23.55
2016,4,26,18,30,128.0,28.0,6.1,11.0,37.0,21.92,9.73
2016,4,26,18,45,64.0,14.0,6.0,11.0,18.5,12.73,0.0
2016,4,26,19,0,0.0,0.0,5.9,11.0,0.0,0.0,0.0
2016,4,26,19,15,0.0,0.0,5.8,11.0,0.0,0.0,0.0
2016,4,26,19,30,0.0,0.0,5.7,11.0,0.0,0.0,0.0
2016,4,26,19,45,0.0,0.0,5.65,11.0,0.0,0.0,0.0
2016,4,26,20,0,0.0,0.0,5.6,11.0,0.0,0.0,0.0
2016,4,26,20,15,0.0,0.0,5.5,11.0,0.0,0.0,0.0
2016,4,26,20,30,0.0,0.0,5.4,11.0,0.0,0.0,0.0
2016,4,26,20,45,0.0,0.0,5.35,11.0,0.0,0.0,0.0
2016,4,26,21,0,0.0,0.0,5.3,11.0,0.0,0.0,0.0
2016,4,26,21,15,0.0,0.0,5.15,11.0,0.0,0.0,0.0
2016,4,26,21,30,0.0,0.0,5.0,11.0,0.0,0.0,0.0
2016,4,26,21,45,0.0,0.0,4.9,11.0,0.0,0.0,0.0
2016,4,26,22,0,0.0,0.0,4.8,11.0,0.0,0.0,0.0
2016,4,26,22,15,0.0,0.0,4.65,11.0,0.0,0.0,0.0
2016,4,26,22,30,0.0,0.0,4.5,11.0,0.0,0.0,0.0
2016,4,26,22,45,0.0,0.0,4.4,11.0,0.0,0.0,0.0
2016,4,26,23,0,0.0,0.0,4.3,11.0,0.0,0.0,0.0
2016,4,26,23,15,0.0,0.0,4.15,10.5,0.0,0.0,0.0
2016,4,26,23,30,0.0,0.0,4.0,10.0,0.0,0.0,0.0
2016,4,26,23,45,0.0,0.0,3.85,10.0,0.0,0.0,0.0
2016,4,27,0,0,0.0,0.0,3.7,10.0,0.0,0.0,0.0
2016,4,27,0,15,0.0,0.0,3.6,10.0,0.0,0.0,0.0
2016,4,27,0,30,0.0,0.0,3.5,10.0,0.0,0.0,0.0
2016,4,27,0,45,0.0,0.0,3.45,10.0,0.0,0.0,0.0
2016,4,27,1,0,0.0,0.0,3.4,10.0,0.0,0.0,0.0
2016,4,27,1,15,0.0,0.0,3.4,10.0,0.0,0.0,0.0
2016,4,27,1,30,0.0,0.0,3.4,10.0,0.0,0.0,0.0
2016,4,27,1,45,0.0,0.0,3.4,10.0,0.0,0.0,0.0
2016,4,27,2,0,0.0,0.0,3.4,10.0,0.0,0.0,0.0
2016,4,27,2,15,0.0,0.0,3.35,10.0,0.0,0.0,0.0
2016,4,27,2,30,0.0,0.0,3.3,10.0,0.0,0.0,0.0
2016,4,27,2,45,0.0,0.0,3.25,10.0,0.0,0.0,0.0
2016,4,27,3,0,0.0,0.0,3.2,10.0,0.0,0.0,0.0
2016,4,27,3,15,0.0,0.0,3.1,10.0,0.0,0.0,0.0
2016,4,27,3,30,0.0,0.0,3.0,10.0,0.0,0.0,0.0
2016,4,27,3,45,0.0,0.0,2.9,10.0,0.0,0.0,0.0
2016,4,27,4,0,0.0,0.0,2.8,10.0,0.0,0.0,0.0
2016,4,27,4,15,0.0,0.0,2.85,10.0,0.0,0.0,0.0
2016,4,27,4,30,0.0,0.0,2.9,10.0,0.0,0.0,0.0
2016,4,27,4,45,0.0,0.0,2.95,10.0,0.0,0.0,0.0
2016,4,27,5,0,0.0,0.0,3.0,10.0,0.0,0.0,0.0
2016,4,27,5,15,18.0,5.5,3.3,10.5,6.0,0.0,0.0
2016,4,27,5,30,36.0,11.0,3.6,11.0,12.0,10.01,0.0
2016,4,27,5,45,162.0,26.0,3.9,11.5,44.5,20.33,9.45
2016,4,27,6,0,288.0,41.0,4.2,12.0,77.0,31.74,22.0
2016,4,27,6,15,379.0,52.5,4.35,12.0,123.5,63.07,37.04
2016,4,27,6,30,470.0,64.0,4.5,12.0,170.0,110.79,68.64
2016,4,27,6,45,235.0,71.0,4.7,12.0,124.0,106.28,75.51
2016,4,27,7,0,0.0,78.0,4.9,12.0,78.0,68.78,53.71
2016,4,27,7,15,0.0,93.0,5.15,12.0,93.0,82.11,65.04
2016,4,27,7,30,0.0,108.0,5.4,12.0,108.0,95.54,76.27
2016,4,27,7,45,56.5,164.5,5.7,12.5,193.5,172.56,140.3
2016,4,27,8,0,113.0,221.0,6.0,13.0,279.0,260.37,212.6
2016,4,27,8,15,56.5,119.5,6.3,13.0,148.5,143.1,115.52
2016,4,27,8,30,0.0,18.0,6.6,13.0,18.0,15.89,7.83
2016,4,27,8,45,176.5,150.5,6.9,13.0,269.5,262.07,216.25
2016,4,27,9,0,353.0,283.0,7.2,13.0,521.0,522.58,427.79
2016,4,27,9,15,233.5,317.0,7.35,13.0,478.5,477.6,389.09
2016,4,27,9,30,114.0,351.0,7.5,13.0,436.0,429.82,347.78
2016,4,27,9,45,61.5,285.0,7.7,13.0,331.0,318.15,257.28
2016,4,27,10,0,9.0,219.0,7.9,13.0,226.0,205.29,164.15
2016,4,27,10,15,166.0,306.5,7.95,13.0,447.5,448.16,364.3
2016,4,27,10,30,323.0,394.0,8.0,13.0,669.0,696.28,560.31
2016,4,27,10,45,596.0,275.5,8.05,13.0,797.5,857.21,690.45
2016,4,27,11,0,869.0,157.0,8.1,13.0,926.0,1006.88,804.44
2016,4,27,11,15,873.5,158.0,8.05,13.0,940.5,1027.05,818.03
2016,4,27,11,30,878.0,159.0,8.0,13.0,955.0,1043.65,829.54
2016,4,27,11,45,876.5,161.5,8.0,13.0,961.0,1052.18,835.46
2016,4,27,12,0,875.0,164.0,8.0,13.0,967.0,1056.9,838.75
2016,4,27,12,15,875.0,164.0,8.0,13.0,965.0,1056.76,838.63
2016,4,27,12,30,875.0,164.0,8.0,13.0,963.0,1052.82,835.89
2016,4,27,12,45,685.5,261.0,8.0,13.0,883.5,963.98,770.13
2016,4,27,13,0,496.0,358.0,8.0,13.0,804.0,863.91,689.84
2016,4,27,13,15,675.0,261.5,8.0,13.0,855.0,932.02,747.34
2016,4,27,13,30,854.0,165.0,8.0,13.0,906.0,981.05,785.27
2016,4,27,13,45,675.5,238.0,8.05,13.0,814.0,875.73,706.16
2016,4,27,14,0,497.0,311.0,8.1,13.0,722.0,765.81,618.44
2016,4,27,14,15,280.5,329.0,8.1,13.0,559.5,571.07,463.27
2016,4,27,14,30,64.0,347.0,8.1,13.0,397.0,380.64,307.08
2016,4,27,14,45,433.5,246.0,8.15,13.0,556.0,592.63,486.14
2016,4,27,15,0,803.0,145.0,8.2,13.0,715.0,744.15,611.58
2016,4,27,15,15,785.0,141.0,8.15,13.0,670.5,691.46,569.06
2016,4,27,15,30,767.0,137.0,8.1,13.0,626.0,636.07,524.25
2016,4,27,15,45,744.5,132.5,8.1,13.0,577.5,577.21,475.81
2016,4,27,16,0,722.0,128.0,8.1,13.0,529.0,518.81,426.63
2016,4,27,16,15,692.5,122.5,8.05,13.0,477.5,456.89,373.44
2016,4,27,16,30,663.0,117.0,8.0,13.0,426.0,396.87,320.67
2016,4,27,16,45,628.0,109.0,8.0,13.0,374.0,334.79,265.33
2016,4,27,17,0,593.0,101.0,8.0,13.0,322.0,275.99,212.06
2016,4,27,17,15,539.0,92.5,7.95,12.5,269.5,215.85,158.68
2016,4,27,17,30,485.0,84.0,7.9,12.0,217.0,159.67,109.99
2016,4,27,17,45,418.5,71.5,7.85,12.0,168.5,107.6,68.35
2016,4,27,18,0,352.0,59.0,7.8,12.0,120.0,63.84,39.05
2016,4,27,18,15,244.5,44.0,7.75,11.5,79.5,34.0,23.94
2016,4,27,18,30,137.0,29.0,7.7,11.0,39.0,22.7,10.91
2016,4,27,18,45,68.5,14.5,7.65,11.0,19.5,13.19,0.0
2016,4,27,19,0,0.0,0.0,7.6,11.0,0.0,0.0,0.0
2016,4,27,19,15,0.0,0.0,7.55,11.0,0.0,0.0,0.0
2016,4,27,19,30,0.0,0.0,7.5,11.0,0.0,0.0,0.0
2016,4,27,19,45,0.0,0.0,7.5,11.0,0.0,0.0,0.0
2016,4,27,20,0,0.0,0.0,7.5,11.0,0.0,0.0,0.0
2016,4,27,20,15,0.0,0.0,7.4,10.5,0.0,0.0,0.0
2016,4,27,20,30,0.0,0.0,7.3,10.0,0.0,0.0,0.0
2016,4,27,20,45,0.0,0.0,7.25,10.0,0.0,0.0,0.0
2016,4,27,21,0,0.0,0.0,7.2,10.0,0.0,0.0,0.0
2016,4,27,21,15,0.0,0.0,7.15,10.0,0.0,0.0,0.0
2016,4,27,21,30,0.0,0.0,7.1,10.0,0.0,0.0,0.0
2016,4,27,21,45,0.0,0.0,7.05,10.0,0.0,0.0,0.0
2016,4,27,22,0,0.0,0.0,7.0,10.0,0.0,0.0,0.0
2016,4,27,22,15,0.0,0.0,6.9,10.0,0.0,0.0,0.0
2016,4,27,22,30,0.0,0.0,6.8,10.0,0.0,0.0,0.0
2016,4,27,22,45,0.0,0.0,6.7,10.0,0.0,0.0,0.0
2016,4,27,23,0,0.0,0.0,6.6,10.0,0.0,0.0,0.0
2016,4,27,23,15,0.0,0.0,6.5,9.5,0.0,0.0,0.0
2016,4,27,23,30,0.0,0.0,6.4,9.0,0.0,0.0,0.0
2016,4,27,23,45,0.0,0.0,6.35,9.0,0.0,0.0,0.0
2016,4,28,0,0,0.0,0.0,6.3,9.0,0.0,0.0,0.0
2016,4,28,0,15,0.0,0.0,6.15,9.0,0.0,0.0,0.0
2016,4,28,0,30,0.0,0.0,6.0,9.0,0.0,0.0,0.0
2016,4,28,0,45,0.0,0.0,5.9,9.0,0.0,0.0,0.0
2016,4,28,1,0,0.0,0.0,5.8,9.0,0.0,0.0,0.0
2016,4,28,1,15,0.0,0.0,5.65,9.0,0.0,0.0,0.0
2016,4,28,1,30,0.0,0.0,5.5,9.0,0.0,0.0,0.0
2016,4,28,1,45,0.0,0.0,5.35,9.0,0.0,0.0,0.0
2016,4,28,2,0,0.0,0.0,5.2,9.0,0.0,0.0,0.0
2016,4,28,2,15,0.0,0.0,5.15,9.0,0.0,0.0,0.0
2016,4,28,2,30,0.0,0.0,5.1,9.0,0.0,0.0,0.0
2016,4,28,2,45,0.0,0.0,5.05,9.0,0.0,0.0,0.0
2016,4,28,3,0,0.0,0.0,5.0,9.0,0.0,0.0,0.0
2016,4,28,3,15,0.0,0.0,5.0,9.0,0.0,0.0,0.0
2016,4,28,3,30,0.0,0.0,5.0,9.0,0.0,0.0,0.0
2016,4,28,3,45,0.0,0.0,5.0,9.0,0.0,0.0,0.0
2016,4,28,4,0,0.0,0.0,5.0,9.0,0.0,0.0,0.0
2016,4,28,4,15,0.0,0.0,5.0,9.0,0.0,0.0,0.0
2016,4,28,4,30,0.0,0.0,5.0,9.0,0.0,0.0,0.0
2016,4,28,4,45,0.0,0.0,5.0,9.0,0.0,0.0,0.0
2016,4,28,5,0,0.0,0.0,5.0,9.0,0.0,0.0,0.0
2016,4,28,5,15,26.0,6.0,5.2,9.5,7.0,0.0,0.0
2016,4,28,5,30,52.0,12.0,5.4,10.0,14.0,10.91,0.0
2016,4,28,5,45,181.0,27.0,5.65,10.5,48.0,21.11,10.64
2016,4,28,6,0,310.0,42.0,5.9,11.0,82.0,33.88,24.02
2016,4,28,6,15,400.0,52.5,5.9,11.0,128.5,64.31,37.54
2016,4,28,6,30,490.0,63.0,5.9,11.0,175.0,112.37,69.41
2016,4,28,6,45,554.0,70.0,5.95,11.5,227.0,163.92,110.94
2016,4,28,7,0,618.0,77.0,6.0,12.0,279.0,223.17,162.42
2016,4,28,7,15,659.5,82.5,5.85,12.0,332.0,281.55,215.6
2016,4,28,7,30,701.0,88.0,5.7,12.0,385.0,344.15,272.19
2016,4,28,7,45,735.0,91.5,5.6,12.5,438.0,405.49,326.43
2016,4,28,8,0,769.0,95.0,5.5,13.0,491.0,470.13,381.82
2016,4,28,8,15,791.0,98.5,5.3,13.5,540.5,529.57,431.22
2016,4,28,8,30,813.0,102.0,5.1,14.0,590.0,589.55,479.27
2016,4,28,8,45,831.0,104.5,4.95,14.5,636.0,646.16,523.18
2016,4,28,9,0,849.0,107.0,4.8,15.0,682.0,702.23,565.17
2016,4,28,9,15,862.0,109.0,4.65,15.0,723.0,748.94,599.25
2016,4,28,9,30,875.0,111.0,4.5,15.0,764.0,797.67,632.97
2016,4,28,9,45,894.0,108.0,4.4,15.5,802.0,844.39,663.64
2016,4,28,10,0,913.0,105.0,4.3,16.0,840.0,889.34,692.42
2016,4,28,10,15,920.0,106.5,4.2,16.0,868.5,926.22,716.68
2016,4,28,10,30,927.0,108.0,4.1,16.0,897.0,960.07,738.68
2016,4,28,10,45,929.0,110.5,4.05,16.5,918.0,987.04,754.65
2016,4,28,11,0,931.0,113.0,4.0,17.0,939.0,1010.42,768.1
2016,4,28,11,15,934.0,114.0,4.05,17.0,953.0,1029.57,780.79
2016,4,28,11,30,937.0,115.0,4.1,17.0,967.0,1044.98,791.05
2016,4,28,11,45,936.0,116.5,4.2,17.5,972.5,1053.12,795.36
2016,4,28,12,0,935.0,118.0,4.3,18.0,978.0,1057.35,797.18
2016,4,28,12,15,935.0,118.0,4.45,18.0,976.0,1057.18,798.24
2016,4,28,12,30,935.0,118.0,4.6,18.0,974.0,1053.1,797.11
2016,4,28,12,45,936.0,115.5,4.75,18.0,965.0,1043.61,792.37
2016,4,28,13,0,937.0,113.0,4.9,18.0,956.0,1030.23,785.0
2016,4,28,13,15,933.5,112.5,5.05,17.5,938.5,1010.72,774.9
2016,4,28,13,30,930.0,112.0,5.2,17.0,921.0,987.59,762.18
2016,4,28,13,45,705.0,214.5,5.35,17.0,818.0,878.0,686.01
2016,4,28,14,0,480.0,317.0,5.5,17.0,715.0,755.55,592.65
2016,4,28,14,15,691.0,212.5,5.65,17.0,761.0,817.75,645.77
2016,4,28,14,30,902.0,108.0,5.8,17.0,807.0,847.83,670.23
2016,4,28,14,45,886.5,108.0,5.95,17.0,767.5,800.3,636.82
2016,4,28,15,0,871.0,108.0,6.1,17.0,728.0,751.07,602.0
2016,4,28,15,15,857.0,105.5,6.2,16.5,685.0,702.49,566.65
2016,4,28,15,30,843.0,103.0,6.3,16.0,642.0,648.45,525.4
2016,4,28,15,45,816.5,103.0,6.45,15.5,592.5,588.69,478.37
2016,4,28,16,0,790.0,103.0,6.6,15.0,543.0,529.53,430.32
2016,4,28,16,15,764.5,98.5,6.6,14.5,492.0,467.42,378.24
2016,4,28,16,30,739.0,94.0,6.6,14.0,441.0,405.63,324.86
2016,4,28,16,45,696.0,91.0,6.6,14.0,387.0,341.35,267.77
2016,4,28,17,0,653.0,88.0,6.6,14.0,333.0,281.06,213.33
2016,4,28,17,15,603.0,81.0,6.55,13.5,280.5,219.78,158.74
2016,4,28,17,30,553.0,74.0,6.5,13.0,228.0,164.15,110.29
2016,4,28,17,45,467.0,66.0,6.45,12.5,177.0,109.66,67.88
2016,4,28,18,0,381.0,58.0,6.4,12.0,126.0,64.1,38.57
2016,4,28,18,15,271.0,44.0,6.15,11.5,84.0,34.02,24.03
2016,4,28,18,30,161.0,30.0,5.9,11.0,42.0,23.49,12.04
2016,4,28,18,45,80.5,15.0,5.65,11.0,21.0,13.64,0.0
2016,4,28,19,0,0.0,0.0,5.4,11.0,0.0,0.0,0.0
2016,4,28,19,15,0.0,0.0,5.15,10.5,0.0,0.0,0.0
2016,4,28,19,30,0.0,0.0,4.9,10.0,0.0,0.0,0.0
2016,4,28,19,45,0.0,0.0,4.7,10.0,0.0,0.0,0.0
2016,4,28,20,0,0.0,0.0,4.5,10.0,0.0,0.0,0.0
2016,4,28,20,15,0.0,0.0,4.55,10.0,0.0,0.0,0.0
2016,4,28,20,30,0.0,0.0,4.6,10.0,0.0,0.0,0.0
2016,4,28,20,45,0.0,0.0,4.7,10.0,0.0,0.0,0.0
2016,4,28,21,0,0.0,0.0,4.8,10.0,0.0,0.0,0.0
2016,4,28,21,15,0.0,0.0,4.65,10.0,0.0,0.0,0.0
2016,4,28,21,30,0.0,0.0,4.5,10.0,0.0,0.0,0.0
2016,4,28,21,45,0.0,0.0,4.35,10.0,0.0,0.0,0.0
2016,4,28,22,0,0.0,0.0,4.2,10.0,0.0,0.0,0.0
2016,4,28,22,15,0.0,0.0,4.2,10.0,0.0,0.0,0.0
2016,4,28,22,30,0.0,0.0,4.2,10.0,0.0,0.0,0.0
2016,4,28,22,45,0.0,0.0,4.2,10.0,0.0,0.0,0.0
2016,4,28,23,0,0.0,0.0,4.2,10.0,0.0,0.0,0.0
2016,4,28,23,15,0.0,0.0,4.25,10.0,0.0,0.0,0.0
2016,4,28,23,30,0.0,0.0,4.3,10.0,0.0,0.0,0.0
2016,4,28,23,45,0.0,0.0,4.35,10.0,0.0,0.0,0.0
2016,4,29,0,0,0.0,0.0,4.4,10.0,0.0,0.0,0.0
2016,4,29,0,15,0.0,0.0,4.4,10.0,0.0,0.0,0.0
2016,4,29,0,30,0.0,0.0,4.4,10.0,0.0,0.0,0.0
2016,4,29,0,45,0.0,0.0,4.45,10.0,0.0,0.0,0.0
2016,4,29,1,0,0.0,0.0,4.5,10.0,0.0,0.0,0.0
2016,4,29,1,15,0.0,0.0,4.45,10.0,0.0,0.0,0.0
2016,4,29,1,30,0.0,0.0,4.4,10.0,0.0,0.0,0.0
2016,4,29,1,45,0.0,0.0,4.35,10.0,0.0,0.0,0.0
2016,4,29,2,0,0.0,0.0,4.3,10.0,0.0,0.0,0.0
2016,4,29,2,15,0.0,0.0,4.3,10.0,0.0,0.0,0.0
2016,4,29,2,30,0.0,0.0,4.3,10.0,0.0,0.0,0.0
2016,4,29,2,45,0.0,0.0,4.35,10.0,0.0,0.0,0.0
2016,4,29,3,0,0.0,0.0,4.4,10.0,0.0,0.0,0.0
2016,4,29,3,15,0.0,0.0,4.3,10.0,0.0,0.0,0.0
2016,4,29,3,30,0.0,0.0,4.2,10.0,0.0,0.0,0.0
2016,4,29,3,45,0.0,0.0,4.15,10.0,0.0,0.0,0.0
2016,4,29,4,0,0.0,0.0,4.1,10.0,0.0,0.0,0.0
2016,4,29,4,15,0.0,0.0,3.85,10.0,0.0,0.0,0.0
2016,4,29,4,30,0.0,0.0,3.6,10.0,0.0,0.0,0.0
2016,4,29,4,45,0.0,0.0,3.4,10.0,0.0,0.0,0.0
2016,4,29,5,0,0.0,0.0,3.2,10.0,0.0,0.0,0.0
2016,4,29,5,15,0.0,6.0,3.25,10.0,6.0,5.46,0.0
2016,4,29,5,30,0.0,12.0,3.3,10.0,12.0,10.91,0.0
2016,4,29,5,45,89.5,33.5,3.35,10.0,45.0,26.78,15.63
2016,4,29,6,0,179.0,55.0,3.4,10.0,78.0,43.05,32.29
2016,4,29,6,15,263.5,71.0,3.45,10.0,123.0,71.21,47.6
2016,4,29,6,30,348.0,87.0,3.5,10.0,168.0,114.93,78.06
2016,4,29,6,45,418.5,97.5,3.6,10.5,219.0,162.12,115.45
2016,4,29,7,0,489.0,108.0,3.7,11.0,270.0,217.82,162.51
2016,4,29,7,15,534.5,116.5,3.75,11.0,321.5,272.41,210.95
2016,4,29,7,30,580.0,125.0,3.8,11.0,373.0,334.98,265.94
2016,4,29,7,45,614.5,132.0,3.9,11.0,424.0,393.2,316.9
2016,4,29,8,0,649.0,139.0,4.0,11.0,475.0,454.33,369.16
2016,4,29,8,15,674.5,144.5,4.1,11.0,523.5,511.77,417.42
2016,4,29,8,30,700.0,150.0,4.2,11.0,572.0,570.4,465.5
2016,4,29,8,45,720.5,153.5,4.3,11.5,616.5,624.72,508.28
2016,4,29,9,0,741.0,157.0,4.4,12.0,661.0,679.02,549.99
2016,4,29,9,15,755.5,160.5,4.4,12.0,701.0,728.59,587.74
2016,4,29,9,30,770.0,164.0,4.4,12.0,741.0,776.99,623.88
2016,4,29,9,45,801.0,156.0,4.4,12.0,780.0,822.45,656.46
2016,4,29,10,0,832.0,148.0,4.4,12.0,819.0,870.26,690.06
2016,4,29,10,15,655.5,240.0,4.5,12.0,780.0,838.7,664.98
2016,4,29,10,30,479.0,332.0,4.6,12.0,741.0,785.79,621.45
2016,4,29,10,45,669.0,243.0,4.75,12.5,829.5,892.13,704.18
2016,4,29,11,0,859.0,154.0,4.9,13.0,918.0,992.07,774.86
2016,4,29,11,15,863.0,155.0,5.2,13.0,932.0,1011.46,789.82
2016,4,29,11,30,867.0,156.0,5.5,13.0,946.0,1027.33,802.89
2016,4,29,11,45,867.5,157.0,5.8,13.5,952.0,1036.11,809.45
2016,4,29,12,0,868.0,158.0,6.1,14.0,958.0,1041.18,813.4
2016,4,29,12,15,868.0,158.0,6.2,14.0,956.5,1040.97,813.9
2016,4,29,12,30,868.0,158.0,6.3,14.0,955.0,1037.02,811.86
2016,4,29,12,45,678.0,260.0,6.4,14.5,878.5,952.98,750.12
2016,4,29,13,0,488.0,362.0,6.5,15.0,802.0,857.64,674.13
2016,4,29,13,15,491.5,351.0,6.55,15.0,786.5,840.42,662.67
2016,4,29,13,30,495.0,340.0,6.6,15.0,771.0,820.81,649.08
2016,4,29,13,45,482.0,330.5,6.65,15.0,741.0,785.4,623.3
2016,4,29,14,0,469.0,321.0,6.7,15.0,711.0,748.64,596.34
2016,4,29,14,15,485.0,301.0,6.75,15.0,691.0,725.15,579.96
2016,4,29,14,30,501.0,281.0,6.8,15.0,671.0,698.78,561.11
2016,4,29,14,45,499.5,265.5,6.85,15.0,638.0,660.35,532.36
2016,4,29,15,0,498.0,250.0,6.9,15.0,605.0,620.4,502.04
2016,4,29,15,15,632.5,192.0,6.95,15.0,615.5,634.97,515.94
2016,4,29,15,30,767.0,134.0,7.0,15.0,626.0,630.84,514.17
2016,4,29,15,45,745.0,130.5,7.05,15.0,578.5,573.44,467.47
2016,4,29,16,0,723.0,127.0,7.1,15.0,531.0,516.42,420.1
2016,4,29,16,15,695.5,121.5,7.15,14.5,481.0,455.57,369.2
2016,4,29,16,30,668.0,116.0,7.2,14.0,431.0,396.4,318.25
2016,4,29,16,45,634.5,108.5,7.3,14.0,379.5,335.21,264.02
2016,4,29,17,0,601.0,101.0,7.4,14.0,328.0,277.1,211.6
2016,4,29,17,15,549.5,93.0,7.4,13.5,276.5,217.69,159.04
2016,4,29,17,30,498.0,85.0,7.4,13.0,225.0,164.23,112.82
2016,4,29,17,45,425.5,74.0,7.45,12.5,176.0,109.8,69.86
2016,4,29,18,0,353.0,63.0,7.5,12.0,127.0,66.64,41.57
2016,4,29,18,15,247.0,47.5,7.45,11.5,85.5,36.64,26.37
2016,4,29,18,30,141.0,32.0,7.4,11.0,44.0,25.02,13.66
2016,4,29,18,45,70.5,16.0,7.4,11.0,22.0,14.55,0.0
2016,4,29,19,0,0.0,0.0,7.4,11.0,0.0,0.0,0.0
2016,4,29,19,15,0.0,0.0,7.4,11.0,0.0,0.0,0.0
2016,4,29,19,30,0.0,0.0,7.4,11.0,0.0,0.0,0.0
2016,4,29,19,45,0.0,0.0,7.45,11.0,0.0,0.0,0.0
2016,4,29,20,0,0.0,0.0,7.5,11.0,0.0,0.0,0.0
2016,4,29,20,15,0.0,0.0,7.45,11.0,0.0,0.0,0.0
2016,4,29,20,30,0.0,0.0,7.4,11.0,0.0,0.0,0.0
2016,4,29,20,45,0.0,0.0,7.35,11.0,0.0,0.0,0.0
2016,4,29,21,0,0.0,0.0,7.3,11.0,0.0,0.0,0.0
2016,4,29,21,15,0.0,0.0,7.15,11.0,0.0,0.0,0.0
2016,4,29,21,30,0.0,0.0,7.0,11.0,0.0,0.0,0.0
2016,4,29,21,45,0.0,0.0,6.9,11.0,0.0,0.0,0.0
2016,4,29,22,0,0.0,0.0,6.8,11.0,0.0,0.0,0.0
2016,4,29,22,15,0.0,0.0,6.6,11.0,0.0,0.0,0.0
2016,4,29,22,30,0.0,0.0,6.4,11.0,0.0,0.0,0.0
2016,4,29,22,45,0.0,0.0,6.25,11.0,0.0,0.0,0.0
2016,4,29,23,0,0.0,0.0,6.1,11.0,0.0,0.0,0.0
2016,4,29,23,15,0.0,0.0,6.05,11.0,0.0,0.0,0.0
2016,4,29,23,30,0.0,0.0,6.0,11.0,0.0,0.0,0.0
2016,4,29,23,45,0.0,0.0,5.95,11.0,0.0,0.0,0.0
2016,4,30,0,0,0.0,0.0,5.9,11.0,0.0,0.0,0.0
2016,4,30,0,15,0.0,0.0,5.9,11.0,0.0,0.0,0.0
2016,4,30,0,30,0.0,0.0,5.9,11.0,0.0,0.0,0.0
2016,4,30,0,45,0.0,0.0,5.95,11.0,0.0,0.0,0.0
2016,4,30,1,0,0.0,0.0,6.0,11.0,0.0,0.0,0.0
2016,4,30,1,15,0.0,0.0,5.95,11.0,0.0,0.0,0.0
2016,4,30,1,30,0.0,0.0,5.9,11.0,0.0,0.0,0.0
2016,4,30,1,45,0.0,0.0,5.85,11.0,0.0,0.0,0.0
2016,4,30,2,0,0.0,0.0,5.8,11.0,0.0,0.0,0.0
2016,4,30,2,15,0.0,0.0,5.7,11.0,0.0,0.0,0.0
2016,4,30,2,30,0.0,0.0,5.6,11.0,0.0,0.0,0.0
2016,4,30,2,45,0.0,0.0,5.55,11.0,0.0,0.0,0.0
2016,4,30,3,0,0.0,0.0,5.5,11.0,0.0,0.0,0.0
2016,4,30,3,15,0.0,0.0,5.45,11.0,0.0,0.0,0.0
2016,4,30,3,30,0.0,0.0,5.4,11.0,0.0,0.0,0.0
2016,4,30,3,45,0.0,0.0,5.35,11.0,0.0,0.0,0.0
2016,4,30,4,0,0.0,0.0,5.3,11.0,0.0,0.0,0.0
2016,4,30,4,15,0.0,0.0,5.2,11.0,0.0,0.0,0.0
2016,4,30,4,30,0.0,0.0,5.1,11.0,0.0,0.0,0.0
2016,4,30,4,45,0.0,0.0,5.1,11.0,0.0,0.0,0.0
2016,4,30,5,0,0.0,0.0,5.1,11.0,0.0,0.0,0.0
2016,4,30,5,15,56.5,7.0,5.1,11.0,9.5,6.37,0.0
2016,4,30,5,30,113.0,14.0,5.1,11.0,19.0,11.04,0.0
2016,4,30,5,45,250.5,27.0,5.2,11.5,56.0,21.77,11.89
2016,4,30,6,0,388.0,40.0,5.3,12.0,93.0,31.9,22.33
2016,4,30,6,15,473.5,49.5,5.3,12.5,141.5,65.78,36.21
2016,4,30,6,30,559.0,59.0,5.3,13.0,190.0,117.08,69.83
2016,4,30,6,45,617.0,65.0,5.35,13.5,243.5,170.91,113.27
2016,4,30,7,0,675.0,71.0,5.4,14.0,297.0,231.56,166.05
2016,4,30,7,15,713.0,76.0,5.45,14.0,350.5,291.7,220.75
2016,4,30,7,30,751.0,81.0,5.5,14.0,404.0,356.88,279.45
2016,4,30,7,45,780.0,85.0,5.55,14.5,457.0,419.03,334.28
2016,4,30,8,0,809.0,89.0,5.6,15.0,510.0,483.11,389.12
2016,4,30,8,15,829.5,92.0,5.5,15.0,560.0,543.22,439.78
2016,4,30,8,30,850.0,95.0,5.4,15.0,610.0,603.61,489.14
2016,4,30,8,45,865.0,98.0,5.3,15.5,656.0,657.81,531.35
2016,4,30,9,0,880.0,101.0,5.2,16.0,702.0,713.03,572.92
2016,4,30,9,15,891.5,103.0,5.1,16.0,742.5,763.47,609.69
2016,4,30,9,30,903.0,105.0,5.0,16.0,783.0,812.09,643.65
2016,4,30,9,45,917.0,103.5,4.95,16.5,819.5,857.12,673.51
2016,4,30,10,0,931.0,102.0,4.9,17.0,856.0,899.97,701.34
2016,4,30,10,15,937.0,103.5,4.85,17.0,884.0,936.39,725.62
2016,4,30,10,30,943.0,105.0,4.8,17.0,912.0,969.65,747.54
2016,4,30,10,45,946.5,105.5,4.8,17.5,932.5,996.25,763.63
2016,4,30,11,0,950.0,106.0,4.8,18.0,953.0,1019.26,777.21
2016,4,30,11,15,952.5,106.5,4.75,18.0,966.5,1037.6,788.69
2016,4,30,11,30,955.0,107.0,4.7,18.0,980.0,1052.14,797.64
2016,4,30,11,45,955.0,107.5,4.7,18.5,985.0,1060.32,801.27
2016,4,30,12,0,955.0,108.0,4.7,19.0,990.0,1064.55,802.37
2016,4,30,12,15,954.5,108.0,4.7,19.0,987.5,1063.8,801.85
2016,4,30,12,30,954.0,108.0,4.7,19.0,985.0,1059.1,798.81
2016,4,30,12,45,948.0,109.5,4.7,19.0,973.5,1046.6,790.63
2016,4,30,13,0,942.0,111.0,4.7,19.0,962.0,1030.32,780.03
2016,4,30,13,15,938.0,110.0,4.7,19.0,943.5,1009.76,766.6
2016,4,30,13,30,934.0,109.0,4.7,19.0,925.0,985.57,750.75
2016,4,30,13,45,928.0,108.0,4.75,19.0,899.5,956.08,731.64
2016,4,30,14,0,922.0,107.0,4.8,19.0,874.0,923.34,710.18
2016,4,30,14,15,914.0,105.0,4.85,19.0,842.0,884.81,684.5
2016,4,30,14,30,906.0,103.0,4.9,19.0,810.0,843.54,656.64
2016,4,30,14,45,895.5,101.0,4.95,19.0,771.5,797.8,625.25
2016,4,30,15,0,885.0,99.0,5.0,19.0,733.0,749.95,591.95
2016,4,30,15,15,871.5,96.5,5.0,19.0,689.5,697.71,553.65
2016,4,30,15,30,858.0,94.0,5.0,19.0,646.0,644.16,512.44
2016,4,30,15,45,840.0,91.0,5.05,19.0,598.0,588.22,468.42
2016,4,30,16,0,822.0,88.0,5.1,19.0,550.0,529.62,421.1
2016,4,30,16,15,798.5,84.5,5.1,18.5,499.0,468.0,370.62
2016,4,30,16,30,775.0,81.0,5.1,18.0,448.0,407.38,319.28
2016,4,30,16,45,742.0,77.0,5.15,18.0,395.0,344.21,264.03
2016,4,30,17,0,709.0,73.0,5.2,18.0,342.0,283.82,210.08
2016,4,30,17,15,663.0,67.5,5.15,17.5,289.0,220.21,154.09
2016,4,30,17,30,617.0,62.0,5.1,17.0,236.0,163.27,104.94
2016,4,30,17,45,547.0,55.0,5.1,16.5,185.5,107.68,61.78
2016,4,30,18,0,477.0,48.0,5.1,16.0,135.0,60.73,32.74
2016,4,30,18,15,367.5,37.5,5.0,15.5,91.5,29.78,20.07
2016,4,30,18,30,258.0,27.0,4.9,15.0,48.0,21.94,11.4
2016,4,30,18,45,129.0,13.5,4.85,15.0,24.0,12.28,0.0
2016,4,30,19,0,0.0,0.0,4.8,15.0,0.0,0.0,0.0
2016,4,30,19,15,0.0,0.0,4.65,14.5,0.0,0.0,0.0
2016,4,30,19,30,0.0,0.0,4.5,14.0,0.0,0.0,0.0
2016,4,30,19,45,0.0,0.0,4.4,14.0,0.0,0.0,0.0
2016,4,30,20,0,0.0,0.0,4.3,14.0,0.0,0.0,0.0
2016,4,30,20,15,0.0,0.0,4.1,14.0,0.0,0.0,0.0
2016,4,30,20,30,0.0,0.0,3.9,14.0,0.0,0.0,0.0
2016,4,30,20,45,0.0,0.0,3.75,14.0,0.0,0.0,0.0
2016,4,30,21,0,0.0,0.0,3.6,14.0,0.0,0.0,0.0
2016,4,30,21,15,0.0,0.0,3.45,14.0,0.0,0.0,0.0
2016,4,30,21,30,0.0,0.0,3.3,14.0,0.0,0.0,0.0
2016,4,30,21,45,0.0,0.0,3.15,14.0,0.0,0.0,0.0
2016,4,30,22,0,0.0,0.0,3.0,14.0,0.0,0.0,0.0
2016,4,30,22,15,0.0,0.0,2.9,13.5,0.0,0.0,0.0
2016,4,30,22,30,0.0,0.0,2.8,13.0,0.0,0.0,0.0
2016,4,30,22,45,0.0,0.0,2.75,13.0,0.0,0.0,0.0
2016,4,30,23,0,0.0,0.0,2.7,13.0,0.0,0.0,0.0
2016,4,30,23,15,0.0,0.0,2.65,13.0,0.0,0.0,0.0
2016,4,30,23,30,0.0,0.0,2.6,13.0,0.0,0.0,0.0
2016,4,30,23,45,0.0,0.0,2.55,13.0,0.0,0.0,0.0
2016,5,1,0,0,0.0,0.0,2.5,13.0,0.0,0.0,0.0
2016,5,1,0,15,0.0,0.0,2.45,13.0,0.0,0.0,0.0
2016,5,1,0,30,0.0,0.0,2.4,13.0,0.0,0.0,0.0
2016,5,1,0,45,0.0,0.0,2.35,13.0,0.0,0.0,0.0
2016,5,1,1,0,0.0,0.0,2.3,13.0,0.0,0.0,0.0
2016,5,1,1,15,0.0,0.0,2.25,12.5,0.0,0.0,0.0
2016,5,1,1,30,0.0,0.0,2.2,12.0,0.0,0.0,0.0
2016,5,1,1,45,0.0,0.0,2.15,12.0,0.0,0.0,0.0
2016,5,1,2,0,0.0,0.0,2.1,12.0,0.0,0.0,0.0
2016,5,1,2,15,0.0,0.0,2.05,12.0,0.0,0.0,0.0
2016,5,1,2,30,0.0,0.0,2.0,12.0,0.0,0.0,0.0
2016,5,1,2,45,0.0,0.0,1.95,12.0,0.0,0.0,0.0
2016,5,1,3,0,0.0,0.0,1.9,12.0,0.0,0.0,0.0
2016,5,1,3,15,0.0,0.0,1.8,12.0,0.0,0.0,0.0
2016,5,1,3,30,0.0,0.0,1.7,12.0,0.0,0.0,0.0
2016,5,1,3,45,0.0,0.0,1.65,12.0,0.0,0.0,0.0
2016,5,1,4,0,0.0,0.0,1.6,12.0,0.0,0.0,0.0
2016,5,1,4,15,0.0,0.0,1.5,12.0,0.0,0.0,0.0
2016,5,1,4,30,0.0,0.0,1.4,12.0,0.0,0.0,0.0
2016,5,1,4,45,0.0,0.0,1.35,12.0,0.0,0.0,0.0
2016,5,1,5,0,0.0,0.0,1.3,12.0,0.0,0.0,0.0
2016,5,1,5,15,63.5,7.5,1.25,12.5,10.0,6.82,0.0
2016,5,1,5,30,127.0,15.0,1.2,13.0,20.0,12.07,0.0
2016,5,1,5,45,259.5,27.5,1.15,13.5,57.5,22.11,12.38
2016,5,1,6,0,392.0,40.0,1.1,14.0,95.0,31.77,22.14
2016,5,1,6,15,476.0,48.5,1.1,14.0,143.0,65.22,35.38
2016,5,1,6,30,560.0,57.0,1.1,14.0,191.0,115.59,68.04
2016,5,1,6,45,612.5,64.0,1.1,14.5,243.0,169.34,110.96
2016,5,1,7,0,665.0,71.0,1.1,15.0,295.0,229.24,162.05
2016,5,1,7,15,703.0,76.0,1.1,15.5,348.5,288.69,213.99
2016,5,1,7,30,741.0,81.0,1.1,16.0,402.0,353.23,269.2
2016,5,1,7,45,767.5,85.0,1.15,16.5,453.5,413.65,320.03
2016,5,1,8,0,794.0,89.0,1.2,17.0,505.0,475.74,370.41
2016,5,1,8,15,814.5,92.5,1.15,17.5,554.5,535.43,416.63
2016,5,1,8,30,835.0,96.0,1.1,18.0,604.0,595.44,461.15
2016,5,1,8,45,849.5,99.0,1.05,18.5,649.5,651.12,500.74
2016,5,1,9,0,864.0,102.0,1.0,19.0,695.0,702.55,535.92
2016,5,1,9,15,876.0,104.0,0.9,19.5,735.5,752.56,567.19
2016,5,1,9,30,888.0,106.0,0.8,20.0,776.0,800.83,595.33
2016,5,1,9,45,896.5,108.0,0.7,20.5,810.5,844.26,619.39
2016,5,1,10,0,905.0,110.0,0.6,21.0,845.0,885.2,641.13
2016,5,1,10,15,911.5,111.5,0.6,21.0,873.0,921.16,662.41
2016,5,1,10,30,918.0,113.0,0.6,21.0,901.0,954.09,681.69
2016,5,1,10,45,922.5,114.0,0.65,21.5,922.0,981.45,697.21
2016,5,1,11,0,927.0,115.0,0.7,22.0,943.0,1005.36,710.66
2016,5,1,11,15,929.5,115.5,0.85,22.0,956.5,1023.28,724.06
2016,5,1,11,30,932.0,116.0,1.0,22.0,970.0,1037.47,735.28
2016,5,1,11,45,932.0,117.0,1.2,22.0,975.0,1045.92,743.97
2016,5,1,12,0,932.0,118.0,1.4,22.0,980.0,1050.52,750.2
2016,5,1,12,15,931.5,118.0,1.55,22.0,978.0,1049.75,752.18
2016,5,1,12,30,931.0,118.0,1.7,22.0,976.0,1045.14,751.76
2016,5,1,12,45,928.5,117.5,1.9,22.0,965.5,1034.23,748.03
2016,5,1,13,0,926.0,117.0,2.1,22.0,955.0,1019.55,741.74
2016,5,1,13,15,922.0,116.0,2.2,21.5,937.0,999.27,731.91
2016,5,1,13,30,918.0,115.0,2.3,21.0,919.0,975.43,719.67
2016,5,1,13,45,910.5,115.0,2.45,21.0,893.5,946.0,702.7
2016,5,1,14,0,903.0,115.0,2.6,21.0,868.0,913.46,683.4
2016,5,1,14,15,895.0,113.0,2.65,20.5,836.5,875.58,660.65
2016,5,1,14,30,887.0,111.0,2.7,20.0,805.0,835.01,635.73
2016,5,1,14,45,874.0,110.0,2.75,20.0,766.5,789.12,605.5
2016,5,1,15,0,861.0,109.0,2.8,20.0,728.0,741.38,573.55
2016,5,1,15,15,847.0,106.5,2.75,19.5,684.5,693.3,539.82
2016,5,1,15,30,833.0,104.0,2.7,19.0,641.0,639.92,500.85
2016,5,1,15,45,812.0,101.5,2.7,19.0,593.0,581.57,456.27
2016,5,1,16,0,791.0,99.0,2.7,19.0,545.0,523.34,410.46
2016,5,1,16,15,766.0,95.0,2.6,18.5,494.5,462.19,361.47
2016,5,1,16,30,741.0,91.0,2.5,18.0,444.0,402.28,311.85
2016,5,1,16,45,704.5,87.0,2.4,18.0,391.0,338.42,257.32
2016,5,1,17,0,668.0,83.0,2.3,18.0,338.0,278.94,205.34
2016,5,1,17,15,620.5,76.5,2.1,17.5,285.5,218.13,152.77
2016,5,1,17,30,573.0,70.0,1.9,17.0,233.0,162.61,105.71
2016,5,1,17,45,500.0,62.0,1.75,16.5,183.0,108.56,64.35
2016,5,1,18,0,427.0,54.0,1.6,16.0,133.0,63.6,36.52
2016,5,1,18,15,322.0,41.5,1.45,15.5,90.5,33.17,23.08
2016,5,1,18,30,217.0,29.0,1.3,15.0,48.0,22.69,12.32
2016,5,1,18,45,108.5,14.5,1.2,14.5,24.0,13.19,0.0
2016,5,1,19,0,0.0,0.0,1.1,14.0,0.0,0.0,0.0
2016,5,1,19,15,0.0,0.0,1.05,13.5,0.0,0.0,0.0
2016,5,1,19,30,0.0,0.0,1.0,13.0,0.0,0.0,0.0
2016,5,1,19,45,0.0,0.0,1.0,13.0,0.0,0.0,0.0
2016,5,1,20,0,0.0,0.0,1.0,13.0,0.0,0.0,0.0
2016,5,1,20,15,0.0,0.0,1.05,12.5,0.0,0.0,0.0
2016,5,1,20,30,0.0,0.0,1.1,12.0,0.0,0.0,0.0
2016,5,1,20,45,0.0,0.0,1.15,12.0,0.0,0.0,0.0
2016,5,1,21,0,0.0,0.0,1.2,12.0,0.0,0.0,0.0
2016,5,1,21,15,0.0,0.0,1.25,12.0,0.0,0.0,0.0
2016,5,1,21,30,0.0,0.0,1.3,12.0,0.0,0.0,0.0
2016,5,1,21,45,0.0,0.0,1.4,12.0,0.0,0.0,0.0
2016,5,1,22,0,0.0,0.0,1.5,12.0,0.0,0.0,0.0
2016,5,1,22,15,0.0,0.0,1.5,11.5,0.0,0.0,0.0
2016,5,1,22,30,0.0,0.0,1.5,11.0,0.0,0.0,0.0
2016,5,1,22,45,0.0,0.0,1.55,11.0,0.0,0.0,0.0
2016,5,1,23,0,0.0,0.0,1.6,11.0,0.0,0.0,0.0
2016,5,1,23,15,0.0,0.0,1.6,11.0,0.0,0.0,0.0
2016,5,1,23,30,0.0,0.0,1.6,11.0,0.0,0.0,0.0
2016,5,1,23,45,0.0,0.0,1.65,11.0,0.0,0.0,0.0
2016,5,2,0,0,0.0,0.0,1.7,11.0,0.0,0.0,0.0
2016,5,2,0,15,0.0,0.0,1.7,11.0,0.0,0.0,0.0
2016,5,2,0,30,0.0,0.0,1.7,11.0,0.0,0.0,0.0
2016,5,2,0,45,0.0,0.0,1.7,11.0,0.0,0.0,0.0
2016,5,2,1,0,0.0,0.0,1.7,11.0,0.0,0.0,0.0
2016,5,2,1,15,0.0,0.0,1.65,10.5,0.0,0.0,0.0
2016,5,2,1,30,0.0,0.0,1.6,10.0,0.0,0.0,0.0
2016,5,2,1,45,0.0,0.0,1.6,10.0,0.0,0.0,0.0
2016,5,2,2,0,0.0,0.0,1.6,10.0,0.0,0.0,0.0
2016,5,2,2,15,0.0,0.0,1.5,10.0,0.0,0.0,0.0
2016,5,2,2,30,0.0,0.0,1.4,10.0,0.0,0.0,0.0
2016,5,2,2,45,0.0,0.0,1.35,10.0,0.0,0.0,0.0
2016,5,2,3,0,0.0,0.0,1.3,10.0,0.0,0.0,0.0
2016,5,2,3,15,0.0,0.0,1.25,10.0,0.0,0.0,0.0
2016,5,2,3,30,0.0,0.0,1.2,10.0,0.0,0.0,0.0
2016,5,2,3,45,0.0,0.0,1.2,10.0,0.0,0.0,0.0
2016,5,2,4,0,0.0,0.0,1.2,10.0,0.0,0.0,0.0
2016,5,2,4,15,0.0,0.0,1.2,10.0,0.0,0.0,0.0
2016,5,2,4,30,0.0,0.0,1.2,10.0,0.0,0.0,0.0
2016,5,2,4,45,0.0,0.0,1.2,10.0,0.0,0.0,0.0
2016,5,2,5,0,0.0,0.0,1.2,10.0,0.0,0.0,0.0
2016,5,2,5,15,35.0,8.5,1.25,10.5,10.0,7.73,0.0
2016,5,2,5,30,70.0,17.0,1.3,11.0,20.0,14.0,0.0
2016,5,2,5,45,179.5,33.0,1.4,11.5,55.5,25.68,15.69
2016,5,2,6,0,289.0,49.0,1.5,12.0,91.0,37.67,27.56
2016,5,2,6,15,196.0,71.5,1.5,12.0,105.0,68.94,47.3
2016,5,2,6,30,103.0,94.0,1.5,12.0,119.0,92.12,68.88
2016,5,2,6,45,126.0,114.0,1.55,12.5,152.0,121.98,93.24
2016,5,2,7,0,149.0,134.0,1.6,13.0,185.0,154.88,120.59
2016,5,2,7,15,129.5,157.5,1.55,13.0,207.5,180.81,143.63
2016,5,2,7,30,110.0,181.0,1.5,13.0,230.0,204.53,164.1
2016,5,2,7,45,205.5,196.5,1.5,13.5,300.5,267.44,214.29
2016,5,2,8,0,301.0,212.0,1.5,14.0,371.0,345.57,276.16
2016,5,2,8,15,346.0,224.5,1.45,14.0,423.5,400.33,319.27
2016,5,2,8,30,391.0,237.0,1.4,14.0,476.0,459.17,364.78
2016,5,2,8,45,473.0,226.5,1.4,14.5,537.0,531.07,419.09
2016,5,2,9,0,555.0,216.0,1.4,15.0,598.0,602.64,471.86
2016,5,2,9,15,452.5,272.5,1.3,15.5,596.0,609.33,472.3
2016,5,2,9,30,350.0,329.0,1.2,16.0,594.0,597.42,459.46
2016,5,2,9,45,605.5,229.5,1.2,16.5,712.5,737.16,562.72
2016,5,2,10,0,861.0,130.0,1.2,17.0,831.0,866.84,650.22
2016,5,2,10,15,868.0,131.5,1.2,17.0,858.5,901.8,670.83
2016,5,2,10,30,875.0,133.0,1.2,17.0,886.0,933.9,690.61
2016,5,2,10,45,877.0,135.5,1.2,17.5,906.0,959.3,704.66
2016,5,2,11,0,879.0,138.0,1.2,18.0,926.0,981.31,716.54
2016,5,2,11,15,605.5,287.5,1.2,18.0,834.0,897.27,659.18
2016,5,2,11,30,332.0,437.0,1.2,18.0,742.0,773.2,569.63
2016,5,2,11,45,605.5,291.5,1.3,18.0,851.5,914.96,674.44
2016,5,2,12,0,879.0,146.0,1.4,18.0,961.0,1024.17,746.72
2016,5,2,12,15,624.5,281.5,1.55,18.0,860.5,926.71,682.99
2016,5,2,12,30,370.0,417.0,1.7,18.0,760.0,793.45,589.5
2016,5,2,12,45,376.0,405.5,1.9,18.0,750.5,783.78,586.57
2016,5,2,13,0,382.0,394.0,2.1,18.0,741.0,772.16,580.84
2016,5,2,13,15,342.0,405.0,2.25,18.0,711.5,737.58,557.14
2016,5,2,13,30,302.0,416.0,2.4,18.0,682.0,702.76,533.07
2016,5,2,13,45,343.5,389.0,2.55,18.0,683.5,704.01,536.8
2016,5,2,14,0,385.0,362.0,2.7,18.0,685.0,701.74,537.67
2016,5,2,14,15,295.5,369.5,2.75,17.5,611.5,619.39,477.99
2016,5,2,14,30,206.0,377.0,2.8,17.0,538.0,531.99,413.72
2016,5,2,14,45,274.0,343.5,2.85,17.0,547.5,550.71,430.39
2016,5,2,15,0,342.0,310.0,2.9,17.0,557.0,553.51,434.42
2016,5,2,15,15,248.0,303.5,2.9,16.5,477.0,465.48,367.56
2016,5,2,15,30,154.0,297.0,2.9,16.0,397.0,378.53,300.61
2016,5,2,15,45,217.5,267.0,2.9,16.0,396.5,377.31,301.04
2016,5,2,16,0,281.0,237.0,2.9,16.0,396.0,374.52,299.03
2016,5,2,16,15,356.5,199.0,2.85,15.5,381.5,356.8,284.8
2016,5,2,16,30,432.0,161.0,2.8,15.0,367.0,334.71,265.43
2016,5,2,16,45,270.0,158.5,2.75,15.0,282.0,242.77,191.4
2016,5,2,17,0,108.0,156.0,2.7,15.0,197.0,171.6,135.6
2016,5,2,17,15,89.0,135.5,2.65,14.5,166.0,139.11,108.92
2016,5,2,17,30,70.0,115.0,2.6,14.0,135.0,111.05,85.9
2016,5,2,17,45,172.5,93.5,2.6,13.5,129.5,97.63,70.16
2016,5,2,18,0,275.0,72.0,2.6,13.0,124.0,69.79,46.34
2016,5,2,18,15,191.0,53.5,2.55,12.5,84.0,42.09,31.2
2016,5,2,18,30,107.0,35.0,2.5,12.0,44.0,27.96,17.02
2016,5,2,18,45,53.5,17.5,2.45,12.0,22.0,14.32,0.0
2016,5,2,19,0,0.0,0.0,2.4,12.0,0.0,0.0,0.0
2016,5,2,19,15,0.0,0.0,2.3,12.0,0.0,0.0,0.0
2016,5,2,19,30,0.0,0.0,2.2,12.0,0.0,0.0,0.0
2016,5,2,19,45,0.0,0.0,2.15,12.0,0.0,0.0,0.0
2016,5,2,20,0,0.0,0.0,2.1,12.0,0.0,0.0,0.0
2016,5,2,20,15,0.0,0.0,2.05,12.0,0.0,0.0,0.0
2016,5,2,20,30,0.0,0.0,2.0,12.0,0.0,0.0,0.0
2016,5,2,20,45,0.0,0.0,1.95,12.0,0.0,0.0,0.0
2016,5,2,21,0,0.0,0.0,1.9,12.0,0.0,0.0,0.0
2016,5,2,21,15,0.0,0.0,1.9,12.0,0.0,0.0,0.0
2016,5,2,21,30,0.0,0.0,1.9,12.0,0.0,0.0,0.0
2016,5,2,21,45,0.0,0.0,1.9,12.0,0.0,0.0,0.0
2016,5,2,22,0,0.0,0.0,1.9,12.0,0.0,0.0,0.0
2016,5,2,22,15,0.0,0.0,1.9,11.5,0.0,0.0,0.0
2016,5,2,22,30,0.0,0.0,1.9,11.0,0.0,0.0,0.0
2016,5,2,22,45,0.0,0.0,1.95,11.0,0.0,0.0,0.0
2016,5,2,23,0,0.0,0.0,2.0,11.0,0.0,0.0,0.0
2016,5,2,23,15,0.0,0.0,1.95,11.0,0.0,0.0,0.0
2016,5,2,23,30,0.0,0.0,1.9,11.0,0.0,0.0,0.0
2016,5,2,23,45,0.0,0.0,1.9,11.0,0.0,0.0,0.0
2016,5,3,0,0,0.0,0.0,1.9,11.0,0.0,0.0,0.0
2016,5,3,0,15,0.0,0.0,1.9,11.0,0.0,0.0,0.0
2016,5,3,0,30,0.0,0.0,1.9,11.0,0.0,0.0,0.0
2016,5,3,0,45,0.0,0.0,1.9,11.0,0.0,0.0,0.0
2016,5,3,1,0,0.0,0.0,1.9,11.0,0.0,0.0,0.0
2016,5,3,1,15,0.0,0.0,1.9,11.0,0.0,0.0,0.0
2016,5,3,1,30,0.0,0.0,1.9,11.0,0.0,0.0,0.0
2016,5,3,1,45,0.0,0.0,1.9,11.0,0.0,0.0,0.0
2016,5,3,2,0,0.0,0.0,1.9,11.0,0.0,0.0,0.0
2016,5,3,2,15,0.0,0.0,1.9,11.0,0.0,0.0,0.0
2016,5,3,2,30,0.0,0.0,1.9,11.0,0.0,0.0,0.0
2016,5,3,2,45,0.0,0.0,1.95,11.0,0.0,0.0,0.0
2016,5,3,3,0,0.0,0.0,2.0,11.0,0.0,0.0,0.0
2016,5,3,3,15,0.0,0.0,1.95,11.0,0.0,0.0,0.0
2016,5,3,3,30,0.0,0.0,1.9,11.0,0.0,0.0,0.0
2016,5,3,3,45,0.0,0.0,1.9,11.0,0.0,0.0,0.0
2016,5,3,4,0,0.0,0.0,1.9,11.0,0.0,0.0,0.0
2016,5,3,4,15,0.0,0.0,1.85,11.0,0.0,0.0,0.0
2016,5,3,4,30,0.0,0.0,1.8,11.0,0.0,0.0,0.0
2016,5,3,4,45,0.0,0.0,1.75,11.0,0.0,0.0,0.0
2016,5,3,5,0,0.0,0.0,1.7,11.0,0.0,0.0,0.0
2016,5,3,5,15,0.0,3.0,1.65,11.0,3.0,2.73,0.0
2016,5,3,5,30,0.0,6.0,1.6,11.0,6.0,5.26,0.0
2016,5,3,5,45,0.0,17.0,1.6,11.5,17.0,14.95,6.91
2016,5,3,6,0,0.0,28.0,1.6,12.0,28.0,24.67,16.17
2016,5,3,6,15,0.0,42.0,1.5,12.0,42.0,37.06,26.21
2016,5,3,6,30,0.0,56.0,1.4,12.0,56.0,49.35,37.01
2016,5,3,6,45,0.0,71.5,1.35,12.0,71.5,62.91,48.73
2016,5,3,7,0,0.0,87.0,1.3,12.0,87.0,76.59,60.37
2016,5,3,7,15,137.0,129.0,1.45,12.0,189.5,158.17,125.38
2016,5,3,7,30,274.0,171.0,1.6,12.0,292.0,258.06,205.94
2016,5,3,7,45,158.5,191.0,1.8,12.5,263.0,242.44,195.29
2016,5,3,8,0,43.0,211.0,2.0,13.0,234.0,211.83,170.76
2016,5,3,8,15,127.0,243.0,2.1,13.0,319.0,294.85,238.01
2016,5,3,8,30,211.0,275.0,2.2,13.0,404.0,382.65,307.78
2016,5,3,8,45,241.0,292.5,2.35,13.5,451.0,430.87,344.8
2016,5,3,9,0,271.0,310.0,2.5,14.0,498.0,489.1,388.99
2016,5,3,9,15,285.0,327.0,2.45,14.0,534.5,530.34,419.56
2016,5,3,9,30,299.0,344.0,2.4,14.0,571.0,571.95,450.01
2016,5,3,9,45,193.5,364.5,2.35,14.5,514.0,510.59,400.32
2016,5,3,10,0,88.0,385.0,2.3,15.0,457.0,439.43,343.09
2016,5,3,10,15,171.5,401.5,2.15,15.0,548.0,543.85,422.67
2016,5,3,10,30,255.0,418.0,2.0,15.0,639.0,653.54,502.32
2016,5,3,10,45,222.5,434.0,1.9,15.5,630.0,635.31,485.67
2016,5,3,11,0,190.0,450.0,1.8,16.0,621.0,626.24,476.46
2016,5,3,11,15,161.0,456.5,1.7,16.0,603.0,608.94,462.48
2016,5,3,11,30,132.0,463.0,1.6,16.0,585.0,589.95,447.37
2016,5,3,11,45,225.5,453.0,1.5,16.0,662.5,673.6,508.73
2016,5,3,12,0,319.0,443.0,1.4,16.0,740.0,770.41,576.08
2016,5,3,12,15,388.0,413.5,1.45,16.0,773.5,808.74,603.74
2016,5,3,12,30,457.0,384.0,1.5,16.0,807.0,856.35,637.81
2016,5,3,12,45,453.0,379.0,1.55,16.0,794.5,842.73,628.88
2016,5,3,13,0,449.0,374.0,1.6,16.0,782.0,826.92,619.16
2016,5,3,13,15,476.5,358.0,1.7,16.0,784.0,828.27,622.44
2016,5,3,13,30,504.0,342.0,1.8,16.0,786.0,826.39,623.32
2016,5,3,13,45,438.0,356.0,1.9,16.0,734.0,765.63,581.21
2016,5,3,14,0,372.0,370.0,2.0,16.0,682.0,697.33,533.57
2016,5,3,14,15,403.5,340.5,2.1,16.0,667.5,689.9,530.87
2016,5,3,14,30,435.0,311.0,2.2,16.0,653.0,670.05,518.74
2016,5,3,14,45,396.0,309.0,2.35,16.0,609.0,609.8,475.68
2016,5,3,15,0,357.0,307.0,2.5,16.0,565.0,560.66,439.95
2016,5,3,15,15,268.0,302.5,2.65,15.5,489.5,477.39,377.64
2016,5,3,15,30,179.0,298.0,2.8,15.0,414.0,394.71,314.4
2016,5,3,15,45,143.5,274.0,2.95,15.0,362.5,340.48,272.38
2016,5,3,16,0,108.0,250.0,3.1,15.0,311.0,284.79,228.45
2016,5,3,16,15,100.5,226.0,3.1,15.0,278.5,251.91,202.28
2016,5,3,16,30,93.0,202.0,3.1,15.0,246.0,219.91,176.4
2016,5,3,16,45,177.5,174.5,3.1,15.0,247.5,221.11,175.76
2016,5,3,17,0,262.0,147.0,3.1,15.0,249.0,210.87,163.86
2016,5,3,17,15,222.0,132.5,3.0,14.5,210.0,169.89,129.64
2016,5,3,17,30,182.0,118.0,2.9,14.0,171.0,133.01,99.45
2016,5,3,17,45,153.5,96.0,2.85,14.0,134.5,97.57,70.8
2016,5,3,18,0,125.0,74.0,2.8,14.0,98.0,66.11,47.08
2016,5,3,18,15,82.5,53.0,2.6,13.5,67.0,42.73,31.69
2016,5,3,18,30,40.0,32.0,2.4,13.0,36.0,26.55,16.05
2016,5,3,18,45,20.0,16.0,2.25,13.0,18.0,13.67,0.0
2016,5,3,19,0,0.0,0.0,2.1,13.0,0.0,0.0,0.0
2016,5,3,19,15,0.0,0.0,2.05,13.0,0.0,0.0,0.0
2016,5,3,19,30,0.0,0.0,2.0,13.0,0.0,0.0,0.0
2016,5,3,19,45,0.0,0.0,2.0,13.0,0.0,0.0,0.0
2016,5,3,20,0,0.0,0.0,2.0,13.0,0.0,0.0,0.0
2016,5,3,20,15,0.0,0.0,2.05,12.5,0.0,0.0,0.0
2016,5,3,20,30,0.0,0.0,2.1,12.0,0.0,0.0,0.0
2016,5,3,20,45,0.0,0.0,2.15,12.0,0.0,0.0,0.0
2016,5,3,21,0,0.0,0.0,2.2,12.0,0.0,0.0,0.0
2016,5,3,21,15,0.0,0.0,2.2,12.0,0.0,0.0,0.0
2016,5,3,21,30,0.0,0.0,2.2,12.0,0.0,0.0,0.0
2016,5,3,21,45,0.0,0.0,2.2,12.0,0.0,0.0,0.0
2016,5,3,22,0,0.0,0.0,2.2,12.0,0.0,0.0,0.0
2016,5,3,22,15,0.0,0.0,2.1,12.0,0.0,0.0,0.0
2016,5,3,22,30,0.0,0.0,2.0,12.0,0.0,0.0,0.0
2016,5,3,22,45,0.0,0.0,1.95,12.0,0.0,0.0,0.0
2016,5,3,23,0,0.0,0.0,1.9,12.0,0.0,0.0,0.0
2016,5,3,23,15,0.0,0.0,1.85,12.0,0.0,0.0,0.0
2016,5,3,23,30,0.0,0.0,1.8,12.0,0.0,0.0,0.0
2016,5,3,23,45,0.0,0.0,1.75,12.0,0.0,0.0,0.0
2016,5,4,0,0,0.0,0.0,1.7,12.0,0.0,0.0,0.0
2016,5,4,0,15,0.0,0.0,1.7,12.0,0.0,0.0,0.0
2016,5,4,0,30,0.0,0.0,1.7,12.0,0.0,0.0,0.0
2016,5,4,0,45,0.0,0.0,1.7,12.0,0.0,0.0,0.0
2016,5,4,1,0,0.0,0.0,1.7,12.0,0.0,0.0,0.0
2016,5,4,1,15,0.0,0.0,1.7,12.0,0.0,0.0,0.0
2016,5,4,1,30,0.0,0.0,1.7,12.0,0.0,0.0,0.0
2016,5,4,1,45,0.0,0.0,1.75,12.0,0.0,0.0,0.0
2016,5,4,2,0,0.0,0.0,1.8,12.0,0.0,0.0,0.0
2016,5,4,2,15,0.0,0.0,1.9,12.0,0.0,0.0,0.0
2016,5,4,2,30,0.0,0.0,2.0,12.0,0.0,0.0,0.0
2016,5,4,2,45,0.0,0.0,2.1,12.0,0.0,0.0,0.0
2016,5,4,3,0,0.0,0.0,2.2,12.0,0.0,0.0,0.0
2016,5,4,3,15,0.0,0.0,2.25,12.0,0.0,0.0,0.0
2016,5,4,3,30,0.0,0.0,2.3,12.0,0.0,0.0,0.0
2016,5,4,3,45,0.0,0.0,2.4,12.0,0.0,0.0,0.0
2016,5,4,4,0,0.0,0.0,2.5,12.0,0.0,0.0,0.0
2016,5,4,4,15,0.0,0.0,2.5,12.0,0.0,0.0,0.0
2016,5,4,4,30,0.0,0.0,2.5,12.0,0.0,0.0,0.0
2016,5,4,4,45,0.0,0.0,2.55,12.0,0.0,0.0,0.0
2016,5,4,5,0,0.0,0.0,2.6,12.0,0.0,0.0,0.0
2016,5,4,5,15,0.0,8.5,2.55,12.0,8.5,7.73,0.0
2016,5,4,5,30,0.0,17.0,2.5,12.0,17.0,14.96,0.0
2016,5,4,5,45,66.5,38.5,2.5,12.0,48.5,31.46,20.87
2016,5,4,6,0,133.0,60.0,2.5,12.0,80.0,46.66,35.54
2016,5,4,6,15,188.5,80.0,2.45,12.0,120.0,75.19,52.82
2016,5,4,6,30,244.0,100.0,2.4,12.0,160.0,113.44,80.79
2016,5,4,6,45,326.0,104.0,2.4,12.0,205.0,151.15,109.47
2016,5,4,7,0,408.0,108.0,2.4,12.0,250.0,198.12,148.08
2016,5,4,7,15,338.5,141.0,2.3,12.0,271.0,231.7,181.0
2016,5,4,7,30,269.0,174.0,2.2,12.0,292.0,258.72,206.73
2016,5,4,7,45,205.5,203.5,2.15,12.5,300.0,273.31,220.14
2016,5,4,8,0,142.0,233.0,2.1,13.0,308.0,283.45,228.51
2016,5,4,8,15,143.5,256.5,2.0,13.0,338.5,315.8,254.22
2016,5,4,8,30,145.0,280.0,1.9,13.0,369.0,348.21,279.34
2016,5,4,8,45,165.5,301.5,1.85,13.0,411.0,390.82,312.28
2016,5,4,9,0,186.0,323.0,1.8,13.0,453.0,435.14,345.95
2016,5,4,9,15,239.0,335.0,1.7,13.0,511.5,495.56,391.75
2016,5,4,9,30,292.0,347.0,1.6,13.0,570.0,568.79,445.78
2016,5,4,9,45,289.0,365.5,1.55,13.5,594.0,597.98,464.72
2016,5,4,10,0,286.0,384.0,1.5,14.0,618.0,625.98,482.77
2016,5,4,10,15,243.0,406.5,1.5,14.0,610.0,621.66,477.69
2016,5,4,10,30,200.0,429.0,1.5,14.0,602.0,602.5,462.36
2016,5,4,10,45,202.5,439.5,1.5,14.0,618.5,621.52,475.76
2016,5,4,11,0,205.0,450.0,1.5,14.0,635.0,639.73,488.19
2016,5,4,11,15,237.5,451.5,1.65,14.0,668.5,676.95,516.09
2016,5,4,11,30,270.0,453.0,1.8,14.0,702.0,726.77,552.33
2016,5,4,11,45,240.5,461.5,2.0,14.5,684.5,696.12,529.91
2016,5,4,12,0,211.0,470.0,2.2,15.0,667.0,676.74,515.67
2016,5,4,12,15,318.0,431.5,2.3,15.0,727.0,756.72,576.2
2016,5,4,12,30,425.0,393.0,2.4,15.0,787.0,832.4,631.99
2016,5,4,12,45,420.0,390.0,2.5,15.0,776.0,819.99,623.53
2016,5,4,13,0,415.0,387.0,2.6,15.0,765.0,805.54,614.43
2016,5,4,13,15,396.0,388.5,2.65,15.0,744.0,770.12,590.04
2016,5,4,13,30,377.0,390.0,2.7,15.0,723.0,744.28,572.16
2016,5,4,13,45,379.5,377.5,2.8,15.5,705.0,723.05,557.33
2016,5,4,14,0,382.0,365.0,2.9,16.0,687.0,700.15,541.14
2016,5,4,14,15,401.5,342.0,2.95,16.0,668.5,679.58,527.83
2016,5,4,14,30,421.0,319.0,3.0,16.0,650.0,665.36,518.73
2016,5,4,14,45,433.0,297.5,3.05,16.0,624.0,634.82,497.46
2016,5,4,15,0,445.0,276.0,3.1,16.0,598.0,601.92,474.11
2016,5,4,15,15,461.0,252.0,3.1,15.5,568.5,567.01,449.54
2016,5,4,15,30,477.0,228.0,3.1,15.0,539.0,529.39,422.16
2016,5,4,15,45,453.5,217.0,3.1,15.0,495.0,478.3,382.35
2016,5,4,16,0,430.0,206.0,3.1,15.0,451.0,428.54,342.81
2016,5,4,16,15,287.0,206.0,3.0,14.5,363.0,329.48,264.11
2016,5,4,16,30,144.0,206.0,2.9,14.0,275.0,247.69,198.87
2016,5,4,16,45,227.5,174.0,2.85,14.0,269.0,240.79,191.39
2016,5,4,17,0,311.0,142.0,2.8,14.0,263.0,220.55,170.91
2016,5,4,17,15,270.5,128.0,2.7,13.5,222.5,177.06,134.19
2016,5,4,17,30,230.0,114.0,2.6,13.0,182.0,138.29,102.12
2016,5,4,17,45,194.0,94.0,2.55,13.0,143.5,100.06,71.44
2016,5,4,18,0,158.0,74.0,2.5,13.0,105.0,66.62,46.86
2016,5,4,18,15,109.0,54.0,2.35,12.5,72.0,42.29,31.49
2016,5,4,18,30,60.0,34.0,2.2,12.0,39.0,28.09,17.61
2016,5,4,18,45,30.0,17.0,2.1,12.0,19.5,14.49,0.0
2016,5,4,19,0,0.0,0.0,2.0,12.0,0.0,0.0,0.0
2016,5,4,19,15,0.0,0.0,1.95,12.0,0.0,0.0,0.0
2016,5,4,19,30,0.0,0.0,1.9,12.0,0.0,0.0,0.0
2016,5,4,19,45,0.0,0.0,1.85,12.0,0.0,0.0,0.0
2016,5,4,20,0,0.0,0.0,1.8,12.0,0.0,0.0,0.0
2016,5,4,20,15,0.0,0.0,1.8,12.0,0.0,0.0,0.0
2016,5,4,20,30,0.0,0.0,1.8,12.0,0.0,0.0,0.0
2016,5,4,20,45,0.0,0.0,1.8,12.0,0.0,0.0,0.0
2016,5,4,21,0,0.0,0.0,1.8,12.0,0.0,0.0,0.0
2016,5,4,21,15,0.0,0.0,1.8,12.0,0.0,0.0,0.0
2016,5,4,21,30,0.0,0.0,1.8,12.0,0.0,0.0,0.0
2016,5,4,21,45,0.0,0.0,1.85,12.0,0.0,0.0,0.0
2016,5,4,22,0,0.0,0.0,1.9,12.0,0.0,0.0,0.0
2016,5,4,22,15,0.0,0.0,1.95,12.0,0.0,0.0,0.0
2016,5,4,22,30,0.0,0.0,2.0,12.0,0.0,0.0,0.0
2016,5,4,22,45,0.0,0.0,2.05,12.0,0.0,0.0,0.0
2016,5,4,23,0,0.0,0.0,2.1,12.0,0.0,0.0,0.0
2016,5,4,23,15,0.0,0.0,2.1,12.0,0.0,0.0,0.0
2016,5,4,23,30,0.0,0.0,2.1,12.0,0.0,0.0,0.0
2016,5,4,23,45,0.0,0.0,2.15,12.0,0.0,0.0,0.0
2016,5,5,0,0,0.0,0.0,2.2,12.0,0.0,0.0,0.0
2016,5,5,0,15,0.0,0.0,2.2,12.0,0.0,0.0,0.0
2016,5,5,0,30,0.0,0.0,2.2,12.0,0.0,0.0,0.0
2016,5,5,0,45,0.0,0.0,2.2,12.0,0.0,0.0,0.0
2016,5,5,1,0,0.0,0.0,2.2,12.0,0.0,0.0,0.0
2016,5,5,1,15,0.0,0.0,2.2,12.0,0.0,0.0,0.0
2016,5,5,1,30,0.0,0.0,2.2,12.0,0.0,0.0,0.0
2016,5,5,1,45,0.0,0.0,2.2,12.0,0.0,0.0,0.0
2016,5,5,2,0,0.0,0.0,2.2,12.0,0.0,0.0,0.0
2016,5,5,2,15,0.0,0.0,2.15,12.0,0.0,0.0,0.0
2016,5,5,2,30,0.0,0.0,2.1,12.0,0.0,0.0,0.0
2016,5,5,2,45,0.0,0.0,2.05,12.0,0.0,0.0,0.0
2016,5,5,3,0,0.0,0.0,2.0,12.0,0.0,0.0,0.0
2016,5,5,3,15,0.0,0.0,1.95,12.0,0.0,0.0,0.0
2016,5,5,3,30,0.0,0.0,1.9,12.0,0.0,0.0,0.0
2016,5,5,3,45,0.0,0.0,1.9,12.0,0.0,0.0,0.0
2016,5,5,4,0,0.0,0.0,1.9,12.0,0.0,0.0,0.0
2016,5,5,4,15,0.0,0.0,1.85,12.0,0.0,0.0,0.0
2016,5,5,4,30,0.0,0.0,1.8,12.0,0.0,0.0,0.0
2016,5,5,4,45,0.0,0.0,1.8,12.0,0.0,0.0,0.0
2016,5,5,5,0,0.0,0.0,1.8,12.0,0.0,0.0,0.0
2016,5,5,5,15,0.0,7.5,1.9,12.0,7.5,6.82,0.0
2016,5,5,5,30,0.0,15.0,2.0,12.0,15.0,13.21,0.0
2016,5,5,5,45,21.5,35.0,2.1,12.5,38.0,29.72,19.54
2016,5,5,6,0,43.0,55.0,2.2,13.0,61.0,45.57,34.5
2016,5,5,6,15,64.0,77.0,2.25,13.0,90.5,67.79,50.23
2016,5,5,6,30,85.0,99.0,2.3,13.0,120.0,94.0,71.07
2016,5,5,6,45,108.0,119.0,2.35,13.0,152.5,122.75,94.58
2016,5,5,7,0,131.0,139.0,2.4,13.0,185.0,154.52,121.08
2016,5,5,7,15,164.5,161.0,2.4,13.0,228.0,194.12,153.98
2016,5,5,7,30,198.0,183.0,2.4,13.0,271.0,237.82,190.29
2016,5,5,7,45,118.0,196.5,2.45,13.5,250.5,229.86,185.07
2016,5,5,8,0,38.0,210.0,2.5,14.0,230.0,208.19,167.38
2016,5,5,8,15,69.0,243.0,2.45,14.0,284.5,258.24,207.66
2016,5,5,8,30,100.0,276.0,2.4,14.0,339.0,311.91,250.16
2016,5,5,8,45,145.5,300.0,2.4,14.0,398.0,376.27,300.71
2016,5,5,9,0,191.0,324.0,2.4,14.0,457.0,439.06,349.26
2016,5,5,9,15,154.0,343.5,2.35,14.0,455.0,441.24,349.28
2016,5,5,9,30,117.0,363.0,2.3,14.0,453.0,439.85,346.67
2016,5,5,9,45,245.0,361.5,2.3,14.5,559.5,557.81,437.15
2016,5,5,10,0,373.0,360.0,2.3,15.0,666.0,675.14,523.56
2016,5,5,10,15,278.0,395.5,2.3,15.0,628.0,640.71,494.79
2016,5,5,10,30,183.0,431.0,2.3,15.0,590.0,588.45,453.98
2016,5,5,10,45,225.5,435.5,2.3,15.5,636.0,638.15,490.24
2016,5,5,11,0,268.0,440.0,2.3,16.0,682.0,700.85,534.2
2016,5,5,11,15,240.0,452.5,2.3,16.0,671.5,679.58,517.66
2016,5,5,11,30,212.0,465.0,2.3,16.0,661.0,668.55,508.85
2016,5,5,11,45,270.0,454.0,2.35,16.0,705.0,729.73,553.88
2016,5,5,12,0,328.0,443.0,2.4,16.0,749.0,777.3,588.54
2016,5,5,12,15,341.5,429.5,2.4,16.0,747.5,776.91,588.46
2016,5,5,12,30,355.0,416.0,2.4,16.0,746.0,774.65,587.57
2016,5,5,12,45,354.5,411.5,2.4,16.0,738.5,765.82,581.64
2016,5,5,13,0,354.0,407.0,2.4,16.0,731.0,755.24,574.57
2016,5,5,13,15,302.5,415.0,2.4,16.0,688.0,707.32,539.78
2016,5,5,13,30,251.0,423.0,2.4,16.0,645.0,659.77,505.15
2016,5,5,13,45,244.0,416.0,2.4,16.0,626.5,638.42,490.43
2016,5,5,14,0,237.0,409.0,2.4,16.0,608.0,605.67,467.34
2016,5,5,14,15,121.5,301.5,2.4,16.0,403.5,394.7,309.5
2016,5,5,14,30,6.0,194.0,2.4,16.0,199.0,178.92,139.69
2016,5,5,14,45,51.0,264.5,2.4,16.0,302.0,284.81,225.35
2016,5,5,15,0,96.0,335.0,2.4,16.0,405.0,381.63,300.99
2016,5,5,15,15,133.0,317.5,2.35,15.5,408.0,391.66,309.92
2016,5,5,15,30,170.0,300.0,2.3,15.0,411.0,389.91,309.97
2016,5,5,15,45,249.5,265.5,2.25,15.0,415.0,398.73,317.8
2016,5,5,16,0,329.0,231.0,2.2,15.0,419.0,392.47,312.95
2016,5,5,16,15,493.5,173.5,2.2,15.0,427.0,401.04,318.43
2016,5,5,16,30,658.0,116.0,2.2,15.0,435.0,388.03,304.15
2016,5,5,16,45,621.5,110.0,2.2,15.0,384.0,328.28,252.95
2016,5,5,17,0,585.0,104.0,2.2,15.0,333.0,271.93,203.86
2016,5,5,17,15,537.0,95.5,2.25,14.5,282.0,214.36,154.36
2016,5,5,17,30,489.0,87.0,2.3,14.0,231.0,160.05,108.52
2016,5,5,17,45,420.5,76.5,2.35,14.0,183.0,109.82,69.63
2016,5,5,18,0,352.0,66.0,2.4,14.0,135.0,67.97,42.71
2016,5,5,18,15,260.0,51.0,2.25,13.5,94.0,39.1,28.62
2016,5,5,18,30,168.0,36.0,2.1,13.0,53.0,27.99,17.64
2016,5,5,18,45,84.0,18.0,2.0,13.0,26.5,14.14,0.0
2016,5,5,19,0,0.0,0.0,1.9,13.0,0.0,0.0,0.0
2016,5,5,19,15,0.0,0.0,1.8,12.5,0.0,0.0,0.0
2016,5,5,19,30,0.0,0.0,1.7,12.0,0.0,0.0,0.0
2016,5,5,19,45,0.0,0.0,1.65,12.0,0.0,0.0,0.0
2016,5,5,20,0,0.0,0.0,1.6,12.0,0.0,0.0,0.0
2016,5,5,20,15,0.0,0.0,1.7,12.0,0.0,0.0,0.0
2016,5,5,20,30,0.0,0.0,1.8,12.0,0.0,0.0,0.0
2016,5,5,20,45,0.0,0.0,1.9,12.0,0.0,0.0,0.0
2016,5,5,21,0,0.0,0.0,2.0,12.0,0.0,0.0,0.0
2016,5,5,21,15,0.0,0.0,2.25,12.0,0.0,0.0,0.0
2016,5,5,21,30,0.0,0.0,2.5,12.0,0.0,0.0,0.0
2016,5,5,21,45,0.0,0.0,2.8,12.0,0.0,0.0,0.0
2016,5,5,22,0,0.0,0.0,3.1,12.0,0.0,0.0,0.0
2016,5,5,22,15,0.0,0.0,3.2,12.0,0.0,0.0,0.0
2016,5,5,22,30,0.0,0.0,3.3,12.0,0.0,0.0,0.0
2016,5,5,22,45,0.0,0.0,3.45,12.0,0.0,0.0,0.0
2016,5,5,23,0,0.0,0.0,3.6,12.0,0.0,0.0,0.0
2016,5,5,23,15,0.0,0.0,3.5,11.5,0.0,0.0,0.0
2016,5,5,23,30,0.0,0.0,3.4,11.0,0.0,0.0,0.0
2016,5,5,23,45,0.0,0.0,3.35,11.0,0.0,0.0,0.0
2016,5,6,0,0,0.0,0.0,3.3,11.0,0.0,0.0,0.0
2016,5,6,0,15,0.0,0.0,3.25,11.0,0.0,0.0,0.0
2016,5,6,0,30,0.0,0.0,3.2,11.0,0.0,0.0,0.0
2016,5,6,0,45,0.0,0.0,3.15,11.0,0.0,0.0,0.0
2016,5,6,1,0,0.0,0.0,3.1,11.0,0.0,0.0,0.0
2016,5,6,1,15,0.0,0.0,3.05,11.0,0.0,0.0,0.0
2016,5,6,1,30,0.0,0.0,3.0,11.0,0.0,0.0,0.0
2016,5,6,1,45,0.0,0.0,3.0,11.0,0.0,0.0,0.0
2016,5,6,2,0,0.0,0.0,3.0,11.0,0.0,0.0,0.0
2016,5,6,2,15,0.0,0.0,2.95,11.0,0.0,0.0,0.0
2016,5,6,2,30,0.0,0.0,2.9,11.0,0.0,0.0,0.0
2016,5,6,2,45,0.0,0.0,2.9,11.0,0.0,0.0,0.0
2016,5,6,3,0,0.0,0.0,2.9,11.0,0.0,0.0,0.0
2016,5,6,3,15,0.0,0.0,2.9,11.0,0.0,0.0,0.0
2016,5,6,3,30,0.0,0.0,2.9,11.0,0.0,0.0,0.0
2016,5,6,3,45,0.0,0.0,2.9,11.0,0.0,0.0,0.0
2016,5,6,4,0,0.0,0.0,2.9,11.0,0.0,0.0,0.0
2016,5,6,4,15,0.0,0.0,2.85,11.0,0.0,0.0,0.0
2016,5,6,4,30,0.0,0.0,2.8,11.0,0.0,0.0,0.0
2016,5,6,4,45,0.0,0.0,2.75,11.0,0.0,0.0,0.0
2016,5,6,5,0,0.0,0.0,2.7,11.0,0.0,0.0,0.0
2016,5,6,5,15,0.0,4.0,2.7,11.0,4.0,3.64,0.0
2016,5,6,5,30,0.0,8.0,2.7,11.0,8.0,7.02,0.0
2016,5,6,5,45,0.0,20.0,2.7,11.5,20.0,17.6,9.41
2016,5,6,6,0,0.0,32.0,2.7,12.0,32.0,28.21,19.37
2016,5,6,6,15,0.0,47.5,2.65,12.0,47.5,41.86,30.35
2016,5,6,6,30,0.0,63.0,2.6,12.0,63.0,55.3,42.12
2016,5,6,6,45,0.0,79.5,2.55,12.0,79.5,69.75,54.58
2016,5,6,7,0,0.0,96.0,2.5,12.0,96.0,84.34,66.97
2016,5,6,7,15,61.5,141.5,2.45,12.0,169.5,143.92,115.5
2016,5,6,7,30,123.0,187.0,2.4,12.0,243.0,213.84,172.61
2016,5,6,7,45,61.5,158.5,2.4,12.0,186.5,168.37,135.98
2016,5,6,8,0,0.0,130.0,2.4,12.0,130.0,115.28,91.92
2016,5,6,8,15,10.0,177.5,2.35,12.0,184.0,163.3,131.55
2016,5,6,8,30,20.0,225.0,2.3,12.0,238.0,212.9,171.68
2016,5,6,8,45,13.0,211.5,2.3,12.5,220.5,197.53,158.29
2016,5,6,9,0,6.0,198.0,2.3,13.0,203.0,181.33,144.43
2016,5,6,9,15,5.5,190.5,2.3,13.0,195.0,174.59,138.7
2016,5,6,9,30,5.0,183.0,2.3,13.0,187.0,167.77,132.92
2016,5,6,9,45,6.5,195.5,2.3,13.0,201.0,180.73,143.2
2016,5,6,10,0,8.0,208.0,2.3,13.0,215.0,193.82,153.51
2016,5,6,10,15,4.0,163.5,2.3,13.0,167.0,150.05,117.94
2016,5,6,10,30,0.0,119.0,2.3,13.0,119.0,106.28,82.19
2016,5,6,10,45,7.5,201.5,2.3,13.5,208.5,188.51,148.63
2016,5,6,11,0,15.0,284.0,2.3,14.0,298.0,272.36,214.32
2016,5,6,11,15,17.5,305.5,2.3,14.0,322.0,295.31,231.8
2016,5,6,11,30,20.0,327.0,2.3,14.0,346.0,318.33,249.45
2016,5,6,11,45,22.0,341.0,2.35,14.0,362.0,333.79,261.27
2016,5,6,12,0,24.0,355.0,2.4,14.0,378.0,349.16,273.06
2016,5,6,12,15,21.0,336.0,2.4,14.0,356.5,328.2,256.85
2016,5,6,12,30,18.0,317.0,2.4,14.0,335.0,307.17,240.69
2016,5,6,12,45,13.5,264.5,2.4,14.0,278.0,253.35,198.92
2016,5,6,13,0,9.0,212.0,2.4,14.0,221.0,200.09,157.08
2016,5,6,13,15,10.0,227.5,2.35,14.0,237.0,215.06,169.19
2016,5,6,13,30,11.0,243.0,2.3,14.0,253.0,229.95,181.04
2016,5,6,13,45,14.0,265.0,2.3,14.0,277.5,252.59,199.08
2016,5,6,14,0,17.0,287.0,2.3,14.0,302.0,275.04,216.9
2016,5,6,14,15,18.5,286.5,2.25,14.0,302.0,275.03,217.1
2016,5,6,14,30,20.0,286.0,2.2,14.0,302.0,274.83,217.27
2016,5,6,14,45,10.0,192.5,2.15,14.0,200.5,180.16,142.3
2016,5,6,15,0,0.0,99.0,2.1,14.0,99.0,87.94,67.48
2016,5,6,15,15,11.0,169.5,1.95,14.0,177.0,158.75,125.99
2016,5,6,15,30,22.0,240.0,1.8,14.0,255.0,228.92,182.68
2016,5,6,15,45,11.0,189.5,1.7,14.0,197.0,175.33,139.56
2016,5,6,16,0,0.0,139.0,1.6,14.0,139.0,123.43,97.55
2016,5,6,16,15,0.0,101.5,1.4,13.5,101.5,89.93,70.31
2016,5,6,16,30,0.0,64.0,1.2,13.0,64.0,56.58,42.64
2016,5,6,16,45,0.0,50.0,1.0,13.0,50.0,44.14,32.25
2016,5,6,17,0,0.0,36.0,0.8,13.0,36.0,31.73,21.74
2016,5,6,17,15,0.0,30.5,0.7,13.0,30.5,26.86,17.62
2016,5,6,17,30,0.0,25.0,0.6,13.0,25.0,22.0,13.44
2016,5,6,17,45,0.0,20.0,0.5,13.0,20.0,17.58,9.59
2016,5,6,18,0,0.0,15.0,0.4,13.0,15.0,13.18,5.7
2016,5,6,18,15,0.0,10.0,0.45,12.5,10.0,8.77,2.13
2016,5,6,18,30,0.0,5.0,0.5,12.0,5.0,4.38,0.0
2016,5,6,18,45,0.0,2.5,0.55,12.0,2.5,2.19,0.0
2016,5,6,19,0,0.0,0.0,0.6,12.0,0.0,0.0,0.0
2016,5,6,19,15,0.0,0.0,0.6,12.0,0.0,0.0,0.0
2016,5,6,19,30,0.0,0.0,0.6,12.0,0.0,0.0,0.0
2016,5,6,19,45,0.0,0.0,0.6,12.0,0.0,0.0,0.0
2016,5,6,20,0,0.0,0.0,0.6,12.0,0.0,0.0,0.0
2016,5,6,20,15,0.0,0.0,0.6,11.5,0.0,0.0,0.0
2016,5,6,20,30,0.0,0.0,0.6,11.0,0.0,0.0,0.0
2016,5,6,20,45,0.0,0.0,0.6,11.0,0.0,0.0,0.0
2016,5,6,21,0,0.0,0.0,0.6,11.0,0.0,0.0,0.0
2016,5,6,21,15,0.0,0.0,0.6,11.0,0.0,0.0,0.0
2016,5,6,21,30,0.0,0.0,0.6,11.0,0.0,0.0,0.0
2016,5,6,21,45,0.0,0.0,0.6,11.0,0.0,0.0,0.0
2016,5,6,22,0,0.0,0.0,0.6,11.0,0.0,0.0,0.0
2016,5,6,22,15,0.0,0.0,0.6,11.0,0.0,0.0,0.0
2016,5,6,22,30,0.0,0.0,0.6,11.0,0.0,0.0,0.0
2016,5,6,22,45,0.0,0.0,0.6,11.0,0.0,0.0,0.0
2016,5,6,23,0,0.0,0.0,0.6,11.0,0.0,0.0,0.0
2016,5,6,23,15,0.0,0.0,0.55,11.0,0.0,0.0,0.0
2016,5,6,23,30,0.0,0.0,0.5,11.0,0.0,0.0,0.0
2016,5,6,23,45,0.0,0.0,0.5,11.0,0.0,0.0,0.0
2016,5,7,0,0,0.0,0.0,0.5,11.0,0.0,0.0,0.0
2016,5,7,0,15,0.0,0.0,0.55,11.0,0.0,0.0,0.0
2016,5,7,0,30,0.0,0.0,0.6,11.0,0.0,0.0,0.0
2016,5,7,0,45,0.0,0.0,0.7,11.0,0.0,0.0,0.0
2016,5,7,1,0,0.0,0.0,0.8,11.0,0.0,0.0,0.0
2016,5,7,1,15,0.0,0.0,0.85,11.0,0.0,0.0,0.0
2016,5,7,1,30,0.0,0.0,0.9,11.0,0.0,0.0,0.0
2016,5,7,1,45,0.0,0.0,1.0,11.0,0.0,0.0,0.0
2016,5,7,2,0,0.0,0.0,1.1,11.0,0.0,0.0,0.0
2016,5,7,2,15,0.0,0.0,1.2,11.0,0.0,0.0,0.0
2016,5,7,2,30,0.0,0.0,1.3,11.0,0.0,0.0,0.0
2016,5,7,2,45,0.0,0.0,1.4,11.0,0.0,0.0,0.0
2016,5,7,3,0,0.0,0.0,1.5,11.0,0.0,0.0,0.0
2016,5,7,3,15,0.0,0.0,1.5,11.0,0.0,0.0,0.0
2016,5,7,3,30,0.0,0.0,1.5,11.0,0.0,0.0,0.0
2016,5,7,3,45,0.0,0.0,1.55,11.0,0.0,0.0,0.0
2016,5,7,4,0,0.0,0.0,1.6,11.0,0.0,0.0,0.0
2016,5,7,4,15,0.0,0.0,1.55,11.0,0.0,0.0,0.0
2016,5,7,4,30,0.0,0.0,1.5,11.0,0.0,0.0,0.0
2016,5,7,4,45,0.0,0.0,1.5,11.0,0.0,0.0,0.0
2016,5,7,5,0,0.0,0.0,1.5,11.0,0.0,0.0,0.0
2016,5,7,5,15,0.0,8.0,1.65,11.0,8.0,7.28,0.0
2016,5,7,5,30,0.0,16.0,1.8,11.0,16.0,14.09,1.83
2016,5,7,5,45,15.5,36.5,2.0,11.5,39.0,30.98,20.97
2016,5,7,6,0,31.0,57.0,2.2,12.0,62.0,47.14,36.12
2016,5,7,6,15,50.0,79.0,2.25,12.0,90.5,68.67,51.66
2016,5,7,6,30,69.0,101.0,2.3,12.0,119.0,93.84,71.95
2016,5,7,6,45,92.0,121.5,2.35,12.5,151.0,121.8,94.65
2016,5,7,7,0,115.0,142.0,2.4,13.0,183.0,152.98,120.33
2016,5,7,7,15,89.5,162.0,2.45,13.0,197.0,170.0,135.9
2016,5,7,7,30,64.0,182.0,2.5,13.0,211.0,185.18,149.26
2016,5,7,7,45,41.5,188.5,2.6,13.0,208.0,186.62,150.67
2016,5,7,8,0,19.0,195.0,2.7,13.0,205.0,182.25,146.89
2016,5,7,8,15,10.0,180.0,2.75,13.0,185.5,165.49,132.78
2016,5,7,8,30,1.0,165.0,2.8,13.0,166.0,147.52,117.6
2016,5,7,8,45,0.5,154.5,2.9,13.5,155.0,137.97,109.27
2016,5,7,9,0,0.0,144.0,3.0,14.0,144.0,128.31,100.9
2016,5,7,9,15,13.0,218.0,2.95,14.0,228.0,205.08,163.21
2016,5,7,9,30,26.0,292.0,2.9,14.0,312.0,291.91,231.91
2016,5,7,9,45,13.0,201.5,2.9,14.5,211.5,191.42,151.07
2016,5,7,10,0,0.0,111.0,2.9,15.0,111.0,98.91,75.77
2016,5,7,10,15,0.0,93.5,2.85,15.0,93.5,83.24,62.99
2016,5,7,10,30,0.0,76.0,2.8,15.0,76.0,67.61,50.15
2016,5,7,10,45,0.0,104.5,2.75,15.0,104.5,93.26,71.03
2016,5,7,11,0,0.0,133.0,2.7,15.0,133.0,119.11,91.87
2016,5,7,11,15,0.0,99.0,2.65,15.0,99.0,88.42,66.93
2016,5,7,11,30,0.0,65.0,2.6,15.0,65.0,57.9,42.04
2016,5,7,11,45,0.0,79.0,2.6,15.5,79.0,70.48,52.22
2016,5,7,12,0,0.0,93.0,2.6,16.0,93.0,83.09,62.33
2016,5,7,12,15,0.0,101.5,2.55,16.0,101.5,90.76,68.53
2016,5,7,12,30,0.0,110.0,2.5,16.0,110.0,98.43,74.72
2016,5,7,12,45,0.0,106.5,2.5,16.0,106.5,95.23,72.15
2016,5,7,13,0,0.0,103.0,2.5,16.0,103.0,92.02,69.6
2016,5,7,13,15,20.0,240.0,2.45,16.0,257.5,244.17,191.5
2016,5,7,13,30,40.0,377.0,2.4,16.0,412.0,394.95,307.27
2016,5,7,13,45,25.5,311.5,2.4,16.0,334.0,316.26,246.66
2016,5,7,14,0,11.0,246.0,2.4,16.0,256.0,231.7,181.17
2016,5,7,14,15,5.5,197.0,2.4,16.0,202.5,181.53,141.86
2016,5,7,14,30,0.0,148.0,2.4,16.0,149.0,132.21,102.53
2016,5,7,14,45,0.0,149.0,2.4,16.0,150.0,133.01,103.45
2016,5,7,15,0,0.0,150.0,2.4,16.0,151.0,133.81,104.32
2016,5,7,15,15,0.0,140.0,2.35,15.5,140.5,124.68,97.35
2016,5,7,15,30,0.0,130.0,2.3,15.0,130.0,115.6,90.37
2016,5,7,15,45,20.5,180.0,2.3,15.0,192.0,172.18,137.13
2016,5,7,16,0,41.0,230.0,2.3,15.0,254.0,230.25,184.26
2016,5,7,16,15,25.5,198.0,2.25,15.0,212.5,187.62,149.96
2016,5,7,16,30,10.0,166.0,2.2,15.0,171.0,150.85,120.4
2016,5,7,16,45,5.0,141.5,2.2,15.0,144.0,126.44,100.7
2016,5,7,17,0,0.0,117.0,2.2,15.0,117.0,102.84,81.46
2016,5,7,17,15,0.0,99.5,2.1,14.5,99.5,87.23,68.71
2016,5,7,17,30,0.0,82.0,2.0,14.0,82.0,71.76,55.82
2016,5,7,17,45,171.0,74.5,1.95,14.0,109.0,81.63,56.7
2016,5,7,18,0,342.0,67.0,1.9,14.0,136.0,68.11,43.19
2016,5,7,18,15,254.0,52.5,1.85,13.5,95.5,40.14,29.63
2016,5,7,18,30,166.0,38.0,1.8,13.0,55.0,29.48,19.2
2016,5,7,18,45,83.0,19.0,1.75,13.0,27.5,14.89,0.0
2016,5,7,19,0,0.0,0.0,1.7,13.0,0.0,0.0,0.0
2016,5,7,19,15,0.0,0.0,1.6,13.0,0.0,0.0,0.0
2016,5,7,19,30,0.0,0.0,1.5,13.0,0.0,0.0,0.0
2016,5,7,19,45,0.0,0.0,1.45,13.0,0.0,0.0,0.0
2016,5,7,20,0,0.0,0.0,1.4,13.0,0.0,0.0,0.0
2016,5,7,20,15,0.0,0.0,1.3,12.5,0.0,0.0,0.0
2016,5,7,20,30,0.0,0.0,1.2,12.0,0.0,0.0,0.0
2016,5,7,20,45,0.0,0.0,1.2,12.0,0.0,0.0,0.0
2016,5,7,21,0,0.0,0.0,1.2,12.0,0.0,0.0,0.0
2016,5,7,21,15,0.0,0.0,1.15,12.0,0.0,0.0,0.0
2016,5,7,21,30,0.0,0.0,1.1,12.0,0.0,0.0,0.0
2016,5,7,21,45,0.0,0.0,1.05,12.0,0.0,0.0,0.0
2016,5,7,22,0,0.0,0.0,1.0,12.0,0.0,0.0,0.0
2016,5,7,22,15,0.0,0.0,0.95,12.0,0.0,0.0,0.0
2016,5,7,22,30,0.0,0.0,0.9,12.0,0.0,0.0,0.0
2016,5,7,22,45,0.0,0.0,0.9,12.0,0.0,0.0,0.0
2016,5,7,23,0,0.0,0.0,0.9,12.0,0.0,0.0,0.0
2016,5,7,23,15,0.0,0.0,0.9,12.0,0.0,0.0,0.0
2016,5,7,23,30,0.0,0.0,0.9,12.0,0.0,0.0,0.0
2016,5,7,23,45,0.0,0.0,0.9,12.0,0.0,0.0,0.0
2016,5,8,0,0,0.0,0.0,0.9,12.0,0.0,0.0,0.0
2016,5,8,0,15,0.0,0.0,0.9,12.0,0.0,0.0,0.0
2016,5,8,0,30,0.0,0.0,0.9,12.0,0.0,0.0,0.0
2016,5,8,0,45,0.0,0.0,0.95,12.0,0.0,0.0,0.0
2016,5,8,1,0,0.0,0.0,1.0,12.0,0.0,0.0,0.0
2016,5,8,1,15,0.0,0.0,1.0,12.0,0.0,0.0,0.0
2016,5,8,1,30,0.0,0.0,1.0,12.0,0.0,0.0,0.0
2016,5,8,1,45,0.0,0.0,1.0,12.0,0.0,0.0,0.0
2016,5,8,2,0,0.0,0.0,1.0,12.0,0.0,0.0,0.0
2016,5,8,2,15,0.0,0.0,1.0,11.5,0.0,0.0,0.0
2016,5,8,2,30,0.0,0.0,1.0,11.0,0.0,0.0,0.0
2016,5,8,2,45,0.0,0.0,1.05,11.0,0.0,0.0,0.0
2016,5,8,3,0,0.0,0.0,1.1,11.0,0.0,0.0,0.0
2016,5,8,3,15,0.0,0.0,1.1,11.0,0.0,0.0,0.0
2016,5,8,3,30,0.0,0.0,1.1,11.0,0.0,0.0,0.0
2016,5,8,3,45,0.0,0.0,1.15,11.0,0.0,0.0,0.0
2016,5,8,4,0,0.0,0.0,1.2,11.0,0.0,0.0,0.0
2016,5,8,4,15,0.0,0.0,1.2,11.0,0.0,0.0,0.0
2016,5,8,4,30,0.0,0.0,1.2,11.0,0.0,0.0,0.0
2016,5,8,4,45,0.0,0.0,1.2,11.5,0.0,0.0,0.0
2016,5,8,5,0,0.0,0.0,1.2,12.0,0.0,0.0,0.0
2016,5,8,5,15,41.5,12.0,1.2,12.0,14.5,10.91,0.0
2016,5,8,5,30,83.0,24.0,1.2,12.0,29.0,19.5,5.89
2016,5,8,5,45,178.5,40.5,1.25,12.5,65.5,31.3,21.27
2016,5,8,6,0,274.0,57.0,1.3,13.0,102.0,43.45,32.8
2016,5,8,6,15,348.0,69.5,1.3,13.0,147.0,75.34,47.72
2016,5,8,6,30,422.0,82.0,1.3,13.0,192.0,119.92,78.04
2016,5,8,6,45,211.0,98.5,1.35,13.5,153.5,124.66,91.41
2016,5,8,7,0,0.0,115.0,1.4,14.0,115.0,100.56,79.95
2016,5,8,7,15,0.0,128.0,1.4,14.0,128.0,112.44,89.73
2016,5,8,7,30,0.0,141.0,1.4,14.0,141.0,124.32,99.29
2016,5,8,7,45,16.0,175.0,1.45,14.0,183.5,161.51,129.44
2016,5,8,8,0,32.0,209.0,1.5,14.0,226.0,203.94,163.51
2016,5,8,8,15,21.0,207.0,1.5,14.0,219.0,195.53,156.19
2016,5,8,8,30,10.0,205.0,1.5,14.0,212.0,188.79,150.29
2016,5,8,8,45,27.5,248.5,1.5,14.5,268.0,245.53,195.14
2016,5,8,9,0,45.0,292.0,1.5,15.0,324.0,300.58,237.48
2016,5,8,9,15,46.0,308.5,1.5,15.0,343.0,319.96,251.76
2016,5,8,9,30,47.0,325.0,1.5,15.0,362.0,339.38,266.13
2016,5,8,9,45,50.0,345.0,1.55,15.0,385.5,363.8,284.36
2016,5,8,10,0,53.0,365.0,1.6,15.0,409.0,388.4,302.58
2016,5,8,10,15,99.0,399.0,1.65,15.0,484.5,464.36,360.28
2016,5,8,10,30,145.0,433.0,1.7,15.0,560.0,554.24,426.5
2016,5,8,10,45,132.0,442.0,1.8,15.5,559.5,556.08,426.02
2016,5,8,11,0,119.0,451.0,1.9,16.0,559.0,556.69,425.33
2016,5,8,11,15,124.5,452.0,2.0,16.0,567.0,565.97,432.44
2016,5,8,11,30,130.0,453.0,2.1,16.0,575.0,574.66,439.08
2016,5,8,11,45,227.0,449.5,2.25,16.0,662.5,667.75,509.28
2016,5,8,12,0,324.0,446.0,2.4,16.0,750.0,773.43,586.06
2016,5,8,12,15,341.5,428.5,2.45,16.0,748.5,772.97,585.95
2016,5,8,12,30,359.0,411.0,2.5,16.0,747.0,770.62,585.49
2016,5,8,12,45,615.5,273.5,2.65,16.0,841.5,893.56,679.8
2016,5,8,13,0,872.0,136.0,2.8,16.0,936.0,977.14,738.94
2016,5,8,13,15,868.0,135.0,2.85,16.0,919.0,957.89,726.0
2016,5,8,13,30,864.0,134.0,2.9,16.0,902.0,935.33,711.8
2016,5,8,13,45,590.5,263.0,3.0,16.0,781.5,809.62,623.25
2016,5,8,14,0,317.0,392.0,3.1,16.0,661.0,666.58,515.04
2016,5,8,14,15,579.0,258.0,3.15,16.0,727.0,755.4,587.99
2016,5,8,14,30,841.0,124.0,3.2,16.0,793.0,802.99,626.26
2016,5,8,14,45,834.5,119.5,3.25,16.0,757.0,765.67,600.4
2016,5,8,15,0,828.0,115.0,3.3,16.0,721.0,720.4,568.81
2016,5,8,15,15,609.0,188.5,3.35,16.0,620.0,607.21,481.25
2016,5,8,15,30,390.0,262.0,3.4,16.0,519.0,496.87,394.74
2016,5,8,15,45,580.0,181.5,3.45,16.0,533.0,518.75,413.59
2016,5,8,16,0,770.0,101.0,3.5,16.0,547.0,508.84,405.39
2016,5,8,16,15,746.5,97.0,3.55,15.5,497.5,450.09,357.28
2016,5,8,16,30,723.0,93.0,3.6,15.0,448.0,391.13,307.61
2016,5,8,16,45,694.5,87.5,3.7,15.0,398.0,331.42,255.47
2016,5,8,17,0,666.0,82.0,3.8,15.0,348.0,274.05,204.23
2016,5,8,17,15,623.0,76.0,3.85,14.5,297.0,215.48,152.59
2016,5,8,17,30,580.0,70.0,3.9,14.0,246.0,161.58,106.08
2016,5,8,17,45,519.5,62.5,3.95,14.0,197.0,109.41,65.18
2016,5,8,18,0,459.0,55.0,4.0,14.0,148.0,64.64,37.18
2016,5,8,18,15,364.5,44.5,3.9,13.5,105.0,35.14,25.26
2016,5,8,18,30,270.0,34.0,3.8,13.0,62.0,27.55,17.67
2016,5,8,18,45,135.0,17.0,3.7,12.5,31.0,13.34,0.0
2016,5,8,19,0,0.0,0.0,3.6,12.0,0.0,0.0,0.0
2016,5,8,19,15,0.0,0.0,3.55,12.0,0.0,0.0,0.0
2016,5,8,19,30,0.0,0.0,3.5,12.0,0.0,0.0,0.0
2016,5,8,19,45,0.0,0.0,3.45,12.0,0.0,0.0,0.0
2016,5,8,20,0,0.0,0.0,3.4,12.0,0.0,0.0,0.0
2016,5,8,20,15,0.0,0.0,3.4,11.5,0.0,0.0,0.0
2016,5,8,20,30,0.0,0.0,3.4,11.0,0.0,0.0,0.0
2016,5,8,20,45,0.0,0.0,3.4,11.0,0.0,0.0,0.0
2016,5,8,21,0,0.0,0.0,3.4,11.0,0.0,0.0,0.0
2016,5,8,21,15,0.0,0.0,3.4,11.0,0.0,0.0,0.0
2016,5,8,21,30,0.0,0.0,3.4,11.0,0.0,0.0,0.0
2016,5,8,21,45,0.0,0.0,3.45,11.0,0.0,0.0,0.0
2016,5,8,22,0,0.0,0.0,3.5,11.0,0.0,0.0,0.0
2016,5,8,22,15,0.0,0.0,3.5,11.0,0.0,0.0,0.0
2016,5,8,22,30,0.0,0.0,3.5,11.0,0.0,0.0,0.0
2016,5,8,22,45,0.0,0.0,3.55,11.0,0.0,0.0,0.0
2016,5,8,23,0,0.0,0.0,3.6,11.0,0.0,0.0,0.0
2016,5,8,23,15,0.0,0.0,3.6,11.0,0.0,0.0,0.0
2016,5,8,23,30,0.0,0.0,3.6,11.0,0.0,0.0,0.0
2016,5,8,23,45,0.0,0.0,3.65,11.0,0.0,0.0,0.0
2016,5,9,0,0,0.0,0.0,3.7,11.0,0.0,0.0,0.0
2016,5,9,0,15,0.0,0.0,3.65,11.0,0.0,0.0,0.0
2016,5,9,0,30,0.0,0.0,3.6,11.0,0.0,0.0,0.0
2016,5,9,0,45,0.0,0.0,3.6,11.0,0.0,0.0,0.0
2016,5,9,1,0,0.0,0.0,3.6,11.0,0.0,0.0,0.0
2016,5,9,1,15,0.0,0.0,3.55,11.0,0.0,0.0,0.0
2016,5,9,1,30,0.0,0.0,3.5,11.0,0.0,0.0,0.0
2016,5,9,1,45,0.0,0.0,3.5,11.0,0.0,0.0,0.0
2016,5,9,2,0,0.0,0.0,3.5,11.0,0.0,0.0,0.0
2016,5,9,2,15,0.0,0.0,3.4,10.5,0.0,0.0,0.0
2016,5,9,2,30,0.0,0.0,3.3,10.0,0.0,0.0,0.0
2016,5,9,2,45,0.0,0.0,3.25,10.0,0.0,0.0,0.0
2016,5,9,3,0,0.0,0.0,3.2,10.0,0.0,0.0,0.0
2016,5,9,3,15,0.0,0.0,3.1,10.0,0.0,0.0,0.0
2016,5,9,3,30,0.0,0.0,3.0,10.0,0.0,0.0,0.0
2016,5,9,3,45,0.0,0.0,2.9,10.0,0.0,0.0,0.0
2016,5,9,4,0,0.0,0.0,2.8,10.0,0.0,0.0,0.0
2016,5,9,4,15,0.0,0.0,2.75,10.0,0.0,0.0,0.0
2016,5,9,4,30,0.0,0.0,2.7,10.0,0.0,0.0,0.0
2016,5,9,4,45,0.0,0.0,2.7,10.0,0.0,0.0,0.0
2016,5,9,5,0,0.0,0.0,2.7,10.0,0.0,0.0,0.0
2016,5,9,5,15,50.5,13.0,2.7,10.0,16.5,11.82,0.0
2016,5,9,5,30,101.0,26.0,2.7,10.0,33.0,21.06,7.92
2016,5,9,5,45,207.0,42.0,2.75,10.5,71.0,32.49,22.55
2016,5,9,6,0,313.0,58.0,2.8,11.0,109.0,44.28,33.81
2016,5,9,6,15,156.5,65.5,2.8,11.0,91.0,62.61,43.32
2016,5,9,6,30,0.0,73.0,2.8,11.0,73.0,63.68,49.51
2016,5,9,6,45,0.0,91.5,2.8,11.0,91.5,79.9,63.5
2016,5,9,7,0,0.0,110.0,2.8,11.0,110.0,96.3,77.41
2016,5,9,7,15,91.5,149.5,2.75,11.0,191.5,161.52,129.92
2016,5,9,7,30,183.0,189.0,2.7,11.0,273.0,236.87,191.25
2016,5,9,7,45,112.5,203.0,2.7,11.5,256.5,232.5,188.61
2016,5,9,8,0,42.0,217.0,2.7,12.0,240.0,215.79,174.79
2016,5,9,8,15,54.0,243.5,2.65,12.0,276.0,249.85,202.25
2016,5,9,8,30,66.0,270.0,2.6,12.0,312.0,285.37,230.44
2016,5,9,8,45,43.5,263.0,2.6,12.5,291.5,269.02,216.16
2016,5,9,9,0,21.0,256.0,2.6,13.0,271.0,244.26,195.2
2016,5,9,9,15,28.5,284.5,2.55,13.0,306.0,284.22,226.73
2016,5,9,9,30,36.0,313.0,2.5,13.0,341.0,319.17,253.75
2016,5,9,9,45,79.5,357.5,2.5,13.5,423.0,399.33,315.9
2016,5,9,10,0,123.0,402.0,2.5,14.0,505.0,492.91,386.29
2016,5,9,10,15,176.5,415.5,2.5,14.0,568.0,558.28,435.42
2016,5,9,10,30,230.0,429.0,2.5,14.0,631.0,626.1,485.66
2016,5,9,10,45,214.5,442.0,2.5,14.5,634.0,631.57,487.34
2016,5,9,11,0,199.0,455.0,2.5,15.0,637.0,635.42,488.29
2016,5,9,11,15,554.0,291.0,2.55,15.0,805.0,841.56,645.52
2016,5,9,11,30,909.0,127.0,2.6,15.0,973.0,1015.92,766.03
2016,5,9,11,45,681.5,260.0,2.65,15.5,896.5,950.81,718.92
2016,5,9,12,0,454.0,393.0,2.7,16.0,820.0,858.08,648.02
2016,5,9,12,15,471.5,376.0,2.75,16.0,818.5,858.72,650.38
2016,5,9,12,30,489.0,359.0,2.8,16.0,817.0,856.76,650.2
2016,5,9,12,45,696.5,243.5,2.9,16.0,888.0,941.77,715.66
2016,5,9,13,0,904.0,128.0,3.0,16.0,959.0,998.73,754.75
2016,5,9,13,15,900.5,127.0,3.05,16.0,941.5,979.44,742.06
2016,5,9,13,30,897.0,126.0,3.1,16.0,924.0,956.69,727.74
2016,5,9,13,45,607.0,259.5,3.2,16.0,793.0,819.98,631.84
2016,5,9,14,0,317.0,393.0,3.3,16.0,662.0,666.7,515.77
2016,5,9,14,15,593.5,256.5,3.35,16.0,737.5,765.08,596.05
2016,5,9,14,30,870.0,120.0,3.4,16.0,813.0,821.25,640.25
2016,5,9,14,45,576.0,226.0,3.45,16.0,676.0,674.49,530.23
2016,5,9,15,0,282.0,332.0,3.5,16.0,539.0,526.15,414.54
2016,5,9,15,15,320.5,301.5,3.5,15.5,524.0,507.84,403.24
2016,5,9,15,30,359.0,271.0,3.5,15.0,509.0,485.33,387.5
2016,5,9,15,45,348.5,251.5,3.55,15.0,469.0,440.47,352.6
2016,5,9,16,0,338.0,232.0,3.6,15.0,429.0,396.0,317.37
2016,5,9,16,15,269.5,220.0,3.65,15.0,368.0,331.8,265.76
2016,5,9,16,30,201.0,208.0,3.7,15.0,307.0,271.4,216.95
2016,5,9,16,45,437.5,147.5,3.75,15.0,332.0,292.6,229.03
2016,5,9,17,0,674.0,87.0,3.8,15.0,357.0,280.67,209.39
2016,5,9,17,15,630.0,81.0,3.85,14.5,305.0,221.38,157.14
2016,5,9,17,30,586.0,75.0,3.9,14.0,253.0,166.88,110.23
2016,5,9,17,45,514.5,68.0,4.0,14.0,202.5,113.61,68.96
2016,5,9,18,0,443.0,61.0,4.1,14.0,152.0,69.17,41.45
2016,5,9,18,15,346.0,49.0,4.05,13.5,108.0,39.04,28.71
2016,5,9,18,30,249.0,37.0,4.0,13.0,64.0,28.78,18.82
2016,5,9,18,45,124.5,18.5,3.95,12.5,32.0,14.49,1.19
2016,5,9,19,0,0.0,0.0,3.9,12.0,0.0,0.0,0.0
2016,5,9,19,15,0.0,0.0,3.85,11.5,0.0,0.0,0.0
2016,5,9,19,30,0.0,0.0,3.8,11.0,0.0,0.0,0.0
2016,5,9,19,45,0.0,0.0,3.75,11.0,0.0,0.0,0.0
2016,5,9,20,0,0.0,0.0,3.7,11.0,0.0,0.0,0.0
2016,5,9,20,15,0.0,0.0,3.65,11.0,0.0,0.0,0.0
2016,5,9,20,30,0.0,0.0,3.6,11.0,0.0,0.0,0.0
2016,5,9,20,45,0.0,0.0,3.55,11.0,0.0,0.0,0.0
2016,5,9,21,0,0.0,0.0,3.5,11.0,0.0,0.0,0.0
2016,5,9,21,15,0.0,0.0,3.4,11.0,0.0,0.0,0.0
2016,5,9,21,30,0.0,0.0,3.3,11.0,0.0,0.0,0.0
2016,5,9,21,45,0.0,0.0,3.25,11.0,0.0,0.0,0.0
2016,5,9,22,0,0.0,0.0,3.2,11.0,0.0,0.0,0.0
2016,5,9,22,15,0.0,0.0,3.15,10.5,0.0,0.0,0.0
2016,5,9,22,30,0.0,0.0,3.1,10.0,0.0,0.0,0.0
2016,5,9,22,45,0.0,0.0,3.1,10.0,0.0,0.0,0.0
2016,5,9,23,0,0.0,0.0,3.1,10.0,0.0,0.0,0.0
2016,5,9,23,15,0.0,0.0,3.05,10.0,0.0,0.0,0.0
2016,5,9,23,30,0.0,0.0,3.0,10.0,0.0,0.0,0.0
2016,5,9,23,45,0.0,0.0,3.0,10.0,0.0,0.0,0.0
2016,5,10,0,0,0.0,0.0,3.0,10.0,0.0,0.0,0.0
2016,5,10,0,15,0.0,0.0,2.9,10.0,0.0,0.0,0.0
2016,5,10,0,30,0.0,0.0,2.8,10.0,0.0,0.0,0.0
2016,5,10,0,45,0.0,0.0,2.75,10.0,0.0,0.0,0.0
2016,5,10,1,0,0.0,0.0,2.7,10.0,0.0,0.0,0.0
2016,5,10,1,15,0.0,0.0,2.6,10.0,0.0,0.0,0.0
2016,5,10,1,30,0.0,0.0,2.5,10.0,0.0,0.0,0.0
2016,5,10,1,45,0.0,0.0,2.45,10.0,0.0,0.0,0.0
2016,5,10,2,0,0.0,0.0,2.4,10.0,0.0,0.0,0.0
2016,5,10,2,15,0.0,0.0,2.3,10.0,0.0,0.0,0.0
2016,5,10,2,30,0.0,0.0,2.2,10.0,0.0,0.0,0.0
2016,5,10,2,45,0.0,0.0,2.15,10.0,0.0,0.0,0.0
2016,5,10,3,0,0.0,0.0,2.1,10.0,0.0,0.0,0.0
2016,5,10,3,15,0.0,0.0,2.05,10.0,0.0,0.0,0.0
2016,5,10,3,30,0.0,0.0,2.0,10.0,0.0,0.0,0.0
2016,5,10,3,45,0.0,0.0,1.95,10.0,0.0,0.0,0.0
2016,5,10,4,0,0.0,0.0,1.9,10.0,0.0,0.0,0.0
2016,5,10,4,15,0.0,0.0,1.95,10.0,0.0,0.0,0.0
2016,5,10,4,30,0.0,0.0,2.0,10.0,0.0,0.0,0.0
2016,5,10,4,45,0.0,0.0,2.05,10.5,0.0,0.0,0.0
2016,5,10,5,0,0.0,0.0,2.1,11.0,0.0,0.0,0.0
2016,5,10,5,15,63.5,13.0,2.15,11.0,17.5,11.82,0.0
2016,5,10,5,30,127.0,26.0,2.2,11.0,35.0,20.35,8.21
2016,5,10,5,45,241.0,40.0,2.25,11.5,74.0,30.96,21.22
2016,5,10,6,0,355.0,54.0,2.3,12.0,113.0,41.29,31.07
2016,5,10,6,15,430.0,64.0,2.25,12.0,161.0,77.21,46.87
2016,5,10,6,30,505.0,74.0,2.2,12.0,209.0,124.8,78.89
2016,5,10,6,45,286.0,108.0,2.2,12.0,187.5,146.11,106.9
2016,5,10,7,0,67.0,142.0,2.2,12.0,166.0,139.94,111.42
2016,5,10,7,15,53.0,159.5,2.15,12.5,180.5,156.48,125.73
2016,5,10,7,30,39.0,177.0,2.1,13.0,195.0,171.35,138.07
2016,5,10,7,45,37.5,195.0,2.05,13.5,214.0,190.32,153.18
2016,5,10,8,0,36.0,213.0,2.0,14.0,233.0,209.16,167.87
2016,5,10,8,15,81.0,249.0,1.9,14.0,299.0,269.05,215.74
2016,5,10,8,30,126.0,285.0,1.8,14.0,365.0,339.57,271.06
2016,5,10,8,45,166.5,306.5,1.75,14.5,420.0,393.68,312.22
2016,5,10,9,0,207.0,328.0,1.7,15.0,475.0,451.42,355.36
2016,5,10,9,15,520.0,230.5,1.7,15.5,626.5,613.01,480.09
2016,5,10,9,30,833.0,133.0,1.7,16.0,778.0,783.22,603.95
2016,5,10,9,45,828.5,143.5,1.7,16.5,808.0,822.74,627.33
2016,5,10,10,0,824.0,154.0,1.7,17.0,838.0,859.02,649.53
2016,5,10,10,15,831.5,156.0,1.65,17.0,865.5,894.08,671.31
2016,5,10,10,30,839.0,158.0,1.6,17.0,893.0,926.43,691.05
2016,5,10,10,45,846.0,158.5,1.6,17.5,914.0,953.93,706.79
2016,5,10,11,0,853.0,159.0,1.6,18.0,935.0,978.33,720.46
2016,5,10,11,15,856.5,159.5,1.6,18.0,948.5,996.15,731.24
2016,5,10,11,30,860.0,160.0,1.6,18.0,962.0,1010.5,739.92
2016,5,10,11,45,864.0,159.0,1.65,18.0,968.0,1008.11,738.72
2016,5,10,12,0,868.0,158.0,1.7,18.0,974.0,1014.25,743.32
2016,5,10,12,15,576.5,307.5,1.8,18.0,849.0,893.55,662.49
2016,5,10,12,30,285.0,457.0,1.9,18.0,724.0,742.28,553.51
2016,5,10,12,45,370.0,418.0,2.05,18.5,761.0,782.46,585.41
2016,5,10,13,0,455.0,379.0,2.2,19.0,798.0,829.7,619.85
2016,5,10,13,15,663.0,261.0,2.3,19.0,859.0,903.47,676.69
2016,5,10,13,30,871.0,143.0,2.4,19.0,920.0,947.96,708.34
2016,5,10,13,45,675.0,235.0,2.55,19.0,827.5,856.25,647.04
2016,5,10,14,0,479.0,327.0,2.7,19.0,735.0,751.51,571.35
2016,5,10,14,15,486.5,309.5,2.75,19.0,711.0,723.29,553.31
2016,5,10,14,30,494.0,292.0,2.8,19.0,687.0,692.77,532.75
2016,5,10,14,45,440.0,298.0,2.9,19.0,637.5,635.41,491.24
2016,5,10,15,0,386.0,304.0,3.0,19.0,588.0,573.39,445.85
2016,5,10,15,15,306.0,302.0,3.05,18.5,519.0,497.95,389.83
2016,5,10,15,30,226.0,300.0,3.1,18.0,450.0,422.57,332.81
2016,5,10,15,45,211.0,278.5,3.15,18.0,410.5,380.5,300.74
2016,5,10,16,0,196.0,257.0,3.2,18.0,371.0,339.62,268.94
2016,5,10,16,15,459.0,180.0,3.25,17.5,415.5,388.09,306.9
2016,5,10,16,30,722.0,103.0,3.3,17.0,460.0,399.25,311.27
2016,5,10,16,45,391.5,131.0,3.4,16.5,322.0,261.3,202.92
2016,5,10,17,0,61.0,159.0,3.5,16.0,184.0,157.33,124.55
2016,5,10,17,15,53.0,138.0,3.45,15.5,157.5,132.09,104.0
2016,5,10,17,30,45.0,117.0,3.4,15.0,131.0,108.03,84.19
2016,5,10,17,45,253.0,88.0,3.4,15.0,143.5,101.05,69.35
2016,5,10,18,0,461.0,59.0,3.4,15.0,156.0,68.09,39.9
2016,5,10,18,15,367.0,48.0,3.25,14.5,111.5,38.05,27.77
2016,5,10,18,30,273.0,37.0,3.1,14.0,67.0,28.8,18.85
2016,5,10,18,45,136.5,18.5,3.0,13.5,33.5,14.49,2.11
2016,5,10,19,0,0.0,0.0,2.9,13.0,0.0,0.0,0.0
2016,5,10,19,15,0.0,0.0,2.7,12.5,0.0,0.0,0.0
2016,5,10,19,30,0.0,0.0,2.5,12.0,0.0,0.0,0.0
2016,5,10,19,45,0.0,0.0,2.4,12.0,0.0,0.0,0.0
2016,5,10,20,0,0.0,0.0,2.3,12.0,0.0,0.0,0.0
2016,5,10,20,15,0.0,0.0,2.25,12.0,0.0,0.0,0.0
2016,5,10,20,30,0.0,0.0,2.2,12.0,0.0,0.0,0.0
2016,5,10,20,45,0.0,0.0,2.15,12.0,0.0,0.0,0.0
2016,5,10,21,0,0.0,0.0,2.1,12.0,0.0,0.0,0.0
2016,5,10,21,15,0.0,0.0,2.05,12.0,0.0,0.0,0.0
2016,5,10,21,30,0.0,0.0,2.0,12.0,0.0,0.0,0.0
2016,5,10,21,45,0.0,0.0,2.0,12.0,0.0,0.0,0.0
2016,5,10,22,0,0.0,0.0,2.0,12.0,0.0,0.0,0.0
2016,5,10,22,15,0.0,0.0,2.0,11.5,0.0,0.0,0.0
2016,5,10,22,30,0.0,0.0,2.0,11.0,0.0,0.0,0.0
2016,5,10,22,45,0.0,0.0,2.0,11.0,0.0,0.0,0.0
2016,5,10,23,0,0.0,0.0,2.0,11.0,0.0,0.0,0.0
2016,5,10,23,15,0.0,0.0,2.0,11.0,0.0,0.0,0.0
2016,5,10,23,30,0.0,0.0,2.0,11.0,0.0,0.0,0.0
2016,5,10,23,45,0.0,0.0,2.0,11.0,0.0,0.0,0.0
2016,5,11,0,0,0.0,0.0,2.0,11.0,0.0,0.0,0.0
2016,5,11,0,15,0.0,0.0,2.05,11.0,0.0,0.0,0.0
2016,5,11,0,30,0.0,0.0,2.1,11.0,0.0,0.0,0.0
2016,5,11,0,45,0.0,0.0,2.15,11.0,0.0,0.0,0.0
2016,5,11,1,0,0.0,0.0,2.2,11.0,0.0,0.0,0.0
2016,5,11,1,15,0.0,0.0,2.25,11.0,0.0,0.0,0.0
2016,5,11,1,30,0.0,0.0,2.3,11.0,0.0,0.0,0.0
2016,5,11,1,45,0.0,0.0,2.35,11.0,0.0,0.0,0.0
2016,5,11,2,0,0.0,0.0,2.4,11.0,0.0,0.0,0.0
2016,5,11,2,15,0.0,0.0,2.4,10.5,0.0,0.0,0.0
2016,5,11,2,30,0.0,0.0,2.4,10.0,0.0,0.0,0.0
2016,5,11,2,45,0.0,0.0,2.45,10.0,0.0,0.0,0.0
2016,5,11,3,0,0.0,0.0,2.5,10.0,0.0,0.0,0.0
2016,5,11,3,15,0.0,0.0,2.5,10.0,0.0,0.0,0.0
2016,5,11,3,30,0.0,0.0,2.5,10.0,0.0,0.0,0.0
2016,5,11,3,45,0.0,0.0,2.5,10.0,0.0,0.0,0.0
2016,5,11,4,0,0.0,0.0,2.5,10.0,0.0,0.0,0.0
2016,5,11,4,15,0.0,0.0,2.5,10.0,0.0,0.0,0.0
2016,5,11,4,30,0.0,0.0,2.5,10.0,0.0,0.0,0.0
2016,5,11,4,45,0.0,0.0,2.5,10.5,0.0,0.0,0.0
2016,5,11,5,0,0.0,0.0,2.5,11.0,0.0,0.0,0.0
2016,5,11,5,15,99.5,12.5,2.55,11.0,19.5,11.37,0.0
2016,5,11,5,30,199.0,25.0,2.6,11.0,39.0,19.63,8.33
2016,5,11,5,45,310.0,36.5,2.65,11.5,79.5,29.21,19.76
2016,5,11,6,0,421.0,48.0,2.7,12.0,120.0,37.69,27.9
2016,5,11,6,15,493.5,56.5,2.65,12.0,168.5,74.15,42.22
2016,5,11,6,30,566.0,65.0,2.6,12.0,217.0,124.02,75.56
2016,5,11,6,45,286.5,94.5,2.55,12.5,172.0,135.23,97.58
2016,5,11,7,0,7.0,124.0,2.5,13.0,127.0,109.85,87.91
2016,5,11,7,15,8.0,139.5,2.45,13.0,143.5,124.71,100.22
2016,5,11,7,30,9.0,155.0,2.4,13.0,160.0,139.71,112.43
2016,5,11,7,45,8.5,166.5,2.35,13.5,171.5,150.71,120.98
2016,5,11,8,0,8.0,178.0,2.3,14.0,183.0,161.62,129.33
2016,5,11,8,15,7.0,184.0,2.25,14.0,188.5,167.28,133.54
2016,5,11,8,30,6.0,190.0,2.2,14.0,194.0,172.77,137.6
2016,5,11,8,45,58.0,258.5,2.15,14.5,300.0,273.6,218.47
2016,5,11,9,0,110.0,327.0,2.1,15.0,406.0,377.03,298.54
2016,5,11,9,15,115.5,348.0,2.05,15.0,434.5,414.77,326.34
2016,5,11,9,30,121.0,369.0,2.0,15.0,463.0,445.77,349.03
2016,5,11,9,45,145.5,388.0,1.95,15.5,506.0,490.26,381.33
2016,5,11,10,0,170.0,407.0,1.9,16.0,549.0,536.08,413.93
2016,5,11,10,15,120.0,407.5,1.9,16.0,509.5,500.16,385.55
2016,5,11,10,30,70.0,408.0,1.9,16.0,470.0,449.55,346.62
2016,5,11,10,45,73.5,421.0,1.9,16.5,487.5,468.09,359.71
2016,5,11,11,0,77.0,434.0,1.9,17.0,505.0,486.47,372.18
2016,5,11,11,15,147.0,451.5,1.9,17.0,588.0,585.14,445.27
2016,5,11,11,30,217.0,469.0,1.9,17.0,671.0,672.89,508.33
2016,5,11,11,45,562.0,302.0,1.95,17.0,830.5,870.65,654.78
2016,5,11,12,0,907.0,135.0,2.0,17.0,990.0,1029.45,761.7
2016,5,11,12,15,537.5,305.5,2.05,17.0,812.0,852.24,639.07
2016,5,11,12,30,168.0,476.0,2.1,17.0,634.0,634.0,478.32
2016,5,11,12,45,311.5,427.5,2.2,17.5,716.5,734.43,554.83
2016,5,11,13,0,455.0,379.0,2.3,18.0,799.0,828.65,622.66
2016,5,11,13,15,354.5,407.5,2.35,18.0,731.0,743.23,561.0
2016,5,11,13,30,254.0,436.0,2.4,18.0,663.0,670.17,508.05
2016,5,11,13,45,574.0,278.5,2.5,18.0,773.0,806.09,614.34
2016,5,11,14,0,894.0,121.0,2.6,18.0,883.0,899.61,682.47
2016,5,11,14,15,886.0,119.5,2.6,17.5,851.5,862.96,658.58
2016,5,11,14,30,878.0,118.0,2.6,17.0,820.0,823.68,633.79
2016,5,11,14,45,599.0,221.0,2.6,17.0,690.0,685.49,532.75
2016,5,11,15,0,320.0,324.0,2.6,17.0,560.0,544.47,424.78
2016,5,11,15,15,308.0,306.0,2.55,17.0,522.5,502.45,394.23
2016,5,11,15,30,296.0,288.0,2.5,17.0,485.0,460.75,362.83
2016,5,11,15,45,290.5,268.5,2.45,17.0,450.5,421.89,333.14
2016,5,11,16,0,285.0,249.0,2.4,17.0,416.0,383.01,302.85
2016,5,11,16,15,517.0,171.0,2.35,16.5,441.0,406.46,320.6
2016,5,11,16,30,749.0,93.0,2.3,16.0,466.0,401.7,312.42
2016,5,11,16,45,719.0,88.0,2.3,16.0,414.0,339.26,258.56
2016,5,11,17,0,689.0,83.0,2.3,16.0,362.0,280.68,206.98
2016,5,11,17,15,646.0,77.5,2.25,15.5,310.0,221.37,155.3
2016,5,11,17,30,603.0,72.0,2.2,15.0,258.0,166.69,108.59
2016,5,11,17,45,543.0,64.0,2.2,14.5,208.0,112.87,66.88
2016,5,11,18,0,483.0,56.0,2.2,14.0,158.0,66.36,37.99
2016,5,11,18,15,390.5,46.0,2.2,13.5,113.5,36.21,26.31
2016,5,11,18,30,298.0,36.0,2.2,13.0,69.0,29.11,19.3
2016,5,11,18,45,149.0,18.0,2.25,13.0,34.5,14.21,2.74
2016,5,11,19,0,0.0,0.0,2.3,13.0,0.0,0.0,0.0
2016,5,11,19,15,0.0,0.0,2.35,12.5,0.0,0.0,0.0
2016,5,11,19,30,0.0,0.0,2.4,12.0,0.0,0.0,0.0
2016,5,11,19,45,0.0,0.0,2.45,12.0,0.0,0.0,0.0
2016,5,11,20,0,0.0,0.0,2.5,12.0,0.0,0.0,0.0
2016,5,11,20,15,0.0,0.0,2.5,12.0,0.0,0.0,0.0
2016,5,11,20,30,0.0,0.0,2.5,12.0,0.0,0.0,0.0
2016,5,11,20,45,0.0,0.0,2.5,12.0,0.0,0.0,0.0
2016,5,11,21,0,0.0,0.0,2.5,12.0,0.0,0.0,0.0
2016,5,11,21,15,0.0,0.0,2.5,11.5,0.0,0.0,0.0
2016,5,11,21,30,0.0,0.0,2.5,11.0,0.0,0.0,0.0
2016,5,11,21,45,0.0,0.0,2.5,11.0,0.0,0.0,0.0
2016,5,11,22,0,0.0,0.0,2.5,11.0,0.0,0.0,0.0
2016,5,11,22,15,0.0,0.0,2.45,11.0,0.0,0.0,0.0
2016,5,11,22,30,0.0,0.0,2.4,11.0,0.0,0.0,0.0
2016,5,11,22,45,0.0,0.0,2.4,11.0,0.0,0.0,0.0
2016,5,11,23,0,0.0,0.0,2.4,11.0,0.0,0.0,0.0
2016,5,11,23,15,0.0,0.0,2.4,11.0,0.0,0.0,0.0
2016,5,11,23,30,0.0,0.0,2.4,11.0,0.0,0.0,0.0
2016,5,11,23,45,0.0,0.0,2.4,11.0,0.0,0.0,0.0
2016,5,12,0,0,0.0,0.0,2.4,11.0,0.0,0.0,0.0
2016,5,12,0,15,0.0,0.0,2.35,11.0,0.0,0.0,0.0
2016,5,12,0,30,0.0,0.0,2.3,11.0,0.0,0.0,0.0
2016,5,12,0,45,0.0,0.0,2.3,11.0,0.0,0.0,0.0
2016,5,12,1,0,0.0,0.0,2.3,11.0,0.0,0.0,0.0
2016,5,12,1,15,0.0,0.0,2.3,10.5,0.0,0.0,0.0
2016,5,12,1,30,0.0,0.0,2.3,10.0,0.0,0.0,0.0
2016,5,12,1,45,0.0,0.0,2.3,10.0,0.0,0.0,0.0
2016,5,12,2,0,0.0,0.0,2.3,10.0,0.0,0.0,0.0
2016,5,12,2,15,0.0,0.0,2.3,10.0,0.0,0.0,0.0
2016,5,12,2,30,0.0,0.0,2.3,10.0,0.0,0.0,0.0
2016,5,12,2,45,0.0,0.0,2.35,10.0,0.0,0.0,0.0
2016,5,12,3,0,0.0,0.0,2.4,10.0,0.0,0.0,0.0
2016,5,12,3,15,0.0,0.0,2.4,10.0,0.0,0.0,0.0
2016,5,12,3,30,0.0,0.0,2.4,10.0,0.0,0.0,0.0
2016,5,12,3,45,0.0,0.0,2.45,10.0,0.0,0.0,0.0
2016,5,12,4,0,0.0,0.0,2.5,10.0,0.0,0.0,0.0
2016,5,12,4,15,0.0,0.0,2.6,10.0,0.0,0.0,0.0
2016,5,12,4,30,0.0,0.0,2.7,10.0,0.0,0.0,0.0
2016,5,12,4,45,0.0,0.0,2.85,10.0,0.0,0.0,0.0
2016,5,12,5,0,0.0,0.0,3.0,10.0,0.0,0.0,0.0
2016,5,12,5,15,65.5,13.5,3.1,10.0,18.5,12.28,0.0
2016,5,12,5,30,131.0,27.0,3.2,10.0,37.0,21.09,9.95
2016,5,12,5,45,228.0,42.5,3.3,10.5,75.5,32.8,23.03
2016,5,12,6,0,325.0,58.0,3.4,11.0,114.0,44.16,33.8
2016,5,12,6,15,162.5,69.0,3.35,11.0,97.0,65.69,45.79
2016,5,12,6,30,0.0,80.0,3.3,11.0,80.0,69.49,54.52
2016,5,12,6,45,0.0,99.5,3.25,11.5,99.5,86.6,69.1
2016,5,12,7,0,0.0,119.0,3.2,12.0,119.0,103.91,83.56
2016,5,12,7,15,18.0,148.0,3.1,12.0,156.5,135.0,109.06
2016,5,12,7,30,36.0,177.0,3.0,12.0,194.0,170.04,137.77
2016,5,12,7,45,30.5,191.0,2.95,12.5,206.5,183.57,148.49
2016,5,12,8,0,25.0,205.0,2.9,13.0,219.0,193.64,156.16
2016,5,12,8,15,105.0,246.0,2.85,13.0,312.0,283.31,228.88
2016,5,12,8,30,185.0,287.0,2.8,13.0,405.0,375.12,301.93
2016,5,12,8,45,234.5,302.0,2.75,13.5,461.5,431.73,345.55
2016,5,12,9,0,284.0,317.0,2.7,14.0,518.0,499.47,396.91
2016,5,12,9,15,234.5,344.5,2.65,14.0,517.0,497.17,393.43
2016,5,12,9,30,185.0,372.0,2.6,14.0,516.0,497.11,391.64
2016,5,12,9,45,241.0,380.0,2.6,14.5,575.5,567.69,444.36
2016,5,12,10,0,297.0,388.0,2.6,15.0,635.0,633.06,491.86
2016,5,12,10,15,240.5,412.5,2.55,15.0,617.0,619.24,479.11
2016,5,12,10,30,184.0,437.0,2.5,15.0,599.0,590.67,456.18
2016,5,12,10,45,195.5,446.5,2.45,15.0,622.5,616.46,474.82
2016,5,12,11,0,207.0,456.0,2.4,15.0,646.0,641.84,492.66
2016,5,12,11,15,312.0,426.5,2.35,15.0,717.0,729.18,557.32
2016,5,12,11,30,417.0,397.0,2.3,15.0,788.0,816.33,619.8
2016,5,12,11,45,361.0,425.5,2.3,15.5,765.5,783.83,593.59
2016,5,12,12,0,305.0,454.0,2.3,16.0,743.0,758.99,573.55
2016,5,12,12,15,232.5,465.0,2.35,16.0,685.0,686.61,521.42
2016,5,12,12,30,160.0,476.0,2.4,16.0,627.0,625.53,476.51
2016,5,12,12,45,305.5,428.5,2.5,16.0,712.0,728.75,555.61
2016,5,12,13,0,451.0,381.0,2.6,16.0,797.0,825.7,627.36
2016,5,12,13,15,398.0,397.0,2.7,16.0,759.5,772.68,589.19
2016,5,12,13,30,345.0,413.0,2.8,16.0,722.0,730.09,558.87
2016,5,12,13,45,390.0,378.5,2.9,16.0,718.5,726.09,558.79
2016,5,12,14,0,435.0,344.0,3.0,16.0,715.0,727.71,562.16
2016,5,12,14,15,284.5,365.0,3.1,16.0,604.5,597.84,465.28
2016,5,12,14,30,134.0,386.0,3.2,16.0,494.0,477.07,372.88
2016,5,12,14,45,134.5,368.0,3.3,16.0,472.0,453.05,356.0
2016,5,12,15,0,135.0,350.0,3.4,16.0,450.0,428.61,338.14
2016,5,12,15,15,257.0,309.0,3.45,15.5,485.5,470.5,373.88
2016,5,12,15,30,379.0,268.0,3.5,15.0,521.0,493.26,393.81
2016,5,12,15,45,477.0,215.5,3.55,15.0,510.5,485.22,388.21
2016,5,12,16,0,575.0,163.0,3.6,15.0,500.0,463.24,370.6
2016,5,12,16,15,623.5,140.0,3.65,14.5,476.0,430.42,343.22
2016,5,12,16,30,672.0,117.0,3.7,14.0,452.0,391.04,308.84
2016,5,12,16,45,643.5,109.5,3.75,14.0,402.0,332.45,257.8
2016,5,12,17,0,615.0,102.0,3.8,14.0,352.0,276.29,207.94
2016,5,12,17,15,570.0,94.5,3.85,13.5,301.0,219.03,157.92
2016,5,12,17,30,525.0,87.0,3.9,13.0,250.0,166.78,113.22
2016,5,12,17,45,463.5,77.0,4.0,13.0,201.5,115.83,73.32
2016,5,12,18,0,402.0,67.0,4.1,13.0,153.0,70.57,43.89
2016,5,12,18,15,313.0,54.0,4.1,12.5,110.0,41.23,30.87
2016,5,12,18,30,224.0,41.0,4.1,12.0,67.0,31.76,21.73
2016,5,12,18,45,112.0,24.5,4.1,12.0,37.5,19.17,6.55
2016,5,12,19,0,0.0,8.0,4.1,12.0,8.0,7.28,0.0
2016,5,12,19,15,0.0,4.0,4.05,11.5,4.0,0.0,0.0
2016,5,12,19,30,0.0,0.0,4.0,11.0,0.0,0.0,0.0
2016,5,12,19,45,0.0,0.0,4.0,11.0,0.0,0.0,0.0
2016,5,12,20,0,0.0,0.0,4.0,11.0,0.0,0.0,0.0
2016,5,12,20,15,0.0,0.0,3.95,11.0,0.0,0.0,0.0
2016,5,12,20,30,0.0,0.0,3.9,11.0,0.0,0.0,0.0
2016,5,12,20,45,0.0,0.0,3.9,11.0,0.0,0.0,0.0
2016,5,12,21,0,0.0,0.0,3.9,11.0,0.0,0.0,0.0
2016,5,12,21,15,0.0,0.0,3.85,11.0,0.0,0.0,0.0
2016,5,12,21,30,0.0,0.0,3.8,11.0,0.0,0.0,0.0
2016,5,12,21,45,0.0,0.0,3.8,11.0,0.0,0.0,0.0
2016,5,12,22,0,0.0,0.0,3.8,11.0,0.0,0.0,0.0
2016,5,12,22,15,0.0,0.0,3.7,11.0,0.0,0.0,0.0
2016,5,12,22,30,0.0,0.0,3.6,11.0,0.0,0.0,0.0
2016,5,12,22,45,0.0,0.0,3.55,11.0,0.0,0.0,0.0
2016,5,12,23,0,0.0,0.0,3.5,11.0,0.0,0.0,0.0
2016,5,12,23,15,0.0,0.0,3.45,11.0,0.0,0.0,0.0
2016,5,12,23,30,0.0,0.0,3.4,11.0,0.0,0.0,0.0
2016,5,12,23,45,0.0,0.0,3.35,11.0,0.0,0.0,0.0
2016,5,13,0,0,0.0,0.0,3.3,11.0,0.0,0.0,0.0
2016,5,13,0,15,0.0,0.0,3.25,11.0,0.0,0.0,0.0
2016,5,13,0,30,0.0,0.0,3.2,11.0,0.0,0.0,0.0
2016,5,13,0,45,0.0,0.0,3.2,11.0,0.0,0.0,0.0
2016,5,13,1,0,0.0,0.0,3.2,11.0,0.0,0.0,0.0
2016,5,13,1,15,0.0,0.0,3.2,11.0,0.0,0.0,0.0
2016,5,13,1,30,0.0,0.0,3.2,11.0,0.0,0.0,0.0
2016,5,13,1,45,0.0,0.0,3.2,11.0,0.0,0.0,0.0
2016,5,13,2,0,0.0,0.0,3.2,11.0,0.0,0.0,0.0
2016,5,13,2,15,0.0,0.0,3.2,11.0,0.0,0.0,0.0
2016,5,13,2,30,0.0,0.0,3.2,11.0,0.0,0.0,0.0
2016,5,13,2,45,0.0,0.0,3.2,11.0,0.0,0.0,0.0
2016,5,13,3,0,0.0,0.0,3.2,11.0,0.0,0.0,0.0
2016,5,13,3,15,0.0,0.0,3.2,10.5,0.0,0.0,0.0
2016,5,13,3,30,0.0,0.0,3.2,10.0,0.0,0.0,0.0
2016,5,13,3,45,0.0,0.0,3.2,10.0,0.0,0.0,0.0
2016,5,13,4,0,0.0,0.0,3.2,10.0,0.0,0.0,0.0
2016,5,13,4,15,0.0,0.0,3.2,10.0,0.0,0.0,0.0
2016,5,13,4,30,0.0,0.0,3.2,10.0,0.0,0.0,0.0
2016,5,13,4,45,0.0,0.0,3.25,10.0,0.0,0.0,0.0
2016,5,13,5,0,0.0,0.0,3.3,10.0,0.0,0.0,0.0
2016,5,13,5,15,0.0,6.0,3.35,10.0,6.0,5.46,0.0
2016,5,13,5,30,0.0,12.0,3.4,10.0,12.0,10.54,2.36
2016,5,13,5,45,0.0,24.5,3.45,10.5,24.5,21.58,13.28
2016,5,13,6,0,0.0,37.0,3.5,11.0,37.0,32.63,23.56
2016,5,13,6,15,0.0,51.5,3.45,11.0,51.5,45.35,33.58
2016,5,13,6,30,0.0,66.0,3.4,11.0,66.0,57.94,44.61
2016,5,13,6,45,0.0,81.5,3.4,11.0,81.5,71.51,56.3
2016,5,13,7,0,0.0,97.0,3.4,11.0,97.0,85.2,67.92
2016,5,13,7,15,0.0,114.0,3.35,11.0,114.0,100.28,80.56
2016,5,13,7,30,0.0,131.0,3.3,11.0,131.0,115.49,93.14
2016,5,13,7,45,0.0,142.5,3.3,11.5,142.5,125.95,101.41
2016,5,13,8,0,0.0,154.0,3.3,12.0,154.0,136.45,109.6
2016,5,13,8,15,6.0,183.0,3.3,12.0,187.0,165.77,133.52
2016,5,13,8,30,12.0,212.0,3.3,12.0,220.0,195.94,157.91
2016,5,13,8,45,16.5,236.0,3.3,12.5,247.5,221.45,177.94
2016,5,13,9,0,21.0,260.0,3.3,13.0,275.0,247.51,198.18
2016,5,13,9,15,28.5,288.5,3.4,13.0,310.5,287.14,229.49
2016,5,13,9,30,36.0,317.0,3.5,13.0,346.0,321.97,256.69
2016,5,13,9,45,77.5,361.0,3.65,13.5,425.5,399.71,317.49
2016,5,13,10,0,119.0,405.0,3.8,14.0,505.0,490.34,386.65
2016,5,13,10,15,133.5,421.0,3.9,14.0,536.5,523.92,411.73
2016,5,13,10,30,148.0,437.0,4.0,14.0,568.0,557.83,437.17
2016,5,13,10,45,211.5,440.5,4.15,14.5,632.0,624.61,487.7
2016,5,13,11,0,275.0,444.0,4.3,15.0,696.0,704.47,546.84
2016,5,13,11,15,322.0,432.5,4.4,15.0,731.5,743.77,576.62
2016,5,13,11,30,369.0,421.0,4.5,15.0,767.0,782.66,606.21
2016,5,13,11,45,401.0,410.0,4.6,15.0,788.0,806.46,624.53
2016,5,13,12,0,433.0,399.0,4.7,15.0,809.0,838.93,648.94
2016,5,13,12,15,440.0,396.5,4.75,15.0,812.0,843.16,652.28
2016,5,13,12,30,447.0,394.0,4.8,15.0,815.0,845.07,654.2
2016,5,13,12,45,434.0,392.0,4.9,15.0,797.0,825.81,640.85
2016,5,13,13,0,421.0,390.0,5.0,15.0,779.0,804.65,626.17
2016,5,13,13,15,395.5,394.5,5.0,15.0,755.0,766.98,598.67
2016,5,13,13,30,370.0,399.0,5.0,15.0,731.0,738.36,577.51
2016,5,13,13,45,410.0,368.5,5.05,15.0,727.0,742.37,582.42
2016,5,13,14,0,450.0,338.0,5.1,15.0,723.0,734.11,578.24
2016,5,13,14,15,390.5,348.5,5.1,15.0,674.5,669.13,529.05
2016,5,13,14,30,331.0,359.0,5.1,15.0,626.0,615.96,488.24
2016,5,13,14,45,606.0,231.5,5.1,15.0,691.0,698.85,557.76
2016,5,13,15,0,881.0,104.0,5.1,15.0,756.0,739.33,593.2
2016,5,13,15,15,869.0,101.5,5.05,14.5,714.0,689.12,555.32
2016,5,13,15,30,857.0,99.0,5.0,14.0,672.0,637.48,515.5
2016,5,13,15,45,846.0,94.5,4.95,14.0,626.5,584.64,472.69
2016,5,13,16,0,835.0,90.0,4.9,14.0,581.0,528.85,426.43
2016,5,13,16,15,814.0,86.5,4.85,13.5,531.0,468.72,376.1
2016,5,13,16,30,793.0,83.0,4.8,13.0,481.0,409.28,324.74
2016,5,13,16,45,770.5,78.0,4.75,13.0,430.0,348.87,270.62
2016,5,13,17,0,748.0,73.0,4.7,13.0,379.0,289.96,216.74
2016,5,13,17,15,709.5,68.0,4.65,12.5,326.5,229.13,161.99
2016,5,13,17,30,671.0,63.0,4.6,12.0,274.0,172.32,112.02
2016,5,13,17,45,616.5,57.0,4.55,12.0,223.0,114.48,65.87
2016,5,13,18,0,562.0,51.0,4.5,12.0,172.0,65.54,35.45
2016,5,13,18,15,472.5,42.5,4.45,11.5,125.5,33.19,23.9
2016,5,13,18,30,383.0,34.0,4.4,11.0,79.0,27.25,17.99
2016,5,13,18,45,236.5,22.0,4.35,11.0,45.5,17.78,6.35
2016,5,13,19,0,90.0,10.0,4.3,11.0,12.0,9.1,0.0
2016,5,13,19,15,45.0,5.0,4.3,11.0,6.0,0.0,0.0
2016,5,13,19,30,0.0,0.0,4.3,11.0,0.0,0.0,0.0
2016,5,13,19,45,0.0,0.0,4.3,11.0,0.0,0.0,0.0
2016,5,13,20,0,0.0,0.0,4.3,11.0,0.0,0.0,0.0
2016,5,13,20,15,0.0,0.0,4.2,11.0,0.0,0.0,0.0
2016,5,13,20,30,0.0,0.0,4.1,11.0,0.0,0.0,0.0
2016,5,13,20,45,0.0,0.0,4.1,11.0,0.0,0.0,0.0
2016,5,13,21,0,0.0,0.0,4.1,11.0,0.0,0.0,0.0
2016,5,13,21,15,0.0,0.0,4.0,11.0,0.0,0.0,0.0
2016,5,13,21,30,0.0,0.0,3.9,11.0,0.0,0.0,0.0
2016,5,13,21,45,0.0,0.0,3.8,11.0,0.0,0.0,0.0
2016,5,13,22,0,0.0,0.0,3.7,11.0,0.0,0.0,0.0
2016,5,13,22,15,0.0,0.0,3.55,11.0,0.0,0.0,0.0
2016,5,13,22,30,0.0,0.0,3.4,11.0,0.0,0.0,0.0
2016,5,13,22,45,0.0,0.0,3.3,11.0,0.0,0.0,0.0
2016,5,13,23,0,0.0,0.0,3.2,11.0,0.0,0.0,0.0
2016,5,13,23,15,0.0,0.0,3.15,11.0,0.0,0.0,0.0
2016,5,13,23,30,0.0,0.0,3.1,11.0,0.0,0.0,0.0
2016,5,13,23,45,0.0,0.0,3.1,11.0,0.0,0.0,0.0
2016,5,14,0,0,0.0,0.0,3.1,11.0,0.0,0.0,0.0
2016,5,14,0,15,0.0,0.0,3.05,11.0,0.0,0.0,0.0
2016,5,14,0,30,0.0,0.0,3.0,11.0,0.0,0.0,0.0
2016,5,14,0,45,0.0,0.0,3.0,11.0,0.0,0.0,0.0
2016,5,14,1,0,0.0,0.0,3.0,11.0,0.0,0.0,0.0
2016,5,14,1,15,0.0,0.0,2.9,11.0,0.0,0.0,0.0
2016,5,14,1,30,0.0,0.0,2.8,11.0,0.0,0.0,0.0
2016,5,14,1,45,0.0,0.0,2.75,11.0,0.0,0.0,0.0
2016,5,14,2,0,0.0,0.0,2.7,11.0,0.0,0.0,0.0
2016,5,14,2,15,0.0,0.0,2.65,11.0,0.0,0.0,0.0
2016,5,14,2,30,0.0,0.0,2.6,11.0,0.0,0.0,0.0
2016,5,14,2,45,0.0,0.0,2.6,11.5,0.0,0.0,0.0
2016,5,14,3,0,0.0,0.0,2.6,12.0,0.0,0.0,0.0
2016,5,14,3,15,0.0,0.0,2.6,12.0,0.0,0.0,0.0
2016,5,14,3,30,0.0,0.0,2.6,12.0,0.0,0.0,0.0
2016,5,14,3,45,0.0,0.0,2.6,12.0,0.0,0.0,0.0
2016,5,14,4,0,0.0,0.0,2.6,12.0,0.0,0.0,0.0
2016,5,14,4,15,0.0,0.0,2.65,12.0,0.0,0.0,0.0
2016,5,14,4,30,0.0,0.0,2.7,12.0,0.0,0.0,0.0
2016,5,14,4,45,0.0,0.0,2.75,12.0,0.0,0.0,0.0
2016,5,14,5,0,0.0,0.0,2.8,12.0,0.0,0.0,0.0
2016,5,14,5,15,121.0,13.0,2.95,12.0,23.0,11.82,0.0
2016,5,14,5,30,242.0,26.0,3.1,12.0,46.0,21.09,10.61
2016,5,14,5,45,353.0,36.0,3.3,12.5,87.5,28.56,19.25
2016,5,14,6,0,464.0,46.0,3.5,13.0,129.0,35.78,26.15
2016,5,14,6,15,533.0,53.5,3.5,13.0,178.0,73.7,40.37
2016,5,14,6,30,602.0,61.0,3.5,13.0,227.0,124.52,74.16
2016,5,14,6,45,641.0,68.0,3.5,13.5,278.0,177.75,117.75
2016,5,14,7,0,680.0,75.0,3.5,14.0,329.0,235.32,168.15
2016,5,14,7,15,368.5,131.0,3.35,14.0,271.0,232.37,179.48
2016,5,14,7,30,57.0,187.0,3.2,14.0,213.0,186.1,149.43
2016,5,14,7,45,64.5,210.5,3.05,14.5,244.0,214.81,172.56
2016,5,14,8,0,72.0,234.0,2.9,15.0,275.0,244.5,195.97
2016,5,14,8,15,77.0,257.5,2.7,15.0,304.5,273.77,219.0
2016,5,14,8,30,82.0,281.0,2.5,15.0,334.0,303.62,242.11
2016,5,14,8,45,78.0,299.5,2.4,15.5,352.5,323.64,256.68
2016,5,14,9,0,74.0,318.0,2.3,16.0,371.0,343.16,270.62
2016,5,14,9,15,100.5,345.0,2.25,16.0,421.5,392.29,308.23
2016,5,14,9,30,127.0,372.0,2.2,16.0,472.0,451.79,352.9
2016,5,14,9,45,78.0,350.5,2.15,16.5,413.0,389.7,303.65
2016,5,14,10,0,29.0,329.0,2.1,17.0,354.0,331.76,257.59
2016,5,14,10,15,76.0,381.5,2.1,17.0,448.5,424.94,329.14
2016,5,14,10,30,123.0,434.0,2.1,17.0,543.0,531.97,408.18
2016,5,14,10,45,88.0,423.0,2.15,17.0,501.5,482.15,370.02
2016,5,14,11,0,53.0,412.0,2.2,17.0,460.0,441.04,338.75
2016,5,14,11,15,255.0,401.0,2.25,17.0,639.5,647.97,495.79
2016,5,14,11,30,457.0,390.0,2.3,17.0,819.0,846.27,637.32
2016,5,14,11,45,455.5,393.5,2.35,17.0,823.0,852.56,639.91
2016,5,14,12,0,454.0,397.0,2.4,17.0,827.0,856.51,642.78
2016,5,14,12,15,465.5,394.5,2.45,17.0,834.5,865.11,649.28
2016,5,14,12,30,477.0,392.0,2.5,17.0,842.0,871.28,654.15
2016,5,14,12,45,443.0,393.5,2.6,17.0,808.0,834.89,629.38
2016,5,14,13,0,409.0,395.0,2.7,17.0,774.0,796.98,603.62
2016,5,14,13,15,414.0,384.5,2.8,17.0,762.5,783.17,595.46
2016,5,14,13,30,419.0,374.0,2.9,17.0,751.0,767.26,585.54
2016,5,14,13,45,427.0,356.0,3.0,17.0,731.0,744.89,571.2
2016,5,14,14,0,435.0,338.0,3.1,17.0,711.0,720.33,555.14
2016,5,14,14,15,642.5,233.5,3.2,17.0,762.0,779.45,603.86
2016,5,14,14,30,850.0,129.0,3.3,17.0,813.0,809.18,628.32
2016,5,14,14,45,837.0,128.0,3.4,17.0,775.5,770.46,601.92
2016,5,14,15,0,824.0,127.0,3.5,17.0,738.0,724.25,569.34
2016,5,14,15,15,809.5,124.0,3.55,16.5,696.0,673.63,532.82
2016,5,14,15,30,795.0,121.0,3.6,16.0,654.0,621.98,494.44
2016,5,14,15,45,774.0,118.5,3.7,16.0,607.5,566.36,451.03
2016,5,14,16,0,753.0,116.0,3.8,16.0,561.0,510.29,406.0
2016,5,14,16,15,406.0,160.5,3.8,15.5,398.0,343.93,274.43
2016,5,14,16,30,59.0,205.0,3.8,15.0,235.0,206.59,165.5
2016,5,14,16,45,53.5,184.0,3.85,15.0,209.0,181.2,145.08
2016,5,14,17,0,48.0,163.0,3.9,15.0,183.0,156.57,124.85
2016,5,14,17,15,298.5,123.5,3.85,14.5,220.5,177.79,133.39
2016,5,14,17,30,549.0,84.0,3.8,14.0,258.0,167.92,112.72
2016,5,14,17,45,494.5,74.5,3.8,14.0,209.5,116.78,72.5
2016,5,14,18,0,440.0,65.0,3.8,14.0,161.0,72.33,44.14
2016,5,14,18,15,350.0,53.5,3.7,13.5,117.0,40.87,30.48
2016,5,14,18,30,260.0,42.0,3.6,13.0,73.0,32.54,22.45
2016,5,14,18,45,130.0,27.0,3.5,13.0,42.5,21.13,9.14
2016,5,14,19,0,0.0,12.0,3.4,13.0,12.0,10.91,0.0
2016,5,14,19,15,0.0,6.0,3.4,13.0,6.0,0.0,0.0
2016,5,14,19,30,0.0,0.0,3.4,13.0,0.0,0.0,0.0
2016,5,14,19,45,0.0,0.0,3.45,13.0,0.0,0.0,0.0
2016,5,14,20,0,0.0,0.0,3.5,13.0,0.0,0.0,0.0
2016,5,14,20,15,0.0,0.0,3.55,13.0,0.0,0.0,0.0
2016,5,14,20,30,0.0,0.0,3.6,13.0,0.0,0.0,0.0
2016,5,14,20,45,0.0,0.0,3.65,13.0,0.0,0.0,0.0
2016,5,14,21,0,0.0,0.0,3.7,13.0,0.0,0.0,0.0
2016,5,14,21,15,0.0,0.0,3.65,12.5,0.0,0.0,0.0
2016,5,14,21,30,0.0,0.0,3.6,12.0,0.0,0.0,0.0
2016,5,14,21,45,0.0,0.0,3.6,12.0,0.0,0.0,0.0
2016,5,14,22,0,0.0,0.0,3.6,12.0,0.0,0.0,0.0
2016,5,14,22,15,0.0,0.0,3.6,12.0,0.0,0.0,0.0
2016,5,14,22,30,0.0,0.0,3.6,12.0,0.0,0.0,0.0
2016,5,14,22,45,0.0,0.0,3.6,12.0,0.0,0.0,0.0
2016,5,14,23,0,0.0,0.0,3.6,12.0,0.0,0.0,0.0
2016,5,14,23,15,0.0,0.0,3.7,12.0,0.0,0.0,0.0
2016,5,14,23,30,0.0,0.0,3.8,12.0,0.0,0.0,0.0
2016,5,14,23,45,0.0,0.0,3.9,12.0,0.0,0.0,0.0
2016,5,15,0,0,0.0,0.0,4.0,12.0,0.0,0.0,0.0
2016,5,15,0,15,0.0,0.0,4.05,12.0,0.0,0.0,0.0
2016,5,15,0,30,0.0,0.0,4.1,12.0,0.0,0.0,0.0
2016,5,15,0,45,0.0,0.0,4.15,12.0,0.0,0.0,0.0
2016,5,15,1,0,0.0,0.0,4.2,12.0,0.0,0.0,0.0
2016,5,15,1,15,0.0,0.0,4.1,12.0,0.0,0.0,0.0
2016,5,15,1,30,0.0,0.0,4.0,12.0,0.0,0.0,0.0
2016,5,15,1,45,0.0,0.0,3.95,12.0,0.0,0.0,0.0
2016,5,15,2,0,0.0,0.0,3.9,12.0,0.0,0.0,0.0
2016,5,15,2,15,0.0,0.0,3.85,12.0,0.0,0.0,0.0
2016,5,15,2,30,0.0,0.0,3.8,12.0,0.0,0.0,0.0
2016,5,15,2,45,0.0,0.0,3.8,12.0,0.0,0.0,0.0
2016,5,15,3,0,0.0,0.0,3.8,12.0,0.0,0.0,0.0
2016,5,15,3,15,0.0,0.0,3.8,11.5,0.0,0.0,0.0
2016,5,15,3,30,0.0,0.0,3.8,11.0,0.0,0.0,0.0
2016,5,15,3,45,0.0,0.0,3.8,11.0,0.0,0.0,0.0
2016,5,15,4,0,0.0,0.0,3.8,11.0,0.0,0.0,0.0
2016,5,15,4,15,0.0,0.0,3.85,11.0,0.0,0.0,0.0
2016,5,15,4,30,0.0,0.0,3.9,11.0,0.0,0.0,0.0
2016,5,15,4,45,0.0,0.0,3.95,11.5,0.0,0.0,0.0
2016,5,15,5,0,0.0,0.0,4.0,12.0,0.0,0.0,0.0
2016,5,15,5,15,78.0,15.0,4.1,12.0,21.5,13.64,0.0
2016,5,15,5,30,156.0,30.0,4.2,12.0,43.0,23.42,12.71
2016,5,15,5,45,263.5,43.0,4.3,12.5,83.0,33.16,23.29
2016,5,15,6,0,371.0,56.0,4.4,13.0,123.0,42.65,32.25
2016,5,15,6,15,442.5,65.5,4.3,13.0,170.5,78.9,47.71
2016,5,15,6,30,514.0,75.0,4.2,13.0,218.0,126.2,79.51
2016,5,15,6,45,308.5,112.5,4.1,13.5,203.5,153.38,111.62
2016,5,15,7,0,103.0,150.0,4.0,14.0,189.0,155.84,122.74
2016,5,15,7,15,81.5,169.0,3.9,14.5,203.0,172.72,137.67
2016,5,15,7,30,60.0,188.0,3.8,15.0,217.0,187.93,150.54
2016,5,15,7,45,408.0,146.5,3.75,15.5,371.5,311.33,247.57
2016,5,15,8,0,756.0,105.0,3.7,16.0,526.0,467.51,371.2
2016,5,15,8,15,776.5,108.5,3.6,16.0,574.0,524.16,417.39
2016,5,15,8,30,797.0,112.0,3.5,16.0,622.0,581.18,462.87
2016,5,15,8,45,530.0,218.0,3.45,16.5,567.0,551.41,437.14
2016,5,15,9,0,263.0,324.0,3.4,17.0,512.0,490.04,385.7
2016,5,15,9,15,559.5,222.0,3.35,17.0,651.0,632.98,498.76
2016,5,15,9,30,856.0,120.0,3.3,17.0,790.0,778.31,608.13
2016,5,15,9,45,878.5,114.5,3.3,17.0,827.0,823.57,638.32
2016,5,15,10,0,901.0,109.0,3.3,17.0,864.0,867.33,667.86
2016,5,15,10,15,907.5,110.5,3.4,17.0,891.5,902.32,691.66
2016,5,15,10,30,914.0,112.0,3.5,17.0,919.0,934.34,713.42
2016,5,15,10,45,917.5,113.5,3.65,17.5,939.5,960.47,730.07
2016,5,15,11,0,921.0,115.0,3.8,18.0,960.0,983.2,744.41
2016,5,15,11,15,649.0,266.5,4.05,18.0,866.5,904.01,689.46
2016,5,15,11,30,377.0,418.0,4.3,18.0,773.0,785.58,599.37
2016,5,15,11,45,369.0,425.0,4.6,18.0,774.0,788.36,603.34
2016,5,15,12,0,361.0,432.0,4.9,18.0,775.0,789.18,605.11
2016,5,15,12,15,409.0,413.5,5.1,18.0,801.0,826.93,634.38
2016,5,15,12,30,457.0,395.0,5.3,18.0,827.0,853.67,655.79
2016,5,15,12,45,695.5,252.5,5.5,18.0,902.0,942.27,727.65
2016,5,15,13,0,934.0,110.0,5.7,18.0,977.0,1002.4,771.31
2016,5,15,13,15,643.0,260.0,5.8,18.0,852.0,878.17,682.27
2016,5,15,13,30,352.0,410.0,5.9,18.0,727.0,731.03,567.86
2016,5,15,13,45,633.0,259.0,6.0,18.0,810.0,836.39,654.67
2016,5,15,14,0,914.0,108.0,6.1,18.0,893.0,899.98,703.78
2016,5,15,14,15,907.0,107.0,6.1,18.0,862.0,864.24,678.43
2016,5,15,14,30,900.0,106.0,6.1,18.0,831.0,825.76,651.42
2016,5,15,14,45,890.5,104.0,6.2,18.0,794.0,781.87,620.59
2016,5,15,15,0,881.0,102.0,6.3,18.0,757.0,735.85,587.82
2016,5,15,15,15,868.5,99.5,6.4,17.5,714.5,685.45,550.52
2016,5,15,15,30,856.0,97.0,6.5,17.0,672.0,633.69,510.79
2016,5,15,15,45,837.5,95.0,6.6,17.0,625.0,579.12,466.68
2016,5,15,16,0,819.0,93.0,6.7,17.0,578.0,522.49,419.79
2016,5,15,16,15,797.5,90.0,6.7,16.5,528.0,463.61,370.4
2016,5,15,16,30,776.0,87.0,6.7,16.0,478.0,405.49,320.15
2016,5,15,16,45,743.5,83.5,6.7,16.0,426.0,344.11,265.58
2016,5,15,17,0,711.0,80.0,6.7,16.0,374.0,283.35,210.82
2016,5,15,17,15,670.5,75.0,6.65,15.5,322.0,224.08,157.94
2016,5,15,17,30,630.0,70.0,6.6,15.0,270.0,169.07,110.07
2016,5,15,17,45,566.5,64.0,6.55,14.5,219.5,115.22,68.08
2016,5,15,18,0,503.0,58.0,6.5,14.0,169.0,69.01,39.61
2016,5,15,18,15,414.5,48.5,6.4,13.5,124.0,38.06,28.02
2016,5,15,18,30,326.0,39.0,6.3,13.0,79.0,31.48,21.57
2016,5,15,18,45,192.5,25.5,6.2,13.0,46.0,20.0,8.82
2016,5,15,19,0,59.0,12.0,6.1,13.0,13.0,10.91,0.0
2016,5,15,19,15,29.5,6.0,6.05,13.0,6.5,0.0,0.0
2016,5,15,19,30,0.0,0.0,6.0,13.0,0.0,0.0,0.0
2016,5,15,19,45,0.0,0.0,5.95,13.0,0.0,0.0,0.0
2016,5,15,20,0,0.0,0.0,5.9,13.0,0.0,0.0,0.0
2016,5,15,20,15,0.0,0.0,5.8,12.5,0.0,0.0,0.0
2016,5,15,20,30,0.0,0.0,5.7,12.0,0.0,0.0,0.0
2016,5,15,20,45,0.0,0.0,5.6,12.0,0.0,0.0,0.0
2016,5,15,21,0,0.0,0.0,5.5,12.0,0.0,0.0,0.0
2016,5,15,21,15,0.0,0.0,5.4,12.0,0.0,0.0,0.0
2016,5,15,21,30,0.0,0.0,5.3,12.0,0.0,0.0,0.0
2016,5,15,21,45,0.0,0.0,5.2,12.0,0.0,0.0,0.0
2016,5,15,22,0,0.0,0.0,5.1,12.0,0.0,0.0,0.0
2016,5,15,22,15,0.0,0.0,5.1,12.0,0.0,0.0,0.0
2016,5,15,22,30,0.0,0.0,5.1,12.0,0.0,0.0,0.0
2016,5,15,22,45,0.0,0.0,5.1,12.0,0.0,0.0,0.0
2016,5,15,23,0,0.0,0.0,5.1,12.0,0.0,0.0,0.0
2016,5,15,23,15,0.0,0.0,5.1,12.0,0.0,0.0,0.0
2016,5,15,23,30,0.0,0.0,5.1,12.0,0.0,0.0,0.0
2016,5,15,23,45,0.0,0.0,5.1,12.0,0.0,0.0,0.0
2016,5,16,0,0,0.0,0.0,5.1,12.0,0.0,0.0,0.0
2016,5,16,0,15,0.0,0.0,5.05,11.5,0.0,0.0,0.0
2016,5,16,0,30,0.0,0.0,5.0,11.0,0.0,0.0,0.0
2016,5,16,0,45,0.0,0.0,5.0,11.0,0.0,0.0,0.0
2016,5,16,1,0,0.0,0.0,5.0,11.0,0.0,0.0,0.0
2016,5,16,1,15,0.0,0.0,4.9,11.0,0.0,0.0,0.0
2016,5,16,1,30,0.0,0.0,4.8,11.0,0.0,0.0,0.0
2016,5,16,1,45,0.0,0.0,4.7,11.0,0.0,0.0,0.0
2016,5,16,2,0,0.0,0.0,4.6,11.0,0.0,0.0,0.0
2016,5,16,2,15,0.0,0.0,4.55,11.0,0.0,0.0,0.0
2016,5,16,2,30,0.0,0.0,4.5,11.0,0.0,0.0,0.0
2016,5,16,2,45,0.0,0.0,4.45,11.0,0.0,0.0,0.0
2016,5,16,3,0,0.0,0.0,4.4,11.0,0.0,0.0,0.0
2016,5,16,3,15,0.0,0.0,4.35,11.0,0.0,0.0,0.0
2016,5,16,3,30,0.0,0.0,4.3,11.0,0.0,0.0,0.0
2016,5,16,3,45,0.0,0.0,4.25,11.0,0.0,0.0,0.0
2016,5,16,4,0,0.0,0.0,4.2,11.0,0.0,0.0,0.0
2016,5,16,4,15,0.0,0.0,4.1,11.0,0.0,0.0,0.0
2016,5,16,4,30,0.0,0.0,4.0,11.0,0.0,0.0,0.0
2016,5,16,4,45,0.0,0.0,3.95,11.0,0.0,0.0,0.0
2016,5,16,5,0,0.0,0.0,3.9,11.0,0.0,0.0,0.0
2016,5,16,5,15,79.0,15.0,3.9,11.5,22.0,11.81,0.0
2016,5,16,5,30,158.0,30.0,3.9,12.0,44.0,23.39,12.97
2016,5,16,5,45,255.5,44.0,3.9,12.5,83.0,33.88,23.96
2016,5,16,6,0,353.0,58.0,3.9,13.0,122.0,44.07,33.54
2016,5,16,6,15,423.5,68.0,3.8,13.0,169.0,78.34,47.85
2016,5,16,6,30,494.0,78.0,3.7,13.0,216.0,126.3,80.45
2016,5,16,6,45,546.5,85.0,3.6,13.5,266.5,175.35,119.77
2016,5,16,7,0,599.0,92.0,3.5,14.0,317.0,230.5,166.95
2016,5,16,7,15,635.5,97.5,3.4,14.5,368.0,285.22,215.21
2016,5,16,7,30,672.0,103.0,3.3,15.0,419.0,343.47,265.94
2016,5,16,7,45,704.5,106.0,3.25,15.5,470.0,400.89,315.06
2016,5,16,8,0,737.0,109.0,3.2,16.0,521.0,460.67,364.65
2016,5,16,8,15,757.5,113.0,3.15,16.0,568.0,517.77,411.41
2016,5,16,8,30,778.0,117.0,3.1,16.0,615.0,574.26,456.35
2016,5,16,8,45,797.5,118.0,3.1,16.5,660.0,627.31,496.75
2016,5,16,9,0,817.0,119.0,3.1,17.0,705.0,680.01,535.7
2016,5,16,9,15,829.0,121.5,3.1,17.0,743.5,728.13,571.23
2016,5,16,9,30,841.0,124.0,3.1,17.0,782.0,774.68,603.76
2016,5,16,9,45,861.5,119.5,3.1,17.5,818.5,813.82,629.08
2016,5,16,10,0,882.0,115.0,3.1,18.0,855.0,856.3,656.45
2016,5,16,10,15,888.5,116.5,3.15,18.0,882.5,890.66,679.43
2016,5,16,10,30,895.0,118.0,3.2,18.0,910.0,922.12,700.38
2016,5,16,10,45,900.5,118.5,3.25,18.5,930.5,948.63,716.56
2016,5,16,11,0,906.0,119.0,3.3,19.0,951.0,971.89,730.53
2016,5,16,11,15,909.0,119.5,3.4,19.0,964.5,989.39,742.41
2016,5,16,11,30,912.0,120.0,3.5,19.0,978.0,1003.36,752.05
2016,5,16,11,45,913.5,120.5,3.6,19.5,984.0,1012.27,756.98
2016,5,16,12,0,915.0,121.0,3.7,20.0,990.0,1017.52,759.58
2016,5,16,12,15,915.0,121.0,3.85,20.0,988.0,1017.15,760.34
2016,5,16,12,30,915.0,121.0,4.0,20.0,986.0,1013.1,758.74
2016,5,16,12,45,914.5,119.5,4.15,20.0,977.0,1003.44,753.44
2016,5,16,13,0,914.0,118.0,4.3,20.0,968.0,990.12,745.73
2016,5,16,13,15,911.0,117.5,4.4,20.0,951.0,971.82,734.34
2016,5,16,13,30,908.0,117.0,4.5,20.0,934.0,950.06,720.98
2016,5,16,13,45,905.0,114.5,4.6,20.0,910.5,922.98,703.87
2016,5,16,14,0,902.0,112.0,4.7,20.0,887.0,892.64,684.37
2016,5,16,14,15,894.5,110.5,4.75,19.5,856.5,856.43,661.52
2016,5,16,14,30,887.0,109.0,4.8,19.0,826.0,817.56,636.48
2016,5,16,14,45,875.0,108.5,4.9,19.0,788.5,773.8,606.59
2016,5,16,15,0,863.0,108.0,5.0,19.0,751.0,728.15,574.86
2016,5,16,15,15,850.5,105.5,5.0,19.0,709.0,678.6,537.37
2016,5,16,15,30,838.0,103.0,5.0,19.0,667.0,629.77,499.5
2016,5,16,15,45,814.0,103.0,5.05,19.0,619.5,573.07,454.77
2016,5,16,16,0,790.0,103.0,5.1,19.0,572.0,516.75,409.14
2016,5,16,16,15,767.5,99.5,5.1,18.5,522.5,458.47,361.38
2016,5,16,16,30,745.0,96.0,5.1,18.0,473.0,401.12,312.87
2016,5,16,16,45,708.0,93.0,5.15,17.5,421.0,338.58,259.15
2016,5,16,17,0,671.0,90.0,5.2,17.0,369.0,280.74,208.31
2016,5,16,17,15,629.0,84.0,5.25,16.5,317.5,222.55,157.24
2016,5,16,17,30,587.0,78.0,5.3,16.0,266.0,168.87,111.19
2016,5,16,17,45,523.5,70.5,5.35,15.5,216.0,116.31,70.52
2016,5,16,18,0,460.0,63.0,5.4,15.0,166.0,71.49,42.65
2016,5,16,18,15,371.5,52.5,5.3,14.5,122.0,41.38,30.85
2016,5,16,18,30,283.0,42.0,5.2,14.0,78.0,32.52,22.44
2016,5,16,18,45,160.5,27.0,5.15,14.0,45.5,21.11,10.02
2016,5,16,19,0,38.0,12.0,5.1,14.0,13.0,10.91,0.0
2016,5,16,19,15,19.0,6.0,4.9,13.5,6.5,0.0,0.0
2016,5,16,19,30,0.0,0.0,4.7,13.0,0.0,0.0,0.0
2016,5,16,19,45,0.0,0.0,4.55,13.0,0.0,0.0,0.0
2016,5,16,20,0,0.0,0.0,4.4,13.0,0.0,0.0,0.0
2016,5,16,20,15,0.0,0.0,4.25,12.5,0.0,0.0,0.0
2016,5,16,20,30,0.0,0.0,4.1,12.0,0.0,0.0,0.0
2016,5,16,20,45,0.0,0.0,4.0,12.0,0.0,0.0,0.0
2016,5,16,21,0,0.0,0.0,3.9,12.0,0.0,0.0,0.0
2016,5,16,21,15,0.0,0.0,3.85,12.0,0.0,0.0,0.0
2016,5,16,21,30,0.0,0.0,3.8,12.0,0.0,0.0,0.0
2016,5,16,21,45,0.0,0.0,3.75,12.0,0.0,0.0,0.0
2016,5,16,22,0,0.0,0.0,3.7,12.0,0.0,0.0,0.0
2016,5,16,22,15,0.0,0.0,3.65,12.0,0.0,0.0,0.0
2016,5,16,22,30,0.0,0.0,3.6,12.0,0.0,0.0,0.0
2016,5,16,22,45,0.0,0.0,3.6,12.0,0.0,0.0,0.0
2016,5,16,23,0,0.0,0.0,3.6,12.0,0.0,0.0,0.0
2016,5,16,23,15,0.0,0.0,3.5,12.0,0.0,0.0,0.0
2016,5,16,23,30,0.0,0.0,3.4,12.0,0.0,0.0,0.0
2016,5,16,23,45,0.0,0.0,3.35,12.0,0.0,0.0,0.0
2016,5,17,0,0,0.0,0.0,3.3,12.0,0.0,0.0,0.0
2016,5,17,0,15,0.0,0.0,3.25,12.0,0.0,0.0,0.0
2016,5,17,0,30,0.0,0.0,3.2,12.0,0.0,0.0,0.0
2016,5,17,0,45,0.0,0.0,3.15,12.0,0.0,0.0,0.0
2016,5,17,1,0,0.0,0.0,3.1,12.0,0.0,0.0,0.0
2016,5,17,1,15,0.0,0.0,3.0,12.0,0.0,0.0,0.0
2016,5,17,1,30,0.0,0.0,2.9,12.0,0.0,0.0,0.0
2016,5,17,1,45,0.0,0.0,2.85,12.0,0.0,0.0,0.0
2016,5,17,2,0,0.0,0.0,2.8,12.0,0.0,0.0,0.0
2016,5,17,2,15,0.0,0.0,2.75,12.0,0.0,0.0,0.0
2016,5,17,2,30,0.0,0.0,2.7,12.0,0.0,0.0,0.0
2016,5,17,2,45,0.0,0.0,2.65,12.0,0.0,0.0,0.0
2016,5,17,3,0,0.0,0.0,2.6,12.0,0.0,0.0,0.0
2016,5,17,3,15,0.0,0.0,2.6,12.0,0.0,0.0,0.0
2016,5,17,3,30,0.0,0.0,2.6,12.0,0.0,0.0,0.0
2016,5,17,3,45,0.0,0.0,2.65,12.0,0.0,0.0,0.0
2016,5,17,4,0,0.0,0.0,2.7,12.0,0.0,0.0,0.0
2016,5,17,4,15,0.0,0.0,2.65,12.0,0.0,0.0,0.0
2016,5,17,4,30,0.0,0.0,2.6,12.0,0.0,0.0,0.0
2016,5,17,4,45,0.0,0.0,2.6,12.5,0.0,0.0,0.0
2016,5,17,5,0,0.0,0.0,2.6,13.0,0.0,0.0,0.0
2016,5,17,5,15,127.0,14.0,2.65,13.5,25.0,11.21,0.0
2016,5,17,5,30,254.0,28.0,2.7,14.0,50.0,22.69,12.51
2016,5,17,5,45,360.0,38.5,2.75,14.5,92.5,30.54,20.91
2016,5,17,6,0,466.0,49.0,2.8,15.0,135.0,38.11,28.05
2016,5,17,6,15,533.5,56.5,2.7,15.5,184.0,76.02,41.94
2016,5,17,6,30,601.0,64.0,2.6,16.0,233.0,126.56,75.0
2016,5,17,6,45,649.5,69.0,2.55,16.5,285.5,179.5,117.27
2016,5,17,7,0,698.0,74.0,2.5,17.0,338.0,237.86,167.18
2016,5,17,7,15,731.0,78.5,2.55,17.5,390.5,298.2,220.09
2016,5,17,7,30,764.0,83.0,2.6,18.0,443.0,359.25,273.01
2016,5,17,7,45,789.5,86.0,2.65,18.5,494.5,418.36,323.32
2016,5,17,8,0,815.0,89.0,2.7,19.0,546.0,478.92,373.19
2016,5,17,8,15,833.5,92.0,2.75,19.5,594.5,536.89,419.5
2016,5,17,8,30,852.0,95.0,2.8,20.0,643.0,593.62,463.36
2016,5,17,8,45,866.5,97.5,2.9,20.5,688.0,647.72,504.09
2016,5,17,9,0,881.0,100.0,3.0,21.0,733.0,700.84,542.93
2016,5,17,9,15,892.0,102.0,3.0,21.0,772.5,749.69,577.73
2016,5,17,9,30,903.0,104.0,3.0,21.0,812.0,796.71,609.43
2016,5,17,9,45,911.5,105.5,3.05,21.5,846.5,839.15,636.66
2016,5,17,10,0,920.0,107.0,3.1,22.0,881.0,879.09,661.87
2016,5,17,10,15,926.0,108.0,3.1,22.0,908.0,913.66,684.17
2016,5,17,10,30,932.0,109.0,3.1,22.0,935.0,945.17,704.33
2016,5,17,10,45,935.5,110.5,3.1,22.5,955.5,971.68,719.69
2016,5,17,11,0,939.0,112.0,3.1,23.0,976.0,994.71,732.72
2016,5,17,11,15,941.5,112.5,3.1,23.0,989.0,1012.25,743.58
2016,5,17,11,30,944.0,113.0,3.1,23.0,1002.0,1026.11,752.15
2016,5,17,11,45,943.5,114.0,3.15,23.0,1006.5,1033.82,757.25
2016,5,17,12,0,943.0,115.0,3.2,23.0,1011.0,1037.73,760.05
2016,5,17,12,15,942.5,115.0,3.25,23.0,1008.5,1036.88,759.88
2016,5,17,12,30,942.0,115.0,3.3,23.0,1006.0,1032.24,757.39
2016,5,17,12,45,940.5,113.5,3.4,23.5,996.0,1021.4,749.9
2016,5,17,13,0,939.0,112.0,3.5,24.0,986.0,1006.83,740.07
2016,5,17,13,15,935.5,111.5,3.6,24.0,968.5,987.69,728.72
2016,5,17,13,30,932.0,111.0,3.7,24.0,951.0,965.01,715.02
2016,5,17,13,45,925.5,110.5,3.8,24.0,926.0,936.24,697.18
2016,5,17,14,0,919.0,110.0,3.9,24.0,901.0,904.34,677.12
2016,5,17,14,15,911.5,108.5,3.95,23.5,869.5,867.65,654.63
2016,5,17,14,30,904.0,107.0,4.0,23.0,838.0,828.25,629.97
2016,5,17,14,45,894.0,105.0,4.1,23.0,800.5,783.96,600.53
2016,5,17,15,0,884.0,103.0,4.2,23.0,763.0,737.57,569.21
2016,5,17,15,15,871.5,101.0,4.25,22.5,720.5,687.66,533.87
2016,5,17,15,30,859.0,99.0,4.3,22.0,678.0,636.37,496.24
2016,5,17,15,45,842.5,96.0,4.4,22.0,631.5,581.94,454.32
2016,5,17,16,0,826.0,93.0,4.5,22.0,585.0,525.25,409.47
2016,5,17,16,15,804.5,89.5,4.5,21.5,535.0,465.66,361.48
2016,5,17,16,30,783.0,86.0,4.5,21.0,485.0,406.83,312.48
2016,5,17,16,45,752.5,82.5,4.55,21.0,433.0,345.9,260.06
2016,5,17,17,0,722.0,79.0,4.6,21.0,381.0,287.39,208.66
2016,5,17,17,15,682.5,74.0,4.5,20.0,328.5,225.78,155.55
2016,5,17,17,30,643.0,69.0,4.4,19.0,276.0,170.35,108.57
2016,5,17,17,45,583.0,63.0,4.35,18.5,225.5,116.18,66.99
2016,5,17,18,0,523.0,57.0,4.3,18.0,175.0,69.19,38.45
2016,5,17,18,15,437.0,47.5,4.1,17.5,129.0,37.05,26.71
2016,5,17,18,30,351.0,38.0,3.9,17.0,83.0,30.4,20.39
2016,5,17,18,45,217.5,25.5,3.75,16.5,49.0,20.62,9.87
2016,5,17,19,0,84.0,13.0,3.6,16.0,15.0,11.82,0.0
2016,5,17,19,15,42.0,6.5,3.4,15.5,7.5,5.91,0.0
2016,5,17,19,30,0.0,0.0,3.2,15.0,0.0,0.0,0.0
2016,5,17,19,45,0.0,0.0,3.05,15.0,0.0,0.0,0.0
2016,5,17,20,0,0.0,0.0,2.9,15.0,0.0,0.0,0.0
2016,5,17,20,15,0.0,0.0,2.8,15.0,0.0,0.0,0.0
2016,5,17,20,30,0.0,0.0,2.7,15.0,0.0,0.0,0.0
2016,5,17,20,45,0.0,0.0,2.65,15.0,0.0,0.0,0.0
2016,5,17,21,0,0.0,0.0,2.6,15.0,0.0,0.0,0.0
2016,5,17,21,15,0.0,0.0,2.55,14.5,0.0,0.0,0.0
2016,5,17,21,30,0.0,0.0,2.5,14.0,0.0,0.0,0.0
2016,5,17,21,45,0.0,0.0,2.5,14.0,0.0,0.0,0.0
2016,5,17,22,0,0.0,0.0,2.5,14.0,0.0,0.0,0.0
2016,5,17,22,15,0.0,0.0,2.45,14.0,0.0,0.0,0.0
2016,5,17,22,30,0.0,0.0,2.4,14.0,0.0,0.0,0.0
2016,5,17,22,45,0.0,0.0,2.4,14.0,0.0,0.0,0.0
2016,5,17,23,0,0.0,0.0,2.4,14.0,0.0,0.0,0.0
2016,5,17,23,15,0.0,0.0,2.35,14.0,0.0,0.0,0.0
2016,5,17,23,30,0.0,0.0,2.3,14.0,0.0,0.0,0.0
2016,5,17,23,45,0.0,0.0,2.25,14.0,0.0,0.0,0.0
2016,5,18,0,0,0.0,0.0,2.2,14.0,0.0,0.0,0.0
2016,5,18,0,15,0.0,0.0,2.15,13.5,0.0,0.0,0.0
2016,5,18,0,30,0.0,0.0,2.1,13.0,0.0,0.0,0.0
2016,5,18,0,45,0.0,0.0,2.05,13.0,0.0,0.0,0.0
2016,5,18,1,0,0.0,0.0,2.0,13.0,0.0,0.0,0.0
2016,5,18,1,15,0.0,0.0,1.95,13.0,0.0,0.0,0.0
2016,5,18,1,30,0.0,0.0,1.9,13.0,0.0,0.0,0.0
2016,5,18,1,45,0.0,0.0,1.9,13.0,0.0,0.0,0.0
2016,5,18,2,0,0.0,0.0,1.9,13.0,0.0,0.0,0.0
2016,5,18,2,15,0.0,0.0,1.9,13.0,0.0,0.0,0.0
2016,5,18,2,30,0.0,0.0,1.9,13.0,0.0,0.0,0.0
2016,5,18,2,45,0.0,0.0,1.9,13.0,0.0,0.0,0.0
2016,5,18,3,0,0.0,0.0,1.9,13.0,0.0,0.0,0.0
2016,5,18,3,15,0.0,0.0,1.9,12.5,0.0,0.0,0.0
2016,5,18,3,30,0.0,0.0,1.9,12.0,0.0,0.0,0.0
2016,5,18,3,45,0.0,0.0,1.95,12.0,0.0,0.0,0.0
2016,5,18,4,0,0.0,0.0,2.0,12.0,0.0,0.0,0.0
2016,5,18,4,15,0.0,0.0,2.0,12.0,0.0,0.0,0.0
2016,5,18,4,30,0.0,0.0,2.0,12.0,0.0,0.0,0.0
2016,5,18,4,45,0.0,0.0,2.05,12.5,0.0,0.0,0.0
2016,5,18,5,0,0.0,0.0,2.1,13.0,0.0,0.0,0.0
2016,5,18,5,15,107.0,15.0,2.1,13.0,24.5,11.81,0.0
2016,5,18,5,30,214.0,30.0,2.1,13.0,49.0,23.44,13.36
2016,5,18,5,45,314.5,42.0,2.15,13.5,90.0,33.5,23.63
2016,5,18,6,0,415.0,54.0,2.2,14.0,131.0,42.23,31.84
2016,5,18,6,15,482.0,62.5,2.0,14.0,179.0,78.13,45.65
2016,5,18,6,30,549.0,71.0,1.8,14.0,227.0,126.28,77.59
2016,5,18,6,45,597.0,77.5,1.65,14.5,278.0,177.29,118.32
2016,5,18,7,0,645.0,84.0,1.5,15.0,329.0,233.75,166.32
2016,5,18,7,15,679.0,89.0,1.4,15.5,380.0,289.77,215.08
2016,5,18,7,30,713.0,94.0,1.3,16.0,431.0,348.94,265.61
2016,5,18,7,45,739.5,97.5,1.2,16.5,481.0,407.87,314.55
2016,5,18,8,0,766.0,101.0,1.1,17.0,531.0,466.64,361.52
2016,5,18,8,15,785.0,104.5,1.15,17.5,578.5,522.78,405.52
2016,5,18,8,30,804.0,108.0,1.2,18.0,626.0,579.12,448.17
2016,5,18,8,45,817.5,111.5,1.25,18.5,669.0,631.91,486.85
2016,5,18,9,0,831.0,115.0,1.3,19.0,712.0,683.77,523.71
2016,5,18,9,15,842.0,117.0,1.4,19.0,750.5,727.27,555.39
2016,5,18,9,30,853.0,119.0,1.5,19.0,789.0,772.24,586.08
2016,5,18,9,45,865.0,119.0,1.6,19.5,823.0,814.14,613.12
2016,5,18,10,0,877.0,119.0,1.7,20.0,857.0,853.92,638.47
2016,5,18,10,15,883.5,120.5,1.8,20.0,884.0,888.06,661.11
2016,5,18,10,30,890.0,122.0,1.9,20.0,911.0,919.31,681.84
2016,5,18,10,45,891.5,124.5,2.05,20.5,930.5,943.92,697.42
2016,5,18,11,0,893.0,127.0,2.2,21.0,950.0,965.14,710.8
2016,5,18,11,15,896.0,127.5,2.3,21.0,963.0,982.4,722.49
2016,5,18,11,30,899.0,128.0,2.4,21.0,976.0,996.18,732.03
2016,5,18,11,45,899.0,129.0,2.5,21.0,981.0,1004.0,737.8
2016,5,18,12,0,899.0,130.0,2.6,21.0,986.0,1008.22,741.37
2016,5,18,12,15,899.0,130.0,2.6,21.0,984.0,1007.88,741.12
2016,5,18,12,30,899.0,130.0,2.6,21.0,982.0,1003.94,738.67
2016,5,18,12,45,898.0,128.5,2.65,21.0,972.5,994.01,732.92
2016,5,18,13,0,897.0,127.0,2.7,21.0,963.0,980.52,724.94
2016,5,18,13,15,893.5,126.5,2.8,20.5,946.0,962.12,715.6
2016,5,18,13,30,890.0,126.0,2.9,20.0,929.0,940.35,703.94
2016,5,18,13,45,885.5,124.0,3.0,20.0,905.5,912.98,687.05
2016,5,18,14,0,881.0,122.0,3.1,20.0,882.0,882.5,667.93
2016,5,18,14,15,873.5,120.0,3.25,20.0,851.0,846.59,645.16
2016,5,18,14,30,866.0,118.0,3.4,20.0,820.0,808.07,620.25
2016,5,18,14,45,853.5,117.5,3.6,20.0,783.0,764.84,591.81
2016,5,18,15,0,841.0,117.0,3.8,20.0,746.0,723.56,563.68
2016,5,18,15,15,827.5,114.5,3.95,19.5,704.5,673.7,528.2
2016,5,18,15,30,814.0,112.0,4.1,19.0,663.0,622.68,490.71
2016,5,18,15,45,793.5,110.0,4.25,18.5,616.5,567.27,448.57
2016,5,18,16,0,773.0,108.0,4.4,18.0,570.0,511.96,405.21
2016,5,18,16,15,750.0,104.0,4.45,17.5,521.0,454.0,358.03
2016,5,18,16,30,727.0,100.0,4.5,17.0,472.0,395.53,308.93
2016,5,18,16,45,701.0,94.5,4.6,17.0,422.0,337.13,258.05
2016,5,18,17,0,675.0,89.0,4.7,17.0,372.0,280.73,207.85
2016,5,18,17,15,634.5,83.0,4.75,16.5,321.0,222.79,157.06
2016,5,18,17,30,594.0,77.0,4.8,16.0,270.0,169.15,111.04
2016,5,18,17,45,539.0,69.0,4.85,15.5,220.5,116.74,70.17
2016,5,18,18,0,484.0,61.0,4.9,15.0,171.0,70.97,41.44
2016,5,18,18,15,399.0,51.0,4.9,14.5,126.5,39.9,29.59
2016,5,18,18,30,314.0,41.0,4.9,14.0,82.0,32.95,22.91
2016,5,18,18,45,187.5,27.5,4.9,14.0,49.0,21.5,10.99
2016,5,18,19,0,61.0,14.0,4.9,14.0,16.0,12.73,0.0
2016,5,18,19,15,30.5,7.0,4.9,13.5,8.0,6.37,0.0
2016,5,18,19,30,0.0,0.0,4.9,13.0,0.0,0.0,0.0
2016,5,18,19,45,0.0,0.0,4.9,13.0,0.0,0.0,0.0
2016,5,18,20,0,0.0,0.0,4.9,13.0,0.0,0.0,0.0
2016,5,18,20,15,0.0,0.0,4.85,13.0,0.0,0.0,0.0
2016,5,18,20,30,0.0,0.0,4.8,13.0,0.0,0.0,0.0
2016,5,18,20,45,0.0,0.0,4.75,13.0,0.0,0.0,0.0
2016,5,18,21,0,0.0,0.0,4.7,13.0,0.0,0.0,0.0
2016,5,18,21,15,0.0,0.0,4.65,12.5,0.0,0.0,0.0
2016,5,18,21,30,0.0,0.0,4.6,12.0,0.0,0.0,0.0
2016,5,18,21,45,0.0,0.0,4.6,12.0,0.0,0.0,0.0
2016,5,18,22,0,0.0,0.0,4.6,12.0,0.0,0.0,0.0
2016,5,18,22,15,0.0,0.0,4.75,12.0,0.0,0.0,0.0
2016,5,18,22,30,0.0,0.0,4.9,12.0,0.0,0.0,0.0
2016,5,18,22,45,0.0,0.0,5.05,12.0,0.0,0.0,0.0
2016,5,18,23,0,0.0,0.0,5.2,12.0,0.0,0.0,0.0
2016,5,18,23,15,0.0,0.0,5.3,12.0,0.0,0.0,0.0
2016,5,18,23,30,0.0,0.0,5.4,12.0,0.0,0.0,0.0
2016,5,18,23,45,0.0,0.0,5.55,12.0,0.0,0.0,0.0
2016,5,19,0,0,0.0,0.0,5.7,12.0,0.0,0.0,0.0
2016,5,19,0,15,0.0,0.0,5.8,11.5,0.0,0.0,0.0
2016,5,19,0,30,0.0,0.0,5.9,11.0,0.0,0.0,0.0
2016,5,19,0,45,0.0,0.0,6.0,11.0,0.0,0.0,0.0
2016,5,19,1,0,0.0,0.0,6.1,11.0,0.0,0.0,0.0
2016,5,19,1,15,0.0,0.0,6.25,11.0,0.0,0.0,0.0
2016,5,19,1,30,0.0,0.0,6.4,11.0,0.0,0.0,0.0
2016,5,19,1,45,0.0,0.0,6.55,11.0,0.0,0.0,0.0
2016,5,19,2,0,0.0,0.0,6.7,11.0,0.0,0.0,0.0
2016,5,19,2,15,0.0,0.0,6.75,11.0,0.0,0.0,0.0
2016,5,19,2,30,0.0,0.0,6.8,11.0,0.0,0.0,0.0
2016,5,19,2,45,0.0,0.0,6.85,11.0,0.0,0.0,0.0
2016,5,19,3,0,0.0,0.0,6.9,11.0,0.0,0.0,0.0
2016,5,19,3,15,0.0,0.0,6.7,11.0,0.0,0.0,0.0
2016,5,19,3,30,0.0,0.0,6.5,11.0,0.0,0.0,0.0
2016,5,19,3,45,0.0,0.0,6.3,11.0,0.0,0.0,0.0
2016,5,19,4,0,0.0,0.0,6.1,11.0,0.0,0.0,0.0
2016,5,19,4,15,0.0,0.0,6.1,11.0,0.0,0.0,0.0
2016,5,19,4,30,0.0,0.0,6.1,11.0,0.0,0.0,0.0
2016,5,19,4,45,0.0,0.0,6.15,11.0,0.0,0.0,0.0
2016,5,19,5,0,0.0,0.0,6.2,11.0,0.0,0.0,0.0
2016,5,19,5,15,83.0,18.0,6.45,11.0,25.5,14.17,0.0
2016,5,19,5,30,166.0,36.0,6.7,11.0,51.0,28.07,17.42
2016,5,19,5,45,271.0,49.0,6.95,11.0,92.0,37.7,27.55
2016,5,19,6,0,376.0,62.0,7.2,11.0,133.0,47.07,36.53
2016,5,19,6,15,446.0,72.0,7.25,11.0,181.0,84.3,52.72
2016,5,19,6,30,516.0,82.0,7.3,11.0,229.0,131.85,85.03
2016,5,19,6,45,518.0,91.5,7.4,11.5,264.5,175.18,122.18
2016,5,19,7,0,520.0,101.0,7.5,12.0,300.0,218.47,161.85
2016,5,19,7,15,589.0,99.5,7.3,12.5,355.5,271.78,208.54
2016,5,19,7,30,658.0,98.0,7.1,13.0,411.0,332.33,261.67
2016,5,19,7,45,680.0,106.0,6.95,13.5,460.0,388.98,311.76
2016,5,19,8,0,702.0,114.0,6.8,14.0,509.0,446.98,361.59
2016,5,19,8,15,689.0,133.0,6.85,14.0,548.5,498.07,405.32
2016,5,19,8,30,676.0,152.0,6.9,14.0,588.0,546.35,445.51
2016,5,19,8,45,763.0,137.0,6.95,14.5,661.0,621.48,506.05
2016,5,19,9,0,850.0,122.0,7.0,15.0,734.0,702.59,569.99
2016,5,19,9,15,863.0,124.0,6.9,15.0,774.5,752.23,608.41
2016,5,19,9,30,876.0,126.0,6.8,15.0,815.0,795.38,639.99
2016,5,19,9,45,882.0,130.5,6.75,15.5,849.0,837.61,669.06
2016,5,19,10,0,888.0,135.0,6.7,16.0,883.0,877.24,695.83
2016,5,19,10,15,894.5,136.5,6.65,16.0,910.5,911.69,719.88
2016,5,19,10,30,901.0,138.0,6.6,16.0,938.0,943.21,741.7
2016,5,19,10,45,907.5,138.0,6.6,16.0,959.0,970.23,760.44
2016,5,19,11,0,914.0,138.0,6.6,16.0,980.0,994.01,776.87
2016,5,19,11,15,701.0,264.5,6.65,16.0,916.0,946.88,741.95
2016,5,19,11,30,488.0,391.0,6.7,16.0,852.0,871.93,680.77
2016,5,19,11,45,495.0,386.5,6.75,16.5,856.0,879.1,685.34
2016,5,19,12,0,502.0,382.0,6.8,17.0,860.0,883.87,687.85
2016,5,19,12,15,710.5,260.5,6.85,17.0,936.0,969.93,757.1
2016,5,19,12,30,919.0,139.0,6.9,17.0,1012.0,1030.66,800.69
2016,5,19,12,45,702.5,261.0,7.0,17.0,924.5,952.66,744.77
2016,5,19,13,0,486.0,383.0,7.1,17.0,837.0,853.94,666.93
2016,5,19,13,15,540.0,349.5,7.3,16.5,845.0,862.72,677.82
2016,5,19,13,30,594.0,316.0,7.5,16.0,853.0,866.95,684.95
2016,5,19,13,45,564.5,317.5,7.75,16.0,817.0,825.99,655.02
2016,5,19,14,0,535.0,319.0,8.0,16.0,781.0,784.17,624.18
2016,5,19,14,15,564.5,291.0,8.1,16.0,763.5,762.77,609.73
2016,5,19,14,30,594.0,263.0,8.2,16.0,746.0,739.33,593.36
2016,5,19,14,45,731.0,192.0,8.3,16.0,758.5,751.24,606.08
2016,5,19,15,0,868.0,121.0,8.4,16.0,771.0,746.08,605.03
2016,5,19,15,15,679.5,176.5,8.45,15.5,668.0,635.29,516.49
2016,5,19,15,30,491.0,232.0,8.5,15.0,565.0,532.35,433.12
2016,5,19,15,45,540.5,197.5,8.55,14.5,540.5,501.53,409.33
2016,5,19,16,0,590.0,163.0,8.6,14.0,516.0,467.92,381.85
2016,5,19,16,15,544.5,161.0,8.7,13.5,465.5,407.12,330.91
2016,5,19,16,30,499.0,159.0,8.8,13.0,415.0,353.45,284.99
2016,5,19,16,45,480.5,144.0,8.9,13.0,369.0,301.89,239.38
2016,5,19,17,0,462.0,129.0,9.0,13.0,323.0,251.93,194.54
2016,5,19,17,15,413.5,122.0,8.95,12.5,279.0,203.66,152.46
2016,5,19,17,30,365.0,115.0,8.9,12.0,235.0,160.73,116.1
2016,5,19,17,45,325.5,99.0,8.85,12.0,192.0,116.99,80.77
2016,5,19,18,0,286.0,83.0,8.8,12.0,149.0,78.15,53.55
2016,5,19,18,15,230.0,66.0,8.8,11.5,110.5,51.49,40.29
2016,5,19,18,30,174.0,49.0,8.8,11.0,72.0,38.76,28.33
2016,5,19,18,45,87.0,32.0,8.8,11.0,43.5,25.68,14.73
2016,5,19,19,0,0.0,15.0,8.8,11.0,15.0,13.13,0.0
2016,5,19,19,15,0.0,7.5,8.85,11.0,7.5,6.82,0.0
2016,5,19,19,30,0.0,0.0,8.9,11.0,0.0,0.0,0.0
2016,5,19,19,45,0.0,0.0,8.95,11.0,0.0,0.0,0.0
2016,5,19,20,0,0.0,0.0,9.0,11.0,0.0,0.0,0.0
2016,5,19,20,15,0.0,0.0,9.0,11.0,0.0,0.0,0.0
2016,5,19,20,30,0.0,0.0,9.0,11.0,0.0,0.0,0.0
2016,5,19,20,45,0.0,0.0,9.0,11.0,0.0,0.0,0.0
2016,5,19,21,0,0.0,0.0,9.0,11.0,0.0,0.0,0.0
2016,5,19,21,15,0.0,0.0,9.1,11.0,0.0,0.0,0.0
2016,5,19,21,30,0.0,0.0,9.2,11.0,0.0,0.0,0.0
2016,5,19,21,45,0.0,0.0,9.3,11.0,0.0,0.0,0.0
2016,5,19,22,0,0.0,0.0,9.4,11.0,0.0,0.0,0.0
2016,5,19,22,15,0.0,0.0,9.45,11.0,0.0,0.0,0.0
2016,5,19,22,30,0.0,0.0,9.5,11.0,0.0,0.0,0.0
2016,5,19,22,45,0.0,0.0,9.55,11.0,0.0,0.0,0.0
2016,5,19,23,0,0.0,0.0,9.6,11.0,0.0,0.0,0.0
2016,5,19,23,15,0.0,0.0,9.55,10.5,0.0,0.0,0.0
2016,5,19,23,30,0.0,0.0,9.5,10.0,0.0,0.0,0.0
2016,5,19,23,45,0.0,0.0,9.5,10.0,0.0,0.0,0.0
2016,5,20,0,0,0.0,0.0,9.5,10.0,0.0,0.0,0.0
2016,5,20,0,15,0.0,0.0,9.45,10.0,0.0,0.0,0.0
2016,5,20,0,30,0.0,0.0,9.4,10.0,0.0,0.0,0.0
2016,5,20,0,45,0.0,0.0,9.35,10.0,0.0,0.0,0.0
2016,5,20,1,0,0.0,0.0,9.3,10.0,0.0,0.0,0.0
2016,5,20,1,15,0.0,0.0,9.25,10.0,0.0,0.0,0.0
2016,5,20,1,30,0.0,0.0,9.2,10.0,0.0,0.0,0.0
2016,5,20,1,45,0.0,0.0,9.15,10.0,0.0,0.0,0.0
2016,5,20,2,0,0.0,0.0,9.1,10.0,0.0,0.0,0.0
2016,5,20,2,15,0.0,0.0,8.95,10.0,0.0,0.0,0.0
2016,5,20,2,30,0.0,0.0,8.8,10.0,0.0,0.0,0.0
2016,5,20,2,45,0.0,0.0,8.7,10.0,0.0,0.0,0.0
2016,5,20,3,0,0.0,0.0,8.6,10.0,0.0,0.0,0.0
2016,5,20,3,15,0.0,0.0,8.45,10.0,0.0,0.0,0.0
2016,5,20,3,30,0.0,0.0,8.3,10.0,0.0,0.0,0.0
2016,5,20,3,45,0.0,0.0,8.2,10.0,0.0,0.0,0.0
2016,5,20,4,0,0.0,0.0,8.1,10.0,0.0,0.0,0.0
2016,5,20,4,15,0.0,0.0,8.0,10.0,0.0,0.0,0.0
2016,5,20,4,30,0.0,0.0,7.9,10.0,0.0,0.0,0.0
2016,5,20,4,45,0.0,0.0,7.8,10.0,0.0,0.0,0.0
2016,5,20,5,0,0.0,0.0,7.7,10.0,0.0,0.0,0.0
2016,5,20,5,15,100.0,17.5,7.7,10.0,27.0,13.77,0.0
2016,5,20,5,30,200.0,35.0,7.7,10.0,54.0,27.31,17.03
2016,5,20,5,45,306.5,47.0,7.7,10.5,96.0,36.21,26.33
2016,5,20,6,0,413.0,59.0,7.7,11.0,138.0,46.51,36.04
2016,5,20,6,15,482.5,68.0,7.65,11.0,187.0,82.65,50.16
2016,5,20,6,30,552.0,77.0,7.6,11.0,236.0,131.46,83.11
2016,5,20,6,45,277.5,101.5,7.6,11.5,181.5,137.86,100.87
2016,5,20,7,0,3.0,126.0,7.6,12.0,127.0,110.46,89.07
2016,5,20,7,15,13.5,150.5,7.55,12.0,157.0,135.52,109.82
2016,5,20,7,30,24.0,175.0,7.5,12.0,187.0,162.06,131.73
2016,5,20,7,45,131.0,208.0,7.5,12.5,281.5,242.24,197.15
2016,5,20,8,0,238.0,241.0,7.5,13.0,376.0,335.17,273.1
2016,5,20,8,15,526.0,178.0,7.45,13.0,509.0,450.08,368.33
2016,5,20,8,30,814.0,115.0,7.4,13.0,642.0,590.14,483.87
2016,5,20,8,45,606.0,204.0,7.4,13.0,611.5,585.73,478.88
2016,5,20,9,0,398.0,293.0,7.4,13.0,581.0,549.24,447.19
2016,5,20,9,15,630.5,210.5,7.35,13.0,694.5,669.22,545.91
2016,5,20,9,30,863.0,128.0,7.3,13.0,808.0,791.39,643.65
2016,5,20,9,45,875.5,128.0,7.3,13.5,842.5,829.05,669.61
2016,5,20,10,0,888.0,128.0,7.3,14.0,877.0,869.56,697.75
2016,5,20,10,15,894.0,129.5,7.25,14.0,904.5,903.54,721.91
2016,5,20,10,30,900.0,131.0,7.2,14.0,932.0,934.58,743.8
2016,5,20,10,45,656.5,261.0,7.2,14.0,852.0,874.62,696.91
2016,5,20,11,0,413.0,391.0,7.2,14.0,772.0,784.69,622.08
2016,5,20,11,15,442.0,393.0,7.15,14.0,806.5,822.22,650.65
2016,5,20,11,30,471.0,395.0,7.1,14.0,841.0,858.41,677.59
2016,5,20,11,45,461.5,399.5,7.1,14.0,838.5,858.01,676.74
2016,5,20,12,0,452.0,404.0,7.1,14.0,836.0,855.18,674.29
2016,5,20,12,15,452.5,402.5,7.1,14.0,834.0,854.05,673.52
2016,5,20,12,30,453.0,401.0,7.1,14.0,832.0,850.61,671.08
2016,5,20,12,45,449.0,395.0,7.1,14.0,818.0,836.35,660.7
2016,5,20,13,0,445.0,389.0,7.1,14.0,804.0,819.96,648.79
2016,5,20,13,15,443.0,380.0,7.1,14.0,787.0,800.63,634.8
2016,5,20,13,30,441.0,371.0,7.1,14.0,770.0,779.34,619.33
2016,5,20,13,45,659.0,254.5,7.1,14.0,833.0,850.54,679.66
2016,5,20,14,0,877.0,138.0,7.1,14.0,896.0,892.56,713.34
2016,5,20,14,15,868.5,136.0,7.05,14.0,865.0,856.07,686.6
2016,5,20,14,30,860.0,134.0,7.0,14.0,834.0,822.88,662.57
2016,5,20,14,45,847.5,132.5,7.0,14.0,796.0,778.25,629.9
2016,5,20,15,0,835.0,131.0,7.0,14.0,758.0,731.85,594.48
2016,5,20,15,15,820.5,128.0,6.95,13.5,715.5,681.14,555.48
2016,5,20,15,30,806.0,125.0,6.9,13.0,673.0,629.39,514.7
2016,5,20,15,45,786.5,122.0,6.85,13.0,626.5,574.02,469.09
2016,5,20,16,0,767.0,119.0,6.8,13.0,580.0,518.67,422.45
2016,5,20,16,15,743.0,114.5,6.7,12.5,530.5,459.0,371.91
2016,5,20,16,30,719.0,110.0,6.6,12.0,481.0,401.25,321.58
2016,5,20,16,45,691.0,104.0,6.55,12.0,430.0,342.16,268.56
2016,5,20,17,0,663.0,98.0,6.5,12.0,379.0,285.31,216.71
2016,5,20,17,15,620.0,91.5,6.4,12.0,327.0,227.06,164.29
2016,5,20,17,30,577.0,85.0,6.3,12.0,275.0,173.44,117.33
2016,5,20,17,45,516.5,77.0,6.2,12.0,225.0,121.5,76.21
2016,5,20,18,0,456.0,69.0,6.1,12.0,175.0,76.92,47.69
2016,5,20,18,15,369.0,58.5,5.95,11.5,130.5,44.49,34.1
2016,5,20,18,30,282.0,48.0,5.8,11.0,86.0,37.04,26.88
2016,5,20,18,45,164.5,32.5,5.7,11.0,52.5,25.36,14.77
2016,5,20,19,0,47.0,17.0,5.6,11.0,19.0,13.93,0.0
2016,5,20,19,15,23.5,8.5,5.5,11.0,9.5,7.73,0.0
2016,5,20,19,30,0.0,0.0,5.4,11.0,0.0,0.0,0.0
2016,5,20,19,45,0.0,0.0,5.35,11.0,0.0,0.0,0.0
2016,5,20,20,0,0.0,0.0,5.3,11.0,0.0,0.0,0.0
2016,5,20,20,15,0.0,0.0,5.2,11.0,0.0,0.0,0.0
2016,5,20,20,30,0.0,0.0,5.1,11.0,0.0,0.0,0.0
2016,5,20,20,45,0.0,0.0,5.05,11.0,0.0,0.0,0.0
2016,5,20,21,0,0.0,0.0,5.0,11.0,0.0,0.0,0.0
2016,5,20,21,15,0.0,0.0,4.9,11.0,0.0,0.0,0.0
2016,5,20,21,30,0.0,0.0,4.8,11.0,0.0,0.0,0.0
2016,5,20,21,45,0.0,0.0,4.7,11.0,0.0,0.0,0.0
2016,5,20,22,0,0.0,0.0,4.6,11.0,0.0,0.0,0.0
2016,5,20,22,15,0.0,0.0,4.55,11.0,0.0,0.0,0.0
2016,5,20,22,30,0.0,0.0,4.5,11.0,0.0,0.0,0.0
2016,5,20,22,45,0.0,0.0,4.5,11.0,0.0,0.0,0.0
2016,5,20,23,0,0.0,0.0,4.5,11.0,0.0,0.0,0.0
2016,5,20,23,15,0.0,0.0,4.45,11.0,0.0,0.0,0.0
2016,5,20,23,30,0.0,0.0,4.4,11.0,0.0,0.0,0.0
2016,5,20,23,45,0.0,0.0,4.4,11.0,0.0,0.0,0.0
2016,5,21,0,0,0.0,0.0,4.4,11.0,0.0,0.0,0.0
2016,5,21,0,15,0.0,0.0,4.3,11.0,0.0,0.0,0.0
2016,5,21,0,30,0.0,0.0,4.2,11.0,0.0,0.0,0.0
2016,5,21,0,45,0.0,0.0,4.15,11.0,0.0,0.0,0.0
2016,5,21,1,0,0.0,0.0,4.1,11.0,0.0,0.0,0.0
2016,5,21,1,15,0.0,0.0,3.95,11.0,0.0,0.0,0.0
2016,5,21,1,30,0.0,0.0,3.8,11.0,0.0,0.0,0.0
2016,5,21,1,45,0.0,0.0,3.7,11.0,0.0,0.0,0.0
2016,5,21,2,0,0.0,0.0,3.6,11.0,0.0,0.0,0.0
2016,5,21,2,15,0.0,0.0,3.55,11.0,0.0,0.0,0.0
2016,5,21,2,30,0.0,0.0,3.5,11.0,0.0,0.0,0.0
2016,5,21,2,45,0.0,0.0,3.5,11.0,0.0,0.0,0.0
2016,5,21,3,0,0.0,0.0,3.5,11.0,0.0,0.0,0.0
2016,5,21,3,15,0.0,0.0,3.4,11.0,0.0,0.0,0.0
2016,5,21,3,30,0.0,0.0,3.3,11.0,0.0,0.0,0.0
2016,5,21,3,45,0.0,0.0,3.25,11.0,0.0,0.0,0.0
2016,5,21,4,0,0.0,0.0,3.2,11.0,0.0,0.0,0.0
2016,5,21,4,15,0.0,0.0,3.2,11.0,0.0,0.0,0.0
2016,5,21,4,30,0.0,0.0,3.2,11.0,0.0,0.0,0.0
2016,5,21,4,45,0.0,0.0,3.2,11.0,0.0,0.0,0.0
2016,5,21,5,0,0.0,0.0,3.2,11.0,0.0,0.0,0.0
2016,5,21,5,15,0.0,13.0,3.3,11.0,13.0,11.44,0.0
2016,5,21,5,30,0.0,26.0,3.4,11.0,26.0,22.86,13.42
2016,5,21,5,45,1.5,45.0,3.55,11.0,45.5,38.61,28.46
2016,5,21,6,0,3.0,64.0,3.7,11.0,65.0,54.16,42.92
2016,5,21,6,15,12.0,84.0,3.75,11.0,88.0,71.98,56.15
2016,5,21,6,30,21.0,104.0,3.8,11.0,111.0,91.39,72.4
2016,5,21,6,45,29.0,124.5,3.85,11.5,135.0,111.87,89.35
2016,5,21,7,0,37.0,145.0,3.9,12.0,159.0,134.43,107.96
2016,5,21,7,15,106.0,172.5,3.95,12.0,221.5,183.7,147.39
2016,5,21,7,30,175.0,200.0,4.0,12.0,284.0,240.81,193.86
2016,5,21,7,45,170.0,224.5,4.1,12.5,313.0,272.61,220.28
2016,5,21,8,0,165.0,249.0,4.2,13.0,342.0,303.82,245.62
2016,5,21,8,15,289.0,248.0,4.3,13.0,428.5,383.56,310.35
2016,5,21,8,30,413.0,247.0,4.4,13.0,515.0,477.07,385.54
2016,5,21,8,45,292.5,293.0,4.5,13.0,489.5,461.45,372.11
2016,5,21,9,0,172.0,339.0,4.6,13.0,464.0,432.97,347.83
2016,5,21,9,15,197.5,356.5,4.6,13.0,507.0,477.29,382.56
2016,5,21,9,30,223.0,374.0,4.6,13.0,550.0,523.2,417.93
2016,5,21,9,45,325.0,357.5,4.6,13.0,626.0,607.19,483.86
2016,5,21,10,0,427.0,341.0,4.6,13.0,702.0,697.57,553.28
2016,5,21,10,15,443.0,348.0,4.55,13.0,733.0,733.67,579.24
2016,5,21,10,30,459.0,355.0,4.5,13.0,764.0,768.89,604.55
2016,5,21,10,45,440.5,371.0,4.45,13.0,770.5,780.02,611.22
2016,5,21,11,0,422.0,387.0,4.4,13.0,777.0,788.43,616.0
2016,5,21,11,15,405.0,401.0,4.35,13.0,779.5,793.78,618.65
2016,5,21,11,30,388.0,415.0,4.3,13.0,782.0,788.0,613.49
2016,5,21,11,45,367.5,429.0,4.3,13.0,778.0,785.7,610.98
2016,5,21,12,0,347.0,443.0,4.3,13.0,774.0,781.31,606.99
2016,5,21,12,15,307.5,455.0,4.3,13.0,748.5,754.68,586.53
2016,5,21,12,30,268.0,467.0,4.3,13.0,723.0,726.54,565.04
2016,5,21,12,45,315.5,444.5,4.3,13.0,742.5,746.83,581.74
2016,5,21,13,0,363.0,422.0,4.3,13.0,762.0,764.57,596.27
2016,5,21,13,15,330.5,426.5,4.3,13.0,731.5,731.46,571.41
2016,5,21,13,30,298.0,431.0,4.3,13.0,701.0,697.93,546.4
2016,5,21,13,45,345.0,400.0,4.35,13.0,705.0,700.35,550.55
2016,5,21,14,0,392.0,369.0,4.4,13.0,709.0,699.06,551.69
2016,5,21,14,15,396.0,353.5,4.35,13.0,686.5,673.11,532.82
2016,5,21,14,30,400.0,338.0,4.3,13.0,664.0,652.93,518.1
2016,5,21,14,45,397.0,324.0,4.3,13.0,635.5,612.46,488.23
2016,5,21,15,0,394.0,310.0,4.3,13.0,607.0,578.41,462.76
2016,5,21,15,15,248.0,309.5,4.25,13.0,493.0,460.83,370.02
2016,5,21,15,30,102.0,309.0,4.2,13.0,379.0,344.55,276.96
2016,5,21,15,45,305.0,250.0,4.2,13.0,438.5,409.26,331.15
2016,5,21,16,0,508.0,191.0,4.2,13.0,498.0,447.22,361.04
2016,5,21,16,15,406.0,197.5,4.15,13.0,429.5,375.27,301.88
2016,5,21,16,30,304.0,204.0,4.1,13.0,361.0,310.08,248.51
2016,5,21,16,45,477.5,150.5,4.1,13.0,367.5,306.3,240.64
2016,5,21,17,0,651.0,97.0,4.1,13.0,374.0,280.86,211.39
2016,5,21,17,15,610.5,90.5,4.1,13.0,323.5,223.98,160.76
2016,5,21,17,30,570.0,84.0,4.1,13.0,273.0,171.43,115.16
2016,5,21,17,45,514.5,75.5,4.1,13.0,224.0,120.06,74.64
2016,5,21,18,0,459.0,67.0,4.1,13.0,175.0,75.41,46.03
2016,5,21,18,15,377.5,56.5,3.9,12.5,131.0,42.96,32.64
2016,5,21,18,30,296.0,46.0,3.7,12.0,87.0,35.48,25.47
2016,5,21,18,45,183.0,31.5,3.55,11.5,53.0,24.57,14.33
2016,5,21,19,0,70.0,17.0,3.4,11.0,19.0,13.97,0.0
2016,5,21,19,15,35.0,8.5,3.35,11.0,9.5,7.73,0.0
2016,5,21,19,30,0.0,0.0,3.3,11.0,0.0,0.0,0.0
2016,5,21,19,45,0.0,0.0,3.3,11.0,0.0,0.0,0.0
2016,5,21,20,0,0.0,0.0,3.3,11.0,0.0,0.0,0.0
2016,5,21,20,15,0.0,0.0,3.25,11.0,0.0,0.0,0.0
2016,5,21,20,30,0.0,0.0,3.2,11.0,0.0,0.0,0.0
2016,5,21,20,45,0.0,0.0,3.2,11.0,0.0,0.0,0.0
2016,5,21,21,0,0.0,0.0,3.2,11.0,0.0,0.0,0.0
2016,5,21,21,15,0.0,0.0,3.15,10.5,0.0,0.0,0.0
2016,5,21,21,30,0.0,0.0,3.1,10.0,0.0,0.0,0.0
2016,5,21,21,45,0.0,0.0,3.05,10.0,0.0,0.0,0.0
2016,5,21,22,0,0.0,0.0,3.0,10.0,0.0,0.0,0.0
2016,5,21,22,15,0.0,0.0,3.0,10.0,0.0,0.0,0.0
2016,5,21,22,30,0.0,0.0,3.0,10.0,0.0,0.0,0.0
2016,5,21,22,45,0.0,0.0,3.0,10.0,0.0,0.0,0.0
2016,5,21,23,0,0.0,0.0,3.0,10.0,0.0,0.0,0.0
2016,5,21,23,15,0.0,0.0,3.0,10.0,0.0,0.0,0.0
2016,5,21,23,30,0.0,0.0,3.0,10.0,0.0,0.0,0.0
2016,5,21,23,45,0.0,0.0,3.0,10.0,0.0,0.0,0.0
2016,5,22,0,0,0.0,0.0,3.0,10.0,0.0,0.0,0.0
2016,5,22,0,15,0.0,0.0,2.95,10.0,0.0,0.0,0.0
2016,5,22,0,30,0.0,0.0,2.9,10.0,0.0,0.0,0.0
2016,5,22,0,45,0.0,0.0,2.85,10.0,0.0,0.0,0.0
2016,5,22,1,0,0.0,0.0,2.8,10.0,0.0,0.0,0.0
2016,5,22,1,15,0.0,0.0,2.75,10.0,0.0,0.0,0.0
2016,5,22,1,30,0.0,0.0,2.7,10.0,0.0,0.0,0.0
2016,5,22,1,45,0.0,0.0,2.65,10.0,0.0,0.0,0.0
2016,5,22,2,0,0.0,0.0,2.6,10.0,0.0,0.0,0.0
2016,5,22,2,15,0.0,0.0,2.55,10.0,0.0,0.0,0.0
2016,5,22,2,30,0.0,0.0,2.5,10.0,0.0,0.0,0.0
2016,5,22,2,45,0.0,0.0,2.45,10.0,0.0,0.0,0.0
2016,5,22,3,0,0.0,0.0,2.4,10.0,0.0,0.0,0.0
2016,5,22,3,15,0.0,0.0,2.4,10.0,0.0,0.0,0.0
2016,5,22,3,30,0.0,0.0,2.4,10.0,0.0,0.0,0.0
2016,5,22,3,45,0.0,0.0,2.4,10.0,0.0,0.0,0.0
2016,5,22,4,0,0.0,0.0,2.4,10.0,0.0,0.0,0.0
2016,5,22,4,15,0.0,0.0,2.4,10.0,0.0,0.0,0.0
2016,5,22,4,30,0.0,0.0,2.4,10.0,0.0,0.0,0.0
2016,5,22,4,45,0.0,0.0,2.4,10.5,0.0,0.0,0.0
2016,5,22,5,0,0.0,0.0,2.4,11.0,0.0,0.0,0.0
2016,5,22,5,15,47.0,17.5,2.5,11.0,22.0,14.39,0.0
2016,5,22,5,30,94.0,35.0,2.6,11.0,44.0,28.04,17.86
2016,5,22,5,45,143.0,53.5,2.75,11.5,76.5,42.04,31.45
2016,5,22,6,0,192.0,72.0,2.9,12.0,109.0,55.66,44.1
2016,5,22,6,15,224.5,90.5,2.85,12.0,146.5,85.05,60.29
2016,5,22,6,30,257.0,109.0,2.8,12.0,184.0,120.93,86.7
2016,5,22,6,45,292.5,122.5,2.8,12.5,223.5,157.42,115.88
2016,5,22,7,0,328.0,136.0,2.8,13.0,263.0,197.99,149.88
2016,5,22,7,15,211.0,168.0,2.75,13.0,254.0,212.54,167.44
2016,5,22,7,30,94.0,200.0,2.7,13.0,245.0,209.52,168.31
2016,5,22,7,45,158.5,222.0,2.7,13.0,308.0,265.38,213.43
2016,5,22,8,0,223.0,244.0,2.7,13.0,371.0,326.46,262.57
2016,5,22,8,15,162.0,267.5,2.7,13.0,364.0,329.78,265.19
2016,5,22,8,30,101.0,291.0,2.7,13.0,357.0,321.73,258.18
2016,5,22,8,45,216.5,301.0,2.7,13.5,454.5,415.17,332.19
2016,5,22,9,0,332.0,311.0,2.7,14.0,552.0,520.38,413.12
2016,5,22,9,15,576.5,227.0,2.75,14.0,671.5,644.06,509.92
2016,5,22,9,30,821.0,143.0,2.8,14.0,791.0,772.28,607.62
2016,5,22,9,45,844.0,136.5,2.85,14.5,827.5,815.98,636.01
2016,5,22,10,0,867.0,130.0,2.9,15.0,864.0,851.95,659.27
2016,5,22,10,15,873.5,131.5,2.95,15.0,890.5,885.66,682.06
2016,5,22,10,30,880.0,133.0,3.0,15.0,917.0,916.54,702.82
2016,5,22,10,45,881.5,135.5,3.1,15.0,936.5,940.81,719.39
2016,5,22,11,0,883.0,138.0,3.2,15.0,956.0,961.74,733.76
2016,5,22,11,15,885.5,139.0,3.25,15.0,968.5,978.8,745.18
2016,5,22,11,30,888.0,140.0,3.3,15.0,981.0,992.42,754.37
2016,5,22,11,45,671.5,271.0,3.35,15.0,909.0,936.35,715.05
2016,5,22,12,0,455.0,402.0,3.4,15.0,837.0,854.36,651.78
2016,5,22,12,15,451.0,401.0,3.5,15.0,831.0,849.37,649.43
2016,5,22,12,30,447.0,400.0,3.6,15.0,825.0,842.11,644.9
2016,5,22,12,45,663.5,271.0,3.75,15.0,895.0,921.8,708.75
2016,5,22,13,0,880.0,142.0,3.9,15.0,965.0,974.6,747.19
2016,5,22,13,15,682.0,252.0,4.0,15.0,883.0,899.87,694.94
2016,5,22,13,30,484.0,362.0,4.1,15.0,801.0,808.35,625.27
2016,5,22,13,45,460.0,355.5,4.2,15.0,764.0,767.24,596.67
2016,5,22,14,0,436.0,349.0,4.3,15.0,727.0,725.43,567.02
2016,5,22,14,15,340.0,368.0,4.35,15.0,656.5,640.32,502.97
2016,5,22,14,30,244.0,387.0,4.4,15.0,586.0,568.47,447.75
2016,5,22,14,45,235.0,369.5,4.45,15.0,554.5,525.82,416.34
2016,5,22,15,0,226.0,352.0,4.5,15.0,523.0,491.23,390.44
2016,5,22,15,15,301.5,314.0,4.55,14.5,528.5,500.23,400.04
2016,5,22,15,30,377.0,276.0,4.6,14.0,534.0,495.01,397.96
2016,5,22,15,45,359.5,259.0,4.65,14.0,491.5,448.22,360.96
2016,5,22,16,0,342.0,242.0,4.7,14.0,449.0,402.44,324.24
2016,5,22,16,15,527.0,175.0,4.7,13.5,463.0,411.01,330.34
2016,5,22,16,30,712.0,108.0,4.7,13.0,477.0,396.23,314.49
2016,5,22,16,45,628.0,110.5,4.75,13.0,411.0,325.87,254.16
2016,5,22,17,0,544.0,113.0,4.8,13.0,345.0,264.09,200.98
2016,5,22,17,15,496.5,107.5,4.8,13.0,298.5,210.48,154.04
2016,5,22,17,30,449.0,102.0,4.8,13.0,252.0,164.35,114.65
2016,5,22,17,45,412.5,88.5,4.8,13.0,208.0,118.21,77.53
2016,5,22,18,0,376.0,75.0,4.8,13.0,164.0,76.5,49.23
2016,5,22,18,15,348.0,59.5,4.65,12.5,126.5,45.09,34.54
2016,5,22,18,30,320.0,44.0,4.5,12.0,89.0,35.28,25.33
2016,5,22,18,45,211.5,30.5,4.35,11.5,55.0,23.8,13.89
2016,5,22,19,0,103.0,17.0,4.2,11.0,21.0,13.39,0.0
2016,5,22,19,15,51.5,8.5,4.1,11.0,10.5,7.73,0.0
2016,5,22,19,30,0.0,0.0,4.0,11.0,0.0,0.0,0.0
2016,5,22,19,45,0.0,0.0,3.9,11.0,0.0,0.0,0.0
2016,5,22,20,0,0.0,0.0,3.8,11.0,0.0,0.0,0.0
2016,5,22,20,15,0.0,0.0,3.75,11.0,0.0,0.0,0.0
2016,5,22,20,30,0.0,0.0,3.7,11.0,0.0,0.0,0.0
2016,5,22,20,45,0.0,0.0,3.65,11.0,0.0,0.0,0.0
2016,5,22,21,0,0.0,0.0,3.6,11.0,0.0,0.0,0.0
2016,5,22,21,15,0.0,0.0,3.55,10.5,0.0,0.0,0.0
2016,5,22,21,30,0.0,0.0,3.5,10.0,0.0,0.0,0.0
2016,5,22,21,45,0.0,0.0,3.5,10.0,0.0,0.0,0.0
2016,5,22,22,0,0.0,0.0,3.5,10.0,0.0,0.0,0.0
2016,5,22,22,15,0.0,0.0,3.45,10.0,0.0,0.0,0.0
2016,5,22,22,30,0.0,0.0,3.4,10.0,0.0,0.0,0.0
2016,5,22,22,45,0.0,0.0,3.4,10.0,0.0,0.0,0.0
2016,5,22,23,0,0.0,0.0,3.4,10.0,0.0,0.0,0.0
2016,5,22,23,15,0.0,0.0,3.4,10.0,0.0,0.0,0.0
2016,5,22,23,30,0.0,0.0,3.4,10.0,0.0,0.0,0.0
2016,5,22,23,45,0.0,0.0,3.45,10.0,0.0,0.0,0.0
2016,5,23,0,0,0.0,0.0,3.5,10.0,0.0,0.0,0.0
2016,5,23,0,15,0.0,0.0,3.45,10.0,0.0,0.0,0.0
2016,5,23,0,30,0.0,0.0,3.4,10.0,0.0,0.0,0.0
2016,5,23,0,45,0.0,0.0,3.4,10.0,0.0,0.0,0.0
2016,5,23,1,0,0.0,0.0,3.4,10.0,0.0,0.0,0.0
2016,5,23,1,15,0.0,0.0,3.35,10.0,0.0,0.0,0.0
2016,5,23,1,30,0.0,0.0,3.3,10.0,0.0,0.0,0.0
2016,5,23,1,45,0.0,0.0,3.3,10.0,0.0,0.0,0.0
2016,5,23,2,0,0.0,0.0,3.3,10.0,0.0,0.0,0.0
2016,5,23,2,15,0.0,0.0,3.25,10.0,0.0,0.0,0.0
2016,5,23,2,30,0.0,0.0,3.2,10.0,0.0,0.0,0.0
2016,5,23,2,45,0.0,0.0,3.2,10.0,0.0,0.0,0.0
2016,5,23,3,0,0.0,0.0,3.2,10.0,0.0,0.0,0.0
2016,5,23,3,15,0.0,0.0,3.15,10.0,0.0,0.0,0.0
2016,5,23,3,30,0.0,0.0,3.1,10.0,0.0,0.0,0.0
2016,5,23,3,45,0.0,0.0,3.1,10.0,0.0,0.0,0.0
2016,5,23,4,0,0.0,0.0,3.1,10.0,0.0,0.0,0.0
2016,5,23,4,15,0.0,0.0,3.1,10.0,0.0,0.0,0.0
2016,5,23,4,30,0.0,0.0,3.1,10.0,0.0,0.0,0.0
2016,5,23,4,45,0.0,0.0,3.1,10.5,0.0,0.0,0.0
2016,5,23,5,0,0.0,0.0,3.1,11.0,0.0,0.0,0.0
2016,5,23,5,15,0.0,15.0,3.2,11.0,15.0,13.21,0.0
2016,5,23,5,30,0.0,30.0,3.3,11.0,30.0,26.06,16.29
2016,5,23,5,45,15.5,49.5,3.45,11.5,52.5,41.43,30.94
2016,5,23,6,0,31.0,69.0,3.6,12.0,75.0,56.7,45.04
2016,5,23,6,15,43.0,90.5,3.6,12.0,101.5,77.38,59.57
2016,5,23,6,30,55.0,112.0,3.6,12.0,128.0,100.63,78.48
2016,5,23,6,45,65.5,133.0,3.6,12.5,155.5,125.06,98.55
2016,5,23,7,0,76.0,154.0,3.6,13.0,183.0,151.0,119.97
2016,5,23,7,15,372.5,130.5,3.6,13.0,306.0,230.21,178.12
2016,5,23,7,30,669.0,107.0,3.6,13.0,429.0,342.46,266.94
2016,5,23,7,45,693.0,113.0,3.65,13.5,477.5,398.54,315.4
2016,5,23,8,0,717.0,119.0,3.7,14.0,526.0,456.11,363.88
2016,5,23,8,15,570.5,182.5,3.7,14.0,524.0,475.69,381.28
2016,5,23,8,30,424.0,246.0,3.7,14.0,522.0,481.28,385.67
2016,5,23,8,45,606.5,189.5,3.7,14.5,613.5,570.43,456.48
2016,5,23,9,0,789.0,133.0,3.7,15.0,705.0,668.59,532.62
2016,5,23,9,15,801.0,136.0,3.7,15.0,743.5,715.72,567.79
2016,5,23,9,30,813.0,139.0,3.7,15.0,782.0,761.36,601.21
2016,5,23,9,45,831.5,135.5,3.75,15.0,817.0,804.06,631.12
2016,5,23,10,0,850.0,132.0,3.8,15.0,852.0,838.75,655.07
2016,5,23,10,15,857.0,133.5,3.75,15.0,878.5,872.34,677.66
2016,5,23,10,30,864.0,135.0,3.7,15.0,905.0,903.19,698.15
2016,5,23,10,45,666.0,257.0,3.7,15.5,859.0,876.33,675.81
2016,5,23,11,0,468.0,379.0,3.7,16.0,813.0,821.87,629.89
2016,5,23,11,15,675.5,257.0,3.65,16.0,892.5,911.24,699.01
2016,5,23,11,30,883.0,135.0,3.6,16.0,972.0,981.85,747.09
2016,5,23,11,45,886.5,133.5,3.55,16.0,978.0,990.58,751.88
2016,5,23,12,0,890.0,132.0,3.5,16.0,984.0,995.82,754.91
2016,5,23,12,15,889.5,132.0,3.45,16.0,982.0,995.1,754.01
2016,5,23,12,30,889.0,132.0,3.4,16.0,980.0,990.85,750.87
2016,5,23,12,45,649.5,265.5,3.4,16.0,882.0,902.29,689.17
2016,5,23,13,0,410.0,399.0,3.4,16.0,784.0,793.88,606.71
2016,5,23,13,15,424.5,377.5,3.4,16.0,770.0,778.82,597.8
2016,5,23,13,30,439.0,356.0,3.4,16.0,756.0,761.25,586.4
2016,5,23,13,45,633.0,253.5,3.45,16.0,813.0,824.25,637.46
2016,5,23,14,0,827.0,151.0,3.5,16.0,870.0,867.7,670.69
2016,5,23,14,15,819.0,149.0,3.55,16.0,839.5,832.54,646.58
2016,5,23,14,30,811.0,147.0,3.6,16.0,809.0,794.99,621.15
2016,5,23,14,45,579.0,236.5,3.7,16.0,698.5,676.36,531.55
2016,5,23,15,0,347.0,326.0,3.8,16.0,588.0,559.21,440.5
2016,5,23,15,15,263.5,321.0,3.9,15.5,513.5,481.08,381.56
2016,5,23,15,30,180.0,316.0,4.0,15.0,439.0,404.13,322.18
2016,5,23,15,45,179.0,294.5,4.1,15.0,410.0,372.71,298.09
2016,5,23,16,0,178.0,273.0,4.2,15.0,381.0,341.1,273.31
2016,5,23,16,15,89.0,200.5,4.3,15.0,254.5,220.4,176.63
2016,5,23,16,30,0.0,128.0,4.4,15.0,128.0,113.04,89.25
2016,5,23,16,45,13.5,143.0,4.5,15.0,149.0,130.39,103.87
2016,5,23,17,0,27.0,158.0,4.6,15.0,170.0,145.8,116.52
2016,5,23,17,15,21.5,138.5,4.6,14.5,147.0,124.94,99.57
2016,5,23,17,30,16.0,119.0,4.6,14.0,124.0,105.2,83.44
2016,5,23,17,45,242.0,92.5,4.7,13.5,151.0,103.66,72.5
2016,5,23,18,0,468.0,66.0,4.8,13.0,178.0,75.26,45.49
2016,5,23,18,15,388.5,56.0,4.75,12.5,133.5,43.75,33.37
2016,5,23,18,30,309.0,46.0,4.7,12.0,89.0,35.44,25.51
2016,5,23,18,45,199.5,31.5,4.7,12.0,55.5,24.54,14.62
2016,5,23,19,0,90.0,17.0,4.7,12.0,22.0,13.36,0.0
2016,5,23,19,15,45.0,8.5,4.65,12.0,11.0,7.73,0.0
2016,5,23,19,30,0.0,0.0,4.6,12.0,0.0,0.0,0.0
2016,5,23,19,45,0.0,0.0,4.6,12.0,0.0,0.0,0.0
2016,5,23,20,0,0.0,0.0,4.6,12.0,0.0,0.0,0.0
2016,5,23,20,15,0.0,0.0,4.5,12.0,0.0,0.0,0.0
2016,5,23,20,30,0.0,0.0,4.4,12.0,0.0,0.0,0.0
2016,5,23,20,45,0.0,0.0,4.35,12.0,0.0,0.0,0.0
2016,5,23,21,0,0.0,0.0,4.3,12.0,0.0,0.0,0.0
2016,5,23,21,15,0.0,0.0,4.2,11.5,0.0,0.0,0.0
2016,5,23,21,30,0.0,0.0,4.1,11.0,0.0,0.0,0.0
2016,5,23,21,45,0.0,0.0,4.0,11.0,0.0,0.0,0.0
2016,5,23,22,0,0.0,0.0,3.9,11.0,0.0,0.0,0.0
2016,5,23,22,15,0.0,0.0,3.85,11.0,0.0,0.0,0.0
2016,5,23,22,30,0.0,0.0,3.8,11.0,0.0,0.0,0.0
2016,5,23,22,45,0.0,0.0,3.75,11.0,0.0,0.0,0.0
2016,5,23,23,0,0.0,0.0,3.7,11.0,0.0,0.0,0.0
2016,5,23,23,15,0.0,0.0,3.7,11.0,0.0,0.0,0.0
2016,5,23,23,30,0.0,0.0,3.7,11.0,0.0,0.0,0.0
2016,5,23,23,45,0.0,0.0,3.7,11.0,0.0,0.0,0.0
2016,5,24,0,0,0.0,0.0,3.7,11.0,0.0,0.0,0.0
2016,5,24,0,15,0.0,0.0,3.65,11.0,0.0,0.0,0.0
2016,5,24,0,30,0.0,0.0,3.6,11.0,0.0,0.0,0.0
2016,5,24,0,45,0.0,0.0,3.55,11.0,0.0,0.0,0.0
2016,5,24,1,0,0.0,0.0,3.5,11.0,0.0,0.0,0.0
2016,5,24,1,15,0.0,0.0,3.45,11.0,0.0,0.0,0.0
2016,5,24,1,30,0.0,0.0,3.4,11.0,0.0,0.0,0.0
2016,5,24,1,45,0.0,0.0,3.4,11.0,0.0,0.0,0.0
2016,5,24,2,0,0.0,0.0,3.4,11.0,0.0,0.0,0.0
2016,5,24,2,15,0.0,0.0,3.4,11.0,0.0,0.0,0.0
2016,5,24,2,30,0.0,0.0,3.4,11.0,0.0,0.0,0.0
2016,5,24,2,45,0.0,0.0,3.4,11.0,0.0,0.0,0.0
2016,5,24,3,0,0.0,0.0,3.4,11.0,0.0,0.0,0.0
2016,5,24,3,15,0.0,0.0,3.35,11.0,0.0,0.0,0.0
2016,5,24,3,30,0.0,0.0,3.3,11.0,0.0,0.0,0.0
2016,5,24,3,45,0.0,0.0,3.3,11.0,0.0,0.0,0.0
2016,5,24,4,0,0.0,0.0,3.3,11.0,0.0,0.0,0.0
2016,5,24,4,15,0.0,0.0,3.35,11.0,0.0,0.0,0.0
2016,5,24,4,30,0.0,0.0,3.4,11.0,0.0,0.0,0.0
2016,5,24,4,45,0.0,0.0,3.5,11.5,0.0,0.0,0.0
2016,5,24,5,0,0.0,0.0,3.6,12.0,0.0,0.0,0.0
2016,5,24,5,15,116.5,17.5,3.7,12.0,29.0,13.73,0.0
2016,5,24,5,30,233.0,35.0,3.8,12.0,58.0,27.28,17.31
2016,5,24,5,45,331.0,46.0,3.9,12.0,99.5,36.69,26.72
2016,5,24,6,0,429.0,57.0,4.0,12.0,141.0,44.43,34.13
2016,5,24,6,15,214.5,60.5,4.0,12.0,102.5,59.47,38.81
2016,5,24,6,30,0.0,64.0,4.0,12.0,64.0,56.41,43.12
2016,5,24,6,45,0.0,77.5,4.0,12.5,77.5,68.19,53.11
2016,5,24,7,0,0.0,91.0,4.0,13.0,91.0,80.07,62.98
2016,5,24,7,15,0.0,111.0,4.0,13.0,111.0,97.62,77.63
2016,5,24,7,30,0.0,131.0,4.0,13.0,131.0,115.33,92.22
2016,5,24,7,45,19.5,178.0,4.0,13.0,189.0,164.81,132.87
2016,5,24,8,0,39.0,225.0,4.0,13.0,247.0,219.23,177.14
2016,5,24,8,15,52.5,253.0,4.0,13.0,285.5,254.83,205.67
2016,5,24,8,30,66.0,281.0,4.0,13.0,324.0,292.05,235.3
2016,5,24,8,45,110.5,311.0,4.0,13.5,389.0,351.93,282.59
2016,5,24,9,0,155.0,341.0,4.0,14.0,454.0,422.16,337.11
2016,5,24,9,15,122.0,354.5,4.0,14.0,447.0,420.18,334.26
2016,5,24,9,30,89.0,368.0,4.0,14.0,440.0,407.48,323.25
2016,5,24,9,45,132.5,391.5,4.0,14.5,502.5,476.98,376.56
2016,5,24,10,0,176.0,415.0,4.0,15.0,565.0,541.71,425.04
2016,5,24,10,15,168.5,429.5,4.0,15.0,576.5,556.45,435.09
2016,5,24,10,30,161.0,444.0,4.0,15.0,588.0,570.1,444.5
2016,5,24,10,45,123.0,445.0,4.0,15.0,557.0,542.0,422.07
2016,5,24,11,0,85.0,446.0,4.0,15.0,526.0,500.65,389.85
2016,5,24,11,15,115.0,462.5,4.0,15.0,571.0,558.41,433.73
2016,5,24,11,30,145.0,479.0,4.0,15.0,616.0,605.43,468.86
2016,5,24,11,45,219.0,471.5,4.05,15.5,680.5,671.09,518.12
2016,5,24,12,0,293.0,464.0,4.1,16.0,745.0,747.38,573.86
2016,5,24,12,15,234.5,474.0,4.1,16.0,698.5,689.58,530.25
2016,5,24,12,30,176.0,484.0,4.1,16.0,652.0,641.74,494.03
2016,5,24,12,45,118.5,458.5,4.15,16.0,571.5,559.89,432.88
2016,5,24,13,0,61.0,433.0,4.2,16.0,491.0,467.23,362.69
2016,5,24,13,15,92.0,441.5,4.25,16.0,526.5,502.43,390.82
2016,5,24,13,30,123.0,450.0,4.3,16.0,562.0,546.29,424.65
2016,5,24,13,45,82.0,409.0,4.35,16.0,482.5,456.18,356.31
2016,5,24,14,0,41.0,368.0,4.4,16.0,403.0,378.58,296.63
2016,5,24,14,15,35.0,344.0,4.45,15.5,373.5,348.53,274.46
2016,5,24,14,30,29.0,320.0,4.5,15.0,344.0,318.91,252.22
2016,5,24,14,45,50.0,329.5,4.55,15.0,368.5,341.44,270.93
2016,5,24,15,0,71.0,339.0,4.6,15.0,393.0,361.92,287.81
2016,5,24,15,15,155.0,324.5,4.65,15.0,433.0,405.82,324.24
2016,5,24,15,30,239.0,310.0,4.7,15.0,473.0,434.89,348.29
2016,5,24,15,45,129.5,264.0,4.8,15.0,351.5,316.87,254.33
2016,5,24,16,0,20.0,218.0,4.9,15.0,230.0,203.46,162.73
2016,5,24,16,15,27.0,209.0,4.9,14.5,224.0,199.09,160.0
2016,5,24,16,30,34.0,200.0,4.9,14.0,218.0,191.07,153.97
2016,5,24,16,45,27.5,178.0,4.95,14.0,191.5,166.23,133.76
2016,5,24,17,0,21.0,156.0,5.0,14.0,165.0,142.01,113.96
2016,5,24,17,15,16.0,136.5,5.0,13.5,143.0,122.01,97.72
2016,5,24,17,30,11.0,117.0,5.0,13.0,121.0,102.75,81.91
2016,5,24,17,45,248.5,91.5,5.0,13.0,152.0,103.69,72.38
2016,5,24,18,0,486.0,66.0,5.0,13.0,183.0,76.34,45.8
2016,5,24,18,15,406.0,56.0,4.9,12.5,138.0,43.7,33.35
2016,5,24,18,30,326.0,46.0,4.8,12.0,93.0,35.46,25.55
2016,5,24,18,45,211.5,32.5,4.75,12.0,58.5,25.33,15.41
2016,5,24,19,0,97.0,19.0,4.7,12.0,24.0,14.94,0.0
2016,5,24,19,15,48.5,9.5,4.6,12.0,12.0,8.64,0.0
2016,5,24,19,30,0.0,0.0,4.5,12.0,0.0,0.0,0.0
2016,5,24,19,45,0.0,0.0,4.45,12.0,0.0,0.0,0.0
2016,5,24,20,0,0.0,0.0,4.4,12.0,0.0,0.0,0.0
2016,5,24,20,15,0.0,0.0,4.3,12.0,0.0,0.0,0.0
2016,5,24,20,30,0.0,0.0,4.2,12.0,0.0,0.0,0.0
2016,5,24,20,45,0.0,0.0,4.15,12.0,0.0,0.0,0.0
2016,5,24,21,0,0.0,0.0,4.1,12.0,0.0,0.0,0.0
2016,5,24,21,15,0.0,0.0,4.05,12.0,0.0,0.0,0.0
2016,5,24,21,30,0.0,0.0,4.0,12.0,0.0,0.0,0.0
2016,5,24,21,45,0.0,0.0,4.0,12.0,0.0,0.0,0.0
2016,5,24,22,0,0.0,0.0,4.0,12.0,0.0,0.0,0.0
2016,5,24,22,15,0.0,0.0,3.95,12.0,0.0,0.0,0.0
2016,5,24,22,30,0.0,0.0,3.9,12.0,0.0,0.0,0.0
2016,5,24,22,45,0.0,0.0,3.85,12.0,0.0,0.0,0.0
2016,5,24,23,0,0.0,0.0,3.8,12.0,0.0,0.0,0.0
2016,5,24,23,15,0.0,0.0,3.8,12.0,0.0,0.0,0.0
2016,5,24,23,30,0.0,0.0,3.8,12.0,0.0,0.0,0.0
2016,5,24,23,45,0.0,0.0,3.8,12.0,0.0,0.0,0.0
2016,5,25,0,0,0.0,0.0,3.8,12.0,0.0,0.0,0.0
2016,5,25,0,15,0.0,0.0,3.75,12.0,0.0,0.0,0.0
2016,5,25,0,30,0.0,0.0,3.7,12.0,0.0,0.0,0.0
2016,5,25,0,45,0.0,0.0,3.7,12.0,0.0,0.0,0.0
2016,5,25,1,0,0.0,0.0,3.7,12.0,0.0,0.0,0.0
2016,5,25,1,15,0.0,0.0,3.65,12.0,0.0,0.0,0.0
2016,5,25,1,30,0.0,0.0,3.6,12.0,0.0,0.0,0.0
2016,5,25,1,45,0.0,0.0,3.55,12.0,0.0,0.0,0.0
2016,5,25,2,0,0.0,0.0,3.5,12.0,0.0,0.0,0.0
2016,5,25,2,15,0.0,0.0,3.45,11.5,0.0,0.0,0.0
2016,5,25,2,30,0.0,0.0,3.4,11.0,0.0,0.0,0.0
2016,5,25,2,45,0.0,0.0,3.35,11.0,0.0,0.0,0.0
2016,5,25,3,0,0.0,0.0,3.3,11.0,0.0,0.0,0.0
2016,5,25,3,15,0.0,0.0,3.15,11.0,0.0,0.0,0.0
2016,5,25,3,30,0.0,0.0,3.0,11.0,0.0,0.0,0.0
2016,5,25,3,45,0.0,0.0,2.9,11.0,0.0,0.0,0.0
2016,5,25,4,0,0.0,0.0,2.8,11.0,0.0,0.0,0.0
2016,5,25,4,15,0.0,0.0,2.85,11.0,0.0,0.0,0.0
2016,5,25,4,30,0.0,0.0,2.9,11.0,0.0,0.0,0.0
2016,5,25,4,45,0.0,0.0,2.95,11.5,0.0,0.0,0.0
2016,5,25,5,0,0.0,0.0,3.0,12.0,0.0,0.0,0.0
2016,5,25,5,15,118.0,17.5,3.1,12.0,29.5,13.72,0.0
2016,5,25,5,30,236.0,35.0,3.2,12.0,59.0,27.26,17.38
2016,5,25,5,45,327.5,46.5,3.3,12.0,100.0,35.76,25.93
2016,5,25,6,0,419.0,58.0,3.4,12.0,141.0,45.2,34.84
2016,5,25,6,15,483.0,66.0,3.4,12.0,188.5,79.7,47.69
2016,5,25,6,30,547.0,74.0,3.4,12.0,236.0,126.69,78.82
2016,5,25,6,45,273.5,65.0,3.4,12.5,146.0,105.21,72.66
2016,5,25,7,0,0.0,56.0,3.4,13.0,56.0,49.45,36.85
2016,5,25,7,15,0.0,66.5,3.45,13.0,66.5,58.78,44.71
2016,5,25,7,30,0.0,77.0,3.5,13.0,77.0,68.13,52.47
2016,5,25,7,45,0.0,106.5,3.55,13.5,106.5,94.21,74.08
2016,5,25,8,0,0.0,136.0,3.6,14.0,136.0,120.34,95.38
2016,5,25,8,15,0.5,151.0,3.7,14.0,151.5,134.1,106.4
2016,5,25,8,30,1.0,166.0,3.8,14.0,167.0,147.97,117.47
2016,5,25,8,45,3.0,177.0,3.9,14.0,179.5,159.33,126.45
2016,5,25,9,0,5.0,188.0,4.0,14.0,192.0,170.9,135.6
2016,5,25,9,15,6.0,194.5,4.05,14.0,199.5,177.91,141.01
2016,5,25,9,30,7.0,201.0,4.1,14.0,207.0,184.99,146.5
2016,5,25,9,45,8.5,217.5,4.2,14.5,225.0,201.61,159.38
2016,5,25,10,0,10.0,234.0,4.3,15.0,243.0,218.39,172.27
2016,5,25,10,15,16.0,281.0,4.3,15.0,295.5,267.1,210.74
2016,5,25,10,30,22.0,328.0,4.3,15.0,348.0,316.51,249.21
2016,5,25,10,45,20.5,325.0,4.35,15.0,344.0,313.21,246.3
2016,5,25,11,0,19.0,322.0,4.4,15.0,340.0,309.72,243.41
2016,5,25,11,15,24.5,350.5,4.4,15.0,374.0,352.74,276.78
2016,5,25,11,30,30.0,379.0,4.4,15.0,408.0,386.31,302.49
2016,5,25,11,45,46.0,412.0,4.4,15.5,456.5,434.38,338.86
2016,5,25,12,0,62.0,445.0,4.4,16.0,505.0,482.47,374.69
2016,5,25,12,15,179.5,453.0,4.45,16.0,625.0,615.46,477.46
2016,5,25,12,30,297.0,461.0,4.5,16.0,745.0,745.82,575.06
2016,5,25,12,45,311.5,451.0,4.6,16.0,746.5,746.59,576.05
2016,5,25,13,0,326.0,441.0,4.7,16.0,748.0,745.51,576.45
2016,5,25,13,15,388.0,405.0,4.85,16.0,764.0,761.13,590.85
2016,5,25,13,30,450.0,369.0,5.0,16.0,780.0,782.01,608.74
2016,5,25,13,45,340.0,396.0,5.15,16.0,702.0,689.74,539.28
2016,5,25,14,0,230.0,423.0,5.3,16.0,624.0,601.41,471.75
2016,5,25,14,15,341.5,369.0,5.4,16.0,655.5,641.01,505.63
2016,5,25,14,30,453.0,315.0,5.5,16.0,687.0,671.44,531.71
2016,5,25,14,45,246.5,313.5,5.65,16.0,515.0,488.06,388.9
2016,5,25,15,0,40.0,312.0,5.8,16.0,343.0,314.64,249.65
2016,5,25,15,15,40.0,295.5,5.9,15.5,325.0,296.39,236.45
2016,5,25,15,30,40.0,279.0,6.0,15.0,307.0,278.11,222.78
2016,5,25,15,45,44.5,264.0,6.1,15.0,293.0,263.72,211.74
2016,5,25,16,0,49.0,249.0,6.2,15.0,279.0,248.8,200.12
2016,5,25,16,15,47.5,229.0,6.25,14.5,256.0,226.15,182.36
2016,5,25,16,30,46.0,209.0,6.3,14.0,233.0,203.72,164.52
2016,5,25,16,45,376.0,146.5,6.35,14.0,311.5,266.9,210.92
2016,5,25,17,0,706.0,84.0,6.4,14.0,390.0,285.28,213.94
2016,5,25,17,15,668.5,79.0,6.35,13.5,339.0,227.54,162.0
2016,5,25,17,30,631.0,74.0,6.3,13.0,288.0,173.63,114.71
2016,5,25,17,45,570.0,69.0,6.3,13.0,237.5,121.18,73.21
2016,5,25,18,0,509.0,64.0,6.3,13.0,187.0,75.96,44.71
2016,5,25,18,15,429.0,55.0,6.2,12.5,142.0,42.79,32.55
2016,5,25,18,30,349.0,46.0,6.1,12.0,97.0,36.86,26.81
2016,5,25,18,45,222.0,33.0,6.1,12.0,61.0,25.71,15.85
2016,5,25,19,0,95.0,20.0,6.1,12.0,25.0,15.72,0.0
2016,5,25,19,15,47.5,10.0,6.05,12.0,12.5,9.1,0.0
2016,5,25,19,30,0.0,0.0,6.0,12.0,0.0,0.0,0.0
2016,5,25,19,45,0.0,0.0,6.0,12.0,0.0,0.0,0.0
2016,5,25,20,0,0.0,0.0,6.0,12.0,0.0,0.0,0.0
2016,5,25,20,15,0.0,0.0,5.95,12.0,0.0,0.0,0.0
2016,5,25,20,30,0.0,0.0,5.9,12.0,0.0,0.0,0.0
2016,5,25,20,45,0.0,0.0,5.85,12.0,0.0,0.0,0.0
2016,5,25,21,0,0.0,0.0,5.8,12.0,0.0,0.0,0.0
2016,5,25,21,15,0.0,0.0,5.7,12.0,0.0,0.0,0.0
2016,5,25,21,30,0.0,0.0,5.6,12.0,0.0,0.0,0.0
2016,5,25,21,45,0.0,0.0,5.55,12.0,0.0,0.0,0.0
2016,5,25,22,0,0.0,0.0,5.5,12.0,0.0,0.0,0.0
2016,5,25,22,15,0.0,0.0,5.45,11.5,0.0,0.0,0.0
2016,5,25,22,30,0.0,0.0,5.4,11.0,0.0,0.0,0.0
2016,5,25,22,45,0.0,0.0,5.35,11.0,0.0,0.0,0.0
2016,5,25,23,0,0.0,0.0,5.3,11.0,0.0,0.0,0.0
2016,5,25,23,15,0.0,0.0,5.25,11.0,0.0,0.0,0.0
2016,5,25,23,30,0.0,0.0,5.2,11.0,0.0,0.0,0.0
2016,5,25,23,45,0.0,0.0,5.2,11.0,0.0,0.0,0.0
2016,5,26,0,0,0.0,0.0,5.2,11.0,0.0,0.0,0.0
2016,5,26,0,15,0.0,0.0,5.1,11.0,0.0,0.0,0.0
2016,5,26,0,30,0.0,0.0,5.0,11.0,0.0,0.0,0.0
2016,5,26,0,45,0.0,0.0,4.95,11.0,0.0,0.0,0.0
2016,5,26,1,0,0.0,0.0,4.9,11.0,0.0,0.0,0.0
2016,5,26,1,15,0.0,0.0,4.85,11.0,0.0,0.0,0.0
2016,5,26,1,30,0.0,0.0,4.8,11.0,0.0,0.0,0.0
2016,5,26,1,45,0.0,0.0,4.75,11.0,0.0,0.0,0.0
2016,5,26,2,0,0.0,0.0,4.7,11.0,0.0,0.0,0.0
2016,5,26,2,15,0.0,0.0,4.65,11.0,0.0,0.0,0.0
2016,5,26,2,30,0.0,0.0,4.6,11.0,0.0,0.0,0.0
2016,5,26,2,45,0.0,0.0,4.6,11.0,0.0,0.0,0.0
2016,5,26,3,0,0.0,0.0,4.6,11.0,0.0,0.0,0.0
2016,5,26,3,15,0.0,0.0,4.5,11.0,0.0,0.0,0.0
2016,5,26,3,30,0.0,0.0,4.4,11.0,0.0,0.0,0.0
2016,5,26,3,45,0.0,0.0,4.35,11.0,0.0,0.0,0.0
2016,5,26,4,0,0.0,0.0,4.3,11.0,0.0,0.0,0.0
2016,5,26,4,15,0.0,0.0,4.2,11.0,0.0,0.0,0.0
2016,5,26,4,30,0.0,0.0,4.1,11.0,0.0,0.0,0.0
2016,5,26,4,45,0.0,0.0,4.1,11.5,0.0,0.0,0.0
2016,5,26,5,0,0.0,0.0,4.1,12.0,0.0,0.0,0.0
2016,5,26,5,15,88.5,19.5,4.1,12.0,29.0,15.27,0.22
2016,5,26,5,30,177.0,39.0,4.1,12.0,58.0,30.28,19.99
2016,5,26,5,45,268.0,52.5,4.1,12.0,98.0,40.19,29.84
2016,5,26,6,0,359.0,66.0,4.1,12.0,138.0,49.81,38.95
2016,5,26,6,15,425.5,76.5,4.05,12.0,185.0,83.48,52.8
2016,5,26,6,30,492.0,87.0,4.0,12.0,232.0,131.33,85.24
2016,5,26,6,45,353.5,120.0,4.0,12.5,234.5,165.41,120.01
2016,5,26,7,0,215.0,153.0,4.0,13.0,237.0,183.99,142.43
2016,5,26,7,15,433.5,134.5,3.95,13.0,334.5,250.74,193.2
2016,5,26,7,30,652.0,116.0,3.9,13.0,432.0,342.84,267.37
2016,5,26,7,45,353.0,175.0,3.85,13.5,348.5,309.2,246.97
2016,5,26,8,0,54.0,234.0,3.8,14.0,265.0,233.92,187.98
2016,5,26,8,15,188.5,253.5,3.75,14.0,375.0,329.87,265.6
2016,5,26,8,30,323.0,273.0,3.7,14.0,485.0,440.97,353.87
2016,5,26,8,45,553.0,207.0,3.65,14.5,598.0,547.76,438.45
2016,5,26,9,0,783.0,141.0,3.6,15.0,711.0,669.52,532.65
2016,5,26,9,15,795.5,143.5,3.5,15.0,749.5,716.19,566.91
2016,5,26,9,30,808.0,146.0,3.4,15.0,788.0,761.44,599.75
2016,5,26,9,45,814.0,150.5,3.35,15.5,820.0,801.82,626.32
2016,5,26,10,0,820.0,155.0,3.3,16.0,852.0,839.85,650.72
2016,5,26,10,15,827.0,157.0,3.2,16.0,879.0,873.77,672.86
2016,5,26,10,30,834.0,159.0,3.1,16.0,906.0,905.03,692.94
2016,5,26,10,45,840.5,159.5,3.05,16.5,926.0,931.54,708.61
2016,5,26,11,0,847.0,160.0,3.0,17.0,946.0,955.02,722.12
2016,5,26,11,15,850.0,160.5,3.0,17.0,959.0,972.06,733.01
2016,5,26,11,30,853.0,161.0,3.0,17.0,972.0,985.73,741.75
2016,5,26,11,45,856.5,160.0,3.0,17.5,978.0,983.14,738.26
2016,5,26,12,0,860.0,159.0,3.0,18.0,984.0,988.82,740.59
2016,5,26,12,15,859.5,159.0,3.1,18.0,982.5,988.18,740.94
2016,5,26,12,30,859.0,159.0,3.2,18.0,981.0,984.17,739.16
2016,5,26,12,45,867.5,151.5,3.3,18.0,974.5,978.49,736.36
2016,5,26,13,0,876.0,144.0,3.4,18.0,968.0,969.13,731.14
2016,5,26,13,15,658.0,258.5,3.6,18.0,871.0,880.53,670.89
2016,5,26,13,30,440.0,373.0,3.8,18.0,774.0,776.06,593.08
2016,5,26,13,45,448.0,358.5,4.05,18.0,757.5,756.88,581.8
2016,5,26,14,0,456.0,344.0,4.3,18.0,741.0,735.46,568.12
2016,5,26,14,15,648.5,241.0,4.55,17.5,784.5,782.46,610.12
2016,5,26,14,30,841.0,138.0,4.8,17.0,828.0,808.17,634.56
2016,5,26,14,45,671.5,201.5,5.05,17.0,737.5,711.67,562.6
2016,5,26,15,0,502.0,265.0,5.3,17.0,647.0,618.17,490.33
2016,5,26,15,15,646.5,197.0,5.45,17.0,660.5,629.49,502.0
2016,5,26,15,30,791.0,129.0,5.6,17.0,674.0,621.93,497.82
2016,5,26,15,45,773.5,125.5,5.75,17.0,628.5,568.35,455.1
2016,5,26,16,0,756.0,122.0,5.9,17.0,583.0,513.8,410.6
2016,5,26,16,15,733.5,118.0,5.95,16.5,535.0,457.02,363.64
2016,5,26,16,30,711.0,114.0,6.0,16.0,487.0,401.21,316.08
2016,5,26,16,45,680.0,109.0,6.05,15.5,436.5,342.76,265.3
2016,5,26,17,0,649.0,104.0,6.1,15.0,386.0,286.86,215.74
2016,5,26,17,15,608.5,97.5,6.05,14.5,335.5,230.26,165.77
2016,5,26,17,30,568.0,91.0,6.0,14.0,285.0,177.96,120.61
2016,5,26,17,45,507.5,83.5,6.0,14.0,235.0,127.13,80.63
2016,5,26,18,0,447.0,76.0,6.0,14.0,185.0,81.62,51.02
2016,5,26,18,15,366.0,64.5,5.85,13.5,140.0,48.77,37.73
2016,5,26,18,30,285.0,53.0,5.7,13.0,95.0,40.69,30.08
2016,5,26,18,45,175.5,37.0,5.6,12.5,60.0,28.75,18.47
2016,5,26,19,0,66.0,21.0,5.5,12.0,25.0,17.11,0.0
2016,5,26,19,15,33.0,10.5,5.35,12.0,12.5,9.55,0.0
2016,5,26,19,30,0.0,0.0,5.2,12.0,0.0,0.0,0.0
2016,5,26,19,45,0.0,0.0,5.1,12.0,0.0,0.0,0.0
2016,5,26,20,0,0.0,0.0,5.0,12.0,0.0,0.0,0.0
2016,5,26,20,15,0.0,0.0,4.9,11.5,0.0,0.0,0.0
2016,5,26,20,30,0.0,0.0,4.8,11.0,0.0,0.0,0.0
2016,5,26,20,45,0.0,0.0,4.75,11.0,0.0,0.0,0.0
2016,5,26,21,0,0.0,0.0,4.7,11.0,0.0,0.0,0.0
2016,5,26,21,15,0.0,0.0,4.55,11.0,0.0,0.0,0.0
2016,5,26,21,30,0.0,0.0,4.4,11.0,0.0,0.0,0.0
2016,5,26,21,45,0.0,0.0,4.3,11.0,0.0,0.0,0.0
2016,5,26,22,0,0.0,0.0,4.2,11.0,0.0,0.0,0.0
2016,5,26,22,15,0.0,0.0,4.05,11.0,0.0,0.0,0.0
2016,5,26,22,30,0.0,0.0,3.9,11.0,0.0,0.0,0.0
2016,5,26,22,45,0.0,0.0,3.8,11.0,0.0,0.0,0.0
2016,5,26,23,0,0.0,0.0,3.7,11.0,0.0,0.0,0.0
2016,5,26,23,15,0.0,0.0,3.65,11.0,0.0,0.0,0.0
2016,5,26,23,30,0.0,0.0,3.6,11.0,0.0,0.0,0.0
2016,5,26,23,45,0.0,0.0,3.55,11.0,0.0,0.0,0.0
2016,5,27,0,0,0.0,0.0,3.5,11.0,0.0,0.0,0.0
2016,5,27,0,15,0.0,0.0,3.5,10.5,0.0,0.0,0.0
2016,5,27,0,30,0.0,0.0,3.5,10.0,0.0,0.0,0.0
2016,5,27,0,45,0.0,0.0,3.5,10.0,0.0,0.0,0.0
2016,5,27,1,0,0.0,0.0,3.5,10.0,0.0,0.0,0.0
2016,5,27,1,15,0.0,0.0,3.5,10.0,0.0,0.0,0.0
2016,5,27,1,30,0.0,0.0,3.5,10.0,0.0,0.0,0.0
2016,5,27,1,45,0.0,0.0,3.5,10.0,0.0,0.0,0.0
2016,5,27,2,0,0.0,0.0,3.5,10.0,0.0,0.0,0.0
2016,5,27,2,15,0.0,0.0,3.45,10.0,0.0,0.0,0.0
2016,5,27,2,30,0.0,0.0,3.4,10.0,0.0,0.0,0.0
2016,5,27,2,45,0.0,0.0,3.35,10.0,0.0,0.0,0.0
2016,5,27,3,0,0.0,0.0,3.3,10.0,0.0,0.0,0.0
2016,5,27,3,15,0.0,0.0,3.15,10.0,0.0,0.0,0.0
2016,5,27,3,30,0.0,0.0,3.0,10.0,0.0,0.0,0.0
2016,5,27,3,45,0.0,0.0,2.95,10.0,0.0,0.0,0.0
2016,5,27,4,0,0.0,0.0,2.9,10.0,0.0,0.0,0.0
2016,5,27,4,15,0.0,0.0,2.85,10.0,0.0,0.0,0.0
2016,5,27,4,30,0.0,0.0,2.8,10.0,0.0,0.0,0.0
2016,5,27,4,45,0.0,0.0,2.75,10.5,0.0,0.0,0.0
2016,5,27,5,0,0.0,0.0,2.7,11.0,0.0,0.0,0.0
2016,5,27,5,15,82.0,20.5,2.6,11.0,29.0,16.79,1.57
2016,5,27,5,30,164.0,41.0,2.5,11.0,58.0,32.63,22.17
2016,5,27,5,45,259.0,55.0,2.4,11.5,99.5,42.08,31.61
2016,5,27,6,0,354.0,69.0,2.3,12.0,141.0,52.03,40.96
2016,5,27,6,15,420.5,79.5,2.15,12.5,188.0,85.29,54.45
2016,5,27,6,30,487.0,90.0,2.0,13.0,235.0,130.91,84.65
2016,5,27,6,45,540.5,97.0,1.85,13.5,286.0,181.18,124.23
2016,5,27,7,0,594.0,104.0,1.7,14.0,337.0,235.52,169.77
2016,5,27,7,15,629.5,110.0,1.55,14.0,388.0,289.48,216.78
2016,5,27,7,30,665.0,116.0,1.4,14.0,439.0,346.84,266.07
2016,5,27,7,45,698.5,118.5,1.3,14.5,489.5,403.25,313.06
2016,5,27,8,0,732.0,121.0,1.2,15.0,540.0,462.11,360.33
2016,5,27,8,15,752.5,125.0,1.1,15.5,587.0,517.72,403.37
2016,5,27,8,30,773.0,129.0,1.0,16.0,634.0,574.13,445.14
2016,5,27,8,45,794.0,129.5,0.9,16.5,678.5,626.88,482.6
2016,5,27,9,0,815.0,130.0,0.8,17.0,723.0,679.45,518.33
2016,5,27,9,15,826.5,132.0,0.75,17.5,761.5,726.2,549.16
2016,5,27,9,30,838.0,134.0,0.7,18.0,800.0,771.37,577.5
2016,5,27,9,45,858.5,129.0,0.7,18.5,836.0,809.48,600.21
2016,5,27,10,0,879.0,124.0,0.7,19.0,872.0,851.07,624.93
2016,5,27,10,15,885.5,125.5,0.75,19.0,899.0,885.05,646.44
2016,5,27,10,30,892.0,127.0,0.8,19.0,926.0,916.18,666.14
2016,5,27,10,45,898.0,126.5,0.9,19.5,946.5,941.94,682.07
2016,5,27,11,0,904.0,126.0,1.0,20.0,967.0,964.52,696.03
2016,5,27,11,15,906.5,127.0,1.25,20.0,979.5,981.94,710.71
2016,5,27,11,30,909.0,128.0,1.5,20.0,992.0,995.86,723.01
2016,5,27,11,45,911.0,127.5,1.75,20.5,998.0,1004.35,730.28
2016,5,27,12,0,913.0,127.0,2.0,21.0,1004.0,1009.26,735.1
2016,5,27,12,15,912.5,127.0,2.25,21.0,1002.0,1008.65,737.62
2016,5,27,12,30,912.0,127.0,2.5,21.0,1000.0,1004.44,737.68
2016,5,27,12,45,907.5,128.5,2.8,21.0,989.5,994.25,734.14
2016,5,27,13,0,903.0,130.0,3.1,21.0,979.0,980.57,728.05
2016,5,27,13,15,899.5,129.0,3.3,21.0,962.5,962.04,717.74
2016,5,27,13,30,896.0,128.0,3.5,21.0,946.0,940.14,705.04
2016,5,27,13,45,889.5,127.5,3.7,21.0,922.0,912.8,688.48
2016,5,27,14,0,883.0,127.0,3.9,21.0,898.0,882.46,669.64
2016,5,27,14,15,875.5,125.5,4.0,21.0,868.0,847.52,646.86
2016,5,27,14,30,868.0,124.0,4.1,21.0,838.0,809.99,622.05
2016,5,27,14,45,857.5,122.5,4.2,21.0,801.5,767.81,593.64
2016,5,27,15,0,847.0,121.0,4.3,21.0,765.0,727.36,565.31
2016,5,27,15,15,834.5,118.5,4.3,20.5,724.0,678.51,530.06
2016,5,27,15,30,822.0,116.0,4.3,20.0,683.0,628.38,492.89
2016,5,27,15,45,804.0,113.5,4.35,20.0,637.5,574.12,450.79
2016,5,27,16,0,786.0,111.0,4.4,20.0,592.0,519.68,407.35
2016,5,27,16,15,764.5,107.0,4.4,19.5,543.5,462.31,361.0
2016,5,27,16,30,743.0,103.0,4.4,19.0,495.0,404.07,312.52
2016,5,27,16,45,712.0,99.0,4.4,19.0,444.0,344.92,261.57
2016,5,27,17,0,681.0,95.0,4.4,19.0,393.0,288.24,211.81
2016,5,27,17,15,642.5,89.5,4.35,18.5,342.0,231.24,162.29
2016,5,27,17,30,604.0,84.0,4.3,18.0,291.0,178.22,117.17
2016,5,27,17,45,547.5,77.0,4.25,17.5,241.0,126.13,76.84
2016,5,27,18,0,491.0,70.0,4.2,17.0,191.0,80.78,48.3
2016,5,27,18,15,412.0,59.5,4.05,16.5,145.5,46.52,35.31
2016,5,27,18,30,333.0,49.0,3.9,16.0,100.0,37.69,27.15
2016,5,27,18,45,219.5,35.0,3.8,15.5,63.5,27.23,17.07
2016,5,27,19,0,106.0,21.0,3.7,15.0,27.0,16.49,0.12
2016,5,27,19,15,53.0,10.5,3.6,14.5,13.5,9.55,0.0
2016,5,27,19,30,0.0,0.0,3.5,14.0,0.0,0.0,0.0
2016,5,27,19,45,0.0,0.0,3.4,14.0,0.0,0.0,0.0
2016,5,27,20,0,0.0,0.0,3.3,14.0,0.0,0.0,0.0
2016,5,27,20,15,0.0,0.0,3.3,13.5,0.0,0.0,0.0
2016,5,27,20,30,0.0,0.0,3.3,13.0,0.0,0.0,0.0
2016,5,27,20,45,0.0,0.0,3.3,13.0,0.0,0.0,0.0
2016,5,27,21,0,0.0,0.0,3.3,13.0,0.0,0.0,0.0
2016,5,27,21,15,0.0,0.0,3.3,13.0,0.0,0.0,0.0
2016,5,27,21,30,0.0,0.0,3.3,13.0,0.0,0.0,0.0
2016,5,27,21,45,0.0,0.0,3.35,13.0,0.0,0.0,0.0
2016,5,27,22,0,0.0,0.0,3.4,13.0,0.0,0.0,0.0
2016,5,27,22,15,0.0,0.0,3.35,13.0,0.0,0.0,0.0
2016,5,27,22,30,0.0,0.0,3.3,13.0,0.0,0.0,0.0
2016,5,27,22,45,0.0,0.0,3.3,13.0,0.0,0.0,0.0
2016,5,27,23,0,0.0,0.0,3.3,13.0,0.0,0.0,0.0
2016,5,27,23,15,0.0,0.0,3.2,12.5,0.0,0.0,0.0
2016,5,27,23,30,0.0,0.0,3.1,12.0,0.0,0.0,0.0
2016,5,27,23,45,0.0,0.0,3.05,12.0,0.0,0.0,0.0
2016,5,28,0,0,0.0,0.0,3.0,12.0,0.0,0.0,0.0
2016,5,28,0,15,0.0,0.0,2.9,12.0,0.0,0.0,0.0
2016,5,28,0,30,0.0,0.0,2.8,12.0,0.0,0.0,0.0
2016,5,28,0,45,0.0,0.0,2.7,12.0,0.0,0.0,0.0
2016,5,28,1,0,0.0,0.0,2.6,12.0,0.0,0.0,0.0
2016,5,28,1,15,0.0,0.0,2.55,12.0,0.0,0.0,0.0
2016,5,28,1,30,0.0,0.0,2.5,12.0,0.0,0.0,0.0
2016,5,28,1,45,0.0,0.0,2.45,12.0,0.0,0.0,0.0
2016,5,28,2,0,0.0,0.0,2.4,12.0,0.0,0.0,0.0
2016,5,28,2,15,0.0,0.0,2.35,12.0,0.0,0.0,0.0
2016,5,28,2,30,0.0,0.0,2.3,12.0,0.0,0.0,0.0
2016,5,28,2,45,0.0,0.0,2.25,12.0,0.0,0.0,0.0
2016,5,28,3,0,0.0,0.0,2.2,12.0,0.0,0.0,0.0
2016,5,28,3,15,0.0,0.0,2.2,12.0,0.0,0.0,0.0
2016,5,28,3,30,0.0,0.0,2.2,12.0,0.0,0.0,0.0
2016,5,28,3,45,0.0,0.0,2.25,12.0,0.0,0.0,0.0
2016,5,28,4,0,0.0,0.0,2.3,12.0,0.0,0.0,0.0
2016,5,28,4,15,0.0,0.0,2.3,12.0,0.0,0.0,0.0
2016,5,28,4,30,0.0,0.0,2.3,12.0,0.0,0.0,0.0
2016,5,28,4,45,0.0,0.0,2.3,12.5,0.0,0.0,0.0
2016,5,28,5,0,0.0,0.0,2.3,13.0,0.0,0.0,0.0
2016,5,28,5,15,112.0,18.5,2.35,13.0,30.5,14.48,1.06
2016,5,28,5,30,224.0,37.0,2.4,13.0,61.0,28.76,18.75
2016,5,28,5,45,317.5,49.0,2.5,13.5,102.5,37.59,27.43
2016,5,28,6,0,411.0,61.0,2.6,14.0,144.0,47.65,36.76
2016,5,28,6,15,474.0,69.5,2.55,14.5,191.5,81.34,49.12
2016,5,28,6,30,537.0,78.0,2.5,15.0,239.0,127.9,79.36
2016,5,28,6,45,584.5,84.5,2.45,15.5,289.5,177.48,118.49
2016,5,28,7,0,632.0,91.0,2.4,16.0,340.0,232.43,165.0
2016,5,28,7,15,665.5,96.5,2.4,16.5,391.0,287.4,212.96
2016,5,28,7,30,699.0,102.0,2.4,17.0,442.0,345.47,263.01
2016,5,28,7,45,726.0,106.0,2.4,17.5,492.0,402.27,311.11
2016,5,28,8,0,753.0,110.0,2.4,18.0,542.0,462.09,360.09
2016,5,28,8,15,772.5,113.5,2.35,18.5,589.0,517.28,403.91
2016,5,28,8,30,792.0,117.0,2.3,19.0,636.0,572.76,446.41
2016,5,28,8,45,807.0,120.0,2.3,19.5,679.5,624.96,485.27
2016,5,28,9,0,822.0,123.0,2.3,20.0,723.0,676.42,522.39
2016,5,28,9,15,713.5,185.5,2.25,20.0,726.0,697.79,535.37
2016,5,28,9,30,605.0,248.0,2.2,20.0,729.0,705.52,538.15
2016,5,28,9,45,733.5,190.5,2.2,20.5,798.0,777.77,590.35
2016,5,28,10,0,862.0,133.0,2.2,21.0,867.0,844.56,634.47
2016,5,28,10,15,869.0,134.5,2.2,21.0,894.5,878.44,655.9
2016,5,28,10,30,876.0,136.0,2.2,21.0,922.0,909.55,675.64
2016,5,28,10,45,880.0,137.5,2.25,21.5,942.0,935.02,690.75
2016,5,28,11,0,884.0,139.0,2.3,22.0,962.0,957.28,703.75
2016,5,28,11,15,887.0,140.0,2.4,22.0,975.0,974.84,715.58
2016,5,28,11,30,890.0,141.0,2.5,22.0,988.0,988.99,725.31
2016,5,28,11,45,891.0,141.5,2.6,22.0,994.0,997.32,731.36
2016,5,28,12,0,892.0,142.0,2.7,22.0,1000.0,1002.15,735.27
2016,5,28,12,15,891.5,142.0,2.8,22.0,998.0,1001.57,735.77
2016,5,28,12,30,891.0,142.0,2.9,22.0,996.0,997.49,734.1
2016,5,28,12,45,881.0,147.5,3.05,22.0,984.5,985.97,728.03
2016,5,28,13,0,871.0,153.0,3.2,22.0,973.0,971.14,719.8
2016,5,28,13,15,867.0,152.0,3.3,22.0,956.0,952.75,708.81
2016,5,28,13,30,863.0,151.0,3.4,22.0,939.0,931.12,695.63
2016,5,28,13,45,857.5,149.0,3.5,22.0,915.5,904.12,678.76
2016,5,28,14,0,852.0,147.0,3.6,22.0,892.0,881.89,665.09
2016,5,28,14,15,844.5,145.0,3.65,21.5,862.0,846.7,643.3
2016,5,28,14,30,837.0,143.0,3.7,21.0,832.0,809.0,619.55
2016,5,28,14,45,827.0,140.0,3.8,21.0,796.0,766.15,590.86
2016,5,28,15,0,817.0,137.0,3.9,21.0,760.0,721.4,558.97
2016,5,28,15,15,615.5,203.0,3.9,20.5,658.0,613.89,478.02
2016,5,28,15,30,414.0,269.0,3.9,20.0,556.0,515.37,402.56
2016,5,28,15,45,408.0,250.5,3.9,20.0,517.5,471.73,369.49
2016,5,28,16,0,402.0,232.0,3.9,20.0,479.0,427.8,335.22
2016,5,28,16,15,490.0,185.0,3.85,19.5,461.5,402.13,314.7
2016,5,28,16,30,578.0,138.0,3.8,19.0,444.0,368.92,286.18
2016,5,28,16,45,572.0,124.0,3.8,19.0,401.5,318.56,242.87
2016,5,28,17,0,566.0,110.0,3.8,19.0,359.0,268.16,198.62
2016,5,28,17,15,571.0,100.0,3.7,18.5,323.5,224.06,158.89
2016,5,28,17,30,576.0,90.0,3.6,18.0,288.0,178.89,118.81
2016,5,28,17,45,522.0,81.5,3.5,17.5,238.5,127.45,78.95
2016,5,28,18,0,468.0,73.0,3.4,17.0,189.0,82.5,50.27
2016,5,28,18,15,389.5,62.0,3.2,16.5,144.0,46.89,35.66
2016,5,28,18,30,311.0,51.0,3.0,16.0,99.0,39.14,28.44
2016,5,28,18,45,204.5,36.5,2.9,15.5,63.0,28.35,18.11
2016,5,28,19,0,98.0,22.0,2.8,15.0,27.0,17.26,1.57
2016,5,28,19,15,49.0,11.0,2.75,14.5,13.5,10.01,0.0
2016,5,28,19,30,0.0,0.0,2.7,14.0,0.0,0.0,0.0
2016,5,28,19,45,0.0,0.0,2.65,14.0,0.0,0.0,0.0
2016,5,28,20,0,0.0,0.0,2.6,14.0,0.0,0.0,0.0
2016,5,28,20,15,0.0,0.0,2.6,13.5,0.0,0.0,0.0
2016,5,28,20,30,0.0,0.0,2.6,13.0,0.0,0.0,0.0
2016,5,28,20,45,0.0,0.0,2.65,13.0,0.0,0.0,0.0
2016,5,28,21,0,0.0,0.0,2.7,13.0,0.0,0.0,0.0
2016,5,28,21,15,0.0,0.0,2.7,13.0,0.0,0.0,0.0
2016,5,28,21,30,0.0,0.0,2.7,13.0,0.0,0.0,0.0
2016,5,28,21,45,0.0,0.0,2.75,13.0,0.0,0.0,0.0
2016,5,28,22,0,0.0,0.0,2.8,13.0,0.0,0.0,0.0
2016,5,28,22,15,0.0,0.0,2.8,12.5,0.0,0.0,0.0
2016,5,28,22,30,0.0,0.0,2.8,12.0,0.0,0.0,0.0
2016,5,28,22,45,0.0,0.0,2.8,12.0,0.0,0.0,0.0
2016,5,28,23,0,0.0,0.0,2.8,12.0,0.0,0.0,0.0
2016,5,28,23,15,0.0,0.0,2.7,12.0,0.0,0.0,0.0
2016,5,28,23,30,0.0,0.0,2.6,12.0,0.0,0.0,0.0
2016,5,28,23,45,0.0,0.0,2.55,12.0,0.0,0.0,0.0
2016,5,29,0,0,0.0,0.0,2.5,12.0,0.0,0.0,0.0
2016,5,29,0,15,0.0,0.0,2.45,11.5,0.0,0.0,0.0
2016,5,29,0,30,0.0,0.0,2.4,11.0,0.0,0.0,0.0
2016,5,29,0,45,0.0,0.0,2.35,11.0,0.0,0.0,0.0
2016,5,29,1,0,0.0,0.0,2.3,11.0,0.0,0.0,0.0
2016,5,29,1,15,0.0,0.0,2.25,11.0,0.0,0.0,0.0
2016,5,29,1,30,0.0,0.0,2.2,11.0,0.0,0.0,0.0
2016,5,29,1,45,0.0,0.0,2.2,11.0,0.0,0.0,0.0
2016,5,29,2,0,0.0,0.0,2.2,11.0,0.0,0.0,0.0
2016,5,29,2,15,0.0,0.0,2.15,11.0,0.0,0.0,0.0
2016,5,29,2,30,0.0,0.0,2.1,11.0,0.0,0.0,0.0
2016,5,29,2,45,0.0,0.0,2.1,11.0,0.0,0.0,0.0
2016,5,29,3,0,0.0,0.0,2.1,11.0,0.0,0.0,0.0
2016,5,29,3,15,0.0,0.0,2.05,11.0,0.0,0.0,0.0
2016,5,29,3,30,0.0,0.0,2.0,11.0,0.0,0.0,0.0
2016,5,29,3,45,0.0,0.0,2.0,11.0,0.0,0.0,0.0
2016,5,29,4,0,0.0,0.0,2.0,11.0,0.0,0.0,0.0
2016,5,29,4,15,0.0,0.0,2.0,11.0,0.0,0.0,0.0
2016,5,29,4,30,0.0,0.0,2.0,11.0,0.0,0.0,0.0
2016,5,29,4,45,0.0,0.0,2.05,11.0,0.0,0.0,0.0
2016,5,29,5,0,0.0,0.0,2.1,11.0,0.0,0.0,0.0
2016,5,29,5,15,117.0,19.0,2.1,11.5,31.5,14.87,1.75
2016,5,29,5,30,234.0,38.0,2.1,12.0,63.0,29.55,19.57
2016,5,29,5,45,329.5,49.5,2.1,12.5,105.5,37.99,27.93
2016,5,29,6,0,425.0,61.0,2.1,13.0,148.0,47.64,36.92
2016,5,29,6,15,490.0,69.5,2.0,13.0,196.0,81.88,49.47
2016,5,29,6,30,555.0,78.0,1.9,13.0,244.0,129.58,80.58
2016,5,29,6,45,601.0,84.5,1.8,13.5,295.0,179.93,120.51
2016,5,29,7,0,647.0,91.0,1.7,14.0,346.0,235.45,167.7
2016,5,29,7,15,680.5,96.0,1.65,14.5,397.5,290.79,216.04
2016,5,29,7,30,714.0,101.0,1.6,15.0,449.0,349.2,266.32
2016,5,29,7,45,739.5,105.5,1.55,15.5,499.0,406.63,314.69
2016,5,29,8,0,765.0,110.0,1.5,16.0,549.0,466.92,363.59
2016,5,29,8,15,784.0,113.5,1.55,16.0,596.5,522.45,408.43
2016,5,29,8,30,803.0,117.0,1.6,16.0,644.0,578.19,452.14
2016,5,29,8,45,817.5,120.0,1.7,16.5,687.5,630.57,491.6
2016,5,29,9,0,832.0,123.0,1.8,17.0,731.0,682.15,529.37
2016,5,29,9,15,843.5,125.5,1.85,17.0,770.0,730.02,564.22
2016,5,29,9,30,855.0,128.0,1.9,17.0,809.0,776.28,596.61
2016,5,29,9,45,861.5,131.5,2.0,17.5,841.5,812.22,619.86
2016,5,29,10,0,868.0,135.0,2.1,18.0,874.0,850.37,644.51
2016,5,29,10,15,874.5,136.5,2.15,18.0,901.0,884.0,666.66
2016,5,29,10,30,881.0,138.0,2.2,18.0,928.0,914.82,686.87
2016,5,29,10,45,883.0,140.5,2.3,18.5,947.5,939.52,702.13
2016,5,29,11,0,885.0,143.0,2.4,19.0,967.0,960.93,715.23
2016,5,29,11,15,887.5,144.0,2.45,19.0,980.0,978.04,726.41
2016,5,29,11,30,890.0,145.0,2.5,19.0,993.0,991.73,735.45
2016,5,29,11,45,888.5,147.0,2.55,19.0,997.5,999.07,740.42
2016,5,29,12,0,887.0,149.0,2.6,19.0,1002.0,1002.88,743.25
2016,5,29,12,15,887.0,149.0,2.65,19.0,1000.5,1002.82,743.66
2016,5,29,12,30,887.0,149.0,2.7,19.0,999.0,999.28,741.91
2016,5,29,12,45,878.5,152.5,2.75,19.0,987.5,987.39,734.75
2016,5,29,13,0,870.0,156.0,2.8,19.0,976.0,972.2,725.53
2016,5,29,13,15,866.5,155.0,2.9,19.0,959.5,954.34,714.99
2016,5,29,13,30,863.0,154.0,3.0,19.0,943.0,933.23,702.23
2016,5,29,13,45,859.0,151.5,3.1,19.0,920.0,915.81,691.95
2016,5,29,14,0,855.0,149.0,3.2,19.0,897.0,885.87,672.99
2016,5,29,14,15,847.0,147.0,3.3,19.0,867.0,850.24,649.97
2016,5,29,14,30,839.0,145.0,3.4,19.0,837.0,812.11,624.96
2016,5,29,14,45,831.5,141.0,3.5,19.0,801.5,770.15,596.9
2016,5,29,15,0,824.0,137.0,3.6,19.0,766.0,726.09,565.49
2016,5,29,15,15,810.5,134.0,3.6,18.5,724.5,677.12,530.26
2016,5,29,15,30,797.0,131.0,3.6,18.0,683.0,627.03,493.21
2016,5,29,15,45,782.0,126.5,3.65,18.0,638.0,573.82,451.97
2016,5,29,16,0,767.0,122.0,3.7,18.0,593.0,520.2,409.22
2016,5,29,16,15,601.5,151.5,3.7,17.5,503.0,426.71,335.43
2016,5,29,16,30,436.0,181.0,3.7,17.0,413.0,346.26,271.56
2016,5,29,16,45,428.0,162.5,3.75,17.0,371.0,299.21,231.83
2016,5,29,17,0,420.0,144.0,3.8,17.0,329.0,252.65,191.59
2016,5,29,17,15,502.5,117.0,3.85,16.5,310.5,220.8,159.99
2016,5,29,17,30,585.0,90.0,3.9,16.0,292.0,180.72,120.92
2016,5,29,17,45,530.5,81.5,4.0,16.0,242.5,128.68,80.09
2016,5,29,18,0,476.0,73.0,4.1,16.0,193.0,83.18,50.71
2016,5,29,18,15,397.0,62.5,4.1,15.5,147.5,47.26,36.14
2016,5,29,18,30,318.0,52.0,4.1,15.0,102.0,39.9,29.24
2016,5,29,18,45,207.5,37.5,4.1,14.5,65.5,29.11,18.91
2016,5,29,19,0,97.0,23.0,4.1,14.0,29.0,18.72,3.29
2016,5,29,19,15,48.5,11.5,4.05,13.5,14.5,10.46,0.0
2016,5,29,19,30,0.0,0.0,4.0,13.0,0.0,0.0,0.0
2016,5,29,19,45,0.0,0.0,4.0,13.0,0.0,0.0,0.0
2016,5,29,20,0,0.0,0.0,4.0,13.0,0.0,0.0,0.0
2016,5,29,20,15,0.0,0.0,3.9,12.5,0.0,0.0,0.0
2016,5,29,20,30,0.0,0.0,3.8,12.0,0.0,0.0,0.0
2016,5,29,20,45,0.0,0.0,3.7,12.0,0.0,0.0,0.0
2016,5,29,21,0,0.0,0.0,3.6,12.0,0.0,0.0,0.0
2016,5,29,21,15,0.0,0.0,3.5,12.0,0.0,0.0,0.0
2016,5,29,21,30,0.0,0.0,3.4,12.0,0.0,0.0,0.0
2016,5,29,21,45,0.0,0.0,3.35,12.0,0.0,0.0,0.0
2016,5,29,22,0,0.0,0.0,3.3,12.0,0.0,0.0,0.0
2016,5,29,22,15,0.0,0.0,3.2,11.5,0.0,0.0,0.0
2016,5,29,22,30,0.0,0.0,3.1,11.0,0.0,0.0,0.0
2016,5,29,22,45,0.0,0.0,3.05,11.0,0.0,0.0,0.0
2016,5,29,23,0,0.0,0.0,3.0,11.0,0.0,0.0,0.0
2016,5,29,23,15,0.0,0.0,2.95,11.0,0.0,0.0,0.0
2016,5,29,23,30,0.0,0.0,2.9,11.0,0.0,0.0,0.0
2016,5,29,23,45,0.0,0.0,2.85,11.0,0.0,0.0,0.0
2016,5,30,0,0,0.0,0.0,2.8,11.0,0.0,0.0,0.0
2016,5,30,0,15,0.0,0.0,2.75,11.0,0.0,0.0,0.0
2016,5,30,0,30,0.0,0.0,2.7,11.0,0.0,0.0,0.0
2016,5,30,0,45,0.0,0.0,2.7,11.0,0.0,0.0,0.0
2016,5,30,1,0,0.0,0.0,2.7,11.0,0.0,0.0,0.0
2016,5,30,1,15,0.0,0.0,2.65,11.0,0.0,0.0,0.0
2016,5,30,1,30,0.0,0.0,2.6,11.0,0.0,0.0,0.0
2016,5,30,1,45,0.0,0.0,2.55,11.0,0.0,0.0,0.0
2016,5,30,2,0,0.0,0.0,2.5,11.0,0.0,0.0,0.0
2016,5,30,2,15,0.0,0.0,2.45,10.5,0.0,0.0,0.0
2016,5,30,2,30,0.0,0.0,2.4,10.0,0.0,0.0,0.0
2016,5,30,2,45,0.0,0.0,2.35,10.0,0.0,0.0,0.0
2016,5,30,3,0,0.0,0.0,2.3,10.0,0.0,0.0,0.0
2016,5,30,3,15,0.0,0.0,2.2,10.0,0.0,0.0,0.0
2016,5,30,3,30,0.0,0.0,2.1,10.0,0.0,0.0,0.0
2016,5,30,3,45,0.0,0.0,2.05,10.0,0.0,0.0,0.0
2016,5,30,4,0,0.0,0.0,2.0,10.0,0.0,0.0,0.0
2016,5,30,4,15,0.0,0.0,1.95,10.0,0.0,0.0,0.0
2016,5,30,4,30,0.0,0.0,1.9,10.0,0.0,0.0,0.0
2016,5,30,4,45,0.0,0.0,1.9,10.5,0.0,0.0,0.0
2016,5,30,5,0,0.0,0.0,1.9,11.0,0.0,0.0,0.0
2016,5,30,5,15,128.5,18.5,1.9,11.5,32.5,14.48,1.95
2016,5,30,5,30,257.0,37.0,1.9,12.0,65.0,28.8,18.97
2016,5,30,5,45,354.0,48.0,1.95,12.5,108.0,38.21,28.13
2016,5,30,6,0,451.0,59.0,2.0,13.0,151.0,45.91,35.39
2016,5,30,6,15,514.5,66.5,1.95,13.0,199.5,80.24,47.43
2016,5,30,6,30,578.0,74.0,1.9,13.0,248.0,128.31,78.53
2016,5,30,6,45,362.5,116.5,1.85,13.5,233.0,162.76,116.52
2016,5,30,7,0,147.0,159.0,1.8,14.0,218.0,171.45,133.36
2016,5,30,7,15,212.0,176.0,1.8,14.5,273.0,216.37,168.93
2016,5,30,7,30,277.0,193.0,1.8,15.0,328.0,270.35,212.08
2016,5,30,7,45,533.0,147.0,1.8,15.5,441.0,356.34,278.59
2016,5,30,8,0,789.0,101.0,1.8,16.0,554.0,468.82,366.31
2016,5,30,8,15,807.5,104.0,1.85,16.0,601.5,524.76,411.48
2016,5,30,8,30,826.0,107.0,1.9,16.0,649.0,580.81,455.77
2016,5,30,8,45,840.5,109.5,1.95,16.5,693.0,633.72,495.59
2016,5,30,9,0,855.0,112.0,2.0,17.0,737.0,683.14,531.77
2016,5,30,9,15,865.5,114.5,2.05,17.5,775.5,730.49,565.41
2016,5,30,9,30,876.0,117.0,2.1,18.0,814.0,776.07,595.78
2016,5,30,9,45,883.5,119.0,2.15,18.5,847.5,816.81,621.93
2016,5,30,10,0,891.0,121.0,2.2,19.0,881.0,855.1,646.12
2016,5,30,10,15,897.5,122.5,2.2,19.0,908.0,889.43,668.21
2016,5,30,10,30,904.0,124.0,2.2,19.0,935.0,920.87,688.25
2016,5,30,10,45,908.0,125.0,2.25,19.5,955.0,946.54,703.56
2016,5,30,11,0,912.0,126.0,2.3,20.0,975.0,968.92,716.69
2016,5,30,11,15,914.5,126.5,2.3,20.0,988.0,986.03,727.26
2016,5,30,11,30,917.0,127.0,2.3,20.0,1001.0,999.63,735.63
2016,5,30,11,45,917.5,127.5,2.3,20.0,1006.0,1007.75,740.56
2016,5,30,12,0,918.0,128.0,2.3,20.0,1011.0,1012.28,743.31
2016,5,30,12,15,683.5,266.5,2.3,20.0,923.5,938.89,694.55
2016,5,30,12,30,449.0,405.0,2.3,20.0,836.0,842.63,623.84
2016,5,30,12,45,679.0,267.0,2.35,20.0,911.5,925.99,688.25
2016,5,30,13,0,909.0,129.0,2.4,20.0,987.0,983.04,726.78
2016,5,30,13,15,905.5,128.0,2.45,20.0,970.5,964.57,714.96
2016,5,30,13,30,902.0,127.0,2.5,20.0,954.0,942.73,701.65
2016,5,30,13,45,897.5,125.5,2.6,20.0,930.0,916.24,685.64
2016,5,30,14,0,893.0,124.0,2.7,20.0,906.0,886.62,667.39
2016,5,30,14,15,886.0,122.5,2.8,20.0,876.0,851.98,645.51
2016,5,30,14,30,879.0,121.0,2.9,20.0,846.0,814.68,621.53
2016,5,30,14,45,870.0,118.0,3.0,20.0,810.0,772.01,593.43
2016,5,30,15,0,861.0,115.0,3.1,20.0,774.0,727.23,562.91
2016,5,30,15,15,848.5,113.0,3.1,19.5,732.5,679.19,528.65
2016,5,30,15,30,836.0,111.0,3.1,19.0,691.0,631.81,493.81
2016,5,30,15,45,821.0,107.5,3.15,19.0,646.0,577.84,452.32
2016,5,30,16,0,806.0,104.0,3.2,19.0,601.0,523.37,409.2
2016,5,30,16,15,785.0,100.5,3.15,18.5,552.0,465.88,362.94
2016,5,30,16,30,764.0,97.0,3.1,18.0,503.0,409.08,315.72
2016,5,30,16,45,737.5,92.5,3.1,18.0,452.5,350.42,265.27
2016,5,30,17,0,711.0,88.0,3.1,18.0,402.0,291.34,213.57
2016,5,30,17,15,674.0,83.0,3.0,17.5,350.5,233.57,163.27
2016,5,30,17,30,637.0,78.0,2.9,17.0,299.0,179.54,117.07
2016,5,30,17,45,585.0,71.5,2.85,17.0,249.0,126.48,75.47
2016,5,30,18,0,533.0,65.0,2.8,17.0,199.0,79.53,45.59
2016,5,30,18,15,456.5,56.0,2.7,16.5,153.0,43.3,32.54
2016,5,30,18,30,380.0,47.0,2.6,16.0,107.0,37.36,26.95
2016,5,30,18,45,265.0,35.0,2.55,15.5,69.5,27.24,17.34
2016,5,30,19,0,150.0,23.0,2.5,15.0,32.0,18.08,3.83
2016,5,30,19,15,75.0,11.5,2.5,14.5,16.0,10.46,0.0
2016,5,30,19,30,0.0,0.0,2.5,14.0,0.0,0.0,0.0
2016,5,30,19,45,0.0,0.0,2.5,14.0,0.0,0.0,0.0
2016,5,30,20,0,0.0,0.0,2.5,14.0,0.0,0.0,0.0
2016,5,30,20,15,0.0,0.0,2.45,13.5,0.0,0.0,0.0
2016,5,30,20,30,0.0,0.0,2.4,13.0,0.0,0.0,0.0
2016,5,30,20,45,0.0,0.0,2.35,13.0,0.0,0.0,0.0
2016,5,30,21,0,0.0,0.0,2.3,13.0,0.0,0.0,0.0
2016,5,30,21,15,0.0,0.0,2.3,13.0,0.0,0.0,0.0
2016,5,30,21,30,0.0,0.0,2.3,13.0,0.0,0.0,0.0
2016,5,30,21,45,0.0,0.0,2.3,13.0,0.0,0.0,0.0
2016,5,30,22,0,0.0,0.0,2.3,13.0,0.0,0.0,0.0
2016,5,30,22,15,0.0,0.0,2.3,12.5,0.0,0.0,0.0
2016,5,30,22,30,0.0,0.0,2.3,12.0,0.0,0.0,0.0
2016,5,30,22,45,0.0,0.0,2.35,12.0,0.0,0.0,0.0
2016,5,30,23,0,0.0,0.0,2.4,12.0,0.0,0.0,0.0
2016,5,30,23,15,0.0,0.0,2.4,12.0,0.0,0.0,0.0
2016,5,30,23,30,0.0,0.0,2.4,12.0,0.0,0.0,0.0
2016,5,30,23,45,0.0,0.0,2.45,12.0,0.0,0.0,0.0
2016,5,31,0,0,0.0,0.0,2.5,12.0,0.0,0.0,0.0
2016,5,31,0,15,0.0,0.0,2.45,12.0,0.0,0.0,0.0
2016,5,31,0,30,0.0,0.0,2.4,12.0,0.0,0.0,0.0
2016,5,31,0,45,0.0,0.0,2.4,12.0,0.0,0.0,0.0
2016,5,31,1,0,0.0,0.0,2.4,12.0,0.0,0.0,0.0
2016,5,31,1,15,0.0,0.0,2.35,11.5,0.0,0.0,0.0
2016,5,31,1,30,0.0,0.0,2.3,11.0,0.0,0.0,0.0
2016,5,31,1,45,0.0,0.0,2.25,11.0,0.0,0.0,0.0
2016,5,31,2,0,0.0,0.0,2.2,11.0,0.0,0.0,0.0
2016,5,31,2,15,0.0,0.0,2.15,11.0,0.0,0.0,0.0
2016,5,31,2,30,0.0,0.0,2.1,11.0,0.0,0.0,0.0
2016,5,31,2,45,0.0,0.0,2.05,11.0,0.0,0.0,0.0
2016,5,31,3,0,0.0,0.0,2.0,11.0,0.0,0.0,0.0
2016,5,31,3,15,0.0,0.0,2.0,11.0,0.0,0.0,0.0
2016,5,31,3,30,0.0,0.0,2.0,11.0,0.0,0.0,0.0
2016,5,31,3,45,0.0,0.0,2.0,11.0,0.0,0.0,0.0
2016,5,31,4,0,0.0,0.0,2.0,11.0,0.0,0.0,0.0
2016,5,31,4,15,0.0,0.0,2.0,11.0,0.0,0.0,0.0
2016,5,31,4,30,0.0,0.0,2.0,11.0,0.0,0.0,0.0
2016,5,31,4,45,0.0,0.0,2.0,11.5,0.0,0.0,0.0
2016,5,31,5,0,0.0,0.0,2.0,12.0,0.0,0.0,0.0
2016,5,31,5,15,136.0,18.5,2.05,12.0,33.5,14.49,2.26
2016,5,31,5,30,272.0,37.0,2.1,12.0,67.0,28.81,19.02
2016,5,31,5,45,364.5,47.5,2.15,12.5,109.5,37.74,27.73
2016,5,31,6,0,457.0,58.0,2.2,13.0,152.0,45.01,34.6
2016,5,31,6,15,520.5,66.0,2.1,13.5,201.0,79.75,46.85
2016,5,31,6,30,584.0,74.0,2.0,14.0,250.0,128.55,78.2
2016,5,31,6,45,628.5,79.5,1.9,14.5,301.0,179.35,118.36
2016,5,31,7,0,673.0,85.0,1.8,15.0,352.0,235.08,165.76
2016,5,31,7,15,456.0,142.0,1.75,15.5,334.0,261.58,197.83
2016,5,31,7,30,239.0,199.0,1.7,16.0,316.0,261.72,204.74
2016,5,31,7,45,514.0,150.0,1.7,16.5,436.0,350.66,273.09
2016,5,31,8,0,789.0,101.0,1.7,17.0,556.0,468.03,363.95
2016,5,31,8,15,808.0,104.5,1.75,17.0,603.5,524.66,409.36
2016,5,31,8,30,827.0,108.0,1.8,17.0,651.0,581.47,453.95
2016,5,31,8,45,842.0,110.0,1.85,17.5,695.0,634.23,493.44
2016,5,31,9,0,857.0,112.0,1.9,18.0,739.0,683.55,529.37
2016,5,31,9,15,868.0,114.5,1.9,18.5,778.0,731.32,562.75
2016,5,31,9,30,879.0,117.0,1.9,19.0,817.0,777.36,592.83
2016,5,31,9,45,890.0,117.0,1.95,19.5,851.5,819.05,619.39
2016,5,31,10,0,901.0,117.0,2.0,20.0,886.0,858.52,644.16
2016,5,31,10,15,907.5,118.5,2.0,20.0,913.0,893.15,666.19
2016,5,31,10,30,914.0,120.0,2.0,20.0,940.0,924.87,686.19
2016,5,31,10,45,918.5,121.0,2.05,20.5,960.5,951.24,701.81
2016,5,31,11,0,923.0,122.0,2.1,21.0,981.0,974.3,715.26
2016,5,31,11,15,925.5,122.5,2.1,21.0,994.5,991.61,725.81
2016,5,31,11,30,928.0,123.0,2.1,21.0,1008.0,1005.36,734.19
2016,5,31,11,45,929.5,123.0,2.1,21.0,1014.0,1014.09,739.44
2016,5,31,12,0,931.0,123.0,2.1,21.0,1020.0,1019.19,742.51
2016,5,31,12,15,931.0,123.0,2.15,21.0,1018.5,1019.2,743.06
2016,5,31,12,30,931.0,123.0,2.2,21.0,1017.0,1015.55,741.41
2016,5,31,12,45,933.5,120.0,2.25,21.5,1009.0,1007.77,735.8
2016,5,31,13,0,936.0,117.0,2.3,22.0,1001.0,996.26,727.9
2016,5,31,13,15,933.0,116.5,2.4,22.0,984.5,978.34,717.85
2016,5,31,13,30,930.0,116.0,2.5,22.0,968.0,956.92,705.49
2016,5,31,13,45,924.5,115.0,2.6,22.0,944.0,929.42,689.03
2016,5,31,14,0,919.0,114.0,2.7,22.0,920.0,898.76,670.33
2016,5,31,14,15,912.5,113.0,2.8,22.0,890.0,864.28,648.83
2016,5,31,14,30,906.0,112.0,2.9,22.0,860.0,827.03,625.18
2016,5,31,14,45,896.5,110.5,3.0,22.0,824.0,784.47,597.51
2016,5,31,15,0,887.0,109.0,3.1,22.0,788.0,739.77,567.69
2016,5,31,15,15,875.5,106.5,3.15,21.5,746.5,690.89,533.41
2016,5,31,15,30,864.0,104.0,3.2,21.0,705.0,640.52,496.95
2016,5,31,15,45,848.0,101.5,3.25,21.0,659.0,587.4,456.31
2016,5,31,16,0,832.0,99.0,3.3,21.0,613.0,532.11,412.82
2016,5,31,16,15,812.0,96.0,3.25,20.5,564.0,474.28,366.58
2016,5,31,16,30,792.0,93.0,3.2,20.0,515.0,416.98,319.22
2016,5,31,16,45,765.5,89.0,3.2,20.0,463.5,357.28,268.19
2016,5,31,17,0,739.0,85.0,3.2,20.0,412.0,299.45,217.67
2016,5,31,17,15,702.5,80.0,3.15,19.5,360.0,237.92,164.58
2016,5,31,17,30,666.0,75.0,3.1,19.0,308.0,182.34,117.28
2016,5,31,17,45,614.5,69.0,3.05,18.5,257.0,128.06,75.05
2016,5,31,18,0,563.0,63.0,3.0,18.0,206.0,79.78,44.58
2016,5,31,18,15,486.5,55.0,2.95,17.5,159.0,42.46,31.68
2016,5,31,18,30,410.0,47.0,2.9,17.0,112.0,37.36,26.85
2016,5,31,18,45,291.0,35.5,2.85,16.5,73.5,28.75,18.59
2016,5,31,19,0,172.0,24.0,2.8,16.0,35.0,18.89,4.98
2016,5,31,19,15,86.0,12.0,2.75,15.5,17.5,10.91,0.0
2016,5,31,19,30,0.0,0.0,2.7,15.0,0.0,0.0,0.0
2016,5,31,19,45,0.0,0.0,2.65,15.0,0.0,0.0,0.0
2016,5,31,20,0,0.0,0.0,2.6,15.0,0.0,0.0,0.0
2016,5,31,20,15,0.0,0.0,2.55,14.5,0.0,0.0,0.0
2016,5,31,20,30,0.0,0.0,2.5,14.0,0.0,0.0,0.0
2016,5,31,20,45,0.0,0.0,2.45,14.0,0.0,0.0,0.0
2016,5,31,21,0,0.0,0.0,2.4,14.0,0.0,0.0,0.0
2016,5,31,21,15,0.0,0.0,2.4,13.5,0.0,0.0,0.0
2016,5,31,21,30,0.0,0.0,2.4,13.0,0.0,0.0,0.0
2016,5,31,21,45,0.0,0.0,2.4,13.0,0.0,0.0,0.0
2016,5,31,22,0,0.0,0.0,2.4,13.0,0.0,0.0,0.0
2016,5,31,22,15,0.0,0.0,2.35,13.0,0.0,0.0,0.0
2016,5,31,22,30,0.0,0.0,2.3,13.0,0.0,0.0,0.0
2016,5,31,22,45,0.0,0.0,2.3,13.0,0.0,0.0,0.0
2016,5,31,23,0,0.0,0.0,2.3,13.0,0.0,0.0,0.0
2016,5,31,23,15,0.0,0.0,2.25,13.0,0.0,0.0,0.0
2016,5,31,23,30,0.0,0.0,2.2,13.0,0.0,0.0,0.0
2016,5,31,23,45,0.0,0.0,2.2,13.0,0.0,0.0,0.0
2016,6,1,0,0,0.0,0.0,2.2,13.0,0.0,0.0,0.0
2016,6,1,0,15,0.0,0.0,2.15,12.5,0.0,0.0,0.0
2016,6,1,0,30,0.0,0.0,2.1,12.0,0.0,0.0,0.0
2016,6,1,0,45,0.0,0.0,2.05,12.0,0.0,0.0,0.0
2016,6,1,1,0,0.0,0.0,2.0,12.0,0.0,0.0,0.0
2016,6,1,1,15,0.0,0.0,2.0,12.0,0.0,0.0,0.0
2016,6,1,1,30,0.0,0.0,2.0,12.0,0.0,0.0,0.0
2016,6,1,1,45,0.0,0.0,2.0,12.0,0.0,0.0,0.0
2016,6,1,2,0,0.0,0.0,2.0,12.0,0.0,0.0,0.0
2016,6,1,2,15,0.0,0.0,2.05,12.0,0.0,0.0,0.0
2016,6,1,2,30,0.0,0.0,2.1,12.0,0.0,0.0,0.0
2016,6,1,2,45,0.0,0.0,2.15,12.0,0.0,0.0,0.0
2016,6,1,3,0,0.0,0.0,2.2,12.0,0.0,0.0,0.0
2016,6,1,3,15,0.0,0.0,2.25,11.5,0.0,0.0,0.0
2016,6,1,3,30,0.0,0.0,2.3,11.0,0.0,0.0,0.0
2016,6,1,3,45,0.0,0.0,2.4,11.0,0.0,0.0,0.0
2016,6,1,4,0,0.0,0.0,2.5,11.0,0.0,0.0,0.0
2016,6,1,4,15,0.0,0.0,2.55,11.0,0.0,0.0,0.0
2016,6,1,4,30,0.0,0.0,2.6,11.0,0.0,0.0,0.0
2016,6,1,4,45,15.5,4.5,2.7,11.5,5.0,0.0,0.0
2016,6,1,5,0,31.0,9.0,2.8,12.0,10.0,8.19,0.0
2016,6,1,5,15,161.0,23.0,2.9,12.5,40.0,18.08,4.54
2016,6,1,5,30,291.0,37.0,3.0,13.0,70.0,30.18,20.1
2016,6,1,5,45,383.0,48.0,3.15,13.5,113.5,38.2,28.01
2016,6,1,6,0,475.0,59.0,3.3,14.0,157.0,45.92,35.25
2016,6,1,6,15,538.5,66.5,3.2,14.0,206.5,80.74,47.19
2016,6,1,6,30,602.0,74.0,3.1,14.0,256.0,130.13,78.86
2016,6,1,6,45,375.5,117.0,3.05,14.5,237.5,164.73,117.34
2016,6,1,7,0,149.0,160.0,3.0,15.0,219.0,172.35,133.79
2016,6,1,7,15,194.0,179.5,2.9,15.0,267.5,213.45,167.14
2016,6,1,7,30,239.0,199.0,2.8,15.0,316.0,261.38,206.22
2016,6,1,7,45,524.0,150.0,2.75,15.5,441.5,354.17,278.18
2016,6,1,8,0,809.0,101.0,2.7,16.0,567.0,476.5,374.18
2016,6,1,8,15,827.5,104.0,2.65,16.0,615.0,533.42,420.42
2016,6,1,8,30,846.0,107.0,2.6,16.0,663.0,590.42,465.59
2016,6,1,8,45,861.0,109.5,2.6,16.5,707.5,644.54,506.52
2016,6,1,9,0,876.0,112.0,2.6,17.0,752.0,695.23,543.72
2016,6,1,9,15,886.5,114.0,2.55,17.0,792.0,742.98,578.46
2016,6,1,9,30,897.0,116.0,2.5,17.0,832.0,788.9,609.77
2016,6,1,9,45,907.5,116.5,2.5,17.5,866.0,831.34,636.93
2016,6,1,10,0,918.0,117.0,2.5,18.0,900.0,871.46,662.12
2016,6,1,10,15,924.0,118.5,2.5,18.0,928.0,906.19,684.61
2016,6,1,10,30,930.0,120.0,2.5,18.0,956.0,937.93,704.97
2016,6,1,10,45,932.5,122.0,2.5,18.5,976.0,963.83,720.01
2016,6,1,11,0,935.0,124.0,2.5,19.0,996.0,986.3,732.73
2016,6,1,11,15,937.5,125.0,2.5,19.0,1009.5,1004.28,743.91
2016,6,1,11,30,940.0,126.0,2.5,19.0,1023.0,1018.67,752.83
2016,6,1,11,45,939.0,128.0,2.55,19.0,1028.0,1027.03,758.44
2016,6,1,12,0,938.0,130.0,2.6,19.0,1033.0,1031.67,761.8
2016,6,1,12,15,600.0,302.0,2.65,19.0,879.5,890.34,665.46
2016,6,1,12,30,262.0,474.0,2.7,19.0,726.0,720.95,540.36
2016,6,1,12,45,365.5,433.5,2.8,19.0,781.5,776.9,584.38
2016,6,1,13,0,469.0,393.0,2.9,19.0,837.0,837.8,629.47
2016,6,1,13,15,535.0,355.0,2.95,19.0,852.5,853.97,642.62
2016,6,1,13,30,601.0,317.0,3.0,19.0,868.0,865.17,652.69
2016,6,1,13,45,745.0,229.0,3.05,19.0,894.5,893.94,677.08
2016,6,1,14,0,889.0,141.0,3.1,19.0,921.0,898.3,680.96
2016,6,1,14,15,719.0,215.0,3.1,19.0,832.0,813.1,621.55
2016,6,1,14,30,549.0,289.0,3.1,19.0,743.0,720.09,552.7
2016,6,1,14,45,505.0,286.5,3.1,19.0,690.5,661.74,510.92
2016,6,1,15,0,461.0,284.0,3.1,19.0,638.0,605.02,469.38
2016,6,1,15,15,366.5,296.5,3.05,18.5,568.5,524.7,409.54
2016,6,1,15,30,272.0,309.0,3.0,18.0,499.0,458.15,359.03
2016,6,1,15,45,267.0,287.5,2.95,18.0,464.0,419.65,329.83
2016,6,1,16,0,262.0,266.0,2.9,18.0,429.0,381.15,299.98
2016,6,1,16,15,155.0,239.5,2.85,17.5,334.0,287.95,227.45
2016,6,1,16,30,48.0,213.0,2.8,17.0,239.0,207.71,164.62
2016,6,1,16,45,43.5,193.5,2.75,17.0,215.5,184.82,146.5
2016,6,1,17,0,39.0,174.0,2.7,17.0,192.0,162.54,128.57
2016,6,1,17,15,330.5,131.0,2.65,16.5,249.0,192.61,143.06
2016,6,1,17,30,622.0,88.0,2.6,16.0,306.0,186.39,123.84
2016,6,1,17,45,572.0,80.0,2.6,16.0,255.5,133.1,81.75
2016,6,1,18,0,522.0,72.0,2.6,16.0,205.0,85.73,51.03
2016,6,1,18,15,444.0,62.0,2.55,15.5,158.0,48.34,37.15
2016,6,1,18,30,366.0,52.0,2.5,15.0,111.0,41.71,30.92
2016,6,1,18,45,255.0,38.5,2.5,14.5,73.0,29.91,19.82
2016,6,1,19,0,144.0,25.0,2.5,14.0,35.0,19.63,6.17
2016,6,1,19,15,72.0,12.5,2.45,13.5,17.5,11.37,0.0
2016,6,1,19,30,0.0,0.0,2.4,13.0,0.0,0.0,0.0
2016,6,1,19,45,0.0,0.0,2.35,13.0,0.0,0.0,0.0
2016,6,1,20,0,0.0,0.0,2.3,13.0,0.0,0.0,0.0
2016,6,1,20,15,0.0,0.0,2.25,12.5,0.0,0.0,0.0
2016,6,1,20,30,0.0,0.0,2.2,12.0,0.0,0.0,0.0
2016,6,1,20,45,0.0,0.0,2.2,12.0,0.0,0.0,0.0
2016,6,1,21,0,0.0,0.0,2.2,12.0,0.0,0.0,0.0
2016,6,1,21,15,0.0,0.0,2.2,12.0,0.0,0.0,0.0
2016,6,1,21,30,0.0,0.0,2.2,12.0,0.0,0.0,0.0
2016,6,1,21,45,0.0,0.0,2.25,12.0,0.0,0.0,0.0
2016,6,1,22,0,0.0,0.0,2.3,12.0,0.0,0.0,0.0
2016,6,1,22,15,0.0,0.0,2.25,12.0,0.0,0.0,0.0
2016,6,1,22,30,0.0,0.0,2.2,12.0,0.0,0.0,0.0
2016,6,1,22,45,0.0,0.0,2.2,12.0,0.0,0.0,0.0
2016,6,1,23,0,0.0,0.0,2.2,12.0,0.0,0.0,0.0
2016,6,1,23,15,0.0,0.0,2.15,11.5,0.0,0.0,0.0
2016,6,1,23,30,0.0,0.0,2.1,11.0,0.0,0.0,0.0
2016,6,1,23,45,0.0,0.0,2.1,11.0,0.0,0.0,0.0
2016,6,2,0,0,0.0,0.0,2.1,11.0,0.0,0.0,0.0
2016,6,2,0,15,0.0,0.0,2.1,11.0,0.0,0.0,0.0
2016,6,2,0,30,0.0,0.0,2.1,11.0,0.0,0.0,0.0
2016,6,2,0,45,0.0,0.0,2.1,11.0,0.0,0.0,0.0
2016,6,2,1,0,0.0,0.0,2.1,11.0,0.0,0.0,0.0
2016,6,2,1,15,0.0,0.0,2.1,11.0,0.0,0.0,0.0
2016,6,2,1,30,0.0,0.0,2.1,11.0,0.0,0.0,0.0
2016,6,2,1,45,0.0,0.0,2.15,11.0,0.0,0.0,0.0
2016,6,2,2,0,0.0,0.0,2.2,11.0,0.0,0.0,0.0
2016,6,2,2,15,0.0,0.0,2.2,10.5,0.0,0.0,0.0
2016,6,2,2,30,0.0,0.0,2.2,10.0,0.0,0.0,0.0
2016,6,2,2,45,0.0,0.0,2.25,10.0,0.0,0.0,0.0
2016,6,2,3,0,0.0,0.0,2.3,10.0,0.0,0.0,0.0
2016,6,2,3,15,0.0,0.0,2.25,10.0,0.0,0.0,0.0
2016,6,2,3,30,0.0,0.0,2.2,10.0,0.0,0.0,0.0
2016,6,2,3,45,0.0,0.0,2.2,10.0,0.0,0.0,0.0
2016,6,2,4,0,0.0,0.0,2.2,10.0,0.0,0.0,0.0
2016,6,2,4,15,0.0,0.0,2.15,10.0,0.0,0.0,0.0
2016,6,2,4,30,0.0,0.0,2.1,10.0,0.0,0.0,0.0
2016,6,2,4,45,18.0,4.5,2.1,10.5,5.0,0.0,0.0
2016,6,2,5,0,36.0,9.0,2.1,11.0,10.0,8.19,0.0
2016,6,2,5,15,169.0,23.0,2.1,11.5,40.5,18.08,4.88
2016,6,2,5,30,302.0,37.0,2.1,12.0,71.0,30.16,20.23
2016,6,2,5,45,398.5,47.0,2.15,12.5,115.5,37.31,27.37
2016,6,2,6,0,495.0,57.0,2.2,13.0,160.0,44.21,33.89
2016,6,2,6,15,558.0,64.0,2.15,13.0,210.0,79.19,45.61
2016,6,2,6,30,621.0,71.0,2.1,13.0,260.0,129.19,77.5
2016,6,2,6,45,310.5,95.5,2.05,13.5,190.0,135.25,95.8
2016,6,2,7,0,0.0,120.0,2.0,14.0,120.0,104.57,83.2
2016,6,2,7,15,18.5,154.0,1.9,14.5,163.0,139.53,111.37
2016,6,2,7,30,37.0,188.0,1.8,15.0,206.0,177.67,141.75
2016,6,2,7,45,79.0,220.5,1.75,15.5,264.5,226.56,180.21
2016,6,2,8,0,121.0,253.0,1.7,16.0,323.0,283.39,224.56
2016,6,2,8,15,91.5,267.0,1.65,16.0,322.5,285.94,226.18
2016,6,2,8,30,62.0,281.0,1.6,16.0,322.0,288.08,227.29
2016,6,2,8,45,104.0,312.0,1.55,16.5,386.0,346.57,272.08
2016,6,2,9,0,146.0,343.0,1.5,17.0,450.0,414.73,322.92
2016,6,2,9,15,91.5,334.5,1.5,17.5,403.0,370.7,287.62
2016,6,2,9,30,37.0,326.0,1.5,18.0,356.0,327.13,252.83
2016,6,2,9,45,472.5,225.0,1.5,18.5,627.0,598.32,462.72
2016,6,2,10,0,908.0,124.0,1.5,19.0,898.0,868.97,650.86
2016,6,2,10,15,913.5,125.0,1.45,19.0,925.5,902.5,668.43
2016,6,2,10,30,919.0,126.0,1.4,19.0,953.0,933.04,686.58
2016,6,2,10,45,645.0,270.0,1.4,19.5,856.5,860.2,634.6
2016,6,2,11,0,371.0,414.0,1.4,20.0,760.0,749.7,552.77
2016,6,2,11,15,651.5,272.0,1.4,20.5,890.0,893.64,655.94
2016,6,2,11,30,932.0,130.0,1.4,21.0,1020.0,1014.01,731.19
2016,6,2,11,45,933.0,130.0,1.45,21.5,1025.5,1022.35,734.05
2016,6,2,12,0,934.0,130.0,1.5,22.0,1031.0,1027.05,736.17
2016,6,2,12,15,933.5,130.0,1.55,22.0,1028.5,1026.66,736.65
2016,6,2,12,30,933.0,130.0,1.6,22.0,1026.0,1022.62,734.99
2016,6,2,12,45,938.0,124.5,1.65,22.0,1018.5,1014.96,731.17
2016,6,2,13,0,943.0,119.0,1.7,22.0,1011.0,1003.49,725.03
2016,6,2,13,15,694.5,247.0,1.8,22.0,898.0,898.79,658.86
2016,6,2,13,30,446.0,375.0,1.9,22.0,785.0,779.71,575.16
2016,6,2,13,45,686.0,245.0,2.05,22.5,857.0,856.97,635.12
2016,6,2,14,0,926.0,115.0,2.2,23.0,929.0,904.94,668.23
2016,6,2,14,15,919.0,113.5,2.3,22.5,898.5,869.49,647.12
2016,6,2,14,30,912.0,112.0,2.4,22.0,868.0,831.27,624.54
2016,6,2,14,45,902.5,110.5,2.5,22.0,831.0,788.63,597.28
2016,6,2,15,0,893.0,109.0,2.6,22.0,794.0,743.82,567.85
2016,6,2,15,15,881.0,106.5,2.65,22.0,752.5,694.47,532.61
2016,6,2,15,30,869.0,104.0,2.7,22.0,711.0,643.67,495.34
2016,6,2,15,45,853.0,101.5,2.8,22.0,664.5,590.41,455.28
2016,6,2,16,0,837.0,99.0,2.9,22.0,618.0,534.98,412.31
2016,6,2,16,15,817.0,96.0,2.9,21.5,569.0,477.0,366.47
2016,6,2,16,30,797.0,93.0,2.9,21.0,520.0,419.53,319.43
2016,6,2,16,45,770.5,89.0,2.95,20.5,468.5,359.64,269.17
2016,6,2,17,0,744.0,85.0,3.0,20.0,417.0,301.61,219.15
2016,6,2,17,15,708.5,80.0,2.95,19.5,365.0,240.08,166.07
2016,6,2,17,30,673.0,75.0,2.9,19.0,313.0,184.36,118.62
2016,6,2,17,45,623.0,69.0,2.85,18.5,262.0,129.86,76.08
2016,6,2,18,0,573.0,63.0,2.8,18.0,211.0,81.15,45.09
2016,6,2,18,15,498.5,55.0,2.7,17.5,163.5,42.36,31.61
2016,6,2,18,30,424.0,47.0,2.6,17.0,116.0,37.23,26.79
2016,6,2,18,45,309.5,35.5,2.55,16.5,76.5,28.63,18.6
2016,6,2,19,0,195.0,24.0,2.5,16.0,37.0,19.68,6.68
2016,6,2,19,15,97.5,12.0,2.4,15.5,18.5,10.91,0.0
2016,6,2,19,30,0.0,0.0,2.3,15.0,0.0,0.0,0.0
2016,6,2,19,45,0.0,0.0,2.25,15.0,0.0,0.0,0.0
2016,6,2,20,0,0.0,0.0,2.2,15.0,0.0,0.0,0.0
2016,6,2,20,15,0.0,0.0,2.2,14.5,0.0,0.0,0.0
2016,6,2,20,30,0.0,0.0,2.2,14.0,0.0,0.0,0.0
2016,6,2,20,45,0.0,0.0,2.2,14.0,0.0,0.0,0.0
2016,6,2,21,0,0.0,0.0,2.2,14.0,0.0,0.0,0.0
2016,6,2,21,15,0.0,0.0,2.25,14.0,0.0,0.0,0.0
2016,6,2,21,30,0.0,0.0,2.3,14.0,0.0,0.0,0.0
2016,6,2,21,45,0.0,0.0,2.35,14.0,0.0,0.0,0.0
2016,6,2,22,0,0.0,0.0,2.4,14.0,0.0,0.0,0.0
2016,6,2,22,15,0.0,0.0,2.4,13.5,0.0,0.0,0.0
2016,6,2,22,30,0.0,0.0,2.4,13.0,0.0,0.0,0.0
2016,6,2,22,45,0.0,0.0,2.45,13.0,0.0,0.0,0.0
2016,6,2,23,0,0.0,0.0,2.5,13.0,0.0,0.0,0.0
2016,6,2,23,15,0.0,0.0,2.45,13.0,0.0,0.0,0.0
2016,6,2,23,30,0.0,0.0,2.4,13.0,0.0,0.0,0.0
2016,6,2,23,45,0.0,0.0,2.4,13.0,0.0,0.0,0.0
2016,6,3,0,0,0.0,0.0,2.4,13.0,0.0,0.0,0.0
2016,6,3,0,15,0.0,0.0,2.35,13.0,0.0,0.0,0.0
2016,6,3,0,30,0.0,0.0,2.3,13.0,0.0,0.0,0.0
2016,6,3,0,45,0.0,0.0,2.25,13.0,0.0,0.0,0.0
2016,6,3,1,0,0.0,0.0,2.2,13.0,0.0,0.0,0.0
2016,6,3,1,15,0.0,0.0,2.1,12.5,0.0,0.0,0.0
2016,6,3,1,30,0.0,0.0,2.0,12.0,0.0,0.0,0.0
2016,6,3,1,45,0.0,0.0,1.9,12.0,0.0,0.0,0.0
2016,6,3,2,0,0.0,0.0,1.8,12.0,0.0,0.0,0.0
2016,6,3,2,15,0.0,0.0,1.7,12.0,0.0,0.0,0.0
2016,6,3,2,30,0.0,0.0,1.6,12.0,0.0,0.0,0.0
2016,6,3,2,45,0.0,0.0,1.55,12.0,0.0,0.0,0.0
2016,6,3,3,0,0.0,0.0,1.5,12.0,0.0,0.0,0.0
2016,6,3,3,15,0.0,0.0,1.45,12.0,0.0,0.0,0.0
2016,6,3,3,30,0.0,0.0,1.4,12.0,0.0,0.0,0.0
2016,6,3,3,45,0.0,0.0,1.4,12.0,0.0,0.0,0.0
2016,6,3,4,0,0.0,0.0,1.4,12.0,0.0,0.0,0.0
2016,6,3,4,15,0.0,0.0,1.35,12.0,0.0,0.0,0.0
2016,6,3,4,30,0.0,0.0,1.3,12.0,0.0,0.0,0.0
2016,6,3,4,45,24.0,4.5,1.3,12.5,5.0,0.0,0.0
2016,6,3,5,0,48.0,9.0,1.3,13.0,10.0,8.19,0.0
2016,6,3,5,15,181.0,22.5,1.25,13.5,40.5,17.69,4.83
2016,6,3,5,30,314.0,36.0,1.2,14.0,71.0,29.22,19.29
2016,6,3,5,45,405.0,45.5,1.2,14.5,114.5,35.95,25.98
2016,6,3,6,0,496.0,55.0,1.2,15.0,158.0,42.46,32.09
2016,6,3,6,15,557.0,62.0,1.1,15.0,207.0,76.98,43.54
2016,6,3,6,30,618.0,69.0,1.0,15.0,256.0,126.61,74.77
2016,6,3,6,45,660.0,74.5,0.9,15.5,307.5,178.79,115.58
2016,6,3,7,0,702.0,80.0,0.8,16.0,359.0,235.56,163.32
2016,6,3,7,15,732.5,84.0,0.8,16.5,410.5,294.25,213.85
2016,6,3,7,30,763.0,88.0,0.8,17.0,462.0,352.94,263.76
2016,6,3,7,45,787.0,91.5,0.8,17.5,512.0,410.87,311.86
2016,6,3,8,0,811.0,95.0,0.8,18.0,562.0,470.09,359.25
2016,6,3,8,15,828.0,98.0,0.8,18.5,609.5,526.21,402.63
2016,6,3,8,30,845.0,101.0,0.8,19.0,657.0,582.26,444.31
2016,6,3,8,45,858.0,103.5,0.85,20.0,700.5,633.41,480.62
2016,6,3,9,0,871.0,106.0,0.9,21.0,744.0,684.45,515.55
2016,6,3,9,15,881.0,107.5,0.9,21.5,782.5,731.1,546.76
2016,6,3,9,30,891.0,109.0,0.9,22.0,821.0,775.91,574.51
2016,6,3,9,45,905.5,107.0,0.95,23.0,856.0,818.81,599.75
2016,6,3,10,0,920.0,105.0,1.0,24.0,891.0,859.69,623.25
2016,6,3,10,15,748.5,211.5,1.05,24.0,864.0,856.06,620.26
2016,6,3,10,30,577.0,318.0,1.1,24.0,837.0,827.13,597.42
2016,6,3,10,45,756.5,214.0,1.2,24.5,910.5,906.35,652.65
2016,6,3,11,0,936.0,110.0,1.3,25.0,984.0,972.06,692.84
2016,6,3,11,15,938.5,110.5,1.45,25.0,997.0,989.66,704.9
2016,6,3,11,30,941.0,111.0,1.6,25.0,1010.0,1003.67,715.33
2016,6,3,11,45,940.5,112.0,1.75,25.0,1015.5,1011.66,722.05
2016,6,3,12,0,940.0,113.0,1.9,25.0,1021.0,1015.96,726.54
2016,6,3,12,15,940.0,113.0,2.05,25.0,1019.0,1016.09,728.45
2016,6,3,12,30,940.0,113.0,2.2,25.0,1017.0,1012.55,728.07
2016,6,3,12,45,927.0,120.0,2.35,25.0,1004.5,999.69,721.76
2016,6,3,13,0,914.0,127.0,2.5,25.0,992.0,983.41,713.25
2016,6,3,13,15,911.0,126.0,2.6,25.0,976.0,965.56,703.19
2016,6,3,13,30,908.0,125.0,2.7,25.0,960.0,944.29,690.86
2016,6,3,13,45,903.0,123.5,2.85,25.0,936.5,917.47,675.17
2016,6,3,14,0,898.0,122.0,3.0,25.0,913.0,887.53,657.23
2016,6,3,14,15,891.0,120.5,3.05,25.0,883.0,853.0,635.33
2016,6,3,14,30,884.0,119.0,3.1,25.0,853.0,815.79,611.42
2016,6,3,14,45,710.0,189.0,3.15,25.0,762.0,726.28,548.54
2016,6,3,15,0,536.0,259.0,3.2,25.0,671.0,634.82,481.18
2016,6,3,15,15,689.0,184.5,3.2,24.5,685.0,644.68,492.02
2016,6,3,15,30,842.0,110.0,3.2,24.0,699.0,634.58,486.89
2016,6,3,15,45,826.5,107.0,3.25,24.0,653.5,580.77,446.05
2016,6,3,16,0,811.0,104.0,3.3,24.0,608.0,526.48,403.85
2016,6,3,16,15,791.0,100.5,3.25,23.5,559.5,469.41,358.8
2016,6,3,16,30,771.0,97.0,3.2,23.0,511.0,412.9,312.71
2016,6,3,16,45,744.0,93.0,3.2,23.0,460.5,354.3,263.27
2016,6,3,17,0,717.0,89.0,3.2,23.0,410.0,295.28,212.59
2016,6,3,17,15,681.0,84.0,3.1,22.5,358.5,237.5,163.19
2016,6,3,17,30,645.0,79.0,3.0,22.0,307.0,183.31,117.61
2016,6,3,17,45,595.5,72.0,2.95,21.5,257.0,129.65,76.15
2016,6,3,18,0,546.0,65.0,2.9,21.0,207.0,81.76,45.71
2016,6,3,18,15,472.5,56.5,2.7,20.0,160.5,43.47,32.25
2016,6,3,18,30,399.0,48.0,2.5,19.0,114.0,37.97,27.21
2016,6,3,18,45,290.0,36.5,2.35,18.5,75.5,29.43,19.15
2016,6,3,19,0,181.0,25.0,2.2,18.0,37.0,19.64,7.06
2016,6,3,19,15,90.5,12.5,2.15,17.5,18.5,11.37,0.0
2016,6,3,19,30,0.0,0.0,2.1,17.0,0.0,0.0,0.0
2016,6,3,19,45,0.0,0.0,2.05,17.0,0.0,0.0,0.0
2016,6,3,20,0,0.0,0.0,2.0,17.0,0.0,0.0,0.0
2016,6,3,20,15,0.0,0.0,2.0,16.5,0.0,0.0,0.0
2016,6,3,20,30,0.0,0.0,2.0,16.0,0.0,0.0,0.0
2016,6,3,20,45,0.0,0.0,2.0,16.0,0.0,0.0,0.0
2016,6,3,21,0,0.0,0.0,2.0,16.0,0.0,0.0,0.0
2016,6,3,21,15,0.0,0.0,2.0,15.5,0.0,0.0,0.0
2016,6,3,21,30,0.0,0.0,2.0,15.0,0.0,0.0,0.0
2016,6,3,21,45,0.0,0.0,2.0,15.0,0.0,0.0,0.0
2016,6,3,22,0,0.0,0.0,2.0,15.0,0.0,0.0,0.0
2016,6,3,22,15,0.0,0.0,1.95,15.0,0.0,0.0,0.0
2016,6,3,22,30,0.0,0.0,1.9,15.0,0.0,0.0,0.0
2016,6,3,22,45,0.0,0.0,1.85,15.0,0.0,0.0,0.0
2016,6,3,23,0,0.0,0.0,1.8,15.0,0.0,0.0,0.0
2016,6,3,23,15,0.0,0.0,1.85,15.0,0.0,0.0,0.0
2016,6,3,23,30,0.0,0.0,1.9,15.0,0.0,0.0,0.0
2016,6,3,23,45,0.0,0.0,1.95,15.0,0.0,0.0,0.0
2016,6,4,0,0,0.0,0.0,2.0,15.0,0.0,0.0,0.0
2016,6,4,0,15,0.0,0.0,2.0,15.0,0.0,0.0,0.0
2016,6,4,0,30,0.0,0.0,2.0,15.0,0.0,0.0,0.0
2016,6,4,0,45,0.0,0.0,2.0,15.0,0.0,0.0,0.0
2016,6,4,1,0,0.0,0.0,2.0,15.0,0.0,0.0,0.0
2016,6,4,1,15,0.0,0.0,1.95,14.5,0.0,0.0,0.0
2016,6,4,1,30,0.0,0.0,1.9,14.0,0.0,0.0,0.0
2016,6,4,1,45,0.0,0.0,1.85,14.0,0.0,0.0,0.0
2016,6,4,2,0,0.0,0.0,1.8,14.0,0.0,0.0,0.0
2016,6,4,2,15,0.0,0.0,1.65,14.0,0.0,0.0,0.0
2016,6,4,2,30,0.0,0.0,1.5,14.0,0.0,0.0,0.0
2016,6,4,2,45,0.0,0.0,1.4,14.0,0.0,0.0,0.0
2016,6,4,3,0,0.0,0.0,1.3,14.0,0.0,0.0,0.0
2016,6,4,3,15,0.0,0.0,1.15,14.0,0.0,0.0,0.0
2016,6,4,3,30,0.0,0.0,1.0,14.0,0.0,0.0,0.0
2016,6,4,3,45,0.0,0.0,0.9,14.0,0.0,0.0,0.0
2016,6,4,4,0,0.0,0.0,0.8,14.0,0.0,0.0,0.0
2016,6,4,4,15,0.0,0.0,0.7,14.0,0.0,0.0,0.0
2016,6,4,4,30,0.0,0.0,0.6,14.0,0.0,0.0,0.0
2016,6,4,4,45,0.0,3.0,0.5,14.5,3.0,0.0,0.0
2016,6,4,5,0,0.0,6.0,0.4,15.0,6.0,5.46,0.0
2016,6,4,5,15,20.5,22.0,0.5,15.0,24.5,19.07,5.81
2016,6,4,5,30,41.0,38.0,0.6,15.0,43.0,31.36,21.06
2016,6,4,5,45,64.0,57.5,0.75,15.5,69.5,46.31,34.91
2016,6,4,6,0,87.0,77.0,0.9,16.0,96.0,60.92,48.16
2016,6,4,6,15,102.5,98.5,1.0,16.0,126.0,84.29,62.81
2016,6,4,6,30,118.0,120.0,1.1,16.0,156.0,112.06,83.95
2016,6,4,6,45,132.5,140.5,1.2,16.5,187.5,141.12,107.02
2016,6,4,7,0,147.0,161.0,1.3,17.0,219.0,172.09,132.11
2016,6,4,7,15,73.5,154.5,1.3,17.0,184.0,156.03,121.92
2016,6,4,7,30,0.0,148.0,1.3,17.0,149.0,129.84,102.26
2016,6,4,7,45,106.5,199.0,1.3,17.0,261.0,221.16,174.5
2016,6,4,8,0,213.0,250.0,1.3,17.0,373.0,322.72,253.52
2016,6,4,8,15,149.0,270.5,1.25,17.0,360.5,321.75,252.39
2016,6,4,8,30,85.0,291.0,1.2,17.0,348.0,309.71,242.45
2016,6,4,8,45,169.5,312.5,1.2,17.5,434.0,391.7,305.06
2016,6,4,9,0,254.0,334.0,1.2,18.0,520.0,482.74,372.24
2016,6,4,9,15,232.5,357.0,1.2,18.0,534.5,496.45,380.9
2016,6,4,9,30,211.0,380.0,1.2,18.0,549.0,513.4,392.21
2016,6,4,9,45,117.0,348.5,1.2,18.5,443.0,420.59,321.84
2016,6,4,10,0,23.0,317.0,1.2,19.0,337.0,304.32,232.78
2016,6,4,10,15,21.5,318.5,1.2,19.0,338.0,305.55,234.0
2016,6,4,10,30,20.0,320.0,1.2,19.0,339.0,306.58,234.48
2016,6,4,10,45,74.5,392.5,1.3,19.0,462.5,434.03,330.31
2016,6,4,11,0,129.0,465.0,1.4,19.0,586.0,566.27,425.4
2016,6,4,11,15,178.0,471.0,1.4,19.0,640.5,621.07,463.83
2016,6,4,11,30,227.0,477.0,1.4,19.0,695.0,676.32,502.61
2016,6,4,11,45,270.5,472.0,1.45,19.5,732.5,725.61,536.07
2016,6,4,12,0,314.0,467.0,1.5,20.0,770.0,763.99,561.95
2016,6,4,12,15,353.5,443.0,1.5,20.0,784.0,778.66,572.73
2016,6,4,12,30,393.0,419.0,1.5,20.0,798.0,791.33,582.43
2016,6,4,12,45,210.5,396.0,1.55,20.5,599.0,592.69,442.26
2016,6,4,13,0,28.0,373.0,1.6,21.0,400.0,376.16,282.96
2016,6,4,13,15,166.0,404.5,1.6,21.0,557.5,542.47,408.65
2016,6,4,13,30,304.0,436.0,1.6,21.0,715.0,701.35,521.08
2016,6,4,13,45,376.5,393.0,1.65,21.5,730.5,714.8,530.71
2016,6,4,14,0,449.0,350.0,1.7,22.0,746.0,731.42,543.52
2016,6,4,14,15,297.5,376.5,1.75,22.0,635.0,608.77,456.05
2016,6,4,14,30,146.0,403.0,1.8,22.0,524.0,494.86,373.0
2016,6,4,14,45,139.0,384.0,1.85,22.0,495.0,464.31,352.14
2016,6,4,15,0,132.0,365.0,1.9,22.0,466.0,433.9,330.58
2016,6,4,15,15,236.0,330.0,1.9,21.5,499.5,468.51,359.1
2016,6,4,15,30,340.0,295.0,1.9,21.0,533.0,487.21,374.84
2016,6,4,15,45,560.5,203.0,1.95,21.0,565.0,515.41,397.45
2016,6,4,16,0,781.0,111.0,2.0,21.0,597.0,517.79,398.67
2016,6,4,16,15,760.5,107.0,2.0,20.5,549.5,461.59,354.31
2016,6,4,16,30,740.0,103.0,2.0,20.0,502.0,406.06,309.31
2016,6,4,16,45,383.0,134.0,2.05,20.0,339.5,259.03,197.09
2016,6,4,17,0,26.0,165.0,2.1,20.0,177.0,151.25,117.99
2016,6,4,17,15,21.0,145.5,2.1,19.5,154.5,130.83,102.13
2016,6,4,17,30,16.0,126.0,2.1,19.0,132.0,111.22,86.57
2016,6,4,17,45,274.0,96.0,2.1,18.5,168.5,111.96,76.3
2016,6,4,18,0,532.0,66.0,2.1,18.0,205.0,82.25,46.96
2016,6,4,18,15,461.0,57.0,2.1,17.5,159.0,43.78,32.88
2016,6,4,18,30,390.0,48.0,2.1,17.0,113.0,37.87,27.39
2016,6,4,18,45,288.0,36.0,2.15,16.5,75.0,28.89,18.93
2016,6,4,19,0,186.0,24.0,2.2,16.0,37.0,18.84,7.04
2016,6,4,19,15,93.0,12.0,2.2,15.5,18.5,10.91,0.0
2016,6,4,19,30,0.0,0.0,2.2,15.0,0.0,0.0,0.0
2016,6,4,19,45,0.0,0.0,2.25,14.5,0.0,0.0,0.0
2016,6,4,20,0,0.0,0.0,2.3,14.0,0.0,0.0,0.0
2016,6,4,20,15,0.0,0.0,2.25,14.0,0.0,0.0,0.0
2016,6,4,20,30,0.0,0.0,2.2,14.0,0.0,0.0,0.0
2016,6,4,20,45,0.0,0.0,2.15,14.0,0.0,0.0,0.0
2016,6,4,21,0,0.0,0.0,2.1,14.0,0.0,0.0,0.0
2016,6,4,21,15,0.0,0.0,2.0,13.5,0.0,0.0,0.0
2016,6,4,21,30,0.0,0.0,1.9,13.0,0.0,0.0,0.0
2016,6,4,21,45,0.0,0.0,1.8,13.0,0.0,0.0,0.0
2016,6,4,22,0,0.0,0.0,1.7,13.0,0.0,0.0,0.0
2016,6,4,22,15,0.0,0.0,1.65,13.0,0.0,0.0,0.0
2016,6,4,22,30,0.0,0.0,1.6,13.0,0.0,0.0,0.0
2016,6,4,22,45,0.0,0.0,1.6,13.0,0.0,0.0,0.0
2016,6,4,23,0,0.0,0.0,1.6,13.0,0.0,0.0,0.0
2016,6,4,23,15,0.0,0.0,1.6,13.0,0.0,0.0,0.0
2016,6,4,23,30,0.0,0.0,1.6,13.0,0.0,0.0,0.0
2016,6,4,23,45,0.0,0.0,1.6,13.0,0.0,0.0,0.0
2016,6,5,0,0,0.0,0.0,1.6,13.0,0.0,0.0,0.0
2016,6,5,0,15,0.0,0.0,1.65,12.5,0.0,0.0,0.0
2016,6,5,0,30,0.0,0.0,1.7,12.0,0.0,0.0,0.0
2016,6,5,0,45,0.0,0.0,1.75,12.0,0.0,0.0,0.0
2016,6,5,1,0,0.0,0.0,1.8,12.0,0.0,0.0,0.0
2016,6,5,1,15,0.0,0.0,1.8,12.0,0.0,0.0,0.0
2016,6,5,1,30,0.0,0.0,1.8,12.0,0.0,0.0,0.0
2016,6,5,1,45,0.0,0.0,1.8,12.0,0.0,0.0,0.0
2016,6,5,2,0,0.0,0.0,1.8,12.0,0.0,0.0,0.0
2016,6,5,2,15,0.0,0.0,1.8,12.0,0.0,0.0,0.0
2016,6,5,2,30,0.0,0.0,1.8,12.0,0.0,0.0,0.0
2016,6,5,2,45,0.0,0.0,1.8,12.0,0.0,0.0,0.0
2016,6,5,3,0,0.0,0.0,1.8,12.0,0.0,0.0,0.0
2016,6,5,3,15,0.0,0.0,1.75,12.0,0.0,0.0,0.0
2016,6,5,3,30,0.0,0.0,1.7,12.0,0.0,0.0,0.0
2016,6,5,3,45,0.0,0.0,1.7,12.0,0.0,0.0,0.0
2016,6,5,4,0,0.0,0.0,1.7,12.0,0.0,0.0,0.0
2016,6,5,4,15,0.0,0.0,1.7,12.0,0.0,0.0,0.0
2016,6,5,4,30,0.0,0.0,1.7,12.0,0.0,0.0,0.0
2016,6,5,4,45,27.0,4.5,1.7,12.0,5.0,0.0,0.0
2016,6,5,5,0,54.0,9.0,1.7,12.0,10.0,8.19,0.0
2016,6,5,5,15,177.0,22.5,1.75,12.5,40.0,17.68,5.22
2016,6,5,5,30,300.0,36.0,1.8,13.0,70.0,29.13,19.33
2016,6,5,5,45,390.0,46.0,1.9,13.5,113.0,36.31,26.4
2016,6,5,6,0,480.0,56.0,2.0,14.0,156.0,43.22,32.88
2016,6,5,6,15,540.0,63.5,1.95,14.0,205.0,76.5,44.12
2016,6,5,6,30,600.0,71.0,1.9,14.0,254.0,125.27,74.92
2016,6,5,6,45,300.0,92.5,1.9,14.5,184.0,129.98,91.42
2016,6,5,7,0,0.0,114.0,1.9,15.0,114.0,99.51,78.64
2016,6,5,7,15,6.0,141.0,1.9,15.0,144.0,124.83,99.33
2016,6,5,7,30,12.0,168.0,1.9,15.0,174.0,151.12,120.54
2016,6,5,7,45,30.0,200.5,1.9,15.5,217.5,189.08,150.63
2016,6,5,8,0,48.0,233.0,1.9,16.0,261.0,228.88,181.81
2016,6,5,8,15,220.0,245.5,1.95,16.5,388.5,339.28,268.58
2016,6,5,8,30,392.0,258.0,2.0,17.0,516.0,461.43,362.48
2016,6,5,8,45,275.0,301.0,2.05,17.5,488.0,450.51,352.1
2016,6,5,9,0,158.0,344.0,2.1,18.0,460.0,422.61,328.72
2016,6,5,9,15,162.0,364.0,2.2,18.0,488.5,452.99,351.55
2016,6,5,9,30,166.0,384.0,2.3,18.0,517.0,483.31,373.8
2016,6,5,9,45,123.0,391.5,2.45,18.0,492.5,465.17,359.19
2016,6,5,10,0,80.0,399.0,2.6,18.0,468.0,435.26,335.85
2016,6,5,10,15,160.5,419.0,2.65,18.0,562.0,534.66,411.31
2016,6,5,10,30,241.0,439.0,2.7,18.0,656.0,638.73,487.66
2016,6,5,10,45,585.0,277.0,2.75,18.5,819.5,810.59,617.13
2016,6,5,11,0,929.0,115.0,2.8,19.0,983.0,968.79,725.26
2016,6,5,11,15,932.0,115.5,2.8,19.0,996.5,986.8,735.32
2016,6,5,11,30,935.0,116.0,2.8,19.0,1010.0,1001.25,744.41
2016,6,5,11,45,935.5,116.5,2.8,19.0,1015.5,1009.74,749.65
2016,6,5,12,0,936.0,117.0,2.8,19.0,1021.0,1014.57,752.64
2016,6,5,12,15,936.0,117.0,2.8,19.0,1020.0,1014.79,752.73
2016,6,5,12,30,936.0,117.0,2.8,19.0,1019.0,1011.36,750.57
2016,6,5,12,45,927.0,122.0,2.8,19.5,1008.0,1000.51,742.22
2016,6,5,13,0,918.0,127.0,2.8,20.0,997.0,986.18,731.76
2016,6,5,13,15,915.0,126.0,2.85,20.0,981.0,968.38,720.93
2016,6,5,13,30,912.0,125.0,2.9,20.0,965.0,947.15,707.84
2016,6,5,13,45,908.5,123.0,3.0,20.0,942.0,921.21,691.94
2016,6,5,14,0,905.0,121.0,3.1,20.0,919.0,892.05,673.74
2016,6,5,14,15,898.5,119.5,3.15,20.0,889.5,857.84,651.59
2016,6,5,14,30,892.0,118.0,3.2,20.0,860.0,820.9,627.38
2016,6,5,14,45,553.0,240.5,3.25,20.0,694.5,656.64,506.69
2016,6,5,15,0,214.0,363.0,3.3,20.0,529.0,489.96,378.56
2016,6,5,15,15,226.0,340.5,3.35,19.5,507.0,465.75,362.59
2016,6,5,15,30,238.0,318.0,3.4,19.0,485.0,439.98,344.35
2016,6,5,15,45,229.5,296.5,3.45,19.0,449.5,401.83,315.34
2016,6,5,16,0,221.0,275.0,3.5,19.0,414.0,364.11,286.22
2016,6,5,16,15,121.5,235.5,3.45,18.5,311.5,268.84,212.0
2016,6,5,16,30,22.0,196.0,3.4,18.0,209.0,181.09,143.01
2016,6,5,16,45,24.0,181.0,3.35,18.0,193.5,166.68,131.73
2016,6,5,17,0,26.0,166.0,3.3,18.0,178.0,152.1,120.01
2016,6,5,17,15,42.0,151.5,3.25,17.5,168.0,140.38,110.19
2016,6,5,17,30,58.0,137.0,3.2,17.0,158.0,126.67,98.37
2016,6,5,17,45,312.0,100.5,3.15,17.0,185.5,119.14,81.13
2016,6,5,18,0,566.0,64.0,3.1,17.0,213.0,82.93,46.52
2016,6,5,18,15,494.5,56.0,3.05,16.5,165.5,42.98,32.33
2016,6,5,18,30,423.0,48.0,3.0,16.0,118.0,37.89,27.54
2016,6,5,18,45,315.0,36.5,2.95,15.5,79.0,29.34,19.43
2016,6,5,19,0,207.0,25.0,2.9,15.0,40.0,20.43,8.54
2016,6,5,19,15,103.5,12.5,2.9,14.5,20.0,11.37,0.0
2016,6,5,19,30,0.0,0.0,2.9,14.0,0.0,0.0,0.0
2016,6,5,19,45,0.0,0.0,2.9,14.0,0.0,0.0,0.0
2016,6,5,20,0,0.0,0.0,2.9,14.0,0.0,0.0,0.0
2016,6,5,20,15,0.0,0.0,2.8,13.5,0.0,0.0,0.0
2016,6,5,20,30,0.0,0.0,2.7,13.0,0.0,0.0,0.0
2016,6,5,20,45,0.0,0.0,2.65,13.0,0.0,0.0,0.0
2016,6,5,21,0,0.0,0.0,2.6,13.0,0.0,0.0,0.0
2016,6,5,21,15,0.0,0.0,2.55,13.0,0.0,0.0,0.0
2016,6,5,21,30,0.0,0.0,2.5,13.0,0.0,0.0,0.0
2016,6,5,21,45,0.0,0.0,2.5,13.0,0.0,0.0,0.0
2016,6,5,22,0,0.0,0.0,2.5,13.0,0.0,0.0,0.0
2016,6,5,22,15,0.0,0.0,2.55,13.0,0.0,0.0,0.0
2016,6,5,22,30,0.0,0.0,2.6,13.0,0.0,0.0,0.0
2016,6,5,22,45,0.0,0.0,2.65,13.0,0.0,0.0,0.0
2016,6,5,23,0,0.0,0.0,2.7,13.0,0.0,0.0,0.0
2016,6,5,23,15,0.0,0.0,2.7,12.5,0.0,0.0,0.0
2016,6,5,23,30,0.0,0.0,2.7,12.0,0.0,0.0,0.0
2016,6,5,23,45,0.0,0.0,2.7,12.0,0.0,0.0,0.0
2016,6,6,0,0,0.0,0.0,2.7,12.0,0.0,0.0,0.0
2016,6,6,0,15,0.0,0.0,2.7,12.0,0.0,0.0,0.0
2016,6,6,0,30,0.0,0.0,2.7,12.0,0.0,0.0,0.0
2016,6,6,0,45,0.0,0.0,2.75,12.0,0.0,0.0,0.0
2016,6,6,1,0,0.0,0.0,2.8,12.0,0.0,0.0,0.0
2016,6,6,1,15,0.0,0.0,2.8,12.0,0.0,0.0,0.0
2016,6,6,1,30,0.0,0.0,2.8,12.0,0.0,0.0,0.0
2016,6,6,1,45,0.0,0.0,2.85,12.0,0.0,0.0,0.0
2016,6,6,2,0,0.0,0.0,2.9,12.0,0.0,0.0,0.0
2016,6,6,2,15,0.0,0.0,2.9,12.0,0.0,0.0,0.0
2016,6,6,2,30,0.0,0.0,2.9,12.0,0.0,0.0,0.0
2016,6,6,2,45,0.0,0.0,2.9,12.0,0.0,0.0,0.0
2016,6,6,3,0,0.0,0.0,2.9,12.0,0.0,0.0,0.0
2016,6,6,3,15,0.0,0.0,2.9,12.0,0.0,0.0,0.0
2016,6,6,3,30,0.0,0.0,2.9,12.0,0.0,0.0,0.0
2016,6,6,3,45,0.0,0.0,2.9,12.0,0.0,0.0,0.0
2016,6,6,4,0,0.0,0.0,2.9,12.0,0.0,0.0,0.0
2016,6,6,4,15,0.0,0.0,3.0,12.0,0.0,0.0,0.0
2016,6,6,4,30,0.0,0.0,3.1,12.0,0.0,0.0,0.0
2016,6,6,4,45,29.0,4.5,3.25,12.5,5.5,0.0,0.0
2016,6,6,5,0,58.0,9.0,3.4,13.0,11.0,8.19,0.0
2016,6,6,5,15,178.5,22.0,3.45,13.0,40.0,17.82,5.4
2016,6,6,5,30,299.0,35.0,3.5,13.0,69.0,28.19,18.5
2016,6,6,5,45,384.5,44.0,3.55,13.5,110.5,34.5,24.79
2016,6,6,6,0,470.0,53.0,3.6,14.0,152.0,40.6,30.54
2016,6,6,6,15,527.5,60.0,3.6,14.0,199.0,72.44,41.2
2016,6,6,6,30,585.0,67.0,3.6,14.0,246.0,119.65,70.98
2016,6,6,6,45,293.5,98.0,3.6,14.5,188.0,133.1,94.48
2016,6,6,7,0,2.0,129.0,3.6,15.0,130.0,112.48,89.53
2016,6,6,7,15,1.0,137.0,3.55,15.0,137.5,119.98,95.57
2016,6,6,7,30,0.0,145.0,3.5,15.0,145.0,127.23,101.28
2016,6,6,7,45,18.5,185.5,3.45,15.5,196.5,170.31,135.92
2016,6,6,8,0,37.0,226.0,3.4,16.0,248.0,217.61,173.51
2016,6,6,8,15,45.0,251.0,3.35,16.0,280.0,247.26,196.85
2016,6,6,8,30,53.0,276.0,3.3,16.0,312.0,277.91,220.81
2016,6,6,8,45,47.0,288.5,3.3,16.5,321.5,289.59,229.05
2016,6,6,9,0,41.0,301.0,3.3,17.0,331.0,300.57,236.65
2016,6,6,9,15,86.0,341.5,3.25,17.0,409.0,372.49,292.71
2016,6,6,9,30,131.0,382.0,3.2,17.0,487.0,455.18,355.69
2016,6,6,9,45,499.0,248.0,3.2,17.5,671.0,638.47,499.61
2016,6,6,10,0,867.0,114.0,3.2,18.0,855.0,822.56,634.23
2016,6,6,10,15,577.5,271.0,3.15,18.0,771.5,764.78,587.26
2016,6,6,10,30,288.0,428.0,3.1,18.0,688.0,668.81,510.52
2016,6,6,10,45,287.5,439.0,3.05,18.5,703.0,687.66,522.97
2016,6,6,11,0,287.0,450.0,3.0,19.0,718.0,705.22,533.64
2016,6,6,11,15,324.5,441.0,2.95,19.0,748.0,737.61,556.91
2016,6,6,11,30,362.0,432.0,2.9,19.0,778.0,769.41,579.47
2016,6,6,11,45,262.5,461.0,2.85,19.0,713.0,706.54,532.09
2016,6,6,12,0,163.0,490.0,2.8,19.0,648.0,630.98,475.84
2016,6,6,12,15,149.0,488.0,2.75,19.0,632.5,615.74,464.89
2016,6,6,12,30,135.0,486.0,2.7,19.0,617.0,599.57,452.91
2016,6,6,12,45,176.5,480.0,2.7,19.0,649.5,631.24,477.01
2016,6,6,13,0,218.0,474.0,2.7,19.0,682.0,661.13,499.38
2016,6,6,13,15,270.5,455.0,2.7,19.0,708.0,695.85,525.35
2016,6,6,13,30,323.0,436.0,2.7,19.0,734.0,717.86,542.34
2016,6,6,13,45,329.5,419.0,2.7,19.0,716.5,697.95,528.86
2016,6,6,14,0,336.0,402.0,2.7,19.0,699.0,676.41,514.46
2016,6,6,14,15,268.0,402.5,2.7,18.5,634.0,608.76,465.94
2016,6,6,14,30,200.0,403.0,2.7,18.0,569.0,536.96,413.79
2016,6,6,14,45,158.5,383.5,2.75,18.0,511.5,478.2,370.46
2016,6,6,15,0,117.0,364.0,2.8,18.0,454.0,422.19,328.44
2016,6,6,15,15,188.0,339.5,2.8,18.0,475.5,439.55,343.59
2016,6,6,15,30,259.0,315.0,2.8,18.0,497.0,455.21,356.5
2016,6,6,15,45,206.0,298.0,2.85,18.0,437.0,389.77,306.17
2016,6,6,16,0,153.0,281.0,2.9,18.0,377.0,334.06,263.06
2016,6,6,16,15,126.5,256.5,2.9,17.5,331.5,289.43,228.69
2016,6,6,16,30,100.0,232.0,2.9,17.0,286.0,245.44,194.35
2016,6,6,16,45,82.5,206.5,2.95,17.0,248.5,209.71,165.87
2016,6,6,17,0,65.0,181.0,3.0,17.0,211.0,176.17,138.98
2016,6,6,17,15,36.5,151.5,3.05,16.5,168.0,139.1,109.69
2016,6,6,17,30,8.0,122.0,3.1,16.0,125.0,106.62,84.16
2016,6,6,17,45,263.5,94.5,3.2,15.5,164.5,109.98,76.06
2016,6,6,18,0,519.0,67.0,3.3,15.0,204.0,83.2,48.49
2016,6,6,18,15,449.0,58.5,3.35,14.5,159.0,44.88,34.29
2016,6,6,18,30,379.0,50.0,3.4,14.0,114.0,39.48,29.19
2016,6,6,18,45,278.0,38.0,3.45,14.0,76.5,29.46,19.71
2016,6,6,19,0,177.0,26.0,3.5,14.0,39.0,20.38,8.88
2016,6,6,19,15,88.5,13.0,3.6,13.5,19.5,11.82,0.0
2016,6,6,19,30,0.0,0.0,3.7,13.0,0.0,0.0,0.0
2016,6,6,19,45,0.0,0.0,3.8,13.0,0.0,0.0,0.0
2016,6,6,20,0,0.0,0.0,3.9,13.0,0.0,0.0,0.0
2016,6,6,20,15,0.0,0.0,3.95,13.0,0.0,0.0,0.0
2016,6,6,20,30,0.0,0.0,4.0,13.0,0.0,0.0,0.0
2016,6,6,20,45,0.0,0.0,4.05,13.0,0.0,0.0,0.0
2016,6,6,21,0,0.0,0.0,4.1,13.0,0.0,0.0,0.0
2016,6,6,21,15,0.0,0.0,4.1,13.0,0.0,0.0,0.0
2016,6,6,21,30,0.0,0.0,4.1,13.0,0.0,0.0,0.0
2016,6,6,21,45,0.0,0.0,4.1,13.0,0.0,0.0,0.0
2016,6,6,22,0,0.0,0.0,4.1,13.0,0.0,0.0,0.0
2016,6,6,22,15,0.0,0.0,4.1,13.0,0.0,0.0,0.0
2016,6,6,22,30,0.0,0.0,4.1,13.0,0.0,0.0,0.0
2016,6,6,22,45,0.0,0.0,4.1,13.0,0.0,0.0,0.0
2016,6,6,23,0,0.0,0.0,4.1,13.0,0.0,0.0,0.0
2016,6,6,23,15,0.0,0.0,4.1,13.0,0.0,0.0,0.0
2016,6,6,23,30,0.0,0.0,4.1,13.0,0.0,0.0,0.0
2016,6,6,23,45,0.0,0.0,4.1,13.0,0.0,0.0,0.0
2016,6,7,0,0,0.0,0.0,4.1,13.0,0.0,0.0,0.0
2016,6,7,0,15,0.0,0.0,4.1,13.0,0.0,0.0,0.0
2016,6,7,0,30,0.0,0.0,4.1,13.0,0.0,0.0,0.0
2016,6,7,0,45,0.0,0.0,4.1,13.0,0.0,0.0,0.0
2016,6,7,1,0,0.0,0.0,4.1,13.0,0.0,0.0,0.0
2016,6,7,1,15,0.0,0.0,4.05,13.0,0.0,0.0,0.0
2016,6,7,1,30,0.0,0.0,4.0,13.0,0.0,0.0,0.0
2016,6,7,1,45,0.0,0.0,3.95,13.0,0.0,0.0,0.0
2016,6,7,2,0,0.0,0.0,3.9,13.0,0.0,0.0,0.0
2016,6,7,2,15,0.0,0.0,3.8,13.0,0.0,0.0,0.0
2016,6,7,2,30,0.0,0.0,3.7,13.0,0.0,0.0,0.0
2016,6,7,2,45,0.0,0.0,3.6,13.0,0.0,0.0,0.0
2016,6,7,3,0,0.0,0.0,3.5,13.0,0.0,0.0,0.0
2016,6,7,3,15,0.0,0.0,3.4,13.0,0.0,0.0,0.0
2016,6,7,3,30,0.0,0.0,3.3,13.0,0.0,0.0,0.0
2016,6,7,3,45,0.0,0.0,3.25,13.0,0.0,0.0,0.0
2016,6,7,4,0,0.0,0.0,3.2,13.0,0.0,0.0,0.0
2016,6,7,4,15,0.0,0.0,3.15,13.0,0.0,0.0,0.0
2016,6,7,4,30,0.0,0.0,3.1,13.0,0.0,0.0,0.0
2016,6,7,4,45,20.5,5.0,3.1,13.0,5.0,0.0,0.0
2016,6,7,5,0,41.0,10.0,3.1,13.0,10.0,9.1,0.0
2016,6,7,5,15,154.0,24.0,3.05,13.0,39.0,18.83,6.15
2016,6,7,5,30,267.0,38.0,3.0,13.0,68.0,29.53,19.67
2016,6,7,5,45,358.5,48.0,2.95,13.5,110.0,37.98,27.86
2016,6,7,6,0,450.0,58.0,2.9,14.0,152.0,44.81,34.28
2016,6,7,6,15,510.0,65.5,2.85,14.0,199.5,75.81,44.72
2016,6,7,6,30,570.0,73.0,2.8,14.0,247.0,122.64,74.15
2016,6,7,6,45,385.0,115.5,2.8,14.5,242.5,162.77,115.14
2016,6,7,7,0,200.0,158.0,2.8,15.0,238.0,181.3,139.12
2016,6,7,7,15,105.0,161.5,2.75,15.0,204.5,171.43,135.01
2016,6,7,7,30,10.0,165.0,2.7,15.0,171.0,147.8,117.91
2016,6,7,7,45,55.0,208.0,2.7,15.5,240.0,205.44,163.92
2016,6,7,8,0,100.0,251.0,2.7,16.0,309.0,268.13,213.38
2016,6,7,8,15,135.5,275.5,2.7,16.0,361.0,318.45,252.97
2016,6,7,8,30,171.0,300.0,2.7,16.0,413.0,369.64,292.91
2016,6,7,8,45,226.0,314.0,2.7,16.5,473.5,426.65,336.55
2016,6,7,9,0,281.0,328.0,2.7,17.0,534.0,493.73,386.99
2016,6,7,9,15,568.0,223.0,2.8,17.0,667.5,622.09,487.76
2016,6,7,9,30,855.0,118.0,2.9,17.0,801.0,754.24,588.33
2016,6,7,9,45,867.0,118.0,3.0,17.5,835.0,795.8,615.38
2016,6,7,10,0,879.0,118.0,3.1,18.0,869.0,835.31,641.38
2016,6,7,10,15,885.5,119.5,3.15,18.0,896.5,869.32,664.28
2016,6,7,10,30,892.0,121.0,3.2,18.0,924.0,900.53,685.17
2016,6,7,10,45,894.0,123.5,3.3,18.5,943.5,925.68,700.9
2016,6,7,11,0,896.0,126.0,3.4,19.0,963.0,947.53,714.38
2016,6,7,11,15,899.5,126.5,3.4,19.0,977.0,965.52,725.95
2016,6,7,11,30,903.0,127.0,3.4,19.0,991.0,980.1,735.32
2016,6,7,11,45,650.5,273.0,3.4,19.0,897.5,904.92,682.59
2016,6,7,12,0,398.0,419.0,3.4,19.0,804.0,796.55,600.57
2016,6,7,12,15,652.5,273.0,3.4,19.0,902.5,910.2,687.65
2016,6,7,12,30,907.0,127.0,3.4,19.0,1001.0,992.17,743.66
2016,6,7,12,45,907.0,125.5,3.4,19.0,993.0,984.0,737.67
2016,6,7,13,0,907.0,124.0,3.4,19.0,985.0,972.3,730.16
2016,6,7,13,15,558.0,291.0,3.4,19.0,818.0,812.46,617.33
2016,6,7,13,30,209.0,458.0,3.4,19.0,651.0,627.17,476.99
2016,6,7,13,45,316.5,409.0,3.4,19.0,693.0,676.86,517.24
2016,6,7,14,0,424.0,360.0,3.4,19.0,735.0,718.75,550.03
2016,6,7,14,15,338.5,377.0,3.35,18.5,670.5,642.29,494.07
2016,6,7,14,30,253.0,394.0,3.3,18.0,606.0,577.34,446.11
2016,6,7,14,45,223.5,380.0,3.3,18.0,561.0,523.46,406.57
2016,6,7,15,0,194.0,366.0,3.3,18.0,516.0,478.44,372.98
2016,6,7,15,15,146.0,342.5,3.3,17.5,452.5,414.32,324.87
2016,6,7,15,30,98.0,319.0,3.3,17.0,389.0,349.3,275.32
2016,6,7,15,45,54.5,262.0,3.3,17.0,300.5,266.81,210.95
2016,6,7,16,0,11.0,205.0,3.3,17.0,212.0,187.06,147.65
2016,6,7,16,15,5.5,166.5,3.3,16.5,170.0,149.59,118.1
2016,6,7,16,30,0.0,128.0,3.3,16.0,128.0,113.0,88.72
2016,6,7,16,45,0.0,119.5,3.35,16.0,119.5,105.31,82.69
2016,6,7,17,0,0.0,111.0,3.4,16.0,111.0,97.61,76.58
2016,6,7,17,15,0.0,97.0,3.45,15.5,97.0,85.23,66.6
2016,6,7,17,30,0.0,83.0,3.5,15.0,83.0,72.94,56.53
2016,6,7,17,45,0.0,69.5,3.55,15.0,69.5,61.15,46.63
2016,6,7,18,0,0.0,56.0,3.6,15.0,56.0,49.46,36.65
2016,6,7,18,15,0.0,43.5,3.55,14.5,43.5,38.38,28.56
2016,6,7,18,30,0.0,31.0,3.5,14.0,31.0,27.31,18.5
2016,6,7,18,45,0.0,21.0,3.5,14.0,21.0,18.48,10.29
2016,6,7,19,0,0.0,11.0,3.5,14.0,11.0,9.66,1.37
2016,6,7,19,15,0.0,5.5,3.5,13.5,5.5,5.0,0.0
2016,6,7,19,30,0.0,0.0,3.5,13.0,0.0,0.0,0.0
2016,6,7,19,45,0.0,0.0,3.55,13.0,0.0,0.0,0.0
2016,6,7,20,0,0.0,0.0,3.6,13.0,0.0,0.0,0.0
2016,6,7,20,15,0.0,0.0,3.6,13.0,0.0,0.0,0.0
2016,6,7,20,30,0.0,0.0,3.6,13.0,0.0,0.0,0.0
2016,6,7,20,45,0.0,0.0,3.65,13.0,0.0,0.0,0.0
2016,6,7,21,0,0.0,0.0,3.7,13.0,0.0,0.0,0.0
2016,6,7,21,15,0.0,0.0,3.65,13.0,0.0,0.0,0.0
2016,6,7,21,30,0.0,0.0,3.6,13.0,0.0,0.0,0.0
2016,6,7,21,45,0.0,0.0,3.6,13.0,0.0,0.0,0.0
2016,6,7,22,0,0.0,0.0,3.6,13.0,0.0,0.0,0.0
2016,6,7,22,15,0.0,0.0,3.6,12.5,0.0,0.0,0.0
2016,6,7,22,30,0.0,0.0,3.6,12.0,0.0,0.0,0.0
2016,6,7,22,45,0.0,0.0,3.6,12.0,0.0,0.0,0.0
2016,6,7,23,0,0.0,0.0,3.6,12.0,0.0,0.0,0.0
2016,6,7,23,15,0.0,0.0,3.6,12.0,0.0,0.0,0.0
2016,6,7,23,30,0.0,0.0,3.6,12.0,0.0,0.0,0.0
2016,6,7,23,45,0.0,0.0,3.65,12.0,0.0,0.0,0.0
2016,6,8,0,0,0.0,0.0,3.7,12.0,0.0,0.0,0.0
2016,6,8,0,15,0.0,0.0,3.7,12.0,0.0,0.0,0.0
2016,6,8,0,30,0.0,0.0,3.7,12.0,0.0,0.0,0.0
2016,6,8,0,45,0.0,0.0,3.7,12.0,0.0,0.0,0.0
2016,6,8,1,0,0.0,0.0,3.7,12.0,0.0,0.0,0.0
2016,6,8,1,15,0.0,0.0,3.7,12.0,0.0,0.0,0.0
2016,6,8,1,30,0.0,0.0,3.7,12.0,0.0,0.0,0.0
2016,6,8,1,45,0.0,0.0,3.75,12.0,0.0,0.0,0.0
2016,6,8,2,0,0.0,0.0,3.8,12.0,0.0,0.0,0.0
2016,6,8,2,15,0.0,0.0,3.8,12.0,0.0,0.0,0.0
2016,6,8,2,30,0.0,0.0,3.8,12.0,0.0,0.0,0.0
2016,6,8,2,45,0.0,0.0,3.85,12.0,0.0,0.0,0.0
2016,6,8,3,0,0.0,0.0,3.9,12.0,0.0,0.0,0.0
2016,6,8,3,15,0.0,0.0,3.85,12.0,0.0,0.0,0.0
2016,6,8,3,30,0.0,0.0,3.8,12.0,0.0,0.0,0.0
2016,6,8,3,45,0.0,0.0,3.8,12.0,0.0,0.0,0.0
2016,6,8,4,0,0.0,0.0,3.8,12.0,0.0,0.0,0.0
2016,6,8,4,15,0.0,0.0,3.85,12.0,0.0,0.0,0.0
2016,6,8,4,30,0.0,0.0,3.9,12.0,0.0,0.0,0.0
2016,6,8,4,45,38.5,5.5,3.95,12.0,6.5,0.0,0.0
2016,6,8,5,0,77.0,11.0,4.0,12.0,13.0,10.01,0.0
2016,6,8,5,15,209.5,23.0,4.0,12.0,43.5,18.76,6.23
2016,6,8,5,30,342.0,35.0,4.0,12.0,74.0,28.25,18.66
2016,6,8,5,45,428.5,43.5,4.05,12.5,117.0,34.17,24.6
2016,6,8,6,0,515.0,52.0,4.1,13.0,160.0,39.9,30.05
2016,6,8,6,15,257.5,55.5,4.1,13.0,109.5,54.88,34.29
2016,6,8,6,30,0.0,59.0,4.1,13.0,59.0,52.12,39.27
2016,6,8,6,45,0.0,71.0,4.15,13.5,71.0,62.71,48.2
2016,6,8,7,0,0.0,83.0,4.2,14.0,83.0,73.21,56.9
2016,6,8,7,15,3.0,120.5,4.25,14.0,122.0,106.51,84.68
2016,6,8,7,30,6.0,158.0,4.3,14.0,161.0,140.41,112.6
2016,6,8,7,45,27.0,195.5,4.35,14.0,211.0,183.32,147.45
2016,6,8,8,0,48.0,233.0,4.4,14.0,261.0,228.54,183.96
2016,6,8,8,15,62.0,260.5,4.45,14.0,300.0,264.09,212.43
2016,6,8,8,30,76.0,288.0,4.5,14.0,339.0,301.28,242.01
2016,6,8,8,45,54.0,288.0,4.6,14.5,325.0,293.15,234.49
2016,6,8,9,0,32.0,288.0,4.7,15.0,311.0,282.55,224.93
2016,6,8,9,15,54.0,326.0,4.75,15.0,368.5,335.46,266.8
2016,6,8,9,30,76.0,364.0,4.8,15.0,426.0,390.49,309.73
2016,6,8,9,45,56.5,358.0,4.85,15.5,405.0,373.88,295.31
2016,6,8,10,0,37.0,352.0,4.9,16.0,384.0,355.49,279.68
2016,6,8,10,15,91.5,399.0,4.95,16.0,481.0,448.04,352.26
2016,6,8,10,30,146.0,446.0,5.0,16.0,578.0,552.9,432.38
2016,6,8,10,45,285.0,418.0,5.05,16.0,682.0,664.54,519.13
2016,6,8,11,0,424.0,390.0,5.1,16.0,786.0,780.17,606.87
2016,6,8,11,15,655.5,264.5,5.1,16.0,887.0,886.25,689.68
2016,6,8,11,30,887.0,139.0,5.1,16.0,988.0,975.57,753.44
2016,6,8,11,45,661.5,274.5,5.2,16.0,910.5,916.24,710.11
2016,6,8,12,0,436.0,410.0,5.3,16.0,833.0,832.12,643.4
2016,6,8,12,15,456.5,408.0,5.3,16.0,849.5,850.07,657.19
2016,6,8,12,30,477.0,406.0,5.3,16.0,866.0,865.66,668.77
2016,6,8,12,45,482.5,398.5,5.35,16.0,860.5,859.43,664.88
2016,6,8,13,0,488.0,391.0,5.4,16.0,855.0,850.8,659.4
2016,6,8,13,15,468.0,384.0,5.35,16.0,822.5,816.85,634.66
2016,6,8,13,30,448.0,377.0,5.3,16.0,790.0,781.5,608.91
2016,6,8,13,45,471.5,359.0,5.3,16.0,784.5,772.97,603.92
2016,6,8,14,0,495.0,341.0,5.3,16.0,779.0,761.37,596.48
2016,6,8,14,15,424.0,356.0,5.2,16.0,722.0,699.43,549.1
2016,6,8,14,30,353.0,371.0,5.1,16.0,665.0,634.22,499.19
2016,6,8,14,45,401.5,331.5,5.1,16.0,652.5,624.49,493.7
2016,6,8,15,0,450.0,292.0,5.1,16.0,640.0,603.98,479.62
2016,6,8,15,15,412.5,289.5,5.05,15.5,595.5,554.29,441.92
2016,6,8,15,30,375.0,287.0,5.0,15.0,551.0,501.66,401.54
2016,6,8,15,45,360.0,270.0,4.95,15.0,510.0,456.93,366.29
2016,6,8,16,0,345.0,253.0,4.9,15.0,469.0,412.91,331.0
2016,6,8,16,15,254.5,244.0,4.9,15.0,396.5,341.45,273.48
2016,6,8,16,30,164.0,235.0,4.9,15.0,324.0,276.74,221.42
2016,6,8,16,45,318.5,186.5,4.9,15.0,338.5,280.21,221.11
2016,6,8,17,0,473.0,138.0,4.9,15.0,353.0,265.33,202.73
2016,6,8,17,15,299.5,140.5,4.9,14.5,271.0,193.87,146.8
2016,6,8,17,30,126.0,143.0,4.9,14.0,189.0,143.55,110.85
2016,6,8,17,45,111.0,123.0,4.9,14.0,159.0,115.14,87.64
2016,6,8,18,0,96.0,103.0,4.9,14.0,129.0,88.78,67.05
2016,6,8,18,15,242.5,77.5,4.8,13.5,124.0,59.84,47.74
2016,6,8,18,30,389.0,52.0,4.7,13.0,119.0,41.16,30.82
2016,6,8,18,45,288.5,40.0,4.6,13.0,81.0,31.0,21.19
2016,6,8,19,0,188.0,28.0,4.5,13.0,43.0,21.95,10.62
2016,6,8,19,15,94.0,14.0,4.45,13.0,21.5,12.73,0.0
2016,6,8,19,30,0.0,0.0,4.4,13.0,0.0,0.0,0.0
2016,6,8,19,45,0.0,0.0,4.35,13.0,0.0,0.0,0.0
2016,6,8,20,0,0.0,0.0,4.3,13.0,0.0,0.0,0.0
2016,6,8,20,15,0.0,0.0,4.2,13.0,0.0,0.0,0.0
2016,6,8,20,30,0.0,0.0,4.1,13.0,0.0,0.0,0.0
2016,6,8,20,45,0.0,0.0,4.05,13.0,0.0,0.0,0.0
2016,6,8,21,0,0.0,0.0,4.0,13.0,0.0,0.0,0.0
2016,6,8,21,15,0.0,0.0,3.95,13.0,0.0,0.0,0.0
2016,6,8,21,30,0.0,0.0,3.9,13.0,0.0,0.0,0.0
2016,6,8,21,45,0.0,0.0,3.85,13.0,0.0,0.0,0.0
2016,6,8,22,0,0.0,0.0,3.8,13.0,0.0,0.0,0.0
2016,6,8,22,15,0.0,0.0,3.75,12.5,0.0,0.0,0.0
2016,6,8,22,30,0.0,0.0,3.7,12.0,0.0,0.0,0.0
2016,6,8,22,45,0.0,0.0,3.65,12.0,0.0,0.0,0.0
2016,6,8,23,0,0.0,0.0,3.6,12.0,0.0,0.0,0.0
2016,6,8,23,15,0.0,0.0,3.55,12.0,0.0,0.0,0.0
2016,6,8,23,30,0.0,0.0,3.5,12.0,0.0,0.0,0.0
2016,6,8,23,45,0.0,0.0,3.5,12.0,0.0,0.0,0.0
2016,6,9,0,0,0.0,0.0,3.5,12.0,0.0,0.0,0.0
2016,6,9,0,15,0.0,0.0,3.5,12.0,0.0,0.0,0.0
2016,6,9,0,30,0.0,0.0,3.5,12.0,0.0,0.0,0.0
2016,6,9,0,45,0.0,0.0,3.5,12.0,0.0,0.0,0.0
2016,6,9,1,0,0.0,0.0,3.5,12.0,0.0,0.0,0.0
2016,6,9,1,15,0.0,0.0,3.5,12.0,0.0,0.0,0.0
2016,6,9,1,30,0.0,0.0,3.5,12.0,0.0,0.0,0.0
2016,6,9,1,45,0.0,0.0,3.55,12.0,0.0,0.0,0.0
2016,6,9,2,0,0.0,0.0,3.6,12.0,0.0,0.0,0.0
2016,6,9,2,15,0.0,0.0,3.6,12.0,0.0,0.0,0.0
2016,6,9,2,30,0.0,0.0,3.6,12.0,0.0,0.0,0.0
2016,6,9,2,45,0.0,0.0,3.65,12.0,0.0,0.0,0.0
2016,6,9,3,0,0.0,0.0,3.7,12.0,0.0,0.0,0.0
2016,6,9,3,15,0.0,0.0,3.8,12.0,0.0,0.0,0.0
2016,6,9,3,30,0.0,0.0,3.9,12.0,0.0,0.0,0.0
2016,6,9,3,45,0.0,0.0,4.05,12.0,0.0,0.0,0.0
2016,6,9,4,0,0.0,0.0,4.2,12.0,0.0,0.0,0.0
2016,6,9,4,15,0.0,0.0,4.3,12.0,0.0,0.0,0.0
2016,6,9,4,30,0.0,0.0,4.4,12.0,0.0,0.0,0.0
2016,6,9,4,45,18.5,5.0,4.5,12.5,5.5,0.0,0.0
2016,6,9,5,0,37.0,10.0,4.6,13.0,11.0,9.1,0.0
2016,6,9,5,15,151.0,24.5,4.7,13.0,40.5,19.22,6.53
2016,6,9,5,30,265.0,39.0,4.8,13.0,70.0,30.3,20.32
2016,6,9,5,45,356.5,49.5,4.95,13.5,112.0,39.31,29.01
2016,6,9,6,0,448.0,60.0,5.1,14.0,154.0,46.54,35.8
2016,6,9,6,15,508.5,68.0,5.05,14.0,202.0,76.96,46.09
2016,6,9,6,30,569.0,76.0,5.0,14.0,250.0,124.07,75.6
2016,6,9,6,45,284.5,89.0,4.95,14.0,176.0,123.17,86.76
2016,6,9,7,0,0.0,102.0,4.9,14.0,102.0,89.38,70.55
2016,6,9,7,15,9.0,138.0,4.85,14.0,142.5,123.07,98.41
2016,6,9,7,30,18.0,174.0,4.8,14.0,183.0,158.16,127.16
2016,6,9,7,45,9.0,167.5,4.75,14.5,172.0,150.84,120.65
2016,6,9,8,0,0.0,161.0,4.7,15.0,161.0,142.11,112.93
2016,6,9,8,15,22.0,214.5,4.7,15.0,229.0,200.75,160.59
2016,6,9,8,30,44.0,268.0,4.7,15.0,297.0,265.33,212.36
2016,6,9,8,45,55.0,295.5,4.7,15.5,334.5,300.41,239.49
2016,6,9,9,0,66.0,323.0,4.7,16.0,372.0,336.66,267.27
2016,6,9,9,15,84.5,349.5,4.7,16.0,415.5,378.29,299.61
2016,6,9,9,30,103.0,376.0,4.7,16.0,459.0,421.44,332.82
2016,6,9,9,45,59.0,324.5,4.7,16.5,372.5,344.39,271.35
2016,6,9,10,0,15.0,273.0,4.7,17.0,286.0,257.37,201.62
2016,6,9,10,15,27.0,326.0,4.7,17.0,350.5,324.58,254.27
2016,6,9,10,30,39.0,379.0,4.7,17.0,415.0,386.79,301.99
2016,6,9,10,45,44.0,396.5,4.7,17.0,437.5,409.78,319.21
2016,6,9,11,0,49.0,414.0,4.7,17.0,460.0,432.85,336.54
2016,6,9,11,15,112.5,448.5,4.7,17.0,556.0,537.06,416.52
2016,6,9,11,30,176.0,483.0,4.7,17.0,652.0,632.43,488.05
2016,6,9,11,45,183.0,479.5,4.75,17.0,656.0,637.94,491.98
2016,6,9,12,0,190.0,476.0,4.8,17.0,660.0,642.46,495.64
2016,6,9,12,15,212.0,478.5,4.9,17.0,683.5,666.0,513.8
2016,6,9,12,30,234.0,481.0,5.0,17.0,707.0,688.26,530.93
2016,6,9,12,45,229.0,477.0,5.1,17.0,697.0,677.25,523.17
2016,6,9,13,0,224.0,473.0,5.2,17.0,687.0,665.14,514.74
2016,6,9,13,15,176.0,465.5,5.25,17.0,631.5,609.25,472.61
2016,6,9,13,30,128.0,458.0,5.3,17.0,576.0,554.14,430.76
2016,6,9,13,45,95.5,430.5,5.4,17.0,517.0,485.78,379.22
2016,6,9,14,0,63.0,403.0,5.5,17.0,458.0,428.34,335.24
2016,6,9,14,15,47.5,368.0,5.55,17.0,409.5,379.53,297.89
2016,6,9,14,30,32.0,333.0,5.6,17.0,361.0,331.85,261.0
2016,6,9,14,45,93.0,350.5,5.65,17.0,424.5,391.45,309.51
2016,6,9,15,0,154.0,368.0,5.7,17.0,488.0,451.88,357.71
2016,6,9,15,15,161.5,347.5,5.75,16.5,467.5,429.13,341.19
2016,6,9,15,30,169.0,327.0,5.8,16.0,447.0,405.36,323.76
2016,6,9,15,45,130.5,301.5,5.85,16.0,390.5,349.8,279.81
2016,6,9,16,0,92.0,276.0,5.9,16.0,334.0,294.42,235.72
2016,6,9,16,15,101.5,255.5,5.9,15.5,314.5,274.1,220.02
2016,6,9,16,30,111.0,235.0,5.9,15.0,295.0,254.86,204.71
2016,6,9,16,45,419.5,160.0,5.95,15.0,355.5,295.85,232.72
2016,6,9,17,0,728.0,85.0,6.0,15.0,416.0,299.9,224.79
2016,6,9,17,15,694.0,80.0,5.95,14.5,365.5,239.81,171.07
2016,6,9,17,30,660.0,75.0,5.9,14.0,315.0,185.34,123.1
2016,6,9,17,45,612.5,69.5,5.9,14.0,265.5,132.35,80.0
2016,6,9,18,0,565.0,64.0,5.9,14.0,216.0,84.79,48.09
2016,6,9,18,15,497.0,56.5,5.85,13.5,169.5,43.17,32.93
2016,6,9,18,30,429.0,49.0,5.8,13.0,123.0,38.53,28.51
2016,6,9,18,45,327.0,38.0,5.75,13.0,84.0,30.47,20.75
2016,6,9,19,0,225.0,27.0,5.7,13.0,45.0,22.09,10.95
2016,6,9,19,15,112.5,13.5,5.6,13.0,22.5,12.28,0.0
2016,6,9,19,30,0.0,0.0,5.5,13.0,0.0,0.0,0.0
2016,6,9,19,45,0.0,0.0,5.45,13.0,0.0,0.0,0.0
2016,6,9,20,0,0.0,0.0,5.4,13.0,0.0,0.0,0.0
2016,6,9,20,15,0.0,0.0,5.3,13.0,0.0,0.0,0.0
2016,6,9,20,30,0.0,0.0,5.2,13.0,0.0,0.0,0.0
2016,6,9,20,45,0.0,0.0,5.15,13.0,0.0,0.0,0.0
2016,6,9,21,0,0.0,0.0,5.1,13.0,0.0,0.0,0.0
2016,6,9,21,15,0.0,0.0,4.95,12.5,0.0,0.0,0.0
2016,6,9,21,30,0.0,0.0,4.8,12.0,0.0,0.0,0.0
2016,6,9,21,45,0.0,0.0,4.7,12.0,0.0,0.0,0.0
2016,6,9,22,0,0.0,0.0,4.6,12.0,0.0,0.0,0.0
2016,6,9,22,15,0.0,0.0,4.6,12.0,0.0,0.0,0.0
2016,6,9,22,30,0.0,0.0,4.6,12.0,0.0,0.0,0.0
2016,6,9,22,45,0.0,0.0,4.6,12.0,0.0,0.0,0.0
2016,6,9,23,0,0.0,0.0,4.6,12.0,0.0,0.0,0.0
2016,6,9,23,15,0.0,0.0,4.6,12.0,0.0,0.0,0.0
2016,6,9,23,30,0.0,0.0,4.6,12.0,0.0,0.0,0.0
2016,6,9,23,45,0.0,0.0,4.6,12.0,0.0,0.0,0.0
2016,6,10,0,0,0.0,0.0,4.6,12.0,0.0,0.0,0.0
2016,6,10,0,15,0.0,0.0,4.55,12.0,0.0,0.0,0.0
2016,6,10,0,30,0.0,0.0,4.5,12.0,0.0,0.0,0.0
2016,6,10,0,45,0.0,0.0,4.5,12.0,0.0,0.0,0.0
2016,6,10,1,0,0.0,0.0,4.5,12.0,0.0,0.0,0.0
2016,6,10,1,15,0.0,0.0,4.45,12.0,0.0,0.0,0.0
2016,6,10,1,30,0.0,0.0,4.4,12.0,0.0,0.0,0.0
2016,6,10,1,45,0.0,0.0,4.35,12.0,0.0,0.0,0.0
2016,6,10,2,0,0.0,0.0,4.3,12.0,0.0,0.0,0.0
2016,6,10,2,15,0.0,0.0,4.2,12.0,0.0,0.0,0.0
2016,6,10,2,30,0.0,0.0,4.1,12.0,0.0,0.0,0.0
2016,6,10,2,45,0.0,0.0,4.05,12.0,0.0,0.0,0.0
2016,6,10,3,0,0.0,0.0,4.0,12.0,0.0,0.0,0.0
2016,6,10,3,15,0.0,0.0,3.95,12.0,0.0,0.0,0.0
2016,6,10,3,30,0.0,0.0,3.9,12.0,0.0,0.0,0.0
2016,6,10,3,45,0.0,0.0,3.9,12.0,0.0,0.0,0.0
2016,6,10,4,0,0.0,0.0,3.9,12.0,0.0,0.0,0.0
2016,6,10,4,15,0.0,0.0,4.05,12.0,0.0,0.0,0.0
2016,6,10,4,30,0.0,0.0,4.2,12.0,0.0,0.0,0.0
2016,6,10,4,45,42.5,5.0,4.35,12.0,6.0,0.0,0.0
2016,6,10,5,0,85.0,10.0,4.5,12.0,12.0,9.1,0.0
2016,6,10,5,15,216.0,21.5,4.7,12.5,42.5,17.37,5.41
2016,6,10,5,30,347.0,33.0,4.9,13.0,73.0,26.43,17.01
2016,6,10,5,45,428.0,42.0,5.1,13.5,115.5,32.85,23.32
2016,6,10,6,0,509.0,51.0,5.3,14.0,158.0,39.03,29.13
2016,6,10,6,15,565.0,57.0,5.4,14.0,205.5,69.8,38.62
2016,6,10,6,30,621.0,63.0,5.5,14.0,253.0,117.96,68.27
2016,6,10,6,45,412.5,110.0,5.6,14.5,246.0,161.65,113.31
2016,6,10,7,0,204.0,157.0,5.7,15.0,239.0,180.7,138.97
2016,6,10,7,15,145.5,180.5,5.7,15.0,243.0,198.15,156.44
2016,6,10,7,30,87.0,204.0,5.7,15.0,247.0,207.57,166.12
2016,6,10,7,45,173.0,223.5,5.75,15.5,320.0,267.66,214.08
2016,6,10,8,0,259.0,243.0,5.8,16.0,393.0,338.53,270.89
2016,6,10,8,15,189.0,270.5,5.8,16.0,385.0,340.58,272.97
2016,6,10,8,30,119.0,298.0,5.8,16.0,377.0,337.96,270.42
2016,6,10,8,45,106.5,316.5,5.8,16.5,390.5,350.57,279.51
2016,6,10,9,0,94.0,335.0,5.8,17.0,404.0,365.79,290.35
2016,6,10,9,15,483.5,221.5,5.8,17.0,605.0,556.99,446.33
2016,6,10,9,30,873.0,108.0,5.8,17.0,806.0,755.72,602.29
2016,6,10,9,45,884.5,108.5,5.85,17.5,840.5,798.04,630.84
2016,6,10,10,0,896.0,109.0,5.9,18.0,875.0,838.23,658.22
2016,6,10,10,15,903.0,110.0,5.95,18.0,903.0,872.77,682.55
2016,6,10,10,30,910.0,111.0,6.0,18.0,931.0,904.49,704.8
2016,6,10,10,45,914.5,112.0,6.05,18.0,952.0,930.99,723.28
2016,6,10,11,0,919.0,113.0,6.1,18.0,973.0,954.24,739.48
2016,6,10,11,15,922.5,114.0,6.1,18.0,987.5,973.19,752.39
2016,6,10,11,30,926.0,115.0,6.1,18.0,1002.0,988.67,762.92
2016,6,10,11,45,928.0,115.0,6.2,18.0,1009.0,998.24,769.96
2016,6,10,12,0,930.0,115.0,6.3,18.0,1016.0,1004.22,774.61
2016,6,10,12,15,931.0,115.0,6.3,18.0,1015.5,1005.63,775.57
2016,6,10,12,30,932.0,115.0,6.3,18.0,1015.0,1003.43,774.1
2016,6,10,12,45,733.0,243.5,6.35,18.0,947.0,949.1,735.93
2016,6,10,13,0,534.0,372.0,6.4,18.0,879.0,875.49,677.7
2016,6,10,13,15,712.5,253.5,6.4,18.0,918.5,918.63,715.2
2016,6,10,13,30,891.0,135.0,6.4,18.0,958.0,936.56,728.88
2016,6,10,13,45,682.5,240.5,6.45,18.0,862.0,847.68,664.06
2016,6,10,14,0,474.0,346.0,6.5,18.0,766.0,747.97,585.71
2016,6,10,14,15,411.0,360.0,6.55,17.5,715.5,692.28,544.65
2016,6,10,14,30,348.0,374.0,6.6,17.0,665.0,633.01,500.2
2016,6,10,14,45,365.5,349.0,6.65,17.0,643.0,607.55,482.01
2016,6,10,15,0,383.0,324.0,6.7,17.0,621.0,579.7,461.58
2016,6,10,15,15,410.0,294.0,6.75,17.0,597.0,556.79,444.66
2016,6,10,15,30,437.0,264.0,6.8,17.0,573.0,524.74,420.23
2016,6,10,15,45,467.0,234.5,6.85,17.0,545.5,491.29,394.01
2016,6,10,16,0,497.0,205.0,6.9,17.0,518.0,453.92,363.78
2016,6,10,16,15,526.5,177.5,6.9,16.5,486.0,414.13,331.06
2016,6,10,16,30,556.0,150.0,6.9,16.0,454.0,373.18,295.96
2016,6,10,16,45,634.5,121.5,6.95,16.0,436.5,341.85,265.74
2016,6,10,17,0,713.0,93.0,7.0,16.0,419.0,300.81,225.48
2016,6,10,17,15,677.5,88.0,6.9,15.5,368.0,243.44,174.29
2016,6,10,17,30,642.0,83.0,6.8,15.0,317.0,189.57,127.08
2016,6,10,17,45,590.5,77.0,6.7,14.5,267.0,136.63,84.44
2016,6,10,18,0,539.0,71.0,6.6,14.0,217.0,89.67,52.95
2016,6,10,18,15,468.0,62.5,6.35,13.5,170.0,48.14,37.36
2016,6,10,18,30,397.0,54.0,6.1,13.0,123.0,42.86,32.34
2016,6,10,18,45,288.5,42.0,5.9,13.0,83.5,32.52,22.55
2016,6,10,19,0,180.0,30.0,5.7,13.0,44.0,23.5,12.22
2016,6,10,19,15,90.0,15.0,5.5,12.5,22.0,13.64,0.0
2016,6,10,19,30,0.0,0.0,5.3,12.0,0.0,0.0,0.0
2016,6,10,19,45,0.0,0.0,5.15,12.0,0.0,0.0,0.0
2016,6,10,20,0,0.0,0.0,5.0,12.0,0.0,0.0,0.0
2016,6,10,20,15,0.0,0.0,4.95,12.0,0.0,0.0,0.0
2016,6,10,20,30,0.0,0.0,4.9,12.0,0.0,0.0,0.0
2016,6,10,20,45,0.0,0.0,4.85,12.0,0.0,0.0,0.0
2016,6,10,21,0,0.0,0.0,4.8,12.0,0.0,0.0,0.0
2016,6,10,21,15,0.0,0.0,4.8,12.0,0.0,0.0,0.0
2016,6,10,21,30,0.0,0.0,4.8,12.0,0.0,0.0,0.0
2016,6,10,21,45,0.0,0.0,4.8,12.0,0.0,0.0,0.0
2016,6,10,22,0,0.0,0.0,4.8,12.0,0.0,0.0,0.0
2016,6,10,22,15,0.0,0.0,4.85,12.0,0.0,0.0,0.0
2016,6,10,22,30,0.0,0.0,4.9,12.0,0.0,0.0,0.0
2016,6,10,22,45,0.0,0.0,4.95,12.0,0.0,0.0,0.0
2016,6,10,23,0,0.0,0.0,5.0,12.0,0.0,0.0,0.0
2016,6,10,23,15,0.0,0.0,4.95,11.5,0.0,0.0,0.0
2016,6,10,23,30,0.0,0.0,4.9,11.0,0.0,0.0,0.0
2016,6,10,23,45,0.0,0.0,4.85,11.0,0.0,0.0,0.0
2016,6,11,0,0,0.0,0.0,4.8,11.0,0.0,0.0,0.0
2016,6,11,0,15,0.0,0.0,4.65,11.0,0.0,0.0,0.0
2016,6,11,0,30,0.0,0.0,4.5,11.0,0.0,0.0,0.0
2016,6,11,0,45,0.0,0.0,4.4,11.0,0.0,0.0,0.0
2016,6,11,1,0,0.0,0.0,4.3,11.0,0.0,0.0,0.0
2016,6,11,1,15,0.0,0.0,4.2,11.0,0.0,0.0,0.0
2016,6,11,1,30,0.0,0.0,4.1,11.0,0.0,0.0,0.0
2016,6,11,1,45,0.0,0.0,4.0,11.0,0.0,0.0,0.0
2016,6,11,2,0,0.0,0.0,3.9,11.0,0.0,0.0,0.0
2016,6,11,2,15,0.0,0.0,3.75,11.0,0.0,0.0,0.0
2016,6,11,2,30,0.0,0.0,3.6,11.0,0.0,0.0,0.0
2016,6,11,2,45,0.0,0.0,3.5,11.0,0.0,0.0,0.0
2016,6,11,3,0,0.0,0.0,3.4,11.0,0.0,0.0,0.0
2016,6,11,3,15,0.0,0.0,3.3,11.0,0.0,0.0,0.0
2016,6,11,3,30,0.0,0.0,3.2,11.0,0.0,0.0,0.0
2016,6,11,3,45,0.0,0.0,3.1,11.0,0.0,0.0,0.0
2016,6,11,4,0,0.0,0.0,3.0,11.0,0.0,0.0,0.0
2016,6,11,4,15,0.0,0.0,2.95,11.0,0.0,0.0,0.0
2016,6,11,4,30,0.0,0.0,2.9,11.0,0.0,0.0,0.0
2016,6,11,4,45,19.0,5.0,2.9,11.5,5.5,0.0,0.0
2016,6,11,5,0,38.0,10.0,2.9,12.0,11.0,9.1,0.0
2016,6,11,5,15,153.0,24.5,2.95,12.0,40.5,19.22,6.64
2016,6,11,5,30,268.0,39.0,3.0,12.0,70.0,30.31,20.45
2016,6,11,5,45,363.0,49.5,3.05,12.5,113.0,39.33,29.17
2016,6,11,6,0,458.0,60.0,3.1,13.0,156.0,46.57,36.0
2016,6,11,6,15,518.5,67.5,3.05,13.5,204.0,76.05,45.48
2016,6,11,6,30,579.0,75.0,3.0,14.0,252.0,123.19,74.44
2016,6,11,6,45,625.5,80.0,3.0,14.5,303.0,172.96,113.07
2016,6,11,7,0,672.0,85.0,3.0,15.0,354.0,227.88,159.65
2016,6,11,7,15,703.0,90.0,3.0,15.5,404.5,283.24,208.49
2016,6,11,7,30,734.0,95.0,3.0,16.0,455.0,341.37,259.36
2016,6,11,7,45,758.5,98.5,3.0,16.5,504.5,399.83,309.58
2016,6,11,8,0,783.0,102.0,3.0,17.0,554.0,457.53,357.81
2016,6,11,8,15,800.5,105.0,2.9,17.5,600.5,512.31,402.1
2016,6,11,8,30,818.0,108.0,2.8,18.0,647.0,567.15,444.85
2016,6,11,8,45,832.5,110.0,2.75,18.5,690.5,618.98,484.04
2016,6,11,9,0,847.0,112.0,2.7,19.0,734.0,667.66,519.71
2016,6,11,9,15,857.5,114.5,2.6,19.5,772.0,714.58,552.68
2016,6,11,9,30,868.0,117.0,2.5,20.0,810.0,759.8,582.66
2016,6,11,9,45,873.0,120.5,2.45,20.5,842.5,799.75,607.74
2016,6,11,10,0,878.0,124.0,2.4,21.0,875.0,837.16,630.69
2016,6,11,10,15,699.5,234.0,2.4,21.5,844.5,830.13,622.22
2016,6,11,10,30,521.0,344.0,2.4,22.0,814.0,797.69,593.79
2016,6,11,10,45,490.0,364.5,2.4,22.5,814.0,803.62,595.77
2016,6,11,11,0,459.0,385.0,2.4,23.0,814.0,806.12,595.07
2016,6,11,11,15,496.5,381.0,2.45,23.0,851.5,846.38,623.0
2016,6,11,11,30,534.0,377.0,2.5,23.0,889.0,885.38,649.58
2016,6,11,11,45,483.0,394.0,2.6,23.0,859.0,858.3,630.59
2016,6,11,12,0,432.0,411.0,2.7,23.0,829.0,828.15,609.91
2016,6,11,12,15,668.0,271.5,2.9,23.0,917.0,921.96,681.65
2016,6,11,12,30,904.0,132.0,3.1,23.0,1005.0,992.46,730.08
2016,6,11,12,45,911.0,126.0,3.35,23.0,999.0,986.95,727.93
2016,6,11,13,0,918.0,120.0,3.6,23.0,993.0,977.71,723.91
2016,6,11,13,15,915.0,119.5,3.75,23.0,977.5,960.72,714.0
2016,6,11,13,30,912.0,119.0,3.9,23.0,962.0,940.31,701.8
2016,6,11,13,45,905.5,119.0,4.1,23.0,939.0,913.99,685.77
2016,6,11,14,0,899.0,119.0,4.3,23.0,916.0,884.62,667.48
2016,6,11,14,15,893.0,118.0,4.35,23.0,887.0,851.83,645.97
2016,6,11,14,30,887.0,117.0,4.4,23.0,858.0,816.3,622.4
2016,6,11,14,45,875.0,116.5,4.45,23.0,822.0,774.17,594.02
2016,6,11,15,0,863.0,116.0,4.5,23.0,786.0,730.14,563.58
2016,6,11,15,15,851.5,113.5,4.5,22.5,746.0,682.91,529.78
2016,6,11,15,30,840.0,111.0,4.5,22.0,706.0,636.09,495.29
2016,6,11,15,45,820.0,110.5,4.55,22.0,660.5,582.6,454.01
2016,6,11,16,0,800.0,110.0,4.6,22.0,615.0,529.0,411.53
2016,6,11,16,15,780.5,106.5,4.55,21.5,567.0,473.02,366.59
2016,6,11,16,30,761.0,103.0,4.5,21.0,519.0,417.54,320.64
2016,6,11,16,45,731.0,99.5,4.5,20.5,468.5,356.97,269.64
2016,6,11,17,0,701.0,96.0,4.5,20.0,418.0,300.4,220.75
2016,6,11,17,15,666.0,90.5,4.45,19.0,367.0,243.38,171.59
2016,6,11,17,30,631.0,85.0,4.4,18.0,316.0,189.82,125.9
2016,6,11,17,45,581.5,78.5,4.35,17.5,266.0,137.32,84.22
2016,6,11,18,0,532.0,72.0,4.3,17.0,216.0,90.57,53.11
2016,6,11,18,15,463.0,63.0,4.1,16.5,169.5,48.49,37.22
2016,6,11,18,30,394.0,54.0,3.9,16.0,123.0,42.78,31.9
2016,6,11,18,45,293.5,41.5,3.75,15.5,84.0,32.13,22.0
2016,6,11,19,0,193.0,29.0,3.6,15.0,45.0,22.71,11.69
2016,6,11,19,15,96.5,14.5,3.45,14.5,22.5,13.19,0.0
2016,6,11,19,30,0.0,0.0,3.3,14.0,0.0,0.0,0.0
2016,6,11,19,45,0.0,0.0,3.15,14.0,0.0,0.0,0.0
2016,6,11,20,0,0.0,0.0,3.0,14.0,0.0,0.0,0.0
2016,6,11,20,15,0.0,0.0,3.0,14.0,0.0,0.0,0.0
2016,6,11,20,30,0.0,0.0,3.0,14.0,0.0,0.0,0.0
2016,6,11,20,45,0.0,0.0,3.0,14.0,0.0,0.0,0.0
2016,6,11,21,0,0.0,0.0,3.0,14.0,0.0,0.0,0.0
2016,6,11,21,15,0.0,0.0,3.05,13.5,0.0,0.0,0.0
2016,6,11,21,30,0.0,0.0,3.1,13.0,0.0,0.0,0.0
2016,6,11,21,45,0.0,0.0,3.15,13.0,0.0,0.0,0.0
2016,6,11,22,0,0.0,0.0,3.2,13.0,0.0,0.0,0.0
2016,6,11,22,15,0.0,0.0,3.2,13.0,0.0,0.0,0.0
2016,6,11,22,30,0.0,0.0,3.2,13.0,0.0,0.0,0.0
2016,6,11,22,45,0.0,0.0,3.2,13.0,0.0,0.0,0.0
2016,6,11,23,0,0.0,0.0,3.2,13.0,0.0,0.0,0.0
2016,6,11,23,15,0.0,0.0,3.2,13.0,0.0,0.0,0.0
2016,6,11,23,30,0.0,0.0,3.2,13.0,0.0,0.0,0.0
2016,6,11,23,45,0.0,0.0,3.2,13.0,0.0,0.0,0.0
2016,6,12,0,0,0.0,0.0,3.2,13.0,0.0,0.0,0.0
2016,6,12,0,15,0.0,0.0,3.2,12.5,0.0,0.0,0.0
2016,6,12,0,30,0.0,0.0,3.2,12.0,0.0,0.0,0.0
2016,6,12,0,45,0.0,0.0,3.25,12.0,0.0,0.0,0.0
2016,6,12,1,0,0.0,0.0,3.3,12.0,0.0,0.0,0.0
2016,6,12,1,15,0.0,0.0,3.3,12.0,0.0,0.0,0.0
2016,6,12,1,30,0.0,0.0,3.3,12.0,0.0,0.0,0.0
2016,6,12,1,45,0.0,0.0,3.35,12.0,0.0,0.0,0.0
2016,6,12,2,0,0.0,0.0,3.4,12.0,0.0,0.0,0.0
2016,6,12,2,15,0.0,0.0,3.45,12.0,0.0,0.0,0.0
2016,6,12,2,30,0.0,0.0,3.5,12.0,0.0,0.0,0.0
2016,6,12,2,45,0.0,0.0,3.55,12.0,0.0,0.0,0.0
2016,6,12,3,0,0.0,0.0,3.6,12.0,0.0,0.0,0.0
2016,6,12,3,15,0.0,0.0,3.55,12.0,0.0,0.0,0.0
2016,6,12,3,30,0.0,0.0,3.5,12.0,0.0,0.0,0.0
2016,6,12,3,45,0.0,0.0,3.5,12.0,0.0,0.0,0.0
2016,6,12,4,0,0.0,0.0,3.5,12.0,0.0,0.0,0.0
2016,6,12,4,15,0.0,0.0,3.5,12.0,0.0,0.0,0.0
2016,6,12,4,30,0.0,0.0,3.5,12.0,0.0,0.0,0.0
2016,6,12,4,45,10.5,5.0,3.5,12.0,5.5,0.0,0.0
2016,6,12,5,0,21.0,10.0,3.5,12.0,11.0,9.1,0.0
2016,6,12,5,15,122.5,26.5,3.55,12.5,40.0,20.78,7.59
2016,6,12,5,30,224.0,43.0,3.6,13.0,69.0,33.36,22.95
2016,6,12,5,45,318.5,54.5,3.7,13.5,111.0,41.7,31.12
2016,6,12,6,0,413.0,66.0,3.8,14.0,153.0,49.82,38.72
2016,6,12,6,15,475.5,75.0,3.8,14.0,201.0,80.15,50.22
2016,6,12,6,30,538.0,84.0,3.8,14.0,249.0,126.13,78.76
2016,6,12,6,45,591.0,89.0,3.8,14.5,300.0,174.5,115.93
2016,6,12,7,0,644.0,94.0,3.8,15.0,351.0,228.87,161.66
2016,6,12,7,15,676.5,99.0,3.7,15.0,402.0,283.09,209.77
2016,6,12,7,30,709.0,104.0,3.6,15.0,453.0,340.29,260.33
2016,6,12,7,45,738.5,106.5,3.55,15.5,503.0,396.67,309.04
2016,6,12,8,0,768.0,109.0,3.5,16.0,553.0,456.54,359.16
2016,6,12,8,15,786.5,112.5,3.4,16.0,600.0,511.55,404.73
2016,6,12,8,30,805.0,116.0,3.3,16.0,647.0,566.76,449.09
2016,6,12,8,45,821.5,118.0,3.25,16.5,690.5,619.24,489.34
2016,6,12,9,0,838.0,120.0,3.2,17.0,734.0,671.12,527.87
2016,6,12,9,15,849.0,122.0,3.2,17.0,772.5,718.28,563.05
2016,6,12,9,30,860.0,124.0,3.2,17.0,811.0,759.72,593.05
2016,6,12,9,45,876.0,121.0,3.2,17.5,846.0,801.85,620.73
2016,6,12,10,0,892.0,118.0,3.2,18.0,881.0,842.16,646.73
2016,6,12,10,15,898.0,119.5,3.25,18.0,908.0,876.27,669.67
2016,6,12,10,30,904.0,121.0,3.3,18.0,935.0,907.52,690.58
2016,6,12,10,45,908.0,122.0,3.35,18.5,955.5,933.48,706.5
2016,6,12,11,0,912.0,123.0,3.4,19.0,976.0,956.2,720.18
2016,6,12,11,15,914.5,123.5,3.5,19.0,989.0,973.7,732.09
2016,6,12,11,30,917.0,124.0,3.6,19.0,1002.0,987.73,741.78
2016,6,12,11,45,916.5,125.0,3.7,19.0,1007.5,995.87,747.6
2016,6,12,12,0,916.0,126.0,3.8,19.0,1013.0,1000.44,751.17
2016,6,12,12,15,915.5,126.0,3.85,19.0,1011.5,1000.52,751.5
2016,6,12,12,30,915.0,126.0,3.9,19.0,1010.0,997.05,749.57
2016,6,12,12,45,910.0,127.5,3.95,19.0,1000.0,987.19,743.44
2016,6,12,13,0,905.0,129.0,4.0,19.0,990.0,973.89,735.08
2016,6,12,13,15,901.0,128.5,3.95,19.0,973.5,956.25,723.25
2016,6,12,13,30,897.0,128.0,3.9,19.0,957.0,935.28,709.23
2016,6,12,13,45,891.5,127.0,3.9,19.0,934.0,909.29,692.07
2016,6,12,14,0,886.0,126.0,3.9,19.0,911.0,880.25,672.8
2016,6,12,14,15,878.5,124.5,3.85,19.0,881.5,846.2,649.7
2016,6,12,14,30,871.0,123.0,3.8,19.0,852.0,809.55,624.69
2016,6,12,14,45,861.5,121.0,3.75,19.0,816.5,768.51,596.39
2016,6,12,15,0,852.0,119.0,3.7,19.0,781.0,725.42,565.8
2016,6,12,15,15,839.5,116.5,3.6,18.5,740.5,680.72,533.17
2016,6,12,15,30,827.0,114.0,3.5,18.0,700.0,631.29,496.29
2016,6,12,15,45,811.5,111.5,3.45,18.0,655.5,579.09,455.57
2016,6,12,16,0,796.0,109.0,3.4,18.0,611.0,526.4,413.4
2016,6,12,16,15,776.0,105.5,3.3,17.5,563.5,470.44,368.18
2016,6,12,16,30,756.0,102.0,3.2,17.0,516.0,415.03,322.01
2016,6,12,16,45,729.5,97.5,3.15,17.0,466.0,355.11,270.61
2016,6,12,17,0,703.0,93.0,3.1,17.0,416.0,298.82,221.15
2016,6,12,17,15,668.0,88.0,3.0,16.5,365.5,242.18,171.68
2016,6,12,17,30,633.0,83.0,2.9,16.0,315.0,188.97,125.79
2016,6,12,17,45,585.5,76.0,2.85,16.0,265.5,136.16,83.41
2016,6,12,18,0,538.0,69.0,2.8,16.0,216.0,88.85,51.48
2016,6,12,18,15,470.0,60.5,2.75,15.5,170.0,46.3,35.45
2016,6,12,18,30,402.0,52.0,2.7,15.0,124.0,40.94,30.44
2016,6,12,18,45,304.0,40.5,2.65,15.0,85.0,32.54,22.45
2016,6,12,19,0,206.0,29.0,2.6,15.0,46.0,22.72,11.86
2016,6,12,19,15,103.0,14.5,2.6,14.5,23.0,13.19,0.0
2016,6,12,19,30,0.0,0.0,2.6,14.0,0.0,0.0,0.0
2016,6,12,19,45,0.0,0.0,2.6,14.0,0.0,0.0,0.0
2016,6,12,20,0,0.0,0.0,2.6,14.0,0.0,0.0,0.0
2016,6,12,20,15,0.0,0.0,2.6,13.5,0.0,0.0,0.0
2016,6,12,20,30,0.0,0.0,2.6,13.0,0.0,0.0,0.0
2016,6,12,20,45,0.0,0.0,2.65,13.0,0.0,0.0,0.0
2016,6,12,21,0,0.0,0.0,2.7,13.0,0.0,0.0,0.0
2016,6,12,21,15,0.0,0.0,2.7,13.0,0.0,0.0,0.0
2016,6,12,21,30,0.0,0.0,2.7,13.0,0.0,0.0,0.0
2016,6,12,21,45,0.0,0.0,2.7,13.0,0.0,0.0,0.0
2016,6,12,22,0,0.0,0.0,2.7,13.0,0.0,0.0,0.0
2016,6,12,22,15,0.0,0.0,2.65,12.5,0.0,0.0,0.0
2016,6,12,22,30,0.0,0.0,2.6,12.0,0.0,0.0,0.0
2016,6,12,22,45,0.0,0.0,2.6,12.0,0.0,0.0,0.0
2016,6,12,23,0,0.0,0.0,2.6,12.0,0.0,0.0,0.0
2016,6,12,23,15,0.0,0.0,2.55,12.0,0.0,0.0,0.0
2016,6,12,23,30,0.0,0.0,2.5,12.0,0.0,0.0,0.0
2016,6,12,23,45,0.0,0.0,2.45,12.0,0.0,0.0,0.0
2016,6,13,0,0,0.0,0.0,2.4,12.0,0.0,0.0,0.0
2016,6,13,0,15,0.0,0.0,2.4,12.0,0.0,0.0,0.0
2016,6,13,0,30,0.0,0.0,2.4,12.0,0.0,0.0,0.0
2016,6,13,0,45,0.0,0.0,2.4,12.0,0.0,0.0,0.0
2016,6,13,1,0,0.0,0.0,2.4,12.0,0.0,0.0,0.0
2016,6,13,1,15,0.0,0.0,2.4,12.0,0.0,0.0,0.0
2016,6,13,1,30,0.0,0.0,2.4,12.0,0.0,0.0,0.0
2016,6,13,1,45,0.0,0.0,2.45,12.0,0.0,0.0,0.0
2016,6,13,2,0,0.0,0.0,2.5,12.0,0.0,0.0,0.0
2016,6,13,2,15,0.0,0.0,2.6,12.0,0.0,0.0,0.0
2016,6,13,2,30,0.0,0.0,2.7,12.0,0.0,0.0,0.0
2016,6,13,2,45,0.0,0.0,2.8,12.0,0.0,0.0,0.0
2016,6,13,3,0,0.0,0.0,2.9,12.0,0.0,0.0,0.0
2016,6,13,3,15,0.0,0.0,2.95,12.0,0.0,0.0,0.0
2016,6,13,3,30,0.0,0.0,3.0,12.0,0.0,0.0,0.0
2016,6,13,3,45,0.0,0.0,3.1,12.0,0.0,0.0,0.0
2016,6,13,4,0,0.0,0.0,3.2,12.0,0.0,0.0,0.0
2016,6,13,4,15,0.0,0.0,3.3,12.0,0.0,0.0,0.0
2016,6,13,4,30,0.0,0.0,3.4,12.0,0.0,0.0,0.0
2016,6,13,4,45,24.0,5.0,3.5,12.0,6.0,0.0,0.0
2016,6,13,5,0,48.0,10.0,3.6,12.0,12.0,9.1,0.0
2016,6,13,5,15,162.5,24.0,3.55,12.0,41.0,18.84,6.34
2016,6,13,5,30,277.0,38.0,3.5,12.0,70.0,29.55,19.78
2016,6,13,5,45,372.0,47.5,3.45,12.5,112.5,37.56,27.6
2016,6,13,6,0,467.0,57.0,3.4,13.0,155.0,44.01,33.71
2016,6,13,6,15,526.0,64.0,3.35,13.0,202.5,72.41,42.67
2016,6,13,6,30,585.0,71.0,3.3,13.0,250.0,119.28,71.29
2016,6,13,6,45,292.5,83.0,3.3,13.5,172.5,118.29,82.3
2016,6,13,7,0,0.0,95.0,3.3,14.0,95.0,83.43,65.49
2016,6,13,7,15,1.5,124.0,3.45,14.0,125.0,109.01,86.77
2016,6,13,7,30,3.0,153.0,3.6,14.0,155.0,135.01,108.1
2016,6,13,7,45,38.5,198.5,3.8,14.5,221.0,190.12,152.5
2016,6,13,8,0,74.0,244.0,4.0,15.0,287.0,249.34,199.78
2016,6,13,8,15,48.0,242.0,4.15,15.0,271.0,240.12,192.12
2016,6,13,8,30,22.0,240.0,4.3,15.0,255.0,224.86,179.4
2016,6,13,8,45,26.5,262.5,4.45,15.5,281.5,252.94,201.29
2016,6,13,9,0,31.0,285.0,4.6,16.0,308.0,278.72,221.06
2016,6,13,9,15,101.5,333.5,4.7,16.0,414.0,374.79,297.53
2016,6,13,9,30,172.0,382.0,4.8,16.0,520.0,483.65,382.23
2016,6,13,9,45,143.0,397.0,4.9,16.0,514.5,483.82,381.06
2016,6,13,10,0,114.0,412.0,5.0,16.0,509.0,481.43,378.19
2016,6,13,10,15,99.0,420.0,5.1,16.0,506.5,473.47,371.55
2016,6,13,10,30,84.0,428.0,5.2,16.0,504.0,472.01,369.8
2016,6,13,10,45,198.0,434.5,5.35,16.0,618.5,592.27,464.04
2016,6,13,11,0,312.0,441.0,5.5,16.0,733.0,716.87,559.11
2016,6,13,11,15,349.5,429.0,5.65,16.0,760.5,746.74,582.0
2016,6,13,11,30,387.0,417.0,5.8,16.0,788.0,775.94,604.79
2016,6,13,11,45,656.5,268.5,5.95,16.0,902.5,903.75,706.61
2016,6,13,12,0,926.0,120.0,6.1,16.0,1017.0,1004.0,779.76
2016,6,13,12,15,926.0,120.0,6.15,16.0,1016.0,1004.62,779.95
2016,6,13,12,30,926.0,120.0,6.2,16.0,1015.0,1001.64,778.22
2016,6,13,12,45,925.0,119.0,6.3,16.0,1006.5,993.17,773.0
2016,6,13,13,0,924.0,118.0,6.4,16.0,998.0,981.13,765.31
2016,6,13,13,15,920.5,117.5,6.4,16.0,981.5,963.7,753.26
2016,6,13,13,30,917.0,117.0,6.4,16.0,965.0,942.85,738.83
2016,6,13,13,45,910.5,117.0,6.45,16.5,941.5,916.53,719.31
2016,6,13,14,0,904.0,117.0,6.5,17.0,918.0,887.14,697.62
2016,6,13,14,15,897.0,115.5,6.55,16.5,888.5,853.02,675.05
2016,6,13,14,30,890.0,114.0,6.6,16.0,859.0,816.21,650.24
2016,6,13,14,45,876.5,114.5,6.7,16.0,822.5,773.91,620.0
2016,6,13,15,0,863.0,115.0,6.8,16.0,786.0,729.79,587.65
2016,6,13,15,15,851.0,112.5,6.8,15.5,746.0,682.32,551.58
2016,6,13,15,30,839.0,110.0,6.8,15.0,706.0,635.27,514.87
2016,6,13,15,45,828.0,106.0,6.8,15.0,662.0,583.71,472.8
2016,6,13,16,0,817.0,102.0,6.8,15.0,618.0,531.19,428.9
2016,6,13,16,15,797.5,98.5,6.8,15.0,570.5,474.45,380.51
2016,6,13,16,30,778.0,95.0,6.8,15.0,523.0,418.17,331.28
2016,6,13,16,45,762.0,88.5,6.8,15.0,474.5,361.11,280.24
2016,6,13,17,0,746.0,82.0,6.8,15.0,426.0,304.73,228.8
2016,6,13,17,15,713.0,77.5,6.8,14.5,375.0,246.95,176.78
2016,6,13,17,30,680.0,73.0,6.8,14.0,324.0,189.48,125.98
2016,6,13,17,45,632.0,68.0,6.85,14.0,273.5,135.63,81.83
2016,6,13,18,0,584.0,63.0,6.9,14.0,223.0,87.22,48.87
2016,6,13,18,15,517.5,56.0,6.8,13.5,176.0,42.72,32.55
2016,6,13,18,30,451.0,49.0,6.7,13.0,129.0,38.38,28.42
2016,6,13,18,45,339.5,39.0,6.65,13.0,89.0,31.2,21.47
2016,6,13,19,0,228.0,29.0,6.6,13.0,49.0,22.74,12.12
2016,6,13,19,15,114.0,14.5,6.6,13.0,24.5,11.44,0.0
2016,6,13,19,30,0.0,0.0,6.6,13.0,0.0,0.0,0.0
2016,6,13,19,45,0.0,0.0,6.65,13.0,0.0,0.0,0.0
2016,6,13,20,0,0.0,0.0,6.7,13.0,0.0,0.0,0.0
2016,6,13,20,15,0.0,0.0,6.65,12.5,0.0,0.0,0.0
2016,6,13,20,30,0.0,0.0,6.6,12.0,0.0,0.0,0.0
2016,6,13,20,45,0.0,0.0,6.55,12.0,0.0,0.0,0.0
2016,6,13,21,0,0.0,0.0,6.5,12.0,0.0,0.0,0.0
2016,6,13,21,15,0.0,0.0,6.5,12.0,0.0,0.0,0.0
2016,6,13,21,30,0.0,0.0,6.5,12.0,0.0,0.0,0.0
2016,6,13,21,45,0.0,0.0,6.5,12.0,0.0,0.0,0.0
2016,6,13,22,0,0.0,0.0,6.5,12.0,0.0,0.0,0.0
2016,6,13,22,15,0.0,0.0,6.5,12.0,0.0,0.0,0.0
2016,6,13,22,30,0.0,0.0,6.5,12.0,0.0,0.0,0.0
2016,6,13,22,45,0.0,0.0,6.55,12.0,0.0,0.0,0.0
2016,6,13,23,0,0.0,0.0,6.6,12.0,0.0,0.0,0.0
2016,6,13,23,15,0.0,0.0,6.6,12.0,0.0,0.0,0.0
2016,6,13,23,30,0.0,0.0,6.6,12.0,0.0,0.0,0.0
2016,6,13,23,45,0.0,0.0,6.6,12.0,0.0,0.0,0.0
2016,6,14,0,0,0.0,0.0,6.6,12.0,0.0,0.0,0.0
2016,6,14,0,15,0.0,0.0,6.55,12.0,0.0,0.0,0.0
2016,6,14,0,30,0.0,0.0,6.5,12.0,0.0,0.0,0.0
2016,6,14,0,45,0.0,0.0,6.45,12.0,0.0,0.0,0.0
2016,6,14,1,0,0.0,0.0,6.4,12.0,0.0,0.0,0.0
2016,6,14,1,15,0.0,0.0,6.35,12.0,0.0,0.0,0.0
2016,6,14,1,30,0.0,0.0,6.3,12.0,0.0,0.0,0.0
2016,6,14,1,45,0.0,0.0,6.3,12.0,0.0,0.0,0.0
2016,6,14,2,0,0.0,0.0,6.3,12.0,0.0,0.0,0.0
2016,6,14,2,15,0.0,0.0,6.15,11.5,0.0,0.0,0.0
2016,6,14,2,30,0.0,0.0,6.0,11.0,0.0,0.0,0.0
2016,6,14,2,45,0.0,0.0,5.85,11.0,0.0,0.0,0.0
2016,6,14,3,0,0.0,0.0,5.7,11.0,0.0,0.0,0.0
2016,6,14,3,15,0.0,0.0,5.6,11.0,0.0,0.0,0.0
2016,6,14,3,30,0.0,0.0,5.5,11.0,0.0,0.0,0.0
2016,6,14,3,45,0.0,0.0,5.4,11.0,0.0,0.0,0.0
2016,6,14,4,0,0.0,0.0,5.3,11.0,0.0,0.0,0.0
2016,6,14,4,15,0.0,0.0,5.35,11.0,0.0,0.0,0.0
2016,6,14,4,30,0.0,0.0,5.4,11.0,0.0,0.0,0.0
2016,6,14,4,45,21.5,5.5,5.45,11.5,6.0,0.0,0.0
2016,6,14,5,0,43.0,11.0,5.5,12.0,12.0,10.01,0.0
2016,6,14,5,15,162.5,24.5,5.5,12.0,41.5,19.24,6.52
2016,6,14,5,30,282.0,38.0,5.5,12.0,71.0,29.56,19.76
2016,6,14,5,45,385.5,46.5,5.5,12.5,114.0,36.71,26.83
2016,6,14,6,0,489.0,55.0,5.5,13.0,157.0,42.38,32.23
2016,6,14,6,15,547.5,61.5,5.5,13.0,205.0,70.73,40.88
2016,6,14,6,30,606.0,68.0,5.5,13.0,253.0,118.33,69.74
2016,6,14,6,45,654.5,71.5,5.5,13.5,304.0,168.54,108.77
2016,6,14,7,0,703.0,75.0,5.5,14.0,355.0,226.66,158.61
2016,6,14,7,15,692.0,84.5,5.55,14.0,391.5,273.15,202.79
2016,6,14,7,30,681.0,94.0,5.6,14.0,428.0,320.28,247.17
2016,6,14,7,45,744.5,91.0,5.7,14.5,491.5,385.1,303.31
2016,6,14,8,0,808.0,88.0,5.8,15.0,555.0,453.36,361.41
2016,6,14,8,15,824.5,91.0,5.8,15.0,601.5,508.8,409.02
2016,6,14,8,30,841.0,94.0,5.8,15.0,648.0,563.67,454.95
2016,6,14,8,45,853.5,96.0,5.8,15.5,690.5,614.69,495.82
2016,6,14,9,0,866.0,98.0,5.8,16.0,733.0,664.65,534.71
2016,6,14,9,15,876.0,100.0,5.8,16.0,771.5,711.57,571.33
2016,6,14,9,30,886.0,102.0,5.8,16.0,810.0,756.71,604.68
2016,6,14,9,45,891.0,105.0,5.8,16.5,842.5,796.95,632.27
2016,6,14,10,0,896.0,108.0,5.8,17.0,875.0,834.6,657.66
2016,6,14,10,15,902.0,109.5,5.85,17.0,902.0,868.9,681.91
2016,6,14,10,30,908.0,111.0,5.9,17.0,929.0,900.33,704.03
2016,6,14,10,45,912.0,111.5,5.95,17.0,949.5,926.0,721.98
2016,6,14,11,0,916.0,112.0,6.0,17.0,970.0,948.42,737.64
2016,6,14,11,15,918.5,113.0,6.05,17.0,983.0,966.57,750.32
2016,6,14,11,30,921.0,114.0,6.1,17.0,996.0,981.23,760.62
2016,6,14,11,45,922.0,114.5,6.2,17.0,1002.5,990.47,767.46
2016,6,14,12,0,923.0,115.0,6.3,17.0,1009.0,996.13,771.89
2016,6,14,12,15,923.0,115.0,6.4,16.5,1007.5,996.79,774.39
2016,6,14,12,30,923.0,115.0,6.5,16.0,1006.0,993.88,774.46
2016,6,14,12,45,923.0,113.0,6.65,16.0,998.0,985.47,769.46
2016,6,14,13,0,923.0,111.0,6.8,16.0,990.0,973.46,761.93
2016,6,14,13,15,920.0,110.5,6.9,16.0,974.5,956.56,750.66
2016,6,14,13,30,917.0,110.0,7.0,16.0,959.0,936.22,736.91
2016,6,14,13,45,911.5,109.5,7.15,16.0,936.0,910.34,719.31
2016,6,14,14,0,906.0,109.0,7.3,16.0,913.0,881.36,699.34
2016,6,14,14,15,899.5,108.0,7.3,15.5,884.0,848.12,676.84
2016,6,14,14,30,893.0,107.0,7.3,15.0,855.0,812.15,652.1
2016,6,14,14,45,886.5,104.5,7.3,15.0,821.0,772.2,622.92
2016,6,14,15,0,880.0,102.0,7.3,15.0,787.0,729.9,591.74
2016,6,14,15,15,869.0,100.0,7.3,15.0,747.0,682.92,554.72
2016,6,14,15,30,858.0,98.0,7.3,15.0,707.0,634.42,515.66
2016,6,14,15,45,845.0,95.0,7.3,15.0,663.0,582.53,473.05
2016,6,14,16,0,832.0,92.0,7.3,15.0,619.0,529.81,428.72
2016,6,14,16,15,814.0,89.5,7.35,14.5,571.5,474.18,381.7
2016,6,14,16,30,796.0,87.0,7.4,14.0,524.0,418.69,333.38
2016,6,14,16,45,686.5,100.5,7.45,14.0,452.0,343.38,268.59
2016,6,14,17,0,577.0,114.0,7.5,14.0,380.0,280.42,214.39
2016,6,14,17,15,627.5,93.5,7.5,13.5,351.5,238.2,173.42
2016,6,14,17,30,678.0,73.0,7.5,13.0,323.0,189.7,126.86
2016,6,14,17,45,626.0,69.0,7.5,13.0,272.5,136.3,82.99
2016,6,14,18,0,574.0,65.0,7.5,13.0,222.0,88.8,50.61
2016,6,14,18,15,507.0,57.5,7.4,12.5,175.5,44.42,34.21
2016,6,14,18,30,440.0,50.0,7.3,12.0,129.0,39.18,29.26
2016,6,14,18,45,329.5,40.0,7.2,12.0,89.0,32.04,22.32
2016,6,14,19,0,219.0,30.0,7.1,12.0,49.0,23.5,12.91
2016,6,14,19,15,109.5,15.0,7.0,12.0,24.5,11.83,0.0
2016,6,14,19,30,0.0,0.0,6.9,12.0,0.0,0.0,0.0
2016,6,14,19,45,0.0,0.0,6.8,12.0,0.0,0.0,0.0
2016,6,14,20,0,0.0,0.0,6.7,12.0,0.0,0.0,0.0
2016,6,14,20,15,0.0,0.0,6.65,11.5,0.0,0.0,0.0
2016,6,14,20,30,0.0,0.0,6.6,11.0,0.0,0.0,0.0
2016,6,14,20,45,0.0,0.0,6.55,11.0,0.0,0.0,0.0
2016,6,14,21,0,0.0,0.0,6.5,11.0,0.0,0.0,0.0
2016,6,14,21,15,0.0,0.0,6.45,11.0,0.0,0.0,0.0
2016,6,14,21,30,0.0,0.0,6.4,11.0,0.0,0.0,0.0
2016,6,14,21,45,0.0,0.0,6.35,11.0,0.0,0.0,0.0
2016,6,14,22,0,0.0,0.0,6.3,11.0,0.0,0.0,0.0
2016,6,14,22,15,0.0,0.0,6.25,11.0,0.0,0.0,0.0
2016,6,14,22,30,0.0,0.0,6.2,11.0,0.0,0.0,0.0
2016,6,14,22,45,0.0,0.0,6.2,11.0,0.0,0.0,0.0
2016,6,14,23,0,0.0,0.0,6.2,11.0,0.0,0.0,0.0
2016,6,14,23,15,0.0,0.0,6.1,11.0,0.0,0.0,0.0
2016,6,14,23,30,0.0,0.0,6.0,11.0,0.0,0.0,0.0
2016,6,14,23,45,0.0,0.0,5.95,11.0,0.0,0.0,0.0
2016,6,15,0,0,0.0,0.0,5.9,11.0,0.0,0.0,0.0
2016,6,15,0,15,0.0,0.0,5.9,11.0,0.0,0.0,0.0
2016,6,15,0,30,0.0,0.0,5.9,11.0,0.0,0.0,0.0
2016,6,15,0,45,0.0,0.0,5.95,11.0,0.0,0.0,0.0
2016,6,15,1,0,0.0,0.0,6.0,11.0,0.0,0.0,0.0
2016,6,15,1,15,0.0,0.0,6.0,11.0,0.0,0.0,0.0
2016,6,15,1,30,0.0,0.0,6.0,11.0,0.0,0.0,0.0
2016,6,15,1,45,0.0,0.0,6.0,11.0,0.0,0.0,0.0
2016,6,15,2,0,0.0,0.0,6.0,11.0,0.0,0.0,0.0
2016,6,15,2,15,0.0,0.0,5.85,11.0,0.0,0.0,0.0
2016,6,15,2,30,0.0,0.0,5.7,11.0,0.0,0.0,0.0
2016,6,15,2,45,0.0,0.0,5.6,11.0,0.0,0.0,0.0
2016,6,15,3,0,0.0,0.0,5.5,11.0,0.0,0.0,0.0
2016,6,15,3,15,0.0,0.0,5.4,11.0,0.0,0.0,0.0
2016,6,15,3,30,0.0,0.0,5.3,11.0,0.0,0.0,0.0
2016,6,15,3,45,0.0,0.0,5.2,11.0,0.0,0.0,0.0
2016,6,15,4,0,0.0,0.0,5.1,11.0,0.0,0.0,0.0
2016,6,15,4,15,0.0,0.0,5.1,11.0,0.0,0.0,0.0
2016,6,15,4,30,0.0,0.0,5.1,11.0,0.0,0.0,0.0
2016,6,15,4,45,0.0,6.0,5.2,11.0,6.0,0.0,0.0
2016,6,15,5,0,0.0,12.0,5.3,11.0,12.0,10.91,0.0
2016,6,15,5,15,155.0,24.5,5.4,11.5,42.0,19.23,6.45
2016,6,15,5,30,310.0,37.0,5.5,12.0,72.0,30.06,20.18
2016,6,15,5,45,404.0,45.5,5.65,12.5,115.0,35.89,26.1
2016,6,15,6,0,498.0,54.0,5.8,13.0,158.0,41.57,31.51
2016,6,15,6,15,556.0,60.5,5.8,13.0,206.0,69.73,40.02
2016,6,15,6,30,614.0,67.0,5.8,13.0,254.0,117.73,68.96
2016,6,15,6,45,659.0,71.0,5.85,13.5,304.5,168.22,108.31
2016,6,15,7,0,704.0,75.0,5.9,14.0,355.0,226.23,158.23
2016,6,15,7,15,733.5,78.5,5.95,14.0,405.5,281.12,208.18
2016,6,15,7,30,763.0,82.0,6.0,14.0,456.0,338.57,260.5
2016,6,15,7,45,788.5,84.0,6.1,14.5,506.0,395.26,311.16
2016,6,15,8,0,814.0,86.0,6.2,15.0,556.0,453.42,361.82
2016,6,15,8,15,830.5,88.5,6.25,15.0,602.5,508.86,409.72
2016,6,15,8,30,847.0,91.0,6.3,15.0,649.0,563.46,455.76
2016,6,15,8,45,861.5,92.0,6.35,15.0,692.0,615.01,498.35
2016,6,15,9,0,876.0,93.0,6.4,15.0,735.0,665.68,539.3
2016,6,15,9,15,886.0,95.0,6.4,15.0,773.5,713.03,576.68
2016,6,15,9,30,896.0,97.0,6.4,15.0,812.0,758.6,610.55
2016,6,15,9,45,900.0,100.0,6.45,15.5,844.0,798.47,638.38
2016,6,15,10,0,904.0,103.0,6.5,16.0,876.0,835.66,663.97
2016,6,15,10,15,910.0,104.5,6.5,16.0,903.5,870.24,688.52
2016,6,15,10,30,916.0,106.0,6.5,16.0,931.0,901.94,710.86
2016,6,15,10,45,920.5,107.0,6.5,16.0,951.5,928.77,729.61
2016,6,15,11,0,925.0,108.0,6.5,16.0,972.0,952.34,746.01
2016,6,15,11,15,927.5,108.5,6.5,16.0,986.0,970.21,758.34
2016,6,15,11,30,930.0,109.0,6.5,16.0,1000.0,984.57,768.22
2016,6,15,11,45,932.5,108.5,6.5,16.0,1007.0,994.41,774.96
2016,6,15,12,0,935.0,108.0,6.5,16.0,1014.0,1000.65,779.25
2016,6,15,12,15,935.0,108.0,6.45,16.0,1013.0,1001.38,779.43
2016,6,15,12,30,935.0,108.0,6.4,16.0,1012.0,998.47,777.15
2016,6,15,12,45,925.0,113.5,6.35,16.0,1001.0,987.75,769.4
2016,6,15,13,0,915.0,119.0,6.3,16.0,990.0,973.58,759.33
2016,6,15,13,15,911.5,118.5,6.2,16.0,974.5,956.41,746.92
2016,6,15,13,30,908.0,118.0,6.1,16.0,959.0,935.84,732.17
2016,6,15,13,45,907.5,114.5,6.05,16.0,937.5,911.75,715.21
2016,6,15,14,0,907.0,111.0,6.0,16.0,916.0,884.31,695.85
2016,6,15,14,15,707.0,209.0,5.9,16.0,824.0,796.67,630.84
2016,6,15,14,30,507.0,307.0,5.8,16.0,732.0,703.17,556.28
2016,6,15,14,45,697.5,203.0,5.75,16.0,761.5,731.07,582.09
2016,6,15,15,0,888.0,99.0,5.7,16.0,791.0,733.09,587.11
2016,6,15,15,15,877.5,97.0,5.65,15.5,751.0,686.16,551.75
2016,6,15,15,30,867.0,95.0,5.6,15.0,711.0,637.63,514.23
2016,6,15,15,45,857.5,90.5,5.55,15.0,667.5,585.95,472.35
2016,6,15,16,0,848.0,86.0,5.5,15.0,624.0,533.08,428.45
2016,6,15,16,15,830.5,83.5,5.4,14.5,576.0,477.37,381.73
2016,6,15,16,30,813.0,81.0,5.3,14.0,528.0,420.68,332.82
2016,6,15,16,45,792.5,77.0,5.2,14.0,479.0,362.54,280.89
2016,6,15,17,0,772.0,73.0,5.1,14.0,430.0,305.5,228.91
2016,6,15,17,15,741.0,69.0,4.9,14.0,379.0,247.24,175.93
2016,6,15,17,30,710.0,65.0,4.7,14.0,328.0,191.85,126.43
2016,6,15,17,45,668.0,60.0,4.55,14.0,278.0,137.29,81.43
2016,6,15,18,0,626.0,55.0,4.4,14.0,228.0,87.48,47.27
2016,6,15,18,15,563.0,49.0,4.15,13.5,180.5,38.22,28.57
2016,6,15,18,30,500.0,43.0,3.9,13.0,133.0,33.29,23.96
2016,6,15,18,45,403.0,34.5,3.7,12.5,92.5,27.25,18.15
2016,6,15,19,0,306.0,26.0,3.5,12.0,52.0,21.02,11.07
2016,6,15,19,15,153.0,13.0,3.35,12.0,26.0,10.35,0.0
2016,6,15,19,30,0.0,0.0,3.2,12.0,0.0,0.0,0.0
2016,6,15,19,45,0.0,0.0,3.05,12.0,0.0,0.0,0.0
2016,6,15,20,0,0.0,0.0,2.9,12.0,0.0,0.0,0.0
2016,6,15,20,15,0.0,0.0,2.8,11.5,0.0,0.0,0.0
2016,6,15,20,30,0.0,0.0,2.7,11.0,0.0,0.0,0.0
2016,6,15,20,45,0.0,0.0,2.6,11.0,0.0,0.0,0.0
2016,6,15,21,0,0.0,0.0,2.5,11.0,0.0,0.0,0.0
2016,6,15,21,15,0.0,0.0,2.45,11.0,0.0,0.0,0.0
2016,6,15,21,30,0.0,0.0,2.4,11.0,0.0,0.0,0.0
2016,6,15,21,45,0.0,0.0,2.4,11.0,0.0,0.0,0.0
2016,6,15,22,0,0.0,0.0,2.4,11.0,0.0,0.0,0.0
2016,6,15,22,15,0.0,0.0,2.4,11.0,0.0,0.0,0.0
2016,6,15,22,30,0.0,0.0,2.4,11.0,0.0,0.0,0.0
2016,6,15,22,45,0.0,0.0,2.45,11.0,0.0,0.0,0.0
2016,6,15,23,0,0.0,0.0,2.5,11.0,0.0,0.0,0.0
2016,6,15,23,15,0.0,0.0,2.5,11.0,0.0,0.0,0.0
2016,6,15,23,30,0.0,0.0,2.5,11.0,0.0,0.0,0.0
2016,6,15,23,45,0.0,0.0,2.55,11.0,0.0,0.0,0.0
2016,6,16,0,0,0.0,0.0,2.6,11.0,0.0,0.0,0.0
2016,6,16,0,15,0.0,0.0,2.6,11.0,0.0,0.0,0.0
2016,6,16,0,30,0.0,0.0,2.6,11.0,0.0,0.0,0.0
2016,6,16,0,45,0.0,0.0,2.6,11.0,0.0,0.0,0.0
2016,6,16,1,0,0.0,0.0,2.6,11.0,0.0,0.0,0.0
2016,6,16,1,15,0.0,0.0,2.55,11.0,0.0,0.0,0.0
2016,6,16,1,30,0.0,0.0,2.5,11.0,0.0,0.0,0.0
2016,6,16,1,45,0.0,0.0,2.45,11.0,0.0,0.0,0.0
2016,6,16,2,0,0.0,0.0,2.4,11.0,0.0,0.0,0.0
2016,6,16,2,15,0.0,0.0,2.3,11.0,0.0,0.0,0.0
2016,6,16,2,30,0.0,0.0,2.2,11.0,0.0,0.0,0.0
2016,6,16,2,45,0.0,0.0,2.15,11.5,0.0,0.0,0.0
2016,6,16,3,0,0.0,0.0,2.1,12.0,0.0,0.0,0.0
2016,6,16,3,15,0.0,0.0,2.0,12.0,0.0,0.0,0.0
2016,6,16,3,30,0.0,0.0,1.9,12.0,0.0,0.0,0.0
2016,6,16,3,45,0.0,0.0,1.85,12.0,0.0,0.0,0.0
2016,6,16,4,0,0.0,0.0,1.8,12.0,0.0,0.0,0.0
2016,6,16,4,15,0.0,0.0,1.8,12.0,0.0,0.0,0.0
2016,6,16,4,30,0.0,0.0,1.8,12.0,0.0,0.0,0.0
2016,6,16,4,45,28.0,5.0,1.8,12.0,6.0,0.0,0.0
2016,6,16,5,0,56.0,10.0,1.8,12.0,12.0,9.1,0.0
2016,6,16,5,15,177.5,23.0,1.85,12.5,41.0,18.07,5.6
2016,6,16,5,30,299.0,36.0,1.9,13.0,70.0,29.13,19.32
2016,6,16,5,45,387.5,45.0,1.95,13.5,111.5,35.41,25.61
2016,6,16,6,0,476.0,54.0,2.0,14.0,153.0,41.5,31.36
2016,6,16,6,15,534.0,60.5,1.9,14.0,200.5,68.28,39.41
2016,6,16,6,30,592.0,67.0,1.8,14.0,248.0,114.9,67.13
2016,6,16,6,45,305.5,104.5,1.7,14.5,199.0,137.18,97.01
2016,6,16,7,0,19.0,142.0,1.6,15.0,150.0,126.76,100.56
2016,6,16,7,15,37.0,168.5,1.55,15.0,186.5,156.07,124.06
2016,6,16,7,30,55.0,195.0,1.5,15.0,223.0,188.45,149.9
2016,6,16,7,45,42.5,206.5,1.45,15.5,229.0,198.33,157.57
2016,6,16,8,0,30.0,218.0,1.4,16.0,235.0,206.65,163.71
2016,6,16,8,15,109.0,257.5,1.45,16.0,328.0,287.49,227.45
2016,6,16,8,30,188.0,297.0,1.5,16.0,421.0,374.22,294.53
2016,6,16,8,45,143.5,316.0,1.55,16.5,414.5,376.08,294.46
2016,6,16,9,0,99.0,335.0,1.6,17.0,408.0,368.19,287.07
2016,6,16,9,15,483.0,220.0,1.7,17.0,603.0,552.45,432.12
2016,6,16,9,30,867.0,105.0,1.8,17.0,798.0,744.37,575.06
2016,6,16,9,45,884.5,101.0,1.9,17.5,833.0,786.88,601.67
2016,6,16,10,0,902.0,97.0,2.0,18.0,868.0,827.68,628.24
2016,6,16,10,15,907.5,98.0,2.1,18.0,895.0,861.33,650.93
2016,6,16,10,30,913.0,99.0,2.2,18.0,922.0,892.09,671.65
2016,6,16,10,45,918.0,99.0,2.35,18.0,942.5,918.37,689.84
2016,6,16,11,0,923.0,99.0,2.5,18.0,963.0,941.44,705.93
2016,6,16,11,15,925.5,99.5,2.65,18.0,976.5,959.34,718.62
2016,6,16,11,30,928.0,100.0,2.8,18.0,990.0,973.73,729.07
2016,6,16,11,45,930.0,100.0,2.95,18.5,996.0,983.62,735.21
2016,6,16,12,0,932.0,100.0,3.1,19.0,1002.0,989.91,739.03
2016,6,16,12,15,931.5,100.0,3.2,19.0,1001.0,990.21,739.95
2016,6,16,12,30,931.0,100.0,3.3,19.0,1000.0,986.89,738.58
2016,6,16,12,45,929.0,100.0,3.4,19.0,991.5,978.53,733.92
2016,6,16,13,0,927.0,100.0,3.5,19.0,983.0,966.6,726.93
2016,6,16,13,15,924.0,99.5,3.5,19.0,967.5,949.72,715.98
2016,6,16,13,30,921.0,99.0,3.5,19.0,952.0,929.4,702.76
2016,6,16,13,45,919.0,96.5,3.55,19.0,930.0,904.65,686.84
2016,6,16,14,0,917.0,94.0,3.6,19.0,908.0,876.59,668.6
2016,6,16,14,15,911.0,93.0,3.6,19.0,879.5,843.53,646.52
2016,6,16,14,30,905.0,92.0,3.6,19.0,851.0,807.69,622.37
2016,6,16,14,45,712.5,180.0,3.6,19.0,762.5,720.79,559.42
2016,6,16,15,0,520.0,268.0,3.6,19.0,674.0,632.89,491.77
2016,6,16,15,15,520.0,250.5,3.55,18.5,638.5,592.03,462.87
2016,6,16,15,30,520.0,233.0,3.5,18.0,603.0,549.76,431.93
2016,6,16,15,45,400.5,251.5,3.5,18.0,526.0,469.67,369.64
2016,6,16,16,0,281.0,270.0,3.5,18.0,449.0,395.86,311.81
2016,6,16,16,15,547.0,172.0,3.45,17.5,486.0,420.95,331.31
2016,6,16,16,30,813.0,74.0,3.4,17.0,523.0,415.85,323.03
2016,6,16,16,45,791.0,71.0,3.35,17.0,473.5,356.94,271.62
2016,6,16,17,0,769.0,68.0,3.3,17.0,424.0,300.54,221.35
2016,6,16,17,15,739.0,64.5,3.15,16.5,374.0,243.22,170.46
2016,6,16,17,30,709.0,61.0,3.0,16.0,324.0,188.64,122.55
2016,6,16,17,45,667.5,56.5,2.95,16.0,275.0,134.68,78.48
2016,6,16,18,0,626.0,52.0,2.9,16.0,226.0,85.37,44.91
2016,6,16,18,15,565.5,46.5,2.7,15.5,179.5,36.77,27.05
2016,6,16,18,30,505.0,41.0,2.5,15.0,133.0,31.6,22.28
2016,6,16,18,45,409.5,33.0,2.35,15.0,93.0,25.93,16.83
2016,6,16,19,0,314.0,25.0,2.2,15.0,53.0,20.1,10.26
2016,6,16,19,15,157.0,12.5,2.1,14.5,26.5,9.89,0.0
2016,6,16,19,30,0.0,0.0,2.0,14.0,0.0,0.0,0.0
2016,6,16,19,45,0.0,0.0,1.9,14.0,0.0,0.0,0.0
2016,6,16,20,0,0.0,0.0,1.8,14.0,0.0,0.0,0.0
2016,6,16,20,15,0.0,0.0,1.75,14.0,0.0,0.0,0.0
2016,6,16,20,30,0.0,0.0,1.7,14.0,0.0,0.0,0.0
2016,6,16,20,45,0.0,0.0,1.65,14.0,0.0,0.0,0.0
2016,6,16,21,0,0.0,0.0,1.6,14.0,0.0,0.0,0.0
2016,6,16,21,15,0.0,0.0,1.6,13.5,0.0,0.0,0.0
2016,6,16,21,30,0.0,0.0,1.6,13.0,0.0,0.0,0.0
2016,6,16,21,45,0.0,0.0,1.65,13.0,0.0,0.0,0.0
2016,6,16,22,0,0.0,0.0,1.7,13.0,0.0,0.0,0.0
2016,6,16,22,15,0.0,0.0,1.7,13.0,0.0,0.0,0.0
2016,6,16,22,30,0.0,0.0,1.7,13.0,0.0,0.0,0.0
2016,6,16,22,45,0.0,0.0,1.75,13.0,0.0,0.0,0.0
2016,6,16,23,0,0.0,0.0,1.8,13.0,0.0,0.0,0.0
2016,6,16,23,15,0.0,0.0,1.75,13.0,0.0,0.0,0.0
2016,6,16,23,30,0.0,0.0,1.7,13.0,0.0,0.0,0.0
2016,6,16,23,45,0.0,0.0,1.7,13.0,0.0,0.0,0.0
2016,6,17,0,0,0.0,0.0,1.7,13.0,0.0,0.0,0.0
2016,6,17,0,15,0.0,0.0,1.65,13.0,0.0,0.0,0.0
2016,6,17,0,30,0.0,0.0,1.6,13.0,0.0,0.0,0.0
2016,6,17,0,45,0.0,0.0,1.6,13.0,0.0,0.0,0.0
2016,6,17,1,0,0.0,0.0,1.6,13.0,0.0,0.0,0.0
2016,6,17,1,15,0.0,0.0,1.6,13.0,0.0,0.0,0.0
2016,6,17,1,30,0.0,0.0,1.6,13.0,0.0,0.0,0.0
2016,6,17,1,45,0.0,0.0,1.6,13.0,0.0,0.0,0.0
2016,6,17,2,0,0.0,0.0,1.6,13.0,0.0,0.0,0.0
2016,6,17,2,15,0.0,0.0,1.6,13.0,0.0,0.0,0.0
2016,6,17,2,30,0.0,0.0,1.6,13.0,0.0,0.0,0.0
2016,6,17,2,45,0.0,0.0,1.65,13.0,0.0,0.0,0.0
2016,6,17,3,0,0.0,0.0,1.7,13.0,0.0,0.0,0.0
2016,6,17,3,15,0.0,0.0,1.7,13.0,0.0,0.0,0.0
2016,6,17,3,30,0.0,0.0,1.7,13.0,0.0,0.0,0.0
2016,6,17,3,45,0.0,0.0,1.75,13.0,0.0,0.0,0.0
2016,6,17,4,0,0.0,0.0,1.8,13.0,0.0,0.0,0.0
2016,6,17,4,15,0.0,0.0,1.95,13.0,0.0,0.0,0.0
2016,6,17,4,30,0.0,0.0,2.1,13.0,0.0,0.0,0.0
2016,6,17,4,45,0.0,3.5,2.25,13.5,3.5,0.0,0.0
2016,6,17,5,0,0.0,7.0,2.4,14.0,7.0,6.37,0.0
2016,6,17,5,15,21.5,22.0,2.45,14.0,24.5,19.08,6.02
2016,6,17,5,30,43.0,37.0,2.5,14.0,42.0,30.65,20.5
2016,6,17,5,45,60.5,56.0,2.6,14.5,66.5,45.27,34.09
2016,6,17,6,0,78.0,75.0,2.7,15.0,91.0,59.54,47.12
2016,6,17,6,15,89.0,95.5,2.7,15.0,119.0,79.95,60.24
2016,6,17,6,30,100.0,116.0,2.7,15.0,147.0,105.31,79.66
2016,6,17,6,45,105.0,138.0,2.7,15.5,175.5,132.5,101.69
2016,6,17,7,0,110.0,160.0,2.7,16.0,204.0,160.59,124.82
2016,6,17,7,15,149.0,182.0,2.7,16.0,250.0,199.0,155.61
2016,6,17,7,30,188.0,204.0,2.7,16.0,296.0,242.06,190.39
2016,6,17,7,45,174.5,228.0,2.7,16.5,320.5,270.52,213.77
2016,6,17,8,0,161.0,252.0,2.7,17.0,345.0,297.45,235.22
2016,6,17,8,15,80.5,199.5,2.75,17.0,246.0,218.66,173.15
2016,6,17,8,30,0.0,147.0,2.8,17.0,147.0,130.31,101.53
2016,6,17,8,45,5.0,183.5,2.85,17.5,187.0,165.95,129.95
2016,6,17,9,0,10.0,220.0,2.9,18.0,227.0,202.3,158.33
2016,6,17,9,15,6.5,192.5,2.95,18.0,197.5,176.0,137.07
2016,6,17,9,30,3.0,165.0,3.0,18.0,168.0,149.25,115.51
2016,6,17,9,45,33.0,275.0,3.05,18.5,304.0,277.62,216.71
2016,6,17,10,0,63.0,385.0,3.1,19.0,440.0,406.64,314.4
2016,6,17,10,15,89.0,412.5,3.15,19.0,492.0,457.55,352.25
2016,6,17,10,30,115.0,440.0,3.2,19.0,544.0,518.63,397.4
2016,6,17,10,45,131.0,453.5,3.25,19.0,574.5,550.14,420.32
2016,6,17,11,0,147.0,467.0,3.3,19.0,605.0,581.76,443.34
2016,6,17,11,15,93.5,438.5,3.3,19.0,527.0,498.47,380.96
2016,6,17,11,30,40.0,410.0,3.3,19.0,449.0,422.67,323.46
2016,6,17,11,45,30.5,376.5,3.35,19.5,406.5,382.26,292.78
2016,6,17,12,0,21.0,343.0,3.4,20.0,364.0,331.47,253.97
2016,6,17,12,15,33.5,384.5,3.4,19.5,418.0,393.26,301.44
2016,6,17,12,30,46.0,426.0,3.4,19.0,472.0,444.86,340.54
2016,6,17,12,45,31.0,364.5,3.45,19.0,395.5,370.89,284.95
2016,6,17,13,0,16.0,303.0,3.5,19.0,319.0,289.03,222.79
2016,6,17,13,15,8.5,222.5,3.5,19.0,231.0,207.96,160.3
2016,6,17,13,30,1.0,142.0,3.5,19.0,143.0,127.94,97.32
2016,6,17,13,45,0.5,140.5,3.5,19.0,141.0,126.02,95.97
2016,6,17,14,0,0.0,139.0,3.5,19.0,139.0,124.13,94.55
2016,6,17,14,15,0.0,116.5,3.6,18.5,116.5,103.83,78.62
2016,6,17,14,30,0.0,94.0,3.7,18.0,94.0,83.63,62.61
2016,6,17,14,45,0.0,80.0,3.8,18.0,80.0,71.09,52.55
2016,6,17,15,0,0.0,66.0,3.9,18.0,66.0,58.58,42.47
2016,6,17,15,15,3.0,130.0,4.05,17.5,132.0,117.56,90.8
2016,6,17,15,30,6.0,194.0,4.2,17.0,198.0,176.16,138.53
2016,6,17,15,45,11.5,208.0,4.35,17.0,215.5,191.11,150.89
2016,6,17,16,0,17.0,222.0,4.5,17.0,233.0,205.23,162.65
2016,6,17,16,15,19.0,211.0,4.65,16.5,222.5,194.92,155.03
2016,6,17,16,30,21.0,200.0,4.8,16.0,212.0,184.33,147.08
2016,6,17,16,45,10.5,125.5,4.95,16.0,131.5,114.36,90.0
2016,6,17,17,0,0.0,51.0,5.1,16.0,51.0,45.04,32.47
2016,6,17,17,15,0.0,51.5,5.1,15.5,51.5,45.46,33.04
2016,6,17,17,30,0.0,52.0,5.1,15.0,52.0,45.9,33.58
2016,6,17,17,45,0.0,44.0,5.15,15.0,44.0,38.8,27.59
2016,6,17,18,0,0.0,36.0,5.2,15.0,36.0,31.72,21.52
2016,6,17,18,15,0.0,28.5,5.05,14.5,28.5,25.09,16.76
2016,6,17,18,30,0.0,21.0,4.9,14.0,21.0,18.47,10.73
2016,6,17,18,45,0.0,14.5,4.8,14.0,14.5,12.74,5.43
2016,6,17,19,0,0.0,8.0,4.7,14.0,8.0,7.02,0.0
2016,6,17,19,15,0.0,4.0,4.5,13.5,4.0,3.5,0.0
2016,6,17,19,30,0.0,0.0,4.3,13.0,0.0,0.0,0.0
2016,6,17,19,45,0.0,0.0,4.1,13.0,0.0,0.0,0.0
2016,6,17,20,0,0.0,0.0,3.9,13.0,0.0,0.0,0.0
2016,6,17,20,15,0.0,0.0,3.75,13.0,0.0,0.0,0.0
2016,6,17,20,30,0.0,0.0,3.6,13.0,0.0,0.0,0.0
2016,6,17,20,45,0.0,0.0,3.45,13.0,0.0,0.0,0.0
2016,6,17,21,0,0.0,0.0,3.3,13.0,0.0,0.0,0.0
2016,6,17,21,15,0.0,0.0,3.15,13.0,0.0,0.0,0.0
2016,6,17,21,30,0.0,0.0,3.0,13.0,0.0,0.0,0.0
2016,6,17,21,45,0.0,0.0,2.85,13.0,0.0,0.0,0.0
2016,6,17,22,0,0.0,0.0,2.7,13.0,0.0,0.0,0.0
2016,6,17,22,15,0.0,0.0,2.6,13.0,0.0,0.0,0.0
2016,6,17,22,30,0.0,0.0,2.5,13.0,0.0,0.0,0.0
2016,6,17,22,45,0.0,0.0,2.4,13.0,0.0,0.0,0.0
2016,6,17,23,0,0.0,0.0,2.3,13.0,0.0,0.0,0.0
2016,6,17,23,15,0.0,0.0,2.25,12.5,0.0,0.0,0.0
2016,6,17,23,30,0.0,0.0,2.2,12.0,0.0,0.0,0.0
2016,6,17,23,45,0.0,0.0,2.2,12.0,0.0,0.0,0.0
2016,6,18,0,0,0.0,0.0,2.2,12.0,0.0,0.0,0.0
2016,6,18,0,15,0.0,0.0,2.2,12.0,0.0,0.0,0.0
2016,6,18,0,30,0.0,0.0,2.2,12.0,0.0,0.0,0.0
2016,6,18,0,45,0.0,0.0,2.2,12.0,0.0,0.0,0.0
2016,6,18,1,0,0.0,0.0,2.2,12.0,0.0,0.0,0.0
2016,6,18,1,15,0.0,0.0,2.2,12.0,0.0,0.0,0.0
2016,6,18,1,30,0.0,0.0,2.2,12.0,0.0,0.0,0.0
2016,6,18,1,45,0.0,0.0,2.2,12.0,0.0,0.0,0.0
2016,6,18,2,0,0.0,0.0,2.2,12.0,0.0,0.0,0.0
2016,6,18,2,15,0.0,0.0,2.15,12.0,0.0,0.0,0.0
2016,6,18,2,30,0.0,0.0,2.1,12.0,0.0,0.0,0.0
2016,6,18,2,45,0.0,0.0,2.1,12.0,0.0,0.0,0.0
2016,6,18,3,0,0.0,0.0,2.1,12.0,0.0,0.0,0.0
2016,6,18,3,15,0.0,0.0,2.1,12.0,0.0,0.0,0.0
2016,6,18,3,30,0.0,0.0,2.1,12.0,0.0,0.0,0.0
2016,6,18,3,45,0.0,0.0,2.1,12.0,0.0,0.0,0.0
2016,6,18,4,0,0.0,0.0,2.1,12.0,0.0,0.0,0.0
2016,6,18,4,15,0.0,0.0,2.15,12.0,0.0,0.0,0.0
2016,6,18,4,30,0.0,0.0,2.2,12.0,0.0,0.0,0.0
2016,6,18,4,45,49.5,5.0,2.3,12.0,6.0,0.0,0.0
2016,6,18,5,0,99.0,10.0,2.4,12.0,12.0,9.1,0.0
2016,6,18,5,15,235.5,20.5,2.45,12.5,43.0,16.54,4.38
2016,6,18,5,30,372.0,31.0,2.5,13.0,74.0,24.76,15.55
2016,6,18,5,45,458.0,39.0,2.65,13.5,117.0,30.43,21.2
2016,6,18,6,0,544.0,47.0,2.8,14.0,160.0,35.92,26.38
2016,6,18,6,15,601.0,52.5,2.8,14.0,208.5,63.3,33.99
2016,6,18,6,30,658.0,58.0,2.8,14.0,257.0,115.7,65.23
2016,6,18,6,45,698.0,62.5,2.8,14.5,308.5,167.92,105.49
2016,6,18,7,0,738.0,67.0,2.8,15.0,360.0,224.47,153.79
2016,6,18,7,15,767.0,70.5,2.8,15.5,411.5,281.08,204.14
2016,6,18,7,30,796.0,74.0,2.8,16.0,463.0,340.15,256.35
2016,6,18,7,45,818.0,77.0,2.8,16.5,513.5,398.16,306.78
2016,6,18,8,0,840.0,80.0,2.8,17.0,564.0,458.13,357.21
2016,6,18,8,15,857.0,82.5,2.8,17.0,611.5,514.44,403.98
2016,6,18,8,30,874.0,85.0,2.8,17.0,659.0,570.64,449.25
2016,6,18,8,45,887.5,87.0,2.8,17.5,703.5,623.87,490.06
2016,6,18,9,0,901.0,89.0,2.8,18.0,748.0,676.08,528.79
2016,6,18,9,15,911.5,90.5,2.8,18.0,788.0,724.45,564.65
2016,6,18,9,30,922.0,92.0,2.8,18.0,828.0,771.01,596.81
2016,6,18,9,45,926.5,95.5,2.85,18.5,861.5,812.84,624.11
2016,6,18,10,0,931.0,99.0,2.9,19.0,895.0,851.95,649.2
2016,6,18,10,15,937.5,100.0,2.95,19.0,923.0,887.43,672.83
2016,6,18,10,30,944.0,101.0,3.0,19.0,951.0,919.96,694.35
2016,6,18,10,45,949.5,101.5,3.05,19.5,972.5,948.01,711.45
2016,6,18,11,0,955.0,102.0,3.1,20.0,994.0,972.75,726.27
2016,6,18,11,15,957.5,102.5,3.2,20.0,1008.5,991.27,738.75
2016,6,18,11,30,960.0,103.0,3.3,20.0,1023.0,1006.17,748.94
2016,6,18,11,45,962.0,103.0,3.45,20.0,1029.5,1016.44,756.56
2016,6,18,12,0,964.0,103.0,3.6,20.0,1036.0,1022.99,761.81
2016,6,18,12,15,964.0,102.5,3.7,20.0,1035.5,1023.42,762.74
2016,6,18,12,30,964.0,102.0,3.8,20.0,1035.0,1020.1,761.31
2016,6,18,12,45,965.0,100.5,3.95,20.5,1027.0,1013.01,756.33
2016,6,18,13,0,966.0,99.0,4.1,21.0,1019.0,1002.13,748.89
2016,6,18,13,15,963.5,98.5,4.1,21.0,1004.0,985.24,738.0
2016,6,18,13,30,961.0,98.0,4.1,21.0,989.0,964.74,724.75
2016,6,18,13,45,956.5,97.5,4.2,21.0,966.0,938.95,708.48
2016,6,18,14,0,952.0,97.0,4.3,21.0,943.0,909.85,689.87
2016,6,18,14,15,946.5,95.5,4.3,21.0,914.0,875.78,667.22
2016,6,18,14,30,941.0,94.0,4.3,21.0,885.0,838.76,642.4
2016,6,18,14,45,932.5,93.5,4.35,21.0,850.0,797.69,614.73
2016,6,18,15,0,924.0,93.0,4.4,21.0,815.0,754.27,585.17
2016,6,18,15,15,913.5,91.5,4.45,20.5,774.0,706.44,551.71
2016,6,18,15,30,903.0,90.0,4.5,20.0,733.0,656.89,515.3
2016,6,18,15,45,887.5,88.5,4.55,20.0,687.5,603.01,473.49
2016,6,18,16,0,872.0,87.0,4.6,20.0,642.0,548.42,429.92
2016,6,18,16,15,854.5,84.5,4.6,20.0,593.5,491.52,383.14
2016,6,18,16,30,837.0,82.0,4.6,20.0,545.0,433.6,334.22
2016,6,18,16,45,813.0,79.0,4.6,20.0,494.0,373.8,282.6
2016,6,18,17,0,789.0,76.0,4.6,20.0,443.0,315.44,231.06
2016,6,18,17,15,758.0,72.0,4.6,19.5,391.0,256.14,178.94
2016,6,18,17,30,727.0,68.0,4.6,19.0,339.0,199.68,129.82
2016,6,18,17,45,684.0,63.0,4.6,18.5,288.0,143.88,84.69
2016,6,18,18,0,641.0,58.0,4.6,18.0,237.0,89.7,47.34
2016,6,18,18,15,577.5,51.5,4.5,17.5,188.5,41.99,31.39
2016,6,18,18,30,514.0,45.0,4.4,17.0,140.0,34.95,24.99
2016,6,18,18,45,416.0,36.5,4.35,16.5,98.0,28.96,19.31
2016,6,18,19,0,318.0,28.0,4.3,16.0,56.0,22.79,12.45
2016,6,18,19,15,159.0,14.0,4.2,15.5,28.0,11.19,0.0
2016,6,18,19,30,0.0,0.0,4.1,15.0,0.0,0.0,0.0
2016,6,18,19,45,0.0,0.0,4.1,14.5,0.0,0.0,0.0
2016,6,18,20,0,0.0,0.0,4.1,14.0,0.0,0.0,0.0
2016,6,18,20,15,0.0,0.0,3.95,14.0,0.0,0.0,0.0
2016,6,18,20,30,0.0,0.0,3.8,14.0,0.0,0.0,0.0
2016,6,18,20,45,0.0,0.0,3.7,14.0,0.0,0.0,0.0
2016,6,18,21,0,0.0,0.0,3.6,14.0,0.0,0.0,0.0
2016,6,18,21,15,0.0,0.0,3.5,14.0,0.0,0.0,0.0
2016,6,18,21,30,0.0,0.0,3.4,14.0,0.0,0.0,0.0
2016,6,18,21,45,0.0,0.0,3.35,14.0,0.0,0.0,0.0
2016,6,18,22,0,0.0,0.0,3.3,14.0,0.0,0.0,0.0
2016,6,18,22,15,0.0,0.0,3.15,13.5,0.0,0.0,0.0
2016,6,18,22,30,0.0,0.0,3.0,13.0,0.0,0.0,0.0
2016,6,18,22,45,0.0,0.0,2.95,13.0,0.0,0.0,0.0
2016,6,18,23,0,0.0,0.0,2.9,13.0,0.0,0.0,0.0
2016,6,18,23,15,0.0,0.0,2.85,13.0,0.0,0.0,0.0
2016,6,18,23,30,0.0,0.0,2.8,13.0,0.0,0.0,0.0
2016,6,18,23,45,0.0,0.0,2.8,13.0,0.0,0.0,0.0
2016,6,19,0,0,0.0,0.0,2.8,13.0,0.0,0.0,0.0
2016,6,19,0,15,0.0,0.0,2.75,13.0,0.0,0.0,0.0
2016,6,19,0,30,0.0,0.0,2.7,13.0,0.0,0.0,0.0
2016,6,19,0,45,0.0,0.0,2.7,13.0,0.0,0.0,0.0
2016,6,19,1,0,0.0,0.0,2.7,13.0,0.0,0.0,0.0
2016,6,19,1,15,0.0,0.0,2.65,13.0,0.0,0.0,0.0
2016,6,19,1,30,0.0,0.0,2.6,13.0,0.0,0.0,0.0
2016,6,19,1,45,0.0,0.0,2.6,13.0,0.0,0.0,0.0
2016,6,19,2,0,0.0,0.0,2.6,13.0,0.0,0.0,0.0
2016,6,19,2,15,0.0,0.0,2.6,13.0,0.0,0.0,0.0
2016,6,19,2,30,0.0,0.0,2.6,13.0,0.0,0.0,0.0
2016,6,19,2,45,0.0,0.0,2.6,13.0,0.0,0.0,0.0
2016,6,19,3,0,0.0,0.0,2.6,13.0,0.0,0.0,0.0
2016,6,19,3,15,0.0,0.0,2.55,13.0,0.0,0.0,0.0
2016,6,19,3,30,0.0,0.0,2.5,13.0,0.0,0.0,0.0
2016,6,19,3,45,0.0,0.0,2.5,13.0,0.0,0.0,0.0
2016,6,19,4,0,0.0,0.0,2.5,13.0,0.0,0.0,0.0
2016,6,19,4,15,0.0,0.0,2.45,13.0,0.0,0.0,0.0
2016,6,19,4,30,0.0,0.0,2.4,13.0,0.0,0.0,0.0
2016,6,19,4,45,49.0,5.0,2.4,13.0,6.0,0.0,0.0
2016,6,19,5,0,98.0,10.0,2.4,13.0,12.0,9.1,0.0
2016,6,19,5,15,238.0,21.0,2.4,13.5,43.5,17.02,4.45
2016,6,19,5,30,378.0,32.0,2.4,14.0,75.0,25.69,16.25
2016,6,19,5,45,465.5,40.0,2.4,14.5,119.0,31.33,21.89
2016,6,19,6,0,553.0,48.0,2.4,15.0,163.0,36.8,27.05
2016,6,19,6,15,608.5,54.0,2.35,15.5,212.0,64.25,34.67
2016,6,19,6,30,664.0,60.0,2.3,16.0,261.0,117.49,66.02
2016,6,19,6,45,703.0,64.0,2.3,16.5,312.0,169.43,105.6
2016,6,19,7,0,742.0,68.0,2.3,17.0,363.0,225.6,153.11
2016,6,19,7,15,769.5,72.0,2.35,17.5,414.0,282.49,203.24
2016,6,19,7,30,797.0,76.0,2.4,18.0,465.0,341.67,255.04
2016,6,19,7,45,817.0,79.0,2.45,18.5,514.5,398.97,304.46
2016,6,19,8,0,837.0,82.0,2.5,19.0,564.0,457.98,353.71
2016,6,19,8,15,853.0,84.5,2.5,19.5,611.0,513.66,398.73
2016,6,19,8,30,869.0,87.0,2.5,20.0,658.0,569.13,442.01
2016,6,19,8,45,880.0,89.5,2.55,20.5,701.0,621.12,481.45
2016,6,19,9,0,891.0,92.0,2.6,21.0,744.0,671.89,518.77
2016,6,19,9,15,901.0,94.0,2.6,21.0,783.0,720.0,553.93
2016,6,19,9,30,911.0,96.0,2.6,21.0,822.0,766.29,585.62
2016,6,19,9,45,925.5,93.0,2.6,21.5,857.0,809.12,612.91
2016,6,19,10,0,940.0,90.0,2.6,22.0,892.0,849.94,638.42
2016,6,19,10,15,945.0,91.0,2.6,22.0,920.0,884.49,660.63
2016,6,19,10,30,950.0,92.0,2.6,22.0,948.0,915.99,680.71
2016,6,19,10,45,951.5,94.5,2.65,22.5,968.0,942.64,696.58
2016,6,19,11,0,953.0,97.0,2.7,23.0,988.0,965.8,710.12
2016,6,19,11,15,955.0,97.5,2.85,23.0,1002.0,983.89,722.62
2016,6,19,11,30,957.0,98.0,3.0,23.0,1016.0,998.35,732.86
2016,6,19,11,45,953.5,102.0,3.2,23.5,1021.0,1007.31,738.55
2016,6,19,12,0,950.0,106.0,3.4,24.0,1026.0,1012.48,741.83
2016,6,19,12,15,949.5,106.0,3.6,23.5,1025.0,1012.95,744.98
2016,6,19,12,30,949.0,106.0,3.8,23.0,1024.0,1009.74,745.77
2016,6,19,12,45,940.0,111.0,4.0,23.0,1013.5,999.61,740.54
2016,6,19,13,0,931.0,116.0,4.2,23.0,1003.0,985.96,732.99
2016,6,19,13,15,928.5,115.0,4.35,23.0,988.0,969.2,723.04
2016,6,19,13,30,926.0,114.0,4.5,23.0,973.0,948.94,710.78
2016,6,19,13,45,926.5,110.0,4.65,23.0,952.0,925.04,696.37
2016,6,19,14,0,927.0,106.0,4.8,23.0,931.0,897.66,679.42
2016,6,19,14,15,921.0,105.0,4.9,22.5,902.0,864.45,659.2
2016,6,19,14,30,915.0,104.0,5.0,22.0,873.0,828.4,636.68
2016,6,19,14,45,909.5,101.0,5.1,22.0,839.0,788.15,609.58
2016,6,19,15,0,904.0,98.0,5.2,22.0,805.0,745.39,580.34
2016,6,19,15,15,894.0,96.0,5.2,22.0,765.0,698.27,545.53
2016,6,19,15,30,884.0,94.0,5.2,22.0,725.0,649.45,508.24
2016,6,19,15,45,871.5,91.5,5.25,22.0,680.5,597.25,467.61
2016,6,19,16,0,859.0,89.0,5.3,22.0,636.0,544.1,425.09
2016,6,19,16,15,841.5,86.5,5.3,21.5,588.5,487.87,379.6
2016,6,19,16,30,824.0,84.0,5.3,21.0,541.0,430.7,331.93
2016,6,19,16,45,800.0,81.0,5.35,20.5,490.5,371.61,281.43
2016,6,19,17,0,776.0,78.0,5.4,20.0,440.0,313.97,230.88
2016,6,19,17,15,745.5,74.0,5.35,19.5,388.5,255.51,179.27
2016,6,19,17,30,715.0,70.0,5.3,19.0,337.0,199.86,130.68
2016,6,19,17,45,671.0,65.5,5.25,18.5,286.5,142.04,83.77
2016,6,19,18,0,627.0,61.0,5.2,18.0,236.0,91.83,49.47
2016,6,19,18,15,563.5,54.0,5.05,17.5,187.5,44.46,33.56
2016,6,19,18,30,500.0,47.0,4.9,17.0,139.0,36.59,26.43
2016,6,19,18,45,404.0,38.0,4.8,16.5,98.0,30.24,20.42
2016,6,19,19,0,308.0,29.0,4.7,16.0,57.0,23.68,13.21
2016,6,19,19,15,154.0,14.5,4.65,15.5,28.5,11.62,0.0
2016,6,19,19,30,0.0,0.0,4.6,15.0,0.0,0.0,0.0
2016,6,19,19,45,0.0,0.0,4.6,15.0,0.0,0.0,0.0
2016,6,19,20,0,0.0,0.0,4.6,15.0,0.0,0.0,0.0
2016,6,19,20,15,0.0,0.0,4.6,15.0,0.0,0.0,0.0
2016,6,19,20,30,0.0,0.0,4.6,15.0,0.0,0.0,0.0
2016,6,19,20,45,0.0,0.0,4.65,15.0,0.0,0.0,0.0
2016,6,19,21,0,0.0,0.0,4.7,15.0,0.0,0.0,0.0
2016,6,19,21,15,0.0,0.0,4.65,14.5,0.0,0.0,0.0
2016,6,19,21,30,0.0,0.0,4.6,14.0,0.0,0.0,0.0
2016,6,19,21,45,0.0,0.0,4.55,14.0,0.0,0.0,0.0
2016,6,19,22,0,0.0,0.0,4.5,14.0,0.0,0.0,0.0
2016,6,19,22,15,0.0,0.0,4.45,13.5,0.0,0.0,0.0
2016,6,19,22,30,0.0,0.0,4.4,13.0,0.0,0.0,0.0
2016,6,19,22,45,0.0,0.0,4.35,13.0,0.0,0.0,0.0
2016,6,19,23,0,0.0,0.0,4.3,13.0,0.0,0.0,0.0
2016,6,19,23,15,0.0,0.0,4.25,13.0,0.0,0.0,0.0
2016,6,19,23,30,0.0,0.0,4.2,13.0,0.0,0.0,0.0
2016,6,19,23,45,0.0,0.0,4.2,13.0,0.0,0.0,0.0
2016,6,20,0,0,0.0,0.0,4.2,13.0,0.0,0.0,0.0
2016,6,20,0,15,0.0,0.0,4.15,12.5,0.0,0.0,0.0
2016,6,20,0,30,0.0,0.0,4.1,12.0,0.0,0.0,0.0
2016,6,20,0,45,0.0,0.0,4.05,12.0,0.0,0.0,0.0
2016,6,20,1,0,0.0,0.0,4.0,12.0,0.0,0.0,0.0
2016,6,20,1,15,0.0,0.0,3.95,12.0,0.0,0.0,0.0
2016,6,20,1,30,0.0,0.0,3.9,12.0,0.0,0.0,0.0
2016,6,20,1,45,0.0,0.0,3.9,12.0,0.0,0.0,0.0
2016,6,20,2,0,0.0,0.0,3.9,12.0,0.0,0.0,0.0
2016,6,20,2,15,0.0,0.0,3.85,11.5,0.0,0.0,0.0
2016,6,20,2,30,0.0,0.0,3.8,11.0,0.0,0.0,0.0
2016,6,20,2,45,0.0,0.0,3.8,11.0,0.0,0.0,0.0
2016,6,20,3,0,0.0,0.0,3.8,11.0,0.0,0.0,0.0
2016,6,20,3,15,0.0,0.0,3.8,11.0,0.0,0.0,0.0
2016,6,20,3,30,0.0,0.0,3.8,11.0,0.0,0.0,0.0
2016,6,20,3,45,0.0,0.0,3.8,11.0,0.0,0.0,0.0
2016,6,20,4,0,0.0,0.0,3.8,11.0,0.0,0.0,0.0
2016,6,20,4,15,0.0,0.0,3.85,11.0,0.0,0.0,0.0
2016,6,20,4,30,0.0,0.0,3.9,11.0,0.0,0.0,0.0
2016,6,20,4,45,45.5,5.5,4.0,11.5,6.5,0.0,0.0
2016,6,20,5,0,91.0,11.0,4.1,12.0,13.0,10.01,0.0
2016,6,20,5,15,236.5,22.5,4.2,12.5,45.0,18.44,5.09
2016,6,20,5,30,382.0,34.0,4.3,13.0,77.0,27.55,17.87
2016,6,20,5,45,477.5,41.0,4.4,13.5,122.0,32.25,22.77
2016,6,20,6,0,573.0,48.0,4.5,14.0,167.0,36.9,27.23
2016,6,20,6,15,629.5,53.5,4.5,14.0,217.0,67.38,37.33
2016,6,20,6,30,686.0,59.0,4.5,14.0,267.0,118.16,66.36
2016,6,20,6,45,728.0,62.5,4.5,14.5,319.0,171.42,107.27
2016,6,20,7,0,770.0,66.0,4.5,15.0,371.0,229.24,156.83
2016,6,20,7,15,798.0,69.5,4.5,15.5,423.5,287.42,209.05
2016,6,20,7,30,826.0,73.0,4.5,16.0,476.0,347.92,263.12
2016,6,20,7,45,847.0,75.5,4.5,16.5,526.5,408.19,316.12
2016,6,20,8,0,868.0,78.0,4.5,17.0,577.0,467.43,366.82
2016,6,20,8,15,883.5,80.5,4.45,17.5,625.0,524.48,414.12
2016,6,20,8,30,899.0,83.0,4.4,18.0,673.0,581.23,459.52
2016,6,20,8,45,911.5,85.0,4.35,18.5,717.5,635.1,501.22
2016,6,20,9,0,924.0,87.0,4.3,19.0,762.0,687.83,540.66
2016,6,20,9,15,933.0,88.5,4.3,19.0,801.5,736.22,577.07
2016,6,20,9,30,942.0,90.0,4.3,19.0,841.0,782.62,609.6
2016,6,20,9,45,938.0,97.5,4.3,19.5,872.0,822.64,635.76
2016,6,20,10,0,934.0,105.0,4.3,20.0,903.0,859.26,659.23
2016,6,20,10,15,939.5,106.5,4.35,20.0,930.5,894.56,683.08
2016,6,20,10,30,945.0,108.0,4.4,20.0,958.0,926.86,704.76
2016,6,20,10,45,949.0,108.5,4.45,20.5,978.5,953.69,721.34
2016,6,20,11,0,953.0,109.0,4.5,21.0,999.0,977.15,735.58
2016,6,20,11,15,955.0,109.5,4.55,21.0,1012.5,995.28,747.69
2016,6,20,11,30,957.0,110.0,4.6,21.0,1026.0,1009.77,757.46
2016,6,20,11,45,959.0,109.5,4.65,21.0,1032.5,1019.63,764.22
2016,6,20,12,0,961.0,109.0,4.7,21.0,1039.0,1025.8,768.61
2016,6,20,12,15,960.0,109.0,4.8,21.0,1038.0,1025.86,769.46
2016,6,20,12,30,959.0,109.0,4.9,21.0,1037.0,1022.19,767.92
2016,6,20,12,45,960.5,106.5,5.05,21.0,1029.0,1014.77,764.32
2016,6,20,13,0,962.0,104.0,5.2,21.0,1021.0,1003.58,758.19
2016,6,20,13,15,959.0,103.5,5.3,21.0,1005.0,986.4,747.59
2016,6,20,13,30,956.0,103.0,5.4,21.0,989.0,965.65,734.53
2016,6,20,13,45,950.5,102.5,5.55,21.0,966.0,939.2,717.78
2016,6,20,14,0,945.0,102.0,5.7,21.0,943.0,909.5,698.61
2016,6,20,14,15,939.0,101.0,5.75,20.5,913.5,875.81,677.22
2016,6,20,14,30,933.0,100.0,5.8,20.0,884.0,839.21,653.51
2016,6,20,14,45,922.5,100.0,5.9,20.0,848.0,797.48,624.74
2016,6,20,15,0,912.0,100.0,6.0,20.0,812.0,753.56,594.04
2016,6,20,15,15,901.5,98.0,6.0,19.5,772.0,705.79,559.23
2016,6,20,15,30,891.0,96.0,6.0,19.0,732.0,656.35,521.77
2016,6,20,15,45,875.5,94.5,6.05,19.0,686.5,603.04,479.43
2016,6,20,16,0,860.0,93.0,6.1,19.0,641.0,549.04,435.42
2016,6,20,16,15,842.0,90.0,6.05,18.5,592.5,491.63,388.15
2016,6,20,16,30,824.0,87.0,6.0,18.0,544.0,434.23,339.44
2016,6,20,16,45,800.5,83.5,5.95,18.0,493.5,374.82,287.28
2016,6,20,17,0,777.0,80.0,5.9,18.0,443.0,316.81,235.29
2016,6,20,17,15,402.5,108.0,5.8,17.5,295.0,195.99,143.87
2016,6,20,17,30,28.0,136.0,5.7,17.0,147.0,121.36,95.34
2016,6,20,17,45,22.0,117.0,5.6,16.5,125.0,102.73,80.34
2016,6,20,18,0,16.0,98.0,5.5,16.0,103.0,84.16,65.26
2016,6,20,18,15,8.5,79.0,5.4,15.5,82.0,66.53,53.35
2016,6,20,18,30,1.0,60.0,5.3,15.0,61.0,50.93,39.26
2016,6,20,18,45,0.5,42.0,5.25,15.0,42.5,36.13,25.66
2016,6,20,19,0,0.0,24.0,5.2,15.0,24.0,21.16,11.31
2016,6,20,19,15,0.0,12.0,5.1,14.5,12.0,10.56,0.0
2016,6,20,19,30,0.0,0.0,5.0,14.0,0.0,0.0,0.0
2016,6,20,19,45,0.0,0.0,4.9,14.0,0.0,0.0,0.0
2016,6,20,20,0,0.0,0.0,4.8,14.0,0.0,0.0,0.0
2016,6,20,20,15,0.0,0.0,4.75,14.0,0.0,0.0,0.0
2016,6,20,20,30,0.0,0.0,4.7,14.0,0.0,0.0,0.0
2016,6,20,20,45,0.0,0.0,4.7,14.0,0.0,0.0,0.0
2016,6,20,21,0,0.0,0.0,4.7,14.0,0.0,0.0,0.0
2016,6,20,21,15,0.0,0.0,4.6,14.0,0.0,0.0,0.0
2016,6,20,21,30,0.0,0.0,4.5,14.0,0.0,0.0,0.0
2016,6,20,21,45,0.0,0.0,4.45,14.0,0.0,0.0,0.0
2016,6,20,22,0,0.0,0.0,4.4,14.0,0.0,0.0,0.0
2016,6,20,22,15,0.0,0.0,4.35,13.5,0.0,0.0,0.0
2016,6,20,22,30,0.0,0.0,4.3,13.0,0.0,0.0,0.0
2016,6,20,22,45,0.0,0.0,4.25,13.0,0.0,0.0,0.0
2016,6,20,23,0,0.0,0.0,4.2,13.0,0.0,0.0,0.0
2016,6,20,23,15,0.0,0.0,4.15,13.0,0.0,0.0,0.0
2016,6,20,23,30,0.0,0.0,4.1,13.0,0.0,0.0,0.0
2016,6,20,23,45,0.0,0.0,4.1,13.0,0.0,0.0,0.0
2016,6,21,0,0,0.0,0.0,4.1,13.0,0.0,0.0,0.0
2016,6,21,0,15,0.0,0.0,4.0,13.0,0.0,0.0,0.0
2016,6,21,0,30,0.0,0.0,3.9,13.0,0.0,0.0,0.0
2016,6,21,0,45,0.0,0.0,3.85,13.0,0.0,0.0,0.0
2016,6,21,1,0,0.0,0.0,3.8,13.0,0.0,0.0,0.0
2016,6,21,1,15,0.0,0.0,3.7,12.5,0.0,0.0,0.0
2016,6,21,1,30,0.0,0.0,3.6,12.0,0.0,0.0,0.0
2016,6,21,1,45,0.0,0.0,3.55,12.0,0.0,0.0,0.0
2016,6,21,2,0,0.0,0.0,3.5,12.0,0.0,0.0,0.0
2016,6,21,2,15,0.0,0.0,3.4,12.0,0.0,0.0,0.0
2016,6,21,2,30,0.0,0.0,3.3,12.0,0.0,0.0,0.0
2016,6,21,2,45,0.0,0.0,3.25,12.0,0.0,0.0,0.0
2016,6,21,3,0,0.0,0.0,3.2,12.0,0.0,0.0,0.0
2016,6,21,3,15,0.0,0.0,3.1,12.0,0.0,0.0,0.0
2016,6,21,3,30,0.0,0.0,3.0,12.0,0.0,0.0,0.0
2016,6,21,3,45,0.0,0.0,2.95,12.0,0.0,0.0,0.0
2016,6,21,4,0,0.0,0.0,2.9,12.0,0.0,0.0,0.0
2016,6,21,4,15,0.0,0.0,2.95,12.0,0.0,0.0,0.0
2016,6,21,4,30,0.0,0.0,3.0,12.0,0.0,0.0,0.0
2016,6,21,4,45,39.5,5.5,3.05,12.5,6.0,0.0,0.0
2016,6,21,5,0,79.0,11.0,3.1,13.0,12.0,10.01,0.0
2016,6,21,5,15,219.0,22.5,3.15,13.0,43.0,18.44,4.81
2016,6,21,5,30,359.0,34.0,3.2,13.0,74.0,27.53,17.84
2016,6,21,5,45,455.0,41.0,3.25,13.5,118.0,32.22,22.74
2016,6,21,6,0,551.0,48.0,3.3,14.0,162.0,36.84,27.18
2016,6,21,6,15,607.5,53.5,3.25,14.5,211.0,62.66,34.02
2016,6,21,6,30,664.0,59.0,3.2,15.0,260.0,115.38,64.71
2016,6,21,6,45,708.0,62.5,3.2,15.5,311.5,167.61,104.38
2016,6,21,7,0,752.0,66.0,3.2,16.0,363.0,224.64,152.72
2016,6,21,7,15,779.5,69.5,3.2,16.5,414.0,281.61,203.39
2016,6,21,7,30,807.0,73.0,3.2,17.0,465.0,340.87,255.81
2016,6,21,7,45,828.5,75.0,3.2,17.5,515.0,399.81,307.05
2016,6,21,8,0,850.0,77.0,3.2,18.0,565.0,457.78,356.07
2016,6,21,8,15,865.5,79.5,3.15,18.5,612.5,513.88,401.96
2016,6,21,8,30,881.0,82.0,3.1,19.0,660.0,569.73,446.01
2016,6,21,8,45,893.0,83.5,3.1,19.5,703.0,621.96,486.03
2016,6,21,9,0,905.0,85.0,3.1,20.0,746.0,673.04,523.9
2016,6,21,9,15,914.5,86.5,3.1,20.5,785.0,720.97,558.35
2016,6,21,9,30,924.0,88.0,3.1,21.0,824.0,767.02,588.88
2016,6,21,9,45,925.5,92.5,3.1,21.5,856.0,807.72,614.96
2016,6,21,10,0,927.0,97.0,3.1,22.0,888.0,845.5,638.69
2016,6,21,10,15,932.5,98.0,3.1,22.0,915.5,880.15,661.28
2016,6,21,10,30,938.0,99.0,3.1,22.0,943.0,911.83,681.73
2016,6,21,10,45,940.0,101.0,3.15,22.5,963.0,938.23,697.58
2016,6,21,11,0,942.0,103.0,3.2,23.0,983.0,961.2,711.12
2016,6,21,11,15,944.5,103.5,3.25,23.0,997.0,979.66,723.08
2016,6,21,11,30,947.0,104.0,3.3,23.0,1011.0,994.56,732.79
2016,6,21,11,45,947.0,105.0,3.4,23.5,1017.0,1003.94,737.91
2016,6,21,12,0,947.0,106.0,3.5,24.0,1023.0,1009.63,740.73
2016,6,21,12,15,946.5,106.0,3.65,24.0,1022.0,1010.2,742.1
2016,6,21,12,30,946.0,106.0,3.8,24.0,1021.0,1007.1,741.15
2016,6,21,12,45,941.5,107.5,3.95,24.0,1011.5,998.0,736.29
2016,6,21,13,0,937.0,109.0,4.1,24.0,1002.0,985.31,729.12
2016,6,21,13,15,934.0,108.5,4.25,23.5,986.5,968.56,720.65
2016,6,21,13,30,931.0,108.0,4.4,23.0,971.0,948.32,709.77
2016,6,21,13,45,926.5,106.5,4.6,23.0,948.5,922.4,694.17
2016,6,21,14,0,922.0,105.0,4.8,23.0,926.0,893.26,676.35
2016,6,21,14,15,916.0,104.0,4.95,22.5,897.0,860.28,656.57
2016,6,21,14,30,910.0,103.0,5.1,22.0,868.0,824.48,634.43
2016,6,21,14,45,901.5,101.5,5.25,22.0,833.5,783.66,607.06
2016,6,21,15,0,893.0,100.0,5.4,22.0,799.0,740.59,577.66
2016,6,21,15,15,883.0,98.0,5.5,21.5,759.0,693.98,544.48
2016,6,21,15,30,873.0,96.0,5.6,21.0,719.0,645.7,508.66
2016,6,21,15,45,858.5,94.0,5.7,21.0,675.0,593.38,467.68
2016,6,21,16,0,844.0,92.0,5.8,21.0,631.0,540.31,424.96
2016,6,21,16,15,826.5,89.0,5.8,20.5,583.5,483.96,379.07
2016,6,21,16,30,809.0,86.0,5.8,20.0,536.0,427.63,331.74
2016,6,21,16,45,785.0,83.0,5.8,19.5,486.0,369.35,281.56
2016,6,21,17,0,761.0,80.0,5.8,19.0,436.0,312.53,231.42
2016,6,21,17,15,730.0,76.0,5.75,18.5,385.0,254.78,180.21
2016,6,21,17,30,699.0,72.0,5.7,18.0,334.0,199.89,132.06
2016,6,21,17,45,653.0,67.5,5.7,17.5,283.5,142.62,85.38
2016,6,21,18,0,607.0,63.0,5.7,17.0,233.0,93.25,51.3
2016,6,21,18,15,543.0,56.0,5.55,16.5,185.5,46.95,35.91
2016,6,21,18,30,479.0,49.0,5.4,16.0,138.0,38.2,27.96
2016,6,21,18,45,380.5,39.5,5.3,15.5,97.0,31.48,21.59
2016,6,21,19,0,282.0,30.0,5.2,15.0,56.0,24.52,14.05
2016,6,21,19,15,141.0,15.0,5.1,14.5,28.0,12.04,0.0
2016,6,21,19,30,0.0,0.0,5.0,14.0,0.0,0.0,0.0
2016,6,21,19,45,0.0,0.0,4.9,14.0,0.0,0.0,0.0
2016,6,21,20,0,0.0,0.0,4.8,14.0,0.0,0.0,0.0
2016,6,21,20,15,0.0,0.0,4.7,13.5,0.0,0.0,0.0
2016,6,21,20,30,0.0,0.0,4.6,13.0,0.0,0.0,0.0
2016,6,21,20,45,0.0,0.0,4.55,13.0,0.0,0.0,0.0
2016,6,21,21,0,0.0,0.0,4.5,13.0,0.0,0.0,0.0
2016,6,21,21,15,0.0,0.0,4.4,13.0,0.0,0.0,0.0
2016,6,21,21,30,0.0,0.0,4.3,13.0,0.0,0.0,0.0
2016,6,21,21,45,0.0,0.0,4.25,13.0,0.0,0.0,0.0
2016,6,21,22,0,0.0,0.0,4.2,13.0,0.0,0.0,0.0
2016,6,21,22,15,0.0,0.0,4.15,13.0,0.0,0.0,0.0
2016,6,21,22,30,0.0,0.0,4.1,13.0,0.0,0.0,0.0
2016,6,21,22,45,0.0,0.0,4.1,13.0,0.0,0.0,0.0
2016,6,21,23,0,0.0,0.0,4.1,13.0,0.0,0.0,0.0
2016,6,21,23,15,0.0,0.0,4.1,12.5,0.0,0.0,0.0
2016,6,21,23,30,0.0,0.0,4.1,12.0,0.0,0.0,0.0
2016,6,21,23,45,0.0,0.0,4.15,12.0,0.0,0.0,0.0
2016,6,22,0,0,0.0,0.0,4.2,12.0,0.0,0.0,0.0
2016,6,22,0,15,0.0,0.0,4.2,12.0,0.0,0.0,0.0
2016,6,22,0,30,0.0,0.0,4.2,12.0,0.0,0.0,0.0
2016,6,22,0,45,0.0,0.0,4.25,12.0,0.0,0.0,0.0
2016,6,22,1,0,0.0,0.0,4.3,12.0,0.0,0.0,0.0
2016,6,22,1,15,0.0,0.0,4.3,12.0,0.0,0.0,0.0
2016,6,22,1,30,0.0,0.0,4.3,12.0,0.0,0.0,0.0
2016,6,22,1,45,0.0,0.0,4.35,12.0,0.0,0.0,0.0
2016,6,22,2,0,0.0,0.0,4.4,12.0,0.0,0.0,0.0
2016,6,22,2,15,0.0,0.0,4.4,11.5,0.0,0.0,0.0
2016,6,22,2,30,0.0,0.0,4.4,11.0,0.0,0.0,0.0
2016,6,22,2,45,0.0,0.0,4.45,11.0,0.0,0.0,0.0
2016,6,22,3,0,0.0,0.0,4.5,11.0,0.0,0.0,0.0
2016,6,22,3,15,0.0,0.0,4.55,11.0,0.0,0.0,0.0
2016,6,22,3,30,0.0,0.0,4.6,11.0,0.0,0.0,0.0
2016,6,22,3,45,0.0,0.0,4.65,11.0,0.0,0.0,0.0
2016,6,22,4,0,0.0,0.0,4.7,11.0,0.0,0.0,0.0
2016,6,22,4,15,0.0,0.0,4.9,11.0,0.0,0.0,0.0
2016,6,22,4,30,0.0,0.0,5.1,11.0,0.0,0.0,0.0
2016,6,22,4,45,40.5,5.5,5.3,11.5,6.0,0.0,0.0
2016,6,22,5,0,81.0,11.0,5.5,12.0,12.0,10.01,0.0
2016,6,22,5,15,226.0,22.0,5.7,12.0,43.5,18.01,4.29
2016,6,22,5,30,371.0,33.0,5.9,12.0,75.0,26.67,17.13
2016,6,22,5,45,457.0,41.5,6.1,12.5,118.5,32.69,23.22
2016,6,22,6,0,543.0,50.0,6.3,13.0,162.0,38.52,28.76
2016,6,22,6,15,601.0,56.0,6.25,13.0,211.5,63.92,35.73
2016,6,22,6,30,659.0,62.0,6.2,13.0,261.0,113.83,64.29
2016,6,22,6,45,329.5,78.5,6.2,13.5,178.0,117.71,80.22
2016,6,22,7,0,0.0,95.0,6.2,14.0,95.0,83.37,65.52
2016,6,22,7,15,3.0,126.0,6.15,14.5,128.0,111.02,88.39
2016,6,22,7,30,6.0,157.0,6.1,15.0,161.0,139.28,111.43
2016,6,22,7,45,7.5,172.0,6.1,15.5,176.5,153.86,122.9
2016,6,22,8,0,9.0,187.0,6.1,16.0,192.0,168.65,134.44
2016,6,22,8,15,8.5,193.0,6.0,16.0,198.0,174.73,139.02
2016,6,22,8,30,8.0,199.0,5.9,16.0,204.0,180.68,143.48
2016,6,22,8,45,18.5,240.0,5.8,16.5,253.5,224.22,178.09
2016,6,22,9,0,29.0,281.0,5.7,17.0,303.0,273.36,216.6
2016,6,22,9,15,30.5,297.5,5.6,17.0,321.5,291.93,230.78
2016,6,22,9,30,32.0,314.0,5.5,17.0,340.0,310.62,245.02
2016,6,22,9,45,32.0,326.5,5.45,17.0,353.5,324.54,255.46
2016,6,22,10,0,32.0,339.0,5.4,17.0,367.0,338.37,265.8
2016,6,22,10,15,91.5,391.5,5.35,17.0,473.5,439.5,345.08
2016,6,22,10,30,151.0,444.0,5.3,17.0,580.0,553.14,431.78
2016,6,22,10,45,105.5,435.5,5.25,17.5,532.0,500.77,389.65
2016,6,22,11,0,60.0,427.0,5.2,18.0,484.0,454.48,352.4
2016,6,22,11,15,232.5,418.0,5.15,18.0,640.5,626.76,486.34
2016,6,22,11,30,405.0,409.0,5.1,18.0,797.0,791.88,609.67
2016,6,22,11,45,382.0,423.5,5.05,18.0,791.5,780.72,599.8
2016,6,22,12,0,359.0,438.0,5.0,18.0,786.0,775.3,594.85
2016,6,22,12,15,199.5,425.5,5.0,18.0,619.0,601.96,465.08
2016,6,22,12,30,40.0,413.0,5.0,18.0,452.0,426.67,329.68
2016,6,22,12,45,126.5,444.5,5.0,18.0,566.0,548.73,424.6
2016,6,22,13,0,213.0,476.0,5.0,18.0,680.0,657.43,506.6
2016,6,22,13,15,263.5,455.5,5.0,18.0,703.5,689.08,530.92
2016,6,22,13,30,314.0,435.0,5.0,18.0,727.0,708.45,546.65
2016,6,22,13,45,381.5,394.5,5.05,18.0,740.5,720.35,557.9
2016,6,22,14,0,449.0,354.0,5.1,18.0,754.0,735.56,571.32
2016,6,22,14,15,439.0,344.0,5.1,18.0,724.5,702.41,547.22
2016,6,22,14,30,429.0,334.0,5.1,18.0,695.0,668.21,522.35
2016,6,22,14,45,379.5,338.5,5.1,18.0,648.5,610.28,478.73
2016,6,22,15,0,330.0,343.0,5.1,18.0,602.0,561.7,441.62
2016,6,22,15,15,311.0,328.0,5.1,17.5,562.0,518.53,409.75
2016,6,22,15,30,292.0,313.0,5.1,17.0,522.0,476.15,377.92
2016,6,22,15,45,574.5,203.0,5.1,17.0,581.0,528.87,421.66
2016,6,22,16,0,857.0,93.0,5.1,17.0,640.0,548.81,436.87
2016,6,22,16,15,839.0,90.0,5.1,16.5,591.5,491.59,389.65
2016,6,22,16,30,821.0,87.0,5.1,16.0,543.0,434.36,341.17
2016,6,22,16,45,797.0,83.5,5.2,16.0,492.5,374.93,289.11
2016,6,22,17,0,773.0,80.0,5.3,16.0,442.0,316.95,237.12
2016,6,22,17,15,475.0,113.5,5.4,15.5,328.0,219.79,162.12
2016,6,22,17,30,177.0,147.0,5.5,15.0,214.0,158.61,120.98
2016,6,22,17,45,396.0,105.0,5.6,15.0,225.0,139.02,94.63
2016,6,22,18,0,615.0,63.0,5.7,15.0,236.0,94.4,52.26
2016,6,22,18,15,550.5,56.5,5.7,14.5,188.0,47.97,37.12
2016,6,22,18,30,486.0,50.0,5.7,14.0,140.0,39.07,28.98
2016,6,22,18,45,385.0,40.5,5.7,13.5,98.5,32.37,22.57
2016,6,22,19,0,284.0,31.0,5.7,13.0,57.0,25.45,14.98
2016,6,22,19,15,142.0,15.5,5.7,13.0,28.5,12.48,0.0
2016,6,22,19,30,0.0,0.0,5.7,13.0,0.0,0.0,0.0
2016,6,22,19,45,0.0,0.0,5.75,13.0,0.0,0.0,0.0
2016,6,22,20,0,0.0,0.0,5.8,13.0,0.0,0.0,0.0
2016,6,22,20,15,0.0,0.0,5.8,12.5,0.0,0.0,0.0
2016,6,22,20,30,0.0,0.0,5.8,12.0,0.0,0.0,0.0
2016,6,22,20,45,0.0,0.0,5.85,12.0,0.0,0.0,0.0
2016,6,22,21,0,0.0,0.0,5.9,12.0,0.0,0.0,0.0
2016,6,22,21,15,0.0,0.0,5.85,12.0,0.0,0.0,0.0
2016,6,22,21,30,0.0,0.0,5.8,12.0,0.0,0.0,0.0
2016,6,22,21,45,0.0,0.0,5.75,12.0,0.0,0.0,0.0
2016,6,22,22,0,0.0,0.0,5.7,12.0,0.0,0.0,0.0
2016,6,22,22,15,0.0,0.0,5.65,12.0,0.0,0.0,0.0
2016,6,22,22,30,0.0,0.0,5.6,12.0,0.0,0.0,0.0
2016,6,22,22,45,0.0,0.0,5.6,12.0,0.0,0.0,0.0
2016,6,22,23,0,0.0,0.0,5.6,12.0,0.0,0.0,0.0
2016,6,22,23,15,0.0,0.0,5.55,11.5,0.0,0.0,0.0
2016,6,22,23,30,0.0,0.0,5.5,11.0,0.0,0.0,0.0
2016,6,22,23,45,0.0,0.0,5.45,11.0,0.0,0.0,0.0
2016,6,23,0,0,0.0,0.0,5.4,11.0,0.0,0.0,0.0
2016,6,23,0,15,0.0,0.0,5.4,11.0,0.0,0.0,0.0
2016,6,23,0,30,0.0,0.0,5.4,11.0,0.0,0.0,0.0
2016,6,23,0,45,0.0,0.0,5.45,11.0,0.0,0.0,0.0
2016,6,23,1,0,0.0,0.0,5.5,11.0,0.0,0.0,0.0
2016,6,23,1,15,0.0,0.0,5.45,11.0,0.0,0.0,0.0
2016,6,23,1,30,0.0,0.0,5.4,11.0,0.0,0.0,0.0
2016,6,23,1,45,0.0,0.0,5.4,11.0,0.0,0.0,0.0
2016,6,23,2,0,0.0,0.0,5.4,11.0,0.0,0.0,0.0
2016,6,23,2,15,0.0,0.0,5.35,11.0,0.0,0.0,0.0
2016,6,23,2,30,0.0,0.0,5.3,11.0,0.0,0.0,0.0
2016,6,23,2,45,0.0,0.0,5.3,11.0,0.0,0.0,0.0
2016,6,23,3,0,0.0,0.0,5.3,11.0,0.0,0.0,0.0
2016,6,23,3,15,0.0,0.0,5.25,11.0,0.0,0.0,0.0
2016,6,23,3,30,0.0,0.0,5.2,11.0,0.0,0.0,0.0
2016,6,23,3,45,0.0,0.0,5.2,11.0,0.0,0.0,0.0
2016,6,23,4,0,0.0,0.0,5.2,11.0,0.0,0.0,0.0
2016,6,23,4,15,0.0,0.0,5.3,11.0,0.0,0.0,0.0
2016,6,23,4,30,0.0,0.0,5.4,11.0,0.0,0.0,0.0
2016,6,23,4,45,48.0,5.0,5.55,11.0,6.0,0.0,0.0
2016,6,23,5,0,96.0,10.0,5.7,11.0,12.0,9.1,0.0
2016,6,23,5,15,244.0,21.0,5.75,11.5,43.5,17.13,3.49
2016,6,23,5,30,392.0,32.0,5.8,12.0,75.0,25.84,16.39
2016,6,23,5,45,485.0,39.0,5.9,12.5,119.5,30.63,21.4
2016,6,23,6,0,578.0,46.0,6.0,13.0,164.0,35.34,25.92
2016,6,23,6,15,634.5,51.5,5.95,13.0,214.0,64.03,35.37
2016,6,23,6,30,691.0,57.0,5.9,13.0,264.0,114.99,64.03
2016,6,23,6,45,732.5,60.0,5.9,13.5,316.0,167.94,104.65
2016,6,23,7,0,774.0,63.0,5.9,14.0,368.0,225.37,154.22
2016,6,23,7,15,525.5,127.0,5.75,14.5,346.5,257.13,193.59
2016,6,23,7,30,277.0,191.0,5.6,15.0,325.0,260.88,205.61
2016,6,23,7,45,575.0,132.5,5.45,15.5,449.5,349.47,274.9
2016,6,23,8,0,873.0,74.0,5.3,16.0,574.0,463.94,366.83
2016,6,23,8,15,887.5,76.0,5.15,16.5,621.5,520.3,413.97
2016,6,23,8,30,902.0,78.0,5.0,17.0,669.0,576.26,459.24
2016,6,23,8,45,914.0,79.5,4.85,17.5,712.5,629.56,500.85
2016,6,23,9,0,926.0,81.0,4.7,18.0,756.0,681.66,540.06
2016,6,23,9,15,933.5,82.5,4.6,18.0,794.5,729.2,575.86
2016,6,23,9,30,941.0,84.0,4.5,18.0,833.0,774.64,607.36
2016,6,23,9,45,942.0,88.5,4.4,18.5,864.5,815.71,633.9
2016,6,23,10,0,943.0,93.0,4.3,19.0,896.0,853.78,657.97
2016,6,23,10,15,946.5,94.0,4.3,19.0,922.0,887.36,680.49
2016,6,23,10,30,950.0,95.0,4.3,19.0,948.0,917.8,700.74
2016,6,23,10,45,952.0,95.5,4.3,19.0,967.5,943.15,717.41
2016,6,23,11,0,954.0,96.0,4.3,19.0,987.0,965.04,731.72
2016,6,23,11,15,955.0,96.5,4.4,19.0,999.5,982.44,743.61
2016,6,23,11,30,956.0,97.0,4.5,19.0,1012.0,996.18,753.41
2016,6,23,11,45,957.5,96.0,4.6,19.5,1018.0,1005.25,758.64
2016,6,23,12,0,959.0,95.0,4.7,20.0,1024.0,1010.61,761.45
2016,6,23,12,15,958.0,95.0,4.85,19.5,1022.5,1010.83,764.32
2016,6,23,12,30,957.0,95.0,5.0,19.0,1021.0,1007.33,764.73
2016,6,23,12,45,953.5,96.0,5.15,19.0,1012.0,998.71,760.17
2016,6,23,13,0,950.0,97.0,5.3,19.0,1003.0,986.45,753.13
2016,6,23,13,15,947.5,96.5,5.45,19.0,988.0,970.05,743.21
2016,6,23,13,30,945.0,96.0,5.6,19.0,973.0,950.08,730.76
2016,6,23,13,45,942.5,94.0,5.75,19.0,951.0,925.18,714.75
2016,6,23,14,0,940.0,92.0,5.9,19.0,929.0,896.9,696.22
2016,6,23,14,15,934.5,91.0,6.0,19.0,900.5,863.89,673.86
2016,6,23,14,30,929.0,90.0,6.1,19.0,872.0,827.95,649.22
2016,6,23,14,45,924.0,87.5,6.2,19.0,838.5,788.19,621.53
2016,6,23,15,0,919.0,85.0,6.3,19.0,805.0,745.84,591.63
2016,6,23,15,15,909.0,83.0,6.3,18.5,764.5,698.23,557.19
2016,6,23,15,30,899.0,81.0,6.3,18.0,724.0,648.88,519.44
2016,6,23,15,45,886.5,79.0,6.35,18.0,679.5,596.59,477.51
2016,6,23,16,0,874.0,77.0,6.4,18.0,635.0,543.31,433.67
2016,6,23,16,15,856.5,74.5,6.35,17.5,587.0,486.43,386.38
2016,6,23,16,30,839.0,72.0,6.3,17.0,539.0,429.63,337.7
2016,6,23,16,45,815.0,70.0,6.3,17.0,488.5,371.24,285.93
2016,6,23,17,0,791.0,68.0,6.3,17.0,438.0,312.07,232.57
2016,6,23,17,15,762.0,64.5,6.2,16.5,387.5,253.63,179.91
2016,6,23,17,30,733.0,61.0,6.1,16.0,337.0,197.76,130.1
2016,6,23,17,45,688.5,57.5,6.05,16.0,286.0,142.65,84.34
2016,6,23,18,0,644.0,54.0,6.0,16.0,235.0,92.5,49.25
2016,6,23,18,15,584.0,48.5,5.85,15.5,187.5,42.35,26.2
2016,6,23,18,30,524.0,43.0,5.7,15.0,140.0,33.2,23.69
2016,6,23,18,45,424.0,35.0,5.6,14.5,98.5,27.57,18.32
2016,6,23,19,0,324.0,27.0,5.5,14.0,57.0,21.79,11.98
2016,6,23,19,15,162.0,13.5,5.4,14.0,28.5,10.7,0.0
2016,6,23,19,30,0.0,0.0,5.3,14.0,0.0,0.0,0.0
2016,6,23,19,45,0.0,0.0,5.25,14.0,0.0,0.0,0.0
2016,6,23,20,0,0.0,0.0,5.2,14.0,0.0,0.0,0.0
2016,6,23,20,15,0.0,0.0,5.05,13.5,0.0,0.0,0.0
2016,6,23,20,30,0.0,0.0,4.9,13.0,0.0,0.0,0.0
2016,6,23,20,45,0.0,0.0,4.8,13.0,0.0,0.0,0.0
2016,6,23,21,0,0.0,0.0,4.7,13.0,0.0,0.0,0.0
2016,6,23,21,15,0.0,0.0,4.55,13.0,0.0,0.0,0.0
2016,6,23,21,30,0.0,0.0,4.4,13.0,0.0,0.0,0.0
2016,6,23,21,45,0.0,0.0,4.25,13.0,0.0,0.0,0.0
2016,6,23,22,0,0.0,0.0,4.1,13.0,0.0,0.0,0.0
2016,6,23,22,15,0.0,0.0,3.95,13.0,0.0,0.0,0.0
2016,6,23,22,30,0.0,0.0,3.8,13.0,0.0,0.0,0.0
2016,6,23,22,45,0.0,0.0,3.7,13.0,0.0,0.0,0.0
2016,6,23,23,0,0.0,0.0,3.6,13.0,0.0,0.0,0.0
2016,6,23,23,15,0.0,0.0,3.55,13.0,0.0,0.0,0.0
2016,6,23,23,30,0.0,0.0,3.5,13.0,0.0,0.0,0.0
2016,6,23,23,45,0.0,0.0,3.5,13.0,0.0,0.0,0.0
2016,6,24,0,0,0.0,0.0,3.5,13.0,0.0,0.0,0.0
2016,6,24,0,15,0.0,0.0,3.5,12.5,0.0,0.0,0.0
2016,6,24,0,30,0.0,0.0,3.5,12.0,0.0,0.0,0.0
2016,6,24,0,45,0.0,0.0,3.5,12.0,0.0,0.0,0.0
2016,6,24,1,0,0.0,0.0,3.5,12.0,0.0,0.0,0.0
2016,6,24,1,15,0.0,0.0,3.5,12.0,0.0,0.0,0.0
2016,6,24,1,30,0.0,0.0,3.5,12.0,0.0,0.0,0.0
2016,6,24,1,45,0.0,0.0,3.55,12.0,0.0,0.0,0.0
2016,6,24,2,0,0.0,0.0,3.6,12.0,0.0,0.0,0.0
2016,6,24,2,15,0.0,0.0,3.65,12.0,0.0,0.0,0.0
2016,6,24,2,30,0.0,0.0,3.7,12.0,0.0,0.0,0.0
2016,6,24,2,45,0.0,0.0,3.75,12.0,0.0,0.0,0.0
2016,6,24,3,0,0.0,0.0,3.8,12.0,0.0,0.0,0.0
2016,6,24,3,15,0.0,0.0,3.85,11.5,0.0,0.0,0.0
2016,6,24,3,30,0.0,0.0,3.9,11.0,0.0,0.0,0.0
2016,6,24,3,45,0.0,0.0,4.0,11.0,0.0,0.0,0.0
2016,6,24,4,0,0.0,0.0,4.1,11.0,0.0,0.0,0.0
2016,6,24,4,15,0.0,0.0,4.25,11.0,0.0,0.0,0.0
2016,6,24,4,30,0.0,0.0,4.4,11.0,0.0,0.0,0.0
2016,6,24,4,45,50.0,4.5,4.6,11.5,5.5,0.0,0.0
2016,6,24,5,0,100.0,9.0,4.8,12.0,11.0,8.19,0.0
2016,6,24,5,15,250.0,20.0,4.95,12.0,42.5,16.24,2.63
2016,6,24,5,30,400.0,31.0,5.1,12.0,74.0,24.98,15.63
2016,6,24,5,45,486.0,38.5,5.35,12.5,118.5,30.23,21.04
2016,6,24,6,0,572.0,46.0,5.6,13.0,163.0,35.35,25.93
2016,6,24,6,15,629.0,51.5,5.55,13.0,212.5,63.27,35.13
2016,6,24,6,30,686.0,57.0,5.5,13.0,262.0,113.9,63.4
2016,6,24,6,45,395.0,107.0,5.5,13.5,230.0,150.69,105.1
2016,6,24,7,0,104.0,157.0,5.5,14.0,198.0,155.95,122.48
2016,6,24,7,15,111.5,180.0,5.35,14.5,229.5,185.92,147.41
2016,6,24,7,30,119.0,203.0,5.2,15.0,261.0,216.95,172.96
2016,6,24,7,45,142.0,226.5,5.1,15.5,302.5,255.39,204.01
2016,6,24,8,0,165.0,250.0,5.0,16.0,344.0,296.42,236.83
2016,6,24,8,15,215.0,267.0,4.9,16.0,400.5,347.63,277.9
2016,6,24,8,30,265.0,284.0,4.8,16.0,457.0,407.55,325.47
2016,6,24,8,45,232.0,310.5,4.75,16.5,469.5,423.07,336.58
2016,6,24,9,0,199.0,337.0,4.7,17.0,482.0,438.95,347.48
2016,6,24,9,15,151.0,354.5,4.6,17.5,468.0,432.99,340.91
2016,6,24,9,30,103.0,372.0,4.5,18.0,454.0,416.09,325.79
2016,6,24,9,45,523.0,234.5,4.4,18.5,677.5,639.75,502.71
2016,6,24,10,0,943.0,97.0,4.3,19.0,901.0,857.4,661.73
2016,6,24,10,15,948.0,98.5,4.2,19.0,928.5,892.77,683.8
2016,6,24,10,30,953.0,100.0,4.1,19.0,956.0,925.09,704.75
2016,6,24,10,45,956.0,101.0,4.1,19.5,976.5,951.93,720.97
2016,6,24,11,0,959.0,102.0,4.1,20.0,997.0,975.34,734.79
2016,6,24,11,15,961.0,102.5,4.1,20.0,1011.0,993.79,746.66
2016,6,24,11,30,963.0,103.0,4.1,20.0,1025.0,1008.6,756.16
2016,6,24,11,45,963.5,104.0,4.2,20.5,1031.5,1018.77,761.8
2016,6,24,12,0,964.0,105.0,4.3,21.0,1038.0,1025.19,765.03
2016,6,24,12,15,963.5,105.0,4.45,21.0,1037.0,1025.94,766.34
2016,6,24,12,30,963.0,105.0,4.6,21.0,1036.0,1022.95,765.8
2016,6,24,12,45,955.5,108.5,4.75,21.0,1026.0,1012.97,760.59
2016,6,24,13,0,948.0,112.0,4.9,21.0,1016.0,999.39,752.97
2016,6,24,13,15,945.0,111.5,5.05,21.0,1001.0,982.63,743.16
2016,6,24,13,30,942.0,111.0,5.2,21.0,986.0,962.33,730.86
2016,6,24,13,45,938.0,110.0,5.35,21.0,963.5,937.22,715.13
2016,6,24,14,0,934.0,109.0,5.5,21.0,941.0,908.82,696.96
2016,6,24,14,15,928.5,107.5,5.5,20.5,912.0,875.54,675.67
2016,6,24,14,30,923.0,106.0,5.5,20.0,883.0,839.34,652.11
2016,6,24,14,45,914.5,105.0,5.55,20.0,848.0,798.63,624.02
2016,6,24,15,0,906.0,104.0,5.6,20.0,813.0,755.6,593.96
2016,6,24,15,15,895.5,102.0,5.55,20.0,773.0,708.17,558.35
2016,6,24,15,30,885.0,100.0,5.5,20.0,733.0,659.06,520.33
2016,6,24,15,45,871.0,97.5,5.5,20.0,688.0,606.0,478.58
2016,6,24,16,0,857.0,95.0,5.5,20.0,643.0,552.11,435.07
2016,6,24,16,15,839.0,92.5,5.45,19.5,595.0,495.43,388.89
2016,6,24,16,30,821.0,90.0,5.4,19.0,547.0,438.65,341.18
2016,6,24,16,45,797.0,86.5,5.35,19.0,496.0,379.17,289.46
2016,6,24,17,0,773.0,83.0,5.3,19.0,445.0,321.12,237.92
2016,6,24,17,15,741.0,79.0,5.2,18.5,393.5,262.32,185.97
2016,6,24,17,30,709.0,75.0,5.1,18.0,342.0,203.64,134.76
2016,6,24,17,45,663.0,70.0,5.1,17.5,290.5,147.93,89.26
2016,6,24,18,0,617.0,65.0,5.1,17.0,239.0,97.37,53.97
2016,6,24,18,15,551.0,58.0,4.85,16.5,190.0,50.25,32.67
2016,6,24,18,30,485.0,51.0,4.6,16.0,141.0,39.91,29.48
2016,6,24,18,45,383.5,41.0,4.45,15.5,99.0,32.79,22.76
2016,6,24,19,0,282.0,31.0,4.3,15.0,57.0,25.41,14.88
2016,6,24,19,15,141.0,15.5,4.1,14.5,28.5,12.46,0.0
2016,6,24,19,30,0.0,0.0,3.9,14.0,0.0,0.0,0.0
2016,6,24,19,45,0.0,0.0,3.75,14.0,0.0,0.0,0.0
2016,6,24,20,0,0.0,0.0,3.6,14.0,0.0,0.0,0.0
2016,6,24,20,15,0.0,0.0,3.55,13.5,0.0,0.0,0.0
2016,6,24,20,30,0.0,0.0,3.5,13.0,0.0,0.0,0.0
2016,6,24,20,45,0.0,0.0,3.5,13.0,0.0,0.0,0.0
2016,6,24,21,0,0.0,0.0,3.5,13.0,0.0,0.0,0.0
2016,6,24,21,15,0.0,0.0,3.5,13.0,0.0,0.0,0.0
2016,6,24,21,30,0.0,0.0,3.5,13.0,0.0,0.0,0.0
2016,6,24,21,45,0.0,0.0,3.5,13.0,0.0,0.0,0.0
2016,6,24,22,0,0.0,0.0,3.5,13.0,0.0,0.0,0.0
2016,6,24,22,15,0.0,0.0,3.5,13.0,0.0,0.0,0.0
2016,6,24,22,30,0.0,0.0,3.5,13.0,0.0,0.0,0.0
2016,6,24,22,45,0.0,0.0,3.55,13.0,0.0,0.0,0.0
2016,6,24,23,0,0.0,0.0,3.6,13.0,0.0,0.0,0.0
2016,6,24,23,15,0.0,0.0,3.6,13.0,0.0,0.0,0.0
2016,6,24,23,30,0.0,0.0,3.6,13.0,0.0,0.0,0.0
2016,6,24,23,45,0.0,0.0,3.6,13.0,0.0,0.0,0.0
2016,6,25,0,0,0.0,0.0,3.6,13.0,0.0,0.0,0.0
2016,6,25,0,15,0.0,0.0,3.55,12.5,0.0,0.0,0.0
2016,6,25,0,30,0.0,0.0,3.5,12.0,0.0,0.0,0.0
2016,6,25,0,45,0.0,0.0,3.5,12.0,0.0,0.0,0.0
2016,6,25,1,0,0.0,0.0,3.5,12.0,0.0,0.0,0.0
2016,6,25,1,15,0.0,0.0,3.4,12.0,0.0,0.0,0.0
2016,6,25,1,30,0.0,0.0,3.3,12.0,0.0,0.0,0.0
2016,6,25,1,45,0.0,0.0,3.25,12.0,0.0,0.0,0.0
2016,6,25,2,0,0.0,0.0,3.2,12.0,0.0,0.0,0.0
2016,6,25,2,15,0.0,0.0,3.15,11.5,0.0,0.0,0.0
2016,6,25,2,30,0.0,0.0,3.1,11.0,0.0,0.0,0.0
2016,6,25,2,45,0.0,0.0,3.05,11.0,0.0,0.0,0.0
2016,6,25,3,0,0.0,0.0,3.0,11.0,0.0,0.0,0.0
2016,6,25,3,15,0.0,0.0,2.9,11.0,0.0,0.0,0.0
2016,6,25,3,30,0.0,0.0,2.8,11.0,0.0,0.0,0.0
2016,6,25,3,45,0.0,0.0,2.75,11.0,0.0,0.0,0.0
2016,6,25,4,0,0.0,0.0,2.7,11.0,0.0,0.0,0.0
2016,6,25,4,15,0.0,0.0,2.7,11.0,0.0,0.0,0.0
2016,6,25,4,30,0.0,0.0,2.7,11.0,0.0,0.0,0.0
2016,6,25,4,45,0.0,0.0,2.75,11.5,0.0,0.0,0.0
2016,6,25,5,0,0.0,0.0,2.8,12.0,0.0,0.0,0.0
2016,6,25,5,15,176.5,16.5,2.8,12.5,35.5,13.03,0.65
2016,6,25,5,30,353.0,33.0,2.8,13.0,71.0,26.75,17.05
2016,6,25,5,45,446.0,41.5,2.85,13.5,115.0,32.77,23.19
2016,6,25,6,0,539.0,50.0,2.9,14.0,159.0,38.61,28.73
2016,6,25,6,15,598.0,56.0,2.8,14.5,208.5,62.15,34.91
2016,6,25,6,30,657.0,62.0,2.7,15.0,258.0,111.86,62.37
2016,6,25,6,45,699.0,66.5,2.65,15.5,309.5,167.37,104.44
2016,6,25,7,0,741.0,71.0,2.6,16.0,361.0,224.31,152.4
2016,6,25,7,15,770.0,74.5,2.6,16.5,413.0,281.1,202.56
2016,6,25,7,30,799.0,78.0,2.6,17.0,465.0,340.38,254.67
2016,6,25,7,45,822.0,80.5,2.65,17.5,515.5,398.57,305.1
2016,6,25,8,0,845.0,83.0,2.7,18.0,566.0,458.8,355.66
2016,6,25,8,15,861.5,85.5,2.7,18.5,614.0,515.28,401.68
2016,6,25,8,30,878.0,88.0,2.7,19.0,662.0,571.62,445.97
2016,6,25,8,45,891.0,90.0,2.75,19.5,706.0,624.97,486.74
2016,6,25,9,0,904.0,92.0,2.8,20.0,750.0,677.25,525.46
2016,6,25,9,15,914.0,94.0,2.8,20.0,789.5,726.16,561.45
2016,6,25,9,30,924.0,96.0,2.8,20.0,829.0,773.22,593.98
2016,6,25,9,45,926.5,100.0,2.85,20.5,862.0,814.39,620.56
2016,6,25,10,0,929.0,104.0,2.9,21.0,895.0,852.7,644.88
2016,6,25,10,15,935.0,105.0,2.95,21.0,923.0,888.03,668.21
2016,6,25,10,30,941.0,106.0,3.0,21.0,951.0,920.41,689.46
2016,6,25,10,45,944.5,107.0,3.05,21.5,972.0,947.46,705.72
2016,6,25,11,0,948.0,108.0,3.1,22.0,993.0,971.13,719.71
2016,6,25,11,15,950.5,109.0,3.2,22.0,1007.0,990.38,732.58
2016,6,25,11,30,953.0,110.0,3.3,22.0,1021.0,1006.04,743.17
2016,6,25,11,45,953.5,110.5,3.4,22.0,1027.5,1015.68,749.91
2016,6,25,12,0,954.0,111.0,3.5,22.0,1034.0,1021.61,754.35
2016,6,25,12,15,953.5,111.0,3.65,22.0,1033.5,1022.41,755.89
2016,6,25,12,30,953.0,111.0,3.8,22.0,1033.0,1019.5,755.08
2016,6,25,12,45,954.0,109.0,3.95,22.0,1025.5,1012.39,751.56
2016,6,25,13,0,955.0,107.0,4.1,22.0,1018.0,1001.54,745.6
2016,6,25,13,15,952.0,106.5,4.2,22.0,1002.5,984.72,735.37
2016,6,25,13,30,949.0,106.0,4.3,22.0,987.0,964.33,722.77
2016,6,25,13,45,944.5,105.5,4.4,22.0,964.5,939.14,706.88
2016,6,25,14,0,940.0,105.0,4.5,22.0,942.0,910.66,688.85
2016,6,25,14,15,934.0,104.0,4.55,21.5,913.0,877.31