Year,Month,Day,Hour,Minute,DNI,DHI,Wind Speed,Temperature,GHI,PoA Irradiance (W/m^2),kW Generated (1000 kW Array)
2016,1,1,0,0,0.0,0.0,2.8,4.0,0.0,0.0,0.0
2016,1,1,0,15,0.0,0.0,2.8,3.5,0.0,0.0,0.0
2016,1,1,0,30,0.0,0.0,2.8,3.0,0.0,0.0,0.0
2016,1,1,0,45,0.0,0.0,2.8,3.0,0.0,0.0,0.0
2016,1,1,1,0,0.0,0.0,2.8,3.0,0.0,0.0,0.0
2016,1,1,1,15,0.0,0.0,2.85,3.0,0.0,0.0,0.0
2016,1,1,1,30,0.0,0.0,2.9,3.0,0.0,0.0,0.0
2016,1,1,1,45,0.0,0.0,2.95,3.0,0.0,0.0,0.0
2016,1,1,2,0,0.0,0.0,3.0,3.0,0.0,0.0,0.0
2016,1,1,2,15,0.0,0.0,3.05,3.0,0.0,0.0,0.0
2016,1,1,2,30,0.0,0.0,3.1,3.0,0.0,0.0,0.0
2016,1,1,2,45,0.0,0.0,3.15,3.0,0.0,0.0,0.0
2016,1,1,3,0,0.0,0.0,3.2,3.0,0.0,0.0,0.0
2016,1,1,3,15,0.0,0.0,3.25,2.5,0.0,0.0,0.0
2016,1,1,3,30,0.0,0.0,3.3,2.0,0.0,0.0,0.0
2016,1,1,3,45,0.0,0.0,3.35,2.0,0.0,0.0,0.0
2016,1,1,4,0,0.0,0.0,3.4,2.0,0.0,0.0,0.0
2016,1,1,4,15,0.0,0.0,3.45,2.0,0.0,0.0,0.0
2016,1,1,4,30,0.0,0.0,3.5,2.0,0.0,0.0,0.0
2016,1,1,4,45,0.0,0.0,3.55,2.0,0.0,0.0,0.0
2016,1,1,5,0,0.0,0.0,3.6,2.0,0.0,0.0,0.0
2016,1,1,5,15,0.0,0.0,3.6,2.0,0.0,0.0,0.0
2016,1,1,5,30,0.0,0.0,3.6,2.0,0.0,0.0,0.0
2016,1,1,5,45,0.0,0.0,3.6,2.0,0.0,0.0,0.0
2016,1,1,6,0,0.0,0.0,3.6,2.0,0.0,0.0,0.0
2016,1,1,6,15,0.0,0.0,3.55,2.0,0.0,0.0,0.0
2016,1,1,6,30,0.0,0.0,3.5,2.0,0.0,0.0,0.0
2016,1,1,6,45,0.0,0.0,3.5,2.0,0.0,0.0,0.0
2016,1,1,7,0,0.0,0.0,3.5,2.0,0.0,0.0,0.0
2016,1,1,7,15,0.0,0.0,3.5,2.0,0.0,0.0,0.0
2016,1,1,7,30,0.0,0.0,3.5,2.0,0.0,0.0,0.0
2016,1,1,7,45,175.0,15.0,3.55,2.5,30.5,11.41,0.0
2016,1,1,8,0,350.0,30.0,3.6,3.0,61.0,23.69,13.96
2016,1,1,8,15,447.5,38.5,3.65,3.5,100.5,29.19,20.6
2016,1,1,8,30,545.0,47.0,3.7,4.0,140.0,34.51,25.92
2016,1,1,8,45,603.5,53.0,3.75,4.5,181.0,48.23,29.23
2016,1,1,9,0,662.0,59.0,3.8,5.0,222.0,86.0,46.62
2016,1,1,9,15,700.5,63.0,3.8,5.5,260.5,124.33,72.32
2016,1,1,9,30,739.0,67.0,3.8,6.0,299.0,167.58,106.89
2016,1,1,9,45,766.5,70.0,3.8,6.5,333.0,207.09,141.35
2016,1,1,10,0,794.0,73.0,3.8,7.0,367.0,247.5,177.83
2016,1,1,10,15,811.5,75.0,3.75,7.0,395.5,284.9,212.87
2016,1,1,10,30,829.0,77.0,3.7,7.0,424.0,321.88,247.47
2016,1,1,10,45,840.5,79.0,3.65,7.5,445.5,356.19,279.13
2016,1,1,11,0,852.0,81.0,3.6,8.0,467.0,389.23,309.08
2016,1,1,11,15,859.5,82.0,3.5,8.0,481.5,418.26,335.7
2016,1,1,11,30,867.0,83.0,3.4,8.0,496.0,445.41,360.21
2016,1,1,11,45,869.5,83.5,3.3,8.5,503.0,467.84,379.74
2016,1,1,12,0,872.0,84.0,3.2,9.0,510.0,487.88,396.82
2016,1,1,12,15,872.0,84.0,3.1,9.0,509.5,503.74,410.88
2016,1,1,12,30,872.0,84.0,3.0,9.0,509.0,516.96,422.49
2016,1,1,12,45,872.0,82.5,2.9,9.0,501.5,525.93,430.49
2016,1,1,13,0,872.0,81.0,2.8,9.0,494.0,532.14,436.07
2016,1,1,13,15,864.0,79.5,2.65,9.0,478.5,531.46,435.86
2016,1,1,13,30,856.0,78.0,2.5,9.0,463.0,527.95,433.21
2016,1,1,13,45,844.5,76.5,2.45,9.0,440.5,519.89,427.09
2016,1,1,14,0,833.0,75.0,2.4,9.0,418.0,509.18,418.64
2016,1,1,14,15,814.5,72.5,2.35,9.0,389.0,491.4,404.34
2016,1,1,14,30,796.0,70.0,2.3,9.0,360.0,471.38,387.9
2016,1,1,14,45,769.5,67.0,2.25,9.0,325.5,445.01,365.94
2016,1,1,15,0,743.0,64.0,2.2,9.0,291.0,417.09,342.16
2016,1,1,15,15,703.0,60.0,2.15,8.5,252.0,380.94,311.66
2016,1,1,15,30,663.0,56.0,2.1,8.0,213.0,346.66,281.69
2016,1,1,15,45,601.5,50.0,2.05,8.0,172.0,300.1,240.46
2016,1,1,16,0,540.0,44.0,2.0,8.0,131.0,255.28,199.8
2016,1,1,16,15,438.5,35.5,2.05,7.5,92.0,197.05,148.0
2016,1,1,16,30,337.0,27.0,2.1,7.0,53.0,142.99,88.61
2016,1,1,16,45,168.5,13.5,2.15,7.0,26.5,56.93,0.0
2016,1,1,17,0,0.0,0.0,2.2,7.0,0.0,0.0,0.0
2016,1,1,17,15,0.0,0.0,2.25,6.5,0.0,0.0,0.0
2016,1,1,17,30,0.0,0.0,2.3,6.0,0.0,0.0,0.0
2016,1,1,17,45,0.0,0.0,2.4,6.0,0.0,0.0,0.0
2016,1,1,18,0,0.0,0.0,2.5,6.0,0.0,0.0,0.0
2016,1,1,18,15,0.0,0.0,2.55,6.0,0.0,0.0,0.0
2016,1,1,18,30,0.0,0.0,2.6,6.0,0.0,0.0,0.0
2016,1,1,18,45,0.0,0.0,2.65,6.0,0.0,0.0,0.0
2016,1,1,19,0,0.0,0.0,2.7,6.0,0.0,0.0,0.0
2016,1,1,19,15,0.0,0.0,2.65,6.0,0.0,0.0,0.0
2016,1,1,19,30,0.0,0.0,2.6,6.0,0.0,0.0,0.0
2016,1,1,19,45,0.0,0.0,2.6,6.0,0.0,0.0,0.0
2016,1,1,20,0,0.0,0.0,2.6,6.0,0.0,0.0,0.0
2016,1,1,20,15,0.0,0.0,2.55,5.5,0.0,0.0,0.0
2016,1,1,20,30,0.0,0.0,2.5,5.0,0.0,0.0,0.0
2016,1,1,20,45,0.0,0.0,2.5,5.0,0.0,0.0,0.0
2016,1,1,21,0,0.0,0.0,2.5,5.0,0.0,0.0,0.0
2016,1,1,21,15,0.0,0.0,2.5,5.0,0.0,0.0,0.0
2016,1,1,21,30,0.0,0.0,2.5,5.0,0.0,0.0,0.0
2016,1,1,21,45,0.0,0.0,2.5,5.0,0.0,0.0,0.0
2016,1,1,22,0,0.0,0.0,2.5,5.0,0.0,0.0,0.0
2016,1,1,22,15,0.0,0.0,2.5,5.0,0.0,0.0,0.0
2016,1,1,22,30,0.0,0.0,2.5,5.0,0.0,0.0,0.0
2016,1,1,22,45,0.0,0.0,2.5,5.0,0.0,0.0,0.0
2016,1,1,23,0,0.0,0.0,2.5,5.0,0.0,0.0,0.0
2016,1,1,23,15,0.0,0.0,2.45,5.0,0.0,0.0,0.0
2016,1,1,23,30,0.0,0.0,2.4,5.0,0.0,0.0,0.0
2016,1,1,23,45,0.0,0.0,2.4,5.0,0.0,0.0,0.0
2016,1,2,0,0,0.0,0.0,2.4,5.0,0.0,0.0,0.0
2016,1,2,0,15,0.0,0.0,2.4,5.0,0.0,0.0,0.0
2016,1,2,0,30,0.0,0.0,2.4,5.0,0.0,0.0,0.0
2016,1,2,0,45,0.0,0.0,2.4,5.0,0.0,0.0,0.0
2016,1,2,1,0,0.0,0.0,2.4,5.0,0.0,0.0,0.0
2016,1,2,1,15,0.0,0.0,2.4,5.0,0.0,0.0,0.0
2016,1,2,1,30,0.0,0.0,2.4,5.0,0.0,0.0,0.0
2016,1,2,1,45,0.0,0.0,2.45,5.0,0.0,0.0,0.0
2016,1,2,2,0,0.0,0.0,2.5,5.0,0.0,0.0,0.0
2016,1,2,2,15,0.0,0.0,2.5,5.0,0.0,0.0,0.0
2016,1,2,2,30,0.0,0.0,2.5,5.0,0.0,0.0,0.0
2016,1,2,2,45,0.0,0.0,2.55,5.0,0.0,0.0,0.0
2016,1,2,3,0,0.0,0.0,2.6,5.0,0.0,0.0,0.0
2016,1,2,3,15,0.0,0.0,2.6,5.0,0.0,0.0,0.0
2016,1,2,3,30,0.0,0.0,2.6,5.0,0.0,0.0,0.0
2016,1,2,3,45,0.0,0.0,2.65,5.0,0.0,0.0,0.0
2016,1,2,4,0,0.0,0.0,2.7,5.0,0.0,0.0,0.0
2016,1,2,4,15,0.0,0.0,2.7,5.0,0.0,0.0,0.0
2016,1,2,4,30,0.0,0.0,2.7,5.0,0.0,0.0,0.0
2016,1,2,4,45,0.0,0.0,2.75,5.0,0.0,0.0,0.0
2016,1,2,5,0,0.0,0.0,2.8,5.0,0.0,0.0,0.0
2016,1,2,5,15,0.0,0.0,2.9,4.5,0.0,0.0,0.0
2016,1,2,5,30,0.0,0.0,3.0,4.0,0.0,0.0,0.0
2016,1,2,5,45,0.0,0.0,3.1,4.0,0.0,0.0,0.0
2016,1,2,6,0,0.0,0.0,3.2,4.0,0.0,0.0,0.0
2016,1,2,6,15,0.0,0.0,3.25,4.0,0.0,0.0,0.0
2016,1,2,6,30,0.0,0.0,3.3,4.0,0.0,0.0,0.0
2016,1,2,6,45,0.0,0.0,3.4,4.0,0.0,0.0,0.0
2016,1,2,7,0,0.0,0.0,3.5,4.0,0.0,0.0,0.0
2016,1,2,7,15,0.0,0.0,3.55,4.0,0.0,0.0,0.0
2016,1,2,7,30,0.0,0.0,3.6,4.0,0.0,0.0,0.0
2016,1,2,7,45,30.0,15.5,3.7,4.5,18.5,14.08,0.0
2016,1,2,8,0,60.0,31.0,3.8,5.0,37.0,27.19,16.65
2016,1,2,8,15,87.5,48.0,3.8,5.0,61.0,41.06,31.04
2016,1,2,8,30,115.0,65.0,3.8,5.0,85.0,54.57,44.01
2016,1,2,8,45,131.5,82.0,3.85,5.5,110.5,70.69,54.52
2016,1,2,9,0,148.0,99.0,3.9,6.0,136.0,93.75,71.15
2016,1,2,9,15,158.0,115.0,3.85,6.5,159.5,116.84,89.34
2016,1,2,9,30,168.0,131.0,3.8,7.0,183.0,140.7,109.03
2016,1,2,9,45,182.5,142.5,3.8,7.5,205.5,162.41,127.15
2016,1,2,10,0,197.0,154.0,3.8,8.0,228.0,184.95,146.22
2016,1,2,10,15,304.5,151.5,3.85,8.0,275.0,219.17,172.7
2016,1,2,10,30,412.0,149.0,3.9,8.0,322.0,260.95,206.51
2016,1,2,10,45,607.0,111.0,4.0,8.5,379.5,307.09,242.75
2016,1,2,11,0,802.0,73.0,4.1,9.0,437.0,363.43,288.6
2016,1,2,11,15,406.0,122.0,4.2,9.5,307.0,277.0,224.39
2016,1,2,11,30,10.0,171.0,4.3,10.0,177.0,168.51,137.38
2016,1,2,11,45,32.0,189.0,4.4,10.5,205.5,196.62,160.66
2016,1,2,12,0,54.0,207.0,4.5,11.0,234.0,225.79,184.54
2016,1,2,12,15,38.5,197.5,4.55,11.0,217.0,211.18,172.5
2016,1,2,12,30,23.0,188.0,4.6,11.0,200.0,193.99,158.3
2016,1,2,12,45,11.5,172.0,4.65,11.5,178.0,173.23,140.82
2016,1,2,13,0,0.0,156.0,4.7,12.0,156.0,152.06,122.95
2016,1,2,13,15,39.5,175.5,4.7,12.0,193.5,195.14,159.33
2016,1,2,13,30,79.0,195.0,4.7,12.0,231.0,236.94,194.37
2016,1,2,13,45,39.5,163.5,4.7,12.0,181.5,184.87,151.04
2016,1,2,14,0,0.0,132.0,4.7,12.0,132.0,129.68,104.72
2016,1,2,14,15,0.0,102.5,4.6,12.0,102.5,100.13,79.96
2016,1,2,14,30,0.0,73.0,4.5,12.0,73.0,70.64,55.01
2016,1,2,14,45,0.0,66.0,4.4,12.0,66.0,63.8,49.24
2016,1,2,15,0,0.0,59.0,4.3,12.0,59.0,57.02,43.46
2016,1,2,15,15,0.0,51.0,4.05,11.5,51.0,49.27,36.87
2016,1,2,15,30,0.0,43.0,3.8,11.0,43.0,41.53,30.2
2016,1,2,15,45,0.0,34.5,3.55,10.5,34.5,33.31,23.02
2016,1,2,16,0,0.0,26.0,3.3,10.0,26.0,25.09,15.77
2016,1,2,16,15,0.0,18.5,3.35,9.5,18.5,17.85,9.26
2016,1,2,16,30,0.0,11.0,3.4,9.0,11.0,10.6,2.1
2016,1,2,16,45,0.0,5.5,3.45,9.0,5.5,5.41,0.0
2016,1,2,17,0,0.0,0.0,3.5,9.0,0.0,0.0,0.0
2016,1,2,17,15,0.0,0.0,3.6,9.0,0.0,0.0,0.0
2016,1,2,17,30,0.0,0.0,3.7,9.0,0.0,0.0,0.0
2016,1,2,17,45,0.0,0.0,3.8,9.0,0.0,0.0,0.0
2016,1,2,18,0,0.0,0.0,3.9,9.0,0.0,0.0,0.0
2016,1,2,18,15,0.0,0.0,4.0,8.5,0.0,0.0,0.0
2016,1,2,18,30,0.0,0.0,4.1,8.0,0.0,0.0,0.0
2016,1,2,18,45,0.0,0.0,4.2,8.0,0.0,0.0,0.0
2016,1,2,19,0,0.0,0.0,4.3,8.0,0.0,0.0,0.0
2016,1,2,19,15,0.0,0.0,4.35,8.0,0.0,0.0,0.0
2016,1,2,19,30,0.0,0.0,4.4,8.0,0.0,0.0,0.0
2016,1,2,19,45,0.0,0.0,4.5,8.0,0.0,0.0,0.0
2016,1,2,20,0,0.0,0.0,4.6,8.0,0.0,0.0,0.0
2016,1,2,20,15,0.0,0.0,4.6,7.5,0.0,0.0,0.0
2016,1,2,20,30,0.0,0.0,4.6,7.0,0.0,0.0,0.0
2016,1,2,20,45,0.0,0.0,4.7,7.0,0.0,0.0,0.0
2016,1,2,21,0,0.0,0.0,4.8,7.0,0.0,0.0,0.0
2016,1,2,21,15,0.0,0.0,4.85,7.0,0.0,0.0,0.0
2016,1,2,21,30,0.0,0.0,4.9,7.0,0.0,0.0,0.0
2016,1,2,21,45,0.0,0.0,4.95,7.0,0.0,0.0,0.0
2016,1,2,22,0,0.0,0.0,5.0,7.0,0.0,0.0,0.0
2016,1,2,22,15,0.0,0.0,5.05,7.0,0.0,0.0,0.0
2016,1,2,22,30,0.0,0.0,5.1,7.0,0.0,0.0,0.0
2016,1,2,22,45,0.0,0.0,5.2,7.0,0.0,0.0,0.0
2016,1,2,23,0,0.0,0.0,5.3,7.0,0.0,0.0,0.0
2016,1,2,23,15,0.0,0.0,5.3,7.0,0.0,0.0,0.0
2016,1,2,23,30,0.0,0.0,5.3,7.0,0.0,0.0,0.0
2016,1,2,23,45,0.0,0.0,5.35,7.0,0.0,0.0,0.0
2016,1,3,0,0,0.0,0.0,5.4,7.0,0.0,0.0,0.0
2016,1,3,0,15,0.0,0.0,5.35,6.5,0.0,0.0,0.0
2016,1,3,0,30,0.0,0.0,5.3,6.0,0.0,0.0,0.0
2016,1,3,0,45,0.0,0.0,5.3,6.0,0.0,0.0,0.0
2016,1,3,1,0,0.0,0.0,5.3,6.0,0.0,0.0,0.0
2016,1,3,1,15,0.0,0.0,5.3,6.0,0.0,0.0,0.0
2016,1,3,1,30,0.0,0.0,5.3,6.0,0.0,0.0,0.0
2016,1,3,1,45,0.0,0.0,5.35,6.0,0.0,0.0,0.0
2016,1,3,2,0,0.0,0.0,5.4,6.0,0.0,0.0,0.0
2016,1,3,2,15,0.0,0.0,5.45,6.0,0.0,0.0,0.0
2016,1,3,2,30,0.0,0.0,5.5,6.0,0.0,0.0,0.0
2016,1,3,2,45,0.0,0.0,5.55,6.5,0.0,0.0,0.0
2016,1,3,3,0,0.0,0.0,5.6,7.0,0.0,0.0,0.0
2016,1,3,3,15,0.0,0.0,5.7,7.0,0.0,0.0,0.0
2016,1,3,3,30,0.0,0.0,5.8,7.0,0.0,0.0,0.0
2016,1,3,3,45,0.0,0.0,5.95,7.0,0.0,0.0,0.0
2016,1,3,4,0,0.0,0.0,6.1,7.0,0.0,0.0,0.0
2016,1,3,4,15,0.0,0.0,6.1,7.0,0.0,0.0,0.0
2016,1,3,4,30,0.0,0.0,6.1,7.0,0.0,0.0,0.0
2016,1,3,4,45,0.0,0.0,6.1,7.0,0.0,0.0,0.0
2016,1,3,5,0,0.0,0.0,6.1,7.0,0.0,0.0,0.0
2016,1,3,5,15,0.0,0.0,5.85,7.0,0.0,0.0,0.0
2016,1,3,5,30,0.0,0.0,5.6,7.0,0.0,0.0,0.0
2016,1,3,5,45,0.0,0.0,5.4,7.0,0.0,0.0,0.0
2016,1,3,6,0,0.0,0.0,5.2,7.0,0.0,0.0,0.0
2016,1,3,6,15,0.0,0.0,5.0,7.0,0.0,0.0,0.0
2016,1,3,6,30,0.0,0.0,4.8,7.0,0.0,0.0,0.0
2016,1,3,6,45,0.0,0.0,4.65,7.0,0.0,0.0,0.0
2016,1,3,7,0,0.0,0.0,4.5,7.0,0.0,0.0,0.0
2016,1,3,7,15,0.0,0.0,4.4,7.0,0.0,0.0,0.0
2016,1,3,7,30,0.0,0.0,4.3,7.0,0.0,0.0,0.0
2016,1,3,7,45,0.0,10.5,4.2,7.5,10.5,10.13,0.0
2016,1,3,8,0,0.0,21.0,4.1,8.0,21.0,20.27,10.79
2016,1,3,8,15,0.0,35.0,4.0,8.0,35.0,33.45,23.95
2016,1,3,8,30,0.0,49.0,3.9,8.0,49.0,46.24,36.02
2016,1,3,8,45,0.0,63.5,3.8,8.5,63.5,59.43,45.8
2016,1,3,9,0,0.0,78.0,3.7,9.0,78.0,72.98,57.63
2016,1,3,9,15,0.0,91.5,3.6,9.0,91.5,85.77,68.76
2016,1,3,9,30,0.0,105.0,3.5,9.0,105.0,98.62,79.81
2016,1,3,9,45,0.0,116.5,3.4,9.5,116.5,109.76,89.11
2016,1,3,10,0,0.0,128.0,3.3,10.0,128.0,120.92,98.3
2016,1,3,10,15,5.0,140.0,3.35,10.0,142.5,133.9,108.97
2016,1,3,10,30,10.0,152.0,3.4,10.0,157.0,147.27,119.98
2016,1,3,10,45,28.5,170.0,3.5,10.5,183.0,169.96,138.3
2016,1,3,11,0,47.0,188.0,3.6,11.0,209.0,195.27,158.79
2016,1,3,11,15,88.5,201.5,3.8,11.0,243.0,226.71,184.47
2016,1,3,11,30,130.0,215.0,4.0,11.0,277.0,260.82,212.49
2016,1,3,11,45,74.5,200.5,4.2,11.0,236.5,226.37,184.66
2016,1,3,12,0,19.0,186.0,4.4,11.0,196.0,188.43,153.47
2016,1,3,12,15,58.5,202.5,4.4,11.0,231.5,225.64,184.54
2016,1,3,12,30,98.0,219.0,4.4,11.0,267.0,263.38,215.85
2016,1,3,12,45,235.0,203.0,4.4,11.0,316.0,324.09,266.62
2016,1,3,13,0,372.0,187.0,4.4,11.0,365.0,381.63,314.47
2016,1,3,13,15,393.5,176.5,4.05,11.0,359.5,389.16,320.51
2016,1,3,13,30,415.0,166.0,3.7,11.0,354.0,392.11,323.09
2016,1,3,13,45,368.5,165.0,3.35,11.5,326.0,363.96,299.55
2016,1,3,14,0,322.0,164.0,3.0,12.0,298.0,339.18,278.69
2016,1,3,14,15,211.0,159.5,2.65,12.0,245.0,273.33,224.54
2016,1,3,14,30,100.0,155.0,2.3,12.0,192.0,213.59,174.9
2016,1,3,14,45,91.5,141.5,2.0,12.0,173.0,190.64,155.97
2016,1,3,15,0,83.0,128.0,1.7,12.0,154.0,172.22,140.49
2016,1,3,15,15,76.0,112.0,1.55,11.5,133.5,151.6,123.27
2016,1,3,15,30,69.0,96.0,1.4,11.0,113.0,130.98,105.74
2016,1,3,15,45,54.5,79.0,1.3,11.0,90.5,106.24,84.31
2016,1,3,16,0,40.0,62.0,1.2,11.0,68.0,81.92,63.08
2016,1,3,16,15,20.0,45.0,1.3,10.5,48.0,56.16,40.7
2016,1,3,16,30,0.0,28.0,1.4,10.0,28.0,28.78,15.76
2016,1,3,16,45,0.0,14.0,1.5,10.0,14.0,13.52,0.0
2016,1,3,17,0,0.0,0.0,1.6,10.0,0.0,0.0,0.0
2016,1,3,17,15,0.0,0.0,1.7,9.5,0.0,0.0,0.0
2016,1,3,17,30,0.0,0.0,1.8,9.0,0.0,0.0,0.0
2016,1,3,17,45,0.0,0.0,1.95,9.0,0.0,0.0,0.0
2016,1,3,18,0,0.0,0.0,2.1,9.0,0.0,0.0,0.0
2016,1,3,18,15,0.0,0.0,2.2,9.0,0.0,0.0,0.0
2016,1,3,18,30,0.0,0.0,2.3,9.0,0.0,0.0,0.0
2016,1,3,18,45,0.0,0.0,2.45,9.0,0.0,0.0,0.0
2016,1,3,19,0,0.0,0.0,2.6,9.0,0.0,0.0,0.0
2016,1,3,19,15,0.0,0.0,2.7,8.5,0.0,0.0,0.0
2016,1,3,19,30,0.0,0.0,2.8,8.0,0.0,0.0,0.0
2016,1,3,19,45,0.0,0.0,2.9,8.0,0.0,0.0,0.0
2016,1,3,20,0,0.0,0.0,3.0,8.0,0.0,0.0,0.0
2016,1,3,20,15,0.0,0.0,3.05,8.0,0.0,0.0,0.0
2016,1,3,20,30,0.0,0.0,3.1,8.0,0.0,0.0,0.0
2016,1,3,20,45,0.0,0.0,3.15,8.0,0.0,0.0,0.0
2016,1,3,21,0,0.0,0.0,3.2,8.0,0.0,0.0,0.0
2016,1,3,21,15,0.0,0.0,3.25,8.0,0.0,0.0,0.0
2016,1,3,21,30,0.0,0.0,3.3,8.0,0.0,0.0,0.0
2016,1,3,21,45,0.0,0.0,3.35,8.0,0.0,0.0,0.0
2016,1,3,22,0,0.0,0.0,3.4,8.0,0.0,0.0,0.0
2016,1,3,22,15,0.0,0.0,3.45,8.0,0.0,0.0,0.0
2016,1,3,22,30,0.0,0.0,3.5,8.0,0.0,0.0,0.0
2016,1,3,22,45,0.0,0.0,3.6,8.0,0.0,0.0,0.0
2016,1,3,23,0,0.0,0.0,3.7,8.0,0.0,0.0,0.0
2016,1,3,23,15,0.0,0.0,3.75,8.0,0.0,0.0,0.0
2016,1,3,23,30,0.0,0.0,3.8,8.0,0.0,0.0,0.0
2016,1,3,23,45,0.0,0.0,3.9,8.0,0.0,0.0,0.0
2016,1,4,0,0,0.0,0.0,4.0,8.0,0.0,0.0,0.0
2016,1,4,0,15,0.0,0.0,4.1,8.0,0.0,0.0,0.0
2016,1,4,0,30,0.0,0.0,4.2,8.0,0.0,0.0,0.0
2016,1,4,0,45,0.0,0.0,4.35,8.0,0.0,0.0,0.0
2016,1,4,1,0,0.0,0.0,4.5,8.0,0.0,0.0,0.0
2016,1,4,1,15,0.0,0.0,4.65,8.0,0.0,0.0,0.0
2016,1,4,1,30,0.0,0.0,4.8,8.0,0.0,0.0,0.0
2016,1,4,1,45,0.0,0.0,5.0,8.0,0.0,0.0,0.0
2016,1,4,2,0,0.0,0.0,5.2,8.0,0.0,0.0,0.0
2016,1,4,2,15,0.0,0.0,5.3,8.0,0.0,0.0,0.0
2016,1,4,2,30,0.0,0.0,5.4,8.0,0.0,0.0,0.0
2016,1,4,2,45,0.0,0.0,5.55,8.0,0.0,0.0,0.0
2016,1,4,3,0,0.0,0.0,5.7,8.0,0.0,0.0,0.0
2016,1,4,3,15,0.0,0.0,5.75,8.0,0.0,0.0,0.0
2016,1,4,3,30,0.0,0.0,5.8,8.0,0.0,0.0,0.0
2016,1,4,3,45,0.0,0.0,5.85,8.5,0.0,0.0,0.0
2016,1,4,4,0,0.0,0.0,5.9,9.0,0.0,0.0,0.0
2016,1,4,4,15,0.0,0.0,5.85,9.0,0.0,0.0,0.0
2016,1,4,4,30,0.0,0.0,5.8,9.0,0.0,0.0,0.0
2016,1,4,4,45,0.0,0.0,5.8,9.5,0.0,0.0,0.0
2016,1,4,5,0,0.0,0.0,5.8,10.0,0.0,0.0,0.0
2016,1,4,5,15,0.0,0.0,5.7,10.0,0.0,0.0,0.0
2016,1,4,5,30,0.0,0.0,5.6,10.0,0.0,0.0,0.0
2016,1,4,5,45,0.0,0.0,5.6,10.0,0.0,0.0,0.0
2016,1,4,6,0,0.0,0.0,5.6,10.0,0.0,0.0,0.0
2016,1,4,6,15,0.0,0.0,5.45,10.0,0.0,0.0,0.0
2016,1,4,6,30,0.0,0.0,5.3,10.0,0.0,0.0,0.0
2016,1,4,6,45,0.0,0.0,5.15,10.0,0.0,0.0,0.0
2016,1,4,7,0,0.0,0.0,5.0,10.0,0.0,0.0,0.0
2016,1,4,7,15,0.0,0.0,5.0,10.0,0.0,0.0,0.0
2016,1,4,7,30,0.0,0.0,5.0,10.0,0.0,0.0,0.0
2016,1,4,7,45,184.5,13.5,5.05,10.5,29.5,10.07,0.0
2016,1,4,8,0,369.0,27.0,5.1,11.0,59.0,20.78,11.01
2016,1,4,8,15,461.0,34.0,5.15,11.0,97.5,25.02,16.25
2016,1,4,8,30,553.0,41.0,5.2,11.0,136.0,31.87,22.79
2016,1,4,8,45,612.0,45.5,5.3,11.5,176.0,43.82,25.03
2016,1,4,9,0,671.0,50.0,5.4,12.0,216.0,80.47,40.54
2016,1,4,9,15,706.5,53.5,5.5,12.0,253.0,118.28,65.29
2016,1,4,9,30,742.0,57.0,5.6,12.0,290.0,158.22,96.71
2016,1,4,9,45,519.5,101.0,5.7,12.5,273.0,185.81,130.92
2016,1,4,10,0,297.0,145.0,5.8,13.0,256.0,198.19,151.38
2016,1,4,10,15,512.0,113.0,5.9,13.0,321.0,238.32,179.88
2016,1,4,10,30,727.0,81.0,6.0,13.0,386.0,295.31,224.54
2016,1,4,10,45,599.5,118.5,6.15,13.5,378.5,312.02,243.8
2016,1,4,11,0,472.0,156.0,6.3,14.0,371.0,320.12,254.35
2016,1,4,11,15,308.0,186.0,6.4,14.0,328.0,298.9,240.39
2016,1,4,11,30,144.0,216.0,6.5,14.0,285.0,267.69,216.69
2016,1,4,11,45,325.5,190.5,6.6,14.0,350.0,329.74,267.58
2016,1,4,12,0,507.0,165.0,6.7,14.0,415.0,398.97,324.57
2016,1,4,12,15,282.0,187.5,6.75,14.0,326.5,321.76,262.46
2016,1,4,12,30,57.0,210.0,6.8,14.0,238.0,234.3,190.22
2016,1,4,12,45,28.5,179.5,6.9,14.0,193.5,191.26,154.84
2016,1,4,13,0,0.0,149.0,7.0,14.0,149.0,145.09,116.44
2016,1,4,13,15,3.5,154.5,7.0,13.5,156.5,152.73,123.19
2016,1,4,13,30,7.0,160.0,7.0,13.0,164.0,160.55,130.12
2016,1,4,13,45,3.5,104.5,7.0,13.0,106.5,103.44,82.3
2016,1,4,14,0,0.0,49.0,7.0,13.0,49.0,47.34,34.82
2016,1,4,14,15,2.5,90.5,6.75,13.0,91.5,89.25,70.56
2016,1,4,14,30,5.0,132.0,6.5,13.0,134.0,133.52,108.07
2016,1,4,14,45,2.5,120.0,6.3,13.0,121.0,120.63,97.25
2016,1,4,15,0,0.0,108.0,6.1,13.0,108.0,107.81,86.45
2016,1,4,15,15,0.0,93.5,5.95,12.5,93.5,93.46,74.4
2016,1,4,15,30,0.0,79.0,5.8,12.0,79.0,79.04,62.11
2016,1,4,15,45,0.0,64.0,5.7,12.0,64.0,63.98,48.99
2016,1,4,16,0,0.0,49.0,5.6,12.0,49.0,48.77,35.64
2016,1,4,16,15,0.0,35.0,5.55,12.0,35.0,34.49,22.98
2016,1,4,16,30,0.0,21.0,5.5,12.0,21.0,20.27,9.57
2016,1,4,16,45,0.0,10.5,5.5,12.0,10.5,10.13,0.0
2016,1,4,17,0,0.0,0.0,5.5,12.0,0.0,0.0,0.0
2016,1,4,17,15,0.0,0.0,5.55,12.0,0.0,0.0,0.0
2016,1,4,17,30,0.0,0.0,5.6,12.0,0.0,0.0,0.0
2016,1,4,17,45,0.0,0.0,5.65,12.0,0.0,0.0,0.0
2016,1,4,18,0,0.0,0.0,5.7,12.0,0.0,0.0,0.0
2016,1,4,18,15,0.0,0.0,5.7,12.0,0.0,0.0,0.0
2016,1,4,18,30,0.0,0.0,5.7,12.0,0.0,0.0,0.0
2016,1,4,18,45,0.0,0.0,5.75,12.0,0.0,0.0,0.0
2016,1,4,19,0,0.0,0.0,5.8,12.0,0.0,0.0,0.0
2016,1,4,19,15,0.0,0.0,5.8,12.0,0.0,0.0,0.0
2016,1,4,19,30,0.0,0.0,5.8,12.0,0.0,0.0,0.0
2016,1,4,19,45,0.0,0.0,5.8,12.0,0.0,0.0,0.0
2016,1,4,20,0,0.0,0.0,5.8,12.0,0.0,0.0,0.0
2016,1,4,20,15,0.0,0.0,5.9,12.0,0.0,0.0,0.0
2016,1,4,20,30,0.0,0.0,6.0,12.0,0.0,0.0,0.0
2016,1,4,20,45,0.0,0.0,6.1,12.0,0.0,0.0,0.0
2016,1,4,21,0,0.0,0.0,6.2,12.0,0.0,0.0,0.0
2016,1,4,21,15,0.0,0.0,6.25,12.0,0.0,0.0,0.0
2016,1,4,21,30,0.0,0.0,6.3,12.0,0.0,0.0,0.0
2016,1,4,21,45,0.0,0.0,6.35,12.0,0.0,0.0,0.0
2016,1,4,22,0,0.0,0.0,6.4,12.0,0.0,0.0,0.0
2016,1,4,22,15,0.0,0.0,6.6,12.0,0.0,0.0,0.0
2016,1,4,22,30,0.0,0.0,6.8,12.0,0.0,0.0,0.0
2016,1,4,22,45,0.0,0.0,7.0,12.0,0.0,0.0,0.0
2016,1,4,23,0,0.0,0.0,7.2,12.0,0.0,0.0,0.0
2016,1,4,23,15,0.0,0.0,7.35,12.0,0.0,0.0,0.0
2016,1,4,23,30,0.0,0.0,7.5,12.0,0.0,0.0,0.0
2016,1,4,23,45,0.0,0.0,7.65,12.0,0.0,0.0,0.0
2016,1,5,0,0,0.0,0.0,7.8,12.0,0.0,0.0,0.0
2016,1,5,0,15,0.0,0.0,7.85,12.0,0.0,0.0,0.0
2016,1,5,0,30,0.0,0.0,7.9,12.0,0.0,0.0,0.0
2016,1,5,0,45,0.0,0.0,8.0,12.0,0.0,0.0,0.0
2016,1,5,1,0,0.0,0.0,8.1,12.0,0.0,0.0,0.0
2016,1,5,1,15,0.0,0.0,8.1,12.0,0.0,0.0,0.0
2016,1,5,1,30,0.0,0.0,8.1,12.0,0.0,0.0,0.0
2016,1,5,1,45,0.0,0.0,8.1,12.0,0.0,0.0,0.0
2016,1,5,2,0,0.0,0.0,8.1,12.0,0.0,0.0,0.0
2016,1,5,2,15,0.0,0.0,7.95,12.0,0.0,0.0,0.0
2016,1,5,2,30,0.0,0.0,7.8,12.0,0.0,0.0,0.0
2016,1,5,2,45,0.0,0.0,7.7,12.0,0.0,0.0,0.0
2016,1,5,3,0,0.0,0.0,7.6,12.0,0.0,0.0,0.0
2016,1,5,3,15,0.0,0.0,7.2,11.5,0.0,0.0,0.0
2016,1,5,3,30,0.0,0.0,6.8,11.0,0.0,0.0,0.0
2016,1,5,3,45,0.0,0.0,6.4,11.0,0.0,0.0,0.0
2016,1,5,4,0,0.0,0.0,6.0,11.0,0.0,0.0,0.0
2016,1,5,4,15,0.0,0.0,5.5,11.0,0.0,0.0,0.0
2016,1,5,4,30,0.0,0.0,5.0,11.0,0.0,0.0,0.0
2016,1,5,4,45,0.0,0.0,4.55,11.0,0.0,0.0,0.0
2016,1,5,5,0,0.0,0.0,4.1,11.0,0.0,0.0,0.0
2016,1,5,5,15,0.0,0.0,3.95,11.0,0.0,0.0,0.0
2016,1,5,5,30,0.0,0.0,3.8,11.0,0.0,0.0,0.0
2016,1,5,5,45,0.0,0.0,3.65,11.0,0.0,0.0,0.0
2016,1,5,6,0,0.0,0.0,3.5,11.0,0.0,0.0,0.0
2016,1,5,6,15,0.0,0.0,3.55,10.5,0.0,0.0,0.0
2016,1,5,6,30,0.0,0.0,3.6,10.0,0.0,0.0,0.0
2016,1,5,6,45,0.0,0.0,3.65,10.0,0.0,0.0,0.0
2016,1,5,7,0,0.0,0.0,3.7,10.0,0.0,0.0,0.0
2016,1,5,7,15,0.0,0.0,3.95,10.0,0.0,0.0,0.0
2016,1,5,7,30,0.0,0.0,4.2,10.0,0.0,0.0,0.0
2016,1,5,7,45,0.0,13.5,4.45,10.5,13.5,13.03,0.0
2016,1,5,8,0,0.0,27.0,4.7,11.0,27.0,25.67,14.93
2016,1,5,8,15,6.0,44.0,4.8,11.0,45.0,40.9,30.11
2016,1,5,8,30,12.0,61.0,4.9,11.0,63.0,55.9,44.14
2016,1,5,8,45,19.0,77.0,5.0,11.0,81.0,68.18,52.58
2016,1,5,9,0,26.0,93.0,5.1,11.0,99.0,84.45,66.1
2016,1,5,9,15,30.5,108.0,5.1,11.0,116.5,100.43,79.44
2016,1,5,9,30,35.0,123.0,5.1,11.0,134.0,116.83,93.2
2016,1,5,9,45,37.5,136.0,5.1,11.5,149.0,131.62,105.47
2016,1,5,10,0,40.0,149.0,5.1,12.0,164.0,146.58,117.84
2016,1,5,10,15,20.0,114.5,5.15,12.0,122.0,113.61,90.74
2016,1,5,10,30,0.0,80.0,5.2,12.0,80.0,77.31,60.5
2016,1,5,10,45,0.0,44.5,5.3,12.0,44.5,42.99,31.2
2016,1,5,11,0,0.0,9.0,5.4,12.0,9.0,8.68,1.8
2016,1,5,11,15,2.0,86.0,5.5,11.5,87.0,83.94,66.06
2016,1,5,11,30,4.0,163.0,5.6,11.0,165.0,158.4,128.86
2016,1,5,11,45,2.0,85.5,5.7,11.0,86.5,83.58,65.73
2016,1,5,12,0,0.0,8.0,5.8,11.0,8.0,7.72,0.97
2016,1,5,12,15,46.5,114.0,5.8,11.0,137.0,133.5,108.27
2016,1,5,12,30,93.0,220.0,5.8,11.0,266.0,262.04,215.48
2016,1,5,12,45,52.5,197.5,5.8,11.0,223.5,221.39,181.59
2016,1,5,13,0,12.0,175.0,5.8,11.0,181.0,177.01,144.45
2016,1,5,13,15,6.0,108.0,5.7,11.0,111.0,107.93,86.51
2016,1,5,13,30,0.0,41.0,5.6,11.0,41.0,39.6,28.38
2016,1,5,13,45,0.0,23.5,5.55,11.0,23.5,22.68,13.9
2016,1,5,14,0,0.0,6.0,5.5,11.0,6.0,5.79,0.0
2016,1,5,14,15,120.5,79.0,5.45,11.0,124.0,145.92,120.52
2016,1,5,14,30,241.0,152.0,5.4,11.0,242.0,284.97,237.36
2016,1,5,14,45,227.5,140.5,5.4,11.0,219.5,264.51,219.9
2016,1,5,15,0,214.0,129.0,5.4,11.0,197.0,243.73,202.21
2016,1,5,15,15,403.5,96.0,5.15,11.0,203.5,293.59,242.82
2016,1,5,15,30,593.0,63.0,4.9,11.0,210.0,330.68,270.39
2016,1,5,15,45,527.0,57.5,4.7,11.0,170.5,284.26,229.06
2016,1,5,16,0,461.0,52.0,4.5,11.0,131.0,239.8,188.97
2016,1,5,16,15,362.0,42.5,4.25,10.5,93.5,182.69,138.79
2016,1,5,16,30,263.0,33.0,4.0,10.0,56.0,131.01,88.54
2016,1,5,16,45,131.5,16.5,3.75,10.0,28.0,60.71,0.0
2016,1,5,17,0,0.0,0.0,3.5,10.0,0.0,0.0,0.0
2016,1,5,17,15,0.0,0.0,3.4,9.5,0.0,0.0,0.0
2016,1,5,17,30,0.0,0.0,3.3,9.0,0.0,0.0,0.0
2016,1,5,17,45,0.0,0.0,3.2,9.0,0.0,0.0,0.0
2016,1,5,18,0,0.0,0.0,3.1,9.0,0.0,0.0,0.0
2016,1,5,18,15,0.0,0.0,3.15,9.0,0.0,0.0,0.0
2016,1,5,18,30,0.0,0.0,3.2,9.0,0.0,0.0,0.0
2016,1,5,18,45,0.0,0.0,3.25,9.0,0.0,0.0,0.0
2016,1,5,19,0,0.0,0.0,3.3,9.0,0.0,0.0,0.0
2016,1,5,19,15,0.0,0.0,3.35,9.0,0.0,0.0,0.0
2016,1,5,19,30,0.0,0.0,3.4,9.0,0.0,0.0,0.0
2016,1,5,19,45,0.0,0.0,3.5,9.0,0.0,0.0,0.0
2016,1,5,20,0,0.0,0.0,3.6,9.0,0.0,0.0,0.0
2016,1,5,20,15,0.0,0.0,3.65,9.0,0.0,0.0,0.0
2016,1,5,20,30,0.0,0.0,3.7,9.0,0.0,0.0,0.0
2016,1,5,20,45,0.0,0.0,3.8,9.0,0.0,0.0,0.0
2016,1,5,21,0,0.0,0.0,3.9,9.0,0.0,0.0,0.0
2016,1,5,21,15,0.0,0.0,4.05,9.0,0.0,0.0,0.0
2016,1,5,21,30,0.0,0.0,4.2,9.0,0.0,0.0,0.0
2016,1,5,21,45,0.0,0.0,4.4,9.0,0.0,0.0,0.0
2016,1,5,22,0,0.0,0.0,4.6,9.0,0.0,0.0,0.0
2016,1,5,22,15,0.0,0.0,4.8,9.0,0.0,0.0,0.0
2016,1,5,22,30,0.0,0.0,5.0,9.0,0.0,0.0,0.0
2016,1,5,22,45,0.0,0.0,5.25,9.0,0.0,0.0,0.0
2016,1,5,23,0,0.0,0.0,5.5,9.0,0.0,0.0,0.0
2016,1,5,23,15,0.0,0.0,5.7,9.0,0.0,0.0,0.0
2016,1,5,23,30,0.0,0.0,5.9,9.0,0.0,0.0,0.0
2016,1,5,23,45,0.0,0.0,6.1,9.5,0.0,0.0,0.0
2016,1,6,0,0,0.0,0.0,6.3,10.0,0.0,0.0,0.0
2016,1,6,0,15,0.0,0.0,6.65,10.0,0.0,0.0,0.0
2016,1,6,0,30,0.0,0.0,7.0,10.0,0.0,0.0,0.0
2016,1,6,0,45,0.0,0.0,7.35,10.0,0.0,0.0,0.0
2016,1,6,1,0,0.0,0.0,7.7,10.0,0.0,0.0,0.0
2016,1,6,1,15,0.0,0.0,8.05,10.0,0.0,0.0,0.0
2016,1,6,1,30,0.0,0.0,8.4,10.0,0.0,0.0,0.0
2016,1,6,1,45,0.0,0.0,8.8,10.0,0.0,0.0,0.0
2016,1,6,2,0,0.0,0.0,9.2,10.0,0.0,0.0,0.0
2016,1,6,2,15,0.0,0.0,9.3,10.0,0.0,0.0,0.0
2016,1,6,2,30,0.0,0.0,9.4,10.0,0.0,0.0,0.0
2016,1,6,2,45,0.0,0.0,9.55,10.0,0.0,0.0,0.0
2016,1,6,3,0,0.0,0.0,9.7,10.0,0.0,0.0,0.0
2016,1,6,3,15,0.0,0.0,9.45,10.0,0.0,0.0,0.0
2016,1,6,3,30,0.0,0.0,9.2,10.0,0.0,0.0,0.0
2016,1,6,3,45,0.0,0.0,9.0,10.0,0.0,0.0,0.0
2016,1,6,4,0,0.0,0.0,8.8,10.0,0.0,0.0,0.0
2016,1,6,4,15,0.0,0.0,8.6,10.0,0.0,0.0,0.0
2016,1,6,4,30,0.0,0.0,8.4,10.0,0.0,0.0,0.0
2016,1,6,4,45,0.0,0.0,8.25,10.5,0.0,0.0,0.0
2016,1,6,5,0,0.0,0.0,8.1,11.0,0.0,0.0,0.0
2016,1,6,5,15,0.0,0.0,7.9,11.0,0.0,0.0,0.0
2016,1,6,5,30,0.0,0.0,7.7,11.0,0.0,0.0,0.0
2016,1,6,5,45,0.0,0.0,7.55,11.0,0.0,0.0,0.0
2016,1,6,6,0,0.0,0.0,7.4,11.0,0.0,0.0,0.0
2016,1,6,6,15,0.0,0.0,7.3,11.0,0.0,0.0,0.0
2016,1,6,6,30,0.0,0.0,7.2,11.0,0.0,0.0,0.0
2016,1,6,6,45,0.0,0.0,7.1,11.0,0.0,0.0,0.0
2016,1,6,7,0,0.0,0.0,7.0,11.0,0.0,0.0,0.0
2016,1,6,7,15,0.0,0.0,6.8,11.0,0.0,0.0,0.0
2016,1,6,7,30,0.0,0.0,6.6,11.0,0.0,0.0,0.0
2016,1,6,7,45,0.0,2.0,6.45,11.0,2.0,1.93,0.0
2016,1,6,8,0,0.0,4.0,6.3,11.0,4.0,3.85,0.0
2016,1,6,8,15,0.0,7.5,6.3,11.0,7.5,7.23,0.67
2016,1,6,8,30,0.0,11.0,6.3,11.0,11.0,10.6,3.82
2016,1,6,8,45,0.0,14.0,6.3,11.0,14.0,13.5,5.96
2016,1,6,9,0,0.0,17.0,6.3,11.0,17.0,16.39,8.53
2016,1,6,9,15,0.0,20.5,6.35,11.0,20.5,19.77,11.48
2016,1,6,9,30,0.0,24.0,6.4,11.0,24.0,23.16,14.41
2016,1,6,9,45,0.0,26.5,6.5,11.0,26.5,25.57,16.49
2016,1,6,10,0,0.0,29.0,6.6,11.0,29.0,27.99,18.55
2016,1,6,10,15,0.0,70.5,6.7,11.0,70.5,68.15,53.03
2016,1,6,10,30,0.0,112.0,6.8,11.0,112.0,107.38,86.37
2016,1,6,10,45,12.5,145.0,6.95,11.0,151.0,142.65,115.87
2016,1,6,11,0,25.0,178.0,7.1,11.0,190.0,178.86,146.06
2016,1,6,11,15,194.0,185.0,7.0,11.0,279.0,253.31,206.78
2016,1,6,11,30,363.0,192.0,6.9,11.0,368.0,338.06,276.42
2016,1,6,11,45,427.0,181.5,6.85,11.0,391.0,367.92,301.75
2016,1,6,12,0,491.0,171.0,6.8,11.0,414.0,398.37,327.74
2016,1,6,12,15,290.5,195.5,6.65,11.0,340.0,334.29,275.62
2016,1,6,12,30,90.0,220.0,6.5,11.0,266.0,260.63,214.24
2016,1,6,12,45,112.0,219.0,6.35,11.0,274.5,273.15,225.03
2016,1,6,13,0,134.0,218.0,6.2,11.0,283.0,288.79,238.3
2016,1,6,13,15,79.5,198.0,6.15,11.0,236.5,239.02,196.91
2016,1,6,13,30,25.0,178.0,6.1,11.0,190.0,188.08,154.16
2016,1,6,13,45,267.0,155.5,6.05,11.0,269.5,302.89,252.47
2016,1,6,14,0,509.0,133.0,6.0,11.0,349.0,409.2,341.54
2016,1,6,14,15,294.5,145.0,5.9,11.0,268.0,305.65,254.79
2016,1,6,14,30,80.0,157.0,5.8,11.0,187.0,201.55,166.57
2016,1,6,14,45,72.0,144.0,5.75,11.0,169.5,184.2,152.11
2016,1,6,15,0,64.0,131.0,5.7,11.0,152.0,166.88,137.43
2016,1,6,15,15,57.0,115.0,5.55,10.5,132.0,146.63,120.31
2016,1,6,15,30,50.0,99.0,5.4,10.0,112.0,126.43,102.96
2016,1,6,15,45,38.5,81.5,5.25,10.0,90.5,102.69,82.19
2016,1,6,16,0,27.0,64.0,5.1,10.0,69.0,79.21,61.52
2016,1,6,16,15,13.5,47.0,5.05,9.5,49.5,55.93,41.07
2016,1,6,16,30,0.0,30.0,5.0,9.0,30.0,30.72,18.34
2016,1,6,16,45,0.0,15.0,4.95,9.0,15.0,14.48,0.0
2016,1,6,17,0,0.0,0.0,4.9,9.0,0.0,0.0,0.0
2016,1,6,17,15,0.0,0.0,4.9,9.0,0.0,0.0,0.0
2016,1,6,17,30,0.0,0.0,4.9,9.0,0.0,0.0,0.0
2016,1,6,17,45,0.0,0.0,4.95,9.0,0.0,0.0,0.0
2016,1,6,18,0,0.0,0.0,5.0,9.0,0.0,0.0,0.0
2016,1,6,18,15,0.0,0.0,4.95,9.0,0.0,0.0,0.0
2016,1,6,18,30,0.0,0.0,4.9,9.0,0.0,0.0,0.0
2016,1,6,18,45,0.0,0.0,4.85,9.0,0.0,0.0,0.0
2016,1,6,19,0,0.0,0.0,4.8,9.0,0.0,0.0,0.0
2016,1,6,19,15,0.0,0.0,4.7,9.0,0.0,0.0,0.0
2016,1,6,19,30,0.0,0.0,4.6,9.0,0.0,0.0,0.0
2016,1,6,19,45,0.0,0.0,4.55,9.0,0.0,0.0,0.0
2016,1,6,20,0,0.0,0.0,4.5,9.0,0.0,0.0,0.0
2016,1,6,20,15,0.0,0.0,4.4,9.0,0.0,0.0,0.0
2016,1,6,20,30,0.0,0.0,4.3,9.0,0.0,0.0,0.0
2016,1,6,20,45,0.0,0.0,4.25,9.0,0.0,0.0,0.0
2016,1,6,21,0,0.0,0.0,4.2,9.0,0.0,0.0,0.0
2016,1,6,21,15,0.0,0.0,4.05,8.5,0.0,0.0,0.0
2016,1,6,21,30,0.0,0.0,3.9,8.0,0.0,0.0,0.0
2016,1,6,21,45,0.0,0.0,3.75,8.0,0.0,0.0,0.0
2016,1,6,22,0,0.0,0.0,3.6,8.0,0.0,0.0,0.0
2016,1,6,22,15,0.0,0.0,3.3,8.0,0.0,0.0,0.0
2016,1,6,22,30,0.0,0.0,3.0,8.0,0.0,0.0,0.0
2016,1,6,22,45,0.0,0.0,2.75,8.0,0.0,0.0,0.0
2016,1,6,23,0,0.0,0.0,2.5,8.0,0.0,0.0,0.0
2016,1,6,23,15,0.0,0.0,2.2,8.0,0.0,0.0,0.0
2016,1,6,23,30,0.0,0.0,1.9,8.0,0.0,0.0,0.0
2016,1,6,23,45,0.0,0.0,1.6,8.0,0.0,0.0,0.0
2016,1,7,0,0,0.0,0.0,1.3,8.0,0.0,0.0,0.0
2016,1,7,0,15,0.0,0.0,1.1,8.0,0.0,0.0,0.0
2016,1,7,0,30,0.0,0.0,0.9,8.0,0.0,0.0,0.0
2016,1,7,0,45,0.0,0.0,0.75,8.0,0.0,0.0,0.0
2016,1,7,1,0,0.0,0.0,0.6,8.0,0.0,0.0,0.0
2016,1,7,1,15,0.0,0.0,0.5,8.0,0.0,0.0,0.0
2016,1,7,1,30,0.0,0.0,0.4,8.0,0.0,0.0,0.0
2016,1,7,1,45,0.0,0.0,0.35,8.0,0.0,0.0,0.0
2016,1,7,2,0,0.0,0.0,0.3,8.0,0.0,0.0,0.0
2016,1,7,2,15,0.0,0.0,0.3,8.0,0.0,0.0,0.0
2016,1,7,2,30,0.0,0.0,0.3,8.0,0.0,0.0,0.0
2016,1,7,2,45,0.0,0.0,0.35,8.0,0.0,0.0,0.0
2016,1,7,3,0,0.0,0.0,0.4,8.0,0.0,0.0,0.0
2016,1,7,3,15,0.0,0.0,0.5,8.0,0.0,0.0,0.0
2016,1,7,3,30,0.0,0.0,0.6,8.0,0.0,0.0,0.0
2016,1,7,3,45,0.0,0.0,0.7,8.0,0.0,0.0,0.0
2016,1,7,4,0,0.0,0.0,0.8,8.0,0.0,0.0,0.0
2016,1,7,4,15,0.0,0.0,0.9,8.0,0.0,0.0,0.0
2016,1,7,4,30,0.0,0.0,1.0,8.0,0.0,0.0,0.0
2016,1,7,4,45,0.0,0.0,1.1,8.0,0.0,0.0,0.0
2016,1,7,5,0,0.0,0.0,1.2,8.0,0.0,0.0,0.0
2016,1,7,5,15,0.0,0.0,1.3,8.0,0.0,0.0,0.0
2016,1,7,5,30,0.0,0.0,1.4,8.0,0.0,0.0,0.0
2016,1,7,5,45,0.0,0.0,1.55,8.0,0.0,0.0,0.0
2016,1,7,6,0,0.0,0.0,1.7,8.0,0.0,0.0,0.0
2016,1,7,6,15,0.0,0.0,1.75,8.0,0.0,0.0,0.0
2016,1,7,6,30,0.0,0.0,1.8,8.0,0.0,0.0,0.0
2016,1,7,6,45,0.0,0.0,1.9,8.0,0.0,0.0,0.0
2016,1,7,7,0,0.0,0.0,2.0,8.0,0.0,0.0,0.0
2016,1,7,7,15,0.0,0.0,2.05,8.0,0.0,0.0,0.0
2016,1,7,7,30,0.0,0.0,2.1,8.0,0.0,0.0,0.0
2016,1,7,7,45,101.5,17.5,2.15,8.5,27.0,13.7,0.0
2016,1,7,8,0,203.0,35.0,2.2,9.0,54.0,27.38,16.53
2016,1,7,8,15,299.5,47.0,2.3,9.0,90.5,36.02,26.13
2016,1,7,8,30,396.0,59.0,2.4,9.0,127.0,44.35,34.22
2016,1,7,8,45,485.5,63.0,2.5,9.5,168.0,54.61,36.06
2016,1,7,9,0,575.0,67.0,2.6,10.0,209.0,87.1,49.82
2016,1,7,9,15,616.5,72.0,2.6,10.0,246.5,123.03,73.59
2016,1,7,9,30,658.0,77.0,2.6,10.0,284.0,161.82,103.86
2016,1,7,9,45,717.5,73.0,2.6,10.5,322.0,198.39,133.76
2016,1,7,10,0,777.0,69.0,2.6,11.0,360.0,240.47,169.69
2016,1,7,10,15,794.5,71.0,2.55,11.0,388.5,277.66,203.87
2016,1,7,10,30,812.0,73.0,2.5,11.0,417.0,314.51,237.65
2016,1,7,10,45,823.5,75.0,2.5,11.0,438.5,348.73,269.08
2016,1,7,11,0,835.0,77.0,2.5,11.0,460.0,381.75,299.0
2016,1,7,11,15,842.5,77.5,2.5,11.0,475.5,410.32,324.86
2016,1,7,11,30,850.0,78.0,2.5,11.0,491.0,437.07,348.73
2016,1,7,11,45,854.0,78.5,2.5,11.0,498.5,460.27,369.33
2016,1,7,12,0,858.0,79.0,2.5,11.0,506.0,481.21,387.72
2016,1,7,12,15,858.0,79.0,2.55,11.0,506.0,497.34,402.12
2016,1,7,12,30,858.0,79.0,2.6,11.0,506.0,510.86,414.2
2016,1,7,12,45,857.5,77.5,2.7,11.0,499.5,519.91,422.74
2016,1,7,13,0,857.0,76.0,2.8,11.0,493.0,526.24,428.93
2016,1,7,13,15,850.0,75.5,2.85,11.0,478.5,527.47,430.8
2016,1,7,13,30,843.0,75.0,2.9,11.0,464.0,525.93,430.31
2016,1,7,13,45,833.0,73.0,2.95,11.0,442.5,518.49,425.02
2016,1,7,14,0,823.0,71.0,3.0,11.0,421.0,508.42,417.44
2016,1,7,14,15,806.5,69.0,2.9,11.0,393.0,492.5,404.59
2016,1,7,14,30,790.0,67.0,2.8,11.0,365.0,474.32,389.63
2016,1,7,14,45,768.5,63.5,2.75,11.0,332.0,449.99,369.51
2016,1,7,15,0,747.0,60.0,2.7,11.0,299.0,423.93,347.46
2016,1,7,15,15,711.5,56.5,2.5,10.5,261.5,390.13,318.89
2016,1,7,15,30,676.0,53.0,2.3,10.0,224.0,355.72,288.98
2016,1,7,15,45,625.0,47.5,2.1,10.0,184.0,312.7,250.8
2016,1,7,16,0,574.0,42.0,1.9,10.0,144.0,270.64,212.56
2016,1,7,16,15,485.5,35.0,1.85,9.5,104.5,218.59,166.32
2016,1,7,16,30,397.0,28.0,1.8,9.0,65.0,168.9,117.41
2016,1,7,16,45,198.5,14.0,1.75,9.0,32.5,78.63,0.0
2016,1,7,17,0,0.0,0.0,1.7,9.0,0.0,0.0,0.0
2016,1,7,17,15,0.0,0.0,1.65,9.0,0.0,0.0,0.0
2016,1,7,17,30,0.0,0.0,1.6,9.0,0.0,0.0,0.0
2016,1,7,17,45,0.0,0.0,1.6,9.0,0.0,0.0,0.0
2016,1,7,18,0,0.0,0.0,1.6,9.0,0.0,0.0,0.0
2016,1,7,18,15,0.0,0.0,1.5,9.0,0.0,0.0,0.0
2016,1,7,18,30,0.0,0.0,1.4,9.0,0.0,0.0,0.0
2016,1,7,18,45,0.0,0.0,1.3,9.0,0.0,0.0,0.0
2016,1,7,19,0,0.0,0.0,1.2,9.0,0.0,0.0,0.0
2016,1,7,19,15,0.0,0.0,1.05,9.0,0.0,0.0,0.0
2016,1,7,19,30,0.0,0.0,0.9,9.0,0.0,0.0,0.0
2016,1,7,19,45,0.0,0.0,0.8,9.0,0.0,0.0,0.0
2016,1,7,20,0,0.0,0.0,0.7,9.0,0.0,0.0,0.0
2016,1,7,20,15,0.0,0.0,0.6,9.0,0.0,0.0,0.0
2016,1,7,20,30,0.0,0.0,0.5,9.0,0.0,0.0,0.0
2016,1,7,20,45,0.0,0.0,0.45,9.0,0.0,0.0,0.0
2016,1,7,21,0,0.0,0.0,0.4,9.0,0.0,0.0,0.0
2016,1,7,21,15,0.0,0.0,0.5,9.0,0.0,0.0,0.0
2016,1,7,21,30,0.0,0.0,0.6,9.0,0.0,0.0,0.0
2016,1,7,21,45,0.0,0.0,0.75,9.0,0.0,0.0,0.0
2016,1,7,22,0,0.0,0.0,0.9,9.0,0.0,0.0,0.0
2016,1,7,22,15,0.0,0.0,0.95,9.0,0.0,0.0,0.0
2016,1,7,22,30,0.0,0.0,1.0,9.0,0.0,0.0,0.0
2016,1,7,22,45,0.0,0.0,1.1,9.0,0.0,0.0,0.0
2016,1,7,23,0,0.0,0.0,1.2,9.0,0.0,0.0,0.0
2016,1,7,23,15,0.0,0.0,1.2,8.5,0.0,0.0,0.0
2016,1,7,23,30,0.0,0.0,1.2,8.0,0.0,0.0,0.0
2016,1,7,23,45,0.0,0.0,1.2,8.0,0.0,0.0,0.0
2016,1,8,0,0,0.0,0.0,1.2,8.0,0.0,0.0,0.0
2016,1,8,0,15,0.0,0.0,1.15,8.0,0.0,0.0,0.0
2016,1,8,0,30,0.0,0.0,1.1,8.0,0.0,0.0,0.0
2016,1,8,0,45,0.0,0.0,1.05,8.0,0.0,0.0,0.0
2016,1,8,1,0,0.0,0.0,1.0,8.0,0.0,0.0,0.0
2016,1,8,1,15,0.0,0.0,1.0,8.0,0.0,0.0,0.0
2016,1,8,1,30,0.0,0.0,1.0,8.0,0.0,0.0,0.0
2016,1,8,1,45,0.0,0.0,1.05,8.0,0.0,0.0,0.0
2016,1,8,2,0,0.0,0.0,1.1,8.0,0.0,0.0,0.0
2016,1,8,2,15,0.0,0.0,1.15,8.0,0.0,0.0,0.0
2016,1,8,2,30,0.0,0.0,1.2,8.0,0.0,0.0,0.0
2016,1,8,2,45,0.0,0.0,1.25,8.0,0.0,0.0,0.0
2016,1,8,3,0,0.0,0.0,1.3,8.0,0.0,0.0,0.0
2016,1,8,3,15,0.0,0.0,1.25,8.0,0.0,0.0,0.0
2016,1,8,3,30,0.0,0.0,1.2,8.0,0.0,0.0,0.0
2016,1,8,3,45,0.0,0.0,1.15,8.0,0.0,0.0,0.0
2016,1,8,4,0,0.0,0.0,1.1,8.0,0.0,0.0,0.0
2016,1,8,4,15,0.0,0.0,1.05,8.0,0.0,0.0,0.0
2016,1,8,4,30,0.0,0.0,1.0,8.0,0.0,0.0,0.0
2016,1,8,4,45,0.0,0.0,0.95,8.0,0.0,0.0,0.0
2016,1,8,5,0,0.0,0.0,0.9,8.0,0.0,0.0,0.0
2016,1,8,5,15,0.0,0.0,0.9,7.5,0.0,0.0,0.0
2016,1,8,5,30,0.0,0.0,0.9,7.0,0.0,0.0,0.0
2016,1,8,5,45,0.0,0.0,0.9,7.0,0.0,0.0,0.0
2016,1,8,6,0,0.0,0.0,0.9,7.0,0.0,0.0,0.0
2016,1,8,6,15,0.0,0.0,0.95,7.0,0.0,0.0,0.0
2016,1,8,6,30,0.0,0.0,1.0,7.0,0.0,0.0,0.0
2016,1,8,6,45,0.0,0.0,1.1,7.0,0.0,0.0,0.0
2016,1,8,7,0,0.0,0.0,1.2,7.0,0.0,0.0,0.0
2016,1,8,7,15,0.0,0.0,1.25,7.0,0.0,0.0,0.0
2016,1,8,7,30,0.0,0.0,1.3,7.0,0.0,0.0,0.0
2016,1,8,7,45,0.0,11.5,1.4,7.5,11.5,11.09,0.0
2016,1,8,8,0,0.0,23.0,1.5,8.0,23.0,22.21,12.47
2016,1,8,8,15,0.0,38.5,1.6,8.0,38.5,36.43,26.64
2016,1,8,8,30,0.0,54.0,1.7,8.0,54.0,50.39,39.79
2016,1,8,8,45,0.0,70.5,1.8,8.0,70.5,65.18,50.86
2016,1,8,9,0,0.0,87.0,1.9,8.0,87.0,80.51,64.34
2016,1,8,9,15,3.5,101.0,1.85,8.0,102.0,94.27,76.14
2016,1,8,9,30,7.0,115.0,1.8,8.0,117.0,108.36,88.05
2016,1,8,9,45,9.0,126.0,1.75,8.5,129.5,119.88,97.55
2016,1,8,10,0,11.0,137.0,1.7,9.0,142.0,131.52,107.04
2016,1,8,10,15,92.5,160.5,1.65,9.0,200.0,173.92,140.08
2016,1,8,10,30,174.0,184.0,1.6,9.0,258.0,223.11,179.11
2016,1,8,10,45,89.0,171.0,1.6,9.5,209.0,191.36,154.75
2016,1,8,11,0,4.0,158.0,1.6,10.0,160.0,152.56,123.75
2016,1,8,11,15,2.0,134.0,1.65,10.0,135.0,129.68,104.7
2016,1,8,11,30,0.0,110.0,1.7,10.0,110.0,106.19,84.98
2016,1,8,11,45,30.5,162.0,1.75,10.5,177.5,170.22,138.21
2016,1,8,12,0,61.0,214.0,1.8,11.0,245.0,235.99,191.68
2016,1,8,12,15,118.5,220.0,1.85,11.0,279.5,273.78,222.45
2016,1,8,12,30,176.0,226.0,1.9,11.0,314.0,311.86,253.5
2016,1,8,12,45,171.0,224.5,2.0,11.0,309.0,311.64,253.6
2016,1,8,13,0,166.0,223.0,2.1,11.0,304.0,310.79,253.34
2016,1,8,13,15,234.0,207.5,2.1,11.0,318.0,333.23,272.34
2016,1,8,13,30,302.0,192.0,2.1,11.0,332.0,358.98,293.78
2016,1,8,13,45,184.5,186.5,2.15,11.0,271.0,289.04,236.96
2016,1,8,14,0,67.0,181.0,2.2,11.0,210.0,218.86,179.12
2016,1,8,14,15,33.5,120.5,2.2,11.0,135.0,138.23,112.37
2016,1,8,14,30,0.0,60.0,2.2,11.0,60.0,57.98,44.31
2016,1,8,14,45,0.0,54.5,2.25,11.0,54.5,52.65,39.86
2016,1,8,15,0,0.0,49.0,2.3,11.0,49.0,47.33,35.32
2016,1,8,15,15,0.0,42.5,2.15,10.5,42.5,41.04,29.97
2016,1,8,15,30,0.0,36.0,2.0,10.0,36.0,34.75,24.55
2016,1,8,15,45,0.0,29.5,1.9,10.0,29.5,28.47,19.0
2016,1,8,16,0,0.0,23.0,1.8,10.0,23.0,22.19,13.42
2016,1,8,16,15,0.0,16.5,1.85,10.0,16.5,15.91,7.8
2016,1,8,16,30,0.0,10.0,1.9,10.0,10.0,9.64,2.04
2016,1,8,16,45,0.0,5.0,2.0,10.0,5.0,4.82,0.0
2016,1,8,17,0,0.0,0.0,2.1,10.0,0.0,0.0,0.0
2016,1,8,17,15,0.0,0.0,2.2,9.5,0.0,0.0,0.0
2016,1,8,17,30,0.0,0.0,2.3,9.0,0.0,0.0,0.0
2016,1,8,17,45,0.0,0.0,2.45,9.0,0.0,0.0,0.0
2016,1,8,18,0,0.0,0.0,2.6,9.0,0.0,0.0,0.0
2016,1,8,18,15,0.0,0.0,2.65,9.0,0.0,0.0,0.0
2016,1,8,18,30,0.0,0.0,2.7,9.0,0.0,0.0,0.0
2016,1,8,18,45,0.0,0.0,2.75,9.0,0.0,0.0,0.0
2016,1,8,19,0,0.0,0.0,2.8,9.0,0.0,0.0,0.0
2016,1,8,19,15,0.0,0.0,2.85,9.0,0.0,0.0,0.0
2016,1,8,19,30,0.0,0.0,2.9,9.0,0.0,0.0,0.0
2016,1,8,19,45,0.0,0.0,3.0,9.0,0.0,0.0,0.0
2016,1,8,20,0,0.0,0.0,3.1,9.0,0.0,0.0,0.0
2016,1,8,20,15,0.0,0.0,3.15,9.0,0.0,0.0,0.0
2016,1,8,20,30,0.0,0.0,3.2,9.0,0.0,0.0,0.0
2016,1,8,20,45,0.0,0.0,3.25,9.0,0.0,0.0,0.0
2016,1,8,21,0,0.0,0.0,3.3,9.0,0.0,0.0,0.0
2016,1,8,21,15,0.0,0.0,3.3,9.0,0.0,0.0,0.0
2016,1,8,21,30,0.0,0.0,3.3,9.0,0.0,0.0,0.0
2016,1,8,21,45,0.0,0.0,3.35,9.0,0.0,0.0,0.0
2016,1,8,22,0,0.0,0.0,3.4,9.0,0.0,0.0,0.0
2016,1,8,22,15,0.0,0.0,3.4,9.0,0.0,0.0,0.0
2016,1,8,22,30,0.0,0.0,3.4,9.0,0.0,0.0,0.0
2016,1,8,22,45,0.0,0.0,3.45,9.0,0.0,0.0,0.0
2016,1,8,23,0,0.0,0.0,3.5,9.0,0.0,0.0,0.0
2016,1,8,23,15,0.0,0.0,3.5,9.0,0.0,0.0,0.0
2016,1,8,23,30,0.0,0.0,3.5,9.0,0.0,0.0,0.0
2016,1,8,23,45,0.0,0.0,3.55,9.0,0.0,0.0,0.0
2016,1,9,0,0,0.0,0.0,3.6,9.0,0.0,0.0,0.0
2016,1,9,0,15,0.0,0.0,3.7,9.0,0.0,0.0,0.0
2016,1,9,0,30,0.0,0.0,3.8,9.0,0.0,0.0,0.0
2016,1,9,0,45,0.0,0.0,3.95,9.0,0.0,0.0,0.0
2016,1,9,1,0,0.0,0.0,4.1,9.0,0.0,0.0,0.0
2016,1,9,1,15,0.0,0.0,4.25,9.0,0.0,0.0,0.0
2016,1,9,1,30,0.0,0.0,4.4,9.0,0.0,0.0,0.0
2016,1,9,1,45,0.0,0.0,4.55,9.0,0.0,0.0,0.0
2016,1,9,2,0,0.0,0.0,4.7,9.0,0.0,0.0,0.0
2016,1,9,2,15,0.0,0.0,4.85,9.0,0.0,0.0,0.0
2016,1,9,2,30,0.0,0.0,5.0,9.0,0.0,0.0,0.0
2016,1,9,2,45,0.0,0.0,5.15,9.0,0.0,0.0,0.0
2016,1,9,3,0,0.0,0.0,5.3,9.0,0.0,0.0,0.0
2016,1,9,3,15,0.0,0.0,5.3,9.0,0.0,0.0,0.0
2016,1,9,3,30,0.0,0.0,5.3,9.0,0.0,0.0,0.0
2016,1,9,3,45,0.0,0.0,5.35,9.0,0.0,0.0,0.0
2016,1,9,4,0,0.0,0.0,5.4,9.0,0.0,0.0,0.0
2016,1,9,4,15,0.0,0.0,5.35,9.0,0.0,0.0,0.0
2016,1,9,4,30,0.0,0.0,5.3,9.0,0.0,0.0,0.0
2016,1,9,4,45,0.0,0.0,5.3,9.0,0.0,0.0,0.0
2016,1,9,5,0,0.0,0.0,5.3,9.0,0.0,0.0,0.0
2016,1,9,5,15,0.0,0.0,5.3,9.0,0.0,0.0,0.0
2016,1,9,5,30,0.0,0.0,5.3,9.0,0.0,0.0,0.0
2016,1,9,5,45,0.0,0.0,5.3,9.0,0.0,0.0,0.0
2016,1,9,6,0,0.0,0.0,5.3,9.0,0.0,0.0,0.0
2016,1,9,6,15,0.0,0.0,5.3,9.0,0.0,0.0,0.0
2016,1,9,6,30,0.0,0.0,5.3,9.0,0.0,0.0,0.0
2016,1,9,6,45,0.0,0.0,5.35,9.0,0.0,0.0,0.0
2016,1,9,7,0,0.0,0.0,5.4,9.0,0.0,0.0,0.0
2016,1,9,7,15,0.0,0.0,5.45,9.0,0.0,0.0,0.0
2016,1,9,7,30,0.0,0.0,5.5,9.0,0.0,0.0,0.0
2016,1,9,7,45,0.0,12.0,5.6,9.5,12.0,11.58,0.0
2016,1,9,8,0,0.0,24.0,5.7,10.0,24.0,23.14,13.07
2016,1,9,8,15,0.0,39.5,5.7,10.0,39.5,37.28,27.1
2016,1,9,8,30,0.0,55.0,5.7,10.0,55.0,51.21,40.17
2016,1,9,8,45,0.0,71.5,5.7,10.0,71.5,66.01,51.16
2016,1,9,9,0,0.0,88.0,5.7,10.0,88.0,81.36,64.62
2016,1,9,9,15,5.0,102.0,5.55,10.0,104.0,95.29,76.48
2016,1,9,9,30,10.0,116.0,5.4,10.0,120.0,109.69,88.58
2016,1,9,9,45,10.5,127.0,5.25,10.5,131.0,121.07,98.03
2016,1,9,10,0,11.0,138.0,5.1,11.0,142.0,132.44,107.37
2016,1,9,10,15,107.0,160.5,4.85,11.0,205.5,176.37,141.37
2016,1,9,10,30,203.0,183.0,4.6,11.0,269.0,231.22,185.11
2016,1,9,10,45,156.5,193.5,4.4,11.0,262.0,233.72,188.73
2016,1,9,11,0,110.0,204.0,4.2,11.0,255.0,233.34,189.47
2016,1,9,11,15,60.5,189.5,3.9,11.0,218.0,204.82,166.55
2016,1,9,11,30,11.0,175.0,3.6,11.0,181.0,172.77,140.27
2016,1,9,11,45,53.5,199.5,3.3,11.0,226.5,216.37,176.24
2016,1,9,12,0,96.0,224.0,3.0,11.0,272.0,262.09,213.58
2016,1,9,12,15,56.0,205.5,2.75,11.0,233.5,227.63,185.24
2016,1,9,12,30,16.0,187.0,2.5,11.0,195.0,189.59,153.85
2016,1,9,12,45,16.0,184.5,2.25,11.0,192.5,187.83,152.48
2016,1,9,13,0,16.0,182.0,2.0,11.0,190.0,186.02,151.01
2016,1,9,13,15,15.5,177.0,1.8,11.0,184.5,181.41,147.27
2016,1,9,13,30,15.0,172.0,1.6,11.0,179.0,176.76,143.5
2016,1,9,13,45,16.5,167.0,1.4,11.0,174.5,173.13,140.63
2016,1,9,14,0,18.0,162.0,1.2,11.0,170.0,169.5,137.73
2016,1,9,14,15,46.0,161.0,1.05,11.0,179.5,187.73,153.17
2016,1,9,14,30,74.0,160.0,0.9,11.0,189.0,202.0,165.08
2016,1,9,14,45,70.0,147.0,0.75,11.5,172.5,186.66,152.04
2016,1,9,15,0,66.0,134.0,0.6,12.0,156.0,171.22,138.97
2016,1,9,15,15,59.5,118.0,0.55,11.5,136.0,151.13,122.5
2016,1,9,15,30,53.0,102.0,0.5,11.0,116.0,131.05,105.74
2016,1,9,15,45,43.5,85.0,0.45,11.0,95.0,108.61,86.51
2016,1,9,16,0,34.0,68.0,0.4,11.0,74.0,86.36,67.21
2016,1,9,16,15,18.0,51.0,0.45,11.0,54.0,62.03,46.09
2016,1,9,16,30,2.0,34.0,0.5,11.0,34.0,35.81,22.98
2016,1,9,16,45,1.0,17.0,0.6,11.0,17.0,16.69,0.0
2016,1,9,17,0,0.0,0.0,0.7,11.0,0.0,0.0,0.0
2016,1,9,17,15,0.0,0.0,0.65,11.0,0.0,0.0,0.0
2016,1,9,17,30,0.0,0.0,0.6,11.0,0.0,0.0,0.0
2016,1,9,17,45,0.0,0.0,0.6,11.0,0.0,0.0,0.0
2016,1,9,18,0,0.0,0.0,0.6,11.0,0.0,0.0,0.0
2016,1,9,18,15,0.0,0.0,0.55,10.5,0.0,0.0,0.0
2016,1,9,18,30,0.0,0.0,0.5,10.0,0.0,0.0,0.0
2016,1,9,18,45,0.0,0.0,0.5,10.0,0.0,0.0,0.0
2016,1,9,19,0,0.0,0.0,0.5,10.0,0.0,0.0,0.0
2016,1,9,19,15,0.0,0.0,0.5,10.0,0.0,0.0,0.0
2016,1,9,19,30,0.0,0.0,0.5,10.0,0.0,0.0,0.0
2016,1,9,19,45,0.0,0.0,0.55,10.0,0.0,0.0,0.0
2016,1,9,20,0,0.0,0.0,0.6,10.0,0.0,0.0,0.0
2016,1,9,20,15,0.0,0.0,0.65,10.0,0.0,0.0,0.0
2016,1,9,20,30,0.0,0.0,0.7,10.0,0.0,0.0,0.0
2016,1,9,20,45,0.0,0.0,0.75,10.0,0.0,0.0,0.0
2016,1,9,21,0,0.0,0.0,0.8,10.0,0.0,0.0,0.0
2016,1,9,21,15,0.0,0.0,0.65,10.0,0.0,0.0,0.0
2016,1,9,21,30,0.0,0.0,0.5,10.0,0.0,0.0,0.0
2016,1,9,21,45,0.0,0.0,0.35,10.0,0.0,0.0,0.0
2016,1,9,22,0,0.0,0.0,0.2,10.0,0.0,0.0,0.0
2016,1,9,22,15,0.0,0.0,0.3,9.5,0.0,0.0,0.0
2016,1,9,22,30,0.0,0.0,0.4,9.0,0.0,0.0,0.0
2016,1,9,22,45,0.0,0.0,0.55,9.0,0.0,0.0,0.0
2016,1,9,23,0,0.0,0.0,0.7,9.0,0.0,0.0,0.0
2016,1,9,23,15,0.0,0.0,0.9,9.0,0.0,0.0,0.0
2016,1,9,23,30,0.0,0.0,1.1,9.0,0.0,0.0,0.0
2016,1,9,23,45,0.0,0.0,1.35,9.0,0.0,0.0,0.0
2016,1,10,0,0,0.0,0.0,1.6,9.0,0.0,0.0,0.0
2016,1,10,0,15,0.0,0.0,1.6,9.0,0.0,0.0,0.0
2016,1,10,0,30,0.0,0.0,1.6,9.0,0.0,0.0,0.0
2016,1,10,0,45,0.0,0.0,1.6,9.0,0.0,0.0,0.0
2016,1,10,1,0,0.0,0.0,1.6,9.0,0.0,0.0,0.0
2016,1,10,1,15,0.0,0.0,1.45,9.0,0.0,0.0,0.0
2016,1,10,1,30,0.0,0.0,1.3,9.0,0.0,0.0,0.0
2016,1,10,1,45,0.0,0.0,1.2,9.0,0.0,0.0,0.0
2016,1,10,2,0,0.0,0.0,1.1,9.0,0.0,0.0,0.0
2016,1,10,2,15,0.0,0.0,1.05,9.0,0.0,0.0,0.0
2016,1,10,2,30,0.0,0.0,1.0,9.0,0.0,0.0,0.0
2016,1,10,2,45,0.0,0.0,1.0,9.0,0.0,0.0,0.0
2016,1,10,3,0,0.0,0.0,1.0,9.0,0.0,0.0,0.0
2016,1,10,3,15,0.0,0.0,1.1,8.5,0.0,0.0,0.0
2016,1,10,3,30,0.0,0.0,1.2,8.0,0.0,0.0,0.0
2016,1,10,3,45,0.0,0.0,1.35,8.0,0.0,0.0,0.0
2016,1,10,4,0,0.0,0.0,1.5,8.0,0.0,0.0,0.0
2016,1,10,4,15,0.0,0.0,1.6,8.0,0.0,0.0,0.0
2016,1,10,4,30,0.0,0.0,1.7,8.0,0.0,0.0,0.0
2016,1,10,4,45,0.0,0.0,1.85,8.0,0.0,0.0,0.0
2016,1,10,5,0,0.0,0.0,2.0,8.0,0.0,0.0,0.0
2016,1,10,5,15,0.0,0.0,2.1,8.0,0.0,0.0,0.0
2016,1,10,5,30,0.0,0.0,2.2,8.0,0.0,0.0,0.0
2016,1,10,5,45,0.0,0.0,2.35,8.0,0.0,0.0,0.0
2016,1,10,6,0,0.0,0.0,2.5,8.0,0.0,0.0,0.0
2016,1,10,6,15,0.0,0.0,2.6,8.0,0.0,0.0,0.0
2016,1,10,6,30,0.0,0.0,2.7,8.0,0.0,0.0,0.0
2016,1,10,6,45,0.0,0.0,2.8,8.0,0.0,0.0,0.0
2016,1,10,7,0,0.0,0.0,2.9,8.0,0.0,0.0,0.0
2016,1,10,7,15,0.0,0.0,3.05,8.0,0.0,0.0,0.0
2016,1,10,7,30,0.0,0.0,3.2,8.0,0.0,0.0,0.0
2016,1,10,7,45,156.5,15.5,3.4,8.5,29.5,11.85,0.0
2016,1,10,8,0,313.0,31.0,3.6,9.0,59.0,24.6,14.41
2016,1,10,8,15,407.5,40.0,3.7,9.0,97.5,30.47,21.27
2016,1,10,8,30,502.0,49.0,3.8,9.0,136.0,36.15,26.87
2016,1,10,8,45,565.5,54.5,3.9,9.5,177.0,48.32,29.45
2016,1,10,9,0,629.0,60.0,4.0,10.0,218.0,84.59,45.65
2016,1,10,9,15,667.5,64.5,4.0,10.0,256.0,122.38,70.83
2016,1,10,9,30,706.0,69.0,4.0,10.0,294.0,162.67,102.67
2016,1,10,9,45,739.0,70.5,4.0,10.5,329.0,203.74,137.8
2016,1,10,10,0,772.0,72.0,4.0,11.0,364.0,243.61,173.16
2016,1,10,10,15,595.5,112.0,3.85,11.0,347.5,262.0,197.7
2016,1,10,10,30,419.0,152.0,3.7,11.0,331.0,267.4,209.39
2016,1,10,10,45,313.0,177.5,3.6,11.5,315.5,271.77,216.44
2016,1,10,11,0,207.0,203.0,3.5,12.0,300.0,268.11,215.61
2016,1,10,11,15,181.5,212.0,3.3,12.0,298.5,274.08,221.28
2016,1,10,11,30,156.0,221.0,3.1,12.0,297.0,278.27,225.15
2016,1,10,11,45,275.5,208.0,2.95,12.5,345.5,326.11,263.48
2016,1,10,12,0,395.0,195.0,2.8,13.0,394.0,377.5,304.39
2016,1,10,12,15,267.5,212.0,2.75,13.0,346.5,340.82,275.38
2016,1,10,12,30,140.0,229.0,2.7,13.0,299.0,297.24,240.34
2016,1,10,12,45,81.5,209.5,2.65,13.0,250.5,248.52,201.14
2016,1,10,13,0,23.0,190.0,2.6,13.0,202.0,197.63,159.49
2016,1,10,13,15,24.0,186.0,2.55,13.0,198.0,194.91,157.54
2016,1,10,13,30,25.0,182.0,2.5,13.0,194.0,192.15,155.45
2016,1,10,13,45,12.5,158.5,2.5,13.0,164.5,162.37,131.01
2016,1,10,14,0,0.0,135.0,2.5,13.0,135.0,132.45,106.28
2016,1,10,14,15,0.0,108.5,2.45,13.0,108.5,106.0,84.38
2016,1,10,14,30,0.0,82.0,2.4,13.0,82.0,79.56,62.25
2016,1,10,14,45,0.0,75.0,2.4,13.0,75.0,72.7,56.56
2016,1,10,15,0,0.0,68.0,2.4,13.0,68.0,65.83,50.78
2016,1,10,15,15,0.0,59.5,2.3,12.5,59.5,57.5,43.79
2016,1,10,15,30,0.0,51.0,2.2,12.0,51.0,49.27,36.79
2016,1,10,15,45,0.0,42.0,2.15,11.5,42.0,40.56,29.26
2016,1,10,16,0,0.0,33.0,2.1,11.0,33.0,31.86,21.63
2016,1,10,16,15,0.0,24.0,2.15,10.5,24.0,23.16,13.94
2016,1,10,16,30,0.0,15.0,2.2,10.0,15.0,14.47,6.07
2016,1,10,16,45,0.0,7.5,2.3,10.0,7.5,7.23,0.0
2016,1,10,17,0,0.0,0.0,2.4,10.0,0.0,0.0,0.0
2016,1,10,17,15,0.0,0.0,2.45,10.0,0.0,0.0,0.0
2016,1,10,17,30,0.0,0.0,2.5,10.0,0.0,0.0,0.0
2016,1,10,17,45,0.0,0.0,2.65,10.0,0.0,0.0,0.0
2016,1,10,18,0,0.0,0.0,2.8,10.0,0.0,0.0,0.0
2016,1,10,18,15,0.0,0.0,2.9,10.0,0.0,0.0,0.0
2016,1,10,18,30,0.0,0.0,3.0,10.0,0.0,0.0,0.0
2016,1,10,18,45,0.0,0.0,3.15,10.0,0.0,0.0,0.0
2016,1,10,19,0,0.0,0.0,3.3,10.0,0.0,0.0,0.0
2016,1,10,19,15,0.0,0.0,3.35,10.0,0.0,0.0,0.0
2016,1,10,19,30,0.0,0.0,3.4,10.0,0.0,0.0,0.0
2016,1,10,19,45,0.0,0.0,3.45,10.0,0.0,0.0,0.0
2016,1,10,20,0,0.0,0.0,3.5,10.0,0.0,0.0,0.0
2016,1,10,20,15,0.0,0.0,3.5,10.0,0.0,0.0,0.0
2016,1,10,20,30,0.0,0.0,3.5,10.0,0.0,0.0,0.0
2016,1,10,20,45,0.0,0.0,3.5,10.0,0.0,0.0,0.0
2016,1,10,21,0,0.0,0.0,3.5,10.0,0.0,0.0,0.0
2016,1,10,21,15,0.0,0.0,3.45,10.0,0.0,0.0,0.0
2016,1,10,21,30,0.0,0.0,3.4,10.0,0.0,0.0,0.0
2016,1,10,21,45,0.0,0.0,3.4,10.0,0.0,0.0,0.0
2016,1,10,22,0,0.0,0.0,3.4,10.0,0.0,0.0,0.0
2016,1,10,22,15,0.0,0.0,3.35,10.0,0.0,0.0,0.0
2016,1,10,22,30,0.0,0.0,3.3,10.0,0.0,0.0,0.0
2016,1,10,22,45,0.0,0.0,3.3,10.0,0.0,0.0,0.0
2016,1,10,23,0,0.0,0.0,3.3,10.0,0.0,0.0,0.0
2016,1,10,23,15,0.0,0.0,3.25,10.0,0.0,0.0,0.0
2016,1,10,23,30,0.0,0.0,3.2,10.0,0.0,0.0,0.0
2016,1,10,23,45,0.0,0.0,3.2,10.0,0.0,0.0,0.0
2016,1,11,0,0,0.0,0.0,3.2,10.0,0.0,0.0,0.0
2016,1,11,0,15,0.0,0.0,3.15,10.0,0.0,0.0,0.0
2016,1,11,0,30,0.0,0.0,3.1,10.0,0.0,0.0,0.0
2016,1,11,0,45,0.0,0.0,3.1,10.0,0.0,0.0,0.0
2016,1,11,1,0,0.0,0.0,3.1,10.0,0.0,0.0,0.0
2016,1,11,1,15,0.0,0.0,3.1,10.0,0.0,0.0,0.0
2016,1,11,1,30,0.0,0.0,3.1,10.0,0.0,0.0,0.0
2016,1,11,1,45,0.0,0.0,3.1,10.0,0.0,0.0,0.0
2016,1,11,2,0,0.0,0.0,3.1,10.0,0.0,0.0,0.0
2016,1,11,2,15,0.0,0.0,3.1,10.0,0.0,0.0,0.0
2016,1,11,2,30,0.0,0.0,3.1,10.0,0.0,0.0,0.0
2016,1,11,2,45,0.0,0.0,3.1,10.0,0.0,0.0,0.0
2016,1,11,3,0,0.0,0.0,3.1,10.0,0.0,0.0,0.0
2016,1,11,3,15,0.0,0.0,3.1,10.0,0.0,0.0,0.0
2016,1,11,3,30,0.0,0.0,3.1,10.0,0.0,0.0,0.0
2016,1,11,3,45,0.0,0.0,3.15,10.0,0.0,0.0,0.0
2016,1,11,4,0,0.0,0.0,3.2,10.0,0.0,0.0,0.0
2016,1,11,4,15,0.0,0.0,3.2,10.0,0.0,0.0,0.0
2016,1,11,4,30,0.0,0.0,3.2,10.0,0.0,0.0,0.0
2016,1,11,4,45,0.0,0.0,3.2,10.0,0.0,0.0,0.0
2016,1,11,5,0,0.0,0.0,3.2,10.0,0.0,0.0,0.0
2016,1,11,5,15,0.0,0.0,3.2,10.0,0.0,0.0,0.0
2016,1,11,5,30,0.0,0.0,3.2,10.0,0.0,0.0,0.0
2016,1,11,5,45,0.0,0.0,3.2,10.0,0.0,0.0,0.0
2016,1,11,6,0,0.0,0.0,3.2,10.0,0.0,0.0,0.0
2016,1,11,6,15,0.0,0.0,3.2,10.0,0.0,0.0,0.0
2016,1,11,6,30,0.0,0.0,3.2,10.0,0.0,0.0,0.0
2016,1,11,6,45,0.0,0.0,3.2,10.0,0.0,0.0,0.0
2016,1,11,7,0,0.0,0.0,3.2,10.0,0.0,0.0,0.0
2016,1,11,7,15,0.0,0.0,3.15,10.0,0.0,0.0,0.0
2016,1,11,7,30,0.0,0.0,3.1,10.0,0.0,0.0,0.0
2016,1,11,7,45,45.5,16.0,3.1,10.0,20.0,13.62,0.0
2016,1,11,8,0,91.0,32.0,3.1,10.0,40.0,26.53,15.98
2016,1,11,8,15,123.0,48.5,3.15,10.0,66.0,39.41,29.03
2016,1,11,8,30,155.0,65.0,3.2,10.0,92.0,51.88,40.81
2016,1,11,8,45,173.0,81.5,3.25,10.5,119.0,67.92,50.63
2016,1,11,9,0,191.0,98.0,3.3,11.0,146.0,92.91,67.58
2016,1,11,9,15,202.0,113.5,3.25,11.0,172.0,117.95,86.83
2016,1,11,9,30,213.0,129.0,3.2,11.0,198.0,143.82,108.01
2016,1,11,9,45,222.5,142.5,3.15,11.0,221.0,168.48,128.9
2016,1,11,10,0,232.0,156.0,3.1,11.0,244.0,193.65,150.52
2016,1,11,10,15,176.0,171.5,3.0,11.0,241.0,204.81,162.51
2016,1,11,10,30,120.0,187.0,2.9,11.0,238.0,209.69,168.59
2016,1,11,10,45,61.0,172.5,2.85,11.5,198.5,183.48,148.12
2016,1,11,11,0,2.0,158.0,2.8,12.0,159.0,151.85,122.53
2016,1,11,11,15,1.0,156.0,2.75,12.0,156.5,150.09,121.01
2016,1,11,11,30,0.0,154.0,2.7,12.0,154.0,148.17,119.32
2016,1,11,11,45,4.0,165.5,2.65,12.5,167.5,161.29,129.86
2016,1,11,12,0,8.0,177.0,2.6,13.0,181.0,174.7,140.56
2016,1,11,12,15,30.0,195.5,2.55,13.0,211.0,205.28,165.65
2016,1,11,12,30,52.0,214.0,2.5,13.0,241.0,236.07,190.79
2016,1,11,12,45,27.0,188.5,2.45,13.5,202.5,199.55,160.64
2016,1,11,13,0,2.0,163.0,2.4,14.0,164.0,159.86,127.86
2016,1,11,13,15,38.0,183.5,2.35,14.0,201.5,202.69,163.47
2016,1,11,13,30,74.0,204.0,2.3,14.0,239.0,244.28,197.58
2016,1,11,13,45,83.0,196.0,2.25,14.0,234.0,242.13,196.04
2016,1,11,14,0,92.0,188.0,2.2,14.0,229.0,239.66,194.37
2016,1,11,14,15,431.5,129.0,2.1,14.0,299.0,368.08,300.48
2016,1,11,14,30,771.0,70.0,2.0,14.0,369.0,475.56,385.57
2016,1,11,14,45,749.0,66.5,1.95,14.0,336.5,451.28,365.17
2016,1,11,15,0,727.0,63.0,1.9,14.0,304.0,425.31,343.8
2016,1,11,15,15,692.5,59.5,1.75,13.5,267.0,392.19,316.53
2016,1,11,15,30,658.0,56.0,1.6,13.0,230.0,358.42,287.96
2016,1,11,15,45,606.0,51.0,1.45,13.0,190.0,317.65,252.52
2016,1,11,16,0,554.0,46.0,1.3,13.0,150.0,276.27,215.8
2016,1,11,16,15,471.0,38.5,1.25,12.5,111.0,222.79,169.51
2016,1,11,16,30,388.0,31.0,1.2,12.0,72.0,173.62,124.37
2016,1,11,16,45,247.0,20.5,1.2,12.0,42.0,104.34,39.49
2016,1,11,17,0,106.0,10.0,1.2,12.0,12.0,36.27,0.0
2016,1,11,17,15,53.0,5.0,1.2,12.0,6.0,0.0,0.0
2016,1,11,17,30,0.0,0.0,1.2,12.0,0.0,0.0,0.0
2016,1,11,17,45,0.0,0.0,1.25,12.0,0.0,0.0,0.0
2016,1,11,18,0,0.0,0.0,1.3,12.0,0.0,0.0,0.0
2016,1,11,18,15,0.0,0.0,1.4,11.5,0.0,0.0,0.0
2016,1,11,18,30,0.0,0.0,1.5,11.0,0.0,0.0,0.0
2016,1,11,18,45,0.0,0.0,1.6,11.0,0.0,0.0,0.0
2016,1,11,19,0,0.0,0.0,1.7,11.0,0.0,0.0,0.0
2016,1,11,19,15,0.0,0.0,1.8,11.0,0.0,0.0,0.0
2016,1,11,19,30,0.0,0.0,1.9,11.0,0.0,0.0,0.0
2016,1,11,19,45,0.0,0.0,2.0,11.0,0.0,0.0,0.0
2016,1,11,20,0,0.0,0.0,2.1,11.0,0.0,0.0,0.0
2016,1,11,20,15,0.0,0.0,2.15,10.5,0.0,0.0,0.0
2016,1,11,20,30,0.0,0.0,2.2,10.0,0.0,0.0,0.0
2016,1,11,20,45,0.0,0.0,2.25,10.0,0.0,0.0,0.0
2016,1,11,21,0,0.0,0.0,2.3,10.0,0.0,0.0,0.0
2016,1,11,21,15,0.0,0.0,2.4,10.0,0.0,0.0,0.0
2016,1,11,21,30,0.0,0.0,2.5,10.0,0.0,0.0,0.0
2016,1,11,21,45,0.0,0.0,2.65,10.0,0.0,0.0,0.0
2016,1,11,22,0,0.0,0.0,2.8,10.0,0.0,0.0,0.0
2016,1,11,22,15,0.0,0.0,2.9,9.5,0.0,0.0,0.0
2016,1,11,22,30,0.0,0.0,3.0,9.0,0.0,0.0,0.0
2016,1,11,22,45,0.0,0.0,3.2,9.0,0.0,0.0,0.0
2016,1,11,23,0,0.0,0.0,3.4,9.0,0.0,0.0,0.0
2016,1,11,23,15,0.0,0.0,3.45,9.0,0.0,0.0,0.0
2016,1,11,23,30,0.0,0.0,3.5,9.0,0.0,0.0,0.0
2016,1,11,23,45,0.0,0.0,3.55,9.0,0.0,0.0,0.0
2016,1,12,0,0,0.0,0.0,3.6,9.0,0.0,0.0,0.0
2016,1,12,0,15,0.0,0.0,3.35,8.5,0.0,0.0,0.0
2016,1,12,0,30,0.0,0.0,3.1,8.0,0.0,0.0,0.0
2016,1,12,0,45,0.0,0.0,2.9,8.0,0.0,0.0,0.0
2016,1,12,1,0,0.0,0.0,2.7,8.0,0.0,0.0,0.0
2016,1,12,1,15,0.0,0.0,2.4,8.0,0.0,0.0,0.0
2016,1,12,1,30,0.0,0.0,2.1,8.0,0.0,0.0,0.0
2016,1,12,1,45,0.0,0.0,1.85,8.0,0.0,0.0,0.0
2016,1,12,2,0,0.0,0.0,1.6,8.0,0.0,0.0,0.0
2016,1,12,2,15,0.0,0.0,1.7,8.0,0.0,0.0,0.0
2016,1,12,2,30,0.0,0.0,1.8,8.0,0.0,0.0,0.0
2016,1,12,2,45,0.0,0.0,1.9,8.5,0.0,0.0,0.0
2016,1,12,3,0,0.0,0.0,2.0,9.0,0.0,0.0,0.0
2016,1,12,3,15,0.0,0.0,2.4,9.0,0.0,0.0,0.0
2016,1,12,3,30,0.0,0.0,2.8,9.0,0.0,0.0,0.0
2016,1,12,3,45,0.0,0.0,3.25,9.0,0.0,0.0,0.0
2016,1,12,4,0,0.0,0.0,3.7,9.0,0.0,0.0,0.0
2016,1,12,4,15,0.0,0.0,3.9,8.5,0.0,0.0,0.0
2016,1,12,4,30,0.0,0.0,4.1,8.0,0.0,0.0,0.0
2016,1,12,4,45,0.0,0.0,4.35,8.0,0.0,0.0,0.0
2016,1,12,5,0,0.0,0.0,4.6,8.0,0.0,0.0,0.0
2016,1,12,5,15,0.0,0.0,4.6,8.0,0.0,0.0,0.0
2016,1,12,5,30,0.0,0.0,4.6,8.0,0.0,0.0,0.0
2016,1,12,5,45,0.0,0.0,4.65,8.0,0.0,0.0,0.0
2016,1,12,6,0,0.0,0.0,4.7,8.0,0.0,0.0,0.0
2016,1,12,6,15,0.0,0.0,4.45,8.0,0.0,0.0,0.0
2016,1,12,6,30,0.0,0.0,4.2,8.0,0.0,0.0,0.0
2016,1,12,6,45,0.0,0.0,4.0,8.0,0.0,0.0,0.0
2016,1,12,7,0,0.0,0.0,3.8,8.0,0.0,0.0,0.0
2016,1,12,7,15,0.0,0.0,3.75,8.0,0.0,0.0,0.0
2016,1,12,7,30,0.0,0.0,3.7,8.0,0.0,0.0,0.0
2016,1,12,7,45,181.0,14.0,3.65,8.5,30.5,10.43,0.0
2016,1,12,8,0,362.0,28.0,3.6,9.0,61.0,21.55,12.05
2016,1,12,8,15,453.0,36.0,3.5,9.0,100.5,26.62,17.9
2016,1,12,8,30,544.0,44.0,3.4,9.0,140.0,31.51,22.74
2016,1,12,8,45,601.0,49.5,3.35,9.5,180.5,45.08,25.79
2016,1,12,9,0,658.0,55.0,3.3,10.0,221.0,85.56,45.25
2016,1,12,9,15,499.0,86.5,3.15,10.0,224.0,125.18,80.42
2016,1,12,9,30,340.0,118.0,3.0,10.0,227.0,151.56,109.32
2016,1,12,9,45,355.0,128.5,2.95,10.5,253.5,180.16,133.52
2016,1,12,10,0,370.0,139.0,2.9,11.0,280.0,209.48,158.79
2016,1,12,10,15,454.0,134.0,2.95,11.5,320.5,244.16,186.61
2016,1,12,10,30,538.0,129.0,3.0,12.0,361.0,283.97,219.25
2016,1,12,10,45,454.5,155.5,3.05,12.5,358.0,300.08,235.91
2016,1,12,11,0,371.0,182.0,3.1,13.0,355.0,310.25,246.62
2016,1,12,11,15,458.5,168.5,3.1,13.0,390.0,345.77,275.83
2016,1,12,11,30,546.0,155.0,3.1,13.0,425.0,384.8,307.97
2016,1,12,11,45,503.0,169.0,3.15,13.0,421.0,393.76,316.55
2016,1,12,12,0,460.0,183.0,3.2,13.0,417.0,399.56,322.29
2016,1,12,12,15,434.0,189.0,3.2,13.0,410.5,403.09,325.93
2016,1,12,12,30,408.0,195.0,3.2,13.0,404.0,404.52,327.69
2016,1,12,12,45,299.5,209.5,3.25,13.5,361.5,367.07,297.44
2016,1,12,13,0,191.0,224.0,3.3,14.0,319.0,326.07,263.95
2016,1,12,13,15,238.5,212.0,3.3,14.0,327.5,345.52,280.44
2016,1,12,13,30,286.0,200.0,3.3,14.0,336.0,361.15,293.68
2016,1,12,13,45,258.5,193.5,3.35,14.0,312.5,341.48,278.12
2016,1,12,14,0,231.0,187.0,3.4,14.0,289.0,321.06,261.92
2016,1,12,14,15,115.5,160.5,3.45,14.0,212.0,227.99,185.86
2016,1,12,14,30,0.0,134.0,3.5,14.0,135.0,132.61,106.32
2016,1,12,14,45,0.0,122.0,3.6,14.0,122.5,120.95,96.87
2016,1,12,15,0,0.0,110.0,3.7,14.0,110.0,109.27,87.2
2016,1,12,15,15,0.0,96.5,3.75,13.5,96.5,95.97,76.2
2016,1,12,15,30,0.0,83.0,3.8,13.0,83.0,82.62,64.98
2016,1,12,15,45,0.0,68.5,3.9,13.0,68.5,68.11,52.49
2016,1,12,16,0,0.0,54.0,4.0,13.0,54.0,53.5,39.77
2016,1,12,16,15,0.0,40.0,4.1,12.5,40.0,39.3,27.37
2016,1,12,16,30,0.0,26.0,4.2,12.0,26.0,25.11,14.75
2016,1,12,16,45,0.0,15.0,4.3,12.0,15.0,14.47,2.14
2016,1,12,17,0,0.0,4.0,4.4,12.0,4.0,3.93,0.0
2016,1,12,17,15,0.0,2.0,4.5,12.0,2.0,0.0,0.0
2016,1,12,17,30,0.0,0.0,4.6,12.0,0.0,0.0,0.0
2016,1,12,17,45,0.0,0.0,4.75,12.0,0.0,0.0,0.0
2016,1,12,18,0,0.0,0.0,4.9,12.0,0.0,0.0,0.0
2016,1,12,18,15,0.0,0.0,5.05,12.0,0.0,0.0,0.0
2016,1,12,18,30,0.0,0.0,5.2,12.0,0.0,0.0,0.0
2016,1,12,18,45,0.0,0.0,5.35,12.0,0.0,0.0,0.0
2016,1,12,19,0,0.0,0.0,5.5,12.0,0.0,0.0,0.0
2016,1,12,19,15,0.0,0.0,5.65,12.0,0.0,0.0,0.0
2016,1,12,19,30,0.0,0.0,5.8,12.0,0.0,0.0,0.0
2016,1,12,19,45,0.0,0.0,5.95,12.0,0.0,0.0,0.0
2016,1,12,20,0,0.0,0.0,6.1,12.0,0.0,0.0,0.0
2016,1,12,20,15,0.0,0.0,6.2,12.0,0.0,0.0,0.0
2016,1,12,20,30,0.0,0.0,6.3,12.0,0.0,0.0,0.0
2016,1,12,20,45,0.0,0.0,6.4,12.0,0.0,0.0,0.0
2016,1,12,21,0,0.0,0.0,6.5,12.0,0.0,0.0,0.0
2016,1,12,21,15,0.0,0.0,6.7,12.0,0.0,0.0,0.0
2016,1,12,21,30,0.0,0.0,6.9,12.0,0.0,0.0,0.0
2016,1,12,21,45,0.0,0.0,7.1,12.0,0.0,0.0,0.0
2016,1,12,22,0,0.0,0.0,7.3,12.0,0.0,0.0,0.0
2016,1,12,22,15,0.0,0.0,7.6,12.0,0.0,0.0,0.0
2016,1,12,22,30,0.0,0.0,7.9,12.0,0.0,0.0,0.0
2016,1,12,22,45,0.0,0.0,8.2,12.5,0.0,0.0,0.0
2016,1,12,23,0,0.0,0.0,8.5,13.0,0.0,0.0,0.0
2016,1,12,23,15,0.0,0.0,8.55,13.0,0.0,0.0,0.0
2016,1,12,23,30,0.0,0.0,8.6,13.0,0.0,0.0,0.0
2016,1,12,23,45,0.0,0.0,8.65,13.0,0.0,0.0,0.0
2016,1,13,0,0,0.0,0.0,8.7,13.0,0.0,0.0,0.0
2016,1,13,0,15,0.0,0.0,8.6,13.0,0.0,0.0,0.0
2016,1,13,0,30,0.0,0.0,8.5,13.0,0.0,0.0,0.0
2016,1,13,0,45,0.0,0.0,8.45,13.0,0.0,0.0,0.0
2016,1,13,1,0,0.0,0.0,8.4,13.0,0.0,0.0,0.0
2016,1,13,1,15,0.0,0.0,8.3,13.0,0.0,0.0,0.0
2016,1,13,1,30,0.0,0.0,8.2,13.0,0.0,0.0,0.0
2016,1,13,1,45,0.0,0.0,8.15,13.0,0.0,0.0,0.0
2016,1,13,2,0,0.0,0.0,8.1,13.0,0.0,0.0,0.0
2016,1,13,2,15,0.0,0.0,7.9,13.0,0.0,0.0,0.0
2016,1,13,2,30,0.0,0.0,7.7,13.0,0.0,0.0,0.0
2016,1,13,2,45,0.0,0.0,7.5,13.0,0.0,0.0,0.0
2016,1,13,3,0,0.0,0.0,7.3,13.0,0.0,0.0,0.0
2016,1,13,3,15,0.0,0.0,7.1,13.0,0.0,0.0,0.0
2016,1,13,3,30,0.0,0.0,6.9,13.0,0.0,0.0,0.0
2016,1,13,3,45,0.0,0.0,6.7,13.0,0.0,0.0,0.0
2016,1,13,4,0,0.0,0.0,6.5,13.0,0.0,0.0,0.0
2016,1,13,4,15,0.0,0.0,6.3,12.5,0.0,0.0,0.0
2016,1,13,4,30,0.0,0.0,6.1,12.0,0.0,0.0,0.0
2016,1,13,4,45,0.0,0.0,5.95,12.0,0.0,0.0,0.0
2016,1,13,5,0,0.0,0.0,5.8,12.0,0.0,0.0,0.0
2016,1,13,5,15,0.0,0.0,5.65,12.0,0.0,0.0,0.0
2016,1,13,5,30,0.0,0.0,5.5,12.0,0.0,0.0,0.0
2016,1,13,5,45,0.0,0.0,5.4,12.0,0.0,0.0,0.0
2016,1,13,6,0,0.0,0.0,5.3,12.0,0.0,0.0,0.0
2016,1,13,6,15,0.0,0.0,5.2,12.0,0.0,0.0,0.0
2016,1,13,6,30,0.0,0.0,5.1,12.0,0.0,0.0,0.0
2016,1,13,6,45,0.0,0.0,5.1,12.0,0.0,0.0,0.0
2016,1,13,7,0,0.0,0.0,5.1,12.0,0.0,0.0,0.0
2016,1,13,7,15,0.0,0.0,5.25,12.0,0.0,0.0,0.0
2016,1,13,7,30,0.0,0.0,5.4,12.0,0.0,0.0,0.0
2016,1,13,7,45,143.0,16.5,5.6,12.5,30.0,12.71,0.0
2016,1,13,8,0,286.0,33.0,5.8,13.0,60.0,26.46,15.82
2016,1,13,8,15,384.5,42.5,5.9,13.0,98.5,32.71,22.85
2016,1,13,8,30,483.0,52.0,6.0,13.0,137.0,38.74,28.71
2016,1,13,8,45,543.0,58.5,6.15,13.0,177.5,52.39,32.05
2016,1,13,9,0,603.0,65.0,6.3,13.0,218.0,88.53,49.01
2016,1,13,9,15,643.5,70.0,6.4,13.0,257.0,126.06,74.13
2016,1,13,9,30,684.0,75.0,6.5,13.0,296.0,166.35,105.88
2016,1,13,9,45,701.5,81.0,6.65,13.5,329.0,205.54,139.97
2016,1,13,10,0,719.0,87.0,6.8,14.0,362.0,245.03,175.4
2016,1,13,10,15,739.0,89.5,6.9,14.0,391.0,282.04,209.42
2016,1,13,10,30,759.0,92.0,7.0,14.0,420.0,319.04,243.44
2016,1,13,10,45,572.0,136.0,7.1,14.0,390.5,323.06,253.79
2016,1,13,11,0,385.0,180.0,7.2,14.0,361.0,314.2,251.36
2016,1,13,11,15,425.0,178.0,7.2,14.0,384.0,341.85,275.11
2016,1,13,11,30,465.0,176.0,7.2,14.0,407.0,370.77,299.84
2016,1,13,11,45,465.0,179.5,7.25,14.0,413.5,387.42,314.67
2016,1,13,12,0,465.0,183.0,7.3,14.0,420.0,402.78,328.24
2016,1,13,12,15,297.0,207.5,7.25,13.5,359.5,352.38,288.19
2016,1,13,12,30,129.0,232.0,7.2,13.0,299.0,295.31,241.45
2016,1,13,12,45,64.5,167.0,7.2,13.0,200.5,197.73,161.05
2016,1,13,13,0,0.0,102.0,7.2,13.0,102.0,98.81,77.97
2016,1,13,13,15,179.0,145.5,7.15,13.0,231.0,245.96,203.02
2016,1,13,13,30,358.0,189.0,7.1,13.0,360.0,389.03,321.85
2016,1,13,13,45,568.5,139.0,7.05,13.0,397.0,455.84,378.27
2016,1,13,14,0,779.0,89.0,7.0,13.0,434.0,515.84,428.59
2016,1,13,14,15,761.5,87.0,6.7,12.5,406.0,501.13,416.9
2016,1,13,14,30,744.0,85.0,6.4,12.0,378.0,483.33,402.58
2016,1,13,14,45,725.5,80.0,6.15,12.0,346.0,459.78,382.58
2016,1,13,15,0,707.0,75.0,5.9,12.0,314.0,434.47,360.71
2016,1,13,15,15,670.5,71.0,5.5,11.5,276.0,400.41,331.59
2016,1,13,15,30,634.0,67.0,5.1,11.0,238.0,365.86,301.36
2016,1,13,15,45,595.0,59.5,4.75,11.0,199.0,326.27,265.75
2016,1,13,16,0,556.0,52.0,4.4,11.0,160.0,287.08,229.66
2016,1,13,16,15,469.0,44.0,4.2,10.5,119.5,230.99,180.04
2016,1,13,16,30,382.0,36.0,4.0,10.0,79.0,179.26,132.52
2016,1,13,16,45,237.5,24.5,3.8,10.0,47.0,108.57,54.49
2016,1,13,17,0,93.0,13.0,3.6,10.0,15.0,36.5,0.0
2016,1,13,17,15,46.5,6.5,3.5,9.5,7.5,0.0,0.0
2016,1,13,17,30,0.0,0.0,3.4,9.0,0.0,0.0,0.0
2016,1,13,17,45,0.0,0.0,3.35,9.0,0.0,0.0,0.0
2016,1,13,18,0,0.0,0.0,3.3,9.0,0.0,0.0,0.0
2016,1,13,18,15,0.0,0.0,3.2,9.0,0.0,0.0,0.0
2016,1,13,18,30,0.0,0.0,3.1,9.0,0.0,0.0,0.0
2016,1,13,18,45,0.0,0.0,3.05,9.0,0.0,0.0,0.0
2016,1,13,19,0,0.0,0.0,3.0,9.0,0.0,0.0,0.0
2016,1,13,19,15,0.0,0.0,2.9,9.0,0.0,0.0,0.0
2016,1,13,19,30,0.0,0.0,2.8,9.0,0.0,0.0,0.0
2016,1,13,19,45,0.0,0.0,2.7,9.0,0.0,0.0,0.0
2016,1,13,20,0,0.0,0.0,2.6,9.0,0.0,0.0,0.0
2016,1,13,20,15,0.0,0.0,2.5,9.0,0.0,0.0,0.0
2016,1,13,20,30,0.0,0.0,2.4,9.0,0.0,0.0,0.0
2016,1,13,20,45,0.0,0.0,2.35,9.0,0.0,0.0,0.0
2016,1,13,21,0,0.0,0.0,2.3,9.0,0.0,0.0,0.0
2016,1,13,21,15,0.0,0.0,2.15,9.0,0.0,0.0,0.0
2016,1,13,21,30,0.0,0.0,2.0,9.0,0.0,0.0,0.0
2016,1,13,21,45,0.0,0.0,1.85,9.0,0.0,0.0,0.0
2016,1,13,22,0,0.0,0.0,1.7,9.0,0.0,0.0,0.0
2016,1,13,22,15,0.0,0.0,1.75,9.0,0.0,0.0,0.0
2016,1,13,22,30,0.0,0.0,1.8,9.0,0.0,0.0,0.0
2016,1,13,22,45,0.0,0.0,1.9,9.0,0.0,0.0,0.0
2016,1,13,23,0,0.0,0.0,2.0,9.0,0.0,0.0,0.0
2016,1,13,23,15,0.0,0.0,1.95,9.0,0.0,0.0,0.0
2016,1,13,23,30,0.0,0.0,1.9,9.0,0.0,0.0,0.0
2016,1,13,23,45,0.0,0.0,1.85,9.0,0.0,0.0,0.0
2016,1,14,0,0,0.0,0.0,1.8,9.0,0.0,0.0,0.0
2016,1,14,0,15,0.0,0.0,1.85,9.0,0.0,0.0,0.0
2016,1,14,0,30,0.0,0.0,1.9,9.0,0.0,0.0,0.0
2016,1,14,0,45,0.0,0.0,2.0,9.0,0.0,0.0,0.0
2016,1,14,1,0,0.0,0.0,2.1,9.0,0.0,0.0,0.0
2016,1,14,1,15,0.0,0.0,2.1,9.0,0.0,0.0,0.0
2016,1,14,1,30,0.0,0.0,2.1,9.0,0.0,0.0,0.0
2016,1,14,1,45,0.0,0.0,2.1,9.0,0.0,0.0,0.0
2016,1,14,2,0,0.0,0.0,2.1,9.0,0.0,0.0,0.0
2016,1,14,2,15,0.0,0.0,2.1,9.0,0.0,0.0,0.0
2016,1,14,2,30,0.0,0.0,2.1,9.0,0.0,0.0,0.0
2016,1,14,2,45,0.0,0.0,2.1,9.0,0.0,0.0,0.0
2016,1,14,3,0,0.0,0.0,2.1,9.0,0.0,0.0,0.0
2016,1,14,3,15,0.0,0.0,2.05,9.0,0.0,0.0,0.0
2016,1,14,3,30,0.0,0.0,2.0,9.0,0.0,0.0,0.0
2016,1,14,3,45,0.0,0.0,1.95,9.0,0.0,0.0,0.0
2016,1,14,4,0,0.0,0.0,1.9,9.0,0.0,0.0,0.0
2016,1,14,4,15,0.0,0.0,1.75,9.0,0.0,0.0,0.0
2016,1,14,4,30,0.0,0.0,1.6,9.0,0.0,0.0,0.0
2016,1,14,4,45,0.0,0.0,1.5,9.0,0.0,0.0,0.0
2016,1,14,5,0,0.0,0.0,1.4,9.0,0.0,0.0,0.0
2016,1,14,5,15,0.0,0.0,1.5,9.0,0.0,0.0,0.0
2016,1,14,5,30,0.0,0.0,1.6,9.0,0.0,0.0,0.0
2016,1,14,5,45,0.0,0.0,1.7,9.0,0.0,0.0,0.0
2016,1,14,6,0,0.0,0.0,1.8,9.0,0.0,0.0,0.0
2016,1,14,6,15,0.0,0.0,1.95,8.5,0.0,0.0,0.0
2016,1,14,6,30,0.0,0.0,2.1,8.0,0.0,0.0,0.0
2016,1,14,6,45,0.0,0.0,2.25,8.0,0.0,0.0,0.0
2016,1,14,7,0,0.0,0.0,2.4,8.0,0.0,0.0,0.0
2016,1,14,7,15,0.0,0.0,2.5,8.5,0.0,0.0,0.0
2016,1,14,7,30,0.0,0.0,2.6,9.0,0.0,0.0,0.0
2016,1,14,7,45,37.0,16.5,2.75,9.5,20.0,14.96,0.0
2016,1,14,8,0,74.0,33.0,2.9,10.0,40.0,27.32,16.88
2016,1,14,8,15,97.0,50.5,3.1,10.0,64.5,43.07,32.32
2016,1,14,8,30,120.0,68.0,3.3,10.0,89.0,56.92,45.34
2016,1,14,8,45,133.0,85.0,3.5,10.5,114.0,73.5,55.7
2016,1,14,9,0,146.0,102.0,3.7,11.0,139.0,96.64,72.24
2016,1,14,9,15,153.0,118.5,3.85,11.0,163.0,119.93,90.63
2016,1,14,9,30,160.0,135.0,4.0,11.0,187.0,143.76,110.39
2016,1,14,9,45,165.0,149.0,4.2,11.0,207.5,165.65,129.06
2016,1,14,10,0,170.0,163.0,4.4,11.0,228.0,187.73,148.12
2016,1,14,10,15,192.0,174.5,4.55,11.0,253.5,212.49,168.95
2016,1,14,10,30,214.0,186.0,4.7,11.0,279.0,238.55,191.0
2016,1,14,10,45,199.0,198.0,4.85,11.5,288.0,253.44,204.15
2016,1,14,11,0,184.0,210.0,5.0,12.0,297.0,266.99,215.87
2016,1,14,11,15,127.0,213.5,5.2,12.0,274.5,254.42,206.65
2016,1,14,11,30,70.0,217.0,5.4,12.0,252.0,237.92,193.65
2016,1,14,11,45,68.5,220.5,5.65,12.0,255.5,243.58,198.53
2016,1,14,12,0,67.0,224.0,5.9,12.0,259.0,248.99,203.16
2016,1,14,12,15,42.0,208.5,6.1,12.0,230.5,224.01,182.64
2016,1,14,12,30,17.0,193.0,6.3,12.0,202.0,196.03,159.45
2016,1,14,12,45,28.0,199.5,6.5,12.0,214.5,211.11,172.2
2016,1,14,13,0,39.0,206.0,6.7,12.0,227.0,224.84,183.85
2016,1,14,13,15,19.5,156.5,6.75,12.0,167.0,163.15,132.53
2016,1,14,13,30,0.0,107.0,6.8,12.0,107.0,103.87,82.67
2016,1,14,13,45,0.0,94.5,6.85,12.0,94.5,91.62,72.45
2016,1,14,14,0,0.0,82.0,6.9,12.0,82.0,79.33,62.14
2016,1,14,14,15,0.0,99.0,6.75,11.5,99.0,96.35,76.84
2016,1,14,14,30,0.0,116.0,6.6,11.0,116.0,113.91,92.04
2016,1,14,14,45,0.0,105.0,6.5,11.0,105.0,103.15,83.0
2016,1,14,15,0,0.0,94.0,6.4,11.0,94.0,92.35,73.88
2016,1,14,15,15,0.0,82.5,6.3,11.0,82.5,81.0,64.21
2016,1,14,15,30,0.0,71.0,6.2,11.0,71.0,69.63,54.42
2016,1,14,15,45,0.0,58.5,6.15,11.0,58.5,57.15,43.57
2016,1,14,16,0,0.0,46.0,6.1,11.0,46.0,44.61,32.57
2016,1,14,16,15,0.0,34.0,6.1,11.0,34.0,32.83,22.16
2016,1,14,16,30,0.0,22.0,6.1,11.0,22.0,21.23,11.82
2016,1,14,16,45,0.0,13.0,6.2,11.0,13.0,12.54,2.36
2016,1,14,17,0,0.0,4.0,6.3,11.0,4.0,3.93,0.0
2016,1,14,17,15,0.0,2.0,6.35,11.0,2.0,0.0,0.0
2016,1,14,17,30,0.0,0.0,6.4,11.0,0.0,0.0,0.0
2016,1,14,17,45,0.0,0.0,6.45,11.0,0.0,0.0,0.0
2016,1,14,18,0,0.0,0.0,6.5,11.0,0.0,0.0,0.0
2016,1,14,18,15,0.0,0.0,6.5,11.0,0.0,0.0,0.0
2016,1,14,18,30,0.0,0.0,6.5,11.0,0.0,0.0,0.0
2016,1,14,18,45,0.0,0.0,6.5,11.5,0.0,0.0,0.0
2016,1,14,19,0,0.0,0.0,6.5,12.0,0.0,0.0,0.0
2016,1,14,19,15,0.0,0.0,6.4,12.0,0.0,0.0,0.0
2016,1,14,19,30,0.0,0.0,6.3,12.0,0.0,0.0,0.0
2016,1,14,19,45,0.0,0.0,6.2,12.0,0.0,0.0,0.0
2016,1,14,20,0,0.0,0.0,6.1,12.0,0.0,0.0,0.0
2016,1,14,20,15,0.0,0.0,5.95,12.0,0.0,0.0,0.0
2016,1,14,20,30,0.0,0.0,5.8,12.0,0.0,0.0,0.0
2016,1,14,20,45,0.0,0.0,5.65,12.0,0.0,0.0,0.0
2016,1,14,21,0,0.0,0.0,5.5,12.0,0.0,0.0,0.0
2016,1,14,21,15,0.0,0.0,5.15,12.0,0.0,0.0,0.0
2016,1,14,21,30,0.0,0.0,4.8,12.0,0.0,0.0,0.0
2016,1,14,21,45,0.0,0.0,4.5,12.0,0.0,0.0,0.0
2016,1,14,22,0,0.0,0.0,4.2,12.0,0.0,0.0,0.0
2016,1,14,22,15,0.0,0.0,4.05,11.5,0.0,0.0,0.0
2016,1,14,22,30,0.0,0.0,3.9,11.0,0.0,0.0,0.0
2016,1,14,22,45,0.0,0.0,3.75,11.0,0.0,0.0,0.0
2016,1,14,23,0,0.0,0.0,3.6,11.0,0.0,0.0,0.0
2016,1,14,23,15,0.0,0.0,3.5,11.0,0.0,0.0,0.0
2016,1,14,23,30,0.0,0.0,3.4,11.0,0.0,0.0,0.0
2016,1,14,23,45,0.0,0.0,3.35,11.0,0.0,0.0,0.0
2016,1,15,0,0,0.0,0.0,3.3,11.0,0.0,0.0,0.0
2016,1,15,0,15,0.0,0.0,3.15,10.5,0.0,0.0,0.0
2016,1,15,0,30,0.0,0.0,3.0,10.0,0.0,0.0,0.0
2016,1,15,0,45,0.0,0.0,2.95,10.0,0.0,0.0,0.0
2016,1,15,1,0,0.0,0.0,2.9,10.0,0.0,0.0,0.0
2016,1,15,1,15,0.0,0.0,2.85,10.0,0.0,0.0,0.0
2016,1,15,1,30,0.0,0.0,2.8,10.0,0.0,0.0,0.0
2016,1,15,1,45,0.0,0.0,2.75,10.0,0.0,0.0,0.0
2016,1,15,2,0,0.0,0.0,2.7,10.0,0.0,0.0,0.0
2016,1,15,2,15,0.0,0.0,2.55,10.0,0.0,0.0,0.0
2016,1,15,2,30,0.0,0.0,2.4,10.0,0.0,0.0,0.0
2016,1,15,2,45,0.0,0.0,2.3,10.0,0.0,0.0,0.0
2016,1,15,3,0,0.0,0.0,2.2,10.0,0.0,0.0,0.0
2016,1,15,3,15,0.0,0.0,2.0,10.0,0.0,0.0,0.0
2016,1,15,3,30,0.0,0.0,1.8,10.0,0.0,0.0,0.0
2016,1,15,3,45,0.0,0.0,1.65,10.0,0.0,0.0,0.0
2016,1,15,4,0,0.0,0.0,1.5,10.0,0.0,0.0,0.0
2016,1,15,4,15,0.0,0.0,1.4,10.0,0.0,0.0,0.0
2016,1,15,4,30,0.0,0.0,1.3,10.0,0.0,0.0,0.0
2016,1,15,4,45,0.0,0.0,1.25,10.0,0.0,0.0,0.0
2016,1,15,5,0,0.0,0.0,1.2,10.0,0.0,0.0,0.0
2016,1,15,5,15,0.0,0.0,1.1,10.0,0.0,0.0,0.0
2016,1,15,5,30,0.0,0.0,1.0,10.0,0.0,0.0,0.0
2016,1,15,5,45,0.0,0.0,0.9,10.0,0.0,0.0,0.0
2016,1,15,6,0,0.0,0.0,0.8,10.0,0.0,0.0,0.0
2016,1,15,6,15,0.0,0.0,0.7,10.0,0.0,0.0,0.0
2016,1,15,6,30,0.0,0.0,0.6,10.0,0.0,0.0,0.0
2016,1,15,6,45,0.0,0.0,0.55,10.0,0.0,0.0,0.0
2016,1,15,7,0,0.0,0.0,0.5,10.0,0.0,0.0,0.0
2016,1,15,7,15,0.0,0.0,0.45,10.0,0.0,0.0,0.0
2016,1,15,7,30,0.0,0.0,0.4,10.0,0.0,0.0,0.0
2016,1,15,7,45,158.0,16.0,0.4,10.5,31.0,12.16,0.0
2016,1,15,8,0,316.0,32.0,0.4,11.0,62.0,25.29,15.31
2016,1,15,8,15,409.0,40.5,0.55,11.0,100.5,30.61,21.37
2016,1,15,8,30,502.0,49.0,0.7,11.0,139.0,35.77,26.44
2016,1,15,8,45,560.0,55.5,0.9,11.0,179.5,50.88,30.23
2016,1,15,9,0,618.0,62.0,1.1,11.0,220.0,87.9,47.95
2016,1,15,9,15,656.5,66.0,1.3,11.0,258.5,125.18,72.99
2016,1,15,9,30,695.0,70.0,1.5,11.0,297.0,165.02,104.45
2016,1,15,9,45,690.0,75.5,1.7,11.5,321.0,199.92,135.78
2016,1,15,10,0,685.0,81.0,1.9,12.0,345.0,233.26,166.68
2016,1,15,10,15,641.0,99.5,1.95,12.0,361.5,266.26,198.61
2016,1,15,10,30,597.0,118.0,2.0,12.0,378.0,295.0,226.27
2016,1,15,10,45,599.0,124.5,2.15,12.0,397.0,324.12,252.72
2016,1,15,11,0,601.0,131.0,2.3,12.0,416.0,352.06,277.78
2016,1,15,11,15,571.0,145.0,2.25,12.0,423.5,371.79,295.79
2016,1,15,11,30,541.0,159.0,2.2,12.0,431.0,389.33,311.43
2016,1,15,11,45,433.5,187.0,2.2,12.5,407.5,381.92,306.44
2016,1,15,12,0,326.0,215.0,2.2,13.0,384.0,367.33,295.13
2016,1,15,12,15,261.0,224.5,2.15,13.0,360.0,352.29,283.62
2016,1,15,12,30,196.0,234.0,2.1,13.0,336.0,332.16,267.73
2016,1,15,12,45,514.0,160.5,2.05,13.0,422.0,435.64,352.16
2016,1,15,13,0,832.0,87.0,2.0,13.0,508.0,538.75,433.94
2016,1,15,13,15,824.0,86.0,1.9,13.0,493.5,539.38,434.05
2016,1,15,13,30,816.0,85.0,1.8,13.0,479.0,537.26,432.6
2016,1,15,13,45,810.0,81.5,1.75,13.0,458.5,530.89,428.04
2016,1,15,14,0,804.0,78.0,1.7,13.0,438.0,521.87,421.27
2016,1,15,14,15,786.0,76.0,1.6,13.0,410.0,505.51,408.39
2016,1,15,14,30,768.0,74.0,1.5,13.0,382.0,486.93,393.55
2016,1,15,14,45,747.0,70.5,1.45,13.0,349.0,463.16,374.61
2016,1,15,15,0,726.0,67.0,1.4,13.0,316.0,437.65,353.85
2016,1,15,15,15,691.0,63.0,1.3,13.0,278.5,403.51,325.61
2016,1,15,15,30,656.0,59.0,1.2,13.0,241.0,370.54,297.6
2016,1,15,15,45,604.0,54.0,1.1,13.0,201.0,327.52,260.94
2016,1,15,16,0,552.0,49.0,1.0,13.0,161.0,285.61,224.32
2016,1,15,16,15,472.0,42.0,1.0,12.5,121.0,232.84,179.07
2016,1,15,16,30,392.0,35.0,1.0,12.0,81.0,184.03,135.58
2016,1,15,16,45,255.0,24.0,1.05,12.0,49.0,116.38,66.84
2016,1,15,17,0,118.0,13.0,1.1,12.0,17.0,43.58,0.0
2016,1,15,17,15,59.0,6.5,1.15,12.0,8.5,0.0,0.0
2016,1,15,17,30,0.0,0.0,1.2,12.0,0.0,0.0,0.0
2016,1,15,17,45,0.0,0.0,1.25,12.0,0.0,0.0,0.0
2016,1,15,18,0,0.0,0.0,1.3,12.0,0.0,0.0,0.0
2016,1,15,18,15,0.0,0.0,1.4,11.5,0.0,0.0,0.0
2016,1,15,18,30,0.0,0.0,1.5,11.0,0.0,0.0,0.0
2016,1,15,18,45,0.0,0.0,1.65,11.0,0.0,0.0,0.0
2016,1,15,19,0,0.0,0.0,1.8,11.0,0.0,0.0,0.0
2016,1,15,19,15,0.0,0.0,1.85,11.0,0.0,0.0,0.0
2016,1,15,19,30,0.0,0.0,1.9,11.0,0.0,0.0,0.0
2016,1,15,19,45,0.0,0.0,2.0,11.0,0.0,0.0,0.0
2016,1,15,20,0,0.0,0.0,2.1,11.0,0.0,0.0,0.0
2016,1,15,20,15,0.0,0.0,2.1,11.0,0.0,0.0,0.0
2016,1,15,20,30,0.0,0.0,2.1,11.0,0.0,0.0,0.0
2016,1,15,20,45,0.0,0.0,2.15,11.0,0.0,0.0,0.0
2016,1,15,21,0,0.0,0.0,2.2,11.0,0.0,0.0,0.0
2016,1,15,21,15,0.0,0.0,2.25,11.0,0.0,0.0,0.0
2016,1,15,21,30,0.0,0.0,2.3,11.0,0.0,0.0,0.0
2016,1,15,21,45,0.0,0.0,2.4,11.0,0.0,0.0,0.0
2016,1,15,22,0,0.0,0.0,2.5,11.0,0.0,0.0,0.0
2016,1,15,22,15,0.0,0.0,2.65,11.0,0.0,0.0,0.0
2016,1,15,22,30,0.0,0.0,2.8,11.0,0.0,0.0,0.0
2016,1,15,22,45,0.0,0.0,3.0,11.0,0.0,0.0,0.0
2016,1,15,23,0,0.0,0.0,3.2,11.0,0.0,0.0,0.0
2016,1,15,23,15,0.0,0.0,3.45,11.0,0.0,0.0,0.0
2016,1,15,23,30,0.0,0.0,3.7,11.0,0.0,0.0,0.0
2016,1,15,23,45,0.0,0.0,3.95,11.0,0.0,0.0,0.0
2016,1,16,0,0,0.0,0.0,4.2,11.0,0.0,0.0,0.0
2016,1,16,0,15,0.0,0.0,4.4,11.0,0.0,0.0,0.0
2016,1,16,0,30,0.0,0.0,4.6,11.0,0.0,0.0,0.0
2016,1,16,0,45,0.0,0.0,4.8,11.0,0.0,0.0,0.0
2016,1,16,1,0,0.0,0.0,5.0,11.0,0.0,0.0,0.0
2016,1,16,1,15,0.0,0.0,5.05,11.0,0.0,0.0,0.0
2016,1,16,1,30,0.0,0.0,5.1,11.0,0.0,0.0,0.0
2016,1,16,1,45,0.0,0.0,5.2,11.0,0.0,0.0,0.0
2016,1,16,2,0,0.0,0.0,5.3,11.0,0.0,0.0,0.0
2016,1,16,2,15,0.0,0.0,5.3,11.0,0.0,0.0,0.0
2016,1,16,2,30,0.0,0.0,5.3,11.0,0.0,0.0,0.0
2016,1,16,2,45,0.0,0.0,5.3,11.0,0.0,0.0,0.0
2016,1,16,3,0,0.0,0.0,5.3,11.0,0.0,0.0,0.0
2016,1,16,3,15,0.0,0.0,5.3,11.0,0.0,0.0,0.0
2016,1,16,3,30,0.0,0.0,5.3,11.0,0.0,0.0,0.0
2016,1,16,3,45,0.0,0.0,5.35,11.0,0.0,0.0,0.0
2016,1,16,4,0,0.0,0.0,5.4,11.0,0.0,0.0,0.0
2016,1,16,4,15,0.0,0.0,5.3,11.0,0.0,0.0,0.0
2016,1,16,4,30,0.0,0.0,5.2,11.0,0.0,0.0,0.0
2016,1,16,4,45,0.0,0.0,5.15,11.0,0.0,0.0,0.0
2016,1,16,5,0,0.0,0.0,5.1,11.0,0.0,0.0,0.0
2016,1,16,5,15,0.0,0.0,4.95,11.0,0.0,0.0,0.0
2016,1,16,5,30,0.0,0.0,4.8,11.0,0.0,0.0,0.0
2016,1,16,5,45,0.0,0.0,4.7,11.0,0.0,0.0,0.0
2016,1,16,6,0,0.0,0.0,4.6,11.0,0.0,0.0,0.0
2016,1,16,6,15,0.0,0.0,4.5,11.0,0.0,0.0,0.0
2016,1,16,6,30,0.0,0.0,4.4,11.0,0.0,0.0,0.0
2016,1,16,6,45,0.0,0.0,4.35,11.5,0.0,0.0,0.0
2016,1,16,7,0,0.0,0.0,4.3,12.0,0.0,0.0,0.0
2016,1,16,7,15,0.0,0.0,4.3,12.0,0.0,0.0,0.0
2016,1,16,7,30,0.0,0.0,4.3,12.0,0.0,0.0,0.0
2016,1,16,7,45,130.0,17.5,4.35,12.0,30.0,13.6,0.0
2016,1,16,8,0,260.0,35.0,4.4,12.0,60.0,27.18,16.78
2016,1,16,8,15,353.0,45.0,4.35,12.0,98.0,34.87,24.93
2016,1,16,8,30,446.0,55.0,4.3,12.0,136.0,41.26,31.14
2016,1,16,8,45,516.5,60.5,4.3,12.5,177.0,55.04,33.82
2016,1,16,9,0,587.0,66.0,4.3,13.0,218.0,90.05,50.35
2016,1,16,9,15,372.5,102.0,4.2,13.0,204.0,125.65,85.27
2016,1,16,9,30,158.0,138.0,4.1,13.0,190.0,146.37,111.84
2016,1,16,9,45,162.0,151.5,4.0,13.5,210.0,167.65,129.62
2016,1,16,10,0,166.0,165.0,3.9,14.0,230.0,189.02,147.57
2016,1,16,10,15,87.0,160.5,3.8,14.0,195.0,173.46,137.69
2016,1,16,10,30,8.0,156.0,3.7,14.0,160.0,150.6,120.83
2016,1,16,10,45,4.0,117.0,3.65,14.5,119.0,113.79,90.08
2016,1,16,11,0,0.0,78.0,3.6,15.0,78.0,75.43,57.94
2016,1,16,11,15,0.0,117.5,3.55,15.0,117.5,113.25,89.37
2016,1,16,11,30,0.0,157.0,3.5,15.0,157.0,151.04,120.39
2016,1,16,11,45,27.5,189.0,3.5,15.0,203.5,194.99,156.21
2016,1,16,12,0,55.0,221.0,3.5,15.0,250.0,240.57,193.13
2016,1,16,12,15,27.5,189.5,3.5,15.0,204.0,198.39,158.86
2016,1,16,12,30,0.0,158.0,3.5,15.0,158.0,153.18,121.86
2016,1,16,12,45,0.0,156.5,3.5,15.0,156.5,152.0,121.0
2016,1,16,13,0,0.0,155.0,3.5,15.0,155.0,150.82,120.1
2016,1,16,13,15,0.0,121.5,3.4,15.0,121.5,118.02,93.17
2016,1,16,13,30,0.0,88.0,3.3,15.0,88.0,85.16,66.01
2016,1,16,13,45,0.0,100.5,3.2,15.0,100.5,97.53,76.43
2016,1,16,14,0,0.0,113.0,3.1,15.0,113.0,110.12,87.0
2016,1,16,14,15,73.0,143.5,3.0,15.0,173.5,183.73,148.9
2016,1,16,14,30,146.0,174.0,2.9,15.0,234.0,260.22,211.83
2016,1,16,14,45,138.0,161.0,2.8,15.0,213.5,242.07,196.9
2016,1,16,15,0,130.0,148.0,2.7,15.0,193.0,223.68,181.87
2016,1,16,15,15,122.5,131.5,2.55,14.5,170.0,201.36,163.71
2016,1,16,15,30,115.0,115.0,2.4,14.0,147.0,178.85,145.05
2016,1,16,15,45,102.0,97.5,2.3,14.0,122.5,152.69,122.74
2016,1,16,16,0,89.0,80.0,2.2,14.0,98.0,126.76,100.29
2016,1,16,16,15,69.0,62.0,2.15,13.5,74.0,97.87,75.35
2016,1,16,16,30,49.0,44.0,2.1,13.0,50.0,69.61,50.6
2016,1,16,16,45,24.5,27.5,2.1,13.0,30.5,37.86,20.35
2016,1,16,17,0,0.0,11.0,2.1,13.0,11.0,10.81,0.0
2016,1,16,17,15,0.0,5.5,2.15,13.0,5.5,5.41,0.0
2016,1,16,17,30,0.0,0.0,2.2,13.0,0.0,0.0,0.0
2016,1,16,17,45,0.0,0.0,2.25,13.0,0.0,0.0,0.0
2016,1,16,18,0,0.0,0.0,2.3,13.0,0.0,0.0,0.0
2016,1,16,18,15,0.0,0.0,2.35,13.0,0.0,0.0,0.0
2016,1,16,18,30,0.0,0.0,2.4,13.0,0.0,0.0,0.0
2016,1,16,18,45,0.0,0.0,2.5,13.0,0.0,0.0,0.0
2016,1,16,19,0,0.0,0.0,2.6,13.0,0.0,0.0,0.0
2016,1,16,19,15,0.0,0.0,2.6,12.5,0.0,0.0,0.0
2016,1,16,19,30,0.0,0.0,2.6,12.0,0.0,0.0,0.0
2016,1,16,19,45,0.0,0.0,2.65,12.0,0.0,0.0,0.0
2016,1,16,20,0,0.0,0.0,2.7,12.0,0.0,0.0,0.0
2016,1,16,20,15,0.0,0.0,2.7,12.0,0.0,0.0,0.0
2016,1,16,20,30,0.0,0.0,2.7,12.0,0.0,0.0,0.0
2016,1,16,20,45,0.0,0.0,2.7,12.0,0.0,0.0,0.0
2016,1,16,21,0,0.0,0.0,2.7,12.0,0.0,0.0,0.0
2016,1,16,21,15,0.0,0.0,2.85,12.0,0.0,0.0,0.0
2016,1,16,21,30,0.0,0.0,3.0,12.0,0.0,0.0,0.0
2016,1,16,21,45,0.0,0.0,3.15,12.0,0.0,0.0,0.0
2016,1,16,22,0,0.0,0.0,3.3,12.0,0.0,0.0,0.0
2016,1,16,22,15,0.0,0.0,3.35,12.0,0.0,0.0,0.0
2016,1,16,22,30,0.0,0.0,3.4,12.0,0.0,0.0,0.0
2016,1,16,22,45,0.0,0.0,3.5,12.0,0.0,0.0,0.0
2016,1,16,23,0,0.0,0.0,3.6,12.0,0.0,0.0,0.0
2016,1,16,23,15,0.0,0.0,3.65,12.0,0.0,0.0,0.0
2016,1,16,23,30,0.0,0.0,3.7,12.0,0.0,0.0,0.0
2016,1,16,23,45,0.0,0.0,3.8,12.0,0.0,0.0,0.0
2016,1,17,0,0,0.0,0.0,3.9,12.0,0.0,0.0,0.0
2016,1,17,0,15,0.0,0.0,3.9,12.0,0.0,0.0,0.0
2016,1,17,0,30,0.0,0.0,3.9,12.0,0.0,0.0,0.0
2016,1,17,0,45,0.0,0.0,3.95,12.5,0.0,0.0,0.0
2016,1,17,1,0,0.0,0.0,4.0,13.0,0.0,0.0,0.0
2016,1,17,1,15,0.0,0.0,3.95,12.5,0.0,0.0,0.0
2016,1,17,1,30,0.0,0.0,3.9,12.0,0.0,0.0,0.0
2016,1,17,1,45,0.0,0.0,3.85,12.0,0.0,0.0,0.0
2016,1,17,2,0,0.0,0.0,3.8,12.0,0.0,0.0,0.0
2016,1,17,2,15,0.0,0.0,3.9,12.0,0.0,0.0,0.0
2016,1,17,2,30,0.0,0.0,4.0,12.0,0.0,0.0,0.0
2016,1,17,2,45,0.0,0.0,4.1,12.5,0.0,0.0,0.0
2016,1,17,3,0,0.0,0.0,4.2,13.0,0.0,0.0,0.0
2016,1,17,3,15,0.0,0.0,4.25,13.0,0.0,0.0,0.0
2016,1,17,3,30,0.0,0.0,4.3,13.0,0.0,0.0,0.0
2016,1,17,3,45,0.0,0.0,4.4,13.0,0.0,0.0,0.0
2016,1,17,4,0,0.0,0.0,4.5,13.0,0.0,0.0,0.0
2016,1,17,4,15,0.0,0.0,4.5,13.0,0.0,0.0,0.0
2016,1,17,4,30,0.0,0.0,4.5,13.0,0.0,0.0,0.0
2016,1,17,4,45,0.0,0.0,4.55,13.0,0.0,0.0,0.0
2016,1,17,5,0,0.0,0.0,4.6,13.0,0.0,0.0,0.0
2016,1,17,5,15,0.0,0.0,4.7,13.0,0.0,0.0,0.0
2016,1,17,5,30,0.0,0.0,4.8,13.0,0.0,0.0,0.0
2016,1,17,5,45,0.0,0.0,4.9,13.0,0.0,0.0,0.0
2016,1,17,6,0,0.0,0.0,5.0,13.0,0.0,0.0,0.0
2016,1,17,6,15,0.0,0.0,5.1,13.0,0.0,0.0,0.0
2016,1,17,6,30,0.0,0.0,5.2,13.0,0.0,0.0,0.0
2016,1,17,6,45,0.0,0.0,5.35,13.0,0.0,0.0,0.0
2016,1,17,7,0,0.0,0.0,5.5,13.0,0.0,0.0,0.0
2016,1,17,7,15,0.0,0.0,5.55,13.0,0.0,0.0,0.0
2016,1,17,7,30,0.0,0.0,5.6,13.0,0.0,0.0,0.0
2016,1,17,7,45,0.0,13.5,5.65,13.0,13.5,13.03,0.0
2016,1,17,8,0,0.0,27.0,5.7,13.0,27.0,25.88,15.71
2016,1,17,8,15,0.0,43.5,5.7,13.0,43.5,40.82,30.01
2016,1,17,8,30,0.0,60.0,5.7,13.0,60.0,55.54,43.62
2016,1,17,8,45,2.5,76.5,5.75,13.5,77.5,70.49,54.3
2016,1,17,9,0,5.0,93.0,5.8,14.0,95.0,86.22,67.6
2016,1,17,9,15,10.0,108.0,5.8,14.0,111.0,101.31,80.2
2016,1,17,9,30,15.0,123.0,5.8,14.0,127.0,116.9,93.09
2016,1,17,9,45,18.0,135.5,5.8,14.0,142.0,130.37,104.23
2016,1,17,10,0,21.0,148.0,5.8,14.0,157.0,144.07,115.52
2016,1,17,10,15,10.5,116.5,5.75,14.0,121.0,114.24,90.8
2016,1,17,10,30,0.0,85.0,5.7,14.0,85.0,82.1,63.98
2016,1,17,10,45,0.0,71.0,5.7,14.0,71.0,68.64,52.57
2016,1,17,11,0,0.0,57.0,5.7,14.0,57.0,55.09,41.07
2016,1,17,11,15,1.0,112.0,5.7,14.0,112.5,108.43,85.79
2016,1,17,11,30,2.0,167.0,5.7,14.0,168.0,161.42,129.67
2016,1,17,11,45,1.0,159.5,5.75,14.0,160.0,154.22,123.59
2016,1,17,12,0,0.0,152.0,5.8,14.0,152.0,146.84,117.45
2016,1,17,12,15,0.0,156.0,5.85,14.0,156.0,150.96,120.84
2016,1,17,12,30,0.0,160.0,5.9,14.0,160.0,155.12,124.29
2016,1,17,12,45,4.0,169.5,5.95,14.0,171.5,166.85,134.07
2016,1,17,13,0,8.0,179.0,6.0,14.0,183.0,178.82,144.06
2016,1,17,13,15,4.0,169.0,6.0,14.0,171.5,167.21,134.53
2016,1,17,13,30,0.0,159.0,6.0,14.0,160.0,155.49,124.91
2016,1,17,13,45,0.0,110.0,6.0,14.0,110.5,106.93,84.62
2016,1,17,14,0,0.0,61.0,6.0,14.0,61.0,58.96,44.41
2016,1,17,14,15,0.0,58.5,5.95,14.0,58.5,56.53,42.45
2016,1,17,14,30,0.0,56.0,5.9,14.0,56.0,54.11,40.47
2016,1,17,14,45,0.0,51.0,5.85,14.0,51.0,49.27,36.42
2016,1,17,15,0,0.0,46.0,5.8,14.0,46.0,44.43,32.35
2016,1,17,15,15,0.0,41.0,5.65,13.5,41.0,39.59,28.31
2016,1,17,15,30,0.0,36.0,5.5,13.0,36.0,34.75,24.22
2016,1,17,15,45,0.0,30.0,5.4,13.0,30.0,28.95,19.2
2016,1,17,16,0,0.0,24.0,5.3,13.0,24.0,23.15,14.12
2016,1,17,16,15,0.0,18.0,5.25,13.0,18.0,17.36,9.02
2016,1,17,16,30,0.0,12.0,5.2,13.0,12.0,11.57,3.9
2016,1,17,16,45,0.0,7.5,5.2,13.0,7.5,7.23,0.0
2016,1,17,17,0,0.0,3.0,5.2,13.0,3.0,2.95,0.0
2016,1,17,17,15,0.0,1.5,5.2,13.0,1.5,1.47,0.0
2016,1,17,17,30,0.0,0.0,5.2,13.0,0.0,0.0,0.0
2016,1,17,17,45,0.0,0.0,5.25,13.0,0.0,0.0,0.0
2016,1,17,18,0,0.0,0.0,5.3,13.0,0.0,0.0,0.0
2016,1,17,18,15,0.0,0.0,5.3,13.0,0.0,0.0,0.0
2016,1,17,18,30,0.0,0.0,5.3,13.0,0.0,0.0,0.0
2016,1,17,18,45,0.0,0.0,5.3,13.0,0.0,0.0,0.0
2016,1,17,19,0,0.0,0.0,5.3,13.0,0.0,0.0,0.0
2016,1,17,19,15,0.0,0.0,5.2,13.0,0.0,0.0,0.0
2016,1,17,19,30,0.0,0.0,5.1,13.0,0.0,0.0,0.0
2016,1,17,19,45,0.0,0.0,5.05,13.0,0.0,0.0,0.0
2016,1,17,20,0,0.0,0.0,5.0,13.0,0.0,0.0,0.0
2016,1,17,20,15,0.0,0.0,4.9,13.0,0.0,0.0,0.0
2016,1,17,20,30,0.0,0.0,4.8,13.0,0.0,0.0,0.0
2016,1,17,20,45,0.0,0.0,4.75,13.0,0.0,0.0,0.0
2016,1,17,21,0,0.0,0.0,4.7,13.0,0.0,0.0,0.0
2016,1,17,21,15,0.0,0.0,4.55,13.0,0.0,0.0,0.0
2016,1,17,21,30,0.0,0.0,4.4,13.0,0.0,0.0,0.0
2016,1,17,21,45,0.0,0.0,4.3,13.0,0.0,0.0,0.0
2016,1,17,22,0,0.0,0.0,4.2,13.0,0.0,0.0,0.0
2016,1,17,22,15,0.0,0.0,4.0,13.0,0.0,0.0,0.0
2016,1,17,22,30,0.0,0.0,3.8,13.0,0.0,0.0,0.0
2016,1,17,22,45,0.0,0.0,3.65,13.0,0.0,0.0,0.0
2016,1,17,23,0,0.0,0.0,3.5,13.0,0.0,0.0,0.0
2016,1,17,23,15,0.0,0.0,3.4,13.0,0.0,0.0,0.0
2016,1,17,23,30,0.0,0.0,3.3,13.0,0.0,0.0,0.0
2016,1,17,23,45,0.0,0.0,3.2,13.0,0.0,0.0,0.0
2016,1,18,0,0,0.0,0.0,3.1,13.0,0.0,0.0,0.0
2016,1,18,0,15,0.0,0.0,3.05,12.5,0.0,0.0,0.0
2016,1,18,0,30,0.0,0.0,3.0,12.0,0.0,0.0,0.0
2016,1,18,0,45,0.0,0.0,2.95,12.0,0.0,0.0,0.0
2016,1,18,1,0,0.0,0.0,2.9,12.0,0.0,0.0,0.0
2016,1,18,1,15,0.0,0.0,2.95,12.0,0.0,0.0,0.0
2016,1,18,1,30,0.0,0.0,3.0,12.0,0.0,0.0,0.0
2016,1,18,1,45,0.0,0.0,3.15,12.0,0.0,0.0,0.0
2016,1,18,2,0,0.0,0.0,3.3,12.0,0.0,0.0,0.0
2016,1,18,2,15,0.0,0.0,3.65,12.0,0.0,0.0,0.0
2016,1,18,2,30,0.0,0.0,4.0,12.0,0.0,0.0,0.0
2016,1,18,2,45,0.0,0.0,4.35,12.0,0.0,0.0,0.0
2016,1,18,3,0,0.0,0.0,4.7,12.0,0.0,0.0,0.0
2016,1,18,3,15,0.0,0.0,4.6,12.0,0.0,0.0,0.0
2016,1,18,3,30,0.0,0.0,4.5,12.0,0.0,0.0,0.0
2016,1,18,3,45,0.0,0.0,4.45,12.0,0.0,0.0,0.0
2016,1,18,4,0,0.0,0.0,4.4,12.0,0.0,0.0,0.0
2016,1,18,4,15,0.0,0.0,3.9,11.5,0.0,0.0,0.0
2016,1,18,4,30,0.0,0.0,3.4,11.0,0.0,0.0,0.0
2016,1,18,4,45,0.0,0.0,2.9,11.0,0.0,0.0,0.0
2016,1,18,5,0,0.0,0.0,2.4,11.0,0.0,0.0,0.0
2016,1,18,5,15,0.0,0.0,2.2,11.0,0.0,0.0,0.0
2016,1,18,5,30,0.0,0.0,2.0,11.0,0.0,0.0,0.0
2016,1,18,5,45,0.0,0.0,1.8,11.0,0.0,0.0,0.0
2016,1,18,6,0,0.0,0.0,1.6,11.0,0.0,0.0,0.0
2016,1,18,6,15,0.0,0.0,1.65,11.0,0.0,0.0,0.0
2016,1,18,6,30,0.0,0.0,1.7,11.0,0.0,0.0,0.0
2016,1,18,6,45,0.0,0.0,1.8,11.0,0.0,0.0,0.0
2016,1,18,7,0,0.0,0.0,1.9,11.0,0.0,0.0,0.0
2016,1,18,7,15,0.0,0.0,2.1,11.0,0.0,0.0,0.0
2016,1,18,7,30,0.0,0.0,2.3,11.0,0.0,0.0,0.0
2016,1,18,7,45,204.0,14.5,2.5,11.5,34.5,10.67,0.0
2016,1,18,8,0,408.0,29.0,2.7,12.0,69.0,22.12,12.79
2016,1,18,8,15,496.0,36.0,2.65,12.0,109.5,26.22,17.42
2016,1,18,8,30,584.0,43.0,2.6,12.0,150.0,33.06,23.89
2016,1,18,8,45,641.0,47.5,2.6,12.5,192.5,50.39,27.13
2016,1,18,9,0,698.0,52.0,2.6,13.0,235.0,89.43,45.39
2016,1,18,9,15,732.5,55.5,2.6,13.0,274.5,129.48,72.69
2016,1,18,9,30,767.0,59.0,2.6,13.0,314.0,171.66,106.44
2016,1,18,9,45,785.5,63.0,2.6,13.5,348.5,212.91,142.36
2016,1,18,10,0,804.0,67.0,2.6,14.0,383.0,254.37,179.41
2016,1,18,10,15,519.5,128.0,2.7,14.0,338.0,261.08,197.1
2016,1,18,10,30,235.0,189.0,2.8,14.0,293.0,248.14,195.42
2016,1,18,10,45,238.5,199.5,2.95,14.5,309.5,269.31,213.23
2016,1,18,11,0,242.0,210.0,3.1,15.0,326.0,290.26,230.54
2016,1,18,11,15,239.0,218.5,3.2,15.0,336.5,306.44,244.29
2016,1,18,11,30,236.0,227.0,3.3,15.0,347.0,321.42,256.94
2016,1,18,11,45,231.5,231.5,3.4,15.0,351.5,331.23,265.36
2016,1,18,12,0,227.0,236.0,3.5,15.0,356.0,340.2,273.02
2016,1,18,12,15,228.0,236.0,3.5,15.0,356.5,346.78,278.7
2016,1,18,12,30,229.0,236.0,3.5,15.0,357.0,352.68,283.79
2016,1,18,12,45,228.0,233.5,3.5,15.0,352.5,354.34,285.51
2016,1,18,13,0,227.0,231.0,3.5,15.0,348.0,355.23,286.61
2016,1,18,13,15,297.0,213.0,3.5,15.0,362.0,382.01,308.99
2016,1,18,13,30,367.0,195.0,3.5,15.0,376.0,404.85,328.14
2016,1,18,13,45,293.5,197.0,3.5,15.0,337.5,368.31,298.83
2016,1,18,14,0,220.0,199.0,3.5,15.0,299.0,326.72,265.39
2016,1,18,14,15,230.0,185.0,3.4,14.5,284.5,322.38,262.87
2016,1,18,14,30,240.0,171.0,3.3,14.0,270.0,312.34,255.57
2016,1,18,14,45,173.0,159.5,3.25,14.0,228.0,259.03,211.93
2016,1,18,15,0,106.0,148.0,3.2,14.0,186.0,212.21,173.2
2016,1,18,15,15,99.0,132.5,2.95,14.0,164.5,191.66,156.17
2016,1,18,15,30,92.0,117.0,2.7,14.0,143.0,171.02,138.77
2016,1,18,15,45,81.5,99.5,2.45,14.0,120.0,146.45,117.82
2016,1,18,16,0,71.0,82.0,2.2,14.0,97.0,122.01,96.69
2016,1,18,16,15,56.5,64.0,2.2,13.5,74.0,91.03,70.08
2016,1,18,16,30,42.0,46.0,2.2,13.0,51.0,65.13,47.43
2016,1,18,16,45,21.0,29.5,2.2,13.0,32.0,39.43,23.22
2016,1,18,17,0,0.0,13.0,2.2,13.0,13.0,12.55,0.0
2016,1,18,17,15,0.0,6.5,2.2,13.0,6.5,6.39,0.0
2016,1,18,17,30,0.0,0.0,2.2,13.0,0.0,0.0,0.0
2016,1,18,17,45,0.0,0.0,2.2,13.0,0.0,0.0,0.0
2016,1,18,18,0,0.0,0.0,2.2,13.0,0.0,0.0,0.0
2016,1,18,18,15,0.0,0.0,2.15,13.0,0.0,0.0,0.0
2016,1,18,18,30,0.0,0.0,2.1,13.0,0.0,0.0,0.0
2016,1,18,18,45,0.0,0.0,2.1,13.0,0.0,0.0,0.0
2016,1,18,19,0,0.0,0.0,2.1,13.0,0.0,0.0,0.0
2016,1,18,19,15,0.0,0.0,2.1,13.0,0.0,0.0,0.0
2016,1,18,19,30,0.0,0.0,2.1,13.0,0.0,0.0,0.0
2016,1,18,19,45,0.0,0.0,2.1,13.0,0.0,0.0,0.0
2016,1,18,20,0,0.0,0.0,2.1,13.0,0.0,0.0,0.0
2016,1,18,20,15,0.0,0.0,2.1,13.0,0.0,0.0,0.0
2016,1,18,20,30,0.0,0.0,2.1,13.0,0.0,0.0,0.0
2016,1,18,20,45,0.0,0.0,2.15,13.0,0.0,0.0,0.0
2016,1,18,21,0,0.0,0.0,2.2,13.0,0.0,0.0,0.0
2016,1,18,21,15,0.0,0.0,2.2,13.0,0.0,0.0,0.0
2016,1,18,21,30,0.0,0.0,2.2,13.0,0.0,0.0,0.0
2016,1,18,21,45,0.0,0.0,2.25,13.0,0.0,0.0,0.0
2016,1,18,22,0,0.0,0.0,2.3,13.0,0.0,0.0,0.0
2016,1,18,22,15,0.0,0.0,2.3,13.0,0.0,0.0,0.0
2016,1,18,22,30,0.0,0.0,2.3,13.0,0.0,0.0,0.0
2016,1,18,22,45,0.0,0.0,2.3,13.0,0.0,0.0,0.0
2016,1,18,23,0,0.0,0.0,2.3,13.0,0.0,0.0,0.0
2016,1,18,23,15,0.0,0.0,2.4,13.0,0.0,0.0,0.0
2016,1,18,23,30,0.0,0.0,2.5,13.0,0.0,0.0,0.0
2016,1,18,23,45,0.0,0.0,2.7,13.0,0.0,0.0,0.0
2016,1,19,0,0,0.0,0.0,2.9,13.0,0.0,0.0,0.0
2016,1,19,0,15,0.0,0.0,3.1,12.5,0.0,0.0,0.0
2016,1,19,0,30,0.0,0.0,3.3,12.0,0.0,0.0,0.0
2016,1,19,0,45,0.0,0.0,3.5,12.0,0.0,0.0,0.0
2016,1,19,1,0,0.0,0.0,3.7,12.0,0.0,0.0,0.0
2016,1,19,1,15,0.0,0.0,3.9,12.0,0.0,0.0,0.0
2016,1,19,1,30,0.0,0.0,4.1,12.0,0.0,0.0,0.0
2016,1,19,1,45,0.0,0.0,4.35,12.0,0.0,0.0,0.0
2016,1,19,2,0,0.0,0.0,4.6,12.0,0.0,0.0,0.0
2016,1,19,2,15,0.0,0.0,4.75,12.0,0.0,0.0,0.0
2016,1,19,2,30,0.0,0.0,4.9,12.0,0.0,0.0,0.0
2016,1,19,2,45,0.0,0.0,5.05,12.0,0.0,0.0,0.0
2016,1,19,3,0,0.0,0.0,5.2,12.0,0.0,0.0,0.0
2016,1,19,3,15,0.0,0.0,5.5,12.0,0.0,0.0,0.0
2016,1,19,3,30,0.0,0.0,5.8,12.0,0.0,0.0,0.0
2016,1,19,3,45,0.0,0.0,6.15,12.0,0.0,0.0,0.0
2016,1,19,4,0,0.0,0.0,6.5,12.0,0.0,0.0,0.0
2016,1,19,4,15,0.0,0.0,6.6,12.0,0.0,0.0,0.0
2016,1,19,4,30,0.0,0.0,6.7,12.0,0.0,0.0,0.0
2016,1,19,4,45,0.0,0.0,6.85,12.5,0.0,0.0,0.0
2016,1,19,5,0,0.0,0.0,7.0,13.0,0.0,0.0,0.0
2016,1,19,5,15,0.0,0.0,7.15,13.0,0.0,0.0,0.0
2016,1,19,5,30,0.0,0.0,7.3,13.0,0.0,0.0,0.0
2016,1,19,5,45,0.0,0.0,7.45,13.0,0.0,0.0,0.0
2016,1,19,6,0,0.0,0.0,7.6,13.0,0.0,0.0,0.0
2016,1,19,6,15,0.0,0.0,7.8,13.0,0.0,0.0,0.0
2016,1,19,6,30,0.0,0.0,8.0,13.0,0.0,0.0,0.0
2016,1,19,6,45,0.0,0.0,8.25,13.0,0.0,0.0,0.0
2016,1,19,7,0,0.0,0.0,8.5,13.0,0.0,0.0,0.0
2016,1,19,7,15,0.0,0.0,8.55,13.0,0.0,0.0,0.0
2016,1,19,7,30,0.0,0.0,8.6,13.0,0.0,0.0,0.0
2016,1,19,7,45,0.0,0.5,8.7,13.0,0.5,0.48,0.0
2016,1,19,8,0,0.0,1.0,8.8,13.0,1.0,0.96,0.0
2016,1,19,8,15,0.0,1.5,8.95,13.0,1.5,1.44,0.0
2016,1,19,8,30,0.0,2.0,9.1,13.0,2.0,1.93,0.0
2016,1,19,8,45,0.0,3.0,9.25,13.5,3.0,2.89,0.0
2016,1,19,9,0,0.0,4.0,9.4,14.0,4.0,3.85,0.0
2016,1,19,9,15,0.0,4.5,9.25,14.0,4.5,4.34,0.0
2016,1,19,9,30,0.0,5.0,9.1,14.0,5.0,4.82,0.0
2016,1,19,9,45,38.5,85.5,9.0,14.5,101.0,88.81,68.38
2016,1,19,10,0,77.0,166.0,8.9,15.0,197.0,171.15,136.01
2016,1,19,10,15,38.5,128.5,8.6,15.0,144.0,131.95,104.59
2016,1,19,10,30,0.0,91.0,8.3,15.0,91.0,87.78,68.5
2016,1,19,10,45,0.0,104.5,8.05,15.0,104.5,100.66,79.19
2016,1,19,11,0,0.0,118.0,7.8,15.0,118.0,113.58,89.85
2016,1,19,11,15,6.5,152.5,7.65,15.0,156.0,149.16,119.25
2016,1,19,11,30,13.0,187.0,7.5,15.0,194.0,185.27,148.92
2016,1,19,11,45,15.0,192.0,7.4,15.0,200.0,191.82,154.22
2016,1,19,12,0,17.0,197.0,7.3,15.0,206.0,198.45,159.62
2016,1,19,12,15,65.0,219.0,7.05,15.0,253.5,246.32,199.15
2016,1,19,12,30,113.0,241.0,6.8,15.0,301.0,295.33,239.39
2016,1,19,12,45,156.5,238.0,6.55,15.0,320.0,321.13,260.8
2016,1,19,13,0,200.0,235.0,6.3,15.0,339.0,345.16,280.82
2016,1,19,13,15,148.0,228.0,6.3,15.0,303.5,312.51,254.19
2016,1,19,13,30,96.0,221.0,6.3,15.0,268.0,275.03,223.49
2016,1,19,13,45,183.5,208.0,6.35,15.0,294.0,315.53,257.97
2016,1,19,14,0,271.0,195.0,6.4,15.0,320.0,355.68,291.81
2016,1,19,14,15,340.5,171.5,6.35,14.5,319.0,368.46,303.76
2016,1,19,14,30,410.0,148.0,6.3,14.0,318.0,383.97,317.72
2016,1,19,14,45,379.0,139.5,6.25,14.0,286.5,355.09,293.88
2016,1,19,15,0,348.0,131.0,6.2,14.0,255.0,320.19,264.93
2016,1,19,15,15,314.0,123.0,5.95,13.5,226.0,290.12,239.89
2016,1,19,15,30,280.0,115.0,5.7,13.0,197.0,260.69,214.94
2016,1,19,15,45,259.5,99.0,5.5,13.0,166.0,228.66,187.08
2016,1,19,16,0,239.0,83.0,5.3,13.0,135.0,196.88,158.92
2016,1,19,16,15,200.0,66.5,4.9,12.5,103.5,157.93,124.74
2016,1,19,16,30,161.0,50.0,4.5,12.0,72.0,120.81,91.69
2016,1,19,16,45,80.5,34.5,4.15,12.0,45.5,74.41,49.2
2016,1,19,17,0,0.0,19.0,3.8,12.0,19.0,19.6,0.0
2016,1,19,17,15,0.0,9.5,3.6,12.0,9.5,9.34,0.0
2016,1,19,17,30,0.0,0.0,3.4,12.0,0.0,0.0,0.0
2016,1,19,17,45,0.0,0.0,3.25,12.0,0.0,0.0,0.0
2016,1,19,18,0,0.0,0.0,3.1,12.0,0.0,0.0,0.0
2016,1,19,18,15,0.0,0.0,2.95,12.0,0.0,0.0,0.0
2016,1,19,18,30,0.0,0.0,2.8,12.0,0.0,0.0,0.0
2016,1,19,18,45,0.0,0.0,2.65,12.0,0.0,0.0,0.0
2016,1,19,19,0,0.0,0.0,2.5,12.0,0.0,0.0,0.0
2016,1,19,19,15,0.0,0.0,2.3,11.5,0.0,0.0,0.0
2016,1,19,19,30,0.0,0.0,2.1,11.0,0.0,0.0,0.0
2016,1,19,19,45,0.0,0.0,1.95,11.0,0.0,0.0,0.0
2016,1,19,20,0,0.0,0.0,1.8,11.0,0.0,0.0,0.0
2016,1,19,20,15,0.0,0.0,1.7,11.0,0.0,0.0,0.0
2016,1,19,20,30,0.0,0.0,1.6,11.0,0.0,0.0,0.0
2016,1,19,20,45,0.0,0.0,1.5,11.0,0.0,0.0,0.0
2016,1,19,21,0,0.0,0.0,1.4,11.0,0.0,0.0,0.0
2016,1,19,21,15,0.0,0.0,1.45,11.0,0.0,0.0,0.0
2016,1,19,21,30,0.0,0.0,1.5,11.0,0.0,0.0,0.0
2016,1,19,21,45,0.0,0.0,1.55,11.0,0.0,0.0,0.0
2016,1,19,22,0,0.0,0.0,1.6,11.0,0.0,0.0,0.0
2016,1,19,22,15,0.0,0.0,1.65,10.5,0.0,0.0,0.0
2016,1,19,22,30,0.0,0.0,1.7,10.0,0.0,0.0,0.0
2016,1,19,22,45,0.0,0.0,1.8,10.0,0.0,0.0,0.0
2016,1,19,23,0,0.0,0.0,1.9,10.0,0.0,0.0,0.0
2016,1,19,23,15,0.0,0.0,1.95,10.0,0.0,0.0,0.0
2016,1,19,23,30,0.0,0.0,2.0,10.0,0.0,0.0,0.0
2016,1,19,23,45,0.0,0.0,2.15,10.0,0.0,0.0,0.0
2016,1,20,0,0,0.0,0.0,2.3,10.0,0.0,0.0,0.0
2016,1,20,0,15,0.0,0.0,2.35,10.0,0.0,0.0,0.0
2016,1,20,0,30,0.0,0.0,2.4,10.0,0.0,0.0,0.0
2016,1,20,0,45,0.0,0.0,2.5,10.0,0.0,0.0,0.0
2016,1,20,1,0,0.0,0.0,2.6,10.0,0.0,0.0,0.0
2016,1,20,1,15,0.0,0.0,2.6,10.0,0.0,0.0,0.0
2016,1,20,1,30,0.0,0.0,2.6,10.0,0.0,0.0,0.0
2016,1,20,1,45,0.0,0.0,2.6,10.0,0.0,0.0,0.0
2016,1,20,2,0,0.0,0.0,2.6,10.0,0.0,0.0,0.0
2016,1,20,2,15,0.0,0.0,2.55,10.0,0.0,0.0,0.0
2016,1,20,2,30,0.0,0.0,2.5,10.0,0.0,0.0,0.0
2016,1,20,2,45,0.0,0.0,2.45,10.0,0.0,0.0,0.0
2016,1,20,3,0,0.0,0.0,2.4,10.0,0.0,0.0,0.0
2016,1,20,3,15,0.0,0.0,2.25,10.0,0.0,0.0,0.0
2016,1,20,3,30,0.0,0.0,2.1,10.0,0.0,0.0,0.0
2016,1,20,3,45,0.0,0.0,2.0,10.0,0.0,0.0,0.0
2016,1,20,4,0,0.0,0.0,1.9,10.0,0.0,0.0,0.0
2016,1,20,4,15,0.0,0.0,1.7,10.0,0.0,0.0,0.0
2016,1,20,4,30,0.0,0.0,1.5,10.0,0.0,0.0,0.0
2016,1,20,4,45,0.0,0.0,1.3,10.0,0.0,0.0,0.0
2016,1,20,5,0,0.0,0.0,1.1,10.0,0.0,0.0,0.0
2016,1,20,5,15,0.0,0.0,0.9,10.0,0.0,0.0,0.0
2016,1,20,5,30,0.0,0.0,0.7,10.0,0.0,0.0,0.0
2016,1,20,5,45,0.0,0.0,0.55,10.0,0.0,0.0,0.0
2016,1,20,6,0,0.0,0.0,0.4,10.0,0.0,0.0,0.0
2016,1,20,6,15,0.0,0.0,0.55,10.0,0.0,0.0,0.0
2016,1,20,6,30,0.0,0.0,0.7,10.0,0.0,0.0,0.0
2016,1,20,6,45,0.0,0.0,0.9,10.0,0.0,0.0,0.0
2016,1,20,7,0,0.0,0.0,1.1,10.0,0.0,0.0,0.0
2016,1,20,7,15,0.0,0.0,1.2,10.0,0.0,0.0,0.0
2016,1,20,7,30,0.0,0.0,1.3,10.0,0.0,0.0,0.0
2016,1,20,7,45,2.5,17.0,1.45,10.0,17.5,16.41,0.0
2016,1,20,8,0,5.0,34.0,1.6,10.0,35.0,31.85,21.32
2016,1,20,8,15,18.0,51.5,1.75,10.0,55.0,46.06,35.17
2016,1,20,8,30,31.0,69.0,1.9,10.0,75.0,60.63,48.8
2016,1,20,8,45,39.0,86.5,2.05,10.5,96.0,76.87,59.76
2016,1,20,9,0,47.0,104.0,2.2,11.0,117.0,95.6,74.76
2016,1,20,9,15,52.5,119.5,2.25,11.0,136.0,113.34,89.31
2016,1,20,9,30,58.0,135.0,2.3,11.0,155.0,131.57,104.42
2016,1,20,9,45,206.0,142.0,2.4,11.5,222.0,167.59,128.66
2016,1,20,10,0,354.0,149.0,2.5,12.0,289.0,220.68,168.35
2016,1,20,10,15,199.0,166.0,2.45,12.0,246.0,209.31,164.95
2016,1,20,10,30,44.0,183.0,2.4,12.0,203.0,185.05,149.13
2016,1,20,10,45,207.0,187.0,2.35,12.5,287.5,248.83,198.66
2016,1,20,11,0,370.0,191.0,2.3,13.0,372.0,323.67,257.28
2016,1,20,11,15,467.5,174.0,2.15,13.0,410.0,361.77,287.85
2016,1,20,11,30,565.0,157.0,2.0,13.0,448.0,404.07,321.93
2016,1,20,11,45,542.0,167.5,1.95,13.5,450.5,419.21,334.26
2016,1,20,12,0,519.0,178.0,1.9,14.0,453.0,431.89,344.37
2016,1,20,12,15,593.0,155.0,1.75,14.0,470.0,460.47,367.39
2016,1,20,12,30,667.0,132.0,1.6,14.0,487.0,487.9,389.23
2016,1,20,12,45,586.5,155.0,1.45,14.5,464.5,477.71,380.16
2016,1,20,13,0,506.0,178.0,1.3,15.0,442.0,462.43,367.21
2016,1,20,13,15,688.5,125.0,1.25,15.0,475.0,516.79,410.55
2016,1,20,13,30,871.0,72.0,1.2,15.0,508.0,564.45,447.78
2016,1,20,13,45,698.0,109.5,1.15,15.0,449.5,510.99,406.1
2016,1,20,14,0,525.0,147.0,1.1,15.0,391.0,451.23,359.89
2016,1,20,14,15,553.0,131.0,1.1,15.0,374.5,447.66,358.28
2016,1,20,14,30,581.0,115.0,1.1,15.0,358.0,444.14,355.98
2016,1,20,14,45,493.5,119.0,1.1,15.0,314.0,394.02,316.82
2016,1,20,15,0,406.0,123.0,1.1,15.0,270.0,347.68,280.24
2016,1,20,15,15,390.0,112.0,1.1,14.5,240.5,321.63,259.95
2016,1,20,15,30,374.0,101.0,1.1,14.0,211.0,294.97,238.4
2016,1,20,15,45,348.5,88.0,1.1,14.0,178.5,261.48,210.28
2016,1,20,16,0,323.0,75.0,1.1,14.0,146.0,228.26,181.68
2016,1,20,16,15,289.0,60.0,1.05,13.5,113.0,190.03,148.59
2016,1,20,16,30,255.0,45.0,1.0,13.0,80.0,153.1,115.73
2016,1,20,16,45,127.5,33.5,1.0,13.0,51.0,87.35,58.76
2016,1,20,17,0,0.0,22.0,1.0,13.0,22.0,23.44,0.0
2016,1,20,17,15,0.0,11.0,0.9,13.0,11.0,10.81,0.0
2016,1,20,17,30,0.0,0.0,0.8,13.0,0.0,0.0,0.0
2016,1,20,17,45,0.0,0.0,0.75,13.0,0.0,0.0,0.0
2016,1,20,18,0,0.0,0.0,0.7,13.0,0.0,0.0,0.0
2016,1,20,18,15,0.0,0.0,0.65,12.5,0.0,0.0,0.0
2016,1,20,18,30,0.0,0.0,0.6,12.0,0.0,0.0,0.0
2016,1,20,18,45,0.0,0.0,0.55,12.0,0.0,0.0,0.0
2016,1,20,19,0,0.0,0.0,0.5,12.0,0.0,0.0,0.0
2016,1,20,19,15,0.0,0.0,0.6,12.0,0.0,0.0,0.0
2016,1,20,19,30,0.0,0.0,0.7,12.0,0.0,0.0,0.0
2016,1,20,19,45,0.0,0.0,0.85,12.0,0.0,0.0,0.0
2016,1,20,20,0,0.0,0.0,1.0,12.0,0.0,0.0,0.0
2016,1,20,20,15,0.0,0.0,1.15,12.0,0.0,0.0,0.0
2016,1,20,20,30,0.0,0.0,1.3,12.0,0.0,0.0,0.0
2016,1,20,20,45,0.0,0.0,1.45,12.0,0.0,0.0,0.0
2016,1,20,21,0,0.0,0.0,1.6,12.0,0.0,0.0,0.0
2016,1,20,21,15,0.0,0.0,1.65,11.5,0.0,0.0,0.0
2016,1,20,21,30,0.0,0.0,1.7,11.0,0.0,0.0,0.0
2016,1,20,21,45,0.0,0.0,1.8,11.0,0.0,0.0,0.0
2016,1,20,22,0,0.0,0.0,1.9,11.0,0.0,0.0,0.0
2016,1,20,22,15,0.0,0.0,1.95,11.0,0.0,0.0,0.0
2016,1,20,22,30,0.0,0.0,2.0,11.0,0.0,0.0,0.0
2016,1,20,22,45,0.0,0.0,2.1,11.0,0.0,0.0,0.0
2016,1,20,23,0,0.0,0.0,2.2,11.0,0.0,0.0,0.0
2016,1,20,23,15,0.0,0.0,2.3,11.0,0.0,0.0,0.0
2016,1,20,23,30,0.0,0.0,2.4,11.0,0.0,0.0,0.0
2016,1,20,23,45,0.0,0.0,2.5,11.0,0.0,0.0,0.0
2016,1,21,0,0,0.0,0.0,2.6,11.0,0.0,0.0,0.0
2016,1,21,0,15,0.0,0.0,2.65,11.0,0.0,0.0,0.0
2016,1,21,0,30,0.0,0.0,2.7,11.0,0.0,0.0,0.0
2016,1,21,0,45,0.0,0.0,2.8,11.0,0.0,0.0,0.0
2016,1,21,1,0,0.0,0.0,2.9,11.0,0.0,0.0,0.0
2016,1,21,1,15,0.0,0.0,2.95,10.5,0.0,0.0,0.0
2016,1,21,1,30,0.0,0.0,3.0,10.0,0.0,0.0,0.0
2016,1,21,1,45,0.0,0.0,3.05,10.0,0.0,0.0,0.0
2016,1,21,2,0,0.0,0.0,3.1,10.0,0.0,0.0,0.0
2016,1,21,2,15,0.0,0.0,3.15,10.0,0.0,0.0,0.0
2016,1,21,2,30,0.0,0.0,3.2,10.0,0.0,0.0,0.0
2016,1,21,2,45,0.0,0.0,3.25,10.0,0.0,0.0,0.0
2016,1,21,3,0,0.0,0.0,3.3,10.0,0.0,0.0,0.0
2016,1,21,3,15,0.0,0.0,3.4,10.0,0.0,0.0,0.0
2016,1,21,3,30,0.0,0.0,3.5,10.0,0.0,0.0,0.0
2016,1,21,3,45,0.0,0.0,3.6,10.0,0.0,0.0,0.0
2016,1,21,4,0,0.0,0.0,3.7,10.0,0.0,0.0,0.0
2016,1,21,4,15,0.0,0.0,3.8,10.0,0.0,0.0,0.0
2016,1,21,4,30,0.0,0.0,3.9,10.0,0.0,0.0,0.0
2016,1,21,4,45,0.0,0.0,4.0,10.0,0.0,0.0,0.0
2016,1,21,5,0,0.0,0.0,4.1,10.0,0.0,0.0,0.0
2016,1,21,5,15,0.0,0.0,4.1,10.0,0.0,0.0,0.0
2016,1,21,5,30,0.0,0.0,4.1,10.0,0.0,0.0,0.0
2016,1,21,5,45,0.0,0.0,4.2,10.0,0.0,0.0,0.0
2016,1,21,6,0,0.0,0.0,4.3,10.0,0.0,0.0,0.0
2016,1,21,6,15,0.0,0.0,4.25,10.0,0.0,0.0,0.0
2016,1,21,6,30,0.0,0.0,4.2,10.0,0.0,0.0,0.0
2016,1,21,6,45,0.0,0.0,4.2,10.0,0.0,0.0,0.0
2016,1,21,7,0,0.0,0.0,4.2,10.0,0.0,0.0,0.0
2016,1,21,7,15,0.0,0.0,4.25,10.0,0.0,0.0,0.0
2016,1,21,7,30,0.0,0.0,4.3,10.0,0.0,0.0,0.0
2016,1,21,7,45,176.0,16.5,4.35,10.5,34.5,12.29,0.0
2016,1,21,8,0,352.0,33.0,4.4,11.0,69.0,25.65,16.06
2016,1,21,8,15,439.0,41.0,4.3,11.0,109.0,30.46,21.28
2016,1,21,8,30,526.0,49.0,4.2,11.0,149.0,35.12,25.86
2016,1,21,8,45,586.0,54.0,4.15,11.5,190.5,54.44,30.11
2016,1,21,9,0,646.0,59.0,4.1,12.0,232.0,92.27,49.15
2016,1,21,9,15,682.0,63.0,3.95,12.5,271.0,133.87,78.62
2016,1,21,9,30,718.0,67.0,3.8,13.0,310.0,174.89,111.61
2016,1,21,9,45,744.0,69.5,3.7,13.5,345.0,214.53,146.05
2016,1,21,10,0,770.0,72.0,3.6,14.0,380.0,255.11,182.16
2016,1,21,10,15,667.5,101.5,3.65,14.5,383.0,282.51,211.15
2016,1,21,10,30,565.0,131.0,3.7,15.0,386.0,302.84,232.81
2016,1,21,10,45,628.0,121.0,3.8,15.5,417.5,338.2,262.61
2016,1,21,11,0,691.0,111.0,3.9,16.0,449.0,375.59,293.96
2016,1,21,11,15,666.0,122.5,4.0,16.0,458.0,398.58,314.84
2016,1,21,11,30,641.0,134.0,4.1,16.0,467.0,418.56,332.77
2016,1,21,11,45,631.0,141.0,4.2,16.0,473.0,438.35,350.1
2016,1,21,12,0,621.0,148.0,4.3,16.0,479.0,455.94,365.37
2016,1,21,12,15,490.0,184.0,4.3,16.0,445.5,436.17,350.23
2016,1,21,12,30,359.0,220.0,4.3,16.0,412.0,409.79,329.31
2016,1,21,12,45,249.0,230.0,4.35,16.0,363.0,366.83,295.19
2016,1,21,13,0,139.0,240.0,4.4,16.0,314.0,317.71,255.52
2016,1,21,13,15,286.5,213.0,4.4,15.5,359.5,378.72,306.9
2016,1,21,13,30,434.0,186.0,4.4,15.0,405.0,440.52,358.29
2016,1,21,13,45,308.5,196.5,4.45,15.0,349.0,378.79,308.36
2016,1,21,14,0,183.0,207.0,4.5,15.0,293.0,316.5,257.55
2016,1,21,14,15,254.0,186.5,4.55,15.0,298.0,339.19,277.2
2016,1,21,14,30,325.0,166.0,4.6,15.0,303.0,354.84,290.82
2016,1,21,14,45,246.0,159.5,4.7,15.0,258.5,304.01,249.18
2016,1,21,15,0,167.0,153.0,4.8,15.0,214.0,249.52,204.25
2016,1,21,15,15,158.0,137.5,4.8,14.5,190.0,226.8,185.84
2016,1,21,15,30,149.0,122.0,4.8,14.0,166.0,203.89,166.84
2016,1,21,15,45,137.5,104.5,4.85,14.0,140.5,177.39,144.17
2016,1,21,16,0,126.0,87.0,4.9,14.0,115.0,150.96,121.14
2016,1,21,16,15,107.0,69.0,4.9,14.0,89.0,121.12,94.96
2016,1,21,16,30,88.0,51.0,4.9,14.0,63.0,91.86,69.03
2016,1,21,16,45,44.0,34.5,4.95,14.0,40.5,57.32,38.1
2016,1,21,17,0,0.0,18.0,5.0,14.0,18.0,17.92,0.0
2016,1,21,17,15,0.0,9.0,5.05,13.5,9.0,8.85,0.0
2016,1,21,17,30,0.0,0.0,5.1,13.0,0.0,0.0,0.0
2016,1,21,17,45,0.0,0.0,5.2,13.0,0.0,0.0,0.0
2016,1,21,18,0,0.0,0.0,5.3,13.0,0.0,0.0,0.0
2016,1,21,18,15,0.0,0.0,5.4,13.0,0.0,0.0,0.0
2016,1,21,18,30,0.0,0.0,5.5,13.0,0.0,0.0,0.0
2016,1,21,18,45,0.0,0.0,5.6,13.0,0.0,0.0,0.0
2016,1,21,19,0,0.0,0.0,5.7,13.0,0.0,0.0,0.0
2016,1,21,19,15,0.0,0.0,6.0,13.0,0.0,0.0,0.0
2016,1,21,19,30,0.0,0.0,6.3,13.0,0.0,0.0,0.0
2016,1,21,19,45,0.0,0.0,6.6,13.0,0.0,0.0,0.0
2016,1,21,20,0,0.0,0.0,6.9,13.0,0.0,0.0,0.0
2016,1,21,20,15,0.0,0.0,6.95,13.0,0.0,0.0,0.0
2016,1,21,20,30,0.0,0.0,7.0,13.0,0.0,0.0,0.0
2016,1,21,20,45,0.0,0.0,7.05,13.0,0.0,0.0,0.0
2016,1,21,21,0,0.0,0.0,7.1,13.0,0.0,0.0,0.0
2016,1,21,21,15,0.0,0.0,7.15,13.0,0.0,0.0,0.0
2016,1,21,21,30,0.0,0.0,7.2,13.0,0.0,0.0,0.0
2016,1,21,21,45,0.0,0.0,7.25,13.0,0.0,0.0,0.0
2016,1,21,22,0,0.0,0.0,7.3,13.0,0.0,0.0,0.0
2016,1,21,22,15,0.0,0.0,7.25,13.0,0.0,0.0,0.0
2016,1,21,22,30,0.0,0.0,7.2,13.0,0.0,0.0,0.0
2016,1,21,22,45,0.0,0.0,7.15,13.0,0.0,0.0,0.0
2016,1,21,23,0,0.0,0.0,7.1,13.0,0.0,0.0,0.0
2016,1,21,23,15,0.0,0.0,6.9,13.0,0.0,0.0,0.0
2016,1,21,23,30,0.0,0.0,6.7,13.0,0.0,0.0,0.0
2016,1,21,23,45,0.0,0.0,6.55,13.0,0.0,0.0,0.0
2016,1,22,0,0,0.0,0.0,6.4,13.0,0.0,0.0,0.0
2016,1,22,0,15,0.0,0.0,6.4,13.0,0.0,0.0,0.0
2016,1,22,0,30,0.0,0.0,6.4,13.0,0.0,0.0,0.0
2016,1,22,0,45,0.0,0.0,6.45,13.0,0.0,0.0,0.0
2016,1,22,1,0,0.0,0.0,6.5,13.0,0.0,0.0,0.0
2016,1,22,1,15,0.0,0.0,6.45,13.0,0.0,0.0,0.0
2016,1,22,1,30,0.0,0.0,6.4,13.0,0.0,0.0,0.0
2016,1,22,1,45,0.0,0.0,6.4,13.0,0.0,0.0,0.0
2016,1,22,2,0,0.0,0.0,6.4,13.0,0.0,0.0,0.0
2016,1,22,2,15,0.0,0.0,6.6,13.0,0.0,0.0,0.0
2016,1,22,2,30,0.0,0.0,6.8,13.0,0.0,0.0,0.0
2016,1,22,2,45,0.0,0.0,7.05,13.0,0.0,0.0,0.0
2016,1,22,3,0,0.0,0.0,7.3,13.0,0.0,0.0,0.0
2016,1,22,3,15,0.0,0.0,7.35,13.0,0.0,0.0,0.0
2016,1,22,3,30,0.0,0.0,7.4,13.0,0.0,0.0,0.0
2016,1,22,3,45,0.0,0.0,7.5,13.0,0.0,0.0,0.0
2016,1,22,4,0,0.0,0.0,7.6,13.0,0.0,0.0,0.0
2016,1,22,4,15,0.0,0.0,7.6,13.0,0.0,0.0,0.0
2016,1,22,4,30,0.0,0.0,7.6,13.0,0.0,0.0,0.0
2016,1,22,4,45,0.0,0.0,7.65,13.0,0.0,0.0,0.0
2016,1,22,5,0,0.0,0.0,7.7,13.0,0.0,0.0,0.0
2016,1,22,5,15,0.0,0.0,7.65,13.0,0.0,0.0,0.0
2016,1,22,5,30,0.0,0.0,7.6,13.0,0.0,0.0,0.0
2016,1,22,5,45,0.0,0.0,7.55,13.0,0.0,0.0,0.0
2016,1,22,6,0,0.0,0.0,7.5,13.0,0.0,0.0,0.0
2016,1,22,6,15,0.0,0.0,7.4,13.0,0.0,0.0,0.0
2016,1,22,6,30,0.0,0.0,7.3,13.0,0.0,0.0,0.0
2016,1,22,6,45,0.0,0.0,7.2,13.0,0.0,0.0,0.0
2016,1,22,7,0,0.0,0.0,7.1,13.0,0.0,0.0,0.0
2016,1,22,7,15,0.0,0.0,6.9,13.0,0.0,0.0,0.0
2016,1,22,7,30,0.0,0.0,6.7,13.0,0.0,0.0,0.0
2016,1,22,7,45,0.0,7.5,6.55,13.0,7.5,7.23,0.0
2016,1,22,8,0,0.0,15.0,6.4,13.0,15.0,14.47,6.55
2016,1,22,8,15,0.0,23.5,6.4,13.0,23.5,22.68,14.27
2016,1,22,8,30,0.0,32.0,6.4,13.0,32.0,30.89,21.87
2016,1,22,8,45,0.0,41.5,6.4,13.5,41.5,40.08,28.59
2016,1,22,9,0,0.0,51.0,6.4,14.0,51.0,49.27,36.48
2016,1,22,9,15,0.0,59.5,6.5,14.0,59.5,57.5,43.52
2016,1,22,9,30,0.0,68.0,6.6,14.0,68.0,65.71,50.47
2016,1,22,9,45,4.5,106.5,6.75,14.0,108.5,102.22,81.11
2016,1,22,10,0,9.0,145.0,6.9,14.0,149.0,138.86,111.61
2016,1,22,10,15,4.5,143.0,6.95,14.0,145.0,136.99,110.01
2016,1,22,10,30,0.0,141.0,7.0,14.0,141.0,134.49,107.85
2016,1,22,10,45,0.0,142.0,7.05,14.0,142.0,135.88,108.85
2016,1,22,11,0,0.0,143.0,7.1,14.0,143.0,137.19,109.79
2016,1,22,11,15,14.0,174.5,7.2,14.0,182.0,173.16,139.45
2016,1,22,11,30,28.0,206.0,7.3,14.0,221.0,210.13,169.84
2016,1,22,11,45,20.5,200.0,7.4,14.0,211.5,202.2,163.25
2016,1,22,12,0,13.0,194.0,7.5,14.0,202.0,193.71,156.22
2016,1,22,12,15,8.0,184.0,7.3,14.0,189.0,182.18,146.65
2016,1,22,12,30,3.0,174.0,7.1,14.0,176.0,170.32,136.81
2016,1,22,12,45,1.5,126.0,6.9,14.0,127.0,122.95,97.6
2016,1,22,13,0,0.0,78.0,6.7,14.0,78.0,75.44,57.97
2016,1,22,13,15,2.0,123.5,6.45,14.0,124.5,121.05,96.19
2016,1,22,13,30,4.0,169.0,6.2,14.0,171.0,167.59,134.89
2016,1,22,13,45,3.0,163.0,5.95,14.0,164.5,161.49,129.92
2016,1,22,14,0,2.0,157.0,5.7,14.0,158.0,155.4,125.01
2016,1,22,14,15,1.0,135.0,5.6,14.0,135.5,133.01,106.56
2016,1,22,14,30,0.0,113.0,5.5,14.0,113.0,110.54,87.94
2016,1,22,14,45,0.0,112.5,5.45,14.0,112.5,110.47,88.05
2016,1,22,15,0,0.0,112.0,5.4,14.0,112.0,110.6,88.3
2016,1,22,15,15,0.0,99.5,5.35,13.5,99.5,98.31,78.2
2016,1,22,15,30,0.0,87.0,5.3,13.0,87.0,85.98,67.93
2016,1,22,15,45,0.0,73.5,5.3,13.0,73.5,72.55,56.45
2016,1,22,16,0,0.0,60.0,5.3,13.0,60.0,59.05,44.77
2016,1,22,16,15,0.0,46.5,5.2,13.0,46.5,45.47,32.91
2016,1,22,16,30,0.0,33.0,5.1,13.0,33.0,31.87,20.97
2016,1,22,16,45,0.0,21.0,5.1,13.0,21.0,20.27,10.39
2016,1,22,17,0,0.0,9.0,5.1,13.0,9.0,8.68,0.0
2016,1,22,17,15,0.0,4.5,5.1,13.0,4.5,4.42,0.0
2016,1,22,17,30,0.0,0.0,5.1,13.0,0.0,0.0,0.0
2016,1,22,17,45,0.0,0.0,5.2,13.0,0.0,0.0,0.0
2016,1,22,18,0,0.0,0.0,5.3,13.0,0.0,0.0,0.0
2016,1,22,18,15,0.0,0.0,5.4,13.0,0.0,0.0,0.0
2016,1,22,18,30,0.0,0.0,5.5,13.0,0.0,0.0,0.0
2016,1,22,18,45,0.0,0.0,5.6,13.0,0.0,0.0,0.0
2016,1,22,19,0,0.0,0.0,5.7,13.0,0.0,0.0,0.0
2016,1,22,19,15,0.0,0.0,5.9,13.0,0.0,0.0,0.0
2016,1,22,19,30,0.0,0.0,6.1,13.0,0.0,0.0,0.0
2016,1,22,19,45,0.0,0.0,6.35,13.0,0.0,0.0,0.0
2016,1,22,20,0,0.0,0.0,6.6,13.0,0.0,0.0,0.0
2016,1,22,20,15,0.0,0.0,6.6,13.0,0.0,0.0,0.0
2016,1,22,20,30,0.0,0.0,6.6,13.0,0.0,0.0,0.0
2016,1,22,20,45,0.0,0.0,6.65,13.0,0.0,0.0,0.0
2016,1,22,21,0,0.0,0.0,6.7,13.0,0.0,0.0,0.0
2016,1,22,21,15,0.0,0.0,6.75,13.0,0.0,0.0,0.0
2016,1,22,21,30,0.0,0.0,6.8,13.0,0.0,0.0,0.0
2016,1,22,21,45,0.0,0.0,6.85,13.0,0.0,0.0,0.0
2016,1,22,22,0,0.0,0.0,6.9,13.0,0.0,0.0,0.0
2016,1,22,22,15,0.0,0.0,6.7,12.5,0.0,0.0,0.0
2016,1,22,22,30,0.0,0.0,6.5,12.0,0.0,0.0,0.0
2016,1,22,22,45,0.0,0.0,6.3,12.0,0.0,0.0,0.0
2016,1,22,23,0,0.0,0.0,6.1,12.0,0.0,0.0,0.0
2016,1,22,23,15,0.0,0.0,5.95,12.0,0.0,0.0,0.0
2016,1,22,23,30,0.0,0.0,5.8,12.0,0.0,0.0,0.0
2016,1,22,23,45,0.0,0.0,5.65,12.0,0.0,0.0,0.0
2016,1,23,0,0,0.0,0.0,5.5,12.0,0.0,0.0,0.0
2016,1,23,0,15,0.0,0.0,5.45,11.5,0.0,0.0,0.0
2016,1,23,0,30,0.0,0.0,5.4,11.0,0.0,0.0,0.0
2016,1,23,0,45,0.0,0.0,5.35,11.0,0.0,0.0,0.0
2016,1,23,1,0,0.0,0.0,5.3,11.0,0.0,0.0,0.0
2016,1,23,1,15,0.0,0.0,5.35,11.0,0.0,0.0,0.0
2016,1,23,1,30,0.0,0.0,5.4,11.0,0.0,0.0,0.0
2016,1,23,1,45,0.0,0.0,5.45,11.0,0.0,0.0,0.0
2016,1,23,2,0,0.0,0.0,5.5,11.0,0.0,0.0,0.0
2016,1,23,2,15,0.0,0.0,5.55,11.0,0.0,0.0,0.0
2016,1,23,2,30,0.0,0.0,5.6,11.0,0.0,0.0,0.0
2016,1,23,2,45,0.0,0.0,5.7,11.0,0.0,0.0,0.0
2016,1,23,3,0,0.0,0.0,5.8,11.0,0.0,0.0,0.0
2016,1,23,3,15,0.0,0.0,5.8,11.0,0.0,0.0,0.0
2016,1,23,3,30,0.0,0.0,5.8,11.0,0.0,0.0,0.0
2016,1,23,3,45,0.0,0.0,5.8,11.0,0.0,0.0,0.0
2016,1,23,4,0,0.0,0.0,5.8,11.0,0.0,0.0,0.0
2016,1,23,4,15,0.0,0.0,5.7,11.0,0.0,0.0,0.0
2016,1,23,4,30,0.0,0.0,5.6,11.0,0.0,0.0,0.0
2016,1,23,4,45,0.0,0.0,5.6,11.0,0.0,0.0,0.0
2016,1,23,5,0,0.0,0.0,5.6,11.0,0.0,0.0,0.0
2016,1,23,5,15,0.0,0.0,5.55,10.5,0.0,0.0,0.0
2016,1,23,5,30,0.0,0.0,5.5,10.0,0.0,0.0,0.0
2016,1,23,5,45,0.0,0.0,5.5,10.0,0.0,0.0,0.0
2016,1,23,6,0,0.0,0.0,5.5,10.0,0.0,0.0,0.0
2016,1,23,6,15,0.0,0.0,5.5,10.0,0.0,0.0,0.0
2016,1,23,6,30,0.0,0.0,5.5,10.0,0.0,0.0,0.0
2016,1,23,6,45,0.0,0.0,5.55,10.0,0.0,0.0,0.0
2016,1,23,7,0,0.0,0.0,5.6,10.0,0.0,0.0,0.0
2016,1,23,7,15,0.0,0.0,5.8,10.5,0.0,0.0,0.0
2016,1,23,7,30,0.0,0.0,6.0,11.0,0.0,0.0,0.0
2016,1,23,7,45,53.0,24.5,6.2,11.5,30.0,21.55,5.19
2016,1,23,8,0,106.0,49.0,6.4,12.0,60.0,39.56,27.91
2016,1,23,8,15,187.0,66.0,6.5,12.0,97.5,52.51,40.6
2016,1,23,8,30,268.0,83.0,6.6,12.0,135.0,65.08,52.41
2016,1,23,8,45,311.0,98.5,6.75,12.0,173.0,88.07,63.29
2016,1,23,9,0,354.0,114.0,6.9,12.0,211.0,119.26,82.85
2016,1,23,9,15,399.5,123.5,6.9,12.0,248.5,151.67,106.34
2016,1,23,9,30,445.0,133.0,6.9,12.0,286.0,187.68,135.06
2016,1,23,9,45,549.0,121.0,6.95,12.0,329.5,220.45,160.33
2016,1,23,10,0,653.0,109.0,7.0,12.0,373.0,260.79,193.62
2016,1,23,10,15,511.0,142.5,6.95,12.0,358.5,277.04,214.53
2016,1,23,10,30,369.0,176.0,6.9,12.0,344.0,283.19,225.16
2016,1,23,10,45,184.5,155.5,6.9,12.0,239.5,212.41,171.05
2016,1,23,11,0,0.0,135.0,6.9,12.0,135.0,129.68,104.24
2016,1,23,11,15,177.0,174.5,6.85,12.0,267.5,242.22,197.34
2016,1,23,11,30,354.0,214.0,6.8,12.0,400.0,366.16,299.02
2016,1,23,11,45,192.5,215.0,6.8,12.0,316.5,299.98,245.4
2016,1,23,12,0,31.0,216.0,6.8,12.0,233.0,224.7,182.89
2016,1,23,12,15,23.5,208.5,6.8,12.0,221.5,213.97,174.09
2016,1,23,12,30,16.0,201.0,6.8,12.0,210.0,203.59,165.48
2016,1,23,12,45,8.0,171.0,6.8,12.0,175.5,170.51,138.04
2016,1,23,13,0,0.0,141.0,6.8,12.0,141.0,136.96,110.05
2016,1,23,13,15,10.5,168.0,6.85,12.0,173.5,169.8,137.75
2016,1,23,13,30,21.0,195.0,6.9,12.0,206.0,203.3,165.88
2016,1,23,13,45,162.5,196.0,6.95,12.0,274.0,293.21,242.71
2016,1,23,14,0,304.0,197.0,7.0,12.0,342.0,379.72,315.67
2016,1,23,14,15,252.0,191.0,7.0,12.0,306.5,344.51,286.37
2016,1,23,14,30,200.0,185.0,7.0,12.0,271.0,304.25,252.9
2016,1,23,14,45,122.5,167.0,7.05,12.0,218.5,242.74,201.25
2016,1,23,15,0,45.0,149.0,7.1,12.0,166.0,177.77,146.19
2016,1,23,15,15,39.0,134.0,6.95,12.0,147.5,159.26,130.66
2016,1,23,15,30,33.0,119.0,6.8,12.0,129.0,140.84,115.0
2016,1,23,15,45,278.0,93.5,6.7,12.0,158.5,233.46,193.06
2016,1,23,16,0,523.0,68.0,6.6,12.0,188.0,309.46,253.12
2016,1,23,16,15,445.5,59.5,6.4,11.5,146.0,254.42,204.4
2016,1,23,16,30,368.0,51.0,6.2,11.0,104.0,202.79,158.12
2016,1,23,16,45,257.5,37.5,6.05,10.5,68.5,141.18,102.39
2016,1,23,17,0,147.0,24.0,5.9,10.0,33.0,79.56,18.42
2016,1,23,17,15,73.5,12.0,5.75,10.0,16.5,30.24,0.0
2016,1,23,17,30,0.0,0.0,5.6,10.0,0.0,0.0,0.0
2016,1,23,17,45,0.0,0.0,5.45,10.0,0.0,0.0,0.0
2016,1,23,18,0,0.0,0.0,5.3,10.0,0.0,0.0,0.0
2016,1,23,18,15,0.0,0.0,5.2,10.0,0.0,0.0,0.0
2016,1,23,18,30,0.0,0.0,5.1,10.0,0.0,0.0,0.0
2016,1,23,18,45,0.0,0.0,5.0,10.0,0.0,0.0,0.0
2016,1,23,19,0,0.0,0.0,4.9,10.0,0.0,0.0,0.0
2016,1,23,19,15,0.0,0.0,4.85,9.5,0.0,0.0,0.0
2016,1,23,19,30,0.0,0.0,4.8,9.0,0.0,0.0,0.0
2016,1,23,19,45,0.0,0.0,4.8,9.0,0.0,0.0,0.0
2016,1,23,20,0,0.0,0.0,4.8,9.0,0.0,0.0,0.0
2016,1,23,20,15,0.0,0.0,4.75,9.0,0.0,0.0,0.0
2016,1,23,20,30,0.0,0.0,4.7,9.0,0.0,0.0,0.0
2016,1,23,20,45,0.0,0.0,4.7,9.0,0.0,0.0,0.0
2016,1,23,21,0,0.0,0.0,4.7,9.0,0.0,0.0,0.0
2016,1,23,21,15,0.0,0.0,4.6,9.0,0.0,0.0,0.0
2016,1,23,21,30,0.0,0.0,4.5,9.0,0.0,0.0,0.0
2016,1,23,21,45,0.0,0.0,4.45,9.0,0.0,0.0,0.0
2016,1,23,22,0,0.0,0.0,4.4,9.0,0.0,0.0,0.0
2016,1,23,22,15,0.0,0.0,4.3,9.0,0.0,0.0,0.0
2016,1,23,22,30,0.0,0.0,4.2,9.0,0.0,0.0,0.0
2016,1,23,22,45,0.0,0.0,4.15,9.0,0.0,0.0,0.0
2016,1,23,23,0,0.0,0.0,4.1,9.0,0.0,0.0,0.0
2016,1,23,23,15,0.0,0.0,4.05,9.0,0.0,0.0,0.0
2016,1,23,23,30,0.0,0.0,4.0,9.0,0.0,0.0,0.0
2016,1,23,23,45,0.0,0.0,3.95,9.0,0.0,0.0,0.0
2016,1,24,0,0,0.0,0.0,3.9,9.0,0.0,0.0,0.0
2016,1,24,0,15,0.0,0.0,3.9,8.5,0.0,0.0,0.0
2016,1,24,0,30,0.0,0.0,3.9,8.0,0.0,0.0,0.0
2016,1,24,0,45,0.0,0.0,3.9,8.0,0.0,0.0,0.0
2016,1,24,1,0,0.0,0.0,3.9,8.0,0.0,0.0,0.0
2016,1,24,1,15,0.0,0.0,3.9,8.0,0.0,0.0,0.0
2016,1,24,1,30,0.0,0.0,3.9,8.0,0.0,0.0,0.0
2016,1,24,1,45,0.0,0.0,3.95,8.0,0.0,0.0,0.0
2016,1,24,2,0,0.0,0.0,4.0,8.0,0.0,0.0,0.0
2016,1,24,2,15,0.0,0.0,4.0,8.0,0.0,0.0,0.0
2016,1,24,2,30,0.0,0.0,4.0,8.0,0.0,0.0,0.0
2016,1,24,2,45,0.0,0.0,4.0,8.0,0.0,0.0,0.0
2016,1,24,3,0,0.0,0.0,4.0,8.0,0.0,0.0,0.0
2016,1,24,3,15,0.0,0.0,4.0,8.0,0.0,0.0,0.0
2016,1,24,3,30,0.0,0.0,4.0,8.0,0.0,0.0,0.0
2016,1,24,3,45,0.0,0.0,4.05,8.0,0.0,0.0,0.0
2016,1,24,4,0,0.0,0.0,4.1,8.0,0.0,0.0,0.0
2016,1,24,4,15,0.0,0.0,4.1,8.0,0.0,0.0,0.0
2016,1,24,4,30,0.0,0.0,4.1,8.0,0.0,0.0,0.0
2016,1,24,4,45,0.0,0.0,4.2,8.0,0.0,0.0,0.0
2016,1,24,5,0,0.0,0.0,4.3,8.0,0.0,0.0,0.0
2016,1,24,5,15,0.0,0.0,4.25,8.0,0.0,0.0,0.0
2016,1,24,5,30,0.0,0.0,4.2,8.0,0.0,0.0,0.0
2016,1,24,5,45,0.0,0.0,4.2,8.0,0.0,0.0,0.0
2016,1,24,6,0,0.0,0.0,4.2,8.0,0.0,0.0,0.0
2016,1,24,6,15,0.0,0.0,4.1,8.0,0.0,0.0,0.0
2016,1,24,6,30,0.0,0.0,4.0,8.0,0.0,0.0,0.0
2016,1,24,6,45,0.0,0.0,3.95,8.5,0.0,0.0,0.0
2016,1,24,7,0,0.0,0.0,3.9,9.0,0.0,0.0,0.0
2016,1,24,7,15,0.0,4.5,3.8,9.0,4.5,0.0,0.0
2016,1,24,7,30,0.0,9.0,3.7,9.0,9.0,8.85,0.0
2016,1,24,7,45,73.5,24.5,3.65,9.5,32.5,20.5,5.72
2016,1,24,8,0,147.0,40.0,3.6,10.0,56.0,32.83,22.54
2016,1,24,8,15,190.5,56.5,3.6,10.0,87.5,45.53,34.83
2016,1,24,8,30,234.0,73.0,3.6,10.0,119.0,57.83,46.4
2016,1,24,8,45,262.5,88.5,3.6,10.0,151.5,79.77,57.41
2016,1,24,9,0,291.0,104.0,3.6,10.0,184.0,109.55,77.39
2016,1,24,9,15,320.0,114.5,3.6,10.0,215.0,137.78,98.58
2016,1,24,9,30,349.0,125.0,3.6,10.0,246.0,165.4,120.96
2016,1,24,9,45,339.0,141.5,3.6,10.5,269.0,197.33,149.27
2016,1,24,10,0,329.0,158.0,3.6,11.0,292.0,225.31,174.28
2016,1,24,10,15,319.5,172.5,3.45,11.0,311.0,250.48,196.96
2016,1,24,10,30,310.0,187.0,3.3,11.0,330.0,274.44,218.27
2016,1,24,10,45,333.0,193.5,3.15,11.5,354.0,301.87,241.1
2016,1,24,11,0,356.0,200.0,3.0,12.0,378.0,330.1,264.32
2016,1,24,11,15,489.0,172.0,2.95,12.0,425.0,373.94,300.02
2016,1,24,11,30,622.0,144.0,2.9,12.0,472.0,424.73,341.52
2016,1,24,11,45,640.0,141.5,2.85,12.5,484.0,448.45,360.93
2016,1,24,12,0,658.0,139.0,2.8,13.0,496.0,471.13,379.29
2016,1,24,12,15,684.5,131.5,2.9,13.0,504.0,492.01,397.14
2016,1,24,12,30,711.0,124.0,3.0,13.0,512.0,511.56,413.8
2016,1,24,12,45,796.0,101.5,3.1,13.0,532.0,546.39,442.67
2016,1,24,13,0,881.0,79.0,3.2,13.0,552.0,578.81,469.49
2016,1,24,13,15,875.0,78.5,3.4,13.0,538.0,581.39,472.7
2016,1,24,13,30,869.0,78.0,3.6,13.0,524.0,581.06,473.65
2016,1,24,13,45,855.0,78.0,3.85,13.0,502.5,575.6,470.49
2016,1,24,14,0,841.0,78.0,4.1,13.0,481.0,565.9,463.83
2016,1,24,14,15,826.5,76.0,4.2,12.5,453.5,551.14,453.7
2016,1,24,14,30,812.0,74.0,4.3,12.0,426.0,533.92,441.27
2016,1,24,14,45,787.5,72.5,4.4,12.0,391.5,509.58,421.93
2016,1,24,15,0,763.0,71.0,4.5,12.0,357.0,483.43,400.66
2016,1,24,15,15,733.0,67.5,4.25,11.5,319.0,450.81,373.61
2016,1,24,15,30,703.0,64.0,4.0,11.0,281.0,417.16,345.04
2016,1,24,15,45,662.5,58.5,3.75,11.0,239.5,377.84,310.64
2016,1,24,16,0,622.0,53.0,3.5,11.0,198.0,337.07,274.16
2016,1,24,16,15,553.5,46.5,3.3,10.5,155.5,284.78,228.03
2016,1,24,16,30,485.0,40.0,3.1,10.0,113.0,235.47,183.38
2016,1,24,16,45,372.0,30.5,2.95,10.0,75.0,171.92,125.43
2016,1,24,17,0,259.0,21.0,2.8,10.0,37.0,110.14,38.31
2016,1,24,17,15,129.5,10.5,2.65,9.5,18.5,43.24,0.0
2016,1,24,17,30,0.0,0.0,2.5,9.0,0.0,0.0,0.0
2016,1,24,17,45,0.0,0.0,2.45,9.0,0.0,0.0,0.0
2016,1,24,18,0,0.0,0.0,2.4,9.0,0.0,0.0,0.0
2016,1,24,18,15,0.0,0.0,2.35,9.0,0.0,0.0,0.0
2016,1,24,18,30,0.0,0.0,2.3,9.0,0.0,0.0,0.0
2016,1,24,18,45,0.0,0.0,2.3,9.0,0.0,0.0,0.0
2016,1,24,19,0,0.0,0.0,2.3,9.0,0.0,0.0,0.0
2016,1,24,19,15,0.0,0.0,2.25,9.0,0.0,0.0,0.0
2016,1,24,19,30,0.0,0.0,2.2,9.0,0.0,0.0,0.0
2016,1,24,19,45,0.0,0.0,2.2,9.0,0.0,0.0,0.0
2016,1,24,20,0,0.0,0.0,2.2,9.0,0.0,0.0,0.0
2016,1,24,20,15,0.0,0.0,2.15,9.0,0.0,0.0,0.0
2016,1,24,20,30,0.0,0.0,2.1,9.0,0.0,0.0,0.0
2016,1,24,20,45,0.0,0.0,2.1,9.5,0.0,0.0,0.0
2016,1,24,21,0,0.0,0.0,2.1,10.0,0.0,0.0,0.0
2016,1,24,21,15,0.0,0.0,2.0,10.0,0.0,0.0,0.0
2016,1,24,21,30,0.0,0.0,1.9,10.0,0.0,0.0,0.0
2016,1,24,21,45,0.0,0.0,1.85,10.0,0.0,0.0,0.0
2016,1,24,22,0,0.0,0.0,1.8,10.0,0.0,0.0,0.0
2016,1,24,22,15,0.0,0.0,1.75,10.0,0.0,0.0,0.0
2016,1,24,22,30,0.0,0.0,1.7,10.0,0.0,0.0,0.0
2016,1,24,22,45,0.0,0.0,1.65,10.0,0.0,0.0,0.0
2016,1,24,23,0,0.0,0.0,1.6,10.0,0.0,0.0,0.0
2016,1,24,23,15,0.0,0.0,1.6,10.0,0.0,0.0,0.0
2016,1,24,23,30,0.0,0.0,1.6,10.0,0.0,0.0,0.0
2016,1,24,23,45,0.0,0.0,1.6,10.5,0.0,0.0,0.0
2016,1,25,0,0,0.0,0.0,1.6,11.0,0.0,0.0,0.0
2016,1,25,0,15,0.0,0.0,1.5,11.0,0.0,0.0,0.0
2016,1,25,0,30,0.0,0.0,1.4,11.0,0.0,0.0,0.0
2016,1,25,0,45,0.0,0.0,1.3,11.0,0.0,0.0,0.0
2016,1,25,1,0,0.0,0.0,1.2,11.0,0.0,0.0,0.0
2016,1,25,1,15,0.0,0.0,1.15,11.0,0.0,0.0,0.0
2016,1,25,1,30,0.0,0.0,1.1,11.0,0.0,0.0,0.0
2016,1,25,1,45,0.0,0.0,1.05,11.0,0.0,0.0,0.0
2016,1,25,2,0,0.0,0.0,1.0,11.0,0.0,0.0,0.0
2016,1,25,2,15,0.0,0.0,0.85,11.0,0.0,0.0,0.0
2016,1,25,2,30,0.0,0.0,0.7,11.0,0.0,0.0,0.0
2016,1,25,2,45,0.0,0.0,0.6,11.0,0.0,0.0,0.0
2016,1,25,3,0,0.0,0.0,0.5,11.0,0.0,0.0,0.0
2016,1,25,3,15,0.0,0.0,0.35,11.0,0.0,0.0,0.0
2016,1,25,3,30,0.0,0.0,0.2,11.0,0.0,0.0,0.0
2016,1,25,3,45,0.0,0.0,0.1,11.0,0.0,0.0,0.0
2016,1,25,4,0,0.0,0.0,0.0,11.0,0.0,0.0,0.0
2016,1,25,4,15,0.0,0.0,0.1,10.5,0.0,0.0,0.0
2016,1,25,4,30,0.0,0.0,0.2,10.0,0.0,0.0,0.0
2016,1,25,4,45,0.0,0.0,0.3,10.0,0.0,0.0,0.0
2016,1,25,5,0,0.0,0.0,0.4,10.0,0.0,0.0,0.0
2016,1,25,5,15,0.0,0.0,0.45,10.0,0.0,0.0,0.0
2016,1,25,5,30,0.0,0.0,0.5,10.0,0.0,0.0,0.0
2016,1,25,5,45,0.0,0.0,0.55,10.0,0.0,0.0,0.0
2016,1,25,6,0,0.0,0.0,0.6,10.0,0.0,0.0,0.0
2016,1,25,6,15,0.0,0.0,0.55,10.0,0.0,0.0,0.0
2016,1,25,6,30,0.0,0.0,0.5,10.0,0.0,0.0,0.0
2016,1,25,6,45,0.0,0.0,0.5,10.0,0.0,0.0,0.0
2016,1,25,7,0,0.0,0.0,0.5,10.0,0.0,0.0,0.0
2016,1,25,7,15,45.0,5.5,0.5,10.0,6.5,0.0,0.0
2016,1,25,7,30,90.0,11.0,0.5,10.0,13.0,10.81,0.0
2016,1,25,7,45,231.5,23.0,0.5,10.5,45.0,18.11,5.17
2016,1,25,8,0,373.0,35.0,0.5,11.0,77.0,27.06,17.69
2016,1,25,8,15,458.5,43.0,0.45,11.0,118.0,31.77,22.66
2016,1,25,8,30,544.0,51.0,0.4,11.0,159.0,36.34,27.14
2016,1,25,8,45,599.5,56.5,0.35,11.5,201.5,61.29,33.44
2016,1,25,9,0,655.0,62.0,0.3,12.0,244.0,100.49,54.54
2016,1,25,9,15,690.5,66.0,0.3,12.0,283.5,140.28,82.97
2016,1,25,9,30,726.0,70.0,0.3,12.0,323.0,184.92,119.04
2016,1,25,9,45,426.5,123.5,0.3,12.5,276.0,198.81,144.16
2016,1,25,10,0,127.0,177.0,0.3,13.0,229.0,192.75,150.47
2016,1,25,10,15,446.5,135.5,0.35,13.0,338.5,254.14,192.45
2016,1,25,10,30,766.0,94.0,0.4,13.0,448.0,341.28,256.9
2016,1,25,10,45,588.5,142.0,0.5,13.0,422.5,349.73,269.12
2016,1,25,11,0,411.0,190.0,0.6,13.0,397.0,343.61,268.6
2016,1,25,11,15,405.0,199.0,0.6,13.0,408.5,364.34,286.06
2016,1,25,11,30,399.0,208.0,0.6,13.0,420.0,383.23,301.52
2016,1,25,11,45,392.0,216.0,0.65,13.5,427.5,399.48,314.38
2016,1,25,12,0,385.0,224.0,0.7,14.0,435.0,414.4,325.98
2016,1,25,12,15,387.5,224.0,0.7,14.0,437.0,425.21,334.78
2016,1,25,12,30,390.0,224.0,0.7,14.0,439.0,434.9,342.65
2016,1,25,12,45,400.5,217.0,0.75,14.0,435.5,440.88,348.15
2016,1,25,13,0,411.0,210.0,0.8,14.0,432.0,448.94,355.16
2016,1,25,13,15,438.5,197.5,0.85,14.0,429.5,457.05,362.43
2016,1,25,13,30,466.0,185.0,0.9,14.0,427.0,463.7,368.57
2016,1,25,13,45,438.5,183.0,0.95,14.0,403.0,447.91,357.07
2016,1,25,14,0,411.0,181.0,1.0,14.0,379.0,430.7,344.5
2016,1,25,14,15,374.5,176.0,1.05,14.0,348.5,399.09,320.69
2016,1,25,14,30,338.0,171.0,1.1,14.0,318.0,371.79,299.87
2016,1,25,14,45,326.5,160.0,1.15,14.0,293.5,351.21,284.22
2016,1,25,15,0,315.0,149.0,1.2,14.0,269.0,329.85,267.59
2016,1,25,15,15,494.0,108.5,1.2,13.5,274.0,377.11,306.29
2016,1,25,15,30,673.0,68.0,1.2,13.0,279.0,411.63,333.01
2016,1,25,15,45,630.0,63.0,1.2,13.0,238.0,370.61,298.47
2016,1,25,16,0,587.0,58.0,1.2,13.0,197.0,330.07,263.8
2016,1,25,16,15,519.0,51.0,1.2,12.5,155.0,278.18,219.63
2016,1,25,16,30,451.0,44.0,1.2,12.0,113.0,229.22,176.71
2016,1,25,16,45,342.0,33.5,1.2,12.0,75.5,166.58,121.29
2016,1,25,17,0,233.0,23.0,1.2,12.0,38.0,106.24,45.03
2016,1,25,17,15,116.5,11.5,1.25,12.0,19.0,41.29,0.0
2016,1,25,17,30,0.0,0.0,1.3,12.0,0.0,0.0,0.0
2016,1,25,17,45,0.0,0.0,1.4,12.0,0.0,0.0,0.0
2016,1,25,18,0,0.0,0.0,1.5,12.0,0.0,0.0,0.0
2016,1,25,18,15,0.0,0.0,1.55,11.5,0.0,0.0,0.0
2016,1,25,18,30,0.0,0.0,1.6,11.0,0.0,0.0,0.0
2016,1,25,18,45,0.0,0.0,1.65,11.0,0.0,0.0,0.0
2016,1,25,19,0,0.0,0.0,1.7,11.0,0.0,0.0,0.0
2016,1,25,19,15,0.0,0.0,1.65,11.0,0.0,0.0,0.0
2016,1,25,19,30,0.0,0.0,1.6,11.0,0.0,0.0,0.0
2016,1,25,19,45,0.0,0.0,1.6,11.0,0.0,0.0,0.0
2016,1,25,20,0,0.0,0.0,1.6,11.0,0.0,0.0,0.0
2016,1,25,20,15,0.0,0.0,1.55,11.0,0.0,0.0,0.0
2016,1,25,20,30,0.0,0.0,1.5,11.0,0.0,0.0,0.0
2016,1,25,20,45,0.0,0.0,1.5,11.0,0.0,0.0,0.0
2016,1,25,21,0,0.0,0.0,1.5,11.0,0.0,0.0,0.0
2016,1,25,21,15,0.0,0.0,1.5,10.5,0.0,0.0,0.0
2016,1,25,21,30,0.0,0.0,1.5,10.0,0.0,0.0,0.0
2016,1,25,21,45,0.0,0.0,1.5,10.0,0.0,0.0,0.0
2016,1,25,22,0,0.0,0.0,1.5,10.0,0.0,0.0,0.0
2016,1,25,22,15,0.0,0.0,1.5,10.0,0.0,0.0,0.0
2016,1,25,22,30,0.0,0.0,1.5,10.0,0.0,0.0,0.0
2016,1,25,22,45,0.0,0.0,1.55,10.0,0.0,0.0,0.0
2016,1,25,23,0,0.0,0.0,1.6,10.0,0.0,0.0,0.0
2016,1,25,23,15,0.0,0.0,1.6,10.0,0.0,0.0,0.0
2016,1,25,23,30,0.0,0.0,1.6,10.0,0.0,0.0,0.0
2016,1,25,23,45,0.0,0.0,1.65,10.0,0.0,0.0,0.0
2016,1,26,0,0,0.0,0.0,1.7,10.0,0.0,0.0,0.0
2016,1,26,0,15,0.0,0.0,1.65,10.0,0.0,0.0,0.0
2016,1,26,0,30,0.0,0.0,1.6,10.0,0.0,0.0,0.0
2016,1,26,0,45,0.0,0.0,1.6,10.0,0.0,0.0,0.0
2016,1,26,1,0,0.0,0.0,1.6,10.0,0.0,0.0,0.0
2016,1,26,1,15,0.0,0.0,1.5,10.0,0.0,0.0,0.0
2016,1,26,1,30,0.0,0.0,1.4,10.0,0.0,0.0,0.0
2016,1,26,1,45,0.0,0.0,1.3,10.0,0.0,0.0,0.0
2016,1,26,2,0,0.0,0.0,1.2,10.0,0.0,0.0,0.0
2016,1,26,2,15,0.0,0.0,1.05,10.0,0.0,0.0,0.0
2016,1,26,2,30,0.0,0.0,0.9,10.0,0.0,0.0,0.0
2016,1,26,2,45,0.0,0.0,0.8,10.0,0.0,0.0,0.0
2016,1,26,3,0,0.0,0.0,0.7,10.0,0.0,0.0,0.0
2016,1,26,3,15,0.0,0.0,0.6,10.0,0.0,0.0,0.0
2016,1,26,3,30,0.0,0.0,0.5,10.0,0.0,0.0,0.0
2016,1,26,3,45,0.0,0.0,0.45,10.0,0.0,0.0,0.0
2016,1,26,4,0,0.0,0.0,0.4,10.0,0.0,0.0,0.0
2016,1,26,4,15,0.0,0.0,0.4,10.0,0.0,0.0,0.0
2016,1,26,4,30,0.0,0.0,0.4,10.0,0.0,0.0,0.0
2016,1,26,4,45,0.0,0.0,0.4,10.0,0.0,0.0,0.0
2016,1,26,5,0,0.0,0.0,0.4,10.0,0.0,0.0,0.0
2016,1,26,5,15,0.0,0.0,0.45,10.0,0.0,0.0,0.0
2016,1,26,5,30,0.0,0.0,0.5,10.0,0.0,0.0,0.0
2016,1,26,5,45,0.0,0.0,0.6,10.0,0.0,0.0,0.0
2016,1,26,6,0,0.0,0.0,0.7,10.0,0.0,0.0,0.0
2016,1,26,6,15,0.0,0.0,0.85,9.5,0.0,0.0,0.0
2016,1,26,6,30,0.0,0.0,1.0,9.0,0.0,0.0,0.0
2016,1,26,6,45,0.0,0.0,1.15,9.0,0.0,0.0,0.0
2016,1,26,7,0,0.0,0.0,1.3,9.0,0.0,0.0,0.0
2016,1,26,7,15,55.5,5.5,1.35,9.0,7.0,0.0,0.0
2016,1,26,7,30,111.0,11.0,1.4,9.0,14.0,10.81,0.0
2016,1,26,7,45,254.0,23.0,1.5,9.5,47.0,17.98,5.8
2016,1,26,8,0,397.0,35.0,1.6,10.0,80.0,26.91,17.66
2016,1,26,8,15,481.5,43.0,1.7,10.0,122.5,31.63,22.6
2016,1,26,8,30,566.0,51.0,1.8,10.0,165.0,36.2,27.07
2016,1,26,8,45,621.0,56.5,1.9,10.5,208.0,63.31,34.12
2016,1,26,9,0,676.0,62.0,2.0,11.0,251.0,103.65,56.44
2016,1,26,9,15,347.5,97.0,2.05,11.0,195.0,124.91,85.94
2016,1,26,9,30,19.0,132.0,2.1,11.0,139.0,126.27,101.57
2016,1,26,9,45,403.0,105.5,2.2,11.5,271.5,178.97,131.01
2016,1,26,10,0,787.0,79.0,2.3,12.0,404.0,274.84,199.77
2016,1,26,10,15,804.5,81.5,2.3,12.0,435.0,314.9,236.1
2016,1,26,10,30,822.0,84.0,2.3,12.0,466.0,354.67,271.99
2016,1,26,10,45,834.5,85.5,2.35,12.5,490.5,391.09,304.25
2016,1,26,11,0,847.0,87.0,2.4,13.0,515.0,426.39,334.89
2016,1,26,11,15,855.0,88.0,2.4,13.0,532.5,457.92,362.44
2016,1,26,11,30,863.0,89.0,2.4,13.0,550.0,487.65,388.01
2016,1,26,11,45,785.5,107.0,2.4,13.5,532.5,490.49,391.48
2016,1,26,12,0,708.0,125.0,2.4,14.0,515.0,486.94,389.46
2016,1,26,12,15,710.5,125.0,2.4,14.0,517.5,503.67,403.7
2016,1,26,12,30,713.0,125.0,2.4,14.0,520.0,518.29,415.97
2016,1,26,12,45,627.5,150.5,2.45,14.0,495.5,507.28,407.66
2016,1,26,13,0,542.0,176.0,2.5,14.0,471.0,490.65,394.85
2016,1,26,13,15,595.0,154.5,2.5,14.0,471.0,506.76,408.71
2016,1,26,13,30,648.0,133.0,2.5,14.0,471.0,519.29,419.6
2016,1,26,13,45,628.5,132.5,2.5,14.0,450.0,509.22,412.13
2016,1,26,14,0,609.0,132.0,2.5,14.0,429.0,497.07,403.05
2016,1,26,14,15,559.5,135.5,2.5,14.0,396.5,467.72,380.24
2016,1,26,14,30,510.0,139.0,2.5,14.0,364.0,440.09,358.51
2016,1,26,14,45,487.0,134.5,2.5,14.0,335.5,417.79,340.98
2016,1,26,15,0,464.0,130.0,2.5,14.0,307.0,394.58,322.39
2016,1,26,15,15,586.5,99.5,2.35,13.5,300.0,418.46,341.97
2016,1,26,15,30,709.0,69.0,2.2,13.0,293.0,432.8,352.65
2016,1,26,15,45,661.5,64.5,2.1,13.0,250.0,389.22,315.65
2016,1,26,16,0,614.0,60.0,2.0,13.0,207.0,346.24,278.49
2016,1,26,16,15,546.0,53.0,2.05,12.5,164.0,293.24,233.1
2016,1,26,16,30,478.0,46.0,2.1,12.0,121.0,243.08,188.81
2016,1,26,16,45,364.0,35.5,2.15,11.5,81.5,177.32,130.92
2016,1,26,17,0,250.0,25.0,2.2,11.0,42.0,114.99,56.73
2016,1,26,17,15,125.0,12.5,2.25,11.0,21.0,44.89,0.0
2016,1,26,17,30,0.0,0.0,2.3,11.0,0.0,0.0,0.0
2016,1,26,17,45,0.0,0.0,2.35,11.0,0.0,0.0,0.0
2016,1,26,18,0,0.0,0.0,2.4,11.0,0.0,0.0,0.0
2016,1,26,18,15,0.0,0.0,2.4,11.0,0.0,0.0,0.0
2016,1,26,18,30,0.0,0.0,2.4,11.0,0.0,0.0,0.0
2016,1,26,18,45,0.0,0.0,2.4,11.0,0.0,0.0,0.0
2016,1,26,19,0,0.0,0.0,2.4,11.0,0.0,0.0,0.0
2016,1,26,19,15,0.0,0.0,2.4,10.5,0.0,0.0,0.0
2016,1,26,19,30,0.0,0.0,2.4,10.0,0.0,0.0,0.0
2016,1,26,19,45,0.0,0.0,2.4,10.0,0.0,0.0,0.0
2016,1,26,20,0,0.0,0.0,2.4,10.0,0.0,0.0,0.0
2016,1,26,20,15,0.0,0.0,2.4,10.0,0.0,0.0,0.0
2016,1,26,20,30,0.0,0.0,2.4,10.0,0.0,0.0,0.0
2016,1,26,20,45,0.0,0.0,2.45,10.0,0.0,0.0,0.0
2016,1,26,21,0,0.0,0.0,2.5,10.0,0.0,0.0,0.0
2016,1,26,21,15,0.0,0.0,2.55,10.0,0.0,0.0,0.0
2016,1,26,21,30,0.0,0.0,2.6,10.0,0.0,0.0,0.0
2016,1,26,21,45,0.0,0.0,2.65,10.0,0.0,0.0,0.0
2016,1,26,22,0,0.0,0.0,2.7,10.0,0.0,0.0,0.0
2016,1,26,22,15,0.0,0.0,2.7,9.5,0.0,0.0,0.0
2016,1,26,22,30,0.0,0.0,2.7,9.0,0.0,0.0,0.0
2016,1,26,22,45,0.0,0.0,2.75,9.0,0.0,0.0,0.0
2016,1,26,23,0,0.0,0.0,2.8,9.0,0.0,0.0,0.0
2016,1,26,23,15,0.0,0.0,2.85,9.0,0.0,0.0,0.0
2016,1,26,23,30,0.0,0.0,2.9,9.0,0.0,0.0,0.0
2016,1,26,23,45,0.0,0.0,2.95,9.0,0.0,0.0,0.0
2016,1,27,0,0,0.0,0.0,3.0,9.0,0.0,0.0,0.0
2016,1,27,0,15,0.0,0.0,3.05,9.0,0.0,0.0,0.0
2016,1,27,0,30,0.0,0.0,3.1,9.0,0.0,0.0,0.0
2016,1,27,0,45,0.0,0.0,3.2,9.0,0.0,0.0,0.0
2016,1,27,1,0,0.0,0.0,3.3,9.0,0.0,0.0,0.0
2016,1,27,1,15,0.0,0.0,3.25,9.0,0.0,0.0,0.0
2016,1,27,1,30,0.0,0.0,3.2,9.0,0.0,0.0,0.0
2016,1,27,1,45,0.0,0.0,3.2,9.0,0.0,0.0,0.0
2016,1,27,2,0,0.0,0.0,3.2,9.0,0.0,0.0,0.0
2016,1,27,2,15,0.0,0.0,3.1,9.0,0.0,0.0,0.0
2016,1,27,2,30,0.0,0.0,3.0,9.0,0.0,0.0,0.0
2016,1,27,2,45,0.0,0.0,2.9,9.0,0.0,0.0,0.0
2016,1,27,3,0,0.0,0.0,2.8,9.0,0.0,0.0,0.0
2016,1,27,3,15,0.0,0.0,2.75,8.5,0.0,0.0,0.0
2016,1,27,3,30,0.0,0.0,2.7,8.0,0.0,0.0,0.0
2016,1,27,3,45,0.0,0.0,2.7,8.0,0.0,0.0,0.0
2016,1,27,4,0,0.0,0.0,2.7,8.0,0.0,0.0,0.0
2016,1,27,4,15,0.0,0.0,2.75,8.0,0.0,0.0,0.0
2016,1,27,4,30,0.0,0.0,2.8,8.0,0.0,0.0,0.0
2016,1,27,4,45,0.0,0.0,2.9,8.0,0.0,0.0,0.0
2016,1,27,5,0,0.0,0.0,3.0,8.0,0.0,0.0,0.0
2016,1,27,5,15,0.0,0.0,3.1,8.0,0.0,0.0,0.0
2016,1,27,5,30,0.0,0.0,3.2,8.0,0.0,0.0,0.0
2016,1,27,5,45,0.0,0.0,3.35,8.0,0.0,0.0,0.0
2016,1,27,6,0,0.0,0.0,3.5,8.0,0.0,0.0,0.0
2016,1,27,6,15,0.0,0.0,3.55,8.0,0.0,0.0,0.0
2016,1,27,6,30,0.0,0.0,3.6,8.0,0.0,0.0,0.0
2016,1,27,6,45,0.0,0.0,3.7,8.0,0.0,0.0,0.0
2016,1,27,7,0,0.0,0.0,3.8,8.0,0.0,0.0,0.0
2016,1,27,7,15,0.0,7.0,3.85,8.0,7.0,0.0,0.0
2016,1,27,7,30,0.0,14.0,3.9,8.0,14.0,13.76,0.0
2016,1,27,7,45,179.5,26.0,3.95,8.5,47.0,20.28,7.97
2016,1,27,8,0,359.0,38.0,4.0,9.0,80.0,29.67,20.18
2016,1,27,8,15,443.5,47.5,3.85,9.0,122.0,35.65,26.28
2016,1,27,8,30,528.0,57.0,3.7,9.0,164.0,41.4,31.87
2016,1,27,8,45,583.0,63.0,3.55,9.5,207.0,68.92,39.39
2016,1,27,9,0,638.0,69.0,3.4,10.0,250.0,108.07,61.74
2016,1,27,9,15,675.0,73.5,3.3,10.5,290.5,148.01,91.21
2016,1,27,9,30,712.0,78.0,3.2,11.0,331.0,190.46,126.29
2016,1,27,9,45,757.0,76.5,3.1,11.5,370.0,233.92,163.71
2016,1,27,10,0,802.0,75.0,3.0,12.0,409.0,277.06,201.68
2016,1,27,10,15,819.0,77.0,2.75,12.5,440.0,317.18,237.9
2016,1,27,10,30,836.0,79.0,2.5,13.0,471.0,356.94,273.14
2016,1,27,10,45,849.0,80.5,2.25,13.5,496.0,394.12,305.47
2016,1,27,11,0,862.0,82.0,2.0,14.0,521.0,430.17,335.86
2016,1,27,11,15,869.0,83.0,1.75,14.0,538.0,461.77,362.46
2016,1,27,11,30,876.0,84.0,1.5,14.0,555.0,491.47,386.64
2016,1,27,11,45,880.5,84.5,1.3,14.0,565.0,517.39,407.29
2016,1,27,12,0,885.0,85.0,1.1,14.0,575.0,541.26,425.59
2016,1,27,12,15,885.5,85.0,1.05,14.0,577.0,559.43,440.1
2016,1,27,12,30,886.0,85.0,1.0,14.0,579.0,574.9,452.31
2016,1,27,12,45,728.0,126.5,0.95,14.5,529.5,541.74,426.2
2016,1,27,13,0,570.0,168.0,0.9,15.0,480.0,500.47,394.0
2016,1,27,13,15,724.0,124.0,0.95,15.0,510.5,552.37,435.58
2016,1,27,13,30,878.0,80.0,1.0,15.0,541.0,597.61,471.08
2016,1,27,13,45,870.5,78.0,1.05,15.0,520.5,593.81,468.77
2016,1,27,14,0,863.0,76.0,1.1,15.0,500.0,585.61,463.61
2016,1,27,14,15,849.5,74.5,1.05,15.0,472.5,571.74,453.28
2016,1,27,14,30,836.0,73.0,1.0,15.0,445.0,555.31,440.87
2016,1,27,14,45,818.5,70.5,1.0,15.0,411.5,533.18,424.34
2016,1,27,15,0,801.0,68.0,1.0,15.0,378.0,508.94,405.82
2016,1,27,15,15,773.0,64.5,0.85,15.0,339.0,476.31,379.46
2016,1,27,15,30,745.0,61.0,0.7,15.0,300.0,442.47,351.62
2016,1,27,15,45,707.0,56.5,0.55,15.0,257.5,401.96,317.94
2016,1,27,16,0,669.0,52.0,0.4,15.0,215.0,361.39,283.34
2016,1,27,16,15,606.0,46.0,0.45,14.5,171.5,309.34,240.42
2016,1,27,16,30,543.0,40.0,0.5,14.0,128.0,262.51,200.07
2016,1,27,16,45,438.5,31.5,0.6,14.0,87.5,199.57,145.44
2016,1,27,17,0,334.0,23.0,0.7,14.0,47.0,140.24,75.28
2016,1,27,17,15,167.0,11.5,0.75,13.5,23.5,55.43,0.0
2016,1,27,17,30,0.0,0.0,0.8,13.0,0.0,0.0,0.0
2016,1,27,17,45,0.0,0.0,0.9,13.0,0.0,0.0,0.0
2016,1,27,18,0,0.0,0.0,1.0,13.0,0.0,0.0,0.0
2016,1,27,18,15,0.0,0.0,1.0,12.5,0.0,0.0,0.0
2016,1,27,18,30,0.0,0.0,1.0,12.0,0.0,0.0,0.0
2016,1,27,18,45,0.0,0.0,1.05,12.0,0.0,0.0,0.0
2016,1,27,19,0,0.0,0.0,1.1,12.0,0.0,0.0,0.0
2016,1,27,19,15,0.0,0.0,1.1,12.0,0.0,0.0,0.0
2016,1,27,19,30,0.0,0.0,1.1,12.0,0.0,0.0,0.0
2016,1,27,19,45,0.0,0.0,1.1,12.0,0.0,0.0,0.0
2016,1,27,20,0,0.0,0.0,1.1,12.0,0.0,0.0,0.0
2016,1,27,20,15,0.0,0.0,1.1,11.5,0.0,0.0,0.0
2016,1,27,20,30,0.0,0.0,1.1,11.0,0.0,0.0,0.0
2016,1,27,20,45,0.0,0.0,1.1,11.0,0.0,0.0,0.0
2016,1,27,21,0,0.0,0.0,1.1,11.0,0.0,0.0,0.0
2016,1,27,21,15,0.0,0.0,1.1,11.0,0.0,0.0,0.0
2016,1,27,21,30,0.0,0.0,1.1,11.0,0.0,0.0,0.0
2016,1,27,21,45,0.0,0.0,1.15,11.0,0.0,0.0,0.0
2016,1,27,22,0,0.0,0.0,1.2,11.0,0.0,0.0,0.0
2016,1,27,22,15,0.0,0.0,1.15,11.0,0.0,0.0,0.0
2016,1,27,22,30,0.0,0.0,1.1,11.0,0.0,0.0,0.0
2016,1,27,22,45,0.0,0.0,1.05,11.0,0.0,0.0,0.0
2016,1,27,23,0,0.0,0.0,1.0,11.0,0.0,0.0,0.0
2016,1,27,23,15,0.0,0.0,0.85,11.0,0.0,0.0,0.0
2016,1,27,23,30,0.0,0.0,0.7,11.0,0.0,0.0,0.0
2016,1,27,23,45,0.0,0.0,0.6,11.0,0.0,0.0,0.0
2016,1,28,0,0,0.0,0.0,0.5,11.0,0.0,0.0,0.0
2016,1,28,0,15,0.0,0.0,0.4,11.0,0.0,0.0,0.0
2016,1,28,0,30,0.0,0.0,0.3,11.0,0.0,0.0,0.0
2016,1,28,0,45,0.0,0.0,0.25,11.0,0.0,0.0,0.0
2016,1,28,1,0,0.0,0.0,0.2,11.0,0.0,0.0,0.0
2016,1,28,1,15,0.0,0.0,0.25,10.5,0.0,0.0,0.0
2016,1,28,1,30,0.0,0.0,0.3,10.0,0.0,0.0,0.0
2016,1,28,1,45,0.0,0.0,0.35,10.0,0.0,0.0,0.0
2016,1,28,2,0,0.0,0.0,0.4,10.0,0.0,0.0,0.0
2016,1,28,2,15,0.0,0.0,0.45,10.0,0.0,0.0,0.0
2016,1,28,2,30,0.0,0.0,0.5,10.0,0.0,0.0,0.0
2016,1,28,2,45,0.0,0.0,0.6,10.0,0.0,0.0,0.0
2016,1,28,3,0,0.0,0.0,0.7,10.0,0.0,0.0,0.0
2016,1,28,3,15,0.0,0.0,0.7,10.0,0.0,0.0,0.0
2016,1,28,3,30,0.0,0.0,0.7,10.0,0.0,0.0,0.0
2016,1,28,3,45,0.0,0.0,0.75,10.0,0.0,0.0,0.0
2016,1,28,4,0,0.0,0.0,0.8,10.0,0.0,0.0,0.0
2016,1,28,4,15,0.0,0.0,0.8,10.0,0.0,0.0,0.0
2016,1,28,4,30,0.0,0.0,0.8,10.0,0.0,0.0,0.0
2016,1,28,4,45,0.0,0.0,0.8,10.0,0.0,0.0,0.0
2016,1,28,5,0,0.0,0.0,0.8,10.0,0.0,0.0,0.0
2016,1,28,5,15,0.0,0.0,0.75,10.0,0.0,0.0,0.0
2016,1,28,5,30,0.0,0.0,0.7,10.0,0.0,0.0,0.0
2016,1,28,5,45,0.0,0.0,0.7,10.0,0.0,0.0,0.0
2016,1,28,6,0,0.0,0.0,0.7,10.0,0.0,0.0,0.0
2016,1,28,6,15,0.0,0.0,0.6,10.0,0.0,0.0,0.0
2016,1,28,6,30,0.0,0.0,0.5,10.0,0.0,0.0,0.0
2016,1,28,6,45,0.0,0.0,0.45,10.0,0.0,0.0,0.0
2016,1,28,7,0,0.0,0.0,0.4,10.0,0.0,0.0,0.0
2016,1,28,7,15,0.0,1.5,0.4,10.0,1.5,0.0,0.0
2016,1,28,7,30,0.0,3.0,0.4,10.0,3.0,2.95,0.0
2016,1,28,7,45,0.0,9.0,0.4,10.5,9.0,8.67,0.43
2016,1,28,8,0,0.0,15.0,0.4,11.0,15.0,14.46,6.97
2016,1,28,8,15,0.0,23.0,0.55,11.0,23.0,22.19,14.21
2016,1,28,8,30,0.0,31.0,0.7,11.0,31.0,29.92,21.4
2016,1,28,8,45,0.0,39.5,0.9,11.5,39.5,38.14,27.32
2016,1,28,9,0,0.0,48.0,1.1,12.0,48.0,46.36,34.38
2016,1,28,9,15,0.0,55.5,1.05,12.0,55.5,53.62,40.6
2016,1,28,9,30,0.0,63.0,1.0,12.0,63.0,60.89,46.75
2016,1,28,9,45,27.0,118.0,1.0,12.5,129.5,116.18,92.17
2016,1,28,10,0,54.0,173.0,1.0,13.0,196.0,173.44,138.26
2016,1,28,10,15,242.0,172.0,1.3,13.0,285.0,230.0,179.97
2016,1,28,10,30,430.0,171.0,1.6,13.0,374.0,303.31,236.76
2016,1,28,10,45,442.5,178.0,1.95,13.5,396.5,332.05,261.15
2016,1,28,11,0,455.0,185.0,2.3,14.0,419.0,360.67,285.33
2016,1,28,11,15,244.5,202.0,2.25,14.0,328.5,299.97,239.43
2016,1,28,11,30,34.0,219.0,2.2,14.0,238.0,225.62,180.37
2016,1,28,11,45,34.5,223.0,2.2,14.0,242.5,231.75,185.51
2016,1,28,12,0,35.0,227.0,2.2,14.0,247.0,237.83,190.37
2016,1,28,12,15,17.5,151.5,2.0,14.0,161.5,155.96,124.08
2016,1,28,12,30,0.0,76.0,1.8,14.0,76.0,73.51,56.09
2016,1,28,12,45,75.5,165.5,1.6,14.5,207.0,207.51,166.93
2016,1,28,13,0,151.0,255.0,1.4,15.0,338.0,342.7,273.43
2016,1,28,13,15,283.0,229.0,1.3,15.0,380.5,399.65,318.56
2016,1,28,13,30,415.0,203.0,1.2,15.0,423.0,457.29,363.81
2016,1,28,13,45,245.5,209.0,1.2,15.0,338.0,362.35,289.27
2016,1,28,14,0,76.0,215.0,1.2,15.0,253.0,262.18,209.38
2016,1,28,14,15,70.0,202.0,1.1,15.0,235.5,246.15,197.25
2016,1,28,14,30,64.0,189.0,1.0,15.0,218.0,229.91,184.47
2016,1,28,14,45,32.0,144.5,0.95,15.0,159.0,164.85,131.93
2016,1,28,15,0,0.0,100.0,0.9,15.0,100.0,97.86,76.79
2016,1,28,15,15,0.0,89.5,0.85,15.0,89.5,87.53,68.46
2016,1,28,15,30,0.0,79.0,0.8,15.0,79.0,77.19,59.88
2016,1,28,15,45,0.0,68.0,0.75,15.0,68.0,66.31,50.75
2016,1,28,16,0,0.0,57.0,0.7,15.0,57.0,55.4,41.47
2016,1,28,16,15,0.0,45.5,0.75,14.5,45.5,43.96,31.68
2016,1,28,16,30,0.0,34.0,0.8,14.0,34.0,32.83,22.01
2016,1,28,16,45,0.0,23.0,0.9,13.5,23.0,22.2,12.63
2016,1,28,17,0,0.0,12.0,1.0,13.0,12.0,11.57,2.15
2016,1,28,17,15,0.0,6.0,1.05,13.0,6.0,5.9,0.0
2016,1,28,17,30,0.0,0.0,1.1,13.0,0.0,0.0,0.0
2016,1,28,17,45,0.0,0.0,1.2,13.0,0.0,0.0,0.0
2016,1,28,18,0,0.0,0.0,1.3,13.0,0.0,0.0,0.0
2016,1,28,18,15,0.0,0.0,1.35,13.0,0.0,0.0,0.0
2016,1,28,18,30,0.0,0.0,1.4,13.0,0.0,0.0,0.0
2016,1,28,18,45,0.0,0.0,1.45,13.0,0.0,0.0,0.0
2016,1,28,19,0,0.0,0.0,1.5,13.0,0.0,0.0,0.0
2016,1,28,19,15,0.0,0.0,1.55,13.0,0.0,0.0,0.0
2016,1,28,19,30,0.0,0.0,1.6,13.0,0.0,0.0,0.0
2016,1,28,19,45,0.0,0.0,1.7,13.0,0.0,0.0,0.0
2016,1,28,20,0,0.0,0.0,1.8,13.0,0.0,0.0,0.0
2016,1,28,20,15,0.0,0.0,1.75,13.0,0.0,0.0,0.0
2016,1,28,20,30,0.0,0.0,1.7,13.0,0.0,0.0,0.0
2016,1,28,20,45,0.0,0.0,1.7,13.0,0.0,0.0,0.0
2016,1,28,21,0,0.0,0.0,1.7,13.0,0.0,0.0,0.0
2016,1,28,21,15,0.0,0.0,1.65,13.0,0.0,0.0,0.0
2016,1,28,21,30,0.0,0.0,1.6,13.0,0.0,0.0,0.0
2016,1,28,21,45,0.0,0.0,1.55,13.0,0.0,0.0,0.0
2016,1,28,22,0,0.0,0.0,1.5,13.0,0.0,0.0,0.0
2016,1,28,22,15,0.0,0.0,1.5,13.0,0.0,0.0,0.0
2016,1,28,22,30,0.0,0.0,1.5,13.0,0.0,0.0,0.0
2016,1,28,22,45,0.0,0.0,1.55,13.0,0.0,0.0,0.0
2016,1,28,23,0,0.0,0.0,1.6,13.0,0.0,0.0,0.0
2016,1,28,23,15,0.0,0.0,1.65,12.5,0.0,0.0,0.0
2016,1,28,23,30,0.0,0.0,1.7,12.0,0.0,0.0,0.0
2016,1,28,23,45,0.0,0.0,1.8,12.0,0.0,0.0,0.0
2016,1,29,0,0,0.0,0.0,1.9,12.0,0.0,0.0,0.0
2016,1,29,0,15,0.0,0.0,1.95,12.0,0.0,0.0,0.0
2016,1,29,0,30,0.0,0.0,2.0,12.0,0.0,0.0,0.0
2016,1,29,0,45,0.0,0.0,2.05,12.0,0.0,0.0,0.0
2016,1,29,1,0,0.0,0.0,2.1,12.0,0.0,0.0,0.0
2016,1,29,1,15,0.0,0.0,2.15,12.0,0.0,0.0,0.0
2016,1,29,1,30,0.0,0.0,2.2,12.0,0.0,0.0,0.0
2016,1,29,1,45,0.0,0.0,2.25,12.0,0.0,0.0,0.0
2016,1,29,2,0,0.0,0.0,2.3,12.0,0.0,0.0,0.0
2016,1,29,2,15,0.0,0.0,2.35,12.0,0.0,0.0,0.0
2016,1,29,2,30,0.0,0.0,2.4,12.0,0.0,0.0,0.0
2016,1,29,2,45,0.0,0.0,2.45,12.0,0.0,0.0,0.0
2016,1,29,3,0,0.0,0.0,2.5,12.0,0.0,0.0,0.0
2016,1,29,3,15,0.0,0.0,2.5,12.0,0.0,0.0,0.0
2016,1,29,3,30,0.0,0.0,2.5,12.0,0.0,0.0,0.0
2016,1,29,3,45,0.0,0.0,2.55,12.0,0.0,0.0,0.0
2016,1,29,4,0,0.0,0.0,2.6,12.0,0.0,0.0,0.0
2016,1,29,4,15,0.0,0.0,2.6,12.0,0.0,0.0,0.0
2016,1,29,4,30,0.0,0.0,2.6,12.0,0.0,0.0,0.0
2016,1,29,4,45,0.0,0.0,2.6,12.0,0.0,0.0,0.0
2016,1,29,5,0,0.0,0.0,2.6,12.0,0.0,0.0,0.0
2016,1,29,5,15,0.0,0.0,2.6,12.0,0.0,0.0,0.0
2016,1,29,5,30,0.0,0.0,2.6,12.0,0.0,0.0,0.0
2016,1,29,5,45,0.0,0.0,2.65,12.5,0.0,0.0,0.0
2016,1,29,6,0,0.0,0.0,2.7,13.0,0.0,0.0,0.0
2016,1,29,6,15,0.0,0.0,2.7,13.0,0.0,0.0,0.0
2016,1,29,6,30,0.0,0.0,2.7,13.0,0.0,0.0,0.0
2016,1,29,6,45,0.0,0.0,2.75,13.0,0.0,0.0,0.0
2016,1,29,7,0,0.0,0.0,2.8,13.0,0.0,0.0,0.0
2016,1,29,7,15,0.0,0.0,3.0,13.0,0.0,0.0,0.0
2016,1,29,7,30,0.0,0.0,3.2,13.0,0.0,0.0,0.0
2016,1,29,7,45,0.0,0.5,3.4,13.5,0.5,0.48,0.0
2016,1,29,8,0,0.0,1.0,3.6,14.0,1.0,0.96,0.0
2016,1,29,8,15,0.0,1.5,3.65,14.0,1.5,1.44,0.0
2016,1,29,8,30,0.0,2.0,3.7,14.0,2.0,1.93,0.0
2016,1,29,8,45,0.0,2.5,3.8,14.0,2.5,2.41,0.0
2016,1,29,9,0,0.0,3.0,3.9,14.0,3.0,2.89,0.0
2016,1,29,9,15,0.0,4.0,3.95,14.0,4.0,3.86,0.0
2016,1,29,9,30,0.0,5.0,4.0,14.0,5.0,4.82,0.0
2016,1,29,9,45,0.0,10.0,4.1,14.5,10.0,9.65,2.59
2016,1,29,10,0,0.0,15.0,4.2,15.0,15.0,14.47,6.67
2016,1,29,10,15,0.0,27.0,4.2,15.0,27.0,26.07,16.49
2016,1,29,10,30,0.0,39.0,4.2,15.0,39.0,37.67,26.26
2016,1,29,10,45,0.0,39.0,4.25,15.0,39.0,37.68,26.21
2016,1,29,11,0,0.0,39.0,4.3,15.0,39.0,37.68,26.17
2016,1,29,11,15,0.0,70.0,4.3,15.0,70.0,67.69,51.28
2016,1,29,11,30,0.0,101.0,4.3,15.0,101.0,97.63,76.12
2016,1,29,11,45,0.0,87.0,4.35,15.0,87.0,84.17,64.87
2016,1,29,12,0,0.0,73.0,4.4,15.0,73.0,70.6,53.56
2016,1,29,12,15,0.0,73.5,4.4,15.0,73.5,71.09,53.96
2016,1,29,12,30,0.0,74.0,4.4,15.0,74.0,71.57,54.36
2016,1,29,12,45,0.0,67.5,4.45,15.0,67.5,65.27,49.13
2016,1,29,13,0,0.0,61.0,4.5,15.0,61.0,58.98,43.9
2016,1,29,13,15,2.0,118.0,4.55,15.0,119.0,115.65,91.09
2016,1,29,13,30,4.0,175.0,4.6,15.0,177.0,173.47,138.72
2016,1,29,13,45,2.0,146.5,4.65,15.0,147.5,144.21,114.77
2016,1,29,14,0,0.0,118.0,4.7,15.0,118.0,114.86,90.66
2016,1,29,14,15,0.0,62.5,4.75,14.5,62.5,60.41,45.46
2016,1,29,14,30,0.0,7.0,4.8,14.0,7.0,6.75,0.1
2016,1,29,14,45,27.0,84.5,4.85,14.0,95.5,98.97,78.79
2016,1,29,15,0,54.0,162.0,4.9,14.0,184.0,197.14,161.04
2016,1,29,15,15,51.0,146.0,4.9,14.0,165.0,178.86,145.86
2016,1,29,15,30,48.0,130.0,4.9,14.0,146.0,160.48,130.58
2016,1,29,15,45,42.5,113.0,4.95,14.0,125.5,139.68,113.04
2016,1,29,16,0,37.0,96.0,5.0,14.0,105.0,118.95,95.3
2016,1,29,16,15,28.0,78.0,5.0,13.5,84.0,95.61,75.27
2016,1,29,16,30,19.0,60.0,5.0,13.0,63.0,72.5,55.21
2016,1,29,16,45,9.5,42.0,5.05,13.0,43.5,46.68,32.66
2016,1,29,17,0,0.0,24.0,5.1,13.0,24.0,23.92,11.18
2016,1,29,17,15,0.0,12.0,5.1,13.0,12.0,11.8,0.0
2016,1,29,17,30,0.0,0.0,5.1,13.0,0.0,0.0,0.0
2016,1,29,17,45,0.0,0.0,5.15,13.0,0.0,0.0,0.0
2016,1,29,18,0,0.0,0.0,5.2,13.0,0.0,0.0,0.0
2016,1,29,18,15,0.0,0.0,5.1,13.0,0.0,0.0,0.0
2016,1,29,18,30,0.0,0.0,5.0,13.0,0.0,0.0,0.0
2016,1,29,18,45,0.0,0.0,4.9,13.0,0.0,0.0,0.0
2016,1,29,19,0,0.0,0.0,4.8,13.0,0.0,0.0,0.0
2016,1,29,19,15,0.0,0.0,4.55,13.0,0.0,0.0,0.0
2016,1,29,19,30,0.0,0.0,4.3,13.0,0.0,0.0,0.0
2016,1,29,19,45,0.0,0.0,4.1,13.0,0.0,0.0,0.0
2016,1,29,20,0,0.0,0.0,3.9,13.0,0.0,0.0,0.0
2016,1,29,20,15,0.0,0.0,3.65,12.5,0.0,0.0,0.0
2016,1,29,20,30,0.0,0.0,3.4,12.0,0.0,0.0,0.0
2016,1,29,20,45,0.0,0.0,3.2,12.0,0.0,0.0,0.0
2016,1,29,21,0,0.0,0.0,3.0,12.0,0.0,0.0,0.0
2016,1,29,21,15,0.0,0.0,2.85,12.0,0.0,0.0,0.0
2016,1,29,21,30,0.0,0.0,2.7,12.0,0.0,0.0,0.0
2016,1,29,21,45,0.0,0.0,2.6,12.0,0.0,0.0,0.0
2016,1,29,22,0,0.0,0.0,2.5,12.0,0.0,0.0,0.0
2016,1,29,22,15,0.0,0.0,2.55,11.5,0.0,0.0,0.0
2016,1,29,22,30,0.0,0.0,2.6,11.0,0.0,0.0,0.0
2016,1,29,22,45,0.0,0.0,2.65,11.0,0.0,0.0,0.0
2016,1,29,23,0,0.0,0.0,2.7,11.0,0.0,0.0,0.0
2016,1,29,23,15,0.0,0.0,2.95,11.0,0.0,0.0,0.0
2016,1,29,23,30,0.0,0.0,3.2,11.0,0.0,0.0,0.0
2016,1,29,23,45,0.0,0.0,3.5,11.0,0.0,0.0,0.0
2016,1,30,0,0,0.0,0.0,3.8,11.0,0.0,0.0,0.0
2016,1,30,0,15,0.0,0.0,3.9,10.5,0.0,0.0,0.0
2016,1,30,0,30,0.0,0.0,4.0,10.0,0.0,0.0,0.0
2016,1,30,0,45,0.0,0.0,4.1,10.0,0.0,0.0,0.0
2016,1,30,1,0,0.0,0.0,4.2,10.0,0.0,0.0,0.0
2016,1,30,1,15,0.0,0.0,4.05,10.0,0.0,0.0,0.0
2016,1,30,1,30,0.0,0.0,3.9,10.0,0.0,0.0,0.0
2016,1,30,1,45,0.0,0.0,3.8,10.0,0.0,0.0,0.0
2016,1,30,2,0,0.0,0.0,3.7,10.0,0.0,0.0,0.0
2016,1,30,2,15,0.0,0.0,3.7,10.0,0.0,0.0,0.0
2016,1,30,2,30,0.0,0.0,3.7,10.0,0.0,0.0,0.0
2016,1,30,2,45,0.0,0.0,3.7,10.0,0.0,0.0,0.0
2016,1,30,3,0,0.0,0.0,3.7,10.0,0.0,0.0,0.0
2016,1,30,3,15,0.0,0.0,3.75,10.0,0.0,0.0,0.0
2016,1,30,3,30,0.0,0.0,3.8,10.0,0.0,0.0,0.0
2016,1,30,3,45,0.0,0.0,3.9,10.0,0.0,0.0,0.0
2016,1,30,4,0,0.0,0.0,4.0,10.0,0.0,0.0,0.0
2016,1,30,4,15,0.0,0.0,4.2,9.5,0.0,0.0,0.0
2016,1,30,4,30,0.0,0.0,4.4,9.0,0.0,0.0,0.0
2016,1,30,4,45,0.0,0.0,4.6,9.0,0.0,0.0,0.0
2016,1,30,5,0,0.0,0.0,4.8,9.0,0.0,0.0,0.0
2016,1,30,5,15,0.0,0.0,4.8,9.0,0.0,0.0,0.0
2016,1,30,5,30,0.0,0.0,4.8,9.0,0.0,0.0,0.0
2016,1,30,5,45,0.0,0.0,4.85,9.0,0.0,0.0,0.0
2016,1,30,6,0,0.0,0.0,4.9,9.0,0.0,0.0,0.0
2016,1,30,6,15,0.0,0.0,4.75,9.0,0.0,0.0,0.0
2016,1,30,6,30,0.0,0.0,4.6,9.0,0.0,0.0,0.0
2016,1,30,6,45,0.0,0.0,4.5,9.0,0.0,0.0,0.0
2016,1,30,7,0,0.0,0.0,4.4,9.0,0.0,0.0,0.0
2016,1,30,7,15,0.0,9.5,4.55,9.0,9.5,0.0,0.0
2016,1,30,7,30,0.0,19.0,4.7,9.0,19.0,18.68,0.0
2016,1,30,7,45,228.0,26.0,4.85,9.5,54.5,20.34,9.57
2016,1,30,8,0,456.0,33.0,5.0,10.0,90.0,24.43,15.71
2016,1,30,8,15,534.5,40.0,4.95,10.0,133.0,28.37,19.75
2016,1,30,8,30,613.0,47.0,4.9,10.0,176.0,35.23,26.22
2016,1,30,8,45,668.0,50.5,4.9,10.5,220.5,68.84,34.89
2016,1,30,9,0,723.0,54.0,4.9,11.0,265.0,110.13,58.99
2016,1,30,9,15,502.0,98.0,4.9,11.0,254.5,150.89,101.28
2016,1,30,9,30,281.0,142.0,4.9,11.0,244.0,175.43,132.33
2016,1,30,9,45,559.5,103.0,4.9,11.5,333.0,216.63,157.8
2016,1,30,10,0,838.0,64.0,4.9,12.0,422.0,286.03,210.0
2016,1,30,10,15,854.0,66.0,4.9,12.0,453.0,327.34,248.44
2016,1,30,10,30,870.0,68.0,4.9,12.0,484.0,368.09,286.05
2016,1,30,10,45,880.0,69.5,4.95,12.0,509.0,405.27,320.32
2016,1,30,11,0,890.0,71.0,5.0,12.0,534.0,441.02,352.78
2016,1,30,11,15,897.0,72.0,5.0,12.0,551.5,473.32,381.78
2016,1,30,11,30,904.0,73.0,5.0,12.0,569.0,503.63,408.59
2016,1,30,11,45,905.5,74.5,5.05,12.5,579.0,529.53,430.69
2016,1,30,12,0,907.0,76.0,5.1,13.0,589.0,552.9,450.27
2016,1,30,12,15,908.0,76.0,5.1,13.0,591.0,571.84,466.74
2016,1,30,12,30,909.0,76.0,5.1,13.0,593.0,588.03,480.77
2016,1,30,12,45,661.0,148.0,5.1,13.0,522.0,532.95,435.86
2016,1,30,13,0,413.0,220.0,5.1,13.0,451.0,467.5,381.77
2016,1,30,13,15,489.5,192.5,5.05,13.0,460.0,490.06,401.55
2016,1,30,13,30,566.0,165.0,5.0,13.0,469.0,511.02,419.7
2016,1,30,13,45,301.0,184.0,5.0,13.0,345.5,370.9,305.21
2016,1,30,14,0,36.0,203.0,5.0,13.0,222.0,226.35,183.92
2016,1,30,14,15,297.5,169.0,5.05,12.5,306.0,353.65,293.34
2016,1,30,14,30,559.0,135.0,5.1,12.0,390.0,471.68,392.38
2016,1,30,14,45,560.5,123.0,5.2,12.0,363.0,456.51,380.12
2016,1,30,15,0,562.0,111.0,5.3,12.0,336.0,436.9,364.41
2016,1,30,15,15,534.0,105.5,5.15,11.5,302.0,406.65,339.64
2016,1,30,15,30,506.0,100.0,5.0,11.0,268.0,373.7,312.17
2016,1,30,15,45,478.5,89.5,4.9,11.0,231.0,337.67,281.04
2016,1,30,16,0,451.0,79.0,4.8,11.0,194.0,301.69,249.22
2016,1,30,16,15,404.5,67.5,4.6,10.5,156.0,256.97,209.77
2016,1,30,16,30,358.0,56.0,4.4,10.0,118.0,214.22,171.16
2016,1,30,16,45,284.0,42.5,4.2,10.0,82.0,161.87,123.93
2016,1,30,17,0,210.0,29.0,4.0,10.0,46.0,114.04,73.87
2016,1,30,17,15,105.0,14.5,3.95,9.5,23.0,43.11,0.0
2016,1,30,17,30,0.0,0.0,3.9,9.0,0.0,0.0,0.0
2016,1,30,17,45,0.0,0.0,3.9,9.0,0.0,0.0,0.0
2016,1,30,18,0,0.0,0.0,3.9,9.0,0.0,0.0,0.0
2016,1,30,18,15,0.0,0.0,3.9,9.0,0.0,0.0,0.0
2016,1,30,18,30,0.0,0.0,3.9,9.0,0.0,0.0,0.0
2016,1,30,18,45,0.0,0.0,3.95,9.0,0.0,0.0,0.0
2016,1,30,19,0,0.0,0.0,4.0,9.0,0.0,0.0,0.0
2016,1,30,19,15,0.0,0.0,3.9,9.0,0.0,0.0,0.0
2016,1,30,19,30,0.0,0.0,3.8,9.0,0.0,0.0,0.0
2016,1,30,19,45,0.0,0.0,3.75,9.0,0.0,0.0,0.0
2016,1,30,20,0,0.0,0.0,3.7,9.0,0.0,0.0,0.0
2016,1,30,20,15,0.0,0.0,3.6,9.0,0.0,0.0,0.0
2016,1,30,20,30,0.0,0.0,3.5,9.0,0.0,0.0,0.0
2016,1,30,20,45,0.0,0.0,3.4,9.0,0.0,0.0,0.0
2016,1,30,21,0,0.0,0.0,3.3,9.0,0.0,0.0,0.0
2016,1,30,21,15,0.0,0.0,3.3,9.0,0.0,0.0,0.0
2016,1,30,21,30,0.0,0.0,3.3,9.0,0.0,0.0,0.0
2016,1,30,21,45,0.0,0.0,3.3,9.0,0.0,0.0,0.0
2016,1,30,22,0,0.0,0.0,3.3,9.0,0.0,0.0,0.0
2016,1,30,22,15,0.0,0.0,3.35,9.0,0.0,0.0,0.0
2016,1,30,22,30,0.0,0.0,3.4,9.0,0.0,0.0,0.0
2016,1,30,22,45,0.0,0.0,3.45,9.0,0.0,0.0,0.0
2016,1,30,23,0,0.0,0.0,3.5,9.0,0.0,0.0,0.0
2016,1,30,23,15,0.0,0.0,3.45,8.5,0.0,0.0,0.0
2016,1,30,23,30,0.0,0.0,3.4,8.0,0.0,0.0,0.0
2016,1,30,23,45,0.0,0.0,3.35,8.0,0.0,0.0,0.0
2016,1,31,0,0,0.0,0.0,3.3,8.0,0.0,0.0,0.0
2016,1,31,0,15,0.0,0.0,3.3,8.0,0.0,0.0,0.0
2016,1,31,0,30,0.0,0.0,3.3,8.0,0.0,0.0,0.0
2016,1,31,0,45,0.0,0.0,3.3,8.0,0.0,0.0,0.0
2016,1,31,1,0,0.0,0.0,3.3,8.0,0.0,0.0,0.0
2016,1,31,1,15,0.0,0.0,3.25,8.0,0.0,0.0,0.0
2016,1,31,1,30,0.0,0.0,3.2,8.0,0.0,0.0,0.0
2016,1,31,1,45,0.0,0.0,3.2,8.0,0.0,0.0,0.0
2016,1,31,2,0,0.0,0.0,3.2,8.0,0.0,0.0,0.0
2016,1,31,2,15,0.0,0.0,3.2,8.0,0.0,0.0,0.0
2016,1,31,2,30,0.0,0.0,3.2,8.0,0.0,0.0,0.0
2016,1,31,2,45,0.0,0.0,3.2,8.0,0.0,0.0,0.0
2016,1,31,3,0,0.0,0.0,3.2,8.0,0.0,0.0,0.0
2016,1,31,3,15,0.0,0.0,3.15,8.0,0.0,0.0,0.0
2016,1,31,3,30,0.0,0.0,3.1,8.0,0.0,0.0,0.0
2016,1,31,3,45,0.0,0.0,3.1,8.0,0.0,0.0,0.0
2016,1,31,4,0,0.0,0.0,3.1,8.0,0.0,0.0,0.0
2016,1,31,4,15,0.0,0.0,3.05,8.0,0.0,0.0,0.0
2016,1,31,4,30,0.0,0.0,3.0,8.0,0.0,0.0,0.0
2016,1,31,4,45,0.0,0.0,3.0,8.0,0.0,0.0,0.0
2016,1,31,5,0,0.0,0.0,3.0,8.0,0.0,0.0,0.0
2016,1,31,5,15,0.0,0.0,3.0,8.0,0.0,0.0,0.0
2016,1,31,5,30,0.0,0.0,3.0,8.0,0.0,0.0,0.0
2016,1,31,5,45,0.0,0.0,3.05,8.0,0.0,0.0,0.0
2016,1,31,6,0,0.0,0.0,3.1,8.0,0.0,0.0,0.0
2016,1,31,6,15,0.0,0.0,3.1,8.0,0.0,0.0,0.0
2016,1,31,6,30,0.0,0.0,3.1,8.0,0.0,0.0,0.0
2016,1,31,6,45,0.0,0.0,3.15,8.0,0.0,0.0,0.0
2016,1,31,7,0,0.0,0.0,3.2,8.0,0.0,0.0,0.0
2016,1,31,7,15,0.0,10.5,3.3,8.0,10.5,10.32,0.0
2016,1,31,7,30,0.0,21.0,3.4,8.0,21.0,20.64,0.0
2016,1,31,7,45,226.5,28.5,3.55,8.5,57.5,22.13,11.44
2016,1,31,8,0,453.0,36.0,3.7,9.0,94.0,27.04,18.15
2016,1,31,8,15,534.5,42.0,3.95,9.0,137.0,29.96,21.3
2016,1,31,8,30,616.0,48.0,4.2,9.0,180.0,36.0,27.05
2016,1,31,8,45,667.0,52.5,4.5,9.0,224.5,72.34,37.43
2016,1,31,9,0,718.0,57.0,4.8,9.0,269.0,114.3,62.96
2016,1,31,9,15,763.0,56.0,5.05,9.0,310.5,154.47,93.46
2016,1,31,9,30,808.0,55.0,5.3,9.0,352.0,200.88,133.14
2016,1,31,9,45,830.0,62.5,5.55,9.5,394.0,246.18,174.47
2016,1,31,10,0,852.0,70.0,5.8,10.0,436.0,295.16,219.44
2016,1,31,10,15,869.0,71.5,5.95,10.0,468.5,337.25,259.14
2016,1,31,10,30,886.0,73.0,6.1,10.0,501.0,381.11,299.9
2016,1,31,10,45,901.5,73.5,6.35,10.5,527.5,420.21,335.72
2016,1,31,11,0,917.0,74.0,6.6,11.0,554.0,458.18,369.94
2016,1,31,11,15,924.5,75.0,6.85,11.0,572.5,491.65,400.64
2016,1,31,11,30,932.0,76.0,7.1,11.0,591.0,523.09,429.16
2016,1,31,11,45,937.5,76.0,7.35,11.0,602.0,550.33,453.86
2016,1,31,12,0,943.0,76.0,7.6,11.0,613.0,575.1,476.19
2016,1,31,12,15,944.0,76.0,7.85,11.0,615.0,594.81,494.13
2016,1,31,12,30,945.0,76.0,8.1,11.0,617.0,611.64,509.49
2016,1,31,12,45,936.5,78.0,8.4,11.0,610.0,622.1,519.52
2016,1,31,13,0,928.0,80.0,8.7,11.0,603.0,629.41,526.81
2016,1,31,13,15,922.5,79.5,8.9,11.0,589.0,632.76,530.69
2016,1,31,13,30,917.0,79.0,9.1,11.0,575.0,633.03,531.94
2016,1,31,13,45,900.5,80.0,9.35,11.0,552.0,625.31,526.54
2016,1,31,14,0,884.0,81.0,9.6,11.0,529.0,616.78,520.24
2016,1,31,14,15,870.5,79.5,9.65,10.5,500.5,602.71,510.06
2016,1,31,14,30,857.0,78.0,9.7,10.0,472.0,585.97,497.42
2016,1,31,14,45,829.5,77.5,9.75,10.0,436.0,559.95,475.8
2016,1,31,15,0,802.0,77.0,9.8,10.0,400.0,532.03,452.23
2016,1,31,15,15,773.0,73.5,9.8,10.0,360.0,498.46,423.5
2016,1,31,15,30,744.0,70.0,9.8,10.0,320.0,463.66,393.11
2016,1,31,15,45,696.5,66.5,9.8,10.0,276.0,421.25,355.54
2016,1,31,16,0,649.0,63.0,9.8,10.0,232.0,377.48,316.01
2016,1,31,16,15,584.0,56.5,9.8,9.5,186.5,323.88,267.88
2016,1,31,16,30,519.0,50.0,9.8,9.0,141.0,272.8,220.87
2016,1,31,16,45,414.0,40.5,9.85,9.0,99.0,207.46,161.27
2016,1,31,17,0,309.0,31.0,9.9,9.0,57.0,148.95,101.0
2016,1,31,17,15,154.5,15.5,9.95,9.0,28.5,68.23,0.0
2016,1,31,17,30,0.0,0.0,10.0,9.0,0.0,0.0,0.0
2016,1,31,17,45,0.0,0.0,10.05,9.0,0.0,0.0,0.0
2016,1,31,18,0,0.0,0.0,10.1,9.0,0.0,0.0,0.0
2016,1,31,18,15,0.0,0.0,10.05,9.0,0.0,0.0,0.0
2016,1,31,18,30,0.0,0.0,10.0,9.0,0.0,0.0,0.0
2016,1,31,18,45,0.0,0.0,9.95,9.0,0.0,0.0,0.0
2016,1,31,19,0,0.0,0.0,9.9,9.0,0.0,0.0,0.0
2016,1,31,19,15,0.0,0.0,9.85,8.5,0.0,0.0,0.0
2016,1,31,19,30,0.0,0.0,9.8,8.0,0.0,0.0,0.0
2016,1,31,19,45,0.0,0.0,9.8,8.0,0.0,0.0,0.0
2016,1,31,20,0,0.0,0.0,9.8,8.0,0.0,0.0,0.0
2016,1,31,20,15,0.0,0.0,9.8,8.0,0.0,0.0,0.0
2016,1,31,20,30,0.0,0.0,9.8,8.0,0.0,0.0,0.0
2016,1,31,20,45,0.0,0.0,9.8,8.0,0.0,0.0,0.0
2016,1,31,21,0,0.0,0.0,9.8,8.0,0.0,0.0,0.0
2016,1,31,21,15,0.0,0.0,9.65,8.0,0.0,0.0,0.0
2016,1,31,21,30,0.0,0.0,9.5,8.0,0.0,0.0,0.0
2016,1,31,21,45,0.0,0.0,9.4,8.0,0.0,0.0,0.0
2016,1,31,22,0,0.0,0.0,9.3,8.0,0.0,0.0,0.0
2016,1,31,22,15,0.0,0.0,9.05,7.5,0.0,0.0,0.0
2016,1,31,22,30,0.0,0.0,8.8,7.0,0.0,0.0,0.0
2016,1,31,22,45,0.0,0.0,8.55,7.0,0.0,0.0,0.0
2016,1,31,23,0,0.0,0.0,8.3,7.0,0.0,0.0,0.0
2016,1,31,23,15,0.0,0.0,8.05,7.0,0.0,0.0,0.0
2016,1,31,23,30,0.0,0.0,7.8,7.0,0.0,0.0,0.0
2016,1,31,23,45,0.0,0.0,7.6,7.0,0.0,0.0,0.0
2016,2,1,0,0,0.0,0.0,7.4,7.0,0.0,0.0,0.0
2016,2,1,0,15,0.0,0.0,7.3,6.5,0.0,0.0,0.0
2016,2,1,0,30,0.0,0.0,7.2,6.0,0.0,0.0,0.0
2016,2,1,0,45,0.0,0.0,7.1,6.0,0.0,0.0,0.0
2016,2,1,1,0,0.0,0.0,7.0,6.0,0.0,0.0,0.0
2016,2,1,1,15,0.0,0.0,6.95,6.0,0.0,0.0,0.0
2016,2,1,1,30,0.0,0.0,6.9,6.0,0.0,0.0,0.0
2016,2,1,1,45,0.0,0.0,6.9,6.0,0.0,0.0,0.0
2016,2,1,2,0,0.0,0.0,6.9,6.0,0.0,0.0,0.0
2016,2,1,2,15,0.0,0.0,6.95,6.0,0.0,0.0,0.0
2016,2,1,2,30,0.0,0.0,7.0,6.0,0.0,0.0,0.0
2016,2,1,2,45,0.0,0.0,7.05,6.0,0.0,0.0,0.0
2016,2,1,3,0,0.0,0.0,7.1,6.0,0.0,0.0,0.0
2016,2,1,3,15,0.0,0.0,7.1,6.0,0.0,0.0,0.0
2016,2,1,3,30,0.0,0.0,7.1,6.0,0.0,0.0,0.0
2016,2,1,3,45,0.0,0.0,7.15,6.0,0.0,0.0,0.0
2016,2,1,4,0,0.0,0.0,7.2,6.0,0.0,0.0,0.0
2016,2,1,4,15,0.0,0.0,7.15,6.0,0.0,0.0,0.0
2016,2,1,4,30,0.0,0.0,7.1,6.0,0.0,0.0,0.0
2016,2,1,4,45,0.0,0.0,7.1,6.0,0.0,0.0,0.0
2016,2,1,5,0,0.0,0.0,7.1,6.0,0.0,0.0,0.0
2016,2,1,5,15,0.0,0.0,7.0,6.0,0.0,0.0,0.0
2016,2,1,5,30,0.0,0.0,6.9,6.0,0.0,0.0,0.0
2016,2,1,5,45,0.0,0.0,6.85,6.0,0.0,0.0,0.0
2016,2,1,6,0,0.0,0.0,6.8,6.0,0.0,0.0,0.0
2016,2,1,6,15,0.0,0.0,6.8,6.0,0.0,0.0,0.0
2016,2,1,6,30,0.0,0.0,6.8,6.0,0.0,0.0,0.0
2016,2,1,6,45,0.0,0.0,6.8,6.0,0.0,0.0,0.0
2016,2,1,7,0,0.0,0.0,6.8,6.0,0.0,0.0,0.0
2016,2,1,7,15,0.0,12.5,6.9,6.5,12.5,12.29,0.0
2016,2,1,7,30,0.0,25.0,7.0,7.0,25.0,24.57,0.0
2016,2,1,7,45,281.5,28.5,7.1,7.5,65.0,22.48,12.13
2016,2,1,8,0,563.0,32.0,7.2,8.0,105.0,25.36,16.77
2016,2,1,8,15,636.5,37.5,7.25,8.0,151.5,28.34,19.93
2016,2,1,8,30,710.0,43.0,7.3,8.0,198.0,31.9,23.43
2016,2,1,8,45,756.0,47.0,7.35,8.5,244.0,73.63,35.18
2016,2,1,9,0,802.0,51.0,7.4,9.0,290.0,119.11,63.32
2016,2,1,9,15,831.5,54.0,7.3,9.0,333.0,167.92,102.11
2016,2,1,9,30,861.0,57.0,7.2,9.0,376.0,215.1,143.5
2016,2,1,9,45,870.0,62.5,7.1,9.5,412.5,260.95,186.17
2016,2,1,10,0,879.0,68.0,7.0,10.0,449.0,306.09,228.59
2016,2,1,10,15,893.5,69.5,6.85,10.0,481.0,348.4,268.65
2016,2,1,10,30,908.0,71.0,6.7,10.0,513.0,389.92,307.57
2016,2,1,10,45,913.0,74.0,6.6,10.5,537.5,428.16,342.63
2016,2,1,11,0,918.0,77.0,6.5,11.0,562.0,464.57,375.27
2016,2,1,11,15,924.0,78.0,6.4,11.0,579.5,497.51,405.03
2016,2,1,11,30,930.0,79.0,6.3,11.0,597.0,528.33,432.42
2016,2,1,11,45,928.5,81.5,6.2,11.0,606.0,554.54,455.51
2016,2,1,12,0,927.0,84.0,6.1,11.0,615.0,578.01,475.92
2016,2,1,12,15,927.0,84.0,6.0,11.0,617.0,596.99,492.41
2016,2,1,12,30,927.0,84.0,5.9,11.0,619.0,613.12,506.32
2016,2,1,12,45,924.5,83.5,5.8,11.5,613.0,624.35,515.15
2016,2,1,13,0,922.0,83.0,5.7,12.0,607.0,632.55,521.36
2016,2,1,13,15,916.0,82.5,5.7,12.0,592.5,635.61,524.61
2016,2,1,13,30,910.0,82.0,5.7,12.0,578.0,635.6,525.32
2016,2,1,13,45,903.5,80.0,5.7,12.0,557.0,630.67,522.09
2016,2,1,14,0,897.0,78.0,5.7,12.0,536.0,622.76,516.38
2016,2,1,14,15,883.5,76.0,5.65,11.5,507.0,610.06,507.44
2016,2,1,14,30,870.0,74.0,5.6,11.0,478.0,592.59,494.52
2016,2,1,14,45,853.5,71.0,5.6,11.0,443.5,569.76,476.25
2016,2,1,15,0,837.0,68.0,5.6,11.0,409.0,544.66,455.74
2016,2,1,15,15,810.0,65.0,5.35,10.5,369.0,511.9,428.83
2016,2,1,15,30,783.0,62.0,5.1,10.0,329.0,477.77,400.13
2016,2,1,15,45,745.5,58.0,4.95,10.0,285.0,436.34,364.14
2016,2,1,16,0,708.0,54.0,4.8,10.0,241.0,394.72,327.05
2016,2,1,16,15,649.5,48.5,4.65,9.5,195.5,342.68,280.95
2016,2,1,16,30,591.0,43.0,4.5,9.0,150.0,292.54,235.19
2016,2,1,16,45,495.0,35.0,4.4,9.0,106.5,232.04,179.84
2016,2,1,17,0,399.0,27.0,4.3,9.0,63.0,175.12,121.16
2016,2,1,17,15,199.5,13.5,4.3,8.5,31.5,79.79,0.0
2016,2,1,17,30,0.0,0.0,4.3,8.0,0.0,0.0,0.0
2016,2,1,17,45,0.0,0.0,4.35,8.0,0.0,0.0,0.0
2016,2,1,18,0,0.0,0.0,4.4,8.0,0.0,0.0,0.0
2016,2,1,18,15,0.0,0.0,4.4,8.0,0.0,0.0,0.0
2016,2,1,18,30,0.0,0.0,4.4,8.0,0.0,0.0,0.0
2016,2,1,18,45,0.0,0.0,4.45,8.0,0.0,0.0,0.0
2016,2,1,19,0,0.0,0.0,4.5,8.0,0.0,0.0,0.0
2016,2,1,19,15,0.0,0.0,4.4,7.5,0.0,0.0,0.0
2016,2,1,19,30,0.0,0.0,4.3,7.0,0.0,0.0,0.0
2016,2,1,19,45,0.0,0.0,4.2,7.0,0.0,0.0,0.0
2016,2,1,20,0,0.0,0.0,4.1,7.0,0.0,0.0,0.0
2016,2,1,20,15,0.0,0.0,4.0,7.0,0.0,0.0,0.0
2016,2,1,20,30,0.0,0.0,3.9,7.0,0.0,0.0,0.0
2016,2,1,20,45,0.0,0.0,3.8,7.0,0.0,0.0,0.0
2016,2,1,21,0,0.0,0.0,3.7,7.0,0.0,0.0,0.0
2016,2,1,21,15,0.0,0.0,3.7,7.0,0.0,0.0,0.0
2016,2,1,21,30,0.0,0.0,3.7,7.0,0.0,0.0,0.0
2016,2,1,21,45,0.0,0.0,3.7,7.5,0.0,0.0,0.0
2016,2,1,22,0,0.0,0.0,3.7,8.0,0.0,0.0,0.0
2016,2,1,22,15,0.0,0.0,3.7,8.0,0.0,0.0,0.0
2016,2,1,22,30,0.0,0.0,3.7,8.0,0.0,0.0,0.0
2016,2,1,22,45,0.0,0.0,3.75,8.0,0.0,0.0,0.0
2016,2,1,23,0,0.0,0.0,3.8,8.0,0.0,0.0,0.0
2016,2,1,23,15,0.0,0.0,3.8,8.0,0.0,0.0,0.0
2016,2,1,23,30,0.0,0.0,3.8,8.0,0.0,0.0,0.0
2016,2,1,23,45,0.0,0.0,3.8,8.0,0.0,0.0,0.0
2016,2,2,0,0,0.0,0.0,3.8,8.0,0.0,0.0,0.0
2016,2,2,0,15,0.0,0.0,3.6,8.0,0.0,0.0,0.0
2016,2,2,0,30,0.0,0.0,3.4,8.0,0.0,0.0,0.0
2016,2,2,0,45,0.0,0.0,3.25,8.0,0.0,0.0,0.0
2016,2,2,1,0,0.0,0.0,3.1,8.0,0.0,0.0,0.0
2016,2,2,1,15,0.0,0.0,2.95,8.0,0.0,0.0,0.0
2016,2,2,1,30,0.0,0.0,2.8,8.0,0.0,0.0,0.0
2016,2,2,1,45,0.0,0.0,2.7,8.0,0.0,0.0,0.0
2016,2,2,2,0,0.0,0.0,2.6,8.0,0.0,0.0,0.0
2016,2,2,2,15,0.0,0.0,2.6,7.5,0.0,0.0,0.0
2016,2,2,2,30,0.0,0.0,2.6,7.0,0.0,0.0,0.0
2016,2,2,2,45,0.0,0.0,2.65,7.0,0.0,0.0,0.0
2016,2,2,3,0,0.0,0.0,2.7,7.0,0.0,0.0,0.0
2016,2,2,3,15,0.0,0.0,2.8,7.0,0.0,0.0,0.0
2016,2,2,3,30,0.0,0.0,2.9,7.0,0.0,0.0,0.0
2016,2,2,3,45,0.0,0.0,3.0,7.5,0.0,0.0,0.0
2016,2,2,4,0,0.0,0.0,3.1,8.0,0.0,0.0,0.0
2016,2,2,4,15,0.0,0.0,3.15,8.0,0.0,0.0,0.0
2016,2,2,4,30,0.0,0.0,3.2,8.0,0.0,0.0,0.0
2016,2,2,4,45,0.0,0.0,3.3,8.0,0.0,0.0,0.0
2016,2,2,5,0,0.0,0.0,3.4,8.0,0.0,0.0,0.0
2016,2,2,5,15,0.0,0.0,3.45,8.0,0.0,0.0,0.0
2016,2,2,5,30,0.0,0.0,3.5,8.0,0.0,0.0,0.0
2016,2,2,5,45,0.0,0.0,3.55,8.0,0.0,0.0,0.0
2016,2,2,6,0,0.0,0.0,3.6,8.0,0.0,0.0,0.0
2016,2,2,6,15,0.0,0.0,3.6,8.0,0.0,0.0,0.0
2016,2,2,6,30,0.0,0.0,3.6,8.0,0.0,0.0,0.0
2016,2,2,6,45,0.0,0.0,3.6,8.0,0.0,0.0,0.0
2016,2,2,7,0,0.0,0.0,3.6,8.0,0.0,0.0,0.0
2016,2,2,7,15,0.0,10.5,3.6,8.0,10.5,10.32,0.0
2016,2,2,7,30,0.0,21.0,3.6,8.0,21.0,19.29,0.0
2016,2,2,7,45,171.0,33.5,3.65,8.5,56.0,26.15,15.38
2016,2,2,8,0,342.0,46.0,3.7,9.0,91.0,36.37,26.47
2016,2,2,8,15,425.0,55.0,3.65,9.0,133.5,41.48,31.7
2016,2,2,8,30,508.0,64.0,3.6,9.0,176.0,48.52,38.42
2016,2,2,8,45,569.5,69.5,3.6,9.0,220.5,82.79,48.12
2016,2,2,9,0,631.0,75.0,3.6,9.0,265.0,122.66,73.29
2016,2,2,9,15,668.0,79.5,3.5,9.0,306.5,163.2,105.01
2016,2,2,9,30,705.0,84.0,3.4,9.0,348.0,206.31,141.92
2016,2,2,9,45,741.0,85.0,3.3,9.5,387.0,248.31,179.13
2016,2,2,10,0,777.0,86.0,3.2,10.0,426.0,294.45,220.2
2016,2,2,10,15,795.5,88.0,3.05,10.0,457.5,334.81,257.17
2016,2,2,10,30,814.0,90.0,2.9,10.0,489.0,374.99,293.45
2016,2,2,10,45,407.0,124.5,2.8,10.0,324.0,275.97,221.46
2016,2,2,11,0,0.0,159.0,2.7,10.0,159.0,152.45,123.18
2016,2,2,11,15,0.0,100.5,2.65,10.0,100.5,97.13,77.01
2016,2,2,11,30,0.0,42.0,2.6,10.0,42.0,40.59,29.11
2016,2,2,11,45,0.0,34.0,2.6,10.5,34.0,32.85,22.46
2016,2,2,12,0,0.0,26.0,2.6,11.0,26.0,25.12,15.81
2016,2,2,12,15,0.0,66.0,2.7,11.0,66.0,63.83,48.66
2016,2,2,12,30,0.0,106.0,2.8,11.0,106.0,102.6,81.22
2016,2,2,12,45,0.0,105.5,2.95,11.0,105.5,102.15,80.81
2016,2,2,13,0,0.0,105.0,3.1,11.0,105.0,101.69,80.48
2016,2,2,13,15,0.0,102.5,3.15,11.0,102.5,99.29,78.52
2016,2,2,13,30,0.0,100.0,3.2,11.0,100.0,96.87,76.58
2016,2,2,13,45,441.0,88.5,3.25,11.5,315.5,366.45,306.27
2016,2,2,14,0,882.0,77.0,3.3,12.0,531.0,616.29,505.47
2016,2,2,14,15,869.0,75.5,3.3,12.0,503.0,604.49,495.06
2016,2,2,14,30,856.0,74.0,3.3,12.0,475.0,587.95,482.47
2016,2,2,14,45,837.5,71.5,3.3,12.0,440.5,564.66,464.38
2016,2,2,15,0,819.0,69.0,3.3,12.0,406.0,539.2,444.21
2016,2,2,15,15,792.5,66.0,3.2,11.5,366.5,506.95,418.72
2016,2,2,15,30,766.0,63.0,3.1,11.0,327.0,473.35,391.45
2016,2,2,15,45,722.5,60.0,3.05,11.0,283.0,430.37,355.22
2016,2,2,16,0,679.0,57.0,3.0,11.0,239.0,387.53,318.13
2016,2,2,16,15,620.0,51.5,2.95,10.5,194.0,338.31,275.32
2016,2,2,16,30,561.0,46.0,2.9,10.0,149.0,289.18,231.34
2016,2,2,16,45,461.0,37.5,2.85,9.5,106.0,224.53,174.0
2016,2,2,17,0,361.0,29.0,2.8,9.0,63.0,166.45,117.29
2016,2,2,17,15,180.5,14.5,2.85,8.5,31.5,76.89,0.0
2016,2,2,17,30,0.0,0.0,2.9,8.0,0.0,0.0,0.0
2016,2,2,17,45,0.0,0.0,3.0,8.0,0.0,0.0,0.0
2016,2,2,18,0,0.0,0.0,3.1,8.0,0.0,0.0,0.0
2016,2,2,18,15,0.0,0.0,3.1,8.0,0.0,0.0,0.0
2016,2,2,18,30,0.0,0.0,3.1,8.0,0.0,0.0,0.0
2016,2,2,18,45,0.0,0.0,3.1,8.0,0.0,0.0,0.0
2016,2,2,19,0,0.0,0.0,3.1,8.0,0.0,0.0,0.0
2016,2,2,19,15,0.0,0.0,3.05,7.5,0.0,0.0,0.0
2016,2,2,19,30,0.0,0.0,3.0,7.0,0.0,0.0,0.0
2016,2,2,19,45,0.0,0.0,2.95,7.0,0.0,0.0,0.0
2016,2,2,20,0,0.0,0.0,2.9,7.0,0.0,0.0,0.0
2016,2,2,20,15,0.0,0.0,2.85,6.5,0.0,0.0,0.0
2016,2,2,20,30,0.0,0.0,2.8,6.0,0.0,0.0,0.0
2016,2,2,20,45,0.0,0.0,2.8,6.0,0.0,0.0,0.0
2016,2,2,21,0,0.0,0.0,2.8,6.0,0.0,0.0,0.0
2016,2,2,21,15,0.0,0.0,2.8,6.0,0.0,0.0,0.0
2016,2,2,21,30,0.0,0.0,2.8,6.0,0.0,0.0,0.0
2016,2,2,21,45,0.0,0.0,2.85,6.0,0.0,0.0,0.0
2016,2,2,22,0,0.0,0.0,2.9,6.0,0.0,0.0,0.0
2016,2,2,22,15,0.0,0.0,2.9,6.0,0.0,0.0,0.0
2016,2,2,22,30,0.0,0.0,2.9,6.0,0.0,0.0,0.0
2016,2,2,22,45,0.0,0.0,2.95,6.0,0.0,0.0,0.0
2016,2,2,23,0,0.0,0.0,3.0,6.0,0.0,0.0,0.0
2016,2,2,23,15,0.0,0.0,3.05,6.0,0.0,0.0,0.0
2016,2,2,23,30,0.0,0.0,3.1,6.0,0.0,0.0,0.0
2016,2,2,23,45,0.0,0.0,3.15,6.0,0.0,0.0,0.0
2016,2,3,0,0,0.0,0.0,3.2,6.0,0.0,0.0,0.0
2016,2,3,0,15,0.0,0.0,3.25,6.0,0.0,0.0,0.0
2016,2,3,0,30,0.0,0.0,3.3,6.0,0.0,0.0,0.0
2016,2,3,0,45,0.0,0.0,3.35,6.0,0.0,0.0,0.0
2016,2,3,1,0,0.0,0.0,3.4,6.0,0.0,0.0,0.0
2016,2,3,1,15,0.0,0.0,3.4,6.0,0.0,0.0,0.0
2016,2,3,1,30,0.0,0.0,3.4,6.0,0.0,0.0,0.0
2016,2,3,1,45,0.0,0.0,3.45,6.0,0.0,0.0,0.0
2016,2,3,2,0,0.0,0.0,3.5,6.0,0.0,0.0,0.0
2016,2,3,2,15,0.0,0.0,3.45,6.0,0.0,0.0,0.0
2016,2,3,2,30,0.0,0.0,3.4,6.0,0.0,0.0,0.0
2016,2,3,2,45,0.0,0.0,3.4,6.0,0.0,0.0,0.0
2016,2,3,3,0,0.0,0.0,3.4,6.0,0.0,0.0,0.0
2016,2,3,3,15,0.0,0.0,3.35,5.5,0.0,0.0,0.0
2016,2,3,3,30,0.0,0.0,3.3,5.0,0.0,0.0,0.0
2016,2,3,3,45,0.0,0.0,3.3,5.0,0.0,0.0,0.0
2016,2,3,4,0,0.0,0.0,3.3,5.0,0.0,0.0,0.0
2016,2,3,4,15,0.0,0.0,3.25,5.0,0.0,0.0,0.0
2016,2,3,4,30,0.0,0.0,3.2,5.0,0.0,0.0,0.0
2016,2,3,4,45,0.0,0.0,3.2,5.0,0.0,0.0,0.0
2016,2,3,5,0,0.0,0.0,3.2,5.0,0.0,0.0,0.0
2016,2,3,5,15,0.0,0.0,3.15,5.0,0.0,0.0,0.0
2016,2,3,5,30,0.0,0.0,3.1,5.0,0.0,0.0,0.0
2016,2,3,5,45,0.0,0.0,3.05,5.0,0.0,0.0,0.0
2016,2,3,6,0,0.0,0.0,3.0,5.0,0.0,0.0,0.0
2016,2,3,6,15,0.0,0.0,2.9,5.0,0.0,0.0,0.0
2016,2,3,6,30,0.0,0.0,2.8,5.0,0.0,0.0,0.0
2016,2,3,6,45,0.0,0.0,2.75,5.5,0.0,0.0,0.0
2016,2,3,7,0,0.0,0.0,2.7,6.0,0.0,0.0,0.0
2016,2,3,7,15,0.0,12.5,2.8,6.0,12.5,12.29,0.0
2016,2,3,7,30,0.0,25.0,2.9,6.0,25.0,22.43,0.0
2016,2,3,7,45,214.0,32.5,3.05,6.5,62.0,25.23,15.13
2016,2,3,8,0,428.0,40.0,3.2,7.0,99.0,30.23,21.32
2016,2,3,8,15,504.5,48.0,3.2,7.0,142.5,34.74,25.91
2016,2,3,8,30,581.0,56.0,3.2,7.0,186.0,43.23,33.94
2016,2,3,8,45,628.5,61.5,3.25,7.5,230.0,80.66,44.02
2016,2,3,9,0,676.0,67.0,3.3,8.0,274.0,122.15,70.96
2016,2,3,9,15,710.0,71.5,3.3,8.5,315.5,164.49,104.48
2016,2,3,9,30,744.0,76.0,3.3,9.0,357.0,211.69,145.06
2016,2,3,9,45,483.5,132.0,3.3,9.5,322.0,230.97,173.8
2016,2,3,10,0,223.0,188.0,3.3,10.0,287.0,233.48,185.5
2016,2,3,10,15,519.0,139.0,3.2,10.0,389.5,292.77,229.3
2016,2,3,10,30,815.0,90.0,3.1,10.0,492.0,378.12,296.72
2016,2,3,10,45,824.0,92.5,3.05,10.5,516.5,414.74,328.93
2016,2,3,11,0,833.0,95.0,3.0,11.0,541.0,450.04,359.42
2016,2,3,11,15,770.0,112.5,3.0,11.0,535.0,463.72,373.04
2016,2,3,11,30,707.0,130.0,3.0,11.0,529.0,473.39,382.67
2016,2,3,11,45,387.0,193.5,3.0,11.5,413.0,388.6,315.17
2016,2,3,12,0,67.0,257.0,3.0,12.0,297.0,284.67,229.53
2016,2,3,12,15,34.0,215.5,3.0,12.0,236.0,228.73,184.54
2016,2,3,12,30,1.0,174.0,3.0,12.0,175.0,169.23,135.7
2016,2,3,12,45,123.0,217.5,3.05,12.0,289.0,288.79,235.16
2016,2,3,13,0,245.0,261.0,3.1,12.0,403.0,408.19,331.6
2016,2,3,13,15,183.5,257.5,3.1,12.0,362.5,371.22,301.35
2016,2,3,13,30,122.0,254.0,3.1,12.0,322.0,333.01,270.4
2016,2,3,13,45,193.0,240.0,3.15,12.0,342.5,363.76,296.81
2016,2,3,14,0,264.0,226.0,3.2,12.0,363.0,398.4,325.86
2016,2,3,14,15,299.5,207.5,3.15,12.0,355.5,400.59,328.48
2016,2,3,14,30,335.0,189.0,3.1,12.0,348.0,400.88,329.65
2016,2,3,14,45,407.0,161.5,3.1,12.0,340.5,416.14,343.11
2016,2,3,15,0,479.0,134.0,3.1,12.0,333.0,422.03,348.79
2016,2,3,15,15,446.0,128.0,3.05,11.5,299.5,390.11,323.24
2016,2,3,15,30,413.0,122.0,3.0,11.0,266.0,358.15,297.3
2016,2,3,15,45,386.0,109.0,3.0,11.0,229.5,321.69,266.73
2016,2,3,16,0,359.0,96.0,3.0,11.0,193.0,285.44,235.64
2016,2,3,16,15,322.5,81.0,2.95,10.5,156.5,243.29,199.27
2016,2,3,16,30,286.0,66.0,2.9,10.0,120.0,202.54,163.21
2016,2,3,16,45,226.5,50.5,2.9,10.0,85.5,154.55,120.45
2016,2,3,17,0,167.0,35.0,2.9,10.0,51.0,110.55,78.78
2016,2,3,17,15,83.5,17.5,2.9,10.0,25.5,52.32,0.0
2016,2,3,17,30,0.0,0.0,2.9,10.0,0.0,0.0,0.0
2016,2,3,17,45,0.0,0.0,2.9,10.0,0.0,0.0,0.0
2016,2,3,18,0,0.0,0.0,2.9,10.0,0.0,0.0,0.0
2016,2,3,18,15,0.0,0.0,2.85,10.0,0.0,0.0,0.0
2016,2,3,18,30,0.0,0.0,2.8,10.0,0.0,0.0,0.0
2016,2,3,18,45,0.0,0.0,2.8,10.0,0.0,0.0,0.0
2016,2,3,19,0,0.0,0.0,2.8,10.0,0.0,0.0,0.0
2016,2,3,19,15,0.0,0.0,2.65,10.0,0.0,0.0,0.0
2016,2,3,19,30,0.0,0.0,2.5,10.0,0.0,0.0,0.0
2016,2,3,19,45,0.0,0.0,2.45,10.0,0.0,0.0,0.0
2016,2,3,20,0,0.0,0.0,2.4,10.0,0.0,0.0,0.0
2016,2,3,20,15,0.0,0.0,2.4,10.0,0.0,0.0,0.0
2016,2,3,20,30,0.0,0.0,2.4,10.0,0.0,0.0,0.0
2016,2,3,20,45,0.0,0.0,2.45,10.0,0.0,0.0,0.0
2016,2,3,21,0,0.0,0.0,2.5,10.0,0.0,0.0,0.0
2016,2,3,21,15,0.0,0.0,2.5,10.0,0.0,0.0,0.0
2016,2,3,21,30,0.0,0.0,2.5,10.0,0.0,0.0,0.0
2016,2,3,21,45,0.0,0.0,2.5,10.0,0.0,0.0,0.0
2016,2,3,22,0,0.0,0.0,2.5,10.0,0.0,0.0,0.0
2016,2,3,22,15,0.0,0.0,2.4,10.0,0.0,0.0,0.0
2016,2,3,22,30,0.0,0.0,2.3,10.0,0.0,0.0,0.0
2016,2,3,22,45,0.0,0.0,2.2,10.0,0.0,0.0,0.0
2016,2,3,23,0,0.0,0.0,2.1,10.0,0.0,0.0,0.0
2016,2,3,23,15,0.0,0.0,2.0,10.0,0.0,0.0,0.0
2016,2,3,23,30,0.0,0.0,1.9,10.0,0.0,0.0,0.0
2016,2,3,23,45,0.0,0.0,1.85,10.0,0.0,0.0,0.0
2016,2,4,0,0,0.0,0.0,1.8,10.0,0.0,0.0,0.0
2016,2,4,0,15,0.0,0.0,1.8,10.0,0.0,0.0,0.0
2016,2,4,0,30,0.0,0.0,1.8,10.0,0.0,0.0,0.0
2016,2,4,0,45,0.0,0.0,1.8,10.0,0.0,0.0,0.0
2016,2,4,1,0,0.0,0.0,1.8,10.0,0.0,0.0,0.0
2016,2,4,1,15,0.0,0.0,1.85,9.5,0.0,0.0,0.0
2016,2,4,1,30,0.0,0.0,1.9,9.0,0.0,0.0,0.0
2016,2,4,1,45,0.0,0.0,2.0,9.0,0.0,0.0,0.0
2016,2,4,2,0,0.0,0.0,2.1,9.0,0.0,0.0,0.0
2016,2,4,2,15,0.0,0.0,2.15,9.0,0.0,0.0,0.0
2016,2,4,2,30,0.0,0.0,2.2,9.0,0.0,0.0,0.0
2016,2,4,2,45,0.0,0.0,2.25,9.0,0.0,0.0,0.0
2016,2,4,3,0,0.0,0.0,2.3,9.0,0.0,0.0,0.0
2016,2,4,3,15,0.0,0.0,2.35,8.5,0.0,0.0,0.0
2016,2,4,3,30,0.0,0.0,2.4,8.0,0.0,0.0,0.0
2016,2,4,3,45,0.0,0.0,2.45,8.0,0.0,0.0,0.0
2016,2,4,4,0,0.0,0.0,2.5,8.0,0.0,0.0,0.0
2016,2,4,4,15,0.0,0.0,2.55,7.5,0.0,0.0,0.0
2016,2,4,4,30,0.0,0.0,2.6,7.0,0.0,0.0,0.0
2016,2,4,4,45,0.0,0.0,2.7,7.0,0.0,0.0,0.0
2016,2,4,5,0,0.0,0.0,2.8,7.0,0.0,0.0,0.0
2016,2,4,5,15,0.0,0.0,2.85,7.0,0.0,0.0,0.0
2016,2,4,5,30,0.0,0.0,2.9,7.0,0.0,0.0,0.0
2016,2,4,5,45,0.0,0.0,3.0,7.0,0.0,0.0,0.0
2016,2,4,6,0,0.0,0.0,3.1,7.0,0.0,0.0,0.0
2016,2,4,6,15,0.0,0.0,3.2,7.0,0.0,0.0,0.0
2016,2,4,6,30,0.0,0.0,3.3,7.0,0.0,0.0,0.0
2016,2,4,6,45,0.0,0.0,3.4,7.0,0.0,0.0,0.0
2016,2,4,7,0,0.0,0.0,3.5,7.0,0.0,0.0,0.0
2016,2,4,7,15,0.0,13.5,3.6,7.0,13.5,13.27,0.0
2016,2,4,7,30,0.0,27.0,3.7,7.0,27.0,24.05,0.0
2016,2,4,7,45,225.0,33.5,3.8,7.5,65.0,25.98,15.95
2016,2,4,8,0,450.0,40.0,3.9,8.0,103.0,30.03,21.08
2016,2,4,8,15,525.0,47.5,3.85,8.0,147.0,34.09,25.24
2016,2,4,8,30,600.0,55.0,3.8,8.0,191.0,44.23,28.53
2016,2,4,8,45,646.5,60.5,3.75,8.5,235.0,82.73,44.39
2016,2,4,9,0,693.0,66.0,3.7,9.0,279.0,125.16,72.34
2016,2,4,9,15,725.5,70.0,3.7,9.0,321.0,170.54,108.86
2016,2,4,9,30,758.0,74.0,3.7,9.0,363.0,214.99,147.6
2016,2,4,9,45,778.0,77.5,3.7,9.5,399.5,257.73,186.48
2016,2,4,10,0,798.0,81.0,3.7,10.0,436.0,300.89,225.92
2016,2,4,10,15,814.5,83.5,3.65,10.0,467.5,342.13,263.97
2016,2,4,10,30,831.0,86.0,3.6,10.0,499.0,383.01,301.15
2016,2,4,10,45,842.5,87.5,3.6,10.5,524.0,420.32,334.3
2016,2,4,11,0,854.0,89.0,3.6,11.0,549.0,456.41,365.66
2016,2,4,11,15,861.5,90.0,3.5,11.0,567.0,488.75,393.85
2016,2,4,11,30,869.0,91.0,3.4,11.0,585.0,519.23,419.93
2016,2,4,11,45,873.0,91.5,3.35,11.5,595.5,545.38,441.38
2016,2,4,12,0,877.0,92.0,3.3,12.0,606.0,569.18,460.48
2016,2,4,12,15,774.5,121.0,3.15,12.0,576.0,558.84,452.5
2016,2,4,12,30,672.0,150.0,3.0,12.0,546.0,543.29,440.12
2016,2,4,12,45,775.0,120.5,2.9,12.5,573.0,585.47,473.63
2016,2,4,13,0,878.0,91.0,2.8,13.0,600.0,626.46,505.42
2016,2,4,13,15,739.5,126.0,2.65,13.0,548.0,586.35,473.22
2016,2,4,13,30,601.0,161.0,2.5,13.0,496.0,541.9,437.77
2016,2,4,13,45,571.0,163.5,2.45,13.0,473.0,525.95,425.9
2016,2,4,14,0,541.0,166.0,2.4,13.0,450.0,510.45,413.99
2016,2,4,14,15,495.0,167.0,2.3,13.0,416.5,482.22,391.86
2016,2,4,14,30,449.0,168.0,2.2,13.0,383.0,453.09,368.88
2016,2,4,14,45,486.5,147.0,2.15,13.0,365.0,448.44,366.18
2016,2,4,15,0,524.0,126.0,2.1,13.0,347.0,440.64,360.59
2016,2,4,15,15,496.0,120.5,2.05,12.5,313.5,410.92,337.29
2016,2,4,15,30,468.0,115.0,2.0,12.0,280.0,380.81,313.26
2016,2,4,15,45,449.0,101.5,2.0,12.0,243.5,346.14,284.64
2016,2,4,16,0,430.0,88.0,2.0,12.0,207.0,311.03,254.86
2016,2,4,16,15,483.5,69.0,2.0,11.5,180.0,302.92,246.24
2016,2,4,16,30,537.0,50.0,2.0,11.0,153.0,288.49,230.55
2016,2,4,16,45,446.5,41.0,2.05,11.0,110.5,226.72,175.87
2016,2,4,17,0,356.0,32.0,2.1,11.0,68.0,170.75,123.03
2016,2,4,17,15,178.0,16.0,2.2,10.5,34.0,80.56,9.59
2016,2,4,17,30,0.0,0.0,2.3,10.0,0.0,0.0,0.0
2016,2,4,17,45,0.0,0.0,2.4,10.0,0.0,0.0,0.0
2016,2,4,18,0,0.0,0.0,2.5,10.0,0.0,0.0,0.0
2016,2,4,18,15,0.0,0.0,2.65,9.5,0.0,0.0,0.0
2016,2,4,18,30,0.0,0.0,2.8,9.0,0.0,0.0,0.0
2016,2,4,18,45,0.0,0.0,2.95,9.0,0.0,0.0,0.0
2016,2,4,19,0,0.0,0.0,3.1,9.0,0.0,0.0,0.0
2016,2,4,19,15,0.0,0.0,3.2,9.0,0.0,0.0,0.0
2016,2,4,19,30,0.0,0.0,3.3,9.0,0.0,0.0,0.0
2016,2,4,19,45,0.0,0.0,3.4,9.0,0.0,0.0,0.0
2016,2,4,20,0,0.0,0.0,3.5,9.0,0.0,0.0,0.0
2016,2,4,20,15,0.0,0.0,3.5,9.0,0.0,0.0,0.0
2016,2,4,20,30,0.0,0.0,3.5,9.0,0.0,0.0,0.0
2016,2,4,20,45,0.0,0.0,3.55,9.0,0.0,0.0,0.0
2016,2,4,21,0,0.0,0.0,3.6,9.0,0.0,0.0,0.0
2016,2,4,21,15,0.0,0.0,3.55,8.5,0.0,0.0,0.0
2016,2,4,21,30,0.0,0.0,3.5,8.0,0.0,0.0,0.0
2016,2,4,21,45,0.0,0.0,3.5,8.0,0.0,0.0,0.0
2016,2,4,22,0,0.0,0.0,3.5,8.0,0.0,0.0,0.0
2016,2,4,22,15,0.0,0.0,3.4,8.0,0.0,0.0,0.0
2016,2,4,22,30,0.0,0.0,3.3,8.0,0.0,0.0,0.0
2016,2,4,22,45,0.0,0.0,3.25,8.0,0.0,0.0,0.0
2016,2,4,23,0,0.0,0.0,3.2,8.0,0.0,0.0,0.0
2016,2,4,23,15,0.0,0.0,3.15,8.0,0.0,0.0,0.0
2016,2,4,23,30,0.0,0.0,3.1,8.0,0.0,0.0,0.0
2016,2,4,23,45,0.0,0.0,3.05,8.0,0.0,0.0,0.0
2016,2,5,0,0,0.0,0.0,3.0,8.0,0.0,0.0,0.0
2016,2,5,0,15,0.0,0.0,2.95,7.5,0.0,0.0,0.0
2016,2,5,0,30,0.0,0.0,2.9,7.0,0.0,0.0,0.0
2016,2,5,0,45,0.0,0.0,2.9,7.0,0.0,0.0,0.0
2016,2,5,1,0,0.0,0.0,2.9,7.0,0.0,0.0,0.0
2016,2,5,1,15,0.0,0.0,2.9,7.0,0.0,0.0,0.0
2016,2,5,1,30,0.0,0.0,2.9,7.0,0.0,0.0,0.0
2016,2,5,1,45,0.0,0.0,2.9,7.0,0.0,0.0,0.0
2016,2,5,2,0,0.0,0.0,2.9,7.0,0.0,0.0,0.0
2016,2,5,2,15,0.0,0.0,2.95,7.0,0.0,0.0,0.0
2016,2,5,2,30,0.0,0.0,3.0,7.0,0.0,0.0,0.0
2016,2,5,2,45,0.0,0.0,3.05,7.0,0.0,0.0,0.0
2016,2,5,3,0,0.0,0.0,3.1,7.0,0.0,0.0,0.0
2016,2,5,3,15,0.0,0.0,3.1,6.5,0.0,0.0,0.0
2016,2,5,3,30,0.0,0.0,3.1,6.0,0.0,0.0,0.0
2016,2,5,3,45,0.0,0.0,3.15,6.0,0.0,0.0,0.0
2016,2,5,4,0,0.0,0.0,3.2,6.0,0.0,0.0,0.0
2016,2,5,4,15,0.0,0.0,3.2,6.0,0.0,0.0,0.0
2016,2,5,4,30,0.0,0.0,3.2,6.0,0.0,0.0,0.0
2016,2,5,4,45,0.0,0.0,3.2,6.0,0.0,0.0,0.0
2016,2,5,5,0,0.0,0.0,3.2,6.0,0.0,0.0,0.0
2016,2,5,5,15,0.0,0.0,3.2,6.0,0.0,0.0,0.0
2016,2,5,5,30,0.0,0.0,3.2,6.0,0.0,0.0,0.0
2016,2,5,5,45,0.0,0.0,3.2,6.0,0.0,0.0,0.0
2016,2,5,6,0,0.0,0.0,3.2,6.0,0.0,0.0,0.0
2016,2,5,6,15,0.0,0.0,3.15,6.0,0.0,0.0,0.0
2016,2,5,6,30,0.0,0.0,3.1,6.0,0.0,0.0,0.0
2016,2,5,6,45,0.0,0.0,3.1,6.0,0.0,0.0,0.0
2016,2,5,7,0,0.0,0.0,3.1,6.0,0.0,0.0,0.0
2016,2,5,7,15,96.0,9.5,3.15,6.5,14.5,9.34,0.0
2016,2,5,7,30,192.0,19.0,3.2,7.0,29.0,15.11,0.0
2016,2,5,7,45,318.0,31.0,3.3,7.5,67.5,24.15,14.67
2016,2,5,8,0,444.0,43.0,3.4,8.0,106.0,32.66,23.48
2016,2,5,8,15,520.5,51.0,3.35,8.5,151.5,37.03,27.86
2016,2,5,8,30,597.0,59.0,3.3,9.0,197.0,49.47,31.64
2016,2,5,8,45,644.5,65.0,3.3,9.5,242.0,88.49,48.6
2016,2,5,9,0,692.0,71.0,3.3,10.0,287.0,131.59,77.37
2016,2,5,9,15,726.0,75.0,3.25,10.5,329.5,174.58,111.65
2016,2,5,9,30,760.0,79.0,3.2,11.0,372.0,222.52,152.81
2016,2,5,9,45,789.5,81.0,3.15,11.5,411.0,266.42,191.96
2016,2,5,10,0,819.0,83.0,3.1,12.0,450.0,311.56,232.34
2016,2,5,10,15,835.5,85.0,2.85,12.0,482.5,353.31,270.2
2016,2,5,10,30,852.0,87.0,2.6,12.0,515.0,394.65,306.96
2016,2,5,10,45,862.5,89.0,2.4,12.5,540.0,432.89,339.88
2016,2,5,11,0,873.0,91.0,2.2,13.0,565.0,469.82,370.68
2016,2,5,11,15,879.5,92.5,2.0,13.0,583.0,502.86,398.19
2016,2,5,11,30,886.0,94.0,1.8,13.0,601.0,533.95,423.33
2016,2,5,11,45,752.0,131.0,1.6,13.5,566.5,523.35,414.71
2016,2,5,12,0,618.0,168.0,1.4,14.0,532.0,505.45,399.94
2016,2,5,12,15,669.5,152.0,1.2,14.0,548.0,533.3,421.44
2016,2,5,12,30,721.0,136.0,1.0,14.0,564.0,560.56,441.57
2016,2,5,12,45,799.0,117.5,0.8,14.5,587.5,599.75,469.04
2016,2,5,13,0,877.0,99.0,0.6,15.0,611.0,637.74,494.42
2016,2,5,13,15,732.5,132.5,0.8,15.0,554.0,591.83,462.32
2016,2,5,13,30,588.0,166.0,1.0,15.0,497.0,541.47,426.48
2016,2,5,13,45,558.5,169.0,1.25,15.0,474.0,526.37,417.64
2016,2,5,14,0,529.0,172.0,1.5,15.0,451.0,511.65,408.16
2016,2,5,14,15,684.0,127.5,1.6,15.0,469.0,560.08,447.78
2016,2,5,14,30,839.0,83.0,1.7,15.0,487.0,598.37,478.9
2016,2,5,14,45,825.5,79.5,1.85,15.0,453.5,576.96,463.4
2016,2,5,15,0,812.0,76.0,2.0,15.0,420.0,553.23,446.12
2016,2,5,15,15,787.0,73.0,1.9,14.5,380.5,521.61,421.92
2016,2,5,15,30,762.0,70.0,1.8,14.0,341.0,488.55,395.98
2016,2,5,15,45,721.5,66.5,1.75,14.0,297.0,446.0,361.33
2016,2,5,16,0,681.0,63.0,1.7,14.0,253.0,405.8,327.54
2016,2,5,16,15,624.0,57.0,1.7,13.5,207.5,353.95,284.18
2016,2,5,16,30,567.0,51.0,1.7,13.0,162.0,304.07,240.98
2016,2,5,16,45,464.0,42.5,1.7,12.5,117.0,236.71,182.95
2016,2,5,17,0,361.0,34.0,1.7,12.0,72.0,175.9,127.64
2016,2,5,17,15,180.5,17.0,1.75,11.5,36.0,83.87,21.38
2016,2,5,17,30,0.0,0.0,1.8,11.0,0.0,0.0,0.0
2016,2,5,17,45,0.0,0.0,1.9,11.0,0.0,0.0,0.0
2016,2,5,18,0,0.0,0.0,2.0,11.0,0.0,0.0,0.0
2016,2,5,18,15,0.0,0.0,2.25,10.5,0.0,0.0,0.0
2016,2,5,18,30,0.0,0.0,2.5,10.0,0.0,0.0,0.0
2016,2,5,18,45,0.0,0.0,2.75,10.0,0.0,0.0,0.0
2016,2,5,19,0,0.0,0.0,3.0,10.0,0.0,0.0,0.0
2016,2,5,19,15,0.0,0.0,3.05,10.0,0.0,0.0,0.0
2016,2,5,19,30,0.0,0.0,3.1,10.0,0.0,0.0,0.0
2016,2,5,19,45,0.0,0.0,3.15,10.0,0.0,0.0,0.0
2016,2,5,20,0,0.0,0.0,3.2,10.0,0.0,0.0,0.0
2016,2,5,20,15,0.0,0.0,3.25,9.5,0.0,0.0,0.0
2016,2,5,20,30,0.0,0.0,3.3,9.0,0.0,0.0,0.0
2016,2,5,20,45,0.0,0.0,3.35,9.0,0.0,0.0,0.0
2016,2,5,21,0,0.0,0.0,3.4,9.0,0.0,0.0,0.0
2016,2,5,21,15,0.0,0.0,3.45,9.0,0.0,0.0,0.0
2016,2,5,21,30,0.0,0.0,3.5,9.0,0.0,0.0,0.0
2016,2,5,21,45,0.0,0.0,3.55,9.0,0.0,0.0,0.0
2016,2,5,22,0,0.0,0.0,3.6,9.0,0.0,0.0,0.0
2016,2,5,22,15,0.0,0.0,3.6,8.5,0.0,0.0,0.0
2016,2,5,22,30,0.0,0.0,3.6,8.0,0.0,0.0,0.0
2016,2,5,22,45,0.0,0.0,3.6,8.0,0.0,0.0,0.0
2016,2,5,23,0,0.0,0.0,3.6,8.0,0.0,0.0,0.0
2016,2,5,23,15,0.0,0.0,3.4,8.0,0.0,0.0,0.0
2016,2,5,23,30,0.0,0.0,3.2,8.0,0.0,0.0,0.0
2016,2,5,23,45,0.0,0.0,3.05,8.0,0.0,0.0,0.0
2016,2,6,0,0,0.0,0.0,2.9,8.0,0.0,0.0,0.0
2016,2,6,0,15,0.0,0.0,2.8,8.0,0.0,0.0,0.0
2016,2,6,0,30,0.0,0.0,2.7,8.0,0.0,0.0,0.0
2016,2,6,0,45,0.0,0.0,2.6,8.0,0.0,0.0,0.0
2016,2,6,1,0,0.0,0.0,2.5,8.0,0.0,0.0,0.0
2016,2,6,1,15,0.0,0.0,2.5,8.0,0.0,0.0,0.0
2016,2,6,1,30,0.0,0.0,2.5,8.0,0.0,0.0,0.0
2016,2,6,1,45,0.0,0.0,2.5,8.0,0.0,0.0,0.0
2016,2,6,2,0,0.0,0.0,2.5,8.0,0.0,0.0,0.0
2016,2,6,2,15,0.0,0.0,2.55,7.5,0.0,0.0,0.0
2016,2,6,2,30,0.0,0.0,2.6,7.0,0.0,0.0,0.0
2016,2,6,2,45,0.0,0.0,2.65,7.0,0.0,0.0,0.0
2016,2,6,3,0,0.0,0.0,2.7,7.0,0.0,0.0,0.0
2016,2,6,3,15,0.0,0.0,2.7,7.0,0.0,0.0,0.0
2016,2,6,3,30,0.0,0.0,2.7,7.0,0.0,0.0,0.0
2016,2,6,3,45,0.0,0.0,2.75,7.0,0.0,0.0,0.0
2016,2,6,4,0,0.0,0.0,2.8,7.0,0.0,0.0,0.0
2016,2,6,4,15,0.0,0.0,2.85,7.0,0.0,0.0,0.0
2016,2,6,4,30,0.0,0.0,2.9,7.0,0.0,0.0,0.0
2016,2,6,4,45,0.0,0.0,2.95,7.0,0.0,0.0,0.0
2016,2,6,5,0,0.0,0.0,3.0,7.0,0.0,0.0,0.0
2016,2,6,5,15,0.0,0.0,3.05,6.5,0.0,0.0,0.0
2016,2,6,5,30,0.0,0.0,3.1,6.0,0.0,0.0,0.0
2016,2,6,5,45,0.0,0.0,3.15,6.0,0.0,0.0,0.0
2016,2,6,6,0,0.0,0.0,3.2,6.0,0.0,0.0,0.0
2016,2,6,6,15,0.0,0.0,3.25,6.0,0.0,0.0,0.0
2016,2,6,6,30,0.0,0.0,3.3,6.0,0.0,0.0,0.0
2016,2,6,6,45,0.0,0.0,3.35,6.5,0.0,0.0,0.0
2016,2,6,7,0,0.0,0.0,3.4,7.0,0.0,0.0,0.0
2016,2,6,7,15,113.5,9.5,3.55,7.5,15.5,9.34,0.0
2016,2,6,7,30,227.0,19.0,3.7,8.0,31.0,14.94,0.0
2016,2,6,7,45,345.5,30.0,3.85,8.5,70.0,22.97,13.8
2016,2,6,8,0,464.0,41.0,4.0,9.0,109.0,30.54,21.54
2016,2,6,8,15,536.5,48.5,3.9,9.0,153.5,34.57,25.61
2016,2,6,8,30,609.0,56.0,3.8,9.0,198.0,48.89,29.62
2016,2,6,8,45,660.0,60.0,3.7,9.5,243.5,87.23,46.34
2016,2,6,9,0,711.0,64.0,3.6,10.0,289.0,132.75,77.37
2016,2,6,9,15,742.0,67.5,3.5,10.5,330.5,175.58,111.95
2016,2,6,9,30,773.0,71.0,3.4,11.0,372.0,220.35,150.85
2016,2,6,9,45,797.0,73.5,3.35,11.5,409.5,264.06,190.27
2016,2,6,10,0,821.0,76.0,3.3,12.0,447.0,308.5,230.41
2016,2,6,10,15,836.0,78.0,3.1,12.5,478.5,349.91,267.71
2016,2,6,10,30,851.0,80.0,2.9,13.0,510.0,390.78,303.71
2016,2,6,10,45,863.5,80.5,2.75,13.5,535.5,428.41,336.29
2016,2,6,11,0,876.0,81.0,2.6,14.0,561.0,466.49,368.21
2016,2,6,11,15,882.0,82.0,2.5,14.0,578.5,498.56,395.46
2016,2,6,11,30,888.0,83.0,2.4,14.0,596.0,528.61,420.47
2016,2,6,11,45,742.5,130.0,2.35,14.5,563.5,520.34,414.1
2016,2,6,12,0,597.0,177.0,2.3,15.0,531.0,505.12,401.66
2016,2,6,12,15,601.5,176.0,2.4,15.0,534.0,520.83,415.06
2016,2,6,12,30,606.0,175.0,2.5,15.0,537.0,534.79,426.81
2016,2,6,12,45,597.0,176.0,2.6,15.0,530.5,540.8,432.28
2016,2,6,13,0,588.0,177.0,2.7,15.0,524.0,542.8,434.7
2016,2,6,13,15,733.5,130.0,2.7,15.0,552.5,592.96,475.5
2016,2,6,13,30,879.0,83.0,2.7,15.0,581.0,636.03,510.46
2016,2,6,13,45,871.5,81.5,2.75,15.5,560.0,630.98,506.24
2016,2,6,14,0,864.0,80.0,2.8,16.0,539.0,623.04,500.07
2016,2,6,14,15,771.0,95.5,2.8,16.0,489.5,580.76,467.56
2016,2,6,14,30,678.0,111.0,2.8,16.0,440.0,536.78,433.5
2016,2,6,14,45,621.5,116.0,2.8,16.0,401.5,501.58,406.27
2016,2,6,15,0,565.0,121.0,2.8,16.0,363.0,465.77,378.11
2016,2,6,15,15,544.5,113.5,2.65,15.5,329.0,436.73,355.66
2016,2,6,15,30,524.0,106.0,2.5,15.0,295.0,404.31,330.02
2016,2,6,15,45,606.0,81.5,2.35,15.0,273.5,409.53,333.38
2016,2,6,16,0,688.0,57.0,2.2,15.0,252.0,403.08,326.16
2016,2,6,16,15,633.5,52.0,2.15,14.5,207.0,352.7,283.56
2016,2,6,16,30,579.0,47.0,2.1,14.0,162.0,306.73,243.28
2016,2,6,16,45,492.0,39.0,2.05,13.5,118.5,245.18,189.64
2016,2,6,17,0,405.0,31.0,2.0,13.0,75.0,189.14,138.06
2016,2,6,17,15,202.5,15.5,1.95,12.5,37.5,89.85,32.22
2016,2,6,17,30,0.0,0.0,1.9,12.0,0.0,0.0,0.0
2016,2,6,17,45,0.0,0.0,1.9,12.0,0.0,0.0,0.0
2016,2,6,18,0,0.0,0.0,1.9,12.0,0.0,0.0,0.0
2016,2,6,18,15,0.0,0.0,1.9,12.0,0.0,0.0,0.0
2016,2,6,18,30,0.0,0.0,1.9,12.0,0.0,0.0,0.0
2016,2,6,18,45,0.0,0.0,1.95,12.0,0.0,0.0,0.0
2016,2,6,19,0,0.0,0.0,2.0,12.0,0.0,0.0,0.0
2016,2,6,19,15,0.0,0.0,2.0,12.0,0.0,0.0,0.0
2016,2,6,19,30,0.0,0.0,2.0,12.0,0.0,0.0,0.0
2016,2,6,19,45,0.0,0.0,2.05,12.0,0.0,0.0,0.0
2016,2,6,20,0,0.0,0.0,2.1,12.0,0.0,0.0,0.0
2016,2,6,20,15,0.0,0.0,2.1,11.5,0.0,0.0,0.0
2016,2,6,20,30,0.0,0.0,2.1,11.0,0.0,0.0,0.0
2016,2,6,20,45,0.0,0.0,2.15,11.0,0.0,0.0,0.0
2016,2,6,21,0,0.0,0.0,2.2,11.0,0.0,0.0,0.0
2016,2,6,21,15,0.0,0.0,2.2,11.0,0.0,0.0,0.0
2016,2,6,21,30,0.0,0.0,2.2,11.0,0.0,0.0,0.0
2016,2,6,21,45,0.0,0.0,2.2,11.0,0.0,0.0,0.0
2016,2,6,22,0,0.0,0.0,2.2,11.0,0.0,0.0,0.0
2016,2,6,22,15,0.0,0.0,2.15,11.0,0.0,0.0,0.0
2016,2,6,22,30,0.0,0.0,2.1,11.0,0.0,0.0,0.0
2016,2,6,22,45,0.0,0.0,2.05,11.0,0.0,0.0,0.0
2016,2,6,23,0,0.0,0.0,2.0,11.0,0.0,0.0,0.0
2016,2,6,23,15,0.0,0.0,1.95,11.0,0.0,0.0,0.0
2016,2,6,23,30,0.0,0.0,1.9,11.0,0.0,0.0,0.0
2016,2,6,23,45,0.0,0.0,1.85,11.0,0.0,0.0,0.0
2016,2,7,0,0,0.0,0.0,1.8,11.0,0.0,0.0,0.0
2016,2,7,0,15,0.0,0.0,1.75,11.0,0.0,0.0,0.0
2016,2,7,0,30,0.0,0.0,1.7,11.0,0.0,0.0,0.0
2016,2,7,0,45,0.0,0.0,1.65,11.0,0.0,0.0,0.0
2016,2,7,1,0,0.0,0.0,1.6,11.0,0.0,0.0,0.0
2016,2,7,1,15,0.0,0.0,1.55,11.0,0.0,0.0,0.0
2016,2,7,1,30,0.0,0.0,1.5,11.0,0.0,0.0,0.0
2016,2,7,1,45,0.0,0.0,1.5,11.0,0.0,0.0,0.0
2016,2,7,2,0,0.0,0.0,1.5,11.0,0.0,0.0,0.0
2016,2,7,2,15,0.0,0.0,1.55,11.0,0.0,0.0,0.0
2016,2,7,2,30,0.0,0.0,1.6,11.0,0.0,0.0,0.0
2016,2,7,2,45,0.0,0.0,1.65,11.0,0.0,0.0,0.0
2016,2,7,3,0,0.0,0.0,1.7,11.0,0.0,0.0,0.0
2016,2,7,3,15,0.0,0.0,1.8,10.5,0.0,0.0,0.0
2016,2,7,3,30,0.0,0.0,1.9,10.0,0.0,0.0,0.0
2016,2,7,3,45,0.0,0.0,2.0,10.0,0.0,0.0,0.0
2016,2,7,4,0,0.0,0.0,2.1,10.0,0.0,0.0,0.0
2016,2,7,4,15,0.0,0.0,2.2,10.0,0.0,0.0,0.0
2016,2,7,4,30,0.0,0.0,2.3,10.0,0.0,0.0,0.0
2016,2,7,4,45,0.0,0.0,2.45,10.0,0.0,0.0,0.0
2016,2,7,5,0,0.0,0.0,2.6,10.0,0.0,0.0,0.0
2016,2,7,5,15,0.0,0.0,2.65,9.5,0.0,0.0,0.0
2016,2,7,5,30,0.0,0.0,2.7,9.0,0.0,0.0,0.0
2016,2,7,5,45,0.0,0.0,2.8,9.0,0.0,0.0,0.0
2016,2,7,6,0,0.0,0.0,2.9,9.0,0.0,0.0,0.0
2016,2,7,6,15,0.0,0.0,2.9,9.0,0.0,0.0,0.0
2016,2,7,6,30,0.0,0.0,2.9,9.0,0.0,0.0,0.0
2016,2,7,6,45,0.0,0.0,2.95,9.0,0.0,0.0,0.0
2016,2,7,7,0,0.0,0.0,3.0,9.0,0.0,0.0,0.0
2016,2,7,7,15,155.5,9.0,3.2,9.5,18.0,8.85,0.0
2016,2,7,7,30,311.0,18.0,3.4,10.0,36.0,15.03,0.0
2016,2,7,7,45,434.0,26.5,3.6,10.5,77.0,21.28,12.39
2016,2,7,8,0,557.0,35.0,3.8,11.0,118.0,27.23,18.47
2016,2,7,8,15,624.5,40.5,3.9,11.0,164.5,30.11,21.42
2016,2,7,8,30,692.0,46.0,4.0,11.0,211.0,46.71,24.94
2016,2,7,8,45,736.0,49.5,4.15,11.5,256.5,88.14,43.4
2016,2,7,9,0,780.0,53.0,4.3,12.0,302.0,133.2,74.03
2016,2,7,9,15,809.0,56.0,4.2,12.5,345.0,178.67,111.04
2016,2,7,9,30,838.0,59.0,4.1,13.0,388.0,228.93,154.82
2016,2,7,9,45,852.0,63.0,4.05,13.5,425.5,274.25,196.09
2016,2,7,10,0,866.0,67.0,4.0,14.0,463.0,319.3,237.1
2016,2,7,10,15,881.0,68.5,3.8,14.0,495.0,361.89,275.95
2016,2,7,10,30,896.0,70.0,3.6,14.0,527.0,403.77,313.49
2016,2,7,10,45,905.5,72.0,3.45,14.5,552.5,442.93,347.48
2016,2,7,11,0,915.0,74.0,3.3,15.0,578.0,480.58,379.27
2016,2,7,11,15,921.5,74.5,3.2,15.0,596.5,513.62,407.46
2016,2,7,11,30,928.0,75.0,3.1,15.0,615.0,544.55,433.34
2016,2,7,11,45,931.5,75.5,3.05,15.5,625.5,571.63,454.97
2016,2,7,12,0,935.0,76.0,3.0,16.0,636.0,596.14,474.12
2016,2,7,12,15,935.5,76.0,2.95,16.0,638.0,615.75,490.06
2016,2,7,12,30,936.0,76.0,2.9,16.0,640.0,632.46,503.55
2016,2,7,12,45,936.5,75.0,2.9,16.5,635.0,645.19,513.1
2016,2,7,13,0,937.0,74.0,2.9,17.0,630.0,654.87,520.22
2016,2,7,13,15,932.0,73.5,2.9,17.0,616.0,658.58,523.73
2016,2,7,13,30,927.0,73.0,2.9,17.0,602.0,659.14,524.84
2016,2,7,13,45,918.5,72.0,2.95,17.5,580.5,653.88,520.77
2016,2,7,14,0,910.0,71.0,3.0,18.0,559.0,645.58,514.36
2016,2,7,14,15,898.5,69.5,2.95,18.0,531.0,631.95,504.44
2016,2,7,14,30,887.0,68.0,2.9,18.0,503.0,615.54,492.3
2016,2,7,14,45,870.5,66.0,2.9,18.0,468.0,592.98,475.47
2016,2,7,15,0,854.0,64.0,2.9,18.0,433.0,568.14,456.57
2016,2,7,15,15,830.0,61.5,2.7,17.5,393.0,539.29,434.31
2016,2,7,15,30,806.0,59.0,2.5,17.0,353.0,506.14,408.21
2016,2,7,15,45,772.5,55.5,2.35,16.5,309.0,465.73,375.86
2016,2,7,16,0,739.0,52.0,2.2,16.0,265.0,424.86,342.13
2016,2,7,16,15,688.0,47.5,2.15,15.5,219.0,374.88,300.25
2016,2,7,16,30,637.0,43.0,2.1,15.0,173.0,326.31,258.03
2016,2,7,16,45,553.0,36.5,2.05,15.0,128.0,264.81,204.05
2016,2,7,17,0,469.0,30.0,2.0,15.0,83.0,208.11,151.79
2016,2,7,17,15,234.5,15.0,2.0,14.5,41.5,100.23,43.86
2016,2,7,17,30,0.0,0.0,2.0,14.0,0.0,0.0,0.0
2016,2,7,17,45,0.0,0.0,2.0,14.0,0.0,0.0,0.0
2016,2,7,18,0,0.0,0.0,2.0,14.0,0.0,0.0,0.0
2016,2,7,18,15,0.0,0.0,2.0,13.5,0.0,0.0,0.0
2016,2,7,18,30,0.0,0.0,2.0,13.0,0.0,0.0,0.0
2016,2,7,18,45,0.0,0.0,2.0,13.0,0.0,0.0,0.0
2016,2,7,19,0,0.0,0.0,2.0,13.0,0.0,0.0,0.0
2016,2,7,19,15,0.0,0.0,2.0,13.0,0.0,0.0,0.0
2016,2,7,19,30,0.0,0.0,2.0,13.0,0.0,0.0,0.0
2016,2,7,19,45,0.0,0.0,2.05,13.0,0.0,0.0,0.0
2016,2,7,20,0,0.0,0.0,2.1,13.0,0.0,0.0,0.0
2016,2,7,20,15,0.0,0.0,2.1,12.5,0.0,0.0,0.0
2016,2,7,20,30,0.0,0.0,2.1,12.0,0.0,0.0,0.0
2016,2,7,20,45,0.0,0.0,2.15,12.0,0.0,0.0,0.0
2016,2,7,21,0,0.0,0.0,2.2,12.0,0.0,0.0,0.0
2016,2,7,21,15,0.0,0.0,2.25,12.0,0.0,0.0,0.0
2016,2,7,21,30,0.0,0.0,2.3,12.0,0.0,0.0,0.0
2016,2,7,21,45,0.0,0.0,2.4,12.0,0.0,0.0,0.0
2016,2,7,22,0,0.0,0.0,2.5,12.0,0.0,0.0,0.0
2016,2,7,22,15,0.0,0.0,2.55,11.5,0.0,0.0,0.0
2016,2,7,22,30,0.0,0.0,2.6,11.0,0.0,0.0,0.0
2016,2,7,22,45,0.0,0.0,2.7,11.0,0.0,0.0,0.0
2016,2,7,23,0,0.0,0.0,2.8,11.0,0.0,0.0,0.0
2016,2,7,23,15,0.0,0.0,2.9,11.0,0.0,0.0,0.0
2016,2,7,23,30,0.0,0.0,3.0,11.0,0.0,0.0,0.0
2016,2,7,23,45,0.0,0.0,3.1,11.0,0.0,0.0,0.0
2016,2,8,0,0,0.0,0.0,3.2,11.0,0.0,0.0,0.0
2016,2,8,0,15,0.0,0.0,3.4,11.0,0.0,0.0,0.0
2016,2,8,0,30,0.0,0.0,3.6,11.0,0.0,0.0,0.0
2016,2,8,0,45,0.0,0.0,3.85,11.0,0.0,0.0,0.0
2016,2,8,1,0,0.0,0.0,4.1,11.0,0.0,0.0,0.0
2016,2,8,1,15,0.0,0.0,4.2,10.5,0.0,0.0,0.0
2016,2,8,1,30,0.0,0.0,4.3,10.0,0.0,0.0,0.0
2016,2,8,1,45,0.0,0.0,4.45,10.0,0.0,0.0,0.0
2016,2,8,2,0,0.0,0.0,4.6,10.0,0.0,0.0,0.0
2016,2,8,2,15,0.0,0.0,4.6,10.0,0.0,0.0,0.0
2016,2,8,2,30,0.0,0.0,4.6,10.0,0.0,0.0,0.0
2016,2,8,2,45,0.0,0.0,4.65,10.0,0.0,0.0,0.0
2016,2,8,3,0,0.0,0.0,4.7,10.0,0.0,0.0,0.0
2016,2,8,3,15,0.0,0.0,4.7,10.0,0.0,0.0,0.0
2016,2,8,3,30,0.0,0.0,4.7,10.0,0.0,0.0,0.0
2016,2,8,3,45,0.0,0.0,4.7,10.0,0.0,0.0,0.0
2016,2,8,4,0,0.0,0.0,4.7,10.0,0.0,0.0,0.0
2016,2,8,4,15,0.0,0.0,4.65,10.0,0.0,0.0,0.0
2016,2,8,4,30,0.0,0.0,4.6,10.0,0.0,0.0,0.0
2016,2,8,4,45,0.0,0.0,4.6,10.0,0.0,0.0,0.0
2016,2,8,5,0,0.0,0.0,4.6,10.0,0.0,0.0,0.0
2016,2,8,5,15,0.0,0.0,4.55,9.5,0.0,0.0,0.0
2016,2,8,5,30,0.0,0.0,4.5,9.0,0.0,0.0,0.0
2016,2,8,5,45,0.0,0.0,4.5,9.0,0.0,0.0,0.0
2016,2,8,6,0,0.0,0.0,4.5,9.0,0.0,0.0,0.0
2016,2,8,6,15,0.0,0.0,4.45,9.0,0.0,0.0,0.0
2016,2,8,6,30,0.0,0.0,4.4,9.0,0.0,0.0,0.0
2016,2,8,6,45,0.0,0.0,4.4,9.5,0.0,0.0,0.0
2016,2,8,7,0,0.0,0.0,4.4,10.0,0.0,0.0,0.0
2016,2,8,7,15,125.5,10.5,4.5,10.5,18.0,10.32,0.0
2016,2,8,7,30,251.0,21.0,4.6,11.0,36.0,16.56,1.21
2016,2,8,7,45,371.5,31.5,4.75,11.5,76.5,24.0,14.75
2016,2,8,8,0,492.0,42.0,4.9,12.0,117.0,31.03,21.76
2016,2,8,8,15,565.0,49.0,4.8,12.5,163.5,34.59,25.28
2016,2,8,8,30,638.0,56.0,4.7,13.0,210.0,53.47,29.93
2016,2,8,8,45,682.0,61.0,4.6,13.5,255.5,94.03,49.39
2016,2,8,9,0,726.0,66.0,4.5,14.0,301.0,141.13,82.34
2016,2,8,9,15,757.5,69.5,4.35,14.5,344.0,185.08,117.89
2016,2,8,9,30,789.0,73.0,4.2,15.0,387.0,230.99,157.53
2016,2,8,9,45,821.5,73.0,4.05,15.5,427.0,275.6,197.05
2016,2,8,10,0,854.0,73.0,3.9,16.0,467.0,321.6,237.84
2016,2,8,10,15,869.0,75.0,3.8,16.0,499.0,364.55,276.64
2016,2,8,10,30,884.0,77.0,3.7,16.0,531.0,409.16,316.0
2016,2,8,10,45,895.0,78.0,3.6,16.5,557.0,447.74,349.21
2016,2,8,11,0,906.0,79.0,3.5,17.0,583.0,484.89,380.4
2016,2,8,11,15,912.5,80.0,3.4,17.5,601.0,518.26,407.83
2016,2,8,11,30,919.0,81.0,3.3,18.0,619.0,549.56,432.9
2016,2,8,11,45,923.0,81.0,3.2,18.5,629.5,576.29,453.87
2016,2,8,12,0,927.0,81.0,3.1,19.0,640.0,600.5,472.39
2016,2,8,12,15,927.5,81.0,3.0,19.0,642.5,620.04,487.9
2016,2,8,12,30,928.0,81.0,2.9,19.0,645.0,636.71,500.98
2016,2,8,12,45,929.5,79.5,2.8,19.0,639.5,649.51,511.02
2016,2,8,13,0,931.0,78.0,2.7,19.0,634.0,659.29,518.66
2016,2,8,13,15,926.5,77.5,2.65,19.0,620.5,663.31,522.12
2016,2,8,13,30,922.0,77.0,2.6,19.0,607.0,664.21,523.22
2016,2,8,13,45,913.0,76.0,2.55,19.5,585.5,658.65,518.53
2016,2,8,14,0,904.0,75.0,2.5,20.0,564.0,650.06,511.58
2016,2,8,14,15,892.5,73.5,2.4,20.0,535.5,636.46,501.59
2016,2,8,14,30,881.0,72.0,2.3,20.0,507.0,620.1,489.44
2016,2,8,14,45,863.5,70.0,2.25,20.0,472.5,597.0,472.33
2016,2,8,15,0,846.0,68.0,2.2,20.0,438.0,574.42,455.24
2016,2,8,15,15,822.5,65.5,2.05,19.5,397.5,543.17,431.72
2016,2,8,15,30,799.0,63.0,1.9,19.0,357.0,510.34,406.44
2016,2,8,15,45,764.0,59.5,1.75,18.5,313.0,469.18,374.03
2016,2,8,16,0,729.0,56.0,1.6,18.0,269.0,427.64,340.35
2016,2,8,16,15,677.0,51.0,1.6,17.5,222.5,376.67,298.64
2016,2,8,16,30,625.0,46.0,1.6,17.0,176.0,327.16,256.56
2016,2,8,16,45,540.0,39.0,1.65,17.0,130.5,264.7,202.79
2016,2,8,17,0,455.0,32.0,1.7,17.0,85.0,210.79,153.8
2016,2,8,17,15,297.5,21.5,1.7,16.5,49.0,129.66,65.4
2016,2,8,17,30,140.0,11.0,1.7,16.0,13.0,48.44,0.0
2016,2,8,17,45,70.0,5.5,1.75,16.0,6.5,0.0,0.0
2016,2,8,18,0,0.0,0.0,1.8,16.0,0.0,0.0,0.0
2016,2,8,18,15,0.0,0.0,1.8,15.5,0.0,0.0,0.0
2016,2,8,18,30,0.0,0.0,1.8,15.0,0.0,0.0,0.0
2016,2,8,18,45,0.0,0.0,1.8,15.0,0.0,0.0,0.0
2016,2,8,19,0,0.0,0.0,1.8,15.0,0.0,0.0,0.0
2016,2,8,19,15,0.0,0.0,1.8,14.5,0.0,0.0,0.0
2016,2,8,19,30,0.0,0.0,1.8,14.0,0.0,0.0,0.0
2016,2,8,19,45,0.0,0.0,1.85,14.0,0.0,0.0,0.0
2016,2,8,20,0,0.0,0.0,1.9,14.0,0.0,0.0,0.0
2016,2,8,20,15,0.0,0.0,1.9,14.0,0.0,0.0,0.0
2016,2,8,20,30,0.0,0.0,1.9,14.0,0.0,0.0,0.0
2016,2,8,20,45,0.0,0.0,1.9,14.0,0.0,0.0,0.0
2016,2,8,21,0,0.0,0.0,1.9,14.0,0.0,0.0,0.0
2016,2,8,21,15,0.0,0.0,1.9,13.5,0.0,0.0,0.0
2016,2,8,21,30,0.0,0.0,1.9,13.0,0.0,0.0,0.0
2016,2,8,21,45,0.0,0.0,1.9,13.0,0.0,0.0,0.0
2016,2,8,22,0,0.0,0.0,1.9,13.0,0.0,0.0,0.0
2016,2,8,22,15,0.0,0.0,1.9,13.0,0.0,0.0,0.0
2016,2,8,22,30,0.0,0.0,1.9,13.0,0.0,0.0,0.0
2016,2,8,22,45,0.0,0.0,1.9,13.0,0.0,0.0,0.0
2016,2,8,23,0,0.0,0.0,1.9,13.0,0.0,0.0,0.0
2016,2,8,23,15,0.0,0.0,1.9,12.5,0.0,0.0,0.0
2016,2,8,23,30,0.0,0.0,1.9,12.0,0.0,0.0,0.0
2016,2,8,23,45,0.0,0.0,1.95,12.0,0.0,0.0,0.0
2016,2,9,0,0,0.0,0.0,2.0,12.0,0.0,0.0,0.0
2016,2,9,0,15,0.0,0.0,2.05,12.0,0.0,0.0,0.0
2016,2,9,0,30,0.0,0.0,2.1,12.0,0.0,0.0,0.0
2016,2,9,0,45,0.0,0.0,2.15,12.0,0.0,0.0,0.0
2016,2,9,1,0,0.0,0.0,2.2,12.0,0.0,0.0,0.0
2016,2,9,1,15,0.0,0.0,2.3,11.5,0.0,0.0,0.0
2016,2,9,1,30,0.0,0.0,2.4,11.0,0.0,0.0,0.0
2016,2,9,1,45,0.0,0.0,2.5,11.0,0.0,0.0,0.0
2016,2,9,2,0,0.0,0.0,2.6,11.0,0.0,0.0,0.0
2016,2,9,2,15,0.0,0.0,2.7,11.0,0.0,0.0,0.0
2016,2,9,2,30,0.0,0.0,2.8,11.0,0.0,0.0,0.0
2016,2,9,2,45,0.0,0.0,2.95,11.0,0.0,0.0,0.0
2016,2,9,3,0,0.0,0.0,3.1,11.0,0.0,0.0,0.0
2016,2,9,3,15,0.0,0.0,3.15,11.0,0.0,0.0,0.0
2016,2,9,3,30,0.0,0.0,3.2,11.0,0.0,0.0,0.0
2016,2,9,3,45,0.0,0.0,3.25,11.0,0.0,0.0,0.0
2016,2,9,4,0,0.0,0.0,3.3,11.0,0.0,0.0,0.0
2016,2,9,4,15,0.0,0.0,3.3,10.5,0.0,0.0,0.0
2016,2,9,4,30,0.0,0.0,3.3,10.0,0.0,0.0,0.0
2016,2,9,4,45,0.0,0.0,3.3,10.0,0.0,0.0,0.0
2016,2,9,5,0,0.0,0.0,3.3,10.0,0.0,0.0,0.0
2016,2,9,5,15,0.0,0.0,3.25,10.0,0.0,0.0,0.0
2016,2,9,5,30,0.0,0.0,3.2,10.0,0.0,0.0,0.0
2016,2,9,5,45,0.0,0.0,3.15,10.0,0.0,0.0,0.0
2016,2,9,6,0,0.0,0.0,3.1,10.0,0.0,0.0,0.0
2016,2,9,6,15,0.0,0.0,3.05,10.0,0.0,0.0,0.0
2016,2,9,6,30,0.0,0.0,3.0,10.0,0.0,0.0,0.0
2016,2,9,6,45,0.0,0.0,3.0,10.0,0.0,0.0,0.0
2016,2,9,7,0,0.0,0.0,3.0,10.0,0.0,0.0,0.0
2016,2,9,7,15,142.0,11.0,3.2,10.5,19.5,10.81,0.0
2016,2,9,7,30,284.0,22.0,3.4,11.0,39.0,17.36,3.22
2016,2,9,7,45,402.5,31.5,3.6,11.5,81.0,23.8,14.72
2016,2,9,8,0,521.0,41.0,3.8,12.0,123.0,29.91,20.83
2016,2,9,8,15,591.5,48.0,3.85,12.5,170.0,33.53,24.37
2016,2,9,8,30,662.0,55.0,3.9,13.0,217.0,58.74,32.73
2016,2,9,8,45,708.0,59.5,3.95,13.5,263.5,100.03,52.91
2016,2,9,9,0,754.0,64.0,4.0,14.0,310.0,145.26,84.42
2016,2,9,9,15,784.5,67.0,3.75,14.0,353.5,190.09,121.19
2016,2,9,9,30,815.0,70.0,3.5,14.0,397.0,236.74,161.99
2016,2,9,9,45,748.0,86.5,3.25,14.5,408.5,271.95,197.11
2016,2,9,10,0,681.0,103.0,3.0,15.0,420.0,297.55,223.38
2016,2,9,10,15,714.0,102.5,2.7,15.5,454.5,337.92,258.2
2016,2,9,10,30,747.0,102.0,2.4,16.0,489.0,379.41,293.12
2016,2,9,10,45,675.0,131.5,2.15,16.5,494.0,405.75,316.04
2016,2,9,11,0,603.0,161.0,1.9,17.0,499.0,425.93,332.71
2016,2,9,11,15,639.5,155.0,1.75,17.5,523.5,458.99,358.6
2016,2,9,11,30,676.0,149.0,1.6,18.0,548.0,492.47,384.1
2016,2,9,11,45,659.0,158.0,1.45,18.5,552.5,511.63,397.96
2016,2,9,12,0,642.0,167.0,1.3,19.0,557.0,528.14,409.37
2016,2,9,12,15,784.5,126.5,1.2,19.0,604.5,586.07,453.31
2016,2,9,12,30,927.0,86.0,1.1,19.0,652.0,645.11,496.86
2016,2,9,12,45,758.5,134.0,1.05,19.0,595.0,605.32,466.37
2016,2,9,13,0,590.0,182.0,1.0,19.0,538.0,556.67,429.84
2016,2,9,13,15,533.0,198.0,1.05,19.0,514.0,543.3,420.69
2016,2,9,13,30,476.0,214.0,1.1,19.0,490.0,527.69,409.36
2016,2,9,13,45,457.0,209.5,1.2,19.0,467.0,513.51,400.08
2016,2,9,14,0,438.0,205.0,1.3,19.0,444.0,497.73,389.41
2016,2,9,14,15,343.5,210.5,1.35,18.5,392.0,438.62,345.57
2016,2,9,14,30,249.0,216.0,1.4,18.0,340.0,385.43,305.35
2016,2,9,14,45,256.5,199.5,1.5,18.0,319.5,371.17,295.65
2016,2,9,15,0,264.0,183.0,1.6,18.0,299.0,355.64,284.47
2016,2,9,15,15,320.0,157.5,1.5,17.5,286.0,356.11,286.26
2016,2,9,15,30,376.0,132.0,1.4,17.0,273.0,359.42,289.62
2016,2,9,15,45,352.0,120.0,1.35,17.0,239.0,325.87,262.54
2016,2,9,16,0,328.0,108.0,1.3,17.0,205.0,292.48,235.2
2016,2,9,16,15,301.0,92.5,1.25,16.5,170.0,254.2,203.67
2016,2,9,16,30,274.0,77.0,1.2,16.0,135.0,216.74,171.9
2016,2,9,16,45,235.0,59.5,1.15,15.5,100.5,173.35,134.56
2016,2,9,17,0,196.0,42.0,1.1,15.0,66.0,132.15,97.91
2016,2,9,17,15,98.0,26.5,1.1,15.0,38.5,68.78,36.76
2016,2,9,17,30,0.0,11.0,1.1,15.0,11.0,10.81,0.0
2016,2,9,17,45,0.0,5.5,1.15,15.0,5.5,0.0,0.0
2016,2,9,18,0,0.0,0.0,1.2,15.0,0.0,0.0,0.0
2016,2,9,18,15,0.0,0.0,1.15,15.0,0.0,0.0,0.0
2016,2,9,18,30,0.0,0.0,1.1,15.0,0.0,0.0,0.0
2016,2,9,18,45,0.0,0.0,1.1,15.0,0.0,0.0,0.0
2016,2,9,19,0,0.0,0.0,1.1,15.0,0.0,0.0,0.0
2016,2,9,19,15,0.0,0.0,1.05,15.0,0.0,0.0,0.0
2016,2,9,19,30,0.0,0.0,1.0,15.0,0.0,0.0,0.0
2016,2,9,19,45,0.0,0.0,0.95,15.0,0.0,0.0,0.0
2016,2,9,20,0,0.0,0.0,0.9,15.0,0.0,0.0,0.0
2016,2,9,20,15,0.0,0.0,0.85,14.5,0.0,0.0,0.0
2016,2,9,20,30,0.0,0.0,0.8,14.0,0.0,0.0,0.0
2016,2,9,20,45,0.0,0.0,0.75,14.0,0.0,0.0,0.0
2016,2,9,21,0,0.0,0.0,0.7,14.0,0.0,0.0,0.0
2016,2,9,21,15,0.0,0.0,0.65,14.0,0.0,0.0,0.0
2016,2,9,21,30,0.0,0.0,0.6,14.0,0.0,0.0,0.0
2016,2,9,21,45,0.0,0.0,0.6,14.0,0.0,0.0,0.0
2016,2,9,22,0,0.0,0.0,0.6,14.0,0.0,0.0,0.0
2016,2,9,22,15,0.0,0.0,0.6,14.0,0.0,0.0,0.0
2016,2,9,22,30,0.0,0.0,0.6,14.0,0.0,0.0,0.0
2016,2,9,22,45,0.0,0.0,0.6,14.0,0.0,0.0,0.0
2016,2,9,23,0,0.0,0.0,0.6,14.0,0.0,0.0,0.0
2016,2,9,23,15,0.0,0.0,0.55,13.5,0.0,0.0,0.0
2016,2,9,23,30,0.0,0.0,0.5,13.0,0.0,0.0,0.0
2016,2,9,23,45,0.0,0.0,0.45,13.0,0.0,0.0,0.0
2016,2,10,0,0,0.0,0.0,0.4,13.0,0.0,0.0,0.0
2016,2,10,0,15,0.0,0.0,0.4,13.0,0.0,0.0,0.0
2016,2,10,0,30,0.0,0.0,0.4,13.0,0.0,0.0,0.0
2016,2,10,0,45,0.0,0.0,0.4,13.0,0.0,0.0,0.0
2016,2,10,1,0,0.0,0.0,0.4,13.0,0.0,0.0,0.0
2016,2,10,1,15,0.0,0.0,0.35,13.0,0.0,0.0,0.0
2016,2,10,1,30,0.0,0.0,0.3,13.0,0.0,0.0,0.0
2016,2,10,1,45,0.0,0.0,0.3,13.0,0.0,0.0,0.0
2016,2,10,2,0,0.0,0.0,0.3,13.0,0.0,0.0,0.0
2016,2,10,2,15,0.0,0.0,0.5,12.5,0.0,0.0,0.0
2016,2,10,2,30,0.0,0.0,0.7,12.0,0.0,0.0,0.0
2016,2,10,2,45,0.0,0.0,0.95,12.0,0.0,0.0,0.0
2016,2,10,3,0,0.0,0.0,1.2,12.0,0.0,0.0,0.0
2016,2,10,3,15,0.0,0.0,1.35,12.0,0.0,0.0,0.0
2016,2,10,3,30,0.0,0.0,1.5,12.0,0.0,0.0,0.0
2016,2,10,3,45,0.0,0.0,1.65,12.0,0.0,0.0,0.0
2016,2,10,4,0,0.0,0.0,1.8,12.0,0.0,0.0,0.0
2016,2,10,4,15,0.0,0.0,1.85,11.5,0.0,0.0,0.0
2016,2,10,4,30,0.0,0.0,1.9,11.0,0.0,0.0,0.0
2016,2,10,4,45,0.0,0.0,1.95,11.0,0.0,0.0,0.0
2016,2,10,5,0,0.0,0.0,2.0,11.0,0.0,0.0,0.0
2016,2,10,5,15,0.0,0.0,2.05,11.0,0.0,0.0,0.0
2016,2,10,5,30,0.0,0.0,2.1,11.0,0.0,0.0,0.0
2016,2,10,5,45,0.0,0.0,2.15,11.0,0.0,0.0,0.0
2016,2,10,6,0,0.0,0.0,2.2,11.0,0.0,0.0,0.0
2016,2,10,6,15,0.0,0.0,2.15,11.0,0.0,0.0,0.0
2016,2,10,6,30,0.0,0.0,2.1,11.0,0.0,0.0,0.0
2016,2,10,6,45,0.0,0.0,2.05,11.0,0.0,0.0,0.0
2016,2,10,7,0,0.0,0.0,2.0,11.0,0.0,0.0,0.0
2016,2,10,7,15,127.5,11.5,2.0,11.0,20.0,11.3,0.0
2016,2,10,7,30,255.0,23.0,2.0,11.0,40.0,18.13,5.02
2016,2,10,7,45,367.5,34.0,2.0,11.5,81.0,25.95,16.69
2016,2,10,8,0,480.0,45.0,2.0,12.0,122.0,33.33,23.92
2016,2,10,8,15,549.5,52.5,2.0,12.0,168.5,37.19,27.75
2016,2,10,8,30,619.0,60.0,2.0,12.0,215.0,60.73,34.14
2016,2,10,8,45,662.5,66.0,2.0,12.5,260.5,101.56,55.57
2016,2,10,9,0,706.0,72.0,2.0,13.0,306.0,146.06,87.24
2016,2,10,9,15,725.0,71.5,1.85,13.0,339.5,186.7,121.11
2016,2,10,9,30,744.0,71.0,1.7,13.0,373.0,225.03,155.23
2016,2,10,9,45,782.5,77.5,1.6,13.5,420.5,275.55,198.98
2016,2,10,10,0,821.0,84.0,1.5,14.0,468.0,328.14,244.06
2016,2,10,10,15,836.0,86.0,1.5,14.0,500.5,370.05,281.24
2016,2,10,10,30,851.0,88.0,1.5,14.0,533.0,411.41,317.3
2016,2,10,10,45,861.0,90.0,1.55,14.5,558.0,449.87,349.87
2016,2,10,11,0,871.0,92.0,1.6,15.0,583.0,486.98,380.55
2016,2,10,11,15,878.0,93.0,1.65,15.0,601.5,520.1,408.21
2016,2,10,11,30,885.0,94.0,1.7,15.0,620.0,551.28,433.86
2016,2,10,11,45,812.0,115.0,1.8,15.5,604.0,556.54,438.59
2016,2,10,12,0,739.0,136.0,1.9,16.0,588.0,555.5,438.21
2016,2,10,12,15,817.0,115.0,1.9,16.0,616.5,597.37,471.3
2016,2,10,12,30,895.0,94.0,1.9,16.0,645.0,637.85,502.76
2016,2,10,12,45,894.5,93.0,1.95,16.5,640.0,649.68,511.46
2016,2,10,13,0,894.0,92.0,2.0,17.0,635.0,658.57,518.1
2016,2,10,13,15,730.5,137.0,2.0,17.0,574.5,610.95,481.56
2016,2,10,13,30,567.0,182.0,2.0,17.0,514.0,555.14,438.72
2016,2,10,13,45,594.0,166.5,2.0,17.5,503.0,560.83,443.62
2016,2,10,14,0,621.0,151.0,2.0,18.0,492.0,562.18,444.83
2016,2,10,14,15,620.5,142.0,1.95,18.0,468.5,550.3,436.37
2016,2,10,14,30,620.0,133.0,1.9,18.0,445.0,536.15,426.19
2016,2,10,14,45,514.0,147.0,1.9,18.0,394.0,477.63,381.16
2016,2,10,15,0,408.0,161.0,1.9,18.0,343.0,423.66,339.08
2016,2,10,15,15,299.5,159.0,1.8,17.5,286.0,347.39,279.57
2016,2,10,15,30,191.0,157.0,1.7,17.0,229.0,275.38,222.2
2016,2,10,15,45,176.5,140.0,1.6,16.5,200.5,246.19,199.2
2016,2,10,16,0,162.0,123.0,1.5,16.0,172.0,217.2,175.66
2016,2,10,16,15,147.5,103.5,1.5,15.5,142.5,185.48,149.41
2016,2,10,16,30,133.0,84.0,1.5,15.0,113.0,154.08,122.75
2016,2,10,16,45,111.5,64.5,1.55,15.0,84.5,120.3,93.38
2016,2,10,17,0,90.0,45.0,1.6,15.0,56.0,87.32,64.19
2016,2,10,17,15,45.0,27.5,1.6,14.5,33.0,49.32,27.18
2016,2,10,17,30,0.0,10.0,1.6,14.0,10.0,9.83,0.0
2016,2,10,17,45,0.0,5.0,1.6,14.0,5.0,0.0,0.0
2016,2,10,18,0,0.0,0.0,1.6,14.0,0.0,0.0,0.0
2016,2,10,18,15,0.0,0.0,1.6,14.0,0.0,0.0,0.0
2016,2,10,18,30,0.0,0.0,1.6,14.0,0.0,0.0,0.0
2016,2,10,18,45,0.0,0.0,1.6,14.0,0.0,0.0,0.0
2016,2,10,19,0,0.0,0.0,1.6,14.0,0.0,0.0,0.0
2016,2,10,19,15,0.0,0.0,1.55,14.0,0.0,0.0,0.0
2016,2,10,19,30,0.0,0.0,1.5,14.0,0.0,0.0,0.0
2016,2,10,19,45,0.0,0.0,1.5,14.0,0.0,0.0,0.0
2016,2,10,20,0,0.0,0.0,1.5,14.0,0.0,0.0,0.0
2016,2,10,20,15,0.0,0.0,1.45,13.5,0.0,0.0,0.0
2016,2,10,20,30,0.0,0.0,1.4,13.0,0.0,0.0,0.0
2016,2,10,20,45,0.0,0.0,1.4,13.0,0.0,0.0,0.0
2016,2,10,21,0,0.0,0.0,1.4,13.0,0.0,0.0,0.0
2016,2,10,21,15,0.0,0.0,1.35,13.0,0.0,0.0,0.0
2016,2,10,21,30,0.0,0.0,1.3,13.0,0.0,0.0,0.0
2016,2,10,21,45,0.0,0.0,1.3,13.0,0.0,0.0,0.0
2016,2,10,22,0,0.0,0.0,1.3,13.0,0.0,0.0,0.0
2016,2,10,22,15,0.0,0.0,1.25,13.0,0.0,0.0,0.0
2016,2,10,22,30,0.0,0.0,1.2,13.0,0.0,0.0,0.0
2016,2,10,22,45,0.0,0.0,1.15,13.0,0.0,0.0,0.0
2016,2,10,23,0,0.0,0.0,1.1,13.0,0.0,0.0,0.0
2016,2,10,23,15,0.0,0.0,1.05,13.0,0.0,0.0,0.0
2016,2,10,23,30,0.0,0.0,1.0,13.0,0.0,0.0,0.0
2016,2,10,23,45,0.0,0.0,1.0,13.0,0.0,0.0,0.0
2016,2,11,0,0,0.0,0.0,1.0,13.0,0.0,0.0,0.0
2016,2,11,0,15,0.0,0.0,0.95,13.0,0.0,0.0,0.0
2016,2,11,0,30,0.0,0.0,0.9,13.0,0.0,0.0,0.0
2016,2,11,0,45,0.0,0.0,0.9,13.0,0.0,0.0,0.0
2016,2,11,1,0,0.0,0.0,0.9,13.0,0.0,0.0,0.0
2016,2,11,1,15,0.0,0.0,0.95,12.5,0.0,0.0,0.0
2016,2,11,1,30,0.0,0.0,1.0,12.0,0.0,0.0,0.0
2016,2,11,1,45,0.0,0.0,1.05,12.0,0.0,0.0,0.0
2016,2,11,2,0,0.0,0.0,1.1,12.0,0.0,0.0,0.0
2016,2,11,2,15,0.0,0.0,1.2,12.0,0.0,0.0,0.0
2016,2,11,2,30,0.0,0.0,1.3,12.0,0.0,0.0,0.0
2016,2,11,2,45,0.0,0.0,1.4,12.0,0.0,0.0,0.0
2016,2,11,3,0,0.0,0.0,1.5,12.0,0.0,0.0,0.0
2016,2,11,3,15,0.0,0.0,1.55,11.5,0.0,0.0,0.0
2016,2,11,3,30,0.0,0.0,1.6,11.0,0.0,0.0,0.0
2016,2,11,3,45,0.0,0.0,1.7,11.0,0.0,0.0,0.0
2016,2,11,4,0,0.0,0.0,1.8,11.0,0.0,0.0,0.0
2016,2,11,4,15,0.0,0.0,1.85,11.0,0.0,0.0,0.0
2016,2,11,4,30,0.0,0.0,1.9,11.0,0.0,0.0,0.0
2016,2,11,4,45,0.0,0.0,1.95,11.0,0.0,0.0,0.0
2016,2,11,5,0,0.0,0.0,2.0,11.0,0.0,0.0,0.0
2016,2,11,5,15,0.0,0.0,1.95,11.0,0.0,0.0,0.0
2016,2,11,5,30,0.0,0.0,1.9,11.0,0.0,0.0,0.0
2016,2,11,5,45,0.0,0.0,1.9,11.0,0.0,0.0,0.0
2016,2,11,6,0,0.0,0.0,1.9,11.0,0.0,0.0,0.0
2016,2,11,6,15,0.0,0.0,1.85,11.0,0.0,0.0,0.0
2016,2,11,6,30,0.0,0.0,1.8,11.0,0.0,0.0,0.0
2016,2,11,6,45,0.0,0.0,1.8,11.0,0.0,0.0,0.0
2016,2,11,7,0,0.0,0.0,1.8,11.0,0.0,0.0,0.0
2016,2,11,7,15,77.5,12.5,1.85,11.5,17.5,12.29,0.0
2016,2,11,7,30,155.0,25.0,1.9,12.0,35.0,19.47,6.95
2016,2,11,7,45,217.0,41.0,1.95,12.5,68.5,31.47,21.46
2016,2,11,8,0,279.0,57.0,2.0,13.0,102.0,42.96,32.33
2016,2,11,8,15,317.5,72.0,1.8,13.0,139.5,53.15,41.85
2016,2,11,8,30,356.0,87.0,1.6,13.0,177.0,77.33,52.66
2016,2,11,8,45,386.5,98.5,1.45,13.5,213.0,109.41,72.24
2016,2,11,9,0,417.0,110.0,1.3,14.0,249.0,144.16,97.75
2016,2,11,9,15,407.5,128.0,1.1,14.0,279.0,179.89,128.08
2016,2,11,9,30,398.0,146.0,0.9,14.0,309.0,214.44,158.09
2016,2,11,9,45,493.5,139.0,0.75,14.5,359.5,253.94,188.54
2016,2,11,10,0,589.0,132.0,0.6,15.0,410.0,300.87,225.32
2016,2,11,10,15,580.5,144.5,0.6,15.0,434.5,335.42,255.16
2016,2,11,10,30,572.0,157.0,0.6,15.0,459.0,367.62,282.48
2016,2,11,10,45,361.5,210.5,0.6,15.5,404.5,350.69,272.09
2016,2,11,11,0,151.0,264.0,0.6,16.0,350.0,317.73,247.56
2016,2,11,11,15,238.0,262.0,0.6,16.0,402.5,365.93,285.07
2016,2,11,11,30,325.0,260.0,0.6,16.0,455.0,418.76,325.28
2016,2,11,11,45,319.5,268.0,0.6,16.0,462.0,434.35,336.88
2016,2,11,12,0,314.0,276.0,0.6,16.0,469.0,448.86,347.84
2016,2,11,12,15,404.5,250.5,0.6,16.0,500.5,486.43,377.1
2016,2,11,12,30,495.0,225.0,0.6,16.0,532.0,528.07,408.9
2016,2,11,12,45,406.0,247.0,0.65,16.5,497.5,500.87,387.67
2016,2,11,13,0,317.0,269.0,0.7,17.0,463.0,473.33,366.46
2016,2,11,13,15,432.0,230.0,0.65,17.0,488.5,515.84,399.93
2016,2,11,13,30,547.0,191.0,0.6,17.0,514.0,554.07,429.25
2016,2,11,13,45,593.0,168.5,0.6,17.5,507.5,564.9,437.21
2016,2,11,14,0,639.0,146.0,0.6,18.0,501.0,571.32,442.28
2016,2,11,14,15,583.5,154.5,0.65,18.0,466.0,542.59,421.7
2016,2,11,14,30,528.0,163.0,0.7,18.0,431.0,510.65,398.86
2016,2,11,14,45,484.0,160.0,0.8,18.0,393.0,475.57,373.96
2016,2,11,15,0,440.0,157.0,0.9,18.0,355.0,440.16,348.18
2016,2,11,15,15,405.0,152.0,0.95,17.5,322.0,407.86,324.64
2016,2,11,15,30,370.0,147.0,1.0,17.0,289.0,369.54,295.91
2016,2,11,15,45,350.5,131.5,1.1,17.0,253.0,334.56,268.84
2016,2,11,16,0,331.0,116.0,1.2,17.0,217.0,299.5,240.85
2016,2,11,16,15,298.0,99.5,1.3,16.5,179.0,257.1,206.48
2016,2,11,16,30,265.0,83.0,1.4,16.0,141.0,215.97,172.06
2016,2,11,16,45,216.5,65.5,1.5,15.5,105.0,168.96,132.03
2016,2,11,17,0,168.0,48.0,1.6,15.0,69.0,124.9,93.62
2016,2,11,17,15,84.0,30.0,1.65,14.5,40.5,70.88,43.12
2016,2,11,17,30,0.0,12.0,1.7,14.0,12.0,11.8,0.0
2016,2,11,17,45,0.0,6.0,1.8,14.0,6.0,0.0,0.0
2016,2,11,18,0,0.0,0.0,1.9,14.0,0.0,0.0,0.0
2016,2,11,18,15,0.0,0.0,1.95,13.5,0.0,0.0,0.0
2016,2,11,18,30,0.0,0.0,2.0,13.0,0.0,0.0,0.0
2016,2,11,18,45,0.0,0.0,2.05,13.0,0.0,0.0,0.0
2016,2,11,19,0,0.0,0.0,2.1,13.0,0.0,0.0,0.0
2016,2,11,19,15,0.0,0.0,2.15,12.5,0.0,0.0,0.0
2016,2,11,19,30,0.0,0.0,2.2,12.0,0.0,0.0,0.0
2016,2,11,19,45,0.0,0.0,2.3,12.0,0.0,0.0,0.0
2016,2,11,20,0,0.0,0.0,2.4,12.0,0.0,0.0,0.0
2016,2,11,20,15,0.0,0.0,2.45,12.0,0.0,0.0,0.0
2016,2,11,20,30,0.0,0.0,2.5,12.0,0.0,0.0,0.0
2016,2,11,20,45,0.0,0.0,2.55,12.0,0.0,0.0,0.0
2016,2,11,21,0,0.0,0.0,2.6,12.0,0.0,0.0,0.0
2016,2,11,21,15,0.0,0.0,2.6,11.5,0.0,0.0,0.0
2016,2,11,21,30,0.0,0.0,2.6,11.0,0.0,0.0,0.0
2016,2,11,21,45,0.0,0.0,2.65,11.0,0.0,0.0,0.0
2016,2,11,22,0,0.0,0.0,2.7,11.0,0.0,0.0,0.0
2016,2,11,22,15,0.0,0.0,2.7,11.0,0.0,0.0,0.0
2016,2,11,22,30,0.0,0.0,2.7,11.0,0.0,0.0,0.0
2016,2,11,22,45,0.0,0.0,2.7,11.0,0.0,0.0,0.0
2016,2,11,23,0,0.0,0.0,2.7,11.0,0.0,0.0,0.0
2016,2,11,23,15,0.0,0.0,2.65,11.0,0.0,0.0,0.0
2016,2,11,23,30,0.0,0.0,2.6,11.0,0.0,0.0,0.0
2016,2,11,23,45,0.0,0.0,2.6,11.0,0.0,0.0,0.0
2016,2,12,0,0,0.0,0.0,2.6,11.0,0.0,0.0,0.0
2016,2,12,0,15,0.0,0.0,2.55,11.0,0.0,0.0,0.0
2016,2,12,0,30,0.0,0.0,2.5,11.0,0.0,0.0,0.0
2016,2,12,0,45,0.0,0.0,2.45,11.0,0.0,0.0,0.0
2016,2,12,1,0,0.0,0.0,2.4,11.0,0.0,0.0,0.0
2016,2,12,1,15,0.0,0.0,2.35,11.0,0.0,0.0,0.0
2016,2,12,1,30,0.0,0.0,2.3,11.0,0.0,0.0,0.0
2016,2,12,1,45,0.0,0.0,2.25,11.0,0.0,0.0,0.0
2016,2,12,2,0,0.0,0.0,2.2,11.0,0.0,0.0,0.0
2016,2,12,2,15,0.0,0.0,2.15,11.0,0.0,0.0,0.0
2016,2,12,2,30,0.0,0.0,2.1,11.0,0.0,0.0,0.0
2016,2,12,2,45,0.0,0.0,2.05,11.0,0.0,0.0,0.0
2016,2,12,3,0,0.0,0.0,2.0,11.0,0.0,0.0,0.0
2016,2,12,3,15,0.0,0.0,1.95,11.0,0.0,0.0,0.0
2016,2,12,3,30,0.0,0.0,1.9,11.0,0.0,0.0,0.0
2016,2,12,3,45,0.0,0.0,1.85,11.0,0.0,0.0,0.0
2016,2,12,4,0,0.0,0.0,1.8,11.0,0.0,0.0,0.0
2016,2,12,4,15,0.0,0.0,1.75,11.0,0.0,0.0,0.0
2016,2,12,4,30,0.0,0.0,1.7,11.0,0.0,0.0,0.0
2016,2,12,4,45,0.0,0.0,1.7,11.0,0.0,0.0,0.0
2016,2,12,5,0,0.0,0.0,1.7,11.0,0.0,0.0,0.0
2016,2,12,5,15,0.0,0.0,1.65,11.0,0.0,0.0,0.0
2016,2,12,5,30,0.0,0.0,1.6,11.0,0.0,0.0,0.0
2016,2,12,5,45,0.0,0.0,1.6,11.0,0.0,0.0,0.0
2016,2,12,6,0,0.0,0.0,1.6,11.0,0.0,0.0,0.0
2016,2,12,6,15,0.0,0.0,1.6,11.0,0.0,0.0,0.0
2016,2,12,6,30,0.0,0.0,1.6,11.0,0.0,0.0,0.0
2016,2,12,6,45,0.0,0.0,1.6,11.0,0.0,0.0,0.0
2016,2,12,7,0,0.0,0.0,1.6,11.0,0.0,0.0,0.0
2016,2,12,7,15,127.0,13.0,1.65,11.5,22.5,12.78,0.0
2016,2,12,7,30,254.0,26.0,1.7,12.0,45.0,20.67,8.72
2016,2,12,7,45,364.5,37.0,1.8,12.5,86.5,28.34,18.87
2016,2,12,8,0,475.0,48.0,1.9,13.0,128.0,35.59,25.89
2016,2,12,8,15,386.5,71.0,1.8,13.0,149.5,52.23,41.07
2016,2,12,8,30,298.0,94.0,1.7,13.0,171.0,86.22,60.93
2016,2,12,8,45,329.5,106.5,1.65,13.0,206.5,112.7,77.16
2016,2,12,9,0,361.0,119.0,1.6,13.0,242.0,145.89,102.07
2016,2,12,9,15,356.5,137.0,1.55,13.0,271.5,179.98,131.07
2016,2,12,9,30,352.0,155.0,1.5,13.0,301.0,216.18,162.43
2016,2,12,9,45,476.0,142.5,1.5,13.5,358.5,254.24,191.26
2016,2,12,10,0,600.0,130.0,1.5,14.0,416.0,304.82,231.3
2016,2,12,10,15,640.5,127.5,1.6,14.0,451.5,343.32,264.43
2016,2,12,10,30,681.0,125.0,1.7,14.0,487.0,383.73,298.91
2016,2,12,10,45,760.5,112.5,1.8,14.5,534.5,433.11,339.18
2016,2,12,11,0,840.0,100.0,1.9,15.0,582.0,487.46,382.78
2016,2,12,11,15,846.5,101.5,1.95,15.0,600.0,520.05,409.86
2016,2,12,11,30,853.0,103.0,2.0,15.0,618.0,550.75,435.11
2016,2,12,11,45,853.0,105.0,2.15,15.0,627.0,576.31,456.47
2016,2,12,12,0,853.0,107.0,2.3,15.0,636.0,599.4,475.66
2016,2,12,12,15,625.5,182.0,2.35,15.0,571.0,556.42,441.75
2016,2,12,12,30,398.0,257.0,2.4,15.0,506.0,499.8,396.7
2016,2,12,12,45,329.0,269.5,2.5,15.0,474.0,476.92,379.33
2016,2,12,13,0,260.0,282.0,2.6,15.0,442.0,451.58,359.51
2016,2,12,13,15,429.5,228.5,2.65,15.0,486.0,514.7,411.75
2016,2,12,13,30,599.0,175.0,2.7,15.0,530.0,575.85,461.5
2016,2,12,13,45,392.0,215.5,2.75,15.0,445.0,483.8,388.36
2016,2,12,14,0,185.0,256.0,2.8,15.0,360.0,383.89,308.08
2016,2,12,14,15,272.5,230.0,2.8,15.0,374.5,418.59,337.81
2016,2,12,14,30,360.0,204.0,2.8,15.0,389.0,445.25,360.52
2016,2,12,14,45,378.0,186.0,2.8,15.0,368.0,434.26,352.67
2016,2,12,15,0,396.0,168.0,2.8,15.0,347.0,427.58,348.1
2016,2,12,15,15,387.5,153.0,2.65,14.5,315.5,400.59,327.42
2016,2,12,15,30,379.0,138.0,2.5,14.0,284.0,372.51,305.53
2016,2,12,15,45,347.0,127.0,2.45,14.0,248.5,335.43,275.27
2016,2,12,16,0,315.0,116.0,2.4,14.0,213.0,292.7,239.97
2016,2,12,16,15,286.0,99.5,2.45,14.0,177.0,252.49,206.09
2016,2,12,16,30,257.0,83.0,2.5,14.0,141.0,213.3,172.22
2016,2,12,16,45,212.0,66.0,2.55,14.0,106.0,168.36,133.01
2016,2,12,17,0,167.0,49.0,2.6,14.0,71.0,126.17,95.58
2016,2,12,17,15,83.5,32.0,2.65,13.5,43.0,74.42,47.54
2016,2,12,17,30,0.0,15.0,2.7,13.0,15.0,14.74,0.0
2016,2,12,17,45,0.0,7.5,2.75,13.0,7.5,7.37,0.0
2016,2,12,18,0,0.0,0.0,2.8,13.0,0.0,0.0,0.0
2016,2,12,18,15,0.0,0.0,2.75,13.0,0.0,0.0,0.0
2016,2,12,18,30,0.0,0.0,2.7,13.0,0.0,0.0,0.0
2016,2,12,18,45,0.0,0.0,2.7,13.0,0.0,0.0,0.0
2016,2,12,19,0,0.0,0.0,2.7,13.0,0.0,0.0,0.0
2016,2,12,19,15,0.0,0.0,2.7,13.0,0.0,0.0,0.0
2016,2,12,19,30,0.0,0.0,2.7,13.0,0.0,0.0,0.0
2016,2,12,19,45,0.0,0.0,2.7,13.0,0.0,0.0,0.0
2016,2,12,20,0,0.0,0.0,2.7,13.0,0.0,0.0,0.0
2016,2,12,20,15,0.0,0.0,2.75,12.5,0.0,0.0,0.0
2016,2,12,20,30,0.0,0.0,2.8,12.0,0.0,0.0,0.0
2016,2,12,20,45,0.0,0.0,2.85,12.0,0.0,0.0,0.0
2016,2,12,21,0,0.0,0.0,2.9,12.0,0.0,0.0,0.0
2016,2,12,21,15,0.0,0.0,3.0,12.0,0.0,0.0,0.0
2016,2,12,21,30,0.0,0.0,3.1,12.0,0.0,0.0,0.0
2016,2,12,21,45,0.0,0.0,3.25,12.0,0.0,0.0,0.0
2016,2,12,22,0,0.0,0.0,3.4,12.0,0.0,0.0,0.0
2016,2,12,22,15,0.0,0.0,3.5,11.5,0.0,0.0,0.0
2016,2,12,22,30,0.0,0.0,3.6,11.0,0.0,0.0,0.0
2016,2,12,22,45,0.0,0.0,3.75,11.0,0.0,0.0,0.0
2016,2,12,23,0,0.0,0.0,3.9,11.0,0.0,0.0,0.0
2016,2,12,23,15,0.0,0.0,3.95,11.0,0.0,0.0,0.0
2016,2,12,23,30,0.0,0.0,4.0,11.0,0.0,0.0,0.0
2016,2,12,23,45,0.0,0.0,4.1,11.0,0.0,0.0,0.0
2016,2,13,0,0,0.0,0.0,4.2,11.0,0.0,0.0,0.0
2016,2,13,0,15,0.0,0.0,4.2,11.0,0.0,0.0,0.0
2016,2,13,0,30,0.0,0.0,4.2,11.0,0.0,0.0,0.0
2016,2,13,0,45,0.0,0.0,4.25,11.0,0.0,0.0,0.0
2016,2,13,1,0,0.0,0.0,4.3,11.0,0.0,0.0,0.0
2016,2,13,1,15,0.0,0.0,4.2,10.5,0.0,0.0,0.0
2016,2,13,1,30,0.0,0.0,4.1,10.0,0.0,0.0,0.0
2016,2,13,1,45,0.0,0.0,4.05,10.0,0.0,0.0,0.0
2016,2,13,2,0,0.0,0.0,4.0,10.0,0.0,0.0,0.0
2016,2,13,2,15,0.0,0.0,3.9,10.0,0.0,0.0,0.0
2016,2,13,2,30,0.0,0.0,3.8,10.0,0.0,0.0,0.0
2016,2,13,2,45,0.0,0.0,3.7,10.0,0.0,0.0,0.0
2016,2,13,3,0,0.0,0.0,3.6,10.0,0.0,0.0,0.0
2016,2,13,3,15,0.0,0.0,3.5,10.0,0.0,0.0,0.0
2016,2,13,3,30,0.0,0.0,3.4,10.0,0.0,0.0,0.0
2016,2,13,3,45,0.0,0.0,3.3,10.0,0.0,0.0,0.0
2016,2,13,4,0,0.0,0.0,3.2,10.0,0.0,0.0,0.0
2016,2,13,4,15,0.0,0.0,3.2,9.5,0.0,0.0,0.0
2016,2,13,4,30,0.0,0.0,3.2,9.0,0.0,0.0,0.0
2016,2,13,4,45,0.0,0.0,3.2,9.0,0.0,0.0,0.0
2016,2,13,5,0,0.0,0.0,3.2,9.0,0.0,0.0,0.0
2016,2,13,5,15,0.0,0.0,3.3,9.0,0.0,0.0,0.0
2016,2,13,5,30,0.0,0.0,3.4,9.0,0.0,0.0,0.0
2016,2,13,5,45,0.0,0.0,3.5,9.0,0.0,0.0,0.0
2016,2,13,6,0,0.0,0.0,3.6,9.0,0.0,0.0,0.0
2016,2,13,6,15,0.0,0.0,3.65,9.0,0.0,0.0,0.0
2016,2,13,6,30,0.0,0.0,3.7,9.0,0.0,0.0,0.0
2016,2,13,6,45,0.0,0.0,3.75,9.5,0.0,0.0,0.0
2016,2,13,7,0,0.0,0.0,3.8,10.0,0.0,0.0,0.0
2016,2,13,7,15,173.0,12.5,3.8,10.0,26.0,12.29,0.0
2016,2,13,7,30,346.0,25.0,3.8,10.0,52.0,19.46,8.7
2016,2,13,7,45,458.5,33.5,3.85,10.5,96.0,24.83,16.05
2016,2,13,8,0,571.0,42.0,3.9,11.0,140.0,32.79,23.64
2016,2,13,8,15,635.0,48.0,3.75,11.5,188.0,35.84,26.64
2016,2,13,8,30,699.0,54.0,3.6,12.0,236.0,68.61,35.41
2016,2,13,8,45,418.5,98.0,3.45,12.5,212.5,114.91,75.47
2016,2,13,9,0,138.0,142.0,3.3,13.0,189.0,142.15,108.99
2016,2,13,9,15,489.0,104.5,3.15,13.0,303.5,178.18,124.71
2016,2,13,9,30,840.0,67.0,3.0,13.0,418.0,252.29,175.88
2016,2,13,9,45,866.0,67.5,2.9,13.5,458.0,301.77,220.04
2016,2,13,10,0,892.0,68.0,2.8,14.0,498.0,348.74,261.9
2016,2,13,10,15,906.0,69.5,2.65,14.5,531.0,392.67,300.74
2016,2,13,10,30,920.0,71.0,2.5,15.0,564.0,435.78,337.83
2016,2,13,10,45,931.5,71.5,2.45,15.5,590.5,475.78,371.66
2016,2,13,11,0,943.0,72.0,2.4,16.0,617.0,514.3,403.34
2016,2,13,11,15,949.0,73.0,2.45,16.0,636.0,548.85,432.26
2016,2,13,11,30,955.0,74.0,2.5,16.0,655.0,581.18,458.9
2016,2,13,11,45,960.0,73.5,2.6,16.5,666.0,609.09,481.06
2016,2,13,12,0,965.0,73.0,2.7,17.0,677.0,634.39,500.84
2016,2,13,12,15,966.0,73.5,2.8,17.0,679.5,655.55,518.13
2016,2,13,12,30,967.0,74.0,2.9,17.0,682.0,673.73,533.01
2016,2,13,12,45,958.5,76.5,3.0,17.0,675.0,684.93,542.49
2016,2,13,13,0,950.0,79.0,3.1,17.0,668.0,692.84,549.45
2016,2,13,13,15,944.5,78.5,3.35,17.0,654.0,696.31,553.78
2016,2,13,13,30,939.0,78.0,3.6,17.0,640.0,696.56,555.61
2016,2,13,13,45,929.0,78.0,3.9,17.0,617.5,691.24,553.29
2016,2,13,14,0,919.0,78.0,4.2,17.0,595.0,682.84,548.48
2016,2,13,14,15,907.0,76.5,4.5,16.5,565.5,668.56,540.55
2016,2,13,14,30,895.0,75.0,4.8,16.0,536.0,651.46,530.14
2016,2,13,14,45,876.5,73.5,5.1,16.0,500.0,627.67,513.08
2016,2,13,15,0,858.0,72.0,5.4,16.0,464.0,604.52,495.92
2016,2,13,15,15,835.0,69.0,5.3,15.5,423.0,572.17,470.97
2016,2,13,15,30,812.0,66.0,5.2,15.0,382.0,538.15,444.11
2016,2,13,15,45,774.0,63.5,5.1,15.0,336.5,495.31,408.62
2016,2,13,16,0,736.0,61.0,5.0,15.0,291.0,452.2,372.07
2016,2,13,16,15,685.5,56.0,4.8,14.5,243.0,400.47,328.09
2016,2,13,16,30,635.0,51.0,4.6,14.0,195.0,350.07,283.88
2016,2,13,16,45,549.5,44.5,4.45,13.5,148.0,288.66,229.72
2016,2,13,17,0,464.0,38.0,4.3,13.0,101.0,229.83,176.54
2016,2,13,17,15,322.5,27.0,4.25,12.5,62.0,153.74,104.12
2016,2,13,17,30,181.0,16.0,4.2,12.0,23.0,67.67,0.0
2016,2,13,17,45,90.5,8.0,4.2,12.0,11.5,7.86,0.0
2016,2,13,18,0,0.0,0.0,4.2,12.0,0.0,0.0,0.0
2016,2,13,18,15,0.0,0.0,4.1,12.0,0.0,0.0,0.0
2016,2,13,18,30,0.0,0.0,4.0,12.0,0.0,0.0,0.0
2016,2,13,18,45,0.0,0.0,3.9,12.0,0.0,0.0,0.0
2016,2,13,19,0,0.0,0.0,3.8,12.0,0.0,0.0,0.0
2016,2,13,19,15,0.0,0.0,3.85,12.0,0.0,0.0,0.0
2016,2,13,19,30,0.0,0.0,3.9,12.0,0.0,0.0,0.0
2016,2,13,19,45,0.0,0.0,3.95,12.0,0.0,0.0,0.0
2016,2,13,20,0,0.0,0.0,4.0,12.0,0.0,0.0,0.0
2016,2,13,20,15,0.0,0.0,4.05,11.5,0.0,0.0,0.0
2016,2,13,20,30,0.0,0.0,4.1,11.0,0.0,0.0,0.0
2016,2,13,20,45,0.0,0.0,4.2,11.0,0.0,0.0,0.0
2016,2,13,21,0,0.0,0.0,4.3,11.0,0.0,0.0,0.0
2016,2,13,21,15,0.0,0.0,4.2,11.0,0.0,0.0,0.0
2016,2,13,21,30,0.0,0.0,4.1,11.0,0.0,0.0,0.0
2016,2,13,21,45,0.0,0.0,4.1,11.0,0.0,0.0,0.0
2016,2,13,22,0,0.0,0.0,4.1,11.0,0.0,0.0,0.0
2016,2,13,22,15,0.0,0.0,4.1,10.5,0.0,0.0,0.0
2016,2,13,22,30,0.0,0.0,4.1,10.0,0.0,0.0,0.0
2016,2,13,22,45,0.0,0.0,4.2,10.0,0.0,0.0,0.0
2016,2,13,23,0,0.0,0.0,4.3,10.0,0.0,0.0,0.0
2016,2,13,23,15,0.0,0.0,4.3,10.0,0.0,0.0,0.0
2016,2,13,23,30,0.0,0.0,4.3,10.0,0.0,0.0,0.0
2016,2,13,23,45,0.0,0.0,4.35,10.0,0.0,0.0,0.0
2016,2,14,0,0,0.0,0.0,4.4,10.0,0.0,0.0,0.0
2016,2,14,0,15,0.0,0.0,4.45,10.0,0.0,0.0,0.0
2016,2,14,0,30,0.0,0.0,4.5,10.0,0.0,0.0,0.0
2016,2,14,0,45,0.0,0.0,4.6,10.0,0.0,0.0,0.0
2016,2,14,1,0,0.0,0.0,4.7,10.0,0.0,0.0,0.0
2016,2,14,1,15,0.0,0.0,4.75,10.0,0.0,0.0,0.0
2016,2,14,1,30,0.0,0.0,4.8,10.0,0.0,0.0,0.0
2016,2,14,1,45,0.0,0.0,4.85,10.0,0.0,0.0,0.0
2016,2,14,2,0,0.0,0.0,4.9,10.0,0.0,0.0,0.0
2016,2,14,2,15,0.0,0.0,4.85,10.0,0.0,0.0,0.0
2016,2,14,2,30,0.0,0.0,4.8,10.0,0.0,0.0,0.0
2016,2,14,2,45,0.0,0.0,4.8,10.0,0.0,0.0,0.0
2016,2,14,3,0,0.0,0.0,4.8,10.0,0.0,0.0,0.0
2016,2,14,3,15,0.0,0.0,4.7,10.0,0.0,0.0,0.0
2016,2,14,3,30,0.0,0.0,4.6,10.0,0.0,0.0,0.0
2016,2,14,3,45,0.0,0.0,4.55,10.0,0.0,0.0,0.0
2016,2,14,4,0,0.0,0.0,4.5,10.0,0.0,0.0,0.0
2016,2,14,4,15,0.0,0.0,4.35,9.5,0.0,0.0,0.0
2016,2,14,4,30,0.0,0.0,4.2,9.0,0.0,0.0,0.0
2016,2,14,4,45,0.0,0.0,4.05,9.0,0.0,0.0,0.0
2016,2,14,5,0,0.0,0.0,3.9,9.0,0.0,0.0,0.0
2016,2,14,5,15,0.0,0.0,3.9,9.0,0.0,0.0,0.0
2016,2,14,5,30,0.0,0.0,3.9,9.0,0.0,0.0,0.0
2016,2,14,5,45,0.0,0.0,3.9,9.0,0.0,0.0,0.0
2016,2,14,6,0,0.0,0.0,3.9,9.0,0.0,0.0,0.0
2016,2,14,6,15,0.0,0.0,4.0,9.5,0.0,0.0,0.0
2016,2,14,6,30,0.0,0.0,4.1,10.0,0.0,0.0,0.0
2016,2,14,6,45,0.0,0.0,4.25,10.5,0.0,0.0,0.0
2016,2,14,7,0,0.0,0.0,4.4,11.0,0.0,0.0,0.0
2016,2,14,7,15,174.5,12.5,4.45,11.0,26.5,12.29,0.0
2016,2,14,7,30,349.0,25.0,4.5,11.0,53.0,19.24,9.06
2016,2,14,7,45,451.5,33.5,4.55,11.5,96.5,24.62,15.85
2016,2,14,8,0,554.0,42.0,4.6,12.0,140.0,29.73,20.84
2016,2,14,8,15,615.0,47.5,4.5,12.5,186.5,35.12,25.89
2016,2,14,8,30,676.0,53.0,4.4,13.0,233.0,69.33,35.32
2016,2,14,8,45,716.5,57.0,4.3,13.5,278.5,111.52,59.81
2016,2,14,9,0,757.0,61.0,4.2,14.0,324.0,157.06,93.99
2016,2,14,9,15,668.0,88.0,4.15,14.5,341.5,198.94,134.24
2016,2,14,9,30,579.0,115.0,4.1,15.0,359.0,234.91,170.07
2016,2,14,9,45,409.0,162.5,4.05,15.5,342.5,257.01,195.77
2016,2,14,10,0,239.0,210.0,4.0,16.0,326.0,265.84,208.2
2016,2,14,10,15,467.0,167.0,4.0,16.0,412.5,321.17,250.61
2016,2,14,10,30,695.0,124.0,4.0,16.0,499.0,394.17,308.74
2016,2,14,10,45,786.0,103.5,4.05,16.5,546.5,444.08,349.72
2016,2,14,11,0,877.0,83.0,4.1,17.0,594.0,497.55,393.25
2016,2,14,11,15,884.0,84.0,4.1,17.0,612.0,530.69,421.16
2016,2,14,11,30,891.0,85.0,4.1,17.0,630.0,561.85,447.05
2016,2,14,11,45,668.0,165.5,4.15,17.5,578.5,538.2,427.52
2016,2,14,12,0,445.0,246.0,4.2,18.0,527.0,502.22,397.51
2016,2,14,12,15,673.0,166.5,4.2,18.0,592.0,575.54,457.6
2016,2,14,12,30,901.0,87.0,4.2,18.0,657.0,650.28,517.93
2016,2,14,12,45,902.5,85.5,4.2,18.0,653.0,662.92,528.01
2016,2,14,13,0,904.0,84.0,4.2,18.0,649.0,672.62,536.1
2016,2,14,13,15,900.5,83.5,4.25,18.0,636.0,677.1,540.28
2016,2,14,13,30,897.0,83.0,4.3,18.0,623.0,678.52,542.24
2016,2,14,13,45,886.5,83.5,4.4,18.5,602.0,673.39,538.36
2016,2,14,14,0,876.0,84.0,4.5,19.0,581.0,665.33,532.21
2016,2,14,14,15,732.5,117.5,4.55,18.5,519.5,607.91,488.38
2016,2,14,14,30,589.0,151.0,4.6,18.0,458.0,546.36,440.8
2016,2,14,14,45,579.5,141.5,4.65,18.0,427.0,524.34,424.59
2016,2,14,15,0,570.0,132.0,4.7,18.0,396.0,500.5,406.51
2016,2,14,15,15,567.0,119.5,4.75,17.5,362.5,475.63,388.15
2016,2,14,15,30,564.0,107.0,4.8,17.0,329.0,448.88,367.76
2016,2,14,15,45,526.5,101.5,4.85,17.0,290.0,409.22,335.42
2016,2,14,16,0,489.0,96.0,4.9,17.0,251.0,367.84,301.04
2016,2,14,16,15,452.0,84.5,4.85,16.5,210.0,323.38,263.81
2016,2,14,16,30,415.0,73.0,4.8,16.0,169.0,280.11,226.49
2016,2,14,16,45,360.5,59.5,4.75,15.5,129.0,228.86,181.73
2016,2,14,17,0,306.0,46.0,4.7,15.0,89.0,180.94,138.8
2016,2,14,17,15,153.0,33.5,4.75,14.5,55.0,105.84,72.45
2016,2,14,17,30,0.0,21.0,4.8,14.0,21.0,22.53,0.0
2016,2,14,17,45,0.0,10.5,4.9,14.0,10.5,10.32,0.0
2016,2,14,18,0,0.0,0.0,5.0,14.0,0.0,0.0,0.0
2016,2,14,18,15,0.0,0.0,5.0,14.0,0.0,0.0,0.0
2016,2,14,18,30,0.0,0.0,5.0,14.0,0.0,0.0,0.0
2016,2,14,18,45,0.0,0.0,5.0,14.0,0.0,0.0,0.0
2016,2,14,19,0,0.0,0.0,5.0,14.0,0.0,0.0,0.0
2016,2,14,19,15,0.0,0.0,5.0,14.0,0.0,0.0,0.0
2016,2,14,19,30,0.0,0.0,5.0,14.0,0.0,0.0,0.0
2016,2,14,19,45,0.0,0.0,5.05,14.0,0.0,0.0,0.0
2016,2,14,20,0,0.0,0.0,5.1,14.0,0.0,0.0,0.0
2016,2,14,20,15,0.0,0.0,5.1,14.0,0.0,0.0,0.0
2016,2,14,20,30,0.0,0.0,5.1,14.0,0.0,0.0,0.0
2016,2,14,20,45,0.0,0.0,5.15,14.0,0.0,0.0,0.0
2016,2,14,21,0,0.0,0.0,5.2,14.0,0.0,0.0,0.0
2016,2,14,21,15,0.0,0.0,5.2,14.0,0.0,0.0,0.0
2016,2,14,21,30,0.0,0.0,5.2,14.0,0.0,0.0,0.0
2016,2,14,21,45,0.0,0.0,5.2,14.0,0.0,0.0,0.0
2016,2,14,22,0,0.0,0.0,5.2,14.0,0.0,0.0,0.0
2016,2,14,22,15,0.0,0.0,5.0,14.0,0.0,0.0,0.0
2016,2,14,22,30,0.0,0.0,4.8,14.0,0.0,0.0,0.0
2016,2,14,22,45,0.0,0.0,4.65,14.0,0.0,0.0,0.0
2016,2,14,23,0,0.0,0.0,4.5,14.0,0.0,0.0,0.0
2016,2,14,23,15,0.0,0.0,4.35,13.5,0.0,0.0,0.0
2016,2,14,23,30,0.0,0.0,4.2,13.0,0.0,0.0,0.0
2016,2,14,23,45,0.0,0.0,4.1,13.0,0.0,0.0,0.0
2016,2,15,0,0,0.0,0.0,4.0,13.0,0.0,0.0,0.0
2016,2,15,0,15,0.0,0.0,3.9,13.0,0.0,0.0,0.0
2016,2,15,0,30,0.0,0.0,3.8,13.0,0.0,0.0,0.0
2016,2,15,0,45,0.0,0.0,3.7,13.0,0.0,0.0,0.0
2016,2,15,1,0,0.0,0.0,3.6,13.0,0.0,0.0,0.0
2016,2,15,1,15,0.0,0.0,3.55,13.0,0.0,0.0,0.0
2016,2,15,1,30,0.0,0.0,3.5,13.0,0.0,0.0,0.0
2016,2,15,1,45,0.0,0.0,3.45,13.0,0.0,0.0,0.0
2016,2,15,2,0,0.0,0.0,3.4,13.0,0.0,0.0,0.0
2016,2,15,2,15,0.0,0.0,3.35,13.0,0.0,0.0,0.0
2016,2,15,2,30,0.0,0.0,3.3,13.0,0.0,0.0,0.0
2016,2,15,2,45,0.0,0.0,3.3,13.0,0.0,0.0,0.0
2016,2,15,3,0,0.0,0.0,3.3,13.0,0.0,0.0,0.0
2016,2,15,3,15,0.0,0.0,3.3,13.0,0.0,0.0,0.0
2016,2,15,3,30,0.0,0.0,3.3,13.0,0.0,0.0,0.0
2016,2,15,3,45,0.0,0.0,3.3,13.0,0.0,0.0,0.0
2016,2,15,4,0,0.0,0.0,3.3,13.0,0.0,0.0,0.0
2016,2,15,4,15,0.0,0.0,3.25,13.0,0.0,0.0,0.0
2016,2,15,4,30,0.0,0.0,3.2,13.0,0.0,0.0,0.0
2016,2,15,4,45,0.0,0.0,3.2,13.0,0.0,0.0,0.0
2016,2,15,5,0,0.0,0.0,3.2,13.0,0.0,0.0,0.0
2016,2,15,5,15,0.0,0.0,3.15,12.5,0.0,0.0,0.0
2016,2,15,5,30,0.0,0.0,3.1,12.0,0.0,0.0,0.0
2016,2,15,5,45,0.0,0.0,3.05,12.0,0.0,0.0,0.0
2016,2,15,6,0,0.0,0.0,3.0,12.0,0.0,0.0,0.0
2016,2,15,6,15,0.0,0.0,2.9,12.0,0.0,0.0,0.0
2016,2,15,6,30,0.0,0.0,2.8,12.0,0.0,0.0,0.0
2016,2,15,6,45,0.0,0.0,2.7,12.5,0.0,0.0,0.0
2016,2,15,7,0,0.0,0.0,2.6,13.0,0.0,0.0,0.0
2016,2,15,7,15,211.0,12.5,2.65,13.5,30.5,12.29,0.0
2016,2,15,7,30,422.0,25.0,2.7,14.0,61.0,20.77,10.56
2016,2,15,7,45,523.0,32.0,2.75,14.5,106.5,25.16,16.18
2016,2,15,8,0,624.0,39.0,2.8,15.0,152.0,29.45,20.37
2016,2,15,8,15,682.0,44.0,2.8,15.0,200.0,31.78,22.68
2016,2,15,8,30,740.0,49.0,2.8,15.0,248.0,71.37,33.82
2016,2,15,8,45,777.5,52.5,2.8,15.5,295.5,116.25,60.32
2016,2,15,9,0,815.0,56.0,2.8,16.0,343.0,164.09,96.46
2016,2,15,9,15,840.5,58.5,2.85,16.0,386.5,214.83,139.59
2016,2,15,9,30,866.0,61.0,2.9,16.0,430.0,263.26,182.63
2016,2,15,9,45,884.0,63.0,2.95,16.5,468.5,310.0,224.66
2016,2,15,10,0,902.0,65.0,3.0,17.0,507.0,356.72,266.25
2016,2,15,10,15,914.5,66.0,3.0,17.0,539.5,400.21,305.13
2016,2,15,10,30,927.0,67.0,3.0,17.0,572.0,442.72,342.4
2016,2,15,10,45,935.0,68.5,3.05,17.5,598.0,482.5,376.12
2016,2,15,11,0,943.0,70.0,3.1,18.0,624.0,520.56,407.58
2016,2,15,11,15,948.5,70.5,3.1,18.0,642.0,554.46,435.8
2016,2,15,11,30,954.0,71.0,3.1,18.0,660.0,586.1,461.69
2016,2,15,11,45,956.5,71.5,3.15,18.5,670.0,613.63,483.22
2016,2,15,12,0,959.0,72.0,3.2,19.0,680.0,638.44,502.29
2016,2,15,12,15,959.5,72.0,3.25,19.0,682.5,658.71,518.63
2016,2,15,12,30,960.0,72.0,3.3,19.0,685.0,675.98,532.54
2016,2,15,12,45,796.0,125.5,3.35,19.0,631.0,640.66,505.04
2016,2,15,13,0,632.0,179.0,3.4,19.0,577.0,598.77,472.29
2016,2,15,13,15,634.5,172.5,3.4,19.0,565.0,600.57,474.66
2016,2,15,13,30,637.0,166.0,3.4,19.0,553.0,600.09,475.05
2016,2,15,13,45,776.5,121.0,3.45,19.0,576.5,647.6,513.59
2016,2,15,14,0,916.0,76.0,3.5,19.0,600.0,686.92,545.6
2016,2,15,14,15,905.0,74.5,3.45,19.0,571.0,673.14,535.45
2016,2,15,14,30,894.0,73.0,3.4,19.0,542.0,656.53,523.39
2016,2,15,14,45,876.0,72.0,3.4,19.0,506.5,633.39,506.38
2016,2,15,15,0,858.0,71.0,3.4,19.0,471.0,610.92,489.53
2016,2,15,15,15,836.5,68.5,3.2,18.5,430.5,579.76,466.12
2016,2,15,15,30,815.0,66.0,3.0,18.0,390.0,546.87,440.87
2016,2,15,15,45,783.0,62.5,2.85,18.0,345.0,505.68,407.89
2016,2,15,16,0,751.0,59.0,2.7,18.0,300.0,463.91,373.63
2016,2,15,16,15,704.5,54.5,2.55,17.5,252.5,413.76,332.43
2016,2,15,16,30,658.0,50.0,2.4,17.0,205.0,364.66,290.7
2016,2,15,16,45,586.0,43.5,2.3,16.5,157.5,304.28,238.8
2016,2,15,17,0,514.0,37.0,2.2,16.0,110.0,251.14,191.19
2016,2,15,17,15,382.0,27.0,2.1,16.0,69.5,176.07,122.19
2016,2,15,17,30,250.0,17.0,2.0,16.0,29.0,102.15,0.0
2016,2,15,17,45,125.0,8.5,1.9,16.0,14.5,40.14,0.0
2016,2,15,18,0,0.0,0.0,1.8,16.0,0.0,0.0,0.0
2016,2,15,18,15,0.0,0.0,1.75,16.0,0.0,0.0,0.0
2016,2,15,18,30,0.0,0.0,1.7,16.0,0.0,0.0,0.0
2016,2,15,18,45,0.0,0.0,1.65,16.0,0.0,0.0,0.0
2016,2,15,19,0,0.0,0.0,1.6,16.0,0.0,0.0,0.0
2016,2,15,19,15,0.0,0.0,1.6,16.0,0.0,0.0,0.0
2016,2,15,19,30,0.0,0.0,1.6,16.0,0.0,0.0,0.0
2016,2,15,19,45,0.0,0.0,1.6,16.0,0.0,0.0,0.0
2016,2,15,20,0,0.0,0.0,1.6,16.0,0.0,0.0,0.0
2016,2,15,20,15,0.0,0.0,1.6,15.5,0.0,0.0,0.0
2016,2,15,20,30,0.0,0.0,1.6,15.0,0.0,0.0,0.0
2016,2,15,20,45,0.0,0.0,1.65,15.0,0.0,0.0,0.0
2016,2,15,21,0,0.0,0.0,1.7,15.0,0.0,0.0,0.0
2016,2,15,21,15,0.0,0.0,1.65,14.5,0.0,0.0,0.0
2016,2,15,21,30,0.0,0.0,1.6,14.0,0.0,0.0,0.0
2016,2,15,21,45,0.0,0.0,1.6,14.0,0.0,0.0,0.0
2016,2,15,22,0,0.0,0.0,1.6,14.0,0.0,0.0,0.0
2016,2,15,22,15,0.0,0.0,1.55,14.0,0.0,0.0,0.0
2016,2,15,22,30,0.0,0.0,1.5,14.0,0.0,0.0,0.0
2016,2,15,22,45,0.0,0.0,1.45,14.0,0.0,0.0,0.0
2016,2,15,23,0,0.0,0.0,1.4,14.0,0.0,0.0,0.0
2016,2,15,23,15,0.0,0.0,1.3,14.0,0.0,0.0,0.0
2016,2,15,23,30,0.0,0.0,1.2,14.0,0.0,0.0,0.0
2016,2,15,23,45,0.0,0.0,1.15,14.0,0.0,0.0,0.0
2016,2,16,0,0,0.0,0.0,1.1,14.0,0.0,0.0,0.0
2016,2,16,0,15,0.0,0.0,1.05,14.0,0.0,0.0,0.0
2016,2,16,0,30,0.0,0.0,1.0,14.0,0.0,0.0,0.0
2016,2,16,0,45,0.0,0.0,0.95,14.0,0.0,0.0,0.0
2016,2,16,1,0,0.0,0.0,0.9,14.0,0.0,0.0,0.0
2016,2,16,1,15,0.0,0.0,0.95,14.0,0.0,0.0,0.0
2016,2,16,1,30,0.0,0.0,1.0,14.0,0.0,0.0,0.0
2016,2,16,1,45,0.0,0.0,1.1,14.0,0.0,0.0,0.0
2016,2,16,2,0,0.0,0.0,1.2,14.0,0.0,0.0,0.0
2016,2,16,2,15,0.0,0.0,1.2,13.5,0.0,0.0,0.0
2016,2,16,2,30,0.0,0.0,1.2,13.0,0.0,0.0,0.0
2016,2,16,2,45,0.0,0.0,1.3,13.0,0.0,0.0,0.0
2016,2,16,3,0,0.0,0.0,1.4,13.0,0.0,0.0,0.0
2016,2,16,3,15,0.0,0.0,1.45,12.5,0.0,0.0,0.0
2016,2,16,3,30,0.0,0.0,1.5,12.0,0.0,0.0,0.0
2016,2,16,3,45,0.0,0.0,1.6,12.0,0.0,0.0,0.0
2016,2,16,4,0,0.0,0.0,1.7,12.0,0.0,0.0,0.0
2016,2,16,4,15,0.0,0.0,1.75,12.0,0.0,0.0,0.0
2016,2,16,4,30,0.0,0.0,1.8,12.0,0.0,0.0,0.0
2016,2,16,4,45,0.0,0.0,1.85,12.0,0.0,0.0,0.0
2016,2,16,5,0,0.0,0.0,1.9,12.0,0.0,0.0,0.0
2016,2,16,5,15,0.0,0.0,1.95,11.5,0.0,0.0,0.0
2016,2,16,5,30,0.0,0.0,2.0,11.0,0.0,0.0,0.0
2016,2,16,5,45,0.0,0.0,2.05,11.0,0.0,0.0,0.0
2016,2,16,6,0,0.0,0.0,2.1,11.0,0.0,0.0,0.0
2016,2,16,6,15,0.0,0.0,2.1,11.0,0.0,0.0,0.0
2016,2,16,6,30,0.0,0.0,2.1,11.0,0.0,0.0,0.0
2016,2,16,6,45,0.0,0.0,2.15,11.5,0.0,0.0,0.0
2016,2,16,7,0,0.0,0.0,2.2,12.0,0.0,0.0,0.0
2016,2,16,7,15,200.5,13.0,2.3,12.5,31.0,9.76,0.0
2016,2,16,7,30,401.0,26.0,2.4,13.0,62.0,21.57,11.65
2016,2,16,7,45,499.5,34.5,2.5,13.5,107.5,27.41,18.27
2016,2,16,8,0,598.0,43.0,2.6,14.0,153.0,33.02,23.65
2016,2,16,8,15,656.5,48.5,2.5,14.0,201.0,35.6,26.21
2016,2,16,8,30,715.0,54.0,2.4,14.0,249.0,77.47,38.75
2016,2,16,8,45,753.0,58.0,2.3,14.5,296.0,121.77,65.81
2016,2,16,9,0,791.0,62.0,2.2,15.0,343.0,169.14,102.02
2016,2,16,9,15,817.0,64.5,2.15,15.5,386.5,215.57,141.47
2016,2,16,9,30,843.0,67.0,2.1,16.0,430.0,263.34,183.45
2016,2,16,9,45,863.5,68.5,2.1,16.5,469.0,312.77,227.13
2016,2,16,10,0,884.0,70.0,2.1,17.0,508.0,359.16,267.88
2016,2,16,10,15,897.0,72.0,2.15,17.0,541.0,403.17,306.73
2016,2,16,10,30,910.0,74.0,2.2,17.0,574.0,446.3,344.06
2016,2,16,10,45,827.5,100.5,2.25,17.5,571.0,466.7,362.79
2016,2,16,11,0,745.0,127.0,2.3,18.0,568.0,480.3,375.13
2016,2,16,11,15,841.0,102.5,2.35,18.0,614.5,532.99,417.45
2016,2,16,11,30,937.0,78.0,2.4,18.0,661.0,587.98,460.91
2016,2,16,11,45,939.0,79.0,2.45,18.5,671.0,615.37,481.91
2016,2,16,12,0,941.0,80.0,2.5,19.0,681.0,640.08,500.65
2016,2,16,12,15,941.5,80.0,2.5,19.0,683.5,660.09,516.37
2016,2,16,12,30,942.0,80.0,2.5,19.0,686.0,677.15,529.74
2016,2,16,12,45,803.5,125.5,2.55,19.5,639.0,649.12,507.28
2016,2,16,13,0,665.0,171.0,2.6,20.0,592.0,615.27,480.43
2016,2,16,13,15,668.0,164.5,2.6,20.0,580.0,617.57,483.14
2016,2,16,13,30,671.0,158.0,2.6,20.0,568.0,617.47,483.83
2016,2,16,13,45,668.0,152.0,2.6,20.0,549.0,611.48,480.11
2016,2,16,14,0,665.0,146.0,2.6,20.0,530.0,603.07,474.59
2016,2,16,14,15,780.0,109.0,2.55,20.0,538.0,635.09,500.52
2016,2,16,14,30,895.0,72.0,2.5,20.0,546.0,660.04,520.73
2016,2,16,14,45,880.0,70.0,2.45,20.0,511.0,637.55,504.04
2016,2,16,15,0,865.0,68.0,2.4,20.0,476.0,612.65,485.65
2016,2,16,15,15,843.5,66.0,2.2,20.0,435.0,581.68,461.71
2016,2,16,15,30,822.0,64.0,2.0,20.0,394.0,552.11,438.31
2016,2,16,15,45,790.0,61.0,1.85,20.0,348.5,511.15,406.05
2016,2,16,16,0,758.0,58.0,1.7,20.0,303.0,469.58,372.57
2016,2,16,16,15,712.5,53.5,1.55,19.5,255.5,419.47,332.23
2016,2,16,16,30,667.0,49.0,1.4,19.0,208.0,370.37,291.31
2016,2,16,16,45,590.5,43.0,1.3,18.5,160.5,308.05,238.95
2016,2,16,17,0,514.0,37.0,1.2,18.0,113.0,253.13,190.94
2016,2,16,17,15,257.0,34.0,1.15,17.5,72.0,142.29,99.38
2016,2,16,17,30,0.0,31.0,1.1,17.0,31.0,37.32,0.0
2016,2,16,17,45,0.0,15.5,1.05,17.0,15.5,15.24,0.0
2016,2,16,18,0,0.0,0.0,1.0,17.0,0.0,0.0,0.0
2016,2,16,18,15,0.0,0.0,0.95,17.0,0.0,0.0,0.0
2016,2,16,18,30,0.0,0.0,0.9,17.0,0.0,0.0,0.0
2016,2,16,18,45,0.0,0.0,0.9,17.0,0.0,0.0,0.0
2016,2,16,19,0,0.0,0.0,0.9,17.0,0.0,0.0,0.0
2016,2,16,19,15,0.0,0.0,0.95,16.5,0.0,0.0,0.0
2016,2,16,19,30,0.0,0.0,1.0,16.0,0.0,0.0,0.0
2016,2,16,19,45,0.0,0.0,1.1,16.0,0.0,0.0,0.0
2016,2,16,20,0,0.0,0.0,1.2,16.0,0.0,0.0,0.0
2016,2,16,20,15,0.0,0.0,1.3,15.5,0.0,0.0,0.0
2016,2,16,20,30,0.0,0.0,1.4,15.0,0.0,0.0,0.0
2016,2,16,20,45,0.0,0.0,1.5,15.0,0.0,0.0,0.0
2016,2,16,21,0,0.0,0.0,1.6,15.0,0.0,0.0,0.0
2016,2,16,21,15,0.0,0.0,1.7,14.5,0.0,0.0,0.0
2016,2,16,21,30,0.0,0.0,1.8,14.0,0.0,0.0,0.0
2016,2,16,21,45,0.0,0.0,1.95,14.0,0.0,0.0,0.0
2016,2,16,22,0,0.0,0.0,2.1,14.0,0.0,0.0,0.0
2016,2,16,22,15,0.0,0.0,2.25,14.0,0.0,0.0,0.0
2016,2,16,22,30,0.0,0.0,2.4,14.0,0.0,0.0,0.0
2016,2,16,22,45,0.0,0.0,2.55,14.0,0.0,0.0,0.0
2016,2,16,23,0,0.0,0.0,2.7,14.0,0.0,0.0,0.0
2016,2,16,23,15,0.0,0.0,2.85,14.0,0.0,0.0,0.0
2016,2,16,23,30,0.0,0.0,3.0,14.0,0.0,0.0,0.0
2016,2,16,23,45,0.0,0.0,3.15,14.0,0.0,0.0,0.0
2016,2,17,0,0,0.0,0.0,3.3,14.0,0.0,0.0,0.0
2016,2,17,0,15,0.0,0.0,3.45,13.5,0.0,0.0,0.0
2016,2,17,0,30,0.0,0.0,3.6,13.0,0.0,0.0,0.0
2016,2,17,0,45,0.0,0.0,3.75,13.0,0.0,0.0,0.0
2016,2,17,1,0,0.0,0.0,3.9,13.0,0.0,0.0,0.0
2016,2,17,1,15,0.0,0.0,4.15,13.0,0.0,0.0,0.0
2016,2,17,1,30,0.0,0.0,4.4,13.0,0.0,0.0,0.0
2016,2,17,1,45,0.0,0.0,4.65,13.5,0.0,0.0,0.0
2016,2,17,2,0,0.0,0.0,4.9,14.0,0.0,0.0,0.0
2016,2,17,2,15,0.0,0.0,5.05,14.0,0.0,0.0,0.0
2016,2,17,2,30,0.0,0.0,5.2,14.0,0.0,0.0,0.0
2016,2,17,2,45,0.0,0.0,5.35,14.0,0.0,0.0,0.0
2016,2,17,3,0,0.0,0.0,5.5,14.0,0.0,0.0,0.0
2016,2,17,3,15,0.0,0.0,5.5,14.0,0.0,0.0,0.0
2016,2,17,3,30,0.0,0.0,5.5,14.0,0.0,0.0,0.0
2016,2,17,3,45,0.0,0.0,5.55,14.0,0.0,0.0,0.0
2016,2,17,4,0,0.0,0.0,5.6,14.0,0.0,0.0,0.0
2016,2,17,4,15,0.0,0.0,5.6,14.0,0.0,0.0,0.0
2016,2,17,4,30,0.0,0.0,5.6,14.0,0.0,0.0,0.0
2016,2,17,4,45,0.0,0.0,5.6,14.0,0.0,0.0,0.0
2016,2,17,5,0,0.0,0.0,5.6,14.0,0.0,0.0,0.0
2016,2,17,5,15,0.0,0.0,5.75,14.0,0.0,0.0,0.0
2016,2,17,5,30,0.0,0.0,5.9,14.0,0.0,0.0,0.0
2016,2,17,5,45,0.0,0.0,6.1,14.0,0.0,0.0,0.0
2016,2,17,6,0,0.0,0.0,6.3,14.0,0.0,0.0,0.0
2016,2,17,6,15,0.0,0.0,6.6,14.0,0.0,0.0,0.0
2016,2,17,6,30,0.0,0.0,6.9,14.0,0.0,0.0,0.0
2016,2,17,6,45,0.0,0.0,7.2,14.5,0.0,0.0,0.0
2016,2,17,7,0,0.0,0.0,7.5,15.0,0.0,0.0,0.0
2016,2,17,7,15,0.0,11.5,7.55,15.0,11.5,11.09,0.0
2016,2,17,7,30,0.0,23.0,7.6,15.0,23.0,22.21,12.31
2016,2,17,7,45,0.0,40.0,7.65,15.0,40.0,37.96,27.29
2016,2,17,8,0,0.0,57.0,7.7,15.0,57.0,53.34,41.42
2016,2,17,8,15,0.0,76.0,7.6,15.0,76.0,70.19,56.72
2016,2,17,8,30,0.0,95.0,7.5,15.0,95.0,87.75,68.89
2016,2,17,8,45,3.5,112.0,7.45,15.5,113.5,104.18,82.46
2016,2,17,9,0,7.0,129.0,7.4,16.0,132.0,121.04,96.14
2016,2,17,9,15,232.0,138.0,7.55,16.0,239.0,166.72,125.17
2016,2,17,9,30,457.0,147.0,7.7,16.0,346.0,240.0,179.45
2016,2,17,9,45,229.5,155.0,7.85,16.0,255.0,206.0,160.17
2016,2,17,10,0,2.0,163.0,8.0,16.0,164.0,155.29,123.81
2016,2,17,10,15,19.0,194.0,8.05,16.0,205.0,190.84,152.58
2016,2,17,10,30,36.0,225.0,8.1,16.0,246.0,225.65,180.68
2016,2,17,10,45,19.5,203.5,8.15,16.0,215.5,202.89,162.04
2016,2,17,11,0,3.0,182.0,8.2,16.0,185.0,175.98,139.88
2016,2,17,11,15,267.0,198.0,8.1,16.0,366.0,327.62,265.12
2016,2,17,11,30,531.0,214.0,8.0,16.0,547.0,497.71,403.14
2016,2,17,11,45,532.0,218.0,7.95,16.0,556.0,518.55,420.25
2016,2,17,12,0,533.0,222.0,7.9,16.0,565.0,537.92,436.28
2016,2,17,12,15,289.0,250.0,7.9,16.0,436.0,425.65,344.74
2016,2,17,12,30,45.0,278.0,7.9,16.0,307.0,300.72,240.63
2016,2,17,12,45,43.0,273.5,7.95,16.0,301.5,297.09,237.97
2016,2,17,13,0,41.0,269.0,8.0,16.0,296.0,293.2,234.98
2016,2,17,13,15,20.5,141.0,8.05,16.0,154.5,152.57,121.0
2016,2,17,13,30,0.0,13.0,8.1,16.0,13.0,12.56,4.83
2016,2,17,13,45,0.0,66.0,8.15,16.0,66.0,63.83,47.6
2016,2,17,14,0,0.0,119.0,8.2,16.0,119.0,115.62,90.56
2016,2,17,14,15,0.0,121.0,8.2,15.5,121.0,117.73,92.61
2016,2,17,14,30,0.0,123.0,8.2,15.0,123.0,119.9,94.77
2016,2,17,14,45,0.0,70.5,8.25,15.0,70.5,68.17,51.77
2016,2,17,15,0,0.0,18.0,8.3,15.0,18.0,17.38,9.06
2016,2,17,15,15,0.0,16.0,8.3,15.0,16.0,15.44,7.46
2016,2,17,15,30,0.0,14.0,8.3,15.0,14.0,13.51,5.84
2016,2,17,15,45,0.0,12.5,8.35,15.0,12.5,12.06,4.63
2016,2,17,16,0,0.0,11.0,8.4,15.0,11.0,10.61,3.4
2016,2,17,16,15,0.0,9.0,8.45,14.5,9.0,8.68,1.77
2016,2,17,16,30,0.0,7.0,8.5,14.0,7.0,6.75,0.11
2016,2,17,16,45,0.0,5.5,8.55,14.0,5.5,5.3,0.0
2016,2,17,17,0,0.0,4.0,8.6,14.0,4.0,3.85,0.0
2016,2,17,17,15,0.0,2.5,8.6,14.0,2.5,2.41,0.0
2016,2,17,17,30,0.0,1.0,8.6,14.0,1.0,0.96,0.0
2016,2,17,17,45,0.0,0.5,8.6,14.0,0.5,0.49,0.0
2016,2,17,18,0,0.0,0.0,8.6,14.0,0.0,0.0,0.0
2016,2,17,18,15,0.0,0.0,8.4,13.5,0.0,0.0,0.0
2016,2,17,18,30,0.0,0.0,8.2,13.0,0.0,0.0,0.0
2016,2,17,18,45,0.0,0.0,8.05,13.0,0.0,0.0,0.0
2016,2,17,19,0,0.0,0.0,7.9,13.0,0.0,0.0,0.0
2016,2,17,19,15,0.0,0.0,7.9,12.5,0.0,0.0,0.0
2016,2,17,19,30,0.0,0.0,7.9,12.0,0.0,0.0,0.0
2016,2,17,19,45,0.0,0.0,7.9,12.0,0.0,0.0,0.0
2016,2,17,20,0,0.0,0.0,7.9,12.0,0.0,0.0,0.0
2016,2,17,20,15,0.0,0.0,7.25,12.0,0.0,0.0,0.0
2016,2,17,20,30,0.0,0.0,6.6,12.0,0.0,0.0,0.0
2016,2,17,20,45,0.0,0.0,6.0,12.0,0.0,0.0,0.0
2016,2,17,21,0,0.0,0.0,5.4,12.0,0.0,0.0,0.0
2016,2,17,21,15,0.0,0.0,5.15,11.5,0.0,0.0,0.0
2016,2,17,21,30,0.0,0.0,4.9,11.0,0.0,0.0,0.0
2016,2,17,21,45,0.0,0.0,4.7,11.0,0.0,0.0,0.0
2016,2,17,22,0,0.0,0.0,4.5,11.0,0.0,0.0,0.0
2016,2,17,22,15,0.0,0.0,4.6,11.0,0.0,0.0,0.0
2016,2,17,22,30,0.0,0.0,4.7,11.0,0.0,0.0,0.0
2016,2,17,22,45,0.0,0.0,4.8,11.0,0.0,0.0,0.0
2016,2,17,23,0,0.0,0.0,4.9,11.0,0.0,0.0,0.0
2016,2,17,23,15,0.0,0.0,4.95,11.0,0.0,0.0,0.0
2016,2,17,23,30,0.0,0.0,5.0,11.0,0.0,0.0,0.0
2016,2,17,23,45,0.0,0.0,5.05,11.0,0.0,0.0,0.0
2016,2,18,0,0,0.0,0.0,5.1,11.0,0.0,0.0,0.0
2016,2,18,0,15,0.0,0.0,5.1,11.0,0.0,0.0,0.0
2016,2,18,0,30,0.0,0.0,5.1,11.0,0.0,0.0,0.0
2016,2,18,0,45,0.0,0.0,5.15,11.0,0.0,0.0,0.0
2016,2,18,1,0,0.0,0.0,5.2,11.0,0.0,0.0,0.0
2016,2,18,1,15,0.0,0.0,5.4,11.0,0.0,0.0,0.0
2016,2,18,1,30,0.0,0.0,5.6,11.0,0.0,0.0,0.0
2016,2,18,1,45,0.0,0.0,5.85,11.0,0.0,0.0,0.0
2016,2,18,2,0,0.0,0.0,6.1,11.0,0.0,0.0,0.0
2016,2,18,2,15,0.0,0.0,6.2,11.0,0.0,0.0,0.0
2016,2,18,2,30,0.0,0.0,6.3,11.0,0.0,0.0,0.0
2016,2,18,2,45,0.0,0.0,6.45,11.0,0.0,0.0,0.0
2016,2,18,3,0,0.0,0.0,6.6,11.0,0.0,0.0,0.0
2016,2,18,3,15,0.0,0.0,6.65,11.0,0.0,0.0,0.0
2016,2,18,3,30,0.0,0.0,6.7,11.0,0.0,0.0,0.0
2016,2,18,3,45,0.0,0.0,6.75,11.0,0.0,0.0,0.0
2016,2,18,4,0,0.0,0.0,6.8,11.0,0.0,0.0,0.0
2016,2,18,4,15,0.0,0.0,6.75,11.0,0.0,0.0,0.0
2016,2,18,4,30,0.0,0.0,6.7,11.0,0.0,0.0,0.0
2016,2,18,4,45,0.0,0.0,6.65,11.0,0.0,0.0,0.0
2016,2,18,5,0,0.0,0.0,6.6,11.0,0.0,0.0,0.0
2016,2,18,5,15,0.0,0.0,6.45,11.0,0.0,0.0,0.0
2016,2,18,5,30,0.0,0.0,6.3,11.0,0.0,0.0,0.0
2016,2,18,5,45,0.0,0.0,6.15,11.0,0.0,0.0,0.0
2016,2,18,6,0,0.0,0.0,6.0,11.0,0.0,0.0,0.0
2016,2,18,6,15,0.0,0.0,5.95,11.0,0.0,0.0,0.0
2016,2,18,6,30,0.0,0.0,5.9,11.0,0.0,0.0,0.0
2016,2,18,6,45,0.0,0.0,5.9,11.0,0.0,0.0,0.0
2016,2,18,7,0,0.0,0.0,5.9,11.0,0.0,0.0,0.0
2016,2,18,7,15,83.5,20.5,6.0,11.0,29.0,17.24,0.0
2016,2,18,7,30,167.0,41.0,6.1,11.0,58.0,33.5,22.24
2016,2,18,7,45,270.5,55.5,6.25,11.5,100.0,42.47,31.76
2016,2,18,8,0,374.0,70.0,6.4,12.0,142.0,52.35,41.1
2016,2,18,8,15,444.0,80.0,6.35,12.0,189.0,62.17,50.25
2016,2,18,8,30,514.0,90.0,6.3,12.0,236.0,99.48,62.52
2016,2,18,8,45,564.0,97.0,6.3,12.5,282.0,139.13,88.74
2016,2,18,9,0,614.0,104.0,6.3,13.0,328.0,182.38,122.33
2016,2,18,9,15,648.0,109.0,6.2,13.0,371.0,224.8,158.78
2016,2,18,9,30,682.0,114.0,6.1,13.0,414.0,269.69,198.62
2016,2,18,9,45,357.0,157.5,6.1,13.0,315.5,244.31,190.23
2016,2,18,10,0,32.0,201.0,6.1,13.0,217.0,196.94,158.93
2016,2,18,10,15,402.0,163.5,6.05,13.0,387.5,301.47,240.75
2016,2,18,10,30,772.0,126.0,6.0,13.0,558.0,440.65,352.53
2016,2,18,10,45,785.0,128.0,6.0,13.5,583.5,478.78,385.1
2016,2,18,11,0,798.0,130.0,6.0,14.0,609.0,515.95,416.39
2016,2,18,11,15,805.5,131.0,5.95,14.0,627.5,548.11,443.82
2016,2,18,11,30,813.0,132.0,5.9,14.0,646.0,579.61,470.2
2016,2,18,11,45,817.5,133.0,5.85,14.0,656.0,606.11,492.25
2016,2,18,12,0,822.0,134.0,5.8,14.0,666.0,630.42,512.26
2016,2,18,12,15,703.0,170.0,5.7,14.0,626.5,610.02,495.51
2016,2,18,12,30,584.0,206.0,5.6,14.0,587.0,582.18,472.63
2016,2,18,12,45,610.5,195.0,5.6,14.0,590.0,600.53,488.17
2016,2,18,13,0,637.0,184.0,5.6,14.0,593.0,615.92,501.22
2016,2,18,13,15,625.0,186.0,5.5,14.0,580.5,616.63,501.87
2016,2,18,13,30,613.0,188.0,5.4,14.0,568.0,615.04,500.73
2016,2,18,13,45,524.0,207.0,5.35,14.0,524.0,574.94,468.5
2016,2,18,14,0,435.0,226.0,5.3,14.0,480.0,535.44,436.5
2016,2,18,14,15,498.5,195.0,5.2,13.5,473.0,544.8,446.65
2016,2,18,14,30,562.0,164.0,5.1,13.0,466.0,550.57,453.74
2016,2,18,14,45,670.0,130.0,5.0,13.0,467.5,580.83,479.54
2016,2,18,15,0,778.0,96.0,4.9,13.0,469.0,599.88,496.13
2016,2,18,15,15,753.0,92.5,4.75,13.0,428.5,568.75,470.91
2016,2,18,15,30,728.0,89.0,4.6,13.0,388.0,534.49,443.06
2016,2,18,15,45,699.5,83.0,4.5,13.0,344.0,494.41,410.19
2016,2,18,16,0,671.0,77.0,4.4,13.0,300.0,453.75,376.11
2016,2,18,16,15,621.0,71.0,4.1,12.5,253.0,402.18,332.5
2016,2,18,16,30,571.0,65.0,3.8,12.0,206.0,352.1,289.12
2016,2,18,16,45,498.0,56.5,3.55,12.0,159.5,291.4,235.56
2016,2,18,17,0,425.0,48.0,3.3,12.0,113.0,234.83,184.5
2016,2,18,17,15,300.0,35.5,3.15,11.5,73.0,161.03,118.61
2016,2,18,17,30,175.0,23.0,3.0,11.0,33.0,90.64,22.86
2016,2,18,17,45,87.5,11.5,2.95,11.0,16.5,34.44,0.0
2016,2,18,18,0,0.0,0.0,2.9,11.0,0.0,0.0,0.0
2016,2,18,18,15,0.0,0.0,2.85,11.0,0.0,0.0,0.0
2016,2,18,18,30,0.0,0.0,2.8,11.0,0.0,0.0,0.0
2016,2,18,18,45,0.0,0.0,2.75,11.0,0.0,0.0,0.0
2016,2,18,19,0,0.0,0.0,2.7,11.0,0.0,0.0,0.0
2016,2,18,19,15,0.0,0.0,2.65,10.5,0.0,0.0,0.0
2016,2,18,19,30,0.0,0.0,2.6,10.0,0.0,0.0,0.0
2016,2,18,19,45,0.0,0.0,2.6,10.0,0.0,0.0,0.0
2016,2,18,20,0,0.0,0.0,2.6,10.0,0.0,0.0,0.0
2016,2,18,20,15,0.0,0.0,2.55,10.0,0.0,0.0,0.0
2016,2,18,20,30,0.0,0.0,2.5,10.0,0.0,0.0,0.0
2016,2,18,20,45,0.0,0.0,2.5,10.0,0.0,0.0,0.0
2016,2,18,21,0,0.0,0.0,2.5,10.0,0.0,0.0,0.0
2016,2,18,21,15,0.0,0.0,2.5,10.0,0.0,0.0,0.0
2016,2,18,21,30,0.0,0.0,2.5,10.0,0.0,0.0,0.0
2016,2,18,21,45,0.0,0.0,2.55,10.0,0.0,0.0,0.0
2016,2,18,22,0,0.0,0.0,2.6,10.0,0.0,0.0,0.0
2016,2,18,22,15,0.0,0.0,2.65,10.0,0.0,0.0,0.0
2016,2,18,22,30,0.0,0.0,2.7,10.0,0.0,0.0,0.0
2016,2,18,22,45,0.0,0.0,2.8,10.0,0.0,0.0,0.0
2016,2,18,23,0,0.0,0.0,2.9,10.0,0.0,0.0,0.0
2016,2,18,23,15,0.0,0.0,2.95,9.5,0.0,0.0,0.0
2016,2,18,23,30,0.0,0.0,3.0,9.0,0.0,0.0,0.0
2016,2,18,23,45,0.0,0.0,3.1,9.0,0.0,0.0,0.0
2016,2,19,0,0,0.0,0.0,3.2,9.0,0.0,0.0,0.0
2016,2,19,0,15,0.0,0.0,3.25,9.0,0.0,0.0,0.0
2016,2,19,0,30,0.0,0.0,3.3,9.0,0.0,0.0,0.0
2016,2,19,0,45,0.0,0.0,3.4,9.0,0.0,0.0,0.0
2016,2,19,1,0,0.0,0.0,3.5,9.0,0.0,0.0,0.0
2016,2,19,1,15,0.0,0.0,3.55,9.0,0.0,0.0,0.0
2016,2,19,1,30,0.0,0.0,3.6,9.0,0.0,0.0,0.0
2016,2,19,1,45,0.0,0.0,3.7,9.0,0.0,0.0,0.0
2016,2,19,2,0,0.0,0.0,3.8,9.0,0.0,0.0,0.0
2016,2,19,2,15,0.0,0.0,3.85,9.0,0.0,0.0,0.0
2016,2,19,2,30,0.0,0.0,3.9,9.0,0.0,0.0,0.0
2016,2,19,2,45,0.0,0.0,4.0,9.0,0.0,0.0,0.0
2016,2,19,3,0,0.0,0.0,4.1,9.0,0.0,0.0,0.0
2016,2,19,3,15,0.0,0.0,4.1,9.0,0.0,0.0,0.0
2016,2,19,3,30,0.0,0.0,4.1,9.0,0.0,0.0,0.0
2016,2,19,3,45,0.0,0.0,4.2,9.0,0.0,0.0,0.0
2016,2,19,4,0,0.0,0.0,4.3,9.0,0.0,0.0,0.0
2016,2,19,4,15,0.0,0.0,4.35,9.0,0.0,0.0,0.0
2016,2,19,4,30,0.0,0.0,4.4,9.0,0.0,0.0,0.0
2016,2,19,4,45,0.0,0.0,4.45,9.0,0.0,0.0,0.0
2016,2,19,5,0,0.0,0.0,4.5,9.0,0.0,0.0,0.0
2016,2,19,5,15,0.0,0.0,4.55,9.0,0.0,0.0,0.0
2016,2,19,5,30,0.0,0.0,4.6,9.0,0.0,0.0,0.0
2016,2,19,5,45,0.0,0.0,4.7,9.0,0.0,0.0,0.0
2016,2,19,6,0,0.0,0.0,4.8,9.0,0.0,0.0,0.0
2016,2,19,6,15,0.0,0.0,4.95,9.5,0.0,0.0,0.0
2016,2,19,6,30,0.0,0.0,5.1,10.0,0.0,0.0,0.0
2016,2,19,6,45,0.0,0.0,5.3,10.5,0.0,0.0,0.0
2016,2,19,7,0,0.0,0.0,5.5,11.0,0.0,0.0,0.0
2016,2,19,7,15,169.0,16.5,5.8,11.0,33.5,12.52,0.0
2016,2,19,7,30,338.0,33.0,6.1,11.0,67.0,25.76,16.05
2016,2,19,7,45,427.0,43.0,6.4,11.5,111.0,32.12,22.72
2016,2,19,8,0,516.0,53.0,6.7,12.0,155.0,38.17,28.51
2016,2,19,8,15,576.5,60.0,6.85,12.0,202.0,48.82,31.18
2016,2,19,8,30,637.0,67.0,7.0,12.0,249.0,89.54,49.1
2016,2,19,8,45,670.0,73.0,7.2,12.5,294.0,131.97,77.91
2016,2,19,9,0,703.0,79.0,7.4,13.0,339.0,177.08,114.29
2016,2,19,9,15,696.0,86.5,7.45,13.0,369.5,217.53,151.45
2016,2,19,9,30,689.0,94.0,7.5,13.0,400.0,256.45,188.32
2016,2,19,9,45,487.5,155.0,7.55,13.5,381.0,283.13,219.26
2016,2,19,10,0,286.0,216.0,7.6,14.0,362.0,293.04,233.15
2016,2,19,10,15,342.5,219.5,7.5,14.0,405.0,332.38,265.93
2016,2,19,10,30,399.0,223.0,7.4,14.0,448.0,375.44,301.85
2016,2,19,10,45,293.5,253.5,7.35,14.0,423.0,371.44,299.92
2016,2,19,11,0,188.0,284.0,7.3,14.0,398.0,360.39,291.21
2016,2,19,11,15,164.5,293.0,7.1,13.5,395.0,364.73,295.26
2016,2,19,11,30,141.0,302.0,6.9,13.0,392.0,367.27,297.64
2016,2,19,11,45,191.5,304.0,6.75,13.0,428.5,404.8,328.49
2016,2,19,12,0,242.0,306.0,6.6,13.0,465.0,444.22,360.73
2016,2,19,12,15,294.0,297.0,6.35,13.0,490.0,477.3,387.87
2016,2,19,12,30,346.0,288.0,6.1,13.0,515.0,509.72,414.39
2016,2,19,12,45,232.5,297.5,5.9,13.0,449.5,448.91,364.38
2016,2,19,13,0,119.0,307.0,5.7,13.0,384.0,387.36,313.28
2016,2,19,13,15,88.0,290.0,5.4,13.0,346.5,348.37,281.76
2016,2,19,13,30,57.0,273.0,5.1,13.0,309.0,312.0,252.08
2016,2,19,13,45,38.5,247.0,4.85,13.0,271.0,274.22,221.51
2016,2,19,14,0,20.0,221.0,4.6,13.0,233.0,231.33,186.6
2016,2,19,14,15,19.0,211.5,4.35,12.5,222.5,221.68,179.35
2016,2,19,14,30,18.0,202.0,4.1,12.0,212.0,211.99,171.99
2016,2,19,14,45,9.0,173.5,3.95,12.0,178.5,177.42,143.64
2016,2,19,15,0,0.0,145.0,3.8,12.0,145.0,142.96,115.17
2016,2,19,15,15,54.5,161.0,3.75,12.0,183.5,198.9,163.25
2016,2,19,15,30,109.0,177.0,3.7,12.0,222.0,256.05,211.45
2016,2,19,15,45,99.0,159.5,3.7,12.0,197.0,224.34,185.24
2016,2,19,16,0,89.0,142.0,3.7,12.0,172.0,199.06,164.21
2016,2,19,16,15,80.0,121.0,3.65,11.5,145.0,170.36,140.21
2016,2,19,16,30,71.0,100.0,3.6,11.0,118.0,141.82,115.84
2016,2,19,16,45,55.0,79.0,3.55,11.0,91.5,110.44,88.4
2016,2,19,17,0,39.0,58.0,3.5,11.0,65.0,79.65,61.26
2016,2,19,17,15,19.5,38.5,3.45,10.5,42.0,50.09,35.0
2016,2,19,17,30,0.0,19.0,3.4,10.0,19.0,18.61,2.64
2016,2,19,17,45,0.0,9.5,3.4,10.0,9.5,9.34,0.0
2016,2,19,18,0,0.0,0.0,3.4,10.0,0.0,0.0,0.0
2016,2,19,18,15,0.0,0.0,3.35,9.5,0.0,0.0,0.0
2016,2,19,18,30,0.0,0.0,3.3,9.0,0.0,0.0,0.0
2016,2,19,18,45,0.0,0.0,3.25,9.0,0.0,0.0,0.0
2016,2,19,19,0,0.0,0.0,3.2,9.0,0.0,0.0,0.0
2016,2,19,19,15,0.0,0.0,3.1,9.0,0.0,0.0,0.0
2016,2,19,19,30,0.0,0.0,3.0,9.0,0.0,0.0,0.0
2016,2,19,19,45,0.0,0.0,2.95,9.0,0.0,0.0,0.0
2016,2,19,20,0,0.0,0.0,2.9,9.0,0.0,0.0,0.0
2016,2,19,20,15,0.0,0.0,2.85,9.0,0.0,0.0,0.0
2016,2,19,20,30,0.0,0.0,2.8,9.0,0.0,0.0,0.0
2016,2,19,20,45,0.0,0.0,2.75,9.0,0.0,0.0,0.0
2016,2,19,21,0,0.0,0.0,2.7,9.0,0.0,0.0,0.0
2016,2,19,21,15,0.0,0.0,2.65,8.5,0.0,0.0,0.0
2016,2,19,21,30,0.0,0.0,2.6,8.0,0.0,0.0,0.0
2016,2,19,21,45,0.0,0.0,2.55,8.0,0.0,0.0,0.0
2016,2,19,22,0,0.0,0.0,2.5,8.0,0.0,0.0,0.0
2016,2,19,22,15,0.0,0.0,2.5,8.0,0.0,0.0,0.0
2016,2,19,22,30,0.0,0.0,2.5,8.0,0.0,0.0,0.0
2016,2,19,22,45,0.0,0.0,2.5,8.0,0.0,0.0,0.0
2016,2,19,23,0,0.0,0.0,2.5,8.0,0.0,0.0,0.0
2016,2,19,23,15,0.0,0.0,2.5,8.0,0.0,0.0,0.0
2016,2,19,23,30,0.0,0.0,2.5,8.0,0.0,0.0,0.0
2016,2,19,23,45,0.0,0.0,2.55,8.0,0.0,0.0,0.0
2016,2,20,0,0,0.0,0.0,2.6,8.0,0.0,0.0,0.0
2016,2,20,0,15,0.0,0.0,2.55,8.0,0.0,0.0,0.0
2016,2,20,0,30,0.0,0.0,2.5,8.0,0.0,0.0,0.0
2016,2,20,0,45,0.0,0.0,2.5,8.0,0.0,0.0,0.0
2016,2,20,1,0,0.0,0.0,2.5,8.0,0.0,0.0,0.0
2016,2,20,1,15,0.0,0.0,2.5,8.0,0.0,0.0,0.0
2016,2,20,1,30,0.0,0.0,2.5,8.0,0.0,0.0,0.0
2016,2,20,1,45,0.0,0.0,2.55,8.0,0.0,0.0,0.0
2016,2,20,2,0,0.0,0.0,2.6,8.0,0.0,0.0,0.0
2016,2,20,2,15,0.0,0.0,2.6,7.5,0.0,0.0,0.0
2016,2,20,2,30,0.0,0.0,2.6,7.0,0.0,0.0,0.0
2016,2,20,2,45,0.0,0.0,2.6,7.0,0.0,0.0,0.0
2016,2,20,3,0,0.0,0.0,2.6,7.0,0.0,0.0,0.0
2016,2,20,3,15,0.0,0.0,2.7,7.0,0.0,0.0,0.0
2016,2,20,3,30,0.0,0.0,2.8,7.0,0.0,0.0,0.0
2016,2,20,3,45,0.0,0.0,2.9,7.0,0.0,0.0,0.0
2016,2,20,4,0,0.0,0.0,3.0,7.0,0.0,0.0,0.0
2016,2,20,4,15,0.0,0.0,3.1,6.5,0.0,0.0,0.0
2016,2,20,4,30,0.0,0.0,3.2,6.0,0.0,0.0,0.0
2016,2,20,4,45,0.0,0.0,3.3,6.0,0.0,0.0,0.0
2016,2,20,5,0,0.0,0.0,3.4,6.0,0.0,0.0,0.0
2016,2,20,5,15,0.0,0.0,3.45,6.0,0.0,0.0,0.0
2016,2,20,5,30,0.0,0.0,3.5,6.0,0.0,0.0,0.0
2016,2,20,5,45,0.0,0.0,3.55,6.0,0.0,0.0,0.0
2016,2,20,6,0,0.0,0.0,3.6,6.0,0.0,0.0,0.0
2016,2,20,6,15,0.0,0.0,3.6,6.0,0.0,0.0,0.0
2016,2,20,6,30,0.0,0.0,3.6,6.0,0.0,0.0,0.0
2016,2,20,6,45,0.0,0.0,3.6,6.5,0.0,0.0,0.0
2016,2,20,7,0,0.0,0.0,3.6,7.0,0.0,0.0,0.0
2016,2,20,7,15,115.0,19.0,3.6,7.0,31.0,14.74,0.0
2016,2,20,7,30,230.0,38.0,3.6,7.0,62.0,29.34,19.68
2016,2,20,7,45,294.0,53.5,3.6,7.5,101.5,40.48,30.7
2016,2,20,8,0,358.0,69.0,3.6,8.0,141.0,51.13,40.78
2016,2,20,8,15,401.5,82.0,3.45,8.5,183.0,67.04,47.74
2016,2,20,8,30,445.0,95.0,3.3,9.0,225.0,103.47,67.79
2016,2,20,8,45,491.0,100.0,3.15,9.5,265.5,137.67,91.15
2016,2,20,9,0,537.0,105.0,3.0,10.0,306.0,175.7,121.18
2016,2,20,9,15,617.0,99.0,2.85,10.0,356.0,214.74,153.09
2016,2,20,9,30,697.0,93.0,2.7,10.0,406.0,260.71,192.34
2016,2,20,9,45,720.5,96.5,2.55,10.5,444.5,304.1,231.2
2016,2,20,10,0,744.0,100.0,2.4,11.0,483.0,348.32,270.16
2016,2,20,10,15,738.5,110.5,2.25,11.0,510.5,388.2,305.62
2016,2,20,10,30,733.0,121.0,2.1,11.0,538.0,426.26,338.54
2016,2,20,10,45,692.0,142.5,1.95,11.5,550.0,456.14,363.33
2016,2,20,11,0,651.0,164.0,1.8,12.0,562.0,481.77,383.64
2016,2,20,11,15,652.0,170.0,1.65,12.0,578.5,510.93,406.76
2016,2,20,11,30,653.0,176.0,1.5,12.0,595.0,538.48,427.94
2016,2,20,11,45,522.5,226.0,1.4,12.5,564.5,528.12,417.94
2016,2,20,12,0,392.0,276.0,1.3,13.0,534.0,509.69,401.55
2016,2,20,12,15,408.5,272.5,1.3,13.0,542.0,527.18,415.53
2016,2,20,12,30,425.0,269.0,1.3,13.0,550.0,546.37,430.36
2016,2,20,12,45,543.5,223.5,1.35,13.0,580.0,588.71,464.71
2016,2,20,13,0,662.0,178.0,1.4,13.0,610.0,632.75,499.9
2016,2,20,13,15,658.0,176.0,1.5,13.0,597.5,634.91,502.4
2016,2,20,13,30,654.0,174.0,1.6,13.0,585.0,634.71,503.52
2016,2,20,13,45,772.5,132.5,1.7,13.5,603.0,674.88,535.6
2016,2,20,14,0,891.0,91.0,1.8,14.0,621.0,706.74,560.82
2016,2,20,14,15,880.5,89.5,1.9,14.0,592.0,696.03,554.16
2016,2,20,14,30,870.0,88.0,2.0,14.0,563.0,679.92,543.56
2016,2,20,14,45,858.5,84.5,2.15,14.0,528.5,658.27,528.99
2016,2,20,15,0,847.0,81.0,2.3,14.0,494.0,634.1,512.12
2016,2,20,15,15,825.5,78.0,2.4,13.5,453.0,601.99,489.34
2016,2,20,15,30,804.0,75.0,2.5,13.0,412.0,568.16,464.54
2016,2,20,15,45,777.0,70.5,2.6,13.0,366.5,528.09,433.24
2016,2,20,16,0,750.0,66.0,2.7,13.0,321.0,487.16,400.25
2016,2,20,16,15,706.0,61.0,2.65,12.5,273.0,436.54,358.7
2016,2,20,16,30,662.0,56.0,2.6,12.0,225.0,386.78,316.4
2016,2,20,16,45,594.0,49.0,2.55,11.5,176.0,328.64,265.8
2016,2,20,17,0,526.0,42.0,2.5,11.0,127.0,271.75,214.75
2016,2,20,17,15,407.0,32.0,2.5,11.0,84.0,197.78,148.16
2016,2,20,17,30,288.0,22.0,2.5,11.0,41.0,128.11,57.48
2016,2,20,17,45,144.0,11.0,2.55,11.0,20.5,49.86,0.0
2016,2,20,18,0,0.0,0.0,2.6,11.0,0.0,0.0,0.0
2016,2,20,18,15,0.0,0.0,2.55,10.5,0.0,0.0,0.0
2016,2,20,18,30,0.0,0.0,2.5,10.0,0.0,0.0,0.0
2016,2,20,18,45,0.0,0.0,2.5,10.0,0.0,0.0,0.0
2016,2,20,19,0,0.0,0.0,2.5,10.0,0.0,0.0,0.0
2016,2,20,19,15,0.0,0.0,2.5,10.0,0.0,0.0,0.0
2016,2,20,19,30,0.0,0.0,2.5,10.0,0.0,0.0,0.0
2016,2,20,19,45,0.0,0.0,2.55,10.0,0.0,0.0,0.0
2016,2,20,20,0,0.0,0.0,2.6,10.0,0.0,0.0,0.0
2016,2,20,20,15,0.0,0.0,2.6,9.5,0.0,0.0,0.0
2016,2,20,20,30,0.0,0.0,2.6,9.0,0.0,0.0,0.0
2016,2,20,20,45,0.0,0.0,2.65,9.0,0.0,0.0,0.0
2016,2,20,21,0,0.0,0.0,2.7,9.0,0.0,0.0,0.0
2016,2,20,21,15,0.0,0.0,2.7,9.0,0.0,0.0,0.0
2016,2,20,21,30,0.0,0.0,2.7,9.0,0.0,0.0,0.0
2016,2,20,21,45,0.0,0.0,2.75,9.0,0.0,0.0,0.0
2016,2,20,22,0,0.0,0.0,2.8,9.0,0.0,0.0,0.0
2016,2,20,22,15,0.0,0.0,2.8,9.0,0.0,0.0,0.0
2016,2,20,22,30,0.0,0.0,2.8,9.0,0.0,0.0,0.0
2016,2,20,22,45,0.0,0.0,2.85,9.0,0.0,0.0,0.0
2016,2,20,23,0,0.0,0.0,2.9,9.0,0.0,0.0,0.0
2016,2,20,23,15,0.0,0.0,2.95,9.0,0.0,0.0,0.0
2016,2,20,23,30,0.0,0.0,3.0,9.0,0.0,0.0,0.0
2016,2,20,23,45,0.0,0.0,3.05,9.0,0.0,0.0,0.0
2016,2,21,0,0,0.0,0.0,3.1,9.0,0.0,0.0,0.0
2016,2,21,0,15,0.0,0.0,3.1,8.5,0.0,0.0,0.0
2016,2,21,0,30,0.0,0.0,3.1,8.0,0.0,0.0,0.0
2016,2,21,0,45,0.0,0.0,3.15,8.0,0.0,0.0,0.0
2016,2,21,1,0,0.0,0.0,3.2,8.0,0.0,0.0,0.0
2016,2,21,1,15,0.0,0.0,3.15,8.0,0.0,0.0,0.0
2016,2,21,1,30,0.0,0.0,3.1,8.0,0.0,0.0,0.0
2016,2,21,1,45,0.0,0.0,3.1,8.0,0.0,0.0,0.0
2016,2,21,2,0,0.0,0.0,3.1,8.0,0.0,0.0,0.0
2016,2,21,2,15,0.0,0.0,3.05,8.0,0.0,0.0,0.0
2016,2,21,2,30,0.0,0.0,3.0,8.0,0.0,0.0,0.0
2016,2,21,2,45,0.0,0.0,3.0,8.0,0.0,0.0,0.0
2016,2,21,3,0,0.0,0.0,3.0,8.0,0.0,0.0,0.0
2016,2,21,3,15,0.0,0.0,2.95,8.0,0.0,0.0,0.0
2016,2,21,3,30,0.0,0.0,2.9,8.0,0.0,0.0,0.0
2016,2,21,3,45,0.0,0.0,2.9,8.0,0.0,0.0,0.0
2016,2,21,4,0,0.0,0.0,2.9,8.0,0.0,0.0,0.0
2016,2,21,4,15,0.0,0.0,2.9,8.0,0.0,0.0,0.0
2016,2,21,4,30,0.0,0.0,2.9,8.0,0.0,0.0,0.0
2016,2,21,4,45,0.0,0.0,2.95,8.0,0.0,0.0,0.0
2016,2,21,5,0,0.0,0.0,3.0,8.0,0.0,0.0,0.0
2016,2,21,5,15,0.0,0.0,3.0,7.5,0.0,0.0,0.0
2016,2,21,5,30,0.0,0.0,3.0,7.0,0.0,0.0,0.0
2016,2,21,5,45,0.0,0.0,3.05,7.0,0.0,0.0,0.0
2016,2,21,6,0,0.0,0.0,3.1,7.0,0.0,0.0,0.0
2016,2,21,6,15,0.0,0.0,3.1,7.0,0.0,0.0,0.0
2016,2,21,6,30,0.0,0.0,3.1,7.0,0.0,0.0,0.0
2016,2,21,6,45,0.0,0.0,3.1,7.5,0.0,0.0,0.0
2016,2,21,7,0,0.0,0.0,3.1,8.0,0.0,0.0,0.0
2016,2,21,7,15,216.0,16.5,3.2,8.5,40.0,12.2,0.28
2016,2,21,7,30,432.0,33.0,3.3,9.0,80.0,25.21,16.14
2016,2,21,7,45,526.0,41.0,3.45,9.5,128.0,29.77,20.97
2016,2,21,8,0,620.0,49.0,3.6,10.0,176.0,34.15,25.23
2016,2,21,8,15,675.5,54.5,3.6,10.5,226.0,54.45,31.27
2016,2,21,8,30,731.0,60.0,3.6,11.0,276.0,98.87,52.21
2016,2,21,8,45,771.0,63.5,3.6,11.5,325.0,144.74,84.03
2016,2,21,9,0,811.0,67.0,3.6,12.0,374.0,193.91,124.06
2016,2,21,9,15,836.0,70.0,3.55,12.0,419.0,242.3,167.09
2016,2,21,9,30,861.0,73.0,3.5,12.0,464.0,291.93,212.23
2016,2,21,9,45,880.5,75.0,3.5,12.5,504.0,342.98,258.23
2016,2,21,10,0,900.0,77.0,3.5,13.0,544.0,390.88,301.0
2016,2,21,10,15,913.0,78.5,3.45,13.0,577.5,435.6,340.96
2016,2,21,10,30,926.0,80.0,3.4,13.0,611.0,479.38,379.23
2016,2,21,10,45,935.0,81.0,3.4,13.5,637.0,519.64,413.19
2016,2,21,11,0,944.0,82.0,3.4,14.0,663.0,558.21,444.91
2016,2,21,11,15,949.5,83.0,3.4,14.0,682.0,593.02,473.79
2016,2,21,11,30,955.0,84.0,3.4,14.0,701.0,625.56,500.34
2016,2,21,11,45,957.5,84.5,3.4,14.0,711.0,653.38,522.85
2016,2,21,12,0,960.0,85.0,3.4,14.0,721.0,678.48,542.93
2016,2,21,12,15,960.5,85.0,3.5,14.0,723.5,698.95,559.67
2016,2,21,12,30,961.0,85.0,3.6,14.0,726.0,716.4,573.97
2016,2,21,12,45,819.0,129.5,3.7,14.5,672.5,682.17,546.22
2016,2,21,13,0,677.0,174.0,3.8,15.0,619.0,642.03,513.82
2016,2,21,13,15,677.5,169.0,3.9,15.0,606.5,644.28,516.79
2016,2,21,13,30,678.0,164.0,4.0,15.0,594.0,644.1,517.66
2016,2,21,13,45,725.5,141.0,4.15,15.0,587.5,655.08,528.1
2016,2,21,14,0,773.0,118.0,4.3,15.0,581.0,661.32,535.12
2016,2,21,14,15,773.5,110.5,4.45,15.0,555.0,650.05,527.92
2016,2,21,14,30,774.0,103.0,4.6,15.0,529.0,635.99,518.51
2016,2,21,14,45,700.5,114.5,4.75,15.0,481.5,593.16,485.37
2016,2,21,15,0,627.0,126.0,4.9,15.0,434.0,548.58,450.45
2016,2,21,15,15,636.0,112.0,4.95,14.5,402.0,527.97,435.87
2016,2,21,15,30,645.0,98.0,5.0,14.0,370.0,504.66,418.57
2016,2,21,15,45,700.5,82.5,5.05,13.5,348.5,503.38,418.57
2016,2,21,16,0,756.0,67.0,5.1,13.0,327.0,494.69,411.73
2016,2,21,16,15,710.5,62.0,4.95,12.5,278.0,442.88,368.09
2016,2,21,16,30,665.0,57.0,4.8,12.0,229.0,394.59,326.07
2016,2,21,16,45,594.5,50.5,4.65,12.0,179.5,332.98,271.35
2016,2,21,17,0,524.0,44.0,4.5,12.0,130.0,275.29,218.71
2016,2,21,17,15,404.0,34.0,4.4,11.5,86.5,200.49,151.61
2016,2,21,17,30,284.0,24.0,4.3,11.0,43.0,130.88,67.14
2016,2,21,17,45,142.0,12.0,4.25,11.0,21.5,50.78,0.0
2016,2,21,18,0,0.0,0.0,4.2,11.0,0.0,0.0,0.0
2016,2,21,18,15,0.0,0.0,4.1,10.5,0.0,0.0,0.0
2016,2,21,18,30,0.0,0.0,4.0,10.0,0.0,0.0,0.0
2016,2,21,18,45,0.0,0.0,3.9,10.0,0.0,0.0,0.0
2016,2,21,19,0,0.0,0.0,3.8,10.0,0.0,0.0,0.0
2016,2,21,19,15,0.0,0.0,3.7,10.0,0.0,0.0,0.0
2016,2,21,19,30,0.0,0.0,3.6,10.0,0.0,0.0,0.0
2016,2,21,19,45,0.0,0.0,3.55,10.0,0.0,0.0,0.0
2016,2,21,20,0,0.0,0.0,3.5,10.0,0.0,0.0,0.0
2016,2,21,20,15,0.0,0.0,3.35,10.0,0.0,0.0,0.0
2016,2,21,20,30,0.0,0.0,3.2,10.0,0.0,0.0,0.0
2016,2,21,20,45,0.0,0.0,3.1,10.0,0.0,0.0,0.0
2016,2,21,21,0,0.0,0.0,3.0,10.0,0.0,0.0,0.0
2016,2,21,21,15,0.0,0.0,3.0,10.0,0.0,0.0,0.0
2016,2,21,21,30,0.0,0.0,3.0,10.0,0.0,0.0,0.0
2016,2,21,21,45,0.0,0.0,3.05,10.0,0.0,0.0,0.0
2016,2,21,22,0,0.0,0.0,3.1,10.0,0.0,0.0,0.0
2016,2,21,22,15,0.0,0.0,3.1,10.0,0.0,0.0,0.0
2016,2,21,22,30,0.0,0.0,3.1,10.0,0.0,0.0,0.0
2016,2,21,22,45,0.0,0.0,3.15,10.0,0.0,0.0,0.0
2016,2,21,23,0,0.0,0.0,3.2,10.0,0.0,0.0,0.0
2016,2,21,23,15,0.0,0.0,3.25,9.5,0.0,0.0,0.0
2016,2,21,23,30,0.0,0.0,3.3,9.0,0.0,0.0,0.0
2016,2,21,23,45,0.0,0.0,3.35,9.0,0.0,0.0,0.0
2016,2,22,0,0,0.0,0.0,3.4,9.0,0.0,0.0,0.0
2016,2,22,0,15,0.0,0.0,3.45,9.0,0.0,0.0,0.0
2016,2,22,0,30,0.0,0.0,3.5,9.0,0.0,0.0,0.0
2016,2,22,0,45,0.0,0.0,3.55,9.0,0.0,0.0,0.0
2016,2,22,1,0,0.0,0.0,3.6,9.0,0.0,0.0,0.0
2016,2,22,1,15,0.0,0.0,3.55,9.0,0.0,0.0,0.0
2016,2,22,1,30,0.0,0.0,3.5,9.0,0.0,0.0,0.0
2016,2,22,1,45,0.0,0.0,3.5,9.0,0.0,0.0,0.0
2016,2,22,2,0,0.0,0.0,3.5,9.0,0.0,0.0,0.0
2016,2,22,2,15,0.0,0.0,3.45,9.0,0.0,0.0,0.0
2016,2,22,2,30,0.0,0.0,3.4,9.0,0.0,0.0,0.0
2016,2,22,2,45,0.0,0.0,3.35,9.0,0.0,0.0,0.0
2016,2,22,3,0,0.0,0.0,3.3,9.0,0.0,0.0,0.0
2016,2,22,3,15,0.0,0.0,3.3,9.0,0.0,0.0,0.0
2016,2,22,3,30,0.0,0.0,3.3,9.0,0.0,0.0,0.0
2016,2,22,3,45,0.0,0.0,3.35,9.0,0.0,0.0,0.0
2016,2,22,4,0,0.0,0.0,3.4,9.0,0.0,0.0,0.0
2016,2,22,4,15,0.0,0.0,3.4,8.5,0.0,0.0,0.0
2016,2,22,4,30,0.0,0.0,3.4,8.0,0.0,0.0,0.0
2016,2,22,4,45,0.0,0.0,3.4,8.0,0.0,0.0,0.0
2016,2,22,5,0,0.0,0.0,3.4,8.0,0.0,0.0,0.0
2016,2,22,5,15,0.0,0.0,3.35,8.0,0.0,0.0,0.0
2016,2,22,5,30,0.0,0.0,3.3,8.0,0.0,0.0,0.0
2016,2,22,5,45,0.0,0.0,3.25,8.0,0.0,0.0,0.0
2016,2,22,6,0,0.0,0.0,3.2,8.0,0.0,0.0,0.0
2016,2,22,6,15,0.0,0.0,3.1,8.0,0.0,0.0,0.0
2016,2,22,6,30,0.0,0.0,3.0,8.0,0.0,0.0,0.0
2016,2,22,6,45,0.0,0.0,2.95,8.5,0.0,0.0,0.0
2016,2,22,7,0,0.0,0.0,2.9,9.0,0.0,0.0,0.0
2016,2,22,7,15,232.5,16.0,2.95,9.5,43.0,11.62,1.15
2016,2,22,7,30,465.0,32.0,3.0,10.0,86.0,24.01,15.16
2016,2,22,7,45,551.0,39.5,3.1,10.5,133.5,30.83,21.87
2016,2,22,8,0,637.0,47.0,3.2,11.0,181.0,35.29,26.17
2016,2,22,8,15,690.5,52.0,3.15,11.0,231.0,55.43,29.99
2016,2,22,8,30,744.0,57.0,3.1,11.0,281.0,100.32,52.16
2016,2,22,8,45,779.0,61.0,3.05,11.5,329.5,146.91,85.34
2016,2,22,9,0,814.0,65.0,3.0,12.0,378.0,196.25,126.02
2016,2,22,9,15,838.5,68.0,3.0,12.5,422.5,244.82,169.02
2016,2,22,9,30,863.0,71.0,3.0,13.0,467.0,294.56,213.78
2016,2,22,9,45,880.0,73.5,3.0,13.5,506.5,345.51,259.44
2016,2,22,10,0,897.0,76.0,3.0,14.0,546.0,393.04,301.6
2016,2,22,10,15,910.0,77.5,2.95,14.0,579.5,437.71,341.11
2016,2,22,10,30,923.0,79.0,2.9,14.0,613.0,481.44,378.92
2016,2,22,10,45,930.5,81.0,2.9,14.5,639.0,521.86,412.6
2016,2,22,11,0,938.0,83.0,2.9,15.0,665.0,560.52,443.97
2016,2,22,11,15,944.5,84.0,2.9,15.0,684.0,595.73,472.79
2016,2,22,11,30,951.0,85.0,2.9,15.0,703.0,628.73,499.34
2016,2,22,11,45,953.0,86.0,2.95,15.5,713.5,656.67,520.84
2016,2,22,12,0,955.0,87.0,3.0,16.0,724.0,681.87,539.89
2016,2,22,12,15,956.0,87.0,3.05,16.0,726.5,702.58,556.37
2016,2,22,12,30,957.0,87.0,3.1,16.0,729.0,720.29,570.48
2016,2,22,12,45,895.5,102.0,3.2,16.5,698.5,708.2,560.92
2016,2,22,13,0,834.0,117.0,3.3,17.0,668.0,693.63,549.49
2016,2,22,13,15,801.0,125.0,3.35,17.0,646.0,686.49,544.68
2016,2,22,13,30,768.0,133.0,3.4,17.0,624.0,677.47,538.31
2016,2,22,13,45,718.5,144.0,3.45,17.0,591.0,656.75,522.94
2016,2,22,14,0,669.0,155.0,3.5,17.0,558.0,633.69,505.74
2016,2,22,14,15,716.0,131.0,3.45,17.0,544.5,637.83,510.51
2016,2,22,14,30,763.0,107.0,3.4,17.0,531.0,636.37,510.91
2016,2,22,14,45,820.5,93.5,3.4,17.0,523.0,650.77,522.96
2016,2,22,15,0,878.0,80.0,3.4,17.0,515.0,660.36,531.1
2016,2,22,15,15,858.0,77.0,3.2,16.5,473.5,628.29,507.14
2016,2,22,15,30,838.0,74.0,3.0,16.0,432.0,594.35,481.48
2016,2,22,15,45,807.5,71.0,2.9,16.0,385.0,552.77,448.71
2016,2,22,16,0,777.0,68.0,2.8,16.0,338.0,510.42,414.56
2016,2,22,16,15,733.5,63.0,2.65,15.0,288.5,458.74,373.39
2016,2,22,16,30,690.0,58.0,2.5,14.0,239.0,407.83,331.28
2016,2,22,16,45,620.0,51.5,2.45,13.5,188.5,347.78,279.81
2016,2,22,17,0,550.0,45.0,2.4,13.0,138.0,288.97,227.79
2016,2,22,17,15,432.0,35.0,2.35,13.0,93.0,213.29,160.67
2016,2,22,17,30,314.0,25.0,2.3,13.0,48.0,143.54,80.05
2016,2,22,17,45,157.0,12.5,2.25,13.0,24.0,55.92,0.0
2016,2,22,18,0,0.0,0.0,2.2,13.0,0.0,0.0,0.0
2016,2,22,18,15,0.0,0.0,2.15,12.5,0.0,0.0,0.0
2016,2,22,18,30,0.0,0.0,2.1,12.0,0.0,0.0,0.0
2016,2,22,18,45,0.0,0.0,2.1,12.0,0.0,0.0,0.0
2016,2,22,19,0,0.0,0.0,2.1,12.0,0.0,0.0,0.0
2016,2,22,19,15,0.0,0.0,2.05,12.0,0.0,0.0,0.0
2016,2,22,19,30,0.0,0.0,2.0,12.0,0.0,0.0,0.0
2016,2,22,19,45,0.0,0.0,1.95,12.0,0.0,0.0,0.0
2016,2,22,20,0,0.0,0.0,1.9,12.0,0.0,0.0,0.0
2016,2,22,20,15,0.0,0.0,1.85,12.0,0.0,0.0,0.0
2016,2,22,20,30,0.0,0.0,1.8,12.0,0.0,0.0,0.0
2016,2,22,20,45,0.0,0.0,1.75,12.0,0.0,0.0,0.0
2016,2,22,21,0,0.0,0.0,1.7,12.0,0.0,0.0,0.0
2016,2,22,21,15,0.0,0.0,1.65,12.0,0.0,0.0,0.0
2016,2,22,21,30,0.0,0.0,1.6,12.0,0.0,0.0,0.0
2016,2,22,21,45,0.0,0.0,1.6,12.0,0.0,0.0,0.0
2016,2,22,22,0,0.0,0.0,1.6,12.0,0.0,0.0,0.0
2016,2,22,22,15,0.0,0.0,1.55,11.5,0.0,0.0,0.0
2016,2,22,22,30,0.0,0.0,1.5,11.0,0.0,0.0,0.0
2016,2,22,22,45,0.0,0.0,1.5,11.0,0.0,0.0,0.0
2016,2,22,23,0,0.0,0.0,1.5,11.0,0.0,0.0,0.0
2016,2,22,23,15,0.0,0.0,1.45,11.0,0.0,0.0,0.0
2016,2,22,23,30,0.0,0.0,1.4,11.0,0.0,0.0,0.0
2016,2,22,23,45,0.0,0.0,1.4,11.0,0.0,0.0,0.0
2016,2,23,0,0,0.0,0.0,1.4,11.0,0.0,0.0,0.0
2016,2,23,0,15,0.0,0.0,1.3,11.0,0.0,0.0,0.0
2016,2,23,0,30,0.0,0.0,1.2,11.0,0.0,0.0,0.0
2016,2,23,0,45,0.0,0.0,1.1,11.0,0.0,0.0,0.0
2016,2,23,1,0,0.0,0.0,1.0,11.0,0.0,0.0,0.0
2016,2,23,1,15,0.0,0.0,0.95,11.0,0.0,0.0,0.0
2016,2,23,1,30,0.0,0.0,0.9,11.0,0.0,0.0,0.0
2016,2,23,1,45,0.0,0.0,0.85,11.0,0.0,0.0,0.0
2016,2,23,2,0,0.0,0.0,0.8,11.0,0.0,0.0,0.0
2016,2,23,2,15,0.0,0.0,0.75,11.0,0.0,0.0,0.0
2016,2,23,2,30,0.0,0.0,0.7,11.0,0.0,0.0,0.0
2016,2,23,2,45,0.0,0.0,0.7,11.0,0.0,0.0,0.0
2016,2,23,3,0,0.0,0.0,0.7,11.0,0.0,0.0,0.0
2016,2,23,3,15,0.0,0.0,0.7,11.0,0.0,0.0,0.0
2016,2,23,3,30,0.0,0.0,0.7,11.0,0.0,0.0,0.0
2016,2,23,3,45,0.0,0.0,0.7,11.0,0.0,0.0,0.0
2016,2,23,4,0,0.0,0.0,0.7,11.0,0.0,0.0,0.0
2016,2,23,4,15,0.0,0.0,0.75,11.0,0.0,0.0,0.0
2016,2,23,4,30,0.0,0.0,0.8,11.0,0.0,0.0,0.0
2016,2,23,4,45,0.0,0.0,0.85,11.0,0.0,0.0,0.0
2016,2,23,5,0,0.0,0.0,0.9,11.0,0.0,0.0,0.0
2016,2,23,5,15,0.0,0.0,1.0,11.0,0.0,0.0,0.0
2016,2,23,5,30,0.0,0.0,1.1,11.0,0.0,0.0,0.0
2016,2,23,5,45,0.0,0.0,1.25,11.0,0.0,0.0,0.0
2016,2,23,6,0,0.0,0.0,1.4,11.0,0.0,0.0,0.0
2016,2,23,6,15,0.0,0.0,1.55,11.0,0.0,0.0,0.0
2016,2,23,6,30,0.0,0.0,1.7,11.0,0.0,0.0,0.0
2016,2,23,6,45,0.0,6.5,1.85,11.0,6.5,0.0,0.0
2016,2,23,7,0,0.0,13.0,2.0,11.0,13.0,12.78,0.0
2016,2,23,7,15,226.0,24.5,2.15,11.0,51.5,19.37,7.06
2016,2,23,7,30,452.0,36.0,2.3,11.0,90.0,27.52,18.25
2016,2,23,7,45,543.0,44.0,2.5,11.5,139.0,31.94,22.82
2016,2,23,8,0,634.0,52.0,2.7,12.0,188.0,36.21,26.92
2016,2,23,8,15,689.0,57.5,2.85,12.0,239.5,63.43,35.02
2016,2,23,8,30,744.0,63.0,3.0,12.0,291.0,109.03,58.62
2016,2,23,8,45,783.5,66.5,3.15,12.0,340.5,155.91,92.45
2016,2,23,9,0,823.0,70.0,3.3,12.0,390.0,206.03,134.1
2016,2,23,9,15,667.0,108.5,3.25,12.5,387.0,243.01,174.14
2016,2,23,9,30,511.0,147.0,3.2,13.0,384.0,267.42,202.31
2016,2,23,9,45,712.0,113.5,3.15,13.5,473.5,326.61,248.6
2016,2,23,10,0,913.0,80.0,3.1,14.0,563.0,406.67,312.76
2016,2,23,10,15,925.5,82.0,2.9,14.0,597.0,452.38,352.62
2016,2,23,10,30,938.0,84.0,2.7,14.0,631.0,497.09,390.67
2016,2,23,10,45,947.0,85.5,2.5,14.5,657.5,538.41,424.19
2016,2,23,11,0,956.0,87.0,2.3,15.0,684.0,578.02,455.18
2016,2,23,11,15,961.5,87.5,2.15,15.5,703.0,612.85,481.73
2016,2,23,11,30,967.0,88.0,2.0,16.0,722.0,645.36,505.65
2016,2,23,11,45,967.5,89.5,1.9,16.5,732.0,673.34,525.75
2016,2,23,12,0,968.0,91.0,1.8,17.0,742.0,698.47,543.22
2016,2,23,12,15,968.0,91.5,1.7,17.0,743.5,719.34,558.23
2016,2,23,12,30,968.0,92.0,1.6,17.0,745.0,737.13,570.75
2016,2,23,12,45,963.5,92.5,1.55,17.5,738.0,748.74,577.63
2016,2,23,13,0,959.0,93.0,1.5,18.0,731.0,757.07,582.04
2016,2,23,13,15,954.0,92.0,1.45,18.0,716.5,760.22,584.04
2016,2,23,13,30,949.0,91.0,1.4,18.0,702.0,760.07,583.91
2016,2,23,13,45,939.5,90.5,1.35,18.0,678.5,754.06,579.84
2016,2,23,14,0,930.0,90.0,1.3,18.0,655.0,744.88,573.75
2016,2,23,14,15,919.0,88.5,1.35,18.0,625.0,730.54,565.21
2016,2,23,14,30,908.0,87.0,1.4,18.0,595.0,713.28,554.66
2016,2,23,14,45,891.0,85.0,1.45,18.0,558.0,691.86,540.63
2016,2,23,15,0,874.0,83.0,1.5,18.0,521.0,664.98,522.18
2016,2,23,15,15,852.5,80.0,1.5,17.5,478.5,631.94,499.42
2016,2,23,15,30,831.0,77.0,1.5,17.0,436.0,597.09,474.74
2016,2,23,15,45,796.0,74.5,1.5,17.0,388.0,553.47,441.8
2016,2,23,16,0,761.0,72.0,1.5,17.0,340.0,509.32,407.59
2016,2,23,16,15,716.0,67.0,1.5,16.5,290.0,459.56,368.63
2016,2,23,16,30,671.0,62.0,1.5,16.0,240.0,408.69,327.33
2016,2,23,16,45,591.0,55.5,1.55,15.5,189.0,341.91,272.09
2016,2,23,17,0,511.0,49.0,1.6,15.0,138.0,279.68,218.72
2016,2,23,17,15,395.0,38.0,1.65,14.5,93.0,204.61,153.86
2016,2,23,17,30,279.0,27.0,1.7,14.0,48.0,136.31,80.77
2016,2,23,17,45,139.5,13.5,1.75,14.0,24.0,52.52,0.0
2016,2,23,18,0,0.0,0.0,1.8,14.0,0.0,0.0,0.0
2016,2,23,18,15,0.0,0.0,1.85,13.5,0.0,0.0,0.0
2016,2,23,18,30,0.0,0.0,1.9,13.0,0.0,0.0,0.0
2016,2,23,18,45,0.0,0.0,1.95,13.0,0.0,0.0,0.0
2016,2,23,19,0,0.0,0.0,2.0,13.0,0.0,0.0,0.0
2016,2,23,19,15,0.0,0.0,2.0,13.0,0.0,0.0,0.0
2016,2,23,19,30,0.0,0.0,2.0,13.0,0.0,0.0,0.0
2016,2,23,19,45,0.0,0.0,2.0,13.0,0.0,0.0,0.0
2016,2,23,20,0,0.0,0.0,2.0,13.0,0.0,0.0,0.0
2016,2,23,20,15,0.0,0.0,2.0,12.5,0.0,0.0,0.0
2016,2,23,20,30,0.0,0.0,2.0,12.0,0.0,0.0,0.0
2016,2,23,20,45,0.0,0.0,2.0,12.0,0.0,0.0,0.0
2016,2,23,21,0,0.0,0.0,2.0,12.0,0.0,0.0,0.0
2016,2,23,21,15,0.0,0.0,2.0,12.0,0.0,0.0,0.0
2016,2,23,21,30,0.0,0.0,2.0,12.0,0.0,0.0,0.0
2016,2,23,21,45,0.0,0.0,2.0,12.0,0.0,0.0,0.0
2016,2,23,22,0,0.0,0.0,2.0,12.0,0.0,0.0,0.0
2016,2,23,22,15,0.0,0.0,2.0,11.5,0.0,0.0,0.0
2016,2,23,22,30,0.0,0.0,2.0,11.0,0.0,0.0,0.0
2016,2,23,22,45,0.0,0.0,2.05,11.0,0.0,0.0,0.0
2016,2,23,23,0,0.0,0.0,2.1,11.0,0.0,0.0,0.0
2016,2,23,23,15,0.0,0.0,2.05,11.0,0.0,0.0,0.0
2016,2,23,23,30,0.0,0.0,2.0,11.0,0.0,0.0,0.0
2016,2,23,23,45,0.0,0.0,2.0,11.0,0.0,0.0,0.0
2016,2,24,0,0,0.0,0.0,2.0,11.0,0.0,0.0,0.0
2016,2,24,0,15,0.0,0.0,1.95,11.0,0.0,0.0,0.0
2016,2,24,0,30,0.0,0.0,1.9,11.0,0.0,0.0,0.0
2016,2,24,0,45,0.0,0.0,1.85,11.0,0.0,0.0,0.0
2016,2,24,1,0,0.0,0.0,1.8,11.0,0.0,0.0,0.0
2016,2,24,1,15,0.0,0.0,1.7,11.0,0.0,0.0,0.0
2016,2,24,1,30,0.0,0.0,1.6,11.0,0.0,0.0,0.0
2016,2,24,1,45,0.0,0.0,1.5,11.0,0.0,0.0,0.0
2016,2,24,2,0,0.0,0.0,1.4,11.0,0.0,0.0,0.0
2016,2,24,2,15,0.0,0.0,1.3,11.0,0.0,0.0,0.0
2016,2,24,2,30,0.0,0.0,1.2,11.0,0.0,0.0,0.0
2016,2,24,2,45,0.0,0.0,1.15,11.0,0.0,0.0,0.0
2016,2,24,3,0,0.0,0.0,1.1,11.0,0.0,0.0,0.0
2016,2,24,3,15,0.0,0.0,1.05,11.0,0.0,0.0,0.0
2016,2,24,3,30,0.0,0.0,1.0,11.0,0.0,0.0,0.0
2016,2,24,3,45,0.0,0.0,1.0,11.0,0.0,0.0,0.0
2016,2,24,4,0,0.0,0.0,1.0,11.0,0.0,0.0,0.0
2016,2,24,4,15,0.0,0.0,0.95,10.5,0.0,0.0,0.0
2016,2,24,4,30,0.0,0.0,0.9,10.0,0.0,0.0,0.0
2016,2,24,4,45,0.0,0.0,0.9,10.0,0.0,0.0,0.0
2016,2,24,5,0,0.0,0.0,0.9,10.0,0.0,0.0,0.0
2016,2,24,5,15,0.0,0.0,0.9,10.0,0.0,0.0,0.0
2016,2,24,5,30,0.0,0.0,0.9,10.0,0.0,0.0,0.0
2016,2,24,5,45,0.0,0.0,0.95,10.0,0.0,0.0,0.0
2016,2,24,6,0,0.0,0.0,1.0,10.0,0.0,0.0,0.0
2016,2,24,6,15,0.0,0.0,1.05,10.0,0.0,0.0,0.0
2016,2,24,6,30,0.0,0.0,1.1,10.0,0.0,0.0,0.0
2016,2,24,6,45,0.0,6.5,1.15,10.0,6.5,0.0,0.0
2016,2,24,7,0,0.0,13.0,1.2,10.0,13.0,12.78,0.0
2016,2,24,7,15,182.0,26.0,1.3,10.0,48.5,20.2,8.78
2016,2,24,7,30,364.0,39.0,1.4,10.0,84.0,30.08,20.7
2016,2,24,7,45,456.0,48.0,1.55,10.5,131.0,35.25,25.93
2016,2,24,8,0,548.0,57.0,1.7,11.0,178.0,40.2,30.67
2016,2,24,8,15,604.0,63.5,1.65,11.5,226.5,65.31,36.98
2016,2,24,8,30,660.0,70.0,1.6,12.0,275.0,108.08,60.45
2016,2,24,8,45,702.0,74.0,1.6,12.5,323.0,152.05,92.36
2016,2,24,9,0,744.0,78.0,1.6,13.0,371.0,202.5,133.7
2016,2,24,9,15,770.5,81.5,1.5,13.5,415.0,248.92,174.12
2016,2,24,9,30,797.0,85.0,1.4,14.0,459.0,296.84,216.13
2016,2,24,9,45,818.0,87.5,1.3,14.5,498.0,343.26,256.62
2016,2,24,10,0,839.0,90.0,1.2,15.0,537.0,390.11,296.45
2016,2,24,10,15,852.0,92.0,1.15,15.0,569.5,433.38,333.26
2016,2,24,10,30,865.0,94.0,1.1,15.0,602.0,475.88,368.45
2016,2,24,10,45,874.0,95.5,1.05,15.5,627.5,514.99,399.37
2016,2,24,11,0,883.0,97.0,1.0,16.0,653.0,554.06,429.19
2016,2,24,11,15,888.5,98.0,0.95,16.0,671.5,587.18,454.63
2016,2,24,11,30,894.0,99.0,0.9,16.0,690.0,618.17,477.89
2016,2,24,11,45,896.0,100.0,0.9,16.5,699.5,644.77,497.05
2016,2,24,12,0,898.0,101.0,0.9,17.0,709.0,668.79,513.98
2016,2,24,12,15,898.5,101.5,1.0,17.0,711.0,688.67,529.8
2016,2,24,12,30,899.0,102.0,1.1,17.0,713.0,705.71,543.5
2016,2,24,12,45,899.0,100.5,1.2,17.5,707.5,717.48,552.36
2016,2,24,13,0,899.0,99.0,1.3,18.0,702.0,726.25,558.62
2016,2,24,13,15,894.0,98.0,1.4,18.0,687.5,729.0,561.82
2016,2,24,13,30,889.0,97.0,1.5,18.0,673.0,728.66,563.0
2016,2,24,13,45,881.0,96.0,1.65,18.0,651.0,723.15,561.06
2016,2,24,14,0,873.0,95.0,1.8,18.0,629.0,717.37,558.97
2016,2,24,14,15,862.0,93.0,1.85,18.0,600.0,703.04,550.01
2016,2,24,14,30,851.0,91.0,1.9,18.0,571.0,685.93,539.13
2016,2,24,14,45,834.0,89.0,1.95,18.0,535.0,662.18,522.76
2016,2,24,15,0,817.0,87.0,2.0,18.0,499.0,636.16,504.44
2016,2,24,15,15,795.0,84.0,2.0,17.5,458.0,603.81,481.69
2016,2,24,15,30,773.0,81.0,2.0,17.0,417.0,569.85,457.18
2016,2,24,15,45,742.0,77.0,2.05,17.0,371.5,528.2,425.47
2016,2,24,16,0,711.0,73.0,2.1,17.0,326.0,488.14,394.05
2016,2,24,16,15,667.0,67.5,2.05,16.5,278.0,437.53,353.81
2016,2,24,16,30,623.0,62.0,2.0,16.0,230.0,388.02,313.08
2016,2,24,16,45,556.5,54.5,1.95,15.5,182.0,327.58,262.25
2016,2,24,17,0,490.0,47.0,1.9,15.0,134.0,270.85,212.89
2016,2,24,17,15,383.0,36.5,1.9,14.5,90.5,200.1,151.37
2016,2,24,17,30,276.0,26.0,1.9,14.0,47.0,136.51,85.02
2016,2,24,17,45,138.0,13.0,1.95,13.5,23.5,52.08,0.0
2016,2,24,18,0,0.0,0.0,2.0,13.0,0.0,0.0,0.0
2016,2,24,18,15,0.0,0.0,1.95,13.0,0.0,0.0,0.0
2016,2,24,18,30,0.0,0.0,1.9,13.0,0.0,0.0,0.0
2016,2,24,18,45,0.0,0.0,1.9,13.0,0.0,0.0,0.0
2016,2,24,19,0,0.0,0.0,1.9,13.0,0.0,0.0,0.0
2016,2,24,19,15,0.0,0.0,1.85,13.0,0.0,0.0,0.0
2016,2,24,19,30,0.0,0.0,1.8,13.0,0.0,0.0,0.0
2016,2,24,19,45,0.0,0.0,1.75,13.0,0.0,0.0,0.0
2016,2,24,20,0,0.0,0.0,1.7,13.0,0.0,0.0,0.0
2016,2,24,20,15,0.0,0.0,1.65,13.0,0.0,0.0,0.0
2016,2,24,20,30,0.0,0.0,1.6,13.0,0.0,0.0,0.0
2016,2,24,20,45,0.0,0.0,1.6,13.0,0.0,0.0,0.0
2016,2,24,21,0,0.0,0.0,1.6,13.0,0.0,0.0,0.0
2016,2,24,21,15,0.0,0.0,1.55,13.0,0.0,0.0,0.0
2016,2,24,21,30,0.0,0.0,1.5,13.0,0.0,0.0,0.0
2016,2,24,21,45,0.0,0.0,1.45,13.0,0.0,0.0,0.0
2016,2,24,22,0,0.0,0.0,1.4,13.0,0.0,0.0,0.0
2016,2,24,22,15,0.0,0.0,1.3,13.0,0.0,0.0,0.0
2016,2,24,22,30,0.0,0.0,1.2,13.0,0.0,0.0,0.0
2016,2,24,22,45,0.0,0.0,1.15,13.0,0.0,0.0,0.0
2016,2,24,23,0,0.0,0.0,1.1,13.0,0.0,0.0,0.0
2016,2,24,23,15,0.0,0.0,0.95,13.0,0.0,0.0,0.0
2016,2,24,23,30,0.0,0.0,0.8,13.0,0.0,0.0,0.0
2016,2,24,23,45,0.0,0.0,0.7,13.0,0.0,0.0,0.0
2016,2,25,0,0,0.0,0.0,0.6,13.0,0.0,0.0,0.0
2016,2,25,0,15,0.0,0.0,0.55,13.0,0.0,0.0,0.0
2016,2,25,0,30,0.0,0.0,0.5,13.0,0.0,0.0,0.0
2016,2,25,0,45,0.0,0.0,0.45,13.0,0.0,0.0,0.0
2016,2,25,1,0,0.0,0.0,0.4,13.0,0.0,0.0,0.0
2016,2,25,1,15,0.0,0.0,0.4,12.5,0.0,0.0,0.0
2016,2,25,1,30,0.0,0.0,0.4,12.0,0.0,0.0,0.0
2016,2,25,1,45,0.0,0.0,0.45,12.0,0.0,0.0,0.0
2016,2,25,2,0,0.0,0.0,0.5,12.0,0.0,0.0,0.0
2016,2,25,2,15,0.0,0.0,0.5,12.0,0.0,0.0,0.0
2016,2,25,2,30,0.0,0.0,0.5,12.0,0.0,0.0,0.0
2016,2,25,2,45,0.0,0.0,0.55,12.0,0.0,0.0,0.0
2016,2,25,3,0,0.0,0.0,0.6,12.0,0.0,0.0,0.0
2016,2,25,3,15,0.0,0.0,0.55,12.0,0.0,0.0,0.0
2016,2,25,3,30,0.0,0.0,0.5,12.0,0.0,0.0,0.0
2016,2,25,3,45,0.0,0.0,0.45,12.0,0.0,0.0,0.0
2016,2,25,4,0,0.0,0.0,0.4,12.0,0.0,0.0,0.0
2016,2,25,4,15,0.0,0.0,0.35,12.0,0.0,0.0,0.0
2016,2,25,4,30,0.0,0.0,0.3,12.0,0.0,0.0,0.0
2016,2,25,4,45,0.0,0.0,0.25,12.0,0.0,0.0,0.0
2016,2,25,5,0,0.0,0.0,0.2,12.0,0.0,0.0,0.0
2016,2,25,5,15,0.0,0.0,0.2,11.5,0.0,0.0,0.0
2016,2,25,5,30,0.0,0.0,0.2,11.0,0.0,0.0,0.0
2016,2,25,5,45,0.0,0.0,0.2,11.0,0.0,0.0,0.0
2016,2,25,6,0,0.0,0.0,0.2,11.0,0.0,0.0,0.0
2016,2,25,6,15,0.0,0.0,0.2,11.0,0.0,0.0,0.0
2016,2,25,6,30,0.0,0.0,0.2,11.0,0.0,0.0,0.0
2016,2,25,6,45,36.5,6.0,0.2,11.5,7.0,0.0,0.0
2016,2,25,7,0,73.0,12.0,0.2,12.0,14.0,11.8,0.0
2016,2,25,7,15,200.0,27.5,0.25,12.0,49.5,21.34,10.42
2016,2,25,7,30,327.0,43.0,0.3,12.0,85.0,33.68,23.82
2016,2,25,7,45,407.5,54.5,0.35,12.5,130.5,41.01,30.92
2016,2,25,8,0,488.0,66.0,0.4,13.0,176.0,47.97,37.42
2016,2,25,8,15,544.5,74.0,0.45,13.0,223.5,75.03,45.13
2016,2,25,8,30,601.0,82.0,0.5,13.0,271.0,116.34,68.86
2016,2,25,8,45,639.5,88.0,0.55,13.5,317.5,158.78,99.89
2016,2,25,9,0,678.0,94.0,0.6,14.0,364.0,204.53,137.0
2016,2,25,9,15,705.5,98.0,0.65,14.5,406.5,248.92,174.99
2016,2,25,9,30,733.0,102.0,0.7,15.0,449.0,295.01,214.68
2016,2,25,9,45,758.5,104.0,0.75,15.5,488.0,340.05,253.29
2016,2,25,10,0,784.0,106.0,0.8,16.0,527.0,388.46,293.76
2016,2,25,10,15,800.0,104.0,0.8,16.0,556.0,427.11,326.47
2016,2,25,10,30,816.0,102.0,0.8,16.0,585.0,465.32,358.13
2016,2,25,10,45,733.5,137.5,0.8,16.5,586.0,488.15,376.51
2016,2,25,11,0,651.0,173.0,0.8,17.0,587.0,505.71,389.85
2016,2,25,11,15,641.5,183.0,0.75,17.5,600.5,532.96,409.65
2016,2,25,11,30,632.0,193.0,0.7,18.0,614.0,558.02,427.13
2016,2,25,11,45,631.5,198.0,0.65,18.5,623.5,581.58,443.2
2016,2,25,12,0,631.0,203.0,0.6,19.0,633.0,603.3,457.56
2016,2,25,12,15,631.0,203.5,0.45,19.0,635.0,619.04,467.25
2016,2,25,12,30,631.0,204.0,0.3,19.0,637.0,632.76,475.27
2016,2,25,12,45,640.0,198.0,0.2,19.0,633.5,644.15,482.47
2016,2,25,13,0,649.0,192.0,0.1,19.0,630.0,653.49,488.36
2016,2,25,13,15,760.0,147.5,0.2,19.0,650.5,693.08,519.09
2016,2,25,13,30,871.0,103.0,0.3,19.0,671.0,728.62,545.94
2016,2,25,13,45,860.5,103.0,0.4,19.5,649.0,722.67,542.53
2016,2,25,14,0,850.0,103.0,0.5,20.0,627.0,713.79,537.82
2016,2,25,14,15,839.0,101.0,0.7,19.5,598.5,699.59,532.9
2016,2,25,14,30,828.0,99.0,0.9,19.0,570.0,682.68,525.57
2016,2,25,14,45,807.5,98.0,1.1,19.0,534.0,657.9,510.71
2016,2,25,15,0,787.0,97.0,1.3,19.0,498.0,631.02,493.67
2016,2,25,15,15,765.0,93.5,1.55,18.5,457.5,598.62,473.12
2016,2,25,15,30,743.0,90.0,1.8,18.0,417.0,566.78,451.87
2016,2,25,15,45,712.0,85.5,2.05,18.0,372.0,525.41,421.51
2016,2,25,16,0,681.0,81.0,2.3,18.0,327.0,483.6,389.63
2016,2,25,16,15,636.5,75.0,2.25,17.0,279.0,432.88,350.11
2016,2,25,16,30,592.0,69.0,2.2,16.0,231.0,383.31,310.04
2016,2,25,16,45,535.5,59.5,2.15,15.5,184.0,325.93,261.69
2016,2,25,17,0,479.0,50.0,2.1,15.0,137.0,271.54,214.22
2016,2,25,17,15,374.5,39.0,2.0,14.5,93.5,201.11,152.97
2016,2,25,17,30,270.0,28.0,1.9,14.0,50.0,138.62,89.82
2016,2,25,17,45,135.0,14.0,1.85,14.0,25.0,52.67,0.0
2016,2,25,18,0,0.0,0.0,1.8,14.0,0.0,0.0,0.0
2016,2,25,18,15,0.0,0.0,1.75,14.0,0.0,0.0,0.0
2016,2,25,18,30,0.0,0.0,1.7,14.0,0.0,0.0,0.0
2016,2,25,18,45,0.0,0.0,1.65,14.0,0.0,0.0,0.0
2016,2,25,19,0,0.0,0.0,1.6,14.0,0.0,0.0,0.0
2016,2,25,19,15,0.0,0.0,1.55,13.5,0.0,0.0,0.0
2016,2,25,19,30,0.0,0.0,1.5,13.0,0.0,0.0,0.0
2016,2,25,19,45,0.0,0.0,1.45,13.0,0.0,0.0,0.0
2016,2,25,20,0,0.0,0.0,1.4,13.0,0.0,0.0,0.0
2016,2,25,20,15,0.0,0.0,1.35,13.0,0.0,0.0,0.0
2016,2,25,20,30,0.0,0.0,1.3,13.0,0.0,0.0,0.0
2016,2,25,20,45,0.0,0.0,1.3,13.0,0.0,0.0,0.0
2016,2,25,21,0,0.0,0.0,1.3,13.0,0.0,0.0,0.0
2016,2,25,21,15,0.0,0.0,1.25,13.0,0.0,0.0,0.0
2016,2,25,21,30,0.0,0.0,1.2,13.0,0.0,0.0,0.0
2016,2,25,21,45,0.0,0.0,1.2,13.0,0.0,0.0,0.0
2016,2,25,22,0,0.0,0.0,1.2,13.0,0.0,0.0,0.0
2016,2,25,22,15,0.0,0.0,1.2,13.0,0.0,0.0,0.0
2016,2,25,22,30,0.0,0.0,1.2,13.0,0.0,0.0,0.0
2016,2,25,22,45,0.0,0.0,1.3,13.0,0.0,0.0,0.0
2016,2,25,23,0,0.0,0.0,1.4,13.0,0.0,0.0,0.0
2016,2,25,23,15,0.0,0.0,1.45,12.5,0.0,0.0,0.0
2016,2,25,23,30,0.0,0.0,1.5,12.0,0.0,0.0,0.0
2016,2,25,23,45,0.0,0.0,1.55,12.0,0.0,0.0,0.0
2016,2,26,0,0,0.0,0.0,1.6,12.0,0.0,0.0,0.0
2016,2,26,0,15,0.0,0.0,1.6,12.0,0.0,0.0,0.0
2016,2,26,0,30,0.0,0.0,1.6,12.0,0.0,0.0,0.0
2016,2,26,0,45,0.0,0.0,1.65,12.0,0.0,0.0,0.0
2016,2,26,1,0,0.0,0.0,1.7,12.0,0.0,0.0,0.0
2016,2,26,1,15,0.0,0.0,1.6,12.0,0.0,0.0,0.0
2016,2,26,1,30,0.0,0.0,1.5,12.0,0.0,0.0,0.0
2016,2,26,1,45,0.0,0.0,1.45,12.0,0.0,0.0,0.0
2016,2,26,2,0,0.0,0.0,1.4,12.0,0.0,0.0,0.0
2016,2,26,2,15,0.0,0.0,1.3,12.0,0.0,0.0,0.0
2016,2,26,2,30,0.0,0.0,1.2,12.0,0.0,0.0,0.0
2016,2,26,2,45,0.0,0.0,1.1,12.0,0.0,0.0,0.0
2016,2,26,3,0,0.0,0.0,1.0,12.0,0.0,0.0,0.0
2016,2,26,3,15,0.0,0.0,0.85,12.0,0.0,0.0,0.0
2016,2,26,3,30,0.0,0.0,0.7,12.0,0.0,0.0,0.0
2016,2,26,3,45,0.0,0.0,0.6,12.0,0.0,0.0,0.0
2016,2,26,4,0,0.0,0.0,0.5,12.0,0.0,0.0,0.0
2016,2,26,4,15,0.0,0.0,0.4,12.0,0.0,0.0,0.0
2016,2,26,4,30,0.0,0.0,0.3,12.0,0.0,0.0,0.0
2016,2,26,4,45,0.0,0.0,0.25,12.0,0.0,0.0,0.0
2016,2,26,5,0,0.0,0.0,0.2,12.0,0.0,0.0,0.0
2016,2,26,5,15,0.0,0.0,0.35,12.0,0.0,0.0,0.0
2016,2,26,5,30,0.0,0.0,0.5,12.0,0.0,0.0,0.0
2016,2,26,5,45,0.0,0.0,0.7,12.0,0.0,0.0,0.0
2016,2,26,6,0,0.0,0.0,0.9,12.0,0.0,0.0,0.0
2016,2,26,6,15,0.0,0.0,1.0,12.0,0.0,0.0,0.0
2016,2,26,6,30,0.0,0.0,1.1,12.0,0.0,0.0,0.0
2016,2,26,6,45,0.0,6.0,1.2,12.0,6.0,0.0,0.0
2016,2,26,7,0,0.0,12.0,1.3,12.0,12.0,11.8,0.0
2016,2,26,7,15,57.5,30.5,1.4,12.0,38.0,26.7,15.18
2016,2,26,7,30,115.0,49.0,1.5,12.0,64.0,39.78,29.15
2016,2,26,7,45,144.5,69.5,1.65,12.5,97.0,55.2,43.46
2016,2,26,8,0,174.0,90.0,1.8,13.0,130.0,70.04,56.99
2016,2,26,8,15,193.5,110.0,1.85,13.0,164.5,95.89,71.02
2016,2,26,8,30,213.0,130.0,1.9,13.0,199.0,126.58,93.18
2016,2,26,8,45,232.5,146.5,1.95,13.5,232.0,156.5,116.27
2016,2,26,9,0,252.0,163.0,2.0,14.0,265.0,188.21,141.85
2016,2,26,9,15,292.0,176.5,2.0,14.0,307.0,224.09,170.88
2016,2,26,9,30,332.0,190.0,2.0,14.0,349.0,263.43,203.1
2016,2,26,9,45,291.5,214.5,2.05,14.5,362.5,288.61,225.32
2016,2,26,10,0,251.0,239.0,2.1,15.0,376.0,310.04,243.66
2016,2,26,10,15,385.5,220.5,2.05,15.0,444.5,363.15,285.39
2016,2,26,10,30,520.0,202.0,2.0,15.0,513.0,423.96,333.43
2016,2,26,10,45,535.5,206.0,2.0,15.5,537.5,457.04,359.48
2016,2,26,11,0,551.0,210.0,2.0,16.0,562.0,489.96,385.02
2016,2,26,11,15,542.0,220.0,2.0,16.0,574.5,514.4,404.22
2016,2,26,11,30,533.0,230.0,2.0,16.0,587.0,536.95,421.67
2016,2,26,11,45,584.5,216.0,2.05,16.0,613.0,571.99,449.33
2016,2,26,12,0,636.0,202.0,2.1,16.0,639.0,608.6,477.85
2016,2,26,12,15,573.0,225.5,2.15,16.0,620.0,604.08,474.06
2016,2,26,12,30,510.0,249.0,2.2,16.0,601.0,596.84,468.3
2016,2,26,12,45,538.5,236.0,2.3,16.0,605.0,613.38,482.16
2016,2,26,13,0,567.0,223.0,2.4,16.0,609.0,628.48,494.81
2016,2,26,13,15,578.0,213.5,2.45,16.0,600.0,633.01,499.17
2016,2,26,13,30,589.0,204.0,2.5,16.0,591.0,635.45,502.08
2016,2,26,13,45,559.0,207.0,2.65,16.0,564.5,619.51,490.98
2016,2,26,14,0,529.0,210.0,2.8,16.0,538.0,601.75,478.48
2016,2,26,14,15,673.0,155.5,2.85,16.0,553.5,646.77,516.07
2016,2,26,14,30,817.0,101.0,2.9,16.0,569.0,680.98,545.03
2016,2,26,14,45,805.5,96.0,2.95,16.0,534.0,657.97,528.4
2016,2,26,15,0,794.0,91.0,3.0,16.0,499.0,632.57,510.1
2016,2,26,15,15,449.0,141.0,3.05,15.5,368.0,450.59,367.05
2016,2,26,15,30,104.0,191.0,3.1,15.0,237.0,264.57,214.79
2016,2,26,15,45,399.0,133.0,3.15,15.0,282.5,393.4,323.83
2016,2,26,16,0,694.0,75.0,3.2,15.0,328.0,486.8,399.89
2016,2,26,16,15,650.5,70.0,3.1,14.5,280.5,437.13,358.94
2016,2,26,16,30,607.0,65.0,3.0,14.0,233.0,388.56,318.29
2016,2,26,16,45,542.5,57.5,2.9,13.5,185.5,329.0,267.45
2016,2,26,17,0,478.0,50.0,2.8,13.0,138.0,273.01,218.1
2016,2,26,17,15,372.5,39.5,2.55,12.5,95.0,202.35,156.02
2016,2,26,17,30,267.0,29.0,2.3,12.0,52.0,140.23,94.46
2016,2,26,17,45,133.5,14.5,2.05,12.0,26.0,53.2,0.0
2016,2,26,18,0,0.0,0.0,1.8,12.0,0.0,0.0,0.0
2016,2,26,18,15,0.0,0.0,1.8,12.0,0.0,0.0,0.0
2016,2,26,18,30,0.0,0.0,1.8,12.0,0.0,0.0,0.0
2016,2,26,18,45,0.0,0.0,1.8,12.0,0.0,0.0,0.0
2016,2,26,19,0,0.0,0.0,1.8,12.0,0.0,0.0,0.0
2016,2,26,19,15,0.0,0.0,1.95,12.0,0.0,0.0,0.0
2016,2,26,19,30,0.0,0.0,2.1,12.0,0.0,0.0,0.0
2016,2,26,19,45,0.0,0.0,2.3,12.0,0.0,0.0,0.0
2016,2,26,20,0,0.0,0.0,2.5,12.0,0.0,0.0,0.0
2016,2,26,20,15,0.0,0.0,2.6,12.0,0.0,0.0,0.0
2016,2,26,20,30,0.0,0.0,2.7,12.0,0.0,0.0,0.0
2016,2,26,20,45,0.0,0.0,2.85,12.0,0.0,0.0,0.0
2016,2,26,21,0,0.0,0.0,3.0,12.0,0.0,0.0,0.0
2016,2,26,21,15,0.0,0.0,2.85,12.0,0.0,0.0,0.0
2016,2,26,21,30,0.0,0.0,2.7,12.0,0.0,0.0,0.0
2016,2,26,21,45,0.0,0.0,2.55,12.0,0.0,0.0,0.0
2016,2,26,22,0,0.0,0.0,2.4,12.0,0.0,0.0,0.0
2016,2,26,22,15,0.0,0.0,2.45,11.5,0.0,0.0,0.0
2016,2,26,22,30,0.0,0.0,2.5,11.0,0.0,0.0,0.0
2016,2,26,22,45,0.0,0.0,2.6,11.0,0.0,0.0,0.0
2016,2,26,23,0,0.0,0.0,2.7,11.0,0.0,0.0,0.0
2016,2,26,23,15,0.0,0.0,2.85,11.0,0.0,0.0,0.0
2016,2,26,23,30,0.0,0.0,3.0,11.0,0.0,0.0,0.0
2016,2,26,23,45,0.0,0.0,3.15,11.0,0.0,0.0,0.0
2016,2,27,0,0,0.0,0.0,3.3,11.0,0.0,0.0,0.0
2016,2,27,0,15,0.0,0.0,3.25,11.0,0.0,0.0,0.0
2016,2,27,0,30,0.0,0.0,3.2,11.0,0.0,0.0,0.0
2016,2,27,0,45,0.0,0.0,3.2,11.0,0.0,0.0,0.0
2016,2,27,1,0,0.0,0.0,3.2,11.0,0.0,0.0,0.0
2016,2,27,1,15,0.0,0.0,3.15,11.0,0.0,0.0,0.0
2016,2,27,1,30,0.0,0.0,3.1,11.0,0.0,0.0,0.0
2016,2,27,1,45,0.0,0.0,3.05,11.0,0.0,0.0,0.0
2016,2,27,2,0,0.0,0.0,3.0,11.0,0.0,0.0,0.0
2016,2,27,2,15,0.0,0.0,2.9,10.5,0.0,0.0,0.0
2016,2,27,2,30,0.0,0.0,2.8,10.0,0.0,0.0,0.0
2016,2,27,2,45,0.0,0.0,2.75,10.0,0.0,0.0,0.0
2016,2,27,3,0,0.0,0.0,2.7,10.0,0.0,0.0,0.0
2016,2,27,3,15,0.0,0.0,2.65,10.0,0.0,0.0,0.0
2016,2,27,3,30,0.0,0.0,2.6,10.0,0.0,0.0,0.0
2016,2,27,3,45,0.0,0.0,2.55,10.0,0.0,0.0,0.0
2016,2,27,4,0,0.0,0.0,2.5,10.0,0.0,0.0,0.0
2016,2,27,4,15,0.0,0.0,2.45,10.0,0.0,0.0,0.0
2016,2,27,4,30,0.0,0.0,2.4,10.0,0.0,0.0,0.0
2016,2,27,4,45,0.0,0.0,2.35,10.0,0.0,0.0,0.0
2016,2,27,5,0,0.0,0.0,2.3,10.0,0.0,0.0,0.0
2016,2,27,5,15,0.0,0.0,2.25,10.0,0.0,0.0,0.0
2016,2,27,5,30,0.0,0.0,2.2,10.0,0.0,0.0,0.0
2016,2,27,5,45,0.0,0.0,2.15,10.0,0.0,0.0,0.0
2016,2,27,6,0,0.0,0.0,2.1,10.0,0.0,0.0,0.0
2016,2,27,6,15,0.0,0.0,2.05,10.0,0.0,0.0,0.0
2016,2,27,6,30,0.0,0.0,2.0,10.0,0.0,0.0,0.0
2016,2,27,6,45,0.0,11.0,2.0,10.5,11.0,10.81,0.0
2016,2,27,7,0,0.0,22.0,2.0,11.0,22.0,21.63,0.0
2016,2,27,7,15,223.5,30.5,2.1,11.0,61.5,23.61,13.36
2016,2,27,7,30,447.0,39.0,2.2,11.0,101.0,29.15,20.04
2016,2,27,7,45,531.0,46.0,2.3,11.5,149.5,32.6,23.57
2016,2,27,8,0,615.0,53.0,2.4,12.0,198.0,35.95,26.77
2016,2,27,8,15,665.5,58.5,2.35,12.0,247.0,75.61,40.12
2016,2,27,8,30,716.0,64.0,2.3,12.0,296.0,120.73,67.38
2016,2,27,8,45,751.0,67.5,2.3,12.5,344.0,166.4,102.39
2016,2,27,9,0,786.0,71.0,2.3,13.0,392.0,214.87,143.44
2016,2,27,9,15,809.5,74.5,2.25,13.5,436.0,263.02,186.2
2016,2,27,9,30,833.0,78.0,2.2,14.0,480.0,312.3,230.06
2016,2,27,9,45,848.5,81.0,2.15,14.5,518.5,359.27,271.68
2016,2,27,10,0,864.0,84.0,2.1,15.0,557.0,406.12,312.21
2016,2,27,10,15,876.5,85.5,2.05,15.0,590.0,452.5,351.87
2016,2,27,10,30,889.0,87.0,2.0,15.0,623.0,495.12,387.65
2016,2,27,10,45,896.5,89.0,1.95,15.0,648.5,534.58,420.09
2016,2,27,11,0,904.0,91.0,1.9,15.0,674.0,572.34,450.39
2016,2,27,11,15,909.5,92.0,1.9,15.0,692.0,606.14,477.28
2016,2,27,11,30,915.0,93.0,1.9,15.0,710.0,637.76,502.01
2016,2,27,11,45,749.0,157.5,1.95,15.5,667.5,621.62,488.13
2016,2,27,12,0,583.0,222.0,2.0,16.0,625.0,595.81,466.71
2016,2,27,12,15,585.5,221.5,2.05,16.0,627.0,611.28,479.23
2016,2,27,12,30,588.0,221.0,2.1,16.0,629.0,624.94,490.0
2016,2,27,12,45,492.5,255.0,2.2,16.0,595.0,602.85,472.7
2016,2,27,13,0,397.0,289.0,2.3,16.0,561.0,573.65,450.11
2016,2,27,13,15,395.5,283.5,2.35,16.0,550.0,572.35,450.08
2016,2,27,13,30,394.0,278.0,2.4,16.0,539.0,569.58,448.77
2016,2,27,13,45,519.5,226.0,2.45,16.0,558.0,613.49,485.11
2016,2,27,14,0,645.0,174.0,2.5,16.0,577.0,651.86,516.86
2016,2,27,14,15,649.0,161.5,2.5,16.0,551.0,639.22,508.18
2016,2,27,14,30,653.0,149.0,2.5,16.0,525.0,623.99,497.9
2016,2,27,14,45,577.5,161.0,2.5,16.0,479.0,575.0,460.67
2016,2,27,15,0,502.0,173.0,2.5,16.0,433.0,529.91,426.0
2016,2,27,15,15,649.0,126.5,2.5,15.5,435.0,568.84,459.69
2016,2,27,15,30,796.0,80.0,2.5,15.0,437.0,592.93,481.09
2016,2,27,15,45,772.0,75.5,2.5,15.0,391.5,553.76,450.51
2016,2,27,16,0,748.0,71.0,2.5,15.0,346.0,513.58,418.74
2016,2,27,16,15,706.5,66.0,2.45,14.5,297.0,462.77,378.19
2016,2,27,16,30,665.0,61.0,2.4,14.0,248.0,415.24,338.81
2016,2,27,16,45,608.0,54.0,2.35,13.5,199.0,357.31,289.66
2016,2,27,17,0,551.0,47.0,2.3,13.0,150.0,302.31,241.2
2016,2,27,17,15,445.0,37.5,2.4,12.5,104.5,229.2,177.21
2016,2,27,17,30,339.0,28.0,2.5,12.0,59.0,164.62,113.7
2016,2,27,17,45,169.5,14.0,2.6,12.0,29.5,74.36,0.0
2016,2,27,18,0,0.0,0.0,2.7,12.0,0.0,0.0,0.0
2016,2,27,18,15,0.0,0.0,2.75,11.5,0.0,0.0,0.0
2016,2,27,18,30,0.0,0.0,2.8,11.0,0.0,0.0,0.0
2016,2,27,18,45,0.0,0.0,2.9,11.0,0.0,0.0,0.0
2016,2,27,19,0,0.0,0.0,3.0,11.0,0.0,0.0,0.0
2016,2,27,19,15,0.0,0.0,3.1,11.0,0.0,0.0,0.0
2016,2,27,19,30,0.0,0.0,3.2,11.0,0.0,0.0,0.0
2016,2,27,19,45,0.0,0.0,3.35,11.0,0.0,0.0,0.0
2016,2,27,20,0,0.0,0.0,3.5,11.0,0.0,0.0,0.0
2016,2,27,20,15,0.0,0.0,3.45,11.0,0.0,0.0,0.0
2016,2,27,20,30,0.0,0.0,3.4,11.0,0.0,0.0,0.0
2016,2,27,20,45,0.0,0.0,3.35,11.0,0.0,0.0,0.0
2016,2,27,21,0,0.0,0.0,3.3,11.0,0.0,0.0,0.0
2016,2,27,21,15,0.0,0.0,3.15,11.0,0.0,0.0,0.0
2016,2,27,21,30,0.0,0.0,3.0,11.0,0.0,0.0,0.0
2016,2,27,21,45,0.0,0.0,2.85,11.0,0.0,0.0,0.0
2016,2,27,22,0,0.0,0.0,2.7,11.0,0.0,0.0,0.0
2016,2,27,22,15,0.0,0.0,2.75,10.5,0.0,0.0,0.0
2016,2,27,22,30,0.0,0.0,2.8,10.0,0.0,0.0,0.0
2016,2,27,22,45,0.0,0.0,2.85,10.0,0.0,0.0,0.0
2016,2,27,23,0,0.0,0.0,2.9,10.0,0.0,0.0,0.0
2016,2,27,23,15,0.0,0.0,2.9,10.0,0.0,0.0,0.0
2016,2,27,23,30,0.0,0.0,2.9,10.0,0.0,0.0,0.0
2016,2,27,23,45,0.0,0.0,2.95,10.0,0.0,0.0,0.0
2016,2,28,0,0,0.0,0.0,3.0,10.0,0.0,0.0,0.0
2016,2,28,0,15,0.0,0.0,2.9,10.0,0.0,0.0,0.0
2016,2,28,0,30,0.0,0.0,2.8,10.0,0.0,0.0,0.0
2016,2,28,0,45,0.0,0.0,2.7,10.0,0.0,0.0,0.0
2016,2,28,1,0,0.0,0.0,2.6,10.0,0.0,0.0,0.0
2016,2,28,1,15,0.0,0.0,2.55,10.0,0.0,0.0,0.0
2016,2,28,1,30,0.0,0.0,2.5,10.0,0.0,0.0,0.0
2016,2,28,1,45,0.0,0.0,2.5,10.0,0.0,0.0,0.0
2016,2,28,2,0,0.0,0.0,2.5,10.0,0.0,0.0,0.0
2016,2,28,2,15,0.0,0.0,2.5,10.0,0.0,0.0,0.0
2016,2,28,2,30,0.0,0.0,2.5,10.0,0.0,0.0,0.0
2016,2,28,2,45,0.0,0.0,2.5,10.0,0.0,0.0,0.0
2016,2,28,3,0,0.0,0.0,2.5,10.0,0.0,0.0,0.0
2016,2,28,3,15,0.0,0.0,2.45,10.0,0.0,0.0,0.0
2016,2,28,3,30,0.0,0.0,2.4,10.0,0.0,0.0,0.0
2016,2,28,3,45,0.0,0.0,2.4,10.0,0.0,0.0,0.0
2016,2,28,4,0,0.0,0.0,2.4,10.0,0.0,0.0,0.0
2016,2,28,4,15,0.0,0.0,2.4,9.5,0.0,0.0,0.0
2016,2,28,4,30,0.0,0.0,2.4,9.0,0.0,0.0,0.0
2016,2,28,4,45,0.0,0.0,2.4,9.0,0.0,0.0,0.0
2016,2,28,5,0,0.0,0.0,2.4,9.0,0.0,0.0,0.0
2016,2,28,5,15,0.0,0.0,2.45,9.0,0.0,0.0,0.0
2016,2,28,5,30,0.0,0.0,2.5,9.0,0.0,0.0,0.0
2016,2,28,5,45,0.0,0.0,2.6,9.0,0.0,0.0,0.0
2016,2,28,6,0,0.0,0.0,2.7,9.0,0.0,0.0,0.0
2016,2,28,6,15,0.0,0.0,2.7,9.5,0.0,0.0,0.0
2016,2,28,6,30,0.0,0.0,2.7,10.0,0.0,0.0,0.0
2016,2,28,6,45,0.0,3.5,2.75,10.5,3.5,3.44,0.0
2016,2,28,7,0,0.0,7.0,2.8,11.0,7.0,6.75,0.0
2016,2,28,7,15,0.0,18.5,2.85,11.0,18.5,17.85,9.04
2016,2,28,7,30,0.0,30.0,2.9,11.0,30.0,28.97,19.94
2016,2,28,7,45,0.0,44.5,3.0,11.5,44.5,42.87,32.76
2016,2,28,8,0,0.0,59.0,3.1,12.0,59.0,56.27,45.0
2016,2,28,8,15,0.0,73.5,3.05,12.0,73.5,69.81,54.39
2016,2,28,8,30,0.0,88.0,3.0,12.0,88.0,83.44,65.99
2016,2,28,8,45,0.0,102.0,2.95,12.5,102.0,96.68,76.95
2016,2,28,9,0,0.0,116.0,2.9,13.0,116.0,109.98,87.77
2016,2,28,9,15,20.5,156.5,2.8,13.0,167.0,152.03,121.86
2016,2,28,9,30,41.0,197.0,2.7,13.0,218.0,192.41,154.27
2016,2,28,9,45,164.0,218.0,2.65,13.5,308.0,253.85,201.49
2016,2,28,10,0,287.0,239.0,2.6,14.0,398.0,326.68,258.23
2016,2,28,10,15,332.0,244.5,2.55,14.0,438.5,365.49,289.37
2016,2,28,10,30,377.0,250.0,2.5,14.0,479.0,407.18,322.77
2016,2,28,10,45,439.0,241.5,2.5,14.5,518.5,446.25,353.57
2016,2,28,11,0,501.0,233.0,2.5,15.0,558.0,489.81,387.56
2016,2,28,11,15,533.5,227.5,2.55,15.0,582.5,521.94,413.24
2016,2,28,11,30,566.0,222.0,2.6,15.0,607.0,554.45,439.06
2016,2,28,11,45,555.5,230.0,2.65,15.5,612.0,572.99,452.68
2016,2,28,12,0,545.0,238.0,2.7,16.0,617.0,589.46,464.59
2016,2,28,12,15,370.0,288.0,2.75,16.0,546.0,532.43,419.38
2016,2,28,12,30,195.0,338.0,2.8,16.0,475.0,467.75,367.56
2016,2,28,12,45,290.0,316.0,2.9,16.0,517.5,520.88,410.69
2016,2,28,13,0,385.0,294.0,3.0,16.0,560.0,572.08,451.54
2016,2,28,13,15,377.5,292.5,3.05,16.0,548.5,570.5,450.54
2016,2,28,13,30,370.0,291.0,3.1,16.0,537.0,567.53,448.81
2016,2,28,13,45,415.0,265.5,3.15,16.0,533.5,576.09,457.21
2016,2,28,14,0,460.0,240.0,3.2,16.0,530.0,588.32,468.21
2016,2,28,14,15,535.0,202.0,3.2,15.5,524.0,601.08,481.21
2016,2,28,14,30,610.0,164.0,3.2,15.0,518.0,612.6,493.19
2016,2,28,14,45,326.0,188.5,3.25,15.0,376.5,427.59,346.99
2016,2,28,15,0,42.0,213.0,3.3,15.0,235.0,247.81,199.1
2016,2,28,15,15,90.0,204.5,3.3,15.0,247.0,270.96,219.86
2016,2,28,15,30,138.0,196.0,3.3,15.0,259.0,298.6,243.42
2016,2,28,15,45,178.0,173.5,3.3,15.0,245.5,296.07,242.44
2016,2,28,16,0,218.0,151.0,3.3,15.0,232.0,297.27,244.12
2016,2,28,16,15,194.5,134.0,3.3,14.5,199.0,254.13,208.96
2016,2,28,16,30,171.0,117.0,3.3,14.0,166.0,218.8,179.52
2016,2,28,16,45,151.0,96.0,3.3,13.5,133.0,181.31,147.61
2016,2,28,17,0,131.0,75.0,3.3,13.0,100.0,144.7,115.71
2016,2,28,17,15,95.5,54.5,3.3,12.5,69.5,103.69,79.72
2016,2,28,17,30,60.0,34.0,3.3,12.0,39.0,64.6,43.7
2016,2,28,17,45,30.0,17.0,3.3,12.0,19.5,29.55,0.0
2016,2,28,18,0,0.0,0.0,3.3,12.0,0.0,0.0,0.0
2016,2,28,18,15,0.0,0.0,3.3,12.0,0.0,0.0,0.0
2016,2,28,18,30,0.0,0.0,3.3,12.0,0.0,0.0,0.0
2016,2,28,18,45,0.0,0.0,3.3,12.0,0.0,0.0,0.0
2016,2,28,19,0,0.0,0.0,3.3,12.0,0.0,0.0,0.0
2016,2,28,19,15,0.0,0.0,3.3,11.5,0.0,0.0,0.0
2016,2,28,19,30,0.0,0.0,3.3,11.0,0.0,0.0,0.0
2016,2,28,19,45,0.0,0.0,3.35,11.0,0.0,0.0,0.0
2016,2,28,20,0,0.0,0.0,3.4,11.0,0.0,0.0,0.0
2016,2,28,20,15,0.0,0.0,3.4,10.5,0.0,0.0,0.0
2016,2,28,20,30,0.0,0.0,3.4,10.0,0.0,0.0,0.0
2016,2,28,20,45,0.0,0.0,3.45,10.0,0.0,0.0,0.0
2016,2,28,21,0,0.0,0.0,3.5,10.0,0.0,0.0,0.0
2016,2,28,21,15,0.0,0.0,3.35,10.0,0.0,0.0,0.0
2016,2,28,21,30,0.0,0.0,3.2,10.0,0.0,0.0,0.0
2016,2,28,21,45,0.0,0.0,3.1,10.0,0.0,0.0,0.0
2016,2,28,22,0,0.0,0.0,3.0,10.0,0.0,0.0,0.0
2016,2,28,22,15,0.0,0.0,2.85,10.0,0.0,0.0,0.0
2016,2,28,22,30,0.0,0.0,2.7,10.0,0.0,0.0,0.0
2016,2,28,22,45,0.0,0.0,2.6,10.0,0.0,0.0,0.0
2016,2,28,23,0,0.0,0.0,2.5,10.0,0.0,0.0,0.0
2016,2,28,23,15,0.0,0.0,2.45,10.0,0.0,0.0,0.0
2016,2,28,23,30,0.0,0.0,2.4,10.0,0.0,0.0,0.0
2016,2,28,23,45,0.0,0.0,2.4,10.0,0.0,0.0,0.0
2016,2,29,0,0,0.0,0.0,2.4,10.0,0.0,0.0,0.0
2016,2,29,0,15,0.0,0.0,2.35,10.0,0.0,0.0,0.0
2016,2,29,0,30,0.0,0.0,2.3,10.0,0.0,0.0,0.0
2016,2,29,0,45,0.0,0.0,2.3,10.0,0.0,0.0,0.0
2016,2,29,1,0,0.0,0.0,2.3,10.0,0.0,0.0,0.0
2016,2,29,1,15,0.0,0.0,2.25,10.0,0.0,0.0,0.0
2016,2,29,1,30,0.0,0.0,2.2,10.0,0.0,0.0,0.0
2016,2,29,1,45,0.0,0.0,2.2,10.0,0.0,0.0,0.0
2016,2,29,2,0,0.0,0.0,2.2,10.0,0.0,0.0,0.0
2016,2,29,2,15,0.0,0.0,2.15,9.5,0.0,0.0,0.0
2016,2,29,2,30,0.0,0.0,2.1,9.0,0.0,0.0,0.0
2016,2,29,2,45,0.0,0.0,2.1,9.0,0.0,0.0,0.0
2016,2,29,3,0,0.0,0.0,2.1,9.0,0.0,0.0,0.0
2016,2,29,3,15,0.0,0.0,2.1,9.0,0.0,0.0,0.0
2016,2,29,3,30,0.0,0.0,2.1,9.0,0.0,0.0,0.0
2016,2,29,3,45,0.0,0.0,2.1,9.0,0.0,0.0,0.0
2016,2,29,4,0,0.0,0.0,2.1,9.0,0.0,0.0,0.0
2016,2,29,4,15,0.0,0.0,2.1,9.0,0.0,0.0,0.0
2016,2,29,4,30,0.0,0.0,2.1,9.0,0.0,0.0,0.0
2016,2,29,4,45,0.0,0.0,2.1,9.0,0.0,0.0,0.0
2016,2,29,5,0,0.0,0.0,2.1,9.0,0.0,0.0,0.0
2016,2,29,5,15,0.0,0.0,2.1,9.0,0.0,0.0,0.0
2016,2,29,5,30,0.0,0.0,2.1,9.0,0.0,0.0,0.0
2016,2,29,5,45,0.0,0.0,2.15,9.0,0.0,0.0,0.0
2016,2,29,6,0,0.0,0.0,2.2,9.0,0.0,0.0,0.0
2016,2,29,6,15,0.0,0.0,2.25,9.0,0.0,0.0,0.0
2016,2,29,6,30,0.0,0.0,2.3,9.0,0.0,0.0,0.0
2016,2,29,6,45,94.5,9.0,2.35,9.5,13.5,8.85,0.0
2016,2,29,7,0,189.0,18.0,2.4,10.0,27.0,13.94,0.0
2016,2,29,7,15,321.5,30.0,2.45,10.5,68.0,22.76,13.66
2016,2,29,7,30,454.0,42.0,2.5,11.0,109.0,31.02,21.88
2016,2,29,7,45,541.5,48.5,2.6,11.5,158.5,33.94,24.86
2016,2,29,8,0,629.0,55.0,2.7,12.0,208.0,42.42,32.63
2016,2,29,8,15,677.5,60.0,2.7,12.5,258.0,87.07,45.96
2016,2,29,8,30,726.0,65.0,2.7,13.0,308.0,132.92,75.93
2016,2,29,8,45,759.0,69.0,2.7,13.5,356.5,179.8,113.26
2016,2,29,9,0,792.0,73.0,2.7,14.0,405.0,229.27,155.78
2016,2,29,9,15,815.0,76.5,2.65,14.5,449.0,277.98,199.18
2016,2,29,9,30,838.0,80.0,2.6,15.0,493.0,327.76,243.38
2016,2,29,9,45,848.5,84.5,2.55,15.5,530.5,374.85,284.97
2016,2,29,10,0,859.0,89.0,2.5,16.0,568.0,421.37,325.02
2016,2,29,10,15,871.0,91.0,2.4,16.0,600.5,465.46,362.58
2016,2,29,10,30,883.0,93.0,2.3,16.0,633.0,510.84,400.01
2016,2,29,10,45,893.0,93.5,2.25,16.5,659.0,550.11,431.26
2016,2,29,11,0,903.0,94.0,2.2,17.0,685.0,587.84,460.44
2016,2,29,11,15,909.0,95.0,2.1,17.0,703.5,621.98,486.81
2016,2,29,11,30,915.0,96.0,2.0,17.0,722.0,653.95,510.93
2016,2,29,11,45,923.0,94.0,1.95,17.0,733.0,681.95,532.03
2016,2,29,12,0,931.0,92.0,1.9,17.0,744.0,707.5,551.0
2016,2,29,12,15,932.0,92.0,1.9,17.0,746.5,727.69,565.65
2016,2,29,12,30,933.0,92.0,1.9,17.0,749.0,744.93,577.73
2016,2,29,12,45,776.0,150.0,1.9,17.5,693.5,707.94,549.16
2016,2,29,13,0,619.0,208.0,1.9,18.0,638.0,663.45,513.98
2016,2,29,13,15,616.0,205.0,1.85,18.0,625.5,664.93,515.67
2016,2,29,13,30,613.0,202.0,1.8,18.0,613.0,664.13,515.33
2016,2,29,13,45,610.5,194.5,1.8,18.5,593.0,656.9,509.89
2016,2,29,14,0,608.0,187.0,1.8,19.0,573.0,647.36,502.87
2016,2,29,14,15,746.5,136.5,1.75,19.0,588.5,691.76,537.99
2016,2,29,14,30,885.0,86.0,1.7,19.0,604.0,724.1,562.06
2016,2,29,14,45,862.5,86.5,1.65,19.0,566.0,701.26,546.2
2016,2,29,15,0,840.0,87.0,1.6,19.0,528.0,673.08,526.9
2016,2,29,15,15,819.5,84.0,1.5,19.0,486.5,640.42,503.04
2016,2,29,15,30,799.0,81.0,1.4,19.0,445.0,606.01,477.56
2016,2,29,15,45,766.5,78.0,1.3,19.0,398.0,562.84,445.06
2016,2,29,16,0,734.0,75.0,1.2,19.0,351.0,519.13,411.5
2016,2,29,16,15,693.0,70.0,1.1,18.5,302.0,470.72,374.19
2016,2,29,16,30,652.0,65.0,1.0,18.0,253.0,421.11,334.78
2016,2,29,16,45,582.5,59.0,0.95,18.0,203.0,358.09,283.26
2016,2,29,17,0,513.0,53.0,0.9,18.0,153.0,298.93,233.32
2016,2,29,17,15,412.0,42.5,0.85,17.5,107.5,226.81,172.6
2016,2,29,17,30,311.0,32.0,0.8,17.0,62.0,162.7,114.93
2016,2,29,17,45,155.5,16.0,0.8,17.0,31.0,76.01,0.0
2016,2,29,18,0,0.0,0.0,0.8,17.0,0.0,0.0,0.0
2016,2,29,18,15,0.0,0.0,0.75,17.0,0.0,0.0,0.0
2016,2,29,18,30,0.0,0.0,0.7,17.0,0.0,0.0,0.0
2016,2,29,18,45,0.0,0.0,0.7,17.0,0.0,0.0,0.0
2016,2,29,19,0,0.0,0.0,0.7,17.0,0.0,0.0,0.0
2016,2,29,19,15,0.0,0.0,0.7,16.5,0.0,0.0,0.0
2016,2,29,19,30,0.0,0.0,0.7,16.0,0.0,0.0,0.0
2016,2,29,19,45,0.0,0.0,0.7,16.0,0.0,0.0,0.0
2016,2,29,20,0,0.0,0.0,0.7,16.0,0.0,0.0,0.0
2016,2,29,20,15,0.0,0.0,0.75,16.0,0.0,0.0,0.0
2016,2,29,20,30,0.0,0.0,0.8,16.0,0.0,0.0,0.0
2016,2,29,20,45,0.0,0.0,0.9,16.0,0.0,0.0,0.0
2016,2,29,21,0,0.0,0.0,1.0,16.0,0.0,0.0,0.0
2016,2,29,21,15,0.0,0.0,1.05,15.5,0.0,0.0,0.0
2016,2,29,21,30,0.0,0.0,1.1,15.0,0.0,0.0,0.0
2016,2,29,21,45,0.0,0.0,1.15,15.0,0.0,0.0,0.0
2016,2,29,22,0,0.0,0.0,1.2,15.0,0.0,0.0,0.0
2016,2,29,22,15,0.0,0.0,1.2,14.5,0.0,0.0,0.0
2016,2,29,22,30,0.0,0.0,1.2,14.0,0.0,0.0,0.0
2016,2,29,22,45,0.0,0.0,1.2,14.0,0.0,0.0,0.0
2016,2,29,23,0,0.0,0.0,1.2,14.0,0.0,0.0,0.0
2016,2,29,23,15,0.0,0.0,1.2,13.5,0.0,0.0,0.0
2016,2,29,23,30,0.0,0.0,1.2,13.0,0.0,0.0,0.0
2016,2,29,23,45,0.0,0.0,1.25,13.0,0.0,0.0,0.0
2016,3,1,0,0,0.0,0.0,1.3,13.0,0.0,0.0,0.0
2016,3,1,0,15,0.0,0.0,1.25,13.0,0.0,0.0,0.0
2016,3,1,0,30,0.0,0.0,1.2,13.0,0.0,0.0,0.0
2016,3,1,0,45,0.0,0.0,1.15,13.0,0.0,0.0,0.0
2016,3,1,1,0,0.0,0.0,1.1,13.0,0.0,0.0,0.0
2016,3,1,1,15,0.0,0.0,1.0,13.0,0.0,0.0,0.0
2016,3,1,1,30,0.0,0.0,0.9,13.0,0.0,0.0,0.0
2016,3,1,1,45,0.0,0.0,0.85,13.0,0.0,0.0,0.0
2016,3,1,2,0,0.0,0.0,0.8,13.0,0.0,0.0,0.0
2016,3,1,2,15,0.0,0.0,0.8,13.0,0.0,0.0,0.0
2016,3,1,2,30,0.0,0.0,0.8,13.0,0.0,0.0,0.0
2016,3,1,2,45,0.0,0.0,0.8,13.0,0.0,0.0,0.0
2016,3,1,3,0,0.0,0.0,0.8,13.0,0.0,0.0,0.0
2016,3,1,3,15,0.0,0.0,0.85,12.5,0.0,0.0,0.0
2016,3,1,3,30,0.0,0.0,0.9,12.0,0.0,0.0,0.0
2016,3,1,3,45,0.0,0.0,0.95,12.0,0.0,0.0,0.0
2016,3,1,4,0,0.0,0.0,1.0,12.0,0.0,0.0,0.0
2016,3,1,4,15,0.0,0.0,1.1,12.0,0.0,0.0,0.0
2016,3,1,4,30,0.0,0.0,1.2,12.0,0.0,0.0,0.0
2016,3,1,4,45,0.0,0.0,1.3,12.0,0.0,0.0,0.0
2016,3,1,5,0,0.0,0.0,1.4,12.0,0.0,0.0,0.0
2016,3,1,5,15,0.0,0.0,1.5,11.5,0.0,0.0,0.0
2016,3,1,5,30,0.0,0.0,1.6,11.0,0.0,0.0,0.0
2016,3,1,5,45,0.0,0.0,1.75,11.0,0.0,0.0,0.0
2016,3,1,6,0,0.0,0.0,1.9,11.0,0.0,0.0,0.0
2016,3,1,6,15,0.0,0.0,1.95,11.0,0.0,0.0,0.0
2016,3,1,6,30,0.0,0.0,2.0,11.0,0.0,0.0,0.0
2016,3,1,6,45,110.5,10.0,2.15,11.5,15.5,9.83,0.0
2016,3,1,7,0,221.0,20.0,2.3,12.0,31.0,15.65,0.03
2016,3,1,7,15,352.5,31.0,2.35,12.5,73.5,23.44,14.28
2016,3,1,7,30,484.0,42.0,2.4,13.0,116.0,30.73,21.49
2016,3,1,7,45,564.0,49.0,2.5,13.5,166.5,34.1,24.82
2016,3,1,8,0,644.0,56.0,2.6,14.0,217.0,46.5,27.79
2016,3,1,8,15,691.5,61.5,2.5,14.0,267.0,92.59,48.86
2016,3,1,8,30,739.0,67.0,2.4,14.0,317.0,139.75,80.51
2016,3,1,8,45,722.5,74.5,2.35,14.5,349.0,182.33,116.58
2016,3,1,9,0,706.0,82.0,2.3,15.0,381.0,219.71,150.87
2016,3,1,9,15,662.5,105.5,2.35,15.0,409.0,264.6,192.92
2016,3,1,9,30,619.0,129.0,2.4,15.0,437.0,304.98,230.44
2016,3,1,9,45,670.0,125.0,2.45,15.5,482.0,349.45,268.15
2016,3,1,10,0,721.0,121.0,2.5,16.0,527.0,397.27,308.12
2016,3,1,10,15,818.5,102.0,2.5,16.0,587.5,456.75,356.88
2016,3,1,10,30,916.0,83.0,2.5,16.0,648.0,521.81,409.39
2016,3,1,10,45,926.0,83.5,2.55,16.5,674.5,562.24,441.8
2016,3,1,11,0,936.0,84.0,2.6,17.0,701.0,601.04,472.27
2016,3,1,11,15,941.5,84.5,2.55,17.0,719.5,635.37,499.2
2016,3,1,11,30,947.0,85.0,2.5,17.0,738.0,667.41,523.87
2016,3,1,11,45,952.5,84.5,2.5,17.0,749.0,696.01,545.83
2016,3,1,12,0,958.0,84.0,2.5,17.0,760.0,721.97,565.5
2016,3,1,12,15,958.5,84.0,2.5,17.0,762.0,742.26,579.8
2016,3,1,12,30,959.0,84.0,2.5,17.0,764.0,759.48,591.99
2016,3,1,12,45,957.5,84.0,2.5,17.0,758.0,772.15,601.03
2016,3,1,13,0,956.0,84.0,2.5,17.0,752.0,781.59,607.92
2016,3,1,13,15,951.5,83.0,2.5,17.0,737.0,784.53,610.34
2016,3,1,13,30,947.0,82.0,2.5,17.0,722.0,784.17,610.61
2016,3,1,13,45,941.0,81.0,2.55,17.0,699.5,779.43,608.24
2016,3,1,14,0,935.0,80.0,2.6,17.0,677.0,771.48,603.73
2016,3,1,14,15,924.0,78.5,2.6,16.5,646.5,756.23,594.9
2016,3,1,14,30,913.0,77.0,2.6,16.0,616.0,738.04,584.0
2016,3,1,14,45,899.5,75.0,2.6,16.0,579.0,714.76,568.29
2016,3,1,15,0,886.0,73.0,2.6,16.0,542.0,688.93,550.69
2016,3,1,15,15,866.0,70.5,2.55,16.0,499.5,655.9,527.31
2016,3,1,15,30,846.0,68.0,2.5,16.0,457.0,621.04,501.16
2016,3,1,15,45,818.0,65.5,2.5,16.0,410.0,583.22,472.27
2016,3,1,16,0,790.0,63.0,2.5,16.0,363.0,541.07,439.39
2016,3,1,16,15,751.0,59.0,2.3,15.5,313.0,490.61,399.24
2016,3,1,16,30,712.0,55.0,2.1,15.0,263.0,440.72,358.29
2016,3,1,16,45,650.0,50.0,1.95,14.5,212.5,379.64,307.17
2016,3,1,17,0,588.0,45.0,1.8,14.0,162.0,321.67,256.88
2016,3,1,17,15,490.0,37.0,1.7,13.5,115.0,252.86,196.78
2016,3,1,17,30,392.0,29.0,1.6,13.0,68.0,189.15,137.6
2016,3,1,17,45,196.0,14.5,1.55,13.0,34.0,87.74,8.61
2016,3,1,18,0,0.0,0.0,1.5,13.0,0.0,0.0,0.0
2016,3,1,18,15,0.0,0.0,1.45,12.5,0.0,0.0,0.0
2016,3,1,18,30,0.0,0.0,1.4,12.0,0.0,0.0,0.0
2016,3,1,18,45,0.0,0.0,1.35,12.0,0.0,0.0,0.0
2016,3,1,19,0,0.0,0.0,1.3,12.0,0.0,0.0,0.0
2016,3,1,19,15,0.0,0.0,1.35,12.0,0.0,0.0,0.0
2016,3,1,19,30,0.0,0.0,1.4,12.0,0.0,0.0,0.0
2016,3,1,19,45,0.0,0.0,1.45,12.0,0.0,0.0,0.0
2016,3,1,20,0,0.0,0.0,1.5,12.0,0.0,0.0,0.0
2016,3,1,20,15,0.0,0.0,1.55,12.0,0.0,0.0,0.0
2016,3,1,20,30,0.0,0.0,1.6,12.0,0.0,0.0,0.0
2016,3,1,20,45,0.0,0.0,1.7,12.0,0.0,0.0,0.0
2016,3,1,21,0,0.0,0.0,1.8,12.0,0.0,0.0,0.0
2016,3,1,21,15,0.0,0.0,1.75,12.0,0.0,0.0,0.0
2016,3,1,21,30,0.0,0.0,1.7,12.0,0.0,0.0,0.0
2016,3,1,21,45,0.0,0.0,1.7,12.0,0.0,0.0,0.0
2016,3,1,22,0,0.0,0.0,1.7,12.0,0.0,0.0,0.0
2016,3,1,22,15,0.0,0.0,1.6,12.0,0.0,0.0,0.0
2016,3,1,22,30,0.0,0.0,1.5,12.0,0.0,0.0,0.0
2016,3,1,22,45,0.0,0.0,1.4,12.0,0.0,0.0,0.0
2016,3,1,23,0,0.0,0.0,1.3,12.0,0.0,0.0,0.0
2016,3,1,23,15,0.0,0.0,1.15,12.0,0.0,0.0,0.0
2016,3,1,23,30,0.0,0.0,1.0,12.0,0.0,0.0,0.0
2016,3,1,23,45,0.0,0.0,0.85,12.0,0.0,0.0,0.0
2016,3,2,0,0,0.0,0.0,0.7,12.0,0.0,0.0,0.0
2016,3,2,0,15,0.0,0.0,0.6,12.0,0.0,0.0,0.0
2016,3,2,0,30,0.0,0.0,0.5,12.0,0.0,0.0,0.0
2016,3,2,0,45,0.0,0.0,0.45,12.0,0.0,0.0,0.0
2016,3,2,1,0,0.0,0.0,0.4,12.0,0.0,0.0,0.0
2016,3,2,1,15,0.0,0.0,0.4,12.0,0.0,0.0,0.0
2016,3,2,1,30,0.0,0.0,0.4,12.0,0.0,0.0,0.0
2016,3,2,1,45,0.0,0.0,0.45,12.0,0.0,0.0,0.0
2016,3,2,2,0,0.0,0.0,0.5,12.0,0.0,0.0,0.0
2016,3,2,2,15,0.0,0.0,0.55,12.0,0.0,0.0,0.0
2016,3,2,2,30,0.0,0.0,0.6,12.0,0.0,0.0,0.0
2016,3,2,2,45,0.0,0.0,0.7,12.0,0.0,0.0,0.0
2016,3,2,3,0,0.0,0.0,0.8,12.0,0.0,0.0,0.0
2016,3,2,3,15,0.0,0.0,0.85,12.0,0.0,0.0,0.0
2016,3,2,3,30,0.0,0.0,0.9,12.0,0.0,0.0,0.0
2016,3,2,3,45,0.0,0.0,0.95,12.0,0.0,0.0,0.0
2016,3,2,4,0,0.0,0.0,1.0,12.0,0.0,0.0,0.0
2016,3,2,4,15,0.0,0.0,1.05,12.0,0.0,0.0,0.0
2016,3,2,4,30,0.0,0.0,1.1,12.0,0.0,0.0,0.0
2016,3,2,4,45,0.0,0.0,1.2,12.0,0.0,0.0,0.0
2016,3,2,5,0,0.0,0.0,1.3,12.0,0.0,0.0,0.0
2016,3,2,5,15,0.0,0.0,1.4,12.0,0.0,0.0,0.0
2016,3,2,5,30,0.0,0.0,1.5,12.0,0.0,0.0,0.0
2016,3,2,5,45,0.0,0.0,1.6,12.0,0.0,0.0,0.0
2016,3,2,6,0,0.0,0.0,1.7,12.0,0.0,0.0,0.0
2016,3,2,6,15,0.0,0.0,1.8,12.0,0.0,0.0,0.0
2016,3,2,6,30,0.0,0.0,1.9,12.0,0.0,0.0,0.0
2016,3,2,6,45,119.0,10.0,2.05,12.0,17.0,9.83,0.0
2016,3,2,7,0,238.0,20.0,2.2,12.0,34.0,15.4,2.16
2016,3,2,7,15,363.5,30.5,2.3,12.5,76.0,22.7,13.81
2016,3,2,7,30,489.0,41.0,2.4,13.0,118.0,29.54,20.49
2016,3,2,7,45,275.5,70.0,2.5,13.5,116.5,51.44,40.26
2016,3,2,8,0,62.0,99.0,2.6,14.0,115.0,86.94,67.52
2016,3,2,8,15,71.0,119.5,2.5,14.0,141.5,109.74,85.0
2016,3,2,8,30,80.0,140.0,2.4,14.0,168.0,133.63,103.93
2016,3,2,8,45,212.5,151.0,2.3,14.5,239.0,164.68,123.65
2016,3,2,9,0,345.0,162.0,2.2,15.0,310.0,216.45,161.59
2016,3,2,9,15,588.0,121.0,2.2,15.0,404.0,261.63,193.0
2016,3,2,9,30,831.0,80.0,2.2,15.0,498.0,333.8,249.09
2016,3,2,9,45,692.0,128.5,2.25,15.5,494.5,363.94,279.14
2016,3,2,10,0,553.0,177.0,2.3,16.0,491.0,383.58,298.51
2016,3,2,10,15,719.5,133.5,2.35,16.0,566.0,443.44,346.95
2016,3,2,10,30,886.0,90.0,2.4,16.0,641.0,518.23,406.81
2016,3,2,10,45,824.5,116.5,2.5,16.5,645.5,542.96,426.87
2016,3,2,11,0,763.0,143.0,2.6,17.0,650.0,562.29,442.14
2016,3,2,11,15,652.5,190.0,2.7,17.0,632.0,568.13,446.66
2016,3,2,11,30,542.0,237.0,2.8,17.0,614.0,565.07,443.85
2016,3,2,11,45,486.0,265.0,2.95,17.0,606.0,572.56,449.45
2016,3,2,12,0,430.0,293.0,3.1,17.0,598.0,576.19,451.81
2016,3,2,12,15,439.5,289.5,3.2,17.0,602.0,591.21,463.9
2016,3,2,12,30,449.0,286.0,3.3,17.0,606.0,605.06,475.04
2016,3,2,12,45,390.5,301.0,3.4,17.0,578.0,583.87,458.72
2016,3,2,13,0,332.0,316.0,3.5,17.0,550.0,563.03,442.57
2016,3,2,13,15,316.5,320.0,3.5,16.5,539.0,560.82,441.87
2016,3,2,13,30,301.0,324.0,3.5,16.0,528.0,557.47,440.21
2016,3,2,13,45,165.5,290.5,3.5,16.0,402.5,420.12,333.68
2016,3,2,14,0,30.0,257.0,3.5,16.0,277.0,281.39,222.87
2016,3,2,14,15,65.0,264.0,3.45,16.0,304.0,315.68,251.64
2016,3,2,14,30,100.0,271.0,3.4,16.0,331.0,349.62,279.49
2016,3,2,14,45,210.5,246.5,3.4,16.0,362.0,408.18,328.58
2016,3,2,15,0,321.0,222.0,3.4,16.0,393.0,462.83,373.81
2016,3,2,15,15,185.0,206.0,3.35,15.5,302.5,343.5,278.67
2016,3,2,15,30,49.0,190.0,3.3,15.0,212.0,229.67,185.62
2016,3,2,15,45,91.5,175.5,3.3,15.0,212.5,240.74,196.26
2016,3,2,16,0,134.0,161.0,3.3,15.0,213.0,255.85,209.52
2016,3,2,16,15,119.0,142.0,3.15,14.5,183.5,224.14,183.68
2016,3,2,16,30,104.0,123.0,3.0,14.0,154.0,193.04,157.94
2016,3,2,16,45,94.0,101.0,2.95,14.0,125.0,161.29,130.91
2016,3,2,17,0,84.0,79.0,2.9,14.0,96.0,129.72,103.5
2016,3,2,17,15,60.5,57.5,2.8,13.5,68.0,93.52,72.02
2016,3,2,17,30,37.0,36.0,2.7,13.0,40.0,58.2,40.76
2016,3,2,17,45,18.5,18.0,2.6,13.0,20.0,24.47,1.88
2016,3,2,18,0,0.0,0.0,2.5,13.0,0.0,0.0,0.0
2016,3,2,18,15,0.0,0.0,2.5,12.5,0.0,0.0,0.0
2016,3,2,18,30,0.0,0.0,2.5,12.0,0.0,0.0,0.0
2016,3,2,18,45,0.0,0.0,2.5,12.0,0.0,0.0,0.0
2016,3,2,19,0,0.0,0.0,2.5,12.0,0.0,0.0,0.0
2016,3,2,19,15,0.0,0.0,2.5,12.0,0.0,0.0,0.0
2016,3,2,19,30,0.0,0.0,2.5,12.0,0.0,0.0,0.0
2016,3,2,19,45,0.0,0.0,2.55,12.0,0.0,0.0,0.0
2016,3,2,20,0,0.0,0.0,2.6,12.0,0.0,0.0,0.0
2016,3,2,20,15,0.0,0.0,2.65,12.0,0.0,0.0,0.0
2016,3,2,20,30,0.0,0.0,2.7,12.0,0.0,0.0,0.0
2016,3,2,20,45,0.0,0.0,2.8,12.0,0.0,0.0,0.0
2016,3,2,21,0,0.0,0.0,2.9,12.0,0.0,0.0,0.0
2016,3,2,21,15,0.0,0.0,2.9,12.0,0.0,0.0,0.0
2016,3,2,21,30,0.0,0.0,2.9,12.0,0.0,0.0,0.0
2016,3,2,21,45,0.0,0.0,2.95,12.0,0.0,0.0,0.0
2016,3,2,22,0,0.0,0.0,3.0,12.0,0.0,0.0,0.0
2016,3,2,22,15,0.0,0.0,3.0,12.0,0.0,0.0,0.0
2016,3,2,22,30,0.0,0.0,3.0,12.0,0.0,0.0,0.0
2016,3,2,22,45,0.0,0.0,3.0,12.0,0.0,0.0,0.0
2016,3,2,23,0,0.0,0.0,3.0,12.0,0.0,0.0,0.0
2016,3,2,23,15,0.0,0.0,2.95,12.0,0.0,0.0,0.0
2016,3,2,23,30,0.0,0.0,2.9,12.0,0.0,0.0,0.0
2016,3,2,23,45,0.0,0.0,2.85,12.0,0.0,0.0,0.0
2016,3,3,0,0,0.0,0.0,2.8,12.0,0.0,0.0,0.0
2016,3,3,0,15,0.0,0.0,2.7,12.0,0.0,0.0,0.0
2016,3,3,0,30,0.0,0.0,2.6,12.0,0.0,0.0,0.0
2016,3,3,0,45,0.0,0.0,2.55,12.0,0.0,0.0,0.0
2016,3,3,1,0,0.0,0.0,2.5,12.0,0.0,0.0,0.0
2016,3,3,1,15,0.0,0.0,2.45,12.0,0.0,0.0,0.0
2016,3,3,1,30,0.0,0.0,2.4,12.0,0.0,0.0,0.0
2016,3,3,1,45,0.0,0.0,2.35,12.0,0.0,0.0,0.0
2016,3,3,2,0,0.0,0.0,2.3,12.0,0.0,0.0,0.0
2016,3,3,2,15,0.0,0.0,2.35,12.0,0.0,0.0,0.0
2016,3,3,2,30,0.0,0.0,2.4,12.0,0.0,0.0,0.0
2016,3,3,2,45,0.0,0.0,2.45,12.0,0.0,0.0,0.0
2016,3,3,3,0,0.0,0.0,2.5,12.0,0.0,0.0,0.0
2016,3,3,3,15,0.0,0.0,2.55,12.0,0.0,0.0,0.0
2016,3,3,3,30,0.0,0.0,2.6,12.0,0.0,0.0,0.0
2016,3,3,3,45,0.0,0.0,2.65,12.0,0.0,0.0,0.0
2016,3,3,4,0,0.0,0.0,2.7,12.0,0.0,0.0,0.0
2016,3,3,4,15,0.0,0.0,2.6,12.0,0.0,0.0,0.0
2016,3,3,4,30,0.0,0.0,2.5,12.0,0.0,0.0,0.0
2016,3,3,4,45,0.0,0.0,2.4,12.0,0.0,0.0,0.0
2016,3,3,5,0,0.0,0.0,2.3,12.0,0.0,0.0,0.0
2016,3,3,5,15,0.0,0.0,2.3,12.0,0.0,0.0,0.0
2016,3,3,5,30,0.0,0.0,2.3,12.0,0.0,0.0,0.0
2016,3,3,5,45,0.0,0.0,2.3,12.0,0.0,0.0,0.0
2016,3,3,6,0,0.0,0.0,2.3,12.0,0.0,0.0,0.0
2016,3,3,6,15,0.0,0.0,2.25,12.0,0.0,0.0,0.0
2016,3,3,6,30,0.0,0.0,2.2,12.0,0.0,0.0,0.0
2016,3,3,6,45,0.0,10.0,2.2,12.5,10.0,9.83,0.0
2016,3,3,7,0,0.0,20.0,2.2,13.0,20.0,19.24,6.02
2016,3,3,7,15,27.0,39.5,2.3,13.0,44.0,35.98,25.29
2016,3,3,7,30,54.0,59.0,2.4,13.0,68.0,50.14,38.7
2016,3,3,7,45,70.0,80.5,2.5,13.5,96.0,66.86,53.95
2016,3,3,8,0,86.0,102.0,2.6,14.0,124.0,86.43,66.51
2016,3,3,8,15,97.0,123.0,2.5,14.0,153.0,111.15,85.11
2016,3,3,8,30,108.0,144.0,2.4,14.0,182.0,137.19,105.62
2016,3,3,8,45,54.0,125.0,2.3,14.0,144.0,124.21,97.02
2016,3,3,9,0,0.0,106.0,2.2,14.0,106.0,101.31,79.97
2016,3,3,9,15,0.0,96.5,2.1,14.0,96.5,92.91,72.77
2016,3,3,9,30,0.0,87.0,2.0,14.0,87.0,84.15,65.28
2016,3,3,9,45,9.0,149.0,1.95,14.5,154.5,145.5,115.42
2016,3,3,10,0,18.0,211.0,1.9,15.0,222.0,207.02,164.42
2016,3,3,10,15,17.5,219.0,1.9,15.0,230.0,215.8,170.99
2016,3,3,10,30,17.0,227.0,1.9,15.0,238.0,224.47,177.62
2016,3,3,10,45,37.5,261.0,1.95,15.0,286.0,266.43,210.72
2016,3,3,11,0,58.0,295.0,2.0,15.0,334.0,312.21,246.41
2016,3,3,11,15,83.5,314.0,2.2,15.0,372.0,348.73,275.03
2016,3,3,11,30,109.0,333.0,2.4,15.0,410.0,386.86,304.86
2016,3,3,11,45,110.5,336.5,2.6,15.0,415.5,396.03,312.11
2016,3,3,12,0,112.0,340.0,2.8,15.0,421.0,404.95,319.3
2016,3,3,12,15,77.0,323.0,2.7,15.0,378.5,368.32,290.35
2016,3,3,12,30,42.0,306.0,2.6,15.0,336.0,329.79,259.83
2016,3,3,12,45,84.0,324.0,2.55,15.0,383.5,380.27,300.09
2016,3,3,13,0,126.0,342.0,2.5,15.0,431.0,435.78,343.35
2016,3,3,13,15,127.0,334.0,2.4,15.0,422.5,431.86,340.26
2016,3,3,13,30,128.0,326.0,2.3,15.0,414.0,427.39,337.1
2016,3,3,13,45,72.5,280.5,2.25,15.0,330.5,335.98,266.04
2016,3,3,14,0,17.0,235.0,2.2,15.0,247.0,243.97,193.08
2016,3,3,14,15,19.0,230.5,2.1,15.0,243.0,241.54,191.77
2016,3,3,14,30,21.0,226.0,2.0,15.0,239.0,239.08,190.17
2016,3,3,14,45,73.5,234.5,1.95,15.0,275.0,292.51,234.36
2016,3,3,15,0,126.0,243.0,1.9,15.0,311.0,345.79,277.58
2016,3,3,15,15,63.0,184.5,1.9,15.0,218.5,232.04,186.66
2016,3,3,15,30,0.0,126.0,1.9,15.0,126.0,123.91,97.92
2016,3,3,15,45,15.0,137.5,1.9,15.0,143.5,146.06,117.04
2016,3,3,16,0,30.0,149.0,1.9,15.0,161.0,174.32,140.77
2016,3,3,16,15,24.0,130.0,1.75,14.5,138.5,145.35,117.13
2016,3,3,16,30,18.0,111.0,1.6,14.0,116.0,122.51,98.31
2016,3,3,16,45,10.0,91.0,1.5,14.0,94.0,97.83,77.43
2016,3,3,17,0,2.0,71.0,1.4,14.0,72.0,73.55,56.62
2016,3,3,17,15,1.0,51.0,1.3,13.5,51.5,52.4,38.35
2016,3,3,17,30,0.0,31.0,1.2,13.0,31.0,30.73,19.35
2016,3,3,17,45,0.0,15.5,1.2,13.0,15.5,14.96,0.67
2016,3,3,18,0,0.0,0.0,1.2,13.0,0.0,0.0,0.0
2016,3,3,18,15,0.0,0.0,1.2,13.0,0.0,0.0,0.0
2016,3,3,18,30,0.0,0.0,1.2,13.0,0.0,0.0,0.0
2016,3,3,18,45,0.0,0.0,1.2,13.0,0.0,0.0,0.0
2016,3,3,19,0,0.0,0.0,1.2,13.0,0.0,0.0,0.0
2016,3,3,19,15,0.0,0.0,1.2,13.0,0.0,0.0,0.0
2016,3,3,19,30,0.0,0.0,1.2,13.0,0.0,0.0,0.0
2016,3,3,19,45,0.0,0.0,1.25,13.0,0.0,0.0,0.0
2016,3,3,20,0,0.0,0.0,1.3,13.0,0.0,0.0,0.0
2016,3,3,20,15,0.0,0.0,1.25,12.5,0.0,0.0,0.0
2016,3,3,20,30,0.0,0.0,1.2,12.0,0.0,0.0,0.0
2016,3,3,20,45,0.0,0.0,1.2,12.0,0.0,0.0,0.0
2016,3,3,21,0,0.0,0.0,1.2,12.0,0.0,0.0,0.0
2016,3,3,21,15,0.0,0.0,1.15,12.0,0.0,0.0,0.0
2016,3,3,21,30,0.0,0.0,1.1,12.0,0.0,0.0,0.0
2016,3,3,21,45,0.0,0.0,1.05,12.0,0.0,0.0,0.0
2016,3,3,22,0,0.0,0.0,1.0,12.0,0.0,0.0,0.0
2016,3,3,22,15,0.0,0.0,1.05,12.0,0.0,0.0,0.0
2016,3,3,22,30,0.0,0.0,1.1,12.0,0.0,0.0,0.0
2016,3,3,22,45,0.0,0.0,1.15,12.0,0.0,0.0,0.0
2016,3,3,23,0,0.0,0.0,1.2,12.0,0.0,0.0,0.0
2016,3,3,23,15,0.0,0.0,1.2,12.0,0.0,0.0,0.0
2016,3,3,23,30,0.0,0.0,1.2,12.0,0.0,0.0,0.0
2016,3,3,23,45,0.0,0.0,1.3,12.0,0.0,0.0,0.0
2016,3,4,0,0,0.0,0.0,1.4,12.0,0.0,0.0,0.0
2016,3,4,0,15,0.0,0.0,1.45,12.0,0.0,0.0,0.0
2016,3,4,0,30,0.0,0.0,1.5,12.0,0.0,0.0,0.0
2016,3,4,0,45,0.0,0.0,1.6,12.0,0.0,0.0,0.0
2016,3,4,1,0,0.0,0.0,1.7,12.0,0.0,0.0,0.0
2016,3,4,1,15,0.0,0.0,1.7,12.0,0.0,0.0,0.0
2016,3,4,1,30,0.0,0.0,1.7,12.0,0.0,0.0,0.0
2016,3,4,1,45,0.0,0.0,1.7,12.0,0.0,0.0,0.0
2016,3,4,2,0,0.0,0.0,1.7,12.0,0.0,0.0,0.0
2016,3,4,2,15,0.0,0.0,1.7,12.0,0.0,0.0,0.0
2016,3,4,2,30,0.0,0.0,1.7,12.0,0.0,0.0,0.0
2016,3,4,2,45,0.0,0.0,1.7,12.0,0.0,0.0,0.0
2016,3,4,3,0,0.0,0.0,1.7,12.0,0.0,0.0,0.0
2016,3,4,3,15,0.0,0.0,1.55,12.0,0.0,0.0,0.0
2016,3,4,3,30,0.0,0.0,1.4,12.0,0.0,0.0,0.0
2016,3,4,3,45,0.0,0.0,1.3,12.0,0.0,0.0,0.0
2016,3,4,4,0,0.0,0.0,1.2,12.0,0.0,0.0,0.0
2016,3,4,4,15,0.0,0.0,1.15,12.0,0.0,0.0,0.0
2016,3,4,4,30,0.0,0.0,1.1,12.0,0.0,0.0,0.0
2016,3,4,4,45,0.0,0.0,1.05,12.0,0.0,0.0,0.0
2016,3,4,5,0,0.0,0.0,1.0,12.0,0.0,0.0,0.0
2016,3,4,5,15,0.0,0.0,1.1,12.0,0.0,0.0,0.0
2016,3,4,5,30,0.0,0.0,1.2,12.0,0.0,0.0,0.0
2016,3,4,5,45,0.0,0.0,1.3,12.0,0.0,0.0,0.0
2016,3,4,6,0,0.0,0.0,1.4,12.0,0.0,0.0,0.0
2016,3,4,6,15,0.0,0.0,1.5,12.0,0.0,0.0,0.0
2016,3,4,6,30,0.0,0.0,1.6,12.0,0.0,0.0,0.0
2016,3,4,6,45,0.0,9.5,1.75,12.5,9.5,9.34,0.0
2016,3,4,7,0,0.0,19.0,1.9,13.0,19.0,18.34,6.8
2016,3,4,7,15,5.5,38.5,2.05,13.0,39.5,36.19,25.63
2016,3,4,7,30,11.0,58.0,2.2,13.0,60.0,53.61,41.83
2016,3,4,7,45,20.5,78.5,2.35,13.5,84.0,68.98,55.87
2016,3,4,8,0,30.0,99.0,2.5,14.0,108.0,87.48,68.25
2016,3,4,8,15,37.5,119.0,2.65,14.0,132.0,108.13,84.78
2016,3,4,8,30,45.0,139.0,2.8,14.0,156.0,129.71,102.18
2016,3,4,8,45,22.5,127.5,2.95,14.5,136.0,121.0,95.53
2016,3,4,9,0,0.0,116.0,3.1,15.0,116.0,110.44,87.29
2016,3,4,9,15,0.0,127.0,3.3,15.0,127.0,121.02,95.82
2016,3,4,9,30,0.0,138.0,3.5,15.0,138.0,131.62,104.29
2016,3,4,9,45,15.0,183.5,3.7,15.5,192.0,179.39,142.63
2016,3,4,10,0,30.0,229.0,3.9,16.0,246.0,225.41,179.03
2016,3,4,10,15,15.0,189.0,3.9,16.0,197.5,187.16,148.06
2016,3,4,10,30,0.0,149.0,3.9,16.0,149.0,143.25,112.35
2016,3,4,10,45,0.0,150.5,3.95,16.0,150.5,144.89,113.56
2016,3,4,11,0,0.0,152.0,4.0,16.0,152.0,146.51,114.72
2016,3,4,11,15,0.0,85.5,4.0,15.5,85.5,82.77,62.85
2016,3,4,11,30,0.0,19.0,4.0,15.0,19.0,18.37,9.67
2016,3,4,11,45,2.5,107.0,4.05,15.0,108.5,105.22,81.46
2016,3,4,12,0,5.0,195.0,4.1,15.0,198.0,192.02,151.7
2016,3,4,12,15,5.5,200.5,4.2,15.0,204.5,198.07,156.43
2016,3,4,12,30,6.0,206.0,4.3,15.0,211.0,204.17,161.36
2016,3,4,12,45,20.5,250.5,4.4,15.0,265.5,258.71,205.36
2016,3,4,13,0,35.0,295.0,4.5,15.0,320.0,318.0,252.59
2016,3,4,13,15,35.5,288.5,4.45,15.0,313.5,313.58,249.15
2016,3,4,13,30,36.0,282.0,4.4,15.0,307.0,308.97,245.77
2016,3,4,13,45,37.0,276.0,4.35,15.0,301.0,305.1,243.02
2016,3,4,14,0,38.0,270.0,4.3,15.0,295.0,301.09,240.2
2016,3,4,14,15,27.5,245.0,4.1,15.0,263.0,268.47,214.28
2016,3,4,14,30,17.0,220.0,3.9,15.0,231.0,230.04,183.64
2016,3,4,14,45,38.5,226.0,3.75,15.0,247.5,258.67,207.68
2016,3,4,15,0,60.0,232.0,3.6,15.0,264.0,281.47,226.81
2016,3,4,15,15,30.0,125.5,3.55,14.5,141.5,146.74,117.72
2016,3,4,15,30,0.0,19.0,3.5,14.0,19.0,18.34,9.95
2016,3,4,15,45,0.0,26.5,3.5,14.0,26.5,25.58,16.19
2016,3,4,16,0,0.0,34.0,3.5,14.0,34.0,32.83,22.42
2016,3,4,16,15,0.0,29.5,3.6,14.0,29.5,28.47,18.76
2016,3,4,16,30,0.0,25.0,3.7,14.0,25.0,24.12,15.05
2016,3,4,16,45,0.0,20.0,3.8,14.0,20.0,19.29,10.89
2016,3,4,17,0,0.0,15.0,3.9,14.0,15.0,14.46,6.68
2016,3,4,17,15,0.0,10.5,4.05,14.0,10.5,10.12,2.87
2016,3,4,17,30,0.0,6.0,4.2,14.0,6.0,5.78,0.0
2016,3,4,17,45,0.0,3.0,4.35,14.0,3.0,2.89,0.0
2016,3,4,18,0,0.0,0.0,4.5,14.0,0.0,0.0,0.0
2016,3,4,18,15,0.0,0.0,4.6,14.0,0.0,0.0,0.0
2016,3,4,18,30,0.0,0.0,4.7,14.0,0.0,0.0,0.0
2016,3,4,18,45,0.0,0.0,4.85,14.0,0.0,0.0,0.0
2016,3,4,19,0,0.0,0.0,5.0,14.0,0.0,0.0,0.0
2016,3,4,19,15,0.0,0.0,4.95,14.0,0.0,0.0,0.0
2016,3,4,19,30,0.0,0.0,4.9,14.0,0.0,0.0,0.0
2016,3,4,19,45,0.0,0.0,4.9,14.0,0.0,0.0,0.0
2016,3,4,20,0,0.0,0.0,4.9,14.0,0.0,0.0,0.0
2016,3,4,20,15,0.0,0.0,4.9,14.0,0.0,0.0,0.0
2016,3,4,20,30,0.0,0.0,4.9,14.0,0.0,0.0,0.0
2016,3,4,20,45,0.0,0.0,4.9,14.0,0.0,0.0,0.0
2016,3,4,21,0,0.0,0.0,4.9,14.0,0.0,0.0,0.0
2016,3,4,21,15,0.0,0.0,4.8,13.5,0.0,0.0,0.0
2016,3,4,21,30,0.0,0.0,4.7,13.0,0.0,0.0,0.0
2016,3,4,21,45,0.0,0.0,4.65,13.0,0.0,0.0,0.0
2016,3,4,22,0,0.0,0.0,4.6,13.0,0.0,0.0,0.0
2016,3,4,22,15,0.0,0.0,4.5,13.0,0.0,0.0,0.0
2016,3,4,22,30,0.0,0.0,4.4,13.0,0.0,0.0,0.0
2016,3,4,22,45,0.0,0.0,4.3,13.0,0.0,0.0,0.0
2016,3,4,23,0,0.0,0.0,4.2,13.0,0.0,0.0,0.0
2016,3,4,23,15,0.0,0.0,4.25,13.0,0.0,0.0,0.0
2016,3,4,23,30,0.0,0.0,4.3,13.0,0.0,0.0,0.0
2016,3,4,23,45,0.0,0.0,4.4,13.0,0.0,0.0,0.0
2016,3,5,0,0,0.0,0.0,4.5,13.0,0.0,0.0,0.0
2016,3,5,0,15,0.0,0.0,4.5,13.0,0.0,0.0,0.0
2016,3,5,0,30,0.0,0.0,4.5,13.0,0.0,0.0,0.0
2016,3,5,0,45,0.0,0.0,4.5,13.0,0.0,0.0,0.0
2016,3,5,1,0,0.0,0.0,4.5,13.0,0.0,0.0,0.0
2016,3,5,1,15,0.0,0.0,4.5,13.0,0.0,0.0,0.0
2016,3,5,1,30,0.0,0.0,4.5,13.0,0.0,0.0,0.0
2016,3,5,1,45,0.0,0.0,4.5,13.0,0.0,0.0,0.0
2016,3,5,2,0,0.0,0.0,4.5,13.0,0.0,0.0,0.0
2016,3,5,2,15,0.0,0.0,4.35,13.0,0.0,0.0,0.0
2016,3,5,2,30,0.0,0.0,4.2,13.0,0.0,0.0,0.0
2016,3,5,2,45,0.0,0.0,4.1,13.0,0.0,0.0,0.0
2016,3,5,3,0,0.0,0.0,4.0,13.0,0.0,0.0,0.0
2016,3,5,3,15,0.0,0.0,3.95,13.0,0.0,0.0,0.0
2016,3,5,3,30,0.0,0.0,3.9,13.0,0.0,0.0,0.0
2016,3,5,3,45,0.0,0.0,3.9,13.0,0.0,0.0,0.0
2016,3,5,4,0,0.0,0.0,3.9,13.0,0.0,0.0,0.0
2016,3,5,4,15,0.0,0.0,3.95,13.0,0.0,0.0,0.0
2016,3,5,4,30,0.0,0.0,4.0,13.0,0.0,0.0,0.0
2016,3,5,4,45,0.0,0.0,4.1,13.0,0.0,0.0,0.0
2016,3,5,5,0,0.0,0.0,4.2,13.0,0.0,0.0,0.0
2016,3,5,5,15,0.0,0.0,4.3,13.0,0.0,0.0,0.0
2016,3,5,5,30,0.0,0.0,4.4,13.0,0.0,0.0,0.0
2016,3,5,5,45,0.0,0.0,4.5,13.0,0.0,0.0,0.0
2016,3,5,6,0,0.0,0.0,4.6,13.0,0.0,0.0,0.0
2016,3,5,6,15,0.0,0.0,4.95,13.0,0.0,0.0,0.0
2016,3,5,6,30,0.0,0.0,5.3,13.0,0.0,0.0,0.0
2016,3,5,6,45,0.0,7.5,5.65,13.5,7.5,7.37,0.0
2016,3,5,7,0,0.0,15.0,6.0,14.0,15.0,14.47,4.85
2016,3,5,7,15,0.0,31.0,6.25,14.0,31.0,29.94,20.22
2016,3,5,7,30,0.0,47.0,6.5,14.0,47.0,44.74,33.88
2016,3,5,7,45,0.0,64.5,6.75,14.5,64.5,60.6,48.28
2016,3,5,8,0,0.0,82.0,7.0,15.0,82.0,76.63,59.49
2016,3,5,8,15,0.0,100.5,7.0,15.0,100.5,93.81,74.03
2016,3,5,8,30,0.0,119.0,7.0,15.0,119.0,111.13,88.48
2016,3,5,8,45,0.0,92.5,7.0,15.0,92.5,88.65,69.4
2016,3,5,9,0,0.0,66.0,7.0,15.0,66.0,63.8,48.33
2016,3,5,9,15,0.0,64.0,7.0,15.0,64.0,61.87,46.57
2016,3,5,9,30,0.0,62.0,7.0,15.0,62.0,59.94,44.82
2016,3,5,9,45,0.0,92.5,7.05,15.5,92.5,89.45,69.17
2016,3,5,10,0,0.0,123.0,7.1,16.0,123.0,118.36,92.71
2016,3,5,10,15,4.0,164.5,7.3,16.0,167.5,159.39,126.12
2016,3,5,10,30,8.0,206.0,7.5,16.0,212.0,200.75,159.53
2016,3,5,10,45,4.0,163.0,7.75,16.5,166.0,158.91,125.08
2016,3,5,11,0,0.0,120.0,8.0,17.0,120.0,115.95,89.74
2016,3,5,11,15,4.0,168.5,8.1,17.0,172.0,164.88,129.47
2016,3,5,11,30,8.0,217.0,8.2,17.0,224.0,214.16,169.12
2016,3,5,11,45,4.0,165.0,8.3,17.0,168.5,162.14,127.04
2016,3,5,12,0,0.0,113.0,8.4,17.0,113.0,109.41,84.14
2016,3,5,12,15,76.0,235.0,8.5,16.5,290.0,282.62,226.32
2016,3,5,12,30,152.0,357.0,8.6,16.0,467.0,462.36,370.44
2016,3,5,12,45,80.0,285.0,8.7,16.0,343.0,339.34,271.79
2016,3,5,13,0,8.0,213.0,8.8,16.0,219.0,213.34,169.06
2016,3,5,13,15,7.5,209.0,9.25,16.0,214.5,209.44,166.16
2016,3,5,13,30,7.0,205.0,9.7,16.0,210.0,205.5,163.16
2016,3,5,13,45,3.5,139.0,10.15,16.0,141.5,137.8,108.17
2016,3,5,14,0,0.0,73.0,10.6,16.0,73.0,70.64,52.98
2016,3,5,14,15,0.0,64.5,11.15,15.5,64.5,62.39,46.35
2016,3,5,14,30,0.0,56.0,11.7,15.0,56.0,54.15,39.67
2016,3,5,14,45,0.0,40.5,12.3,15.0,40.5,39.14,27.2
2016,3,5,15,0,0.0,25.0,12.9,15.0,25.0,24.15,14.67
2016,3,5,15,15,0.0,32.0,13.1,15.0,32.0,30.91,20.43
2016,3,5,15,30,0.0,39.0,13.3,15.0,39.0,37.67,26.21
2016,3,5,15,45,0.0,22.5,13.5,15.0,22.5,21.72,12.77
2016,3,5,16,0,0.0,6.0,13.7,15.0,6.0,5.79,0.0
2016,3,5,16,15,0.0,5.0,13.65,15.0,5.0,4.82,0.0
2016,3,5,16,30,0.0,4.0,13.6,15.0,4.0,3.86,0.0
2016,3,5,16,45,0.0,3.5,13.6,15.0,3.5,3.37,0.0
2016,3,5,17,0,0.0,3.0,13.6,15.0,3.0,2.89,0.0
2016,3,5,17,15,0.0,2.0,13.35,14.5,2.0,1.93,0.0
2016,3,5,17,30,0.0,1.0,13.1,14.0,1.0,0.96,0.0
2016,3,5,17,45,0.0,0.5,12.85,14.0,0.5,0.48,0.0
2016,3,5,18,0,0.0,0.0,12.6,14.0,0.0,0.0,0.0
2016,3,5,18,15,0.0,0.0,12.2,14.0,0.0,0.0,0.0
2016,3,5,18,30,0.0,0.0,11.8,14.0,0.0,0.0,0.0
2016,3,5,18,45,0.0,0.0,11.45,14.0,0.0,0.0,0.0
2016,3,5,19,0,0.0,0.0,11.1,14.0,0.0,0.0,0.0
2016,3,5,19,15,0.0,0.0,10.45,14.0,0.0,0.0,0.0
2016,3,5,19,30,0.0,0.0,9.8,14.0,0.0,0.0,0.0
2016,3,5,19,45,0.0,0.0,9.25,14.0,0.0,0.0,0.0
2016,3,5,20,0,0.0,0.0,8.7,14.0,0.0,0.0,0.0
2016,3,5,20,15,0.0,0.0,8.5,13.5,0.0,0.0,0.0
2016,3,5,20,30,0.0,0.0,8.3,13.0,0.0,0.0,0.0
2016,3,5,20,45,0.0,0.0,8.2,13.0,0.0,0.0,0.0
2016,3,5,21,0,0.0,0.0,8.1,13.0,0.0,0.0,0.0
2016,3,5,21,15,0.0,0.0,7.95,13.0,0.0,0.0,0.0
2016,3,5,21,30,0.0,0.0,7.8,13.0,0.0,0.0,0.0
2016,3,5,21,45,0.0,0.0,7.7,13.0,0.0,0.0,0.0
2016,3,5,22,0,0.0,0.0,7.6,13.0,0.0,0.0,0.0
2016,3,5,22,15,0.0,0.0,7.35,12.5,0.0,0.0,0.0
2016,3,5,22,30,0.0,0.0,7.1,12.0,0.0,0.0,0.0
2016,3,5,22,45,0.0,0.0,6.9,12.0,0.0,0.0,0.0
2016,3,5,23,0,0.0,0.0,6.7,12.0,0.0,0.0,0.0
2016,3,5,23,15,0.0,0.0,6.6,12.0,0.0,0.0,0.0
2016,3,5,23,30,0.0,0.0,6.5,12.0,0.0,0.0,0.0
2016,3,5,23,45,0.0,0.0,6.45,12.0,0.0,0.0,0.0
2016,3,6,0,0,0.0,0.0,6.4,12.0,0.0,0.0,0.0
2016,3,6,0,15,0.0,0.0,6.35,11.5,0.0,0.0,0.0
2016,3,6,0,30,0.0,0.0,6.3,11.0,0.0,0.0,0.0
2016,3,6,0,45,0.0,0.0,6.3,11.0,0.0,0.0,0.0
2016,3,6,1,0,0.0,0.0,6.3,11.0,0.0,0.0,0.0
2016,3,6,1,15,0.0,0.0,6.15,11.0,0.0,0.0,0.0
2016,3,6,1,30,0.0,0.0,6.0,11.0,0.0,0.0,0.0
2016,3,6,1,45,0.0,0.0,5.85,11.0,0.0,0.0,0.0
2016,3,6,2,0,0.0,0.0,5.7,11.0,0.0,0.0,0.0
2016,3,6,2,15,0.0,0.0,5.5,11.0,0.0,0.0,0.0
2016,3,6,2,30,0.0,0.0,5.3,11.0,0.0,0.0,0.0
2016,3,6,2,45,0.0,0.0,5.1,11.0,0.0,0.0,0.0
2016,3,6,3,0,0.0,0.0,4.9,11.0,0.0,0.0,0.0
2016,3,6,3,15,0.0,0.0,4.9,11.0,0.0,0.0,0.0
2016,3,6,3,30,0.0,0.0,4.9,11.0,0.0,0.0,0.0
2016,3,6,3,45,0.0,0.0,4.95,11.0,0.0,0.0,0.0
2016,3,6,4,0,0.0,0.0,5.0,11.0,0.0,0.0,0.0
2016,3,6,4,15,0.0,0.0,5.05,11.0,0.0,0.0,0.0
2016,3,6,4,30,0.0,0.0,5.1,11.0,0.0,0.0,0.0
2016,3,6,4,45,0.0,0.0,5.15,11.0,0.0,0.0,0.0
2016,3,6,5,0,0.0,0.0,5.2,11.0,0.0,0.0,0.0
2016,3,6,5,15,0.0,0.0,5.1,11.0,0.0,0.0,0.0
2016,3,6,5,30,0.0,0.0,5.0,11.0,0.0,0.0,0.0
2016,3,6,5,45,0.0,0.0,4.95,11.0,0.0,0.0,0.0
2016,3,6,6,0,0.0,0.0,4.9,11.0,0.0,0.0,0.0
2016,3,6,6,15,0.0,0.0,4.85,11.0,0.0,0.0,0.0
2016,3,6,6,30,0.0,0.0,4.8,11.0,0.0,0.0,0.0
2016,3,6,6,45,63.5,16.5,4.8,11.5,21.5,16.22,0.0
2016,3,6,7,0,127.0,33.0,4.8,12.0,43.0,27.26,15.29
2016,3,6,7,15,242.0,49.0,4.95,12.0,85.5,37.57,27.16
2016,3,6,7,30,357.0,65.0,5.1,12.0,128.0,48.73,37.78
2016,3,6,7,45,433.5,76.0,5.25,12.5,177.5,55.39,44.07
2016,3,6,8,0,510.0,87.0,5.4,13.0,227.0,84.75,54.36
2016,3,6,8,15,562.5,94.5,5.45,13.0,276.5,123.74,76.94
2016,3,6,8,30,615.0,102.0,5.5,13.0,326.0,168.09,109.85
2016,3,6,8,45,650.0,108.5,5.6,13.0,374.0,213.23,147.82
2016,3,6,9,0,685.0,115.0,5.7,13.0,422.0,261.36,190.2
2016,3,6,9,15,711.5,119.5,5.65,13.0,466.0,307.93,232.25
2016,3,6,9,30,738.0,124.0,5.6,13.0,510.0,356.1,275.55
2016,3,6,9,45,758.0,127.0,5.6,13.0,548.5,401.75,316.5
2016,3,6,10,0,778.0,130.0,5.6,13.0,587.0,447.84,357.13
2016,3,6,10,15,653.5,173.5,5.5,13.0,572.0,463.93,372.96
2016,3,6,10,30,529.0,217.0,5.4,13.0,557.0,468.43,377.94
2016,3,6,10,45,423.5,262.5,5.35,13.5,541.0,474.99,382.58
2016,3,6,11,0,318.0,308.0,5.3,14.0,525.0,474.08,380.32
2016,3,6,11,15,384.5,295.5,5.35,14.0,565.0,516.09,414.67
2016,3,6,11,30,451.0,283.0,5.4,14.0,605.0,561.22,451.23
2016,3,6,11,45,502.5,267.0,5.45,14.0,630.0,595.19,478.96
2016,3,6,12,0,554.0,251.0,5.5,14.0,655.0,629.78,507.14
2016,3,6,12,15,320.5,298.5,5.65,14.0,532.5,522.31,420.3
2016,3,6,12,30,87.0,346.0,5.8,14.0,410.0,402.48,321.44
2016,3,6,12,45,78.5,339.0,5.95,14.0,396.5,392.38,313.89
2016,3,6,13,0,70.0,332.0,6.1,14.0,383.0,381.71,305.62
2016,3,6,13,15,69.0,325.5,6.25,14.0,375.0,376.73,302.08
2016,3,6,13,30,68.0,319.0,6.4,14.0,367.0,371.46,298.32
2016,3,6,13,45,176.0,310.0,6.55,14.0,427.5,451.28,365.24
2016,3,6,14,0,284.0,301.0,6.7,14.0,488.0,530.88,431.11
2016,3,6,14,15,237.5,292.5,6.8,13.5,444.5,481.55,392.56
2016,3,6,14,30,191.0,284.0,6.9,13.0,401.0,438.31,358.54
2016,3,6,14,45,103.0,241.5,7.05,13.0,304.0,321.95,263.63
2016,3,6,15,0,15.0,199.0,7.2,13.0,207.0,208.35,168.89
2016,3,6,15,15,7.5,172.0,7.3,13.0,176.0,175.8,142.28
2016,3,6,15,30,0.0,145.0,7.4,13.0,145.0,143.45,115.52
2016,3,6,15,45,0.0,121.5,7.5,13.0,121.5,119.76,95.99
2016,3,6,16,0,0.0,98.0,7.6,13.0,98.0,96.02,76.21
2016,3,6,16,15,0.0,84.5,7.65,12.5,84.5,82.6,65.14
2016,3,6,16,30,0.0,71.0,7.7,12.0,71.0,69.15,53.85
2016,3,6,16,45,0.0,57.0,7.8,12.0,57.0,55.14,41.79
2016,3,6,17,0,0.0,43.0,7.9,12.0,43.0,41.53,29.95
2016,3,6,17,15,0.0,31.0,7.95,12.0,31.0,29.93,19.73
2016,3,6,17,30,0.0,19.0,8.0,12.0,19.0,18.33,9.47
2016,3,6,17,45,0.0,9.5,8.1,12.0,9.5,9.16,0.05
2016,3,6,18,0,0.0,0.0,8.2,12.0,0.0,0.0,0.0
2016,3,6,18,15,0.0,0.0,8.25,12.0,0.0,0.0,0.0
2016,3,6,18,30,0.0,0.0,8.3,12.0,0.0,0.0,0.0
2016,3,6,18,45,0.0,0.0,8.4,12.0,0.0,0.0,0.0
2016,3,6,19,0,0.0,0.0,8.5,12.0,0.0,0.0,0.0
2016,3,6,19,15,0.0,0.0,8.45,12.0,0.0,0.0,0.0
2016,3,6,19,30,0.0,0.0,8.4,12.0,0.0,0.0,0.0
2016,3,6,19,45,0.0,0.0,8.4,12.0,0.0,0.0,0.0
2016,3,6,20,0,0.0,0.0,8.4,12.0,0.0,0.0,0.0
2016,3,6,20,15,0.0,0.0,8.35,12.0,0.0,0.0,0.0
2016,3,6,20,30,0.0,0.0,8.3,12.0,0.0,0.0,0.0
2016,3,6,20,45,0.0,0.0,8.3,12.0,0.0,0.0,0.0
2016,3,6,21,0,0.0,0.0,8.3,12.0,0.0,0.0,0.0
2016,3,6,21,15,0.0,0.0,8.15,12.0,0.0,0.0,0.0
2016,3,6,21,30,0.0,0.0,8.0,12.0,0.0,0.0,0.0
2016,3,6,21,45,0.0,0.0,7.85,12.0,0.0,0.0,0.0
2016,3,6,22,0,0.0,0.0,7.7,12.0,0.0,0.0,0.0
2016,3,6,22,15,0.0,0.0,7.55,12.0,0.0,0.0,0.0
2016,3,6,22,30,0.0,0.0,7.4,12.0,0.0,0.0,0.0
2016,3,6,22,45,0.0,0.0,7.25,12.0,0.0,0.0,0.0
2016,3,6,23,0,0.0,0.0,7.1,12.0,0.0,0.0,0.0
2016,3,6,23,15,0.0,0.0,6.9,11.5,0.0,0.0,0.0
2016,3,6,23,30,0.0,0.0,6.7,11.0,0.0,0.0,0.0
2016,3,6,23,45,0.0,0.0,6.55,11.0,0.0,0.0,0.0
2016,3,7,0,0,0.0,0.0,6.4,11.0,0.0,0.0,0.0
2016,3,7,0,15,0.0,0.0,6.55,11.0,0.0,0.0,0.0
2016,3,7,0,30,0.0,0.0,6.7,11.0,0.0,0.0,0.0
2016,3,7,0,45,0.0,0.0,6.9,11.0,0.0,0.0,0.0
2016,3,7,1,0,0.0,0.0,7.1,11.0,0.0,0.0,0.0
2016,3,7,1,15,0.0,0.0,7.5,10.5,0.0,0.0,0.0
2016,3,7,1,30,0.0,0.0,7.9,10.0,0.0,0.0,0.0
2016,3,7,1,45,0.0,0.0,8.3,9.5,0.0,0.0,0.0
2016,3,7,2,0,0.0,0.0,8.7,9.0,0.0,0.0,0.0
2016,3,7,2,15,0.0,0.0,8.5,9.0,0.0,0.0,0.0
2016,3,7,2,30,0.0,0.0,8.3,9.0,0.0,0.0,0.0
2016,3,7,2,45,0.0,0.0,8.1,9.0,0.0,0.0,0.0
2016,3,7,3,0,0.0,0.0,7.9,9.0,0.0,0.0,0.0
2016,3,7,3,15,0.0,0.0,7.45,9.0,0.0,0.0,0.0
2016,3,7,3,30,0.0,0.0,7.0,9.0,0.0,0.0,0.0
2016,3,7,3,45,0.0,0.0,6.55,9.0,0.0,0.0,0.0
2016,3,7,4,0,0.0,0.0,6.1,9.0,0.0,0.0,0.0
2016,3,7,4,15,0.0,0.0,5.7,9.0,0.0,0.0,0.0
2016,3,7,4,30,0.0,0.0,5.3,9.0,0.0,0.0,0.0
2016,3,7,4,45,0.0,0.0,4.95,9.0,0.0,0.0,0.0
2016,3,7,5,0,0.0,0.0,4.6,9.0,0.0,0.0,0.0
2016,3,7,5,15,0.0,0.0,4.5,9.0,0.0,0.0,0.0
2016,3,7,5,30,0.0,0.0,4.4,9.0,0.0,0.0,0.0
2016,3,7,5,45,0.0,0.0,4.35,9.0,0.0,0.0,0.0
2016,3,7,6,0,0.0,0.0,4.3,9.0,0.0,0.0,0.0
2016,3,7,6,15,0.0,0.0,4.45,9.0,0.0,0.0,0.0
2016,3,7,6,30,0.0,0.0,4.6,9.0,0.0,0.0,0.0
2016,3,7,6,45,0.0,7.0,4.8,9.0,7.0,6.88,0.0
2016,3,7,7,0,0.0,14.0,5.0,9.0,14.0,13.5,5.21
2016,3,7,7,15,0.0,26.5,5.2,9.0,26.5,25.58,17.02
2016,3,7,7,30,0.0,39.0,5.4,9.0,39.0,37.67,28.36
2016,3,7,7,45,0.0,53.0,5.65,9.5,53.0,51.04,40.7
2016,3,7,8,0,0.0,67.0,5.9,10.0,67.0,64.1,49.91
2016,3,7,8,15,0.0,81.0,5.95,10.0,81.0,77.24,61.22
2016,3,7,8,30,0.0,95.0,6.0,10.0,95.0,90.44,72.43
2016,3,7,8,45,397.0,88.5,6.05,10.0,268.5,150.78,107.5
2016,3,7,9,0,794.0,82.0,6.1,10.0,442.0,265.43,192.82
2016,3,7,9,15,816.0,85.0,6.1,10.0,486.0,314.38,238.34
2016,3,7,9,30,838.0,88.0,6.1,10.0,530.0,364.29,284.55
2016,3,7,9,45,419.0,50.0,6.1,10.5,271.0,206.69,164.72
2016,3,7,10,0,0.0,12.0,6.1,11.0,12.0,11.59,4.21
2016,3,7,10,15,47.0,156.0,6.2,11.0,186.5,170.49,137.88
2016,3,7,10,30,94.0,300.0,6.3,11.0,361.0,328.62,267.12
2016,3,7,10,45,166.0,313.5,6.4,11.0,426.0,384.61,312.81
2016,3,7,11,0,238.0,327.0,6.5,11.0,491.0,447.35,364.03
2016,3,7,11,15,184.0,338.0,6.65,11.0,466.5,434.56,353.21
2016,3,7,11,30,130.0,349.0,6.8,11.0,442.0,418.14,339.28
2016,3,7,11,45,193.0,350.5,6.95,11.5,491.0,467.92,379.84
2016,3,7,12,0,256.0,352.0,7.1,12.0,540.0,521.71,423.17
2016,3,7,12,15,374.5,314.5,7.25,12.0,590.5,577.99,470.84
2016,3,7,12,30,493.0,277.0,7.4,12.0,641.0,639.43,522.38
2016,3,7,12,45,461.0,288.5,7.6,12.0,626.0,636.6,520.0
2016,3,7,13,0,429.0,300.0,7.8,12.0,611.0,631.58,516.0
2016,3,7,13,15,523.5,257.5,7.85,12.0,629.5,666.47,546.7
2016,3,7,13,30,618.0,215.0,7.9,12.0,648.0,701.18,577.08
2016,3,7,13,45,459.0,257.5,7.95,12.0,574.0,624.08,513.25
2016,3,7,14,0,300.0,300.0,8.0,12.0,500.0,543.19,445.78
2016,3,7,14,15,200.0,291.5,8.0,12.0,422.5,453.39,372.44
2016,3,7,14,30,100.0,283.0,8.0,12.0,345.0,364.19,298.42
2016,3,7,14,45,123.0,268.0,8.05,12.0,339.5,372.38,306.49
2016,3,7,15,0,146.0,253.0,8.1,12.0,334.0,372.68,308.05
2016,3,7,15,15,251.5,220.5,8.0,12.0,347.0,415.83,346.57
2016,3,7,15,30,357.0,188.0,7.9,12.0,360.0,445.77,373.88
2016,3,7,15,45,521.5,141.5,7.85,12.0,366.0,498.49,420.25
2016,3,7,16,0,686.0,95.0,7.8,12.0,372.0,535.45,452.64
2016,3,7,16,15,643.5,89.0,7.7,11.5,322.5,483.07,409.08
2016,3,7,16,30,601.0,83.0,7.6,11.0,273.0,431.7,365.42
2016,3,7,16,45,542.0,74.5,7.5,11.0,223.0,370.73,311.91
2016,3,7,17,0,483.0,66.0,7.4,11.0,173.0,312.85,259.82
2016,3,7,17,15,386.5,55.0,7.35,10.5,126.0,240.21,195.06
2016,3,7,17,30,290.0,44.0,7.3,10.0,79.0,175.6,136.27
2016,3,7,17,45,158.5,27.0,7.3,10.0,45.0,98.15,57.4
2016,3,7,18,0,27.0,10.0,7.3,10.0,11.0,17.51,0.0
2016,3,7,18,15,13.5,5.0,7.3,10.0,5.5,0.0,0.0
2016,3,7,18,30,0.0,0.0,7.3,10.0,0.0,0.0,0.0
2016,3,7,18,45,0.0,0.0,7.35,10.0,0.0,0.0,0.0
2016,3,7,19,0,0.0,0.0,7.4,10.0,0.0,0.0,0.0
2016,3,7,19,15,0.0,0.0,7.5,10.0,0.0,0.0,0.0
2016,3,7,19,30,0.0,0.0,7.6,10.0,0.0,0.0,0.0
2016,3,7,19,45,0.0,0.0,7.75,10.0,0.0,0.0,0.0
2016,3,7,20,0,0.0,0.0,7.9,10.0,0.0,0.0,0.0
2016,3,7,20,15,0.0,0.0,7.85,9.5,0.0,0.0,0.0
2016,3,7,20,30,0.0,0.0,7.8,9.0,0.0,0.0,0.0
2016,3,7,20,45,0.0,0.0,7.75,9.0,0.0,0.0,0.0
2016,3,7,21,0,0.0,0.0,7.7,9.0,0.0,0.0,0.0
2016,3,7,21,15,0.0,0.0,7.6,9.0,0.0,0.0,0.0
2016,3,7,21,30,0.0,0.0,7.5,9.0,0.0,0.0,0.0
2016,3,7,21,45,0.0,0.0,7.4,9.0,0.0,0.0,0.0
2016,3,7,22,0,0.0,0.0,7.3,9.0,0.0,0.0,0.0
2016,3,7,22,15,0.0,0.0,7.2,9.0,0.0,0.0,0.0
2016,3,7,22,30,0.0,0.0,7.1,9.0,0.0,0.0,0.0
2016,3,7,22,45,0.0,0.0,7.0,9.0,0.0,0.0,0.0
2016,3,7,23,0,0.0,0.0,6.9,9.0,0.0,0.0,0.0
2016,3,7,23,15,0.0,0.0,6.85,8.5,0.0,0.0,0.0
2016,3,7,23,30,0.0,0.0,6.8,8.0,0.0,0.0,0.0
2016,3,7,23,45,0.0,0.0,6.8,8.0,0.0,0.0,0.0
2016,3,8,0,0,0.0,0.0,6.8,8.0,0.0,0.0,0.0
2016,3,8,0,15,0.0,0.0,6.65,8.0,0.0,0.0,0.0
2016,3,8,0,30,0.0,0.0,6.5,8.0,0.0,0.0,0.0
2016,3,8,0,45,0.0,0.0,6.4,8.0,0.0,0.0,0.0
2016,3,8,1,0,0.0,0.0,6.3,8.0,0.0,0.0,0.0
2016,3,8,1,15,0.0,0.0,6.2,8.0,0.0,0.0,0.0
2016,3,8,1,30,0.0,0.0,6.1,8.0,0.0,0.0,0.0
2016,3,8,1,45,0.0,0.0,6.0,8.0,0.0,0.0,0.0
2016,3,8,2,0,0.0,0.0,5.9,8.0,0.0,0.0,0.0
2016,3,8,2,15,0.0,0.0,5.8,8.0,0.0,0.0,0.0
2016,3,8,2,30,0.0,0.0,5.7,8.0,0.0,0.0,0.0
2016,3,8,2,45,0.0,0.0,5.6,8.0,0.0,0.0,0.0
2016,3,8,3,0,0.0,0.0,5.5,8.0,0.0,0.0,0.0
2016,3,8,3,15,0.0,0.0,5.25,7.5,0.0,0.0,0.0
2016,3,8,3,30,0.0,0.0,5.0,7.0,0.0,0.0,0.0
2016,3,8,3,45,0.0,0.0,4.8,7.0,0.0,0.0,0.0
2016,3,8,4,0,0.0,0.0,4.6,7.0,0.0,0.0,0.0
2016,3,8,4,15,0.0,0.0,4.45,7.0,0.0,0.0,0.0
2016,3,8,4,30,0.0,0.0,4.3,7.0,0.0,0.0,0.0
2016,3,8,4,45,0.0,0.0,4.15,7.0,0.0,0.0,0.0
2016,3,8,5,0,0.0,0.0,4.0,7.0,0.0,0.0,0.0
2016,3,8,5,15,0.0,0.0,4.0,7.0,0.0,0.0,0.0
2016,3,8,5,30,0.0,0.0,4.0,7.0,0.0,0.0,0.0
2016,3,8,5,45,0.0,0.0,4.0,7.0,0.0,0.0,0.0
2016,3,8,6,0,0.0,0.0,4.0,7.0,0.0,0.0,0.0
2016,3,8,6,15,0.0,0.0,4.0,7.5,0.0,0.0,0.0
2016,3,8,6,30,0.0,0.0,4.0,8.0,0.0,0.0,0.0
2016,3,8,6,45,146.5,15.5,4.0,9.0,28.0,12.05,0.0
2016,3,8,7,0,293.0,31.0,4.0,10.0,56.0,24.41,14.41
2016,3,8,7,15,403.5,41.5,3.95,10.0,102.5,31.16,21.96
2016,3,8,7,30,514.0,52.0,3.9,10.0,149.0,37.55,28.19
2016,3,8,7,45,569.5,61.0,3.9,10.5,198.5,42.24,32.63
2016,3,8,8,0,625.0,70.0,3.9,11.0,248.0,79.98,45.05
2016,3,8,8,15,668.5,76.0,3.8,11.0,298.5,123.59,72.0
2016,3,8,8,30,712.0,82.0,3.7,11.0,349.0,171.38,109.06
2016,3,8,8,45,728.5,90.5,3.65,11.5,394.5,219.8,151.17
2016,3,8,9,0,745.0,99.0,3.6,12.0,440.0,269.24,195.45
2016,3,8,9,15,764.5,95.5,3.5,12.0,475.0,312.61,235.29
2016,3,8,9,30,784.0,92.0,3.4,12.0,510.0,353.41,272.82
2016,3,8,9,45,769.5,106.5,3.3,12.0,541.5,397.94,312.88
2016,3,8,10,0,755.0,121.0,3.2,12.0,573.0,437.48,347.75
2016,3,8,10,15,659.5,164.5,3.15,12.0,574.5,465.04,371.92
2016,3,8,10,30,564.0,208.0,3.1,12.0,576.0,483.72,387.66
2016,3,8,10,45,411.5,266.5,3.05,12.0,540.5,476.37,381.52
2016,3,8,11,0,259.0,325.0,3.0,12.0,505.0,458.35,365.93
2016,3,8,11,15,224.5,338.5,2.9,12.0,497.5,461.16,367.66
2016,3,8,11,30,190.0,352.0,2.8,12.0,490.0,460.63,366.49
2016,3,8,11,45,95.0,232.0,2.75,12.0,301.0,289.69,232.46
2016,3,8,12,0,0.0,112.0,2.7,12.0,112.0,108.45,84.47
2016,3,8,12,15,105.0,237.0,2.7,12.0,314.5,308.76,249.22
2016,3,8,12,30,210.0,362.0,2.7,12.0,517.0,512.16,407.5
2016,3,8,12,45,266.5,348.0,2.75,12.0,543.0,549.43,436.37
2016,3,8,13,0,323.0,334.0,2.8,12.0,569.0,583.91,464.06
2016,3,8,13,15,163.5,264.0,2.9,12.0,383.0,391.55,314.74
2016,3,8,13,30,4.0,194.0,3.0,12.0,197.0,192.37,153.02
2016,3,8,13,45,3.5,189.5,3.2,12.0,192.0,187.83,149.99
2016,3,8,14,0,3.0,185.0,3.4,12.0,187.0,183.28,146.54
2016,3,8,14,15,35.0,229.5,3.3,11.5,251.5,258.15,208.82
2016,3,8,14,30,67.0,274.0,3.2,11.0,316.0,330.34,268.03
2016,3,8,14,45,33.5,196.5,3.15,11.0,217.5,223.92,181.79
2016,3,8,15,0,0.0,119.0,3.1,11.0,119.0,115.96,92.31
2016,3,8,15,15,6.0,146.5,2.8,11.0,149.5,148.34,119.87
2016,3,8,15,30,12.0,174.0,2.5,11.0,180.0,181.76,147.95
2016,3,8,15,45,6.0,132.5,2.25,11.0,135.5,134.96,109.14
2016,3,8,16,0,0.0,91.0,2.0,11.0,91.0,88.73,70.38
2016,3,8,16,15,0.0,79.0,1.65,10.5,79.0,76.83,60.6
2016,3,8,16,30,0.0,67.0,1.3,10.0,67.0,64.91,50.6
2016,3,8,16,45,0.0,55.0,1.0,10.0,55.0,53.15,40.47
2016,3,8,17,0,0.0,43.0,0.7,10.0,43.0,41.53,30.33
2016,3,8,17,15,0.0,31.5,1.05,9.5,31.5,30.41,20.51
2016,3,8,17,30,0.0,20.0,1.4,9.0,20.0,19.29,10.6
2016,3,8,17,45,0.0,11.5,1.75,9.0,11.5,11.09,2.17
2016,3,8,18,0,0.0,3.0,2.1,9.0,3.0,2.95,0.0
2016,3,8,18,15,0.0,1.5,2.2,9.0,1.5,0.0,0.0
2016,3,8,18,30,0.0,0.0,2.3,9.0,0.0,0.0,0.0
2016,3,8,18,45,0.0,0.0,2.45,9.0,0.0,0.0,0.0
2016,3,8,19,0,0.0,0.0,2.6,9.0,0.0,0.0,0.0
2016,3,8,19,15,0.0,0.0,2.65,9.0,0.0,0.0,0.0
2016,3,8,19,30,0.0,0.0,2.7,9.0,0.0,0.0,0.0
2016,3,8,19,45,0.0,0.0,2.75,9.0,0.0,0.0,0.0
2016,3,8,20,0,0.0,0.0,2.8,9.0,0.0,0.0,0.0
2016,3,8,20,15,0.0,0.0,2.85,9.0,0.0,0.0,0.0
2016,3,8,20,30,0.0,0.0,2.9,9.0,0.0,0.0,0.0
2016,3,8,20,45,0.0,0.0,3.0,9.0,0.0,0.0,0.0
2016,3,8,21,0,0.0,0.0,3.1,9.0,0.0,0.0,0.0
2016,3,8,21,15,0.0,0.0,3.15,9.0,0.0,0.0,0.0
2016,3,8,21,30,0.0,0.0,3.2,9.0,0.0,0.0,0.0
2016,3,8,21,45,0.0,0.0,3.3,9.5,0.0,0.0,0.0
2016,3,8,22,0,0.0,0.0,3.4,10.0,0.0,0.0,0.0
2016,3,8,22,15,0.0,0.0,3.5,10.0,0.0,0.0,0.0
2016,3,8,22,30,0.0,0.0,3.6,10.0,0.0,0.0,0.0
2016,3,8,22,45,0.0,0.0,3.7,10.0,0.0,0.0,0.0
2016,3,8,23,0,0.0,0.0,3.8,10.0,0.0,0.0,0.0
2016,3,8,23,15,0.0,0.0,3.85,10.0,0.0,0.0,0.0
2016,3,8,23,30,0.0,0.0,3.9,10.0,0.0,0.0,0.0
2016,3,8,23,45,0.0,0.0,4.0,10.0,0.0,0.0,0.0
2016,3,9,0,0,0.0,0.0,4.1,10.0,0.0,0.0,0.0
2016,3,9,0,15,0.0,0.0,4.1,10.0,0.0,0.0,0.0
2016,3,9,0,30,0.0,0.0,4.1,10.0,0.0,0.0,0.0
2016,3,9,0,45,0.0,0.0,4.15,10.0,0.0,0.0,0.0
2016,3,9,1,0,0.0,0.0,4.2,10.0,0.0,0.0,0.0
2016,3,9,1,15,0.0,0.0,4.15,10.0,0.0,0.0,0.0
2016,3,9,1,30,0.0,0.0,4.1,10.0,0.0,0.0,0.0
2016,3,9,1,45,0.0,0.0,4.1,10.0,0.0,0.0,0.0
2016,3,9,2,0,0.0,0.0,4.1,10.0,0.0,0.0,0.0
2016,3,9,2,15,0.0,0.0,4.1,10.0,0.0,0.0,0.0
2016,3,9,2,30,0.0,0.0,4.1,10.0,0.0,0.0,0.0
2016,3,9,2,45,0.0,0.0,4.1,10.0,0.0,0.0,0.0
2016,3,9,3,0,0.0,0.0,4.1,10.0,0.0,0.0,0.0
2016,3,9,3,15,0.0,0.0,4.1,10.0,0.0,0.0,0.0
2016,3,9,3,30,0.0,0.0,4.1,10.0,0.0,0.0,0.0
2016,3,9,3,45,0.0,0.0,4.15,10.0,0.0,0.0,0.0
2016,3,9,4,0,0.0,0.0,4.2,10.0,0.0,0.0,0.0
2016,3,9,4,15,0.0,0.0,4.2,10.0,0.0,0.0,0.0
2016,3,9,4,30,0.0,0.0,4.2,10.0,0.0,0.0,0.0
2016,3,9,4,45,0.0,0.0,4.25,10.5,0.0,0.0,0.0
2016,3,9,5,0,0.0,0.0,4.3,11.0,0.0,0.0,0.0
2016,3,9,5,15,0.0,0.0,4.25,11.0,0.0,0.0,0.0
2016,3,9,5,30,0.0,0.0,4.2,11.0,0.0,0.0,0.0
2016,3,9,5,45,0.0,0.0,4.2,11.0,0.0,0.0,0.0
2016,3,9,6,0,0.0,0.0,4.2,11.0,0.0,0.0,0.0
2016,3,9,6,15,0.0,0.0,4.25,11.0,0.0,0.0,0.0
2016,3,9,6,30,0.0,0.0,4.3,11.0,0.0,0.0,0.0
2016,3,9,6,45,0.0,3.0,4.35,11.0,3.0,2.89,0.0
2016,3,9,7,0,0.0,6.0,4.4,11.0,6.0,5.78,0.0
2016,3,9,7,15,0.0,10.5,4.4,11.0,10.5,10.12,3.31
2016,3,9,7,30,0.0,15.0,4.4,11.0,15.0,14.46,7.37
2016,3,9,7,45,0.0,20.5,4.4,11.5,20.5,19.77,12.25
2016,3,9,8,0,0.0,26.0,4.4,12.0,26.0,25.09,16.03
2016,3,9,8,15,0.0,31.0,4.3,12.0,31.0,29.92,20.18
2016,3,9,8,30,0.0,36.0,4.2,12.0,36.0,34.76,24.29
2016,3,9,8,45,0.0,75.5,4.1,12.5,75.5,73.0,56.73
2016,3,9,9,0,0.0,115.0,4.0,13.0,115.0,109.84,87.39
2016,3,9,9,15,17.0,164.5,3.9,13.0,174.0,160.48,128.73
2016,3,9,9,30,34.0,214.0,3.8,13.0,233.0,208.81,167.73
2016,3,9,9,45,21.5,207.0,3.75,13.5,219.5,204.12,163.44
2016,3,9,10,0,9.0,200.0,3.7,14.0,206.0,194.06,154.77
2016,3,9,10,15,26.5,239.0,3.7,14.0,256.5,239.54,191.2
2016,3,9,10,30,44.0,278.0,3.7,14.0,307.0,283.96,226.39
2016,3,9,10,45,23.0,226.0,3.7,14.5,241.5,229.1,181.91
2016,3,9,11,0,2.0,174.0,3.7,15.0,176.0,168.72,132.79
2016,3,9,11,15,2.5,176.5,3.7,15.0,178.5,171.73,135.19
2016,3,9,11,30,3.0,179.0,3.7,15.0,181.0,174.76,137.52
2016,3,9,11,45,1.5,146.5,3.75,15.0,147.5,142.73,111.59
2016,3,9,12,0,0.0,114.0,3.8,15.0,114.0,110.39,85.31
2016,3,9,12,15,15.0,207.0,3.8,15.0,218.0,211.41,167.24
2016,3,9,12,30,30.0,300.0,3.8,15.0,322.0,316.36,250.19
2016,3,9,12,45,86.0,329.5,3.85,15.5,392.5,389.69,308.05
2016,3,9,13,0,142.0,359.0,3.9,16.0,463.0,468.76,369.29
2016,3,9,13,15,113.5,345.5,3.9,16.0,427.5,432.16,340.7
2016,3,9,13,30,85.0,332.0,3.9,16.0,392.0,398.77,314.77
2016,3,9,13,45,77.5,318.0,3.9,16.0,371.5,380.48,300.99
2016,3,9,14,0,70.0,304.0,3.9,16.0,351.0,361.8,286.81
2016,3,9,14,15,99.5,297.5,3.9,16.0,361.0,378.85,301.53
2016,3,9,14,30,129.0,291.0,3.9,16.0,371.0,401.83,320.66
2016,3,9,14,45,166.5,272.5,3.9,16.0,370.0,410.01,328.69
2016,3,9,15,0,204.0,254.0,3.9,16.0,369.0,416.23,335.21
2016,3,9,15,15,143.0,232.5,3.85,15.5,310.5,348.49,281.77
2016,3,9,15,30,82.0,211.0,3.8,15.0,252.0,275.69,223.48
2016,3,9,15,45,77.0,190.0,3.8,15.0,225.5,249.26,202.73
2016,3,9,16,0,72.0,169.0,3.8,15.0,199.0,222.75,181.51
2016,3,9,16,15,64.0,149.0,3.65,14.5,173.0,195.65,159.69
2016,3,9,16,30,56.0,129.0,3.5,14.0,147.0,168.83,137.7
2016,3,9,16,45,48.5,107.5,3.35,14.0,121.0,140.73,113.97
2016,3,9,17,0,41.0,86.0,3.2,14.0,95.0,112.83,90.0
2016,3,9,17,15,27.0,65.0,3.15,13.5,70.0,82.95,64.18
2016,3,9,17,30,13.0,44.0,3.1,13.0,45.0,53.55,38.58
2016,3,9,17,45,6.5,26.0,3.1,13.0,26.5,28.73,14.91
2016,3,9,18,0,0.0,8.0,3.1,13.0,8.0,7.86,0.0
2016,3,9,18,15,0.0,4.0,3.15,13.0,4.0,0.0,0.0
2016,3,9,18,30,0.0,0.0,3.2,13.0,0.0,0.0,0.0
2016,3,9,18,45,0.0,0.0,3.3,13.0,0.0,0.0,0.0
2016,3,9,19,0,0.0,0.0,3.4,13.0,0.0,0.0,0.0
2016,3,9,19,15,0.0,0.0,3.5,12.5,0.0,0.0,0.0
2016,3,9,19,30,0.0,0.0,3.6,12.0,0.0,0.0,0.0
2016,3,9,19,45,0.0,0.0,3.7,12.0,0.0,0.0,0.0
2016,3,9,20,0,0.0,0.0,3.8,12.0,0.0,0.0,0.0
2016,3,9,20,15,0.0,0.0,3.9,12.0,0.0,0.0,0.0
2016,3,9,20,30,0.0,0.0,4.0,12.0,0.0,0.0,0.0
2016,3,9,20,45,0.0,0.0,4.15,12.0,0.0,0.0,0.0
2016,3,9,21,0,0.0,0.0,4.3,12.0,0.0,0.0,0.0
2016,3,9,21,15,0.0,0.0,4.4,12.0,0.0,0.0,0.0
2016,3,9,21,30,0.0,0.0,4.5,12.0,0.0,0.0,0.0
2016,3,9,21,45,0.0,0.0,4.65,12.0,0.0,0.0,0.0
2016,3,9,22,0,0.0,0.0,4.8,12.0,0.0,0.0,0.0
2016,3,9,22,15,0.0,0.0,4.85,12.0,0.0,0.0,0.0
2016,3,9,22,30,0.0,0.0,4.9,12.0,0.0,0.0,0.0
2016,3,9,22,45,0.0,0.0,5.0,12.0,0.0,0.0,0.0
2016,3,9,23,0,0.0,0.0,5.1,12.0,0.0,0.0,0.0
2016,3,9,23,15,0.0,0.0,5.1,12.0,0.0,0.0,0.0
2016,3,9,23,30,0.0,0.0,5.1,12.0,0.0,0.0,0.0
2016,3,9,23,45,0.0,0.0,5.15,12.0,0.0,0.0,0.0
2016,3,10,0,0,0.0,0.0,5.2,12.0,0.0,0.0,0.0
2016,3,10,0,15,0.0,0.0,5.2,12.0,0.0,0.0,0.0
2016,3,10,0,30,0.0,0.0,5.2,12.0,0.0,0.0,0.0
2016,3,10,0,45,0.0,0.0,5.2,12.0,0.0,0.0,0.0
2016,3,10,1,0,0.0,0.0,5.2,12.0,0.0,0.0,0.0
2016,3,10,1,15,0.0,0.0,5.2,12.0,0.0,0.0,0.0
2016,3,10,1,30,0.0,0.0,5.2,12.0,0.0,0.0,0.0
2016,3,10,1,45,0.0,0.0,5.2,12.0,0.0,0.0,0.0
2016,3,10,2,0,0.0,0.0,5.2,12.0,0.0,0.0,0.0
2016,3,10,2,15,0.0,0.0,5.2,11.5,0.0,0.0,0.0
2016,3,10,2,30,0.0,0.0,5.2,11.0,0.0,0.0,0.0
2016,3,10,2,45,0.0,0.0,5.2,11.0,0.0,0.0,0.0
2016,3,10,3,0,0.0,0.0,5.2,11.0,0.0,0.0,0.0
2016,3,10,3,15,0.0,0.0,5.3,11.0,0.0,0.0,0.0
2016,3,10,3,30,0.0,0.0,5.4,11.0,0.0,0.0,0.0
2016,3,10,3,45,0.0,0.0,5.5,11.5,0.0,0.0,0.0
2016,3,10,4,0,0.0,0.0,5.6,12.0,0.0,0.0,0.0
2016,3,10,4,15,0.0,0.0,5.6,12.0,0.0,0.0,0.0
2016,3,10,4,30,0.0,0.0,5.6,12.0,0.0,0.0,0.0
2016,3,10,4,45,0.0,0.0,5.65,12.0,0.0,0.0,0.0
2016,3,10,5,0,0.0,0.0,5.7,12.0,0.0,0.0,0.0
2016,3,10,5,15,0.0,0.0,5.65,12.0,0.0,0.0,0.0
2016,3,10,5,30,0.0,0.0,5.6,12.0,0.0,0.0,0.0
2016,3,10,5,45,0.0,0.0,5.6,12.0,0.0,0.0,0.0
2016,3,10,6,0,0.0,0.0,5.6,12.0,0.0,0.0,0.0
2016,3,10,6,15,0.0,0.0,5.75,12.0,0.0,0.0,0.0
2016,3,10,6,30,0.0,0.0,5.9,12.0,0.0,0.0,0.0
2016,3,10,6,45,30.0,17.5,6.05,12.5,20.5,15.81,0.0
2016,3,10,7,0,60.0,35.0,6.2,13.0,41.0,30.6,19.99
2016,3,10,7,15,95.0,55.5,6.3,13.0,71.5,47.22,35.86
2016,3,10,7,30,130.0,76.0,6.4,13.0,102.0,63.36,50.81
2016,3,10,7,45,149.5,97.5,6.5,13.5,135.5,80.53,66.35
2016,3,10,8,0,169.0,119.0,6.6,14.0,169.0,109.24,81.83
2016,3,10,8,15,187.0,138.5,6.8,14.0,203.0,138.53,103.87
2016,3,10,8,30,205.0,158.0,7.0,14.0,237.0,169.7,128.89
2016,3,10,8,45,102.5,128.0,7.2,14.5,167.5,136.55,105.62
2016,3,10,9,0,0.0,98.0,7.4,15.0,98.0,94.26,73.76
2016,3,10,9,15,0.0,116.0,7.4,15.0,116.0,111.22,87.69
2016,3,10,9,30,0.0,134.0,7.4,15.0,134.0,128.23,101.53
2016,3,10,9,45,0.0,73.0,7.4,15.5,73.0,70.61,53.37
2016,3,10,10,0,0.0,12.0,7.4,16.0,12.0,11.59,4.03
2016,3,10,10,15,0.0,71.0,7.3,16.0,71.0,68.69,51.47
2016,3,10,10,30,0.0,130.0,7.2,16.0,130.0,125.36,97.91
2016,3,10,10,45,0.0,119.5,7.1,16.0,119.5,115.44,89.62
2016,3,10,11,0,0.0,109.0,7.0,16.0,109.0,105.43,81.33
2016,3,10,11,15,0.0,105.5,6.85,16.0,105.5,102.1,78.51
2016,3,10,11,30,0.0,102.0,6.7,16.0,102.0,98.75,75.7
2016,3,10,11,45,0.0,103.5,6.6,16.0,103.5,100.22,76.85
2016,3,10,12,0,0.0,105.0,6.5,16.0,105.0,101.68,78.02
2016,3,10,12,15,0.0,77.0,6.35,16.0,77.0,74.56,55.82
2016,3,10,12,30,0.0,49.0,6.2,16.0,49.0,47.42,33.54
2016,3,10,12,45,0.0,47.5,6.05,16.0,47.5,45.97,32.36
2016,3,10,13,0,0.0,46.0,5.9,16.0,46.0,44.51,31.18
2016,3,10,13,15,0.0,57.0,5.65,15.5,57.0,55.16,40.07
2016,3,10,13,30,0.0,68.0,5.4,15.0,68.0,65.81,48.99
2016,3,10,13,45,0.0,52.5,5.2,15.0,52.5,50.79,36.62
2016,3,10,14,0,0.0,37.0,5.0,15.0,37.0,35.78,24.21
2016,3,10,14,15,0.0,30.5,4.8,15.0,30.5,29.48,19.01
2016,3,10,14,30,0.0,24.0,4.6,15.0,24.0,23.19,13.79
2016,3,10,14,45,0.0,50.0,4.45,15.0,50.0,48.34,34.88
2016,3,10,15,0,0.0,76.0,4.3,15.0,76.0,73.51,55.97
2016,3,10,15,15,0.0,56.0,4.2,15.0,56.0,54.13,39.91
2016,3,10,15,30,0.0,36.0,4.1,15.0,36.0,34.77,23.76
2016,3,10,15,45,0.0,34.5,4.05,15.0,34.5,33.32,22.62
2016,3,10,16,0,0.0,33.0,4.0,15.0,33.0,31.86,21.46
2016,3,10,16,15,0.0,28.5,4.0,14.5,28.5,27.51,17.86
2016,3,10,16,30,0.0,24.0,4.0,14.0,24.0,23.16,14.22
2016,3,10,16,45,0.0,19.5,4.0,14.0,19.5,18.81,10.49
2016,3,10,17,0,0.0,15.0,4.0,14.0,15.0,14.46,6.72
2016,3,10,17,15,0.0,11.0,4.2,14.0,11.0,10.6,3.33
2016,3,10,17,30,0.0,7.0,4.4,14.0,7.0,6.74,0.0
2016,3,10,17,45,0.0,4.0,4.6,14.0,4.0,3.85,0.0
2016,3,10,18,0,0.0,1.0,4.8,14.0,1.0,0.98,0.0
2016,3,10,18,15,0.0,0.5,4.95,13.5,0.5,0.0,0.0
2016,3,10,18,30,0.0,0.0,5.1,13.0,0.0,0.0,0.0
2016,3,10,18,45,0.0,0.0,5.35,13.0,0.0,0.0,0.0
2016,3,10,19,0,0.0,0.0,5.6,13.0,0.0,0.0,0.0
2016,3,10,19,15,0.0,0.0,5.55,13.0,0.0,0.0,0.0
2016,3,10,19,30,0.0,0.0,5.5,13.0,0.0,0.0,0.0
2016,3,10,19,45,0.0,0.0,5.45,13.0,0.0,0.0,0.0
2016,3,10,20,0,0.0,0.0,5.4,13.0,0.0,0.0,0.0
2016,3,10,20,15,0.0,0.0,5.25,13.0,0.0,0.0,0.0
2016,3,10,20,30,0.0,0.0,5.1,13.0,0.0,0.0,0.0
2016,3,10,20,45,0.0,0.0,4.95,13.0,0.0,0.0,0.0
2016,3,10,21,0,0.0,0.0,4.8,13.0,0.0,0.0,0.0
2016,3,10,21,15,0.0,0.0,4.7,13.0,0.0,0.0,0.0
2016,3,10,21,30,0.0,0.0,4.6,13.0,0.0,0.0,0.0
2016,3,10,21,45,0.0,0.0,4.5,13.0,0.0,0.0,0.0
2016,3,10,22,0,0.0,0.0,4.4,13.0,0.0,0.0,0.0
2016,3,10,22,15,0.0,0.0,4.4,13.0,0.0,0.0,0.0
2016,3,10,22,30,0.0,0.0,4.4,13.0,0.0,0.0,0.0
2016,3,10,22,45,0.0,0.0,4.4,13.0,0.0,0.0,0.0
2016,3,10,23,0,0.0,0.0,4.4,13.0,0.0,0.0,0.0
2016,3,10,23,15,0.0,0.0,4.45,13.0,0.0,0.0,0.0
2016,3,10,23,30,0.0,0.0,4.5,13.0,0.0,0.0,0.0
2016,3,10,23,45,0.0,0.0,4.6,13.0,0.0,0.0,0.0
2016,3,11,0,0,0.0,0.0,4.7,13.0,0.0,0.0,0.0
2016,3,11,0,15,0.0,0.0,4.9,13.0,0.0,0.0,0.0
2016,3,11,0,30,0.0,0.0,5.1,13.0,0.0,0.0,0.0
2016,3,11,0,45,0.0,0.0,5.3,13.0,0.0,0.0,0.0
2016,3,11,1,0,0.0,0.0,5.5,13.0,0.0,0.0,0.0
2016,3,11,1,15,0.0,0.0,5.7,13.0,0.0,0.0,0.0
2016,3,11,1,30,0.0,0.0,5.9,13.0,0.0,0.0,0.0
2016,3,11,1,45,0.0,0.0,6.1,13.0,0.0,0.0,0.0
2016,3,11,2,0,0.0,0.0,6.3,13.0,0.0,0.0,0.0
2016,3,11,2,15,0.0,0.0,6.5,13.0,0.0,0.0,0.0
2016,3,11,2,30,0.0,0.0,6.7,13.0,0.0,0.0,0.0
2016,3,11,2,45,0.0,0.0,6.9,13.0,0.0,0.0,0.0
2016,3,11,3,0,0.0,0.0,7.1,13.0,0.0,0.0,0.0
2016,3,11,3,15,0.0,0.0,7.35,13.0,0.0,0.0,0.0
2016,3,11,3,30,0.0,0.0,7.6,13.0,0.0,0.0,0.0
2016,3,11,3,45,0.0,0.0,7.85,13.0,0.0,0.0,0.0
2016,3,11,4,0,0.0,0.0,8.1,13.0,0.0,0.0,0.0
2016,3,11,4,15,0.0,0.0,8.3,13.0,0.0,0.0,0.0
2016,3,11,4,30,0.0,0.0,8.5,13.0,0.0,0.0,0.0
2016,3,11,4,45,0.0,0.0,8.75,13.0,0.0,0.0,0.0
2016,3,11,5,0,0.0,0.0,9.0,13.0,0.0,0.0,0.0
2016,3,11,5,15,0.0,0.0,9.4,13.0,0.0,0.0,0.0
2016,3,11,5,30,0.0,0.0,9.8,13.0,0.0,0.0,0.0
2016,3,11,5,45,0.0,0.0,10.25,13.0,0.0,0.0,0.0
2016,3,11,6,0,0.0,0.0,10.7,13.0,0.0,0.0,0.0
2016,3,11,6,15,0.0,0.0,10.75,12.5,0.0,0.0,0.0
2016,3,11,6,30,0.0,0.0,10.8,12.0,0.0,0.0,0.0
2016,3,11,6,45,0.0,14.5,10.85,12.0,14.5,13.99,0.0
2016,3,11,7,0,0.0,29.0,10.9,12.0,29.0,27.83,17.98
2016,3,11,7,15,1.5,49.5,10.5,12.0,50.0,46.3,35.26
2016,3,11,7,30,3.0,70.0,10.1,12.0,71.0,64.45,52.04
2016,3,11,7,45,11.0,90.5,9.75,12.0,93.5,82.67,65.22
2016,3,11,8,0,19.0,111.0,9.4,12.0,116.0,102.79,81.93
2016,3,11,8,15,24.5,130.5,9.25,12.0,138.5,119.06,95.26
2016,3,11,8,30,30.0,150.0,9.1,12.0,161.0,139.55,112.17
2016,3,11,8,45,15.0,98.0,8.95,12.0,103.5,97.21,76.78
2016,3,11,9,0,0.0,46.0,8.8,12.0,46.0,44.44,32.33
2016,3,11,9,15,0.0,44.0,8.55,12.0,44.0,42.51,30.59
2016,3,11,9,30,0.0,42.0,8.3,12.0,42.0,40.59,28.86
2016,3,11,9,45,8.0,131.5,8.05,12.5,137.0,129.52,103.29
2016,3,11,10,0,16.0,221.0,7.8,13.0,232.0,216.71,174.71
2016,3,11,10,15,8.0,157.5,7.75,13.0,163.0,155.12,123.79
2016,3,11,10,30,0.0,94.0,7.7,13.0,94.0,91.0,70.5
2016,3,11,10,45,13.0,184.5,7.7,13.0,194.0,184.64,147.84
2016,3,11,11,0,26.0,275.0,7.7,13.0,294.0,278.72,224.21
2016,3,11,11,15,31.5,292.0,7.7,13.0,315.5,299.15,240.49
2016,3,11,11,30,37.0,309.0,7.7,13.0,337.0,321.34,258.26
2016,3,11,11,45,464.5,212.5,7.7,13.0,562.5,529.18,434.5
2016,3,11,12,0,892.0,116.0,7.7,13.0,788.0,752.25,616.18
2016,3,11,12,15,630.0,226.5,7.75,13.0,701.5,689.74,562.64
2016,3,11,12,30,368.0,337.0,7.8,13.0,615.0,611.66,495.53
2016,3,11,12,45,284.0,351.0,7.9,13.0,564.0,569.61,461.23
2016,3,11,13,0,200.0,365.0,8.0,13.0,513.0,520.82,421.15
2016,3,11,13,15,239.5,351.0,8.15,13.0,525.5,541.26,439.13
2016,3,11,13,30,279.0,337.0,8.3,13.0,538.0,566.27,460.54
2016,3,11,13,45,196.0,330.0,8.5,13.0,469.5,491.5,400.02
2016,3,11,14,0,113.0,323.0,8.7,13.0,401.0,415.57,337.84
2016,3,11,14,15,58.0,252.0,8.65,12.5,292.0,299.66,244.07
2016,3,11,14,30,3.0,181.0,8.6,12.0,183.0,179.98,144.97
2016,3,11,14,45,1.5,96.0,8.6,12.0,97.0,94.08,73.77
2016,3,11,15,0,0.0,11.0,8.6,12.0,11.0,10.62,3.37
2016,3,11,15,15,0.0,25.0,8.55,11.5,25.0,24.15,14.96
2016,3,11,15,30,0.0,39.0,8.5,11.0,39.0,37.68,26.63
2016,3,11,15,45,0.0,50.0,8.5,11.0,50.0,48.31,35.83
2016,3,11,16,0,0.0,61.0,8.5,11.0,61.0,58.95,45.07
2016,3,11,16,15,0.0,53.0,8.45,10.5,53.0,51.2,38.61
2016,3,11,16,30,0.0,45.0,8.4,10.0,45.0,43.46,32.06
2016,3,11,16,45,0.0,37.0,8.4,10.0,37.0,35.72,25.36
2016,3,11,17,0,0.0,29.0,8.4,10.0,29.0,27.98,18.58
2016,3,11,17,15,0.0,21.5,8.35,10.0,21.5,20.74,12.16
2016,3,11,17,30,0.0,14.0,8.3,10.0,14.0,13.5,5.71
2016,3,11,17,45,0.0,8.0,8.25,10.0,8.0,7.71,0.22
2016,3,11,18,0,0.0,2.0,8.2,10.0,2.0,1.97,0.0
2016,3,11,18,15,0.0,1.0,8.2,10.0,1.0,0.0,0.0
2016,3,11,18,30,0.0,0.0,8.2,10.0,0.0,0.0,0.0
2016,3,11,18,45,0.0,0.0,8.2,10.0,0.0,0.0,0.0
2016,3,11,19,0,0.0,0.0,8.2,10.0,0.0,0.0,0.0
2016,3,11,19,15,0.0,0.0,8.1,10.0,0.0,0.0,0.0
2016,3,11,19,30,0.0,0.0,8.0,10.0,0.0,0.0,0.0
2016,3,11,19,45,0.0,0.0,7.95,10.0,0.0,0.0,0.0
2016,3,11,20,0,0.0,0.0,7.9,10.0,0.0,0.0,0.0
2016,3,11,20,15,0.0,0.0,7.8,10.0,0.0,0.0,0.0
2016,3,11,20,30,0.0,0.0,7.7,10.0,0.0,0.0,0.0
2016,3,11,20,45,0.0,0.0,7.6,10.0,0.0,0.0,0.0
2016,3,11,21,0,0.0,0.0,7.5,10.0,0.0,0.0,0.0
2016,3,11,21,15,0.0,0.0,7.3,10.0,0.0,0.0,0.0
2016,3,11,21,30,0.0,0.0,7.1,10.0,0.0,0.0,0.0
2016,3,11,21,45,0.0,0.0,6.9,10.0,0.0,0.0,0.0
2016,3,11,22,0,0.0,0.0,6.7,10.0,0.0,0.0,0.0
2016,3,11,22,15,0.0,0.0,6.5,10.0,0.0,0.0,0.0
2016,3,11,22,30,0.0,0.0,6.3,10.0,0.0,0.0,0.0
2016,3,11,22,45,0.0,0.0,6.15,10.0,0.0,0.0,0.0
2016,3,11,23,0,0.0,0.0,6.0,10.0,0.0,0.0,0.0
2016,3,11,23,15,0.0,0.0,5.8,10.0,0.0,0.0,0.0
2016,3,11,23,30,0.0,0.0,5.6,10.0,0.0,0.0,0.0
2016,3,11,23,45,0.0,0.0,5.45,10.0,0.0,0.0,0.0
2016,3,12,0,0,0.0,0.0,5.3,10.0,0.0,0.0,0.0
2016,3,12,0,15,0.0,0.0,5.05,9.5,0.0,0.0,0.0
2016,3,12,0,30,0.0,0.0,4.8,9.0,0.0,0.0,0.0
2016,3,12,0,45,0.0,0.0,4.6,9.0,0.0,0.0,0.0
2016,3,12,1,0,0.0,0.0,4.4,9.0,0.0,0.0,0.0
2016,3,12,1,15,0.0,0.0,4.3,9.0,0.0,0.0,0.0
2016,3,12,1,30,0.0,0.0,4.2,9.0,0.0,0.0,0.0
2016,3,12,1,45,0.0,0.0,4.1,9.0,0.0,0.0,0.0
2016,3,12,2,0,0.0,0.0,4.0,9.0,0.0,0.0,0.0
2016,3,12,2,15,0.0,0.0,3.95,9.0,0.0,0.0,0.0
2016,3,12,2,30,0.0,0.0,3.9,9.0,0.0,0.0,0.0
2016,3,12,2,45,0.0,0.0,3.85,9.0,0.0,0.0,0.0
2016,3,12,3,0,0.0,0.0,3.8,9.0,0.0,0.0,0.0
2016,3,12,3,15,0.0,0.0,3.7,9.0,0.0,0.0,0.0
2016,3,12,3,30,0.0,0.0,3.6,9.0,0.0,0.0,0.0
2016,3,12,3,45,0.0,0.0,3.55,9.0,0.0,0.0,0.0
2016,3,12,4,0,0.0,0.0,3.5,9.0,0.0,0.0,0.0
2016,3,12,4,15,0.0,0.0,3.5,9.0,0.0,0.0,0.0
2016,3,12,4,30,0.0,0.0,3.5,9.0,0.0,0.0,0.0
2016,3,12,4,45,0.0,0.0,3.55,9.5,0.0,0.0,0.0
2016,3,12,5,0,0.0,0.0,3.6,10.0,0.0,0.0,0.0
2016,3,12,5,15,0.0,0.0,3.75,10.0,0.0,0.0,0.0
2016,3,12,5,30,0.0,0.0,3.9,10.0,0.0,0.0,0.0
2016,3,12,5,45,0.0,0.0,4.1,10.0,0.0,0.0,0.0
2016,3,12,6,0,0.0,0.0,4.3,10.0,0.0,0.0,0.0
2016,3,12,6,15,0.0,0.0,4.55,10.0,0.0,0.0,0.0
2016,3,12,6,30,0.0,0.0,4.8,10.0,0.0,0.0,0.0
2016,3,12,6,45,0.0,7.0,5.05,10.5,7.0,6.75,0.0
2016,3,12,7,0,0.0,14.0,5.3,11.0,14.0,13.5,5.97
2016,3,12,7,15,0.0,24.5,5.6,11.0,24.5,23.64,15.41
2016,3,12,7,30,0.0,35.0,5.9,11.0,35.0,33.79,24.81
2016,3,12,7,45,0.0,46.5,6.2,11.0,46.5,44.91,33.16
2016,3,12,8,0,0.0,58.0,6.5,11.0,58.0,56.05,42.8
2016,3,12,8,15,0.0,69.5,6.7,11.0,69.5,67.19,52.32
2016,3,12,8,30,0.0,81.0,6.9,11.0,81.0,78.06,61.48
2016,3,12,8,45,33.5,141.5,7.1,11.5,157.5,137.44,110.24
2016,3,12,9,0,67.0,202.0,7.3,12.0,234.0,200.8,161.88
2016,3,12,9,15,38.5,196.5,7.4,12.0,215.0,192.7,155.8
2016,3,12,9,30,10.0,191.0,7.5,12.0,196.0,184.08,148.92
2016,3,12,9,45,5.5,181.5,7.65,12.5,184.0,174.88,140.79
2016,3,12,10,0,1.0,172.0,7.8,13.0,172.0,164.85,131.99
2016,3,12,10,15,2.0,178.5,7.8,13.0,180.0,171.89,137.53
2016,3,12,10,30,3.0,185.0,7.8,13.0,188.0,179.0,143.14
2016,3,12,10,45,4.0,190.0,7.8,13.0,193.5,184.77,147.67
2016,3,12,11,0,5.0,195.0,7.8,13.0,199.0,190.6,152.28
2016,3,12,11,15,44.0,271.5,7.8,13.0,304.5,288.1,232.05
2016,3,12,11,30,83.0,348.0,7.8,13.0,410.0,389.2,313.45
2016,3,12,11,45,44.5,276.0,7.8,13.0,309.5,297.74,239.48
2016,3,12,12,0,6.0,204.0,7.8,13.0,209.0,201.72,160.88
2016,3,12,12,15,6.5,205.5,7.8,13.0,210.5,203.95,162.77
2016,3,12,12,30,7.0,207.0,7.8,13.0,212.0,206.18,164.62
2016,3,12,12,45,5.5,196.5,7.85,13.0,201.0,195.15,155.65
2016,3,12,13,0,4.0,186.0,7.9,13.0,190.0,184.0,146.61
2016,3,12,13,15,2.5,176.5,7.9,13.0,179.0,173.73,138.28
2016,3,12,13,30,1.0,167.0,7.9,13.0,168.0,163.4,129.89
2016,3,12,13,45,0.5,131.0,7.9,13.0,131.5,127.67,100.66
2016,3,12,14,0,0.0,95.0,7.9,13.0,95.0,91.99,71.25
2016,3,12,14,15,2.5,144.0,7.8,13.0,145.5,142.27,113.14
2016,3,12,14,30,5.0,193.0,7.7,13.0,196.0,193.63,155.7
2016,3,12,14,45,37.0,221.5,7.65,13.0,243.0,253.42,206.08
2016,3,12,15,0,69.0,250.0,7.6,13.0,290.0,308.76,252.51
2016,3,12,15,15,34.5,168.5,7.45,13.0,188.5,196.19,159.76
2016,3,12,15,30,0.0,87.0,7.3,13.0,87.0,84.19,65.66
2016,3,12,15,45,0.0,63.0,7.15,13.0,63.0,60.9,46.2
2016,3,12,16,0,0.0,39.0,7.0,13.0,39.0,37.66,26.56
2016,3,12,16,15,0.0,34.0,6.9,13.0,34.0,32.82,22.51
2016,3,12,16,30,0.0,29.0,6.8,13.0,29.0,27.99,18.41
2016,3,12,16,45,0.0,23.5,6.7,13.0,23.5,22.67,13.85
2016,3,12,17,0,0.0,18.0,6.6,13.0,18.0,17.36,9.24
2016,3,12,17,15,0.0,13.5,6.45,12.5,13.5,13.01,5.44
2016,3,12,17,30,0.0,9.0,6.3,12.0,9.0,8.67,1.62
2016,3,12,17,45,0.0,5.0,6.15,12.0,5.0,4.82,0.0
2016,3,12,18,0,0.0,1.0,6.0,12.0,1.0,0.96,0.0
2016,3,12,18,15,0.0,0.5,6.0,12.0,0.5,0.49,0.0
2016,3,12,18,30,0.0,0.0,6.0,12.0,0.0,0.0,0.0
2016,3,12,18,45,0.0,0.0,6.0,12.0,0.0,0.0,0.0
2016,3,12,19,0,0.0,0.0,6.0,12.0,0.0,0.0,0.0
2016,3,12,19,15,0.0,0.0,5.95,12.0,0.0,0.0,0.0
2016,3,12,19,30,0.0,0.0,5.9,12.0,0.0,0.0,0.0
2016,3,12,19,45,0.0,0.0,5.85,12.0,0.0,0.0,0.0
2016,3,12,20,0,0.0,0.0,5.8,12.0,0.0,0.0,0.0
2016,3,12,20,15,0.0,0.0,5.7,12.0,0.0,0.0,0.0
2016,3,12,20,30,0.0,0.0,5.6,12.0,0.0,0.0,0.0
2016,3,12,20,45,0.0,0.0,5.6,12.0,0.0,0.0,0.0
2016,3,12,21,0,0.0,0.0,5.6,12.0,0.0,0.0,0.0
2016,3,12,21,15,0.0,0.0,5.5,12.0,0.0,0.0,0.0
2016,3,12,21,30,0.0,0.0,5.4,12.0,0.0,0.0,0.0
2016,3,12,21,45,0.0,0.0,5.35,12.0,0.0,0.0,0.0
2016,3,12,22,0,0.0,0.0,5.3,12.0,0.0,0.0,0.0
2016,3,12,22,15,0.0,0.0,5.25,12.0,0.0,0.0,0.0
2016,3,12,22,30,0.0,0.0,5.2,12.0,0.0,0.0,0.0
2016,3,12,22,45,0.0,0.0,5.2,12.0,0.0,0.0,0.0
2016,3,12,23,0,0.0,0.0,5.2,12.0,0.0,0.0,0.0
2016,3,12,23,15,0.0,0.0,5.2,12.0,0.0,0.0,0.0
2016,3,12,23,30,0.0,0.0,5.2,12.0,0.0,0.0,0.0
2016,3,12,23,45,0.0,0.0,5.25,12.0,0.0,0.0,0.0
2016,3,13,0,0,0.0,0.0,5.3,12.0,0.0,0.0,0.0
2016,3,13,0,15,0.0,0.0,5.35,12.0,0.0,0.0,0.0
2016,3,13,0,30,0.0,0.0,5.4,12.0,0.0,0.0,0.0
2016,3,13,0,45,0.0,0.0,5.45,12.0,0.0,0.0,0.0
2016,3,13,1,0,0.0,0.0,5.5,12.0,0.0,0.0,0.0
2016,3,13,1,15,0.0,0.0,5.55,12.0,0.0,0.0,0.0
2016,3,13,1,30,0.0,0.0,5.6,12.0,0.0,0.0,0.0
2016,3,13,1,45,0.0,0.0,5.65,12.0,0.0,0.0,0.0
2016,3,13,2,0,0.0,0.0,5.7,12.0,0.0,0.0,0.0
2016,3,13,2,15,0.0,0.0,5.6,12.0,0.0,0.0,0.0
2016,3,13,2,30,0.0,0.0,5.5,12.0,0.0,0.0,0.0
2016,3,13,2,45,0.0,0.0,5.45,12.0,0.0,0.0,0.0
2016,3,13,3,0,0.0,0.0,5.4,12.0,0.0,0.0,0.0
2016,3,13,3,15,0.0,0.0,5.3,12.0,0.0,0.0,0.0
2016,3,13,3,30,0.0,0.0,5.2,12.0,0.0,0.0,0.0
2016,3,13,3,45,0.0,0.0,5.1,12.0,0.0,0.0,0.0
2016,3,13,4,0,0.0,0.0,5.0,12.0,0.0,0.0,0.0
2016,3,13,4,15,0.0,0.0,5.0,12.0,0.0,0.0,0.0
2016,3,13,4,30,0.0,0.0,5.0,12.0,0.0,0.0,0.0
2016,3,13,4,45,0.0,0.0,5.05,12.0,0.0,0.0,0.0
2016,3,13,5,0,0.0,0.0,5.1,12.0,0.0,0.0,0.0
2016,3,13,5,15,0.0,0.0,5.05,12.0,0.0,0.0,0.0
2016,3,13,5,30,0.0,0.0,5.0,12.0,0.0,0.0,0.0
2016,3,13,5,45,0.0,0.0,5.0,12.0,0.0,0.0,0.0
2016,3,13,6,0,0.0,0.0,5.0,12.0,0.0,0.0,0.0
2016,3,13,6,15,0.0,0.0,5.2,12.0,0.0,0.0,0.0
2016,3,13,6,30,0.0,0.0,5.4,12.0,0.0,0.0,0.0
2016,3,13,6,45,0.0,2.0,5.6,12.5,2.0,1.93,0.0
2016,3,13,7,0,0.0,4.0,5.8,13.0,4.0,3.85,0.0
2016,3,13,7,15,0.0,7.5,5.9,13.0,7.5,7.23,0.75
2016,3,13,7,30,0.0,11.0,6.0,13.0,11.0,10.6,3.86
2016,3,13,7,45,0.0,14.5,6.1,13.0,14.5,13.98,6.37
2016,3,13,8,0,0.0,18.0,6.2,13.0,18.0,17.36,9.29
2016,3,13,8,15,0.0,21.5,6.25,13.0,21.5,20.75,12.18
2016,3,13,8,30,0.0,25.0,6.3,13.0,25.0,24.13,15.04
2016,3,13,8,45,0.0,38.0,6.35,13.0,38.0,36.7,25.7
2016,3,13,9,0,0.0,51.0,6.4,13.0,51.0,49.28,36.29
2016,3,13,9,15,0.0,63.0,6.45,13.0,63.0,60.91,45.99
2016,3,13,9,30,0.0,75.0,6.5,13.0,75.0,72.54,55.63
2016,3,13,9,45,0.0,82.0,6.55,13.0,82.0,79.34,61.16
2016,3,13,10,0,0.0,89.0,6.6,13.0,89.0,86.13,66.69
2016,3,13,10,15,0.0,128.0,6.6,13.0,128.0,123.37,97.44
2016,3,13,10,30,0.0,167.0,6.6,13.0,167.0,160.46,127.77
2016,3,13,10,45,0.0,139.5,6.6,13.5,139.5,134.56,106.09
2016,3,13,11,0,0.0,112.0,6.6,14.0,112.0,108.33,84.24
2016,3,13,11,15,0.0,98.0,6.6,14.0,98.0,94.89,73.1
2016,3,13,11,30,0.0,84.0,6.6,14.0,84.0,81.34,61.89
2016,3,13,11,45,4.5,156.0,6.6,14.0,159.5,154.04,121.58
2016,3,13,12,0,9.0,228.0,6.6,14.0,235.0,227.11,180.74
2016,3,13,12,15,7.5,215.5,6.6,14.0,221.5,214.43,170.4
2016,3,13,12,30,6.0,203.0,6.6,14.0,208.0,201.56,160.0
2016,3,13,12,45,3.0,180.5,6.65,14.0,183.5,177.62,140.58
2016,3,13,13,0,0.0,158.0,6.7,14.0,159.0,153.48,120.94
2016,3,13,13,15,0.0,120.5,6.65,14.0,121.0,116.89,91.13
2016,3,13,13,30,0.0,83.0,6.6,14.0,83.0,80.36,61.15
2016,3,13,13,45,2.5,139.5,6.6,14.0,141.0,137.61,108.47
2016,3,13,14,0,5.0,196.0,6.6,14.0,199.0,195.84,156.2
2016,3,13,14,15,2.5,168.0,6.5,14.0,169.5,166.19,132.12
2016,3,13,14,30,0.0,140.0,6.4,14.0,140.0,136.53,107.94
2016,3,13,14,45,0.5,156.0,6.3,14.0,156.5,153.19,121.93
2016,3,13,15,0,1.0,172.0,6.2,14.0,173.0,170.28,136.27
2016,3,13,15,15,0.5,154.5,6.1,14.0,155.0,152.57,121.98
2016,3,13,15,30,0.0,137.0,6.0,14.0,137.0,134.81,107.6
2016,3,13,15,45,0.0,116.5,5.95,14.0,116.5,114.28,90.8
2016,3,13,16,0,0.0,96.0,5.9,14.0,96.0,93.7,73.81
2016,3,13,16,15,0.0,83.5,5.85,13.5,83.5,81.29,63.67
2016,3,13,16,30,0.0,71.0,5.8,13.0,71.0,68.87,53.36
2016,3,13,16,45,0.0,58.5,5.75,13.0,58.5,56.53,42.86
2016,3,13,17,0,0.0,46.0,5.7,13.0,46.0,44.43,32.42
2016,3,13,17,15,0.0,34.0,5.55,13.0,34.0,32.82,22.28
2016,3,13,17,30,0.0,22.0,5.4,13.0,22.0,21.23,12.11
2016,3,13,17,45,0.0,13.0,5.3,13.0,13.0,12.53,4.12
2016,3,13,18,0,0.0,4.0,5.2,13.0,4.0,3.85,0.0
2016,3,13,18,15,0.0,2.0,5.05,13.0,2.0,1.97,0.0
2016,3,13,18,30,0.0,0.0,4.9,13.0,0.0,0.0,0.0
2016,3,13,18,45,0.0,0.0,4.75,13.0,0.0,0.0,0.0
2016,3,13,19,0,0.0,0.0,4.6,13.0,0.0,0.0,0.0
2016,3,13,19,15,0.0,0.0,4.35,12.5,0.0,0.0,0.0
2016,3,13,19,30,0.0,0.0,4.1,12.0,0.0,0.0,0.0
2016,3,13,19,45,0.0,0.0,3.85,12.0,0.0,0.0,0.0
2016,3,13,20,0,0.0,0.0,3.6,12.0,0.0,0.0,0.0
2016,3,13,20,15,0.0,0.0,3.55,12.0,0.0,0.0,0.0
2016,3,13,20,30,0.0,0.0,3.5,12.0,0.0,0.0,0.0
2016,3,13,20,45,0.0,0.0,3.5,12.0,0.0,0.0,0.0
2016,3,13,21,0,0.0,0.0,3.5,12.0,0.0,0.0,0.0
2016,3,13,21,15,0.0,0.0,3.55,11.5,0.0,0.0,0.0
2016,3,13,21,30,0.0,0.0,3.6,11.0,0.0,0.0,0.0
2016,3,13,21,45,0.0,0.0,3.65,11.0,0.0,0.0,0.0
2016,3,13,22,0,0.0,0.0,3.7,11.0,0.0,0.0,0.0
2016,3,13,22,15,0.0,0.0,3.7,11.0,0.0,0.0,0.0
2016,3,13,22,30,0.0,0.0,3.7,11.0,0.0,0.0,0.0
2016,3,13,22,45,0.0,0.0,3.75,11.0,0.0,0.0,0.0
2016,3,13,23,0,0.0,0.0,3.8,11.0,0.0,0.0,0.0
2016,3,13,23,15,0.0,0.0,3.8,11.0,0.0,0.0,0.0
2016,3,13,23,30,0.0,0.0,3.8,11.0,0.0,0.0,0.0
2016,3,13,23,45,0.0,0.0,3.8,11.0,0.0,0.0,0.0
2016,3,14,0,0,0.0,0.0,3.8,11.0,0.0,0.0,0.0
2016,3,14,0,15,0.0,0.0,3.8,11.0,0.0,0.0,0.0
2016,3,14,0,30,0.0,0.0,3.8,11.0,0.0,0.0,0.0
2016,3,14,0,45,0.0,0.0,3.85,11.0,0.0,0.0,0.0
2016,3,14,1,0,0.0,0.0,3.9,11.0,0.0,0.0,0.0
2016,3,14,1,15,0.0,0.0,3.95,11.0,0.0,0.0,0.0
2016,3,14,1,30,0.0,0.0,4.0,11.0,0.0,0.0,0.0
2016,3,14,1,45,0.0,0.0,4.1,11.0,0.0,0.0,0.0
2016,3,14,2,0,0.0,0.0,4.2,11.0,0.0,0.0,0.0
2016,3,14,2,15,0.0,0.0,4.3,10.5,0.0,0.0,0.0
2016,3,14,2,30,0.0,0.0,4.4,10.0,0.0,0.0,0.0
2016,3,14,2,45,0.0,0.0,4.5,10.0,0.0,0.0,0.0
2016,3,14,3,0,0.0,0.0,4.6,10.0,0.0,0.0,0.0
2016,3,14,3,15,0.0,0.0,4.6,10.0,0.0,0.0,0.0
2016,3,14,3,30,0.0,0.0,4.6,10.0,0.0,0.0,0.0
2016,3,14,3,45,0.0,0.0,4.7,10.0,0.0,0.0,0.0
2016,3,14,4,0,0.0,0.0,4.8,10.0,0.0,0.0,0.0
2016,3,14,4,15,0.0,0.0,4.7,10.0,0.0,0.0,0.0
2016,3,14,4,30,0.0,0.0,4.6,10.0,0.0,0.0,0.0
2016,3,14,4,45,0.0,0.0,4.6,10.0,0.0,0.0,0.0
2016,3,14,5,0,0.0,0.0,4.6,10.0,0.0,0.0,0.0
2016,3,14,5,15,0.0,0.0,4.5,10.0,0.0,0.0,0.0
2016,3,14,5,30,0.0,0.0,4.4,10.0,0.0,0.0,0.0
2016,3,14,5,45,0.0,0.0,4.3,10.0,0.0,0.0,0.0
2016,3,14,6,0,0.0,0.0,4.2,10.0,0.0,0.0,0.0
2016,3,14,6,15,0.0,0.0,4.25,10.0,0.0,0.0,0.0
2016,3,14,6,30,0.0,0.0,4.3,10.0,0.0,0.0,0.0
2016,3,14,6,45,80.5,24.0,4.35,10.5,33.5,20.15,8.12
2016,3,14,7,0,161.0,48.0,4.4,11.0,67.0,38.99,28.27
2016,3,14,7,15,235.5,66.0,4.4,11.0,109.5,52.67,41.33
2016,3,14,7,30,310.0,84.0,4.4,11.0,152.0,62.05,50.25
2016,3,14,7,45,359.5,99.0,4.4,11.0,197.5,82.47,59.0
2016,3,14,8,0,409.0,114.0,4.4,11.0,243.0,119.97,81.55
2016,3,14,8,15,481.0,112.5,4.35,11.0,289.0,151.84,102.78
2016,3,14,8,30,553.0,111.0,4.3,11.0,335.0,190.03,132.64
2016,3,14,8,45,533.0,133.0,4.25,11.5,370.5,234.69,173.1
2016,3,14,9,0,513.0,155.0,4.2,12.0,406.0,276.52,211.05
2016,3,14,9,15,527.5,166.0,4.1,12.0,444.0,317.9,247.6
2016,3,14,9,30,542.0,177.0,4.0,12.0,482.0,360.02,284.25
2016,3,14,9,45,486.0,210.5,3.95,12.5,498.5,392.89,312.71
2016,3,14,10,0,430.0,244.0,3.9,13.0,515.0,420.4,335.52
2016,3,14,10,15,519.5,224.5,3.85,13.0,567.5,468.78,375.14
2016,3,14,10,30,609.0,205.0,3.8,13.0,620.0,522.97,419.09
2016,3,14,10,45,554.5,234.5,3.8,13.0,622.5,543.07,434.83
2016,3,14,11,0,500.0,264.0,3.8,13.0,625.0,558.51,446.49
2016,3,14,11,15,456.0,291.0,3.8,13.0,626.5,573.95,457.84
2016,3,14,11,30,412.0,318.0,3.8,13.0,628.0,585.44,465.84
2016,3,14,11,45,471.0,297.0,3.85,13.5,655.0,621.52,493.97
2016,3,14,12,0,530.0,276.0,3.9,14.0,682.0,658.11,522.15
2016,3,14,12,15,557.0,267.0,3.95,14.0,694.5,682.87,541.58
2016,3,14,12,30,584.0,258.0,4.0,14.0,707.0,706.56,560.23
2016,3,14,12,45,567.5,264.0,4.05,14.0,697.0,710.14,562.94
2016,3,14,13,0,551.0,270.0,4.1,14.0,687.0,711.48,564.1
2016,3,14,13,15,585.0,248.0,4.25,14.0,682.5,722.24,574.32
2016,3,14,13,30,619.0,226.0,4.4,14.0,678.0,732.63,584.39
2016,3,14,13,45,606.5,225.5,4.55,14.0,657.5,724.07,579.11
2016,3,14,14,0,594.0,225.0,4.7,14.0,637.0,711.43,570.89
2016,3,14,14,15,595.5,208.0,4.8,13.5,606.0,692.27,559.19
2016,3,14,14,30,597.0,191.0,4.9,13.0,575.0,673.51,547.58
2016,3,14,14,45,681.5,159.5,5.05,13.0,574.0,697.08,569.08
2016,3,14,15,0,766.0,128.0,5.2,13.0,573.0,714.45,585.43
2016,3,14,15,15,744.0,124.0,5.25,13.0,530.0,679.62,559.31
2016,3,14,15,30,722.0,120.0,5.3,13.0,487.0,643.33,531.75
2016,3,14,15,45,692.0,114.5,5.4,13.0,440.0,598.9,497.38
2016,3,14,16,0,662.0,109.0,5.5,13.0,393.0,554.02,461.92
2016,3,14,16,15,621.0,102.5,5.4,12.5,343.0,501.33,419.67
2016,3,14,16,30,580.0,96.0,5.3,12.0,293.0,449.59,377.1
2016,3,14,16,45,520.0,87.5,5.25,12.0,242.0,387.04,323.83
2016,3,14,17,0,460.0,79.0,5.2,12.0,191.0,326.58,271.07
2016,3,14,17,15,372.5,66.5,5.15,11.5,143.0,255.58,208.95
2016,3,14,17,30,285.0,54.0,5.1,11.0,95.0,191.73,151.98
2016,3,14,17,45,142.5,37.0,5.05,10.5,57.5,104.29,74.81
2016,3,14,18,0,0.0,20.0,5.0,10.0,20.0,20.98,0.0
2016,3,14,18,15,0.0,10.0,4.95,10.0,10.0,9.83,0.0
2016,3,14,18,30,0.0,0.0,4.9,10.0,0.0,0.0,0.0
2016,3,14,18,45,0.0,0.0,4.85,10.0,0.0,0.0,0.0
2016,3,14,19,0,0.0,0.0,4.8,10.0,0.0,0.0,0.0
2016,3,14,19,15,0.0,0.0,4.7,9.5,0.0,0.0,0.0
2016,3,14,19,30,0.0,0.0,4.6,9.0,0.0,0.0,0.0
2016,3,14,19,45,0.0,0.0,4.5,9.0,0.0,0.0,0.0
2016,3,14,20,0,0.0,0.0,4.4,9.0,0.0,0.0,0.0
2016,3,14,20,15,0.0,0.0,4.35,9.0,0.0,0.0,0.0
2016,3,14,20,30,0.0,0.0,4.3,9.0,0.0,0.0,0.0
2016,3,14,20,45,0.0,0.0,4.25,9.0,0.0,0.0,0.0
2016,3,14,21,0,0.0,0.0,4.2,9.0,0.0,0.0,0.0
2016,3,14,21,15,0.0,0.0,4.1,9.0,0.0,0.0,0.0
2016,3,14,21,30,0.0,0.0,4.0,9.0,0.0,0.0,0.0
2016,3,14,21,45,0.0,0.0,3.9,9.0,0.0,0.0,0.0
2016,3,14,22,0,0.0,0.0,3.8,9.0,0.0,0.0,0.0
2016,3,14,22,15,0.0,0.0,3.7,9.0,0.0,0.0,0.0
2016,3,14,22,30,0.0,0.0,3.6,9.0,0.0,0.0,0.0
2016,3,14,22,45,0.0,0.0,3.55,9.0,0.0,0.0,0.0
2016,3,14,23,0,0.0,0.0,3.5,9.0,0.0,0.0,0.0
2016,3,14,23,15,0.0,0.0,3.45,9.0,0.0,0.0,0.0
2016,3,14,23,30,0.0,0.0,3.4,9.0,0.0,0.0,0.0
2016,3,14,23,45,0.0,0.0,3.4,9.0,0.0,0.0,0.0
2016,3,15,0,0,0.0,0.0,3.4,9.0,0.0,0.0,0.0
2016,3,15,0,15,0.0,0.0,3.45,9.0,0.0,0.0,0.0
2016,3,15,0,30,0.0,0.0,3.5,9.0,0.0,0.0,0.0
2016,3,15,0,45,0.0,0.0,3.55,9.0,0.0,0.0,0.0
2016,3,15,1,0,0.0,0.0,3.6,9.0,0.0,0.0,0.0
2016,3,15,1,15,0.0,0.0,3.6,8.5,0.0,0.0,0.0
2016,3,15,1,30,0.0,0.0,3.6,8.0,0.0,0.0,0.0
2016,3,15,1,45,0.0,0.0,3.6,8.0,0.0,0.0,0.0
2016,3,15,2,0,0.0,0.0,3.6,8.0,0.0,0.0,0.0
2016,3,15,2,15,0.0,0.0,3.5,8.0,0.0,0.0,0.0
2016,3,15,2,30,0.0,0.0,3.4,8.0,0.0,0.0,0.0
2016,3,15,2,45,0.0,0.0,3.35,8.0,0.0,0.0,0.0
2016,3,15,3,0,0.0,0.0,3.3,8.0,0.0,0.0,0.0
2016,3,15,3,15,0.0,0.0,3.25,8.0,0.0,0.0,0.0
2016,3,15,3,30,0.0,0.0,3.2,8.0,0.0,0.0,0.0
2016,3,15,3,45,0.0,0.0,3.2,8.0,0.0,0.0,0.0
2016,3,15,4,0,0.0,0.0,3.2,8.0,0.0,0.0,0.0
2016,3,15,4,15,0.0,0.0,3.25,8.0,0.0,0.0,0.0
2016,3,15,4,30,0.0,0.0,3.3,8.0,0.0,0.0,0.0
2016,3,15,4,45,0.0,0.0,3.35,8.0,0.0,0.0,0.0
2016,3,15,5,0,0.0,0.0,3.4,8.0,0.0,0.0,0.0
2016,3,15,5,15,0.0,0.0,3.4,8.0,0.0,0.0,0.0
2016,3,15,5,30,0.0,0.0,3.4,8.0,0.0,0.0,0.0
2016,3,15,5,45,0.0,0.0,3.4,8.0,0.0,0.0,0.0
2016,3,15,6,0,0.0,0.0,3.4,8.0,0.0,0.0,0.0
2016,3,15,6,15,23.5,5.0,3.4,8.5,5.5,0.0,0.0
2016,3,15,6,30,47.0,10.0,3.4,9.0,11.0,9.83,0.0
2016,3,15,6,45,194.5,25.0,3.4,9.5,47.0,19.31,8.64
2016,3,15,7,0,342.0,40.0,3.4,10.0,83.0,30.71,21.31
2016,3,15,7,15,435.0,50.5,3.4,10.0,131.0,37.08,27.66
2016,3,15,7,30,528.0,61.0,3.4,10.0,179.0,43.09,33.42
2016,3,15,7,45,594.0,66.5,3.4,10.5,231.5,64.39,37.68
2016,3,15,8,0,660.0,72.0,3.4,11.0,284.0,107.31,60.31
2016,3,15,8,15,699.0,77.0,3.4,11.5,335.0,152.87,93.69
2016,3,15,8,30,738.0,82.0,3.4,12.0,386.0,205.29,137.29
2016,3,15,8,45,768.0,85.5,3.4,12.5,434.5,254.19,180.43
2016,3,15,9,0,798.0,89.0,3.4,13.0,483.0,305.35,226.06
2016,3,15,9,15,818.0,92.0,3.35,13.0,527.0,354.66,270.62
2016,3,15,9,30,838.0,95.0,3.3,13.0,571.0,404.72,315.05
2016,3,15,9,45,853.5,96.5,3.3,13.5,609.5,451.94,355.77
2016,3,15,10,0,869.0,98.0,3.3,14.0,648.0,498.96,395.2
2016,3,15,10,15,879.5,100.0,3.25,14.0,680.0,545.79,433.99
2016,3,15,10,30,890.0,102.0,3.2,14.0,712.0,588.79,468.94
2016,3,15,10,45,898.5,102.5,3.2,14.5,737.5,627.87,499.39
2016,3,15,11,0,907.0,103.0,3.2,15.0,763.0,665.24,527.8
2016,3,15,11,15,911.5,104.0,3.2,15.0,780.0,698.57,553.58
2016,3,15,11,30,916.0,105.0,3.2,15.0,797.0,729.59,577.05
2016,3,15,11,45,919.5,105.0,3.2,15.5,806.5,756.49,595.04
2016,3,15,12,0,923.0,105.0,3.2,16.0,816.0,780.73,611.04
2016,3,15,12,15,923.5,105.0,3.25,16.0,817.0,799.96,624.85
2016,3,15,12,30,924.0,105.0,3.3,16.0,818.0,816.21,636.66
2016,3,15,12,45,926.0,102.5,3.35,16.0,812.0,828.05,645.44
2016,3,15,13,0,928.0,100.0,3.4,16.0,806.0,836.76,652.14
2016,3,15,13,15,924.5,99.5,3.5,16.0,791.0,840.0,655.37
2016,3,15,13,30,921.0,99.0,3.6,16.0,776.0,840.02,656.48
2016,3,15,13,45,915.0,97.5,3.7,16.0,753.0,833.8,653.26
2016,3,15,14,0,909.0,96.0,3.8,16.0,730.0,824.44,647.92
2016,3,15,14,15,900.0,94.5,3.9,16.0,699.5,809.66,638.75
2016,3,15,14,30,891.0,93.0,4.0,16.0,669.0,791.98,627.54
2016,3,15,14,45,878.5,91.0,4.15,16.0,632.0,768.34,612.14
2016,3,15,15,0,866.0,89.0,4.3,16.0,595.0,742.2,594.93
2016,3,15,15,15,848.0,86.5,4.4,15.5,552.0,713.16,576.42
2016,3,15,15,30,830.0,84.0,4.5,15.0,509.0,678.36,553.19
2016,3,15,15,45,806.5,80.5,4.65,15.0,462.0,637.13,523.07
2016,3,15,16,0,783.0,77.0,4.8,15.0,415.0,594.82,490.63
2016,3,15,16,15,749.0,72.5,4.8,14.5,364.0,544.29,451.14
2016,3,15,16,30,715.0,68.0,4.8,14.0,313.0,494.01,410.61
2016,3,15,16,45,665.5,62.5,4.85,13.5,261.0,437.53,363.61
2016,3,15,17,0,616.0,57.0,4.9,13.0,209.0,381.18,315.05
2016,3,15,17,15,537.0,49.0,4.85,12.5,159.0,311.5,253.83
2016,3,15,17,30,458.0,41.0,4.8,12.0,109.0,247.67,196.0
2016,3,15,17,45,321.0,29.5,4.8,11.5,67.5,165.91,121.22
2016,3,15,18,0,184.0,18.0,4.8,11.0,26.0,87.69,0.0
2016,3,15,18,15,92.0,9.0,4.75,11.0,13.0,33.18,0.0
2016,3,15,18,30,0.0,0.0,4.7,11.0,0.0,0.0,0.0
2016,3,15,18,45,0.0,0.0,4.7,11.0,0.0,0.0,0.0
2016,3,15,19,0,0.0,0.0,4.7,11.0,0.0,0.0,0.0
2016,3,15,19,15,0.0,0.0,4.65,11.0,0.0,0.0,0.0
2016,3,15,19,30,0.0,0.0,4.6,11.0,0.0,0.0,0.0
2016,3,15,19,45,0.0,0.0,4.6,11.0,0.0,0.0,0.0
2016,3,15,20,0,0.0,0.0,4.6,11.0,0.0,0.0,0.0
2016,3,15,20,15,0.0,0.0,4.55,10.5,0.0,0.0,0.0
2016,3,15,20,30,0.0,0.0,4.5,10.0,0.0,0.0,0.0
2016,3,15,20,45,0.0,0.0,4.5,10.0,0.0,0.0,0.0
2016,3,15,21,0,0.0,0.0,4.5,10.0,0.0,0.0,0.0
2016,3,15,21,15,0.0,0.0,4.45,10.0,0.0,0.0,0.0
2016,3,15,21,30,0.0,0.0,4.4,10.0,0.0,0.0,0.0
2016,3,15,21,45,0.0,0.0,4.35,10.0,0.0,0.0,0.0
2016,3,15,22,0,0.0,0.0,4.3,10.0,0.0,0.0,0.0
2016,3,15,22,15,0.0,0.0,4.2,10.0,0.0,0.0,0.0
2016,3,15,22,30,0.0,0.0,4.1,10.0,0.0,0.0,0.0
2016,3,15,22,45,0.0,0.0,4.0,10.0,0.0,0.0,0.0
2016,3,15,23,0,0.0,0.0,3.9,10.0,0.0,0.0,0.0
2016,3,15,23,15,0.0,0.0,3.8,9.5,0.0,0.0,0.0
2016,3,15,23,30,0.0,0.0,3.7,9.0,0.0,0.0,0.0
2016,3,15,23,45,0.0,0.0,3.65,9.0,0.0,0.0,0.0
2016,3,16,0,0,0.0,0.0,3.6,9.0,0.0,0.0,0.0
2016,3,16,0,15,0.0,0.0,3.5,9.0,0.0,0.0,0.0
2016,3,16,0,30,0.0,0.0,3.4,9.0,0.0,0.0,0.0
2016,3,16,0,45,0.0,0.0,3.3,9.0,0.0,0.0,0.0
2016,3,16,1,0,0.0,0.0,3.2,9.0,0.0,0.0,0.0
2016,3,16,1,15,0.0,0.0,3.1,9.0,0.0,0.0,0.0
2016,3,16,1,30,0.0,0.0,3.0,9.0,0.0,0.0,0.0
2016,3,16,1,45,0.0,0.0,2.9,9.0,0.0,0.0,0.0
2016,3,16,2,0,0.0,0.0,2.8,9.0,0.0,0.0,0.0
2016,3,16,2,15,0.0,0.0,2.65,9.0,0.0,0.0,0.0
2016,3,16,2,30,0.0,0.0,2.5,9.0,0.0,0.0,0.0
2016,3,16,2,45,0.0,0.0,2.45,9.0,0.0,0.0,0.0
2016,3,16,3,0,0.0,0.0,2.4,9.0,0.0,0.0,0.0
2016,3,16,3,15,0.0,0.0,2.3,9.0,0.0,0.0,0.0
2016,3,16,3,30,0.0,0.0,2.2,9.0,0.0,0.0,0.0
2016,3,16,3,45,0.0,0.0,2.15,9.0,0.0,0.0,0.0
2016,3,16,4,0,0.0,0.0,2.1,9.0,0.0,0.0,0.0
2016,3,16,4,15,0.0,0.0,2.0,9.0,0.0,0.0,0.0
2016,3,16,4,30,0.0,0.0,1.9,9.0,0.0,0.0,0.0
2016,3,16,4,45,0.0,0.0,1.8,9.0,0.0,0.0,0.0
2016,3,16,5,0,0.0,0.0,1.7,9.0,0.0,0.0,0.0
2016,3,16,5,15,0.0,0.0,1.6,9.0,0.0,0.0,0.0
2016,3,16,5,30,0.0,0.0,1.5,9.0,0.0,0.0,0.0
2016,3,16,5,45,0.0,0.0,1.45,9.0,0.0,0.0,0.0
2016,3,16,6,0,0.0,0.0,1.4,9.0,0.0,0.0,0.0
2016,3,16,6,15,45.5,6.0,1.35,9.5,7.0,0.0,0.0
2016,3,16,6,30,91.0,12.0,1.3,10.0,14.0,11.8,0.0
2016,3,16,6,45,242.0,25.5,1.3,10.5,51.5,19.61,9.59
2016,3,16,7,0,393.0,39.0,1.3,11.0,89.0,29.41,20.22
2016,3,16,7,15,482.5,48.0,1.35,11.0,138.5,34.48,25.3
2016,3,16,7,30,572.0,57.0,1.4,11.0,188.0,39.28,29.92
2016,3,16,7,45,629.5,63.0,1.45,11.5,240.5,65.83,36.32
2016,3,16,8,0,687.0,69.0,1.5,12.0,293.0,110.64,61.09
2016,3,16,8,15,724.5,73.5,1.6,12.5,344.0,160.36,98.2
2016,3,16,8,30,762.0,78.0,1.7,13.0,395.0,210.1,139.54
2016,3,16,8,45,790.0,81.5,1.85,13.5,444.0,259.88,183.29
2016,3,16,9,0,818.0,85.0,2.0,14.0,493.0,311.68,229.16
2016,3,16,9,15,837.5,88.0,2.05,14.5,537.5,361.86,273.43
2016,3,16,9,30,857.0,91.0,2.1,15.0,582.0,412.69,317.26
2016,3,16,9,45,871.5,92.5,2.2,15.5,620.5,463.42,360.01
2016,3,16,10,0,886.0,94.0,2.3,16.0,659.0,510.46,398.84
2016,3,16,10,15,896.0,96.0,2.35,16.0,691.5,555.01,435.39
2016,3,16,10,30,906.0,98.0,2.4,16.0,724.0,598.35,470.16
2016,3,16,10,45,913.5,99.0,2.45,16.5,749.0,637.85,500.42
2016,3,16,11,0,921.0,100.0,2.5,17.0,774.0,675.54,528.63
2016,3,16,11,15,925.5,100.5,2.5,17.0,791.0,708.78,553.77
2016,3,16,11,30,930.0,101.0,2.5,17.0,808.0,739.66,576.18
2016,3,16,11,45,932.5,101.0,2.55,17.0,817.0,766.13,594.83
2016,3,16,12,0,935.0,101.0,2.6,17.0,826.0,789.85,611.58
2016,3,16,12,15,935.0,101.0,2.65,17.0,826.5,808.83,625.04
2016,3,16,12,30,935.0,101.0,2.7,17.0,827.0,824.79,636.5
2016,3,16,12,45,937.0,98.5,2.75,17.5,820.0,836.67,644.01
2016,3,16,13,0,939.0,96.0,2.8,18.0,813.0,845.39,649.43
2016,3,16,13,15,934.5,95.0,2.85,18.0,797.5,847.25,651.44
2016,3,16,13,30,930.0,94.0,2.9,18.0,782.0,845.85,651.35
2016,3,16,13,45,924.0,93.0,2.95,18.0,758.5,840.01,648.31
2016,3,16,14,0,918.0,92.0,3.0,18.0,735.0,831.01,643.19
2016,3,16,14,15,908.5,90.5,3.05,18.0,704.0,815.62,633.66
2016,3,16,14,30,899.0,89.0,3.1,18.0,673.0,797.32,622.14
2016,3,16,14,45,886.0,86.5,3.2,18.0,635.5,772.47,606.19
2016,3,16,15,0,873.0,84.0,3.3,18.0,598.0,745.11,588.34
2016,3,16,15,15,856.0,82.0,3.3,17.5,555.0,713.11,567.56
2016,3,16,15,30,839.0,80.0,3.3,17.0,512.0,683.13,548.05
2016,3,16,15,45,815.0,76.5,3.35,17.0,464.5,641.16,518.07
2016,3,16,16,0,791.0,73.0,3.4,17.0,417.0,598.14,485.6
2016,3,16,16,15,758.0,69.0,3.35,16.5,366.5,548.36,447.55
2016,3,16,16,30,725.0,65.0,3.3,16.0,316.0,498.78,408.45
2016,3,16,16,45,676.5,60.0,3.25,15.5,264.0,440.35,360.89
2016,3,16,17,0,628.0,55.0,3.2,15.0,212.0,386.69,315.38
2016,3,16,17,15,551.5,47.5,3.2,14.5,162.0,317.93,256.16
2016,3,16,17,30,475.0,40.0,3.2,14.0,112.0,254.84,199.9
2016,3,16,17,45,342.0,29.0,3.25,14.0,70.0,173.8,126.76
2016,3,16,18,0,209.0,18.0,3.3,14.0,28.0,96.74,4.97
2016,3,16,18,15,104.5,9.0,3.35,13.5,14.0,36.76,0.0
2016,3,16,18,30,0.0,0.0,3.4,13.0,0.0,0.0,0.0
2016,3,16,18,45,0.0,0.0,3.45,13.0,0.0,0.0,0.0
2016,3,16,19,0,0.0,0.0,3.5,13.0,0.0,0.0,0.0
2016,3,16,19,15,0.0,0.0,3.4,12.5,0.0,0.0,0.0
2016,3,16,19,30,0.0,0.0,3.3,12.0,0.0,0.0,0.0
2016,3,16,19,45,0.0,0.0,3.25,12.0,0.0,0.0,0.0
2016,3,16,20,0,0.0,0.0,3.2,12.0,0.0,0.0,0.0
2016,3,16,20,15,0.0,0.0,3.05,12.0,0.0,0.0,0.0
2016,3,16,20,30,0.0,0.0,2.9,12.0,0.0,0.0,0.0
2016,3,16,20,45,0.0,0.0,2.8,12.0,0.0,0.0,0.0
2016,3,16,21,0,0.0,0.0,2.7,12.0,0.0,0.0,0.0
2016,3,16,21,15,0.0,0.0,2.55,12.0,0.0,0.0,0.0
2016,3,16,21,30,0.0,0.0,2.4,12.0,0.0,0.0,0.0
2016,3,16,21,45,0.0,0.0,2.25,12.0,0.0,0.0,0.0
2016,3,16,22,0,0.0,0.0,2.1,12.0,0.0,0.0,0.0
2016,3,16,22,15,0.0,0.0,1.95,12.0,0.0,0.0,0.0
2016,3,16,22,30,0.0,0.0,1.8,12.0,0.0,0.0,0.0
2016,3,16,22,45,0.0,0.0,1.7,12.0,0.0,0.0,0.0
2016,3,16,23,0,0.0,0.0,1.6,12.0,0.0,0.0,0.0
2016,3,16,23,15,0.0,0.0,1.5,12.0,0.0,0.0,0.0
2016,3,16,23,30,0.0,0.0,1.4,12.0,0.0,0.0,0.0
2016,3,16,23,45,0.0,0.0,1.35,12.0,0.0,0.0,0.0
2016,3,17,0,0,0.0,0.0,1.3,12.0,0.0,0.0,0.0
2016,3,17,0,15,0.0,0.0,1.3,12.0,0.0,0.0,0.0
2016,3,17,0,30,0.0,0.0,1.3,12.0,0.0,0.0,0.0
2016,3,17,0,45,0.0,0.0,1.3,12.0,0.0,0.0,0.0
2016,3,17,1,0,0.0,0.0,1.3,12.0,0.0,0.0,0.0
2016,3,17,1,15,0.0,0.0,1.35,12.0,0.0,0.0,0.0
2016,3,17,1,30,0.0,0.0,1.4,12.0,0.0,0.0,0.0
2016,3,17,1,45,0.0,0.0,1.45,12.0,0.0,0.0,0.0
2016,3,17,2,0,0.0,0.0,1.5,12.0,0.0,0.0,0.0
2016,3,17,2,15,0.0,0.0,1.55,12.0,0.0,0.0,0.0
2016,3,17,2,30,0.0,0.0,1.6,12.0,0.0,0.0,0.0
2016,3,17,2,45,0.0,0.0,1.65,12.0,0.0,0.0,0.0
2016,3,17,3,0,0.0,0.0,1.7,12.0,0.0,0.0,0.0
2016,3,17,3,15,0.0,0.0,1.75,11.5,0.0,0.0,0.0
2016,3,17,3,30,0.0,0.0,1.8,11.0,0.0,0.0,0.0
2016,3,17,3,45,0.0,0.0,1.9,11.0,0.0,0.0,0.0
2016,3,17,4,0,0.0,0.0,2.0,11.0,0.0,0.0,0.0
2016,3,17,4,15,0.0,0.0,2.05,11.0,0.0,0.0,0.0
2016,3,17,4,30,0.0,0.0,2.1,11.0,0.0,0.0,0.0
2016,3,17,4,45,0.0,0.0,2.2,11.0,0.0,0.0,0.0
2016,3,17,5,0,0.0,0.0,2.3,11.0,0.0,0.0,0.0
2016,3,17,5,15,0.0,0.0,2.35,11.0,0.0,0.0,0.0
2016,3,17,5,30,0.0,0.0,2.4,11.0,0.0,0.0,0.0
2016,3,17,5,45,0.0,0.0,2.5,11.0,0.0,0.0,0.0
2016,3,17,6,0,0.0,0.0,2.6,11.0,0.0,0.0,0.0
2016,3,17,6,15,74.5,6.5,2.7,11.5,8.5,0.0,0.0
2016,3,17,6,30,149.0,13.0,2.8,12.0,17.0,12.78,0.0
2016,3,17,6,45,299.0,25.0,2.95,12.5,57.0,18.87,9.4
2016,3,17,7,0,449.0,37.0,3.1,13.0,97.0,27.25,18.19
2016,3,17,7,15,534.0,45.0,3.05,13.0,147.5,31.57,22.5
2016,3,17,7,30,619.0,53.0,3.0,13.0,198.0,35.66,26.41
2016,3,17,7,45,672.5,58.5,2.95,13.5,251.5,70.5,37.31
2016,3,17,8,0,726.0,64.0,2.9,14.0,305.0,116.82,63.69
2016,3,17,8,15,762.0,68.5,2.75,14.5,357.0,165.09,99.97
2016,3,17,8,30,798.0,73.0,2.6,15.0,409.0,216.66,143.14
2016,3,17,8,45,823.5,76.0,2.5,15.5,458.0,267.34,187.78
2016,3,17,9,0,849.0,79.0,2.4,16.0,507.0,319.71,234.03
2016,3,17,9,15,867.0,82.0,2.35,16.0,551.5,374.52,282.23
2016,3,17,9,30,885.0,85.0,2.3,16.0,596.0,425.96,326.83
2016,3,17,9,45,898.0,87.0,2.25,16.5,635.0,474.43,367.41
2016,3,17,10,0,911.0,89.0,2.2,17.0,674.0,522.34,406.25
2016,3,17,10,15,920.5,90.5,2.1,17.5,706.5,567.16,441.32
2016,3,17,10,30,930.0,92.0,2.0,18.0,739.0,610.67,474.2
2016,3,17,10,45,936.5,93.5,1.95,18.5,764.0,650.86,503.85
2016,3,17,11,0,943.0,95.0,1.9,19.0,789.0,689.11,531.22
2016,3,17,11,15,947.0,95.5,1.85,19.0,806.0,722.63,555.57
2016,3,17,11,30,951.0,96.0,1.8,19.0,823.0,753.7,576.61
2016,3,17,11,45,952.5,96.5,1.75,19.5,832.0,780.37,592.98
2016,3,17,12,0,954.0,97.0,1.7,20.0,841.0,804.21,607.27
2016,3,17,12,15,954.0,97.0,1.65,20.0,841.5,823.46,619.55
2016,3,17,12,30,954.0,97.0,1.6,20.0,842.0,839.62,629.78
2016,3,17,12,45,952.0,97.0,1.55,20.0,834.5,851.03,636.9
2016,3,17,13,0,950.0,97.0,1.5,20.0,827.0,859.2,641.96
2016,3,17,13,15,946.0,96.0,1.5,20.0,811.0,861.46,643.81
2016,3,17,13,30,942.0,95.0,1.5,20.0,795.0,860.41,643.65
2016,3,17,13,45,935.0,94.0,1.5,20.5,771.0,853.67,638.65
2016,3,17,14,0,928.0,93.0,1.5,21.0,747.0,843.74,631.69
2016,3,17,14,15,919.0,91.5,1.55,21.0,716.0,828.58,623.13
2016,3,17,14,30,910.0,90.0,1.6,21.0,685.0,810.45,612.62
2016,3,17,14,45,897.0,88.5,1.65,21.0,647.5,786.45,598.09
2016,3,17,15,0,884.0,87.0,1.7,21.0,610.0,759.91,581.75
2016,3,17,15,15,866.5,84.0,1.75,20.5,566.5,726.1,561.21
2016,3,17,15,30,849.0,81.0,1.8,20.0,523.0,694.32,541.8
2016,3,17,15,45,825.5,78.0,1.9,20.0,475.0,652.85,514.14
2016,3,17,16,0,802.0,75.0,2.0,20.0,427.0,610.27,483.69
2016,3,17,16,15,769.0,71.0,1.95,19.5,375.5,559.97,446.58
2016,3,17,16,30,736.0,67.0,1.9,19.0,324.0,509.82,408.38
2016,3,17,16,45,687.5,61.5,1.9,18.5,271.5,450.19,361.58
2016,3,17,17,0,639.0,56.0,1.9,18.0,219.0,395.36,316.62
2016,3,17,17,15,562.5,48.5,1.95,17.5,167.5,325.85,258.41
2016,3,17,17,30,486.0,41.0,2.0,17.0,116.0,261.96,202.82
2016,3,17,17,45,354.0,29.5,2.05,16.5,73.0,179.71,130.62
2016,3,17,18,0,222.0,18.0,2.1,16.0,30.0,102.14,19.01
2016,3,17,18,15,111.0,9.0,2.2,15.5,15.0,38.79,0.0
2016,3,17,18,30,0.0,0.0,2.3,15.0,0.0,0.0,0.0
2016,3,17,18,45,0.0,0.0,2.4,15.0,0.0,0.0,0.0
2016,3,17,19,0,0.0,0.0,2.5,15.0,0.0,0.0,0.0
2016,3,17,19,15,0.0,0.0,2.6,14.5,0.0,0.0,0.0
2016,3,17,19,30,0.0,0.0,2.7,14.0,0.0,0.0,0.0
2016,3,17,19,45,0.0,0.0,2.85,13.5,0.0,0.0,0.0
2016,3,17,20,0,0.0,0.0,3.0,13.0,0.0,0.0,0.0
2016,3,17,20,15,0.0,0.0,3.05,12.5,0.0,0.0,0.0
2016,3,17,20,30,0.0,0.0,3.1,12.0,0.0,0.0,0.0
2016,3,17,20,45,0.0,0.0,3.2,12.0,0.0,0.0,0.0
2016,3,17,21,0,0.0,0.0,3.3,12.0,0.0,0.0,0.0
2016,3,17,21,15,0.0,0.0,3.15,12.0,0.0,0.0,0.0
2016,3,17,21,30,0.0,0.0,3.0,12.0,0.0,0.0,0.0
2016,3,17,21,45,0.0,0.0,2.9,12.0,0.0,0.0,0.0
2016,3,17,22,0,0.0,0.0,2.8,12.0,0.0,0.0,0.0
2016,3,17,22,15,0.0,0.0,2.65,11.5,0.0,0.0,0.0
2016,3,17,22,30,0.0,0.0,2.5,11.0,0.0,0.0,0.0
2016,3,17,22,45,0.0,0.0,2.4,11.0,0.0,0.0,0.0
2016,3,17,23,0,0.0,0.0,2.3,11.0,0.0,0.0,0.0
2016,3,17,23,15,0.0,0.0,2.2,11.0,0.0,0.0,0.0
2016,3,17,23,30,0.0,0.0,2.1,11.0,0.0,0.0,0.0
2016,3,17,23,45,0.0,0.0,2.05,11.0,0.0,0.0,0.0
2016,3,18,0,0,0.0,0.0,2.0,11.0,0.0,0.0,0.0
2016,3,18,0,15,0.0,0.0,2.0,11.0,0.0,0.0,0.0
2016,3,18,0,30,0.0,0.0,2.0,11.0,0.0,0.0,0.0
2016,3,18,0,45,0.0,0.0,2.0,11.0,0.0,0.0,0.0
2016,3,18,1,0,0.0,0.0,2.0,11.0,0.0,0.0,0.0
2016,3,18,1,15,0.0,0.0,2.05,10.5,0.0,0.0,0.0
2016,3,18,1,30,0.0,0.0,2.1,10.0,0.0,0.0,0.0
2016,3,18,1,45,0.0,0.0,2.2,10.0,0.0,0.0,0.0
2016,3,18,2,0,0.0,0.0,2.3,10.0,0.0,0.0,0.0
2016,3,18,2,15,0.0,0.0,2.4,10.0,0.0,0.0,0.0
2016,3,18,2,30,0.0,0.0,2.5,10.0,0.0,0.0,0.0
2016,3,18,2,45,0.0,0.0,2.6,10.0,0.0,0.0,0.0
2016,3,18,3,0,0.0,0.0,2.7,10.0,0.0,0.0,0.0
2016,3,18,3,15,0.0,0.0,2.7,10.0,0.0,0.0,0.0
2016,3,18,3,30,0.0,0.0,2.7,10.0,0.0,0.0,0.0
2016,3,18,3,45,0.0,0.0,2.75,10.0,0.0,0.0,0.0
2016,3,18,4,0,0.0,0.0,2.8,10.0,0.0,0.0,0.0
2016,3,18,4,15,0.0,0.0,2.85,10.0,0.0,0.0,0.0
2016,3,18,4,30,0.0,0.0,2.9,10.0,0.0,0.0,0.0
2016,3,18,4,45,0.0,0.0,2.95,10.0,0.0,0.0,0.0
2016,3,18,5,0,0.0,0.0,3.0,10.0,0.0,0.0,0.0
2016,3,18,5,15,0.0,0.0,3.0,10.0,0.0,0.0,0.0
2016,3,18,5,30,0.0,0.0,3.0,10.0,0.0,0.0,0.0
2016,3,18,5,45,0.0,0.0,3.05,10.0,0.0,0.0,0.0
2016,3,18,6,0,0.0,0.0,3.1,10.0,0.0,0.0,0.0
2016,3,18,6,15,76.5,7.5,3.15,10.5,10.5,7.37,0.0
2016,3,18,6,30,153.0,15.0,3.2,11.0,21.0,11.56,0.0
2016,3,18,6,45,294.5,27.5,3.25,11.5,61.0,20.95,11.53
2016,3,18,7,0,436.0,40.0,3.3,12.0,101.0,29.69,20.49
2016,3,18,7,15,520.5,48.5,3.2,12.0,151.5,34.3,25.08
2016,3,18,7,30,605.0,57.0,3.1,12.0,202.0,38.66,29.24
2016,3,18,7,45,302.5,57.5,3.05,12.0,130.0,55.69,33.76
2016,3,18,8,0,0.0,58.0,3.0,12.0,58.0,56.04,42.61
2016,3,18,8,15,43.0,118.5,3.0,12.0,137.0,114.78,90.46
2016,3,18,8,30,86.0,179.0,3.0,12.0,216.0,177.06,140.57
2016,3,18,8,45,44.0,170.5,3.0,12.5,190.0,166.57,133.07
2016,3,18,9,0,2.0,162.0,3.0,13.0,164.0,153.59,123.11
2016,3,18,9,15,86.5,214.5,3.0,13.0,265.5,227.2,181.54
2016,3,18,9,30,171.0,267.0,3.0,13.0,367.0,308.61,245.95
2016,3,18,9,45,134.5,283.0,3.0,13.5,365.0,316.83,252.28
2016,3,18,10,0,98.0,299.0,3.0,14.0,363.0,324.46,257.8
2016,3,18,10,15,100.0,314.5,2.95,14.0,382.5,345.67,274.27
2016,3,18,10,30,102.0,330.0,2.9,14.0,402.0,366.93,290.58
2016,3,18,10,45,102.0,342.0,2.9,14.0,416.0,383.85,303.47
2016,3,18,11,0,102.0,354.0,2.9,14.0,430.0,400.61,316.17
2016,3,18,11,15,102.0,362.5,2.85,14.0,439.5,413.94,326.15
2016,3,18,11,30,102.0,371.0,2.8,14.0,449.0,427.06,335.93
2016,3,18,11,45,316.5,328.0,2.75,14.5,575.5,547.58,431.51
2016,3,18,12,0,531.0,285.0,2.7,15.0,702.0,677.6,530.48
2016,3,18,12,15,729.0,200.0,2.65,15.0,772.0,759.96,594.14
2016,3,18,12,30,927.0,115.0,2.6,15.0,842.0,840.78,652.0
2016,3,18,12,45,773.5,181.0,2.6,15.0,784.5,802.09,624.05
2016,3,18,13,0,620.0,247.0,2.6,15.0,727.0,754.77,587.66
2016,3,18,13,15,673.0,217.5,2.65,15.0,728.5,774.43,604.54
2016,3,18,13,30,726.0,188.0,2.7,15.0,730.0,791.27,618.83
2016,3,18,13,45,806.5,152.0,2.8,15.0,737.0,817.91,639.07
2016,3,18,14,0,887.0,116.0,2.9,15.0,744.0,842.63,657.98
2016,3,18,14,15,831.5,124.0,2.95,15.0,693.5,801.35,629.55
2016,3,18,14,30,776.0,132.0,3.0,15.0,643.0,758.25,600.02
2016,3,18,14,45,782.5,119.5,3.15,15.0,610.0,739.73,588.75
2016,3,18,15,0,789.0,107.0,3.3,15.0,577.0,718.09,574.9
2016,3,18,15,15,671.0,131.5,3.3,14.5,511.5,645.93,522.23
2016,3,18,15,30,553.0,156.0,3.3,14.0,446.0,570.93,464.83
2016,3,18,15,45,559.5,138.5,3.35,14.0,408.5,542.13,444.04
2016,3,18,16,0,566.0,121.0,3.4,14.0,371.0,514.68,423.42
2016,3,18,16,15,522.0,117.0,3.3,13.5,326.5,462.29,382.21
2016,3,18,16,30,478.0,113.0,3.2,13.0,282.0,415.26,344.31
2016,3,18,16,45,445.0,98.5,3.15,13.0,236.0,364.09,301.77
2016,3,18,17,0,412.0,84.0,3.1,13.0,190.0,314.41,259.24
2016,3,18,17,15,355.0,69.0,2.95,12.5,145.5,255.04,207.85
2016,3,18,17,30,298.0,54.0,2.8,12.0,101.0,200.01,158.93
2016,3,18,17,45,202.0,37.5,2.65,11.5,64.0,133.68,99.77
2016,3,18,18,0,106.0,21.0,2.5,11.0,27.0,68.97,19.34
2016,3,18,18,15,53.0,10.5,2.45,11.0,13.5,24.77,0.0
2016,3,18,18,30,0.0,0.0,2.4,11.0,0.0,0.0,0.0
2016,3,18,18,45,0.0,0.0,2.4,11.0,0.0,0.0,0.0
2016,3,18,19,0,0.0,0.0,2.4,11.0,0.0,0.0,0.0
2016,3,18,19,15,0.0,0.0,2.35,10.5,0.0,0.0,0.0
2016,3,18,19,30,0.0,0.0,2.3,10.0,0.0,0.0,0.0
2016,3,18,19,45,0.0,0.0,2.25,10.0,0.0,0.0,0.0
2016,3,18,20,0,0.0,0.0,2.2,10.0,0.0,0.0,0.0
2016,3,18,20,15,0.0,0.0,2.15,10.0,0.0,0.0,0.0
2016,3,18,20,30,0.0,0.0,2.1,10.0,0.0,0.0,0.0
2016,3,18,20,45,0.0,0.0,2.1,10.0,0.0,0.0,0.0
2016,3,18,21,0,0.0,0.0,2.1,10.0,0.0,0.0,0.0
2016,3,18,21,15,0.0,0.0,2.05,10.0,0.0,0.0,0.0
2016,3,18,21,30,0.0,0.0,2.0,10.0,0.0,0.0,0.0
2016,3,18,21,45,0.0,0.0,2.0,10.0,0.0,0.0,0.0
2016,3,18,22,0,0.0,0.0,2.0,10.0,0.0,0.0,0.0
2016,3,18,22,15,0.0,0.0,2.0,10.0,0.0,0.0,0.0
2016,3,18,22,30,0.0,0.0,2.0,10.0,0.0,0.0,0.0
2016,3,18,22,45,0.0,0.0,2.0,10.0,0.0,0.0,0.0
2016,3,18,23,0,0.0,0.0,2.0,10.0,0.0,0.0,0.0
2016,3,18,23,15,0.0,0.0,2.0,10.0,0.0,0.0,0.0
2016,3,18,23,30,0.0,0.0,2.0,10.0,0.0,0.0,0.0
2016,3,18,23,45,0.0,0.0,2.0,10.5,0.0,0.0,0.0
2016,3,19,0,0,0.0,0.0,2.0,11.0,0.0,0.0,0.0
2016,3,19,0,15,0.0,0.0,2.0,11.0,0.0,0.0,0.0
2016,3,19,0,30,0.0,0.0,2.0,11.0,0.0,0.0,0.0
2016,3,19,0,45,0.0,0.0,2.0,11.0,0.0,0.0,0.0
2016,3,19,1,0,0.0,0.0,2.0,11.0,0.0,0.0,0.0
2016,3,19,1,15,0.0,0.0,2.0,11.0,0.0,0.0,0.0
2016,3,19,1,30,0.0,0.0,2.0,11.0,0.0,0.0,0.0
2016,3,19,1,45,0.0,0.0,2.0,11.0,0.0,0.0,0.0
2016,3,19,2,0,0.0,0.0,2.0,11.0,0.0,0.0,0.0
2016,3,19,2,15,0.0,0.0,2.0,11.0,0.0,0.0,0.0
2016,3,19,2,30,0.0,0.0,2.0,11.0,0.0,0.0,0.0
2016,3,19,2,45,0.0,0.0,2.0,11.0,0.0,0.0,0.0
2016,3,19,3,0,0.0,0.0,2.0,11.0,0.0,0.0,0.0
2016,3,19,3,15,0.0,0.0,1.95,11.0,0.0,0.0,0.0
2016,3,19,3,30,0.0,0.0,1.9,11.0,0.0,0.0,0.0
2016,3,19,3,45,0.0,0.0,1.85,11.0,0.0,0.0,0.0
2016,3,19,4,0,0.0,0.0,1.8,11.0,0.0,0.0,0.0
2016,3,19,4,15,0.0,0.0,1.75,11.0,0.0,0.0,0.0
2016,3,19,4,30,0.0,0.0,1.7,11.0,0.0,0.0,0.0
2016,3,19,4,45,0.0,0.0,1.7,11.0,0.0,0.0,0.0
2016,3,19,5,0,0.0,0.0,1.7,11.0,0.0,0.0,0.0
2016,3,19,5,15,0.0,0.0,1.7,11.0,0.0,0.0,0.0
2016,3,19,5,30,0.0,0.0,1.7,11.0,0.0,0.0,0.0
2016,3,19,5,45,0.0,0.0,1.75,11.0,0.0,0.0,0.0
2016,3,19,6,0,0.0,0.0,1.8,11.0,0.0,0.0,0.0
2016,3,19,6,15,0.0,5.0,1.9,11.0,5.0,4.91,0.0
2016,3,19,6,30,0.0,10.0,2.0,11.0,10.0,9.64,0.0
2016,3,19,6,45,0.0,27.5,2.15,11.5,27.5,26.34,16.35
2016,3,19,7,0,0.0,45.0,2.3,12.0,45.0,42.34,31.69
2016,3,19,7,15,3.5,65.5,2.35,12.0,66.5,60.59,48.54
2016,3,19,7,30,7.0,86.0,2.4,12.0,88.0,78.61,64.98
2016,3,19,7,45,14.5,106.0,2.5,12.5,111.0,97.87,77.65
2016,3,19,8,0,22.0,126.0,2.6,13.0,134.0,118.17,94.0
2016,3,19,8,15,183.5,144.0,2.6,13.0,222.5,153.69,116.35
2016,3,19,8,30,345.0,162.0,2.6,13.0,311.0,209.4,156.49
2016,3,19,8,45,220.5,193.5,2.65,13.5,293.0,227.62,176.78
2016,3,19,9,0,96.0,225.0,2.7,14.0,275.0,232.92,184.74
2016,3,19,9,15,460.5,159.5,2.75,14.0,427.5,302.27,235.32
2016,3,19,9,30,825.0,94.0,2.8,14.0,580.0,415.54,324.09
2016,3,19,9,45,836.5,97.5,2.85,14.5,617.0,462.4,363.57
2016,3,19,10,0,848.0,101.0,2.9,15.0,654.0,508.74,401.8
2016,3,19,10,15,858.0,103.0,2.9,15.0,685.5,554.46,439.13
2016,3,19,10,30,868.0,105.0,2.9,15.0,717.0,596.38,472.79
2016,3,19,10,45,873.0,107.0,2.95,15.0,740.5,633.93,502.61
2016,3,19,11,0,878.0,109.0,3.0,15.0,764.0,669.61,530.49
2016,3,19,11,15,883.0,110.0,2.95,15.0,781.0,702.3,555.29
2016,3,19,11,30,888.0,111.0,2.9,15.0,798.0,732.79,577.3
2016,3,19,11,45,756.5,182.0,2.9,15.0,772.0,730.32,573.45
2016,3,19,12,0,625.0,253.0,2.9,15.0,746.0,720.08,563.03
2016,3,19,12,15,592.0,266.0,2.85,15.0,733.5,721.72,563.69
2016,3,19,12,30,559.0,279.0,2.8,15.0,721.0,721.06,562.51
2016,3,19,12,45,396.0,329.0,2.8,15.0,640.5,647.41,505.38
2016,3,19,13,0,233.0,379.0,2.8,15.0,560.0,568.83,443.78
2016,3,19,13,15,238.5,367.5,2.8,15.0,550.0,565.74,442.66
2016,3,19,13,30,244.0,356.0,2.8,15.0,540.0,561.66,440.39
2016,3,19,13,45,157.0,340.0,2.8,15.0,457.0,476.83,375.14
2016,3,19,14,0,70.0,324.0,2.8,15.0,374.0,385.23,303.67
2016,3,19,14,15,136.5,317.5,2.8,15.0,410.0,439.87,348.55
2016,3,19,14,30,203.0,311.0,2.8,15.0,446.0,486.24,386.11
2016,3,19,14,45,280.5,279.0,2.85,15.0,454.0,518.45,413.4
2016,3,19,15,0,358.0,247.0,2.9,15.0,462.0,539.33,432.17
2016,3,19,15,15,311.0,236.0,2.95,14.5,413.0,487.57,393.23
2016,3,19,15,30,264.0,225.0,3.0,14.0,364.0,436.95,354.78
2016,3,19,15,45,267.0,202.5,3.15,14.0,332.5,408.9,334.13
2016,3,19,16,0,270.0,180.0,3.3,14.0,301.0,379.59,311.91
2016,3,19,16,15,259.0,160.5,3.3,13.5,265.0,343.93,284.14
2016,3,19,16,30,248.0,141.0,3.3,13.0,229.0,308.16,255.58
2016,3,19,16,45,239.0,119.0,3.3,13.0,193.0,270.49,224.26
2016,3,19,17,0,230.0,97.0,3.3,13.0,157.0,232.67,191.93
2016,3,19,17,15,203.0,77.0,3.1,12.5,121.5,189.04,153.99
2016,3,19,17,30,176.0,57.0,2.9,12.0,86.0,147.04,116.61
2016,3,19,17,45,122.5,39.0,2.7,12.0,55.5,99.76,74.0
2016,3,19,18,0,69.0,21.0,2.5,12.0,25.0,52.34,17.87
2016,3,19,18,15,34.5,10.5,2.4,11.5,12.5,19.82,0.0
2016,3,19,18,30,0.0,0.0,2.3,11.0,0.0,0.0,0.0
2016,3,19,18,45,0.0,0.0,2.25,11.0,0.0,0.0,0.0
2016,3,19,19,0,0.0,0.0,2.2,11.0,0.0,0.0,0.0
2016,3,19,19,15,0.0,0.0,2.15,11.0,0.0,0.0,0.0
2016,3,19,19,30,0.0,0.0,2.1,11.0,0.0,0.0,0.0
2016,3,19,19,45,0.0,0.0,2.05,11.0,0.0,0.0,0.0
2016,3,19,20,0,0.0,0.0,2.0,11.0,0.0,0.0,0.0
2016,3,19,20,15,0.0,0.0,2.05,10.5,0.0,0.0,0.0
2016,3,19,20,30,0.0,0.0,2.1,10.0,0.0,0.0,0.0
2016,3,19,20,45,0.0,0.0,2.15,10.0,0.0,0.0,0.0
2016,3,19,21,0,0.0,0.0,2.2,10.0,0.0,0.0,0.0
2016,3,19,21,15,0.0,0.0,2.25,10.0,0.0,0.0,0.0
2016,3,19,21,30,0.0,0.0,2.3,10.0,0.0,0.0,0.0
2016,3,19,21,45,0.0,0.0,2.4,10.0,0.0,0.0,0.0
2016,3,19,22,0,0.0,0.0,2.5,10.0,0.0,0.0,0.0
2016,3,19,22,15,0.0,0.0,2.55,10.0,0.0,0.0,0.0
2016,3,19,22,30,0.0,0.0,2.6,10.0,0.0,0.0,0.0
2016,3,19,22,45,0.0,0.0,2.65,10.0,0.0,0.0,0.0
2016,3,19,23,0,0.0,0.0,2.7,10.0,0.0,0.0,0.0
2016,3,19,23,15,0.0,0.0,2.75,10.0,0.0,0.0,0.0
2016,3,19,23,30,0.0,0.0,2.8,10.0,0.0,0.0,0.0
2016,3,19,23,45,0.0,0.0,2.85,10.5,0.0,0.0,0.0
2016,3,20,0,0,0.0,0.0,2.9,11.0,0.0,0.0,0.0
2016,3,20,0,15,0.0,0.0,2.95,11.0,0.0,0.0,0.0
2016,3,20,0,30,0.0,0.0,3.0,11.0,0.0,0.0,0.0
2016,3,20,0,45,0.0,0.0,3.05,11.0,0.0,0.0,0.0
2016,3,20,1,0,0.0,0.0,3.1,11.0,0.0,0.0,0.0
2016,3,20,1,15,0.0,0.0,3.1,11.0,0.0,0.0,0.0
2016,3,20,1,30,0.0,0.0,3.1,11.0,0.0,0.0,0.0
2016,3,20,1,45,0.0,0.0,3.15,11.0,0.0,0.0,0.0
2016,3,20,2,0,0.0,0.0,3.2,11.0,0.0,0.0,0.0
2016,3,20,2,15,0.0,0.0,3.25,11.0,0.0,0.0,0.0
2016,3,20,2,30,0.0,0.0,3.3,11.0,0.0,0.0,0.0
2016,3,20,2,45,0.0,0.0,3.35,11.0,0.0,0.0,0.0
2016,3,20,3,0,0.0,0.0,3.4,11.0,0.0,0.0,0.0
2016,3,20,3,15,0.0,0.0,3.45,11.0,0.0,0.0,0.0
2016,3,20,3,30,0.0,0.0,3.5,11.0,0.0,0.0,0.0
2016,3,20,3,45,0.0,0.0,3.55,11.0,0.0,0.0,0.0
2016,3,20,4,0,0.0,0.0,3.6,11.0,0.0,0.0,0.0
2016,3,20,4,15,0.0,0.0,3.65,11.0,0.0,0.0,0.0
2016,3,20,4,30,0.0,0.0,3.7,11.0,0.0,0.0,0.0
2016,3,20,4,45,0.0,0.0,3.75,11.0,0.0,0.0,0.0
2016,3,20,5,0,0.0,0.0,3.8,11.0,0.0,0.0,0.0
2016,3,20,5,15,0.0,0.0,3.85,11.0,0.0,0.0,0.0
2016,3,20,5,30,0.0,0.0,3.9,11.0,0.0,0.0,0.0
2016,3,20,5,45,0.0,0.0,3.95,11.5,0.0,0.0,0.0
2016,3,20,6,0,0.0,0.0,4.0,12.0,0.0,0.0,0.0
2016,3,20,6,15,0.0,10.5,4.2,12.0,10.5,10.32,0.0
2016,3,20,6,30,0.0,21.0,4.4,12.0,21.0,19.7,0.0
2016,3,20,6,45,114.5,36.0,4.6,12.5,53.0,29.71,19.36
2016,3,20,7,0,229.0,51.0,4.8,13.0,85.0,38.4,28.16
2016,3,20,7,15,271.5,68.5,4.9,13.0,125.0,50.5,39.43
2016,3,20,7,30,314.0,86.0,5.0,13.0,165.0,62.74,50.65
2016,3,20,7,45,344.5,101.5,5.1,13.5,206.0,95.96,65.19
2016,3,20,8,0,375.0,117.0,5.2,14.0,247.0,132.42,90.58
2016,3,20,8,15,287.5,150.5,5.25,14.0,259.0,172.24,127.2
2016,3,20,8,30,200.0,184.0,5.3,14.0,271.0,202.68,156.7
2016,3,20,8,45,311.0,187.0,5.35,14.5,340.0,243.22,187.22
2016,3,20,9,0,422.0,190.0,5.4,15.0,409.0,294.65,227.97
2016,3,20,9,15,326.5,228.5,5.45,15.0,406.5,319.64,251.88
2016,3,20,9,30,231.0,267.0,5.5,15.0,404.0,335.23,266.54
2016,3,20,9,45,120.5,242.0,5.6,15.5,314.0,276.61,220.41
2016,3,20,10,0,10.0,217.0,5.7,16.0,224.0,211.48,167.49
2016,3,20,10,15,5.0,171.0,5.8,16.0,174.5,166.81,131.3
2016,3,20,10,30,0.0,125.0,5.9,16.0,125.0,120.69,93.67
2016,3,20,10,45,9.0,196.5,6.0,16.0,203.5,194.36,153.32
2016,3,20,11,0,18.0,268.0,6.1,16.0,282.0,268.59,212.47
2016,3,20,11,15,16.5,267.0,6.15,16.0,280.0,267.86,211.61
2016,3,20,11,30,15.0,266.0,6.2,16.0,278.0,266.93,210.73
2016,3,20,11,45,14.5,263.0,6.3,16.0,274.5,264.63,208.86
2016,3,20,12,0,14.0,260.0,6.4,16.0,271.0,262.22,206.93
2016,3,20,12,15,8.5,216.0,6.35,16.0,223.0,216.0,170.03
2016,3,20,12,30,3.0,172.0,6.3,16.0,175.0,169.25,132.45
2016,3,20,12,45,6.0,197.0,6.3,16.0,202.0,196.27,154.34
2016,3,20,13,0,9.0,222.0,6.3,16.0,229.0,223.56,176.31
2016,3,20,13,15,5.0,193.0,6.2,16.0,197.0,192.1,151.07
2016,3,20,13,30,1.0,164.0,6.1,16.0,165.0,160.47,125.62
2016,3,20,13,45,0.5,140.5,6.05,16.0,141.0,137.04,106.81
2016,3,20,14,0,0.0,117.0,6.0,16.0,117.0,113.57,87.86
2016,3,20,14,15,15.0,190.0,5.85,15.5,200.5,198.22,157.54
2016,3,20,14,30,30.0,263.0,5.7,15.0,284.0,291.73,233.51
2016,3,20,14,45,15.0,215.5,5.6,15.0,226.5,224.8,179.61
2016,3,20,15,0,0.0,168.0,5.5,15.0,169.0,165.23,131.18
2016,3,20,15,15,0.5,165.5,5.35,15.0,166.5,163.61,130.26
2016,3,20,15,30,1.0,163.0,5.2,15.0,164.0,162.1,129.39
2016,3,20,15,45,0.5,108.5,5.1,15.0,109.0,106.24,83.56
2016,3,20,16,0,0.0,54.0,5.0,15.0,54.0,52.18,38.53
2016,3,20,16,15,11.5,94.0,4.8,14.5,98.0,99.0,78.53
2016,3,20,16,30,23.0,134.0,4.6,14.0,142.0,149.49,121.35
2016,3,20,16,45,16.5,114.0,4.45,14.0,119.0,125.11,100.82
2016,3,20,17,0,10.0,94.0,4.3,14.0,96.0,101.09,80.41
2016,3,20,17,15,5.0,73.0,4.1,13.5,74.0,76.92,59.73
2016,3,20,17,30,0.0,52.0,3.9,13.0,52.0,52.82,38.88
2016,3,20,17,45,0.0,33.5,3.75,13.0,33.5,33.5,21.76
2016,3,20,18,0,0.0,15.0,3.6,13.0,15.0,14.47,2.06
2016,3,20,18,15,0.0,7.5,3.5,13.0,7.5,7.37,0.0
2016,3,20,18,30,0.0,0.0,3.4,13.0,0.0,0.0,0.0
2016,3,20,18,45,0.0,0.0,3.35,13.0,0.0,0.0,0.0
2016,3,20,19,0,0.0,0.0,3.3,13.0,0.0,0.0,0.0
2016,3,20,19,15,0.0,0.0,3.2,13.0,0.0,0.0,0.0
2016,3,20,19,30,0.0,0.0,3.1,13.0,0.0,0.0,0.0
2016,3,20,19,45,0.0,0.0,3.05,13.0,0.0,0.0,0.0
2016,3,20,20,0,0.0,0.0,3.0,13.0,0.0,0.0,0.0
2016,3,20,20,15,0.0,0.0,2.95,12.5,0.0,0.0,0.0
2016,3,20,20,30,0.0,0.0,2.9,12.0,0.0,0.0,0.0
2016,3,20,20,45,0.0,0.0,2.85,12.0,0.0,0.0,0.0
2016,3,20,21,0,0.0,0.0,2.8,12.0,0.0,0.0,0.0
2016,3,20,21,15,0.0,0.0,2.7,11.5,0.0,0.0,0.0
2016,3,20,21,30,0.0,0.0,2.6,11.0,0.0,0.0,0.0
2016,3,20,21,45,0.0,0.0,2.55,11.0,0.0,0.0,0.0
2016,3,20,22,0,0.0,0.0,2.5,11.0,0.0,0.0,0.0
2016,3,20,22,15,0.0,0.0,2.45,11.0,0.0,0.0,0.0
2016,3,20,22,30,0.0,0.0,2.4,11.0,0.0,0.0,0.0
2016,3,20,22,45,0.0,0.0,2.35,11.0,0.0,0.0,0.0
2016,3,20,23,0,0.0,0.0,2.3,11.0,0.0,0.0,0.0
2016,3,20,23,15,0.0,0.0,2.25,11.0,0.0,0.0,0.0
2016,3,20,23,30,0.0,0.0,2.2,11.0,0.0,0.0,0.0
2016,3,20,23,45,0.0,0.0,2.15,11.0,0.0,0.0,0.0
2016,3,21,0,0,0.0,0.0,2.1,11.0,0.0,0.0,0.0
2016,3,21,0,15,0.0,0.0,2.1,11.0,0.0,0.0,0.0
2016,3,21,0,30,0.0,0.0,2.1,11.0,0.0,0.0,0.0
2016,3,21,0,45,0.0,0.0,2.1,11.0,0.0,0.0,0.0
2016,3,21,1,0,0.0,0.0,2.1,11.0,0.0,0.0,0.0
2016,3,21,1,15,0.0,0.0,2.15,10.5,0.0,0.0,0.0
2016,3,21,1,30,0.0,0.0,2.2,10.0,0.0,0.0,0.0
2016,3,21,1,45,0.0,0.0,2.25,10.0,0.0,0.0,0.0
2016,3,21,2,0,0.0,0.0,2.3,10.0,0.0,0.0,0.0
2016,3,21,2,15,0.0,0.0,2.4,10.0,0.0,0.0,0.0
2016,3,21,2,30,0.0,0.0,2.5,10.0,0.0,0.0,0.0
2016,3,21,2,45,0.0,0.0,2.6,10.0,0.0,0.0,0.0
2016,3,21,3,0,0.0,0.0,2.7,10.0,0.0,0.0,0.0
2016,3,21,3,15,0.0,0.0,2.75,10.0,0.0,0.0,0.0
2016,3,21,3,30,0.0,0.0,2.8,10.0,0.0,0.0,0.0
2016,3,21,3,45,0.0,0.0,2.9,10.5,0.0,0.0,0.0
2016,3,21,4,0,0.0,0.0,3.0,11.0,0.0,0.0,0.0
2016,3,21,4,15,0.0,0.0,3.1,11.0,0.0,0.0,0.0
2016,3,21,4,30,0.0,0.0,3.2,11.0,0.0,0.0,0.0
2016,3,21,4,45,0.0,0.0,3.35,11.0,0.0,0.0,0.0
2016,3,21,5,0,0.0,0.0,3.5,11.0,0.0,0.0,0.0
2016,3,21,5,15,0.0,0.0,3.6,11.0,0.0,0.0,0.0
2016,3,21,5,30,0.0,0.0,3.7,11.0,0.0,0.0,0.0
2016,3,21,5,45,0.0,0.0,3.85,11.0,0.0,0.0,0.0
2016,3,21,6,0,0.0,0.0,4.0,11.0,0.0,0.0,0.0
2016,3,21,6,15,0.0,9.5,4.15,11.5,9.5,9.34,0.0
2016,3,21,6,30,0.0,19.0,4.3,12.0,19.0,18.17,0.75
2016,3,21,6,45,55.5,39.0,4.5,12.5,48.0,33.78,23.06
2016,3,21,7,0,111.0,59.0,4.7,13.0,77.0,49.96,38.39
2016,3,21,7,15,144.5,80.5,4.9,13.0,112.5,66.74,53.89
2016,3,21,7,30,178.0,102.0,5.1,13.0,148.0,80.29,66.3
2016,3,21,7,45,215.0,118.5,5.3,13.0,186.0,108.05,79.35
2016,3,21,8,0,252.0,135.0,5.5,13.0,224.0,139.63,102.18
2016,3,21,8,15,461.0,114.0,5.6,13.0,306.5,168.08,116.87
2016,3,21,8,30,670.0,93.0,5.7,13.0,389.0,219.83,154.24
2016,3,21,8,45,335.0,110.0,5.85,13.5,258.0,181.98,137.24
2016,3,21,9,0,0.0,127.0,6.0,14.0,127.0,121.44,96.31
2016,3,21,9,15,31.0,193.0,6.1,14.0,211.5,190.11,152.28
2016,3,21,9,30,62.0,259.0,6.2,14.0,296.0,263.42,211.43
2016,3,21,9,45,36.0,237.0,6.3,14.0,259.0,237.11,190.01
2016,3,21,10,0,10.0,215.0,6.4,14.0,222.0,209.74,167.52
2016,3,21,10,15,6.0,196.0,6.5,14.0,200.5,190.88,151.95
2016,3,21,10,30,2.0,177.0,6.6,14.0,179.0,171.27,135.75
2016,3,21,10,45,62.5,272.0,6.75,14.5,319.5,296.91,237.68
2016,3,21,11,0,123.0,367.0,6.9,15.0,460.0,427.16,340.73
2016,3,21,11,15,64.5,285.5,7.0,15.0,334.5,317.73,253.4
2016,3,21,11,30,6.0,204.0,7.1,15.0,209.0,201.23,158.91
2016,3,21,11,45,3.0,153.0,7.2,15.0,155.5,150.28,117.72
2016,3,21,12,0,0.0,102.0,7.3,15.0,102.0,98.81,75.73
2016,3,21,12,15,0.0,102.0,7.25,15.0,102.0,98.83,75.75
2016,3,21,12,30,0.0,102.0,7.2,15.0,102.0,98.84,75.77
2016,3,21,12,45,88.0,247.0,7.2,15.0,316.5,317.66,255.25
2016,3,21,13,0,176.0,392.0,7.2,15.0,531.0,537.64,429.07
2016,3,21,13,15,178.5,382.0,7.1,15.0,520.5,533.45,425.7
2016,3,21,13,30,181.0,372.0,7.0,15.0,510.0,528.48,422.32
2016,3,21,13,45,163.5,360.0,6.9,15.0,481.5,504.25,403.45
2016,3,21,14,0,146.0,348.0,6.8,15.0,453.0,479.4,384.1
2016,3,21,14,15,73.0,207.0,6.7,14.5,259.5,273.01,220.42
2016,3,21,14,30,0.0,66.0,6.6,14.0,66.0,63.86,47.66
2016,3,21,14,45,7.5,141.0,6.55,14.0,145.5,143.48,114.05
2016,3,21,15,0,15.0,216.0,6.5,14.0,225.0,225.95,182.0
2016,3,21,15,15,46.5,223.5,6.4,14.0,249.0,265.15,215.3
2016,3,21,15,30,78.0,231.0,6.3,14.0,273.0,297.16,242.67
2016,3,21,15,45,39.0,172.0,6.25,14.0,193.0,204.67,166.56
2016,3,21,16,0,0.0,113.0,6.2,14.0,113.0,110.92,88.06
2016,3,21,16,15,236.5,122.0,6.0,13.5,207.5,286.74,240.32
2016,3,21,16,30,473.0,131.0,5.8,13.0,302.0,437.47,366.46
2016,3,21,16,45,463.5,110.5,5.65,13.0,256.5,392.32,327.97
2016,3,21,17,0,454.0,90.0,5.5,13.0,211.0,346.54,288.29
2016,3,21,17,15,375.0,77.0,5.3,12.5,162.5,277.03,227.93
2016,3,21,17,30,296.0,64.0,5.1,12.0,114.0,213.88,171.96
2016,3,21,17,45,211.5,45.5,4.9,12.0,74.5,148.89,113.6
2016,3,21,18,0,127.0,27.0,4.7,12.0,35.0,86.71,43.62
2016,3,21,18,15,63.5,13.5,4.75,11.5,17.5,31.09,0.0
2016,3,21,18,30,0.0,0.0,4.8,11.0,0.0,0.0,0.0
2016,3,21,18,45,0.0,0.0,4.9,11.0,0.0,0.0,0.0
2016,3,21,19,0,0.0,0.0,5.0,11.0,0.0,0.0,0.0
2016,3,21,19,15,0.0,0.0,4.95,11.0,0.0,0.0,0.0
2016,3,21,19,30,0.0,0.0,4.9,11.0,0.0,0.0,0.0
2016,3,21,19,45,0.0,0.0,4.9,11.0,0.0,0.0,0.0
2016,3,21,20,0,0.0,0.0,4.9,11.0,0.0,0.0,0.0
2016,3,21,20,15,0.0,0.0,4.8,10.5,0.0,0.0,0.0
2016,3,21,20,30,0.0,0.0,4.7,10.0,0.0,0.0,0.0
2016,3,21,20,45,0.0,0.0,4.65,10.0,0.0,0.0,0.0
2016,3,21,21,0,0.0,0.0,4.6,10.0,0.0,0.0,0.0
2016,3,21,21,15,0.0,0.0,4.6,10.0,0.0,0.0,0.0
2016,3,21,21,30,0.0,0.0,4.6,10.0,0.0,0.0,0.0
2016,3,21,21,45,0.0,0.0,4.6,10.0,0.0,0.0,0.0
2016,3,21,22,0,0.0,0.0,4.6,10.0,0.0,0.0,0.0
2016,3,21,22,15,0.0,0.0,4.6,10.0,0.0,0.0,0.0
2016,3,21,22,30,0.0,0.0,4.6,10.0,0.0,0.0,0.0
2016,3,21,22,45,0.0,0.0,4.6,10.0,0.0,0.0,0.0
2016,3,21,23,0,0.0,0.0,4.6,10.0,0.0,0.0,0.0
2016,3,21,23,15,0.0,0.0,4.6,10.0,0.0,0.0,0.0
2016,3,21,23,30,0.0,0.0,4.6,10.0,0.0,0.0,0.0
2016,3,21,23,45,0.0,0.0,4.6,10.0,0.0,0.0,0.0
2016,3,22,0,0,0.0,0.0,4.6,10.0,0.0,0.0,0.0
2016,3,22,0,15,0.0,0.0,4.55,10.0,0.0,0.0,0.0
2016,3,22,0,30,0.0,0.0,4.5,10.0,0.0,0.0,0.0
2016,3,22,0,45,0.0,0.0,4.45,10.0,0.0,0.0,0.0
2016,3,22,1,0,0.0,0.0,4.4,10.0,0.0,0.0,0.0
2016,3,22,1,15,0.0,0.0,4.35,10.0,0.0,0.0,0.0
2016,3,22,1,30,0.0,0.0,4.3,10.0,0.0,0.0,0.0
2016,3,22,1,45,0.0,0.0,4.3,10.0,0.0,0.0,0.0
2016,3,22,2,0,0.0,0.0,4.3,10.0,0.0,0.0,0.0
2016,3,22,2,15,0.0,0.0,4.3,9.5,0.0,0.0,0.0
2016,3,22,2,30,0.0,0.0,4.3,9.0,0.0,0.0,0.0
2016,3,22,2,45,0.0,0.0,4.3,9.0,0.0,0.0,0.0
2016,3,22,3,0,0.0,0.0,4.3,9.0,0.0,0.0,0.0
2016,3,22,3,15,0.0,0.0,4.25,9.0,0.0,0.0,0.0
2016,3,22,3,30,0.0,0.0,4.2,9.0,0.0,0.0,0.0
2016,3,22,3,45,0.0,0.0,4.2,9.0,0.0,0.0,0.0
2016,3,22,4,0,0.0,0.0,4.2,9.0,0.0,0.0,0.0
2016,3,22,4,15,0.0,0.0,4.15,9.0,0.0,0.0,0.0
2016,3,22,4,30,0.0,0.0,4.1,9.0,0.0,0.0,0.0
2016,3,22,4,45,0.0,0.0,4.1,9.0,0.0,0.0,0.0
2016,3,22,5,0,0.0,0.0,4.1,9.0,0.0,0.0,0.0
2016,3,22,5,15,0.0,0.0,4.05,9.0,0.0,0.0,0.0
2016,3,22,5,30,0.0,0.0,4.0,9.0,0.0,0.0,0.0
2016,3,22,5,45,0.0,0.0,4.0,9.0,0.0,0.0,0.0
2016,3,22,6,0,0.0,0.0,4.0,9.0,0.0,0.0,0.0
2016,3,22,6,15,83.5,11.5,4.15,9.5,16.5,11.3,0.0
2016,3,22,6,30,167.0,23.0,4.3,10.0,33.0,17.97,3.55
2016,3,22,6,45,304.0,35.5,4.45,10.5,76.0,27.35,17.96
2016,3,22,7,0,441.0,48.0,4.6,11.0,119.0,35.76,26.2
2016,3,22,7,15,521.0,56.5,4.6,11.0,170.0,40.02,30.44
2016,3,22,7,30,601.0,65.0,4.6,11.0,221.0,52.4,33.89
2016,3,22,7,45,657.0,70.0,4.7,11.5,275.0,93.53,51.34
2016,3,22,8,0,713.0,75.0,4.8,12.0,329.0,140.49,82.94
2016,3,22,8,15,748.0,79.5,4.75,12.0,381.0,192.29,125.36
2016,3,22,8,30,783.0,84.0,4.7,12.0,433.0,243.75,170.57
2016,3,22,8,45,813.0,85.5,4.7,12.0,483.0,294.1,216.4
2016,3,22,9,0,843.0,87.0,4.7,12.0,533.0,346.61,264.2
2016,3,22,9,15,860.5,89.5,4.75,12.0,577.0,397.24,310.3
2016,3,22,9,30,878.0,92.0,4.8,12.0,621.0,451.55,358.41
2016,3,22,9,45,543.0,202.0,4.85,12.5,536.5,431.82,346.28
2016,3,22,10,0,208.0,312.0,4.9,13.0,452.0,391.37,313.61
2016,3,22,10,15,206.5,328.5,4.95,13.0,472.0,416.56,333.87
2016,3,22,10,30,205.0,345.0,5.0,13.0,492.0,441.35,353.41
2016,3,22,10,45,114.5,318.5,5.05,13.0,401.0,371.27,297.31
2016,3,22,11,0,24.0,292.0,5.1,13.0,310.0,295.42,235.5
2016,3,22,11,15,245.5,300.0,5.1,13.0,493.0,455.67,367.16
2016,3,22,11,30,467.0,308.0,5.1,13.0,676.0,631.85,506.67
2016,3,22,11,45,493.0,302.5,5.2,13.5,694.0,661.04,528.35
2016,3,22,12,0,519.0,297.0,5.3,14.0,712.0,689.83,550.21
2016,3,22,12,15,737.0,198.0,5.4,14.0,788.5,777.2,622.29
2016,3,22,12,30,955.0,99.0,5.5,14.0,865.0,862.96,686.74
2016,3,22,12,45,660.5,226.0,5.6,14.0,753.0,769.09,615.29
2016,3,22,13,0,366.0,353.0,5.7,14.0,641.0,658.8,524.81
2016,3,22,13,15,652.5,226.0,5.8,14.0,728.0,777.45,624.15
2016,3,22,13,30,939.0,99.0,5.9,14.0,815.0,881.09,703.82
2016,3,22,13,45,933.5,97.5,6.05,14.0,791.0,874.64,700.04
2016,3,22,14,0,928.0,96.0,6.2,14.0,767.0,864.98,694.51
2016,3,22,14,15,668.5,184.5,6.25,13.5,657.5,748.75,608.43
2016,3,22,14,30,409.0,273.0,6.3,13.0,548.0,619.26,504.1
2016,3,22,14,45,421.0,252.5,6.35,13.0,522.5,610.05,498.72
2016,3,22,15,0,433.0,232.0,6.4,13.0,497.0,591.77,485.97
2016,3,22,15,15,644.5,157.5,6.35,13.0,520.0,664.08,548.77
2016,3,22,15,30,856.0,83.0,6.3,13.0,543.0,716.52,592.97
2016,3,22,15,45,834.0,80.0,6.25,13.0,494.5,675.24,561.83
2016,3,22,16,0,812.0,77.0,6.2,13.0,446.0,632.77,528.9
2016,3,22,16,15,780.5,73.0,6.1,12.5,394.5,582.3,488.94
2016,3,22,16,30,749.0,69.0,6.0,12.0,343.0,531.9,447.93
2016,3,22,16,45,704.0,64.0,5.95,12.0,290.0,473.31,398.2
2016,3,22,17,0,659.0,59.0,5.9,12.0,237.0,419.22,350.68
2016,3,22,17,15,587.0,52.0,5.7,11.5,185.0,350.17,289.81
2016,3,22,17,30,515.0,45.0,5.5,11.0,133.0,286.3,231.69
2016,3,22,17,45,392.5,34.5,5.35,11.0,87.5,205.13,158.14
2016,3,22,18,0,270.0,24.0,5.2,11.0,42.0,131.66,73.81
2016,3,22,18,15,135.0,12.0,5.15,10.5,21.0,50.06,0.0
2016,3,22,18,30,0.0,0.0,5.1,10.0,0.0,0.0,0.0
2016,3,22,18,45,0.0,0.0,5.05,10.0,0.0,0.0,0.0
2016,3,22,19,0,0.0,0.0,5.0,10.0,0.0,0.0,0.0
2016,3,22,19,15,0.0,0.0,4.95,10.0,0.0,0.0,0.0
2016,3,22,19,30,0.0,0.0,4.9,10.0,0.0,0.0,0.0
2016,3,22,19,45,0.0,0.0,4.85,10.0,0.0,0.0,0.0
2016,3,22,20,0,0.0,0.0,4.8,10.0,0.0,0.0,0.0
2016,3,22,20,15,0.0,0.0,4.75,10.0,0.0,0.0,0.0
2016,3,22,20,30,0.0,0.0,4.7,10.0,0.0,0.0,0.0
2016,3,22,20,45,0.0,0.0,4.7,10.0,0.0,0.0,0.0
2016,3,22,21,0,0.0,0.0,4.7,10.0,0.0,0.0,0.0
2016,3,22,21,15,0.0,0.0,4.65,9.5,0.0,0.0,0.0
2016,3,22,21,30,0.0,0.0,4.6,9.0,0.0,0.0,0.0
2016,3,22,21,45,0.0,0.0,4.6,9.0,0.0,0.0,0.0
2016,3,22,22,0,0.0,0.0,4.6,9.0,0.0,0.0,0.0
2016,3,22,22,15,0.0,0.0,4.5,9.0,0.0,0.0,0.0
2016,3,22,22,30,0.0,0.0,4.4,9.0,0.0,0.0,0.0
2016,3,22,22,45,0.0,0.0,4.35,9.0,0.0,0.0,0.0
2016,3,22,23,0,0.0,0.0,4.3,9.0,0.0,0.0,0.0
2016,3,22,23,15,0.0,0.0,4.25,9.0,0.0,0.0,0.0
2016,3,22,23,30,0.0,0.0,4.2,9.0,0.0,0.0,0.0
2016,3,22,23,45,0.0,0.0,4.2,9.0,0.0,0.0,0.0
2016,3,23,0,0,0.0,0.0,4.2,9.0,0.0,0.0,0.0
2016,3,23,0,15,0.0,0.0,4.15,8.5,0.0,0.0,0.0
2016,3,23,0,30,0.0,0.0,4.1,8.0,0.0,0.0,0.0
2016,3,23,0,45,0.0,0.0,4.1,8.0,0.0,0.0,0.0
2016,3,23,1,0,0.0,0.0,4.1,8.0,0.0,0.0,0.0
2016,3,23,1,15,0.0,0.0,4.1,8.0,0.0,0.0,0.0
2016,3,23,1,30,0.0,0.0,4.1,8.0,0.0,0.0,0.0
2016,3,23,1,45,0.0,0.0,4.1,8.0,0.0,0.0,0.0
2016,3,23,2,0,0.0,0.0,4.1,8.0,0.0,0.0,0.0
2016,3,23,2,15,0.0,0.0,4.05,8.0,0.0,0.0,0.0
2016,3,23,2,30,0.0,0.0,4.0,8.0,0.0,0.0,0.0
2016,3,23,2,45,0.0,0.0,3.95,8.0,0.0,0.0,0.0
2016,3,23,3,0,0.0,0.0,3.9,8.0,0.0,0.0,0.0
2016,3,23,3,15,0.0,0.0,3.85,8.0,0.0,0.0,0.0
2016,3,23,3,30,0.0,0.0,3.8,8.0,0.0,0.0,0.0
2016,3,23,3,45,0.0,0.0,3.75,8.0,0.0,0.0,0.0
2016,3,23,4,0,0.0,0.0,3.7,8.0,0.0,0.0,0.0
2016,3,23,4,15,0.0,0.0,3.65,8.0,0.0,0.0,0.0
2016,3,23,4,30,0.0,0.0,3.6,8.0,0.0,0.0,0.0
2016,3,23,4,45,0.0,0.0,3.55,8.0,0.0,0.0,0.0
2016,3,23,5,0,0.0,0.0,3.5,8.0,0.0,0.0,0.0
2016,3,23,5,15,0.0,0.0,3.4,8.0,0.0,0.0,0.0
2016,3,23,5,30,0.0,0.0,3.3,8.0,0.0,0.0,0.0
2016,3,23,5,45,0.0,0.0,3.2,8.0,0.0,0.0,0.0
2016,3,23,6,0,0.0,0.0,3.1,8.0,0.0,0.0,0.0
2016,3,23,6,15,47.0,11.0,3.1,8.5,14.0,10.81,0.0
2016,3,23,6,30,94.0,22.0,3.1,9.0,28.0,18.54,5.88
2016,3,23,6,45,162.5,40.0,3.1,9.5,62.0,30.56,21.0
2016,3,23,7,0,231.0,58.0,3.1,10.0,96.0,43.49,33.28
2016,3,23,7,15,269.0,76.5,3.05,10.5,136.0,56.16,45.05
2016,3,23,7,30,307.0,95.0,3.0,11.0,176.0,75.27,55.11
2016,3,23,7,45,339.5,109.5,3.0,11.5,217.5,107.98,74.4
2016,3,23,8,0,372.0,124.0,3.0,12.0,259.0,144.1,100.64
2016,3,23,8,15,487.5,119.0,2.95,12.5,322.5,181.88,127.33
2016,3,23,8,30,603.0,114.0,2.9,13.0,386.0,229.91,164.88
2016,3,23,8,45,592.5,132.0,2.9,13.5,423.0,275.05,205.45
2016,3,23,9,0,582.0,150.0,2.9,14.0,460.0,318.73,244.16
2016,3,23,9,15,729.5,122.5,2.8,14.0,544.0,379.2,293.69
2016,3,23,9,30,877.0,95.0,2.7,14.0,628.0,454.92,355.49
2016,3,23,9,45,891.5,96.0,2.65,14.5,667.0,506.3,397.84
2016,3,23,10,0,906.0,97.0,2.6,15.0,706.0,553.96,436.22
2016,3,23,10,15,915.5,99.0,2.5,15.0,738.0,599.08,472.18
2016,3,23,10,30,925.0,101.0,2.4,15.0,770.0,642.89,506.12
2016,3,23,10,45,932.0,101.5,2.35,15.5,794.5,682.2,535.15
2016,3,23,11,0,939.0,102.0,2.3,16.0,819.0,719.59,562.01
2016,3,23,11,15,755.0,187.5,2.4,16.0,772.0,703.07,547.69
2016,3,23,11,30,571.0,273.0,2.5,16.0,725.0,675.7,525.0
2016,3,23,11,45,625.0,253.5,2.6,16.0,753.0,715.01,555.71
2016,3,23,12,0,679.0,234.0,2.7,16.0,781.0,754.43,585.85
2016,3,23,12,15,665.5,241.0,2.85,16.0,776.5,766.37,594.95
2016,3,23,12,30,652.0,248.0,3.0,16.0,772.0,775.73,602.38
2016,3,23,12,45,634.0,252.5,3.2,16.0,758.5,776.47,603.92
2016,3,23,13,0,616.0,257.0,3.4,16.0,745.0,774.65,603.62
2016,3,23,13,15,618.0,249.0,3.5,16.0,730.5,774.55,604.78
2016,3,23,13,30,620.0,241.0,3.6,16.0,716.0,772.1,604.25
2016,3,23,13,45,647.0,220.0,3.75,16.0,702.5,774.79,608.49
2016,3,23,14,0,674.0,199.0,3.9,16.0,689.0,774.48,610.56
2016,3,23,14,15,593.5,216.5,4.0,16.0,635.0,723.36,572.49
2016,3,23,14,30,513.0,234.0,4.1,16.0,581.0,670.05,532.55
2016,3,23,14,45,678.5,171.5,4.2,16.0,603.5,730.97,583.48
2016,3,23,15,0,844.0,109.0,4.3,16.0,626.0,776.74,619.6
2016,3,23,15,15,715.5,129.5,4.35,15.5,547.0,688.9,556.47
2016,3,23,15,30,587.0,150.0,4.4,15.0,468.0,602.08,490.4
2016,3,23,15,45,548.5,150.0,4.5,15.0,425.5,556.94,456.21
2016,3,23,16,0,510.0,150.0,4.6,15.0,383.0,516.17,424.45
2016,3,23,16,15,488.5,135.5,4.6,14.5,338.5,470.82,389.47
2016,3,23,16,30,467.0,121.0,4.6,14.0,294.0,425.52,353.58
2016,3,23,16,45,432.5,106.5,4.65,14.0,247.5,373.34,310.34
2016,3,23,17,0,398.0,92.0,4.7,14.0,201.0,322.82,267.3
2016,3,23,17,15,344.5,76.5,4.55,13.5,156.5,264.17,216.64
2016,3,23,17,30,291.0,61.0,4.4,13.0,112.0,209.57,168.25
2016,3,23,17,45,205.0,44.0,4.3,12.5,73.5,145.24,111.35
2016,3,23,18,0,119.0,27.0,4.2,12.0,35.0,85.89,49.95
2016,3,23,18,15,59.5,13.5,4.1,11.5,17.5,30.29,0.0
2016,3,23,18,30,0.0,0.0,4.0,11.0,0.0,0.0,0.0
2016,3,23,18,45,0.0,0.0,3.95,11.0,0.0,0.0,0.0
2016,3,23,19,0,0.0,0.0,3.9,11.0,0.0,0.0,0.0
2016,3,23,19,15,0.0,0.0,3.8,10.5,0.0,0.0,0.0
2016,3,23,19,30,0.0,0.0,3.7,10.0,0.0,0.0,0.0
2016,3,23,19,45,0.0,0.0,3.65,10.0,0.0,0.0,0.0
2016,3,23,20,0,0.0,0.0,3.6,10.0,0.0,0.0,0.0
2016,3,23,20,15,0.0,0.0,3.6,10.0,0.0,0.0,0.0
2016,3,23,20,30,0.0,0.0,3.6,10.0,0.0,0.0,0.0
2016,3,23,20,45,0.0,0.0,3.6,10.0,0.0,0.0,0.0
2016,3,23,21,0,0.0,0.0,3.6,10.0,0.0,0.0,0.0
2016,3,23,21,15,0.0,0.0,3.55,10.0,0.0,0.0,0.0
2016,3,23,21,30,0.0,0.0,3.5,10.0,0.0,0.0,0.0
2016,3,23,21,45,0.0,0.0,3.45,10.0,0.0,0.0,0.0
2016,3,23,22,0,0.0,0.0,3.4,10.0,0.0,0.0,0.0
2016,3,23,22,15,0.0,0.0,3.4,10.0,0.0,0.0,0.0
2016,3,23,22,30,0.0,0.0,3.4,10.0,0.0,0.0,0.0
2016,3,23,22,45,0.0,0.0,3.4,10.0,0.0,0.0,0.0
2016,3,23,23,0,0.0,0.0,3.4,10.0,0.0,0.0,0.0
2016,3,23,23,15,0.0,0.0,3.45,9.5,0.0,0.0,0.0
2016,3,23,23,30,0.0,0.0,3.5,9.0,0.0,0.0,0.0
2016,3,23,23,45,0.0,0.0,3.55,9.0,0.0,0.0,0.0
2016,3,24,0,0,0.0,0.0,3.6,9.0,0.0,0.0,0.0
2016,3,24,0,15,0.0,0.0,3.65,9.0,0.0,0.0,0.0
2016,3,24,0,30,0.0,0.0,3.7,9.0,0.0,0.0,0.0
2016,3,24,0,45,0.0,0.0,3.8,9.0,0.0,0.0,0.0
2016,3,24,1,0,0.0,0.0,3.9,9.0,0.0,0.0,0.0
2016,3,24,1,15,0.0,0.0,3.95,9.0,0.0,0.0,0.0
2016,3,24,1,30,0.0,0.0,4.0,9.0,0.0,0.0,0.0
2016,3,24,1,45,0.0,0.0,4.05,9.0,0.0,0.0,0.0
2016,3,24,2,0,0.0,0.0,4.1,9.0,0.0,0.0,0.0
2016,3,24,2,15,0.0,0.0,4.15,9.0,0.0,0.0,0.0
2016,3,24,2,30,0.0,0.0,4.2,9.0,0.0,0.0,0.0
2016,3,24,2,45,0.0,0.0,4.3,9.0,0.0,0.0,0.0
2016,3,24,3,0,0.0,0.0,4.4,9.0,0.0,0.0,0.0
2016,3,24,3,15,0.0,0.0,4.45,9.0,0.0,0.0,0.0
2016,3,24,3,30,0.0,0.0,4.5,9.0,0.0,0.0,0.0
2016,3,24,3,45,0.0,0.0,4.6,9.0,0.0,0.0,0.0
2016,3,24,4,0,0.0,0.0,4.7,9.0,0.0,0.0,0.0
2016,3,24,4,15,0.0,0.0,4.7,9.0,0.0,0.0,0.0
2016,3,24,4,30,0.0,0.0,4.7,9.0,0.0,0.0,0.0
2016,3,24,4,45,0.0,0.0,4.7,9.0,0.0,0.0,0.0
2016,3,24,5,0,0.0,0.0,4.7,9.0,0.0,0.0,0.0
2016,3,24,5,15,0.0,0.0,4.7,9.0,0.0,0.0,0.0
2016,3,24,5,30,0.0,0.0,4.7,9.0,0.0,0.0,0.0
2016,3,24,5,45,0.0,0.0,4.75,9.5,0.0,0.0,0.0
2016,3,24,6,0,0.0,0.0,4.8,10.0,0.0,0.0,0.0
2016,3,24,6,15,85.5,12.5,4.95,10.5,18.0,12.29,0.0
2016,3,24,6,30,171.0,25.0,5.1,11.0,36.0,19.4,7.73
2016,3,24,6,45,284.0,39.0,5.3,11.5,78.5,29.64,20.12
2016,3,24,7,0,397.0,53.0,5.5,12.0,121.0,39.69,29.68
2016,3,24,7,15,472.0,62.5,5.5,12.0,171.0,44.62,34.47
2016,3,24,7,30,547.0,72.0,5.5,12.0,221.0,63.54,39.87
2016,3,24,7,45,553.5,83.0,5.5,12.5,260.0,103.74,62.0
2016,3,24,8,0,560.0,94.0,5.5,13.0,299.0,144.6,92.56
2016,3,24,8,15,630.5,99.0,5.5,13.0,361.5,192.3,130.45
2016,3,24,8,30,701.0,104.0,5.5,13.0,424.0,246.99,176.71
2016,3,24,8,45,703.5,117.5,5.5,13.5,468.0,296.57,221.68
2016,3,24,9,0,706.0,131.0,5.5,14.0,512.0,345.81,265.87
2016,3,24,9,15,727.5,135.5,5.4,14.0,555.0,393.71,308.35
2016,3,24,9,30,749.0,140.0,5.3,14.0,598.0,442.64,350.89
2016,3,24,9,45,763.5,144.0,5.25,14.5,636.0,488.59,389.6
2016,3,24,10,0,778.0,148.0,5.2,15.0,674.0,534.44,427.21
2016,3,24,10,15,790.0,150.5,5.1,15.0,705.5,577.2,462.23
2016,3,24,10,30,802.0,153.0,5.0,15.0,737.0,621.01,497.2
2016,3,24,10,45,822.5,148.5,4.95,15.5,764.0,660.42,527.57
2016,3,24,11,0,843.0,144.0,4.9,16.0,791.0,699.13,556.76
2016,3,24,11,15,690.0,215.5,4.85,16.0,752.5,687.91,545.61
2016,3,24,11,30,537.0,287.0,4.8,16.0,714.0,666.99,526.76
2016,3,24,11,45,531.5,294.0,4.8,16.5,720.5,686.26,540.32
2016,3,24,12,0,526.0,301.0,4.8,17.0,727.0,703.74,552.2
2016,3,24,12,15,515.0,303.5,4.85,17.0,720.5,710.73,557.57
2016,3,24,12,30,504.0,306.0,4.9,17.0,714.0,715.66,561.47
2016,3,24,12,45,506.0,301.5,4.95,17.0,708.0,722.29,567.05
2016,3,24,13,0,508.0,297.0,5.0,17.0,702.0,727.1,571.32
2016,3,24,13,15,500.0,293.0,5.05,17.0,685.0,722.23,568.32
2016,3,24,13,30,492.0,289.0,5.1,17.0,668.0,715.42,563.95
2016,3,24,13,45,463.5,291.5,5.15,17.0,640.0,696.35,549.95
2016,3,24,14,0,435.0,294.0,5.2,17.0,612.0,675.78,534.83
2016,3,24,14,15,412.5,288.0,5.25,17.0,579.5,650.12,516.15
2016,3,24,14,30,390.0,282.0,5.3,17.0,547.0,616.59,491.57
2016,3,24,14,45,596.5,202.0,5.35,17.0,582.0,697.9,559.77
2016,3,24,15,0,803.0,122.0,5.4,17.0,617.0,762.16,611.95
2016,3,24,15,15,784.0,118.5,5.4,16.5,574.0,727.82,588.36
2016,3,24,15,30,765.0,115.0,5.4,16.0,531.0,694.6,565.81
2016,3,24,15,45,728.5,114.0,5.45,16.0,481.5,648.02,530.58
2016,3,24,16,0,692.0,113.0,5.5,16.0,432.0,601.32,494.42
2016,3,24,16,15,656.0,106.5,5.55,15.5,381.5,549.08,454.14
2016,3,24,16,30,620.0,100.0,5.6,15.0,331.0,497.44,413.2
2016,3,24,16,45,582.0,89.5,5.7,14.5,280.0,441.29,367.44
2016,3,24,17,0,544.0,79.0,5.8,14.0,229.0,386.65,321.33
2016,3,24,17,15,472.0,68.0,5.7,13.5,178.5,317.23,261.25
2016,3,24,17,30,400.0,57.0,5.6,13.0,128.0,253.01,204.17
2016,3,24,17,45,299.5,42.0,5.5,12.5,85.0,179.15,138.48
2016,3,24,18,0,199.0,27.0,5.4,12.0,42.0,113.65,70.39
2016,3,24,18,15,99.5,13.5,5.35,12.0,21.0,42.01,0.0
2016,3,24,18,30,0.0,0.0,5.3,12.0,0.0,0.0,0.0
2016,3,24,18,45,0.0,0.0,5.25,12.0,0.0,0.0,0.0
2016,3,24,19,0,0.0,0.0,5.2,12.0,0.0,0.0,0.0
2016,3,24,19,15,0.0,0.0,5.1,11.5,0.0,0.0,0.0
2016,3,24,19,30,0.0,0.0,5.0,11.0,0.0,0.0,0.0
2016,3,24,19,45,0.0,0.0,4.9,11.0,0.0,0.0,0.0
2016,3,24,20,0,0.0,0.0,4.8,11.0,0.0,0.0,0.0
2016,3,24,20,15,0.0,0.0,4.7,11.0,0.0,0.0,0.0
2016,3,24,20,30,0.0,0.0,4.6,11.0,0.0,0.0,0.0
2016,3,24,20,45,0.0,0.0,4.55,11.0,0.0,0.0,0.0
2016,3,24,21,0,0.0,0.0,4.5,11.0,0.0,0.0,0.0
2016,3,24,21,15,0.0,0.0,4.45,11.0,0.0,0.0,0.0
2016,3,24,21,30,0.0,0.0,4.4,11.0,0.0,0.0,0.0
2016,3,24,21,45,0.0,0.0,4.35,11.0,0.0,0.0,0.0
2016,3,24,22,0,0.0,0.0,4.3,11.0,0.0,0.0,0.0
2016,3,24,22,15,0.0,0.0,4.3,10.5,0.0,0.0,0.0
2016,3,24,22,30,0.0,0.0,4.3,10.0,0.0,0.0,0.0
2016,3,24,22,45,0.0,0.0,4.35,10.0,0.0,0.0,0.0
2016,3,24,23,0,0.0,0.0,4.4,10.0,0.0,0.0,0.0
2016,3,24,23,15,0.0,0.0,4.5,10.0,0.0,0.0,0.0
2016,3,24,23,30,0.0,0.0,4.6,10.0,0.0,0.0,0.0
2016,3,24,23,45,0.0,0.0,4.7,10.0,0.0,0.0,0.0
2016,3,25,0,0,0.0,0.0,4.8,10.0,0.0,0.0,0.0
2016,3,25,0,15,0.0,0.0,4.85,10.0,0.0,0.0,0.0
2016,3,25,0,30,0.0,0.0,4.9,10.0,0.0,0.0,0.0
2016,3,25,0,45,0.0,0.0,5.0,10.0,0.0,0.0,0.0
2016,3,25,1,0,0.0,0.0,5.1,10.0,0.0,0.0,0.0
2016,3,25,1,15,0.0,0.0,5.2,10.0,0.0,0.0,0.0
2016,3,25,1,30,0.0,0.0,5.3,10.0,0.0,0.0,0.0
2016,3,25,1,45,0.0,0.0,5.4,10.0,0.0,0.0,0.0
2016,3,25,2,0,0.0,0.0,5.5,10.0,0.0,0.0,0.0
2016,3,25,2,15,0.0,0.0,5.5,9.5,0.0,0.0,0.0
2016,3,25,2,30,0.0,0.0,5.5,9.0,0.0,0.0,0.0
2016,3,25,2,45,0.0,0.0,5.55,9.0,0.0,0.0,0.0
2016,3,25,3,0,0.0,0.0,5.6,9.0,0.0,0.0,0.0
2016,3,25,3,15,0.0,0.0,5.45,9.0,0.0,0.0,0.0
2016,3,25,3,30,0.0,0.0,5.3,9.0,0.0,0.0,0.0
2016,3,25,3,45,0.0,0.0,5.2,9.0,0.0,0.0,0.0
2016,3,25,4,0,0.0,0.0,5.1,9.0,0.0,0.0,0.0
2016,3,25,4,15,0.0,0.0,4.95,9.0,0.0,0.0,0.0
2016,3,25,4,30,0.0,0.0,4.8,9.0,0.0,0.0,0.0
2016,3,25,4,45,0.0,0.0,4.7,9.0,0.0,0.0,0.0
2016,3,25,5,0,0.0,0.0,4.6,9.0,0.0,0.0,0.0
2016,3,25,5,15,0.0,0.0,4.55,9.0,0.0,0.0,0.0
2016,3,25,5,30,0.0,0.0,4.5,9.0,0.0,0.0,0.0
2016,3,25,5,45,0.0,0.0,4.5,9.5,0.0,0.0,0.0
2016,3,25,6,0,0.0,0.0,4.5,10.0,0.0,0.0,0.0
2016,3,25,6,15,101.5,14.0,4.7,10.0,21.0,13.76,0.0
2016,3,25,6,30,203.0,28.0,4.9,10.0,42.0,21.79,10.56
2016,3,25,6,45,311.0,42.0,5.1,10.5,86.0,32.6,22.91
2016,3,25,7,0,419.0,56.0,5.3,11.0,130.0,42.16,32.06
2016,3,25,7,15,493.0,65.5,5.4,11.0,180.5,46.95,36.75
2016,3,25,7,30,567.0,75.0,5.5,11.0,231.0,69.62,43.2
2016,3,25,7,45,624.5,79.5,5.6,11.5,284.0,109.36,63.6
2016,3,25,8,0,682.0,84.0,5.7,12.0,337.0,155.17,96.38
2016,3,25,8,15,716.0,89.0,5.8,12.5,388.5,202.82,136.26
2016,3,25,8,30,750.0,94.0,5.9,13.0,440.0,253.56,181.01
2016,3,25,8,45,781.0,95.0,6.0,13.5,489.0,305.81,227.94
2016,3,25,9,0,812.0,96.0,6.1,14.0,538.0,356.98,273.92
2016,3,25,9,15,829.5,99.0,6.05,14.0,581.5,406.76,318.85
2016,3,25,9,30,847.0,102.0,6.0,14.0,625.0,456.96,363.25
2016,3,25,9,45,861.5,103.5,5.95,14.5,663.0,504.55,403.89
2016,3,25,10,0,876.0,105.0,5.9,15.0,701.0,554.35,445.09
2016,3,25,10,15,885.5,107.0,5.8,15.0,733.0,598.29,481.49
2016,3,25,10,30,895.0,109.0,5.7,15.0,765.0,640.97,516.09
2016,3,25,10,45,899.0,112.0,5.65,15.5,788.5,679.64,545.93
2016,3,25,11,0,903.0,115.0,5.6,16.0,812.0,716.29,573.55
2016,3,25,11,15,907.5,115.5,5.5,16.0,829.0,748.76,597.77
2016,3,25,11,30,912.0,116.0,5.4,16.0,846.0,778.91,619.27
2016,3,25,11,45,726.0,207.0,5.35,16.0,791.5,751.94,596.81
2016,3,25,12,0,540.0,298.0,5.3,16.0,737.0,714.02,563.92
2016,3,25,12,15,729.0,207.5,5.25,16.0,800.0,789.71,625.56
2016,3,25,12,30,918.0,117.0,5.2,16.0,863.0,862.87,679.28
2016,3,25,12,45,924.0,112.0,5.2,16.5,857.0,874.99,686.54
2016,3,25,13,0,930.0,107.0,5.2,17.0,851.0,884.01,691.99
2016,3,25,13,15,926.0,106.0,5.25,17.0,834.5,885.6,693.86
2016,3,25,13,30,922.0,105.0,5.3,17.0,818.0,883.96,693.58
2016,3,25,13,45,916.0,103.5,5.35,17.0,794.0,876.93,689.55
2016,3,25,14,0,910.0,102.0,5.4,17.0,770.0,866.76,683.37
2016,3,25,14,15,901.0,100.5,5.5,17.0,738.5,851.06,673.53
2016,3,25,14,30,892.0,99.0,5.6,17.0,707.0,832.48,661.63
2016,3,25,14,45,672.5,166.0,5.75,17.0,610.5,725.23,583.0
2016,3,25,15,0,453.0,233.0,5.9,17.0,514.0,612.97,493.75
2016,3,25,15,15,642.0,161.5,6.0,16.5,529.0,673.2,547.35
2016,3,25,15,30,831.0,90.0,6.1,16.0,544.0,714.86,583.91
2016,3,25,15,45,802.5,88.0,6.25,16.0,495.0,670.51,551.42
2016,3,25,16,0,774.0,86.0,6.4,16.0,446.0,625.44,517.26
2016,3,25,16,15,741.5,81.5,6.45,15.5,394.5,574.62,477.82
2016,3,25,16,30,709.0,77.0,6.5,15.0,343.0,526.5,439.35
2016,3,25,16,45,655.5,72.5,6.6,14.5,289.5,465.01,388.75
2016,3,25,17,0,602.0,68.0,6.7,14.0,236.0,406.18,338.73
2016,3,25,17,15,530.0,60.0,6.6,13.5,185.0,337.57,278.93
2016,3,25,17,30,458.0,52.0,6.5,13.0,134.0,274.13,222.0
2016,3,25,17,45,336.5,40.0,6.45,12.5,89.5,192.97,149.97
2016,3,25,18,0,215.0,28.0,6.4,12.0,45.0,121.64,78.49
2016,3,25,18,15,107.5,14.0,6.35,12.0,22.5,45.1,0.0
2016,3,25,18,30,0.0,0.0,6.3,12.0,0.0,0.0,0.0
2016,3,25,18,45,0.0,0.0,6.25,12.0,0.0,0.0,0.0
2016,3,25,19,0,0.0,0.0,6.2,12.0,0.0,0.0,0.0
2016,3,25,19,15,0.0,0.0,6.05,11.5,0.0,0.0,0.0
2016,3,25,19,30,0.0,0.0,5.9,11.0,0.0,0.0,0.0
2016,3,25,19,45,0.0,0.0,5.8,11.0,0.0,0.0,0.0
2016,3,25,20,0,0.0,0.0,5.7,11.0,0.0,0.0,0.0
2016,3,25,20,15,0.0,0.0,5.6,11.0,0.0,0.0,0.0
2016,3,25,20,30,0.0,0.0,5.5,11.0,0.0,0.0,0.0
2016,3,25,20,45,0.0,0.0,5.45,11.0,0.0,0.0,0.0
2016,3,25,21,0,0.0,0.0,5.4,11.0,0.0,0.0,0.0
2016,3,25,21,15,0.0,0.0,5.35,11.0,0.0,0.0,0.0
2016,3,25,21,30,0.0,0.0,5.3,11.0,0.0,0.0,0.0
2016,3,25,21,45,0.0,0.0,5.25,11.0,0.0,0.0,0.0
2016,3,25,22,0,0.0,0.0,5.2,11.0,0.0,0.0,0.0
2016,3,25,22,15,0.0,0.0,5.1,11.0,0.0,0.0,0.0
2016,3,25,22,30,0.0,0.0,5.0,11.0,0.0,0.0,0.0
2016,3,25,22,45,0.0,0.0,4.95,11.0,0.0,0.0,0.0
2016,3,25,23,0,0.0,0.0,4.9,11.0,0.0,0.0,0.0
2016,3,25,23,15,0.0,0.0,4.85,11.0,0.0,0.0,0.0
2016,3,25,23,30,0.0,0.0,4.8,11.0,0.0,0.0,0.0
2016,3,25,23,45,0.0,0.0,4.75,11.0,0.0,0.0,0.0
2016,3,26,0,0,0.0,0.0,4.7,11.0,0.0,0.0,0.0
2016,3,26,0,15,0.0,0.0,4.6,11.0,0.0,0.0,0.0
2016,3,26,0,30,0.0,0.0,4.5,11.0,0.0,0.0,0.0
2016,3,26,0,45,0.0,0.0,4.4,11.0,0.0,0.0,0.0
2016,3,26,1,0,0.0,0.0,4.3,11.0,0.0,0.0,0.0
2016,3,26,1,15,0.0,0.0,4.25,10.5,0.0,0.0,0.0
2016,3,26,1,30,0.0,0.0,4.2,10.0,0.0,0.0,0.0
2016,3,26,1,45,0.0,0.0,4.2,10.0,0.0,0.0,0.0
2016,3,26,2,0,0.0,0.0,4.2,10.0,0.0,0.0,0.0
2016,3,26,2,15,0.0,0.0,4.15,10.0,0.0,0.0,0.0
2016,3,26,2,30,0.0,0.0,4.1,10.0,0.0,0.0,0.0
2016,3,26,2,45,0.0,0.0,4.1,10.0,0.0,0.0,0.0
2016,3,26,3,0,0.0,0.0,4.1,10.0,0.0,0.0,0.0
2016,3,26,3,15,0.0,0.0,4.1,10.0,0.0,0.0,0.0
2016,3,26,3,30,0.0,0.0,4.1,10.0,0.0,0.0,0.0
2016,3,26,3,45,0.0,0.0,4.1,10.0,0.0,0.0,0.0
2016,3,26,4,0,0.0,0.0,4.1,10.0,0.0,0.0,0.0
2016,3,26,4,15,0.0,0.0,4.05,10.0,0.0,0.0,0.0
2016,3,26,4,30,0.0,0.0,4.0,10.0,0.0,0.0,0.0
2016,3,26,4,45,0.0,0.0,4.0,10.0,0.0,0.0,0.0
2016,3,26,5,0,0.0,0.0,4.0,10.0,0.0,0.0,0.0
2016,3,26,5,15,0.0,0.0,4.0,10.0,0.0,0.0,0.0
2016,3,26,5,30,0.0,0.0,4.0,10.0,0.0,0.0,0.0
2016,3,26,5,45,0.0,0.0,4.0,10.5,0.0,0.0,0.0
2016,3,26,6,0,0.0,0.0,4.0,11.0,0.0,0.0,0.0
2016,3,26,6,15,146.0,12.5,4.1,11.0,24.0,12.29,0.0
2016,3,26,6,30,292.0,25.0,4.2,11.0,48.0,19.11,9.21
2016,3,26,6,45,403.5,35.0,4.3,11.5,93.0,25.64,16.84
2016,3,26,7,0,515.0,45.0,4.4,12.0,138.0,31.76,22.74
2016,3,26,7,15,581.5,51.5,4.35,12.5,189.0,34.56,25.46
2016,3,26,7,30,648.0,58.0,4.3,13.0,240.0,64.31,34.93
2016,3,26,7,45,691.5,63.0,4.3,13.5,292.0,107.69,58.35
2016,3,26,8,0,735.0,68.0,4.3,14.0,344.0,155.56,93.51
2016,3,26,8,15,765.0,71.5,4.25,14.0,395.0,203.79,134.34
2016,3,26,8,30,795.0,75.0,4.2,14.0,446.0,254.64,179.61
2016,3,26,8,45,816.5,78.0,4.2,14.5,493.5,304.93,225.02
2016,3,26,9,0,838.0,81.0,4.2,15.0,541.0,356.47,271.04
2016,3,26,9,15,854.0,83.5,4.15,15.5,584.0,410.02,317.69
2016,3,26,9,30,870.0,86.0,4.1,16.0,627.0,459.94,360.32
2016,3,26,9,45,878.5,89.0,4.1,16.5,663.5,506.64,399.38
2016,3,26,10,0,887.0,92.0,4.1,17.0,700.0,552.41,436.55
2016,3,26,10,15,895.0,93.5,4.1,17.0,730.5,595.37,471.46
2016,3,26,10,30,903.0,95.0,4.1,17.0,761.0,636.92,504.52
2016,3,26,10,45,909.0,96.0,4.2,17.0,784.5,675.12,534.69
2016,3,26,11,0,915.0,97.0,4.3,17.0,808.0,711.4,562.98
2016,3,26,11,15,667.0,218.0,4.35,17.0,742.0,680.3,535.49
2016,3,26,11,30,419.0,339.0,4.4,17.0,676.0,634.53,496.18
2016,3,26,11,45,464.5,324.0,4.5,17.5,701.0,668.89,522.6
2016,3,26,12,0,510.0,309.0,4.6,18.0,726.0,703.62,548.73
2016,3,26,12,15,717.0,204.5,4.7,18.0,790.5,780.25,611.16
2016,3,26,12,30,924.0,100.0,4.8,18.0,855.0,854.46,665.56
2016,3,26,12,45,668.0,221.5,4.9,18.0,764.5,781.8,612.13
2016,3,26,13,0,412.0,343.0,5.0,18.0,674.0,697.08,543.68
2016,3,26,13,15,649.0,227.0,5.05,18.0,737.0,786.05,617.29
2016,3,26,13,30,886.0,111.0,5.1,18.0,800.0,863.42,675.33
2016,3,26,13,45,702.5,186.5,5.2,18.0,723.0,794.34,625.88
2016,3,26,14,0,519.0,262.0,5.3,18.0,646.0,716.01,564.95
2016,3,26,14,15,518.0,250.0,5.4,17.5,619.0,700.59,556.25
2016,3,26,14,30,517.0,238.0,5.5,17.0,592.0,683.14,545.64
2016,3,26,14,45,462.0,242.5,5.6,17.0,546.0,638.27,511.62
2016,3,26,15,0,407.0,247.0,5.7,17.0,500.0,586.07,471.83
2016,3,26,15,15,373.5,235.0,5.7,16.5,455.0,540.94,438.26
2016,3,26,15,30,340.0,223.0,5.7,16.0,410.0,496.12,404.36
2016,3,26,15,45,507.5,166.5,5.75,16.0,418.0,551.86,452.97
2016,3,26,16,0,675.0,110.0,5.8,16.0,426.0,590.98,487.45
2016,3,26,16,15,591.5,109.0,5.7,15.5,363.0,514.83,426.77
2016,3,26,16,30,508.0,108.0,5.6,15.0,300.0,439.42,365.79
2016,3,26,16,45,459.0,100.0,5.6,15.0,254.0,384.5,320.01
2016,3,26,17,0,410.0,92.0,5.6,15.0,208.0,332.49,275.5
2016,3,26,17,15,353.0,77.5,5.45,14.5,163.0,272.24,223.62
2016,3,26,17,30,296.0,63.0,5.3,14.0,118.0,216.37,174.3
2016,3,26,17,45,210.5,46.5,5.15,13.5,79.0,151.75,117.38
2016,3,26,18,0,125.0,30.0,5.0,13.0,40.0,87.94,57.17
2016,3,26,18,15,62.5,15.0,4.85,13.0,20.0,33.13,0.0
2016,3,26,18,30,0.0,0.0,4.7,13.0,0.0,0.0,0.0
2016,3,26,18,45,0.0,0.0,4.55,13.0,0.0,0.0,0.0
2016,3,26,19,0,0.0,0.0,4.4,13.0,0.0,0.0,0.0
2016,3,26,19,15,0.0,0.0,4.35,12.5,0.0,0.0,0.0
2016,3,26,19,30,0.0,0.0,4.3,12.0,0.0,0.0,0.0
2016,3,26,19,45,0.0,0.0,4.25,12.0,0.0,0.0,0.0
2016,3,26,20,0,0.0,0.0,4.2,12.0,0.0,0.0,0.0
2016,3,26,20,15,0.0,0.0,4.15,12.0,0.0,0.0,0.0
2016,3,26,20,30,0.0,0.0,4.1,12.0,0.0,0.0,0.0
2016,3,26,20,45,0.0,0.0,4.1,12.0,0.0,0.0,0.0
2016,3,26,21,0,0.0,0.0,4.1,12.0,0.0,0.0,0.0
2016,3,26,21,15,0.0,0.0,4.1,12.0,0.0,0.0,0.0
2016,3,26,21,30,0.0,0.0,4.1,12.0,0.0,0.0,0.0
2016,3,26,21,45,0.0,0.0,4.1,12.0,0.0,0.0,0.0
2016,3,26,22,0,0.0,0.0,4.1,12.0,0.0,0.0,0.0
2016,3,26,22,15,0.0,0.0,4.1,12.0,0.0,0.0,0.0
2016,3,26,22,30,0.0,0.0,4.1,12.0,0.0,0.0,0.0
2016,3,26,22,45,0.0,0.0,4.1,12.0,0.0,0.0,0.0
2016,3,26,23,0,0.0,0.0,4.1,12.0,0.0,0.0,0.0
2016,3,26,23,15,0.0,0.0,4.1,12.0,0.0,0.0,0.0
2016,3,26,23,30,0.0,0.0,4.1,12.0,0.0,0.0,0.0
2016,3,26,23,45,0.0,0.0,4.2,12.0,0.0,0.0,0.0
2016,3,27,0,0,0.0,0.0,4.3,12.0,0.0,0.0,0.0
2016,3,27,0,15,0.0,0.0,4.3,11.5,0.0,0.0,0.0
2016,3,27,0,30,0.0,0.0,4.3,11.0,0.0,0.0,0.0
2016,3,27,0,45,0.0,0.0,4.35,11.0,0.0,0.0,0.0
2016,3,27,1,0,0.0,0.0,4.4,11.0,0.0,0.0,0.0
2016,3,27,1,15,0.0,0.0,4.4,11.0,0.0,0.0,0.0
2016,3,27,1,30,0.0,0.0,4.4,11.0,0.0,0.0,0.0
2016,3,27,1,45,0.0,0.0,4.4,11.0,0.0,0.0,0.0
2016,3,27,2,0,0.0,0.0,4.4,11.0,0.0,0.0,0.0
2016,3,27,2,15,0.0,0.0,4.35,11.0,0.0,0.0,0.0
2016,3,27,2,30,0.0,0.0,4.3,11.0,0.0,0.0,0.0
2016,3,27,2,45,0.0,0.0,4.25,11.0,0.0,0.0,0.0
2016,3,27,3,0,0.0,0.0,4.2,11.0,0.0,0.0,0.0
2016,3,27,3,15,0.0,0.0,4.15,10.5,0.0,0.0,0.0
2016,3,27,3,30,0.0,0.0,4.1,10.0,0.0,0.0,0.0
2016,3,27,3,45,0.0,0.0,4.1,10.0,0.0,0.0,0.0
2016,3,27,4,0,0.0,0.0,4.1,10.0,0.0,0.0,0.0
2016,3,27,4,15,0.0,0.0,4.05,10.0,0.0,0.0,0.0
2016,3,27,4,30,0.0,0.0,4.0,10.0,0.0,0.0,0.0
2016,3,27,4,45,0.0,0.0,4.0,10.0,0.0,0.0,0.0
2016,3,27,5,0,0.0,0.0,4.0,10.0,0.0,0.0,0.0
2016,3,27,5,15,0.0,0.0,4.0,10.0,0.0,0.0,0.0
2016,3,27,5,30,0.0,0.0,4.0,10.0,0.0,0.0,0.0
2016,3,27,5,45,0.0,0.0,4.05,10.5,0.0,0.0,0.0
2016,3,27,6,0,0.0,0.0,4.1,11.0,0.0,0.0,0.0
2016,3,27,6,15,129.0,14.5,4.25,11.0,25.0,14.25,0.0
2016,3,27,6,30,258.0,29.0,4.4,11.0,50.0,22.67,12.57
2016,3,27,6,45,368.5,40.5,4.55,11.5,95.5,30.41,21.09
2016,3,27,7,0,479.0,52.0,4.7,12.0,141.0,37.65,28.02
2016,3,27,7,15,549.5,60.0,4.7,12.0,193.5,41.37,31.64
2016,3,27,7,30,620.0,68.0,4.7,12.0,246.0,71.57,40.32
2016,3,27,7,45,660.0,75.5,4.7,12.5,298.0,115.73,66.09
2016,3,27,8,0,700.0,83.0,4.7,13.0,350.0,163.99,102.52
2016,3,27,8,15,479.0,139.0,4.8,13.0,333.5,207.35,149.65
2016,3,27,8,30,258.0,195.0,4.9,13.0,317.0,230.6,178.82
2016,3,27,8,45,277.0,214.0,5.0,13.0,357.0,267.9,210.32
2016,3,27,9,0,296.0,233.0,5.1,13.0,397.0,306.97,243.21
2016,3,27,9,15,328.5,246.5,5.25,13.0,441.5,348.34,277.7
2016,3,27,9,30,361.0,260.0,5.4,13.0,486.0,392.37,314.22
2016,3,27,9,45,397.5,266.5,5.55,13.5,529.5,434.68,348.59
2016,3,27,10,0,434.0,273.0,5.7,14.0,573.0,477.08,382.77
2016,3,27,10,15,485.0,265.5,5.8,14.0,614.0,520.0,418.0
2016,3,27,10,30,536.0,258.0,5.9,14.0,655.0,565.74,455.27
2016,3,27,10,45,549.5,264.0,6.0,14.0,682.5,602.16,484.42
2016,3,27,11,0,563.0,270.0,6.1,14.0,710.0,638.23,513.03
2016,3,27,11,15,532.0,288.0,6.1,14.0,710.5,653.49,524.34
2016,3,27,11,30,501.0,306.0,6.1,14.0,711.0,665.73,533.17
2016,3,27,11,45,518.5,304.5,6.15,14.5,727.5,693.48,554.0
2016,3,27,12,0,536.0,303.0,6.2,15.0,744.0,720.41,573.99
2016,3,27,12,15,728.0,214.0,6.2,15.0,812.0,801.39,640.39
2016,3,27,12,30,920.0,125.0,6.2,15.0,880.0,879.8,699.11
2016,3,27,12,45,667.0,234.0,6.25,15.0,779.0,796.08,635.31
2016,3,27,13,0,414.0,343.0,6.3,15.0,678.0,700.46,556.9
2016,3,27,13,15,461.5,315.5,6.4,15.0,682.0,718.51,573.26
2016,3,27,13,30,509.0,288.0,6.5,15.0,686.0,734.56,587.79
2016,3,27,13,45,542.5,266.0,6.6,15.0,678.5,742.03,595.5
2016,3,27,14,0,576.0,244.0,6.7,15.0,671.0,746.83,601.29
2016,3,27,14,15,565.0,234.5,6.8,14.5,639.5,725.05,586.87
2016,3,27,14,30,554.0,225.0,6.9,14.0,608.0,701.35,570.9
2016,3,27,14,45,560.0,208.5,7.0,14.0,577.5,681.95,557.56
2016,3,27,15,0,566.0,192.0,7.1,14.0,547.0,660.17,542.23
2016,3,27,15,15,507.0,195.5,7.15,13.5,497.0,608.57,502.44
2016,3,27,15,30,448.0,199.0,7.2,13.0,447.0,558.09,462.97
2016,3,27,15,45,401.0,189.0,7.25,13.0,396.5,503.06,418.96
2016,3,27,16,0,354.0,179.0,7.3,13.0,346.0,441.5,369.15
2016,3,27,16,15,338.5,159.5,7.25,12.5,305.0,399.57,335.8
2016,3,27,16,30,323.0,140.0,7.2,12.0,264.0,357.64,301.67
2016,3,27,16,45,277.0,127.5,7.15,12.0,222.5,307.01,258.47
2016,3,27,17,0,231.0,115.0,7.1,12.0,181.0,259.62,217.34
2016,3,27,17,15,197.0,94.0,7.1,11.5,142.5,210.97,175.02
2016,3,27,17,30,163.0,73.0,7.1,11.0,104.0,164.69,133.92
2016,3,27,17,45,110.0,52.0,7.1,11.0,70.0,113.41,88.15
2016,3,27,18,0,57.0,31.0,7.1,11.0,36.0,60.32,39.21
2016,3,27,18,15,28.5,15.5,7.15,11.0,18.0,23.7,0.0
2016,3,27,18,30,0.0,0.0,7.2,11.0,0.0,0.0,0.0
2016,3,27,18,45,0.0,0.0,7.3,11.0,0.0,0.0,0.0
2016,3,27,19,0,0.0,0.0,7.4,11.0,0.0,0.0,0.0
2016,3,27,19,15,0.0,0.0,7.35,11.0,0.0,0.0,0.0
2016,3,27,19,30,0.0,0.0,7.3,11.0,0.0,0.0,0.0
2016,3,27,19,45,0.0,0.0,7.3,11.0,0.0,0.0,0.0
2016,3,27,20,0,0.0,0.0,7.3,11.0,0.0,0.0,0.0
2016,3,27,20,15,0.0,0.0,7.3,11.0,0.0,0.0,0.0
2016,3,27,20,30,0.0,0.0,7.3,11.0,0.0,0.0,0.0
2016,3,27,20,45,0.0,0.0,7.3,11.0,0.0,0.0,0.0
2016,3,27,21,0,0.0,0.0,7.3,11.0,0.0,0.0,0.0
2016,3,27,21,15,0.0,0.0,7.3,11.0,0.0,0.0,0.0
2016,3,27,21,30,0.0,0.0,7.3,11.0,0.0,0.0,0.0
2016,3,27,21,45,0.0,0.0,7.35,11.0,0.0,0.0,0.0
2016,3,27,22,0,0.0,0.0,7.4,11.0,0.0,0.0,0.0
2016,3,27,22,15,0.0,0.0,7.4,10.5,0.0,0.0,0.0
2016,3,27,22,30,0.0,0.0,7.4,10.0,0.0,0.0,0.0
2016,3,27,22,45,0.0,0.0,7.4,10.0,0.0,0.0,0.0
2016,3,27,23,0,0.0,0.0,7.4,10.0,0.0,0.0,0.0
2016,3,27,23,15,0.0,0.0,7.35,10.0,0.0,0.0,0.0
2016,3,27,23,30,0.0,0.0,7.3,10.0,0.0,0.0,0.0
2016,3,27,23,45,0.0,0.0,7.3,10.0,0.0,0.0,0.0
2016,3,28,0,0,0.0,0.0,7.3,10.0,0.0,0.0,0.0
2016,3,28,0,15,0.0,0.0,7.4,9.5,0.0,0.0,0.0
2016,3,28,0,30,0.0,0.0,7.5,9.0,0.0,0.0,0.0
2016,3,28,0,45,0.0,0.0,7.65,9.0,0.0,0.0,0.0
2016,3,28,1,0,0.0,0.0,7.8,9.0,0.0,0.0,0.0
2016,3,28,1,15,0.0,0.0,8.0,9.0,0.0,0.0,0.0
2016,3,28,1,30,0.0,0.0,8.2,9.0,0.0,0.0,0.0
2016,3,28,1,45,0.0,0.0,8.4,9.0,0.0,0.0,0.0
2016,3,28,2,0,0.0,0.0,8.6,9.0,0.0,0.0,0.0
2016,3,28,2,15,0.0,0.0,8.7,9.0,0.0,0.0,0.0
2016,3,28,2,30,0.0,0.0,8.8,9.0,0.0,0.0,0.0
2016,3,28,2,45,0.0,0.0,8.9,9.0,0.0,0.0,0.0
2016,3,28,3,0,0.0,0.0,9.0,9.0,0.0,0.0,0.0
2016,3,28,3,15,0.0,0.0,9.0,9.0,0.0,0.0,0.0
2016,3,28,3,30,0.0,0.0,9.0,9.0,0.0,0.0,0.0
2016,3,28,3,45,0.0,0.0,9.0,9.0,0.0,0.0,0.0
2016,3,28,4,0,0.0,0.0,9.0,9.0,0.0,0.0,0.0
2016,3,28,4,15,0.0,0.0,8.9,8.5,0.0,0.0,0.0
2016,3,28,4,30,0.0,0.0,8.8,8.0,0.0,0.0,0.0
2016,3,28,4,45,0.0,0.0,8.7,8.0,0.0,0.0,0.0
2016,3,28,5,0,0.0,0.0,8.6,8.0,0.0,0.0,0.0
2016,3,28,5,15,0.0,0.0,8.55,8.0,0.0,0.0,0.0
2016,3,28,5,30,0.0,0.0,8.5,8.0,0.0,0.0,0.0
2016,3,28,5,45,0.0,0.0,8.45,8.5,0.0,0.0,0.0
2016,3,28,6,0,0.0,0.0,8.4,9.0,0.0,0.0,0.0
2016,3,28,6,15,167.0,14.5,8.5,9.0,29.5,11.07,0.0
2016,3,28,6,30,334.0,29.0,8.6,9.0,59.0,22.37,12.86
2016,3,28,6,45,452.0,38.0,8.7,9.5,107.5,27.81,19.03
2016,3,28,7,0,570.0,47.0,8.8,10.0,156.0,32.96,24.05
2016,3,28,7,15,635.0,53.5,8.75,10.0,210.0,35.7,26.76
2016,3,28,7,30,700.0,60.0,8.7,10.0,264.0,75.08,40.0
2016,3,28,7,45,743.5,64.5,8.7,10.0,318.5,121.16,67.46
2016,3,28,8,0,787.0,69.0,8.7,10.0,373.0,171.72,106.78
2016,3,28,8,15,816.0,72.5,8.6,10.0,425.5,222.71,151.73
2016,3,28,8,30,845.0,76.0,8.5,10.0,478.0,276.16,200.98
2016,3,28,8,45,865.5,79.0,8.4,10.5,527.0,332.76,253.29
2016,3,28,9,0,886.0,82.0,8.3,11.0,576.0,386.34,302.64
2016,3,28,9,15,901.5,84.5,8.25,11.0,620.5,438.26,350.47
2016,3,28,9,30,917.0,87.0,8.2,11.0,665.0,490.22,397.37
2016,3,28,9,45,928.0,88.5,8.15,11.5,703.5,538.87,439.81
2016,3,28,10,0,939.0,90.0,8.1,12.0,742.0,586.67,480.43
2016,3,28,10,15,947.5,91.5,8.05,12.0,774.0,631.96,518.97
2016,3,28,10,30,956.0,93.0,8.0,12.0,806.0,675.77,555.53
2016,3,28,10,45,961.0,94.5,7.95,12.0,830.0,715.61,588.29
2016,3,28,11,0,966.0,96.0,7.9,12.0,854.0,753.32,618.03
2016,3,28,11,15,969.0,97.0,7.9,12.0,870.0,786.82,643.39
2016,3,28,11,30,972.0,98.0,7.9,12.0,886.0,817.75,666.72
2016,3,28,11,45,972.5,98.5,7.9,12.5,894.0,843.55,684.83
2016,3,28,12,0,973.0,99.0,7.9,13.0,902.0,866.39,700.65
2016,3,28,12,15,972.5,99.0,7.85,13.0,901.5,884.87,714.36
2016,3,28,12,30,972.0,99.0,7.8,13.0,901.0,900.17,725.76
2016,3,28,12,45,953.0,108.0,7.75,13.0,888.0,905.94,730.1
2016,3,28,13,0,934.0,117.0,7.7,13.0,875.0,908.25,731.99
2016,3,28,13,15,727.5,202.0,7.65,13.0,785.5,832.14,674.56
2016,3,28,13,30,521.0,287.0,7.6,13.0,696.0,745.66,603.63
2016,3,28,13,45,513.5,278.5,7.6,13.0,671.5,732.43,594.39
2016,3,28,14,0,506.0,270.0,7.6,13.0,647.0,717.23,583.42
2016,3,28,14,15,698.5,189.5,7.5,13.0,686.5,793.65,648.43
2016,3,28,14,30,891.0,109.0,7.4,13.0,726.0,851.61,693.55
2016,3,28,14,45,877.0,107.0,7.35,13.0,687.0,829.93,677.93
2016,3,28,15,0,863.0,105.0,7.3,13.0,648.0,801.52,657.46
2016,3,28,15,15,727.0,130.0,7.2,13.0,566.0,710.18,587.59
2016,3,28,15,30,591.0,155.0,7.1,13.0,484.0,620.2,515.38
2016,3,28,15,45,686.5,123.0,7.0,13.0,472.5,637.64,532.01
2016,3,28,16,0,782.0,91.0,6.9,13.0,461.0,643.71,538.93
2016,3,28,16,15,749.0,86.0,6.7,12.5,409.0,591.33,497.24
2016,3,28,16,30,716.0,81.0,6.5,12.0,357.0,541.87,457.01
2016,3,28,16,45,672.0,75.0,6.35,12.0,304.0,483.19,407.43
2016,3,28,17,0,628.0,69.0,6.2,12.0,251.0,426.41,358.15
2016,3,28,17,15,558.0,61.0,6.05,11.5,198.5,356.97,297.57
2016,3,28,17,30,488.0,53.0,5.9,11.0,146.0,292.52,239.6
2016,3,28,17,45,375.5,42.0,5.75,10.5,99.5,213.49,168.82
2016,3,28,18,0,263.0,31.0,5.6,10.0,53.0,144.76,101.75
2016,3,28,18,15,131.5,15.5,5.5,10.0,26.5,54.64,0.0
2016,3,28,18,30,0.0,0.0,5.4,10.0,0.0,0.0,0.0
2016,3,28,18,45,0.0,0.0,5.35,10.0,0.0,0.0,0.0
2016,3,28,19,0,0.0,0.0,5.3,10.0,0.0,0.0,0.0
2016,3,28,19,15,0.0,0.0,5.15,9.5,0.0,0.0,0.0
2016,3,28,19,30,0.0,0.0,5.0,9.0,0.0,0.0,0.0
2016,3,28,19,45,0.0,0.0,4.9,9.0,0.0,0.0,0.0
2016,3,28,20,0,0.0,0.0,4.8,9.0,0.0,0.0,0.0
2016,3,28,20,15,0.0,0.0,4.7,9.0,0.0,0.0,0.0
2016,3,28,20,30,0.0,0.0,4.6,9.0,0.0,0.0,0.0
2016,3,28,20,45,0.0,0.0,4.55,9.0,0.0,0.0,0.0
2016,3,28,21,0,0.0,0.0,4.5,9.0,0.0,0.0,0.0
2016,3,28,21,15,0.0,0.0,4.5,9.0,0.0,0.0,0.0
2016,3,28,21,30,0.0,0.0,4.5,9.0,0.0,0.0,0.0
2016,3,28,21,45,0.0,0.0,4.5,9.0,0.0,0.0,0.0
2016,3,28,22,0,0.0,0.0,4.5,9.0,0.0,0.0,0.0
2016,3,28,22,15,0.0,0.0,4.55,8.5,0.0,0.0,0.0
2016,3,28,22,30,0.0,0.0,4.6,8.0,0.0,0.0,0.0
2016,3,28,22,45,0.0,0.0,4.65,8.0,0.0,0.0,0.0
2016,3,28,23,0,0.0,0.0,4.7,8.0,0.0,0.0,0.0
2016,3,28,23,15,0.0,0.0,4.7,8.0,0.0,0.0,0.0
2016,3,28,23,30,0.0,0.0,4.7,8.0,0.0,0.0,0.0
2016,3,28,23,45,0.0,0.0,4.75,8.0,0.0,0.0,0.0
2016,3,29,0,0,0.0,0.0,4.8,8.0,0.0,0.0,0.0
2016,3,29,0,15,0.0,0.0,4.7,8.0,0.0,0.0,0.0
2016,3,29,0,30,0.0,0.0,4.6,8.0,0.0,0.0,0.0
2016,3,29,0,45,0.0,0.0,4.6,8.0,0.0,0.0,0.0
2016,3,29,1,0,0.0,0.0,4.6,8.0,0.0,0.0,0.0
2016,3,29,1,15,0.0,0.0,4.5,7.5,0.0,0.0,0.0
2016,3,29,1,30,0.0,0.0,4.4,7.0,0.0,0.0,0.0
2016,3,29,1,45,0.0,0.0,4.35,7.0,0.0,0.0,0.0
2016,3,29,2,0,0.0,0.0,4.3,7.0,0.0,0.0,0.0
2016,3,29,2,15,0.0,0.0,4.2,7.0,0.0,0.0,0.0
2016,3,29,2,30,0.0,0.0,4.1,7.0,0.0,0.0,0.0
2016,3,29,2,45,0.0,0.0,4.0,7.0,0.0,0.0,0.0
2016,3,29,3,0,0.0,0.0,3.9,7.0,0.0,0.0,0.0
2016,3,29,3,15,0.0,0.0,3.8,7.0,0.0,0.0,0.0
2016,3,29,3,30,0.0,0.0,3.7,7.0,0.0,0.0,0.0
2016,3,29,3,45,0.0,0.0,3.6,7.0,0.0,0.0,0.0
2016,3,29,4,0,0.0,0.0,3.5,7.0,0.0,0.0,0.0
2016,3,29,4,15,0.0,0.0,3.35,7.0,0.0,0.0,0.0
2016,3,29,4,30,0.0,0.0,3.2,7.0,0.0,0.0,0.0
2016,3,29,4,45,0.0,0.0,3.1,7.5,0.0,0.0,0.0
2016,3,29,5,0,0.0,0.0,3.0,8.0,0.0,0.0,0.0
2016,3,29,5,15,0.0,0.0,2.8,8.0,0.0,0.0,0.0
2016,3,29,5,30,0.0,0.0,2.6,8.0,0.0,0.0,0.0
2016,3,29,5,45,0.0,0.0,2.45,8.0,0.0,0.0,0.0
2016,3,29,6,0,0.0,0.0,2.3,8.0,0.0,0.0,0.0
2016,3,29,6,15,164.5,15.0,2.3,8.5,30.5,11.34,0.0
2016,3,29,6,30,329.0,30.0,2.3,9.0,61.0,23.02,13.78
2016,3,29,6,45,446.0,39.0,2.35,9.5,109.5,28.42,19.69
2016,3,29,7,0,563.0,48.0,2.4,10.0,158.0,33.53,24.66
2016,3,29,7,15,627.0,54.0,2.55,10.0,211.5,35.83,26.95
2016,3,29,7,30,691.0,60.0,2.7,10.0,265.0,78.24,41.47
2016,3,29,7,45,738.0,64.0,2.9,10.5,320.0,123.98,69.28
2016,3,29,8,0,785.0,68.0,3.1,11.0,375.0,174.54,108.4
2016,3,29,8,15,813.5,71.5,3.1,11.5,427.5,225.43,152.51
2016,3,29,8,30,842.0,75.0,3.1,12.0,480.0,278.73,200.22
2016,3,29,8,45,865.0,77.0,3.1,12.5,529.5,335.15,250.76
2016,3,29,9,0,888.0,79.0,3.1,13.0,579.0,388.74,298.32
2016,3,29,9,15,903.0,81.5,2.85,13.0,623.0,440.53,343.71
2016,3,29,9,30,918.0,84.0,2.6,13.0,667.0,492.33,387.65
2016,3,29,9,45,929.5,85.5,2.4,13.5,705.5,541.23,427.26
2016,3,29,10,0,941.0,87.0,2.2,14.0,744.0,589.32,464.69
2016,3,29,10,15,949.0,88.5,2.0,14.0,776.0,634.36,499.24
2016,3,29,10,30,957.0,90.0,1.8,14.0,808.0,677.86,531.38
2016,3,29,10,45,962.0,91.5,1.65,14.0,832.0,717.67,560.03
2016,3,29,11,0,967.0,93.0,1.5,14.0,856.0,755.34,585.13
2016,3,29,11,15,970.5,93.5,1.6,14.0,872.5,788.67,608.6
2016,3,29,11,30,974.0,94.0,1.7,14.0,889.0,819.43,630.29
2016,3,29,11,45,974.5,95.0,1.8,14.5,896.5,845.66,647.67
2016,3,29,12,0,975.0,96.0,1.9,15.0,904.0,868.93,663.04
2016,3,29,12,15,751.5,203.5,2.1,15.0,826.5,816.02,627.99
2016,3,29,12,30,528.0,311.0,2.3,15.0,749.0,750.94,578.47
2016,3,29,12,45,532.5,305.5,2.55,15.0,743.5,758.84,586.81
2016,3,29,13,0,537.0,300.0,2.8,15.0,738.0,764.86,593.12
2016,3,29,13,15,747.5,198.0,2.95,15.0,794.0,847.78,658.62
2016,3,29,13,30,958.0,96.0,3.1,15.0,850.0,918.73,709.39
2016,3,29,13,45,949.0,96.0,3.3,15.0,824.5,910.23,704.98
2016,3,29,14,0,940.0,96.0,3.5,15.0,799.0,898.53,699.02
2016,3,29,14,15,931.0,94.5,3.6,14.5,767.0,882.14,690.43
2016,3,29,14,30,922.0,93.0,3.7,14.0,735.0,862.77,679.72
2016,3,29,14,45,906.0,92.5,3.8,14.0,695.0,836.01,662.36
2016,3,29,15,0,890.0,92.0,3.9,14.0,655.0,806.86,643.19
2016,3,29,15,15,873.5,89.5,3.95,14.0,611.0,772.92,620.11
2016,3,29,15,30,857.0,87.0,4.0,14.0,567.0,741.31,598.59
2016,3,29,15,45,832.0,84.5,4.05,14.0,517.5,697.64,567.66
2016,3,29,16,0,807.0,82.0,4.1,14.0,468.0,653.0,535.54
2016,3,29,16,15,776.0,78.0,4.1,13.5,415.5,602.09,497.14
2016,3,29,16,30,745.0,74.0,4.1,13.0,363.0,551.24,457.58
2016,3,29,16,45,699.5,69.0,4.1,13.0,309.0,491.35,408.66
2016,3,29,17,0,654.0,64.0,4.1,13.0,255.0,436.15,361.96
2016,3,29,17,15,587.0,57.0,3.9,12.0,202.5,368.07,304.16
2016,3,29,17,30,520.0,50.0,3.7,11.0,150.0,304.72,248.36
2016,3,29,17,45,408.0,40.0,3.55,10.5,103.0,225.29,177.86
2016,3,29,18,0,296.0,30.0,3.4,10.0,56.0,156.14,111.3
2016,3,29,18,15,148.0,15.0,3.35,10.0,28.0,70.83,0.0
2016,3,29,18,30,0.0,0.0,3.3,10.0,0.0,0.0,0.0
2016,3,29,18,45,0.0,0.0,3.3,10.0,0.0,0.0,0.0
2016,3,29,19,0,0.0,0.0,3.3,10.0,0.0,0.0,0.0
2016,3,29,19,15,0.0,0.0,3.2,9.5,0.0,0.0,0.0
2016,3,29,19,30,0.0,0.0,3.1,9.0,0.0,0.0,0.0
2016,3,29,19,45,0.0,0.0,3.05,9.0,0.0,0.0,0.0
2016,3,29,20,0,0.0,0.0,3.0,9.0,0.0,0.0,0.0
2016,3,29,20,15,0.0,0.0,2.95,9.0,0.0,0.0,0.0
2016,3,29,20,30,0.0,0.0,2.9,9.0,0.0,0.0,0.0
2016,3,29,20,45,0.0,0.0,2.85,9.0,0.0,0.0,0.0
2016,3,29,21,0,0.0,0.0,2.8,9.0,0.0,0.0,0.0
2016,3,29,21,15,0.0,0.0,2.75,9.0,0.0,0.0,0.0
2016,3,29,21,30,0.0,0.0,2.7,9.0,0.0,0.0,0.0
2016,3,29,21,45,0.0,0.0,2.65,9.0,0.0,0.0,0.0
2016,3,29,22,0,0.0,0.0,2.6,9.0,0.0,0.0,0.0
2016,3,29,22,15,0.0,0.0,2.55,9.0,0.0,0.0,0.0
2016,3,29,22,30,0.0,0.0,2.5,9.0,0.0,0.0,0.0
2016,3,29,22,45,0.0,0.0,2.5,9.0,0.0,0.0,0.0
2016,3,29,23,0,0.0,0.0,2.5,9.0,0.0,0.0,0.0
2016,3,29,23,15,0.0,0.0,2.5,9.0,0.0,0.0,0.0
2016,3,29,23,30,0.0,0.0,2.5,9.0,0.0,0.0,0.0
2016,3,29,23,45,0.0,0.0,2.5,9.0,0.0,0.0,0.0
2016,3,30,0,0,0.0,0.0,2.5,9.0,0.0,0.0,0.0
2016,3,30,0,15,0.0,0.0,2.45,8.5,0.0,0.0,0.0
2016,3,30,0,30,0.0,0.0,2.4,8.0,0.0,0.0,0.0
2016,3,30,0,45,0.0,0.0,2.4,8.0,0.0,0.0,0.0
2016,3,30,1,0,0.0,0.0,2.4,8.0,0.0,0.0,0.0
2016,3,30,1,15,0.0,0.0,2.4,8.0,0.0,0.0,0.0
2016,3,30,1,30,0.0,0.0,2.4,8.0,0.0,0.0,0.0
2016,3,30,1,45,0.0,0.0,2.45,8.0,0.0,0.0,0.0
2016,3,30,2,0,0.0,0.0,2.5,8.0,0.0,0.0,0.0
2016,3,30,2,15,0.0,0.0,2.5,8.0,0.0,0.0,0.0
2016,3,30,2,30,0.0,0.0,2.5,8.0,0.0,0.0,0.0
2016,3,30,2,45,0.0,0.0,2.55,8.0,0.0,0.0,0.0
2016,3,30,3,0,0.0,0.0,2.6,8.0,0.0,0.0,0.0
2016,3,30,3,15,0.0,0.0,2.6,8.0,0.0,0.0,0.0
2016,3,30,3,30,0.0,0.0,2.6,8.0,0.0,0.0,0.0
2016,3,30,3,45,0.0,0.0,2.65,8.0,0.0,0.0,0.0
2016,3,30,4,0,0.0,0.0,2.7,8.0,0.0,0.0,0.0
2016,3,30,4,15,0.0,0.0,2.7,8.0,0.0,0.0,0.0
2016,3,30,4,30,0.0,0.0,2.7,8.0,0.0,0.0,0.0
2016,3,30,4,45,0.0,0.0,2.75,8.0,0.0,0.0,0.0
2016,3,30,5,0,0.0,0.0,2.8,8.0,0.0,0.0,0.0
2016,3,30,5,15,0.0,0.0,2.75,8.0,0.0,0.0,0.0
2016,3,30,5,30,0.0,0.0,2.7,8.0,0.0,0.0,0.0
2016,3,30,5,45,0.0,0.0,2.65,8.5,0.0,0.0,0.0
2016,3,30,6,0,0.0,0.0,2.6,9.0,0.0,0.0,0.0
2016,3,30,6,15,117.0,18.0,2.65,9.0,29.5,13.99,0.0
2016,3,30,6,30,234.0,36.0,2.7,9.0,59.0,27.75,18.05
2016,3,30,6,45,336.0,49.5,2.8,9.5,105.0,37.22,27.57
2016,3,30,7,0,438.0,63.0,2.9,10.0,151.0,46.69,36.52
2016,3,30,7,15,506.0,72.0,2.8,10.0,202.5,50.79,40.49
2016,3,30,7,30,574.0,81.0,2.7,10.0,254.0,90.02,53.92
2016,3,30,7,45,339.0,122.5,2.65,10.5,230.0,131.93,92.82
2016,3,30,8,0,104.0,164.0,2.6,11.0,206.0,157.36,123.69
2016,3,30,8,15,161.5,185.5,2.6,11.0,259.5,195.18,152.96
2016,3,30,8,30,219.0,207.0,2.6,11.0,313.0,239.0,187.76
2016,3,30,8,45,318.5,210.5,2.65,11.5,382.0,282.61,221.64
2016,3,30,9,0,418.0,214.0,2.7,12.0,451.0,336.12,264.33
2016,3,30,9,15,413.0,234.0,2.8,12.0,483.5,374.05,296.49
2016,3,30,9,30,408.0,254.0,2.9,12.0,516.0,411.15,327.34
2016,3,30,9,45,240.5,286.5,3.0,12.5,443.0,379.67,302.86
2016,3,30,10,0,73.0,319.0,3.1,13.0,370.0,336.27,267.23
2016,3,30,10,15,164.0,338.5,3.15,13.0,460.5,409.67,325.67
2016,3,30,10,30,255.0,358.0,3.2,13.0,551.0,490.97,389.21
2016,3,30,10,45,279.0,365.0,3.3,13.0,582.0,525.68,415.92
2016,3,30,11,0,303.0,372.0,3.4,13.0,613.0,561.42,443.5
2016,3,30,11,15,400.0,343.0,3.4,13.0,667.0,616.91,487.4
2016,3,30,11,30,497.0,314.0,3.4,13.0,721.0,676.89,534.15
2016,3,30,11,45,440.0,343.0,3.45,13.5,706.0,676.12,531.04
2016,3,30,12,0,383.0,372.0,3.5,14.0,691.0,670.38,524.55
2016,3,30,12,15,433.5,348.5,3.5,14.0,709.5,701.19,548.91
2016,3,30,12,30,484.0,325.0,3.5,14.0,728.0,730.35,571.81
2016,3,30,12,45,493.0,315.0,3.5,14.0,722.0,737.19,577.35
2016,3,30,13,0,502.0,305.0,3.5,14.0,716.0,742.26,581.81
2016,3,30,13,15,506.5,299.0,3.55,14.0,706.5,745.66,585.13
2016,3,30,13,30,511.0,293.0,3.6,14.0,697.0,747.14,587.12
2016,3,30,13,45,453.0,307.0,3.65,14.0,657.0,713.85,562.0
2016,3,30,14,0,395.0,321.0,3.7,14.0,617.0,673.45,531.76
2016,3,30,14,15,454.5,282.5,3.75,14.0,610.5,688.71,546.19
2016,3,30,14,30,514.0,244.0,3.8,14.0,604.0,694.2,553.23
2016,3,30,14,45,429.5,256.5,3.9,14.0,546.0,633.11,506.56
2016,3,30,15,0,345.0,269.0,4.0,14.0,488.0,566.34,455.28
2016,3,30,15,15,404.5,234.0,4.1,13.5,474.5,576.25,466.87
2016,3,30,15,30,464.0,199.0,4.2,13.0,461.0,574.25,469.12
2016,3,30,15,45,620.0,144.0,4.3,13.0,462.0,617.26,507.12
2016,3,30,16,0,776.0,89.0,4.4,13.0,463.0,642.11,530.37
2016,3,30,16,15,744.5,85.0,4.45,12.5,411.0,591.78,491.84
2016,3,30,16,30,713.0,81.0,4.5,12.0,359.0,544.21,454.62
2016,3,30,16,45,668.0,75.0,4.6,12.0,306.0,484.76,405.91
2016,3,30,17,0,623.0,69.0,4.7,12.0,253.0,427.33,357.29
2016,3,30,17,15,555.5,61.5,4.6,11.5,201.0,359.49,298.82
2016,3,30,17,30,488.0,54.0,4.5,11.0,149.0,296.42,242.66
2016,3,30,17,45,378.5,43.0,4.4,10.5,103.0,217.92,172.88
2016,3,30,18,0,269.0,32.0,4.3,10.0,57.0,149.43,108.07
2016,3,30,18,15,134.5,16.0,4.2,10.0,28.5,68.8,0.0
2016,3,30,18,30,0.0,0.0,4.1,10.0,0.0,0.0,0.0
2016,3,30,18,45,0.0,0.0,4.05,10.0,0.0,0.0,0.0
2016,3,30,19,0,0.0,0.0,4.0,10.0,0.0,0.0,0.0
2016,3,30,19,15,0.0,0.0,3.95,10.0,0.0,0.0,0.0
2016,3,30,19,30,0.0,0.0,3.9,10.0,0.0,0.0,0.0
2016,3,30,19,45,0.0,0.0,3.85,10.0,0.0,0.0,0.0
2016,3,30,20,0,0.0,0.0,3.8,10.0,0.0,0.0,0.0
2016,3,30,20,15,0.0,0.0,3.75,10.0,0.0,0.0,0.0
2016,3,30,20,30,0.0,0.0,3.7,10.0,0.0,0.0,0.0
2016,3,30,20,45,0.0,0.0,3.7,10.0,0.0,0.0,0.0
2016,3,30,21,0,0.0,0.0,3.7,10.0,0.0,0.0,0.0
2016,3,30,21,15,0.0,0.0,3.65,10.0,0.0,0.0,0.0
2016,3,30,21,30,0.0,0.0,3.6,10.0,0.0,0.0,0.0
2016,3,30,21,45,0.0,0.0,3.6,10.0,0.0,0.0,0.0
2016,3,30,22,0,0.0,0.0,3.6,10.0,0.0,0.0,0.0
2016,3,30,22,15,0.0,0.0,3.6,10.0,0.0,0.0,0.0
2016,3,30,22,30,0.0,0.0,3.6,10.0,0.0,0.0,0.0
2016,3,30,22,45,0.0,0.0,3.6,10.0,0.0,0.0,0.0
2016,3,30,23,0,0.0,0.0,3.6,10.0,0.0,0.0,0.0
2016,3,30,23,15,0.0,0.0,3.55,10.0,0.0,0.0,0.0
2016,3,30,23,30,0.0,0.0,3.5,10.0,0.0,0.0,0.0
2016,3,30,23,45,0.0,0.0,3.5,10.0,0.0,0.0,0.0
2016,3,31,0,0,0.0,0.0,3.5,10.0,0.0,0.0,0.0
2016,3,31,0,15,0.0,0.0,3.45,9.5,0.0,0.0,0.0
2016,3,31,0,30,0.0,0.0,3.4,9.0,0.0,0.0,0.0
2016,3,31,0,45,0.0,0.0,3.4,9.0,0.0,0.0,0.0
2016,3,31,1,0,0.0,0.0,3.4,9.0,0.0,0.0,0.0
2016,3,31,1,15,0.0,0.0,3.4,9.0,0.0,0.0,0.0
2016,3,31,1,30,0.0,0.0,3.4,9.0,0.0,0.0,0.0
2016,3,31,1,45,0.0,0.0,3.45,9.5,0.0,0.0,0.0
2016,3,31,2,0,0.0,0.0,3.5,10.0,0.0,0.0,0.0
2016,3,31,2,15,0.0,0.0,3.45,10.0,0.0,0.0,0.0
2016,3,31,2,30,0.0,0.0,3.4,10.0,0.0,0.0,0.0
2016,3,31,2,45,0.0,0.0,3.4,10.0,0.0,0.0,0.0
2016,3,31,3,0,0.0,0.0,3.4,10.0,0.0,0.0,0.0
2016,3,31,3,15,0.0,0.0,3.3,10.0,0.0,0.0,0.0
2016,3,31,3,30,0.0,0.0,3.2,10.0,0.0,0.0,0.0
2016,3,31,3,45,0.0,0.0,3.1,10.0,0.0,0.0,0.0
2016,3,31,4,0,0.0,0.0,3.0,10.0,0.0,0.0,0.0
2016,3,31,4,15,0.0,0.0,2.9,10.0,0.0,0.0,0.0
2016,3,31,4,30,0.0,0.0,2.8,10.0,0.0,0.0,0.0
2016,3,31,4,45,0.0,0.0,2.7,10.0,0.0,0.0,0.0
2016,3,31,5,0,0.0,0.0,2.6,10.0,0.0,0.0,0.0
2016,3,31,5,15,0.0,0.0,2.6,10.0,0.0,0.0,0.0
2016,3,31,5,30,0.0,0.0,2.6,10.0,0.0,0.0,0.0
2016,3,31,5,45,0.0,0.0,2.6,10.0,0.0,0.0,0.0
2016,3,31,6,0,0.0,0.0,2.6,10.0,0.0,0.0,0.0
2016,3,31,6,15,142.0,18.0,2.65,10.0,33.0,13.91,0.0
2016,3,31,6,30,284.0,36.0,2.7,10.0,66.0,28.2,18.58
2016,3,31,6,45,383.0,48.0,2.75,10.5,113.0,36.09,26.52
2016,3,31,7,0,482.0,60.0,2.8,11.0,160.0,43.49,33.55
2016,3,31,7,15,547.5,68.0,2.75,11.0,212.0,50.1,39.73
2016,3,31,7,30,613.0,76.0,2.7,11.0,264.0,90.9,52.13
2016,3,31,7,45,306.5,90.0,2.65,11.5,184.0,103.83,69.96
2016,3,31,8,0,0.0,104.0,2.6,12.0,104.0,98.86,78.75
2016,3,31,8,15,7.5,140.0,2.55,12.0,143.5,133.27,107.06
2016,3,31,8,30,15.0,176.0,2.5,12.0,183.0,168.49,135.64
2016,3,31,8,45,42.0,211.5,2.5,12.0,235.0,205.79,165.19
2016,3,31,9,0,69.0,247.0,2.5,12.0,287.0,250.05,200.35
2016,3,31,9,15,117.5,274.0,2.55,12.0,347.5,295.19,235.99
2016,3,31,9,30,166.0,301.0,2.6,12.0,408.0,348.96,278.46
2016,3,31,9,45,225.0,312.0,2.7,12.5,466.5,398.65,317.2
2016,3,31,10,0,284.0,323.0,2.8,13.0,525.0,450.2,357.21
2016,3,31,10,15,599.5,214.5,2.85,13.0,662.5,549.87,438.29
2016,3,31,10,30,915.0,106.0,2.9,13.0,800.0,674.92,537.48
2016,3,31,10,45,922.0,106.5,3.0,13.5,824.0,713.64,566.08
2016,3,31,11,0,929.0,107.0,3.1,14.0,848.0,750.45,592.44
2016,3,31,11,15,724.0,208.0,3.15,14.0,792.0,726.66,571.99
2016,3,31,11,30,519.0,309.0,3.2,14.0,736.0,690.87,541.38
2016,3,31,11,45,526.5,306.0,3.3,14.5,743.0,710.01,555.51
2016,3,31,12,0,534.0,303.0,3.4,15.0,750.0,727.82,568.19
2016,3,31,12,15,503.0,317.0,3.55,15.0,738.0,729.24,569.12
2016,3,31,12,30,472.0,331.0,3.7,15.0,726.0,728.18,568.29
2016,3,31,12,45,479.0,324.5,3.85,15.0,721.5,736.71,575.69
2016,3,31,13,0,486.0,318.0,4.0,15.0,717.0,743.55,581.84
2016,3,31,13,15,714.0,208.5,4.15,15.0,782.0,835.31,655.93
2016,3,31,13,30,942.0,99.0,4.3,15.0,847.0,914.89,713.75
2016,3,31,13,45,935.5,98.0,4.45,15.0,822.5,907.34,709.76
2016,3,31,14,0,929.0,97.0,4.6,15.0,798.0,896.61,704.18
2016,3,31,14,15,719.0,172.0,4.65,14.5,701.5,799.63,636.24
2016,3,31,14,30,509.0,247.0,4.7,14.0,605.0,694.95,556.63
2016,3,31,14,45,504.0,234.5,4.8,14.0,573.5,671.74,541.07
2016,3,31,15,0,499.0,222.0,4.9,14.0,542.0,646.8,523.59
2016,3,31,15,15,339.0,238.5,4.95,14.0,449.0,523.96,426.34
2016,3,31,15,30,179.0,255.0,5.0,14.0,356.0,408.63,332.69
2016,3,31,15,45,175.0,233.5,5.05,14.0,325.5,379.29,310.47
2016,3,31,16,0,171.0,212.0,5.1,14.0,295.0,349.51,287.34
2016,3,31,16,15,168.0,189.0,5.05,13.5,263.0,318.25,263.1
2016,3,31,16,30,165.0,166.0,5.0,13.0,231.0,286.57,237.99
2016,3,31,16,45,416.0,115.0,5.0,13.0,247.0,383.54,321.22
2016,3,31,17,0,667.0,64.0,5.0,13.0,263.0,446.8,373.04
2016,3,31,17,15,603.5,57.5,4.85,12.5,210.5,380.07,315.15
2016,3,31,17,30,540.0,51.0,4.7,12.0,158.0,317.75,259.56
2016,3,31,17,45,432.5,41.0,4.55,11.5,110.5,238.54,189.08
2016,3,31,18,0,325.0,31.0,4.4,11.0,63.0,169.12,123.42
2016,3,31,18,15,162.5,15.5,4.25,10.5,31.5,77.75,0.0
2016,3,31,18,30,0.0,0.0,4.1,10.0,0.0,0.0,0.0
2016,3,31,18,45,0.0,0.0,3.95,10.0,0.0,0.0,0.0
2016,3,31,19,0,0.0,0.0,3.8,10.0,0.0,0.0,0.0
2016,3,31,19,15,0.0,0.0,3.65,10.0,0.0,0.0,0.0
2016,3,31,19,30,0.0,0.0,3.5,10.0,0.0,0.0,0.0
2016,3,31,19,45,0.0,0.0,3.4,10.0,0.0,0.0,0.0
2016,3,31,20,0,0.0,0.0,3.3,10.0,0.0,0.0,0.0
2016,3,31,20,15,0.0,0.0,3.2,10.0,0.0,0.0,0.0
2016,3,31,20,30,0.0,0.0,3.1,10.0,0.0,0.0,0.0
2016,3,31,20,45,0.0,0.0,3.05,10.0,0.0,0.0,0.0
2016,3,31,21,0,0.0,0.0,3.0,10.0,0.0,0.0,0.0
2016,3,31,21,15,0.0,0.0,3.0,10.0,0.0,0.0,0.0
2016,3,31,21,30,0.0,0.0,3.0,10.0,0.0,0.0,0.0
2016,3,31,21,45,0.0,0.0,3.05,10.0,0.0,0.0,0.0
2016,3,31,22,0,0.0,0.0,3.1,10.0,0.0,0.0,0.0
2016,3,31,22,15,0.0,0.0,3.15,10.0,0.0,0.0,0.0
2016,3,31,22,30,0.0,0.0,3.2,10.0,0.0,0.0,0.0
2016,3,31,22,45,0.0,0.0,3.3,10.0,0.0,0.0,0.0
2016,3,31,23,0,0.0,0.0,3.4,10.0,0.0,0.0,0.0
2016,3,31,23,15,0.0,0.0,3.45,10.0,0.0,0.0,0.0
2016,3,31,23,30,0.0,0.0,3.5,10.0,0.0,0.0,0.0
2016,3,31,23,45,0.0,0.0,3.55,10.0,0.0,0.0,0.0
2016,4,1,0,0,0.0,0.0,3.6,10.0,0.0,0.0,0.0
2016,4,1,0,15,0.0,0.0,3.65,9.5,0.0,0.0,0.0
2016,4,1,0,30,0.0,0.0,3.7,9.0,0.0,0.0,0.0
2016,4,1,0,45,0.0,0.0,3.75,9.0,0.0,0.0,0.0
2016,4,1,1,0,0.0,0.0,3.8,9.0,0.0,0.0,0.0
2016,4,1,1,15,0.0,0.0,3.85,9.0,0.0,0.0,0.0
2016,4,1,1,30,0.0,0.0,3.9,9.0,0.0,0.0,0.0
2016,4,1,1,45,0.0,0.0,3.95,9.0,0.0,0.0,0.0
2016,4,1,2,0,0.0,0.0,4.0,9.0,0.0,0.0,0.0
2016,4,1,2,15,0.0,0.0,4.0,9.0,0.0,0.0,0.0
2016,4,1,2,30,0.0,0.0,4.0,9.0,0.0,0.0,0.0
2016,4,1,2,45,0.0,0.0,4.0,9.0,0.0,0.0,0.0
2016,4,1,3,0,0.0,0.0,4.0,9.0,0.0,0.0,0.0
2016,4,1,3,15,0.0,0.0,3.9,9.0,0.0,0.0,0.0
2016,4,1,3,30,0.0,0.0,3.8,9.0,0.0,0.0,0.0
2016,4,1,3,45,0.0,0.0,3.75,9.0,0.0,0.0,0.0
2016,4,1,4,0,0.0,0.0,3.7,9.0,0.0,0.0,0.0
2016,4,1,4,15,0.0,0.0,3.65,9.0,0.0,0.0,0.0
2016,4,1,4,30,0.0,0.0,3.6,9.0,0.0,0.0,0.0
2016,4,1,4,45,0.0,0.0,3.55,9.0,0.0,0.0,0.0
2016,4,1,5,0,0.0,0.0,3.5,9.0,0.0,0.0,0.0
2016,4,1,5,15,0.0,0.0,3.45,9.0,0.0,0.0,0.0
2016,4,1,5,30,0.0,0.0,3.4,9.0,0.0,0.0,0.0
2016,4,1,5,45,0.0,0.0,3.4,9.5,0.0,0.0,0.0
2016,4,1,6,0,0.0,0.0,3.4,10.0,0.0,0.0,0.0
2016,4,1,6,15,171.0,17.5,3.45,10.0,36.0,13.05,1.05
2016,4,1,6,30,342.0,35.0,3.5,10.0,72.0,26.88,17.61
2016,4,1,6,45,437.5,45.0,3.55,10.5,120.0,32.96,23.78
2016,4,1,7,0,533.0,55.0,3.6,11.0,168.0,38.67,29.24
2016,4,1,7,15,266.5,80.5,3.55,11.0,137.0,60.77,44.68
2016,4,1,7,30,0.0,106.0,3.5,11.0,106.0,97.92,78.62
2016,4,1,7,45,5.0,124.5,3.45,11.5,126.5,115.94,93.37
2016,4,1,8,0,10.0,143.0,3.4,12.0,147.0,134.57,108.35
2016,4,1,8,15,5.5,149.5,3.35,12.0,151.5,141.3,113.82
2016,4,1,8,30,1.0,156.0,3.3,12.0,156.0,147.3,118.59
2016,4,1,8,45,29.0,200.0,3.3,12.5,216.5,192.31,154.42
2016,4,1,9,0,57.0,244.0,3.3,13.0,277.0,243.61,195.0
2016,4,1,9,15,113.0,273.5,3.25,13.0,345.0,293.65,234.46
2016,4,1,9,30,169.0,303.0,3.2,13.0,413.0,353.05,281.31
2016,4,1,9,45,184.5,321.0,3.15,13.0,447.0,387.03,307.92
2016,4,1,10,0,200.0,339.0,3.1,13.0,481.0,422.19,335.27
2016,4,1,10,15,129.5,340.5,3.05,13.0,434.0,392.77,311.54
2016,4,1,10,30,59.0,342.0,3.0,13.0,387.0,359.23,284.19
2016,4,1,10,45,97.0,368.5,2.95,13.5,445.0,413.12,325.78
2016,4,1,11,0,135.0,395.0,2.9,14.0,503.0,468.83,367.79
2016,4,1,11,15,171.5,403.0,2.85,14.0,543.0,510.13,399.24
2016,4,1,11,30,208.0,411.0,2.8,14.0,583.0,553.16,431.78
2016,4,1,11,45,235.0,410.5,2.75,14.0,607.0,582.04,453.49
2016,4,1,12,0,262.0,410.0,2.7,14.0,631.0,613.18,476.8
2016,4,1,12,15,601.0,258.5,2.7,14.0,764.0,755.14,590.01
2016,4,1,12,30,940.0,107.0,2.7,14.0,897.0,896.24,692.1
2016,4,1,12,45,692.0,221.5,2.75,14.0,800.0,817.77,635.78
2016,4,1,13,0,444.0,336.0,2.8,14.0,703.0,727.4,565.13
2016,4,1,13,15,448.5,327.0,2.9,14.0,691.0,727.75,567.3
2016,4,1,13,30,453.0,318.0,3.0,14.0,679.0,726.31,567.54
2016,4,1,13,45,484.5,295.0,3.1,14.5,671.0,731.9,572.78
2016,4,1,14,0,516.0,272.0,3.2,15.0,663.0,735.0,576.22
2016,4,1,14,15,712.0,184.0,3.3,14.5,699.5,808.81,636.97
2016,4,1,14,30,908.0,96.0,3.4,14.0,736.0,863.32,678.58
2016,4,1,14,45,723.0,152.0,3.5,14.0,645.0,767.11,610.11
2016,4,1,15,0,538.0,208.0,3.6,14.0,554.0,664.35,532.64
2016,4,1,15,15,696.5,147.0,3.7,14.0,563.5,714.4,575.96
2016,4,1,15,30,855.0,86.0,3.8,14.0,573.0,746.48,601.67
2016,4,1,15,45,833.5,83.5,3.9,14.0,524.5,705.05,572.36
2016,4,1,16,0,812.0,81.0,4.0,14.0,476.0,662.45,542.13
2016,4,1,16,15,783.5,77.0,4.0,13.5,424.0,612.66,505.32
2016,4,1,16,30,755.0,73.0,4.0,13.0,372.0,562.76,466.78
2016,4,1,16,45,712.0,68.5,4.05,13.0,318.5,504.08,419.17
2016,4,1,17,0,669.0,64.0,4.1,13.0,265.0,449.72,373.5
2016,4,1,17,15,607.0,57.0,3.95,12.5,212.5,382.86,316.48
2016,4,1,17,30,545.0,50.0,3.8,12.0,160.0,320.31,261.2
2016,4,1,17,45,441.0,40.5,3.7,11.5,112.5,242.58,192.34
2016,4,1,18,0,337.0,31.0,3.6,11.0,65.0,174.29,128.29
2016,4,1,18,15,168.5,15.5,3.5,10.5,32.5,80.58,0.0
2016,4,1,18,30,0.0,0.0,3.4,10.0,0.0,0.0,0.0
2016,4,1,18,45,0.0,0.0,3.35,10.0,0.0,0.0,0.0
2016,4,1,19,0,0.0,0.0,3.3,10.0,0.0,0.0,0.0
2016,4,1,19,15,0.0,0.0,3.25,10.0,0.0,0.0,0.0
2016,4,1,19,30,0.0,0.0,3.2,10.0,0.0,0.0,0.0
2016,4,1,19,45,0.0,0.0,3.15,10.0,0.0,0.0,0.0
2016,4,1,20,0,0.0,0.0,3.1,10.0,0.0,0.0,0.0
2016,4,1,20,15,0.0,0.0,3.1,10.0,0.0,0.0,0.0
2016,4,1,20,30,0.0,0.0,3.1,10.0,0.0,0.0,0.0
2016,4,1,20,45,0.0,0.0,3.1,10.0,0.0,0.0,0.0
2016,4,1,21,0,0.0,0.0,3.1,10.0,0.0,0.0,0.0
2016,4,1,21,15,0.0,0.0,3.05,9.5,0.0,0.0,0.0
2016,4,1,21,30,0.0,0.0,3.0,9.0,0.0,0.0,0.0
2016,4,1,21,45,0.0,0.0,3.0,9.0,0.0,0.0,0.0
2016,4,1,22,0,0.0,0.0,3.0,9.0,0.0,0.0,0.0
2016,4,1,22,15,0.0,0.0,3.0,9.0,0.0,0.0,0.0
2016,4,1,22,30,0.0,0.0,3.0,9.0,0.0,0.0,0.0
2016,4,1,22,45,0.0,0.0,3.0,9.0,0.0,0.0,0.0
2016,4,1,23,0,0.0,0.0,3.0,9.0,0.0,0.0,0.0
2016,4,1,23,15,0.0,0.0,3.0,9.0,0.0,0.0,0.0
2016,4,1,23,30,0.0,0.0,3.0,9.0,0.0,0.0,0.0
2016,4,1,23,45,0.0,0.0,3.0,9.0,0.0,0.0,0.0
2016,4,2,0,0,0.0,0.0,3.0,9.0,0.0,0.0,0.0
2016,4,2,0,15,0.0,0.0,2.95,9.0,0.0,0.0,0.0
2016,4,2,0,30,0.0,0.0,2.9,9.0,0.0,0.0,0.0
2016,4,2,0,45,0.0,0.0,2.9,9.0,0.0,0.0,0.0
2016,4,2,1,0,0.0,0.0,2.9,9.0,0.0,0.0,0.0
2016,4,2,1,15,0.0,0.0,2.85,9.0,0.0,0.0,0.0
2016,4,2,1,30,0.0,0.0,2.8,9.0,0.0,0.0,0.0
2016,4,2,1,45,0.0,0.0,2.75,9.0,0.0,0.0,0.0
2016,4,2,2,0,0.0,0.0,2.7,9.0,0.0,0.0,0.0
2016,4,2,2,15,0.0,0.0,2.6,9.0,0.0,0.0,0.0
2016,4,2,2,30,0.0,0.0,2.5,9.0,0.0,0.0,0.0
2016,4,2,2,45,0.0,0.0,2.4,9.0,0.0,0.0,0.0
2016,4,2,3,0,0.0,0.0,2.3,9.0,0.0,0.0,0.0
2016,4,2,3,15,0.0,0.0,2.15,9.0,0.0,0.0,0.0
2016,4,2,3,30,0.0,0.0,2.0,9.0,0.0,0.0,0.0
2016,4,2,3,45,0.0,0.0,1.95,9.0,0.0,0.0,0.0
2016,4,2,4,0,0.0,0.0,1.9,9.0,0.0,0.0,0.0
2016,4,2,4,15,0.0,0.0,1.8,9.0,0.0,0.0,0.0
2016,4,2,4,30,0.0,0.0,1.7,9.0,0.0,0.0,0.0
2016,4,2,4,45,0.0,0.0,1.65,9.0,0.0,0.0,0.0
2016,4,2,5,0,0.0,0.0,1.6,9.0,0.0,0.0,0.0
2016,4,2,5,15,0.0,0.0,1.55,9.0,0.0,0.0,0.0
2016,4,2,5,30,0.0,0.0,1.5,9.0,0.0,0.0,0.0
2016,4,2,5,45,0.0,0.0,1.5,9.0,0.0,0.0,0.0
2016,4,2,6,0,0.0,0.0,1.5,9.0,0.0,0.0,0.0
2016,4,2,6,15,156.5,19.0,1.4,9.0,37.0,14.21,3.17
2016,4,2,6,30,313.0,38.0,1.3,9.0,74.0,29.44,20.12
2016,4,2,6,45,395.5,51.0,1.25,9.5,120.5,38.19,28.67
2016,4,2,7,0,478.0,64.0,1.2,10.0,167.0,46.38,36.39
2016,4,2,7,15,239.0,78.0,1.1,10.0,129.5,65.66,48.41
2016,4,2,7,30,0.0,92.0,1.0,10.0,92.0,86.44,69.04
2016,4,2,7,45,0.0,110.0,0.9,10.5,110.0,103.25,82.98
2016,4,2,8,0,0.0,128.0,0.8,11.0,128.0,120.16,96.71
2016,4,2,8,15,44.5,171.0,0.75,11.0,193.5,164.56,131.44
2016,4,2,8,30,89.0,214.0,0.7,11.0,259.0,216.9,172.35
2016,4,2,8,45,85.5,237.5,0.7,11.5,284.5,242.47,192.39
2016,4,2,9,0,82.0,261.0,0.7,12.0,310.0,267.79,211.96
2016,4,2,9,15,119.0,283.5,0.75,12.5,359.0,305.39,240.63
2016,4,2,9,30,156.0,306.0,0.8,13.0,408.0,350.49,274.84
2016,4,2,9,45,337.0,277.5,0.9,13.5,514.0,425.07,332.33
2016,4,2,10,0,518.0,249.0,1.0,14.0,620.0,514.73,400.71
2016,4,2,10,15,441.5,293.0,1.15,14.0,618.5,532.55,413.67
2016,4,2,10,30,365.0,337.0,1.3,14.0,617.0,545.51,422.94
2016,4,2,10,45,610.5,242.5,1.45,14.5,727.5,637.81,495.32
2016,4,2,11,0,856.0,148.0,1.6,15.0,838.0,745.14,576.53
2016,4,2,11,15,860.5,149.0,1.75,15.0,853.5,777.03,599.21
2016,4,2,11,30,865.0,150.0,1.9,15.0,869.0,806.76,620.65
2016,4,2,11,45,873.5,146.5,2.05,15.0,878.0,832.93,639.65
2016,4,2,12,0,882.0,143.0,2.2,15.0,887.0,854.89,655.8
2016,4,2,12,15,881.5,143.0,2.35,15.0,886.5,871.76,668.54
2016,4,2,12,30,881.0,143.0,2.5,15.0,886.0,888.55,681.35
2016,4,2,12,45,887.5,137.0,2.65,15.5,879.0,896.86,687.11
2016,4,2,13,0,894.0,131.0,2.8,16.0,872.0,904.97,692.88
2016,4,2,13,15,714.5,210.5,2.9,16.0,795.0,842.89,650.69
2016,4,2,13,30,535.0,290.0,3.0,16.0,718.0,770.37,596.26
2016,4,2,13,45,699.5,210.0,3.15,16.0,752.5,833.66,648.12
2016,4,2,14,0,864.0,130.0,3.3,16.0,787.0,886.24,686.59
2016,4,2,14,15,854.0,128.0,3.3,15.5,755.5,869.29,676.5
2016,4,2,14,30,844.0,126.0,3.3,15.0,724.0,849.59,665.04
2016,4,2,14,45,826.0,125.5,3.35,15.0,685.0,822.34,647.22
2016,4,2,15,0,808.0,125.0,3.4,15.0,646.0,792.93,627.79
2016,4,2,15,15,790.0,121.5,3.4,15.0,602.5,758.35,604.2
2016,4,2,15,30,772.0,118.0,3.4,15.0,559.0,724.86,581.25
2016,4,2,15,45,405.0,155.5,3.4,15.0,385.5,476.15,387.97
2016,4,2,16,0,38.0,193.0,3.4,15.0,212.0,228.57,184.02
2016,4,2,16,15,40.5,174.5,3.4,14.5,193.0,210.5,170.83
2016,4,2,16,30,43.0,156.0,3.4,14.0,174.0,192.11,156.55
2016,4,2,16,45,34.5,135.0,3.4,14.0,148.0,164.0,133.38
2016,4,2,17,0,26.0,114.0,3.4,14.0,122.0,136.33,110.24
2016,4,2,17,15,215.5,91.5,3.3,13.5,137.0,219.12,180.57
2016,4,2,17,30,405.0,69.0,3.2,13.0,152.0,278.27,226.6
2016,4,2,17,45,304.5,54.0,3.15,12.5,106.0,202.51,160.3
2016,4,2,18,0,204.0,39.0,3.1,12.0,60.0,136.21,100.57
2016,4,2,18,15,102.0,19.5,3.0,11.5,30.0,64.37,6.33
2016,4,2,18,30,0.0,0.0,2.9,11.0,0.0,0.0,0.0
2016,4,2,18,45,0.0,0.0,2.85,11.0,0.0,0.0,0.0
2016,4,2,19,0,0.0,0.0,2.8,11.0,0.0,0.0,0.0
2016,4,2,19,15,0.0,0.0,2.65,11.0,0.0,0.0,0.0
2016,4,2,19,30,0.0,0.0,2.5,11.0,0.0,0.0,0.0
2016,4,2,19,45,0.0,0.0,2.45,11.0,0.0,0.0,0.0
2016,4,2,20,0,0.0,0.0,2.4,11.0,0.0,0.0,0.0
2016,4,2,20,15,0.0,0.0,2.35,10.5,0.0,0.0,0.0
2016,4,2,20,30,0.0,0.0,2.3,10.0,0.0,0.0,0.0
2016,4,2,20,45,0.0,0.0,2.25,10.0,0.0,0.0,0.0
2016,4,2,21,0,0.0,0.0,2.2,10.0,0.0,0.0,0.0
2016,4,2,21,15,0.0,0.0,2.2,10.0,0.0,0.0,0.0
2016,4,2,21,30,0.0,0.0,2.2,10.0,0.0,0.0,0.0
2016,4,2,21,45,0.0,0.0,2.2,10.0,0.0,0.0,0.0
2016,4,2,22,0,0.0,0.0,2.2,10.0,0.0,0.0,0.0
2016,4,2,22,15,0.0,0.0,2.2,9.5,0.0,0.0,0.0
2016,4,2,22,30,0.0,0.0,2.2,9.0,0.0,0.0,0.0
2016,4,2,22,45,0.0,0.0,2.2,9.0,0.0,0.0,0.0
2016,4,2,23,0,0.0,0.0,2.2,9.0,0.0,0.0,0.0
2016,4,2,23,15,0.0,0.0,2.2,9.0,0.0,0.0,0.0
2016,4,2,23,30,0.0,0.0,2.2,9.0,0.0,0.0,0.0
2016,4,2,23,45,0.0,0.0,2.25,9.0,0.0,0.0,0.0
2016,4,3,0,0,0.0,0.0,2.3,9.0,0.0,0.0,0.0
2016,4,3,0,15,0.0,0.0,2.3,9.0,0.0,0.0,0.0
2016,4,3,0,30,0.0,0.0,2.3,9.0,0.0,0.0,0.0
2016,4,3,0,45,0.0,0.0,2.35,9.0,0.0,0.0,0.0
2016,4,3,1,0,0.0,0.0,2.4,9.0,0.0,0.0,0.0
2016,4,3,1,15,0.0,0.0,2.4,8.5,0.0,0.0,0.0
2016,4,3,1,30,0.0,0.0,2.4,8.0,0.0,0.0,0.0
2016,4,3,1,45,0.0,0.0,2.4,8.0,0.0,0.0,0.0
2016,4,3,2,0,0.0,0.0,2.4,8.0,0.0,0.0,0.0
2016,4,3,2,15,0.0,0.0,2.35,8.0,0.0,0.0,0.0
2016,4,3,2,30,0.0,0.0,2.3,8.0,0.0,0.0,0.0
2016,4,3,2,45,0.0,0.0,2.3,8.0,0.0,0.0,0.0
2016,4,3,3,0,0.0,0.0,2.3,8.0,0.0,0.0,0.0
2016,4,3,3,15,0.0,0.0,2.25,8.0,0.0,0.0,0.0
2016,4,3,3,30,0.0,0.0,2.2,8.0,0.0,0.0,0.0
2016,4,3,3,45,0.0,0.0,2.15,8.0,0.0,0.0,0.0
2016,4,3,4,0,0.0,0.0,2.1,8.0,0.0,0.0,0.0
2016,4,3,4,15,0.0,0.0,2.05,8.0,0.0,0.0,0.0
2016,4,3,4,30,0.0,0.0,2.0,8.0,0.0,0.0,0.0
2016,4,3,4,45,0.0,0.0,2.0,8.0,0.0,0.0,0.0
2016,4,3,5,0,0.0,0.0,2.0,8.0,0.0,0.0,0.0
2016,4,3,5,15,0.0,0.0,2.0,8.0,0.0,0.0,0.0
2016,4,3,5,30,0.0,0.0,2.0,8.0,0.0,0.0,0.0
2016,4,3,5,45,0.0,0.0,2.05,8.0,0.0,0.0,0.0
2016,4,3,6,0,0.0,0.0,2.1,8.0,0.0,0.0,0.0
2016,4,3,6,15,163.0,20.0,2.1,8.0,39.5,14.92,4.72
2016,4,3,6,30,326.0,40.0,2.1,8.0,79.0,31.05,21.72
2016,4,3,6,45,421.0,51.0,2.15,8.5,127.5,37.83,28.49
2016,4,3,7,0,516.0,62.0,2.2,9.0,176.0,44.19,34.57
2016,4,3,7,15,261.5,87.5,2.15,9.0,145.5,74.67,55.18
2016,4,3,7,30,7.0,113.0,2.1,9.0,115.0,104.59,84.59
2016,4,3,7,45,12.5,132.5,2.1,9.5,137.0,124.0,100.42
2016,4,3,8,0,18.0,152.0,2.1,10.0,159.0,144.08,116.59
2016,4,3,8,15,400.5,124.5,2.1,10.5,325.5,194.59,144.41
2016,4,3,8,30,783.0,97.0,2.1,11.0,492.0,302.33,223.92
2016,4,3,8,45,805.5,100.5,2.15,11.5,540.5,353.34,269.05
2016,4,3,9,0,828.0,104.0,2.2,12.0,589.0,405.72,314.64
2016,4,3,9,15,844.5,107.0,2.25,12.0,632.5,456.18,358.36
2016,4,3,9,30,861.0,110.0,2.3,12.0,676.0,506.92,401.22
2016,4,3,9,45,873.0,112.0,2.35,12.5,713.5,554.45,439.79
2016,4,3,10,0,885.0,114.0,2.4,13.0,751.0,603.71,478.5
2016,4,3,10,15,894.0,116.0,2.45,13.0,782.5,647.59,513.15
2016,4,3,10,30,903.0,118.0,2.5,13.0,814.0,690.13,546.1
2016,4,3,10,45,723.0,205.0,2.55,13.5,772.5,681.3,536.18
2016,4,3,11,0,543.0,292.0,2.6,14.0,731.0,661.9,517.86
2016,4,3,11,15,510.5,309.5,2.65,14.0,729.0,673.96,526.59
2016,4,3,11,30,478.0,327.0,2.7,14.0,727.0,683.0,532.71
2016,4,3,11,45,386.5,367.0,2.75,14.5,692.0,663.08,515.13
2016,4,3,12,0,295.0,407.0,2.8,15.0,657.0,639.22,494.59
2016,4,3,12,15,607.0,267.5,2.9,15.0,781.5,773.45,601.56
2016,4,3,12,30,919.0,128.0,3.0,15.0,906.0,906.24,698.27
2016,4,3,12,45,695.0,228.0,3.15,15.0,813.0,831.9,645.61
2016,4,3,13,0,471.0,328.0,3.3,15.0,720.0,746.04,579.43
2016,4,3,13,15,526.0,302.0,3.4,15.0,731.5,773.03,602.1
2016,4,3,13,30,581.0,276.0,3.5,15.0,743.0,797.84,622.43
2016,4,3,13,45,575.5,266.5,3.65,15.0,717.5,784.66,614.23
2016,4,3,14,0,570.0,257.0,3.8,15.0,692.0,769.28,604.66
2016,4,3,14,15,711.0,193.5,3.9,15.0,714.0,822.58,648.19
2016,4,3,14,30,852.0,130.0,4.0,15.0,736.0,863.22,678.82
2016,4,3,14,45,625.0,195.0,4.1,15.0,627.5,736.91,586.56
2016,4,3,15,0,398.0,260.0,4.2,15.0,519.0,603.2,482.73
2016,4,3,15,15,593.0,189.0,4.25,14.5,545.0,679.67,548.41
2016,4,3,15,30,788.0,118.0,4.3,14.0,571.0,736.4,596.13
2016,4,3,15,45,768.0,112.5,4.35,14.0,523.0,697.41,568.17
2016,4,3,16,0,748.0,107.0,4.4,14.0,475.0,654.51,536.59
2016,4,3,16,15,716.0,101.5,4.35,13.5,423.5,602.83,497.51
2016,4,3,16,30,684.0,96.0,4.3,13.0,372.0,551.43,457.62
2016,4,3,16,45,643.5,88.5,4.3,13.0,319.0,493.41,410.56
2016,4,3,17,0,603.0,81.0,4.3,13.0,266.0,437.03,363.45
2016,4,3,17,15,538.0,72.0,4.15,12.5,213.5,368.66,305.39
2016,4,3,17,30,473.0,63.0,4.0,12.0,161.0,304.77,249.39
2016,4,3,17,45,375.0,50.5,3.85,11.5,114.0,228.62,182.3
2016,4,3,18,0,277.0,38.0,3.7,11.0,67.0,161.67,121.01
2016,4,3,18,15,138.5,19.0,3.6,10.5,33.5,75.8,17.31
2016,4,3,18,30,0.0,0.0,3.5,10.0,0.0,0.0,0.0
2016,4,3,18,45,0.0,0.0,3.45,10.0,0.0,0.0,0.0
2016,4,3,19,0,0.0,0.0,3.4,10.0,0.0,0.0,0.0
2016,4,3,19,15,0.0,0.0,3.35,10.0,0.0,0.0,0.0
2016,4,3,19,30,0.0,0.0,3.3,10.0,0.0,0.0,0.0
2016,4,3,19,45,0.0,0.0,3.3,10.0,0.0,0.0,0.0
2016,4,3,20,0,0.0,0.0,3.3,10.0,0.0,0.0,0.0
2016,4,3,20,15,0.0,0.0,3.25,10.0,0.0,0.0,0.0
2016,4,3,20,30,0.0,0.0,3.2,10.0,0.0,0.0,0.0
2016,4,3,20,45,0.0,0.0,3.2,10.0,0.0,0.0,0.0
2016,4,3,21,0,0.0,0.0,3.2,10.0,0.0,0.0,0.0
2016,4,3,21,15,0.0,0.0,3.2,10.0,0.0,0.0,0.0
2016,4,3,21,30,0.0,0.0,3.2,10.0,0.0,0.0,0.0
2016,4,3,21,45,0.0,0.0,3.2,10.5,0.0,0.0,0.0
2016,4,3,22,0,0.0,0.0,3.2,11.0,0.0,0.0,0.0
2016,4,3,22,15,0.0,0.0,3.3,11.0,0.0,0.0,0.0
2016,4,3,22,30,0.0,0.0,3.4,11.0,0.0,0.0,0.0
2016,4,3,22,45,0.0,0.0,3.5,11.0,0.0,0.0,0.0
2016,4,3,23,0,0.0,0.0,3.6,11.0,0.0,0.0,0.0
2016,4,3,23,15,0.0,0.0,3.7,11.0,0.0,0.0,0.0
2016,4,3,23,30,0.0,0.0,3.8,11.0,0.0,0.0,0.0
2016,4,3,23,45,0.0,0.0,3.9,11.0,0.0,0.0,0.0
2016,4,4,0,0,0.0,0.0,4.0,11.0,0.0,0.0,0.0
2016,4,4,0,15,0.0,0.0,4.1,11.0,0.0,0.0,0.0
2016,4,4,0,30,0.0,0.0,4.2,11.0,0.0,0.0,0.0
2016,4,4,0,45,0.0,0.0,4.3,11.0,0.0,0.0,0.0
2016,4,4,1,0,0.0,0.0,4.4,11.0,0.0,0.0,0.0
2016,4,4,1,15,0.0,0.0,4.45,11.0,0.0,0.0,0.0
2016,4,4,1,30,0.0,0.0,4.5,11.0,0.0,0.0,0.0
2016,4,4,1,45,0.0,0.0,4.6,11.0,0.0,0.0,0.0
2016,4,4,2,0,0.0,0.0,4.7,11.0,0.0,0.0,0.0
2016,4,4,2,15,0.0,0.0,4.75,11.0,0.0,0.0,0.0
2016,4,4,2,30,0.0,0.0,4.8,11.0,0.0,0.0,0.0
2016,4,4,2,45,0.0,0.0,4.85,11.0,0.0,0.0,0.0
2016,4,4,3,0,0.0,0.0,4.9,11.0,0.0,0.0,0.0
2016,4,4,3,15,0.0,0.0,4.95,10.5,0.0,0.0,0.0
2016,4,4,3,30,0.0,0.0,5.0,10.0,0.0,0.0,0.0
2016,4,4,3,45,0.0,0.0,5.05,10.0,0.0,0.0,0.0
2016,4,4,4,0,0.0,0.0,5.1,10.0,0.0,0.0,0.0
2016,4,4,4,15,0.0,0.0,5.1,10.0,0.0,0.0,0.0
2016,4,4,4,30,0.0,0.0,5.1,10.0,0.0,0.0,0.0
2016,4,4,4,45,0.0,0.0,5.1,10.0,0.0,0.0,0.0
2016,4,4,5,0,0.0,0.0,5.1,10.0,0.0,0.0,0.0
2016,4,4,5,15,0.0,0.0,5.2,10.0,0.0,0.0,0.0
2016,4,4,5,30,0.0,0.0,5.3,10.0,0.0,0.0,0.0
2016,4,4,5,45,0.0,6.0,5.4,10.5,6.0,0.0,0.0
2016,4,4,6,0,0.0,12.0,5.5,11.0,12.0,11.8,0.0
2016,4,4,6,15,164.0,27.0,5.6,11.0,47.5,20.96,9.78
2016,4,4,6,30,328.0,42.0,5.7,11.0,83.0,32.65,22.89
2016,4,4,6,45,427.5,52.5,5.8,11.5,133.0,38.87,29.06
2016,4,4,7,0,527.0,63.0,5.9,12.0,183.0,44.73,34.6
2016,4,4,7,15,589.0,70.5,5.85,12.0,236.5,64.57,39.13
2016,4,4,7,30,651.0,78.0,5.8,12.0,290.0,108.08,61.74
2016,4,4,7,45,695.0,83.5,5.75,12.5,344.5,154.09,94.73
2016,4,4,8,0,739.0,89.0,5.7,13.0,399.0,204.57,136.27
2016,4,4,8,15,769.0,93.0,5.8,13.0,451.5,258.15,183.76
2016,4,4,8,30,799.0,97.0,5.9,13.0,504.0,310.63,231.39
2016,4,4,8,45,821.0,100.5,6.0,13.5,552.5,362.33,278.14
2016,4,4,9,0,843.0,104.0,6.1,14.0,601.0,415.33,325.24
2016,4,4,9,15,859.0,106.5,6.1,14.0,645.0,465.86,370.03
2016,4,4,9,30,875.0,109.0,6.1,14.0,689.0,516.59,414.02
2016,4,4,9,45,886.5,111.5,6.15,14.5,726.5,567.62,456.42
2016,4,4,10,0,898.0,114.0,6.2,15.0,764.0,614.91,494.91
2016,4,4,10,15,906.5,116.0,6.05,15.0,795.0,658.97,530.47
2016,4,4,10,30,915.0,118.0,5.9,15.0,826.0,701.63,564.13
2016,4,4,10,45,919.5,120.0,5.8,15.5,849.5,739.97,592.81
2016,4,4,11,0,924.0,122.0,5.7,16.0,873.0,776.25,618.14
2016,4,4,11,15,927.5,122.5,5.65,16.0,888.5,808.17,640.95
2016,4,4,11,30,931.0,123.0,5.6,16.0,904.0,837.63,661.88
2016,4,4,11,45,931.0,124.5,5.6,16.0,911.0,862.72,679.82
2016,4,4,12,0,931.0,126.0,5.6,16.0,918.0,884.97,695.74
2016,4,4,12,15,712.5,228.0,5.5,16.0,834.5,825.07,650.73
2016,4,4,12,30,494.0,330.0,5.4,16.0,751.0,753.13,591.58
2016,4,4,12,45,713.0,225.5,5.35,16.0,825.5,847.34,667.78
2016,4,4,13,0,932.0,121.0,5.3,16.0,900.0,933.95,730.04
2016,4,4,13,15,927.5,120.5,5.3,16.0,882.5,934.97,730.76
2016,4,4,13,30,923.0,120.0,5.3,16.0,865.0,932.77,729.82
2016,4,4,13,45,913.0,120.0,5.35,16.0,839.0,923.15,724.03
2016,4,4,14,0,903.0,120.0,5.4,16.0,813.0,910.48,716.18
2016,4,4,14,15,893.0,118.0,5.75,16.0,780.5,892.77,706.45
2016,4,4,14,30,883.0,116.0,6.1,16.0,748.0,876.8,697.82
2016,4,4,14,45,867.0,114.5,6.5,16.0,708.0,849.26,680.57
2016,4,4,15,0,851.0,113.0,6.9,16.0,668.0,819.38,661.24
2016,4,4,15,15,833.5,110.0,7.05,15.5,623.5,784.56,638.17
2016,4,4,15,30,816.0,107.0,7.2,15.0,579.0,747.92,613.35
2016,4,4,15,45,789.5,104.5,7.4,15.0,529.5,703.67,581.16
2016,4,4,16,0,763.0,102.0,7.6,15.0,480.0,661.35,549.65
2016,4,4,16,15,731.0,97.0,7.4,14.5,428.0,609.62,509.16
2016,4,4,16,30,699.0,92.0,7.2,14.0,376.0,558.17,467.98
2016,4,4,16,45,652.0,86.0,7.0,14.0,322.0,497.34,417.24
2016,4,4,17,0,605.0,80.0,6.8,14.0,268.0,438.65,367.12
2016,4,4,17,15,537.5,71.5,6.4,13.5,215.5,369.33,307.4
2016,4,4,17,30,470.0,63.0,6.0,13.0,163.0,304.72,250.21
2016,4,4,17,45,365.5,51.0,5.6,12.5,115.5,226.28,180.83
2016,4,4,18,0,261.0,39.0,5.2,12.0,68.0,157.61,118.51
2016,4,4,18,15,130.5,19.5,4.95,11.5,34.0,74.7,23.88
2016,4,4,18,30,0.0,0.0,4.7,11.0,0.0,0.0,0.0
2016,4,4,18,45,0.0,0.0,4.5,11.0,0.0,0.0,0.0
2016,4,4,19,0,0.0,0.0,4.3,11.0,0.0,0.0,0.0
2016,4,4,19,15,0.0,0.0,4.2,11.0,0.0,0.0,0.0
2016,4,4,19,30,0.0,0.0,4.1,11.0,0.0,0.0,0.0
2016,4,4,19,45,0.0,0.0,4.0,11.0,0.0,0.0,0.0
2016,4,4,20,0,0.0,0.0,3.9,11.0,0.0,0.0,0.0
2016,4,4,20,15,0.0,0.0,3.85,10.5,0.0,0.0,0.0
2016,4,4,20,30,0.0,0.0,3.8,10.0,0.0,0.0,0.0
2016,4,4,20,45,0.0,0.0,3.75,10.0,0.0,0.0,0.0
2016,4,4,21,0,0.0,0.0,3.7,10.0,0.0,0.0,0.0
2016,4,4,21,15,0.0,0.0,3.7,10.0,0.0,0.0,0.0
2016,4,4,21,30,0.0,0.0,3.7,10.0,0.0,0.0,0.0
2016,4,4,21,45,0.0,0.0,3.7,10.0,0.0,0.0,0.0
2016,4,4,22,0,0.0,0.0,3.7,10.0,0.0,0.0,0.0
2016,4,4,22,15,0.0,0.0,3.7,10.0,0.0,0.0,0.0
2016,4,4,22,30,0.0,0.0,3.7,10.0,0.0,0.0,0.0
2016,4,4,22,45,0.0,0.0,3.75,10.0,0.0,0.0,0.0
2016,4,4,23,0,0.0,0.0,3.8,10.0,0.0,0.0,0.0
2016,4,4,23,15,0.0,0.0,3.75,10.0,0.0,0.0,0.0
2016,4,4,23,30,0.0,0.0,3.7,10.0,0.0,0.0,0.0
2016,4,4,23,45,0.0,0.0,3.7,10.0,0.0,0.0,0.0
2016,4,5,0,0,0.0,0.0,3.7,10.0,0.0,0.0,0.0
2016,4,5,0,15,0.0,0.0,3.6,9.5,0.0,0.0,0.0
2016,4,5,0,30,0.0,0.0,3.5,9.0,0.0,0.0,0.0
2016,4,5,0,45,0.0,0.0,3.45,9.0,0.0,0.0,0.0
2016,4,5,1,0,0.0,0.0,3.4,9.0,0.0,0.0,0.0
2016,4,5,1,15,0.0,0.0,3.25,9.0,0.0,0.0,0.0
2016,4,5,1,30,0.0,0.0,3.1,9.0,0.0,0.0,0.0
2016,4,5,1,45,0.0,0.0,3.0,9.0,0.0,0.0,0.0
2016,4,5,2,0,0.0,0.0,2.9,9.0,0.0,0.0,0.0
2016,4,5,2,15,0.0,0.0,2.85,9.0,0.0,0.0,0.0
2016,4,5,2,30,0.0,0.0,2.8,9.0,0.0,0.0,0.0
2016,4,5,2,45,0.0,0.0,2.75,9.5,0.0,0.0,0.0
2016,4,5,3,0,0.0,0.0,2.7,10.0,0.0,0.0,0.0
2016,4,5,3,15,0.0,0.0,2.7,9.5,0.0,0.0,0.0
2016,4,5,3,30,0.0,0.0,2.7,9.0,0.0,0.0,0.0
2016,4,5,3,45,0.0,0.0,2.7,9.0,0.0,0.0,0.0
2016,4,5,4,0,0.0,0.0,2.7,9.0,0.0,0.0,0.0
2016,4,5,4,15,0.0,0.0,2.75,9.0,0.0,0.0,0.0
2016,4,5,4,30,0.0,0.0,2.8,9.0,0.0,0.0,0.0
2016,4,5,4,45,0.0,0.0,2.85,9.0,0.0,0.0,0.0
2016,4,5,5,0,0.0,0.0,2.9,9.0,0.0,0.0,0.0
2016,4,5,5,15,0.0,0.0,2.85,9.0,0.0,0.0,0.0
2016,4,5,5,30,0.0,0.0,2.8,9.0,0.0,0.0,0.0
2016,4,5,5,45,44.5,6.0,2.75,9.5,7.5,0.0,0.0
2016,4,5,6,0,89.0,12.0,2.7,10.0,15.0,11.8,0.0
2016,4,5,6,15,242.0,25.5,2.65,10.5,52.5,19.62,9.56
2016,4,5,6,30,395.0,39.0,2.6,11.0,90.0,29.4,20.19
2016,4,5,6,45,483.5,48.5,2.55,11.5,140.0,34.89,25.59
2016,4,5,7,0,572.0,58.0,2.5,12.0,190.0,40.04,30.45
2016,4,5,7,15,630.0,64.5,2.4,12.5,244.5,63.74,35.85
2016,4,5,7,30,688.0,71.0,2.3,13.0,299.0,108.52,59.64
2016,4,5,7,45,731.5,75.0,2.2,13.5,353.5,158.7,96.2
2016,4,5,8,0,775.0,79.0,2.1,14.0,408.0,209.61,137.87
2016,4,5,8,15,802.5,83.0,2.15,14.5,460.5,260.88,182.7
2016,4,5,8,30,830.0,87.0,2.2,15.0,513.0,314.45,229.92
2016,4,5,8,45,853.0,88.5,2.25,15.5,562.0,366.29,275.5
2016,4,5,9,0,876.0,90.0,2.3,16.0,611.0,423.17,324.0
2016,4,5,9,15,890.5,92.5,2.4,16.0,654.5,474.33,367.79
2016,4,5,9,30,905.0,95.0,2.5,16.0,698.0,525.43,410.48
2016,4,5,9,45,914.5,97.5,2.7,16.5,735.5,573.59,449.43
2016,4,5,10,0,924.0,100.0,2.9,17.0,773.0,620.8,486.65
2016,4,5,10,15,932.0,101.5,2.95,17.0,803.5,665.0,521.18
2016,4,5,10,30,940.0,103.0,3.0,17.0,834.0,707.69,553.88
2016,4,5,10,45,944.0,104.5,3.15,17.5,857.0,745.94,581.72
2016,4,5,11,0,948.0,106.0,3.3,18.0,880.0,782.03,606.34
2016,4,5,11,15,951.5,106.5,3.3,18.0,895.5,814.46,628.64
2016,4,5,11,30,955.0,107.0,3.3,18.0,911.0,844.39,649.1
2016,4,5,11,45,956.5,107.0,3.35,18.5,918.5,869.58,665.27
2016,4,5,12,0,958.0,107.0,3.4,19.0,926.0,891.91,679.44
2016,4,5,12,15,957.5,107.0,3.35,19.0,925.0,909.59,691.12
2016,4,5,12,30,957.0,107.0,3.3,19.0,924.0,924.16,700.75
2016,4,5,12,45,955.5,106.0,3.3,19.5,915.0,933.68,706.02
2016,4,5,13,0,954.0,105.0,3.3,20.0,906.0,939.94,709.21
2016,4,5,13,15,723.5,206.0,3.3,20.0,807.0,853.54,650.18
2016,4,5,13,30,493.0,307.0,3.3,20.0,708.0,756.49,577.6
2016,4,5,13,45,713.0,204.5,3.3,20.0,764.0,846.7,648.12
2016,4,5,14,0,933.0,102.0,3.3,20.0,820.0,920.26,699.27
2016,4,5,14,15,924.0,100.0,3.3,20.0,787.5,902.85,687.72
2016,4,5,14,30,915.0,98.0,3.3,20.0,755.0,882.51,674.95
2016,4,5,14,45,902.0,96.5,3.35,20.0,716.0,856.59,658.63
2016,4,5,15,0,889.0,95.0,3.4,20.0,677.0,828.2,640.54
2016,4,5,15,15,873.5,92.5,3.45,19.5,632.5,794.45,619.69
2016,4,5,15,30,858.0,90.0,3.5,19.0,588.0,763.17,600.38
2016,4,5,15,45,835.0,87.0,3.6,19.0,538.5,719.62,570.83
2016,4,5,16,0,812.0,84.0,3.7,19.0,489.0,675.0,540.02
2016,4,5,16,15,783.0,80.5,3.7,18.5,437.0,625.04,504.52
2016,4,5,16,30,754.0,77.0,3.7,18.0,385.0,575.01,467.01
2016,4,5,16,45,712.0,72.0,3.7,17.5,331.0,515.84,421.08
2016,4,5,17,0,670.0,67.0,3.7,17.0,277.0,461.02,376.92
2016,4,5,17,15,608.5,60.0,3.55,16.5,223.5,393.65,320.9
2016,4,5,17,30,547.0,53.0,3.4,16.0,170.0,330.52,266.5
2016,4,5,17,45,447.5,43.5,3.25,15.5,121.5,253.36,199.5
2016,4,5,18,0,348.0,34.0,3.1,15.0,73.0,185.12,138.03
2016,4,5,18,15,174.0,17.0,2.95,14.5,36.5,88.16,34.94
2016,4,5,18,30,0.0,0.0,2.8,14.0,0.0,0.0,0.0
2016,4,5,18,45,0.0,0.0,2.7,14.0,0.0,0.0,0.0
2016,4,5,19,0,0.0,0.0,2.6,14.0,0.0,0.0,0.0
2016,4,5,19,15,0.0,0.0,2.45,14.0,0.0,0.0,0.0
2016,4,5,19,30,0.0,0.0,2.3,14.0,0.0,0.0,0.0
2016,4,5,19,45,0.0,0.0,2.15,14.0,0.0,0.0,0.0
2016,4,5,20,0,0.0,0.0,2.0,14.0,0.0,0.0,0.0
2016,4,5,20,15,0.0,0.0,1.85,14.0,0.0,0.0,0.0
2016,4,5,20,30,0.0,0.0,1.7,14.0,0.0,0.0,0.0
2016,4,5,20,45,0.0,0.0,1.6,14.0,0.0,0.0,0.0
2016,4,5,21,0,0.0,0.0,1.5,14.0,0.0,0.0,0.0
2016,4,5,21,15,0.0,0.0,1.4,14.0,0.0,0.0,0.0
2016,4,5,21,30,0.0,0.0,1.3,14.0,0.0,0.0,0.0
2016,4,5,21,45,0.0,0.0,1.2,14.0,0.0,0.0,0.0
2016,4,5,22,0,0.0,0.0,1.1,14.0,0.0,0.0,0.0
2016,4,5,22,15,0.0,0.0,1.05,14.0,0.0,0.0,0.0
2016,4,5,22,30,0.0,0.0,1.0,14.0,0.0,0.0,0.0
2016,4,5,22,45,0.0,0.0,1.0,14.0,0.0,0.0,0.0
2016,4,5,23,0,0.0,0.0,1.0,14.0,0.0,0.0,0.0
2016,4,5,23,15,0.0,0.0,1.0,14.0,0.0,0.0,0.0
2016,4,5,23,30,0.0,0.0,1.0,14.0,0.0,0.0,0.0
2016,4,5,23,45,0.0,0.0,1.05,14.0,0.0,0.0,0.0
2016,4,6,0,0,0.0,0.0,1.1,14.0,0.0,0.0,0.0
2016,4,6,0,15,0.0,0.0,1.15,14.0,0.0,0.0,0.0
2016,4,6,0,30,0.0,0.0,1.2,14.0,0.0,0.0,0.0
2016,4,6,0,45,0.0,0.0,1.25,14.0,0.0,0.0,0.0
2016,4,6,1,0,0.0,0.0,1.3,14.0,0.0,0.0,0.0
2016,4,6,1,15,0.0,0.0,1.35,13.5,0.0,0.0,0.0
2016,4,6,1,30,0.0,0.0,1.4,13.0,0.0,0.0,0.0
2016,4,6,1,45,0.0,0.0,1.45,13.0,0.0,0.0,0.0
2016,4,6,2,0,0.0,0.0,1.5,13.0,0.0,0.0,0.0
2016,4,6,2,15,0.0,0.0,1.6,13.0,0.0,0.0,0.0
2016,4,6,2,30,0.0,0.0,1.7,13.0,0.0,0.0,0.0
2016,4,6,2,45,0.0,0.0,1.85,13.0,0.0,0.0,0.0
2016,4,6,3,0,0.0,0.0,2.0,13.0,0.0,0.0,0.0
2016,4,6,3,15,0.0,0.0,2.15,12.5,0.0,0.0,0.0
2016,4,6,3,30,0.0,0.0,2.3,12.0,0.0,0.0,0.0
2016,4,6,3,45,0.0,0.0,2.45,12.0,0.0,0.0,0.0
2016,4,6,4,0,0.0,0.0,2.6,12.0,0.0,0.0,0.0
2016,4,6,4,15,0.0,0.0,2.7,12.0,0.0,0.0,0.0
2016,4,6,4,30,0.0,0.0,2.8,12.0,0.0,0.0,0.0
2016,4,6,4,45,0.0,0.0,2.9,12.0,0.0,0.0,0.0
2016,4,6,5,0,0.0,0.0,3.0,12.0,0.0,0.0,0.0
2016,4,6,5,15,0.0,0.0,3.05,12.0,0.0,0.0,0.0
2016,4,6,5,30,0.0,0.0,3.1,12.0,0.0,0.0,0.0
2016,4,6,5,45,48.5,6.5,3.2,12.5,8.0,0.0,0.0
2016,4,6,6,0,97.0,13.0,3.3,13.0,16.0,12.78,0.0
2016,4,6,6,15,241.5,26.5,3.4,13.5,54.0,20.3,10.44
2016,4,6,6,30,386.0,40.0,3.5,14.0,92.0,30.02,20.51
2016,4,6,6,45,475.5,49.5,3.6,14.5,142.0,35.47,25.79
2016,4,6,7,0,565.0,59.0,3.7,15.0,192.0,40.58,30.55
2016,4,6,7,15,622.0,66.0,3.65,15.5,246.0,67.88,37.48
2016,4,6,7,30,679.0,73.0,3.6,16.0,300.0,112.82,62.31
2016,4,6,7,45,718.5,78.0,3.55,16.5,354.0,159.61,96.56
2016,4,6,8,0,758.0,83.0,3.5,17.0,408.0,213.62,140.97
2016,4,6,8,15,786.0,87.0,3.45,17.5,460.0,264.22,184.99
2016,4,6,8,30,814.0,91.0,3.4,18.0,512.0,317.18,231.37
2016,4,6,8,45,834.5,94.0,3.4,18.5,560.5,368.76,276.46
2016,4,6,9,0,855.0,97.0,3.4,19.0,609.0,421.44,321.46
2016,4,6,9,15,870.0,100.0,3.4,19.5,652.5,472.54,364.13
2016,4,6,9,30,885.0,103.0,3.4,20.0,696.0,526.84,407.85
2016,4,6,9,45,895.5,105.5,3.45,20.5,733.5,574.68,445.69
2016,4,6,10,0,906.0,108.0,3.5,21.0,771.0,621.69,481.85
2016,4,6,10,15,914.0,109.5,3.4,21.0,801.5,665.19,514.99
2016,4,6,10,30,922.0,111.0,3.3,21.0,832.0,707.22,546.25
2016,4,6,10,45,926.0,113.0,3.25,21.5,855.0,745.3,572.81
2016,4,6,11,0,930.0,115.0,3.2,22.0,878.0,781.27,596.01
2016,4,6,11,15,933.0,115.5,3.1,22.0,893.0,812.8,616.76
2016,4,6,11,30,936.0,116.0,3.0,22.0,908.0,841.85,635.65
2016,4,6,11,45,936.0,117.0,2.9,22.5,914.5,866.37,650.05
2016,4,6,12,0,936.0,118.0,2.8,23.0,921.0,888.03,662.41
2016,4,6,12,15,935.0,118.0,2.65,23.0,919.5,904.93,672.42
2016,4,6,12,30,934.0,118.0,2.5,23.0,918.0,918.78,680.36
2016,4,6,12,45,927.0,120.0,2.45,23.5,907.0,926.33,683.69
2016,4,6,13,0,920.0,122.0,2.4,24.0,896.0,930.68,685.06
2016,4,6,13,15,732.0,208.0,2.25,24.0,816.5,865.43,640.82
2016,4,6,13,30,544.0,294.0,2.1,24.0,737.0,789.64,585.43
2016,4,6,13,45,547.0,280.5,1.95,24.5,715.0,779.86,578.17
2016,4,6,14,0,550.0,267.0,1.8,25.0,693.0,767.82,568.82
2016,4,6,14,15,547.5,255.5,1.7,25.0,665.0,750.91,557.61
2016,4,6,14,30,545.0,244.0,1.6,25.0,637.0,731.93,545.03
2016,4,6,14,45,545.5,227.5,1.5,25.5,603.5,708.1,528.31
2016,4,6,15,0,546.0,211.0,1.4,26.0,570.0,682.14,510.15
2016,4,6,15,15,439.5,226.0,1.3,26.0,503.0,603.86,454.06
2016,4,6,15,30,333.0,241.0,1.2,26.0,436.0,521.52,394.6
2016,4,6,15,45,343.0,217.0,1.1,26.0,403.0,494.84,376.94
2016,4,6,16,0,353.0,193.0,1.0,26.0,370.0,466.27,357.17
2016,4,6,16,15,364.5,169.0,0.85,25.5,335.0,436.77,336.78
2016,4,6,16,30,376.0,145.0,0.7,25.0,300.0,413.67,320.36
2016,4,6,16,45,488.5,112.0,0.55,24.5,284.5,429.73,333.42
2016,4,6,17,0,601.0,79.0,0.4,24.0,269.0,438.52,339.15
2016,4,6,17,15,537.0,71.0,0.35,23.5,217.0,371.39,286.97
2016,4,6,17,30,473.0,63.0,0.3,23.0,165.0,308.69,236.97
2016,4,6,17,45,377.0,51.0,0.3,23.0,118.0,233.16,175.56
2016,4,6,18,0,281.0,39.0,0.3,23.0,71.0,165.85,118.97
2016,4,6,18,15,140.5,19.5,0.45,22.5,35.5,79.29,34.27
2016,4,6,18,30,0.0,0.0,0.6,22.0,0.0,0.0,0.0
2016,4,6,18,45,0.0,0.0,0.75,21.5,0.0,0.0,0.0
2016,4,6,19,0,0.0,0.0,0.9,21.0,0.0,0.0,0.0
2016,4,6,19,15,0.0,0.0,1.0,20.5,0.0,0.0,0.0
2016,4,6,19,30,0.0,0.0,1.1,20.0,0.0,0.0,0.0
2016,4,6,19,45,0.0,0.0,1.2,20.0,0.0,0.0,0.0
2016,4,6,20,0,0.0,0.0,1.3,20.0,0.0,0.0,0.0
2016,4,6,20,15,0.0,0.0,1.4,19.5,0.0,0.0,0.0
2016,4,6,20,30,0.0,0.0,1.5,19.0,0.0,0.0,0.0
2016,4,6,20,45,0.0,0.0,1.65,18.5,0.0,0.0,0.0
2016,4,6,21,0,0.0,0.0,1.8,18.0,0.0,0.0,0.0
2016,4,6,21,15,0.0,0.0,2.0,17.5,0.0,0.0,0.0
2016,4,6,21,30,0.0,0.0,2.2,17.0,0.0,0.0,0.0
2016,4,6,21,45,0.0,0.0,2.4,16.5,0.0,0.0,0.0
2016,4,6,22,0,0.0,0.0,2.6,16.0,0.0,0.0,0.0
2016,4,6,22,15,0.0,0.0,2.7,15.5,0.0,0.0,0.0
2016,4,6,22,30,0.0,0.0,2.8,15.0,0.0,0.0,0.0
2016,4,6,22,45,0.0,0.0,2.95,14.5,0.0,0.0,0.0
2016,4,6,23,0,0.0,0.0,3.1,14.0,0.0,0.0,0.0
2016,4,6,23,15,0.0,0.0,3.2,14.0,0.0,0.0,0.0
2016,4,6,23,30,0.0,0.0,3.3,14.0,0.0,0.0,0.0
2016,4,6,23,45,0.0,0.0,3.4,14.0,0.0,0.0,0.0
2016,4,7,0,0,0.0,0.0,3.5,14.0,0.0,0.0,0.0
2016,4,7,0,15,0.0,0.0,3.65,14.0,0.0,0.0,0.0
2016,4,7,0,30,0.0,0.0,3.8,14.0,0.0,0.0,0.0
2016,4,7,0,45,0.0,0.0,3.95,14.0,0.0,0.0,0.0
2016,4,7,1,0,0.0,0.0,4.1,14.0,0.0,0.0,0.0
2016,4,7,1,15,0.0,0.0,4.2,13.5,0.0,0.0,0.0
2016,4,7,1,30,0.0,0.0,4.3,13.0,0.0,0.0,0.0
2016,4,7,1,45,0.0,0.0,4.4,13.0,0.0,0.0,0.0
2016,4,7,2,0,0.0,0.0,4.5,13.0,0.0,0.0,0.0
2016,4,7,2,15,0.0,0.0,4.4,13.0,0.0,0.0,0.0
2016,4,7,2,30,0.0,0.0,4.3,13.0,0.0,0.0,0.0
2016,4,7,2,45,0.0,0.0,4.2,13.0,0.0,0.0,0.0
2016,4,7,3,0,0.0,0.0,4.1,13.0,0.0,0.0,0.0
2016,4,7,3,15,0.0,0.0,3.95,13.0,0.0,0.0,0.0
2016,4,7,3,30,0.0,0.0,3.8,13.0,0.0,0.0,0.0
2016,4,7,3,45,0.0,0.0,3.65,13.0,0.0,0.0,0.0
2016,4,7,4,0,0.0,0.0,3.5,13.0,0.0,0.0,0.0
2016,4,7,4,15,0.0,0.0,3.4,13.0,0.0,0.0,0.0
2016,4,7,4,30,0.0,0.0,3.3,13.0,0.0,0.0,0.0
2016,4,7,4,45,0.0,0.0,3.25,13.0,0.0,0.0,0.0
2016,4,7,5,0,0.0,0.0,3.2,13.0,0.0,0.0,0.0
2016,4,7,5,15,0.0,0.0,3.2,13.0,0.0,0.0,0.0
2016,4,7,5,30,0.0,0.0,3.2,13.0,0.0,0.0,0.0
2016,4,7,5,45,0.0,3.0,3.25,13.5,3.0,2.95,0.0
2016,4,7,6,0,0.0,6.0,3.3,14.0,6.0,5.78,0.0
2016,4,7,6,15,0.0,19.0,3.45,14.0,19.0,18.34,9.21
2016,4,7,6,30,0.0,32.0,3.6,14.0,32.0,30.9,21.35
2016,4,7,6,45,0.0,49.0,3.75,14.5,49.0,46.82,35.85
2016,4,7,7,0,0.0,66.0,3.9,15.0,66.0,62.33,49.84
2016,4,7,7,15,0.0,84.5,3.9,15.0,84.5,79.3,61.76
2016,4,7,7,30,0.0,103.0,3.9,15.0,103.0,96.5,76.17
2016,4,7,7,45,312.0,101.5,3.95,15.0,237.0,125.44,86.51
2016,4,7,8,0,624.0,100.0,4.0,15.0,371.0,202.08,138.37
2016,4,7,8,15,501.0,149.0,3.9,15.0,383.5,248.26,183.62
2016,4,7,8,30,378.0,198.0,3.8,15.0,396.0,284.87,219.24
2016,4,7,8,45,408.5,211.5,3.75,15.5,442.5,324.29,251.9
2016,4,7,9,0,439.0,225.0,3.7,16.0,489.0,370.47,289.53
2016,4,7,9,15,478.5,227.0,3.6,16.0,533.5,413.07,324.43
2016,4,7,9,30,518.0,229.0,3.5,16.0,578.0,458.64,361.25
2016,4,7,9,45,539.5,236.5,3.45,16.0,617.5,502.16,395.92
2016,4,7,10,0,561.0,244.0,3.4,16.0,657.0,546.61,430.69
2016,4,7,10,15,706.5,190.5,3.3,16.0,732.0,612.01,482.61
2016,4,7,10,30,852.0,137.0,3.2,16.0,807.0,687.89,541.51
2016,4,7,10,45,697.0,219.0,3.15,16.5,777.5,688.23,537.59
2016,4,7,11,0,542.0,301.0,3.1,17.0,748.0,678.46,526.01
2016,4,7,11,15,545.5,308.0,3.05,17.0,765.0,707.16,546.84
2016,4,7,11,30,549.0,315.0,3.0,17.0,782.0,734.65,566.29
2016,4,7,11,45,557.5,309.5,2.95,17.0,787.0,752.9,579.39
2016,4,7,12,0,566.0,304.0,2.9,17.0,792.0,769.7,591.44
2016,4,7,12,15,537.5,319.0,2.9,17.0,782.0,773.74,593.56
2016,4,7,12,30,509.0,334.0,2.9,17.0,772.0,775.32,594.01
2016,4,7,12,45,417.0,365.0,2.9,17.0,721.5,735.24,563.35
2016,4,7,13,0,325.0,396.0,2.9,17.0,671.0,688.92,528.23
2016,4,7,13,15,363.0,373.5,2.9,16.5,675.5,704.27,542.34
2016,4,7,13,30,401.0,351.0,2.9,16.0,680.0,718.06,554.99
2016,4,7,13,45,391.0,344.5,2.95,16.0,657.0,704.44,545.78
2016,4,7,14,0,381.0,338.0,3.0,16.0,634.0,689.42,535.74
2016,4,7,14,15,366.5,326.5,3.0,16.0,602.5,663.94,517.9
2016,4,7,14,30,352.0,315.0,3.0,16.0,571.0,637.34,499.2
2016,4,7,14,45,311.0,306.0,3.0,16.0,523.5,590.44,464.65
2016,4,7,15,0,270.0,297.0,3.0,16.0,476.0,543.88,430.03
2016,4,7,15,15,199.0,281.5,2.95,15.5,408.5,458.82,365.67
2016,4,7,15,30,128.0,266.0,2.9,15.0,341.0,384.79,308.29
2016,4,7,15,45,80.0,230.5,2.9,15.0,276.5,300.39,241.82
2016,4,7,16,0,32.0,195.0,2.9,15.0,212.0,226.49,182.19
2016,4,7,16,15,39.5,179.5,2.8,14.5,197.5,215.39,174.44
2016,4,7,16,30,47.0,164.0,2.7,14.0,183.0,203.74,165.87
2016,4,7,16,45,39.0,142.5,2.6,14.0,157.0,175.12,142.44
2016,4,7,17,0,31.0,121.0,2.5,14.0,131.0,146.89,119.01
2016,4,7,17,15,21.5,99.5,2.35,14.0,105.5,118.29,94.86
2016,4,7,17,30,12.0,78.0,2.2,14.0,80.0,85.95,67.23
2016,4,7,17,45,6.0,56.5,2.1,14.0,57.5,60.58,45.25
2016,4,7,18,0,0.0,35.0,2.0,14.0,35.0,35.12,23.12
2016,4,7,18,15,0.0,17.5,1.9,13.5,17.5,16.89,4.49
2016,4,7,18,30,0.0,0.0,1.8,13.0,0.0,0.0,0.0
2016,4,7,18,45,0.0,0.0,1.75,13.0,0.0,0.0,0.0
2016,4,7,19,0,0.0,0.0,1.7,13.0,0.0,0.0,0.0
2016,4,7,19,15,0.0,0.0,1.6,13.0,0.0,0.0,0.0
2016,4,7,19,30,0.0,0.0,1.5,13.0,0.0,0.0,0.0
2016,4,7,19,45,0.0,0.0,1.45,13.0,0.0,0.0,0.0
2016,4,7,20,0,0.0,0.0,1.4,13.0,0.0,0.0,0.0
2016,4,7,20,15,0.0,0.0,1.35,12.5,0.0,0.0,0.0
2016,4,7,20,30,0.0,0.0,1.3,12.0,0.0,0.0,0.0
2016,4,7,20,45,0.0,0.0,1.3,12.0,0.0,0.0,0.0
2016,4,7,21,0,0.0,0.0,1.3,12.0,0.0,0.0,0.0
2016,4,7,21,15,0.0,0.0,1.25,12.0,0.0,0.0,0.0
2016,4,7,21,30,0.0,0.0,1.2,12.0,0.0,0.0,0.0
2016,4,7,21,45,0.0,0.0,1.2,12.0,0.0,0.0,0.0
2016,4,7,22,0,0.0,0.0,1.2,12.0,0.0,0.0,0.0
2016,4,7,22,15,0.0,0.0,1.2,12.0,0.0,0.0,0.0
2016,4,7,22,30,0.0,0.0,1.2,12.0,0.0,0.0,0.0
2016,4,7,22,45,0.0,0.0,1.2,12.0,0.0,0.0,0.0
2016,4,7,23,0,0.0,0.0,1.2,12.0,0.0,0.0,0.0
2016,4,7,23,15,0.0,0.0,1.2,12.0,0.0,0.0,0.0
2016,4,7,23,30,0.0,0.0,1.2,12.0,0.0,0.0,0.0
2016,4,7,23,45,0.0,0.0,1.2,12.0,0.0,0.0,0.0
2016,4,8,0,0,0.0,0.0,1.2,12.0,0.0,0.0,0.0
2016,4,8,0,15,0.0,0.0,1.2,12.0,0.0,0.0,0.0
2016,4,8,0,30,0.0,0.0,1.2,12.0,0.0,0.0,0.0
2016,4,8,0,45,0.0,0.0,1.2,12.0,0.0,0.0,0.0
2016,4,8,1,0,0.0,0.0,1.2,12.0,0.0,0.0,0.0
2016,4,8,1,15,0.0,0.0,1.2,12.0,0.0,0.0,0.0
2016,4,8,1,30,0.0,0.0,1.2,12.0,0.0,0.0,0.0
2016,4,8,1,45,0.0,0.0,1.3,12.0,0.0,0.0,0.0
2016,4,8,2,0,0.0,0.0,1.4,12.0,0.0,0.0,0.0
2016,4,8,2,15,0.0,0.0,1.45,12.0,0.0,0.0,0.0
2016,4,8,2,30,0.0,0.0,1.5,12.0,0.0,0.0,0.0
2016,4,8,2,45,0.0,0.0,1.55,12.0,0.0,0.0,0.0
2016,4,8,3,0,0.0,0.0,1.6,12.0,0.0,0.0,0.0
2016,4,8,3,15,0.0,0.0,1.6,12.0,0.0,0.0,0.0
2016,4,8,3,30,0.0,0.0,1.6,12.0,0.0,0.0,0.0
2016,4,8,3,45,0.0,0.0,1.65,12.0,0.0,0.0,0.0
2016,4,8,4,0,0.0,0.0,1.7,12.0,0.0,0.0,0.0
2016,4,8,4,15,0.0,0.0,1.7,11.5,0.0,0.0,0.0
2016,4,8,4,30,0.0,0.0,1.7,11.0,0.0,0.0,0.0
2016,4,8,4,45,0.0,0.0,1.7,11.0,0.0,0.0,0.0
2016,4,8,5,0,0.0,0.0,1.7,11.0,0.0,0.0,0.0
2016,4,8,5,15,0.0,0.0,1.65,11.0,0.0,0.0,0.0
2016,4,8,5,30,0.0,0.0,1.6,11.0,0.0,0.0,0.0
2016,4,8,5,45,0.0,2.5,1.6,11.5,2.5,2.46,0.0
2016,4,8,6,0,0.0,5.0,1.6,12.0,5.0,4.82,0.0
2016,4,8,6,15,0.0,14.5,1.6,12.0,14.5,13.98,5.99
2016,4,8,6,30,0.0,24.0,1.6,12.0,24.0,23.16,14.83
2016,4,8,6,45,0.0,36.5,1.65,12.5,36.5,35.24,25.93
2016,4,8,7,0,0.0,49.0,1.7,13.0,49.0,47.34,36.92
2016,4,8,7,15,0.0,63.0,1.6,13.0,63.0,60.77,46.51
2016,4,8,7,30,0.0,77.0,1.5,13.0,77.0,73.89,57.6
2016,4,8,7,45,0.0,91.0,1.45,13.5,91.0,87.07,68.42
2016,4,8,8,0,0.0,105.0,1.4,14.0,105.0,100.28,79.08
2016,4,8,8,15,0.5,132.5,1.35,14.0,132.5,125.86,99.92
2016,4,8,8,30,1.0,160.0,1.3,14.0,160.0,151.55,120.53
2016,4,8,8,45,34.0,212.0,1.3,14.5,232.5,206.4,163.52
2016,4,8,9,0,67.0,264.0,1.3,15.0,305.0,267.84,210.95
2016,4,8,9,15,54.0,272.5,1.3,15.0,307.0,274.86,216.02
2016,4,8,9,30,41.0,281.0,1.3,15.0,309.0,280.45,220.04
2016,4,8,9,45,62.0,312.0,1.3,15.0,357.0,323.03,252.7
2016,4,8,10,0,83.0,343.0,1.3,15.0,405.0,367.67,286.4
2016,4,8,10,15,46.0,282.0,1.3,15.0,317.0,294.76,230.04
2016,4,8,10,30,9.0,221.0,1.3,15.0,229.0,218.11,170.08
2016,4,8,10,45,19.0,275.5,1.35,15.0,292.0,277.4,216.48
2016,4,8,11,0,29.0,330.0,1.4,15.0,355.0,336.41,261.33
2016,4,8,11,15,41.5,357.5,1.45,15.0,393.5,374.41,289.92
2016,4,8,11,30,54.0,385.0,1.5,15.0,432.0,413.43,319.14
2016,4,8,11,45,48.5,381.0,1.55,15.0,423.5,408.5,315.15
2016,4,8,12,0,43.0,377.0,1.6,15.0,415.0,403.07,311.09
2016,4,8,12,15,52.0,388.0,1.65,15.0,433.5,424.2,327.29
2016,4,8,12,30,61.0,399.0,1.7,15.0,452.0,445.66,343.56
2016,4,8,12,45,107.0,412.0,1.75,15.0,503.5,501.62,386.49
2016,4,8,13,0,153.0,425.0,1.8,15.0,555.0,563.3,432.79
2016,4,8,13,15,104.0,396.5,1.85,15.0,484.0,489.05,377.39
2016,4,8,13,30,55.0,368.0,1.9,15.0,413.0,418.68,324.52
2016,4,8,13,45,41.0,336.0,2.0,15.0,369.5,375.01,292.22
2016,4,8,14,0,27.0,304.0,2.1,15.0,326.0,330.92,258.92
2016,4,8,14,15,34.5,304.5,2.1,15.0,331.0,339.3,266.24
2016,4,8,14,30,42.0,305.0,2.1,15.0,336.0,347.58,273.3
2016,4,8,14,45,103.0,308.0,2.15,15.0,378.0,403.23,318.72
2016,4,8,15,0,164.0,311.0,2.2,15.0,420.0,465.01,367.92
2016,4,8,15,15,82.0,234.0,2.15,15.0,288.5,306.0,244.08
2016,4,8,15,30,0.0,157.0,2.1,15.0,157.0,154.49,121.76
2016,4,8,15,45,233.0,163.5,2.1,15.0,282.0,354.98,289.98
2016,4,8,16,0,466.0,170.0,2.1,15.0,407.0,531.09,429.84
2016,4,8,16,15,395.0,163.0,2.0,14.5,349.0,460.93,374.54
2016,4,8,16,30,324.0,156.0,1.9,14.0,291.0,386.6,316.51
2016,4,8,16,45,268.5,148.0,1.85,14.0,250.0,333.94,274.06
2016,4,8,17,0,213.0,140.0,1.8,14.0,209.0,285.56,234.14
2016,4,8,17,15,177.0,117.5,1.7,13.5,167.5,227.45,186.25
2016,4,8,17,30,141.0,95.0,1.6,13.0,126.0,178.93,145.13
2016,4,8,17,45,102.0,70.5,1.5,13.0,90.0,129.05,101.96
2016,4,8,18,0,63.0,46.0,1.4,13.0,54.0,81.63,60.62
2016,4,8,18,15,31.5,25.0,1.3,13.0,29.0,42.2,20.93
2016,4,8,18,30,0.0,4.0,1.2,13.0,4.0,3.93,0.0
2016,4,8,18,45,0.0,2.0,1.2,13.0,2.0,0.0,0.0
2016,4,8,19,0,0.0,0.0,1.2,13.0,0.0,0.0,0.0
2016,4,8,19,15,0.0,0.0,1.2,13.0,0.0,0.0,0.0
2016,4,8,19,30,0.0,0.0,1.2,13.0,0.0,0.0,0.0
2016,4,8,19,45,0.0,0.0,1.2,13.0,0.0,0.0,0.0
2016,4,8,20,0,0.0,0.0,1.2,13.0,0.0,0.0,0.0
2016,4,8,20,15,0.0,0.0,1.2,13.0,0.0,0.0,0.0
2016,4,8,20,30,0.0,0.0,1.2,13.0,0.0,0.0,0.0
2016,4,8,20,45,0.0,0.0,1.25,13.0,0.0,0.0,0.0
2016,4,8,21,0,0.0,0.0,1.3,13.0,0.0,0.0,0.0
2016,4,8,21,15,0.0,0.0,1.3,13.0,0.0,0.0,0.0
2016,4,8,21,30,0.0,0.0,1.3,13.0,0.0,0.0,0.0
2016,4,8,21,45,0.0,0.0,1.35,13.0,0.0,0.0,0.0
2016,4,8,22,0,0.0,0.0,1.4,13.0,0.0,0.0,0.0
2016,4,8,22,15,0.0,0.0,1.45,13.0,0.0,0.0,0.0
2016,4,8,22,30,0.0,0.0,1.5,13.0,0.0,0.0,0.0
2016,4,8,22,45,0.0,0.0,1.55,13.0,0.0,0.0,0.0
2016,4,8,23,0,0.0,0.0,1.6,13.0,0.0,0.0,0.0
2016,4,8,23,15,0.0,0.0,1.65,13.0,0.0,0.0,0.0
2016,4,8,23,30,0.0,0.0,1.7,13.0,0.0,0.0,0.0
2016,4,8,23,45,0.0,0.0,1.75,13.0,0.0,0.0,0.0
2016,4,9,0,0,0.0,0.0,1.8,13.0,0.0,0.0,0.0
2016,4,9,0,15,0.0,0.0,1.85,13.0,0.0,0.0,0.0
2016,4,9,0,30,0.0,0.0,1.9,13.0,0.0,0.0,0.0
2016,4,9,0,45,0.0,0.0,1.95,13.0,0.0,0.0,0.0
2016,4,9,1,0,0.0,0.0,2.0,13.0,0.0,0.0,0.0
2016,4,9,1,15,0.0,0.0,2.0,13.0,0.0,0.0,0.0
2016,4,9,1,30,0.0,0.0,2.0,13.0,0.0,0.0,0.0
2016,4,9,1,45,0.0,0.0,2.05,13.0,0.0,0.0,0.0
2016,4,9,2,0,0.0,0.0,2.1,13.0,0.0,0.0,0.0
2016,4,9,2,15,0.0,0.0,2.05,13.0,0.0,0.0,0.0
2016,4,9,2,30,0.0,0.0,2.0,13.0,0.0,0.0,0.0
2016,4,9,2,45,0.0,0.0,2.0,13.0,0.0,0.0,0.0
2016,4,9,3,0,0.0,0.0,2.0,13.0,0.0,0.0,0.0
2016,4,9,3,15,0.0,0.0,1.95,12.5,0.0,0.0,0.0
2016,4,9,3,30,0.0,0.0,1.9,12.0,0.0,0.0,0.0
2016,4,9,3,45,0.0,0.0,1.9,12.0,0.0,0.0,0.0
2016,4,9,4,0,0.0,0.0,1.9,12.0,0.0,0.0,0.0
2016,4,9,4,15,0.0,0.0,1.9,12.0,0.0,0.0,0.0
2016,4,9,4,30,0.0,0.0,1.9,12.0,0.0,0.0,0.0
2016,4,9,4,45,0.0,0.0,1.9,12.0,0.0,0.0,0.0
2016,4,9,5,0,0.0,0.0,1.9,12.0,0.0,0.0,0.0
2016,4,9,5,15,0.0,0.0,1.85,12.0,0.0,0.0,0.0
2016,4,9,5,30,0.0,0.0,1.8,12.0,0.0,0.0,0.0
2016,4,9,5,45,0.0,1.0,1.8,12.5,1.0,0.98,0.0
2016,4,9,6,0,0.0,2.0,1.8,13.0,2.0,1.93,0.0
2016,4,9,6,15,0.0,7.0,1.85,13.0,7.0,6.74,0.01
2016,4,9,6,30,0.0,12.0,1.9,13.0,12.0,11.57,4.57
2016,4,9,6,45,0.0,18.0,2.0,13.0,18.0,17.36,9.92
2016,4,9,7,0,0.0,24.0,2.1,13.0,24.0,23.15,15.24
2016,4,9,7,15,0.0,30.0,2.05,13.0,30.0,28.95,19.3
2016,4,9,7,30,0.0,36.0,2.0,13.0,36.0,34.76,24.26
2016,4,9,7,45,0.0,74.0,2.0,13.0,74.0,71.55,55.49
2016,4,9,8,0,0.0,112.0,2.0,13.0,112.0,106.65,84.76
2016,4,9,8,15,0.0,115.5,1.95,13.0,115.5,110.39,87.53
2016,4,9,8,30,0.0,119.0,1.9,13.0,119.0,114.02,90.24
2016,4,9,8,45,2.5,153.5,1.9,13.5,155.5,147.05,116.86
2016,4,9,9,0,5.0,188.0,1.9,14.0,192.0,180.33,143.18
2016,4,9,9,15,6.0,197.5,1.85,14.0,202.0,190.43,150.83
2016,4,9,9,30,7.0,207.0,1.8,14.0,212.0,200.61,158.59
2016,4,9,9,45,11.0,229.5,1.8,14.0,237.5,224.55,177.3
2016,4,9,10,0,15.0,252.0,1.8,14.0,263.0,248.93,196.18
2016,4,9,10,15,13.5,251.0,1.75,14.0,261.5,248.35,195.3
2016,4,9,10,30,12.0,250.0,1.7,14.0,260.0,247.53,194.35
2016,4,9,10,45,6.0,162.5,1.7,14.5,167.5,161.01,125.5
2016,4,9,11,0,0.0,75.0,1.7,15.0,75.0,72.66,54.07
2016,4,9,11,15,1.0,116.0,1.65,15.0,117.0,113.07,86.92
2016,4,9,11,30,2.0,157.0,1.6,15.0,159.0,153.52,119.21
2016,4,9,11,45,4.0,169.0,1.6,15.0,173.0,166.92,129.77
2016,4,9,12,0,6.0,181.0,1.6,15.0,187.0,180.44,140.49
2016,4,9,12,15,12.5,244.5,1.55,15.0,256.0,248.01,193.5
2016,4,9,12,30,19.0,308.0,1.5,15.0,325.0,316.31,245.8
2016,4,9,12,45,44.0,353.5,1.5,15.0,391.5,388.28,300.69
2016,4,9,13,0,69.0,399.0,1.5,15.0,458.0,458.41,353.13
2016,4,9,13,15,47.5,358.5,1.55,15.0,399.0,400.5,309.59
2016,4,9,13,30,26.0,318.0,1.6,15.0,340.0,341.75,265.43
2016,4,9,13,45,75.5,349.5,1.65,15.0,409.5,419.63,326.68
2016,4,9,14,0,125.0,381.0,1.7,15.0,479.0,504.99,391.5
2016,4,9,14,15,68.5,308.0,1.7,15.0,361.5,372.58,291.28
2016,4,9,14,30,12.0,235.0,1.7,15.0,244.0,242.03,189.85
2016,4,9,14,45,11.0,225.5,1.75,15.0,233.5,231.97,182.82
2016,4,9,15,0,10.0,216.0,1.8,15.0,223.0,221.92,175.33
2016,4,9,15,15,5.0,156.5,1.8,15.0,160.0,157.52,124.13
2016,4,9,15,30,0.0,97.0,1.8,15.0,97.0,93.99,72.61
2016,4,9,15,45,2.5,131.5,1.85,15.0,132.5,130.73,103.23
2016,4,9,16,0,5.0,166.0,1.9,15.0,168.0,168.94,134.77
2016,4,9,16,15,2.5,99.0,1.85,14.5,100.0,98.17,77.02
2016,4,9,16,30,0.0,32.0,1.8,14.0,32.0,30.9,20.72
2016,4,9,16,45,0.0,27.5,1.8,14.0,27.5,26.54,17.11
2016,4,9,17,0,0.0,23.0,1.8,14.0,23.0,22.19,13.42
2016,4,9,17,15,0.0,18.5,1.7,13.5,18.5,17.84,9.71
2016,4,9,17,30,0.0,14.0,1.6,13.0,14.0,13.5,5.95
2016,4,9,17,45,0.0,10.0,1.55,13.0,10.0,9.64,2.55
2016,4,9,18,0,0.0,6.0,1.5,13.0,6.0,5.78,0.0
2016,4,9,18,15,0.0,3.0,1.4,13.0,3.0,2.89,0.0
2016,4,9,18,30,0.0,0.0,1.3,13.0,0.0,0.0,0.0
2016,4,9,18,45,0.0,0.0,1.25,13.0,0.0,0.0,0.0
2016,4,9,19,0,0.0,0.0,1.2,13.0,0.0,0.0,0.0
2016,4,9,19,15,0.0,0.0,1.15,13.0,0.0,0.0,0.0
2016,4,9,19,30,0.0,0.0,1.1,13.0,0.0,0.0,0.0
2016,4,9,19,45,0.0,0.0,1.05,13.0,0.0,0.0,0.0
2016,4,9,20,0,0.0,0.0,1.0,13.0,0.0,0.0,0.0
2016,4,9,20,15,0.0,0.0,0.95,12.5,0.0,0.0,0.0
2016,4,9,20,30,0.0,0.0,0.9,12.0,0.0,0.0,0.0
2016,4,9,20,45,0.0,0.0,0.9,12.0,0.0,0.0,0.0
2016,4,9,21,0,0.0,0.0,0.9,12.0,0.0,0.0,0.0
2016,4,9,21,15,0.0,0.0,0.95,12.0,0.0,0.0,0.0
2016,4,9,21,30,0.0,0.0,1.0,12.0,0.0,0.0,0.0
2016,4,9,21,45,0.0,0.0,1.05,12.0,0.0,0.0,0.0
2016,4,9,22,0,0.0,0.0,1.1,12.0,0.0,0.0,0.0
2016,4,9,22,15,0.0,0.0,1.15,12.0,0.0,0.0,0.0
2016,4,9,22,30,0.0,0.0,1.2,12.0,0.0,0.0,0.0
2016,4,9,22,45,0.0,0.0,1.25,12.0,0.0,0.0,0.0
2016,4,9,23,0,0.0,0.0,1.3,12.0,0.0,0.0,0.0
2016,4,9,23,15,0.0,0.0,1.3,12.0,0.0,0.0,0.0
2016,4,9,23,30,0.0,0.0,1.3,12.0,0.0,0.0,0.0
2016,4,9,23,45,0.0,0.0,1.35,12.0,0.0,0.0,0.0
2016,4,10,0,0,0.0,0.0,1.4,12.0,0.0,0.0,0.0
2016,4,10,0,15,0.0,0.0,1.5,12.0,0.0,0.0,0.0
2016,4,10,0,30,0.0,0.0,1.6,12.0,0.0,0.0,0.0
2016,4,10,0,45,0.0,0.0,1.7,12.0,0.0,0.0,0.0
2016,4,10,1,0,0.0,0.0,1.8,12.0,0.0,0.0,0.0
2016,4,10,1,15,0.0,0.0,1.9,12.0,0.0,0.0,0.0
2016,4,10,1,30,0.0,0.0,2.0,12.0,0.0,0.0,0.0
2016,4,10,1,45,0.0,0.0,2.1,12.0,0.0,0.0,0.0
2016,4,10,2,0,0.0,0.0,2.2,12.0,0.0,0.0,0.0
2016,4,10,2,15,0.0,0.0,2.25,12.0,0.0,0.0,0.0
2016,4,10,2,30,0.0,0.0,2.3,12.0,0.0,0.0,0.0
2016,4,10,2,45,0.0,0.0,2.35,12.0,0.0,0.0,0.0
2016,4,10,3,0,0.0,0.0,2.4,12.0,0.0,0.0,0.0
2016,4,10,3,15,0.0,0.0,2.45,12.0,0.0,0.0,0.0
2016,4,10,3,30,0.0,0.0,2.5,12.0,0.0,0.0,0.0
2016,4,10,3,45,0.0,0.0,2.55,12.0,0.0,0.0,0.0
2016,4,10,4,0,0.0,0.0,2.6,12.0,0.0,0.0,0.0
2016,4,10,4,15,0.0,0.0,2.6,12.0,0.0,0.0,0.0
2016,4,10,4,30,0.0,0.0,2.6,12.0,0.0,0.0,0.0
2016,4,10,4,45,0.0,0.0,2.65,12.0,0.0,0.0,0.0
2016,4,10,5,0,0.0,0.0,2.7,12.0,0.0,0.0,0.0
2016,4,10,5,15,0.0,0.0,2.75,12.0,0.0,0.0,0.0
2016,4,10,5,30,0.0,0.0,2.8,12.0,0.0,0.0,0.0
2016,4,10,5,45,0.0,1.0,2.9,12.0,1.0,0.98,0.0
2016,4,10,6,0,0.0,2.0,3.0,12.0,2.0,1.93,0.0
2016,4,10,6,15,0.0,5.0,3.1,12.0,5.0,4.82,0.0
2016,4,10,6,30,0.0,8.0,3.2,12.0,8.0,7.71,1.19
2016,4,10,6,45,0.0,12.0,3.3,12.5,12.0,11.57,4.74
2016,4,10,7,0,0.0,16.0,3.4,13.0,16.0,15.43,8.27
2016,4,10,7,15,0.0,20.0,3.45,13.0,20.0,19.29,10.98
2016,4,10,7,30,0.0,24.0,3.5,13.0,24.0,23.16,14.28
2016,4,10,7,45,0.0,22.5,3.6,13.0,22.5,21.72,12.99
2016,4,10,8,0,0.0,21.0,3.7,13.0,21.0,20.27,11.7
2016,4,10,8,15,0.0,29.5,3.7,13.0,29.5,28.49,18.65
2016,4,10,8,30,0.0,38.0,3.7,13.0,38.0,36.72,25.54
2016,4,10,8,45,0.0,68.0,3.75,13.0,68.0,65.76,49.88
2016,4,10,9,0,0.0,98.0,3.8,13.0,98.0,94.75,73.86
2016,4,10,9,15,0.0,119.0,3.85,13.0,119.0,114.69,90.12
2016,4,10,9,30,0.0,140.0,3.9,13.0,140.0,134.65,106.27
2016,4,10,9,45,3.5,173.5,3.95,13.0,176.0,168.32,133.5
2016,4,10,10,0,7.0,207.0,4.0,13.0,212.0,202.33,160.74
2016,4,10,10,15,6.5,198.5,4.05,13.0,203.5,194.68,154.31
2016,4,10,10,30,6.0,190.0,4.1,13.0,195.0,186.84,147.83
2016,4,10,10,45,11.0,235.5,4.2,13.5,244.5,234.11,185.34
2016,4,10,11,0,16.0,281.0,4.3,14.0,294.0,281.88,222.62
2016,4,10,11,15,11.5,236.0,4.35,14.0,245.5,236.48,186.49
2016,4,10,11,30,7.0,191.0,4.4,14.0,197.0,190.28,149.61
2016,4,10,11,45,3.5,167.0,4.5,14.0,170.5,164.6,128.93
2016,4,10,12,0,0.0,143.0,4.6,14.0,144.0,138.62,107.87
2016,4,10,12,15,4.0,173.0,4.6,14.0,177.0,171.26,134.37
2016,4,10,12,30,8.0,203.0,4.6,14.0,210.0,204.19,160.87
2016,4,10,12,45,10.5,234.0,4.7,14.0,243.0,237.06,187.16
2016,4,10,13,0,13.0,265.0,4.8,14.0,276.0,270.24,213.58
2016,4,10,13,15,12.0,253.0,4.8,14.0,263.0,257.99,203.96
2016,4,10,13,30,11.0,241.0,4.8,14.0,250.0,245.62,194.33
2016,4,10,13,45,10.5,234.0,4.8,14.0,242.5,238.57,188.95
2016,4,10,14,0,10.0,227.0,4.8,14.0,235.0,231.48,183.53
2016,4,10,14,15,9.0,220.0,4.75,13.5,227.0,223.91,178.05
2016,4,10,14,30,8.0,213.0,4.7,13.0,219.0,216.33,172.55
2016,4,10,14,45,22.5,242.5,4.7,13.0,258.0,259.05,207.86
2016,4,10,15,0,37.0,272.0,4.7,13.0,297.0,310.49,249.84
2016,4,10,15,15,28.0,244.5,4.65,13.0,262.5,274.5,221.19
2016,4,10,15,30,19.0,217.0,4.6,13.0,228.0,231.38,186.68
2016,4,10,15,45,98.5,220.0,4.55,13.0,271.5,302.69,247.72
2016,4,10,16,0,178.0,223.0,4.5,13.0,315.0,370.52,304.74
2016,4,10,16,15,229.5,194.0,4.4,12.5,299.5,377.14,312.26
2016,4,10,16,30,281.0,165.0,4.3,12.0,284.0,370.85,309.25
2016,4,10,16,45,248.5,149.5,4.2,12.0,244.0,324.71,271.03
2016,4,10,17,0,216.0,134.0,4.1,12.0,204.0,280.67,234.02
2016,4,10,17,15,280.5,108.0,3.95,12.0,182.5,276.56,230.27
2016,4,10,17,30,345.0,82.0,3.8,12.0,161.0,272.97,225.05
2016,4,10,17,45,264.5,66.0,3.65,12.0,117.0,205.3,165.47
2016,4,10,18,0,184.0,50.0,3.5,12.0,73.0,138.97,106.94
2016,4,10,18,15,99.0,29.5,3.4,11.5,41.0,77.09,46.88
2016,4,10,18,30,14.0,9.0,3.3,11.0,9.0,12.85,0.0
2016,4,10,18,45,7.0,4.5,3.2,11.0,4.5,0.0,0.0
2016,4,10,19,0,0.0,0.0,3.1,11.0,0.0,0.0,0.0
2016,4,10,19,15,0.0,0.0,3.05,11.0,0.0,0.0,0.0
2016,4,10,19,30,0.0,0.0,3.0,11.0,0.0,0.0,0.0
2016,4,10,19,45,0.0,0.0,2.95,11.0,0.0,0.0,0.0
2016,4,10,20,0,0.0,0.0,2.9,11.0,0.0,0.0,0.0
2016,4,10,20,15,0.0,0.0,2.85,11.0,0.0,0.0,0.0
2016,4,10,20,30,0.0,0.0,2.8,11.0,0.0,0.0,0.0
2016,4,10,20,45,0.0,0.0,2.75,11.0,0.0,0.0,0.0
2016,4,10,21,0,0.0,0.0,2.7,11.0,0.0,0.0,0.0
2016,4,10,21,15,0.0,0.0,2.65,11.0,0.0,0.0,0.0
2016,4,10,21,30,0.0,0.0,2.6,11.0,0.0,0.0,0.0
2016,4,10,21,45,0.0,0.0,2.6,11.0,0.0,0.0,0.0
2016,4,10,22,0,0.0,0.0,2.6,11.0,0.0,0.0,0.0
2016,4,10,22,15,0.0,0.0,2.55,11.0,0.0,0.0,0.0
2016,4,10,22,30,0.0,0.0,2.5,11.0,0.0,0.0,0.0
2016,4,10,22,45,0.0,0.0,2.5,11.0,0.0,0.0,0.0
2016,4,10,23,0,0.0,0.0,2.5,11.0,0.0,0.0,0.0
2016,4,10,23,15,0.0,0.0,2.5,11.0,0.0,0.0,0.0
2016,4,10,23,30,0.0,0.0,2.5,11.0,0.0,0.0,0.0
2016,4,10,23,45,0.0,0.0,2.5,11.0,0.0,0.0,0.0
2016,4,11,0,0,0.0,0.0,2.5,11.0,0.0,0.0,0.0
2016,4,11,0,15,0.0,0.0,2.45,11.0,0.0,0.0,0.0
2016,4,11,0,30,0.0,0.0,2.4,11.0,0.0,0.0,0.0
2016,4,11,0,45,0.0,0.0,2.35,11.0,0.0,0.0,0.0
2016,4,11,1,0,0.0,0.0,2.3,11.0,0.0,0.0,0.0
2016,4,11,1,15,0.0,0.0,2.25,11.0,0.0,0.0,0.0
2016,4,11,1,30,0.0,0.0,2.2,11.0,0.0,0.0,0.0
2016,4,11,1,45,0.0,0.0,2.2,11.0,0.0,0.0,0.0
2016,4,11,2,0,0.0,0.0,2.2,11.0,0.0,0.0,0.0
2016,4,11,2,15,0.0,0.0,2.15,11.0,0.0,0.0,0.0
2016,4,11,2,30,0.0,0.0,2.1,11.0,0.0,0.0,0.0
2016,4,11,2,45,0.0,0.0,2.05,11.0,0.0,0.0,0.0
2016,4,11,3,0,0.0,0.0,2.0,11.0,0.0,0.0,0.0
2016,4,11,3,15,0.0,0.0,1.9,11.0,0.0,0.0,0.0
2016,4,11,3,30,0.0,0.0,1.8,11.0,0.0,0.0,0.0
2016,4,11,3,45,0.0,0.0,1.75,11.0,0.0,0.0,0.0
2016,4,11,4,0,0.0,0.0,1.7,11.0,0.0,0.0,0.0
2016,4,11,4,15,0.0,0.0,1.6,11.0,0.0,0.0,0.0
2016,4,11,4,30,0.0,0.0,1.5,11.0,0.0,0.0,0.0
2016,4,11,4,45,0.0,0.0,1.4,11.0,0.0,0.0,0.0
2016,4,11,5,0,0.0,0.0,1.3,11.0,0.0,0.0,0.0
2016,4,11,5,15,0.0,0.0,1.2,11.0,0.0,0.0,0.0
2016,4,11,5,30,0.0,0.0,1.1,11.0,0.0,0.0,0.0
2016,4,11,5,45,43.5,11.0,1.05,11.0,13.5,10.81,0.0
2016,4,11,6,0,87.0,22.0,1.0,11.0,27.0,18.5,2.74
2016,4,11,6,15,195.5,39.0,1.05,11.0,65.5,30.0,20.16
2016,4,11,6,30,304.0,56.0,1.1,11.0,104.0,42.21,31.96
2016,4,11,6,45,385.0,67.5,1.15,11.5,152.0,49.44,38.85
2016,4,11,7,0,466.0,79.0,1.2,12.0,200.0,59.75,48.24
2016,4,11,7,15,272.0,111.0,1.3,12.0,185.5,105.19,75.28
2016,4,11,7,30,78.0,143.0,1.4,12.0,171.0,134.48,105.35
2016,4,11,7,45,60.5,160.5,1.5,12.5,184.5,152.63,120.64
2016,4,11,8,0,43.0,178.0,1.6,13.0,198.0,168.92,134.38
2016,4,11,8,15,34.0,191.0,1.65,13.0,208.0,181.97,145.16
2016,4,11,8,30,25.0,204.0,1.7,13.0,218.0,198.44,158.5
2016,4,11,8,45,12.5,162.0,1.8,13.5,169.0,158.61,125.87
2016,4,11,9,0,0.0,120.0,1.9,14.0,120.0,115.5,90.41
2016,4,11,9,15,0.0,125.5,1.9,14.0,125.5,120.84,94.61
2016,4,11,9,30,0.0,131.0,1.9,14.0,131.0,126.17,98.71
2016,4,11,9,45,5.5,183.0,1.95,14.0,187.0,178.38,140.7
2016,4,11,10,0,11.0,235.0,2.0,14.0,243.0,230.95,182.2
2016,4,11,10,15,110.5,313.0,2.05,14.0,401.5,362.64,286.24
2016,4,11,10,30,210.0,391.0,2.1,14.0,560.0,506.77,395.87
2016,4,11,10,45,107.0,280.5,2.15,14.5,366.5,342.39,269.17
2016,4,11,11,0,4.0,170.0,2.2,15.0,173.0,167.13,129.87
2016,4,11,11,15,83.5,302.0,2.2,15.0,374.0,354.99,279.06
2016,4,11,11,30,163.0,434.0,2.2,15.0,575.0,547.97,423.57
2016,4,11,11,45,314.0,393.5,2.25,15.0,667.0,641.0,494.57
2016,4,11,12,0,465.0,353.0,2.3,15.0,759.0,740.28,569.23
2016,4,11,12,15,263.5,378.5,2.3,15.0,608.5,602.18,464.67
2016,4,11,12,30,62.0,404.0,2.3,15.0,458.0,452.19,348.93
2016,4,11,12,45,62.5,397.0,2.35,15.0,451.0,448.46,347.31
2016,4,11,13,0,63.0,390.0,2.4,15.0,444.0,444.42,344.69
2016,4,11,13,15,65.5,387.0,2.4,15.0,442.0,445.94,346.22
2016,4,11,13,30,68.0,384.0,2.4,15.0,440.0,447.26,347.61
2016,4,11,13,45,69.0,373.0,2.4,15.0,429.0,438.69,341.67
2016,4,11,14,0,70.0,362.0,2.4,15.0,418.0,429.79,335.55
2016,4,11,14,15,164.0,352.5,2.35,15.0,475.5,511.08,400.26
2016,4,11,14,30,258.0,343.0,2.3,15.0,533.0,590.32,461.6
2016,4,11,14,45,521.0,236.5,2.3,15.0,595.0,704.68,553.5
2016,4,11,15,0,784.0,130.0,2.3,15.0,657.0,799.06,625.39
2016,4,11,15,15,766.5,126.5,2.25,15.0,614.0,764.71,601.03
2016,4,11,15,30,749.0,123.0,2.2,15.0,571.0,731.66,578.66
2016,4,11,15,45,727.0,118.0,2.2,15.0,524.0,689.44,549.67
2016,4,11,16,0,705.0,113.0,2.2,15.0,477.0,646.38,519.23
2016,4,11,16,15,674.0,107.5,2.2,14.5,426.5,596.04,482.83
2016,4,11,16,30,643.0,102.0,2.2,14.0,376.0,546.05,445.66
2016,4,11,16,45,607.0,94.0,2.2,14.0,325.0,490.88,402.53
2016,4,11,17,0,571.0,86.0,2.2,14.0,274.0,437.1,359.19
2016,4,11,17,15,511.0,77.0,2.2,13.5,223.5,371.36,305.34
2016,4,11,17,30,451.0,68.0,2.2,13.0,173.0,309.76,253.07
2016,4,11,17,45,370.0,55.5,2.2,13.0,127.0,238.38,191.04
2016,4,11,18,0,289.0,43.0,2.2,13.0,81.0,176.66,135.96
2016,4,11,18,15,168.0,27.0,2.3,12.5,47.0,103.71,66.19
2016,4,11,18,30,47.0,11.0,2.4,12.0,13.0,24.37,0.0
2016,4,11,18,45,23.5,5.5,2.5,12.0,6.5,0.0,0.0
2016,4,11,19,0,0.0,0.0,2.6,12.0,0.0,0.0,0.0
2016,4,11,19,15,0.0,0.0,2.65,11.5,0.0,0.0,0.0
2016,4,11,19,30,0.0,0.0,2.7,11.0,0.0,0.0,0.0
2016,4,11,19,45,0.0,0.0,2.75,11.0,0.0,0.0,0.0
2016,4,11,20,0,0.0,0.0,2.8,11.0,0.0,0.0,0.0
2016,4,11,20,15,0.0,0.0,2.8,11.0,0.0,0.0,0.0
2016,4,11,20,30,0.0,0.0,2.8,11.0,0.0,0.0,0.0
2016,4,11,20,45,0.0,0.0,2.8,11.0,0.0,0.0,0.0
2016,4,11,21,0,0.0,0.0,2.8,11.0,0.0,0.0,0.0
2016,4,11,21,15,0.0,0.0,2.75,11.0,0.0,0.0,0.0
2016,4,11,21,30,0.0,0.0,2.7,11.0,0.0,0.0,0.0
2016,4,11,21,45,0.0,0.0,2.7,11.0,0.0,0.0,0.0
2016,4,11,22,0,0.0,0.0,2.7,11.0,0.0,0.0,0.0
2016,4,11,22,15,0.0,0.0,2.7,11.0,0.0,0.0,0.0
2016,4,11,22,30,0.0,0.0,2.7,11.0,0.0,0.0,0.0
2016,4,11,22,45,0.0,0.0,2.7,11.0,0.0,0.0,0.0
2016,4,11,23,0,0.0,0.0,2.7,11.0,0.0,0.0,0.0
2016,4,11,23,15,0.0,0.0,2.7,11.0,0.0,0.0,0.0
2016,4,11,23,30,0.0,0.0,2.7,11.0,0.0,0.0,0.0
2016,4,11,23,45,0.0,0.0,2.75,11.0,0.0,0.0,0.0
2016,4,12,0,0,0.0,0.0,2.8,11.0,0.0,0.0,0.0
2016,4,12,0,15,0.0,0.0,2.85,11.0,0.0,0.0,0.0
2016,4,12,0,30,0.0,0.0,2.9,11.0,0.0,0.0,0.0
2016,4,12,0,45,0.0,0.0,2.95,11.0,0.0,0.0,0.0
2016,4,12,1,0,0.0,0.0,3.0,11.0,0.0,0.0,0.0
2016,4,12,1,15,0.0,0.0,3.0,11.0,0.0,0.0,0.0
2016,4,12,1,30,0.0,0.0,3.0,11.0,0.0,0.0,0.0
2016,4,12,1,45,0.0,0.0,3.05,11.0,0.0,0.0,0.0
2016,4,12,2,0,0.0,0.0,3.1,11.0,0.0,0.0,0.0
2016,4,12,2,15,0.0,0.0,3.05,11.0,0.0,0.0,0.0
2016,4,12,2,30,0.0,0.0,3.0,11.0,0.0,0.0,0.0
2016,4,12,2,45,0.0,0.0,2.95,11.0,0.0,0.0,0.0
2016,4,12,3,0,0.0,0.0,2.9,11.0,0.0,0.0,0.0
2016,4,12,3,15,0.0,0.0,2.9,11.0,0.0,0.0,0.0
2016,4,12,3,30,0.0,0.0,2.9,11.0,0.0,0.0,0.0
2016,4,12,3,45,0.0,0.0,2.95,11.0,0.0,0.0,0.0
2016,4,12,4,0,0.0,0.0,3.0,11.0,0.0,0.0,0.0
2016,4,12,4,15,0.0,0.0,3.05,11.0,0.0,0.0,0.0
2016,4,12,4,30,0.0,0.0,3.1,11.0,0.0,0.0,0.0
2016,4,12,4,45,0.0,0.0,3.2,11.0,0.0,0.0,0.0
2016,4,12,5,0,0.0,0.0,3.3,11.0,0.0,0.0,0.0
2016,4,12,5,15,0.0,0.0,3.45,11.0,0.0,0.0,0.0
2016,4,12,5,30,0.0,0.0,3.6,11.0,0.0,0.0,0.0
2016,4,12,5,45,46.5,11.5,3.75,11.0,14.0,11.3,0.0
2016,4,12,6,0,93.0,23.0,3.9,11.0,28.0,19.33,5.29
2016,4,12,6,15,194.5,40.0,3.95,11.0,66.5,30.68,20.85
2016,4,12,6,30,296.0,57.0,4.0,11.0,105.0,42.84,32.52
2016,4,12,6,45,374.5,69.0,4.1,11.5,153.0,50.43,39.72
2016,4,12,7,0,453.0,81.0,4.2,12.0,201.0,63.53,45.11
2016,4,12,7,15,226.5,75.0,4.2,12.0,135.0,70.32,46.88
2016,4,12,7,30,0.0,69.0,4.2,12.0,69.0,66.7,51.66
2016,4,12,7,45,0.0,106.5,4.25,12.0,107.0,101.19,80.78
2016,4,12,8,0,0.0,144.0,4.3,12.0,145.0,135.3,109.12
2016,4,12,8,15,0.0,102.5,4.35,12.0,103.0,98.55,77.97
2016,4,12,8,30,0.0,61.0,4.4,12.0,61.0,58.98,44.45
2016,4,12,8,45,0.0,106.5,4.45,12.5,106.5,102.69,80.83
2016,4,12,9,0,0.0,152.0,4.5,13.0,152.0,145.37,115.65
2016,4,12,9,15,77.5,240.0,4.55,13.0,294.0,258.93,207.72
2016,4,12,9,30,155.0,328.0,4.6,13.0,436.0,377.54,302.0
2016,4,12,9,45,99.0,323.5,4.65,13.5,394.0,355.36,283.23
2016,4,12,10,0,43.0,319.0,4.7,14.0,352.0,324.12,257.22
2016,4,12,10,15,142.5,353.5,4.8,14.0,468.0,420.09,334.03
2016,4,12,10,30,242.0,388.0,4.9,14.0,584.0,526.57,417.52
2016,4,12,10,45,129.5,339.5,5.0,14.0,445.0,413.55,328.46
2016,4,12,11,0,17.0,291.0,5.1,14.0,306.0,292.3,230.9
2016,4,12,11,15,101.5,363.0,5.1,14.0,451.0,426.87,338.5
2016,4,12,11,30,186.0,435.0,5.1,14.0,596.0,567.92,447.63
2016,4,12,11,45,323.5,395.0,5.2,14.0,678.0,651.37,514.51
2016,4,12,12,0,461.0,355.0,5.3,14.0,760.0,740.43,584.99
2016,4,12,12,15,445.5,360.5,5.3,14.0,751.5,744.31,587.21
2016,4,12,12,30,430.0,366.0,5.3,14.0,743.0,746.3,588.44
2016,4,12,12,45,622.5,269.5,5.35,14.5,809.0,829.87,655.73
2016,4,12,13,0,815.0,173.0,5.4,15.0,875.0,909.63,715.07
2016,4,12,13,15,677.5,238.0,5.45,15.0,814.0,860.8,679.47
2016,4,12,13,30,540.0,303.0,5.5,15.0,753.0,805.41,635.55
2016,4,12,13,45,481.5,313.5,5.6,15.0,706.0,765.31,605.74
2016,4,12,14,0,423.0,324.0,5.7,15.0,659.0,724.05,574.62
2016,4,12,14,15,600.5,241.5,5.75,14.5,696.0,794.32,635.19
2016,4,12,14,30,778.0,159.0,5.8,14.0,733.0,855.19,685.12
2016,4,12,14,45,643.5,194.5,5.9,14.0,653.0,768.27,620.68
2016,4,12,15,0,509.0,230.0,6.0,14.0,573.0,680.94,552.38
2016,4,12,15,15,467.5,227.5,6.0,14.0,527.0,635.12,517.47
2016,4,12,15,30,426.0,225.0,6.0,14.0,481.0,589.76,482.35
2016,4,12,15,45,440.5,201.0,6.05,14.0,447.0,563.95,463.95
2016,4,12,16,0,455.0,177.0,6.1,14.0,413.0,535.62,443.14
2016,4,12,16,15,463.5,155.0,6.0,13.5,374.0,502.83,418.73
2016,4,12,16,30,472.0,133.0,5.9,13.0,335.0,467.91,391.95
2016,4,12,16,45,411.0,129.5,5.8,13.0,289.0,409.75,343.47
2016,4,12,17,0,350.0,126.0,5.7,13.0,243.0,348.01,291.42
2016,4,12,17,15,305.5,108.5,5.55,12.5,198.0,291.36,243.38
2016,4,12,17,30,261.0,91.0,5.4,12.0,153.0,238.07,197.05
2016,4,12,17,45,201.5,71.5,5.25,12.0,112.0,179.29,145.06
2016,4,12,18,0,142.0,52.0,5.1,12.0,71.0,125.68,97.25
2016,4,12,18,15,71.0,31.5,5.0,11.5,41.0,71.59,46.3
2016,4,12,18,30,0.0,11.0,4.9,11.0,11.0,10.81,0.0
2016,4,12,18,45,0.0,5.5,4.8,11.0,5.5,0.0,0.0
2016,4,12,19,0,0.0,0.0,4.7,11.0,0.0,0.0,0.0
2016,4,12,19,15,0.0,0.0,4.65,11.0,0.0,0.0,0.0
2016,4,12,19,30,0.0,0.0,4.6,11.0,0.0,0.0,0.0
2016,4,12,19,45,0.0,0.0,4.55,11.0,0.0,0.0,0.0
2016,4,12,20,0,0.0,0.0,4.5,11.0,0.0,0.0,0.0
2016,4,12,20,15,0.0,0.0,4.35,11.0,0.0,0.0,0.0
2016,4,12,20,30,0.0,0.0,4.2,11.0,0.0,0.0,0.0
2016,4,12,20,45,0.0,0.0,4.1,11.0,0.0,0.0,0.0
2016,4,12,21,0,0.0,0.0,4.0,11.0,0.0,0.0,0.0
2016,4,12,21,15,0.0,0.0,3.9,11.0,0.0,0.0,0.0
2016,4,12,21,30,0.0,0.0,3.8,11.0,0.0,0.0,0.0
2016,4,12,21,45,0.0,0.0,3.75,11.0,0.0,0.0,0.0
2016,4,12,22,0,0.0,0.0,3.7,11.0,0.0,0.0,0.0
2016,4,12,22,15,0.0,0.0,3.65,11.0,0.0,0.0,0.0
2016,4,12,22,30,0.0,0.0,3.6,11.0,0.0,0.0,0.0
2016,4,12,22,45,0.0,0.0,3.6,11.0,0.0,0.0,0.0
2016,4,12,23,0,0.0,0.0,3.6,11.0,0.0,0.0,0.0
2016,4,12,23,15,0.0,0.0,3.55,11.0,0.0,0.0,0.0
2016,4,12,23,30,0.0,0.0,3.5,11.0,0.0,0.0,0.0
2016,4,12,23,45,0.0,0.0,3.5,11.0,0.0,0.0,0.0
2016,4,13,0,0,0.0,0.0,3.5,11.0,0.0,0.0,0.0
2016,4,13,0,15,0.0,0.0,3.5,10.5,0.0,0.0,0.0
2016,4,13,0,30,0.0,0.0,3.5,10.0,0.0,0.0,0.0
2016,4,13,0,45,0.0,0.0,3.5,10.0,0.0,0.0,0.0
2016,4,13,1,0,0.0,0.0,3.5,10.0,0.0,0.0,0.0
2016,4,13,1,15,0.0,0.0,3.45,10.0,0.0,0.0,0.0
2016,4,13,1,30,0.0,0.0,3.4,10.0,0.0,0.0,0.0
2016,4,13,1,45,0.0,0.0,3.35,10.0,0.0,0.0,0.0
2016,4,13,2,0,0.0,0.0,3.3,10.0,0.0,0.0,0.0
2016,4,13,2,15,0.0,0.0,3.2,10.0,0.0,0.0,0.0
2016,4,13,2,30,0.0,0.0,3.1,10.0,0.0,0.0,0.0
2016,4,13,2,45,0.0,0.0,3.05,10.0,0.0,0.0,0.0
2016,4,13,3,0,0.0,0.0,3.0,10.0,0.0,0.0,0.0
2016,4,13,3,15,0.0,0.0,2.95,10.0,0.0,0.0,0.0
2016,4,13,3,30,0.0,0.0,2.9,10.0,0.0,0.0,0.0
2016,4,13,3,45,0.0,0.0,2.9,10.0,0.0,0.0,0.0
2016,4,13,4,0,0.0,0.0,2.9,10.0,0.0,0.0,0.0
2016,4,13,4,15,0.0,0.0,2.9,10.0,0.0,0.0,0.0
2016,4,13,4,30,0.0,0.0,2.9,10.0,0.0,0.0,0.0
2016,4,13,4,45,0.0,0.0,2.9,10.0,0.0,0.0,0.0
2016,4,13,5,0,0.0,0.0,2.9,10.0,0.0,0.0,0.0
2016,4,13,5,15,0.0,0.0,2.95,10.0,0.0,0.0,0.0
2016,4,13,5,30,0.0,0.0,3.0,10.0,0.0,0.0,0.0
2016,4,13,5,45,0.0,9.5,3.05,10.5,9.5,9.34,0.0
2016,4,13,6,0,0.0,19.0,3.1,11.0,19.0,18.34,6.23
2016,4,13,6,15,17.5,39.5,3.25,11.0,42.5,36.09,25.68
2016,4,13,6,30,35.0,60.0,3.4,11.0,66.0,53.46,42.01
2016,4,13,6,45,53.5,83.0,3.55,11.5,95.5,72.23,59.23
2016,4,13,7,0,72.0,106.0,3.7,12.0,125.0,92.4,72.71
2016,4,13,7,15,88.5,127.0,3.7,12.0,156.0,112.38,87.33
2016,4,13,7,30,105.0,148.0,3.7,12.0,187.0,138.51,107.74
2016,4,13,7,45,398.0,127.5,3.7,12.5,306.0,171.08,122.09
2016,4,13,8,0,691.0,107.0,3.7,13.0,425.0,240.57,170.34
2016,4,13,8,15,522.5,161.0,3.65,13.0,417.0,278.52,210.49
2016,4,13,8,30,354.0,215.0,3.6,13.0,409.0,302.26,236.33
2016,4,13,8,45,364.5,234.0,3.55,13.5,448.5,342.32,269.55
2016,4,13,9,0,375.0,253.0,3.5,14.0,488.0,383.18,302.7
2016,4,13,9,15,353.0,278.5,3.4,14.0,511.5,415.08,328.69
2016,4,13,9,30,331.0,304.0,3.3,14.0,535.0,444.73,352.16
2016,4,13,9,45,600.5,213.5,3.2,14.5,659.0,528.74,419.43
2016,4,13,10,0,870.0,123.0,3.1,15.0,783.0,636.95,504.1
2016,4,13,10,15,877.5,125.0,3.1,15.0,812.5,681.03,537.6
2016,4,13,10,30,885.0,127.0,3.1,15.0,842.0,721.6,568.3
2016,4,13,10,45,890.0,128.5,3.1,15.0,864.0,758.32,594.87
2016,4,13,11,0,895.0,130.0,3.1,15.0,886.0,793.09,619.07
2016,4,13,11,15,898.0,131.0,3.05,15.0,900.5,823.72,639.91
2016,4,13,11,30,901.0,132.0,3.0,15.0,915.0,851.99,658.99
2016,4,13,11,45,899.5,134.0,3.0,15.5,921.0,875.02,673.41
2016,4,13,12,0,898.0,136.0,3.0,16.0,927.0,895.27,685.91
2016,4,13,12,15,897.5,136.0,3.0,16.0,925.5,911.61,697.03
2016,4,13,12,30,897.0,136.0,3.0,16.0,924.0,925.05,706.26
2016,4,13,12,45,689.0,238.0,3.05,16.0,839.5,859.6,661.04
2016,4,13,13,0,481.0,340.0,3.1,16.0,755.0,782.76,601.64
2016,4,13,13,15,487.0,327.5,3.15,16.0,741.0,780.87,602.01
2016,4,13,13,30,493.0,315.0,3.2,16.0,727.0,777.0,600.46
2016,4,13,13,45,444.5,327.5,3.3,16.0,690.5,747.89,579.35
2016,4,13,14,0,396.0,340.0,3.4,16.0,654.0,711.43,553.05
2016,4,13,14,15,451.5,301.5,3.4,15.5,646.0,725.62,567.32
2016,4,13,14,30,507.0,263.0,3.4,15.0,638.0,729.86,574.28
2016,4,13,14,45,651.0,200.0,3.45,15.0,656.5,782.11,617.6
2016,4,13,15,0,795.0,137.0,3.5,15.0,675.0,819.71,646.74
2016,4,13,15,15,777.5,133.5,3.55,14.5,631.5,788.05,626.37
2016,4,13,15,30,760.0,130.0,3.6,14.0,588.0,751.86,602.9
2016,4,13,15,45,734.0,126.5,3.65,14.0,539.5,707.88,572.14
2016,4,13,16,0,708.0,123.0,3.7,14.0,491.0,663.27,539.78
2016,4,13,16,15,677.0,117.0,3.75,13.5,440.5,612.08,502.14
2016,4,13,16,30,646.0,111.0,3.8,13.0,390.0,561.21,463.68
2016,4,13,16,45,599.5,104.5,3.9,13.0,337.0,500.91,415.73
2016,4,13,17,0,553.0,98.0,4.0,13.0,284.0,442.73,368.14
2016,4,13,17,15,492.5,88.0,3.9,12.5,232.0,373.99,310.95
2016,4,13,17,30,432.0,78.0,3.8,12.0,180.0,312.53,258.06
2016,4,13,17,45,333.5,65.0,3.75,11.5,132.0,235.82,191.41
2016,4,13,18,0,235.0,52.0,3.7,11.0,84.0,168.24,131.71
2016,4,13,18,15,131.5,32.5,3.6,10.5,49.0,93.61,63.16
2016,4,13,18,30,28.0,13.0,3.5,10.0,14.0,20.99,0.0
2016,4,13,18,45,14.0,6.5,3.45,10.0,7.0,0.0,0.0
2016,4,13,19,0,0.0,0.0,3.4,10.0,0.0,0.0,0.0
2016,4,13,19,15,0.0,0.0,3.4,10.0,0.0,0.0,0.0
2016,4,13,19,30,0.0,0.0,3.4,10.0,0.0,0.0,0.0
2016,4,13,19,45,0.0,0.0,3.4,10.0,0.0,0.0,0.0
2016,4,13,20,0,0.0,0.0,3.4,10.0,0.0,0.0,0.0
2016,4,13,20,15,0.0,0.0,3.4,10.0,0.0,0.0,0.0
2016,4,13,20,30,0.0,0.0,3.4,10.0,0.0,0.0,0.0
2016,4,13,20,45,0.0,0.0,3.45,10.0,0.0,0.0,0.0
2016,4,13,21,0,0.0,0.0,3.5,10.0,0.0,0.0,0.0
2016,4,13,21,15,0.0,0.0,3.55,10.0,0.0,0.0,0.0
2016,4,13,21,30,0.0,0.0,3.6,10.0,0.0,0.0,0.0
2016,4,13,21,45,0.0,0.0,3.7,10.0,0.0,0.0,0.0
2016,4,13,22,0,0.0,0.0,3.8,10.0,0.0,0.0,0.0
2016,4,13,22,15,0.0,0.0,3.85,10.0,0.0,0.0,0.0
2016,4,13,22,30,0.0,0.0,3.9,10.0,0.0,0.0,0.0
2016,4,13,22,45,0.0,0.0,3.95,10.5,0.0,0.0,0.0
2016,4,13,23,0,0.0,0.0,4.0,11.0,0.0,0.0,0.0
2016,4,13,23,15,0.0,0.0,4.05,11.0,0.0,0.0,0.0
2016,4,13,23,30,0.0,0.0,4.1,11.0,0.0,0.0,0.0
2016,4,13,23,45,0.0,0.0,4.2,11.0,0.0,0.0,0.0
2016,4,14,0,0,0.0,0.0,4.3,11.0,0.0,0.0,0.0
2016,4,14,0,15,0.0,0.0,4.3,11.0,0.0,0.0,0.0
2016,4,14,0,30,0.0,0.0,4.3,11.0,0.0,0.0,0.0
2016,4,14,0,45,0.0,0.0,4.3,11.0,0.0,0.0,0.0
2016,4,14,1,0,0.0,0.0,4.3,11.0,0.0,0.0,0.0
2016,4,14,1,15,0.0,0.0,4.25,11.0,0.0,0.0,0.0
2016,4,14,1,30,0.0,0.0,4.2,11.0,0.0,0.0,0.0
2016,4,14,1,45,0.0,0.0,4.2,11.0,0.0,0.0,0.0
2016,4,14,2,0,0.0,0.0,4.2,11.0,0.0,0.0,0.0
2016,4,14,2,15,0.0,0.0,4.1,11.0,0.0,0.0,0.0
2016,4,14,2,30,0.0,0.0,4.0,11.0,0.0,0.0,0.0
2016,4,14,2,45,0.0,0.0,3.95,11.0,0.0,0.0,0.0
2016,4,14,3,0,0.0,0.0,3.9,11.0,0.0,0.0,0.0
2016,4,14,3,15,0.0,0.0,3.85,10.5,0.0,0.0,0.0
2016,4,14,3,30,0.0,0.0,3.8,10.0,0.0,0.0,0.0
2016,4,14,3,45,0.0,0.0,3.8,10.0,0.0,0.0,0.0
2016,4,14,4,0,0.0,0.0,3.8,10.0,0.0,0.0,0.0
2016,4,14,4,15,0.0,0.0,3.8,9.5,0.0,0.0,0.0
2016,4,14,4,30,0.0,0.0,3.8,9.0,0.0,0.0,0.0
2016,4,14,4,45,0.0,0.0,3.8,9.0,0.0,0.0,0.0
2016,4,14,5,0,0.0,0.0,3.8,9.0,0.0,0.0,0.0
2016,4,14,5,15,0.0,0.0,3.85,9.0,0.0,0.0,0.0
2016,4,14,5,30,0.0,0.0,3.9,9.0,0.0,0.0,0.0
2016,4,14,5,45,60.0,14.5,4.0,9.5,18.5,14.25,0.0
2016,4,14,6,0,120.0,29.0,4.1,10.0,37.0,24.1,11.4
2016,4,14,6,15,237.5,44.5,4.2,10.0,79.0,34.11,24.19
2016,4,14,6,30,355.0,60.0,4.3,10.0,121.0,44.95,34.64
2016,4,14,6,45,430.5,72.0,4.45,10.5,171.5,52.45,41.75
2016,4,14,7,0,506.0,84.0,4.6,11.0,222.0,71.91,48.66
2016,4,14,7,15,426.5,107.0,4.6,11.0,240.0,112.62,75.12
2016,4,14,7,30,347.0,130.0,4.6,11.0,258.0,145.87,103.71
2016,4,14,7,45,491.0,118.0,4.6,11.5,329.5,181.58,127.66
2016,4,14,8,0,635.0,106.0,4.6,12.0,401.0,229.97,164.94
2016,4,14,8,15,630.5,122.0,4.6,12.0,442.5,276.56,207.65
2016,4,14,8,30,626.0,138.0,4.6,12.0,484.0,322.43,249.39
2016,4,14,8,45,639.5,149.0,4.6,12.5,528.5,369.81,290.79
2016,4,14,9,0,653.0,160.0,4.6,13.0,573.0,417.91,331.84
2016,4,14,9,15,726.0,153.5,4.65,13.0,640.5,479.08,382.99
2016,4,14,9,30,799.0,147.0,4.7,13.0,708.0,548.62,440.01
2016,4,14,9,45,825.0,142.5,4.8,13.5,747.0,595.3,477.85
2016,4,14,10,0,851.0,138.0,4.9,14.0,786.0,642.61,515.46
2016,4,14,10,15,859.0,140.0,4.95,14.0,815.5,684.66,548.91
2016,4,14,10,30,867.0,142.0,5.0,14.0,845.0,725.41,580.83
2016,4,14,10,45,859.5,151.5,5.1,14.0,864.0,760.64,608.0
2016,4,14,11,0,852.0,161.0,5.2,14.0,883.0,793.29,632.04
2016,4,14,11,15,855.5,162.0,5.3,14.0,897.5,823.76,654.45
2016,4,14,11,30,859.0,163.0,5.4,14.0,912.0,852.04,675.27
2016,4,14,11,45,844.0,174.0,5.5,14.5,914.5,872.36,689.0
2016,4,14,12,0,829.0,185.0,5.6,15.0,917.0,889.59,700.54
2016,4,14,12,15,829.0,184.5,5.7,15.0,915.5,905.54,712.58
2016,4,14,12,30,829.0,184.0,5.8,15.0,914.0,918.79,722.79
2016,4,14,12,45,857.0,164.0,5.95,15.0,912.0,934.71,735.36
2016,4,14,13,0,885.0,144.0,6.1,15.0,910.0,943.68,743.01
2016,4,14,13,15,698.5,229.5,6.2,15.0,827.0,875.04,693.74
2016,4,14,13,30,512.0,315.0,6.3,15.0,744.0,795.53,630.57
2016,4,14,13,45,519.5,300.5,6.4,15.0,725.0,788.82,627.4
2016,4,14,14,0,527.0,286.0,6.5,15.0,706.0,779.9,622.31
2016,4,14,14,15,676.0,215.5,6.55,14.5,732.0,837.45,672.42
2016,4,14,14,30,825.0,145.0,6.6,14.0,758.0,882.11,708.46
2016,4,14,14,45,812.5,141.5,6.7,14.0,719.5,855.66,690.19
2016,4,14,15,0,800.0,138.0,6.8,14.0,681.0,826.92,670.41
2016,4,14,15,15,782.0,134.0,6.85,14.0,637.0,794.16,647.28
2016,4,14,15,30,764.0,130.0,6.9,14.0,593.0,756.85,620.49
2016,4,14,15,45,750.5,122.0,7.0,14.0,546.5,717.07,591.67
2016,4,14,16,0,737.0,114.0,7.1,14.0,500.0,675.85,561.35
2016,4,14,16,15,706.0,109.0,7.1,13.5,448.5,624.74,522.11
2016,4,14,16,30,675.0,104.0,7.1,13.0,397.0,573.91,482.17
2016,4,14,16,45,635.5,97.0,7.1,13.0,344.0,516.2,434.72
2016,4,14,17,0,596.0,90.0,7.1,13.0,291.0,460.09,387.44
2016,4,14,17,15,536.0,81.5,7.0,12.5,239.0,393.35,330.59
2016,4,14,17,30,476.0,73.0,6.9,12.0,187.0,330.64,275.6
2016,4,14,17,45,388.0,61.0,6.8,12.0,138.5,255.52,208.7
2016,4,14,18,0,300.0,49.0,6.7,12.0,90.0,190.31,149.6
2016,4,14,18,15,176.5,32.0,6.55,11.5,53.5,115.05,79.8
2016,4,14,18,30,53.0,15.0,6.4,11.0,17.0,30.41,0.0
2016,4,14,18,45,26.5,7.5,6.3,11.0,8.5,7.37,0.0
2016,4,14,19,0,0.0,0.0,6.2,11.0,0.0,0.0,0.0
2016,4,14,19,15,0.0,0.0,6.15,10.5,0.0,0.0,0.0
2016,4,14,19,30,0.0,0.0,6.1,10.0,0.0,0.0,0.0
2016,4,14,19,45,0.0,0.0,6.1,10.0,0.0,0.0,0.0
2016,4,14,20,0,0.0,0.0,6.1,10.0,0.0,0.0,0.0
2016,4,14,20,15,0.0,0.0,6.05,10.0,0.0,0.0,0.0
2016,4,14,20,30,0.0,0.0,6.0,10.0,0.0,0.0,0.0
2016,4,14,20,45,0.0,0.0,5.95,10.0,0.0,0.0,0.0
2016,4,14,21,0,0.0,0.0,5.9,10.0,0.0,0.0,0.0
2016,4,14,21,15,0.0,0.0,5.85,10.0,0.0,0.0,0.0
2016,4,14,21,30,0.0,0.0,5.8,10.0,0.0,0.0,0.0
2016,4,14,21,45,0.0,0.0,5.8,10.0,0.0,0.0,0.0
2016,4,14,22,0,0.0,0.0,5.8,10.0,0.0,0.0,0.0
2016,4,14,22,15,0.0,0.0,5.85,9.5,0.0,0.0,0.0
2016,4,14,22,30,0.0,0.0,5.9,9.0,0.0,0.0,0.0
2016,4,14,22,45,0.0,0.0,6.0,9.0,0.0,0.0,0.0
2016,4,14,23,0,0.0,0.0,6.1,9.0,0.0,0.0,0.0
2016,4,14,23,15,0.0,0.0,6.1,9.0,0.0,0.0,0.0
2016,4,14,23,30,0.0,0.0,6.1,9.0,0.0,0.0,0.0
2016,4,14,23,45,0.0,0.0,6.15,9.0,0.0,0.0,0.0
2016,4,15,0,0,0.0,0.0,6.2,9.0,0.0,0.0,0.0
2016,4,15,0,15,0.0,0.0,6.15,9.0,0.0,0.0,0.0
2016,4,15,0,30,0.0,0.0,6.1,9.0,0.0,0.0,0.0
2016,4,15,0,45,0.0,0.0,6.1,9.0,0.0,0.0,0.0
2016,4,15,1,0,0.0,0.0,6.1,9.0,0.0,0.0,0.0
2016,4,15,1,15,0.0,0.0,6.0,8.5,0.0,0.0,0.0
2016,4,15,1,30,0.0,0.0,5.9,8.0,0.0,0.0,0.0
2016,4,15,1,45,0.0,0.0,5.8,8.0,0.0,0.0,0.0
2016,4,15,2,0,0.0,0.0,5.7,8.0,0.0,0.0,0.0
2016,4,15,2,15,0.0,0.0,5.55,8.0,0.0,0.0,0.0
2016,4,15,2,30,0.0,0.0,5.4,8.0,0.0,0.0,0.0
2016,4,15,2,45,0.0,0.0,5.3,8.0,0.0,0.0,0.0
2016,4,15,3,0,0.0,0.0,5.2,8.0,0.0,0.0,0.0
2016,4,15,3,15,0.0,0.0,5.1,8.0,0.0,0.0,0.0
2016,4,15,3,30,0.0,0.0,5.0,8.0,0.0,0.0,0.0
2016,4,15,3,45,0.0,0.0,4.9,8.0,0.0,0.0,0.0
2016,4,15,4,0,0.0,0.0,4.8,8.0,0.0,0.0,0.0
2016,4,15,4,15,0.0,0.0,4.7,8.0,0.0,0.0,0.0
2016,4,15,4,30,0.0,0.0,4.6,8.0,0.0,0.0,0.0
2016,4,15,4,45,0.0,0.0,4.55,8.0,0.0,0.0,0.0
2016,4,15,5,0,0.0,0.0,4.5,8.0,0.0,0.0,0.0
2016,4,15,5,15,0.0,0.0,4.45,8.0,0.0,0.0,0.0
2016,4,15,5,30,0.0,0.0,4.4,8.0,0.0,0.0,0.0
2016,4,15,5,45,112.0,13.5,4.4,8.5,21.5,13.27,0.0
2016,4,15,6,0,224.0,27.0,4.4,9.0,43.0,21.31,10.38
2016,4,15,6,15,343.5,39.0,4.45,9.5,87.5,29.67,20.45
2016,4,15,6,30,463.0,51.0,4.5,10.0,132.0,37.46,28.0
2016,4,15,6,45,534.5,59.5,4.55,10.5,184.0,41.61,32.02
2016,4,15,7,0,606.0,68.0,4.6,11.0,236.0,62.55,37.4
2016,4,15,7,15,655.5,74.5,4.7,11.0,290.5,104.6,58.97
2016,4,15,7,30,705.0,81.0,4.8,11.0,345.0,151.93,92.94
2016,4,15,7,45,735.5,87.0,4.9,11.5,398.5,200.53,133.51
2016,4,15,8,0,766.0,93.0,5.0,12.0,452.0,255.53,181.86
2016,4,15,8,15,791.5,97.5,4.95,12.5,503.5,306.94,228.18
2016,4,15,8,30,817.0,102.0,4.9,13.0,555.0,360.42,275.97
2016,4,15,8,45,834.5,106.0,4.85,13.5,603.0,412.18,321.74
2016,4,15,9,0,852.0,110.0,4.8,14.0,651.0,464.73,366.99
2016,4,15,9,15,866.0,112.5,4.65,14.0,693.5,514.79,409.63
2016,4,15,9,30,880.0,115.0,4.5,14.0,736.0,564.81,451.03
2016,4,15,9,45,897.0,114.0,4.4,14.5,774.5,615.62,491.12
2016,4,15,10,0,914.0,113.0,4.3,15.0,813.0,663.21,527.65
2016,4,15,10,15,921.5,114.5,4.25,15.0,843.0,706.32,560.99
2016,4,15,10,30,929.0,116.0,4.2,15.0,873.0,747.89,592.37
2016,4,15,10,45,936.5,115.5,4.2,15.5,896.0,785.87,618.16
2016,4,15,11,0,944.0,115.0,4.2,16.0,919.0,821.91,642.26
2016,4,15,11,15,947.0,116.0,4.3,16.0,933.5,853.74,664.88
2016,4,15,11,30,950.0,117.0,4.4,16.0,948.0,883.06,685.92
2016,4,15,11,45,952.5,116.5,4.55,16.5,955.0,907.88,702.84
2016,4,15,12,0,955.0,116.0,4.7,17.0,962.0,929.89,717.82
2016,4,15,12,15,954.0,115.5,4.85,17.0,960.0,945.96,730.1
2016,4,15,12,30,953.0,115.0,5.0,17.0,958.0,958.92,740.35
2016,4,15,12,45,953.5,112.5,5.15,17.0,948.5,968.06,748.05
2016,4,15,13,0,954.0,110.0,5.3,17.0,939.0,973.98,753.62
2016,4,15,13,15,949.5,109.5,5.4,17.0,920.5,974.17,754.94
2016,4,15,13,30,945.0,109.0,5.5,17.0,902.0,971.11,754.12
2016,4,15,13,45,939.5,107.0,5.65,17.0,876.5,962.38,749.7
2016,4,15,14,0,934.0,105.0,5.8,17.0,851.0,950.47,743.09
2016,4,15,14,15,925.0,103.5,5.8,17.0,818.0,932.9,731.6
2016,4,15,14,30,916.0,102.0,5.8,17.0,785.0,912.45,718.11
2016,4,15,14,45,903.5,100.5,5.85,17.0,745.5,886.25,700.74
2016,4,15,15,0,891.0,99.0,5.9,17.0,706.0,857.59,681.55
2016,4,15,15,15,876.0,96.5,5.85,17.0,661.5,823.53,657.81
2016,4,15,15,30,861.0,94.0,5.8,17.0,617.0,792.17,636.02
2016,4,15,15,45,839.5,91.0,5.75,17.0,567.5,748.89,605.07
2016,4,15,16,0,818.0,88.0,5.7,17.0,518.0,704.48,572.99
2016,4,15,16,15,791.0,84.0,5.6,16.5,466.0,654.28,536.87
2016,4,15,16,30,764.0,80.0,5.5,16.0,414.0,603.92,498.65
2016,4,15,16,45,728.0,75.0,5.45,16.0,360.0,546.99,452.98
2016,4,15,17,0,692.0,70.0,5.4,16.0,306.0,493.78,408.99
2016,4,15,17,15,638.5,64.0,5.3,15.0,252.5,429.36,355.91
2016,4,15,17,30,585.0,58.0,5.2,14.0,199.0,368.44,303.75
2016,4,15,17,45,503.0,49.0,5.15,13.5,149.5,295.29,239.42
2016,4,15,18,0,421.0,40.0,5.1,13.0,100.0,229.2,179.63
2016,4,15,18,15,283.5,27.5,5.05,12.5,60.5,147.79,104.04
2016,4,15,18,30,146.0,15.0,5.0,12.0,21.0,69.46,0.0
2016,4,15,18,45,73.0,7.5,4.95,12.0,10.5,25.8,0.0
2016,4,15,19,0,0.0,0.0,4.9,12.0,0.0,0.0,0.0
2016,4,15,19,15,0.0,0.0,4.8,12.0,0.0,0.0,0.0
2016,4,15,19,30,0.0,0.0,4.7,12.0,0.0,0.0,0.0
2016,4,15,19,45,0.0,0.0,4.65,12.0,0.0,0.0,0.0
2016,4,15,20,0,0.0,0.0,4.6,12.0,0.0,0.0,0.0
2016,4,15,20,15,0.0,0.0,4.45,11.5,0.0,0.0,0.0
2016,4,15,20,30,0.0,0.0,4.3,11.0,0.0,0.0,0.0
2016,4,15,20,45,0.0,0.0,4.2,11.0,0.0,0.0,0.0
2016,4,15,21,0,0.0,0.0,4.1,11.0,0.0,0.0,0.0
2016,4,15,21,15,0.0,0.0,3.95,11.0,0.0,0.0,0.0
2016,4,15,21,30,0.0,0.0,3.8,11.0,0.0,0.0,0.0
2016,4,15,21,45,0.0,0.0,3.7,11.0,0.0,0.0,0.0
2016,4,15,22,0,0.0,0.0,3.6,11.0,0.0,0.0,0.0
2016,4,15,22,15,0.0,0.0,3.45,11.0,0.0,0.0,0.0
2016,4,15,22,30,0.0,0.0,3.3,11.0,0.0,0.0,0.0
2016,4,15,22,45,0.0,0.0,3.15,11.0,0.0,0.0,0.0
2016,4,15,23,0,0.0,0.0,3.0,11.0,0.0,0.0,0.0
2016,4,15,23,15,0.0,0.0,2.85,11.0,0.0,0.0,0.0
2016,4,15,23,30,0.0,0.0,2.7,11.0,0.0,0.0,0.0
2016,4,15,23,45,0.0,0.0,2.6,11.0,0.0,0.0,0.0
2016,4,16,0,0,0.0,0.0,2.5,11.0,0.0,0.0,0.0
2016,4,16,0,15,0.0,0.0,2.45,11.0,0.0,0.0,0.0
2016,4,16,0,30,0.0,0.0,2.4,11.0,0.0,0.0,0.0
2016,4,16,0,45,0.0,0.0,2.35,11.0,0.0,0.0,0.0
2016,4,16,1,0,0.0,0.0,2.3,11.0,0.0,0.0,0.0
2016,4,16,1,15,0.0,0.0,2.25,11.0,0.0,0.0,0.0
2016,4,16,1,30,0.0,0.0,2.2,11.0,0.0,0.0,0.0
2016,4,16,1,45,0.0,0.0,2.15,11.0,0.0,0.0,0.0
2016,4,16,2,0,0.0,0.0,2.1,11.0,0.0,0.0,0.0
2016,4,16,2,15,0.0,0.0,2.05,11.0,0.0,0.0,0.0
2016,4,16,2,30,0.0,0.0,2.0,11.0,0.0,0.0,0.0
2016,4,16,2,45,0.0,0.0,2.0,11.0,0.0,0.0,0.0
2016,4,16,3,0,0.0,0.0,2.0,11.0,0.0,0.0,0.0
2016,4,16,3,15,0.0,0.0,1.95,10.5,0.0,0.0,0.0
2016,4,16,3,30,0.0,0.0,1.9,10.0,0.0,0.0,0.0
2016,4,16,3,45,0.0,0.0,1.85,10.0,0.0,0.0,0.0
2016,4,16,4,0,0.0,0.0,1.8,10.0,0.0,0.0,0.0
2016,4,16,4,15,0.0,0.0,1.75,10.0,0.0,0.0,0.0
2016,4,16,4,30,0.0,0.0,1.7,10.0,0.0,0.0,0.0
2016,4,16,4,45,0.0,0.0,1.7,10.0,0.0,0.0,0.0
2016,4,16,5,0,0.0,0.0,1.7,10.0,0.0,0.0,0.0
2016,4,16,5,15,0.0,0.0,1.6,10.5,0.0,0.0,0.0
2016,4,16,5,30,0.0,0.0,1.5,11.0,0.0,0.0,0.0
2016,4,16,5,45,124.0,13.5,1.4,11.5,23.0,13.27,0.0
2016,4,16,6,0,248.0,27.0,1.3,12.0,46.0,21.03,10.69
2016,4,16,6,15,359.0,38.5,1.3,12.5,90.5,28.9,19.64
2016,4,16,6,30,470.0,50.0,1.3,13.0,135.0,36.24,26.65
2016,4,16,6,45,539.0,59.0,1.3,13.5,186.5,40.89,31.04
2016,4,16,7,0,608.0,68.0,1.3,14.0,238.0,65.4,37.8
2016,4,16,7,15,655.0,74.0,1.3,14.0,292.0,107.12,59.67
2016,4,16,7,30,702.0,80.0,1.3,14.0,346.0,153.84,93.09
2016,4,16,7,45,733.5,85.5,1.3,14.5,399.5,202.12,132.62
2016,4,16,8,0,765.0,91.0,1.3,15.0,453.0,256.76,179.28
2016,4,16,8,15,789.5,95.0,1.35,15.5,504.0,307.45,223.52
2016,4,16,8,30,814.0,99.0,1.4,16.0,555.0,360.07,268.91
2016,4,16,8,45,831.0,103.5,1.5,16.5,602.0,411.95,313.05
2016,4,16,9,0,848.0,108.0,1.6,17.0,649.0,464.56,356.59
2016,4,16,9,15,862.0,110.5,1.6,17.5,691.5,514.4,396.49
2016,4,16,9,30,876.0,113.0,1.6,18.0,734.0,567.1,437.11
2016,4,16,9,45,885.5,116.0,1.65,18.5,770.5,614.18,472.72
2016,4,16,10,0,895.0,119.0,1.7,19.0,807.0,660.33,506.69
2016,4,16,10,15,902.5,120.5,1.75,19.0,836.5,702.68,538.14
2016,4,16,10,30,910.0,122.0,1.8,19.0,866.0,743.54,567.94
2016,4,16,10,45,921.0,120.0,1.85,19.5,890.0,782.0,592.91
2016,4,16,11,0,932.0,118.0,1.9,20.0,914.0,818.76,616.48
2016,4,16,11,15,935.0,118.5,1.95,20.0,928.0,849.72,637.13
2016,4,16,11,30,938.0,119.0,2.0,20.0,942.0,878.2,656.13
2016,4,16,11,45,944.5,116.0,2.05,20.0,950.0,903.61,673.1
2016,4,16,12,0,951.0,113.0,2.1,20.0,958.0,926.38,688.37
2016,4,16,12,15,950.0,112.5,2.15,20.0,956.0,942.28,699.18
2016,4,16,12,30,949.0,112.0,2.2,20.0,954.0,955.09,708.12
2016,4,16,12,45,727.0,225.5,2.25,20.5,866.5,887.17,662.14
2016,4,16,13,0,505.0,339.0,2.3,21.0,779.0,807.67,602.58
2016,4,16,13,15,721.5,224.0,2.35,21.0,839.0,894.16,668.69
2016,4,16,13,30,938.0,109.0,2.4,21.0,899.0,967.23,717.64
2016,4,16,13,45,932.5,107.5,2.5,21.0,873.5,958.97,713.17
2016,4,16,14,0,927.0,106.0,2.6,21.0,848.0,947.59,707.48
2016,4,16,14,15,918.5,104.5,2.65,21.0,815.5,930.49,697.58
2016,4,16,14,30,910.0,103.0,2.7,21.0,783.0,910.51,685.82
2016,4,16,14,45,900.0,100.0,2.8,21.0,744.5,884.86,670.59
2016,4,16,15,0,890.0,97.0,2.9,21.0,706.0,856.65,653.49
2016,4,16,15,15,875.5,94.5,2.95,20.5,662.0,822.95,633.29
2016,4,16,15,30,861.0,92.0,3.0,20.0,618.0,787.28,611.44
2016,4,16,15,45,841.0,89.5,3.05,20.0,569.0,750.27,587.14
2016,4,16,16,0,821.0,87.0,3.1,20.0,520.0,707.42,558.22
2016,4,16,16,15,795.0,83.0,3.05,19.5,468.5,657.75,524.36
2016,4,16,16,30,769.0,79.0,3.0,19.0,417.0,607.84,488.5
2016,4,16,16,45,721.0,77.0,3.0,18.5,362.0,546.6,442.22
2016,4,16,17,0,673.0,75.0,3.0,18.0,307.0,490.31,398.2
2016,4,16,17,15,620.0,68.5,2.8,17.5,254.0,426.24,346.21
2016,4,16,17,30,567.0,62.0,2.6,17.0,201.0,365.6,295.25
2016,4,16,17,45,463.0,54.5,2.4,16.5,150.0,284.9,226.8
2016,4,16,18,0,359.0,47.0,2.2,16.0,99.0,212.94,164.41
2016,4,16,18,15,237.5,32.0,2.1,15.5,60.5,136.48,95.8
2016,4,16,18,30,116.0,17.0,2.0,15.0,22.0,62.51,0.0
2016,4,16,18,45,58.0,8.5,1.9,15.0,11.0,23.11,0.0
2016,4,16,19,0,0.0,0.0,1.8,15.0,0.0,0.0,0.0
2016,4,16,19,15,0.0,0.0,1.75,14.5,0.0,0.0,0.0
2016,4,16,19,30,0.0,0.0,1.7,14.0,0.0,0.0,0.0
2016,4,16,19,45,0.0,0.0,1.65,14.0,0.0,0.0,0.0
2016,4,16,20,0,0.0,0.0,1.6,14.0,0.0,0.0,0.0
2016,4,16,20,15,0.0,0.0,1.6,14.0,0.0,0.0,0.0
2016,4,16,20,30,0.0,0.0,1.6,14.0,0.0,0.0,0.0
2016,4,16,20,45,0.0,0.0,1.65,14.0,0.0,0.0,0.0
2016,4,16,21,0,0.0,0.0,1.7,14.0,0.0,0.0,0.0
2016,4,16,21,15,0.0,0.0,1.7,13.5,0.0,0.0,0.0
2016,4,16,21,30,0.0,0.0,1.7,13.0,0.0,0.0,0.0
2016,4,16,21,45,0.0,0.0,1.75,13.0,0.0,0.0,0.0
2016,4,16,22,0,0.0,0.0,1.8,13.0,0.0,0.0,0.0
2016,4,16,22,15,0.0,0.0,1.75,13.0,0.0,0.0,0.0
2016,4,16,22,30,0.0,0.0,1.7,13.0,0.0,0.0,0.0
2016,4,16,22,45,0.0,0.0,1.65,13.0,0.0,0.0,0.0
2016,4,16,23,0,0.0,0.0,1.6,13.0,0.0,0.0,0.0
2016,4,16,23,15,0.0,0.0,1.5,12.5,0.0,0.0,0.0
2016,4,16,23,30,0.0,0.0,1.4,12.0,0.0,0.0,0.0
2016,4,16,23,45,0.0,0.0,1.35,12.0,0.0,0.0,0.0
2016,4,17,0,0,0.0,0.0,1.3,12.0,0.0,0.0,0.0
2016,4,17,0,15,0.0,0.0,1.2,12.0,0.0,0.0,0.0
2016,4,17,0,30,0.0,0.0,1.1,12.0,0.0,0.0,0.0
2016,4,17,0,45,0.0,0.0,1.05,12.5,0.0,0.0,0.0
2016,4,17,1,0,0.0,0.0,1.0,13.0,0.0,0.0,0.0
2016,4,17,1,15,0.0,0.0,0.9,13.0,0.0,0.0,0.0
2016,4,17,1,30,0.0,0.0,0.8,13.0,0.0,0.0,0.0
2016,4,17,1,45,0.0,0.0,0.7,13.0,0.0,0.0,0.0
2016,4,17,2,0,0.0,0.0,0.6,13.0,0.0,0.0,0.0
2016,4,17,2,15,0.0,0.0,0.5,13.0,0.0,0.0,0.0
2016,4,17,2,30,0.0,0.0,0.4,13.0,0.0,0.0,0.0
2016,4,17,2,45,0.0,0.0,0.3,13.0,0.0,0.0,0.0
2016,4,17,3,0,0.0,0.0,0.2,13.0,0.0,0.0,0.0
2016,4,17,3,15,0.0,0.0,0.25,13.0,0.0,0.0,0.0
2016,4,17,3,30,0.0,0.0,0.3,13.0,0.0,0.0,0.0
2016,4,17,3,45,0.0,0.0,0.4,13.0,0.0,0.0,0.0
2016,4,17,4,0,0.0,0.0,0.5,13.0,0.0,0.0,0.0
2016,4,17,4,15,0.0,0.0,0.55,13.0,0.0,0.0,0.0
2016,4,17,4,30,0.0,0.0,0.6,13.0,0.0,0.0,0.0
2016,4,17,4,45,0.0,0.0,0.7,13.0,0.0,0.0,0.0
2016,4,17,5,0,0.0,0.0,0.8,13.0,0.0,0.0,0.0
2016,4,17,5,15,0.0,0.0,0.85,13.0,0.0,0.0,0.0
2016,4,17,5,30,0.0,0.0,0.9,13.0,0.0,0.0,0.0
2016,4,17,5,45,109.5,14.5,0.95,13.0,23.5,14.25,0.0
2016,4,17,6,0,219.0,29.0,1.0,13.0,47.0,22.39,12.19
2016,4,17,6,15,323.0,42.0,1.1,13.0,91.0,31.92,22.31
2016,4,17,6,30,427.0,55.0,1.2,13.0,135.0,40.52,30.49
2016,4,17,6,45,497.0,64.5,1.3,13.5,185.5,45.38,35.06
2016,4,17,7,0,567.0,74.0,1.4,14.0,236.0,71.92,42.82
2016,4,17,7,15,614.5,81.0,1.35,14.5,289.0,112.52,65.13
2016,4,17,7,30,662.0,88.0,1.3,15.0,342.0,158.2,98.02
2016,4,17,7,45,698.0,93.0,1.3,15.5,395.0,204.93,136.06
2016,4,17,8,0,734.0,98.0,1.3,16.0,448.0,255.21,178.79
2016,4,17,8,15,759.5,102.5,1.3,16.5,498.5,308.7,224.76
2016,4,17,8,30,785.0,107.0,1.3,17.0,549.0,360.65,269.0
2016,4,17,8,45,805.5,109.5,1.3,17.5,596.0,410.68,310.92
2016,4,17,9,0,826.0,112.0,1.3,18.0,643.0,461.81,352.5
2016,4,17,9,15,840.5,115.0,1.35,18.5,685.0,511.32,391.86
2016,4,17,9,30,855.0,118.0,1.4,19.0,727.0,560.89,430.07
2016,4,17,9,45,870.5,117.5,1.5,19.5,764.0,610.13,467.27
2016,4,17,10,0,886.0,117.0,1.6,20.0,801.0,656.14,501.32
2016,4,17,10,15,893.5,119.0,1.65,20.0,830.5,698.54,532.58
2016,4,17,10,30,901.0,121.0,1.7,20.0,860.0,739.46,562.09
2016,4,17,10,45,907.5,121.5,1.75,20.5,883.0,776.62,586.04
2016,4,17,11,0,914.0,122.0,1.8,21.0,906.0,811.85,608.48
2016,4,17,11,15,917.5,122.5,1.8,21.5,920.5,842.65,627.26
2016,4,17,11,30,921.0,123.0,1.8,22.0,935.0,871.04,644.33
2016,4,17,11,45,923.0,123.0,1.8,22.5,941.5,895.18,658.48
2016,4,17,12,0,925.0,123.0,1.8,23.0,948.0,916.59,670.84
2016,4,17,12,15,925.0,123.0,1.7,23.0,946.5,933.45,680.36
2016,4,17,12,30,925.0,123.0,1.6,23.0,945.0,947.34,687.96
2016,4,17,12,45,925.0,121.0,1.55,23.5,936.0,956.21,691.71
2016,4,17,13,0,925.0,119.0,1.5,24.0,927.0,961.97,693.58
2016,4,17,13,15,921.0,118.0,1.35,24.0,909.5,961.96,691.77
2016,4,17,13,30,917.0,117.0,1.2,24.0,892.0,958.8,688.01
2016,4,17,13,45,913.5,114.0,1.1,24.0,867.5,950.89,682.13
2016,4,17,14,0,910.0,111.0,1.0,24.0,843.0,939.86,674.41
2016,4,17,14,15,902.0,109.5,1.05,24.0,811.0,923.36,665.96
2016,4,17,14,30,894.0,108.0,1.1,24.0,779.0,904.04,655.76
2016,4,17,14,45,885.5,104.5,1.15,24.0,741.0,879.41,642.13
2016,4,17,15,0,877.0,101.0,1.2,24.0,703.0,852.2,626.75
2016,4,17,15,15,862.5,98.5,1.3,23.5,659.0,818.77,608.9
2016,4,17,15,30,848.0,96.0,1.4,23.0,615.0,788.13,592.54
2016,4,17,15,45,830.5,92.0,1.5,23.0,567.0,747.02,567.37
2016,4,17,16,0,813.0,88.0,1.6,23.0,519.0,704.58,540.75
2016,4,17,16,15,787.5,84.0,1.7,22.5,468.0,655.47,509.63
2016,4,17,16,30,762.0,80.0,1.8,22.0,417.0,606.1,476.31
2016,4,17,16,45,726.5,75.0,1.9,21.5,363.5,549.42,435.56
2016,4,17,17,0,691.0,70.0,2.0,21.0,310.0,496.34,395.77
2016,4,17,17,15,640.5,64.0,1.95,20.0,257.0,433.35,346.81
2016,4,17,17,30,590.0,58.0,1.9,19.0,204.0,373.6,298.32
2016,4,17,17,45,510.0,49.5,1.85,18.5,154.0,301.32,237.57
2016,4,17,18,0,430.0,41.0,1.8,18.0,104.0,235.89,180.71
2016,4,17,18,15,303.5,28.5,1.7,17.5,64.0,157.15,110.64
2016,4,17,18,30,177.0,16.0,1.6,17.0,24.0,81.71,0.0
2016,4,17,18,45,88.5,8.0,1.55,16.5,12.0,30.57,0.0
2016,4,17,19,0,0.0,0.0,1.5,16.0,0.0,0.0,0.0
2016,4,17,19,15,0.0,0.0,1.4,15.5,0.0,0.0,0.0
2016,4,17,19,30,0.0,0.0,1.3,15.0,0.0,0.0,0.0
2016,4,17,19,45,0.0,0.0,1.2,15.0,0.0,0.0,0.0
2016,4,17,20,0,0.0,0.0,1.1,15.0,0.0,0.0,0.0
2016,4,17,20,15,0.0,0.0,1.05,15.0,0.0,0.0,0.0
2016,4,17,20,30,0.0,0.0,1.0,15.0,0.0,0.0,0.0
2016,4,17,20,45,0.0,0.0,0.95,15.0,0.0,0.0,0.0
2016,4,17,21,0,0.0,0.0,0.9,15.0,0.0,0.0,0.0
2016,4,17,21,15,0.0,0.0,0.85,15.0,0.0,0.0,0.0
2016,4,17,21,30,0.0,0.0,0.8,15.0,0.0,0.0,0.0
2016,4,17,21,45,0.0,0.0,0.8,15.0,0.0,0.0,0.0
2016,4,17,22,0,0.0,0.0,0.8,15.0,0.0,0.0,0.0
2016,4,17,22,15,0.0,0.0,0.8,15.0,0.0,0.0,0.0
2016,4,17,22,30,0.0,0.0,0.8,15.0,0.0,0.0,0.0
2016,4,17,22,45,0.0,0.0,0.85,15.0,0.0,0.0,0.0
2016,4,17,23,0,0.0,0.0,0.9,15.0,0.0,0.0,0.0
2016,4,17,23,15,0.0,0.0,0.9,15.0,0.0,0.0,0.0
2016,4,17,23,30,0.0,0.0,0.9,15.0,0.0,0.0,0.0
2016,4,17,23,45,0.0,0.0,0.95,15.0,0.0,0.0,0.0
2016,4,18,0,0,0.0,0.0,1.0,15.0,0.0,0.0,0.0
2016,4,18,0,15,0.0,0.0,0.95,14.5,0.0,0.0,0.0
2016,4,18,0,30,0.0,0.0,0.9,14.0,0.0,0.0,0.0
2016,4,18,0,45,0.0,0.0,0.9,14.0,0.0,0.0,0.0
2016,4,18,1,0,0.0,0.0,0.9,14.0,0.0,0.0,0.0
2016,4,18,1,15,0.0,0.0,0.85,14.0,0.0,0.0,0.0
2016,4,18,1,30,0.0,0.0,0.8,14.0,0.0,0.0,0.0
2016,4,18,1,45,0.0,0.0,0.75,14.0,0.0,0.0,0.0
2016,4,18,2,0,0.0,0.0,0.7,14.0,0.0,0.0,0.0
2016,4,18,2,15,0.0,0.0,0.65,14.0,0.0,0.0,0.0
2016,4,18,2,30,0.0,0.0,0.6,14.0,0.0,0.0,0.0
2016,4,18,2,45,0.0,0.0,0.6,14.0,0.0,0.0,0.0
2016,4,18,3,0,0.0,0.0,0.6,14.0,0.0,0.0,0.0
2016,4,18,3,15,0.0,0.0,0.55,14.0,0.0,0.0,0.0
2016,4,18,3,30,0.0,0.0,0.5,14.0,0.0,0.0,0.0
2016,4,18,3,45,0.0,0.0,0.45,14.0,0.0,0.0,0.0
2016,4,18,4,0,0.0,0.0,0.4,14.0,0.0,0.0,0.0
2016,4,18,4,15,0.0,0.0,0.35,14.0,0.0,0.0,0.0
2016,4,18,4,30,0.0,0.0,0.3,14.0,0.0,0.0,0.0
2016,4,18,4,45,0.0,0.0,0.3,14.0,0.0,0.0,0.0
2016,4,18,5,0,0.0,0.0,0.3,14.0,0.0,0.0,0.0
2016,4,18,5,15,0.0,0.0,0.3,14.0,0.0,0.0,0.0
2016,4,18,5,30,0.0,0.0,0.3,14.0,0.0,0.0,0.0
2016,4,18,5,45,133.0,14.5,0.35,14.0,26.5,11.09,0.0
2016,4,18,6,0,266.0,29.0,0.4,14.0,53.0,22.45,12.6
2016,4,18,6,15,372.5,41.0,0.5,14.5,98.5,30.69,21.19
2016,4,18,6,30,479.0,53.0,0.6,15.0,144.0,38.39,28.42
2016,4,18,6,45,547.5,61.5,0.75,15.5,196.0,42.49,32.25
2016,4,18,7,0,616.0,70.0,0.9,16.0,248.0,72.92,40.88
2016,4,18,7,15,662.0,76.0,0.95,16.0,302.5,115.27,64.61
2016,4,18,7,30,708.0,82.0,1.0,16.0,357.0,162.53,99.1
2016,4,18,7,45,740.5,87.5,1.1,16.5,410.5,211.48,139.25
2016,4,18,8,0,773.0,93.0,1.2,17.0,464.0,266.92,186.33
2016,4,18,8,15,797.0,97.0,1.25,17.5,515.0,317.94,230.45
2016,4,18,8,30,821.0,101.0,1.3,18.0,566.0,370.85,275.53
2016,4,18,8,45,841.0,103.5,1.4,18.5,614.0,422.46,318.89
2016,4,18,9,0,861.0,106.0,1.5,19.0,662.0,475.07,361.88
2016,4,18,9,15,874.5,108.0,1.55,19.5,704.0,524.78,401.35
2016,4,18,9,30,888.0,110.0,1.6,20.0,746.0,577.3,441.59
2016,4,18,9,45,903.0,109.5,1.7,20.5,783.5,624.8,477.47
2016,4,18,10,0,918.0,109.0,1.8,21.0,821.0,671.76,512.07
2016,4,18,10,15,925.0,110.5,1.85,21.0,850.5,714.51,543.51
2016,4,18,10,30,932.0,112.0,1.9,21.0,880.0,755.68,572.52
2016,4,18,10,45,938.0,112.5,2.0,21.5,902.5,793.41,597.14
2016,4,18,11,0,944.0,113.0,2.1,22.0,925.0,829.11,620.2
2016,4,18,11,15,946.5,113.5,2.1,22.0,939.0,859.85,640.14
2016,4,18,11,30,949.0,114.0,2.1,22.0,953.0,888.06,658.35
2016,4,18,11,45,949.0,114.5,2.15,22.5,959.0,911.5,672.58
2016,4,18,12,0,949.0,115.0,2.2,23.0,965.0,932.07,684.95
2016,4,18,12,15,948.0,115.5,2.15,23.0,963.0,948.81,695.18
2016,4,18,12,30,947.0,116.0,2.1,23.0,961.0,962.49,703.49
2016,4,18,12,45,940.0,118.0,2.1,23.5,949.0,969.16,706.54
2016,4,18,13,0,933.0,120.0,2.1,24.0,937.0,972.63,707.7
2016,4,18,13,15,928.5,119.5,2.1,23.5,919.0,972.66,709.55
2016,4,18,13,30,924.0,119.0,2.1,23.0,901.0,969.52,709.51
2016,4,18,13,45,910.5,121.0,2.1,23.0,874.0,957.68,702.58
2016,4,18,14,0,897.0,123.0,2.1,23.0,847.0,942.93,693.93
2016,4,18,14,15,888.0,121.5,2.1,22.5,814.5,925.74,685.11
2016,4,18,14,30,879.0,120.0,2.1,22.0,782.0,905.78,674.5
2016,4,18,14,45,857.5,122.0,2.15,22.0,741.0,881.26,660.02
2016,4,18,15,0,836.0,124.0,2.2,22.0,700.0,849.76,640.77
2016,4,18,15,15,819.5,121.0,2.25,21.5,656.0,815.15,620.43
2016,4,18,15,30,803.0,118.0,2.3,21.0,612.0,778.75,598.52
2016,4,18,15,45,705.0,127.5,2.35,21.0,536.0,695.37,541.46
2016,4,18,16,0,607.0,137.0,2.4,21.0,460.0,612.9,482.16
2016,4,18,16,15,618.0,118.5,2.45,20.5,420.0,580.34,460.84
2016,4,18,16,30,629.0,100.0,2.5,20.0,380.0,545.06,436.35
2016,4,18,16,45,557.0,105.5,2.55,19.5,330.0,482.52,388.63
2016,4,18,17,0,485.0,111.0,2.6,19.0,280.0,421.67,341.02
2016,4,18,17,15,441.5,97.0,2.6,18.0,231.5,362.5,294.29
2016,4,18,17,30,398.0,83.0,2.6,17.0,183.0,306.31,248.17
2016,4,18,17,45,330.5,68.0,2.65,16.5,138.0,241.47,193.11
2016,4,18,18,0,263.0,53.0,2.7,16.0,93.0,182.63,141.88
2016,4,18,18,15,131.5,37.0,2.65,15.5,57.0,99.72,70.83
2016,4,18,18,30,0.0,21.0,2.6,15.0,21.0,21.93,0.0
2016,4,18,18,45,0.0,10.5,2.6,14.5,10.5,10.32,0.0
2016,4,18,19,0,0.0,0.0,2.6,14.0,0.0,0.0,0.0
2016,4,18,19,15,0.0,0.0,2.5,14.0,0.0,0.0,0.0
2016,4,18,19,30,0.0,0.0,2.4,14.0,0.0,0.0,0.0
2016,4,18,19,45,0.0,0.0,2.35,14.0,0.0,0.0,0.0
2016,4,18,20,0,0.0,0.0,2.3,14.0,0.0,0.0,0.0
2016,4,18,20,15,0.0,0.0,2.25,13.5,0.0,0.0,0.0
2016,4,18,20,30,0.0,0.0,2.2,13.0,0.0,0.0,0.0
2016,4,18,20,45,0.0,0.0,2.15,13.0,0.0,0.0,0.0
2016,4,18,21,0,0.0,0.0,2.1,13.0,0.0,0.0,0.0
2016,4,18,21,15,0.0,0.0,2.0,13.0,0.0,0.0,0.0
2016,4,18,21,30,0.0,0.0,1.9,13.0,0.0,0.0,0.0
2016,4,18,21,45,0.0,0.0,1.85,13.0,0.0,0.0,0.0
2016,4,18,22,0,0.0,0.0,1.8,13.0,0.0,0.0,0.0
2016,4,18,22,15,0.0,0.0,1.7,13.0,0.0,0.0,0.0
2016,4,18,22,30,0.0,0.0,1.6,13.0,0.0,0.0,0.0
2016,4,18,22,45,0.0,0.0,1.55,13.0,0.0,0.0,0.0
2016,4,18,23,0,0.0,0.0,1.5,13.0,0.0,0.0,0.0
2016,4,18,23,15,0.0,0.0,1.4,13.0,0.0,0.0,0.0
2016,4,18,23,30,0.0,0.0,1.3,13.0,0.0,0.0,0.0
2016,4,18,23,45,0.0,0.0,1.2,13.0,0.0,0.0,0.0
2016,4,19,0,0,0.0,0.0,1.1,13.0,0.0,0.0,0.0
2016,4,19,0,15,0.0,0.0,1.05,13.0,0.0,0.0,0.0
2016,4,19,0,30,0.0,0.0,1.0,13.0,0.0,0.0,0.0
2016,4,19,0,45,0.0,0.0,1.0,13.0,0.0,0.0,0.0
2016,4,19,1,0,0.0,0.0,1.0,13.0,0.0,0.0,0.0
2016,4,19,1,15,0.0,0.0,1.0,13.0,0.0,0.0,0.0
2016,4,19,1,30,0.0,0.0,1.0,13.0,0.0,0.0,0.0
2016,4,19,1,45,0.0,0.0,1.0,13.0,0.0,0.0,0.0
2016,4,19,2,0,0.0,0.0,1.0,13.0,0.0,0.0,0.0
2016,4,19,2,15,0.0,0.0,0.95,13.0,0.0,0.0,0.0
2016,4,19,2,30,0.0,0.0,0.9,13.0,0.0,0.0,0.0
2016,4,19,2,45,0.0,0.0,0.9,13.0,0.0,0.0,0.0
2016,4,19,3,0,0.0,0.0,0.9,13.0,0.0,0.0,0.0
2016,4,19,3,15,0.0,0.0,0.9,13.0,0.0,0.0,0.0
2016,4,19,3,30,0.0,0.0,0.9,13.0,0.0,0.0,0.0
2016,4,19,3,45,0.0,0.0,0.95,13.0,0.0,0.0,0.0
2016,4,19,4,0,0.0,0.0,1.0,13.0,0.0,0.0,0.0
2016,4,19,4,15,0.0,0.0,0.95,13.0,0.0,0.0,0.0
2016,4,19,4,30,0.0,0.0,0.9,13.0,0.0,0.0,0.0
2016,4,19,4,45,0.0,0.0,0.9,13.0,0.0,0.0,0.0
2016,4,19,5,0,0.0,0.0,0.9,13.0,0.0,0.0,0.0
2016,4,19,5,15,0.0,0.0,0.8,13.0,0.0,0.0,0.0
2016,4,19,5,30,0.0,0.0,0.7,13.0,0.0,0.0,0.0
2016,4,19,5,45,120.5,16.0,0.65,13.0,27.0,12.44,0.0
2016,4,19,6,0,241.0,32.0,0.6,13.0,54.0,24.65,14.76
2016,4,19,6,15,344.0,44.5,0.6,13.5,99.0,33.71,23.98
2016,4,19,6,30,447.0,57.0,0.6,14.0,144.0,41.74,31.54
2016,4,19,6,45,526.5,64.0,0.6,14.5,196.5,44.35,34.07
2016,4,19,7,0,606.0,71.0,0.6,15.0,249.0,76.07,42.77
2016,4,19,7,15,651.5,77.5,0.65,15.0,303.0,118.44,67.44
2016,4,19,7,30,697.0,84.0,0.7,15.0,357.0,165.65,102.39
2016,4,19,7,45,732.0,88.0,0.75,15.5,410.5,213.34,141.57
2016,4,19,8,0,767.0,92.0,0.8,16.0,464.0,267.68,187.62
2016,4,19,8,15,791.0,96.0,0.9,16.5,514.5,318.44,231.53
2016,4,19,8,30,815.0,100.0,1.0,17.0,565.0,371.08,276.4
2016,4,19,8,45,827.5,105.5,1.15,17.5,611.0,422.11,319.45
2016,4,19,9,0,840.0,111.0,1.3,18.0,657.0,473.44,361.59
2016,4,19,9,15,853.5,114.0,1.3,18.5,699.0,523.08,400.6
2016,4,19,9,30,867.0,117.0,1.3,19.0,741.0,572.65,438.28
2016,4,19,9,45,870.0,123.0,1.35,19.5,775.0,618.58,472.41
2016,4,19,10,0,873.0,129.0,1.4,20.0,809.0,663.15,504.61
2016,4,19,10,15,768.5,187.0,1.4,20.0,802.0,681.6,516.31
2016,4,19,10,30,664.0,245.0,1.4,20.0,795.0,692.85,522.39
2016,4,19,10,45,777.0,193.0,1.45,20.5,852.5,752.54,565.86
2016,4,19,11,0,890.0,141.0,1.5,21.0,910.0,816.9,608.96
2016,4,19,11,15,744.5,226.5,1.5,21.0,877.0,810.6,602.78
2016,4,19,11,30,599.0,312.0,1.5,21.0,844.0,795.38,588.65
2016,4,19,11,45,557.0,334.0,1.5,21.0,831.0,798.37,589.79
2016,4,19,12,0,515.0,356.0,1.5,21.0,818.0,798.19,588.55
2016,4,19,12,15,438.0,384.0,1.6,21.0,776.5,770.15,568.8
2016,4,19,12,30,361.0,412.0,1.7,21.0,735.0,736.23,544.99
2016,4,19,12,45,416.5,382.5,1.8,21.0,751.0,767.8,569.63
2016,4,19,13,0,472.0,353.0,1.9,21.0,767.0,795.77,591.29
2016,4,19,13,15,361.0,384.0,1.95,21.0,697.5,726.0,541.23
2016,4,19,13,30,250.0,415.0,2.0,21.0,628.0,659.84,493.32
2016,4,19,13,45,245.0,403.0,2.15,21.0,606.5,645.48,485.15
2016,4,19,14,0,240.0,391.0,2.3,21.0,585.0,622.64,470.6
2016,4,19,14,15,162.5,371.0,2.4,20.5,500.0,532.53,405.96
2016,4,19,14,30,85.0,351.0,2.5,20.0,415.0,435.23,334.35
2016,4,19,14,45,100.5,337.0,2.6,20.0,409.0,434.52,335.75
2016,4,19,15,0,116.0,323.0,2.7,20.0,403.0,441.37,342.27
2016,4,19,15,15,178.5,299.0,2.75,19.5,413.5,466.33,364.63
2016,4,19,15,30,241.0,275.0,2.8,19.0,424.0,487.45,383.97
2016,4,19,15,45,152.5,250.0,2.9,18.5,341.5,387.23,307.13
2016,4,19,16,0,64.0,225.0,3.0,18.0,259.0,283.42,225.55
2016,4,19,16,15,204.0,195.5,3.0,17.5,289.0,356.62,288.53
2016,4,19,16,30,344.0,166.0,3.0,17.0,319.0,418.98,341.14
2016,4,19,16,45,315.0,152.5,3.0,16.5,279.0,374.08,305.78
2016,4,19,17,0,286.0,139.0,3.0,16.0,239.0,330.89,271.36
2016,4,19,17,15,392.5,107.0,2.9,15.5,220.0,348.5,286.24
2016,4,19,17,30,499.0,75.0,2.8,15.0,201.0,350.05,285.99
2016,4,19,17,45,438.0,61.5,2.7,15.0,153.5,284.46,228.9
2016,4,19,18,0,377.0,48.0,2.6,15.0,106.0,224.01,175.04
2016,4,19,18,15,254.5,33.5,2.5,14.5,66.0,145.39,105.63
2016,4,19,18,30,132.0,19.0,2.4,14.0,26.0,72.05,7.62
2016,4,19,18,45,66.0,9.5,2.35,14.0,13.0,26.56,0.0
2016,4,19,19,0,0.0,0.0,2.3,14.0,0.0,0.0,0.0
2016,4,19,19,15,0.0,0.0,2.25,13.5,0.0,0.0,0.0
2016,4,19,19,30,0.0,0.0,2.2,13.0,0.0,0.0,0.0
2016,4,19,19,45,0.0,0.0,2.2,13.0,0.0,0.0,0.0
2016,4,19,20,0,0.0,0.0,2.2,13.0,0.0,0.0,0.0
2016,4,19,20,15,0.0,0.0,2.15,12.5,0.0,0.0,0.0
2016,4,19,20,30,0.0,0.0,2.1,12.0,0.0,0.0,0.0
2016,4,19,20,45,0.0,0.0,2.1,12.0,0.0,0.0,0.0
2016,4,19,21,0,0.0,0.0,2.1,12.0,0.0,0.0,0.0
2016,4,19,21,15,0.0,0.0,2.05,12.0,0.0,0.0,0.0
2016,4,19,21,30,0.0,0.0,2.0,12.0,0.0,0.0,0.0
2016,4,19,21,45,0.0,0.0,2.0,12.0,0.0,0.0,0.0
2016,4,19,22,0,0.0,0.0,2.0,12.0,0.0,0.0,0.0
2016,4,19,22,15,0.0,0.0,1.9,12.0,0.0,0.0,0.0
2016,4,19,22,30,0.0,0.0,1.8,12.0,0.0,0.0,0.0
2016,4,19,22,45,0.0,0.0,1.75,12.0,0.0,0.0,0.0
2016,4,19,23,0,0.0,0.0,1.7,12.0,0.0,0.0,0.0
2016,4,19,23,15,0.0,0.0,1.6,12.0,0.0,0.0,0.0
2016,4,19,23,30,0.0,0.0,1.5,12.0,0.0,0.0,0.0
2016,4,19,23,45,0.0,0.0,1.4,12.0,0.0,0.0,0.0
2016,4,20,0,0,0.0,0.0,1.3,12.0,0.0,0.0,0.0
2016,4,20,0,15,0.0,0.0,1.2,12.0,0.0,0.0,0.0
2016,4,20,0,30,0.0,0.0,1.1,12.0,0.0,0.0,0.0
2016,4,20,0,45,0.0,0.0,1.0,12.0,0.0,0.0,0.0
2016,4,20,1,0,0.0,0.0,0.9,12.0,0.0,0.0,0.0
2016,4,20,1,15,0.0,0.0,0.7,12.0,0.0,0.0,0.0
2016,4,20,1,30,0.0,0.0,0.5,12.0,0.0,0.0,0.0
2016,4,20,1,45,0.0,0.0,0.35,12.0,0.0,0.0,0.0
2016,4,20,2,0,0.0,0.0,0.2,12.0,0.0,0.0,0.0
2016,4,20,2,15,0.0,0.0,0.3,12.0,0.0,0.0,0.0
2016,4,20,2,30,0.0,0.0,0.4,12.0,0.0,0.0,0.0
2016,4,20,2,45,0.0,0.0,0.5,12.0,0.0,0.0,0.0
2016,4,20,3,0,0.0,0.0,0.6,12.0,0.0,0.0,0.0
2016,4,20,3,15,0.0,0.0,0.75,12.0,0.0,0.0,0.0
2016,4,20,3,30,0.0,0.0,0.9,12.0,0.0,0.0,0.0
2016,4,20,3,45,0.0,0.0,1.1,12.0,0.0,0.0,0.0
2016,4,20,4,0,0.0,0.0,1.3,12.0,0.0,0.0,0.0
2016,4,20,4,15,0.0,0.0,1.4,12.0,0.0,0.0,0.0
2016,4,20,4,30,0.0,0.0,1.5,12.0,0.0,0.0,0.0
2016,4,20,4,45,0.0,0.0,1.65,12.0,0.0,0.0,0.0
2016,4,20,5,0,0.0,0.0,1.8,12.0,0.0,0.0,0.0
2016,4,20,5,15,0.0,0.0,1.85,12.0,0.0,0.0,0.0
2016,4,20,5,30,0.0,0.0,1.9,12.0,0.0,0.0,0.0
2016,4,20,5,45,146.5,15.5,2.0,12.5,30.0,11.69,0.0
2016,4,20,6,0,293.0,31.0,2.1,13.0,60.0,23.86,14.3
2016,4,20,6,15,395.5,42.0,2.15,13.5,106.0,31.08,21.68
2016,4,20,6,30,498.0,53.0,2.2,14.0,152.0,37.83,28.05
2016,4,20,6,45,565.5,60.5,2.3,14.5,204.5,41.11,31.14
2016,4,20,7,0,633.0,68.0,2.4,15.0,257.0,77.47,42.08
2016,4,20,7,15,677.0,73.5,2.3,15.0,310.5,120.41,67.83
2016,4,20,7,30,721.0,79.0,2.2,15.0,364.0,168.0,103.85
2016,4,20,7,45,753.0,83.5,2.15,15.5,417.5,220.05,147.43
2016,4,20,8,0,785.0,88.0,2.1,16.0,471.0,271.75,192.2
2016,4,20,8,15,807.5,91.5,2.1,16.0,521.5,322.56,237.28
2016,4,20,8,30,830.0,95.0,2.1,16.0,572.0,375.06,283.26
2016,4,20,8,45,616.0,177.0,2.1,16.5,546.5,400.77,308.86
2016,4,20,9,0,402.0,259.0,2.1,17.0,521.0,411.6,319.48
2016,4,20,9,15,482.5,246.0,2.1,17.0,580.5,457.8,356.21
2016,4,20,9,30,563.0,233.0,2.1,17.0,640.0,513.98,400.05
2016,4,20,9,45,609.0,230.0,2.1,17.5,689.5,564.32,437.89
2016,4,20,10,0,655.0,227.0,2.1,18.0,739.0,617.64,477.15
2016,4,20,10,15,638.0,247.5,2.1,18.0,761.5,653.1,502.62
2016,4,20,10,30,621.0,268.0,2.1,18.0,784.0,686.09,525.9
2016,4,20,10,45,625.0,276.0,2.15,18.5,806.5,720.52,549.58
2016,4,20,11,0,629.0,284.0,2.2,19.0,829.0,753.79,572.05
2016,4,20,11,15,639.5,280.5,2.2,19.0,842.0,780.17,590.6
2016,4,20,11,30,650.0,277.0,2.2,19.0,855.0,805.36,608.22
2016,4,20,11,45,783.0,204.5,2.2,19.0,905.5,866.26,652.24
2016,4,20,12,0,916.0,132.0,2.2,19.0,956.0,925.21,691.24
2016,4,20,12,15,915.0,132.0,2.2,19.0,954.0,940.93,701.1
2016,4,20,12,30,914.0,132.0,2.2,19.0,952.0,953.71,709.53
2016,4,20,12,45,720.0,236.0,2.25,19.0,878.5,899.15,673.68
2016,4,20,13,0,526.0,340.0,2.3,19.0,805.0,833.32,624.78
2016,4,20,13,15,532.5,328.5,2.3,19.0,791.0,832.93,625.98
2016,4,20,13,30,539.0,317.0,2.3,19.0,777.0,830.43,625.2
2016,4,20,13,45,710.5,222.5,2.35,19.0,810.5,892.9,673.68
2016,4,20,14,0,882.0,128.0,2.4,19.0,844.0,938.71,705.34
2016,4,20,14,15,692.5,200.0,2.4,18.5,749.0,846.0,644.0
2016,4,20,14,30,503.0,272.0,2.4,18.0,654.0,744.52,571.57
2016,4,20,14,45,566.5,234.0,2.45,18.0,643.5,752.89,581.7
2016,4,20,15,0,630.0,196.0,2.5,18.0,633.0,759.86,589.84
2016,4,20,15,15,616.0,184.5,2.45,18.0,589.5,723.16,564.29
2016,4,20,15,30,602.0,173.0,2.4,18.0,546.0,685.03,537.79
2016,4,20,15,45,595.0,158.5,2.4,18.0,503.5,647.86,512.07
2016,4,20,16,0,588.0,144.0,2.4,18.0,461.0,609.19,484.77
2016,4,20,16,15,404.5,164.5,2.35,17.5,372.5,480.26,385.81
2016,4,20,16,30,221.0,185.0,2.3,17.0,284.0,351.47,284.05
2016,4,20,16,45,205.5,164.5,2.3,16.5,248.0,312.14,254.1
2016,4,20,17,0,190.0,144.0,2.3,16.0,212.0,273.49,223.51
2016,4,20,17,15,365.0,105.0,2.25,15.5,208.0,332.01,272.41
2016,4,20,17,30,540.0,66.0,2.2,15.0,204.0,361.86,295.09
2016,4,20,17,45,465.0,56.0,2.15,15.0,155.5,291.83,234.51
2016,4,20,18,0,390.0,46.0,2.1,15.0,107.0,228.14,178.3
2016,4,20,18,15,270.5,33.0,2.05,14.5,67.5,152.27,111.41
2016,4,20,18,30,151.0,20.0,2.0,14.0,28.0,80.02,17.93
2016,4,20,18,45,75.5,10.0,1.95,13.5,14.0,29.69,0.0
2016,4,20,19,0,0.0,0.0,1.9,13.0,0.0,0.0,0.0
2016,4,20,19,15,0.0,0.0,1.8,13.0,0.0,0.0,0.0
2016,4,20,19,30,0.0,0.0,1.7,13.0,0.0,0.0,0.0
2016,4,20,19,45,0.0,0.0,1.65,13.0,0.0,0.0,0.0
2016,4,20,20,0,0.0,0.0,1.6,13.0,0.0,0.0,0.0
2016,4,20,20,15,0.0,0.0,1.55,13.0,0.0,0.0,0.0
2016,4,20,20,30,0.0,0.0,1.5,13.0,0.0,0.0,0.0
2016,4,20,20,45,0.0,0.0,1.45,13.0,0.0,0.0,0.0
2016,4,20,21,0,0.0,0.0,1.4,13.0,0.0,0.0,0.0
2016,4,20,21,15,0.0,0.0,1.3,13.0,0.0,0.0,0.0
2016,4,20,21,30,0.0,0.0,1.2,13.0,0.0,0.0,0.0
2016,4,20,21,45,0.0,0.0,1.15,13.0,0.0,0.0,0.0
2016,4,20,22,0,0.0,0.0,1.1,13.0,0.0,0.0,0.0
2016,4,20,22,15,0.0,0.0,1.05,13.0,0.0,0.0,0.0
2016,4,20,22,30,0.0,0.0,1.0,13.0,0.0,0.0,0.0
2016,4,20,22,45,0.0,0.0,0.95,13.0,0.0,0.0,0.0
2016,4,20,23,0,0.0,0.0,0.9,13.0,0.0,0.0,0.0
2016,4,20,23,15,0.0,0.0,0.85,13.0,0.0,0.0,0.0
2016,4,20,23,30,0.0,0.0,0.8,13.0,0.0,0.0,0.0
2016,4,20,23,45,0.0,0.0,0.8,13.0,0.0,0.0,0.0
2016,4,21,0,0,0.0,0.0,0.8,13.0,0.0,0.0,0.0
2016,4,21,0,15,0.0,0.0,0.8,13.0,0.0,0.0,0.0
2016,4,21,0,30,0.0,0.0,0.8,13.0,0.0,0.0,0.0
2016,4,21,0,45,0.0,0.0,0.8,13.0,0.0,0.0,0.0
2016,4,21,1,0,0.0,0.0,0.8,13.0,0.0,0.0,0.0
2016,4,21,1,15,0.0,0.0,0.8,13.0,0.0,0.0,0.0
2016,4,21,1,30,0.0,0.0,0.8,13.0,0.0,0.0,0.0
2016,4,21,1,45,0.0,0.0,0.8,13.0,0.0,0.0,0.0
2016,4,21,2,0,0.0,0.0,0.8,13.0,0.0,0.0,0.0
2016,4,21,2,15,0.0,0.0,0.75,13.0,0.0,0.0,0.0
2016,4,21,2,30,0.0,0.0,0.7,13.0,0.0,0.0,0.0
2016,4,21,2,45,0.0,0.0,0.65,13.0,0.0,0.0,0.0
2016,4,21,3,0,0.0,0.0,0.6,13.0,0.0,0.0,0.0
2016,4,21,3,15,0.0,0.0,0.6,13.0,0.0,0.0,0.0
2016,4,21,3,30,0.0,0.0,0.6,13.0,0.0,0.0,0.0
2016,4,21,3,45,0.0,0.0,0.65,13.0,0.0,0.0,0.0
2016,4,21,4,0,0.0,0.0,0.7,13.0,0.0,0.0,0.0
2016,4,21,4,15,0.0,0.0,0.75,13.0,0.0,0.0,0.0
2016,4,21,4,30,0.0,0.0,0.8,13.0,0.0,0.0,0.0
2016,4,21,4,45,0.0,0.0,0.9,13.0,0.0,0.0,0.0
2016,4,21,5,0,0.0,0.0,1.0,13.0,0.0,0.0,0.0
2016,4,21,5,15,0.0,0.0,1.05,13.0,0.0,0.0,0.0
2016,4,21,5,30,0.0,0.0,1.1,13.0,0.0,0.0,0.0
2016,4,21,5,45,19.5,17.5,1.2,13.5,19.5,15.85,0.0
2016,4,21,6,0,39.0,35.0,1.3,14.0,39.0,30.64,20.13
2016,4,21,6,15,70.5,56.0,1.45,14.0,68.5,47.63,36.16
2016,4,21,6,30,102.0,77.0,1.6,14.0,98.0,64.13,51.33
2016,4,21,6,45,122.0,100.0,1.75,14.5,132.0,81.49,66.91
2016,4,21,7,0,142.0,123.0,1.9,15.0,166.0,109.27,82.53
2016,4,21,7,15,163.5,142.5,1.95,15.0,201.0,137.19,102.99
2016,4,21,7,30,185.0,162.0,2.0,15.0,236.0,167.43,126.44
2016,4,21,7,45,109.5,176.0,2.15,15.0,221.5,175.64,136.46
2016,4,21,8,0,34.0,190.0,2.3,15.0,207.0,180.29,142.94
2016,4,21,8,15,67.5,223.0,2.4,15.0,261.0,222.04,175.67
2016,4,21,8,30,101.0,256.0,2.5,15.0,315.0,267.46,211.26
2016,4,21,8,45,118.0,280.0,2.6,15.5,353.5,297.93,234.78
2016,4,21,9,0,135.0,304.0,2.7,16.0,392.0,334.52,262.91
2016,4,21,9,15,226.0,313.5,2.75,16.0,472.5,397.42,311.89
2016,4,21,9,30,317.0,323.0,2.8,16.0,553.0,464.49,363.89
2016,4,21,9,45,173.5,317.5,2.85,16.5,444.5,395.13,309.31
2016,4,21,10,0,30.0,312.0,2.9,17.0,336.0,311.86,242.7
2016,4,21,10,15,173.5,350.0,2.9,17.0,494.0,443.12,345.7
2016,4,21,10,30,317.0,388.0,2.9,17.0,652.0,585.76,453.36
2016,4,21,10,45,187.0,391.5,2.95,17.0,548.5,508.69,393.23
2016,4,21,11,0,57.0,395.0,3.0,17.0,445.0,421.14,324.79
2016,4,21,11,15,190.0,409.0,3.0,17.0,578.0,544.52,420.53
2016,4,21,11,30,323.0,423.0,3.0,17.0,711.0,675.95,518.38
2016,4,21,11,45,336.0,415.0,3.05,17.0,717.0,690.57,528.72
2016,4,21,12,0,349.0,407.0,3.1,17.0,723.0,704.55,539.42
2016,4,21,12,15,613.0,274.0,3.15,17.0,826.5,820.31,630.31
2016,4,21,12,30,877.0,141.0,3.2,17.0,930.0,931.61,709.58
2016,4,21,12,45,639.0,261.5,3.3,17.5,833.5,852.74,652.24
2016,4,21,13,0,401.0,382.0,3.4,18.0,737.0,757.86,578.11
2016,4,21,13,15,413.0,364.0,3.5,17.5,723.0,760.2,582.95
2016,4,21,13,30,425.0,346.0,3.6,17.0,709.0,756.49,582.99
2016,4,21,13,45,387.5,356.0,3.7,17.0,679.5,728.1,562.59
2016,4,21,14,0,350.0,366.0,3.8,17.0,650.0,704.82,545.73
2016,4,21,14,15,397.5,331.5,3.85,17.0,642.5,710.31,552.64
2016,4,21,14,30,445.0,297.0,3.9,17.0,635.0,720.58,562.71
2016,4,21,14,45,326.5,311.5,3.95,17.0,553.0,620.42,487.08
2016,4,21,15,0,208.0,326.0,4.0,17.0,471.0,523.13,412.28
2016,4,21,15,15,171.5,305.5,4.0,17.0,420.0,468.36,371.07
2016,4,21,15,30,135.0,285.0,4.0,17.0,369.0,414.65,329.88
2016,4,21,15,45,465.5,186.5,4.0,17.0,444.0,576.29,464.46
2016,4,21,16,0,796.0,88.0,4.0,17.0,519.0,699.11,562.44
2016,4,21,16,15,421.5,133.5,4.0,16.5,359.5,458.02,374.24
2016,4,21,16,30,47.0,179.0,4.0,16.0,200.0,220.54,177.86
2016,4,21,16,45,42.5,157.5,4.0,16.0,175.0,193.88,156.92
2016,4,21,17,0,38.0,136.0,4.0,16.0,150.0,167.36,135.31
2016,4,21,17,15,31.0,115.0,3.9,15.5,125.0,140.2,112.97
2016,4,21,17,30,24.0,94.0,3.8,15.0,100.0,113.39,90.47
2016,4,21,17,45,13.5,73.0,3.75,14.5,76.5,81.28,63.08
2016,4,21,18,0,3.0,52.0,3.7,14.0,53.0,54.51,40.0
2016,4,21,18,15,1.5,33.0,3.6,13.5,33.5,33.84,21.73
2016,4,21,18,30,0.0,14.0,3.5,13.0,14.0,13.51,0.0
2016,4,21,18,45,0.0,7.0,3.45,13.0,7.0,6.88,0.0
2016,4,21,19,0,0.0,0.0,3.4,13.0,0.0,0.0,0.0
2016,4,21,19,15,0.0,0.0,3.4,13.0,0.0,0.0,0.0
2016,4,21,19,30,0.0,0.0,3.4,13.0,0.0,0.0,0.0
2016,4,21,19,45,0.0,0.0,3.45,13.0,0.0,0.0,0.0
2016,4,21,20,0,0.0,0.0,3.5,13.0,0.0,0.0,0.0
2016,4,21,20,15,0.0,0.0,3.6,13.0,0.0,0.0,0.0
2016,4,21,20,30,0.0,0.0,3.7,13.0,0.0,0.0,0.0
2016,4,21,20,45,0.0,0.0,3.8,13.0,0.0,0.0,0.0
2016,4,21,21,0,0.0,0.0,3.9,13.0,0.0,0.0,0.0
2016,4,21,21,15,0.0,0.0,4.0,13.0,0.0,0.0,0.0
2016,4,21,21,30,0.0,0.0,4.1,13.0,0.0,0.0,0.0
2016,4,21,21,45,0.0,0.0,4.2,13.0,0.0,0.0,0.0
2016,4,21,22,0,0.0,0.0,4.3,13.0,0.0,0.0,0.0
2016,4,21,22,15,0.0,0.0,4.35,13.0,0.0,0.0,0.0
2016,4,21,22,30,0.0,0.0,4.4,13.0,0.0,0.0,0.0
2016,4,21,22,45,0.0,0.0,4.5,13.0,0.0,0.0,0.0
2016,4,21,23,0,0.0,0.0,4.6,13.0,0.0,0.0,0.0
2016,4,21,23,15,0.0,0.0,4.6,13.0,0.0,0.0,0.0
2016,4,21,23,30,0.0,0.0,4.6,13.0,0.0,0.0,0.0
2016,4,21,23,45,0.0,0.0,4.65,13.0,0.0,0.0,0.0
2016,4,22,0,0,0.0,0.0,4.7,13.0,0.0,0.0,0.0
2016,4,22,0,15,0.0,0.0,4.75,13.0,0.0,0.0,0.0
2016,4,22,0,30,0.0,0.0,4.8,13.0,0.0,0.0,0.0
2016,4,22,0,45,0.0,0.0,4.85,13.0,0.0,0.0,0.0
2016,4,22,1,0,0.0,0.0,4.9,13.0,0.0,0.0,0.0
2016,4,22,1,15,0.0,0.0,4.9,13.0,0.0,0.0,0.0
2016,4,22,1,30,0.0,0.0,4.9,13.0,0.0,0.0,0.0
2016,4,22,1,45,0.0,0.0,4.9,13.0,0.0,0.0,0.0
2016,4,22,2,0,0.0,0.0,4.9,13.0,0.0,0.0,0.0
2016,4,22,2,15,0.0,0.0,4.95,13.0,0.0,0.0,0.0
2016,4,22,2,30,0.0,0.0,5.0,13.0,0.0,0.0,0.0
2016,4,22,2,45,0.0,0.0,5.05,13.0,0.0,0.0,0.0
2016,4,22,3,0,0.0,0.0,5.1,13.0,0.0,0.0,0.0
2016,4,22,3,15,0.0,0.0,5.15,13.0,0.0,0.0,0.0
2016,4,22,3,30,0.0,0.0,5.2,13.0,0.0,0.0,0.0
2016,4,22,3,45,0.0,0.0,5.3,13.0,0.0,0.0,0.0
2016,4,22,4,0,0.0,0.0,5.4,13.0,0.0,0.0,0.0
2016,4,22,4,15,0.0,0.0,5.5,13.0,0.0,0.0,0.0
2016,4,22,4,30,0.0,0.0,5.6,13.0,0.0,0.0,0.0
2016,4,22,4,45,0.0,0.0,5.75,13.0,0.0,0.0,0.0
2016,4,22,5,0,0.0,0.0,5.9,13.0,0.0,0.0,0.0
2016,4,22,5,15,0.0,0.0,5.9,13.0,0.0,0.0,0.0
2016,4,22,5,30,0.0,0.0,5.9,13.0,0.0,0.0,0.0
2016,4,22,5,45,109.0,19.0,5.95,13.5,30.5,14.71,0.15
2016,4,22,6,0,218.0,38.0,6.0,14.0,61.0,29.25,19.08
2016,4,22,6,15,318.0,50.5,6.05,14.0,105.0,37.88,27.63
2016,4,22,6,30,418.0,63.0,6.1,14.0,149.0,46.35,35.62
2016,4,22,6,45,492.0,70.5,6.2,14.0,200.0,51.0,40.01
2016,4,22,7,0,566.0,78.0,6.3,14.0,251.0,87.7,51.07
2016,4,22,7,15,371.0,121.5,6.4,14.0,243.5,134.34,92.46
2016,4,22,7,30,176.0,165.0,6.5,14.0,236.0,169.31,129.6
2016,4,22,7,45,175.5,189.0,6.6,14.0,268.0,200.38,155.78
2016,4,22,8,0,175.0,213.0,6.7,14.0,300.0,231.57,182.21
2016,4,22,8,15,99.5,215.0,6.8,14.0,266.0,225.84,180.05
2016,4,22,8,30,24.0,217.0,6.9,14.0,232.0,211.93,170.0
2016,4,22,8,45,12.0,158.0,7.05,14.5,165.5,155.75,123.62
2016,4,22,9,0,0.0,99.0,7.2,15.0,99.0,95.75,73.91
2016,4,22,9,15,41.5,216.5,7.3,15.0,247.0,223.59,178.31
2016,4,22,9,30,83.0,334.0,7.4,15.0,395.0,354.16,282.61
2016,4,22,9,45,157.0,356.5,7.5,15.0,478.0,420.47,335.72
2016,4,22,10,0,231.0,379.0,7.6,15.0,561.0,496.59,396.39
2016,4,22,10,15,144.5,378.5,7.75,15.0,494.0,449.99,358.38
2016,4,22,10,30,58.0,378.0,7.9,15.0,427.0,398.24,315.73
2016,4,22,10,45,51.5,379.5,8.05,15.0,424.0,398.91,316.02
2016,4,22,11,0,45.0,381.0,8.2,15.0,421.0,398.95,315.75
2016,4,22,11,15,32.5,351.0,8.25,14.5,380.5,363.72,288.25
2016,4,22,11,30,20.0,321.0,8.3,14.0,340.0,326.59,259.05
2016,4,22,11,45,10.0,202.5,8.4,14.0,212.0,204.69,161.65
2016,4,22,12,0,0.0,84.0,8.5,14.0,84.0,81.45,61.36
2016,4,22,12,15,158.0,257.5,8.4,14.0,400.0,397.92,321.89
2016,4,22,12,30,316.0,431.0,8.3,14.0,716.0,717.46,571.76
2016,4,22,12,45,378.5,398.5,8.25,14.0,736.5,748.88,597.34
2016,4,22,13,0,441.0,366.0,8.2,14.0,757.0,783.91,626.29
2016,4,22,13,15,652.0,254.5,8.05,14.0,819.5,871.91,700.19
2016,4,22,13,30,863.0,143.0,7.9,14.0,882.0,951.39,760.52
2016,4,22,13,45,664.0,229.5,7.8,14.0,789.0,860.73,692.57
2016,4,22,14,0,465.0,316.0,7.7,14.0,696.0,764.92,614.19
2016,4,22,14,15,648.0,227.5,7.65,14.0,734.0,837.69,676.55
2016,4,22,14,30,831.0,139.0,7.6,14.0,772.0,896.44,722.37
2016,4,22,14,45,834.5,129.5,7.6,14.0,738.5,876.93,708.77
2016,4,22,15,0,838.0,120.0,7.6,14.0,705.0,854.41,693.23
2016,4,22,15,15,670.0,164.5,7.55,13.5,614.0,749.11,614.83
2016,4,22,15,30,502.0,209.0,7.5,13.0,523.0,643.08,530.42
2016,4,22,15,45,646.0,154.0,7.45,13.0,526.0,685.03,568.42
2016,4,22,16,0,790.0,99.0,7.4,13.0,529.0,708.75,589.56
2016,4,22,16,15,763.5,95.0,7.2,13.0,477.5,659.46,551.63
2016,4,22,16,30,737.0,91.0,7.0,13.0,426.0,612.63,514.25
2016,4,22,16,45,697.0,87.0,6.85,13.0,372.5,555.07,467.05
2016,4,22,17,0,657.0,83.0,6.7,13.0,319.0,499.1,420.14
2016,4,22,17,15,603.0,76.0,6.45,12.5,266.0,433.9,365.07
2016,4,22,17,30,549.0,69.0,6.2,12.0,213.0,372.21,311.41
2016,4,22,17,45,457.0,61.0,5.95,12.0,162.5,295.78,243.68
2016,4,22,18,0,365.0,53.0,5.7,12.0,112.0,226.37,181.2
2016,4,22,18,15,241.0,39.0,5.5,11.5,72.0,148.98,112.27
2016,4,22,18,30,117.0,25.0,5.3,11.0,32.0,77.83,30.64
2016,4,22,18,45,58.5,12.5,5.15,11.0,16.0,27.94,0.0
2016,4,22,19,0,0.0,0.0,5.0,11.0,0.0,0.0,0.0
2016,4,22,19,15,0.0,0.0,4.85,11.0,0.0,0.0,0.0
2016,4,22,19,30,0.0,0.0,4.7,11.0,0.0,0.0,0.0
2016,4,22,19,45,0.0,0.0,4.55,11.0,0.0,0.0,0.0
2016,4,22,20,0,0.0,0.0,4.4,11.0,0.0,0.0,0.0
2016,4,22,20,15,0.0,0.0,4.3,10.5,0.0,0.0,0.0
2016,4,22,20,30,0.0,0.0,4.2,10.0,0.0,0.0,0.0
2016,4,22,20,45,0.0,0.0,4.1,10.0,0.0,0.0,0.0
2016,4,22,21,0,0.0,0.0,4.0,10.0,0.0,0.0,0.0
2016,4,22,21,15,0.0,0.0,3.9,10.0,0.0,0.0,0.0
2016,4,22,21,30,0.0,0.0,3.8,10.0,0.0,0.0,0.0
2016,4,22,21,45,0.0,0.0,3.75,10.0,0.0,0.0,0.0
2016,4,22,22,0,0.0,0.0,3.7,10.0,0.0,0.0,0.0
2016,4,22,22,15,0.0,0.0,3.65,10.0,0.0,0.0,0.0
2016,4,22,22,30,0.0,0.0,3.6,10.0,0.0,0.0,0.0
2016,4,22,22,45,0.0,0.0,3.55,10.0,0.0,0.0,0.0
2016,4,22,23,0,0.0,0.0,3.5,10.0,0.0,0.0,0.0
2016,4,22,23,15,0.0,0.0,3.5,10.0,0.0,0.0,0.0
2016,4,22,23,30,0.0,0.0,3.5,10.0,0.0,0.0,0.0
2016,4,22,23,45,0.0,0.0,3.5,10.0,0.0,0.0,0.0
2016,4,23,0,0,0.0,0.0,3.5,10.0,0.0,0.0,0.0
2016,4,23,0,15,0.0,0.0,3.45,10.0,0.0,0.0,0.0
2016,4,23,0,30,0.0,0.0,3.4,10.0,0.0,0.0,0.0
2016,4,23,0,45,0.0,0.0,3.35,10.0,0.0,0.0,0.0
2016,4,23,1,0,0.0,0.0,3.3,10.0,0.0,0.0,0.0
2016,4,23,1,15,0.0,0.0,3.25,10.0,0.0,0.0,0.0
2016,4,23,1,30,0.0,0.0,3.2,10.0,0.0,0.0,0.0
2016,4,23,1,45,0.0,0.0,3.15,10.0,0.0,0.0,0.0
2016,4,23,2,0,0.0,0.0,3.1,10.0,0.0,0.0,0.0
2016,4,23,2,15,0.0,0.0,3.05,10.0,0.0,0.0,0.0
2016,4,23,2,30,0.0,0.0,3.0,10.0,0.0,0.0,0.0
2016,4,23,2,45,0.0,0.0,2.95,10.0,0.0,0.0,0.0
2016,4,23,3,0,0.0,0.0,2.9,10.0,0.0,0.0,0.0
2016,4,23,3,15,0.0,0.0,2.95,10.0,0.0,0.0,0.0
2016,4,23,3,30,0.0,0.0,3.0,10.0,0.0,0.0,0.0
2016,4,23,3,45,0.0,0.0,3.05,10.0,0.0,0.0,0.0
2016,4,23,4,0,0.0,0.0,3.1,10.0,0.0,0.0,0.0
2016,4,23,4,15,0.0,0.0,3.15,10.0,0.0,0.0,0.0
2016,4,23,4,30,0.0,0.0,3.2,10.0,0.0,0.0,0.0
2016,4,23,4,45,0.0,0.0,3.3,10.0,0.0,0.0,0.0
2016,4,23,5,0,0.0,0.0,3.4,10.0,0.0,0.0,0.0
2016,4,23,5,15,0.0,0.0,3.55,10.5,0.0,0.0,0.0
2016,4,23,5,30,0.0,0.0,3.7,11.0,0.0,0.0,0.0
2016,4,23,5,45,141.0,18.5,3.85,11.5,33.5,14.24,1.67
2016,4,23,6,0,282.0,37.0,4.0,12.0,67.0,28.9,19.13
2016,4,23,6,15,380.0,48.0,4.05,12.0,113.0,35.86,26.16
2016,4,23,6,30,478.0,59.0,4.1,12.0,159.0,42.37,32.41
2016,4,23,6,45,540.0,67.0,4.2,12.5,210.0,50.41,39.76
2016,4,23,7,0,602.0,75.0,4.3,13.0,261.0,89.62,50.89
2016,4,23,7,15,645.5,81.0,4.2,13.0,314.0,131.7,78.45
2016,4,23,7,30,689.0,87.0,4.1,13.0,367.0,178.38,115.27
2016,4,23,7,45,718.0,92.5,4.1,13.0,418.5,226.0,156.59
2016,4,23,8,0,747.0,98.0,4.1,13.0,470.0,276.39,201.61
2016,4,23,8,15,770.0,102.0,4.1,13.0,519.5,329.34,249.14
2016,4,23,8,30,793.0,106.0,4.1,13.0,569.0,380.68,294.94
2016,4,23,8,45,807.0,110.5,4.2,13.5,614.0,430.29,338.25
2016,4,23,9,0,821.0,115.0,4.3,14.0,659.0,480.35,380.82
2016,4,23,9,15,834.0,117.5,4.3,14.0,699.5,528.32,421.25
2016,4,23,9,30,847.0,120.0,4.3,14.0,740.0,576.2,460.63
2016,4,23,9,45,866.5,116.5,4.35,14.5,777.0,624.56,498.81
2016,4,23,10,0,886.0,113.0,4.4,15.0,814.0,670.06,534.03
2016,4,23,10,15,669.0,223.0,4.4,15.0,763.0,657.5,521.18
2016,4,23,10,30,452.0,333.0,4.4,15.0,712.0,631.94,497.51
2016,4,23,10,45,451.5,343.5,4.45,15.5,730.0,659.99,517.78
2016,4,23,11,0,451.0,354.0,4.5,16.0,748.0,687.08,536.8
2016,4,23,11,15,681.0,238.0,4.4,16.0,844.0,778.97,610.13
2016,4,23,11,30,911.0,122.0,4.3,16.0,940.0,877.34,680.86
2016,4,23,11,45,640.0,267.0,4.25,16.0,843.5,810.84,630.01
2016,4,23,12,0,369.0,412.0,4.2,16.0,747.0,728.79,562.53
2016,4,23,12,15,416.0,390.0,4.25,16.0,767.5,761.17,588.25
2016,4,23,12,30,463.0,368.0,4.3,16.0,788.0,791.83,612.12
2016,4,23,12,45,477.0,350.5,4.35,16.0,779.0,795.84,616.13
2016,4,23,13,0,491.0,333.0,4.4,16.0,770.0,798.03,619.09
2016,4,23,13,15,490.5,326.0,4.55,16.0,755.0,795.5,618.73
2016,4,23,13,30,490.0,319.0,4.7,16.0,740.0,791.06,617.03
2016,4,23,13,45,679.0,223.0,4.9,16.0,788.5,869.32,681.21
2016,4,23,14,0,868.0,127.0,5.1,16.0,837.0,930.68,727.01
2016,4,23,14,15,859.0,125.5,5.2,16.0,805.0,913.58,716.07
2016,4,23,14,30,850.0,124.0,5.3,16.0,773.0,898.95,707.42
2016,4,23,14,45,833.0,124.0,5.45,16.0,734.0,871.39,689.63
2016,4,23,15,0,816.0,124.0,5.6,16.0,695.0,841.75,670.19
2016,4,23,15,15,799.5,121.0,5.6,15.5,652.0,807.36,647.58
2016,4,23,15,30,783.0,118.0,5.6,15.0,609.0,771.28,623.46
2016,4,23,15,45,759.0,115.5,5.65,15.0,561.5,728.46,592.94
2016,4,23,16,0,735.0,113.0,5.7,15.0,514.0,687.84,563.75
2016,4,23,16,15,707.0,108.0,5.65,14.5,463.5,638.33,527.38
2016,4,23,16,30,679.0,103.0,5.6,14.0,413.0,588.94,489.51
2016,4,23,16,45,631.5,99.5,5.6,14.0,360.5,529.26,441.46
2016,4,23,17,0,584.0,96.0,5.6,14.0,308.0,471.78,394.1
2016,4,23,17,15,530.5,87.5,5.5,13.5,256.5,408.03,341.03
2016,4,23,17,30,477.0,79.0,5.4,13.0,205.0,347.77,289.36
2016,4,23,17,45,393.5,68.5,5.35,13.0,157.0,274.31,225.05
2016,4,23,18,0,310.0,58.0,5.3,13.0,109.0,210.55,168.08
2016,4,23,18,15,204.5,41.5,5.2,12.5,70.0,139.25,104.98
2016,4,23,18,30,99.0,25.0,5.1,12.0,31.0,67.55,29.76
2016,4,23,18,45,49.5,12.5,5.05,12.0,15.5,25.64,0.0
2016,4,23,19,0,0.0,0.0,5.0,12.0,0.0,0.0,0.0
2016,4,23,19,15,0.0,0.0,4.9,12.0,0.0,0.0,0.0
2016,4,23,19,30,0.0,0.0,4.8,12.0,0.0,0.0,0.0
2016,4,23,19,45,0.0,0.0,4.7,12.0,0.0,0.0,0.0
2016,4,23,20,0,0.0,0.0,4.6,12.0,0.0,0.0,0.0
2016,4,23,20,15,0.0,0.0,4.5,12.0,0.0,0.0,0.0
2016,4,23,20,30,0.0,0.0,4.4,12.0,0.0,0.0,0.0
2016,4,23,20,45,0.0,0.0,4.3,12.0,0.0,0.0,0.0
2016,4,23,21,0,0.0,0.0,4.2,12.0,0.0,0.0,0.0
2016,4,23,21,15,0.0,0.0,4.15,11.5,0.0,0.0,0.0
2016,4,23,21,30,0.0,0.0,4.1,11.0,0.0,0.0,0.0
2016,4,23,21,45,0.0,0.0,4.05,11.0,0.0,0.0,0.0
2016,4,23,22,0,0.0,0.0,4.0,11.0,0.0,0.0,0.0
2016,4,23,22,15,0.0,0.0,3.9,11.0,0.0,0.0,0.0
2016,4,23,22,30,0.0,0.0,3.8,11.0,0.0,0.0,0.0
2016,4,23,22,45,0.0,0.0,3.75,11.0,0.0,0.0,0.0
2016,4,23,23,0,0.0,0.0,3.7,11.0,0.0,0.0,0.0
2016,4,23,23,15,0.0,0.0,3.75,11.0,0.0,0.0,0.0
2016,4,23,23,30,0.0,0.0,3.8,11.0,0.0,0.0,0.0
2016,4,23,23,45,0.0,0.0,3.85,11.0,0.0,0.0,0.0
2016,4,24,0,0,0.0,0.0,3.9,11.0,0.0,0.0,0.0
2016,4,24,0,15,0.0,0.0,4.0,11.0,0.0,0.0,0.0
2016,4,24,0,30,0.0,0.0,4.1,11.0,0.0,0.0,0.0
2016,4,24,0,45,0.0,0.0,4.2,11.0,0.0,0.0,0.0
2016,4,24,1,0,0.0,0.0,4.3,11.0,0.0,0.0,0.0
2016,4,24,1,15,0.0,0.0,4.35,11.0,0.0,0.0,0.0
2016,4,24,1,30,0.0,0.0,4.4,11.0,0.0,0.0,0.0
2016,4,24,1,45,0.0,0.0,4.5,11.0,0.0,0.0,0.0
2016,4,24,2,0,0.0,0.0,4.6,11.0,0.0,0.0,0.0
2016,4,24,2,15,0.0,0.0,4.6,11.0,0.0,0.0,0.0
2016,4,24,2,30,0.0,0.0,4.6,11.0,0.0,0.0,0.0
2016,4,24,2,45,0.0,0.0,4.65,11.0,0.0,0.0,0.0
2016,4,24,3,0,0.0,0.0,4.7,11.0,0.0,0.0,0.0
2016,4,24,3,15,0.0,0.0,4.8,10.5,0.0,0.0,0.0
2016,4,24,3,30,0.0,0.0,4.9,10.0,0.0,0.0,0.0
2016,4,24,3,45,0.0,0.0,5.05,10.0,0.0,0.0,0.0
2016,4,24,4,0,0.0,0.0,5.2,10.0,0.0,0.0,0.0
2016,4,24,4,15,0.0,0.0,5.35,10.0,0.0,0.0,0.0
2016,4,24,4,30,0.0,0.0,5.5,10.0,0.0,0.0,0.0
2016,4,24,4,45,0.0,0.0,5.65,10.5,0.0,0.0,0.0
2016,4,24,5,0,0.0,0.0,5.8,11.0,0.0,0.0,0.0
2016,4,24,5,15,0.0,0.0,6.0,11.0,0.0,0.0,0.0
2016,4,24,5,30,0.0,0.0,6.2,11.0,0.0,0.0,0.0
2016,4,24,5,45,82.5,23.0,6.45,11.5,32.5,19.33,5.9
2016,4,24,6,0,165.0,46.0,6.7,12.0,65.0,37.44,26.57
2016,4,24,6,15,255.5,63.0,6.7,12.0,109.5,47.72,36.67
2016,4,24,6,30,346.0,80.0,6.7,12.0,154.0,59.18,47.43
2016,4,24,6,45,428.0,89.5,6.7,12.0,206.5,70.13,50.81
2016,4,24,7,0,510.0,99.0,6.7,12.0,259.0,106.96,68.34
2016,4,24,7,15,388.0,129.0,6.65,12.0,263.5,145.67,101.74
2016,4,24,7,30,266.0,159.0,6.6,12.0,268.0,176.67,132.91
2016,4,24,7,45,489.0,138.0,6.6,12.5,371.5,218.96,160.52
2016,4,24,8,0,712.0,117.0,6.6,13.0,475.0,286.23,212.16
2016,4,24,8,15,737.5,122.0,6.6,13.0,525.0,336.01,257.26
2016,4,24,8,30,763.0,127.0,6.6,13.0,575.0,387.86,303.79
2016,4,24,8,45,792.5,126.0,6.6,13.5,623.5,441.1,350.16
2016,4,24,9,0,822.0,125.0,6.6,14.0,672.0,492.69,394.34
2016,4,24,9,15,836.0,127.5,6.55,14.5,713.5,541.22,435.02
2016,4,24,9,30,850.0,130.0,6.5,15.0,755.0,589.76,474.63
2016,4,24,9,45,865.5,129.5,6.5,15.5,791.5,636.2,511.8
2016,4,24,10,0,881.0,129.0,6.5,16.0,828.0,684.1,549.15
2016,4,24,10,15,888.0,131.0,6.55,16.0,857.0,725.68,582.08
2016,4,24,10,30,895.0,133.0,6.6,16.0,886.0,765.76,612.65
2016,4,24,10,45,898.5,135.0,6.7,16.0,907.0,801.55,639.08
2016,4,24,11,0,902.0,137.0,6.8,16.0,928.0,835.28,663.93
2016,4,24,11,15,905.0,138.0,7.05,16.0,941.5,865.49,686.73
2016,4,24,11,30,908.0,139.0,7.3,16.0,955.0,893.32,707.84
2016,4,24,11,45,902.0,143.5,7.55,16.0,959.0,914.31,723.97
2016,4,24,12,0,896.0,148.0,7.8,16.0,963.0,932.4,738.08
2016,4,24,12,15,895.0,148.0,8.0,16.0,961.0,947.69,750.06
2016,4,24,12,30,894.0,148.0,8.2,16.0,959.0,960.13,760.07
2016,4,24,12,45,713.0,245.5,8.45,16.0,888.0,909.25,723.39
2016,4,24,13,0,532.0,343.0,8.7,16.0,817.0,847.01,672.26
2016,4,24,13,15,544.0,329.0,8.85,15.5,805.5,849.18,676.83
2016,4,24,13,30,556.0,315.0,9.0,15.0,794.0,849.16,679.66
2016,4,24,13,45,567.0,297.5,9.15,15.0,774.5,842.31,676.19
2016,4,24,14,0,578.0,280.0,9.3,15.0,755.0,833.0,670.92
2016,4,24,14,15,668.5,234.0,9.35,14.5,762.5,865.74,701.14
2016,4,24,14,30,759.0,188.0,9.4,14.0,770.0,891.32,723.8
2016,4,24,14,45,740.0,187.0,9.5,14.0,731.5,862.8,703.41
2016,4,24,15,0,721.0,186.0,9.6,14.0,693.0,832.46,681.71
2016,4,24,15,15,702.5,180.5,9.6,14.0,649.5,796.14,655.03
2016,4,24,15,30,684.0,175.0,9.6,14.0,606.0,758.41,626.75
2016,4,24,15,45,677.0,162.0,9.65,14.0,561.5,720.44,598.2
2016,4,24,16,0,670.0,149.0,9.7,14.0,517.0,680.79,567.91
2016,4,24,16,15,639.0,142.5,9.75,13.5,466.0,629.53,528.26
2016,4,24,16,30,608.0,136.0,9.8,13.0,415.0,578.62,488.07
2016,4,24,16,45,579.5,124.0,9.85,13.0,364.0,524.16,443.37
2016,4,24,17,0,551.0,112.0,9.9,13.0,313.0,468.25,396.54
2016,4,24,17,15,495.5,101.5,9.9,12.5,261.0,403.15,341.23
2016,4,24,17,30,440.0,91.0,9.9,12.0,209.0,342.04,287.94
2016,4,24,17,45,364.0,77.5,9.9,12.0,160.5,272.29,225.79
2016,4,24,18,0,288.0,64.0,9.9,12.0,112.0,209.31,168.82
2016,4,24,18,15,189.0,45.0,9.9,11.5,72.0,138.33,105.53
2016,4,24,18,30,90.0,26.0,9.9,11.0,32.0,66.55,32.69
2016,4,24,18,45,45.0,13.0,9.95,11.0,16.0,25.02,0.0
2016,4,24,19,0,0.0,0.0,10.0,11.0,0.0,0.0,0.0
2016,4,24,19,15,0.0,0.0,9.95,11.0,0.0,0.0,0.0
2016,4,24,19,30,0.0,0.0,9.9,11.0,0.0,0.0,0.0
2016,4,24,19,45,0.0,0.0,9.9,11.0,0.0,0.0,0.0
2016,4,24,20,0,0.0,0.0,9.9,11.0,0.0,0.0,0.0
2016,4,24,20,15,0.0,0.0,9.8,10.5,0.0,0.0,0.0
2016,4,24,20,30,0.0,0.0,9.7,10.0,0.0,0.0,0.0
2016,4,24,20,45,0.0,0.0,9.6,10.0,0.0,0.0,0.0
2016,4,24,21,0,0.0,0.0,9.5,10.0,0.0,0.0,0.0
2016,4,24,21,15,0.0,0.0,9.35,10.0,0.0,0.0,0.0
2016,4,24,21,30,0.0,0.0,9.2,10.0,0.0,0.0,0.0
2016,4,24,21,45,0.0,0.0,9.05,10.0,0.0,0.0,0.0
2016,4,24,22,0,0.0,0.0,8.9,10.0,0.0,0.0,0.0
2016,4,24,22,15,0.0,0.0,8.8,9.5,0.0,0.0,0.0
2016,4,24,22,30,0.0,0.0,8.7,9.0,0.0,0.0,0.0
2016,4,24,22,45,0.0,0.0,8.6,9.0,0.0,0.0,0.0
2016,4,24,23,0,0.0,0.0,8.5,9.0,0.0,0.0,0.0
2016,4,24,23,15,0.0,0.0,8.45,9.0,0.0,0.0,0.0
2016,4,24,23,30,0.0,0.0,8.4,9.0,0.0,0.0,0.0
2016,4,24,23,45,0.0,0.0,8.35,9.0,0.0,0.0,0.0
2016,4,25,0,0,0.0,0.0,8.3,9.0,0.0,0.0,0.0
2016,4,25,0,15,0.0,0.0,8.15,9.0,0.0,0.0,0.0
2016,4,25,0,30,0.0,0.0,8.0,9.0,0.0,0.0,0.0
2016,4,25,0,45,0.0,0.0,7.9,9.0,0.0,0.0,0.0
2016,4,25,1,0,0.0,0.0,7.8,9.0,0.0,0.0,0.0
2016,4,25,1,15,0.0,0.0,7.65,9.0,0.0,0.0,0.0
2016,4,25,1,30,0.0,0.0,7.5,9.0,0.0,0.0,0.0
2016,4,25,1,45,0.0,0.0,7.35,9.0,0.0,0.0,0.0
2016,4,25,2,0,0.0,0.0,7.2,9.0,0.0,0.0,0.0
2016,4,25,2,15,0.0,0.0,7.0,8.5,0.0,0.0,0.0
2016,4,25,2,30,0.0,0.0,6.8,8.0,0.0,0.0,0.0
2016,4,25,2,45,0.0,0.0,6.65,8.0,0.0,0.0,0.0
2016,4,25,3,0,0.0,0.0,6.5,8.0,0.0,0.0,0.0
2016,4,25,3,15,0.0,0.0,6.35,8.0,0.0,0.0,0.0
2016,4,25,3,30,0.0,0.0,6.2,8.0,0.0,0.0,0.0
2016,4,25,3,45,0.0,0.0,6.05,8.0,0.0,0.0,0.0
2016,4,25,4,0,0.0,0.0,5.9,8.0,0.0,0.0,0.0
2016,4,25,4,15,0.0,0.0,5.8,8.0,0.0,0.0,0.0
2016,4,25,4,30,0.0,0.0,5.7,8.0,0.0,0.0,0.0
2016,4,25,4,45,0.0,0.0,5.6,8.0,0.0,0.0,0.0
2016,4,25,5,0,0.0,0.0,5.5,8.0,0.0,0.0,0.0
2016,4,25,5,15,0.0,0.0,5.6,8.0,0.0,0.0,0.0
2016,4,25,5,30,0.0,0.0,5.7,8.0,0.0,0.0,0.0
2016,4,25,5,45,196.0,17.0,5.8,8.5,40.0,12.32,2.58
2016,4,25,6,0,392.0,34.0,5.9,9.0,80.0,25.51,16.65
2016,4,25,6,15,485.0,43.0,6.0,9.5,129.0,30.82,22.0
2016,4,25,6,30,578.0,52.0,6.1,10.0,178.0,35.8,26.77
2016,4,25,6,45,638.0,58.0,6.2,10.5,231.5,48.97,29.11
2016,4,25,7,0,698.0,64.0,6.3,11.0,285.0,95.18,51.16
2016,4,25,7,15,737.5,68.5,6.3,11.0,340.0,140.47,82.22
2016,4,25,7,30,777.0,73.0,6.3,11.0,395.0,189.94,122.71
2016,4,25,7,45,805.0,77.0,6.3,11.5,448.5,240.44,167.51
2016,4,25,8,0,833.0,81.0,6.3,12.0,502.0,293.57,215.77
2016,4,25,8,15,854.0,84.5,6.2,12.0,553.0,346.4,264.5
2016,4,25,8,30,875.0,88.0,6.1,12.0,604.0,404.73,317.1
2016,4,25,8,45,890.0,90.5,6.05,12.5,651.5,456.67,363.11
2016,4,25,9,0,905.0,93.0,6.0,13.0,699.0,508.95,408.18
2016,4,25,9,15,917.0,95.0,6.0,13.0,740.5,559.37,451.47
2016,4,25,9,30,929.0,97.0,6.0,13.0,782.0,609.41,493.45
2016,4,25,9,45,936.0,99.5,6.05,13.5,817.5,656.28,531.14
2016,4,25,10,0,943.0,102.0,6.1,14.0,853.0,701.92,566.96
2016,4,25,10,15,949.0,103.5,6.15,14.0,882.0,744.51,600.44
2016,4,25,10,30,955.0,105.0,6.2,14.0,911.0,785.4,630.63
2016,4,25,10,45,958.5,106.5,6.3,14.5,932.5,822.51,656.8
2016,4,25,11,0,962.0,108.0,6.4,15.0,954.0,857.4,681.17
2016,4,25,11,15,964.5,108.5,6.45,15.0,967.5,888.15,703.49
2016,4,25,11,30,967.0,109.0,6.5,15.0,981.0,916.34,723.93
2016,4,25,11,45,965.0,110.5,6.6,15.0,986.0,938.93,740.57
2016,4,25,12,0,963.0,112.0,6.7,15.0,991.0,958.56,755.15
2016,4,25,12,15,726.0,240.0,6.75,15.0,902.0,894.36,708.24
2016,4,25,12,30,489.0,368.0,6.8,15.0,813.0,817.71,644.81
2016,4,25,12,45,717.5,242.5,6.85,15.0,887.5,912.02,722.66
2016,4,25,13,0,946.0,117.0,6.9,15.0,962.0,996.98,785.02
2016,4,25,13,15,942.0,116.5,6.95,15.0,944.0,997.1,785.51
2016,4,25,13,30,938.0,116.0,7.0,15.0,926.0,994.05,784.22
2016,4,25,13,45,711.5,214.0,7.05,15.5,818.5,892.96,709.53
2016,4,25,14,0,485.0,312.0,7.1,16.0,711.0,782.17,621.1
2016,4,25,14,15,511.5,288.5,7.15,15.5,695.0,779.4,622.67
2016,4,25,14,30,538.0,265.0,7.2,15.0,679.0,773.79,621.78
2016,4,25,14,45,710.5,186.0,7.25,15.0,704.5,837.36,675.13
2016,4,25,15,0,883.0,107.0,7.3,15.0,730.0,878.8,707.82
2016,4,25,15,15,868.0,104.5,7.35,15.0,685.5,849.48,687.31
2016,4,25,15,30,853.0,102.0,7.4,15.0,641.0,813.3,661.74
2016,4,25,15,45,832.5,99.0,7.45,15.0,592.0,770.56,630.91
2016,4,25,16,0,812.0,96.0,7.5,15.0,543.0,726.69,598.88
2016,4,25,16,15,786.0,92.0,7.5,14.5,491.0,676.88,562.7
2016,4,25,16,30,760.0,88.0,7.5,14.0,439.0,626.87,525.05
2016,4,25,16,45,722.5,84.0,7.5,14.0,385.0,572.18,480.55
2016,4,25,17,0,685.0,80.0,7.5,14.0,331.0,516.51,434.25
2016,4,25,17,15,634.5,73.5,7.35,13.5,277.5,452.38,380.36
2016,4,25,17,30,584.0,67.0,7.2,13.0,224.0,391.44,327.55
2016,4,25,17,45,503.5,59.0,7.1,12.5,173.0,318.33,263.18
2016,4,25,18,0,423.0,51.0,7.0,12.0,122.0,251.86,203.19
2016,4,25,18,15,304.0,38.0,6.75,11.5,80.0,173.05,132.64
2016,4,25,18,30,185.0,25.0,6.5,11.0,38.0,101.85,56.16
2016,4,25,18,45,92.5,12.5,6.3,11.0,19.0,37.65,0.0
2016,4,25,19,0,0.0,0.0,6.1,11.0,0.0,0.0,0.0
2016,4,25,19,15,0.0,0.0,5.85,10.5,0.0,0.0,0.0
2016,4,25,19,30,0.0,0.0,5.6,10.0,0.0,0.0,0.0
2016,4,25,19,45,0.0,0.0,5.4,10.0,0.0,0.0,0.0
2016,4,25,20,0,0.0,0.0,5.2,10.0,0.0,0.0,0.0
2016,4,25,20,15,0.0,0.0,5.15,10.0,0.0,0.0,0.0
2016,4,25,20,30,0.0,0.0,5.1,10.0,0.0,0.0,0.0
2016,4,25,20,45,0.0,0.0,5.05,10.0,0.0,0.0,0.0
2016,4,25,21,0,0.0,0.0,5.0,10.0,0.0,0.0,0.0
2016,4,25,21,15,0.0,0.0,4.95,10.0,0.0,0.0,0.0
2016,4,25,21,30,0.0,0.0,4.9,10.0,0.0,0.0,0.0
2016,4,25,21,45,0.0,0.0,4.9,10.0,0.0,0.0,0.0
2016,4,25,22,0,0.0,0.0,4.9,10.0,0.0,0.0,0.0
2016,4,25,22,15,0.0,0.0,4.9,9.5,0.0,0.0,0.0
2016,4,25,22,30,0.0,0.0,4.9,9.0,0.0,0.0,0.0
2016,4,25,22,45,0.0,0.0,4.95,9.0,0.0,0.0,0.0
2016,4,25,23,0,0.0,0.0,5.0,9.0,0.0,0.0,0.0
2016,4,25,23,15,0.0,0.0,5.0,9.0,0.0,0.0,0.0
2016,4,25,23,30,0.0,0.0,5.0,9.0,0.0,0.0,0.0
2016,4,25,23,45,0.0,0.0,5.0,9.0,0.0,0.0,0.0
2016,4,26,0,0,0.0,0.0,5.0,9.0,0.0,0.0,0.0
2016,4,26,0,15,0.0,0.0,4.9,9.0,0.0,0.0,0.0
2016,4,26,0,30,0.0,0.0,4.8,9.0,0.0,0.0,0.0
2016,4,26,0,45,0.0,0.0,4.7,9.0,0.0,0.0,0.0
2016,4,26,1,0,0.0,0.0,4.6,9.0,0.0,0.0,0.0
2016,4,26,1,15,0.0,0.0,4.45,9.0,0.0,0.0,0.0
2016,4,26,1,30,0.0,0.0,4.3,9.0,0.0,0.0,0.0
2016,4,26,1,45,0.0,0.0,4.15,9.0,0.0,0.0,0.0
2016,4,26,2,0,0.0,0.0,4.0,9.0,0.0,0.0,0.0
2016,4,26,2,15,0.0,0.0,3.95,8.5,0.0,0.0,0.0
2016,4,26,2,30,0.0,0.0,3.9,8.0,0.0,0.0,0.0
2016,4,26,2,45,0.0,0.0,3.85,8.0,0.0,0.0,0.0
2016,4,26,3,0,0.0,0.0,3.8,8.0,0.0,0.0,0.0
2016,4,26,3,15,0.0,0.0,3.75,8.0,0.0,0.0,0.0
2016,4,26,3,30,0.0,0.0,3.7,8.0,0.0,0.0,0.0
2016,4,26,3,45,0.0,0.0,3.7,8.0,0.0,0.0,0.0
2016,4,26,4,0,0.0,0.0,3.7,8.0,0.0,0.0,0.0
2016,4,26,4,15,0.0,0.0,3.65,8.0,0.0,0.0,0.0
2016,4,26,4,30,0.0,0.0,3.6,8.0,0.0,0.0,0.0
2016,4,26,4,45,0.0,0.0,3.55,8.0,0.0,0.0,0.0
2016,4,26,5,0,0.0,0.0,3.5,8.0,0.0,0.0,0.0
2016,4,26,5,15,0.0,4.0,3.5,8.5,4.0,0.0,0.0
2016,4,26,5,30,0.0,8.0,3.5,9.0,8.0,7.86,0.0
2016,4,26,5,45,62.5,26.0,3.55,9.5,33.5,21.74,9.85
2016,4,26,6,0,125.0,44.0,3.6,10.0,59.0,35.96,25.79
2016,4,26,6,15,170.0,63.5,3.65,10.0,94.5,50.78,39.84
2016,4,26,6,30,215.0,83.0,3.7,10.0,130.0,65.05,53.16
2016,4,26,6,45,239.0,103.5,3.8,10.5,169.0,85.68,64.75
2016,4,26,7,0,263.0,124.0,3.9,11.0,208.0,118.29,86.16
2016,4,26,7,15,295.5,138.5,3.9,11.5,249.0,149.99,109.21
2016,4,26,7,30,328.0,153.0,3.9,12.0,290.0,185.0,136.87
2016,4,26,7,45,479.5,136.0,3.9,12.5,365.5,218.95,160.56
2016,4,26,8,0,631.0,119.0,3.9,13.0,441.0,270.89,201.47
2016,4,26,8,15,574.5,154.0,3.8,13.0,469.0,316.54,243.63
2016,4,26,8,30,518.0,189.0,3.7,13.0,497.0,356.47,279.58
2016,4,26,8,45,454.0,230.0,3.6,13.0,515.0,392.17,310.54
2016,4,26,9,0,390.0,271.0,3.5,13.0,533.0,425.24,337.83
2016,4,26,9,15,382.0,292.5,3.45,13.0,562.0,460.27,365.85
2016,4,26,9,30,374.0,314.0,3.4,13.0,591.0,494.26,392.4
2016,4,26,9,45,427.0,307.0,3.4,13.5,637.5,535.89,424.67
2016,4,26,10,0,480.0,300.0,3.4,14.0,684.0,584.05,461.39
2016,4,26,10,15,444.5,328.5,3.55,14.0,693.5,607.12,478.31
2016,4,26,10,30,409.0,357.0,3.7,14.0,703.0,626.95,492.6
2016,4,26,10,45,430.5,357.5,3.9,14.0,729.5,660.98,518.87
2016,4,26,11,0,452.0,358.0,4.1,14.0,756.0,695.39,545.2
2016,4,26,11,15,312.5,407.5,4.3,14.0,685.0,645.28,505.04
2016,4,26,11,30,173.0,457.0,4.5,14.0,614.0,586.61,457.93
2016,4,26,11,45,233.0,450.0,4.75,14.5,663.0,638.9,498.89
2016,4,26,12,0,293.0,443.0,5.0,15.0,712.0,694.81,541.71
2016,4,26,12,15,316.0,435.0,5.15,15.0,724.0,716.45,558.86
2016,4,26,12,30,339.0,427.0,5.3,15.0,736.0,737.56,575.84
2016,4,26,12,45,581.5,301.5,5.5,15.0,824.5,846.51,665.19
2016,4,26,13,0,824.0,176.0,5.7,15.0,913.0,949.9,744.53
2016,4,26,13,15,649.0,258.5,5.8,15.0,832.5,878.98,692.61
2016,4,26,13,30,474.0,341.0,5.9,15.0,752.0,801.83,631.53
2016,4,26,13,45,533.0,308.5,6.05,15.0,758.0,824.57,652.01
2016,4,26,14,0,592.0,276.0,6.2,15.0,764.0,844.08,669.75
2016,4,26,14,15,699.5,213.0,6.2,15.0,768.0,874.88,696.22
2016,4,26,14,30,807.0,150.0,6.2,15.0,772.0,893.43,710.95
2016,4,26,14,45,683.5,187.5,6.25,15.0,696.5,816.63,655.18
2016,4,26,15,0,560.0,225.0,6.3,15.0,621.0,735.34,592.97
2016,4,26,15,15,518.5,223.5,6.3,14.5,573.0,687.97,558.35
2016,4,26,15,30,477.0,222.0,6.3,14.0,525.0,640.97,523.33
2016,4,26,15,45,600.0,171.5,6.3,14.0,522.5,673.07,552.78
2016,4,26,16,0,723.0,121.0,6.3,14.0,520.0,692.32,571.19
2016,4,26,16,15,694.5,115.5,6.3,13.5,469.5,642.16,533.7
2016,4,26,16,30,666.0,110.0,6.3,13.0,419.0,592.17,495.2
2016,4,26,16,45,631.0,103.0,6.35,13.0,368.0,536.78,450.57
2016,4,26,17,0,596.0,96.0,6.4,13.0,317.0,482.68,405.9
2016,4,26,17,15,544.0,88.0,6.35,12.5,265.5,419.55,353.09
2016,4,26,17,30,492.0,80.0,6.3,12.0,214.0,359.76,301.59
2016,4,26,17,45,413.5,69.5,6.3,12.0,165.5,287.17,237.64
2016,4,26,18,0,335.0,59.0,6.3,12.0,117.0,223.95,180.71
2016,4,26,18,15,231.5,43.5,6.2,11.5,77.0,152.61,117.26
2016,4,26,18,30,128.0,28.0,6.1,11.0,37.0,88.5,51.42
2016,4,26,18,45,64.0,14.0,6.0,11.0,18.5,31.45,0.0
2016,4,26,19,0,0.0,0.0,5.9,11.0,0.0,0.0,0.0
2016,4,26,19,15,0.0,0.0,5.8,11.0,0.0,0.0,0.0
2016,4,26,19,30,0.0,0.0,5.7,11.0,0.0,0.0,0.0
2016,4,26,19,45,0.0,0.0,5.65,11.0,0.0,0.0,0.0
2016,4,26,20,0,0.0,0.0,5.6,11.0,0.0,0.0,0.0
2016,4,26,20,15,0.0,0.0,5.5,11.0,0.0,0.0,0.0
2016,4,26,20,30,0.0,0.0,5.4,11.0,0.0,0.0,0.0
2016,4,26,20,45,0.0,0.0,5.35,11.0,0.0,0.0,0.0
2016,4,26,21,0,0.0,0.0,5.3,11.0,0.0,0.0,0.0
2016,4,26,21,15,0.0,0.0,5.15,11.0,0.0,0.0,0.0
2016,4,26,21,30,0.0,0.0,5.0,11.0,0.0,0.0,0.0
2016,4,26,21,45,0.0,0.0,4.9,11.0,0.0,0.0,0.0
2016,4,26,22,0,0.0,0.0,4.8,11.0,0.0,0.0,0.0
2016,4,26,22,15,0.0,0.0,4.65,11.0,0.0,0.0,0.0
2016,4,26,22,30,0.0,0.0,4.5,11.0,0.0,0.0,0.0
2016,4,26,22,45,0.0,0.0,4.4,11.0,0.0,0.0,0.0
2016,4,26,23,0,0.0,0.0,4.3,11.0,0.0,0.0,0.0
2016,4,26,23,15,0.0,0.0,4.15,10.5,0.0,0.0,0.0
2016,4,26,23,30,0.0,0.0,4.0,10.0,0.0,0.0,0.0
2016,4,26,23,45,0.0,0.0,3.85,10.0,0.0,0.0,0.0
2016,4,27,0,0,0.0,0.0,3.7,10.0,0.0,0.0,0.0
2016,4,27,0,15,0.0,0.0,3.6,10.0,0.0,0.0,0.0
2016,4,27,0,30,0.0,0.0,3.5,10.0,0.0,0.0,0.0
2016,4,27,0,45,0.0,0.0,3.45,10.0,0.0,0.0,0.0
2016,4,27,1,0,0.0,0.0,3.4,10.0,0.0,0.0,0.0
2016,4,27,1,15,0.0,0.0,3.4,10.0,0.0,0.0,0.0
2016,4,27,1,30,0.0,0.0,3.4,10.0,0.0,0.0,0.0
2016,4,27,1,45,0.0,0.0,3.4,10.0,0.0,0.0,0.0
2016,4,27,2,0,0.0,0.0,3.4,10.0,0.0,0.0,0.0
2016,4,27,2,15,0.0,0.0,3.35,10.0,0.0,0.0,0.0
2016,4,27,2,30,0.0,0.0,3.3,10.0,0.0,0.0,0.0
2016,4,27,2,45,0.0,0.0,3.25,10.0,0.0,0.0,0.0
2016,4,27,3,0,0.0,0.0,3.2,10.0,0.0,0.0,0.0
2016,4,27,3,15,0.0,0.0,3.1,10.0,0.0,0.0,0.0
2016,4,27,3,30,0.0,0.0,3.0,10.0,0.0,0.0,0.0
2016,4,27,3,45,0.0,0.0,2.9,10.0,0.0,0.0,0.0
2016,4,27,4,0,0.0,0.0,2.8,10.0,0.0,0.0,0.0
2016,4,27,4,15,0.0,0.0,2.85,10.0,0.0,0.0,0.0
2016,4,27,4,30,0.0,0.0,2.9,10.0,0.0,0.0,0.0
2016,4,27,4,45,0.0,0.0,2.95,10.0,0.0,0.0,0.0
2016,4,27,5,0,0.0,0.0,3.0,10.0,0.0,0.0,0.0
2016,4,27,5,15,18.0,5.5,3.3,10.5,6.0,0.0,0.0
2016,4,27,5,30,36.0,11.0,3.6,11.0,12.0,10.81,0.0
2016,4,27,5,45,162.0,26.0,3.9,11.5,44.5,20.11,9.28
2016,4,27,6,0,288.0,41.0,4.2,12.0,77.0,31.16,21.49
2016,4,27,6,15,379.0,52.5,4.35,12.0,123.5,38.96,29.07
2016,4,27,6,30,470.0,64.0,4.5,12.0,170.0,45.76,35.53
2016,4,27,6,45,235.0,71.0,4.7,12.0,124.0,56.75,39.19
2016,4,27,7,0,0.0,78.0,4.9,12.0,78.0,74.48,58.39
2016,4,27,7,15,0.0,93.0,5.15,12.0,93.0,88.55,70.25
2016,4,27,7,30,0.0,108.0,5.4,12.0,108.0,102.68,82.0
2016,4,27,7,45,56.5,164.5,5.7,12.5,193.5,162.15,129.34
2016,4,27,8,0,113.0,221.0,6.0,13.0,279.0,224.95,179.33
2016,4,27,8,15,56.5,119.5,6.3,13.0,148.5,128.08,100.92
2016,4,27,8,30,0.0,18.0,6.6,13.0,18.0,17.39,9.05
2016,4,27,8,45,176.5,150.5,6.9,13.0,269.5,210.15,168.72
2016,4,27,9,0,353.0,283.0,7.2,13.0,521.0,419.39,337.96
2016,4,27,9,15,233.5,317.0,7.35,13.0,478.5,409.62,330.05
2016,4,27,9,30,114.0,351.0,7.5,13.0,436.0,384.82,309.18
2016,4,27,9,45,61.5,285.0,7.7,13.0,331.0,304.68,244.64
2016,4,27,10,0,9.0,219.0,7.9,13.0,226.0,215.74,171.85
2016,4,27,10,15,166.0,306.5,7.95,13.0,447.5,401.94,324.79
2016,4,27,10,30,323.0,394.0,8.0,13.0,669.0,601.52,483.76
2016,4,27,10,45,596.0,275.5,8.05,13.0,797.5,710.66,575.61
2016,4,27,11,0,869.0,157.0,8.1,13.0,926.0,835.6,676.08
2016,4,27,11,15,873.5,158.0,8.05,13.0,940.5,866.63,698.66
2016,4,27,11,30,878.0,159.0,8.0,13.0,955.0,895.49,719.85
2016,4,27,11,45,876.5,161.5,8.0,13.0,961.0,918.32,736.69
2016,4,27,12,0,875.0,164.0,8.0,13.0,967.0,938.5,751.6
2016,4,27,12,15,875.0,164.0,8.0,13.0,965.0,954.84,763.74
2016,4,27,12,30,875.0,164.0,8.0,13.0,963.0,968.39,773.9
2016,4,27,12,45,685.5,261.0,8.0,13.0,883.5,904.05,725.48
2016,4,27,13,0,496.0,358.0,8.0,13.0,804.0,832.14,665.42
2016,4,27,13,15,675.0,261.5,8.0,13.0,855.0,907.58,729.29
2016,4,27,13,30,854.0,165.0,8.0,13.0,906.0,974.94,780.81
2016,4,27,13,45,675.5,238.0,8.05,13.0,814.0,887.19,715.59
2016,4,27,14,0,497.0,311.0,8.1,13.0,722.0,794.17,640.42
2016,4,27,14,15,280.5,329.0,8.1,13.0,559.5,605.95,490.39
2016,4,27,14,30,64.0,347.0,8.1,13.0,397.0,413.06,332.02
2016,4,27,14,45,433.5,246.0,8.15,13.0,556.0,656.75,538.26
2016,4,27,15,0,803.0,145.0,8.2,13.0,715.0,859.59,701.98
2016,4,27,15,15,785.0,141.0,8.15,13.0,670.5,826.37,677.16
2016,4,27,15,30,767.0,137.0,8.1,13.0,626.0,788.41,649.35
2016,4,27,15,45,744.5,132.5,8.1,13.0,577.5,745.03,617.23
2016,4,27,16,0,722.0,128.0,8.1,13.0,529.0,700.83,584.17
2016,4,27,16,15,692.5,122.5,8.05,13.0,477.5,649.94,544.32
2016,4,27,16,30,663.0,117.0,8.0,13.0,426.0,599.27,503.71
2016,4,27,16,45,628.0,109.0,8.0,13.0,374.0,542.81,457.68
2016,4,27,17,0,593.0,101.0,8.0,13.0,322.0,487.61,411.7
2016,4,27,17,15,539.0,92.5,7.95,12.5,269.5,422.79,357.13
2016,4,27,17,30,485.0,84.0,7.9,12.0,217.0,359.53,302.49
2016,4,27,17,45,418.5,71.5,7.85,12.0,168.5,292.75,243.09
2016,4,27,18,0,352.0,59.0,7.8,12.0,120.0,231.73,187.68
2016,4,27,18,15,244.5,44.0,7.75,11.5,79.5,158.43,122.39
2016,4,27,18,30,137.0,29.0,7.7,11.0,39.0,93.63,57.18
2016,4,27,18,45,68.5,14.5,7.65,11.0,19.5,33.34,0.0
2016,4,27,19,0,0.0,0.0,7.6,11.0,0.0,0.0,0.0
2016,4,27,19,15,0.0,0.0,7.55,11.0,0.0,0.0,0.0
2016,4,27,19,30,0.0,0.0,7.5,11.0,0.0,0.0,0.0
2016,4,27,19,45,0.0,0.0,7.5,11.0,0.0,0.0,0.0
2016,4,27,20,0,0.0,0.0,7.5,11.0,0.0,0.0,0.0
2016,4,27,20,15,0.0,0.0,7.4,10.5,0.0,0.0,0.0
2016,4,27,20,30,0.0,0.0,7.3,10.0,0.0,0.0,0.0
2016,4,27,20,45,0.0,0.0,7.25,10.0,0.0,0.0,0.0
2016,4,27,21,0,0.0,0.0,7.2,10.0,0.0,0.0,0.0
2016,4,27,21,15,0.0,0.0,7.15,10.0,0.0,0.0,0.0
2016,4,27,21,30,0.0,0.0,7.1,10.0,0.0,0.0,0.0
2016,4,27,21,45,0.0,0.0,7.05,10.0,0.0,0.0,0.0
2016,4,27,22,0,0.0,0.0,7.0,10.0,0.0,0.0,0.0
2016,4,27,22,15,0.0,0.0,6.9,10.0,0.0,0.0,0.0
2016,4,27,22,30,0.0,0.0,6.8,10.0,0.0,0.0,0.0
2016,4,27,22,45,0.0,0.0,6.7,10.0,0.0,0.0,0.0
2016,4,27,23,0,0.0,0.0,6.6,10.0,0.0,0.0,0.0
2016,4,27,23,15,0.0,0.0,6.5,9.5,0.0,0.0,0.0
2016,4,27,23,30,0.0,0.0,6.4,9.0,0.0,0.0,0.0
2016,4,27,23,45,0.0,0.0,6.35,9.0,0.0,0.0,0.0
2016,4,28,0,0,0.0,0.0,6.3,9.0,0.0,0.0,0.0
2016,4,28,0,15,0.0,0.0,6.15,9.0,0.0,0.0,0.0
2016,4,28,0,30,0.0,0.0,6.0,9.0,0.0,0.0,0.0
2016,4,28,0,45,0.0,0.0,5.9,9.0,0.0,0.0,0.0
2016,4,28,1,0,0.0,0.0,5.8,9.0,0.0,0.0,0.0
2016,4,28,1,15,0.0,0.0,5.65,9.0,0.0,0.0,0.0
2016,4,28,1,30,0.0,0.0,5.5,9.0,0.0,0.0,0.0
2016,4,28,1,45,0.0,0.0,5.35,9.0,0.0,0.0,0.0
2016,4,28,2,0,0.0,0.0,5.2,9.0,0.0,0.0,0.0
2016,4,28,2,15,0.0,0.0,5.15,9.0,0.0,0.0,0.0
2016,4,28,2,30,0.0,0.0,5.1,9.0,0.0,0.0,0.0
2016,4,28,2,45,0.0,0.0,5.05,9.0,0.0,0.0,0.0
2016,4,28,3,0,0.0,0.0,5.0,9.0,0.0,0.0,0.0
2016,4,28,3,15,0.0,0.0,5.0,9.0,0.0,0.0,0.0
2016,4,28,3,30,0.0,0.0,5.0,9.0,0.0,0.0,0.0
2016,4,28,3,45,0.0,0.0,5.0,9.0,0.0,0.0,0.0
2016,4,28,4,0,0.0,0.0,5.0,9.0,0.0,0.0,0.0
2016,4,28,4,15,0.0,0.0,5.0,9.0,0.0,0.0,0.0
2016,4,28,4,30,0.0,0.0,5.0,9.0,0.0,0.0,0.0
2016,4,28,4,45,0.0,0.0,5.0,9.0,0.0,0.0,0.0
2016,4,28,5,0,0.0,0.0,5.0,9.0,0.0,0.0,0.0
2016,4,28,5,15,26.0,6.0,5.2,9.5,7.0,0.0,0.0
2016,4,28,5,30,52.0,12.0,5.4,10.0,14.0,11.8,0.0
2016,4,28,5,45,181.0,27.0,5.65,10.5,48.0,20.85,10.44
2016,4,28,6,0,310.0,42.0,5.9,11.0,82.0,32.4,22.73
2016,4,28,6,15,400.0,52.5,5.9,11.0,128.5,38.7,28.98
2016,4,28,6,30,490.0,63.0,5.9,11.0,175.0,44.6,34.63
2016,4,28,6,45,554.0,70.0,5.95,11.5,227.0,64.28,39.04
2016,4,28,7,0,618.0,77.0,6.0,12.0,279.0,104.49,59.98
2016,4,28,7,15,659.5,82.5,5.85,12.0,332.0,147.3,90.77
2016,4,28,7,30,701.0,88.0,5.7,12.0,385.0,194.47,129.73
2016,4,28,7,45,735.0,91.5,5.6,12.5,438.0,242.4,171.86
2016,4,28,8,0,769.0,95.0,5.5,13.0,491.0,296.69,220.13
2016,4,28,8,15,791.0,98.5,5.3,13.5,540.5,346.67,265.04
2016,4,28,8,30,813.0,102.0,5.1,14.0,590.0,398.29,310.48
2016,4,28,8,45,831.0,104.5,4.95,14.5,636.0,448.68,353.95
2016,4,28,9,0,849.0,107.0,4.8,15.0,682.0,499.84,396.76
2016,4,28,9,15,862.0,109.0,4.65,15.0,723.0,551.61,439.49
2016,4,28,9,30,875.0,111.0,4.5,15.0,764.0,599.75,478.33
2016,4,28,9,45,894.0,108.0,4.4,15.5,802.0,646.57,514.49
2016,4,28,10,0,913.0,105.0,4.3,16.0,840.0,693.15,549.42
2016,4,28,10,15,920.0,106.5,4.2,16.0,868.5,735.12,580.41
2016,4,28,10,30,927.0,108.0,4.1,16.0,897.0,775.53,608.62
2016,4,28,10,45,929.0,110.5,4.05,16.5,918.0,811.33,632.24
2016,4,28,11,0,931.0,113.0,4.0,17.0,939.0,844.9,654.02
2016,4,28,11,15,934.0,114.0,4.05,17.0,953.0,875.52,675.26
2016,4,28,11,30,937.0,115.0,4.1,17.0,967.0,903.69,694.77
2016,4,28,11,45,936.0,116.5,4.2,17.5,972.5,926.33,709.35
2016,4,28,12,0,935.0,118.0,4.3,18.0,978.0,946.14,722.02
2016,4,28,12,15,935.0,118.0,4.45,18.0,976.0,962.49,734.31
2016,4,28,12,30,935.0,118.0,4.6,18.0,974.0,975.89,744.86
2016,4,28,12,45,936.0,115.5,4.75,18.0,965.0,984.7,752.36
2016,4,28,13,0,937.0,113.0,4.9,18.0,956.0,990.4,757.86
2016,4,28,13,15,933.5,112.5,5.05,17.5,938.5,990.8,761.28
2016,4,28,13,30,930.0,112.0,5.2,17.0,921.0,988.06,762.64
2016,4,28,13,45,705.0,214.5,5.35,17.0,818.0,891.73,695.9
2016,4,28,14,0,480.0,317.0,5.5,17.0,715.0,785.65,614.95
2016,4,28,14,15,691.0,212.5,5.65,17.0,761.0,869.31,684.26
2016,4,28,14,30,902.0,108.0,5.8,17.0,807.0,931.81,731.18
2016,4,28,14,45,886.5,108.0,5.95,17.0,767.5,904.29,713.04
2016,4,28,15,0,871.0,108.0,6.1,17.0,728.0,874.55,693.61
2016,4,28,15,15,857.0,105.5,6.2,16.5,685.0,846.32,676.21
2016,4,28,15,30,843.0,103.0,6.3,16.0,642.0,811.17,653.39
2016,4,28,15,45,816.5,103.0,6.45,15.5,592.5,767.28,623.75
2016,4,28,16,0,790.0,103.0,6.6,15.0,543.0,722.64,592.97
2016,4,28,16,15,764.5,98.5,6.6,14.5,492.0,673.28,557.42
2016,4,28,16,30,739.0,94.0,6.6,14.0,441.0,626.38,522.36
2016,4,28,16,45,696.0,91.0,6.6,14.0,387.0,567.57,474.97
2016,4,28,17,0,653.0,88.0,6.6,14.0,333.0,510.57,427.98
2016,4,28,17,15,603.0,81.0,6.55,13.5,280.5,447.21,375.3
2016,4,28,17,30,553.0,74.0,6.5,13.0,228.0,386.98,323.66
2016,4,28,17,45,467.0,66.0,6.45,12.5,177.0,312.06,258.33
2016,4,28,18,0,381.0,58.0,6.4,12.0,126.0,243.45,197.18
2016,4,28,18,15,271.0,44.0,6.15,11.5,84.0,168.75,130.75
2016,4,28,18,30,161.0,30.0,5.9,11.0,42.0,103.75,65.99
2016,4,28,18,45,80.5,15.0,5.65,11.0,21.0,37.35,0.0
2016,4,28,19,0,0.0,0.0,5.4,11.0,0.0,0.0,0.0
2016,4,28,19,15,0.0,0.0,5.15,10.5,0.0,0.0,0.0
2016,4,28,19,30,0.0,0.0,4.9,10.0,0.0,0.0,0.0
2016,4,28,19,45,0.0,0.0,4.7,10.0,0.0,0.0,0.0
2016,4,28,20,0,0.0,0.0,4.5,10.0,0.0,0.0,0.0
2016,4,28,20,15,0.0,0.0,4.55,10.0,0.0,0.0,0.0
2016,4,28,20,30,0.0,0.0,4.6,10.0,0.0,0.0,0.0
2016,4,28,20,45,0.0,0.0,4.7,10.0,0.0,0.0,0.0
2016,4,28,21,0,0.0,0.0,4.8,10.0,0.0,0.0,0.0
2016,4,28,21,15,0.0,0.0,4.65,10.0,0.0,0.0,0.0
2016,4,28,21,30,0.0,0.0,4.5,10.0,0.0,0.0,0.0
2016,4,28,21,45,0.0,0.0,4.35,10.0,0.0,0.0,0.0
2016,4,28,22,0,0.0,0.0,4.2,10.0,0.0,0.0,0.0
2016,4,28,22,15,0.0,0.0,4.2,10.0,0.0,0.0,0.0
2016,4,28,22,30,0.0,0.0,4.2,10.0,0.0,0.0,0.0
2016,4,28,22,45,0.0,0.0,4.2,10.0,0.0,0.0,0.0
2016,4,28,23,0,0.0,0.0,4.2,10.0,0.0,0.0,0.0
2016,4,28,23,15,0.0,0.0,4.25,10.0,0.0,0.0,0.0
2016,4,28,23,30,0.0,0.0,4.3,10.0,0.0,0.0,0.0
2016,4,28,23,45,0.0,0.0,4.35,10.0,0.0,0.0,0.0
2016,4,29,0,0,0.0,0.0,4.4,10.0,0.0,0.0,0.0
2016,4,29,0,15,0.0,0.0,4.4,10.0,0.0,0.0,0.0
2016,4,29,0,30,0.0,0.0,4.4,10.0,0.0,0.0,0.0
2016,4,29,0,45,0.0,0.0,4.45,10.0,0.0,0.0,0.0
2016,4,29,1,0,0.0,0.0,4.5,10.0,0.0,0.0,0.0
2016,4,29,1,15,0.0,0.0,4.45,10.0,0.0,0.0,0.0
2016,4,29,1,30,0.0,0.0,4.4,10.0,0.0,0.0,0.0
2016,4,29,1,45,0.0,0.0,4.35,10.0,0.0,0.0,0.0
2016,4,29,2,0,0.0,0.0,4.3,10.0,0.0,0.0,0.0
2016,4,29,2,15,0.0,0.0,4.3,10.0,0.0,0.0,0.0
2016,4,29,2,30,0.0,0.0,4.3,10.0,0.0,0.0,0.0
2016,4,29,2,45,0.0,0.0,4.35,10.0,0.0,0.0,0.0
2016,4,29,3,0,0.0,0.0,4.4,10.0,0.0,0.0,0.0
2016,4,29,3,15,0.0,0.0,4.3,10.0,0.0,0.0,0.0
2016,4,29,3,30,0.0,0.0,4.2,10.0,0.0,0.0,0.0
2016,4,29,3,45,0.0,0.0,4.15,10.0,0.0,0.0,0.0
2016,4,29,4,0,0.0,0.0,4.1,10.0,0.0,0.0,0.0
2016,4,29,4,15,0.0,0.0,3.85,10.0,0.0,0.0,0.0
2016,4,29,4,30,0.0,0.0,3.6,10.0,0.0,0.0,0.0
2016,4,29,4,45,0.0,0.0,3.4,10.0,0.0,0.0,0.0
2016,4,29,5,0,0.0,0.0,3.2,10.0,0.0,0.0,0.0
2016,4,29,5,15,0.0,6.0,3.25,10.0,6.0,5.9,0.0
2016,4,29,5,30,0.0,12.0,3.3,10.0,12.0,11.8,0.0
2016,4,29,5,45,89.5,33.5,3.35,10.0,45.0,27.66,16.33
2016,4,29,6,0,179.0,55.0,3.4,10.0,78.0,44.32,33.4
2016,4,29,6,15,263.5,71.0,3.45,10.0,123.0,53.43,42.34
2016,4,29,6,30,348.0,87.0,3.5,10.0,168.0,63.83,52.15
2016,4,29,6,45,418.5,97.5,3.6,10.5,219.0,85.22,58.93
2016,4,29,7,0,489.0,108.0,3.7,11.0,270.0,122.8,80.35
2016,4,29,7,15,534.5,116.5,3.75,11.0,321.5,162.71,109.38
2016,4,29,7,30,580.0,125.0,3.8,11.0,373.0,207.11,145.53
2016,4,29,7,45,614.5,132.0,3.9,11.0,424.0,251.95,184.49
2016,4,29,8,0,649.0,139.0,4.0,11.0,475.0,300.26,227.19
2016,4,29,8,15,674.5,144.5,4.1,11.0,523.5,347.46,269.38
2016,4,29,8,30,700.0,150.0,4.2,11.0,572.0,396.79,312.94
2016,4,29,8,45,720.5,153.5,4.3,11.5,616.5,444.1,353.68
2016,4,29,9,0,741.0,157.0,4.4,12.0,661.0,492.6,394.48
2016,4,29,9,15,755.5,160.5,4.4,12.0,701.0,538.92,433.19
2016,4,29,9,30,770.0,164.0,4.4,12.0,741.0,585.44,471.21
2016,4,29,9,45,801.0,156.0,4.4,12.0,780.0,633.74,510.1
2016,4,29,10,0,832.0,148.0,4.4,12.0,819.0,680.38,547.13
2016,4,29,10,15,655.5,240.0,4.5,12.0,780.0,675.21,540.49
2016,4,29,10,30,479.0,332.0,4.6,12.0,741.0,658.42,524.28
2016,4,29,10,45,669.0,243.0,4.75,12.5,829.5,738.99,589.68
2016,4,29,11,0,859.0,154.0,4.9,13.0,918.0,829.06,658.08
2016,4,29,11,15,863.0,155.0,5.2,13.0,932.0,859.27,681.01
2016,4,29,11,30,867.0,156.0,5.5,13.0,946.0,887.32,702.75
2016,4,29,11,45,867.5,157.0,5.8,13.5,952.0,910.05,719.31
2016,4,29,12,0,868.0,158.0,6.1,14.0,958.0,930.21,734.05
2016,4,29,12,15,868.0,158.0,6.2,14.0,956.5,946.3,746.21
2016,4,29,12,30,868.0,158.0,6.3,14.0,955.0,959.62,756.49
2016,4,29,12,45,678.0,260.0,6.4,14.5,878.5,898.96,710.97
2016,4,29,13,0,488.0,362.0,6.5,15.0,802.0,830.74,653.93
2016,4,29,13,15,491.5,351.0,6.55,15.0,786.5,828.03,653.2
2016,4,29,13,30,495.0,340.0,6.6,15.0,771.0,823.35,650.8
2016,4,29,13,45,482.0,330.5,6.65,15.0,741.0,802.82,636.3
2016,4,29,14,0,469.0,321.0,6.7,15.0,711.0,780.53,620.51
2016,4,29,14,15,485.0,301.0,6.75,15.0,691.0,772.21,616.11
2016,4,29,14,30,501.0,281.0,6.8,15.0,671.0,761.48,609.88
2016,4,29,14,45,499.5,265.5,6.85,15.0,638.0,737.53,593.16
2016,4,29,15,0,498.0,250.0,6.9,15.0,605.0,711.76,575.0
2016,4,29,15,15,632.5,192.0,6.95,15.0,615.5,756.2,614.24
2016,4,29,15,30,767.0,134.0,7.0,15.0,626.0,787.9,640.93
2016,4,29,15,45,745.0,130.5,7.05,15.0,578.5,745.96,610.41
2016,4,29,16,0,723.0,127.0,7.1,15.0,531.0,703.2,579.16
2016,4,29,16,15,695.5,121.5,7.15,14.5,481.0,653.64,542.45
2016,4,29,16,30,668.0,116.0,7.2,14.0,431.0,604.17,504.49
2016,4,29,16,45,634.5,108.5,7.3,14.0,379.5,548.95,460.12
2016,4,29,17,0,601.0,101.0,7.4,14.0,328.0,494.88,415.62
2016,4,29,17,15,549.5,93.0,7.4,13.5,276.5,431.51,362.8
2016,4,29,17,30,498.0,85.0,7.4,13.0,225.0,371.38,311.21
2016,4,29,17,45,425.5,74.0,7.45,12.5,176.0,300.69,249.48
2016,4,29,18,0,353.0,63.0,7.5,12.0,127.0,238.37,193.62
2016,4,29,18,15,247.0,47.5,7.45,11.5,85.5,164.56,128.07
2016,4,29,18,30,141.0,32.0,7.4,11.0,44.0,100.81,66.08
2016,4,29,18,45,70.5,16.0,7.4,11.0,22.0,35.69,0.0
2016,4,29,19,0,0.0,0.0,7.4,11.0,0.0,0.0,0.0
2016,4,29,19,15,0.0,0.0,7.4,11.0,0.0,0.0,0.0
2016,4,29,19,30,0.0,0.0,7.4,11.0,0.0,0.0,0.0
2016,4,29,19,45,0.0,0.0,7.45,11.0,0.0,0.0,0.0
2016,4,29,20,0,0.0,0.0,7.5,11.0,0.0,0.0,0.0
2016,4,29,20,15,0.0,0.0,7.45,11.0,0.0,0.0,0.0
2016,4,29,20,30,0.0,0.0,7.4,11.0,0.0,0.0,0.0
2016,4,29,20,45,0.0,0.0,7.35,11.0,0.0,0.0,0.0
2016,4,29,21,0,0.0,0.0,7.3,11.0,0.0,0.0,0.0
2016,4,29,21,15,0.0,0.0,7.15,11.0,0.0,0.0,0.0
2016,4,29,21,30,0.0,0.0,7.0,11.0,0.0,0.0,0.0
2016,4,29,21,45,0.0,0.0,6.9,11.0,0.0,0.0,0.0
2016,4,29,22,0,0.0,0.0,6.8,11.0,0.0,0.0,0.0
2016,4,29,22,15,0.0,0.0,6.6,11.0,0.0,0.0,0.0
2016,4,29,22,30,0.0,0.0,6.4,11.0,0.0,0.0,0.0
2016,4,29,22,45,0.0,0.0,6.25,11.0,0.0,0.0,0.0
2016,4,29,23,0,0.0,0.0,6.1,11.0,0.0,0.0,0.0
2016,4,29,23,15,0.0,0.0,6.05,11.0,0.0,0.0,0.0
2016,4,29,23,30,0.0,0.0,6.0,11.0,0.0,0.0,0.0
2016,4,29,23,45,0.0,0.0,5.95,11.0,0.0,0.0,0.0
2016,4,30,0,0,0.0,0.0,5.9,11.0,0.0,0.0,0.0
2016,4,30,0,15,0.0,0.0,5.9,11.0,0.0,0.0,0.0
2016,4,30,0,30,0.0,0.0,5.9,11.0,0.0,0.0,0.0
2016,4,30,0,45,0.0,0.0,5.95,11.0,0.0,0.0,0.0
2016,4,30,1,0,0.0,0.0,6.0,11.0,0.0,0.0,0.0
2016,4,30,1,15,0.0,0.0,5.95,11.0,0.0,0.0,0.0
2016,4,30,1,30,0.0,0.0,5.9,11.0,0.0,0.0,0.0
2016,4,30,1,45,0.0,0.0,5.85,11.0,0.0,0.0,0.0
2016,4,30,2,0,0.0,0.0,5.8,11.0,0.0,0.0,0.0
2016,4,30,2,15,0.0,0.0,5.7,11.0,0.0,0.0,0.0
2016,4,30,2,30,0.0,0.0,5.6,11.0,0.0,0.0,0.0
2016,4,30,2,45,0.0,0.0,5.55,11.0,0.0,0.0,0.0
2016,4,30,3,0,0.0,0.0,5.5,11.0,0.0,0.0,0.0
2016,4,30,3,15,0.0,0.0,5.45,11.0,0.0,0.0,0.0
2016,4,30,3,30,0.0,0.0,5.4,11.0,0.0,0.0,0.0
2016,4,30,3,45,0.0,0.0,5.35,11.0,0.0,0.0,0.0
2016,4,30,4,0,0.0,0.0,5.3,11.0,0.0,0.0,0.0
2016,4,30,4,15,0.0,0.0,5.2,11.0,0.0,0.0,0.0
2016,4,30,4,30,0.0,0.0,5.1,11.0,0.0,0.0,0.0
2016,4,30,4,45,0.0,0.0,5.1,11.0,0.0,0.0,0.0
2016,4,30,5,0,0.0,0.0,5.1,11.0,0.0,0.0,0.0
2016,4,30,5,15,56.5,7.0,5.1,11.0,9.5,6.88,0.0
2016,4,30,5,30,113.0,14.0,5.1,11.0,19.0,10.88,0.0
2016,4,30,5,45,250.5,27.0,5.2,11.5,56.0,20.67,11.01
2016,4,30,6,0,388.0,40.0,5.3,12.0,93.0,29.99,20.66
2016,4,30,6,15,473.5,49.5,5.3,12.5,141.5,35.51,26.03
2016,4,30,6,30,559.0,59.0,5.3,13.0,190.0,40.67,30.86
2016,4,30,6,45,617.0,65.0,5.35,13.5,243.5,66.42,36.92
2016,4,30,7,0,675.0,71.0,5.4,14.0,297.0,108.88,60.02
2016,4,30,7,15,713.0,76.0,5.45,14.0,350.5,153.9,93.15
2016,4,30,7,30,751.0,81.0,5.5,14.0,404.0,206.1,136.72
2016,4,30,7,45,780.0,85.0,5.55,14.5,457.0,255.68,180.51
2016,4,30,8,0,809.0,89.0,5.6,15.0,510.0,307.99,227.32
2016,4,30,8,15,829.5,92.0,5.5,15.0,560.0,359.03,273.57
2016,4,30,8,30,850.0,95.0,5.4,15.0,610.0,411.5,320.31
2016,4,30,8,45,865.0,98.0,5.3,15.5,656.0,466.5,367.38
2016,4,30,9,0,880.0,101.0,5.2,16.0,702.0,517.96,410.4
2016,4,30,9,15,891.5,103.0,5.1,16.0,742.5,566.82,451.03
2016,4,30,9,30,903.0,105.0,5.0,16.0,783.0,615.28,490.29
2016,4,30,9,45,917.0,103.5,4.95,16.5,819.5,661.49,526.11
2016,4,30,10,0,931.0,102.0,4.9,17.0,856.0,707.01,560.47
2016,4,30,10,15,937.0,103.5,4.85,17.0,884.0,748.85,591.25
2016,4,30,10,30,943.0,105.0,4.8,17.0,912.0,789.01,619.5
2016,4,30,10,45,946.5,105.5,4.8,17.5,932.5,824.47,643.14
2016,4,30,11,0,950.0,106.0,4.8,18.0,953.0,857.73,665.0
2016,4,30,11,15,952.5,106.5,4.75,18.0,966.5,887.84,685.44
2016,4,30,11,30,955.0,107.0,4.7,18.0,980.0,915.41,704.03
2016,4,30,11,45,955.0,107.5,4.7,18.5,985.0,938.17,718.17
2016,4,30,12,0,955.0,108.0,4.7,19.0,990.0,958.08,730.34
2016,4,30,12,15,954.5,108.0,4.7,19.0,987.5,974.12,741.31
2016,4,30,12,30,954.0,108.0,4.7,19.0,985.0,987.14,750.3
2016,4,30,12,45,948.0,109.5,4.7,19.0,973.5,993.48,754.82
2016,4,30,13,0,942.0,111.0,4.7,19.0,962.0,996.65,757.34
2016,4,30,13,15,938.0,110.0,4.7,19.0,943.5,995.99,757.38
2016,4,30,13,30,934.0,109.0,4.7,19.0,925.0,992.17,755.4
2016,4,30,13,45,928.0,108.0,4.75,19.0,899.5,983.37,750.54
2016,4,30,14,0,922.0,107.0,4.8,19.0,874.0,971.52,743.7
2016,4,30,14,15,914.0,105.0,4.85,19.0,842.0,953.82,732.87
2016,4,30,14,30,906.0,103.0,4.9,19.0,810.0,933.29,720.12
2016,4,30,14,45,895.5,101.0,4.95,19.0,771.5,907.85,703.91
2016,4,30,15,0,885.0,99.0,5.0,19.0,733.0,879.97,685.93
2016,4,30,15,15,871.5,96.5,5.0,19.0,689.5,846.73,663.69
2016,4,30,15,30,858.0,94.0,5.0,19.0,646.0,811.55,639.94
2016,4,30,15,45,840.0,91.0,5.05,19.0,598.0,775.26,615.45
2016,4,30,16,0,822.0,88.0,5.1,19.0,550.0,732.91,586.13
2016,4,30,16,15,798.5,84.5,5.1,18.5,499.0,684.99,553.05
2016,4,30,16,30,775.0,81.0,5.1,18.0,448.0,636.7,519.01
2016,4,30,16,45,742.0,77.0,5.15,18.0,395.0,581.56,476.5
2016,4,30,17,0,709.0,73.0,5.2,18.0,342.0,527.36,433.34
2016,4,30,17,15,663.0,67.5,5.15,17.5,289.0,467.83,385.09
2016,4,30,17,30,617.0,62.0,5.1,17.0,236.0,408.84,335.74
2016,4,30,17,45,547.0,55.0,5.1,16.5,185.5,339.77,276.62
2016,4,30,18,0,477.0,48.0,5.1,16.0,135.0,276.42,220.65
2016,4,30,18,15,367.5,37.5,5.0,15.5,91.5,200.15,153.55
2016,4,30,18,30,258.0,27.0,4.9,15.0,48.0,134.68,89.34
2016,4,30,18,45,129.0,13.5,4.85,15.0,24.0,50.07,0.0
2016,4,30,19,0,0.0,0.0,4.8,15.0,0.0,0.0,0.0
2016,4,30,19,15,0.0,0.0,4.65,14.5,0.0,0.0,0.0
2016,4,30,19,30,0.0,0.0,4.5,14.0,0.0,0.0,0.0
2016,4,30,19,45,0.0,0.0,4.4,14.0,0.0,0.0,0.0
2016,4,30,20,0,0.0,0.0,4.3,14.0,0.0,0.0,0.0
2016,4,30,20,15,0.0,0.0,4.1,14.0,0.0,0.0,0.0
2016,4,30,20,30,0.0,0.0,3.9,14.0,0.0,0.0,0.0
2016,4,30,20,45,0.0,0.0,3.75,14.0,0.0,0.0,0.0
2016,4,30,21,0,0.0,0.0,3.6,14.0,0.0,0.0,0.0
2016,4,30,21,15,0.0,0.0,3.45,14.0,0.0,0.0,0.0
2016,4,30,21,30,0.0,0.0,3.3,14.0,0.0,0.0,0.0
2016,4,30,21,45,0.0,0.0,3.15,14.0,0.0,0.0,0.0
2016,4,30,22,0,0.0,0.0,3.0,14.0,0.0,0.0,0.0
2016,4,30,22,15,0.0,0.0,2.9,13.5,0.0,0.0,0.0
2016,4,30,22,30,0.0,0.0,2.8,13.0,0.0,0.0,0.0
2016,4,30,22,45,0.0,0.0,2.75,13.0,0.0,0.0,0.0
2016,4,30,23,0,0.0,0.0,2.7,13.0,0.0,0.0,0.0
2016,4,30,23,15,0.0,0.0,2.65,13.0,0.0,0.0,0.0
2016,4,30,23,30,0.0,0.0,2.6,13.0,0.0,0.0,0.0
2016,4,30,23,45,0.0,0.0,2.55,13.0,0.0,0.0,0.0
2016,5,1,0,0,0.0,0.0,2.5,13.0,0.0,0.0,0.0
2016,5,1,0,15,0.0,0.0,2.45,13.0,0.0,0.0,0.0
2016,5,1,0,30,0.0,0.0,2.4,13.0,0.0,0.0,0.0
2016,5,1,0,45,0.0,0.0,2.35,13.0,0.0,0.0,0.0
2016,5,1,1,0,0.0,0.0,2.3,13.0,0.0,0.0,0.0
2016,5,1,1,15,0.0,0.0,2.25,12.5,0.0,0.0,0.0
2016,5,1,1,30,0.0,0.0,2.2,12.0,0.0,0.0,0.0
2016,5,1,1,45,0.0,0.0,2.15,12.0,0.0,0.0,0.0
2016,5,1,2,0,0.0,0.0,2.1,12.0,0.0,0.0,0.0
2016,5,1,2,15,0.0,0.0,2.05,12.0,0.0,0.0,0.0
2016,5,1,2,30,0.0,0.0,2.0,12.0,0.0,0.0,0.0
2016,5,1,2,45,0.0,0.0,1.95,12.0,0.0,0.0,0.0
2016,5,1,3,0,0.0,0.0,1.9,12.0,0.0,0.0,0.0
2016,5,1,3,15,0.0,0.0,1.8,12.0,0.0,0.0,0.0
2016,5,1,3,30,0.0,0.0,1.7,12.0,0.0,0.0,0.0
2016,5,1,3,45,0.0,0.0,1.65,12.0,0.0,0.0,0.0
2016,5,1,4,0,0.0,0.0,1.6,12.0,0.0,0.0,0.0
2016,5,1,4,15,0.0,0.0,1.5,12.0,0.0,0.0,0.0
2016,5,1,4,30,0.0,0.0,1.4,12.0,0.0,0.0,0.0
2016,5,1,4,45,0.0,0.0,1.35,12.0,0.0,0.0,0.0
2016,5,1,5,0,0.0,0.0,1.3,12.0,0.0,0.0,0.0
2016,5,1,5,15,63.5,7.5,1.25,12.5,10.0,7.37,0.0
2016,5,1,5,30,127.0,15.0,1.2,13.0,20.0,11.48,0.0
2016,5,1,5,45,259.5,27.5,1.15,13.5,57.5,20.95,11.43
2016,5,1,6,0,392.0,40.0,1.1,14.0,95.0,29.77,20.4
2016,5,1,6,15,476.0,48.5,1.1,14.0,143.0,34.41,24.98
2016,5,1,6,30,560.0,57.0,1.1,14.0,191.0,38.76,29.11
2016,5,1,6,45,612.5,64.0,1.1,14.5,243.0,67.68,36.89
2016,5,1,7,0,665.0,71.0,1.1,15.0,295.0,110.4,60.87
2016,5,1,7,15,703.0,76.0,1.1,15.5,348.5,154.99,93.36
2016,5,1,7,30,741.0,81.0,1.1,16.0,402.0,206.71,135.45
2016,5,1,7,45,767.5,85.0,1.15,16.5,453.5,255.21,177.18
2016,5,1,8,0,794.0,89.0,1.2,17.0,505.0,306.19,221.31
2016,5,1,8,15,814.5,92.5,1.15,17.5,554.5,356.92,264.71
2016,5,1,8,30,835.0,96.0,1.1,18.0,604.0,409.1,308.1
2016,5,1,8,45,849.5,99.0,1.05,18.5,649.5,459.4,348.77
2016,5,1,9,0,864.0,102.0,1.0,19.0,695.0,513.58,390.74
2016,5,1,9,15,876.0,104.0,0.9,19.5,735.5,561.94,426.66
2016,5,1,9,30,888.0,106.0,0.8,20.0,776.0,609.97,460.86
2016,5,1,9,45,896.5,108.0,0.7,20.5,810.5,655.3,491.72
2016,5,1,10,0,905.0,110.0,0.6,21.0,845.0,699.59,520.59
2016,5,1,10,15,911.5,111.5,0.6,21.0,873.0,740.78,548.07
2016,5,1,10,30,918.0,113.0,0.6,21.0,901.0,780.39,573.08
2016,5,1,10,45,922.5,114.0,0.65,21.5,922.0,816.24,595.09
2016,5,1,11,0,927.0,115.0,0.7,22.0,943.0,850.03,615.63
2016,5,1,11,15,929.5,115.5,0.85,22.0,956.5,879.5,636.22
2016,5,1,11,30,932.0,116.0,1.0,22.0,970.0,906.51,655.29
2016,5,1,11,45,932.0,117.0,1.2,22.0,975.0,929.26,672.47
2016,5,1,12,0,932.0,118.0,1.4,22.0,980.0,949.25,687.87
2016,5,1,12,15,931.5,118.0,1.55,22.0,978.0,964.96,699.83
2016,5,1,12,30,931.0,118.0,1.7,22.0,976.0,977.73,710.0
2016,5,1,12,45,928.5,117.5,1.9,22.0,965.5,985.14,717.43
2016,5,1,13,0,926.0,117.0,2.1,22.0,955.0,989.48,722.9
2016,5,1,13,15,922.0,116.0,2.2,21.5,937.0,988.8,725.43
2016,5,1,13,30,918.0,115.0,2.3,21.0,919.0,985.02,726.07
2016,5,1,13,45,910.5,115.0,2.45,21.0,893.5,975.94,722.43
2016,5,1,14,0,903.0,115.0,2.6,21.0,868.0,963.92,716.87
2016,5,1,14,15,895.0,113.0,2.65,20.5,836.5,946.47,708.17
2016,5,1,14,30,887.0,111.0,2.7,20.0,805.0,926.27,697.63
2016,5,1,14,45,874.0,110.0,2.75,20.0,766.5,900.07,681.66
2016,5,1,15,0,861.0,109.0,2.8,20.0,728.0,871.6,664.1
2016,5,1,15,15,847.0,106.5,2.75,19.5,684.5,843.6,647.31
2016,5,1,15,30,833.0,104.0,2.7,19.0,641.0,808.66,625.5
2016,5,1,15,45,812.0,101.5,2.7,19.0,593.0,766.5,597.5
2016,5,1,16,0,791.0,99.0,2.7,19.0,545.0,723.31,568.43
2016,5,1,16,15,766.0,95.0,2.6,18.5,494.5,674.76,535.49
2016,5,1,16,30,741.0,91.0,2.5,18.0,444.0,626.0,501.48
2016,5,1,16,45,704.5,87.0,2.4,18.0,391.0,572.43,460.72
2016,5,1,17,0,668.0,83.0,2.3,18.0,338.0,517.78,418.19
2016,5,1,17,15,620.5,76.5,2.1,17.5,285.5,455.6,369.07
2016,5,1,17,30,573.0,70.0,1.9,17.0,233.0,396.36,320.73
2016,5,1,17,45,500.0,62.0,1.75,16.5,183.0,326.46,262.48
2016,5,1,18,0,427.0,54.0,1.6,16.0,133.0,262.5,207.51
2016,5,1,18,15,322.0,41.5,1.45,15.5,90.5,187.81,143.31
2016,5,1,18,30,217.0,29.0,1.3,15.0,48.0,122.48,82.25
2016,5,1,18,45,108.5,14.5,1.2,14.5,24.0,45.45,0.0
2016,5,1,19,0,0.0,0.0,1.1,14.0,0.0,0.0,0.0
2016,5,1,19,15,0.0,0.0,1.05,13.5,0.0,0.0,0.0
2016,5,1,19,30,0.0,0.0,1.0,13.0,0.0,0.0,0.0
2016,5,1,19,45,0.0,0.0,1.0,13.0,0.0,0.0,0.0
2016,5,1,20,0,0.0,0.0,1.0,13.0,0.0,0.0,0.0
2016,5,1,20,15,0.0,0.0,1.05,12.5,0.0,0.0,0.0
2016,5,1,20,30,0.0,0.0,1.1,12.0,0.0,0.0,0.0
2016,5,1,20,45,0.0,0.0,1.15,12.0,0.0,0.0,0.0
2016,5,1,21,0,0.0,0.0,1.2,12.0,0.0,0.0,0.0
2016,5,1,21,15,0.0,0.0,1.25,12.0,0.0,0.0,0.0
2016,5,1,21,30,0.0,0.0,1.3,12.0,0.0,0.0,0.0
2016,5,1,21,45,0.0,0.0,1.4,12.0,0.0,0.0,0.0
2016,5,1,22,0,0.0,0.0,1.5,12.0,0.0,0.0,0.0
2016,5,1,22,15,0.0,0.0,1.5,11.5,0.0,0.0,0.0
2016,5,1,22,30,0.0,0.0,1.5,11.0,0.0,0.0,0.0
2016,5,1,22,45,0.0,0.0,1.55,11.0,0.0,0.0,0.0
2016,5,1,23,0,0.0,0.0,1.6,11.0,0.0,0.0,0.0
2016,5,1,23,15,0.0,0.0,1.6,11.0,0.0,0.0,0.0
2016,5,1,23,30,0.0,0.0,1.6,11.0,0.0,0.0,0.0
2016,5,1,23,45,0.0,0.0,1.65,11.0,0.0,0.0,0.0
2016,5,2,0,0,0.0,0.0,1.7,11.0,0.0,0.0,0.0
2016,5,2,0,15,0.0,0.0,1.7,11.0,0.0,0.0,0.0
2016,5,2,0,30,0.0,0.0,1.7,11.0,0.0,0.0,0.0
2016,5,2,0,45,0.0,0.0,1.7,11.0,0.0,0.0,0.0
2016,5,2,1,0,0.0,0.0,1.7,11.0,0.0,0.0,0.0
2016,5,2,1,15,0.0,0.0,1.65,10.5,0.0,0.0,0.0
2016,5,2,1,30,0.0,0.0,1.6,10.0,0.0,0.0,0.0
2016,5,2,1,45,0.0,0.0,1.6,10.0,0.0,0.0,0.0
2016,5,2,2,0,0.0,0.0,1.6,10.0,0.0,0.0,0.0
2016,5,2,2,15,0.0,0.0,1.5,10.0,0.0,0.0,0.0
2016,5,2,2,30,0.0,0.0,1.4,10.0,0.0,0.0,0.0
2016,5,2,2,45,0.0,0.0,1.35,10.0,0.0,0.0,0.0
2016,5,2,3,0,0.0,0.0,1.3,10.0,0.0,0.0,0.0
2016,5,2,3,15,0.0,0.0,1.25,10.0,0.0,0.0,0.0
2016,5,2,3,30,0.0,0.0,1.2,10.0,0.0,0.0,0.0
2016,5,2,3,45,0.0,0.0,1.2,10.0,0.0,0.0,0.0
2016,5,2,4,0,0.0,0.0,1.2,10.0,0.0,0.0,0.0
2016,5,2,4,15,0.0,0.0,1.2,10.0,0.0,0.0,0.0
2016,5,2,4,30,0.0,0.0,1.2,10.0,0.0,0.0,0.0
2016,5,2,4,45,0.0,0.0,1.2,10.0,0.0,0.0,0.0
2016,5,2,5,0,0.0,0.0,1.2,10.0,0.0,0.0,0.0
2016,5,2,5,15,35.0,8.5,1.25,10.5,10.0,8.36,0.0
2016,5,2,5,30,70.0,17.0,1.3,11.0,20.0,14.43,0.0
2016,5,2,5,45,179.5,33.0,1.4,11.5,55.5,25.46,15.5
2016,5,2,6,0,289.0,49.0,1.5,12.0,91.0,37.11,27.07
2016,5,2,6,15,196.0,71.5,1.5,12.0,105.0,56.71,45.07
2016,5,2,6,30,103.0,94.0,1.5,12.0,119.0,77.08,63.6
2016,5,2,6,45,126.0,114.0,1.55,12.5,152.0,100.02,76.5
2016,5,2,7,0,149.0,134.0,1.6,13.0,185.0,127.03,96.12
2016,5,2,7,15,129.5,157.5,1.55,13.0,207.5,153.15,117.93
2016,5,2,7,30,110.0,181.0,1.5,13.0,230.0,177.55,138.77
2016,5,2,7,45,205.5,196.5,1.5,13.5,300.5,221.9,171.52
2016,5,2,8,0,301.0,212.0,1.5,14.0,371.0,271.06,208.93
2016,5,2,8,15,346.0,224.5,1.45,14.0,423.5,314.5,243.79
2016,5,2,8,30,391.0,237.0,1.4,14.0,476.0,362.16,281.82
2016,5,2,8,45,473.0,226.5,1.4,14.5,537.0,406.3,316.47
2016,5,2,9,0,555.0,216.0,1.4,15.0,598.0,461.53,359.39
2016,5,2,9,15,452.5,272.5,1.3,15.5,596.0,484.12,375.39
2016,5,2,9,30,350.0,329.0,1.2,16.0,594.0,500.43,385.41
2016,5,2,9,45,605.5,229.5,1.2,16.5,712.5,583.6,449.77
2016,5,2,10,0,861.0,130.0,1.2,17.0,831.0,690.94,529.54
2016,5,2,10,15,868.0,131.5,1.2,17.0,858.5,730.88,557.27
2016,5,2,10,30,875.0,133.0,1.2,17.0,886.0,769.37,582.72
2016,5,2,10,45,877.0,135.5,1.2,17.5,906.0,803.33,603.67
2016,5,2,11,0,879.0,138.0,1.2,18.0,926.0,835.22,623.04
2016,5,2,11,15,605.5,287.5,1.2,18.0,834.0,778.12,580.46
2016,5,2,11,30,332.0,437.0,1.2,18.0,742.0,706.1,523.85
2016,5,2,11,45,605.5,291.5,1.3,18.0,851.5,817.36,609.76
2016,5,2,12,0,879.0,146.0,1.4,18.0,961.0,930.72,687.69
2016,5,2,12,15,624.5,281.5,1.55,18.0,860.5,853.36,635.15
2016,5,2,12,30,370.0,417.0,1.7,18.0,760.0,760.55,566.71
2016,5,2,12,45,376.0,405.5,1.9,18.0,750.5,761.86,570.83
2016,5,2,13,0,382.0,394.0,2.1,18.0,741.0,761.72,572.96
2016,5,2,13,15,342.0,405.0,2.25,18.0,711.5,739.8,557.93
2016,5,2,13,30,302.0,416.0,2.4,18.0,682.0,716.76,542.06
2016,5,2,13,45,343.5,389.0,2.55,18.0,683.5,729.81,554.4
2016,5,2,14,0,385.0,362.0,2.7,18.0,685.0,740.71,565.01
2016,5,2,14,15,295.5,369.5,2.75,17.5,611.5,665.17,510.66
2016,5,2,14,30,206.0,377.0,2.8,17.0,538.0,582.58,450.49
2016,5,2,14,45,274.0,343.5,2.85,17.0,547.5,614.8,477.86
2016,5,2,15,0,342.0,310.0,2.9,17.0,557.0,634.78,495.67
2016,5,2,15,15,248.0,303.5,2.9,16.5,477.0,542.64,426.8
2016,5,2,15,30,154.0,297.0,2.9,16.0,397.0,445.48,352.91
2016,5,2,15,45,217.5,267.0,2.9,16.0,396.5,460.53,367.88
2016,5,2,16,0,281.0,237.0,2.9,16.0,396.0,479.6,385.07
2016,5,2,16,15,356.5,199.0,2.85,15.5,381.5,484.2,392.1
2016,5,2,16,30,432.0,161.0,2.8,15.0,367.0,491.2,400.48
2016,5,2,16,45,270.0,158.5,2.75,15.0,282.0,358.68,293.87
2016,5,2,17,0,108.0,156.0,2.7,15.0,197.0,240.25,196.11
2016,5,2,17,15,89.0,135.5,2.65,14.5,166.0,196.72,160.85
2016,5,2,17,30,70.0,115.0,2.6,14.0,135.0,161.83,131.79
2016,5,2,17,45,172.5,93.5,2.6,13.5,129.5,198.0,161.8
2016,5,2,18,0,275.0,72.0,2.6,13.0,124.0,217.26,175.04
2016,5,2,18,15,191.0,53.5,2.55,12.5,84.0,145.4,112.74
2016,5,2,18,30,107.0,35.0,2.5,12.0,44.0,87.59,60.01
2016,5,2,18,45,53.5,17.5,2.45,12.0,22.0,39.5,0.0
2016,5,2,19,0,0.0,0.0,2.4,12.0,0.0,0.0,0.0
2016,5,2,19,15,0.0,0.0,2.3,12.0,0.0,0.0,0.0
2016,5,2,19,30,0.0,0.0,2.2,12.0,0.0,0.0,0.0
2016,5,2,19,45,0.0,0.0,2.15,12.0,0.0,0.0,0.0
2016,5,2,20,0,0.0,0.0,2.1,12.0,0.0,0.0,0.0
2016,5,2,20,15,0.0,0.0,2.05,12.0,0.0,0.0,0.0
2016,5,2,20,30,0.0,0.0,2.0,12.0,0.0,0.0,0.0
2016,5,2,20,45,0.0,0.0,1.95,12.0,0.0,0.0,0.0
2016,5,2,21,0,0.0,0.0,1.9,12.0,0.0,0.0,0.0
2016,5,2,21,15,0.0,0.0,1.9,12.0,0.0,0.0,0.0
2016,5,2,21,30,0.0,0.0,1.9,12.0,0.0,0.0,0.0
2016,5,2,21,45,0.0,0.0,1.9,12.0,0.0,0.0,0.0
2016,5,2,22,0,0.0,0.0,1.9,12.0,0.0,0.0,0.0
2016,5,2,22,15,0.0,0.0,1.9,11.5,0.0,0.0,0.0
2016,5,2,22,30,0.0,0.0,1.9,11.0,0.0,0.0,0.0
2016,5,2,22,45,0.0,0.0,1.95,11.0,0.0,0.0,0.0
2016,5,2,23,0,0.0,0.0,2.0,11.0,0.0,0.0,0.0
2016,5,2,23,15,0.0,0.0,1.95,11.0,0.0,0.0,0.0
2016,5,2,23,30,0.0,0.0,1.9,11.0,0.0,0.0,0.0
2016,5,2,23,45,0.0,0.0,1.9,11.0,0.0,0.0,0.0
2016,5,3,0,0,0.0,0.0,1.9,11.0,0.0,0.0,0.0
2016,5,3,0,15,0.0,0.0,1.9,11.0,0.0,0.0,0.0
2016,5,3,0,30,0.0,0.0,1.9,11.0,0.0,0.0,0.0
2016,5,3,0,45,0.0,0.0,1.9,11.0,0.0,0.0,0.0
2016,5,3,1,0,0.0,0.0,1.9,11.0,0.0,0.0,0.0
2016,5,3,1,15,0.0,0.0,1.9,11.0,0.0,0.0,0.0
2016,5,3,1,30,0.0,0.0,1.9,11.0,0.0,0.0,0.0
2016,5,3,1,45,0.0,0.0,1.9,11.0,0.0,0.0,0.0
2016,5,3,2,0,0.0,0.0,1.9,11.0,0.0,0.0,0.0
2016,5,3,2,15,0.0,0.0,1.9,11.0,0.0,0.0,0.0
2016,5,3,2,30,0.0,0.0,1.9,11.0,0.0,0.0,0.0
2016,5,3,2,45,0.0,0.0,1.95,11.0,0.0,0.0,0.0
2016,5,3,3,0,0.0,0.0,2.0,11.0,0.0,0.0,0.0
2016,5,3,3,15,0.0,0.0,1.95,11.0,0.0,0.0,0.0
2016,5,3,3,30,0.0,0.0,1.9,11.0,0.0,0.0,0.0
2016,5,3,3,45,0.0,0.0,1.9,11.0,0.0,0.0,0.0
2016,5,3,4,0,0.0,0.0,1.9,11.0,0.0,0.0,0.0
2016,5,3,4,15,0.0,0.0,1.85,11.0,0.0,0.0,0.0
2016,5,3,4,30,0.0,0.0,1.8,11.0,0.0,0.0,0.0
2016,5,3,4,45,0.0,0.0,1.75,11.0,0.0,0.0,0.0
2016,5,3,5,0,0.0,0.0,1.7,11.0,0.0,0.0,0.0
2016,5,3,5,15,0.0,3.0,1.65,11.0,3.0,2.95,0.0
2016,5,3,5,30,0.0,6.0,1.6,11.0,6.0,5.78,0.0
2016,5,3,5,45,0.0,17.0,1.6,11.5,17.0,16.4,8.12
2016,5,3,6,0,0.0,28.0,1.6,12.0,28.0,27.03,18.25
2016,5,3,6,15,0.0,42.0,1.5,12.0,42.0,40.57,30.74
2016,5,3,6,30,0.0,56.0,1.4,12.0,56.0,53.86,42.92
2016,5,3,6,45,0.0,71.5,1.35,12.0,71.5,68.26,53.08
2016,5,3,7,0,0.0,87.0,1.3,12.0,87.0,82.74,65.33
2016,5,3,7,15,137.0,129.0,1.45,12.0,189.5,132.62,101.03
2016,5,3,7,30,274.0,171.0,1.6,12.0,292.0,197.72,149.46
2016,5,3,7,45,158.5,191.0,1.8,12.5,263.0,206.66,161.53
2016,5,3,8,0,43.0,211.0,2.0,13.0,234.0,203.62,162.38
2016,5,3,8,15,127.0,243.0,2.1,13.0,319.0,259.6,205.89
2016,5,3,8,30,211.0,275.0,2.2,13.0,404.0,328.54,259.87
2016,5,3,8,45,241.0,292.5,2.35,13.5,451.0,369.6,291.9
2016,5,3,9,0,271.0,310.0,2.5,14.0,498.0,409.12,322.64
2016,5,3,9,15,285.0,327.0,2.45,14.0,534.5,446.54,351.6
2016,5,3,9,30,299.0,344.0,2.4,14.0,571.0,484.97,380.88
2016,5,3,9,45,193.5,364.5,2.35,14.5,514.0,456.42,356.95
2016,5,3,10,0,88.0,385.0,2.3,15.0,457.0,418.28,325.32
2016,5,3,10,15,171.5,401.5,2.15,15.0,548.0,494.96,384.11
2016,5,3,10,30,255.0,418.0,2.0,15.0,639.0,578.45,445.95
2016,5,3,10,45,222.5,434.0,1.9,15.5,630.0,581.87,445.5
2016,5,3,11,0,190.0,450.0,1.8,16.0,621.0,580.76,442.28
2016,5,3,11,15,161.0,456.5,1.7,16.0,603.0,571.5,434.2
2016,5,3,11,30,132.0,463.0,1.6,16.0,585.0,560.37,424.79
2016,5,3,11,45,225.5,453.0,1.5,16.0,662.5,639.05,482.99
2016,5,3,12,0,319.0,443.0,1.4,16.0,740.0,722.67,542.27
2016,5,3,12,15,388.0,413.5,1.45,16.0,773.5,765.71,573.77
2016,5,3,12,30,457.0,384.0,1.5,16.0,807.0,812.09,607.67
2016,5,3,12,45,453.0,379.0,1.55,16.0,794.5,811.82,607.8
2016,5,3,13,0,449.0,374.0,1.6,16.0,782.0,809.77,607.3
2016,5,3,13,15,476.5,358.0,1.7,16.0,784.0,824.61,619.8
2016,5,3,13,30,504.0,342.0,1.8,16.0,786.0,837.5,630.85
2016,5,3,13,45,438.0,356.0,1.9,16.0,734.0,791.05,598.62
2016,5,3,14,0,372.0,370.0,2.0,16.0,682.0,737.64,561.61
2016,5,3,14,15,403.5,340.5,2.1,16.0,667.5,741.48,567.46
2016,5,3,14,30,435.0,311.0,2.2,16.0,653.0,736.49,566.75
2016,5,3,14,45,396.0,309.0,2.35,16.0,609.0,686.78,532.39
2016,5,3,15,0,357.0,307.0,2.5,16.0,565.0,645.12,503.32
2016,5,3,15,15,268.0,302.5,2.65,15.5,489.5,558.89,440.21
2016,5,3,15,30,179.0,298.0,2.8,15.0,414.0,467.35,371.35
2016,5,3,15,45,143.5,274.0,2.95,15.0,362.5,409.84,327.88
2016,5,3,16,0,108.0,250.0,3.1,15.0,311.0,345.36,277.91
2016,5,3,16,15,100.5,226.0,3.1,15.0,278.5,311.83,252.21
2016,5,3,16,30,93.0,202.0,3.1,15.0,246.0,278.42,226.11
2016,5,3,16,45,177.5,174.5,3.1,15.0,247.5,309.04,253.41
2016,5,3,17,0,262.0,147.0,3.1,15.0,249.0,332.07,273.59
2016,5,3,17,15,222.0,132.5,3.0,14.5,210.0,283.43,233.64
2016,5,3,17,30,182.0,118.0,2.9,14.0,171.0,231.16,190.18
2016,5,3,17,45,153.5,96.0,2.85,14.0,134.5,185.71,151.29
2016,5,3,18,0,125.0,74.0,2.8,14.0,98.0,142.33,113.49
2016,5,3,18,15,82.5,53.0,2.6,13.5,67.0,96.86,73.96
2016,5,3,18,30,40.0,32.0,2.4,13.0,36.0,54.32,35.98
2016,5,3,18,45,20.0,16.0,2.25,13.0,18.0,24.83,0.0
2016,5,3,19,0,0.0,0.0,2.1,13.0,0.0,0.0,0.0
2016,5,3,19,15,0.0,0.0,2.05,13.0,0.0,0.0,0.0
2016,5,3,19,30,0.0,0.0,2.0,13.0,0.0,0.0,0.0
2016,5,3,19,45,0.0,0.0,2.0,13.0,0.0,0.0,0.0
2016,5,3,20,0,0.0,0.0,2.0,13.0,0.0,0.0,0.0
2016,5,3,20,15,0.0,0.0,2.05,12.5,0.0,0.0,0.0
2016,5,3,20,30,0.0,0.0,2.1,12.0,0.0,0.0,0.0
2016,5,3,20,45,0.0,0.0,2.15,12.0,0.0,0.0,0.0
2016,5,3,21,0,0.0,0.0,2.2,12.0,0.0,0.0,0.0
2016,5,3,21,15,0.0,0.0,2.2,12.0,0.0,0.0,0.0
2016,5,3,21,30,0.0,0.0,2.2,12.0,0.0,0.0,0.0
2016,5,3,21,45,0.0,0.0,2.2,12.0,0.0,0.0,0.0
2016,5,3,22,0,0.0,0.0,2.2,12.0,0.0,0.0,0.0
2016,5,3,22,15,0.0,0.0,2.1,12.0,0.0,0.0,0.0
2016,5,3,22,30,0.0,0.0,2.0,12.0,0.0,0.0,0.0
2016,5,3,22,45,0.0,0.0,1.95,12.0,0.0,0.0,0.0
2016,5,3,23,0,0.0,0.0,1.9,12.0,0.0,0.0,0.0
2016,5,3,23,15,0.0,0.0,1.85,12.0,0.0,0.0,0.0
2016,5,3,23,30,0.0,0.0,1.8,12.0,0.0,0.0,0.0
2016,5,3,23,45,0.0,0.0,1.75,12.0,0.0,0.0,0.0
2016,5,4,0,0,0.0,0.0,1.7,12.0,0.0,0.0,0.0
2016,5,4,0,15,0.0,0.0,1.7,12.0,0.0,0.0,0.0
2016,5,4,0,30,0.0,0.0,1.7,12.0,0.0,0.0,0.0
2016,5,4,0,45,0.0,0.0,1.7,12.0,0.0,0.0,0.0
2016,5,4,1,0,0.0,0.0,1.7,12.0,0.0,0.0,0.0
2016,5,4,1,15,0.0,0.0,1.7,12.0,0.0,0.0,0.0
2016,5,4,1,30,0.0,0.0,1.7,12.0,0.0,0.0,0.0
2016,5,4,1,45,0.0,0.0,1.75,12.0,0.0,0.0,0.0
2016,5,4,2,0,0.0,0.0,1.8,12.0,0.0,0.0,0.0
2016,5,4,2,15,0.0,0.0,1.9,12.0,0.0,0.0,0.0
2016,5,4,2,30,0.0,0.0,2.0,12.0,0.0,0.0,0.0
2016,5,4,2,45,0.0,0.0,2.1,12.0,0.0,0.0,0.0
2016,5,4,3,0,0.0,0.0,2.2,12.0,0.0,0.0,0.0
2016,5,4,3,15,0.0,0.0,2.25,12.0,0.0,0.0,0.0
2016,5,4,3,30,0.0,0.0,2.3,12.0,0.0,0.0,0.0
2016,5,4,3,45,0.0,0.0,2.4,12.0,0.0,0.0,0.0
2016,5,4,4,0,0.0,0.0,2.5,12.0,0.0,0.0,0.0
2016,5,4,4,15,0.0,0.0,2.5,12.0,0.0,0.0,0.0
2016,5,4,4,30,0.0,0.0,2.5,12.0,0.0,0.0,0.0
2016,5,4,4,45,0.0,0.0,2.55,12.0,0.0,0.0,0.0
2016,5,4,5,0,0.0,0.0,2.6,12.0,0.0,0.0,0.0
2016,5,4,5,15,0.0,8.5,2.55,12.0,8.5,8.36,0.0
2016,5,4,5,30,0.0,17.0,2.5,12.0,17.0,16.39,0.0
2016,5,4,5,45,66.5,38.5,2.5,12.0,48.5,33.24,22.37
2016,5,4,6,0,133.0,60.0,2.5,12.0,80.0,48.1,36.8
2016,5,4,6,15,188.5,80.0,2.45,12.0,120.0,62.89,50.6
2016,5,4,6,30,244.0,100.0,2.4,12.0,160.0,77.12,63.67
2016,5,4,6,45,326.0,104.0,2.4,12.0,205.0,93.93,65.29
2016,5,4,7,0,408.0,108.0,2.4,12.0,250.0,123.73,82.76
2016,5,4,7,15,338.5,141.0,2.3,12.0,271.0,167.86,121.64
2016,5,4,7,30,269.0,174.0,2.2,12.0,292.0,200.12,151.86
2016,5,4,7,45,205.5,203.5,2.15,12.5,300.0,229.09,178.45
2016,5,4,8,0,142.0,233.0,2.1,13.0,308.0,247.15,195.09
2016,5,4,8,15,143.5,256.5,2.0,13.0,338.5,276.99,219.21
2016,5,4,8,30,145.0,280.0,1.9,13.0,369.0,307.07,243.1
2016,5,4,8,45,165.5,301.5,1.85,13.0,411.0,344.19,272.1
2016,5,4,9,0,186.0,323.0,1.8,13.0,453.0,383.25,302.26
2016,5,4,9,15,239.0,335.0,1.7,13.0,511.5,433.49,340.76
2016,5,4,9,30,292.0,347.0,1.6,13.0,570.0,484.35,379.24
2016,5,4,9,45,289.0,365.5,1.55,13.5,594.0,514.12,400.16
2016,5,4,10,0,286.0,384.0,1.5,14.0,618.0,543.37,420.34
2016,5,4,10,15,243.0,406.5,1.5,14.0,610.0,547.57,422.18
2016,5,4,10,30,200.0,429.0,1.5,14.0,602.0,550.6,423.08
2016,5,4,10,45,202.5,439.5,1.5,14.0,618.5,572.02,438.4
2016,5,4,11,0,205.0,450.0,1.5,14.0,635.0,593.25,453.33
2016,5,4,11,15,237.5,451.5,1.65,14.0,668.5,630.72,481.64
2016,5,4,11,30,270.0,453.0,1.8,14.0,702.0,669.64,510.74
2016,5,4,11,45,240.5,461.5,2.0,14.5,684.5,660.86,503.6
2016,5,4,12,0,211.0,470.0,2.2,15.0,667.0,650.67,495.69
2016,5,4,12,15,318.0,431.5,2.3,15.0,727.0,720.22,549.39
2016,5,4,12,30,425.0,393.0,2.4,15.0,787.0,792.1,603.43
2016,5,4,12,45,420.0,390.0,2.5,15.0,776.0,792.61,604.04
2016,5,4,13,0,415.0,387.0,2.6,15.0,765.0,791.47,604.16
2016,5,4,13,15,396.0,388.5,2.65,15.0,744.0,775.11,593.0
2016,5,4,13,30,377.0,390.0,2.7,15.0,723.0,761.76,583.95
2016,5,4,13,45,379.5,377.5,2.8,15.5,705.0,752.82,578.08
2016,5,4,14,0,382.0,365.0,2.9,16.0,687.0,742.31,571.07
2016,5,4,14,15,401.5,342.0,2.95,16.0,668.5,734.81,567.73
2016,5,4,14,30,421.0,319.0,3.0,16.0,650.0,732.81,568.16
2016,5,4,14,45,433.0,297.5,3.05,16.0,624.0,716.23,558.06
2016,5,4,15,0,445.0,276.0,3.1,16.0,598.0,697.44,546.4
2016,5,4,15,15,461.0,252.0,3.1,15.5,568.5,677.11,534.48
2016,5,4,15,30,477.0,228.0,3.1,15.0,539.0,654.21,520.5
2016,5,4,15,45,453.5,217.0,3.1,15.0,495.0,611.44,489.36
2016,5,4,16,0,430.0,206.0,3.1,15.0,451.0,568.66,457.87
2016,5,4,16,15,287.0,206.0,3.0,14.5,363.0,442.41,359.34
2016,5,4,16,30,144.0,206.0,2.9,14.0,275.0,326.56,266.15
2016,5,4,16,45,227.5,174.0,2.85,14.0,269.0,349.59,287.44
2016,5,4,17,0,311.0,142.0,2.8,14.0,263.0,356.78,294.87
2016,5,4,17,15,270.5,128.0,2.7,13.5,222.5,306.18,253.41
2016,5,4,17,30,230.0,114.0,2.6,13.0,182.0,258.73,213.8
2016,5,4,17,45,194.0,94.0,2.55,13.0,143.5,209.35,171.5
2016,5,4,18,0,158.0,74.0,2.5,13.0,105.0,162.85,130.88
2016,5,4,18,15,109.0,54.0,2.35,12.5,72.0,114.19,88.39
2016,5,4,18,30,60.0,34.0,2.2,12.0,39.0,63.91,43.75
2016,5,4,18,45,30.0,17.0,2.1,12.0,19.5,29.15,0.0
2016,5,4,19,0,0.0,0.0,2.0,12.0,0.0,0.0,0.0
2016,5,4,19,15,0.0,0.0,1.95,12.0,0.0,0.0,0.0
2016,5,4,19,30,0.0,0.0,1.9,12.0,0.0,0.0,0.0
2016,5,4,19,45,0.0,0.0,1.85,12.0,0.0,0.0,0.0
2016,5,4,20,0,0.0,0.0,1.8,12.0,0.0,0.0,0.0
2016,5,4,20,15,0.0,0.0,1.8,12.0,0.0,0.0,0.0
2016,5,4,20,30,0.0,0.0,1.8,12.0,0.0,0.0,0.0
2016,5,4,20,45,0.0,0.0,1.8,12.0,0.0,0.0,0.0
2016,5,4,21,0,0.0,0.0,1.8,12.0,0.0,0.0,0.0
2016,5,4,21,15,0.0,0.0,1.8,12.0,0.0,0.0,0.0
2016,5,4,21,30,0.0,0.0,1.8,12.0,0.0,0.0,0.0
2016,5,4,21,45,0.0,0.0,1.85,12.0,0.0,0.0,0.0
2016,5,4,22,0,0.0,0.0,1.9,12.0,0.0,0.0,0.0
2016,5,4,22,15,0.0,0.0,1.95,12.0,0.0,0.0,0.0
2016,5,4,22,30,0.0,0.0,2.0,12.0,0.0,0.0,0.0
2016,5,4,22,45,0.0,0.0,2.05,12.0,0.0,0.0,0.0
2016,5,4,23,0,0.0,0.0,2.1,12.0,0.0,0.0,0.0
2016,5,4,23,15,0.0,0.0,2.1,12.0,0.0,0.0,0.0
2016,5,4,23,30,0.0,0.0,2.1,12.0,0.0,0.0,0.0
2016,5,4,23,45,0.0,0.0,2.15,12.0,0.0,0.0,0.0
2016,5,5,0,0,0.0,0.0,2.2,12.0,0.0,0.0,0.0
2016,5,5,0,15,0.0,0.0,2.2,12.0,0.0,0.0,0.0
2016,5,5,0,30,0.0,0.0,2.2,12.0,0.0,0.0,0.0
2016,5,5,0,45,0.0,0.0,2.2,12.0,0.0,0.0,0.0
2016,5,5,1,0,0.0,0.0,2.2,12.0,0.0,0.0,0.0
2016,5,5,1,15,0.0,0.0,2.2,12.0,0.0,0.0,0.0
2016,5,5,1,30,0.0,0.0,2.2,12.0,0.0,0.0,0.0
2016,5,5,1,45,0.0,0.0,2.2,12.0,0.0,0.0,0.0
2016,5,5,2,0,0.0,0.0,2.2,12.0,0.0,0.0,0.0
2016,5,5,2,15,0.0,0.0,2.15,12.0,0.0,0.0,0.0
2016,5,5,2,30,0.0,0.0,2.1,12.0,0.0,0.0,0.0
2016,5,5,2,45,0.0,0.0,2.05,12.0,0.0,0.0,0.0
2016,5,5,3,0,0.0,0.0,2.0,12.0,0.0,0.0,0.0
2016,5,5,3,15,0.0,0.0,1.95,12.0,0.0,0.0,0.0
2016,5,5,3,30,0.0,0.0,1.9,12.0,0.0,0.0,0.0
2016,5,5,3,45,0.0,0.0,1.9,12.0,0.0,0.0,0.0
2016,5,5,4,0,0.0,0.0,1.9,12.0,0.0,0.0,0.0
2016,5,5,4,15,0.0,0.0,1.85,12.0,0.0,0.0,0.0
2016,5,5,4,30,0.0,0.0,1.8,12.0,0.0,0.0,0.0
2016,5,5,4,45,0.0,0.0,1.8,12.0,0.0,0.0,0.0
2016,5,5,5,0,0.0,0.0,1.8,12.0,0.0,0.0,0.0
2016,5,5,5,15,0.0,7.5,1.9,12.0,7.5,7.37,0.0
2016,5,5,5,30,0.0,15.0,2.0,12.0,15.0,14.48,0.0
2016,5,5,5,45,21.5,35.0,2.1,12.5,38.0,32.11,21.55
2016,5,5,6,0,43.0,55.0,2.2,13.0,61.0,49.11,37.6
2016,5,5,6,15,64.0,77.0,2.25,13.0,90.5,67.2,54.24
2016,5,5,6,30,85.0,99.0,2.3,13.0,120.0,80.87,66.75
2016,5,5,6,45,108.0,119.0,2.35,13.0,152.5,104.71,80.39
2016,5,5,7,0,131.0,139.0,2.4,13.0,185.0,131.05,100.12
2016,5,5,7,15,164.5,161.0,2.4,13.0,228.0,163.01,124.75
2016,5,5,7,30,198.0,183.0,2.4,13.0,271.0,198.55,152.92
2016,5,5,7,45,118.0,196.5,2.45,13.5,250.5,202.08,158.86
2016,5,5,8,0,38.0,210.0,2.5,14.0,230.0,201.8,160.63
2016,5,5,8,15,69.0,243.0,2.45,14.0,284.5,244.54,194.24
2016,5,5,8,30,100.0,276.0,2.4,14.0,339.0,290.6,230.26
2016,5,5,8,45,145.5,300.0,2.4,14.0,398.0,334.5,264.46
2016,5,5,9,0,191.0,324.0,2.4,14.0,457.0,387.18,305.38
2016,5,5,9,15,154.0,343.5,2.35,14.0,455.0,395.46,311.23
2016,5,5,9,30,117.0,363.0,2.3,14.0,453.0,400.4,314.26
2016,5,5,9,45,245.0,361.5,2.3,14.5,559.5,483.71,378.7
2016,5,5,10,0,373.0,360.0,2.3,15.0,666.0,580.64,451.57
2016,5,5,10,15,278.0,395.5,2.3,15.0,628.0,562.92,435.95
2016,5,5,10,30,183.0,431.0,2.3,15.0,590.0,540.32,416.94
2016,5,5,10,45,225.5,435.5,2.3,15.5,636.0,586.62,450.98
2016,5,5,11,0,268.0,440.0,2.3,16.0,682.0,634.09,484.97
2016,5,5,11,15,240.0,452.5,2.3,16.0,671.5,634.25,483.81
2016,5,5,11,30,212.0,465.0,2.3,16.0,661.0,631.47,480.87
2016,5,5,11,45,270.0,454.0,2.35,16.0,705.0,681.23,518.33
2016,5,5,12,0,328.0,443.0,2.4,16.0,749.0,731.98,555.78
2016,5,5,12,15,341.5,429.5,2.4,16.0,747.5,740.33,561.99
2016,5,5,12,30,355.0,416.0,2.4,16.0,746.0,747.67,567.88
2016,5,5,12,45,354.5,411.5,2.4,16.0,738.5,749.74,569.6
2016,5,5,13,0,354.0,407.0,2.4,16.0,731.0,750.48,570.48
2016,5,5,13,15,302.5,415.0,2.4,16.0,688.0,714.4,543.94
2016,5,5,13,30,251.0,423.0,2.4,16.0,645.0,677.25,516.68
2016,5,5,13,45,244.0,416.0,2.4,16.0,626.5,665.85,509.22
2016,5,5,14,0,237.0,409.0,2.4,16.0,608.0,645.91,495.6
2016,5,5,14,15,121.5,301.5,2.4,16.0,403.5,425.66,332.33
2016,5,5,14,30,6.0,194.0,2.4,16.0,199.0,195.57,152.28
2016,5,5,14,45,51.0,264.5,2.4,16.0,302.0,314.92,248.35
2016,5,5,15,0,96.0,335.0,2.4,16.0,405.0,430.67,338.08
2016,5,5,15,15,133.0,317.5,2.35,15.5,408.0,452.14,356.29
2016,5,5,15,30,170.0,300.0,2.3,15.0,411.0,462.55,366.71
2016,5,5,15,45,249.5,265.5,2.25,15.0,415.0,494.12,393.83
2016,5,5,16,0,329.0,231.0,2.2,15.0,419.0,510.89,409.46
2016,5,5,16,15,493.5,173.5,2.2,15.0,427.0,566.86,456.56
2016,5,5,16,30,658.0,116.0,2.2,15.0,435.0,604.54,488.65
2016,5,5,16,45,621.5,110.0,2.2,15.0,384.0,549.2,446.13
2016,5,5,17,0,585.0,104.0,2.2,15.0,333.0,495.25,404.24
2016,5,5,17,15,537.0,95.5,2.25,14.5,282.0,433.61,355.85
2016,5,5,17,30,489.0,87.0,2.3,14.0,231.0,372.52,306.26
2016,5,5,17,45,420.5,76.5,2.35,14.0,183.0,305.96,249.98
2016,5,5,18,0,352.0,66.0,2.4,14.0,135.0,245.31,197.22
2016,5,5,18,15,260.0,51.0,2.25,13.5,94.0,176.18,137.28
2016,5,5,18,30,168.0,36.0,2.1,13.0,53.0,116.02,83.0
2016,5,5,18,45,84.0,18.0,2.0,13.0,26.5,54.09,0.0
2016,5,5,19,0,0.0,0.0,1.9,13.0,0.0,0.0,0.0
2016,5,5,19,15,0.0,0.0,1.8,12.5,0.0,0.0,0.0
2016,5,5,19,30,0.0,0.0,1.7,12.0,0.0,0.0,0.0
2016,5,5,19,45,0.0,0.0,1.65,12.0,0.0,0.0,0.0
2016,5,5,20,0,0.0,0.0,1.6,12.0,0.0,0.0,0.0
2016,5,5,20,15,0.0,0.0,1.7,12.0,0.0,0.0,0.0
2016,5,5,20,30,0.0,0.0,1.8,12.0,0.0,0.0,0.0
2016,5,5,20,45,0.0,0.0,1.9,12.0,0.0,0.0,0.0
2016,5,5,21,0,0.0,0.0,2.0,12.0,0.0,0.0,0.0
2016,5,5,21,15,0.0,0.0,2.25,12.0,0.0,0.0,0.0
2016,5,5,21,30,0.0,0.0,2.5,12.0,0.0,0.0,0.0
2016,5,5,21,45,0.0,0.0,2.8,12.0,0.0,0.0,0.0
2016,5,5,22,0,0.0,0.0,3.1,12.0,0.0,0.0,0.0
2016,5,5,22,15,0.0,0.0,3.2,12.0,0.0,0.0,0.0
2016,5,5,22,30,0.0,0.0,3.3,12.0,0.0,0.0,0.0
2016,5,5,22,45,0.0,0.0,3.45,12.0,0.0,0.0,0.0
2016,5,5,23,0,0.0,0.0,3.6,12.0,0.0,0.0,0.0
2016,5,5,23,15,0.0,0.0,3.5,11.5,0.0,0.0,0.0
2016,5,5,23,30,0.0,0.0,3.4,11.0,0.0,0.0,0.0
2016,5,5,23,45,0.0,0.0,3.35,11.0,0.0,0.0,0.0
2016,5,6,0,0,0.0,0.0,3.3,11.0,0.0,0.0,0.0
2016,5,6,0,15,0.0,0.0,3.25,11.0,0.0,0.0,0.0
2016,5,6,0,30,0.0,0.0,3.2,11.0,0.0,0.0,0.0
2016,5,6,0,45,0.0,0.0,3.15,11.0,0.0,0.0,0.0
2016,5,6,1,0,0.0,0.0,3.1,11.0,0.0,0.0,0.0
2016,5,6,1,15,0.0,0.0,3.05,11.0,0.0,0.0,0.0
2016,5,6,1,30,0.0,0.0,3.0,11.0,0.0,0.0,0.0
2016,5,6,1,45,0.0,0.0,3.0,11.0,0.0,0.0,0.0
2016,5,6,2,0,0.0,0.0,3.0,11.0,0.0,0.0,0.0
2016,5,6,2,15,0.0,0.0,2.95,11.0,0.0,0.0,0.0
2016,5,6,2,30,0.0,0.0,2.9,11.0,0.0,0.0,0.0
2016,5,6,2,45,0.0,0.0,2.9,11.0,0.0,0.0,0.0
2016,5,6,3,0,0.0,0.0,2.9,11.0,0.0,0.0,0.0
2016,5,6,3,15,0.0,0.0,2.9,11.0,0.0,0.0,0.0
2016,5,6,3,30,0.0,0.0,2.9,11.0,0.0,0.0,0.0
2016,5,6,3,45,0.0,0.0,2.9,11.0,0.0,0.0,0.0
2016,5,6,4,0,0.0,0.0,2.9,11.0,0.0,0.0,0.0
2016,5,6,4,15,0.0,0.0,2.85,11.0,0.0,0.0,0.0
2016,5,6,4,30,0.0,0.0,2.8,11.0,0.0,0.0,0.0
2016,5,6,4,45,0.0,0.0,2.75,11.0,0.0,0.0,0.0
2016,5,6,5,0,0.0,0.0,2.7,11.0,0.0,0.0,0.0
2016,5,6,5,15,0.0,4.0,2.7,11.0,4.0,3.93,0.0
2016,5,6,5,30,0.0,8.0,2.7,11.0,8.0,7.71,0.0
2016,5,6,5,45,0.0,20.0,2.7,11.5,20.0,19.3,10.86
2016,5,6,6,0,0.0,32.0,2.7,12.0,32.0,30.9,21.74
2016,5,6,6,15,0.0,47.5,2.65,12.0,47.5,45.77,35.43
2016,5,6,6,30,0.0,63.0,2.6,12.0,63.0,60.08,48.5
2016,5,6,6,45,0.0,79.5,2.55,12.0,79.5,75.38,59.15
2016,5,6,7,0,0.0,96.0,2.5,12.0,96.0,90.78,72.16
2016,5,6,7,15,61.5,141.5,2.45,12.0,169.5,136.81,107.96
2016,5,6,7,30,123.0,187.0,2.4,12.0,243.0,187.02,147.01
2016,5,6,7,45,61.5,158.5,2.4,12.0,186.5,161.03,127.86
2016,5,6,8,0,0.0,130.0,2.4,12.0,130.0,124.12,98.91
2016,5,6,8,15,10.0,177.5,2.35,12.0,184.0,171.44,137.44
2016,5,6,8,30,20.0,225.0,2.3,12.0,238.0,219.61,175.94
2016,5,6,8,45,13.0,211.5,2.3,12.5,220.5,206.24,164.39
2016,5,6,9,0,6.0,198.0,2.3,13.0,203.0,191.66,152.04
2016,5,6,9,15,5.5,190.5,2.3,13.0,195.0,185.17,146.55
2016,5,6,9,30,5.0,183.0,2.3,13.0,187.0,178.44,140.88
2016,5,6,9,45,6.5,195.5,2.3,13.0,201.0,191.67,151.28
2016,5,6,10,0,8.0,208.0,2.3,13.0,215.0,205.05,161.72
2016,5,6,10,15,4.0,163.5,2.3,13.0,167.0,160.49,125.81
2016,5,6,10,30,0.0,119.0,2.3,13.0,119.0,115.12,89.03
2016,5,6,10,45,7.5,201.5,2.3,13.5,208.5,200.18,157.24
2016,5,6,11,0,15.0,284.0,2.3,14.0,298.0,285.68,223.68
2016,5,6,11,15,17.5,305.5,2.3,14.0,322.0,309.34,241.55
2016,5,6,11,30,20.0,327.0,2.3,14.0,346.0,333.24,259.74
2016,5,6,11,45,22.0,341.0,2.35,14.0,362.0,349.69,272.24
2016,5,6,12,0,24.0,355.0,2.4,14.0,378.0,366.27,284.87
2016,5,6,12,15,21.0,336.0,2.4,14.0,356.5,346.15,269.46
2016,5,6,12,30,18.0,317.0,2.4,14.0,335.0,325.7,253.89
2016,5,6,12,45,13.5,264.5,2.4,14.0,278.0,270.6,211.5
2016,5,6,13,0,9.0,212.0,2.4,14.0,221.0,215.15,168.31
2016,5,6,13,15,10.0,227.5,2.35,14.0,237.0,231.63,181.54
2016,5,6,13,30,11.0,243.0,2.3,14.0,253.0,248.2,194.64
2016,5,6,13,45,14.0,265.0,2.3,14.0,277.5,273.28,214.46
2016,5,6,14,0,17.0,287.0,2.3,14.0,302.0,298.6,234.38
2016,5,6,14,15,18.5,286.5,2.25,14.0,302.0,299.97,235.69
2016,5,6,14,30,20.0,286.0,2.2,14.0,302.0,301.33,237.13
2016,5,6,14,45,10.0,192.5,2.15,14.0,200.5,197.83,155.89
2016,5,6,15,0,0.0,99.0,2.1,14.0,99.0,95.95,73.75
2016,5,6,15,15,11.0,169.5,1.95,14.0,177.0,175.69,139.35
2016,5,6,15,30,22.0,240.0,1.8,14.0,255.0,257.6,205.07
2016,5,6,15,45,11.0,189.5,1.7,14.0,197.0,196.56,156.27
2016,5,6,16,0,0.0,139.0,1.6,14.0,139.0,136.4,107.72
2016,5,6,16,15,0.0,101.5,1.4,13.5,101.5,98.66,77.25
2016,5,6,16,30,0.0,64.0,1.2,13.0,64.0,61.87,46.91
2016,5,6,16,45,0.0,50.0,1.0,13.0,50.0,48.31,35.64
2016,5,6,17,0,0.0,36.0,0.8,13.0,36.0,34.76,24.22
2016,5,6,17,15,0.0,30.5,0.7,13.0,30.5,29.44,19.74
2016,5,6,17,30,0.0,25.0,0.6,13.0,25.0,24.12,15.19
2016,5,6,17,45,0.0,20.0,0.5,13.0,20.0,19.29,11.0
2016,5,6,18,0,0.0,15.0,0.4,13.0,15.0,14.46,6.76
2016,5,6,18,15,0.0,10.0,0.45,12.5,10.0,9.64,2.51
2016,5,6,18,30,0.0,5.0,0.5,12.0,5.0,4.82,0.0
2016,5,6,18,45,0.0,2.5,0.55,12.0,2.5,2.41,0.0
2016,5,6,19,0,0.0,0.0,0.6,12.0,0.0,0.0,0.0
2016,5,6,19,15,0.0,0.0,0.6,12.0,0.0,0.0,0.0
2016,5,6,19,30,0.0,0.0,0.6,12.0,0.0,0.0,0.0
2016,5,6,19,45,0.0,0.0,0.6,12.0,0.0,0.0,0.0
2016,5,6,20,0,0.0,0.0,0.6,12.0,0.0,0.0,0.0
2016,5,6,20,15,0.0,0.0,0.6,11.5,0.0,0.0,0.0
2016,5,6,20,30,0.0,0.0,0.6,11.0,0.0,0.0,0.0
2016,5,6,20,45,0.0,0.0,0.6,11.0,0.0,0.0,0.0
2016,5,6,21,0,0.0,0.0,0.6,11.0,0.0,0.0,0.0
2016,5,6,21,15,0.0,0.0,0.6,11.0,0.0,0.0,0.0
2016,5,6,21,30,0.0,0.0,0.6,11.0,0.0,0.0,0.0
2016,5,6,21,45,0.0,0.0,0.6,11.0,0.0,0.0,0.0
2016,5,6,22,0,0.0,0.0,0.6,11.0,0.0,0.0,0.0
2016,5,6,22,15,0.0,0.0,0.6,11.0,0.0,0.0,0.0
2016,5,6,22,30,0.0,0.0,0.6,11.0,0.0,0.0,0.0
2016,5,6,22,45,0.0,0.0,0.6,11.0,0.0,0.0,0.0
2016,5,6,23,0,0.0,0.0,0.6,11.0,0.0,0.0,0.0
2016,5,6,23,15,0.0,0.0,0.55,11.0,0.0,0.0,0.0
2016,5,6,23,30,0.0,0.0,0.5,11.0,0.0,0.0,0.0
2016,5,6,23,45,0.0,0.0,0.5,11.0,0.0,0.0,0.0
2016,5,7,0,0,0.0,0.0,0.5,11.0,0.0,0.0,0.0
2016,5,7,0,15,0.0,0.0,0.55,11.0,0.0,0.0,0.0
2016,5,7,0,30,0.0,0.0,0.6,11.0,0.0,0.0,0.0
2016,5,7,0,45,0.0,0.0,0.7,11.0,0.0,0.0,0.0
2016,5,7,1,0,0.0,0.0,0.8,11.0,0.0,0.0,0.0
2016,5,7,1,15,0.0,0.0,0.85,11.0,0.0,0.0,0.0
2016,5,7,1,30,0.0,0.0,0.9,11.0,0.0,0.0,0.0
2016,5,7,1,45,0.0,0.0,1.0,11.0,0.0,0.0,0.0
2016,5,7,2,0,0.0,0.0,1.1,11.0,0.0,0.0,0.0
2016,5,7,2,15,0.0,0.0,1.2,11.0,0.0,0.0,0.0
2016,5,7,2,30,0.0,0.0,1.3,11.0,0.0,0.0,0.0
2016,5,7,2,45,0.0,0.0,1.4,11.0,0.0,0.0,0.0
2016,5,7,3,0,0.0,0.0,1.5,11.0,0.0,0.0,0.0
2016,5,7,3,15,0.0,0.0,1.5,11.0,0.0,0.0,0.0
2016,5,7,3,30,0.0,0.0,1.5,11.0,0.0,0.0,0.0
2016,5,7,3,45,0.0,0.0,1.55,11.0,0.0,0.0,0.0
2016,5,7,4,0,0.0,0.0,1.6,11.0,0.0,0.0,0.0
2016,5,7,4,15,0.0,0.0,1.55,11.0,0.0,0.0,0.0
2016,5,7,4,30,0.0,0.0,1.5,11.0,0.0,0.0,0.0
2016,5,7,4,45,0.0,0.0,1.5,11.0,0.0,0.0,0.0
2016,5,7,5,0,0.0,0.0,1.5,11.0,0.0,0.0,0.0
2016,5,7,5,15,0.0,8.0,1.65,11.0,8.0,7.86,0.0
2016,5,7,5,30,0.0,16.0,1.8,11.0,16.0,15.44,2.55
2016,5,7,5,45,15.5,36.5,2.0,11.5,39.0,33.48,23.11
2016,5,7,6,0,31.0,57.0,2.2,12.0,62.0,50.83,39.37
2016,5,7,6,15,50.0,79.0,2.25,12.0,90.5,68.88,56.02
2016,5,7,6,30,69.0,101.0,2.3,12.0,119.0,87.35,72.81
2016,5,7,6,45,92.0,121.5,2.35,12.5,151.0,106.75,82.54
2016,5,7,7,0,115.0,142.0,2.4,13.0,183.0,132.79,102.16
2016,5,7,7,15,89.5,162.0,2.45,13.0,197.0,157.68,123.59
2016,5,7,7,30,64.0,182.0,2.5,13.0,211.0,175.76,139.46
2016,5,7,7,45,41.5,188.5,2.6,13.0,208.0,181.13,144.55
2016,5,7,8,0,19.0,195.0,2.7,13.0,205.0,188.23,150.72
2016,5,7,8,15,10.0,180.0,2.75,13.0,185.5,173.77,138.75
2016,5,7,8,30,1.0,165.0,2.8,13.0,166.0,157.63,125.36
2016,5,7,8,45,0.5,154.5,2.9,13.5,155.0,148.16,117.12
2016,5,7,9,0,0.0,144.0,3.0,14.0,144.0,138.37,108.68
2016,5,7,9,15,13.0,218.0,2.95,14.0,228.0,214.85,170.14
2016,5,7,9,30,26.0,292.0,2.9,14.0,312.0,288.08,227.61
2016,5,7,9,45,13.0,201.5,2.9,14.5,211.5,201.45,158.3
2016,5,7,10,0,0.0,111.0,2.9,15.0,111.0,107.36,82.31
2016,5,7,10,15,0.0,93.5,2.85,15.0,93.5,90.56,68.68
2016,5,7,10,30,0.0,76.0,2.8,15.0,76.0,73.66,54.87
2016,5,7,10,45,0.0,104.5,2.75,15.0,104.5,101.2,77.16
2016,5,7,11,0,0.0,133.0,2.7,15.0,133.0,128.72,99.22
2016,5,7,11,15,0.0,99.0,2.65,15.0,99.0,95.94,72.73
2016,5,7,11,30,0.0,65.0,2.6,15.0,65.0,63.03,46.04
2016,5,7,11,45,0.0,79.0,2.6,15.5,79.0,76.61,56.98
2016,5,7,12,0,0.0,93.0,2.6,16.0,93.0,90.21,67.81
2016,5,7,12,15,0.0,101.5,2.55,16.0,101.5,98.48,74.46
2016,5,7,12,30,0.0,110.0,2.5,16.0,110.0,106.77,81.12
2016,5,7,12,45,0.0,106.5,2.5,16.0,106.5,103.39,78.42
2016,5,7,13,0,0.0,103.0,2.5,16.0,103.0,99.99,75.73
2016,5,7,13,15,20.0,240.0,2.45,16.0,257.5,257.54,201.2
2016,5,7,13,30,40.0,377.0,2.4,16.0,412.0,417.01,322.69
2016,5,7,13,45,25.5,311.5,2.4,16.0,334.0,337.33,261.79
2016,5,7,14,0,11.0,246.0,2.4,16.0,256.0,251.81,196.13
2016,5,7,14,15,5.5,197.0,2.4,16.0,202.5,197.95,154.28
2016,5,7,14,30,0.0,148.0,2.4,16.0,149.0,144.29,111.77
2016,5,7,14,45,0.0,149.0,2.4,16.0,150.0,145.37,112.95
2016,5,7,15,0,0.0,150.0,2.4,16.0,151.0,146.49,114.09
2016,5,7,15,15,0.0,140.0,2.35,15.5,140.5,136.64,106.62
2016,5,7,15,30,0.0,130.0,2.3,15.0,130.0,126.78,99.1
2016,5,7,15,45,20.5,180.0,2.3,15.0,192.0,194.34,154.94
2016,5,7,16,0,41.0,230.0,2.3,15.0,254.0,271.5,217.43
2016,5,7,16,15,25.5,198.0,2.25,15.0,212.5,217.71,174.35
2016,5,7,16,30,10.0,166.0,2.2,15.0,171.0,173.16,138.47
2016,5,7,16,45,5.0,141.5,2.2,15.0,144.0,144.61,115.48
2016,5,7,17,0,0.0,117.0,2.2,15.0,117.0,116.34,92.35
2016,5,7,17,15,0.0,99.5,2.1,14.5,99.5,98.8,78.13
2016,5,7,17,30,0.0,82.0,2.0,14.0,82.0,81.18,63.54
2016,5,7,17,45,171.0,74.5,1.95,14.0,109.0,174.28,142.48
2016,5,7,18,0,342.0,67.0,1.9,14.0,136.0,243.28,196.12
2016,5,7,18,15,254.0,52.5,1.85,13.5,95.5,176.44,137.9
2016,5,7,18,30,166.0,38.0,1.8,13.0,55.0,118.17,85.94
2016,5,7,18,45,83.0,19.0,1.75,13.0,27.5,56.16,9.31
2016,5,7,19,0,0.0,0.0,1.7,13.0,0.0,0.0,0.0
2016,5,7,19,15,0.0,0.0,1.6,13.0,0.0,0.0,0.0
2016,5,7,19,30,0.0,0.0,1.5,13.0,0.0,0.0,0.0
2016,5,7,19,45,0.0,0.0,1.45,13.0,0.0,0.0,0.0
2016,5,7,20,0,0.0,0.0,1.4,13.0,0.0,0.0,0.0
2016,5,7,20,15,0.0,0.0,1.3,12.5,0.0,0.0,0.0
2016,5,7,20,30,0.0,0.0,1.2,12.0,0.0,0.0,0.0
2016,5,7,20,45,0.0,0.0,1.2,12.0,0.0,0.0,0.0
2016,5,7,21,0,0.0,0.0,1.2,12.0,0.0,0.0,0.0
2016,5,7,21,15,0.0,0.0,1.15,12.0,0.0,0.0,0.0
2016,5,7,21,30,0.0,0.0,1.1,12.0,0.0,0.0,0.0
2016,5,7,21,45,0.0,0.0,1.05,12.0,0.0,0.0,0.0
2016,5,7,22,0,0.0,0.0,1.0,12.0,0.0,0.0,0.0
2016,5,7,22,15,0.0,0.0,0.95,12.0,0.0,0.0,0.0
2016,5,7,22,30,0.0,0.0,0.9,12.0,0.0,0.0,0.0
2016,5,7,22,45,0.0,0.0,0.9,12.0,0.0,0.0,0.0
2016,5,7,23,0,0.0,0.0,0.9,12.0,0.0,0.0,0.0
2016,5,7,23,15,0.0,0.0,0.9,12.0,0.0,0.0,0.0
2016,5,7,23,30,0.0,0.0,0.9,12.0,0.0,0.0,0.0
2016,5,7,23,45,0.0,0.0,0.9,12.0,0.0,0.0,0.0
2016,5,8,0,0,0.0,0.0,0.9,12.0,0.0,0.0,0.0
2016,5,8,0,15,0.0,0.0,0.9,12.0,0.0,0.0,0.0
2016,5,8,0,30,0.0,0.0,0.9,12.0,0.0,0.0,0.0
2016,5,8,0,45,0.0,0.0,0.95,12.0,0.0,0.0,0.0
2016,5,8,1,0,0.0,0.0,1.0,12.0,0.0,0.0,0.0
2016,5,8,1,15,0.0,0.0,1.0,12.0,0.0,0.0,0.0
2016,5,8,1,30,0.0,0.0,1.0,12.0,0.0,0.0,0.0
2016,5,8,1,45,0.0,0.0,1.0,12.0,0.0,0.0,0.0
2016,5,8,2,0,0.0,0.0,1.0,12.0,0.0,0.0,0.0
2016,5,8,2,15,0.0,0.0,1.0,11.5,0.0,0.0,0.0
2016,5,8,2,30,0.0,0.0,1.0,11.0,0.0,0.0,0.0
2016,5,8,2,45,0.0,0.0,1.05,11.0,0.0,0.0,0.0
2016,5,8,3,0,0.0,0.0,1.1,11.0,0.0,0.0,0.0
2016,5,8,3,15,0.0,0.0,1.1,11.0,0.0,0.0,0.0
2016,5,8,3,30,0.0,0.0,1.1,11.0,0.0,0.0,0.0
2016,5,8,3,45,0.0,0.0,1.15,11.0,0.0,0.0,0.0
2016,5,8,4,0,0.0,0.0,1.2,11.0,0.0,0.0,0.0
2016,5,8,4,15,0.0,0.0,1.2,11.0,0.0,0.0,0.0
2016,5,8,4,30,0.0,0.0,1.2,11.0,0.0,0.0,0.0
2016,5,8,4,45,0.0,0.0,1.2,11.5,0.0,0.0,0.0
2016,5,8,5,0,0.0,0.0,1.2,12.0,0.0,0.0,0.0
2016,5,8,5,15,41.5,12.0,1.2,12.0,14.5,11.8,0.0
2016,5,8,5,30,83.0,24.0,1.2,12.0,29.0,20.12,6.25
2016,5,8,5,45,178.5,40.5,1.25,12.5,65.5,31.11,21.11
2016,5,8,6,0,274.0,57.0,1.3,13.0,102.0,42.93,32.34
2016,5,8,6,15,348.0,69.5,1.3,13.0,147.0,50.97,39.96
2016,5,8,6,30,422.0,82.0,1.3,13.0,192.0,63.76,45.64
2016,5,8,6,45,211.0,98.5,1.35,13.5,153.5,92.47,66.08
2016,5,8,7,0,0.0,115.0,1.4,14.0,115.0,107.22,85.26
2016,5,8,7,15,0.0,128.0,1.4,14.0,128.0,119.87,95.53
2016,5,8,7,30,0.0,141.0,1.4,14.0,141.0,132.48,105.61
2016,5,8,7,45,16.0,175.0,1.45,14.0,183.5,167.67,133.53
2016,5,8,8,0,32.0,209.0,1.5,14.0,226.0,199.77,158.7
2016,5,8,8,15,21.0,207.0,1.5,14.0,219.0,201.95,160.25
2016,5,8,8,30,10.0,205.0,1.5,14.0,212.0,197.77,156.65
2016,5,8,8,45,27.5,248.5,1.5,14.5,268.0,241.96,190.98
2016,5,8,9,0,45.0,292.0,1.5,15.0,324.0,291.84,229.05
2016,5,8,9,15,46.0,308.5,1.5,15.0,343.0,310.92,243.2
2016,5,8,9,30,47.0,325.0,1.5,15.0,362.0,330.12,257.48
2016,5,8,9,45,50.0,345.0,1.55,15.0,385.5,353.86,275.24
2016,5,8,10,0,53.0,365.0,1.6,15.0,409.0,377.95,293.12
2016,5,8,10,15,99.0,399.0,1.65,15.0,484.5,445.76,344.52
2016,5,8,10,30,145.0,433.0,1.7,15.0,560.0,515.04,395.95
2016,5,8,10,45,132.0,442.0,1.8,15.5,559.5,521.15,399.01
2016,5,8,11,0,119.0,451.0,1.9,16.0,559.0,526.25,401.73
2016,5,8,11,15,124.5,452.0,2.0,16.0,567.0,538.41,410.96
2016,5,8,11,30,130.0,453.0,2.1,16.0,575.0,550.53,420.15
2016,5,8,11,45,227.0,449.5,2.25,16.0,662.5,639.16,487.39
2016,5,8,12,0,324.0,446.0,2.4,16.0,750.0,732.98,556.59
2016,5,8,12,15,341.5,428.5,2.45,16.0,748.5,741.07,562.74
2016,5,8,12,30,359.0,411.0,2.5,16.0,747.0,748.17,568.97
2016,5,8,12,45,615.5,273.5,2.65,16.0,841.5,864.14,659.81
2016,5,8,13,0,872.0,136.0,2.8,16.0,936.0,967.9,732.97
2016,5,8,13,15,868.0,135.0,2.85,16.0,919.0,967.09,732.34
2016,5,8,13,30,864.0,134.0,2.9,16.0,902.0,963.38,730.87
2016,5,8,13,45,590.5,263.0,3.0,16.0,781.5,844.92,648.65
2016,5,8,14,0,317.0,392.0,3.1,16.0,661.0,711.86,547.2
2016,5,8,14,15,579.0,258.0,3.15,16.0,727.0,823.69,637.92
2016,5,8,14,30,841.0,124.0,3.2,16.0,793.0,907.75,699.78
2016,5,8,14,45,834.5,119.5,3.25,16.0,757.0,889.71,688.02
2016,5,8,15,0,828.0,115.0,3.3,16.0,721.0,863.91,671.66
2016,5,8,15,15,609.0,188.5,3.35,16.0,620.0,741.85,585.07
2016,5,8,15,30,390.0,262.0,3.4,16.0,519.0,612.98,485.96
2016,5,8,15,45,580.0,181.5,3.45,16.0,533.0,680.36,543.41
2016,5,8,16,0,770.0,101.0,3.5,16.0,547.0,718.74,575.26
2016,5,8,16,15,746.5,97.0,3.55,15.5,497.5,671.9,542.85
2016,5,8,16,30,723.0,93.0,3.6,15.0,448.0,627.18,511.85
2016,5,8,16,45,694.5,87.5,3.7,15.0,398.0,575.19,472.2
2016,5,8,17,0,666.0,82.0,3.8,15.0,348.0,523.92,432.0
2016,5,8,17,15,623.0,76.0,3.85,14.5,297.0,464.63,384.72
2016,5,8,17,30,580.0,70.0,3.9,14.0,246.0,407.88,337.88
2016,5,8,17,45,519.5,62.5,3.95,14.0,197.0,343.62,282.73
2016,5,8,18,0,459.0,55.0,4.0,14.0,148.0,284.14,230.1
2016,5,8,18,15,364.5,44.5,3.9,13.5,105.0,212.85,167.45
2016,5,8,18,30,270.0,34.0,3.8,13.0,62.0,150.5,110.71
2016,5,8,18,45,135.0,17.0,3.7,12.5,31.0,69.45,18.86
2016,5,8,19,0,0.0,0.0,3.6,12.0,0.0,0.0,0.0
2016,5,8,19,15,0.0,0.0,3.55,12.0,0.0,0.0,0.0
2016,5,8,19,30,0.0,0.0,3.5,12.0,0.0,0.0,0.0
2016,5,8,19,45,0.0,0.0,3.45,12.0,0.0,0.0,0.0
2016,5,8,20,0,0.0,0.0,3.4,12.0,0.0,0.0,0.0
2016,5,8,20,15,0.0,0.0,3.4,11.5,0.0,0.0,0.0
2016,5,8,20,30,0.0,0.0,3.4,11.0,0.0,0.0,0.0
2016,5,8,20,45,0.0,0.0,3.4,11.0,0.0,0.0,0.0
2016,5,8,21,0,0.0,0.0,3.4,11.0,0.0,0.0,0.0
2016,5,8,21,15,0.0,0.0,3.4,11.0,0.0,0.0,0.0
2016,5,8,21,30,0.0,0.0,3.4,11.0,0.0,0.0,0.0
2016,5,8,21,45,0.0,0.0,3.45,11.0,0.0,0.0,0.0
2016,5,8,22,0,0.0,0.0,3.5,11.0,0.0,0.0,0.0
2016,5,8,22,15,0.0,0.0,3.5,11.0,0.0,0.0,0.0
2016,5,8,22,30,0.0,0.0,3.5,11.0,0.0,0.0,0.0
2016,5,8,22,45,0.0,0.0,3.55,11.0,0.0,0.0,0.0
2016,5,8,23,0,0.0,0.0,3.6,11.0,0.0,0.0,0.0
2016,5,8,23,15,0.0,0.0,3.6,11.0,0.0,0.0,0.0
2016,5,8,23,30,0.0,0.0,3.6,11.0,0.0,0.0,0.0
2016,5,8,23,45,0.0,0.0,3.65,11.0,0.0,0.0,0.0
2016,5,9,0,0,0.0,0.0,3.7,11.0,0.0,0.0,0.0
2016,5,9,0,15,0.0,0.0,3.65,11.0,0.0,0.0,0.0
2016,5,9,0,30,0.0,0.0,3.6,11.0,0.0,0.0,0.0
2016,5,9,0,45,0.0,0.0,3.6,11.0,0.0,0.0,0.0
2016,5,9,1,0,0.0,0.0,3.6,11.0,0.0,0.0,0.0
2016,5,9,1,15,0.0,0.0,3.55,11.0,0.0,0.0,0.0
2016,5,9,1,30,0.0,0.0,3.5,11.0,0.0,0.0,0.0
2016,5,9,1,45,0.0,0.0,3.5,11.0,0.0,0.0,0.0
2016,5,9,2,0,0.0,0.0,3.5,11.0,0.0,0.0,0.0
2016,5,9,2,15,0.0,0.0,3.4,10.5,0.0,0.0,0.0
2016,5,9,2,30,0.0,0.0,3.3,10.0,0.0,0.0,0.0
2016,5,9,2,45,0.0,0.0,3.25,10.0,0.0,0.0,0.0
2016,5,9,3,0,0.0,0.0,3.2,10.0,0.0,0.0,0.0
2016,5,9,3,15,0.0,0.0,3.1,10.0,0.0,0.0,0.0
2016,5,9,3,30,0.0,0.0,3.0,10.0,0.0,0.0,0.0
2016,5,9,3,45,0.0,0.0,2.9,10.0,0.0,0.0,0.0
2016,5,9,4,0,0.0,0.0,2.8,10.0,0.0,0.0,0.0
2016,5,9,4,15,0.0,0.0,2.75,10.0,0.0,0.0,0.0
2016,5,9,4,30,0.0,0.0,2.7,10.0,0.0,0.0,0.0
2016,5,9,4,45,0.0,0.0,2.7,10.0,0.0,0.0,0.0
2016,5,9,5,0,0.0,0.0,2.7,10.0,0.0,0.0,0.0
2016,5,9,5,15,50.5,13.0,2.7,10.0,16.5,12.78,0.0
2016,5,9,5,30,101.0,26.0,2.7,10.0,33.0,21.72,8.34
2016,5,9,5,45,207.0,42.0,2.75,10.5,71.0,32.27,22.36
2016,5,9,6,0,313.0,58.0,2.8,11.0,109.0,43.65,33.26
2016,5,9,6,15,156.5,65.5,2.8,11.0,91.0,52.18,41.38
2016,5,9,6,30,0.0,73.0,2.8,11.0,73.0,68.77,53.67
2016,5,9,6,45,0.0,91.5,2.8,11.0,91.5,85.85,68.32
2016,5,9,7,0,0.0,110.0,2.8,11.0,110.0,103.06,82.83
2016,5,9,7,15,91.5,149.5,2.75,11.0,191.5,144.7,113.68
2016,5,9,7,30,183.0,189.0,2.7,11.0,273.0,202.95,158.56
2016,5,9,7,45,112.5,203.0,2.7,11.5,256.5,207.73,165.01
2016,5,9,8,0,42.0,217.0,2.7,12.0,240.0,209.75,168.24
2016,5,9,8,15,54.0,243.5,2.65,12.0,276.0,240.71,192.88
2016,5,9,8,30,66.0,270.0,2.6,12.0,312.0,273.04,218.38
2016,5,9,8,45,43.5,263.0,2.6,12.5,291.5,262.05,208.98
2016,5,9,9,0,21.0,256.0,2.6,13.0,271.0,252.49,200.62
2016,5,9,9,15,28.5,284.5,2.55,13.0,306.0,280.22,222.24
2016,5,9,9,30,36.0,313.0,2.5,13.0,341.0,313.05,247.54
2016,5,9,9,45,79.5,357.5,2.5,13.5,423.0,383.99,302.16
2016,5,9,10,0,123.0,402.0,2.5,14.0,505.0,455.75,356.18
2016,5,9,10,15,176.5,415.5,2.5,14.0,568.0,513.71,400.13
2016,5,9,10,30,230.0,429.0,2.5,14.0,631.0,575.35,446.34
2016,5,9,10,45,214.5,442.0,2.5,14.5,634.0,585.92,452.24
2016,5,9,11,0,199.0,455.0,2.5,15.0,637.0,595.17,457.42
2016,5,9,11,15,554.0,291.0,2.55,15.0,805.0,747.02,577.98
2016,5,9,11,30,909.0,127.0,2.6,15.0,973.0,910.62,695.52
2016,5,9,11,45,681.5,260.0,2.65,15.5,896.5,862.11,658.7
2016,5,9,12,0,454.0,393.0,2.7,16.0,820.0,801.36,608.54
2016,5,9,12,15,471.5,376.0,2.75,16.0,818.5,812.4,618.0
2016,5,9,12,30,489.0,359.0,2.8,16.0,817.0,822.05,625.95
2016,5,9,12,45,696.5,243.5,2.9,16.0,888.0,911.64,695.31
2016,5,9,13,0,904.0,128.0,3.0,16.0,959.0,991.5,750.14
2016,5,9,13,15,900.5,127.0,3.05,16.0,941.5,991.16,750.08
2016,5,9,13,30,897.0,126.0,3.1,16.0,924.0,987.83,748.86
2016,5,9,13,45,607.0,259.5,3.2,16.0,793.0,857.86,659.13
2016,5,9,14,0,317.0,393.0,3.3,16.0,662.0,713.34,549.0
2016,5,9,14,15,593.5,256.5,3.35,16.0,737.5,836.5,648.33
2016,5,9,14,30,870.0,120.0,3.4,16.0,813.0,931.3,717.35
2016,5,9,14,45,576.0,226.0,3.45,16.0,676.0,775.29,605.77
2016,5,9,15,0,282.0,332.0,3.5,16.0,539.0,609.25,477.46
2016,5,9,15,15,320.5,301.5,3.5,15.5,524.0,605.06,478.62
2016,5,9,15,30,359.0,271.0,3.5,15.0,509.0,597.63,476.4
2016,5,9,15,45,348.5,251.5,3.55,15.0,469.0,559.49,448.73
2016,5,9,16,0,338.0,232.0,3.6,15.0,429.0,520.83,420.41
2016,5,9,16,15,269.5,220.0,3.65,15.0,368.0,447.36,363.08
2016,5,9,16,30,201.0,208.0,3.7,15.0,307.0,369.63,301.45
2016,5,9,16,45,437.5,147.5,3.75,15.0,332.0,469.41,386.29
2016,5,9,17,0,674.0,87.0,3.8,15.0,357.0,535.94,441.89
2016,5,9,17,15,630.0,81.0,3.85,14.5,305.0,475.66,393.41
2016,5,9,17,30,586.0,75.0,3.9,14.0,253.0,417.97,345.97
2016,5,9,17,45,514.5,68.0,4.0,14.0,202.5,348.37,286.66
2016,5,9,18,0,443.0,61.0,4.1,14.0,152.0,284.41,230.59
2016,5,9,18,15,346.0,49.0,4.05,13.5,108.0,210.94,166.36
2016,5,9,18,30,249.0,37.0,4.0,13.0,64.0,146.33,108.34
2016,5,9,18,45,124.5,18.5,3.95,12.5,32.0,69.03,23.85
2016,5,9,19,0,0.0,0.0,3.9,12.0,0.0,0.0,0.0
2016,5,9,19,15,0.0,0.0,3.85,11.5,0.0,0.0,0.0
2016,5,9,19,30,0.0,0.0,3.8,11.0,0.0,0.0,0.0
2016,5,9,19,45,0.0,0.0,3.75,11.0,0.0,0.0,0.0
2016,5,9,20,0,0.0,0.0,3.7,11.0,0.0,0.0,0.0
2016,5,9,20,15,0.0,0.0,3.65,11.0,0.0,0.0,0.0
2016,5,9,20,30,0.0,0.0,3.6,11.0,0.0,0.0,0.0
2016,5,9,20,45,0.0,0.0,3.55,11.0,0.0,0.0,0.0
2016,5,9,21,0,0.0,0.0,3.5,11.0,0.0,0.0,0.0
2016,5,9,21,15,0.0,0.0,3.4,11.0,0.0,0.0,0.0
2016,5,9,21,30,0.0,0.0,3.3,11.0,0.0,0.0,0.0
2016,5,9,21,45,0.0,0.0,3.25,11.0,0.0,0.0,0.0
2016,5,9,22,0,0.0,0.0,3.2,11.0,0.0,0.0,0.0
2016,5,9,22,15,0.0,0.0,3.15,10.5,0.0,0.0,0.0
2016,5,9,22,30,0.0,0.0,3.1,10.0,0.0,0.0,0.0
2016,5,9,22,45,0.0,0.0,3.1,10.0,0.0,0.0,0.0
2016,5,9,23,0,0.0,0.0,3.1,10.0,0.0,0.0,0.0
2016,5,9,23,15,0.0,0.0,3.05,10.0,0.0,0.0,0.0
2016,5,9,23,30,0.0,0.0,3.0,10.0,0.0,0.0,0.0
2016,5,9,23,45,0.0,0.0,3.0,10.0,0.0,0.0,0.0
2016,5,10,0,0,0.0,0.0,3.0,10.0,0.0,0.0,0.0
2016,5,10,0,15,0.0,0.0,2.9,10.0,0.0,0.0,0.0
2016,5,10,0,30,0.0,0.0,2.8,10.0,0.0,0.0,0.0
2016,5,10,0,45,0.0,0.0,2.75,10.0,0.0,0.0,0.0
2016,5,10,1,0,0.0,0.0,2.7,10.0,0.0,0.0,0.0
2016,5,10,1,15,0.0,0.0,2.6,10.0,0.0,0.0,0.0
2016,5,10,1,30,0.0,0.0,2.5,10.0,0.0,0.0,0.0
2016,5,10,1,45,0.0,0.0,2.45,10.0,0.0,0.0,0.0
2016,5,10,2,0,0.0,0.0,2.4,10.0,0.0,0.0,0.0
2016,5,10,2,15,0.0,0.0,2.3,10.0,0.0,0.0,0.0
2016,5,10,2,30,0.0,0.0,2.2,10.0,0.0,0.0,0.0
2016,5,10,2,45,0.0,0.0,2.15,10.0,0.0,0.0,0.0
2016,5,10,3,0,0.0,0.0,2.1,10.0,0.0,0.0,0.0
2016,5,10,3,15,0.0,0.0,2.05,10.0,0.0,0.0,0.0
2016,5,10,3,30,0.0,0.0,2.0,10.0,0.0,0.0,0.0
2016,5,10,3,45,0.0,0.0,1.95,10.0,0.0,0.0,0.0
2016,5,10,4,0,0.0,0.0,1.9,10.0,0.0,0.0,0.0
2016,5,10,4,15,0.0,0.0,1.95,10.0,0.0,0.0,0.0
2016,5,10,4,30,0.0,0.0,2.0,10.0,0.0,0.0,0.0
2016,5,10,4,45,0.0,0.0,2.05,10.5,0.0,0.0,0.0
2016,5,10,5,0,0.0,0.0,2.1,11.0,0.0,0.0,0.0
2016,5,10,5,15,63.5,13.0,2.15,11.0,17.5,12.78,0.0
2016,5,10,5,30,127.0,26.0,2.2,11.0,35.0,20.24,8.14
2016,5,10,5,45,241.0,40.0,2.25,11.5,74.0,30.54,20.86
2016,5,10,6,0,355.0,54.0,2.3,12.0,113.0,40.34,30.23
2016,5,10,6,15,430.0,64.0,2.25,12.0,161.0,46.5,36.16
2016,5,10,6,30,505.0,74.0,2.2,12.0,209.0,61.0,40.63
2016,5,10,6,45,286.0,108.0,2.2,12.0,187.5,106.17,75.09
2016,5,10,7,0,67.0,142.0,2.2,12.0,166.0,133.11,104.78
2016,5,10,7,15,53.0,159.5,2.15,12.5,180.5,150.91,119.69
2016,5,10,7,30,39.0,177.0,2.1,13.0,195.0,167.32,133.36
2016,5,10,7,45,37.5,195.0,2.05,13.5,214.0,186.08,148.25
2016,5,10,8,0,36.0,213.0,2.0,14.0,233.0,204.74,162.81
2016,5,10,8,15,81.0,249.0,1.9,14.0,299.0,255.42,202.33
2016,5,10,8,30,126.0,285.0,1.8,14.0,365.0,306.33,241.77
2016,5,10,8,45,166.5,306.5,1.75,14.5,420.0,352.0,276.5
2016,5,10,9,0,207.0,328.0,1.7,15.0,475.0,401.46,313.75
2016,5,10,9,15,520.0,230.5,1.7,15.5,626.5,493.17,385.77
2016,5,10,9,30,833.0,133.0,1.7,16.0,778.0,617.44,480.86
2016,5,10,9,45,828.5,143.5,1.7,16.5,808.0,660.12,510.97
2016,5,10,10,0,824.0,154.0,1.7,17.0,838.0,700.98,539.57
2016,5,10,10,15,831.5,156.0,1.65,17.0,865.5,740.59,567.51
2016,5,10,10,30,839.0,158.0,1.6,17.0,893.0,778.94,592.97
2016,5,10,10,45,846.0,158.5,1.6,17.5,914.0,814.07,614.95
2016,5,10,11,0,853.0,159.0,1.6,18.0,935.0,847.55,635.59
2016,5,10,11,15,856.5,159.5,1.6,18.0,948.5,876.27,654.08
2016,5,10,11,30,860.0,160.0,1.6,18.0,962.0,902.86,671.13
2016,5,10,11,45,864.0,159.0,1.65,18.0,968.0,923.39,684.81
2016,5,10,12,0,868.0,158.0,1.7,18.0,974.0,943.8,698.54
2016,5,10,12,15,576.5,307.5,1.8,18.0,849.0,842.99,629.07
2016,5,10,12,30,285.0,457.0,1.9,18.0,724.0,725.7,541.37
2016,5,10,12,45,370.0,418.0,2.05,18.5,761.0,773.63,578.63
2016,5,10,13,0,455.0,379.0,2.2,19.0,798.0,825.46,616.63
2016,5,10,13,15,663.0,261.0,2.3,19.0,859.0,910.57,682.09
2016,5,10,13,30,871.0,143.0,2.4,19.0,920.0,981.57,730.63
2016,5,10,13,45,675.0,235.0,2.55,19.0,827.5,898.24,676.15
2016,5,10,14,0,479.0,327.0,2.7,19.0,735.0,804.46,608.51
2016,5,10,14,15,486.5,309.5,2.75,19.0,711.0,790.98,601.53
2016,5,10,14,30,494.0,292.0,2.8,19.0,687.0,775.37,592.38
2016,5,10,14,45,440.0,298.0,2.9,19.0,637.5,726.93,558.31
2016,5,10,15,0,386.0,304.0,3.0,19.0,588.0,671.0,518.69
2016,5,10,15,15,306.0,302.0,3.05,18.5,519.0,593.55,462.67
2016,5,10,15,30,226.0,300.0,3.1,18.0,450.0,510.17,400.98
2016,5,10,15,45,211.0,278.5,3.15,18.0,410.5,470.26,372.07
2016,5,10,16,0,196.0,257.0,3.2,18.0,371.0,430.5,342.61
2016,5,10,16,15,459.0,180.0,3.25,17.5,415.5,552.41,444.38
2016,5,10,16,30,722.0,103.0,3.3,17.0,460.0,640.48,517.47
2016,5,10,16,45,391.5,131.0,3.4,16.5,322.0,420.57,343.83
2016,5,10,17,0,61.0,159.0,3.5,16.0,184.0,207.27,167.77
2016,5,10,17,15,53.0,138.0,3.45,15.5,157.5,178.45,144.89
2016,5,10,17,30,45.0,117.0,3.4,15.0,131.0,150.08,121.52
2016,5,10,17,45,253.0,88.0,3.4,15.0,143.5,232.4,190.68
2016,5,10,18,0,461.0,59.0,3.4,15.0,156.0,291.28,235.42
2016,5,10,18,15,367.0,48.0,3.25,14.5,111.5,219.12,172.21
2016,5,10,18,30,273.0,37.0,3.1,14.0,67.0,155.13,114.96
2016,5,10,18,45,136.5,18.5,3.0,13.5,33.5,73.25,29.79
2016,5,10,19,0,0.0,0.0,2.9,13.0,0.0,0.0,0.0
2016,5,10,19,15,0.0,0.0,2.7,12.5,0.0,0.0,0.0
2016,5,10,19,30,0.0,0.0,2.5,12.0,0.0,0.0,0.0
2016,5,10,19,45,0.0,0.0,2.4,12.0,0.0,0.0,0.0
2016,5,10,20,0,0.0,0.0,2.3,12.0,0.0,0.0,0.0
2016,5,10,20,15,0.0,0.0,2.25,12.0,0.0,0.0,0.0
2016,5,10,20,30,0.0,0.0,2.2,12.0,0.0,0.0,0.0
2016,5,10,20,45,0.0,0.0,2.15,12.0,0.0,0.0,0.0
2016,5,10,21,0,0.0,0.0,2.1,12.0,0.0,0.0,0.0
2016,5,10,21,15,0.0,0.0,2.05,12.0,0.0,0.0,0.0
2016,5,10,21,30,0.0,0.0,2.0,12.0,0.0,0.0,0.0
2016,5,10,21,45,0.0,0.0,2.0,12.0,0.0,0.0,0.0
2016,5,10,22,0,0.0,0.0,2.0,12.0,0.0,0.0,0.0
2016,5,10,22,15,0.0,0.0,2.0,11.5,0.0,0.0,0.0
2016,5,10,22,30,0.0,0.0,2.0,11.0,0.0,0.0,0.0
2016,5,10,22,45,0.0,0.0,2.0,11.0,0.0,0.0,0.0
2016,5,10,23,0,0.0,0.0,2.0,11.0,0.0,0.0,0.0
2016,5,10,23,15,0.0,0.0,2.0,11.0,0.0,0.0,0.0
2016,5,10,23,30,0.0,0.0,2.0,11.0,0.0,0.0,0.0
2016,5,10,23,45,0.0,0.0,2.0,11.0,0.0,0.0,0.0
2016,5,11,0,0,0.0,0.0,2.0,11.0,0.0,0.0,0.0
2016,5,11,0,15,0.0,0.0,2.05,11.0,0.0,0.0,0.0
2016,5,11,0,30,0.0,0.0,2.1,11.0,0.0,0.0,0.0
2016,5,11,0,45,0.0,0.0,2.15,11.0,0.0,0.0,0.0
2016,5,11,1,0,0.0,0.0,2.2,11.0,0.0,0.0,0.0
2016,5,11,1,15,0.0,0.0,2.25,11.0,0.0,0.0,0.0
2016,5,11,1,30,0.0,0.0,2.3,11.0,0.0,0.0,0.0
2016,5,11,1,45,0.0,0.0,2.35,11.0,0.0,0.0,0.0
2016,5,11,2,0,0.0,0.0,2.4,11.0,0.0,0.0,0.0
2016,5,11,2,15,0.0,0.0,2.4,10.5,0.0,0.0,0.0
2016,5,11,2,30,0.0,0.0,2.4,10.0,0.0,0.0,0.0
2016,5,11,2,45,0.0,0.0,2.45,10.0,0.0,0.0,0.0
2016,5,11,3,0,0.0,0.0,2.5,10.0,0.0,0.0,0.0
2016,5,11,3,15,0.0,0.0,2.5,10.0,0.0,0.0,0.0
2016,5,11,3,30,0.0,0.0,2.5,10.0,0.0,0.0,0.0
2016,5,11,3,45,0.0,0.0,2.5,10.0,0.0,0.0,0.0
2016,5,11,4,0,0.0,0.0,2.5,10.0,0.0,0.0,0.0
2016,5,11,4,15,0.0,0.0,2.5,10.0,0.0,0.0,0.0
2016,5,11,4,30,0.0,0.0,2.5,10.0,0.0,0.0,0.0
2016,5,11,4,45,0.0,0.0,2.5,10.5,0.0,0.0,0.0
2016,5,11,5,0,0.0,0.0,2.5,11.0,0.0,0.0,0.0
2016,5,11,5,15,99.5,12.5,2.55,11.0,19.5,12.29,0.0
2016,5,11,5,30,199.0,25.0,2.6,11.0,39.0,19.37,8.14
2016,5,11,5,45,310.0,36.5,2.65,11.5,79.5,27.67,18.42
2016,5,11,6,0,421.0,48.0,2.7,12.0,120.0,35.22,25.71
2016,5,11,6,15,493.5,56.5,2.65,12.0,168.5,39.58,29.98
2016,5,11,6,30,566.0,65.0,2.6,12.0,217.0,55.79,34.3
2016,5,11,6,45,286.5,94.5,2.55,12.5,172.0,91.25,62.08
2016,5,11,7,0,7.0,124.0,2.5,13.0,127.0,115.89,92.64
2016,5,11,7,15,8.0,139.5,2.45,13.0,143.5,131.31,105.18
2016,5,11,7,30,9.0,155.0,2.4,13.0,160.0,146.83,117.68
2016,5,11,7,45,8.5,166.5,2.35,13.5,171.5,158.55,126.73
2016,5,11,8,0,8.0,178.0,2.3,14.0,183.0,170.15,135.56
2016,5,11,8,15,7.0,184.0,2.25,14.0,188.5,176.53,140.34
2016,5,11,8,30,6.0,190.0,2.2,14.0,194.0,182.69,144.92
2016,5,11,8,45,58.0,258.5,2.15,14.5,300.0,265.21,209.93
2016,5,11,9,0,110.0,327.0,2.1,15.0,406.0,355.85,279.54
2016,5,11,9,15,115.5,348.0,2.05,15.0,434.5,380.61,297.87
2016,5,11,9,30,121.0,369.0,2.0,15.0,463.0,410.07,319.84
2016,5,11,9,45,145.5,388.0,1.95,15.5,506.0,450.43,349.39
2016,5,11,10,0,170.0,407.0,1.9,16.0,549.0,492.73,379.87
2016,5,11,10,15,120.0,407.5,1.9,16.0,509.5,466.74,359.2
2016,5,11,10,30,70.0,408.0,1.9,16.0,470.0,438.67,337.06
2016,5,11,10,45,73.5,421.0,1.9,16.5,487.5,458.04,350.7
2016,5,11,11,0,77.0,434.0,1.9,17.0,505.0,477.63,364.1
2016,5,11,11,15,147.0,451.5,1.9,17.0,588.0,557.6,423.82
2016,5,11,11,30,217.0,469.0,1.9,17.0,671.0,641.91,484.97
2016,5,11,11,45,562.0,302.0,1.95,17.0,830.5,798.77,605.33
2016,5,11,12,0,907.0,135.0,2.0,17.0,990.0,958.45,715.86
2016,5,11,12,15,537.5,305.5,2.05,17.0,812.0,805.8,607.72
2016,5,11,12,30,168.0,476.0,2.1,17.0,634.0,631.76,475.64
2016,5,11,12,45,311.5,427.5,2.2,17.5,716.5,728.33,549.61
2016,5,11,13,0,455.0,379.0,2.3,18.0,799.0,826.08,620.56
2016,5,11,13,15,354.5,407.5,2.35,18.0,731.0,759.01,571.35
2016,5,11,13,30,254.0,436.0,2.4,18.0,663.0,695.63,525.06
2016,5,11,13,45,574.0,278.5,2.5,18.0,773.0,847.3,643.44
2016,5,11,14,0,894.0,121.0,2.6,18.0,883.0,975.32,733.37
2016,5,11,14,15,886.0,119.5,2.6,17.5,851.5,958.45,723.12
2016,5,11,14,30,878.0,118.0,2.6,17.0,820.0,938.89,712.51
2016,5,11,14,45,599.0,221.0,2.6,17.0,690.0,792.48,611.25
2016,5,11,15,0,320.0,324.0,2.6,17.0,560.0,634.86,492.1
2016,5,11,15,15,308.0,306.0,2.55,17.0,522.5,600.03,468.44
2016,5,11,15,30,296.0,288.0,2.5,17.0,485.0,564.67,443.28
2016,5,11,15,45,290.5,268.5,2.45,17.0,450.5,532.49,420.42
2016,5,11,16,0,285.0,249.0,2.4,17.0,416.0,499.66,396.78
2016,5,11,16,15,517.0,171.0,2.35,16.5,441.0,586.21,469.51
2016,5,11,16,30,749.0,93.0,2.3,16.0,466.0,646.77,520.1
2016,5,11,16,45,719.0,88.0,2.3,16.0,414.0,595.66,481.47
2016,5,11,17,0,689.0,83.0,2.3,16.0,362.0,543.01,441.16
2016,5,11,17,15,646.0,77.5,2.25,15.5,310.0,483.21,394.58
2016,5,11,17,30,603.0,72.0,2.2,15.0,258.0,425.9,348.39
2016,5,11,17,45,543.0,64.0,2.2,14.5,208.0,360.01,293.77
2016,5,11,18,0,483.0,56.0,2.2,14.0,158.0,298.83,241.17
2016,5,11,18,15,390.5,46.0,2.2,13.5,113.5,227.26,179.03
2016,5,11,18,30,298.0,36.0,2.2,13.0,69.0,164.3,122.63
2016,5,11,18,45,149.0,18.0,2.25,13.0,34.5,79.49,36.7
2016,5,11,19,0,0.0,0.0,2.3,13.0,0.0,0.0,0.0
2016,5,11,19,15,0.0,0.0,2.35,12.5,0.0,0.0,0.0
2016,5,11,19,30,0.0,0.0,2.4,12.0,0.0,0.0,0.0
2016,5,11,19,45,0.0,0.0,2.45,12.0,0.0,0.0,0.0
2016,5,11,20,0,0.0,0.0,2.5,12.0,0.0,0.0,0.0
2016,5,11,20,15,0.0,0.0,2.5,12.0,0.0,0.0,0.0
2016,5,11,20,30,0.0,0.0,2.5,12.0,0.0,0.0,0.0
2016,5,11,20,45,0.0,0.0,2.5,12.0,0.0,0.0,0.0
2016,5,11,21,0,0.0,0.0,2.5,12.0,0.0,0.0,0.0
2016,5,11,21,15,0.0,0.0,2.5,11.5,0.0,0.0,0.0
2016,5,11,21,30,0.0,0.0,2.5,11.0,0.0,0.0,0.0
2016,5,11,21,45,0.0,0.0,2.5,11.0,0.0,0.0,0.0
2016,5,11,22,0,0.0,0.0,2.5,11.0,0.0,0.0,0.0
2016,5,11,22,15,0.0,0.0,2.45,11.0,0.0,0.0,0.0
2016,5,11,22,30,0.0,0.0,2.4,11.0,0.0,0.0,0.0
2016,5,11,22,45,0.0,0.0,2.4,11.0,0.0,0.0,0.0
2016,5,11,23,0,0.0,0.0,2.4,11.0,0.0,0.0,0.0
2016,5,11,23,15,0.0,0.0,2.4,11.0,0.0,0.0,0.0
2016,5,11,23,30,0.0,0.0,2.4,11.0,0.0,0.0,0.0
2016,5,11,23,45,0.0,0.0,2.4,11.0,0.0,0.0,0.0
2016,5,12,0,0,0.0,0.0,2.4,11.0,0.0,0.0,0.0
2016,5,12,0,15,0.0,0.0,2.35,11.0,0.0,0.0,0.0
2016,5,12,0,30,0.0,0.0,2.3,11.0,0.0,0.0,0.0
2016,5,12,0,45,0.0,0.0,2.3,11.0,0.0,0.0,0.0
2016,5,12,1,0,0.0,0.0,2.3,11.0,0.0,0.0,0.0
2016,5,12,1,15,0.0,0.0,2.3,10.5,0.0,0.0,0.0
2016,5,12,1,30,0.0,0.0,2.3,10.0,0.0,0.0,0.0
2016,5,12,1,45,0.0,0.0,2.3,10.0,0.0,0.0,0.0
2016,5,12,2,0,0.0,0.0,2.3,10.0,0.0,0.0,0.0
2016,5,12,2,15,0.0,0.0,2.3,10.0,0.0,0.0,0.0
2016,5,12,2,30,0.0,0.0,2.3,10.0,0.0,0.0,0.0
2016,5,12,2,45,0.0,0.0,2.35,10.0,0.0,0.0,0.0
2016,5,12,3,0,0.0,0.0,2.4,10.0,0.0,0.0,0.0
2016,5,12,3,15,0.0,0.0,2.4,10.0,0.0,0.0,0.0
2016,5,12,3,30,0.0,0.0,2.4,10.0,0.0,0.0,0.0
2016,5,12,3,45,0.0,0.0,2.45,10.0,0.0,0.0,0.0
2016,5,12,4,0,0.0,0.0,2.5,10.0,0.0,0.0,0.0
2016,5,12,4,15,0.0,0.0,2.6,10.0,0.0,0.0,0.0
2016,5,12,4,30,0.0,0.0,2.7,10.0,0.0,0.0,0.0
2016,5,12,4,45,0.0,0.0,2.85,10.0,0.0,0.0,0.0
2016,5,12,5,0,0.0,0.0,3.0,10.0,0.0,0.0,0.0
2016,5,12,5,15,65.5,13.5,3.1,10.0,18.5,13.27,0.0
2016,5,12,5,30,131.0,27.0,3.2,10.0,37.0,20.95,9.84
2016,5,12,5,45,228.0,42.5,3.3,10.5,75.5,32.43,22.71
2016,5,12,6,0,325.0,58.0,3.4,11.0,114.0,43.35,33.08
2016,5,12,6,15,162.5,69.0,3.35,11.0,97.0,54.76,43.73
2016,5,12,6,30,0.0,80.0,3.3,11.0,80.0,74.85,58.89
2016,5,12,6,45,0.0,99.5,3.25,11.5,99.5,92.82,74.12
2016,5,12,7,0,0.0,119.0,3.2,12.0,119.0,110.95,89.16
2016,5,12,7,15,18.0,148.0,3.1,12.0,156.5,140.34,112.77
2016,5,12,7,30,36.0,177.0,3.0,12.0,194.0,167.1,134.0
2016,5,12,7,45,30.5,191.0,2.95,12.5,206.5,181.29,145.34
2016,5,12,8,0,25.0,205.0,2.9,13.0,219.0,199.49,159.74
2016,5,12,8,15,105.0,246.0,2.85,13.0,312.0,257.96,205.51
2016,5,12,8,30,185.0,287.0,2.8,13.0,405.0,333.45,264.82
2016,5,12,8,45,234.5,302.0,2.75,13.5,461.5,380.76,301.38
2016,5,12,9,0,284.0,317.0,2.7,14.0,518.0,428.24,337.9
2016,5,12,9,15,234.5,344.5,2.65,14.0,517.0,444.14,349.59
2016,5,12,9,30,185.0,372.0,2.6,14.0,516.0,451.39,354.26
2016,5,12,9,45,241.0,380.0,2.6,14.5,575.5,501.49,392.22
2016,5,12,10,0,297.0,388.0,2.6,15.0,635.0,559.48,435.27
2016,5,12,10,15,240.5,412.5,2.55,15.0,617.0,555.39,430.39
2016,5,12,10,30,184.0,437.0,2.5,15.0,599.0,549.29,424.08
2016,5,12,10,45,195.5,446.5,2.45,15.0,622.5,576.3,443.79
2016,5,12,11,0,207.0,456.0,2.4,15.0,646.0,603.7,463.42
2016,5,12,11,15,312.0,426.5,2.35,15.0,717.0,673.2,516.12
2016,5,12,11,30,417.0,397.0,2.3,15.0,788.0,748.11,571.4
2016,5,12,11,45,361.0,425.5,2.3,15.5,765.5,737.99,560.8
2016,5,12,12,0,305.0,454.0,2.3,16.0,743.0,725.41,549.13
2016,5,12,12,15,232.5,465.0,2.35,16.0,685.0,675.27,512.18
2016,5,12,12,30,160.0,476.0,2.4,16.0,627.0,624.49,474.39
2016,5,12,12,45,305.5,428.5,2.5,16.0,712.0,724.06,551.31
2016,5,12,13,0,451.0,381.0,2.6,16.0,797.0,824.85,626.42
2016,5,12,13,15,398.0,397.0,2.7,16.0,759.5,790.32,601.05
2016,5,12,13,30,345.0,413.0,2.8,16.0,722.0,759.21,578.81
2016,5,12,13,45,390.0,378.5,2.9,16.0,718.5,768.12,588.35
2016,5,12,14,0,435.0,344.0,3.0,16.0,715.0,781.63,600.72
2016,5,12,14,15,284.5,365.0,3.1,16.0,604.5,654.23,506.28
2016,5,12,14,30,134.0,386.0,3.2,16.0,494.0,528.43,410.58
2016,5,12,14,45,134.5,368.0,3.3,16.0,472.0,509.93,398.52
2016,5,12,15,0,135.0,350.0,3.4,16.0,450.0,490.8,385.35
2016,5,12,15,15,257.0,309.0,3.45,15.5,485.5,559.67,443.22
2016,5,12,15,30,379.0,268.0,3.5,15.0,521.0,612.47,488.23
2016,5,12,15,45,477.0,215.5,3.55,15.0,510.5,634.3,508.46
2016,5,12,16,0,575.0,163.0,3.6,15.0,500.0,643.13,519.02
2016,5,12,16,15,623.5,140.0,3.65,14.5,476.0,635.88,516.61
2016,5,12,16,30,672.0,117.0,3.7,14.0,452.0,623.24,509.83
2016,5,12,16,45,643.5,109.5,3.75,14.0,402.0,570.85,469.54
2016,5,12,17,0,615.0,102.0,3.8,14.0,352.0,519.22,429.03
2016,5,12,17,15,570.0,94.5,3.85,13.5,301.0,458.88,380.98
2016,5,12,17,30,525.0,87.0,3.9,13.0,250.0,401.22,333.57
2016,5,12,17,45,463.5,77.0,4.0,13.0,201.5,335.56,277.58
2016,5,12,18,0,402.0,67.0,4.1,13.0,153.0,273.39,223.17
2016,5,12,18,15,313.0,54.0,4.1,12.5,110.0,204.18,162.51
2016,5,12,18,30,224.0,41.0,4.1,12.0,67.0,143.51,108.29
2016,5,12,18,45,112.0,24.5,4.1,12.0,37.5,75.57,38.31
2016,5,12,19,0,0.0,8.0,4.1,12.0,8.0,7.86,0.0
2016,5,12,19,15,0.0,4.0,4.05,11.5,4.0,0.0,0.0
2016,5,12,19,30,0.0,0.0,4.0,11.0,0.0,0.0,0.0
2016,5,12,19,45,0.0,0.0,4.0,11.0,0.0,0.0,0.0
2016,5,12,20,0,0.0,0.0,4.0,11.0,0.0,0.0,0.0
2016,5,12,20,15,0.0,0.0,3.95,11.0,0.0,0.0,0.0
2016,5,12,20,30,0.0,0.0,3.9,11.0,0.0,0.0,0.0
2016,5,12,20,45,0.0,0.0,3.9,11.0,0.0,0.0,0.0
2016,5,12,21,0,0.0,0.0,3.9,11.0,0.0,0.0,0.0
2016,5,12,21,15,0.0,0.0,3.85,11.0,0.0,0.0,0.0
2016,5,12,21,30,0.0,0.0,3.8,11.0,0.0,0.0,0.0
2016,5,12,21,45,0.0,0.0,3.8,11.0,0.0,0.0,0.0
2016,5,12,22,0,0.0,0.0,3.8,11.0,0.0,0.0,0.0
2016,5,12,22,15,0.0,0.0,3.7,11.0,0.0,0.0,0.0
2016,5,12,22,30,0.0,0.0,3.6,11.0,0.0,0.0,0.0
2016,5,12,22,45,0.0,0.0,3.55,11.0,0.0,0.0,0.0
2016,5,12,23,0,0.0,0.0,3.5,11.0,0.0,0.0,0.0
2016,5,12,23,15,0.0,0.0,3.45,11.0,0.0,0.0,0.0
2016,5,12,23,30,0.0,0.0,3.4,11.0,0.0,0.0,0.0
2016,5,12,23,45,0.0,0.0,3.35,11.0,0.0,0.0,0.0
2016,5,13,0,0,0.0,0.0,3.3,11.0,0.0,0.0,0.0
2016,5,13,0,15,0.0,0.0,3.25,11.0,0.0,0.0,0.0
2016,5,13,0,30,0.0,0.0,3.2,11.0,0.0,0.0,0.0
2016,5,13,0,45,0.0,0.0,3.2,11.0,0.0,0.0,0.0
2016,5,13,1,0,0.0,0.0,3.2,11.0,0.0,0.0,0.0
2016,5,13,1,15,0.0,0.0,3.2,11.0,0.0,0.0,0.0
2016,5,13,1,30,0.0,0.0,3.2,11.0,0.0,0.0,0.0
2016,5,13,1,45,0.0,0.0,3.2,11.0,0.0,0.0,0.0
2016,5,13,2,0,0.0,0.0,3.2,11.0,0.0,0.0,0.0
2016,5,13,2,15,0.0,0.0,3.2,11.0,0.0,0.0,0.0
2016,5,13,2,30,0.0,0.0,3.2,11.0,0.0,0.0,0.0
2016,5,13,2,45,0.0,0.0,3.2,11.0,0.0,0.0,0.0
2016,5,13,3,0,0.0,0.0,3.2,11.0,0.0,0.0,0.0
2016,5,13,3,15,0.0,0.0,3.2,10.5,0.0,0.0,0.0
2016,5,13,3,30,0.0,0.0,3.2,10.0,0.0,0.0,0.0
2016,5,13,3,45,0.0,0.0,3.2,10.0,0.0,0.0,0.0
2016,5,13,4,0,0.0,0.0,3.2,10.0,0.0,0.0,0.0
2016,5,13,4,15,0.0,0.0,3.2,10.0,0.0,0.0,0.0
2016,5,13,4,30,0.0,0.0,3.2,10.0,0.0,0.0,0.0
2016,5,13,4,45,0.0,0.0,3.25,10.0,0.0,0.0,0.0
2016,5,13,5,0,0.0,0.0,3.3,10.0,0.0,0.0,0.0
2016,5,13,5,15,0.0,6.0,3.35,10.0,6.0,5.9,0.0
2016,5,13,5,30,0.0,12.0,3.4,10.0,12.0,11.57,3.14
2016,5,13,5,45,0.0,24.5,3.45,10.5,24.5,23.65,15.09
2016,5,13,6,0,0.0,37.0,3.5,11.0,37.0,35.73,26.32
2016,5,13,6,15,0.0,51.5,3.45,11.0,51.5,49.57,39.1
2016,5,13,6,30,0.0,66.0,3.4,11.0,66.0,63.05,48.8
2016,5,13,6,45,0.0,81.5,3.4,11.0,81.5,77.5,61.19
2016,5,13,7,0,0.0,97.0,3.4,11.0,97.0,92.02,73.45
2016,5,13,7,15,0.0,114.0,3.35,11.0,114.0,107.94,86.71
2016,5,13,7,30,0.0,131.0,3.3,11.0,131.0,123.92,99.85
2016,5,13,7,45,0.0,142.5,3.3,11.5,142.5,135.04,108.57
2016,5,13,8,0,0.0,154.0,3.3,12.0,154.0,146.15,117.18
2016,5,13,8,15,6.0,183.0,3.3,12.0,187.0,175.36,140.72
2016,5,13,8,30,12.0,212.0,3.3,12.0,220.0,205.25,164.59
2016,5,13,8,45,16.5,236.0,3.3,12.5,247.5,230.59,184.27
2016,5,13,9,0,21.0,260.0,3.3,13.0,275.0,256.46,204.16
2016,5,13,9,15,28.5,288.5,3.4,13.0,310.5,284.23,225.86
2016,5,13,9,30,36.0,317.0,3.5,13.0,346.0,317.12,251.46
2016,5,13,9,45,77.5,361.0,3.65,13.5,425.5,386.66,305.48
2016,5,13,10,0,119.0,405.0,3.8,14.0,505.0,456.83,359.04
2016,5,13,10,15,133.5,421.0,3.9,14.0,536.5,489.14,383.47
2016,5,13,10,30,148.0,437.0,4.0,14.0,568.0,522.43,408.67
2016,5,13,10,45,211.5,440.5,4.15,14.5,632.0,583.71,455.37
2016,5,13,11,0,275.0,444.0,4.3,15.0,696.0,647.42,503.35
2016,5,13,11,15,322.0,432.5,4.4,15.0,731.5,687.77,534.39
2016,5,13,11,30,369.0,421.0,4.5,15.0,767.0,729.48,566.46
2016,5,13,11,45,401.0,410.0,4.6,15.0,788.0,759.23,589.39
2016,5,13,12,0,433.0,399.0,4.7,15.0,809.0,790.58,613.49
2016,5,13,12,15,440.0,396.5,4.75,15.0,812.0,805.72,624.87
2016,5,13,12,30,447.0,394.0,4.8,15.0,815.0,819.59,635.45
2016,5,13,12,45,434.0,392.0,4.9,15.0,797.0,813.55,631.58
2016,5,13,13,0,421.0,390.0,5.0,15.0,779.0,805.72,626.55
2016,5,13,13,15,395.5,394.5,5.0,15.0,755.0,785.85,611.93
2016,5,13,13,30,370.0,399.0,5.0,15.0,731.0,769.1,599.52
2016,5,13,13,45,410.0,368.5,5.05,15.0,727.0,783.47,612.46
2016,5,13,14,0,450.0,338.0,5.1,15.0,723.0,790.19,619.87
2016,5,13,14,15,390.5,348.5,5.1,15.0,674.5,736.33,579.4
2016,5,13,14,30,331.0,359.0,5.1,15.0,626.0,689.97,544.19
2016,5,13,14,45,606.0,231.5,5.1,15.0,691.0,811.32,644.37
2016,5,13,15,0,881.0,104.0,5.1,15.0,756.0,899.45,710.96
2016,5,13,15,15,869.0,101.5,5.05,14.5,714.0,867.6,689.76
2016,5,13,15,30,857.0,99.0,5.0,14.0,672.0,833.79,667.67
2016,5,13,15,45,846.0,94.5,4.95,14.0,626.5,801.64,645.4
2016,5,13,16,0,835.0,90.0,4.9,14.0,581.0,762.85,617.98
2016,5,13,16,15,814.0,86.5,4.85,13.5,531.0,716.25,585.48
2016,5,13,16,30,793.0,83.0,4.8,13.0,481.0,669.09,551.99
2016,5,13,16,45,770.5,78.0,4.75,13.0,430.0,618.9,514.11
2016,5,13,17,0,748.0,73.0,4.7,13.0,379.0,568.79,474.09
2016,5,13,17,15,709.5,68.0,4.65,12.5,326.5,509.55,426.35
2016,5,13,17,30,671.0,63.0,4.6,12.0,274.0,452.28,378.64
2016,5,13,17,45,616.5,57.0,4.55,12.0,223.0,390.71,325.04
2016,5,13,18,0,562.0,51.0,4.5,12.0,172.0,330.96,271.49
2016,5,13,18,15,472.5,42.5,4.45,11.5,125.5,258.39,206.85
2016,5,13,18,30,383.0,34.0,4.4,11.0,79.0,194.11,147.83
2016,5,13,18,45,236.5,22.0,4.35,11.0,45.5,113.52,63.11
2016,5,13,19,0,90.0,10.0,4.3,11.0,12.0,33.82,0.0
2016,5,13,19,15,45.0,5.0,4.3,11.0,6.0,0.0,0.0
2016,5,13,19,30,0.0,0.0,4.3,11.0,0.0,0.0,0.0
2016,5,13,19,45,0.0,0.0,4.3,11.0,0.0,0.0,0.0
2016,5,13,20,0,0.0,0.0,4.3,11.0,0.0,0.0,0.0
2016,5,13,20,15,0.0,0.0,4.2,11.0,0.0,0.0,0.0
2016,5,13,20,30,0.0,0.0,4.1,11.0,0.0,0.0,0.0
2016,5,13,20,45,0.0,0.0,4.1,11.0,0.0,0.0,0.0
2016,5,13,21,0,0.0,0.0,4.1,11.0,0.0,0.0,0.0
2016,5,13,21,15,0.0,0.0,4.0,11.0,0.0,0.0,0.0
2016,5,13,21,30,0.0,0.0,3.9,11.0,0.0,0.0,0.0
2016,5,13,21,45,0.0,0.0,3.8,11.0,0.0,0.0,0.0
2016,5,13,22,0,0.0,0.0,3.7,11.0,0.0,0.0,0.0
2016,5,13,22,15,0.0,0.0,3.55,11.0,0.0,0.0,0.0
2016,5,13,22,30,0.0,0.0,3.4,11.0,0.0,0.0,0.0
2016,5,13,22,45,0.0,0.0,3.3,11.0,0.0,0.0,0.0
2016,5,13,23,0,0.0,0.0,3.2,11.0,0.0,0.0,0.0
2016,5,13,23,15,0.0,0.0,3.15,11.0,0.0,0.0,0.0
2016,5,13,23,30,0.0,0.0,3.1,11.0,0.0,0.0,0.0
2016,5,13,23,45,0.0,0.0,3.1,11.0,0.0,0.0,0.0
2016,5,14,0,0,0.0,0.0,3.1,11.0,0.0,0.0,0.0
2016,5,14,0,15,0.0,0.0,3.05,11.0,0.0,0.0,0.0
2016,5,14,0,30,0.0,0.0,3.0,11.0,0.0,0.0,0.0
2016,5,14,0,45,0.0,0.0,3.0,11.0,0.0,0.0,0.0
2016,5,14,1,0,0.0,0.0,3.0,11.0,0.0,0.0,0.0
2016,5,14,1,15,0.0,0.0,2.9,11.0,0.0,0.0,0.0
2016,5,14,1,30,0.0,0.0,2.8,11.0,0.0,0.0,0.0
2016,5,14,1,45,0.0,0.0,2.75,11.0,0.0,0.0,0.0
2016,5,14,2,0,0.0,0.0,2.7,11.0,0.0,0.0,0.0
2016,5,14,2,15,0.0,0.0,2.65,11.0,0.0,0.0,0.0
2016,5,14,2,30,0.0,0.0,2.6,11.0,0.0,0.0,0.0
2016,5,14,2,45,0.0,0.0,2.6,11.5,0.0,0.0,0.0
2016,5,14,3,0,0.0,0.0,2.6,12.0,0.0,0.0,0.0
2016,5,14,3,15,0.0,0.0,2.6,12.0,0.0,0.0,0.0
2016,5,14,3,30,0.0,0.0,2.6,12.0,0.0,0.0,0.0
2016,5,14,3,45,0.0,0.0,2.6,12.0,0.0,0.0,0.0
2016,5,14,4,0,0.0,0.0,2.6,12.0,0.0,0.0,0.0
2016,5,14,4,15,0.0,0.0,2.65,12.0,0.0,0.0,0.0
2016,5,14,4,30,0.0,0.0,2.7,12.0,0.0,0.0,0.0
2016,5,14,4,45,0.0,0.0,2.75,12.0,0.0,0.0,0.0
2016,5,14,5,0,0.0,0.0,2.8,12.0,0.0,0.0,0.0
2016,5,14,5,15,121.0,13.0,2.95,12.0,23.0,12.78,0.0
2016,5,14,5,30,242.0,26.0,3.1,12.0,46.0,20.1,9.85
2016,5,14,5,45,353.0,36.0,3.3,12.5,87.5,26.75,17.67
2016,5,14,6,0,464.0,46.0,3.5,13.0,129.0,32.95,23.65
2016,5,14,6,15,533.0,53.5,3.5,13.0,178.0,36.59,27.2
2016,5,14,6,30,602.0,61.0,3.5,13.0,227.0,58.01,32.68
2016,5,14,6,45,641.0,68.0,3.5,13.5,278.0,97.57,53.14
2016,5,14,7,0,680.0,75.0,3.5,14.0,329.0,141.31,84.07
2016,5,14,7,15,368.5,131.0,3.35,14.0,271.0,170.13,121.86
2016,5,14,7,30,57.0,187.0,3.2,14.0,213.0,180.28,143.03
2016,5,14,7,45,64.5,210.5,3.05,14.5,244.0,206.98,164.15
2016,5,14,8,0,72.0,234.0,2.9,15.0,275.0,234.59,185.74
2016,5,14,8,15,77.0,257.5,2.7,15.0,304.5,262.14,207.4
2016,5,14,8,30,82.0,281.0,2.5,15.0,334.0,290.29,229.25
2016,5,14,8,45,78.0,299.5,2.4,15.5,352.5,310.53,244.28
2016,5,14,9,0,74.0,318.0,2.3,16.0,371.0,330.4,258.75
2016,5,14,9,15,100.5,345.0,2.25,16.0,421.5,374.45,292.33
2016,5,14,9,30,127.0,372.0,2.2,16.0,472.0,417.19,324.51
2016,5,14,9,45,78.0,350.5,2.15,16.5,413.0,377.74,292.93
2016,5,14,10,0,29.0,329.0,2.1,17.0,354.0,329.64,254.77
2016,5,14,10,15,76.0,381.5,2.1,17.0,448.5,414.48,319.62
2016,5,14,10,30,123.0,434.0,2.1,17.0,543.0,501.05,383.75
2016,5,14,10,45,88.0,423.0,2.15,17.0,501.5,471.78,360.85
2016,5,14,11,0,53.0,412.0,2.2,17.0,460.0,437.68,334.83
2016,5,14,11,15,255.0,401.0,2.25,17.0,639.5,601.74,461.06
2016,5,14,11,30,457.0,390.0,2.3,17.0,819.0,777.51,589.17
2016,5,14,11,45,455.5,393.5,2.35,17.0,823.0,793.6,599.07
2016,5,14,12,0,454.0,397.0,2.4,17.0,827.0,808.36,609.45
2016,5,14,12,15,465.5,394.5,2.45,17.0,834.5,827.99,623.62
2016,5,14,12,30,477.0,392.0,2.5,17.0,842.0,846.39,636.92
2016,5,14,12,45,443.0,393.5,2.6,17.0,808.0,824.1,621.65
2016,5,14,13,0,409.0,395.0,2.7,17.0,774.0,799.73,605.13
2016,5,14,13,15,414.0,384.5,2.8,17.0,762.5,798.94,606.14
2016,5,14,13,30,419.0,374.0,2.9,17.0,751.0,796.46,605.81
2016,5,14,13,45,427.0,356.0,3.0,17.0,731.0,787.46,601.23
2016,5,14,14,0,435.0,338.0,3.1,17.0,711.0,776.52,595.35
2016,5,14,14,15,642.5,233.5,3.2,17.0,762.0,862.68,664.32
2016,5,14,14,30,850.0,129.0,3.3,17.0,813.0,928.01,711.16
2016,5,14,14,45,837.0,128.0,3.4,17.0,775.5,908.0,698.61
2016,5,14,15,0,824.0,127.0,3.5,17.0,738.0,880.34,681.36
2016,5,14,15,15,809.5,124.0,3.55,16.5,696.0,847.2,661.09
2016,5,14,15,30,795.0,121.0,3.6,16.0,654.0,812.31,639.32
2016,5,14,15,45,774.0,118.5,3.7,16.0,607.5,771.14,611.72
2016,5,14,16,0,753.0,116.0,3.8,16.0,561.0,731.84,585.11
2016,5,14,16,15,406.0,160.5,3.8,15.5,398.0,493.62,401.63
2016,5,14,16,30,59.0,205.0,3.8,15.0,235.0,257.89,208.28
2016,5,14,16,45,53.5,184.0,3.85,15.0,209.0,230.6,187.2
2016,5,14,17,0,48.0,163.0,3.9,15.0,183.0,203.53,165.47
2016,5,14,17,15,298.5,123.5,3.85,14.5,220.5,321.16,266.83
2016,5,14,17,30,549.0,84.0,3.8,14.0,258.0,413.02,342.65
2016,5,14,17,45,494.5,74.5,3.8,14.0,209.5,350.28,288.7
2016,5,14,18,0,440.0,65.0,3.8,14.0,161.0,291.7,237.39
2016,5,14,18,15,350.0,53.5,3.7,13.5,117.0,219.72,174.67
2016,5,14,18,30,260.0,42.0,3.6,13.0,73.0,158.39,120.05
2016,5,14,18,45,130.0,27.0,3.5,13.0,42.5,86.02,49.33
2016,5,14,19,0,0.0,12.0,3.4,13.0,12.0,11.8,0.0
2016,5,14,19,15,0.0,6.0,3.4,13.0,6.0,0.0,0.0
2016,5,14,19,30,0.0,0.0,3.4,13.0,0.0,0.0,0.0
2016,5,14,19,45,0.0,0.0,3.45,13.0,0.0,0.0,0.0
2016,5,14,20,0,0.0,0.0,3.5,13.0,0.0,0.0,0.0
2016,5,14,20,15,0.0,0.0,3.55,13.0,0.0,0.0,0.0
2016,5,14,20,30,0.0,0.0,3.6,13.0,0.0,0.0,0.0
2016,5,14,20,45,0.0,0.0,3.65,13.0,0.0,0.0,0.0
2016,5,14,21,0,0.0,0.0,3.7,13.0,0.0,0.0,0.0
2016,5,14,21,15,0.0,0.0,3.65,12.5,0.0,0.0,0.0
2016,5,14,21,30,0.0,0.0,3.6,12.0,0.0,0.0,0.0
2016,5,14,21,45,0.0,0.0,3.6,12.0,0.0,0.0,0.0
2016,5,14,22,0,0.0,0.0,3.6,12.0,0.0,0.0,0.0
2016,5,14,22,15,0.0,0.0,3.6,12.0,0.0,0.0,0.0
2016,5,14,22,30,0.0,0.0,3.6,12.0,0.0,0.0,0.0
2016,5,14,22,45,0.0,0.0,3.6,12.0,0.0,0.0,0.0
2016,5,14,23,0,0.0,0.0,3.6,12.0,0.0,0.0,0.0
2016,5,14,23,15,0.0,0.0,3.7,12.0,0.0,0.0,0.0
2016,5,14,23,30,0.0,0.0,3.8,12.0,0.0,0.0,0.0
2016,5,14,23,45,0.0,0.0,3.9,12.0,0.0,0.0,0.0
2016,5,15,0,0,0.0,0.0,4.0,12.0,0.0,0.0,0.0
2016,5,15,0,15,0.0,0.0,4.05,12.0,0.0,0.0,0.0
2016,5,15,0,30,0.0,0.0,4.1,12.0,0.0,0.0,0.0
2016,5,15,0,45,0.0,0.0,4.15,12.0,0.0,0.0,0.0
2016,5,15,1,0,0.0,0.0,4.2,12.0,0.0,0.0,0.0
2016,5,15,1,15,0.0,0.0,4.1,12.0,0.0,0.0,0.0
2016,5,15,1,30,0.0,0.0,4.0,12.0,0.0,0.0,0.0
2016,5,15,1,45,0.0,0.0,3.95,12.0,0.0,0.0,0.0
2016,5,15,2,0,0.0,0.0,3.9,12.0,0.0,0.0,0.0
2016,5,15,2,15,0.0,0.0,3.85,12.0,0.0,0.0,0.0
2016,5,15,2,30,0.0,0.0,3.8,12.0,0.0,0.0,0.0
2016,5,15,2,45,0.0,0.0,3.8,12.0,0.0,0.0,0.0
2016,5,15,3,0,0.0,0.0,3.8,12.0,0.0,0.0,0.0
2016,5,15,3,15,0.0,0.0,3.8,11.5,0.0,0.0,0.0
2016,5,15,3,30,0.0,0.0,3.8,11.0,0.0,0.0,0.0
2016,5,15,3,45,0.0,0.0,3.8,11.0,0.0,0.0,0.0
2016,5,15,4,0,0.0,0.0,3.8,11.0,0.0,0.0,0.0
2016,5,15,4,15,0.0,0.0,3.85,11.0,0.0,0.0,0.0
2016,5,15,4,30,0.0,0.0,3.9,11.0,0.0,0.0,0.0
2016,5,15,4,45,0.0,0.0,3.95,11.5,0.0,0.0,0.0
2016,5,15,5,0,0.0,0.0,4.0,12.0,0.0,0.0,0.0
2016,5,15,5,15,78.0,15.0,4.1,12.0,21.5,14.74,0.0
2016,5,15,5,30,156.0,30.0,4.2,12.0,43.0,23.27,12.59
2016,5,15,5,45,263.5,43.0,4.3,12.5,83.0,32.62,22.82
2016,5,15,6,0,371.0,56.0,4.4,13.0,123.0,41.52,31.25
2016,5,15,6,15,442.5,65.5,4.3,13.0,170.5,46.91,36.42
2016,5,15,6,30,514.0,75.0,4.2,13.0,218.0,68.91,42.94
2016,5,15,6,45,308.5,112.5,4.1,13.5,203.5,115.68,80.93
2016,5,15,7,0,103.0,150.0,4.0,14.0,189.0,141.12,109.16
2016,5,15,7,15,81.5,169.0,3.9,14.5,203.0,164.77,129.26
2016,5,15,7,30,60.0,188.0,3.8,15.0,217.0,182.01,143.92
2016,5,15,7,45,408.0,146.5,3.75,15.5,371.5,235.19,177.18
2016,5,15,8,0,756.0,105.0,3.7,16.0,526.0,336.59,253.47
2016,5,15,8,15,776.5,108.5,3.6,16.0,574.0,385.33,296.07
2016,5,15,8,30,797.0,112.0,3.5,16.0,622.0,435.51,339.13
2016,5,15,8,45,530.0,218.0,3.45,16.5,567.0,440.55,345.34
2016,5,15,9,0,263.0,324.0,3.4,17.0,512.0,425.19,332.55
2016,5,15,9,15,559.5,222.0,3.35,17.0,651.0,511.97,402.65
2016,5,15,9,30,856.0,120.0,3.3,17.0,790.0,629.37,495.08
2016,5,15,9,45,878.5,114.5,3.3,17.0,827.0,675.08,529.93
2016,5,15,10,0,901.0,109.0,3.3,17.0,864.0,720.81,564.3
2016,5,15,10,15,907.5,110.5,3.4,17.0,891.5,761.19,592.87
2016,5,15,10,30,914.0,112.0,3.5,17.0,919.0,800.03,620.2
2016,5,15,10,45,917.5,113.5,3.65,17.5,939.5,834.78,643.54
2016,5,15,11,0,921.0,115.0,3.8,18.0,960.0,867.46,665.31
2016,5,15,11,15,649.0,266.5,4.05,18.0,866.5,808.37,622.22
2016,5,15,11,30,377.0,418.0,4.3,18.0,773.0,734.57,562.15
2016,5,15,11,45,369.0,425.0,4.6,18.0,774.0,746.07,572.06
2016,5,15,12,0,361.0,432.0,4.9,18.0,775.0,756.32,580.54
2016,5,15,12,15,409.0,413.5,5.1,18.0,801.0,794.43,610.45
2016,5,15,12,30,457.0,395.0,5.3,18.0,827.0,831.05,639.2
2016,5,15,12,45,695.5,252.5,5.5,18.0,902.0,924.99,715.58
2016,5,15,13,0,934.0,110.0,5.7,18.0,977.0,1008.82,775.92
2016,5,15,13,15,643.0,260.0,5.8,18.0,852.0,894.46,694.66
2016,5,15,13,30,352.0,410.0,5.9,18.0,727.0,764.02,591.5
2016,5,15,13,45,633.0,259.0,6.0,18.0,810.0,886.81,692.31
2016,5,15,14,0,914.0,108.0,6.1,18.0,893.0,985.01,764.61
2016,5,15,14,15,907.0,107.0,6.1,18.0,862.0,969.29,753.91
2016,5,15,14,30,900.0,106.0,6.1,18.0,831.0,950.82,741.91
2016,5,15,14,45,890.5,104.0,6.2,18.0,794.0,926.37,726.2
2016,5,15,15,0,881.0,102.0,6.3,18.0,757.0,899.5,708.69
2016,5,15,15,15,868.5,99.5,6.4,17.5,714.5,867.23,688.45
2016,5,15,15,30,856.0,97.0,6.5,17.0,672.0,833.02,666.52
2016,5,15,15,45,837.5,95.0,6.6,17.0,625.0,797.64,642.17
2016,5,15,16,0,819.0,93.0,6.7,17.0,578.0,756.13,612.89
2016,5,15,16,15,797.5,90.0,6.7,16.5,528.0,710.28,580.71
2016,5,15,16,30,776.0,87.0,6.7,16.0,478.0,663.94,547.58
2016,5,15,16,45,743.5,83.5,6.7,16.0,426.0,609.34,505.69
2016,5,15,17,0,711.0,80.0,6.7,16.0,374.0,557.96,464.27
2016,5,15,17,15,670.5,75.0,6.65,15.5,322.0,499.19,416.61
2016,5,15,17,30,630.0,70.0,6.6,15.0,270.0,442.66,369.37
2016,5,15,17,45,566.5,64.0,6.55,14.5,219.5,375.84,312.16
2016,5,15,18,0,503.0,58.0,6.5,14.0,169.0,313.93,257.53
2016,5,15,18,15,414.5,48.5,6.4,13.5,124.0,242.99,194.52
2016,5,15,18,30,326.0,39.0,6.3,13.0,79.0,180.11,137.54
2016,5,15,18,45,192.5,25.5,6.2,13.0,46.0,104.4,62.89
2016,5,15,19,0,59.0,12.0,6.1,13.0,13.0,27.75,0.0
2016,5,15,19,15,29.5,6.0,6.05,13.0,6.5,0.0,0.0
2016,5,15,19,30,0.0,0.0,6.0,13.0,0.0,0.0,0.0
2016,5,15,19,45,0.0,0.0,5.95,13.0,0.0,0.0,0.0
2016,5,15,20,0,0.0,0.0,5.9,13.0,0.0,0.0,0.0
2016,5,15,20,15,0.0,0.0,5.8,12.5,0.0,0.0,0.0
2016,5,15,20,30,0.0,0.0,5.7,12.0,0.0,0.0,0.0
2016,5,15,20,45,0.0,0.0,5.6,12.0,0.0,0.0,0.0
2016,5,15,21,0,0.0,0.0,5.5,12.0,0.0,0.0,0.0
2016,5,15,21,15,0.0,0.0,5.4,12.0,0.0,0.0,0.0
2016,5,15,21,30,0.0,0.0,5.3,12.0,0.0,0.0,0.0
2016,5,15,21,45,0.0,0.0,5.2,12.0,0.0,0.0,0.0
2016,5,15,22,0,0.0,0.0,5.1,12.0,0.0,0.0,0.0
2016,5,15,22,15,0.0,0.0,5.1,12.0,0.0,0.0,0.0
2016,5,15,22,30,0.0,0.0,5.1,12.0,0.0,0.0,0.0
2016,5,15,22,45,0.0,0.0,5.1,12.0,0.0,0.0,0.0
2016,5,15,23,0,0.0,0.0,5.1,12.0,0.0,0.0,0.0
2016,5,15,23,15,0.0,0.0,5.1,12.0,0.0,0.0,0.0
2016,5,15,23,30,0.0,0.0,5.1,12.0,0.0,0.0,0.0
2016,5,15,23,45,0.0,0.0,5.1,12.0,0.0,0.0,0.0
2016,5,16,0,0,0.0,0.0,5.1,12.0,0.0,0.0,0.0
2016,5,16,0,15,0.0,0.0,5.05,11.5,0.0,0.0,0.0
2016,5,16,0,30,0.0,0.0,5.0,11.0,0.0,0.0,0.0
2016,5,16,0,45,0.0,0.0,5.0,11.0,0.0,0.0,0.0
2016,5,16,1,0,0.0,0.0,5.0,11.0,0.0,0.0,0.0
2016,5,16,1,15,0.0,0.0,4.9,11.0,0.0,0.0,0.0
2016,5,16,1,30,0.0,0.0,4.8,11.0,0.0,0.0,0.0
2016,5,16,1,45,0.0,0.0,4.7,11.0,0.0,0.0,0.0
2016,5,16,2,0,0.0,0.0,4.6,11.0,0.0,0.0,0.0
2016,5,16,2,15,0.0,0.0,4.55,11.0,0.0,0.0,0.0
2016,5,16,2,30,0.0,0.0,4.5,11.0,0.0,0.0,0.0
2016,5,16,2,45,0.0,0.0,4.45,11.0,0.0,0.0,0.0
2016,5,16,3,0,0.0,0.0,4.4,11.0,0.0,0.0,0.0
2016,5,16,3,15,0.0,0.0,4.35,11.0,0.0,0.0,0.0
2016,5,16,3,30,0.0,0.0,4.3,11.0,0.0,0.0,0.0
2016,5,16,3,45,0.0,0.0,4.25,11.0,0.0,0.0,0.0
2016,5,16,4,0,0.0,0.0,4.2,11.0,0.0,0.0,0.0
2016,5,16,4,15,0.0,0.0,4.1,11.0,0.0,0.0,0.0
2016,5,16,4,30,0.0,0.0,4.0,11.0,0.0,0.0,0.0
2016,5,16,4,45,0.0,0.0,3.95,11.0,0.0,0.0,0.0
2016,5,16,5,0,0.0,0.0,3.9,11.0,0.0,0.0,0.0
2016,5,16,5,15,79.0,15.0,3.9,11.5,22.0,11.7,0.0
2016,5,16,5,30,158.0,30.0,3.9,12.0,44.0,23.21,12.82
2016,5,16,5,45,255.5,44.0,3.9,12.5,83.0,33.36,23.51
2016,5,16,6,0,353.0,58.0,3.9,13.0,122.0,43.02,32.61
2016,5,16,6,15,423.5,68.0,3.8,13.0,169.0,49.07,38.36
2016,5,16,6,30,494.0,78.0,3.7,13.0,216.0,72.19,45.51
2016,5,16,6,45,546.5,85.0,3.6,13.5,266.5,107.48,64.55
2016,5,16,7,0,599.0,92.0,3.5,14.0,317.0,148.35,93.4
2016,5,16,7,15,635.5,97.5,3.4,14.5,368.0,190.53,127.52
2016,5,16,7,30,672.0,103.0,3.3,15.0,419.0,236.48,166.71
2016,5,16,7,45,704.5,106.0,3.25,15.5,470.0,282.76,207.12
2016,5,16,8,0,737.0,109.0,3.2,16.0,521.0,332.08,249.96
2016,5,16,8,15,757.5,113.0,3.15,16.0,568.0,383.65,294.69
2016,5,16,8,30,778.0,117.0,3.1,16.0,615.0,433.36,337.13
2016,5,16,8,45,797.5,118.0,3.1,16.5,660.0,481.13,376.6
2016,5,16,9,0,817.0,119.0,3.1,17.0,705.0,529.84,415.69
2016,5,16,9,15,829.0,121.5,3.1,17.0,743.5,576.36,452.89
2016,5,16,9,30,841.0,124.0,3.1,17.0,782.0,622.7,489.07
2016,5,16,9,45,861.5,119.5,3.1,17.5,818.5,669.89,524.25
2016,5,16,10,0,882.0,115.0,3.1,18.0,855.0,714.52,556.77
2016,5,16,10,15,888.5,116.5,3.15,18.0,882.5,754.2,584.47
2016,5,16,10,30,895.0,118.0,3.2,18.0,910.0,792.37,610.94
2016,5,16,10,45,900.5,118.5,3.25,18.5,930.5,827.15,633.67
2016,5,16,11,0,906.0,119.0,3.3,19.0,951.0,860.03,654.9
2016,5,16,11,15,909.0,119.5,3.4,19.0,964.5,888.73,674.7
2016,5,16,11,30,912.0,120.0,3.5,19.0,978.0,915.12,692.94
2016,5,16,11,45,913.5,120.5,3.6,19.5,984.0,937.75,707.3
2016,5,16,12,0,915.0,121.0,3.7,20.0,990.0,957.8,719.93
2016,5,16,12,15,915.0,121.0,3.85,20.0,988.0,973.3,731.24
2016,5,16,12,30,915.0,121.0,4.0,20.0,986.0,985.99,740.78
2016,5,16,12,45,914.5,119.5,4.15,20.0,977.0,993.85,747.16
2016,5,16,13,0,914.0,118.0,4.3,20.0,968.0,998.75,751.68
2016,5,16,13,15,911.0,117.5,4.4,20.0,951.0,999.28,752.99
2016,5,16,13,30,908.0,117.0,4.5,20.0,934.0,996.82,752.84
2016,5,16,13,45,905.0,114.5,4.6,20.0,910.5,989.31,749.35
2016,5,16,14,0,902.0,112.0,4.7,20.0,887.0,978.84,743.92
2016,5,16,14,15,894.5,110.5,4.75,19.5,856.5,962.29,735.4
2016,5,16,14,30,887.0,109.0,4.8,19.0,826.0,943.04,725.02
2016,5,16,14,45,875.0,108.5,4.9,19.0,788.5,918.19,709.64
2016,5,16,15,0,863.0,108.0,5.0,19.0,751.0,891.08,692.58
2016,5,16,15,15,850.5,105.5,5.0,19.0,709.0,859.29,671.42
2016,5,16,15,30,838.0,103.0,5.0,19.0,667.0,830.66,652.49
2016,5,16,15,45,814.0,103.0,5.05,19.0,619.5,788.65,623.87
2016,5,16,16,0,790.0,103.0,5.1,19.0,572.0,745.8,594.34
2016,5,16,16,15,767.5,99.5,5.1,18.5,522.5,699.61,562.75
2016,5,16,16,30,745.0,96.0,5.1,18.0,473.0,653.03,530.26
2016,5,16,16,45,708.0,93.0,5.15,17.5,421.0,599.71,490.8
2016,5,16,17,0,671.0,90.0,5.2,17.0,369.0,545.29,448.86
2016,5,16,17,15,629.0,84.0,5.25,16.5,317.5,486.05,401.84
2016,5,16,17,30,587.0,78.0,5.3,16.0,266.0,429.2,355.23
2016,5,16,17,45,523.5,70.5,5.35,15.5,216.0,362.39,298.94
2016,5,16,18,0,460.0,63.0,5.4,15.0,166.0,300.49,245.17
2016,5,16,18,15,371.5,52.5,5.3,14.5,122.0,230.2,183.51
2016,5,16,18,30,283.0,42.0,5.2,14.0,78.0,167.47,127.6
2016,5,16,18,45,160.5,27.0,5.15,14.0,45.5,97.09,60.04
2016,5,16,19,0,38.0,12.0,5.1,14.0,13.0,22.15,0.0
2016,5,16,19,15,19.0,6.0,4.9,13.5,6.5,0.0,0.0
2016,5,16,19,30,0.0,0.0,4.7,13.0,0.0,0.0,0.0
2016,5,16,19,45,0.0,0.0,4.55,13.0,0.0,0.0,0.0
2016,5,16,20,0,0.0,0.0,4.4,13.0,0.0,0.0,0.0
2016,5,16,20,15,0.0,0.0,4.25,12.5,0.0,0.0,0.0
2016,5,16,20,30,0.0,0.0,4.1,12.0,0.0,0.0,0.0
2016,5,16,20,45,0.0,0.0,4.0,12.0,0.0,0.0,0.0
2016,5,16,21,0,0.0,0.0,3.9,12.0,0.0,0.0,0.0
2016,5,16,21,15,0.0,0.0,3.85,12.0,0.0,0.0,0.0
2016,5,16,21,30,0.0,0.0,3.8,12.0,0.0,0.0,0.0
2016,5,16,21,45,0.0,0.0,3.75,12.0,0.0,0.0,0.0
2016,5,16,22,0,0.0,0.0,3.7,12.0,0.0,0.0,0.0
2016,5,16,22,15,0.0,0.0,3.65,12.0,0.0,0.0,0.0
2016,5,16,22,30,0.0,0.0,3.6,12.0,0.0,0.0,0.0
2016,5,16,22,45,0.0,0.0,3.6,12.0,0.0,0.0,0.0
2016,5,16,23,0,0.0,0.0,3.6,12.0,0.0,0.0,0.0
2016,5,16,23,15,0.0,0.0,3.5,12.0,0.0,0.0,0.0
2016,5,16,23,30,0.0,0.0,3.4,12.0,0.0,0.0,0.0
2016,5,16,23,45,0.0,0.0,3.35,12.0,0.0,0.0,0.0
2016,5,17,0,0,0.0,0.0,3.3,12.0,0.0,0.0,0.0
2016,5,17,0,15,0.0,0.0,3.25,12.0,0.0,0.0,0.0
2016,5,17,0,30,0.0,0.0,3.2,12.0,0.0,0.0,0.0
2016,5,17,0,45,0.0,0.0,3.15,12.0,0.0,0.0,0.0
2016,5,17,1,0,0.0,0.0,3.1,12.0,0.0,0.0,0.0
2016,5,17,1,15,0.0,0.0,3.0,12.0,0.0,0.0,0.0
2016,5,17,1,30,0.0,0.0,2.9,12.0,0.0,0.0,0.0
2016,5,17,1,45,0.0,0.0,2.85,12.0,0.0,0.0,0.0
2016,5,17,2,0,0.0,0.0,2.8,12.0,0.0,0.0,0.0
2016,5,17,2,15,0.0,0.0,2.75,12.0,0.0,0.0,0.0
2016,5,17,2,30,0.0,0.0,2.7,12.0,0.0,0.0,0.0
2016,5,17,2,45,0.0,0.0,2.65,12.0,0.0,0.0,0.0
2016,5,17,3,0,0.0,0.0,2.6,12.0,0.0,0.0,0.0
2016,5,17,3,15,0.0,0.0,2.6,12.0,0.0,0.0,0.0
2016,5,17,3,30,0.0,0.0,2.6,12.0,0.0,0.0,0.0
2016,5,17,3,45,0.0,0.0,2.65,12.0,0.0,0.0,0.0
2016,5,17,4,0,0.0,0.0,2.7,12.0,0.0,0.0,0.0
2016,5,17,4,15,0.0,0.0,2.65,12.0,0.0,0.0,0.0
2016,5,17,4,30,0.0,0.0,2.6,12.0,0.0,0.0,0.0
2016,5,17,4,45,0.0,0.0,2.6,12.5,0.0,0.0,0.0
2016,5,17,5,0,0.0,0.0,2.6,13.0,0.0,0.0,0.0
2016,5,17,5,15,127.0,14.0,2.65,13.5,25.0,10.62,0.0
2016,5,17,5,30,254.0,28.0,2.7,14.0,50.0,21.63,11.65
2016,5,17,5,45,360.0,38.5,2.75,14.5,92.5,28.66,19.28
2016,5,17,6,0,466.0,49.0,2.8,15.0,135.0,35.23,25.51
2016,5,17,6,15,533.5,56.5,2.7,15.5,184.0,38.75,28.85
2016,5,17,6,30,601.0,64.0,2.6,16.0,233.0,64.85,35.8
2016,5,17,6,45,649.5,69.0,2.55,16.5,285.5,103.6,56.26
2016,5,17,7,0,698.0,74.0,2.5,17.0,338.0,147.48,87.19
2016,5,17,7,15,731.0,78.5,2.55,17.5,390.5,196.26,126.77
2016,5,17,7,30,764.0,83.0,2.6,18.0,443.0,245.12,168.46
2016,5,17,7,45,789.5,86.0,2.65,18.5,494.5,293.76,211.0
2016,5,17,8,0,815.0,89.0,2.7,19.0,546.0,344.69,255.2
2016,5,17,8,15,833.5,92.0,2.75,19.5,594.5,395.05,298.36
2016,5,17,8,30,852.0,95.0,2.8,20.0,643.0,450.46,344.26
2016,5,17,8,45,866.5,97.5,2.9,20.5,688.0,500.4,385.0
2016,5,17,9,0,881.0,100.0,3.0,21.0,733.0,550.66,424.86
2016,5,17,9,15,892.0,102.0,3.0,21.0,772.5,598.58,462.5
2016,5,17,9,30,903.0,104.0,3.0,21.0,812.0,646.07,498.9
2016,5,17,9,45,911.5,105.5,3.05,21.5,846.5,690.84,531.68
2016,5,17,10,0,920.0,107.0,3.1,22.0,881.0,734.55,562.38
2016,5,17,10,15,926.0,108.0,3.1,22.0,908.0,774.73,589.62
2016,5,17,10,30,932.0,109.0,3.1,22.0,935.0,813.28,615.51
2016,5,17,10,45,935.5,110.5,3.1,22.5,955.5,848.53,637.7
2016,5,17,11,0,939.0,112.0,3.1,23.0,976.0,881.67,658.24
2016,5,17,11,15,941.5,112.5,3.1,23.0,989.0,910.78,677.2
2016,5,17,11,30,944.0,113.0,3.1,23.0,1002.0,937.46,694.52
2016,5,17,11,45,943.5,114.0,3.15,23.0,1006.5,959.4,709.06
2016,5,17,12,0,943.0,115.0,3.2,23.0,1011.0,978.59,721.87
2016,5,17,12,15,942.5,115.0,3.25,23.0,1008.5,993.99,732.26
2016,5,17,12,30,942.0,115.0,3.3,23.0,1006.0,1006.5,740.88
2016,5,17,12,45,940.5,113.5,3.4,23.5,996.0,1013.59,744.99
2016,5,17,13,0,939.0,112.0,3.5,24.0,986.0,1017.62,747.24
2016,5,17,13,15,935.5,111.5,3.6,24.0,968.5,1017.68,748.45
2016,5,17,13,30,932.0,111.0,3.7,24.0,951.0,1014.67,747.78
2016,5,17,13,45,925.5,110.5,3.8,24.0,926.0,1005.75,743.32
2016,5,17,14,0,919.0,110.0,3.9,24.0,901.0,993.89,737.0
2016,5,17,14,15,911.5,108.5,3.95,23.5,869.5,977.16,728.61
2016,5,17,14,30,904.0,107.0,4.0,23.0,838.0,957.67,718.39
2016,5,17,14,45,894.0,105.0,4.1,23.0,800.5,932.74,703.34
2016,5,17,15,0,884.0,103.0,4.2,23.0,763.0,905.4,686.59
2016,5,17,15,15,871.5,101.0,4.25,22.5,720.5,873.65,667.72
2016,5,17,15,30,859.0,99.0,4.3,22.0,678.0,839.96,647.29
2016,5,17,15,45,842.5,96.0,4.4,22.0,631.5,805.08,624.7
2016,5,17,16,0,826.0,93.0,4.5,22.0,585.0,763.88,597.52
2016,5,17,16,15,804.5,89.5,4.5,21.5,535.0,717.24,566.53
2016,5,17,16,30,783.0,86.0,4.5,21.0,485.0,670.1,534.55
2016,5,17,16,45,752.5,82.5,4.55,21.0,433.0,616.6,495.89
2016,5,17,17,0,722.0,79.0,4.6,21.0,381.0,563.8,455.47
2016,5,17,17,15,682.5,74.0,4.5,20.0,328.5,507.34,412.17
2016,5,17,17,30,643.0,69.0,4.4,19.0,276.0,450.8,367.31
2016,5,17,17,45,583.0,63.0,4.35,18.5,225.5,385.05,312.86
2016,5,17,18,0,523.0,57.0,4.3,18.0,175.0,323.9,260.5
2016,5,17,18,15,437.0,47.5,4.1,17.5,129.0,252.82,198.92
2016,5,17,18,30,351.0,38.0,3.9,17.0,83.0,189.59,142.96
2016,5,17,18,45,217.5,25.5,3.75,16.5,49.0,115.67,73.08
2016,5,17,19,0,84.0,13.0,3.6,16.0,15.0,35.83,0.0
2016,5,17,19,15,42.0,6.5,3.4,15.5,7.5,6.39,0.0
2016,5,17,19,30,0.0,0.0,3.2,15.0,0.0,0.0,0.0
2016,5,17,19,45,0.0,0.0,3.05,15.0,0.0,0.0,0.0
2016,5,17,20,0,0.0,0.0,2.9,15.0,0.0,0.0,0.0
2016,5,17,20,15,0.0,0.0,2.8,15.0,0.0,0.0,0.0
2016,5,17,20,30,0.0,0.0,2.7,15.0,0.0,0.0,0.0
2016,5,17,20,45,0.0,0.0,2.65,15.0,0.0,0.0,0.0
2016,5,17,21,0,0.0,0.0,2.6,15.0,0.0,0.0,0.0
2016,5,17,21,15,0.0,0.0,2.55,14.5,0.0,0.0,0.0
2016,5,17,21,30,0.0,0.0,2.5,14.0,0.0,0.0,0.0
2016,5,17,21,45,0.0,0.0,2.5,14.0,0.0,0.0,0.0
2016,5,17,22,0,0.0,0.0,2.5,14.0,0.0,0.0,0.0
2016,5,17,22,15,0.0,0.0,2.45,14.0,0.0,0.0,0.0
2016,5,17,22,30,0.0,0.0,2.4,14.0,0.0,0.0,0.0
2016,5,17,22,45,0.0,0.0,2.4,14.0,0.0,0.0,0.0
2016,5,17,23,0,0.0,0.0,2.4,14.0,0.0,0.0,0.0
2016,5,17,23,15,0.0,0.0,2.35,14.0,0.0,0.0,0.0
2016,5,17,23,30,0.0,0.0,2.3,14.0,0.0,0.0,0.0
2016,5,17,23,45,0.0,0.0,2.25,14.0,0.0,0.0,0.0
2016,5,18,0,0,0.0,0.0,2.2,14.0,0.0,0.0,0.0
2016,5,18,0,15,0.0,0.0,2.15,13.5,0.0,0.0,0.0
2016,5,18,0,30,0.0,0.0,2.1,13.0,0.0,0.0,0.0
2016,5,18,0,45,0.0,0.0,2.05,13.0,0.0,0.0,0.0
2016,5,18,1,0,0.0,0.0,2.0,13.0,0.0,0.0,0.0
2016,5,18,1,15,0.0,0.0,1.95,13.0,0.0,0.0,0.0
2016,5,18,1,30,0.0,0.0,1.9,13.0,0.0,0.0,0.0
2016,5,18,1,45,0.0,0.0,1.9,13.0,0.0,0.0,0.0
2016,5,18,2,0,0.0,0.0,1.9,13.0,0.0,0.0,0.0
2016,5,18,2,15,0.0,0.0,1.9,13.0,0.0,0.0,0.0
2016,5,18,2,30,0.0,0.0,1.9,13.0,0.0,0.0,0.0
2016,5,18,2,45,0.0,0.0,1.9,13.0,0.0,0.0,0.0
2016,5,18,3,0,0.0,0.0,1.9,13.0,0.0,0.0,0.0
2016,5,18,3,15,0.0,0.0,1.9,12.5,0.0,0.0,0.0
2016,5,18,3,30,0.0,0.0,1.9,12.0,0.0,0.0,0.0
2016,5,18,3,45,0.0,0.0,1.95,12.0,0.0,0.0,0.0
2016,5,18,4,0,0.0,0.0,2.0,12.0,0.0,0.0,0.0
2016,5,18,4,15,0.0,0.0,2.0,12.0,0.0,0.0,0.0
2016,5,18,4,30,0.0,0.0,2.0,12.0,0.0,0.0,0.0
2016,5,18,4,45,0.0,0.0,2.05,12.5,0.0,0.0,0.0
2016,5,18,5,0,0.0,0.0,2.1,13.0,0.0,0.0,0.0
2016,5,18,5,15,107.0,15.0,2.1,13.0,24.5,11.65,0.0
2016,5,18,5,30,214.0,30.0,2.1,13.0,49.0,23.11,13.1
2016,5,18,5,45,314.5,42.0,2.15,13.5,90.0,31.82,22.16
2016,5,18,6,0,415.0,54.0,2.2,14.0,131.0,39.63,29.54
2016,5,18,6,15,482.0,62.5,2.0,14.0,179.0,43.78,33.54
2016,5,18,6,30,549.0,71.0,1.8,14.0,227.0,70.26,41.28
2016,5,18,6,45,597.0,77.5,1.65,14.5,278.0,107.69,61.93
2016,5,18,7,0,645.0,84.0,1.5,15.0,329.0,150.2,92.26
2016,5,18,7,15,679.0,89.0,1.4,15.5,380.0,193.87,127.6
2016,5,18,7,30,713.0,94.0,1.3,16.0,431.0,241.0,167.52
2016,5,18,7,45,739.5,97.5,1.2,16.5,481.0,291.29,210.61
2016,5,18,8,0,766.0,101.0,1.1,17.0,531.0,340.53,252.42
2016,5,18,8,15,785.0,104.5,1.15,17.5,578.5,389.13,293.42
2016,5,18,8,30,804.0,108.0,1.2,18.0,626.0,439.01,334.37
2016,5,18,8,45,817.5,111.5,1.25,18.5,669.0,487.35,373.06
2016,5,18,9,0,831.0,115.0,1.3,19.0,712.0,536.04,410.85
2016,5,18,9,15,842.0,117.0,1.4,19.0,750.5,584.99,448.83
2016,5,18,9,30,853.0,119.0,1.5,19.0,789.0,630.39,483.53
2016,5,18,9,45,865.0,119.0,1.6,19.5,823.0,674.07,515.42
2016,5,18,10,0,877.0,119.0,1.7,20.0,857.0,717.04,546.11
2016,5,18,10,15,883.5,120.5,1.8,20.0,884.0,756.48,573.17
2016,5,18,10,30,890.0,122.0,1.9,20.0,911.0,794.44,599.09
2016,5,18,10,45,891.5,124.5,2.05,20.5,930.5,827.7,620.96
2016,5,18,11,0,893.0,127.0,2.2,21.0,950.0,858.86,641.32
2016,5,18,11,15,896.0,127.5,2.3,21.0,963.0,887.21,660.55
2016,5,18,11,30,899.0,128.0,2.4,21.0,976.0,913.3,678.3
2016,5,18,11,45,899.0,129.0,2.5,21.0,981.0,934.8,693.04
2016,5,18,12,0,899.0,130.0,2.6,21.0,986.0,953.72,706.19
2016,5,18,12,15,899.0,130.0,2.6,21.0,984.0,969.03,716.14
2016,5,18,12,30,899.0,130.0,2.6,21.0,982.0,981.59,724.39
2016,5,18,12,45,898.0,128.5,2.65,21.0,972.5,988.91,729.79
2016,5,18,13,0,897.0,127.0,2.7,21.0,963.0,993.33,733.44
2016,5,18,13,15,893.5,126.5,2.8,20.5,946.0,993.42,736.25
2016,5,18,13,30,890.0,126.0,2.9,20.0,929.0,990.59,737.26
2016,5,18,13,45,885.5,124.0,3.0,20.0,905.5,982.35,733.36
2016,5,18,14,0,881.0,122.0,3.1,20.0,882.0,971.23,727.64
2016,5,18,14,15,873.5,120.0,3.25,20.0,851.0,954.49,718.54
2016,5,18,14,30,866.0,118.0,3.4,20.0,820.0,935.1,707.63
2016,5,18,14,45,853.5,117.5,3.6,20.0,783.0,910.24,693.18
2016,5,18,15,0,841.0,117.0,3.8,20.0,746.0,888.55,680.79
2016,5,18,15,15,827.5,114.5,3.95,19.5,704.5,856.45,661.89
2016,5,18,15,30,814.0,112.0,4.1,19.0,663.0,822.53,641.42
2016,5,18,15,45,793.5,110.0,4.25,18.5,616.5,781.83,615.65
2016,5,18,16,0,773.0,108.0,4.4,18.0,570.0,740.13,588.86
2016,5,18,16,15,750.0,104.0,4.45,17.5,521.0,693.58,557.43
2016,5,18,16,30,727.0,100.0,4.5,17.0,472.0,649.31,527.06
2016,5,18,16,45,701.0,94.5,4.6,17.0,422.0,598.79,489.22
2016,5,18,17,0,675.0,89.0,4.7,17.0,372.0,548.76,450.43
2016,5,18,17,15,634.5,83.0,4.75,16.5,321.0,490.21,404.31
2016,5,18,17,30,594.0,77.0,4.8,16.0,270.0,433.91,358.49
2016,5,18,17,45,539.0,69.0,4.85,15.5,220.5,370.45,305.29
2016,5,18,18,0,484.0,61.0,4.9,15.0,171.0,311.16,253.91
2016,5,18,18,15,399.0,51.0,4.9,14.5,126.5,241.56,192.95
2016,5,18,18,30,314.0,41.0,4.9,14.0,82.0,179.67,137.68
2016,5,18,18,45,187.5,27.5,4.9,14.0,49.0,107.97,70.4
2016,5,18,19,0,61.0,14.0,4.9,14.0,16.0,30.62,0.0
2016,5,18,19,15,30.5,7.0,4.9,13.5,8.0,6.88,0.0
2016,5,18,19,30,0.0,0.0,4.9,13.0,0.0,0.0,0.0
2016,5,18,19,45,0.0,0.0,4.9,13.0,0.0,0.0,0.0
2016,5,18,20,0,0.0,0.0,4.9,13.0,0.0,0.0,0.0
2016,5,18,20,15,0.0,0.0,4.85,13.0,0.0,0.0,0.0
2016,5,18,20,30,0.0,0.0,4.8,13.0,0.0,0.0,0.0
2016,5,18,20,45,0.0,0.0,4.75,13.0,0.0,0.0,0.0
2016,5,18,21,0,0.0,0.0,4.7,13.0,0.0,0.0,0.0
2016,5,18,21,15,0.0,0.0,4.65,12.5,0.0,0.0,0.0
2016,5,18,21,30,0.0,0.0,4.6,12.0,0.0,0.0,0.0
2016,5,18,21,45,0.0,0.0,4.6,12.0,0.0,0.0,0.0
2016,5,18,22,0,0.0,0.0,4.6,12.0,0.0,0.0,0.0
2016,5,18,22,15,0.0,0.0,4.75,12.0,0.0,0.0,0.0
2016,5,18,22,30,0.0,0.0,4.9,12.0,0.0,0.0,0.0
2016,5,18,22,45,0.0,0.0,5.05,12.0,0.0,0.0,0.0
2016,5,18,23,0,0.0,0.0,5.2,12.0,0.0,0.0,0.0
2016,5,18,23,15,0.0,0.0,5.3,12.0,0.0,0.0,0.0
2016,5,18,23,30,0.0,0.0,5.4,12.0,0.0,0.0,0.0
2016,5,18,23,45,0.0,0.0,5.55,12.0,0.0,0.0,0.0
2016,5,19,0,0,0.0,0.0,5.7,12.0,0.0,0.0,0.0
2016,5,19,0,15,0.0,0.0,5.8,11.5,0.0,0.0,0.0
2016,5,19,0,30,0.0,0.0,5.9,11.0,0.0,0.0,0.0
2016,5,19,0,45,0.0,0.0,6.0,11.0,0.0,0.0,0.0
2016,5,19,1,0,0.0,0.0,6.1,11.0,0.0,0.0,0.0
2016,5,19,1,15,0.0,0.0,6.25,11.0,0.0,0.0,0.0
2016,5,19,1,30,0.0,0.0,6.4,11.0,0.0,0.0,0.0
2016,5,19,1,45,0.0,0.0,6.55,11.0,0.0,0.0,0.0
2016,5,19,2,0,0.0,0.0,6.7,11.0,0.0,0.0,0.0
2016,5,19,2,15,0.0,0.0,6.75,11.0,0.0,0.0,0.0
2016,5,19,2,30,0.0,0.0,6.8,11.0,0.0,0.0,0.0
2016,5,19,2,45,0.0,0.0,6.85,11.0,0.0,0.0,0.0
2016,5,19,3,0,0.0,0.0,6.9,11.0,0.0,0.0,0.0
2016,5,19,3,15,0.0,0.0,6.7,11.0,0.0,0.0,0.0
2016,5,19,3,30,0.0,0.0,6.5,11.0,0.0,0.0,0.0
2016,5,19,3,45,0.0,0.0,6.3,11.0,0.0,0.0,0.0
2016,5,19,4,0,0.0,0.0,6.1,11.0,0.0,0.0,0.0
2016,5,19,4,15,0.0,0.0,6.1,11.0,0.0,0.0,0.0
2016,5,19,4,30,0.0,0.0,6.1,11.0,0.0,0.0,0.0
2016,5,19,4,45,0.0,0.0,6.15,11.0,0.0,0.0,0.0
2016,5,19,5,0,0.0,0.0,6.2,11.0,0.0,0.0,0.0
2016,5,19,5,15,83.0,18.0,6.45,11.0,25.5,14.1,0.0
2016,5,19,5,30,166.0,36.0,6.7,11.0,51.0,28.04,17.4
2016,5,19,5,45,271.0,49.0,6.95,11.0,92.0,37.25,27.16
2016,5,19,6,0,376.0,62.0,7.2,11.0,133.0,46.0,35.57
2016,5,19,6,15,446.0,72.0,7.25,11.0,181.0,52.24,41.54
2016,5,19,6,30,516.0,82.0,7.3,11.0,229.0,79.92,50.35
2016,5,19,6,45,518.0,91.5,7.4,11.5,264.5,114.28,71.44
2016,5,19,7,0,520.0,101.0,7.5,12.0,300.0,149.23,98.6
2016,5,19,7,15,589.0,99.5,7.3,12.5,355.5,187.45,128.76
2016,5,19,7,30,658.0,98.0,7.1,13.0,411.0,232.79,167.01
2016,5,19,7,45,680.0,106.0,6.95,13.5,460.0,279.71,209.14
2016,5,19,8,0,702.0,114.0,6.8,14.0,509.0,328.65,252.79
2016,5,19,8,15,689.0,133.0,6.85,14.0,548.5,375.69,295.35
2016,5,19,8,30,676.0,152.0,6.9,14.0,588.0,421.21,335.64
2016,5,19,8,45,763.0,137.0,6.95,14.5,661.0,485.64,389.36
2016,5,19,9,0,850.0,122.0,7.0,15.0,734.0,553.52,445.29
2016,5,19,9,15,863.0,124.0,6.9,15.0,774.5,601.54,485.11
2016,5,19,9,30,876.0,126.0,6.8,15.0,815.0,651.83,525.78
2016,5,19,9,45,882.0,130.5,6.75,15.5,849.0,696.61,560.41
2016,5,19,10,0,888.0,135.0,6.7,16.0,883.0,740.22,593.33
2016,5,19,10,15,894.5,136.5,6.65,16.0,910.5,780.13,622.76
2016,5,19,10,30,901.0,138.0,6.6,16.0,938.0,818.53,650.45
2016,5,19,10,45,907.5,138.0,6.6,16.0,959.0,853.88,675.9
2016,5,19,11,0,914.0,138.0,6.6,16.0,980.0,887.37,699.89
2016,5,19,11,15,701.0,264.5,6.65,16.0,916.0,853.72,673.62
2016,5,19,11,30,488.0,391.0,6.7,16.0,852.0,808.25,633.33
2016,5,19,11,45,495.0,386.5,6.75,16.5,856.0,824.96,645.11
2016,5,19,12,0,502.0,382.0,6.8,17.0,860.0,840.46,655.72
2016,5,19,12,15,710.5,260.5,6.85,17.0,936.0,928.04,726.96
2016,5,19,12,30,919.0,139.0,6.9,17.0,1012.0,1010.16,786.23
2016,5,19,12,45,702.5,261.0,7.0,17.0,924.5,942.96,738.11
2016,5,19,13,0,486.0,383.0,7.1,17.0,837.0,863.96,674.11
2016,5,19,13,15,540.0,349.5,7.3,16.5,845.0,887.39,696.14
2016,5,19,13,30,594.0,316.0,7.5,16.0,853.0,908.31,716.11
2016,5,19,13,45,564.5,317.5,7.75,16.0,817.0,882.26,697.65
2016,5,19,14,0,535.0,319.0,8.0,16.0,781.0,854.55,677.94
2016,5,19,14,15,564.5,291.0,8.1,16.0,763.5,850.32,677.35
2016,5,19,14,30,594.0,263.0,8.2,16.0,746.0,844.91,675.79
2016,5,19,14,45,731.0,192.0,8.3,16.0,758.5,888.26,712.3
2016,5,19,15,0,868.0,121.0,8.4,16.0,771.0,918.05,736.31
2016,5,19,15,15,679.5,176.5,8.45,15.5,668.0,799.3,648.91
2016,5,19,15,30,491.0,232.0,8.5,15.0,565.0,680.28,555.38
2016,5,19,15,45,540.5,197.5,8.55,14.5,540.5,670.88,552.29
2016,5,19,16,0,590.0,163.0,8.6,14.0,516.0,660.56,547.91
2016,5,19,16,15,544.5,161.0,8.7,13.5,465.5,601.54,502.14
2016,5,19,16,30,499.0,159.0,8.8,13.0,415.0,548.47,460.28
2016,5,19,16,45,480.5,144.0,8.9,13.0,369.0,501.31,422.41
2016,5,19,17,0,462.0,129.0,9.0,13.0,323.0,454.44,384.04
2016,5,19,17,15,413.5,122.0,8.95,12.5,279.0,399.24,337.94
2016,5,19,17,30,365.0,115.0,8.9,12.0,235.0,347.42,293.74
2016,5,19,17,45,325.5,99.0,8.85,12.0,192.0,293.57,246.66
2016,5,19,18,0,286.0,83.0,8.8,12.0,149.0,242.81,201.38
2016,5,19,18,15,230.0,66.0,8.8,11.5,110.5,180.65,146.32
2016,5,19,18,30,174.0,49.0,8.8,11.0,72.0,130.5,101.12
2016,5,19,18,45,87.0,32.0,8.8,11.0,43.5,75.28,49.78
2016,5,19,19,0,0.0,15.0,8.8,11.0,15.0,14.73,0.0
2016,5,19,19,15,0.0,7.5,8.85,11.0,7.5,7.37,0.0
2016,5,19,19,30,0.0,0.0,8.9,11.0,0.0,0.0,0.0
2016,5,19,19,45,0.0,0.0,8.95,11.0,0.0,0.0,0.0
2016,5,19,20,0,0.0,0.0,9.0,11.0,0.0,0.0,0.0
2016,5,19,20,15,0.0,0.0,9.0,11.0,0.0,0.0,0.0
2016,5,19,20,30,0.0,0.0,9.0,11.0,0.0,0.0,0.0
2016,5,19,20,45,0.0,0.0,9.0,11.0,0.0,0.0,0.0
2016,5,19,21,0,0.0,0.0,9.0,11.0,0.0,0.0,0.0
2016,5,19,21,15,0.0,0.0,9.1,11.0,0.0,0.0,0.0
2016,5,19,21,30,0.0,0.0,9.2,11.0,0.0,0.0,0.0
2016,5,19,21,45,0.0,0.0,9.3,11.0,0.0,0.0,0.0
2016,5,19,22,0,0.0,0.0,9.4,11.0,0.0,0.0,0.0
2016,5,19,22,15,0.0,0.0,9.45,11.0,0.0,0.0,0.0
2016,5,19,22,30,0.0,0.0,9.5,11.0,0.0,0.0,0.0
2016,5,19,22,45,0.0,0.0,9.55,11.0,0.0,0.0,0.0
2016,5,19,23,0,0.0,0.0,9.6,11.0,0.0,0.0,0.0
2016,5,19,23,15,0.0,0.0,9.55,10.5,0.0,0.0,0.0
2016,5,19,23,30,0.0,0.0,9.5,10.0,0.0,0.0,0.0
2016,5,19,23,45,0.0,0.0,9.5,10.0,0.0,0.0,0.0
2016,5,20,0,0,0.0,0.0,9.5,10.0,0.0,0.0,0.0
2016,5,20,0,15,0.0,0.0,9.45,10.0,0.0,0.0,0.0
2016,5,20,0,30,0.0,0.0,9.4,10.0,0.0,0.0,0.0
2016,5,20,0,45,0.0,0.0,9.35,10.0,0.0,0.0,0.0
2016,5,20,1,0,0.0,0.0,9.3,10.0,0.0,0.0,0.0
2016,5,20,1,15,0.0,0.0,9.25,10.0,0.0,0.0,0.0
2016,5,20,1,30,0.0,0.0,9.2,10.0,0.0,0.0,0.0
2016,5,20,1,45,0.0,0.0,9.15,10.0,0.0,0.0,0.0
2016,5,20,2,0,0.0,0.0,9.1,10.0,0.0,0.0,0.0
2016,5,20,2,15,0.0,0.0,8.95,10.0,0.0,0.0,0.0
2016,5,20,2,30,0.0,0.0,8.8,10.0,0.0,0.0,0.0
2016,5,20,2,45,0.0,0.0,8.7,10.0,0.0,0.0,0.0
2016,5,20,3,0,0.0,0.0,8.6,10.0,0.0,0.0,0.0
2016,5,20,3,15,0.0,0.0,8.45,10.0,0.0,0.0,0.0
2016,5,20,3,30,0.0,0.0,8.3,10.0,0.0,0.0,0.0
2016,5,20,3,45,0.0,0.0,8.2,10.0,0.0,0.0,0.0
2016,5,20,4,0,0.0,0.0,8.1,10.0,0.0,0.0,0.0
2016,5,20,4,15,0.0,0.0,8.0,10.0,0.0,0.0,0.0
2016,5,20,4,30,0.0,0.0,7.9,10.0,0.0,0.0,0.0
2016,5,20,4,45,0.0,0.0,7.8,10.0,0.0,0.0,0.0
2016,5,20,5,0,0.0,0.0,7.7,10.0,0.0,0.0,0.0
2016,5,20,5,15,100.0,17.5,7.7,10.0,27.0,13.65,0.0
2016,5,20,5,30,200.0,35.0,7.7,10.0,54.0,27.15,16.9
2016,5,20,5,45,306.5,47.0,7.7,10.5,96.0,35.56,25.76
2016,5,20,6,0,413.0,59.0,7.7,11.0,138.0,44.06,33.85
2016,5,20,6,15,482.5,68.0,7.65,11.0,187.0,48.43,38.11
2016,5,20,6,30,552.0,77.0,7.6,11.0,236.0,77.92,47.22
2016,5,20,6,45,277.5,101.5,7.6,11.5,181.5,108.1,75.84
2016,5,20,7,0,3.0,126.0,7.6,12.0,127.0,117.84,94.98
2016,5,20,7,15,13.5,150.5,7.55,12.0,157.0,142.51,115.06
2016,5,20,7,30,24.0,175.0,7.5,12.0,187.0,168.37,136.05
2016,5,20,7,45,131.0,208.0,7.5,12.5,281.5,220.87,176.18
2016,5,20,8,0,238.0,241.0,7.5,13.0,376.0,288.29,229.52
2016,5,20,8,15,526.0,178.0,7.45,13.0,509.0,354.68,281.63
2016,5,20,8,30,814.0,115.0,7.4,13.0,642.0,452.06,361.62
2016,5,20,8,45,606.0,204.0,7.4,13.0,611.5,468.44,377.7
2016,5,20,9,0,398.0,293.0,7.4,13.0,581.0,471.41,380.29
2016,5,20,9,15,630.5,210.5,7.35,13.0,694.5,546.06,443.4
2016,5,20,9,30,863.0,128.0,7.3,13.0,808.0,644.37,525.16
2016,5,20,9,45,875.5,128.0,7.3,13.5,842.5,691.16,561.88
2016,5,20,10,0,888.0,128.0,7.3,14.0,877.0,734.9,595.7
2016,5,20,10,15,894.0,129.5,7.25,14.0,904.5,774.37,624.99
2016,5,20,10,30,900.0,131.0,7.2,14.0,932.0,812.3,652.79
2016,5,20,10,45,656.5,261.0,7.2,14.0,852.0,769.79,617.11
2016,5,20,11,0,413.0,391.0,7.2,14.0,772.0,713.48,567.17
2016,5,20,11,15,442.0,393.0,7.15,14.0,806.5,755.3,599.42
2016,5,20,11,30,471.0,395.0,7.1,14.0,841.0,797.55,631.44
2016,5,20,11,45,461.5,399.5,7.1,14.0,838.5,807.64,638.59
2016,5,20,12,0,452.0,404.0,7.1,14.0,836.0,816.12,644.65
2016,5,20,12,15,452.5,402.5,7.1,14.0,834.0,826.51,652.54
2016,5,20,12,30,453.0,401.0,7.1,14.0,832.0,835.42,659.36
2016,5,20,12,45,449.0,395.0,7.1,14.0,818.0,834.05,658.62
2016,5,20,13,0,445.0,389.0,7.1,14.0,804.0,830.92,656.67
2016,5,20,13,15,443.0,380.0,7.1,14.0,787.0,824.97,652.82
2016,5,20,13,30,441.0,371.0,7.1,14.0,770.0,817.24,647.73
2016,5,20,13,45,659.0,254.5,7.1,14.0,833.0,910.47,725.61
2016,5,20,14,0,877.0,138.0,7.1,14.0,896.0,985.77,782.04
2016,5,20,14,15,868.5,136.0,7.05,14.0,865.0,968.31,769.67
2016,5,20,14,30,860.0,134.0,7.0,14.0,834.0,953.89,760.04
2016,5,20,14,45,847.5,132.5,7.0,14.0,796.0,928.24,742.4
2016,5,20,15,0,835.0,131.0,7.0,14.0,758.0,900.38,723.15
2016,5,20,15,15,820.5,128.0,6.95,13.5,715.5,867.08,700.92
2016,5,20,15,30,806.0,125.0,6.9,13.0,673.0,832.02,677.18
2016,5,20,15,45,786.5,122.0,6.85,13.0,626.5,791.29,647.64
2016,5,20,16,0,767.0,119.0,6.8,13.0,580.0,749.49,617.06
2016,5,20,16,15,743.0,114.5,6.7,12.5,530.5,704.84,584.91
2016,5,20,16,30,719.0,110.0,6.6,12.0,481.0,657.09,549.73
2016,5,20,16,45,691.0,104.0,6.55,12.0,430.0,604.94,508.22
2016,5,20,17,0,663.0,98.0,6.5,12.0,379.0,553.42,466.38
2016,5,20,17,15,620.0,91.5,6.4,12.0,327.0,493.18,416.27
2016,5,20,17,30,577.0,85.0,6.3,12.0,275.0,435.38,367.04
2016,5,20,17,45,516.5,77.0,6.2,12.0,225.0,369.61,309.98
2016,5,20,18,0,456.0,69.0,6.1,12.0,175.0,308.4,255.56
2016,5,20,18,15,369.0,58.5,5.95,11.5,130.5,237.2,192.49
2016,5,20,18,30,282.0,48.0,5.8,11.0,86.0,176.3,137.62
2016,5,20,18,45,164.5,32.5,5.7,11.0,52.5,107.7,73.82
2016,5,20,19,0,47.0,17.0,5.6,11.0,19.0,36.15,0.0
2016,5,20,19,15,23.5,8.5,5.5,11.0,9.5,13.89,0.0
2016,5,20,19,30,0.0,0.0,5.4,11.0,0.0,0.0,0.0
2016,5,20,19,45,0.0,0.0,5.35,11.0,0.0,0.0,0.0
2016,5,20,20,0,0.0,0.0,5.3,11.0,0.0,0.0,0.0
2016,5,20,20,15,0.0,0.0,5.2,11.0,0.0,0.0,0.0
2016,5,20,20,30,0.0,0.0,5.1,11.0,0.0,0.0,0.0
2016,5,20,20,45,0.0,0.0,5.05,11.0,0.0,0.0,0.0
2016,5,20,21,0,0.0,0.0,5.0,11.0,0.0,0.0,0.0
2016,5,20,21,15,0.0,0.0,4.9,11.0,0.0,0.0,0.0
2016,5,20,21,30,0.0,0.0,4.8,11.0,0.0,0.0,0.0
2016,5,20,21,45,0.0,0.0,4.7,11.0,0.0,0.0,0.0
2016,5,20,22,0,0.0,0.0,4.6,11.0,0.0,0.0,0.0
2016,5,20,22,15,0.0,0.0,4.55,11.0,0.0,0.0,0.0
2016,5,20,22,30,0.0,0.0,4.5,11.0,0.0,0.0,0.0
2016,5,20,22,45,0.0,0.0,4.5,11.0,0.0,0.0,0.0
2016,5,20,23,0,0.0,0.0,4.5,11.0,0.0,0.0,0.0
2016,5,20,23,15,0.0,0.0,4.45,11.0,0.0,0.0,0.0
2016,5,20,23,30,0.0,0.0,4.4,11.0,0.0,0.0,0.0
2016,5,20,23,45,0.0,0.0,4.4,11.0,0.0,0.0,0.0
2016,5,21,0,0,0.0,0.0,4.4,11.0,0.0,0.0,0.0
2016,5,21,0,15,0.0,0.0,4.3,11.0,0.0,0.0,0.0
2016,5,21,0,30,0.0,0.0,4.2,11.0,0.0,0.0,0.0
2016,5,21,0,45,0.0,0.0,4.15,11.0,0.0,0.0,0.0
2016,5,21,1,0,0.0,0.0,4.1,11.0,0.0,0.0,0.0
2016,5,21,1,15,0.0,0.0,3.95,11.0,0.0,0.0,0.0
2016,5,21,1,30,0.0,0.0,3.8,11.0,0.0,0.0,0.0
2016,5,21,1,45,0.0,0.0,3.7,11.0,0.0,0.0,0.0
2016,5,21,2,0,0.0,0.0,3.6,11.0,0.0,0.0,0.0
2016,5,21,2,15,0.0,0.0,3.55,11.0,0.0,0.0,0.0
2016,5,21,2,30,0.0,0.0,3.5,11.0,0.0,0.0,0.0
2016,5,21,2,45,0.0,0.0,3.5,11.0,0.0,0.0,0.0
2016,5,21,3,0,0.0,0.0,3.5,11.0,0.0,0.0,0.0
2016,5,21,3,15,0.0,0.0,3.4,11.0,0.0,0.0,0.0
2016,5,21,3,30,0.0,0.0,3.3,11.0,0.0,0.0,0.0
2016,5,21,3,45,0.0,0.0,3.25,11.0,0.0,0.0,0.0
2016,5,21,4,0,0.0,0.0,3.2,11.0,0.0,0.0,0.0
2016,5,21,4,15,0.0,0.0,3.2,11.0,0.0,0.0,0.0
2016,5,21,4,30,0.0,0.0,3.2,11.0,0.0,0.0,0.0
2016,5,21,4,45,0.0,0.0,3.2,11.0,0.0,0.0,0.0
2016,5,21,5,0,0.0,0.0,3.2,11.0,0.0,0.0,0.0
2016,5,21,5,15,0.0,13.0,3.3,11.0,13.0,12.54,0.0
2016,5,21,5,30,0.0,26.0,3.4,11.0,26.0,25.03,15.23
2016,5,21,5,45,1.5,45.0,3.55,11.0,45.5,42.22,31.64
2016,5,21,6,0,3.0,64.0,3.7,11.0,65.0,59.17,47.39
2016,5,21,6,15,12.0,84.0,3.75,11.0,88.0,76.76,63.55
2016,5,21,6,30,21.0,104.0,3.8,11.0,111.0,95.99,76.4
2016,5,21,6,45,29.0,124.5,3.85,11.5,135.0,112.94,89.96
2016,5,21,7,0,37.0,145.0,3.9,12.0,159.0,134.34,107.15
2016,5,21,7,15,106.0,172.5,3.95,12.0,221.5,169.39,133.35
2016,5,21,7,30,175.0,200.0,4.0,12.0,284.0,215.89,169.56
2016,5,21,7,45,170.0,224.5,4.1,12.5,313.0,245.76,194.49
2016,5,21,8,0,165.0,249.0,4.2,13.0,342.0,275.3,218.79
2016,5,21,8,15,289.0,248.0,4.3,13.0,428.5,328.32,260.62
2016,5,21,8,30,413.0,247.0,4.4,13.0,515.0,393.31,312.9
2016,5,21,8,45,292.5,293.0,4.5,13.0,489.5,400.63,319.81
2016,5,21,9,0,172.0,339.0,4.6,13.0,464.0,397.13,316.76
2016,5,21,9,15,197.5,356.5,4.6,13.0,507.0,437.25,348.38
2016,5,21,9,30,223.0,374.0,4.6,13.0,550.0,479.44,381.25
2016,5,21,9,45,325.0,357.5,4.6,13.0,626.0,539.88,429.58
2016,5,21,10,0,427.0,341.0,4.6,13.0,702.0,608.71,483.94
2016,5,21,10,15,443.0,348.0,4.55,13.0,733.0,645.66,511.7
2016,5,21,10,30,459.0,355.0,4.5,13.0,764.0,682.97,539.52
2016,5,21,10,45,440.5,371.0,4.45,13.0,770.5,701.25,552.11
2016,5,21,11,0,422.0,387.0,4.4,13.0,777.0,717.61,563.2
2016,5,21,11,15,405.0,401.0,4.35,13.0,779.5,731.55,572.47
2016,5,21,11,30,388.0,415.0,4.3,13.0,782.0,743.74,580.38
2016,5,21,11,45,367.5,429.0,4.3,13.0,778.0,750.83,584.73
2016,5,21,12,0,347.0,443.0,4.3,13.0,774.0,756.3,587.92
2016,5,21,12,15,307.5,455.0,4.3,13.0,748.5,740.57,575.28
2016,5,21,12,30,268.0,467.0,4.3,13.0,723.0,722.95,561.36
2016,5,21,12,45,315.5,444.5,4.3,13.0,742.5,752.5,584.97
2016,5,21,13,0,363.0,422.0,4.3,13.0,762.0,781.2,607.65
2016,5,21,13,15,330.5,426.5,4.3,13.0,731.5,758.94,590.73
2016,5,21,13,30,298.0,431.0,4.3,13.0,701.0,735.51,573.21
2016,5,21,13,45,345.0,400.0,4.35,13.0,705.0,750.79,587.25
2016,5,21,14,0,392.0,369.0,4.4,13.0,709.0,763.84,599.51
2016,5,21,14,15,396.0,353.5,4.35,13.0,686.5,750.01,590.16
2016,5,21,14,30,400.0,338.0,4.3,13.0,664.0,742.03,585.13
2016,5,21,14,45,397.0,324.0,4.3,13.0,635.5,712.64,564.72
2016,5,21,15,0,394.0,310.0,4.3,13.0,607.0,689.44,548.72
2016,5,21,15,15,248.0,309.5,4.25,13.0,493.0,554.69,443.96
2016,5,21,15,30,102.0,309.0,4.2,13.0,379.0,408.26,327.58
2016,5,21,15,45,305.0,250.0,4.2,13.0,438.5,527.07,428.14
2016,5,21,16,0,508.0,191.0,4.2,13.0,498.0,624.16,508.67
2016,5,21,16,15,406.0,197.5,4.15,13.0,429.5,538.49,440.46
2016,5,21,16,30,304.0,204.0,4.1,13.0,361.0,450.44,370.13
2016,5,21,16,45,477.5,150.5,4.1,13.0,367.5,507.92,420.34
2016,5,21,17,0,651.0,97.0,4.1,13.0,374.0,545.5,452.94
2016,5,21,17,15,610.5,90.5,4.1,13.0,323.5,487.25,405.52
2016,5,21,17,30,570.0,84.0,4.1,13.0,273.0,431.25,359.08
2016,5,21,17,45,514.5,75.5,4.1,13.0,224.0,367.78,305.22
2016,5,21,18,0,459.0,67.0,4.1,13.0,175.0,308.5,253.43
2016,5,21,18,15,377.5,56.5,3.9,12.5,131.0,238.86,192.47
2016,5,21,18,30,296.0,46.0,3.7,12.0,87.0,179.38,139.32
2016,5,21,18,45,183.0,31.5,3.55,11.5,53.0,112.43,77.8
2016,5,21,19,0,70.0,17.0,3.4,11.0,19.0,42.78,0.0
2016,5,21,19,15,35.0,8.5,3.35,11.0,9.5,16.66,0.0
2016,5,21,19,30,0.0,0.0,3.3,11.0,0.0,0.0,0.0
2016,5,21,19,45,0.0,0.0,3.3,11.0,0.0,0.0,0.0
2016,5,21,20,0,0.0,0.0,3.3,11.0,0.0,0.0,0.0
2016,5,21,20,15,0.0,0.0,3.25,11.0,0.0,0.0,0.0
2016,5,21,20,30,0.0,0.0,3.2,11.0,0.0,0.0,0.0
2016,5,21,20,45,0.0,0.0,3.2,11.0,0.0,0.0,0.0
2016,5,21,21,0,0.0,0.0,3.2,11.0,0.0,0.0,0.0
2016,5,21,21,15,0.0,0.0,3.15,10.5,0.0,0.0,0.0
2016,5,21,21,30,0.0,0.0,3.1,10.0,0.0,0.0,0.0
2016,5,21,21,45,0.0,0.0,3.05,10.0,0.0,0.0,0.0
2016,5,21,22,0,0.0,0.0,3.0,10.0,0.0,0.0,0.0
2016,5,21,22,15,0.0,0.0,3.0,10.0,0.0,0.0,0.0
2016,5,21,22,30,0.0,0.0,3.0,10.0,0.0,0.0,0.0
2016,5,21,22,45,0.0,0.0,3.0,10.0,0.0,0.0,0.0
2016,5,21,23,0,0.0,0.0,3.0,10.0,0.0,0.0,0.0
2016,5,21,23,15,0.0,0.0,3.0,10.0,0.0,0.0,0.0
2016,5,21,23,30,0.0,0.0,3.0,10.0,0.0,0.0,0.0
2016,5,21,23,45,0.0,0.0,3.0,10.0,0.0,0.0,0.0
2016,5,22,0,0,0.0,0.0,3.0,10.0,0.0,0.0,0.0
2016,5,22,0,15,0.0,0.0,2.95,10.0,0.0,0.0,0.0
2016,5,22,0,30,0.0,0.0,2.9,10.0,0.0,0.0,0.0
2016,5,22,0,45,0.0,0.0,2.85,10.0,0.0,0.0,0.0
2016,5,22,1,0,0.0,0.0,2.8,10.0,0.0,0.0,0.0
2016,5,22,1,15,0.0,0.0,2.75,10.0,0.0,0.0,0.0
2016,5,22,1,30,0.0,0.0,2.7,10.0,0.0,0.0,0.0
2016,5,22,1,45,0.0,0.0,2.65,10.0,0.0,0.0,0.0
2016,5,22,2,0,0.0,0.0,2.6,10.0,0.0,0.0,0.0
2016,5,22,2,15,0.0,0.0,2.55,10.0,0.0,0.0,0.0
2016,5,22,2,30,0.0,0.0,2.5,10.0,0.0,0.0,0.0
2016,5,22,2,45,0.0,0.0,2.45,10.0,0.0,0.0,0.0
2016,5,22,3,0,0.0,0.0,2.4,10.0,0.0,0.0,0.0
2016,5,22,3,15,0.0,0.0,2.4,10.0,0.0,0.0,0.0
2016,5,22,3,30,0.0,0.0,2.4,10.0,0.0,0.0,0.0
2016,5,22,3,45,0.0,0.0,2.4,10.0,0.0,0.0,0.0
2016,5,22,4,0,0.0,0.0,2.4,10.0,0.0,0.0,0.0
2016,5,22,4,15,0.0,0.0,2.4,10.0,0.0,0.0,0.0
2016,5,22,4,30,0.0,0.0,2.4,10.0,0.0,0.0,0.0
2016,5,22,4,45,0.0,0.0,2.4,10.5,0.0,0.0,0.0
2016,5,22,5,0,0.0,0.0,2.4,11.0,0.0,0.0,0.0
2016,5,22,5,15,47.0,17.5,2.5,11.0,22.0,14.85,0.0
2016,5,22,5,30,94.0,35.0,2.6,11.0,44.0,28.91,18.58
2016,5,22,5,45,143.0,53.5,2.75,11.5,76.5,43.24,32.51
2016,5,22,6,0,192.0,72.0,2.9,12.0,109.0,57.07,45.36
2016,5,22,6,15,224.5,90.5,2.85,12.0,146.5,70.38,57.63
2016,5,22,6,30,257.0,109.0,2.8,12.0,184.0,97.98,71.27
2016,5,22,6,45,292.5,122.5,2.8,12.5,223.5,126.97,90.5
2016,5,22,7,0,328.0,136.0,2.8,13.0,263.0,159.49,114.79
2016,5,22,7,15,211.0,168.0,2.75,13.0,254.0,181.39,138.27
2016,5,22,7,30,94.0,200.0,2.7,13.0,245.0,201.25,159.33
2016,5,22,7,45,158.5,222.0,2.7,13.0,308.0,240.75,189.85
2016,5,22,8,0,223.0,244.0,2.7,13.0,371.0,291.16,229.63
2016,5,22,8,15,162.0,267.5,2.7,13.0,364.0,300.59,238.52
2016,5,22,8,30,101.0,291.0,2.7,13.0,357.0,308.67,245.42
2016,5,22,8,45,216.5,301.0,2.7,13.5,454.5,375.76,297.71
2016,5,22,9,0,332.0,311.0,2.7,14.0,552.0,453.32,357.68
2016,5,22,9,15,576.5,227.0,2.75,14.0,671.5,531.67,420.86
2016,5,22,9,30,821.0,143.0,2.8,14.0,791.0,634.26,502.09
2016,5,22,9,45,844.0,136.5,2.85,14.5,827.5,678.23,534.87
2016,5,22,10,0,867.0,130.0,2.9,15.0,864.0,723.97,568.56
2016,5,22,10,15,873.5,131.5,2.95,15.0,890.5,762.99,596.14
2016,5,22,10,30,880.0,133.0,3.0,15.0,917.0,800.55,622.34
2016,5,22,10,45,881.5,135.5,3.1,15.0,936.5,833.42,645.37
2016,5,22,11,0,883.0,138.0,3.2,15.0,956.0,864.24,666.94
2016,5,22,11,15,885.5,139.0,3.25,15.0,968.5,892.35,686.29
2016,5,22,11,30,888.0,140.0,3.3,15.0,981.0,918.22,704.08
2016,5,22,11,45,671.5,271.0,3.35,15.0,909.0,873.84,672.08
2016,5,22,12,0,455.0,402.0,3.4,15.0,837.0,817.71,625.8
2016,5,22,12,15,451.0,401.0,3.5,15.0,831.0,824.4,631.52
2016,5,22,12,30,447.0,400.0,3.6,15.0,825.0,829.5,635.69
2016,5,22,12,45,663.5,271.0,3.75,15.0,895.0,917.32,706.23
2016,5,22,13,0,880.0,142.0,3.9,15.0,965.0,995.08,761.38
2016,5,22,13,15,682.0,252.0,4.0,15.0,883.0,928.42,715.51
2016,5,22,13,30,484.0,362.0,4.1,15.0,801.0,850.44,655.33
2016,5,22,13,45,460.0,355.5,4.2,15.0,764.0,822.12,636.32
2016,5,22,14,0,436.0,349.0,4.3,15.0,727.0,792.3,615.88
2016,5,22,14,15,340.0,368.0,4.35,15.0,656.5,712.7,556.51
2016,5,22,14,30,244.0,387.0,4.4,15.0,586.0,641.57,502.3
2016,5,22,14,45,235.0,369.5,4.45,15.0,554.5,604.64,476.25
2016,5,22,15,0,226.0,352.0,4.5,15.0,523.0,575.59,455.51
2016,5,22,15,15,301.5,314.0,4.55,14.5,528.5,606.67,483.67
2016,5,22,15,30,377.0,276.0,4.6,14.0,534.0,623.84,501.22
2016,5,22,15,45,359.5,259.0,4.65,14.0,491.5,582.21,470.33
2016,5,22,16,0,342.0,242.0,4.7,14.0,449.0,540.48,439.2
2016,5,22,16,15,527.0,175.0,4.7,13.5,463.0,605.99,496.86
2016,5,22,16,30,712.0,108.0,4.7,13.0,477.0,651.65,537.91
2016,5,22,16,45,628.0,110.5,4.75,13.0,411.0,570.96,473.99
2016,5,22,17,0,544.0,113.0,4.8,13.0,345.0,495.04,412.93
2016,5,22,17,15,496.5,107.5,4.8,13.0,298.5,434.56,363.54
2016,5,22,17,30,449.0,102.0,4.8,13.0,252.0,381.29,318.77
2016,5,22,17,45,412.5,88.5,4.8,13.0,208.0,327.85,273.02
2016,5,22,18,0,376.0,75.0,4.8,13.0,164.0,277.13,228.37
2016,5,22,18,15,348.0,59.5,4.65,12.5,126.5,230.56,186.38
2016,5,22,18,30,320.0,44.0,4.5,12.0,89.0,187.47,146.14
2016,5,22,18,45,211.5,30.5,4.35,11.5,55.0,120.54,84.46
2016,5,22,19,0,103.0,17.0,4.2,11.0,21.0,56.22,0.0
2016,5,22,19,15,51.5,8.5,4.1,11.0,10.5,20.66,0.0
2016,5,22,19,30,0.0,0.0,4.0,11.0,0.0,0.0,0.0
2016,5,22,19,45,0.0,0.0,3.9,11.0,0.0,0.0,0.0
2016,5,22,20,0,0.0,0.0,3.8,11.0,0.0,0.0,0.0
2016,5,22,20,15,0.0,0.0,3.75,11.0,0.0,0.0,0.0
2016,5,22,20,30,0.0,0.0,3.7,11.0,0.0,0.0,0.0
2016,5,22,20,45,0.0,0.0,3.65,11.0,0.0,0.0,0.0
2016,5,22,21,0,0.0,0.0,3.6,11.0,0.0,0.0,0.0
2016,5,22,21,15,0.0,0.0,3.55,10.5,0.0,0.0,0.0
2016,5,22,21,30,0.0,0.0,3.5,10.0,0.0,0.0,0.0
2016,5,22,21,45,0.0,0.0,3.5,10.0,0.0,0.0,0.0
2016,5,22,22,0,0.0,0.0,3.5,10.0,0.0,0.0,0.0
2016,5,22,22,15,0.0,0.0,3.45,10.0,0.0,0.0,0.0
2016,5,22,22,30,0.0,0.0,3.4,10.0,0.0,0.0,0.0
2016,5,22,22,45,0.0,0.0,3.4,10.0,0.0,0.0,0.0
2016,5,22,23,0,0.0,0.0,3.4,10.0,0.0,0.0,0.0
2016,5,22,23,15,0.0,0.0,3.4,10.0,0.0,0.0,0.0
2016,5,22,23,30,0.0,0.0,3.4,10.0,0.0,0.0,0.0
2016,5,22,23,45,0.0,0.0,3.45,10.0,0.0,0.0,0.0
2016,5,23,0,0,0.0,0.0,3.5,10.0,0.0,0.0,0.0
2016,5,23,0,15,0.0,0.0,3.45,10.0,0.0,0.0,0.0
2016,5,23,0,30,0.0,0.0,3.4,10.0,0.0,0.0,0.0
2016,5,23,0,45,0.0,0.0,3.4,10.0,0.0,0.0,0.0
2016,5,23,1,0,0.0,0.0,3.4,10.0,0.0,0.0,0.0
2016,5,23,1,15,0.0,0.0,3.35,10.0,0.0,0.0,0.0
2016,5,23,1,30,0.0,0.0,3.3,10.0,0.0,0.0,0.0
2016,5,23,1,45,0.0,0.0,3.3,10.0,0.0,0.0,0.0
2016,5,23,2,0,0.0,0.0,3.3,10.0,0.0,0.0,0.0
2016,5,23,2,15,0.0,0.0,3.25,10.0,0.0,0.0,0.0
2016,5,23,2,30,0.0,0.0,3.2,10.0,0.0,0.0,0.0
2016,5,23,2,45,0.0,0.0,3.2,10.0,0.0,0.0,0.0
2016,5,23,3,0,0.0,0.0,3.2,10.0,0.0,0.0,0.0
2016,5,23,3,15,0.0,0.0,3.15,10.0,0.0,0.0,0.0
2016,5,23,3,30,0.0,0.0,3.1,10.0,0.0,0.0,0.0
2016,5,23,3,45,0.0,0.0,3.1,10.0,0.0,0.0,0.0
2016,5,23,4,0,0.0,0.0,3.1,10.0,0.0,0.0,0.0
2016,5,23,4,15,0.0,0.0,3.1,10.0,0.0,0.0,0.0
2016,5,23,4,30,0.0,0.0,3.1,10.0,0.0,0.0,0.0
2016,5,23,4,45,0.0,0.0,3.1,10.5,0.0,0.0,0.0
2016,5,23,5,0,0.0,0.0,3.1,11.0,0.0,0.0,0.0
2016,5,23,5,15,0.0,15.0,3.2,11.0,15.0,14.48,0.0
2016,5,23,5,30,0.0,30.0,3.3,11.0,30.0,28.52,18.36
2016,5,23,5,45,15.5,49.5,3.45,11.5,52.5,44.74,33.84
2016,5,23,6,0,31.0,69.0,3.6,12.0,75.0,61.11,48.96
2016,5,23,6,15,43.0,90.5,3.6,12.0,101.5,78.57,64.94
2016,5,23,6,30,55.0,112.0,3.6,12.0,128.0,100.22,78.7
2016,5,23,6,45,65.5,133.0,3.6,12.5,155.5,123.09,96.61
2016,5,23,7,0,76.0,154.0,3.6,13.0,183.0,147.2,115.71
2016,5,23,7,15,372.5,130.5,3.6,13.0,306.0,177.25,128.56
2016,5,23,7,30,669.0,107.0,3.6,13.0,429.0,247.45,178.19
2016,5,23,7,45,693.0,113.0,3.65,13.5,477.5,293.76,219.15
2016,5,23,8,0,717.0,119.0,3.7,14.0,526.0,342.27,261.73
2016,5,23,8,15,570.5,182.5,3.7,14.0,524.0,378.07,295.68
2016,5,23,8,30,424.0,246.0,3.7,14.0,522.0,398.35,314.72
2016,5,23,8,45,606.5,189.5,3.7,14.5,613.5,457.89,362.71
2016,5,23,9,0,789.0,133.0,3.7,15.0,705.0,535.47,424.81
2016,5,23,9,15,801.0,136.0,3.7,15.0,743.5,581.06,461.39
2016,5,23,9,30,813.0,139.0,3.7,15.0,782.0,626.52,497.21
2016,5,23,9,45,831.5,135.5,3.75,15.0,817.0,669.94,531.14
2016,5,23,10,0,850.0,132.0,3.8,15.0,852.0,714.78,565.5
2016,5,23,10,15,857.0,133.5,3.75,15.0,878.5,753.51,593.0
2016,5,23,10,30,864.0,135.0,3.7,15.0,905.0,790.87,618.97
2016,5,23,10,45,666.0,257.0,3.7,15.5,859.0,775.44,603.52
2016,5,23,11,0,468.0,379.0,3.7,16.0,813.0,749.04,577.35
2016,5,23,11,15,675.5,257.0,3.65,16.0,892.5,827.26,639.95
2016,5,23,11,30,883.0,135.0,3.6,16.0,972.0,909.8,697.99
2016,5,23,11,45,886.5,133.5,3.55,16.0,978.0,931.71,712.03
2016,5,23,12,0,890.0,132.0,3.5,16.0,984.0,951.2,724.87
2016,5,23,12,15,889.5,132.0,3.45,16.0,982.0,965.89,734.45
2016,5,23,12,30,889.0,132.0,3.4,16.0,980.0,977.88,742.29
2016,5,23,12,45,649.5,265.5,3.4,16.0,882.0,898.96,687.48
2016,5,23,13,0,410.0,399.0,3.4,16.0,784.0,808.16,616.44
2016,5,23,13,15,424.5,377.5,3.4,16.0,770.0,805.64,616.57
2016,5,23,13,30,439.0,356.0,3.4,16.0,756.0,801.21,614.78
2016,5,23,13,45,633.0,253.5,3.45,16.0,813.0,886.12,682.12
2016,5,23,14,0,827.0,151.0,3.5,16.0,870.0,959.54,734.27
2016,5,23,14,15,819.0,149.0,3.55,16.0,839.5,943.29,723.71
2016,5,23,14,30,811.0,147.0,3.6,16.0,809.0,924.53,712.2
2016,5,23,14,45,579.0,236.5,3.7,16.0,698.5,798.48,622.9
2016,5,23,15,0,347.0,326.0,3.8,16.0,588.0,665.25,520.94
2016,5,23,15,15,263.5,321.0,3.9,15.5,513.5,581.26,459.18
2016,5,23,15,30,180.0,316.0,4.0,15.0,439.0,491.43,391.05
2016,5,23,15,45,179.0,294.5,4.1,15.0,410.0,464.26,371.73
2016,5,23,16,0,178.0,273.0,4.2,15.0,381.0,436.5,351.5
2016,5,23,16,15,89.0,200.5,4.3,15.0,254.5,275.52,223.24
2016,5,23,16,30,0.0,128.0,4.4,15.0,128.0,125.7,99.3
2016,5,23,16,45,13.5,143.0,4.5,15.0,149.0,151.35,121.45
2016,5,23,17,0,27.0,158.0,4.6,15.0,170.0,183.64,148.79
2016,5,23,17,15,21.5,138.5,4.6,14.5,147.0,153.29,124.07
2016,5,23,17,30,16.0,119.0,4.6,14.0,124.0,129.75,104.71
2016,5,23,17,45,242.0,92.5,4.7,13.5,151.0,236.33,196.42
2016,5,23,18,0,468.0,66.0,4.8,13.0,178.0,313.27,258.62
2016,5,23,18,15,388.5,56.0,4.75,12.5,133.5,246.06,199.16
2016,5,23,18,30,309.0,46.0,4.7,12.0,89.0,185.09,144.62
2016,5,23,18,45,199.5,31.5,4.7,12.0,55.5,118.08,83.41
2016,5,23,19,0,90.0,17.0,4.7,12.0,22.0,52.91,0.0
2016,5,23,19,15,45.0,8.5,4.65,12.0,11.0,19.18,0.0
2016,5,23,19,30,0.0,0.0,4.6,12.0,0.0,0.0,0.0
2016,5,23,19,45,0.0,0.0,4.6,12.0,0.0,0.0,0.0
2016,5,23,20,0,0.0,0.0,4.6,12.0,0.0,0.0,0.0
2016,5,23,20,15,0.0,0.0,4.5,12.0,0.0,0.0,0.0
2016,5,23,20,30,0.0,0.0,4.4,12.0,0.0,0.0,0.0
2016,5,23,20,45,0.0,0.0,4.35,12.0,0.0,0.0,0.0
2016,5,23,21,0,0.0,0.0,4.3,12.0,0.0,0.0,0.0
2016,5,23,21,15,0.0,0.0,4.2,11.5,0.0,0.0,0.0
2016,5,23,21,30,0.0,0.0,4.1,11.0,0.0,0.0,0.0
2016,5,23,21,45,0.0,0.0,4.0,11.0,0.0,0.0,0.0
2016,5,23,22,0,0.0,0.0,3.9,11.0,0.0,0.0,0.0
2016,5,23,22,15,0.0,0.0,3.85,11.0,0.0,0.0,0.0
2016,5,23,22,30,0.0,0.0,3.8,11.0,0.0,0.0,0.0
2016,5,23,22,45,0.0,0.0,3.75,11.0,0.0,0.0,0.0
2016,5,23,23,0,0.0,0.0,3.7,11.0,0.0,0.0,0.0
2016,5,23,23,15,0.0,0.0,3.7,11.0,0.0,0.0,0.0
2016,5,23,23,30,0.0,0.0,3.7,11.0,0.0,0.0,0.0
2016,5,23,23,45,0.0,0.0,3.7,11.0,0.0,0.0,0.0
2016,5,24,0,0,0.0,0.0,3.7,11.0,0.0,0.0,0.0
2016,5,24,0,15,0.0,0.0,3.65,11.0,0.0,0.0,0.0
2016,5,24,0,30,0.0,0.0,3.6,11.0,0.0,0.0,0.0
2016,5,24,0,45,0.0,0.0,3.55,11.0,0.0,0.0,0.0
2016,5,24,1,0,0.0,0.0,3.5,11.0,0.0,0.0,0.0
2016,5,24,1,15,0.0,0.0,3.45,11.0,0.0,0.0,0.0
2016,5,24,1,30,0.0,0.0,3.4,11.0,0.0,0.0,0.0
2016,5,24,1,45,0.0,0.0,3.4,11.0,0.0,0.0,0.0
2016,5,24,2,0,0.0,0.0,3.4,11.0,0.0,0.0,0.0
2016,5,24,2,15,0.0,0.0,3.4,11.0,0.0,0.0,0.0
2016,5,24,2,30,0.0,0.0,3.4,11.0,0.0,0.0,0.0
2016,5,24,2,45,0.0,0.0,3.4,11.0,0.0,0.0,0.0
2016,5,24,3,0,0.0,0.0,3.4,11.0,0.0,0.0,0.0
2016,5,24,3,15,0.0,0.0,3.35,11.0,0.0,0.0,0.0
2016,5,24,3,30,0.0,0.0,3.3,11.0,0.0,0.0,0.0
2016,5,24,3,45,0.0,0.0,3.3,11.0,0.0,0.0,0.0
2016,5,24,4,0,0.0,0.0,3.3,11.0,0.0,0.0,0.0
2016,5,24,4,15,0.0,0.0,3.35,11.0,0.0,0.0,0.0
2016,5,24,4,30,0.0,0.0,3.4,11.0,0.0,0.0,0.0
2016,5,24,4,45,0.0,0.0,3.5,11.5,0.0,0.0,0.0
2016,5,24,5,0,0.0,0.0,3.6,12.0,0.0,0.0,0.0
2016,5,24,5,15,116.5,17.5,3.7,12.0,29.0,13.53,0.0
2016,5,24,5,30,233.0,35.0,3.8,12.0,58.0,26.96,17.05
2016,5,24,5,45,331.0,46.0,3.9,12.0,99.5,34.9,25.15
2016,5,24,6,0,429.0,57.0,4.0,12.0,141.0,41.65,31.66
2016,5,24,6,15,214.5,60.5,4.0,12.0,102.5,42.71,32.87
2016,5,24,6,30,0.0,64.0,4.0,12.0,64.0,61.61,47.41
2016,5,24,6,45,0.0,77.5,4.0,12.5,77.5,74.28,58.07
2016,5,24,7,0,0.0,91.0,4.0,13.0,91.0,86.99,68.58
2016,5,24,7,15,0.0,111.0,4.0,13.0,111.0,105.59,84.0
2016,5,24,7,30,0.0,131.0,4.0,13.0,131.0,124.24,99.28
2016,5,24,7,45,19.5,178.0,4.0,13.0,189.0,172.67,138.45
2016,5,24,8,0,39.0,225.0,4.0,13.0,247.0,217.82,174.57
2016,5,24,8,15,52.5,253.0,4.0,13.0,285.5,250.78,200.72
2016,5,24,8,30,66.0,281.0,4.0,13.0,324.0,285.25,227.95
2016,5,24,8,45,110.5,311.0,4.0,13.5,389.0,337.9,269.0
2016,5,24,9,0,155.0,341.0,4.0,14.0,454.0,390.58,309.72
2016,5,24,9,15,122.0,354.5,4.0,14.0,447.0,393.0,310.96
2016,5,24,9,30,89.0,368.0,4.0,14.0,440.0,396.14,312.58
2016,5,24,9,45,132.5,391.5,4.0,14.5,502.5,448.21,352.48
2016,5,24,10,0,176.0,415.0,4.0,15.0,565.0,507.51,397.14
2016,5,24,10,15,168.5,429.5,4.0,15.0,576.5,524.6,409.29
2016,5,24,10,30,161.0,444.0,4.0,15.0,588.0,540.99,420.99
2016,5,24,10,45,123.0,445.0,4.0,15.0,557.0,519.88,403.94
2016,5,24,11,0,85.0,446.0,4.0,15.0,526.0,496.93,385.49
2016,5,24,11,15,115.0,462.5,4.0,15.0,571.0,542.83,420.56
2016,5,24,11,30,145.0,479.0,4.0,15.0,616.0,591.12,456.77
2016,5,24,11,45,219.0,471.5,4.05,15.5,680.5,657.39,506.69
2016,5,24,12,0,293.0,464.0,4.1,16.0,745.0,727.69,558.57
2016,5,24,12,15,234.5,474.0,4.1,16.0,698.5,688.75,528.4
2016,5,24,12,30,176.0,484.0,4.1,16.0,652.0,649.44,498.27
2016,5,24,12,45,118.5,458.5,4.15,16.0,571.5,573.83,441.83
2016,5,24,13,0,61.0,433.0,4.2,16.0,491.0,490.84,379.05
2016,5,24,13,15,92.0,441.5,4.25,16.0,526.5,531.9,411.53
2016,5,24,13,30,123.0,450.0,4.3,16.0,562.0,579.73,448.25
2016,5,24,13,45,82.0,409.0,4.35,16.0,482.5,492.68,382.73
2016,5,24,14,0,41.0,368.0,4.4,16.0,403.0,412.07,321.21
2016,5,24,14,15,35.0,344.0,4.45,15.5,373.5,382.57,299.83
2016,5,24,14,30,29.0,320.0,4.5,15.0,344.0,352.85,277.85
2016,5,24,14,45,50.0,329.5,4.55,15.0,368.5,383.38,302.99
2016,5,24,15,0,71.0,339.0,4.6,15.0,393.0,413.47,327.58
2016,5,24,15,15,155.0,324.5,4.65,15.0,433.0,481.02,383.45
2016,5,24,15,30,239.0,310.0,4.7,15.0,473.0,535.24,428.49
2016,5,24,15,45,129.5,264.0,4.8,15.0,351.5,389.62,313.53
2016,5,24,16,0,20.0,218.0,4.9,15.0,230.0,233.68,186.98
2016,5,24,16,15,27.0,209.0,4.9,14.5,224.0,237.71,191.66
2016,5,24,16,30,34.0,200.0,4.9,14.0,218.0,233.84,189.68
2016,5,24,16,45,27.5,178.0,4.95,14.0,191.5,205.46,166.83
2016,5,24,17,0,21.0,156.0,5.0,14.0,165.0,171.04,138.76
2016,5,24,17,15,16.0,136.5,5.0,13.5,143.0,147.66,119.78
2016,5,24,17,30,11.0,117.0,5.0,13.0,121.0,124.6,100.72
2016,5,24,17,45,248.5,91.5,5.0,13.0,152.0,238.79,199.09
2016,5,24,18,0,486.0,66.0,5.0,13.0,183.0,322.63,266.62
2016,5,24,18,15,406.0,56.0,4.9,12.5,138.0,254.28,206.11
2016,5,24,18,30,326.0,46.0,4.8,12.0,93.0,192.0,150.37
2016,5,24,18,45,211.5,32.5,4.75,12.0,58.5,123.62,88.21
2016,5,24,19,0,97.0,19.0,4.7,12.0,24.0,58.1,0.0
2016,5,24,19,15,48.5,9.5,4.6,12.0,12.0,21.09,0.0
2016,5,24,19,30,0.0,0.0,4.5,12.0,0.0,0.0,0.0
2016,5,24,19,45,0.0,0.0,4.45,12.0,0.0,0.0,0.0
2016,5,24,20,0,0.0,0.0,4.4,12.0,0.0,0.0,0.0
2016,5,24,20,15,0.0,0.0,4.3,12.0,0.0,0.0,0.0
2016,5,24,20,30,0.0,0.0,4.2,12.0,0.0,0.0,0.0
2016,5,24,20,45,0.0,0.0,4.15,12.0,0.0,0.0,0.0
2016,5,24,21,0,0.0,0.0,4.1,12.0,0.0,0.0,0.0
2016,5,24,21,15,0.0,0.0,4.05,12.0,0.0,0.0,0.0
2016,5,24,21,30,0.0,0.0,4.0,12.0,0.0,0.0,0.0
2016,5,24,21,45,0.0,0.0,4.0,12.0,0.0,0.0,0.0
2016,5,24,22,0,0.0,0.0,4.0,12.0,0.0,0.0,0.0
2016,5,24,22,15,0.0,0.0,3.95,12.0,0.0,0.0,0.0
2016,5,24,22,30,0.0,0.0,3.9,12.0,0.0,0.0,0.0
2016,5,24,22,45,0.0,0.0,3.85,12.0,0.0,0.0,0.0
2016,5,24,23,0,0.0,0.0,3.8,12.0,0.0,0.0,0.0
2016,5,24,23,15,0.0,0.0,3.8,12.0,0.0,0.0,0.0
2016,5,24,23,30,0.0,0.0,3.8,12.0,0.0,0.0,0.0
2016,5,24,23,45,0.0,0.0,3.8,12.0,0.0,0.0,0.0
2016,5,25,0,0,0.0,0.0,3.8,12.0,0.0,0.0,0.0
2016,5,25,0,15,0.0,0.0,3.75,12.0,0.0,0.0,0.0
2016,5,25,0,30,0.0,0.0,3.7,12.0,0.0,0.0,0.0
2016,5,25,0,45,0.0,0.0,3.7,12.0,0.0,0.0,0.0
2016,5,25,1,0,0.0,0.0,3.7,12.0,0.0,0.0,0.0
2016,5,25,1,15,0.0,0.0,3.65,12.0,0.0,0.0,0.0
2016,5,25,1,30,0.0,0.0,3.6,12.0,0.0,0.0,0.0
2016,5,25,1,45,0.0,0.0,3.55,12.0,0.0,0.0,0.0
2016,5,25,2,0,0.0,0.0,3.5,12.0,0.0,0.0,0.0
2016,5,25,2,15,0.0,0.0,3.45,11.5,0.0,0.0,0.0
2016,5,25,2,30,0.0,0.0,3.4,11.0,0.0,0.0,0.0
2016,5,25,2,45,0.0,0.0,3.35,11.0,0.0,0.0,0.0
2016,5,25,3,0,0.0,0.0,3.3,11.0,0.0,0.0,0.0
2016,5,25,3,15,0.0,0.0,3.15,11.0,0.0,0.0,0.0
2016,5,25,3,30,0.0,0.0,3.0,11.0,0.0,0.0,0.0
2016,5,25,3,45,0.0,0.0,2.9,11.0,0.0,0.0,0.0
2016,5,25,4,0,0.0,0.0,2.8,11.0,0.0,0.0,0.0
2016,5,25,4,15,0.0,0.0,2.85,11.0,0.0,0.0,0.0
2016,5,25,4,30,0.0,0.0,2.9,11.0,0.0,0.0,0.0
2016,5,25,4,45,0.0,0.0,2.95,11.5,0.0,0.0,0.0
2016,5,25,5,0,0.0,0.0,3.0,12.0,0.0,0.0,0.0
2016,5,25,5,15,118.0,17.5,3.1,12.0,29.5,13.51,0.0
2016,5,25,5,30,236.0,35.0,3.2,12.0,59.0,26.92,17.1
2016,5,25,5,45,327.5,46.5,3.3,12.0,100.0,34.91,25.19
2016,5,25,6,0,419.0,58.0,3.4,12.0,141.0,42.47,32.41
2016,5,25,6,15,483.0,66.0,3.4,12.0,188.5,46.05,35.88
2016,5,25,6,30,547.0,74.0,3.4,12.0,236.0,79.9,46.82
2016,5,25,6,45,273.5,65.0,3.4,12.5,146.0,75.95,47.94
2016,5,25,7,0,0.0,56.0,3.4,13.0,56.0,54.11,40.67
2016,5,25,7,15,0.0,66.5,3.45,13.0,66.5,64.28,49.18
2016,5,25,7,30,0.0,77.0,3.5,13.0,77.0,74.46,57.59
2016,5,25,7,45,0.0,106.5,3.55,13.5,106.5,102.39,80.6
2016,5,25,8,0,0.0,136.0,3.6,14.0,136.0,129.95,102.91
2016,5,25,8,15,0.5,151.0,3.7,14.0,151.5,144.38,114.38
2016,5,25,8,30,1.0,166.0,3.8,14.0,167.0,158.89,125.87
2016,5,25,8,45,3.0,177.0,3.9,14.0,179.5,170.51,134.97
2016,5,25,9,0,5.0,188.0,4.0,14.0,192.0,182.34,144.22
2016,5,25,9,15,6.0,194.5,4.05,14.0,199.5,189.59,149.77
2016,5,25,9,30,7.0,201.0,4.1,14.0,207.0,196.91,155.39
2016,5,25,9,45,8.5,217.5,4.2,14.5,225.0,214.05,168.57
2016,5,25,10,0,10.0,234.0,4.3,15.0,243.0,231.37,181.78
2016,5,25,10,15,16.0,281.0,4.3,15.0,295.5,280.95,220.63
2016,5,25,10,30,22.0,328.0,4.3,15.0,348.0,331.11,259.4
2016,5,25,10,45,20.5,325.0,4.35,15.0,344.0,328.56,257.1
2016,5,25,11,0,19.0,322.0,4.4,15.0,340.0,325.8,254.8
2016,5,25,11,15,24.5,350.5,4.4,15.0,374.0,358.87,280.31
2016,5,25,11,30,30.0,379.0,4.4,15.0,408.0,393.3,306.59
2016,5,25,11,45,46.0,412.0,4.4,15.5,456.5,442.18,343.41
2016,5,25,12,0,62.0,445.0,4.4,16.0,505.0,492.11,380.46
2016,5,25,12,15,179.5,453.0,4.45,16.0,625.0,616.67,476.97
2016,5,25,12,30,297.0,461.0,4.5,16.0,745.0,745.3,573.65
2016,5,25,12,45,311.5,451.0,4.6,16.0,746.5,756.04,581.98
2016,5,25,13,0,326.0,441.0,4.7,16.0,748.0,765.72,590.28
2016,5,25,13,15,388.0,405.0,4.85,16.0,764.0,793.65,613.94
2016,5,25,13,30,450.0,369.0,5.0,16.0,780.0,825.68,640.36
2016,5,25,13,45,340.0,396.0,5.15,16.0,702.0,742.83,578.05
2016,5,25,14,0,230.0,423.0,5.3,16.0,624.0,658.68,513.92
2016,5,25,14,15,341.5,369.0,5.4,16.0,655.5,715.96,561.88
2016,5,25,14,30,453.0,315.0,5.5,16.0,687.0,769.09,605.88
2016,5,25,14,45,246.5,313.5,5.65,16.0,515.0,564.28,448.17
2016,5,25,15,0,40.0,312.0,5.8,16.0,343.0,356.46,281.89
2016,5,25,15,15,40.0,295.5,5.9,15.5,325.0,339.6,270.32
2016,5,25,15,30,40.0,279.0,6.0,15.0,307.0,322.55,258.08
2016,5,25,15,45,44.5,264.0,6.1,15.0,293.0,310.7,249.58
2016,5,25,16,0,49.0,249.0,6.2,15.0,279.0,298.46,240.71
2016,5,25,16,15,47.5,229.0,6.25,14.5,256.0,275.63,223.43
2016,5,25,16,30,46.0,209.0,6.3,14.0,233.0,252.7,205.85
2016,5,25,16,45,376.0,146.5,6.35,14.0,311.5,435.68,363.96
2016,5,25,17,0,706.0,84.0,6.4,14.0,390.0,569.88,477.38
2016,5,25,17,15,668.5,79.0,6.35,13.5,339.0,512.91,430.79
2016,5,25,17,30,631.0,74.0,6.3,13.0,288.0,457.9,385.04
2016,5,25,17,45,570.0,69.0,6.3,13.0,237.5,392.78,328.9
2016,5,25,18,0,509.0,64.0,6.3,13.0,187.0,332.22,275.28
2016,5,25,18,15,429.0,55.0,6.2,12.5,142.0,263.84,214.65
2016,5,25,18,30,349.0,46.0,6.1,12.0,97.0,202.47,159.24
2016,5,25,18,45,222.0,33.0,6.1,12.0,61.0,128.0,92.19
2016,5,25,19,0,95.0,20.0,6.1,12.0,25.0,59.31,3.75
2016,5,25,19,15,47.5,10.0,6.05,12.0,12.5,21.42,0.0
2016,5,25,19,30,0.0,0.0,6.0,12.0,0.0,0.0,0.0
2016,5,25,19,45,0.0,0.0,6.0,12.0,0.0,0.0,0.0
2016,5,25,20,0,0.0,0.0,6.0,12.0,0.0,0.0,0.0
2016,5,25,20,15,0.0,0.0,5.95,12.0,0.0,0.0,0.0
2016,5,25,20,30,0.0,0.0,5.9,12.0,0.0,0.0,0.0
2016,5,25,20,45,0.0,0.0,5.85,12.0,0.0,0.0,0.0
2016,5,25,21,0,0.0,0.0,5.8,12.0,0.0,0.0,0.0
2016,5,25,21,15,0.0,0.0,5.7,12.0,0.0,0.0,0.0
2016,5,25,21,30,0.0,0.0,5.6,12.0,0.0,0.0,0.0
2016,5,25,21,45,0.0,0.0,5.55,12.0,0.0,0.0,0.0
2016,5,25,22,0,0.0,0.0,5.5,12.0,0.0,0.0,0.0
2016,5,25,22,15,0.0,0.0,5.45,11.5,0.0,0.0,0.0
2016,5,25,22,30,0.0,0.0,5.4,11.0,0.0,0.0,0.0
2016,5,25,22,45,0.0,0.0,5.35,11.0,0.0,0.0,0.0
2016,5,25,23,0,0.0,0.0,5.3,11.0,0.0,0.0,0.0
2016,5,25,23,15,0.0,0.0,5.25,11.0,0.0,0.0,0.0
2016,5,25,23,30,0.0,0.0,5.2,11.0,0.0,0.0,0.0
2016,5,25,23,45,0.0,0.0,5.2,11.0,0.0,0.0,0.0
2016,5,26,0,0,0.0,0.0,5.2,11.0,0.0,0.0,0.0
2016,5,26,0,15,0.0,0.0,5.1,11.0,0.0,0.0,0.0
2016,5,26,0,30,0.0,0.0,5.0,11.0,0.0,0.0,0.0
2016,5,26,0,45,0.0,0.0,4.95,11.0,0.0,0.0,0.0
2016,5,26,1,0,0.0,0.0,4.9,11.0,0.0,0.0,0.0
2016,5,26,1,15,0.0,0.0,4.85,11.0,0.0,0.0,0.0
2016,5,26,1,30,0.0,0.0,4.8,11.0,0.0,0.0,0.0
2016,5,26,1,45,0.0,0.0,4.75,11.0,0.0,0.0,0.0
2016,5,26,2,0,0.0,0.0,4.7,11.0,0.0,0.0,0.0
2016,5,26,2,15,0.0,0.0,4.65,11.0,0.0,0.0,0.0
2016,5,26,2,30,0.0,0.0,4.6,11.0,0.0,0.0,0.0
2016,5,26,2,45,0.0,0.0,4.6,11.0,0.0,0.0,0.0
2016,5,26,3,0,0.0,0.0,4.6,11.0,0.0,0.0,0.0
2016,5,26,3,15,0.0,0.0,4.5,11.0,0.0,0.0,0.0
2016,5,26,3,30,0.0,0.0,4.4,11.0,0.0,0.0,0.0
2016,5,26,3,45,0.0,0.0,4.35,11.0,0.0,0.0,0.0
2016,5,26,4,0,0.0,0.0,4.3,11.0,0.0,0.0,0.0
2016,5,26,4,15,0.0,0.0,4.2,11.0,0.0,0.0,0.0
2016,5,26,4,30,0.0,0.0,4.1,11.0,0.0,0.0,0.0
2016,5,26,4,45,0.0,0.0,4.1,11.5,0.0,0.0,0.0
2016,5,26,5,0,0.0,0.0,4.1,12.0,0.0,0.0,0.0
2016,5,26,5,15,88.5,19.5,4.1,12.0,29.0,15.12,0.16
2016,5,26,5,30,177.0,39.0,4.1,12.0,58.0,30.18,19.91
2016,5,26,5,45,268.0,52.5,4.1,12.0,98.0,39.69,29.41
2016,5,26,6,0,359.0,66.0,4.1,12.0,138.0,48.73,37.99
2016,5,26,6,15,425.5,76.5,4.05,12.0,185.0,55.72,44.55
2016,5,26,6,30,492.0,87.0,4.0,12.0,232.0,89.55,56.4
2016,5,26,6,45,353.5,120.0,4.0,12.5,234.5,128.28,88.87
2016,5,26,7,0,215.0,153.0,4.0,13.0,237.0,158.49,119.06
2016,5,26,7,15,433.5,134.5,3.95,13.0,334.5,194.16,140.29
2016,5,26,7,30,652.0,116.0,3.9,13.0,432.0,253.74,184.25
2016,5,26,7,45,353.0,175.0,3.85,13.5,348.5,250.69,193.22
2016,5,26,8,0,54.0,234.0,3.8,14.0,265.0,230.68,183.82
2016,5,26,8,15,188.5,253.5,3.75,14.0,375.0,300.28,238.17
2016,5,26,8,30,323.0,273.0,3.7,14.0,485.0,382.59,302.95
2016,5,26,8,45,553.0,207.0,3.65,14.5,598.0,450.16,356.67
2016,5,26,9,0,783.0,141.0,3.6,15.0,711.0,541.85,429.49
2016,5,26,9,15,795.5,143.5,3.5,15.0,749.5,586.95,465.22
2016,5,26,9,30,808.0,146.0,3.4,15.0,788.0,631.98,500.24
2016,5,26,9,45,814.0,150.5,3.35,15.5,820.0,674.3,531.51
2016,5,26,10,0,820.0,155.0,3.3,16.0,852.0,715.65,561.26
2016,5,26,10,15,827.0,157.0,3.2,16.0,879.0,754.29,588.87
2016,5,26,10,30,834.0,159.0,3.1,16.0,906.0,791.68,614.22
2016,5,26,10,45,840.5,159.5,3.05,16.5,926.0,825.85,636.1
2016,5,26,11,0,847.0,160.0,3.0,17.0,946.0,858.4,656.59
2016,5,26,11,15,850.0,160.5,3.0,17.0,959.0,886.18,675.18
2016,5,26,11,30,853.0,161.0,3.0,17.0,972.0,911.87,692.31
2016,5,26,11,45,856.5,160.0,3.0,17.5,978.0,931.36,703.89
2016,5,26,12,0,860.0,159.0,3.0,18.0,984.0,951.01,715.61
2016,5,26,12,15,859.5,159.0,3.1,18.0,982.5,965.47,725.99
2016,5,26,12,30,859.0,159.0,3.2,18.0,981.0,977.35,734.77
2016,5,26,12,45,867.5,151.5,3.3,18.0,974.5,987.92,742.79
2016,5,26,13,0,876.0,144.0,3.4,18.0,968.0,995.72,749.06
2016,5,26,13,15,658.0,258.5,3.6,18.0,871.0,913.7,694.59
2016,5,26,13,30,440.0,373.0,3.8,18.0,774.0,820.34,624.24
2016,5,26,13,45,448.0,358.5,4.05,18.0,757.5,814.98,623.27
2016,5,26,14,0,456.0,344.0,4.3,18.0,741.0,807.71,620.28
2016,5,26,14,15,648.5,241.0,4.55,17.5,784.5,883.72,684.6
2016,5,26,14,30,841.0,138.0,4.8,17.0,828.0,945.15,732.17
2016,5,26,14,45,671.5,201.5,5.05,17.0,737.5,848.55,665.5
2016,5,26,15,0,502.0,265.0,5.3,17.0,647.0,749.01,591.31
2016,5,26,15,15,646.5,197.0,5.45,17.0,660.5,797.24,633.63
2016,5,26,15,30,791.0,129.0,5.6,17.0,674.0,828.85,659.04
2016,5,26,15,45,773.5,125.5,5.75,17.0,628.5,789.75,632.14
2016,5,26,16,0,756.0,122.0,5.9,17.0,583.0,752.47,606.57
2016,5,26,16,15,733.5,118.0,5.95,16.5,535.0,707.08,575.17
2016,5,26,16,30,711.0,114.0,6.0,16.0,487.0,661.39,542.93
2016,5,26,16,45,680.0,109.0,6.05,15.5,436.5,608.61,503.04
2016,5,26,17,0,649.0,104.0,6.1,15.0,386.0,556.68,462.79
2016,5,26,17,15,608.5,97.5,6.05,14.5,335.5,498.36,416.03
2016,5,26,17,30,568.0,91.0,6.0,14.0,285.0,442.25,369.78
2016,5,26,17,45,507.5,83.5,6.0,14.0,235.0,376.96,314.05
2016,5,26,18,0,447.0,76.0,6.0,14.0,185.0,314.59,259.57
2016,5,26,18,15,366.0,64.5,5.85,13.5,140.0,246.49,199.82
2016,5,26,18,30,285.0,53.0,5.7,13.0,95.0,185.89,145.87
2016,5,26,18,45,175.5,37.0,5.6,12.5,60.0,117.85,85.3
2016,5,26,19,0,66.0,21.0,5.5,12.0,25.0,48.3,6.42
2016,5,26,19,15,33.0,10.5,5.35,12.0,12.5,18.43,0.0
2016,5,26,19,30,0.0,0.0,5.2,12.0,0.0,0.0,0.0
2016,5,26,19,45,0.0,0.0,5.1,12.0,0.0,0.0,0.0
2016,5,26,20,0,0.0,0.0,5.0,12.0,0.0,0.0,0.0
2016,5,26,20,15,0.0,0.0,4.9,11.5,0.0,0.0,0.0
2016,5,26,20,30,0.0,0.0,4.8,11.0,0.0,0.0,0.0
2016,5,26,20,45,0.0,0.0,4.75,11.0,0.0,0.0,0.0
2016,5,26,21,0,0.0,0.0,4.7,11.0,0.0,0.0,0.0
2016,5,26,21,15,0.0,0.0,4.55,11.0,0.0,0.0,0.0
2016,5,26,21,30,0.0,0.0,4.4,11.0,0.0,0.0,0.0
2016,5,26,21,45,0.0,0.0,4.3,11.0,0.0,0.0,0.0
2016,5,26,22,0,0.0,0.0,4.2,11.0,0.0,0.0,0.0
2016,5,26,22,15,0.0,0.0,4.05,11.0,0.0,0.0,0.0
2016,5,26,22,30,0.0,0.0,3.9,11.0,0.0,0.0,0.0
2016,5,26,22,45,0.0,0.0,3.8,11.0,0.0,0.0,0.0
2016,5,26,23,0,0.0,0.0,3.7,11.0,0.0,0.0,0.0
2016,5,26,23,15,0.0,0.0,3.65,11.0,0.0,0.0,0.0
2016,5,26,23,30,0.0,0.0,3.6,11.0,0.0,0.0,0.0
2016,5,26,23,45,0.0,0.0,3.55,11.0,0.0,0.0,0.0
2016,5,27,0,0,0.0,0.0,3.5,11.0,0.0,0.0,0.0
2016,5,27,0,15,0.0,0.0,3.5,10.5,0.0,0.0,0.0
2016,5,27,0,30,0.0,0.0,3.5,10.0,0.0,0.0,0.0
2016,5,27,0,45,0.0,0.0,3.5,10.0,0.0,0.0,0.0
2016,5,27,1,0,0.0,0.0,3.5,10.0,0.0,0.0,0.0
2016,5,27,1,15,0.0,0.0,3.5,10.0,0.0,0.0,0.0
2016,5,27,1,30,0.0,0.0,3.5,10.0,0.0,0.0,0.0
2016,5,27,1,45,0.0,0.0,3.5,10.0,0.0,0.0,0.0
2016,5,27,2,0,0.0,0.0,3.5,10.0,0.0,0.0,0.0
2016,5,27,2,15,0.0,0.0,3.45,10.0,0.0,0.0,0.0
2016,5,27,2,30,0.0,0.0,3.4,10.0,0.0,0.0,0.0
2016,5,27,2,45,0.0,0.0,3.35,10.0,0.0,0.0,0.0
2016,5,27,3,0,0.0,0.0,3.3,10.0,0.0,0.0,0.0
2016,5,27,3,15,0.0,0.0,3.15,10.0,0.0,0.0,0.0
2016,5,27,3,30,0.0,0.0,3.0,10.0,0.0,0.0,0.0
2016,5,27,3,45,0.0,0.0,2.95,10.0,0.0,0.0,0.0
2016,5,27,4,0,0.0,0.0,2.9,10.0,0.0,0.0,0.0
2016,5,27,4,15,0.0,0.0,2.85,10.0,0.0,0.0,0.0
2016,5,27,4,30,0.0,0.0,2.8,10.0,0.0,0.0,0.0
2016,5,27,4,45,0.0,0.0,2.75,10.5,0.0,0.0,0.0
2016,5,27,5,0,0.0,0.0,2.7,11.0,0.0,0.0,0.0
2016,5,27,5,15,82.0,20.5,2.6,11.0,29.0,17.31,1.8
2016,5,27,5,30,164.0,41.0,2.5,11.0,58.0,33.58,22.97
2016,5,27,5,45,259.0,55.0,2.4,11.5,99.5,41.69,31.27
2016,5,27,6,0,354.0,69.0,2.3,12.0,141.0,51.07,40.11
2016,5,27,6,15,420.5,79.5,2.15,12.5,188.0,58.68,47.12
2016,5,27,6,30,487.0,90.0,2.0,13.0,235.0,92.4,58.46
2016,5,27,6,45,540.5,97.0,1.85,13.5,286.0,128.23,80.41
2016,5,27,7,0,594.0,104.0,1.7,14.0,337.0,169.41,110.77
2016,5,27,7,15,629.5,110.0,1.55,14.0,388.0,211.71,145.66
2016,5,27,7,30,665.0,116.0,1.4,14.0,439.0,257.68,184.9
2016,5,27,7,45,698.5,118.5,1.3,14.5,489.5,303.5,224.14
2016,5,27,8,0,732.0,121.0,1.2,15.0,540.0,352.45,265.45
2016,5,27,8,15,752.5,125.0,1.1,15.5,587.0,400.53,305.34
2016,5,27,8,30,773.0,129.0,1.0,16.0,634.0,453.2,347.34
2016,5,27,8,45,794.0,129.5,0.9,16.5,678.5,500.81,384.19
2016,5,27,9,0,815.0,130.0,0.8,17.0,723.0,549.5,420.44
2016,5,27,9,15,826.5,132.0,0.75,17.5,761.5,594.93,453.36
2016,5,27,9,30,838.0,134.0,0.7,18.0,800.0,640.15,484.98
2016,5,27,9,45,858.5,129.0,0.7,18.5,836.0,686.41,517.03
2016,5,27,10,0,879.0,124.0,0.7,19.0,872.0,730.39,546.47
2016,5,27,10,15,885.5,125.5,0.75,19.0,899.0,769.7,572.32
2016,5,27,10,30,892.0,127.0,0.8,19.0,926.0,807.55,597.07
2016,5,27,10,45,898.0,126.5,0.9,19.5,946.5,841.51,618.76
2016,5,27,11,0,904.0,126.0,1.0,20.0,967.0,873.64,639.16
2016,5,27,11,15,906.5,127.0,1.25,20.0,979.5,902.17,660.67
2016,5,27,11,30,909.0,128.0,1.5,20.0,992.0,928.43,680.59
2016,5,27,11,45,911.0,127.5,1.75,20.5,998.0,950.43,696.31
2016,5,27,12,0,913.0,127.0,2.0,21.0,1004.0,969.92,710.28
2016,5,27,12,15,912.5,127.0,2.25,21.0,1002.0,984.93,722.63
2016,5,27,12,30,912.0,127.0,2.5,21.0,1000.0,997.19,733.19
2016,5,27,12,45,907.5,128.5,2.8,21.0,989.5,1004.27,740.8
2016,5,27,13,0,903.0,130.0,3.1,21.0,979.0,1008.46,746.45
2016,5,27,13,15,899.5,129.0,3.3,21.0,962.5,1008.21,748.32
2016,5,27,13,30,896.0,128.0,3.5,21.0,946.0,1005.02,748.3
2016,5,27,13,45,889.5,127.5,3.7,21.0,922.0,996.55,744.78
2016,5,27,14,0,883.0,127.0,3.9,21.0,898.0,985.27,739.39
2016,5,27,14,15,875.5,125.5,4.0,21.0,868.0,969.27,730.19
2016,5,27,14,30,868.0,124.0,4.1,21.0,838.0,950.64,719.25
2016,5,27,14,45,857.5,122.5,4.2,21.0,801.5,926.75,704.68
2016,5,27,15,0,847.0,121.0,4.3